timestamp,component_id,approximation_id,target_facet_budget_k,pocket_classification,vertex_index_ccw,vertex_identifier,primary_class,binding_family,binding_bus,search_kind,ray_angle_deg,p13_abs_kw,p30_abs_kw,r_in_kw,paired_boundary_bracket_kw,delta_r_kw,delta_r_over_r_in,delta_r_over_paired_boundary_bracket,diagnostic_note
2010-07-02 17:30:00,20100702T173000_C01,20100702T173000_C01_K3,3,VMAX / bus 30,9,RAY:80.000000:BASE,VMAX_BUS_30,VMAX,30,RAY,79.9999999999236,1109.73248612,3026.03182768,1815.52889872821,0.224250108653791,1.6140689837366,0.000889035137290994,7.19762854709909,BRACKET_NORMALIZATION_IS_DIAGNOSTIC_ONLY;NOT_AN_ACCEPTANCE_OR_SAFETY_CRITERION
2010-07-02 17:30:00,20100702T173000_C01,20100702T173000_C01_K3,3,VMAX / bus 30,10,RAY:90.000000:BASE,VMAX_BUS_30,VMAX,30,RAY,90,889.53125,3122.54516602,1898.63891602,0.452056879999873,5.58362779952703,0.00294085818657486,12.3516045138581,BRACKET_NORMALIZATION_IS_DIAGNOSTIC_ONLY;NOT_AN_ACCEPTANCE_OR_SAFETY_CRITERION
2010-07-02 17:30:00,20100702T173000_C01,20100702T173000_C01_K3,3,VMAX / bus 30,11,RAY:100.000000:BASE,VMAX_BUS_30,VMAX,30,RAY,100.000000000007,644.035158449,3233.04477076,2024.08150195799,0.448500227111914,13.6259828585201,0.00673193388968729,30.3812172989603,BRACKET_NORMALIZATION_IS_DIAGNOSTIC_ONLY;NOT_AN_ACCEPTANCE_OR_SAFETY_CRITERION
2010-07-02 17:30:00,20100702T173000_C01,20100702T173000_C01_K3,3,VMAX / bus 30,12,RAY:105.000000:ADAPTIVE,VMAX_BUS_30,VMAX,30,RAY,104.999999999993,504.570936267,3297.13668791,2108.66756313694,0.444117010005787,20.1510099586843,0.00955627634766043,45.3732000907188,BRACKET_NORMALIZATION_IS_DIAGNOSTIC_ONLY;NOT_AN_ACCEPTANCE_OR_SAFETY_CRITERION
2010-07-02 17:30:00,20100702T173000_C01,20100702T173000_C01_K3,3,VMAX / bus 30,13,RAY:110.000000:BASE,VMAX_BUS_30,VMAX,30,RAY,110.000000000047,348.141534269,3370.39295344,2213.70910291845,0.438097983038954,29.6835336628798,0.0134089585771439,67.7554675257212,BRACKET_NORMALIZATION_IS_DIAGNOSTIC_ONLY;NOT_AN_ACCEPTANCE_OR_SAFETY_CRITERION
2010-07-02 17:30:00,20100702T173000_C01,20100702T173000_C01_K3,3,VMAX / bus 30,14,RAY:115.000000:ADAPTIVE,VMAX_BUS_30,VMAX,30,RAY,114.999999999988,168.134658419,3456.37612524,2346.13187740987,0.430561910879318,43.7872619499785,0.0186635978870546,101.697945971472,BRACKET_NORMALIZATION_IS_DIAGNOSTIC_ONLY;NOT_AN_ACCEPTANCE_OR_SAFETY_CRITERION
2010-07-02 17:30:00,20100702T173000_C01,20100702T173000_C01_K3,3,VMAX / bus 30,15,AXIS:P30_POSITIVE:AXIS,VMAX_BUS_30,VMAX,30,AXIS,119.012882727906,0,3538.4375,2479.58076132904,0.3125,36.6068777155884,0.014763333498348,117.142008689883,BRACKET_NORMALIZATION_IS_DIAGNOSTIC_ONLY;NOT_AN_ACCEPTANCE_OR_SAFETY_CRITERION
2010-07-02 17:30:00,20100702T173000_C01,20100702T173000_C01_K3,3,VMAX / bus 30,16,RAY:120.000000:BASE,VMAX_BUS_30,VMAX,30,RAY,120.000000000014,-45.5586242676,3561.11794459,2517.33024815697,0.421663361703316,33.5852424923792,0.0133416116208702,79.649420705444,BRACKET_NORMALIZATION_IS_DIAGNOSTIC_ONLY;NOT_AN_ACCEPTANCE_OR_SAFETY_CRITERION
2010-07-02 17:30:00,20100702T173000_C01,20100702T173000_C01_K3,3,VMAX / bus 30,17,RAY:125.000000:ADAPTIVE,VMAX_BUS_30,VMAX,30,RAY,124.999999999979,-308.935953817,3693.82940301,2745.33131341188,0.411593899139446,16.2541125964902,0.00592063789061936,39.4906548189223,BRACKET_NORMALIZATION_IS_DIAGNOSTIC_ONLY;NOT_AN_ACCEPTANCE_OR_SAFETY_CRITERION
2010-07-02 17:30:00,20100702T173000_C01,20100702T173000_C01_K4,4,VMAX / bus 30,9,RAY:80.000000:BASE,VMAX_BUS_30,VMAX,30,RAY,79.9999999999236,1109.73248612,3026.03182768,1815.52889872821,0.224250108653791,1.6140689837368,0.000889035137291105,7.19762854709998,BRACKET_NORMALIZATION_IS_DIAGNOSTIC_ONLY;NOT_AN_ACCEPTANCE_OR_SAFETY_CRITERION
2010-07-02 17:30:00,20100702T173000_C01,20100702T173000_C01_K4,4,VMAX / bus 30,10,RAY:90.000000:BASE,VMAX_BUS_30,VMAX,30,RAY,90,889.53125,3122.54516602,1898.63891602,0.452056879999873,5.58362779952724,0.00294085818657497,12.3516045138585,BRACKET_NORMALIZATION_IS_DIAGNOSTIC_ONLY;NOT_AN_ACCEPTANCE_OR_SAFETY_CRITERION
2010-07-02 17:30:00,20100702T173000_C01,20100702T173000_C01_K4,4,VMAX / bus 30,11,RAY:100.000000:BASE,VMAX_BUS_30,VMAX,30,RAY,100.000000000007,644.035158449,3233.04477076,2024.08150195799,0.448500227111914,1.30315264117043,0.000643824193793496,2.90557855357619,BRACKET_NORMALIZATION_IS_DIAGNOSTIC_ONLY;NOT_AN_ACCEPTANCE_OR_SAFETY_CRITERION
2010-07-02 17:30:00,20100702T173000_C01,20100702T173000_C01_K4,4,VMAX / bus 30,14,RAY:115.000000:ADAPTIVE,VMAX_BUS_30,VMAX,30,RAY,114.999999999988,168.134658419,3456.37612524,2346.13187740987,0.430561910879318,2.08717890128184,0.000889625566822816,4.84756976533127,BRACKET_NORMALIZATION_IS_DIAGNOSTIC_ONLY;NOT_AN_ACCEPTANCE_OR_SAFETY_CRITERION
2010-07-02 17:30:00,20100702T173000_C01,20100702T173000_C01_K4,4,VMAX / bus 30,15,AXIS:P30_POSITIVE:AXIS,VMAX_BUS_30,VMAX,30,AXIS,119.012882727906,0,3538.4375,2479.58076132904,0.3125,6.54401503441262,0.002639161884328,20.9408481101204,BRACKET_NORMALIZATION_IS_DIAGNOSTIC_ONLY;NOT_AN_ACCEPTANCE_OR_SAFETY_CRITERION
2010-07-02 17:30:00,20100702T173000_C01,20100702T173000_C01_K4,4,VMAX / bus 30,16,RAY:120.000000:BASE,VMAX_BUS_30,VMAX,30,RAY,120.000000000014,-45.5586242676,3561.11794459,2517.33024815697,0.421663361703316,8.42189807982551,0.00334556742643977,19.9730373675463,BRACKET_NORMALIZATION_IS_DIAGNOSTIC_ONLY;NOT_AN_ACCEPTANCE_OR_SAFETY_CRITERION
2010-07-02 17:30:00,20100702T173000_C01,20100702T173000_C01_K4,4,VMAX / bus 30,17,RAY:125.000000:ADAPTIVE,VMAX_BUS_30,VMAX,30,RAY,124.999999999979,-308.935953817,3693.82940301,2745.33131341188,0.411593899139446,16.2541125964978,0.00592063789062214,39.4906548189409,BRACKET_NORMALIZATION_IS_DIAGNOSTIC_ONLY;NOT_AN_ACCEPTANCE_OR_SAFETY_CRITERION
2010-07-02 17:30:00,20100702T173000_C01,20100702T173000_C01_K5,5,VMAX / bus 30,9,RAY:80.000000:BASE,VMAX_BUS_30,VMAX,30,RAY,79.9999999999236,1109.73248612,3026.03182768,1815.52889872821,0.224250108653791,1.61406898373216,0.000889035137288552,7.19762854707931,BRACKET_NORMALIZATION_IS_DIAGNOSTIC_ONLY;NOT_AN_ACCEPTANCE_OR_SAFETY_CRITERION
2010-07-02 17:30:00,20100702T173000_C01,20100702T173000_C01_K5,5,VMAX / bus 30,10,RAY:90.000000:BASE,VMAX_BUS_30,VMAX,30,RAY,90,889.53125,3122.54516602,1898.63891602,0.452056879999873,2.32012001923926,0.00122199118519217,5.13236303192623,BRACKET_NORMALIZATION_IS_DIAGNOSTIC_ONLY;NOT_AN_ACCEPTANCE_OR_SAFETY_CRITERION
2010-07-02 17:30:00,20100702T173000_C01,20100702T173000_C01_K5,5,VMAX / bus 30,13,RAY:110.000000:BASE,VMAX_BUS_30,VMAX,30,RAY,110.000000000047,348.141534269,3370.39295344,2213.70910291845,0.438097983038954,1.59565263286741,0.000720805019396531,3.64222775416323,BRACKET_NORMALIZATION_IS_DIAGNOSTIC_ONLY;NOT_AN_ACCEPTANCE_OR_SAFETY_CRITERION
2010-07-02 17:30:00,20100702T173000_C01,20100702T173000_C01_K5,5,VMAX / bus 30,16,RAY:120.000000:BASE,VMAX_BUS_30,VMAX,30,RAY,120.000000000014,-45.5586242676,3561.11794459,2517.33024815697,0.421663361703316,0.595163187392648,0.000236426344071616,1.4114652622141,BRACKET_NORMALIZATION_IS_DIAGNOSTIC_ONLY;NOT_AN_ACCEPTANCE_OR_SAFETY_CRITERION
2010-07-02 17:30:00,20100702T173000_C01,20100702T173000_C01_K5,5,VMAX / bus 30,17,RAY:125.000000:ADAPTIVE,VMAX_BUS_30,VMAX,30,RAY,124.999999999979,-308.935953817,3693.82940301,2745.33131341188,0.411593899139446,6.71369634952058,0.00244549585571763,16.3114573941875,BRACKET_NORMALIZATION_IS_DIAGNOSTIC_ONLY;NOT_AN_ACCEPTANCE_OR_SAFETY_CRITERION
2010-07-02 17:30:00,20100702T173000_C02,20100702T173000_C02_K3,3,VMAX / bus 13,0,RAY:0.000000:BASE,VMAX_BUS_13,VMAX,13,RAY,0,2089.95483398,1223.90625,1200.42358398,0.313262940000186,22.2349747147335,0.0185226073624891,70.9786312888474,BRACKET_NORMALIZATION_IS_DIAGNOSTIC_ONLY;NOT_AN_ACCEPTANCE_OR_SAFETY_CRITERION
2010-07-02 17:30:00,20100702T173000_C02,20100702T173000_C02_K3,3,VMAX / bus 13,1,RAY:10.000000:BASE,VMAX_BUS_13,VMAX,13,RAY,10.0000000000332,2002.30435382,1507.05161725,1148.23137023003,0.318334172773736,13.6706885366552,0.0119058657436928,42.9444580754198,BRACKET_NORMALIZATION_IS_DIAGNOSTIC_ONLY;NOT_AN_ACCEPTANCE_OR_SAFETY_CRITERION
2010-07-02 17:30:00,20100702T173000_C02,20100702T173000_C02_K3,3,VMAX / bus 13,2,RAY:20.000000:BASE,VMAX_BUS_13,VMAX,13,RAY,19.9999999998337,1923.36175447,1766.90556254,1167.75586720496,0.332504515479565,8.1853913187183,0.00700950562407376,24.6173839381178,BRACKET_NORMALIZATION_IS_DIAGNOSTIC_ONLY;NOT_AN_ACCEPTANCE_OR_SAFETY_CRITERION
2010-07-02 17:30:00,20100702T173000_C02,20100702T173000_C02_K3,3,VMAX / bus 13,3,RAY:30.000000:BASE,VMAX_BUS_13,VMAX,13,RAY,29.9999999998749,1847.46917628,2022.01268005,1246.84359255393,0.353113452257976,4.37915965802728,0.00351219646488088,12.4015656441997,BRACKET_NORMALIZATION_IS_DIAGNOSTIC_ONLY;NOT_AN_ACCEPTANCE_OR_SAFETY_CRITERION
2010-07-02 17:30:00,20100702T173000_C02,20100702T173000_C02_K3,3,VMAX / bus 13,4,RAY:40.000000:BASE,VMAX_BUS_13,VMAX,13,RAY,40.0000000000457,1769.51346579,2289.45051166,1381.93823076982,0.37685797899587,1.63115285954318,0.00118033702464004,4.32829593760852,BRACKET_NORMALIZATION_IS_DIAGNOSTIC_ONLY;NOT_AN_ACCEPTANCE_OR_SAFETY_CRITERION
2010-07-02 17:30:00,20100702T173000_C02,20100702T173000_C02_K3,3,VMAX / bus 13,47,RAY:330.000000:BASE,VMAX_BUS_13,VMAX,13,RAY,329.999999999935,2548.76329676,-158.483703613,2159.64186124587,0.70622690259754,18.4141427503348,0.00852647982092358,26.07397520911,BRACKET_NORMALIZATION_IS_DIAGNOSTIC_ONLY;NOT_AN_ACCEPTANCE_OR_SAFETY_CRITERION
2010-07-02 17:30:00,20100702T173000_C02,20100702T173000_C02_K3,3,VMAX / bus 13,48,AXIS:P13_POSITIVE:AXIS,VMAX_BUS_13,VMAX,13,AXIS,332.130459784291,2493.4375,0,2017.53854178257,0.3125,26.0039752482082,0.0128889608350345,83.2127207942663,BRACKET_NORMALIZATION_IS_DIAGNOSTIC_ONLY;NOT_AN_ACCEPTANCE_OR_SAFETY_CRITERION
2010-07-02 17:30:00,20100702T173000_C02,20100702T173000_C02_K3,3,VMAX / bus 13,49,RAY:335.000000:ADAPTIVE,VMAX_BUS_13,VMAX,13,RAY,335.00000000002,2428.62167912,188.237780431,1855.10337390351,0.342206855739929,34.8578001198819,0.0187902197851832,101.861781946219,BRACKET_NORMALIZATION_IS_DIAGNOSTIC_ONLY;NOT_AN_ACCEPTANCE_OR_SAFETY_CRITERION
2010-07-02 17:30:00,20100702T173000_C02,20100702T173000_C02_K3,3,VMAX / bus 13,50,RAY:340.000000:BASE,VMAX_BUS_13,VMAX,13,RAY,339.999999999959,2335.48097606,464.449352731,1633.26219239363,0.332504524332584,47.3266950465931,0.0289767896832495,142.333988211406,BRACKET_NORMALIZATION_IS_DIAGNOSTIC_ONLY;NOT_AN_ACCEPTANCE_OR_SAFETY_CRITERION
2010-07-02 17:30:00,20100702T173000_C02,20100702T173000_C02_K3,3,VMAX / bus 13,51,RAY:345.000000:ADAPTIVE,VMAX_BUS_13,VMAX,13,RAY,345.000000000009,2259.65317175,694.126033313,1468.97963173518,0.324421293279324,51.6963346812501,0.0351920023698256,159.349388440851,BRACKET_NORMALIZATION_IS_DIAGNOSTIC_ONLY;NOT_AN_ACCEPTANCE_OR_SAFETY_CRITERION
2010-07-02 17:30:00,20100702T173000_C02,20100702T173000_C02_K3,3,VMAX / bus 13,52,RAY:350.000000:BASE,VMAX_BUS_13,VMAX,13,RAY,349.999999999988,2195.42771478,891.620599996,1347.50856395181,0.318334173760344,38.0971271782019,0.028272270913422,119.676523347076,BRACKET_NORMALIZATION_IS_DIAGNOSTIC_ONLY;NOT_AN_ACCEPTANCE_OR_SAFETY_CRITERION
2010-07-02 17:30:00,20100702T173000_C02,20100702T173000_C02_K4,4,VMAX / bus 13,1,RAY:10.000000:BASE,VMAX_BUS_13,VMAX,13,RAY,10.0000000000332,2002.30435382,1507.05161725,1148.23137023003,0.318334172773736,2.12382237338742,0.0018496467074941,6.67167572642909,BRACKET_NORMALIZATION_IS_DIAGNOSTIC_ONLY;NOT_AN_ACCEPTANCE_OR_SAFETY_CRITERION
2010-07-02 17:30:00,20100702T173000_C02,20100702T173000_C02_K4,4,VMAX / bus 13,2,RAY:20.000000:BASE,VMAX_BUS_13,VMAX,13,RAY,19.9999999998337,1923.36175447,1766.90556254,1167.75586720496,0.332504515479565,5.58010760617105,0.00477848817795035,16.7820506080135,BRACKET_NORMALIZATION_IS_DIAGNOSTIC_ONLY;NOT_AN_ACCEPTANCE_OR_SAFETY_CRITERION
2010-07-02 17:30:00,20100702T173000_C02,20100702T173000_C02_K4,4,VMAX / bus 13,3,RAY:30.000000:BASE,VMAX_BUS_13,VMAX,13,RAY,29.9999999998749,1847.46917628,2022.01268005,1246.84359255393,0.353113452257976,4.37915965802755,0.0035121964648811,12.4015656442005,BRACKET_NORMALIZATION_IS_DIAGNOSTIC_ONLY;NOT_AN_ACCEPTANCE_OR_SAFETY_CRITERION
2010-07-02 17:30:00,20100702T173000_C02,20100702T173000_C02_K4,4,VMAX / bus 13,4,RAY:40.000000:BASE,VMAX_BUS_13,VMAX,13,RAY,40.0000000000457,1769.51346579,2289.45051166,1381.93823076982,0.37685797899587,1.63115285954349,0.00118033702464027,4.32829593760933,BRACKET_NORMALIZATION_IS_DIAGNOSTIC_ONLY;NOT_AN_ACCEPTANCE_OR_SAFETY_CRITERION
2010-07-02 17:30:00,20100702T173000_C02,20100702T173000_C02_K4,4,VMAX / bus 13,47,RAY:330.000000:BASE,VMAX_BUS_13,VMAX,13,RAY,329.999999999935,2548.76329676,-158.483703613,2159.64186124587,0.70622690259754,18.4141427503288,0.00852647982092081,26.0739752091015,BRACKET_NORMALIZATION_IS_DIAGNOSTIC_ONLY;NOT_AN_ACCEPTANCE_OR_SAFETY_CRITERION
2010-07-02 17:30:00,20100702T173000_C02,20100702T173000_C02_K4,4,VMAX / bus 13,48,AXIS:P13_POSITIVE:AXIS,VMAX_BUS_13,VMAX,13,AXIS,332.130459784291,2493.4375,0,2017.53854178257,0.3125,24.8908010769301,0.0123372121827909,79.6505634461764,BRACKET_NORMALIZATION_IS_DIAGNOSTIC_ONLY;NOT_AN_ACCEPTANCE_OR_SAFETY_CRITERION
2010-07-02 17:30:00,20100702T173000_C02,20100702T173000_C02_K4,4,VMAX / bus 13,49,RAY:335.000000:ADAPTIVE,VMAX_BUS_13,VMAX,13,RAY,335.00000000002,2428.62167912,188.237780431,1855.10337390351,0.342206855739929,15.2178319216148,0.00820322583403721,44.4696874605579,BRACKET_NORMALIZATION_IS_DIAGNOSTIC_ONLY;NOT_AN_ACCEPTANCE_OR_SAFETY_CRITERION
2010-07-02 17:30:00,20100702T173000_C02,20100702T173000_C02_K4,4,VMAX / bus 13,50,RAY:340.000000:BASE,VMAX_BUS_13,VMAX,13,RAY,339.999999999959,2335.48097606,464.449352731,1633.26219239363,0.332504524332584,6.04858481830221,0.00370337649795083,18.1909850112361,BRACKET_NORMALIZATION_IS_DIAGNOSTIC_ONLY;NOT_AN_ACCEPTANCE_OR_SAFETY_CRITERION
2010-07-02 17:30:00,20100702T173000_C02,20100702T173000_C02_K4,4,VMAX / bus 13,51,RAY:345.000000:ADAPTIVE,VMAX_BUS_13,VMAX,13,RAY,345.000000000009,2259.65317175,694.126033313,1468.97963173518,0.324421293279324,1.87901391897373,0.00127912864030266,5.79189454545426,BRACKET_NORMALIZATION_IS_DIAGNOSTIC_ONLY;NOT_AN_ACCEPTANCE_OR_SAFETY_CRITERION
2010-07-02 17:30:00,20100702T173000_C02,20100702T173000_C02_K5,5,VMAX / bus 13,0,RAY:0.000000:BASE,VMAX_BUS_13,VMAX,13,RAY,0,2089.95483398,1223.90625,1200.42358398,0.313262940000186,1.63203907118267,0.00135955265538157,5.20980576630513,BRACKET_NORMALIZATION_IS_DIAGNOSTIC_ONLY;NOT_AN_ACCEPTANCE_OR_SAFETY_CRITERION
2010-07-02 17:30:00,20100702T173000_C02,20100702T173000_C02_K5,5,VMAX / bus 13,3,RAY:30.000000:BASE,VMAX_BUS_13,VMAX,13,RAY,29.9999999998749,1847.46917628,2022.01268005,1246.84359255393,0.353113452257976,1.67016626337075,0.00133951545594402,4.7298290469845,BRACKET_NORMALIZATION_IS_DIAGNOSTIC_ONLY;NOT_AN_ACCEPTANCE_OR_SAFETY_CRITERION
2010-07-02 17:30:00,20100702T173000_C02,20100702T173000_C02_K5,5,VMAX / bus 13,4,RAY:40.000000:BASE,VMAX_BUS_13,VMAX,13,RAY,40.0000000000457,1769.51346579,2289.45051166,1381.93823076982,0.37685797899587,1.63115285954656,0.00118033702464249,4.32829593761747,BRACKET_NORMALIZATION_IS_DIAGNOSTIC_ONLY;NOT_AN_ACCEPTANCE_OR_SAFETY_CRITERION
2010-07-02 17:30:00,20100702T173000_C02,20100702T173000_C02_K5,5,VMAX / bus 13,47,RAY:330.000000:BASE,VMAX_BUS_13,VMAX,13,RAY,329.999999999935,2548.76329676,-158.483703613,2159.64186124587,0.70622690259754,5.83665623622981,0.00270260377008191,8.26456230251535,BRACKET_NORMALIZATION_IS_DIAGNOSTIC_ONLY;NOT_AN_ACCEPTANCE_OR_SAFETY_CRITERION
2010-07-02 17:30:00,20100702T173000_C02,20100702T173000_C02_K5,5,VMAX / bus 13,48,AXIS:P13_POSITIVE:AXIS,VMAX_BUS_13,VMAX,13,AXIS,332.130459784291,2493.4375,0,2017.53854178257,0.3125,2.27053326828767,0.00112539771670561,7.26570645852054,BRACKET_NORMALIZATION_IS_DIAGNOSTIC_ONLY;NOT_AN_ACCEPTANCE_OR_SAFETY_CRITERION
2010-07-02 17:30:00,20100702T173000_C02,20100702T173000_C02_K5,5,VMAX / bus 13,51,RAY:345.000000:ADAPTIVE,VMAX_BUS_13,VMAX,13,RAY,345.000000000009,2259.65317175,694.126033313,1468.97963173518,0.324421293279324,1.99850519252144,0.001360471683437,6.16021584871971,BRACKET_NORMALIZATION_IS_DIAGNOSTIC_ONLY;NOT_AN_ACCEPTANCE_OR_SAFETY_CRITERION
2010-07-02 17:30:00,20100702T173000_C02,20100702T173000_C02_K5,5,VMAX / bus 13,52,RAY:350.000000:BASE,VMAX_BUS_13,VMAX,13,RAY,349.999999999988,2195.42771478,891.620599996,1347.50856395181,0.318334173760344,4.50606900845134,0.00334400027502346,14.1551532316593,BRACKET_NORMALIZATION_IS_DIAGNOSTIC_ONLY;NOT_AN_ACCEPTANCE_OR_SAFETY_CRITERION
2010-07-02 17:30:00,20100702T173000_C02,20100702T173000_C02_K8,8,VMAX / bus 13,51,RAY:345.000000:ADAPTIVE,VMAX_BUS_13,VMAX,13,RAY,345.000000000009,2259.65317175,694.126033313,1468.97963173518,0.324421293279324,1.87901391898238,0.00127912864030855,5.7918945454809,BRACKET_NORMALIZATION_IS_DIAGNOSTIC_ONLY;NOT_AN_ACCEPTANCE_OR_SAFETY_CRITERION
2010-07-02 18:00:00,20100702T180000_C01,20100702T180000_C01_K3,3,VMAX / bus 30,9,RAY:80.000000:BASE,VMAX_BUS_30,VMAX,30,RAY,79.9999999997577,1048.6774792,2962.47981053,1841.55444143208,0.22397889313132,2.08531459230768,0.00113236651895343,9.31031742837058,BRACKET_NORMALIZATION_IS_DIAGNOSTIC_ONLY;NOT_AN_ACCEPTANCE_OR_SAFETY_CRITERION
2010-07-02 18:00:00,20100702T180000_C01,20100702T180000_C01_K3,3,VMAX / bus 30,10,RAY:90.000000:BASE,VMAX_BUS_30,VMAX,30,RAY,90,825.234375,3060.66253662,1926.13128662,0.451507570000103,6.56024114284005,0.00340591588351802,14.5296371062805,BRACKET_NORMALIZATION_IS_DIAGNOSTIC_ONLY;NOT_AN_ACCEPTANCE_OR_SAFETY_CRITERION
2010-07-02 18:00:00,20100702T180000_C01,20100702T180000_C01_K3,3,VMAX / bus 30,11,RAY:100.000000:BASE,VMAX_BUS_30,VMAX,30,RAY,99.9999999999826,576.028188492,3173.24303547,2053.88643006573,0.447957778035355,15.4268508120474,0.00751105347706771,34.4381804903716,BRACKET_NORMALIZATION_IS_DIAGNOSTIC_ONLY;NOT_AN_ACCEPTANCE_OR_SAFETY_CRITERION
2010-07-02 18:00:00,20100702T180000_C01,20100702T180000_C01_K3,3,VMAX / bus 30,12,RAY:105.000000:ADAPTIVE,VMAX_BUS_30,VMAX,30,RAY,105.000000000016,434.43597308,3238.38773871,2139.84474110399,0.44358307127973,22.3197137853151,0.0104305295410357,50.3168746294197,BRACKET_NORMALIZATION_IS_DIAGNOSTIC_ONLY;NOT_AN_ACCEPTANCE_OR_SAFETY_CRITERION
2010-07-02 18:00:00,20100702T180000_C01,20100702T180000_C01_K3,3,VMAX / bus 30,13,RAY:110.000000:BASE,VMAX_BUS_30,VMAX,30,RAY,109.99999999999,275.514572263,3313.20047566,2246.95159190383,0.437575772404784,32.6824359982946,0.0145452336917516,74.6897750272639,BRACKET_NORMALIZATION_IS_DIAGNOSTIC_ONLY;NOT_AN_ACCEPTANCE_OR_SAFETY_CRITERION
2010-07-02 18:00:00,20100702T180000_C01,20100702T180000_C01_K3,3,VMAX / bus 30,14,RAY:115.000000:ADAPTIVE,VMAX_BUS_30,VMAX,30,RAY,115.000000000047,92.5298494766,3401.11677628,2382.07175997375,0.430054483793623,47.9505583381235,0.020129770707937,111.498798745543,BRACKET_NORMALIZATION_IS_DIAGNOSTIC_ONLY;NOT_AN_ACCEPTANCE_OR_SAFETY_CRITERION
2010-07-02 18:00:00,20100702T180000_C01,20100702T180000_C01_K3,3,VMAX / bus 30,15,AXIS:P30_POSITIVE:AXIS,VMAX_BUS_30,VMAX,30,AXIS,117.24582924988,0,3446.25,2454.59881707443,0.3125,44.8447550118655,0.0182696881868927,143.50321603797,BRACKET_NORMALIZATION_IS_DIAGNOSTIC_ONLY;NOT_AN_ACCEPTANCE_OR_SAFETY_CRITERION
2010-07-02 18:00:00,20100702T180000_C01,20100702T180000_C01_K3,3,VMAX / bus 30,16,RAY:120.000000:BASE,VMAX_BUS_30,VMAX,30,RAY,120.00000000002,-124.574867249,3507.61356987,2556.10197244578,0.421173496249399,35.2658483745845,0.0137967298467521,83.7323542165667,BRACKET_NORMALIZATION_IS_DIAGNOSTIC_ONLY;NOT_AN_ACCEPTANCE_OR_SAFETY_CRITERION
2010-07-02 18:00:00,20100702T180000_C01,20100702T180000_C01_K3,3,VMAX / bus 30,17,RAY:125.000000:ADAPTIVE,VMAX_BUS_30,VMAX,30,RAY,124.999999999958,-392.707016133,3643.61636035,2789.06603063016,0.411124113186881,17.2063909692087,0.00616923040912054,41.8520597972986,BRACKET_NORMALIZATION_IS_DIAGNOSTIC_ONLY;NOT_AN_ACCEPTANCE_OR_SAFETY_CRITERION
2010-07-02 18:00:00,20100702T180000_C01,20100702T180000_C01_K4,4,VMAX / bus 30,9,RAY:80.000000:BASE,VMAX_BUS_30,VMAX,30,RAY,79.9999999997577,1048.6774792,2962.47981053,1841.55444143208,0.22397889313132,2.08531459230788,0.00113236651895354,9.31031742837149,BRACKET_NORMALIZATION_IS_DIAGNOSTIC_ONLY;NOT_AN_ACCEPTANCE_OR_SAFETY_CRITERION
2010-07-02 18:00:00,20100702T180000_C01,20100702T180000_C01_K4,4,VMAX / bus 30,10,RAY:90.000000:BASE,VMAX_BUS_30,VMAX,30,RAY,90,825.234375,3060.66253662,1926.13128662,0.451507570000103,6.24434444695813,0.00324191008698882,13.8299883808298,BRACKET_NORMALIZATION_IS_DIAGNOSTIC_ONLY;NOT_AN_ACCEPTANCE_OR_SAFETY_CRITERION
2010-07-02 18:00:00,20100702T180000_C01,20100702T180000_C01_K4,4,VMAX / bus 30,11,RAY:100.000000:BASE,VMAX_BUS_30,VMAX,30,RAY,99.9999999999826,576.028188492,3173.24303547,2053.88643006573,0.447957778035355,1.61440638022323,0.000786025145592673,3.60392532372953,BRACKET_NORMALIZATION_IS_DIAGNOSTIC_ONLY;NOT_AN_ACCEPTANCE_OR_SAFETY_CRITERION
2010-07-02 18:00:00,20100702T180000_C01,20100702T180000_C01_K4,4,VMAX / bus 30,14,RAY:115.000000:ADAPTIVE,VMAX_BUS_30,VMAX,30,RAY,115.000000000047,92.5298494766,3401.11677628,2382.07175997375,0.430054483793623,2.20111459586586,0.000924033705806626,5.11822264111573,BRACKET_NORMALIZATION_IS_DIAGNOSTIC_ONLY;NOT_AN_ACCEPTANCE_OR_SAFETY_CRITERION
2010-07-02 18:00:00,20100702T180000_C01,20100702T180000_C01_K4,4,VMAX / bus 30,15,AXIS:P30_POSITIVE:AXIS,VMAX_BUS_30,VMAX,30,AXIS,117.24582924988,0,3446.25,2454.59881707443,0.3125,4.27580287586248,0.0017419558936147,13.6825692027599,BRACKET_NORMALIZATION_IS_DIAGNOSTIC_ONLY;NOT_AN_ACCEPTANCE_OR_SAFETY_CRITERION
2010-07-02 18:00:00,20100702T180000_C01,20100702T180000_C01_K4,4,VMAX / bus 30,16,RAY:120.000000:BASE,VMAX_BUS_30,VMAX,30,RAY,120.00000000002,-124.574867249,3507.61356987,2556.10197244578,0.421173496249399,8.05570224298999,0.00315155746125495,19.1268024097599,BRACKET_NORMALIZATION_IS_DIAGNOSTIC_ONLY;NOT_AN_ACCEPTANCE_OR_SAFETY_CRITERION
2010-07-02 18:00:00,20100702T180000_C01,20100702T180000_C01_K4,4,VMAX / bus 30,17,RAY:125.000000:ADAPTIVE,VMAX_BUS_30,VMAX,30,RAY,124.999999999958,-392.707016133,3643.61636035,2789.06603063016,0.411124113186881,17.2063909692102,0.0061692304091211,41.8520597973023,BRACKET_NORMALIZATION_IS_DIAGNOSTIC_ONLY;NOT_AN_ACCEPTANCE_OR_SAFETY_CRITERION
2010-07-02 18:00:00,20100702T180000_C01,20100702T180000_C01_K5,5,VMAX / bus 30,9,RAY:80.000000:BASE,VMAX_BUS_30,VMAX,30,RAY,79.9999999997577,1048.6774792,2962.47981053,1841.55444143208,0.22397889313132,2.08531459231115,0.00113236651895532,9.31031742838609,BRACKET_NORMALIZATION_IS_DIAGNOSTIC_ONLY;NOT_AN_ACCEPTANCE_OR_SAFETY_CRITERION
2010-07-02 18:00:00,20100702T180000_C01,20100702T180000_C01_K5,5,VMAX / bus 30,10,RAY:90.000000:BASE,VMAX_BUS_30,VMAX,30,RAY,90,825.234375,3060.66253662,1926.13128662,0.451507570000103,2.07596738578863,0.00107779121818408,4.59785732006256,BRACKET_NORMALIZATION_IS_DIAGNOSTIC_ONLY;NOT_AN_ACCEPTANCE_OR_SAFETY_CRITERION
2010-07-02 18:00:00,20100702T180000_C01,20100702T180000_C01_K5,5,VMAX / bus 30,13,RAY:110.000000:BASE,VMAX_BUS_30,VMAX,30,RAY,109.99999999999,275.514572263,3313.20047566,2246.95159190383,0.437575772404784,1.57364718903255,0.000700347615276931,3.59628500541577,BRACKET_NORMALIZATION_IS_DIAGNOSTIC_ONLY;NOT_AN_ACCEPTANCE_OR_SAFETY_CRITERION
2010-07-02 18:00:00,20100702T180000_C01,20100702T180000_C01_K5,5,VMAX / bus 30,16,RAY:120.000000:BASE,VMAX_BUS_30,VMAX,30,RAY,120.00000000002,-124.574867249,3507.61356987,2556.10197244578,0.421173496249399,0.802741124240886,0.000314048943623635,1.90596305652989,BRACKET_NORMALIZATION_IS_DIAGNOSTIC_ONLY;NOT_AN_ACCEPTANCE_OR_SAFETY_CRITERION
2010-07-02 18:00:00,20100702T180000_C01,20100702T180000_C01_K5,5,VMAX / bus 30,17,RAY:125.000000:ADAPTIVE,VMAX_BUS_30,VMAX,30,RAY,124.999999999958,-392.707016133,3643.61636035,2789.06603063016,0.411124113186881,8.47043794664435,0.00303701592347405,20.6031163703454,BRACKET_NORMALIZATION_IS_DIAGNOSTIC_ONLY;NOT_AN_ACCEPTANCE_OR_SAFETY_CRITERION
2010-07-02 18:00:00,20100702T180000_C02,20100702T180000_C02_K3,3,VMAX / bus 13,0,RAY:0.000000:BASE,VMAX_BUS_13,VMAX,13,RAY,0,2054.24277496,1134.53125,1229.00839996,0.156501769999977,23.2352611261125,0.0189056975744581,148.466443070362,BRACKET_NORMALIZATION_IS_DIAGNOSTIC_ONLY;NOT_AN_ACCEPTANCE_OR_SAFETY_CRITERION
2010-07-02 18:00:00,20100702T180000_C02,20100702T180000_C02_K3,3,VMAX / bus 13,1,RAY:10.000000:BASE,VMAX_BUS_13,VMAX,13,RAY,10.0000000001284,1964.21189135,1424.23205853,1175.24309877308,0.318063090160928,14.1575520651798,0.0120464881520767,44.511772988235,BRACKET_NORMALIZATION_IS_DIAGNOSTIC_ONLY;NOT_AN_ACCEPTANCE_OR_SAFETY_CRITERION
2010-07-02 18:00:00,20100702T180000_C02,20100702T180000_C02_K3,3,VMAX / bus 13,2,RAY:20.000000:BASE,VMAX_BUS_13,VMAX,13,RAY,20.000000000116,1883.50374144,1690.15126031,1195.26049370094,0.166100680697303,8.66218994374394,0.00724711474142581,52.1502374787353,BRACKET_NORMALIZATION_IS_DIAGNOSTIC_ONLY;NOT_AN_ACCEPTANCE_OR_SAFETY_CRITERION
2010-07-02 18:00:00,20100702T180000_C02,20100702T180000_C02_K3,3,VMAX / bus 13,3,RAY:30.000000:BASE,VMAX_BUS_13,VMAX,13,RAY,29.9999999999454,1805.69101003,1951.08268738,1275.95119932609,0.35276504555685,4.63301943099322,0.00363103183996394,13.1334424692783,BRACKET_NORMALIZATION_IS_DIAGNOSTIC_ONLY;NOT_AN_ACCEPTANCE_OR_SAFETY_CRITERION
2010-07-02 18:00:00,20100702T180000_C02,20100702T180000_C02_K3,3,VMAX / bus 13,4,RAY:40.000000:BASE,VMAX_BUS_13,VMAX,13,RAY,39.9999999998706,1725.8278572,2224.61060565,1413.98077136694,0.376459202218598,1.73266523020614,0.00122538104144876,4.60253121718096,BRACKET_NORMALIZATION_IS_DIAGNOSTIC_ONLY;NOT_AN_ACCEPTANCE_OR_SAFETY_CRITERION
2010-07-02 18:00:00,20100702T180000_C02,20100702T180000_C02_K3,3,VMAX / bus 13,47,RAY:330.000000:BASE,VMAX_BUS_13,VMAX,13,RAY,330.000000000001,2526.73459564,-282.525253296,2214.30624222835,0.352765055800823,20.1451776848087,0.00909773783798562,57.1065000729067,BRACKET_NORMALIZATION_IS_DIAGNOSTIC_ONLY;NOT_AN_ACCEPTANCE_OR_SAFETY_CRITERION
2010-07-02 18:00:00,20100702T180000_C02,20100702T180000_C02_K3,3,VMAX / bus 13,48,AXIS:P13_POSITIVE:AXIS,VMAX_BUS_13,VMAX,13,AXIS,333.859400307779,2427.8125,0,1963.52178596395,0.3125,33.9953425086321,0.0173134531797123,108.785096027623,BRACKET_NORMALIZATION_IS_DIAGNOSTIC_ONLY;NOT_AN_ACCEPTANCE_OR_SAFETY_CRITERION
2010-07-02 18:00:00,20100702T180000_C02,20100702T180000_C02_K3,3,VMAX / bus 13,49,RAY:335.000000:ADAPTIVE,VMAX_BUS_13,VMAX,13,RAY,334.999999999954,2402.48152913,73.5979390124,1900.86508610535,0.341882213291875,37.6348772439094,0.0197988155598243,110.081413366127,BRACKET_NORMALIZATION_IS_DIAGNOSTIC_ONLY;NOT_AN_ACCEPTANCE_OR_SAFETY_CRITERION
2010-07-02 18:00:00,20100702T180000_C02,20100702T180000_C02_K3,3,VMAX / bus 13,50,RAY:340.000000:BASE,VMAX_BUS_13,VMAX,13,RAY,340.00000000001,2306.45853548,356.848545189,1672.96604955146,0.332201362789202,50.9448545382646,0.0304518161333419,153.355344814138,BRACKET_NORMALIZATION_IS_DIAGNOSTIC_ONLY;NOT_AN_ACCEPTANCE_OR_SAFETY_CRITERION
2010-07-02 18:00:00,20100702T180000_C02,20100702T180000_C02_K3,3,VMAX / bus 13,51,RAY:345.000000:ADAPTIVE,VMAX_BUS_13,VMAX,13,RAY,345.000000000036,2228.38597533,592.189755517,1504.31669210532,0.324136323584511,53.8992896004555,0.0358297490703386,166.285867021635,BRACKET_NORMALIZATION_IS_DIAGNOSTIC_ONLY;NOT_AN_ACCEPTANCE_OR_SAFETY_CRITERION
2010-07-02 18:00:00,20100702T180000_C02,20100702T180000_C02_K3,3,VMAX / bus 13,52,RAY:350.000000:BASE,VMAX_BUS_13,VMAX,13,RAY,350.00000000001,2162.56968074,794.377810813,1379.91669392375,0.159031536128537,39.8655362801941,0.0288898137516097,250.67692390252,BRACKET_NORMALIZATION_IS_DIAGNOSTIC_ONLY;NOT_AN_ACCEPTANCE_OR_SAFETY_CRITERION
2010-07-02 18:00:00,20100702T180000_C02,20100702T180000_C02_K4,4,VMAX / bus 13,1,RAY:10.000000:BASE,VMAX_BUS_13,VMAX,13,RAY,10.0000000001284,1964.21189135,1424.23205853,1175.24309877308,0.318063090160928,2.12728059461225,0.00181007707837899,6.6882346943681,BRACKET_NORMALIZATION_IS_DIAGNOSTIC_ONLY;NOT_AN_ACCEPTANCE_OR_SAFETY_CRITERION
2010-07-02 18:00:00,20100702T180000_C02,20100702T180000_C02_K4,4,VMAX / bus 13,2,RAY:20.000000:BASE,VMAX_BUS_13,VMAX,13,RAY,20.000000000116,1883.50374144,1690.15126031,1195.26049370094,0.166100680697303,6.00564399351658,0.00502454822623732,36.1566488969488,BRACKET_NORMALIZATION_IS_DIAGNOSTIC_ONLY;NOT_AN_ACCEPTANCE_OR_SAFETY_CRITERION
2010-07-02 18:00:00,20100702T180000_C02,20100702T180000_C02_K4,4,VMAX / bus 13,3,RAY:30.000000:BASE,VMAX_BUS_13,VMAX,13,RAY,29.9999999999454,1805.69101003,1951.08268738,1275.95119932609,0.35276504555685,4.63301943099421,0.00363103183996472,13.1334424692811,BRACKET_NORMALIZATION_IS_DIAGNOSTIC_ONLY;NOT_AN_ACCEPTANCE_OR_SAFETY_CRITERION
2010-07-02 18:00:00,20100702T180000_C02,20100702T180000_C02_K4,4,VMAX / bus 13,4,RAY:40.000000:BASE,VMAX_BUS_13,VMAX,13,RAY,39.9999999998706,1725.8278572,2224.61060565,1413.98077136694,0.376459202218598,1.73266523020724,0.00122538104144954,4.60253121718388,BRACKET_NORMALIZATION_IS_DIAGNOSTIC_ONLY;NOT_AN_ACCEPTANCE_OR_SAFETY_CRITERION
2010-07-02 18:00:00,20100702T180000_C02,20100702T180000_C02_K4,4,VMAX / bus 13,47,RAY:330.000000:BASE,VMAX_BUS_13,VMAX,13,RAY,330.000000000001,2526.73459564,-282.525253296,2214.30624222835,0.352765055800823,20.1451776848042,0.00909773783798362,57.1065000728942,BRACKET_NORMALIZATION_IS_DIAGNOSTIC_ONLY;NOT_AN_ACCEPTANCE_OR_SAFETY_CRITERION
2010-07-02 18:00:00,20100702T180000_C02,20100702T180000_C02_K4,4,VMAX / bus 13,48,AXIS:P13_POSITIVE:AXIS,VMAX_BUS_13,VMAX,13,AXIS,333.859400307779,2427.8125,0,1963.52178596395,0.3125,19.3959287392336,0.00987813268886728,62.0669719655475,BRACKET_NORMALIZATION_IS_DIAGNOSTIC_ONLY;NOT_AN_ACCEPTANCE_OR_SAFETY_CRITERION
2010-07-02 18:00:00,20100702T180000_C02,20100702T180000_C02_K4,4,VMAX / bus 13,49,RAY:335.000000:ADAPTIVE,VMAX_BUS_13,VMAX,13,RAY,334.999999999954,2402.48152913,73.5979390124,1900.86508610535,0.341882213291875,15.9029168633029,0.00836614706616878,46.5157772034374,BRACKET_NORMALIZATION_IS_DIAGNOSTIC_ONLY;NOT_AN_ACCEPTANCE_OR_SAFETY_CRITERION
2010-07-02 18:00:00,20100702T180000_C02,20100702T180000_C02_K4,4,VMAX / bus 13,50,RAY:340.000000:BASE,VMAX_BUS_13,VMAX,13,RAY,340.00000000001,2306.45853548,356.848545189,1672.96604955146,0.332201362789202,6.17234762265167,0.00368946376664758,18.580139379405,BRACKET_NORMALIZATION_IS_DIAGNOSTIC_ONLY;NOT_AN_ACCEPTANCE_OR_SAFETY_CRITERION
2010-07-02 18:00:00,20100702T180000_C02,20100702T180000_C02_K4,4,VMAX / bus 13,51,RAY:345.000000:ADAPTIVE,VMAX_BUS_13,VMAX,13,RAY,345.000000000036,2228.38597533,592.189755517,1504.31669210532,0.324136323584511,1.74403695766437,0.00115935491962371,5.38056623329861,BRACKET_NORMALIZATION_IS_DIAGNOSTIC_ONLY;NOT_AN_ACCEPTANCE_OR_SAFETY_CRITERION
2010-07-02 18:00:00,20100702T180000_C02,20100702T180000_C02_K5,5,VMAX / bus 13,0,RAY:0.000000:BASE,VMAX_BUS_13,VMAX,13,RAY,0,2054.24277496,1134.53125,1229.00839996,0.156501769999977,2.10486650638383,0.00171265428816625,13.449474126613,BRACKET_NORMALIZATION_IS_DIAGNOSTIC_ONLY;NOT_AN_ACCEPTANCE_OR_SAFETY_CRITERION
2010-07-02 18:00:00,20100702T180000_C02,20100702T180000_C02_K5,5,VMAX / bus 13,3,RAY:30.000000:BASE,VMAX_BUS_13,VMAX,13,RAY,29.9999999999454,1805.69101003,1951.08268738,1275.95119932609,0.35276504555685,1.43521317388036,0.00112481823336064,4.06846764427817,BRACKET_NORMALIZATION_IS_DIAGNOSTIC_ONLY;NOT_AN_ACCEPTANCE_OR_SAFETY_CRITERION
2010-07-02 18:00:00,20100702T180000_C02,20100702T180000_C02_K5,5,VMAX / bus 13,4,RAY:40.000000:BASE,VMAX_BUS_13,VMAX,13,RAY,39.9999999998706,1725.8278572,2224.61060565,1413.98077136694,0.376459202218598,1.73266523020425,0.00122538104144743,4.60253121717596,BRACKET_NORMALIZATION_IS_DIAGNOSTIC_ONLY;NOT_AN_ACCEPTANCE_OR_SAFETY_CRITERION
2010-07-02 18:00:00,20100702T180000_C02,20100702T180000_C02_K5,5,VMAX / bus 13,47,RAY:330.000000:BASE,VMAX_BUS_13,VMAX,13,RAY,330.000000000001,2526.73459564,-282.525253296,2214.30624222835,0.352765055800823,6.39387392684816,0.00288752919759361,18.1250206666112,BRACKET_NORMALIZATION_IS_DIAGNOSTIC_ONLY;NOT_AN_ACCEPTANCE_OR_SAFETY_CRITERION
2010-07-02 18:00:00,20100702T180000_C02,20100702T180000_C02_K5,5,VMAX / bus 13,48,AXIS:P13_POSITIVE:AXIS,VMAX_BUS_13,VMAX,13,AXIS,333.859400307779,2427.8125,0,1963.52178596395,0.3125,0.614220965056432,0.000312815966416635,1.96550708818058,BRACKET_NORMALIZATION_IS_DIAGNOSTIC_ONLY;NOT_AN_ACCEPTANCE_OR_SAFETY_CRITERION
2010-07-02 18:00:00,20100702T180000_C02,20100702T180000_C02_K5,5,VMAX / bus 13,51,RAY:345.000000:ADAPTIVE,VMAX_BUS_13,VMAX,13,RAY,345.000000000036,2228.38597533,592.189755517,1504.31669210532,0.324136323584511,2.10845971946543,0.0014016062778075,6.5048547973541,BRACKET_NORMALIZATION_IS_DIAGNOSTIC_ONLY;NOT_AN_ACCEPTANCE_OR_SAFETY_CRITERION
2010-07-02 18:00:00,20100702T180000_C02,20100702T180000_C02_K5,5,VMAX / bus 13,52,RAY:350.000000:BASE,VMAX_BUS_13,VMAX,13,RAY,350.00000000001,2162.56968074,794.377810813,1379.91669392375,0.159031536128537,5.00822799675571,0.00362936981544515,31.4920431423603,BRACKET_NORMALIZATION_IS_DIAGNOSTIC_ONLY;NOT_AN_ACCEPTANCE_OR_SAFETY_CRITERION
2010-07-02 18:00:00,20100702T180000_C02,20100702T180000_C02_K8,8,VMAX / bus 13,51,RAY:345.000000:ADAPTIVE,VMAX_BUS_13,VMAX,13,RAY,345.000000000036,2228.38597533,592.189755517,1504.31669210532,0.324136323584511,1.74403695766855,0.00115935491962649,5.38056623331149,BRACKET_NORMALIZATION_IS_DIAGNOSTIC_ONLY;NOT_AN_ACCEPTANCE_OR_SAFETY_CRITERION
2010-07-03 00:00:00,20100703T000000_C01,20100703T000000_C01_K3,3,VMAX / bus 30,8,RAY:70.000000:BASE,VMAX_BUS_30,VMAX,30,RAY,70.0000000000398,572.113418168,2088.19062903,2083.89400428709,0.431091022587294,2.60396857156831,0.00124956862787229,6.04041475032344,BRACKET_NORMALIZATION_IS_DIAGNOSTIC_ONLY;NOT_AN_ACCEPTANCE_OR_SAFETY_CRITERION
2010-07-03 00:00:00,20100703T000000_C01,20100703T000000_C01_K3,3,VMAX / bus 30,9,RAY:80.000000:BASE,VMAX_BUS_30,VMAX,30,RAY,80.0000000000139,321.521374251,2198.74292868,2146.49107662466,0.441210910213651,8.29565933836819,0.0038647537037112,18.8020267548487,BRACKET_NORMALIZATION_IS_DIAGNOSTIC_ONLY;NOT_AN_ACCEPTANCE_OR_SAFETY_CRITERION
2010-07-03 00:00:00,20100703T000000_C01,20100703T000000_C01_K3,3,VMAX / bus 30,10,RAY:90.000000:BASE,VMAX_BUS_30,VMAX,30,RAY,90,59.6875,2317.43035889,2249.14910889,0.444671629999903,17.9601321360782,0.00798530078112158,40.389651429038,BRACKET_NORMALIZATION_IS_DIAGNOSTIC_ONLY;NOT_AN_ACCEPTANCE_OR_SAFETY_CRITERION
2010-07-03 00:00:00,20100703T000000_C01,20100703T000000_C01_K3,3,VMAX / bus 30,11,AXIS:P30_POSITIVE:AXIS,VMAX_BUS_30,VMAX,30,AXIS,92.1540640950234,0,2345,2277.50101300917,0.625,20.8299259772443,0.00914595684404218,33.3278815635908,BRACKET_NORMALIZATION_IS_DIAGNOSTIC_ONLY;NOT_AN_ACCEPTANCE_OR_SAFETY_CRITERION
2010-07-03 00:00:00,20100703T000000_C01,20100703T000000_C01_K3,3,VMAX / bus 30,12,RAY:100.000000:BASE,VMAX_BUS_30,VMAX,30,RAY,100.000000000004,-233.631023056,2454.9238294,2404.59945890638,0.441210910336084,34.9593977772839,0.0145385534575407,79.2351162636804,BRACKET_NORMALIZATION_IS_DIAGNOSTIC_ONLY;NOT_AN_ACCEPTANCE_OR_SAFETY_CRITERION
2010-07-03 00:00:00,20100703T000000_C01,20100703T000000_C01_K3,3,VMAX / bus 30,13,RAY:105.000000:ADAPTIVE,VMAX_BUS_30,VMAX,30,RAY,104.999999999996,-401.081676621,2535.4430528,2509.8198332389,0.436946347367844,47.9768720799454,0.0191156637797509,109.800373361528,BRACKET_NORMALIZATION_IS_DIAGNOSTIC_ONLY;NOT_AN_ACCEPTANCE_OR_SAFETY_CRITERION
2010-07-03 00:00:00,20100703T000000_C01,20100703T000000_C01_K3,3,VMAX / bus 30,14,RAY:110.000000:BASE,VMAX_BUS_30,VMAX,30,RAY,110.000000000021,-589.696276313,2628.05883707,2640.8636057556,0.431091022586853,46.4905670079561,0.0176043044807891,107.843969306017,BRACKET_NORMALIZATION_IS_DIAGNOSTIC_ONLY;NOT_AN_ACCEPTANCE_OR_SAFETY_CRITERION
2010-07-03 00:00:00,20100703T000000_C01,20100703T000000_C01_K3,3,VMAX / bus 30,15,RAY:115.000000:ADAPTIVE,VMAX_BUS_30,VMAX,30,RAY,114.999999999984,-808.087030451,2738.21827141,2807.41809034478,0.423761219612559,30.476295653716,0.010855631285746,71.9185575347839,BRACKET_NORMALIZATION_IS_DIAGNOSTIC_ONLY;NOT_AN_ACCEPTANCE_OR_SAFETY_CRITERION
2010-07-03 00:00:00,20100703T000000_C01,20100703T000000_C01_K3,3,VMAX / bus 30,16,RAY:120.000000:BASE,VMAX_BUS_30,VMAX,30,RAY,119.999999999923,-1069.56622314,2874.48256919,3024.89335597955,0.415108190960354,14.1292987370689,0.0046710072304329,34.0376293331644,BRACKET_NORMALIZATION_IS_DIAGNOSTIC_ONLY;NOT_AN_ACCEPTANCE_OR_SAFETY_CRITERION
2010-07-03 00:00:00,20100703T000000_C01,20100703T000000_C01_K4,4,VMAX / bus 30,8,RAY:70.000000:BASE,VMAX_BUS_30,VMAX,30,RAY,70.0000000000398,572.113418168,2088.19062903,2083.89400428709,0.431091022587294,2.60396857156808,0.00124956862787218,6.04041475032291,BRACKET_NORMALIZATION_IS_DIAGNOSTIC_ONLY;NOT_AN_ACCEPTANCE_OR_SAFETY_CRITERION
2010-07-03 00:00:00,20100703T000000_C01,20100703T000000_C01_K4,4,VMAX / bus 30,9,RAY:80.000000:BASE,VMAX_BUS_30,VMAX,30,RAY,80.0000000000139,321.521374251,2198.74292868,2146.49107662466,0.441210910213651,4.78065617125566,0.00222719592143528,10.8353081498839,BRACKET_NORMALIZATION_IS_DIAGNOSTIC_ONLY;NOT_AN_ACCEPTANCE_OR_SAFETY_CRITERION
2010-07-03 00:00:00,20100703T000000_C01,20100703T000000_C01_K4,4,VMAX / bus 30,10,RAY:90.000000:BASE,VMAX_BUS_30,VMAX,30,RAY,90,59.6875,2317.43035889,2249.14910889,0.444671629999903,0.513438275136733,0.000228281118893947,1.154645901599,BRACKET_NORMALIZATION_IS_DIAGNOSTIC_ONLY;NOT_AN_ACCEPTANCE_OR_SAFETY_CRITERION
2010-07-03 00:00:00,20100703T000000_C01,20100703T000000_C01_K4,4,VMAX / bus 30,13,RAY:105.000000:ADAPTIVE,VMAX_BUS_30,VMAX,30,RAY,104.999999999996,-401.081676621,2535.4430528,2509.8198332389,0.436946347367844,1.93322637216588,0.000770264999329084,4.42440218075194,BRACKET_NORMALIZATION_IS_DIAGNOSTIC_ONLY;NOT_AN_ACCEPTANCE_OR_SAFETY_CRITERION
2010-07-03 00:00:00,20100703T000000_C01,20100703T000000_C01_K4,4,VMAX / bus 30,14,RAY:110.000000:BASE,VMAX_BUS_30,VMAX,30,RAY,110.000000000021,-589.696276313,2628.05883707,2640.8636057556,0.431091022586853,6.56706380581156,0.00248671070762574,15.2335898029249,BRACKET_NORMALIZATION_IS_DIAGNOSTIC_ONLY;NOT_AN_ACCEPTANCE_OR_SAFETY_CRITERION
2010-07-03 00:00:00,20100703T000000_C01,20100703T000000_C01_K4,4,VMAX / bus 30,15,RAY:115.000000:ADAPTIVE,VMAX_BUS_30,VMAX,30,RAY,114.999999999984,-808.087030451,2738.21827141,2807.41809034478,0.423761219612559,16.1517809536898,0.00575325100641,38.1152880588205,BRACKET_NORMALIZATION_IS_DIAGNOSTIC_ONLY;NOT_AN_ACCEPTANCE_OR_SAFETY_CRITERION
2010-07-03 00:00:00,20100703T000000_C01,20100703T000000_C01_K4,4,VMAX / bus 30,16,RAY:120.000000:BASE,VMAX_BUS_30,VMAX,30,RAY,119.999999999923,-1069.56622314,2874.48256919,3024.89335597955,0.415108190960354,14.1292987370683,0.00467100723043268,34.0376293331627,BRACKET_NORMALIZATION_IS_DIAGNOSTIC_ONLY;NOT_AN_ACCEPTANCE_OR_SAFETY_CRITERION
2010-07-03 00:00:00,20100703T000000_C01,20100703T000000_C01_K5,5,VMAX / bus 30,8,RAY:70.000000:BASE,VMAX_BUS_30,VMAX,30,RAY,70.0000000000398,572.113418168,2088.19062903,2083.89400428709,0.431091022587294,2.60396857156969,0.00124956862787295,6.04041475032666,BRACKET_NORMALIZATION_IS_DIAGNOSTIC_ONLY;NOT_AN_ACCEPTANCE_OR_SAFETY_CRITERION
2010-07-03 00:00:00,20100703T000000_C01,20100703T000000_C01_K5,5,VMAX / bus 30,9,RAY:80.000000:BASE,VMAX_BUS_30,VMAX,30,RAY,80.0000000000139,321.521374251,2198.74292868,2146.49107662466,0.441210910213651,2.14855730057672,0.00100096260542359,4.86968307183588,BRACKET_NORMALIZATION_IS_DIAGNOSTIC_ONLY;NOT_AN_ACCEPTANCE_OR_SAFETY_CRITERION
2010-07-03 00:00:00,20100703T000000_C01,20100703T000000_C01_K5,5,VMAX / bus 30,12,RAY:100.000000:BASE,VMAX_BUS_30,VMAX,30,RAY,100.000000000004,-233.631023056,2454.9238294,2404.59945890638,0.441210910336084,1.82749751020844,0.000760000799068461,4.14200435074548,BRACKET_NORMALIZATION_IS_DIAGNOSTIC_ONLY;NOT_AN_ACCEPTANCE_OR_SAFETY_CRITERION
2010-07-03 00:00:00,20100703T000000_C01,20100703T000000_C01_K5,5,VMAX / bus 30,15,RAY:115.000000:ADAPTIVE,VMAX_BUS_30,VMAX,30,RAY,114.999999999984,-808.087030451,2738.21827141,2807.41809034478,0.423761219612559,3.65668369374556,0.00130250770496976,8.62911357742654,BRACKET_NORMALIZATION_IS_DIAGNOSTIC_ONLY;NOT_AN_ACCEPTANCE_OR_SAFETY_CRITERION
2010-07-03 00:00:00,20100703T000000_C01,20100703T000000_C01_K5,5,VMAX / bus 30,16,RAY:120.000000:BASE,VMAX_BUS_30,VMAX,30,RAY,119.999999999923,-1069.56622314,2874.48256919,3024.89335597955,0.415108190960354,14.1292987370649,0.00467100723043157,34.0376293331546,BRACKET_NORMALIZATION_IS_DIAGNOSTIC_ONLY;NOT_AN_ACCEPTANCE_OR_SAFETY_CRITERION
2010-07-03 00:00:00,20100703T000000_C02,20100703T000000_C02_K3,3,VMAX / bus 13,0,RAY:0.000000:BASE,VMAX_BUS_13,VMAX,13,RAY,0,1624.55700684,68.28125,1564.86950684,0.154968260000032,27.0151504304335,0.0172635164225202,174.326990768483,BRACKET_NORMALIZATION_IS_DIAGNOSTIC_ONLY;NOT_AN_ACCEPTANCE_OR_SAFETY_CRITERION
2010-07-03 00:00:00,20100703T000000_C02,20100703T000000_C02_K3,3,VMAX / bus 13,1,RAY:10.000000:BASE,VMAX_BUS_13,VMAX,13,RAY,9.99999999999418,1507.07816018,434.441505858,1492.98796249209,0.31484351675488,14.5458294200444,0.00974276403124141,46.2001872230673,BRACKET_NORMALIZATION_IS_DIAGNOSTIC_ONLY;NOT_AN_ACCEPTANCE_OR_SAFETY_CRITERION
2010-07-03 00:00:00,20100703T000000_C02,20100703T000000_C02_K3,3,VMAX / bus 13,2,RAY:20.000000:BASE,VMAX_BUS_13,VMAX,13,RAY,20.0000000000583,1402.9097351,769.704902488,1515.33531376281,0.16428180632485,7.49666568204675,0.00494719921984221,45.6329635627629,BRACKET_NORMALIZATION_IS_DIAGNOSTIC_ONLY;NOT_AN_ACCEPTANCE_OR_SAFETY_CRITERION
2010-07-03 00:00:00,20100703T000000_C02,20100703T000000_C02_K3,3,VMAX / bus 13,3,RAY:30.000000:BASE,VMAX_BUS_13,VMAX,13,RAY,29.999999999912,1302.97606604,1098.14074707,1614.42777545206,0.348537948782338,2.54408674501432,0.00157584426116675,7.29931060276912,BRACKET_NORMALIZATION_IS_DIAGNOSTIC_ONLY;NOT_AN_ACCEPTANCE_OR_SAFETY_CRITERION
2010-07-03 00:00:00,20100703T000000_C02,20100703T000000_C02_K3,3,VMAX / bus 13,48,RAY:335.000000:ADAPTIVE,VMAX_BUS_13,VMAX,13,RAY,335.000000000018,2093.66908296,-1292.49346251,2447.20021617095,0.337964394593204,17.3812808368811,0.00710251687705266,51.429325440635,BRACKET_NORMALIZATION_IS_DIAGNOSTIC_ONLY;NOT_AN_ACCEPTANCE_OR_SAFETY_CRITERION
2010-07-03 00:00:00,20100703T000000_C02,20100703T000000_C02_K3,3,VMAX / bus 13,49,RAY:340.000000:BASE,VMAX_BUS_13,VMAX,13,RAY,340.00000000003,1961.22652277,-924.692519969,2145.19173104959,0.328563594458425,34.6111442914598,0.0161342894392593,105.34077687003,BRACKET_NORMALIZATION_IS_DIAGNOSTIC_ONLY;NOT_AN_ACCEPTANCE_OR_SAFETY_CRITERION
2010-07-03 00:00:00,20100703T000000_C02,20100703T000000_C02_K3,3,VMAX / bus 13,50,RAY:345.000000:ADAPTIVE,VMAX_BUS_13,VMAX,13,RAY,345.00000000004,1855.34290361,-622.025492325,1923.77278466381,0.320735707056356,48.9353639920551,0.0254371848807534,152.572236004446,BRACKET_NORMALIZATION_IS_DIAGNOSTIC_ONLY;NOT_AN_ACCEPTANCE_OR_SAFETY_CRITERION
2010-07-03 00:00:00,20100703T000000_C02,20100703T000000_C02_K3,3,VMAX / bus 13,51,RAY:350.000000:BASE,VMAX_BUS_13,VMAX,13,RAY,349.99999999999,1767.43755139,-363.744610718,1761.54948336732,0.314843516754894,50.4123097380534,0.0286181627107556,160.118621014196,BRACKET_NORMALIZATION_IS_DIAGNOSTIC_ONLY;NOT_AN_ACCEPTANCE_OR_SAFETY_CRITERION
2010-07-03 00:00:00,20100703T000000_C02,20100703T000000_C02_K3,3,VMAX / bus 13,52,AXIS:P13_POSITIVE:AXIS,VMAX_BUS_13,VMAX,13,AXIS,358.282152722094,1646.5625,0,1588.34334913033,0.3125,29.7255489410324,0.0187148131147513,95.1217566113036,BRACKET_NORMALIZATION_IS_DIAGNOSTIC_ONLY;NOT_AN_ACCEPTANCE_OR_SAFETY_CRITERION
2010-07-03 00:00:00,20100703T000000_C02,20100703T000000_C02_K4,4,VMAX / bus 13,0,RAY:0.000000:BASE,VMAX_BUS_13,VMAX,13,RAY,0,1624.55700684,68.28125,1564.86950684,0.154968260000032,0.684876290235204,0.000437657125556878,4.41946170290008,BRACKET_NORMALIZATION_IS_DIAGNOSTIC_ONLY;NOT_AN_ACCEPTANCE_OR_SAFETY_CRITERION
2010-07-03 00:00:00,20100703T000000_C02,20100703T000000_C02_K4,4,VMAX / bus 13,1,RAY:10.000000:BASE,VMAX_BUS_13,VMAX,13,RAY,9.99999999999418,1507.07816018,434.441505858,1492.98796249209,0.31484351675488,4.64701295270041,0.00311255888824691,14.7597543077831,BRACKET_NORMALIZATION_IS_DIAGNOSTIC_ONLY;NOT_AN_ACCEPTANCE_OR_SAFETY_CRITERION
2010-07-03 00:00:00,20100703T000000_C02,20100703T000000_C02_K4,4,VMAX / bus 13,2,RAY:20.000000:BASE,VMAX_BUS_13,VMAX,13,RAY,20.0000000000583,1402.9097351,769.704902488,1515.33531376281,0.16428180632485,7.4966656820454,0.00494719921984133,45.6329635627547,BRACKET_NORMALIZATION_IS_DIAGNOSTIC_ONLY;NOT_AN_ACCEPTANCE_OR_SAFETY_CRITERION
2010-07-03 00:00:00,20100703T000000_C02,20100703T000000_C02_K4,4,VMAX / bus 13,3,RAY:30.000000:BASE,VMAX_BUS_13,VMAX,13,RAY,29.999999999912,1302.97606604,1098.14074707,1614.42777545206,0.348537948782338,2.54408674501307,0.00157584426116597,7.29931060276552,BRACKET_NORMALIZATION_IS_DIAGNOSTIC_ONLY;NOT_AN_ACCEPTANCE_OR_SAFETY_CRITERION
2010-07-03 00:00:00,20100703T000000_C02,20100703T000000_C02_K4,4,VMAX / bus 13,48,RAY:335.000000:ADAPTIVE,VMAX_BUS_13,VMAX,13,RAY,335.000000000018,2093.66908296,-1292.49346251,2447.20021617095,0.337964394593204,17.3812808368819,0.00710251687705299,51.4293254406374,BRACKET_NORMALIZATION_IS_DIAGNOSTIC_ONLY;NOT_AN_ACCEPTANCE_OR_SAFETY_CRITERION
2010-07-03 00:00:00,20100703T000000_C02,20100703T000000_C02_K4,4,VMAX / bus 13,49,RAY:340.000000:BASE,VMAX_BUS_13,VMAX,13,RAY,340.00000000003,1961.22652277,-924.692519969,2145.19173104959,0.328563594458425,10.076161106549,0.0046970911553994,30.6673084799842,BRACKET_NORMALIZATION_IS_DIAGNOSTIC_ONLY;NOT_AN_ACCEPTANCE_OR_SAFETY_CRITERION
2010-07-03 00:00:00,20100703T000000_C02,20100703T000000_C02_K4,4,VMAX / bus 13,50,RAY:345.000000:ADAPTIVE,VMAX_BUS_13,VMAX,13,RAY,345.00000000004,1855.34290361,-622.025492325,1923.77278466381,0.320735707056356,2.55070573356396,0.00132588721178406,7.9526715530796,BRACKET_NORMALIZATION_IS_DIAGNOSTIC_ONLY;NOT_AN_ACCEPTANCE_OR_SAFETY_CRITERION
2010-07-03 00:00:00,20100703T000000_C02,20100703T000000_C02_K5,5,VMAX / bus 13,2,RAY:20.000000:BASE,VMAX_BUS_13,VMAX,13,RAY,20.0000000000583,1402.9097351,769.704902488,1515.33531376281,0.16428180632485,3.28280358886055,0.00216638757049015,19.9827580564165,BRACKET_NORMALIZATION_IS_DIAGNOSTIC_ONLY;NOT_AN_ACCEPTANCE_OR_SAFETY_CRITERION
2010-07-03 00:00:00,20100703T000000_C02,20100703T000000_C02_K5,5,VMAX / bus 13,3,RAY:30.000000:BASE,VMAX_BUS_13,VMAX,13,RAY,29.999999999912,1302.97606604,1098.14074707,1614.42777545206,0.348537948782338,2.54408674501325,0.00157584426116608,7.29931060276604,BRACKET_NORMALIZATION_IS_DIAGNOSTIC_ONLY;NOT_AN_ACCEPTANCE_OR_SAFETY_CRITERION
2010-07-03 00:00:00,20100703T000000_C02,20100703T000000_C02_K5,5,VMAX / bus 13,48,RAY:335.000000:ADAPTIVE,VMAX_BUS_13,VMAX,13,RAY,335.000000000018,2093.66908296,-1292.49346251,2447.20021617095,0.337964394593204,15.7873604992639,0.00645119283454698,46.7130879815507,BRACKET_NORMALIZATION_IS_DIAGNOSTIC_ONLY;NOT_AN_ACCEPTANCE_OR_SAFETY_CRITERION
2010-07-03 00:00:00,20100703T000000_C02,20100703T000000_C02_K5,5,VMAX / bus 13,49,RAY:340.000000:BASE,VMAX_BUS_13,VMAX,13,RAY,340.00000000003,1961.22652277,-924.692519969,2145.19173104959,0.328563594458425,3.93966749923578,0.00183651066812018,11.9905782797683,BRACKET_NORMALIZATION_IS_DIAGNOSTIC_ONLY;NOT_AN_ACCEPTANCE_OR_SAFETY_CRITERION
2010-07-03 00:00:00,20100703T000000_C02,20100703T000000_C02_K5,5,VMAX / bus 13,52,AXIS:P13_POSITIVE:AXIS,VMAX_BUS_13,VMAX,13,AXIS,358.282152722094,1646.5625,0,1588.34334913033,0.3125,0.0996046277131034,6.27097584207092e-05,0.318734808681931,BRACKET_NORMALIZATION_IS_DIAGNOSTIC_ONLY;NOT_AN_ACCEPTANCE_OR_SAFETY_CRITERION
2010-11-26 18:00:00,20101126T180000_C01,20101126T180000_C01_K3,3,VMAX / bus 30,8,RAY:70.000000:BASE,VMAX_BUS_30,VMAX,30,RAY,69.9999999999883,645.37875002,2171.55785703,2053.27640681468,0.431814177168357,1.39546114434323,0.000679626542102074,3.23162419884876,BRACKET_NORMALIZATION_IS_DIAGNOSTIC_ONLY;NOT_AN_ACCEPTANCE_OR_SAFETY_CRITERION
2010-11-26 18:00:00,20101126T180000_C01,20101126T180000_C01_K3,3,VMAX / bus 30,9,RAY:80.000000:BASE,VMAX_BUS_30,VMAX,30,RAY,80.0000000000058,398.588461056,2280.27359658,2114.79658999917,0.220981880734387,6.02534973010728,0.00284913913640727,27.2662614241642,BRACKET_NORMALIZATION_IS_DIAGNOSTIC_ONLY;NOT_AN_ACCEPTANCE_OR_SAFETY_CRITERION
2010-11-26 18:00:00,20101126T180000_C01,20101126T180000_C01_K3,3,VMAX / bus 30,10,RAY:90.000000:BASE,VMAX_BUS_30,VMAX,30,RAY,90,140.78125,2396.61883545,2215.36883545,0.22271727999987,14.0726485774051,0.00635228245166974,63.1861550096754,BRACKET_NORMALIZATION_IS_DIAGNOSTIC_ONLY;NOT_AN_ACCEPTANCE_OR_SAFETY_CRITERION
2010-11-26 18:00:00,20101126T180000_C01,20101126T180000_C01_K3,3,VMAX / bus 30,11,AXIS:P30_POSITIVE:AXIS,VMAX_BUS_30,VMAX,30,AXIS,95.0643246452415,0,2461.875,2284.96602840755,0.3125,20.6201552236072,0.00902427211925683,65.9844967155431,BRACKET_NORMALIZATION_IS_DIAGNOSTIC_ONLY;NOT_AN_ACCEPTANCE_OR_SAFETY_CRITERION
2010-11-26 18:00:00,20101126T180000_C01,20101126T180000_C01_K3,3,VMAX / bus 30,12,RAY:100.000000:BASE,VMAX_BUS_30,VMAX,30,RAY,100.000000000003,-147.844294332,2531.19135985,2367.59986052851,0.441963761346424,28.7984478859498,0.0121635620807653,65.1602018188471,BRACKET_NORMALIZATION_IS_DIAGNOSTIC_ONLY;NOT_AN_ACCEPTANCE_OR_SAFETY_CRITERION
2010-11-26 18:00:00,20101126T180000_C01,20101126T180000_C01_K3,3,VMAX / bus 30,13,RAY:105.000000:ADAPTIVE,VMAX_BUS_30,VMAX,30,RAY,104.999999999983,-312.536855839,2610.04938416,2470.74153920993,0.437686715579626,40.4205731649831,0.0163596930409436,92.3504683285952,BRACKET_NORMALIZATION_IS_DIAGNOSTIC_ONLY;NOT_AN_ACCEPTANCE_OR_SAFETY_CRITERION
2010-11-26 18:00:00,20101126T180000_C01,20101126T180000_C01_K3,3,VMAX / bus 30,14,RAY:110.000000:BASE,VMAX_BUS_30,VMAX,30,RAY,109.999999999986,-498.057225314,2701.05090417,2599.52133943876,0.431814177168357,44.6972016565882,0.0171943968985607,103.510269046033,BRACKET_NORMALIZATION_IS_DIAGNOSTIC_ONLY;NOT_AN_ACCEPTANCE_OR_SAFETY_CRITERION
2010-11-26 18:00:00,20101126T180000_C01,20101126T180000_C01_K3,3,VMAX / bus 30,15,RAY:115.000000:ADAPTIVE,VMAX_BUS_30,VMAX,30,RAY,115.000000000002,-712.591345679,2808.53493454,2762.40310496437,0.424462677785291,29.287487896143,0.0106021774459745,68.9989707668898,BRACKET_NORMALIZATION_IS_DIAGNOSTIC_ONLY;NOT_AN_ACCEPTANCE_OR_SAFETY_CRITERION
2010-11-26 18:00:00,20101126T180000_C01,20101126T180000_C01_K3,3,VMAX / bus 30,16,RAY:120.000000:BASE,VMAX_BUS_30,VMAX,30,RAY,120.000000000015,-969.217605591,2941.34601161,2974.93318458058,0.415783809856599,13.6385548368345,0.00458449114337245,32.8020344071077,BRACKET_NORMALIZATION_IS_DIAGNOSTIC_ONLY;NOT_AN_ACCEPTANCE_OR_SAFETY_CRITERION
2010-11-26 18:00:00,20101126T180000_C01,20101126T180000_C01_K4,4,VMAX / bus 30,8,RAY:70.000000:BASE,VMAX_BUS_30,VMAX,30,RAY,69.9999999999883,645.37875002,2171.55785703,2053.27640681468,0.431814177168357,1.39546114434483,0.000679626542102851,3.23162419885246,BRACKET_NORMALIZATION_IS_DIAGNOSTIC_ONLY;NOT_AN_ACCEPTANCE_OR_SAFETY_CRITERION
2010-11-26 18:00:00,20101126T180000_C01,20101126T180000_C01_K4,4,VMAX / bus 30,9,RAY:80.000000:BASE,VMAX_BUS_30,VMAX,30,RAY,80.0000000000058,398.588461056,2280.27359658,2114.79658999917,0.220981880734387,5.02584713458635,0.00237651562252061,22.7432544147239,BRACKET_NORMALIZATION_IS_DIAGNOSTIC_ONLY;NOT_AN_ACCEPTANCE_OR_SAFETY_CRITERION
2010-11-26 18:00:00,20101126T180000_C01,20101126T180000_C01_K4,4,VMAX / bus 30,10,RAY:90.000000:BASE,VMAX_BUS_30,VMAX,30,RAY,90,140.78125,2396.61883545,2215.36883545,0.22271727999987,0.748707868135535,0.000337960819956851,3.36169635394242,BRACKET_NORMALIZATION_IS_DIAGNOSTIC_ONLY;NOT_AN_ACCEPTANCE_OR_SAFETY_CRITERION
2010-11-26 18:00:00,20101126T180000_C01,20101126T180000_C01_K4,4,VMAX / bus 30,13,RAY:105.000000:ADAPTIVE,VMAX_BUS_30,VMAX,30,RAY,104.999999999983,-312.536855839,2610.04938416,2470.74153920993,0.437686715579626,1.83099085303343,0.000741069360747026,4.18333659181009,BRACKET_NORMALIZATION_IS_DIAGNOSTIC_ONLY;NOT_AN_ACCEPTANCE_OR_SAFETY_CRITERION
2010-11-26 18:00:00,20101126T180000_C01,20101126T180000_C01_K4,4,VMAX / bus 30,14,RAY:110.000000:BASE,VMAX_BUS_30,VMAX,30,RAY,109.999999999986,-498.057225314,2701.05090417,2599.52133943876,0.431814177168357,6.63056545910475,0.00255068706631056,15.3551360971634,BRACKET_NORMALIZATION_IS_DIAGNOSTIC_ONLY;NOT_AN_ACCEPTANCE_OR_SAFETY_CRITERION
2010-11-26 18:00:00,20101126T180000_C01,20101126T180000_C01_K4,4,VMAX / bus 30,15,RAY:115.000000:ADAPTIVE,VMAX_BUS_30,VMAX,30,RAY,115.000000000002,-712.591345679,2808.53493454,2762.40310496437,0.424462677785291,15.582775062043,0.00564102141140765,36.7117673180334,BRACKET_NORMALIZATION_IS_DIAGNOSTIC_ONLY;NOT_AN_ACCEPTANCE_OR_SAFETY_CRITERION
2010-11-26 18:00:00,20101126T180000_C01,20101126T180000_C01_K4,4,VMAX / bus 30,16,RAY:120.000000:BASE,VMAX_BUS_30,VMAX,30,RAY,120.000000000015,-969.217605591,2941.34601161,2974.93318458058,0.415783809856599,13.6385548368322,0.00458449114337167,32.8020344071021,BRACKET_NORMALIZATION_IS_DIAGNOSTIC_ONLY;NOT_AN_ACCEPTANCE_OR_SAFETY_CRITERION
2010-11-26 18:00:00,20101126T180000_C01,20101126T180000_C01_K5,5,VMAX / bus 30,8,RAY:70.000000:BASE,VMAX_BUS_30,VMAX,30,RAY,69.9999999999883,645.37875002,2171.55785703,2053.27640681468,0.431814177168357,1.39546114434483,0.000679626542102851,3.23162419885246,BRACKET_NORMALIZATION_IS_DIAGNOSTIC_ONLY;NOT_AN_ACCEPTANCE_OR_SAFETY_CRITERION
2010-11-26 18:00:00,20101126T180000_C01,20101126T180000_C01_K5,5,VMAX / bus 30,9,RAY:80.000000:BASE,VMAX_BUS_30,VMAX,30,RAY,80.0000000000058,398.588461056,2280.27359658,2114.79658999917,0.220981880734387,3.00827737072573,0.00142249017468243,13.6132309161654,BRACKET_NORMALIZATION_IS_DIAGNOSTIC_ONLY;NOT_AN_ACCEPTANCE_OR_SAFETY_CRITERION
2010-11-26 18:00:00,20101126T180000_C01,20101126T180000_C01_K5,5,VMAX / bus 30,12,RAY:100.000000:BASE,VMAX_BUS_30,VMAX,30,RAY,100.000000000003,-147.844294332,2531.19135985,2367.59986052851,0.441963761346424,0.840001964334842,0.000354790510989189,1.90061276014081,BRACKET_NORMALIZATION_IS_DIAGNOSTIC_ONLY;NOT_AN_ACCEPTANCE_OR_SAFETY_CRITERION
2010-11-26 18:00:00,20101126T180000_C01,20101126T180000_C01_K5,5,VMAX / bus 30,15,RAY:115.000000:ADAPTIVE,VMAX_BUS_30,VMAX,30,RAY,115.000000000002,-712.591345679,2808.53493454,2762.40310496437,0.424462677785291,2.81491528900772,0.0010190096021645,6.63171448593557,BRACKET_NORMALIZATION_IS_DIAGNOSTIC_ONLY;NOT_AN_ACCEPTANCE_OR_SAFETY_CRITERION
2010-11-26 18:00:00,20101126T180000_C01,20101126T180000_C01_K5,5,VMAX / bus 30,16,RAY:120.000000:BASE,VMAX_BUS_30,VMAX,30,RAY,120.000000000015,-969.217605591,2941.34601161,2974.93318458058,0.415783809856599,12.3278801805177,0.00414391833887717,29.6497359643935,BRACKET_NORMALIZATION_IS_DIAGNOSTIC_ONLY;NOT_AN_ACCEPTANCE_OR_SAFETY_CRITERION
2010-11-26 18:00:00,20101126T180000_C02,20101126T180000_C02_K3,3,VMAX / bus 13,0,RAY:0.000000:BASE,VMAX_BUS_13,VMAX,13,RAY,0,1670.42327881,181.25,1529.64202881,0.15513610999983,26.2419659899033,0.0171556256272054,169.154466938304,BRACKET_NORMALIZATION_IS_DIAGNOSTIC_ONLY;NOT_AN_ACCEPTANCE_OR_SAFETY_CRITERION
2010-11-26 18:00:00,20101126T180000_C02,20101126T180000_C02_K3,3,VMAX / bus 13,1,RAY:10.000000:BASE,VMAX_BUS_13,VMAX,13,RAY,9.99999999996757,1555.97537164,539.491436855,1459.83263732674,0.157598252957075,14.3528349391933,0.0098318359051599,91.0722972487683,BRACKET_NORMALIZATION_IS_DIAGNOSTIC_ONLY;NOT_AN_ACCEPTANCE_OR_SAFETY_CRITERION
2010-11-26 18:00:00,20101126T180000_C02,20101126T180000_C02_K3,3,VMAX / bus 13,2,RAY:20.000000:BASE,VMAX_BUS_13,VMAX,13,RAY,20.0000000000141,1454.11557882,867.499744292,1481.81840007402,0.164482010284892,7.35393903063746,0.004962780209957,44.7096859887597,BRACKET_NORMALIZATION_IS_DIAGNOSTIC_ONLY;NOT_AN_ACCEPTANCE_OR_SAFETY_CRITERION
2010-11-26 18:00:00,20101126T180000_C02,20101126T180000_C02_K3,3,VMAX / bus 13,3,RAY:30.000000:BASE,VMAX_BUS_13,VMAX,13,RAY,29.9999999999825,1356.6651388,1189.04571533,1579.2485032068,0.349005195758092,2.74475191437139,0.0017380114078297,7.86450158258927,BRACKET_NORMALIZATION_IS_DIAGNOSTIC_ONLY;NOT_AN_ACCEPTANCE_OR_SAFETY_CRITERION
2010-11-26 18:00:00,20101126T180000_C02,20101126T180000_C02_K3,3,VMAX / bus 13,48,RAY:335.000000:ADAPTIVE,VMAX_BUS_13,VMAX,13,RAY,335.000000000038,2126.06826086,-1147.7864138,2389.07980291488,0.676793144641615,15.8714722509141,0.00664334118581955,23.4509944088139,BRACKET_NORMALIZATION_IS_DIAGNOSTIC_ONLY;NOT_AN_ACCEPTANCE_OR_SAFETY_CRITERION
2010-11-26 18:00:00,20101126T180000_C02,20101126T180000_C02_K3,3,VMAX / bus 13,49,RAY:340.000000:BASE,VMAX_BUS_13,VMAX,13,RAY,340.000000000025,1997.73015449,-789.051836252,2095.17180377186,0.328964011707236,31.9030997122579,0.0152269611756057,96.9805163388216,BRACKET_NORMALIZATION_IS_DIAGNOSTIC_ONLY;NOT_AN_ACCEPTANCE_OR_SAFETY_CRITERION
2010-11-26 18:00:00,20101126T180000_C02,20101126T180000_C02_K3,3,VMAX / bus 13,50,RAY:345.000000:ADAPTIVE,VMAX_BUS_13,VMAX,13,RAY,345.000000000021,1895.22474199,-493.639806143,1879.77344832344,0.321109225772641,45.6265845751252,0.0242723848535148,142.090544005206,BRACKET_NORMALIZATION_IS_DIAGNOSTIC_ONLY;NOT_AN_ACCEPTANCE_OR_SAFETY_CRITERION
2010-11-26 18:00:00,20101126T180000_C02,20101126T180000_C02_K3,3,VMAX / bus 13,51,RAY:350.000000:BASE,VMAX_BUS_13,VMAX,13,RAY,349.999999999985,1809.43613465,-241.152350571,1721.28814259386,0.315196515363079,48.5657851309844,0.0282147909633533,154.080970962007,BRACKET_NORMALIZATION_IS_DIAGNOSTIC_ONLY;NOT_AN_ACCEPTANCE_OR_SAFETY_CRITERION
2010-11-26 18:00:00,20101126T180000_C02,20101126T180000_C02_K3,3,VMAX / bus 13,52,AXIS:P13_POSITIVE:AXIS,VMAX_BUS_13,VMAX,13,AXIS,355.456035683251,1729.375,0,1598.90014229753,0.3125,34.3564204108365,0.0214875335250569,109.940545314677,BRACKET_NORMALIZATION_IS_DIAGNOSTIC_ONLY;NOT_AN_ACCEPTANCE_OR_SAFETY_CRITERION
2010-11-26 18:00:00,20101126T180000_C02,20101126T180000_C02_K4,4,VMAX / bus 13,0,RAY:0.000000:BASE,VMAX_BUS_13,VMAX,13,RAY,0,1670.42327881,181.25,1529.64202881,0.15513610999983,1.22219219277671,0.000799005368417816,7.87819285128426,BRACKET_NORMALIZATION_IS_DIAGNOSTIC_ONLY;NOT_AN_ACCEPTANCE_OR_SAFETY_CRITERION
2010-11-26 18:00:00,20101126T180000_C02,20101126T180000_C02_K4,4,VMAX / bus 13,1,RAY:10.000000:BASE,VMAX_BUS_13,VMAX,13,RAY,9.99999999996757,1555.97537164,539.491436855,1459.83263732674,0.157598252957075,5.43185033532178,0.00372087196602799,34.4664374978906,BRACKET_NORMALIZATION_IS_DIAGNOSTIC_ONLY;NOT_AN_ACCEPTANCE_OR_SAFETY_CRITERION
2010-11-26 18:00:00,20101126T180000_C02,20101126T180000_C02_K4,4,VMAX / bus 13,2,RAY:20.000000:BASE,VMAX_BUS_13,VMAX,13,RAY,20.0000000000141,1454.11557882,867.499744292,1481.81840007402,0.164482010284892,7.35393903063648,0.00496278020995633,44.7096859887537,BRACKET_NORMALIZATION_IS_DIAGNOSTIC_ONLY;NOT_AN_ACCEPTANCE_OR_SAFETY_CRITERION
2010-11-26 18:00:00,20101126T180000_C02,20101126T180000_C02_K4,4,VMAX / bus 13,3,RAY:30.000000:BASE,VMAX_BUS_13,VMAX,13,RAY,29.9999999999825,1356.6651388,1189.04571533,1579.2485032068,0.349005195758092,2.74475191437104,0.00173801140782948,7.86450158258827,BRACKET_NORMALIZATION_IS_DIAGNOSTIC_ONLY;NOT_AN_ACCEPTANCE_OR_SAFETY_CRITERION
2010-11-26 18:00:00,20101126T180000_C02,20101126T180000_C02_K4,4,VMAX / bus 13,48,RAY:335.000000:ADAPTIVE,VMAX_BUS_13,VMAX,13,RAY,335.000000000038,2126.06826086,-1147.7864138,2389.07980291488,0.676793144641615,15.871472250913,0.00664334118581911,23.4509944088123,BRACKET_NORMALIZATION_IS_DIAGNOSTIC_ONLY;NOT_AN_ACCEPTANCE_OR_SAFETY_CRITERION
2010-11-26 18:00:00,20101126T180000_C02,20101126T180000_C02_K4,4,VMAX / bus 13,49,RAY:340.000000:BASE,VMAX_BUS_13,VMAX,13,RAY,340.000000000025,1997.73015449,-789.051836252,2095.17180377186,0.328964011707236,8.72935675633312,0.0041664157281126,26.5359019396379,BRACKET_NORMALIZATION_IS_DIAGNOSTIC_ONLY;NOT_AN_ACCEPTANCE_OR_SAFETY_CRITERION
2010-11-26 18:00:00,20101126T180000_C02,20101126T180000_C02_K4,4,VMAX / bus 13,50,RAY:345.000000:ADAPTIVE,VMAX_BUS_13,VMAX,13,RAY,345.000000000021,1895.22474199,-493.639806143,1879.77344832344,0.321109225772641,2.41273560649326,0.00128352467614923,7.5137536166637,BRACKET_NORMALIZATION_IS_DIAGNOSTIC_ONLY;NOT_AN_ACCEPTANCE_OR_SAFETY_CRITERION
2010-11-26 18:00:00,20101126T180000_C02,20101126T180000_C02_K5,5,VMAX / bus 13,2,RAY:20.000000:BASE,VMAX_BUS_13,VMAX,13,RAY,20.0000000000141,1454.11557882,867.499744292,1481.81840007402,0.164482010284892,2.83247898983665,0.00191148860730517,17.2206005078041,BRACKET_NORMALIZATION_IS_DIAGNOSTIC_ONLY;NOT_AN_ACCEPTANCE_OR_SAFETY_CRITERION
2010-11-26 18:00:00,20101126T180000_C02,20101126T180000_C02_K5,5,VMAX / bus 13,3,RAY:30.000000:BASE,VMAX_BUS_13,VMAX,13,RAY,29.9999999999825,1356.6651388,1189.04571533,1579.2485032068,0.349005195758092,2.74475191436911,0.00173801140782825,7.86450158258274,BRACKET_NORMALIZATION_IS_DIAGNOSTIC_ONLY;NOT_AN_ACCEPTANCE_OR_SAFETY_CRITERION
2010-11-26 18:00:00,20101126T180000_C02,20101126T180000_C02_K5,5,VMAX / bus 13,48,RAY:335.000000:ADAPTIVE,VMAX_BUS_13,VMAX,13,RAY,335.000000000038,2126.06826086,-1147.7864138,2389.07980291488,0.676793144641615,13.3677450012284,0.00559535306644787,19.751596343824,BRACKET_NORMALIZATION_IS_DIAGNOSTIC_ONLY;NOT_AN_ACCEPTANCE_OR_SAFETY_CRITERION
2010-11-26 18:00:00,20101126T180000_C02,20101126T180000_C02_K5,5,VMAX / bus 13,49,RAY:340.000000:BASE,VMAX_BUS_13,VMAX,13,RAY,340.000000000025,1997.73015449,-789.051836252,2095.17180377186,0.328964011707236,2.9249953813656,0.00139606469316733,8.89153608683713,BRACKET_NORMALIZATION_IS_DIAGNOSTIC_ONLY;NOT_AN_ACCEPTANCE_OR_SAFETY_CRITERION
2010-11-26 18:00:00,20101126T180000_C02,20101126T180000_C02_K5,5,VMAX / bus 13,52,AXIS:P13_POSITIVE:AXIS,VMAX_BUS_13,VMAX,13,AXIS,355.456035683251,1729.375,0,1598.90014229753,0.3125,1.09420267792825,0.000684347101474358,3.50144856937041,BRACKET_NORMALIZATION_IS_DIAGNOSTIC_ONLY;NOT_AN_ACCEPTANCE_OR_SAFETY_CRITERION
2010-12-21 11:30:00,20101221T113000_C01,20101221T113000_C01_K3,3,VMAX / bus 30,9,RAY:70.000000:BASE,VMAX_BUS_30,VMAX,30,RAY,69.9999999999661,454.018481438,1953.97002061,2133.26131109268,0.430006314201123,2.18811893264768,0.00102571537826601,5.08857395899598,BRACKET_NORMALIZATION_IS_DIAGNOSTIC_ONLY;NOT_AN_ACCEPTANCE_OR_SAFETY_CRITERION
2010-12-21 11:30:00,20101221T113000_C01,20101221T113000_C01_K3,3,VMAX / bus 30,10,RAY:80.000000:BASE,VMAX_BUS_30,VMAX,30,RAY,79.9999999999891,197.324348544,2067.65262363,2197.76771059296,0.220040816796675,7.49220441892008,0.0034090065036485,34.049157460832,BRACKET_NORMALIZATION_IS_DIAGNOSTIC_ONLY;NOT_AN_ACCEPTANCE_OR_SAFETY_CRITERION
2010-12-21 11:30:00,20101221T113000_C01,20101221T113000_C01_K3,3,VMAX / bus 30,11,AXIS:P30_POSITIVE:AXIS,VMAX_BUS_30,VMAX,30,AXIS,87.4334521582336,0,2157.1875,2271.96952444779,0.3125,13.9975432393201,0.00616097315069497,44.7921383658242,BRACKET_NORMALIZATION_IS_DIAGNOSTIC_ONLY;NOT_AN_ACCEPTANCE_OR_SAFETY_CRITERION
2010-12-21 11:30:00,20101221T113000_C01,20101221T113000_C01_K3,3,VMAX / bus 30,12,RAY:90.000000:BASE,VMAX_BUS_30,VMAX,30,RAY,90,-71.015625,2189.78675079,2303.45862579,0.221763609999925,16.8379621029535,0.00730986088242791,75.9275252732365,BRACKET_NORMALIZATION_IS_DIAGNOSTIC_ONLY;NOT_AN_ACCEPTANCE_OR_SAFETY_CRITERION
2010-12-21 11:30:00,20101221T113000_C01,20101221T113000_C01_K3,3,VMAX / bus 30,13,RAY:100.000000:BASE,VMAX_BUS_30,VMAX,30,RAY,99.9999999999916,-371.810012645,2331.47320777,2463.57702120982,0.44008163359335,33.7128347520387,0.013684506090856,76.6058662270611,BRACKET_NORMALIZATION_IS_DIAGNOSTIC_ONLY;NOT_AN_ACCEPTANCE_OR_SAFETY_CRITERION
2010-12-21 11:30:00,20101221T113000_C01,20101221T113000_C01_K3,3,VMAX / bus 30,14,RAY:105.000000:ADAPTIVE,VMAX_BUS_30,VMAX,30,RAY,105.00000000001,-543.689980088,2414.82990248,2572.30291464232,0.435835805920925,47.074679464531,0.0183005971795032,108.010124053626,BRACKET_NORMALIZATION_IS_DIAGNOSTIC_ONLY;NOT_AN_ACCEPTANCE_OR_SAFETY_CRITERION
2010-12-21 11:30:00,20101221T113000_C01,20101221T113000_C01_K3,3,VMAX / bus 30,15,RAY:110.000000:BASE,VMAX_BUS_30,VMAX,30,RAY,109.999999999976,-737.441702049,2510.78710841,2707.74974319496,0.430006304508372,51.0947102159119,0.0188698052116233,118.823165335515,BRACKET_NORMALIZATION_IS_DIAGNOSTIC_ONLY;NOT_AN_ACCEPTANCE_OR_SAFETY_CRITERION
2010-12-21 11:30:00,20101221T113000_C01,20101221T113000_C01_K3,3,VMAX / bus 30,16,RAY:115.000000:ADAPTIVE,VMAX_BUS_30,VMAX,30,RAY,115.000000000005,-962.096234484,2625.36652389,2880.33956386956,0.422709059547342,33.8902797313315,0.0117660709717857,80.1740084956375,BRACKET_NORMALIZATION_IS_DIAGNOSTIC_ONLY;NOT_AN_ACCEPTANCE_OR_SAFETY_CRITERION
2010-12-21 11:30:00,20101221T113000_C01,20101221T113000_C01_K3,3,VMAX / bus 30,17,RAY:120.000000:BASE,VMAX_BUS_30,VMAX,30,RAY,119.999999999972,-1231.23459625,2766.73782849,3105.29678472248,0.414094782145169,15.4457695338934,0.00497400751190158,37.300082492898,BRACKET_NORMALIZATION_IS_DIAGNOSTIC_ONLY;NOT_AN_ACCEPTANCE_OR_SAFETY_CRITERION
2010-12-21 11:30:00,20101221T113000_C01,20101221T113000_C01_K4,4,VMAX / bus 30,9,RAY:70.000000:BASE,VMAX_BUS_30,VMAX,30,RAY,69.9999999999661,454.018481438,1953.97002061,2133.26131109268,0.430006314201123,2.18811893264957,0.0010257153782669,5.08857395900039,BRACKET_NORMALIZATION_IS_DIAGNOSTIC_ONLY;NOT_AN_ACCEPTANCE_OR_SAFETY_CRITERION
2010-12-21 11:30:00,20101221T113000_C01,20101221T113000_C01_K4,4,VMAX / bus 30,10,RAY:80.000000:BASE,VMAX_BUS_30,VMAX,30,RAY,79.9999999999891,197.324348544,2067.65262363,2197.76771059296,0.220040816796675,4.06176082254457,0.00184813017452545,18.4591244555221,BRACKET_NORMALIZATION_IS_DIAGNOSTIC_ONLY;NOT_AN_ACCEPTANCE_OR_SAFETY_CRITERION
2010-12-21 11:30:00,20101221T113000_C01,20101221T113000_C01_K4,4,VMAX / bus 30,11,AXIS:P30_POSITIVE:AXIS,VMAX_BUS_30,VMAX,30,AXIS,87.4334521582336,0,2157.1875,2271.96952444779,0.3125,0.840054590856109,0.000369747297143119,2.68817469073955,BRACKET_NORMALIZATION_IS_DIAGNOSTIC_ONLY;NOT_AN_ACCEPTANCE_OR_SAFETY_CRITERION
2010-12-21 11:30:00,20101221T113000_C01,20101221T113000_C01_K4,4,VMAX / bus 30,14,RAY:105.000000:ADAPTIVE,VMAX_BUS_30,VMAX,30,RAY,105.00000000001,-543.689980088,2414.82990248,2572.30291464232,0.435835805920925,2.6708604447436,0.00103831490044981,6.12813451409768,BRACKET_NORMALIZATION_IS_DIAGNOSTIC_ONLY;NOT_AN_ACCEPTANCE_OR_SAFETY_CRITERION
2010-12-21 11:30:00,20101221T113000_C01,20101221T113000_C01_K4,4,VMAX / bus 30,15,RAY:110.000000:BASE,VMAX_BUS_30,VMAX,30,RAY,109.999999999976,-737.441702049,2510.78710841,2707.74974319496,0.430006304508372,8.30464674875825,0.00306699198093519,19.3128488156772,BRACKET_NORMALIZATION_IS_DIAGNOSTIC_ONLY;NOT_AN_ACCEPTANCE_OR_SAFETY_CRITERION
2010-12-21 11:30:00,20101221T113000_C01,20101221T113000_C01_K4,4,VMAX / bus 30,16,RAY:115.000000:ADAPTIVE,VMAX_BUS_30,VMAX,30,RAY,115.000000000005,-962.096234484,2625.36652389,2880.33956386956,0.422709059547342,19.6771001313405,0.0068315209700156,46.5499844086893,BRACKET_NORMALIZATION_IS_DIAGNOSTIC_ONLY;NOT_AN_ACCEPTANCE_OR_SAFETY_CRITERION
2010-12-21 11:30:00,20101221T113000_C01,20101221T113000_C01_K4,4,VMAX / bus 30,17,RAY:120.000000:BASE,VMAX_BUS_30,VMAX,30,RAY,119.999999999972,-1231.23459625,2766.73782849,3105.29678472248,0.414094782145169,15.4457695338941,0.0049740075119018,37.3000824928997,BRACKET_NORMALIZATION_IS_DIAGNOSTIC_ONLY;NOT_AN_ACCEPTANCE_OR_SAFETY_CRITERION
2010-12-21 11:30:00,20101221T113000_C01,20101221T113000_C01_K5,5,VMAX / bus 30,9,RAY:70.000000:BASE,VMAX_BUS_30,VMAX,30,RAY,69.9999999999661,454.018481438,1953.97002061,2133.26131109268,0.430006314201123,2.1881189326472,0.00102571537826579,5.08857395899488,BRACKET_NORMALIZATION_IS_DIAGNOSTIC_ONLY;NOT_AN_ACCEPTANCE_OR_SAFETY_CRITERION
2010-12-21 11:30:00,20101221T113000_C01,20101221T113000_C01_K5,5,VMAX / bus 30,10,RAY:80.000000:BASE,VMAX_BUS_30,VMAX,30,RAY,79.9999999999891,197.324348544,2067.65262363,2197.76771059296,0.220040816796675,0.997128309566961,0.000453700500176124,4.5315606626217,BRACKET_NORMALIZATION_IS_DIAGNOSTIC_ONLY;NOT_AN_ACCEPTANCE_OR_SAFETY_CRITERION
2010-12-21 11:30:00,20101221T113000_C01,20101221T113000_C01_K5,5,VMAX / bus 30,13,RAY:100.000000:BASE,VMAX_BUS_30,VMAX,30,RAY,99.9999999999916,-371.810012645,2331.47320777,2463.57702120982,0.44008163359335,1.89725764966448,0.000770123131256018,4.31114935238949,BRACKET_NORMALIZATION_IS_DIAGNOSTIC_ONLY;NOT_AN_ACCEPTANCE_OR_SAFETY_CRITERION
2010-12-21 11:30:00,20101221T113000_C01,20101221T113000_C01_K5,5,VMAX / bus 30,16,RAY:115.000000:ADAPTIVE,VMAX_BUS_30,VMAX,30,RAY,115.000000000005,-962.096234484,2625.36652389,2880.33956386956,0.422709059547342,4.15847686042994,0.00144374535301084,9.83768094509979,BRACKET_NORMALIZATION_IS_DIAGNOSTIC_ONLY;NOT_AN_ACCEPTANCE_OR_SAFETY_CRITERION
2010-12-21 11:30:00,20101221T113000_C01,20101221T113000_C01_K5,5,VMAX / bus 30,17,RAY:120.000000:BASE,VMAX_BUS_30,VMAX,30,RAY,119.999999999972,-1231.23459625,2766.73782849,3105.29678472248,0.414094782145169,15.3467460970478,0.00494211895383112,37.0609501948945,BRACKET_NORMALIZATION_IS_DIAGNOSTIC_ONLY;NOT_AN_ACCEPTANCE_OR_SAFETY_CRITERION
2010-12-21 11:30:00,20101221T113000_C02,20101221T113000_C02_K3,3,VMAX / bus 13,0,RAY:0.000000:BASE,VMAX_BUS_13,VMAX,13,RAY,0,1550.41320801,-113.671875,1621.42883301,0.154716489999828,28.8074914702371,0.0177667319611921,186.195352998695,BRACKET_NORMALIZATION_IS_DIAGNOSTIC_ONLY;NOT_AN_ACCEPTANCE_OR_SAFETY_CRITERION
2010-12-21 11:30:00,20101221T113000_C02,20101221T113000_C02_K3,3,VMAX / bus 13,1,AXIS:P13_POSITIVE:AXIS,VMAX_BUS_13,VMAX,13,AXIS,2.86564952423014,1513.28125,0,1588.36956760723,0.15625,24.0852625591956,0.0151635129823586,154.145680378852,BRACKET_NORMALIZATION_IS_DIAGNOSTIC_ONLY;NOT_AN_ACCEPTANCE_OR_SAFETY_CRITERION
2010-12-21 11:30:00,20101221T113000_C02,20101221T113000_C02_K3,3,VMAX / bus 13,2,RAY:10.000000:BASE,VMAX_BUS_13,VMAX,13,RAY,9.9999999999812,1428.26582036,265.255178449,1546.42509169902,0.314314041778396,15.5268787015173,0.0100404984275432,49.3992524599469,BRACKET_NORMALIZATION_IS_DIAGNOSTIC_ONLY;NOT_AN_ACCEPTANCE_OR_SAFETY_CRITERION
2010-12-21 11:30:00,20101221T113000_C02,20101221T113000_C02_K3,3,VMAX / bus 13,3,RAY:20.000000:BASE,VMAX_BUS_13,VMAX,13,RAY,19.9999999999583,1319.89171621,611.962324328,1568.81108584375,0.163981502959212,7.80344909221192,0.0049741164902688,47.5873738890716,BRACKET_NORMALIZATION_IS_DIAGNOSTIC_ONLY;NOT_AN_ACCEPTANCE_OR_SAFETY_CRITERION
2010-12-21 11:30:00,20101221T113000_C02,20101221T113000_C02_K3,3,VMAX / bus 13,4,RAY:30.000000:BASE,VMAX_BUS_13,VMAX,13,RAY,29.9999999999797,1216.34503938,951.680511475,1671.00963119932,0.347837138295486,2.70052719278477,0.00161610510338384,7.76376900413285,BRACKET_NORMALIZATION_IS_DIAGNOSTIC_ONLY;NOT_AN_ACCEPTANCE_OR_SAFETY_CRITERION
2010-12-21 11:30:00,20101221T113000_C02,20101221T113000_C02_K3,3,VMAX / bus 13,49,RAY:335.000000:ADAPTIVE,VMAX_BUS_13,VMAX,13,RAY,334.999999999995,2041.26992187,-1525.49031747,2540.66557146239,0.337316189832693,19.1334868521826,0.00753089547364927,56.7227053693235,BRACKET_NORMALIZATION_IS_DIAGNOSTIC_ONLY;NOT_AN_ACCEPTANCE_OR_SAFETY_CRITERION
2010-12-21 11:30:00,20101221T113000_C02,20101221T113000_C02_K3,3,VMAX / bus 13,50,RAY:340.000000:BASE,VMAX_BUS_13,VMAX,13,RAY,340.000000000066,1902.16242819,-1143.07580029,2225.55702488009,0.327963017559627,38.4546809165284,0.0172786769723864,117.253101287669,BRACKET_NORMALIZATION_IS_DIAGNOSTIC_ONLY;NOT_AN_ACCEPTANCE_OR_SAFETY_CRITERION
2010-12-21 11:30:00,20101221T113000_C02,20101221T113000_C02_K3,3,VMAX / bus 13,51,RAY:345.000000:ADAPTIVE,VMAX_BUS_13,VMAX,13,RAY,344.999999999992,1791.36366667,-828.948877403,1995.01323710092,0.320175451152203,54.4487272643079,0.0272924140310121,170.059031910052,BRACKET_NORMALIZATION_IS_DIAGNOSTIC_ONLY;NOT_AN_ACCEPTANCE_OR_SAFETY_CRITERION
2010-12-21 11:30:00,20101221T113000_C02,20101221T113000_C02_K3,3,VMAX / bus 13,52,RAY:350.000000:BASE,VMAX_BUS_13,VMAX,13,RAY,349.999999999982,1699.32493532,-561.106167075,1826.00743296373,0.157157021011721,53.8893507862726,0.0295121201663493,342.90132530734,BRACKET_NORMALIZATION_IS_DIAGNOSTIC_ONLY;NOT_AN_ACCEPTANCE_OR_SAFETY_CRITERION
2010-12-21 11:30:00,20101221T113000_C02,20101221T113000_C02_K4,4,VMAX / bus 13,1,AXIS:P13_POSITIVE:AXIS,VMAX_BUS_13,VMAX,13,AXIS,2.86564952423014,1513.28125,0,1588.36956760723,0.15625,0.684906592547706,0.000431201029354567,4.38340219230532,BRACKET_NORMALIZATION_IS_DIAGNOSTIC_ONLY;NOT_AN_ACCEPTANCE_OR_SAFETY_CRITERION
2010-12-21 11:30:00,20101221T113000_C02,20101221T113000_C02_K4,4,VMAX / bus 13,2,RAY:10.000000:BASE,VMAX_BUS_13,VMAX,13,RAY,9.9999999999812,1428.26582036,265.255178449,1546.42509169902,0.314314041778396,3.77167391710957,0.00243896321739434,11.9996990772966,BRACKET_NORMALIZATION_IS_DIAGNOSTIC_ONLY;NOT_AN_ACCEPTANCE_OR_SAFETY_CRITERION
2010-12-21 11:30:00,20101221T113000_C02,20101221T113000_C02_K4,4,VMAX / bus 13,3,RAY:20.000000:BASE,VMAX_BUS_13,VMAX,13,RAY,19.9999999999583,1319.89171621,611.962324328,1568.81108584375,0.163981502959212,7.80344909221139,0.00497411649026847,47.5873738890684,BRACKET_NORMALIZATION_IS_DIAGNOSTIC_ONLY;NOT_AN_ACCEPTANCE_OR_SAFETY_CRITERION
2010-12-21 11:30:00,20101221T113000_C02,20101221T113000_C02_K4,4,VMAX / bus 13,4,RAY:30.000000:BASE,VMAX_BUS_13,VMAX,13,RAY,29.9999999999797,1216.34503938,951.680511475,1671.00963119932,0.347837138295486,2.70052719278439,0.00161610510338361,7.76376900413178,BRACKET_NORMALIZATION_IS_DIAGNOSTIC_ONLY;NOT_AN_ACCEPTANCE_OR_SAFETY_CRITERION
2010-12-21 11:30:00,20101221T113000_C02,20101221T113000_C02_K4,4,VMAX / bus 13,49,RAY:335.000000:ADAPTIVE,VMAX_BUS_13,VMAX,13,RAY,334.999999999995,2041.26992187,-1525.49031747,2540.66557146239,0.337316189832693,19.1334868521826,0.00753089547364927,56.7227053693235,BRACKET_NORMALIZATION_IS_DIAGNOSTIC_ONLY;NOT_AN_ACCEPTANCE_OR_SAFETY_CRITERION
2010-12-21 11:30:00,20101221T113000_C02,20101221T113000_C02_K4,4,VMAX / bus 13,50,RAY:340.000000:BASE,VMAX_BUS_13,VMAX,13,RAY,340.000000000066,1902.16242819,-1143.07580029,2225.55702488009,0.327963017559627,12.4897022018748,0.00561194436370271,38.0826542419652,BRACKET_NORMALIZATION_IS_DIAGNOSTIC_ONLY;NOT_AN_ACCEPTANCE_OR_SAFETY_CRITERION
2010-12-21 11:30:00,20101221T113000_C02,20101221T113000_C02_K4,4,VMAX / bus 13,51,RAY:345.000000:ADAPTIVE,VMAX_BUS_13,VMAX,13,RAY,344.999999999992,1791.36366667,-828.948877403,1995.01323710092,0.320175451152203,3.55852667934873,0.00178371081112216,11.1143020695147,BRACKET_NORMALIZATION_IS_DIAGNOSTIC_ONLY;NOT_AN_ACCEPTANCE_OR_SAFETY_CRITERION
2010-12-21 11:30:00,20101221T113000_C02,20101221T113000_C02_K5,5,VMAX / bus 13,0,RAY:0.000000:BASE,VMAX_BUS_13,VMAX,13,RAY,0,1550.41320801,-113.671875,1621.42883301,0.154716489999828,0.699631419372879,0.000431490673614143,4.52202230915177,BRACKET_NORMALIZATION_IS_DIAGNOSTIC_ONLY;NOT_AN_ACCEPTANCE_OR_SAFETY_CRITERION
2010-12-21 11:30:00,20101221T113000_C02,20101221T113000_C02_K5,5,VMAX / bus 13,3,RAY:20.000000:BASE,VMAX_BUS_13,VMAX,13,RAY,19.9999999999583,1319.89171621,611.962324328,1568.81108584375,0.163981502959212,2.65453546718358,0.00169206827459145,16.1880176683334,BRACKET_NORMALIZATION_IS_DIAGNOSTIC_ONLY;NOT_AN_ACCEPTANCE_OR_SAFETY_CRITERION
2010-12-21 11:30:00,20101221T113000_C02,20101221T113000_C02_K5,5,VMAX / bus 13,4,RAY:30.000000:BASE,VMAX_BUS_13,VMAX,13,RAY,29.9999999999797,1216.34503938,951.680511475,1671.00963119932,0.347837138295486,2.70052719278643,0.00161610510338484,7.76376900413765,BRACKET_NORMALIZATION_IS_DIAGNOSTIC_ONLY;NOT_AN_ACCEPTANCE_OR_SAFETY_CRITERION
2010-12-21 11:30:00,20101221T113000_C02,20101221T113000_C02_K5,5,VMAX / bus 13,49,RAY:335.000000:ADAPTIVE,VMAX_BUS_13,VMAX,13,RAY,334.999999999995,2041.26992187,-1525.49031747,2540.66557146239,0.337316189832693,16.4791107655316,0.00648613928201747,48.8536016421421,BRACKET_NORMALIZATION_IS_DIAGNOSTIC_ONLY;NOT_AN_ACCEPTANCE_OR_SAFETY_CRITERION
2010-12-21 11:30:00,20101221T113000_C02,20101221T113000_C02_K5,5,VMAX / bus 13,50,RAY:340.000000:BASE,VMAX_BUS_13,VMAX,13,RAY,340.000000000066,1902.16242819,-1143.07580029,2225.55702488009,0.327963017559627,3.92409171210136,0.00176319531166036,11.9650433189099,BRACKET_NORMALIZATION_IS_DIAGNOSTIC_ONLY;NOT_AN_ACCEPTANCE_OR_SAFETY_CRITERION
2010-12-21 12:00:00,20101221T120000_C01,20101221T120000_C01_K3,3,VMAX / bus 30,9,RAY:70.000000:BASE,VMAX_BUS_30,VMAX,30,RAY,70.0000000000257,462.023927744,1962.99590533,2129.74807822827,0.430078367806583,2.2648782657969,0.00106344890691534,5.26619898914673,BRACKET_NORMALIZATION_IS_DIAGNOSTIC_ONLY;NOT_AN_ACCEPTANCE_OR_SAFETY_CRITERION
2010-12-21 12:00:00,20101221T120000_C01,20101221T120000_C01_K3,3,VMAX / bus 30,10,RAY:80.000000:BASE,VMAX_BUS_30,VMAX,30,RAY,79.9999999999881,205.7734234,2076.51794453,2194.18194639848,0.220078429271067,7.76734431364181,0.00353997275676754,35.2935284905859,BRACKET_NORMALIZATION_IS_DIAGNOSTIC_ONLY;NOT_AN_ACCEPTANCE_OR_SAFETY_CRITERION
2010-12-21 12:00:00,20101221T120000_C01,20101221T120000_C01_K3,3,VMAX / bus 30,11,AXIS:P30_POSITIVE:AXIS,VMAX_BUS_30,VMAX,30,AXIS,87.7551976875139,0,2170,2272.09905967211,0.3125,14.8252428160595,0.00652491041398473,47.4407770113903,BRACKET_NORMALIZATION_IS_DIAGNOSTIC_ONLY;NOT_AN_ACCEPTANCE_OR_SAFETY_CRITERION
2010-12-21 12:00:00,20101221T120000_C01,20101221T120000_C01_K3,3,VMAX / bus 30,12,RAY:90.000000:BASE,VMAX_BUS_30,VMAX,30,RAY,90,-62.109375,2198.390625,2299.640625,0.443603520000124,17.2420344585002,0.00749770823799922,38.8681191224438,BRACKET_NORMALIZATION_IS_DIAGNOSTIC_ONLY;NOT_AN_ACCEPTANCE_OR_SAFETY_CRITERION
2010-12-21 12:00:00,20101221T120000_C01,20101221T120000_C01_K3,3,VMAX / bus 30,13,RAY:100.000000:BASE,VMAX_BUS_30,VMAX,30,RAY,99.9999999999771,-362.396050518,2339.94704595,2459.59653289898,0.440156858420054,34.4500273034988,0.014006373339165,78.2676144753429,BRACKET_NORMALIZATION_IS_DIAGNOSTIC_ONLY;NOT_AN_ACCEPTANCE_OR_SAFETY_CRITERION
2010-12-21 12:00:00,20101221T120000_C01,20101221T120000_C01_K3,3,VMAX / bus 30,14,RAY:105.000000:ADAPTIVE,VMAX_BUS_30,VMAX,30,RAY,105.000000000001,-533.949301689,2422.97335218,2567.94401187189,0.435909692466162,47.7560061099588,0.0185969810436588,109.55481590643,BRACKET_NORMALIZATION_IS_DIAGNOSTIC_ONLY;NOT_AN_ACCEPTANCE_OR_SAFETY_CRITERION
2010-12-21 12:00:00,20101221T120000_C01,20101221T120000_C01_K3,3,VMAX / bus 30,15,RAY:110.000000:BASE,VMAX_BUS_30,VMAX,30,RAY,109.999999999976,-727.331064771,2518.65822193,2703.04254274294,0.430078367806569,51.0475092372311,0.0188852037768633,118.693505784951,BRACKET_NORMALIZATION_IS_DIAGNOSTIC_ONLY;NOT_AN_ACCEPTANCE_OR_SAFETY_CRITERION
2010-12-21 12:00:00,20101221T120000_C01,20101221T120000_C01_K3,3,VMAX / bus 30,16,RAY:115.000000:ADAPTIVE,VMAX_BUS_30,VMAX,30,RAY,114.999999999998,-951.446877613,2632.63097986,2874.89589474023,0.845557615110435,33.6089718760349,0.011690500493435,39.7477017241993,BRACKET_NORMALIZATION_IS_DIAGNOSTIC_ONLY;NOT_AN_ACCEPTANCE_OR_SAFETY_CRITERION
2010-12-21 12:00:00,20101221T120000_C01,20101221T120000_C01_K3,3,VMAX / bus 30,17,RAY:120.000000:BASE,VMAX_BUS_30,VMAX,30,RAY,119.999999999867,-1220.12179565,2773.89260243,3099.58670643162,0.828323541711825,15.5619398213903,0.00502064994313578,18.7872721681069,BRACKET_NORMALIZATION_IS_DIAGNOSTIC_ONLY;NOT_AN_ACCEPTANCE_OR_SAFETY_CRITERION
2010-12-21 12:00:00,20101221T120000_C01,20101221T120000_C01_K4,4,VMAX / bus 30,9,RAY:70.000000:BASE,VMAX_BUS_30,VMAX,30,RAY,70.0000000000257,462.023927744,1962.99590533,2129.74807822827,0.430078367806583,2.26487826579927,0.00106344890691645,5.26619898915223,BRACKET_NORMALIZATION_IS_DIAGNOSTIC_ONLY;NOT_AN_ACCEPTANCE_OR_SAFETY_CRITERION
2010-12-21 12:00:00,20101221T120000_C01,20101221T120000_C01_K4,4,VMAX / bus 30,10,RAY:80.000000:BASE,VMAX_BUS_30,VMAX,30,RAY,79.9999999999881,205.7734234,2076.51794453,2194.18194639848,0.220078429271067,4.19820205304378,0.00191333360477908,19.0759360967309,BRACKET_NORMALIZATION_IS_DIAGNOSTIC_ONLY;NOT_AN_ACCEPTANCE_OR_SAFETY_CRITERION
2010-12-21 12:00:00,20101221T120000_C01,20101221T120000_C01_K4,4,VMAX / bus 30,11,AXIS:P30_POSITIVE:AXIS,VMAX_BUS_30,VMAX,30,AXIS,87.7551976875139,0,2170,2272.09905967211,0.3125,0.877025802047655,0.000385998048066716,2.8064825665525,BRACKET_NORMALIZATION_IS_DIAGNOSTIC_ONLY;NOT_AN_ACCEPTANCE_OR_SAFETY_CRITERION
2010-12-21 12:00:00,20101221T120000_C01,20101221T120000_C01_K4,4,VMAX / bus 30,14,RAY:105.000000:ADAPTIVE,VMAX_BUS_30,VMAX,30,RAY,105.000000000001,-533.949301689,2422.97335218,2567.94401187189,0.435909692466162,2.40458862286944,0.000936386701482883,5.51625408755072,BRACKET_NORMALIZATION_IS_DIAGNOSTIC_ONLY;NOT_AN_ACCEPTANCE_OR_SAFETY_CRITERION
2010-12-21 12:00:00,20101221T120000_C01,20101221T120000_C01_K4,4,VMAX / bus 30,15,RAY:110.000000:BASE,VMAX_BUS_30,VMAX,30,RAY,109.999999999976,-727.331064771,2518.65822193,2703.04254274294,0.430078367806569,7.82818672733519,0.00289606493554906,18.2017681271893,BRACKET_NORMALIZATION_IS_DIAGNOSTIC_ONLY;NOT_AN_ACCEPTANCE_OR_SAFETY_CRITERION
2010-12-21 12:00:00,20101221T120000_C01,20101221T120000_C01_K4,4,VMAX / bus 30,16,RAY:115.000000:ADAPTIVE,VMAX_BUS_30,VMAX,30,RAY,114.999999999998,-951.446877613,2632.63097986,2874.89589474023,0.845557615110435,18.634255350999,0.00648171482838433,22.0378304422996,BRACKET_NORMALIZATION_IS_DIAGNOSTIC_ONLY;NOT_AN_ACCEPTANCE_OR_SAFETY_CRITERION
2010-12-21 12:00:00,20101221T120000_C01,20101221T120000_C01_K4,4,VMAX / bus 30,17,RAY:120.000000:BASE,VMAX_BUS_30,VMAX,30,RAY,119.999999999867,-1220.12179565,2773.89260243,3099.58670643162,0.828323541711825,15.5619398213903,0.00502064994313578,18.7872721681069,BRACKET_NORMALIZATION_IS_DIAGNOSTIC_ONLY;NOT_AN_ACCEPTANCE_OR_SAFETY_CRITERION
2010-12-21 12:00:00,20101221T120000_C01,20101221T120000_C01_K5,5,VMAX / bus 30,9,RAY:70.000000:BASE,VMAX_BUS_30,VMAX,30,RAY,70.0000000000257,462.023927744,1962.99590533,2129.74807822827,0.430078367806583,2.26487826579549,0.00106344890691468,5.26619898914344,BRACKET_NORMALIZATION_IS_DIAGNOSTIC_ONLY;NOT_AN_ACCEPTANCE_OR_SAFETY_CRITERION
2010-12-21 12:00:00,20101221T120000_C01,20101221T120000_C01_K5,5,VMAX / bus 30,10,RAY:80.000000:BASE,VMAX_BUS_30,VMAX,30,RAY,79.9999999999881,205.7734234,2076.51794453,2194.18194639848,0.220078429271067,0.551736476906071,0.000251454296126941,2.50699933988763,BRACKET_NORMALIZATION_IS_DIAGNOSTIC_ONLY;NOT_AN_ACCEPTANCE_OR_SAFETY_CRITERION
2010-12-21 12:00:00,20101221T120000_C01,20101221T120000_C01_K5,5,VMAX / bus 30,13,RAY:100.000000:BASE,VMAX_BUS_30,VMAX,30,RAY,99.9999999999771,-362.396050518,2339.94704595,2459.59653289898,0.440156858420054,1.99317988130847,0.000810368633492597,4.5283399387732,BRACKET_NORMALIZATION_IS_DIAGNOSTIC_ONLY;NOT_AN_ACCEPTANCE_OR_SAFETY_CRITERION
2010-12-21 12:00:00,20101221T120000_C01,20101221T120000_C01_K5,5,VMAX / bus 30,16,RAY:115.000000:ADAPTIVE,VMAX_BUS_30,VMAX,30,RAY,114.999999999998,-951.446877613,2632.63097986,2874.89589474023,0.845557615110435,3.86113900113697,0.00134305350263331,4.56638191429769,BRACKET_NORMALIZATION_IS_DIAGNOSTIC_ONLY;NOT_AN_ACCEPTANCE_OR_SAFETY_CRITERION
2010-12-21 12:00:00,20101221T120000_C01,20101221T120000_C01_K5,5,VMAX / bus 30,17,RAY:120.000000:BASE,VMAX_BUS_30,VMAX,30,RAY,119.999999999867,-1220.12179565,2773.89260243,3099.58670643162,0.828323541711825,15.3522697964843,0.00495300543283028,18.5341464094539,BRACKET_NORMALIZATION_IS_DIAGNOSTIC_ONLY;NOT_AN_ACCEPTANCE_OR_SAFETY_CRITERION
2010-12-21 12:00:00,20101221T120000_C02,20101221T120000_C02_K3,3,VMAX / bus 13,0,RAY:0.000000:BASE,VMAX_BUS_13,VMAX,13,RAY,0,1555.30161285,-101.25,1617.41098785,0.154731749999883,29.0902468212095,0.0179856864085477,188.004380621504,BRACKET_NORMALIZATION_IS_DIAGNOSTIC_ONLY;NOT_AN_ACCEPTANCE_OR_SAFETY_CRITERION
2010-12-21 12:00:00,20101221T120000_C02,20101221T120000_C02_K3,3,VMAX / bus 13,1,AXIS:P13_POSITIVE:AXIS,VMAX_BUS_13,VMAX,13,AXIS,2.55249724749843,1522.34375,0,1587.68487673791,0.15625,24.945400620821,0.0157118084238947,159.650563973254,BRACKET_NORMALIZATION_IS_DIAGNOSTIC_ONLY;NOT_AN_ACCEPTANCE_OR_SAFETY_CRITERION
2010-12-21 12:00:00,20101221T120000_C02,20101221T120000_C02_K3,3,VMAX / bus 13,2,RAY:10.000000:BASE,VMAX_BUS_13,VMAX,13,RAY,9.99999999998175,1433.66279112,276.817863802,1542.81226420428,0.314346422193028,15.9234360248104,0.0103210457903788,50.6556935298358,BRACKET_NORMALIZATION_IS_DIAGNOSTIC_ONLY;NOT_AN_ACCEPTANCE_OR_SAFETY_CRITERION
2010-12-21 12:00:00,20101221T120000_C02,20101221T120000_C02_K3,3,VMAX / bus 13,3,RAY:20.000000:BASE,VMAX_BUS_13,VMAX,13,RAY,19.9999999999529,1325.59093679,622.764224907,1565.21843626049,0.16400025160114,8.17034304551829,0.00521993790530495,49.8190884815783,BRACKET_NORMALIZATION_IS_DIAGNOSTIC_ONLY;NOT_AN_ACCEPTANCE_OR_SAFETY_CRITERION
2010-12-21 12:00:00,20101221T120000_C02,20101221T120000_C02_K3,3,VMAX / bus 13,4,RAY:30.000000:BASE,VMAX_BUS_13,VMAX,13,RAY,30,1222.29621687,961.734924316,1667.22364239175,0.173940914696824,3.00578817152309,0.00180287040988158,17.2805126198291,BRACKET_NORMALIZATION_IS_DIAGNOSTIC_ONLY;NOT_AN_ACCEPTANCE_OR_SAFETY_CRITERION
2010-12-21 12:00:00,20101221T120000_C02,20101221T120000_C02_K3,3,VMAX / bus 13,49,RAY:335.000000:ADAPTIVE,VMAX_BUS_13,VMAX,13,RAY,334.999999999954,2044.77511071,-1509.56179943,2534.2265803474,0.337357101685756,19.1529324959238,0.00755770326317795,56.7734676407214,BRACKET_NORMALIZATION_IS_DIAGNOSTIC_ONLY;NOT_AN_ACCEPTANCE_OR_SAFETY_CRITERION
2010-12-21 12:00:00,20101221T120000_C02,20101221T120000_C02_K3,3,VMAX / bus 13,50,RAY:340.000000:BASE,VMAX_BUS_13,VMAX,13,RAY,340.000000000012,1906.02887105,-1128.10001554,2219.90745527359,0.328000512993163,38.2255710067678,0.0172194435024575,116.541192749795,BRACKET_NORMALIZATION_IS_DIAGNOSTIC_ONLY;NOT_AN_ACCEPTANCE_OR_SAFETY_CRITERION
2010-12-21 12:00:00,20101221T120000_C02,20101221T120000_C02_K3,3,VMAX / bus 13,51,RAY:345.000000:ADAPTIVE,VMAX_BUS_13,VMAX,13,RAY,345.000000000003,1795.67089172,-814.813033148,1990.1054549168,0.320210050919267,54.221079256238,0.0272453296996288,169.329723100754,BRACKET_NORMALIZATION_IS_DIAGNOSTIC_ONLY;NOT_AN_ACCEPTANCE_OR_SAFETY_CRITERION
2010-12-21 12:00:00,20101221T120000_C02,20101221T120000_C02_K3,3,VMAX / bus 13,52,RAY:350.000000:BASE,VMAX_BUS_13,VMAX,13,RAY,349.999999999981,1703.98673393,-547.64430944,1821.63754503417,0.314346431888234,54.4548182686177,0.0298933332907323,173.231863780083,BRACKET_NORMALIZATION_IS_DIAGNOSTIC_ONLY;NOT_AN_ACCEPTANCE_OR_SAFETY_CRITERION
2010-12-21 12:00:00,20101221T120000_C02,20101221T120000_C02_K4,4,VMAX / bus 13,1,AXIS:P13_POSITIVE:AXIS,VMAX_BUS_13,VMAX,13,AXIS,2.55249724749843,1522.34375,0,1587.68487673791,0.15625,0.752066869202868,0.000473687745107254,4.81322796289836,BRACKET_NORMALIZATION_IS_DIAGNOSTIC_ONLY;NOT_AN_ACCEPTANCE_OR_SAFETY_CRITERION
2010-12-21 12:00:00,20101221T120000_C02,20101221T120000_C02_K4,4,VMAX / bus 13,2,RAY:10.000000:BASE,VMAX_BUS_13,VMAX,13,RAY,9.99999999998175,1433.66279112,276.817863802,1542.81226420428,0.314346422193028,4.07951759010257,0.00264420868614668,12.9777764341707,BRACKET_NORMALIZATION_IS_DIAGNOSTIC_ONLY;NOT_AN_ACCEPTANCE_OR_SAFETY_CRITERION
2010-12-21 12:00:00,20101221T120000_C02,20101221T120000_C02_K4,4,VMAX / bus 13,3,RAY:20.000000:BASE,VMAX_BUS_13,VMAX,13,RAY,19.9999999999529,1325.59093679,622.764224907,1565.21843626049,0.16400025160114,8.17034304552038,0.00521993790530628,49.819088481591,BRACKET_NORMALIZATION_IS_DIAGNOSTIC_ONLY;NOT_AN_ACCEPTANCE_OR_SAFETY_CRITERION
2010-12-21 12:00:00,20101221T120000_C02,20101221T120000_C02_K4,4,VMAX / bus 13,4,RAY:30.000000:BASE,VMAX_BUS_13,VMAX,13,RAY,30,1222.29621687,961.734924316,1667.22364239175,0.173940914696824,3.00578817152457,0.00180287040988247,17.2805126198376,BRACKET_NORMALIZATION_IS_DIAGNOSTIC_ONLY;NOT_AN_ACCEPTANCE_OR_SAFETY_CRITERION
2010-12-21 12:00:00,20101221T120000_C02,20101221T120000_C02_K4,4,VMAX / bus 13,49,RAY:335.000000:ADAPTIVE,VMAX_BUS_13,VMAX,13,RAY,334.999999999954,2044.77511071,-1509.56179943,2534.2265803474,0.337357101685756,19.1529324959224,0.0075577032631774,56.7734676407172,BRACKET_NORMALIZATION_IS_DIAGNOSTIC_ONLY;NOT_AN_ACCEPTANCE_OR_SAFETY_CRITERION
2010-12-21 12:00:00,20101221T120000_C02,20101221T120000_C02_K4,4,VMAX / bus 13,50,RAY:340.000000:BASE,VMAX_BUS_13,VMAX,13,RAY,340.000000000012,1906.02887105,-1128.10001554,2219.90745527359,0.328000512993163,11.8821026793825,0.00535252163379851,36.2258661456123,BRACKET_NORMALIZATION_IS_DIAGNOSTIC_ONLY;NOT_AN_ACCEPTANCE_OR_SAFETY_CRITERION
2010-12-21 12:00:00,20101221T120000_C02,20101221T120000_C02_K4,4,VMAX / bus 13,51,RAY:345.000000:ADAPTIVE,VMAX_BUS_13,VMAX,13,RAY,345.000000000003,1795.67089172,-814.813033148,1990.1054549168,0.320210050919267,3.31114178346286,0.0016638021745442,10.3405304547972,BRACKET_NORMALIZATION_IS_DIAGNOSTIC_ONLY;NOT_AN_ACCEPTANCE_OR_SAFETY_CRITERION
2010-12-21 12:00:00,20101221T120000_C02,20101221T120000_C02_K5,5,VMAX / bus 13,0,RAY:0.000000:BASE,VMAX_BUS_13,VMAX,13,RAY,0,1555.30161285,-101.25,1617.41098785,0.154731749999883,0.521563532908547,0.000322468152390787,3.37075960757208,BRACKET_NORMALIZATION_IS_DIAGNOSTIC_ONLY;NOT_AN_ACCEPTANCE_OR_SAFETY_CRITERION
2010-12-21 12:00:00,20101221T120000_C02,20101221T120000_C02_K5,5,VMAX / bus 13,3,RAY:20.000000:BASE,VMAX_BUS_13,VMAX,13,RAY,19.9999999999529,1325.59093679,622.764224907,1565.21843626049,0.16400025160114,2.66242872198796,0.001700994992334,16.2342965696368,BRACKET_NORMALIZATION_IS_DIAGNOSTIC_ONLY;NOT_AN_ACCEPTANCE_OR_SAFETY_CRITERION
2010-12-21 12:00:00,20101221T120000_C02,20101221T120000_C02_K5,5,VMAX / bus 13,4,RAY:30.000000:BASE,VMAX_BUS_13,VMAX,13,RAY,30,1222.29621687,961.734924316,1667.22364239175,0.173940914696824,3.00578817152438,0.00180287040988236,17.2805126198366,BRACKET_NORMALIZATION_IS_DIAGNOSTIC_ONLY;NOT_AN_ACCEPTANCE_OR_SAFETY_CRITERION
2010-12-21 12:00:00,20101221T120000_C02,20101221T120000_C02_K5,5,VMAX / bus 13,49,RAY:335.000000:ADAPTIVE,VMAX_BUS_13,VMAX,13,RAY,334.999999999954,2044.77511071,-1509.56179943,2534.2265803474,0.337357101685756,16.6820429701335,0.00658269591973371,49.4492123828851,BRACKET_NORMALIZATION_IS_DIAGNOSTIC_ONLY;NOT_AN_ACCEPTANCE_OR_SAFETY_CRITERION
2010-12-21 12:00:00,20101221T120000_C02,20101221T120000_C02_K5,5,VMAX / bus 13,50,RAY:340.000000:BASE,VMAX_BUS_13,VMAX,13,RAY,340.000000000012,1906.02887105,-1128.10001554,2219.90745527359,0.328000512993163,3.91213918360417,0.00176229832208119,11.9272349543116,BRACKET_NORMALIZATION_IS_DIAGNOSTIC_ONLY;NOT_AN_ACCEPTANCE_OR_SAFETY_CRITERION
2011-01-21 18:00:00,20110121T180000_C03,20110121T180000_C03_K3,3,VMAX / bus 13,0,RAY:0.000000:BASE,VMAX_BUS_13,VMAX,13,RAY,0,1745.64788818,366.875,1471.42913818,0.310821539999779,23.6325717625488,0.0160609649145455,76.0326062426872,BRACKET_NORMALIZATION_IS_DIAGNOSTIC_ONLY;NOT_AN_ACCEPTANCE_OR_SAFETY_CRITERION
2011-01-21 18:00:00,20110121T180000_C03,20110121T180000_C03_K3,3,VMAX / bus 13,1,RAY:10.000000:BASE,VMAX_BUS_13,VMAX,13,RAY,9.99999999997168,1636.05522842,711.896176296,1404.86234416332,0.315770357376894,12.8396809151239,0.00913945837360364,40.6614510044046,BRACKET_NORMALIZATION_IS_DIAGNOSTIC_ONLY;NOT_AN_ACCEPTANCE_OR_SAFETY_CRITERION
2011-01-21 18:00:00,20110121T180000_C03,20110121T180000_C03_K3,3,VMAX / bus 13,2,RAY:20.000000:BASE,VMAX_BUS_13,VMAX,13,RAY,20.00000000007,1538.3267125,1027.95200747,1426.53137037409,0.32960521146726,6.47565811708977,0.00453944319176913,19.6467103425426,BRACKET_NORMALIZATION_IS_DIAGNOSTIC_ONLY;NOT_AN_ACCEPTANCE_OR_SAFETY_CRITERION
2011-01-21 18:00:00,20110121T180000_C03,20110121T180000_C03_K3,3,VMAX / bus 13,3,RAY:30.000000:BASE,VMAX_BUS_13,VMAX,13,RAY,29.9999999999621,1444.7451265,1337.88252258,1520.85094831452,0.174870752902634,2.34306269505195,0.00154062611963957,13.3988254534281,BRACKET_NORMALIZATION_IS_DIAGNOSTIC_ONLY;NOT_AN_ACCEPTANCE_OR_SAFETY_CRITERION
2011-01-21 18:00:00,20110121T180000_C03,20110121T180000_C03_K3,3,VMAX / bus 13,48,RAY:335.000000:ADAPTIVE,VMAX_BUS_13,VMAX,13,RAY,335.00000000003,2179.63738713,-909.754788959,2293.5570192999,0.678165882147635,13.700751752334,0.00597358236008283,20.2026555935638,BRACKET_NORMALIZATION_IS_DIAGNOSTIC_ONLY;NOT_AN_ACCEPTANCE_OR_SAFETY_CRITERION
2011-01-21 18:00:00,20110121T180000_C03,20110121T180000_C03_K3,3,VMAX / bus 13,49,RAY:340.000000:BASE,VMAX_BUS_13,VMAX,13,RAY,340.000000000059,2057.93116382,-565.933984428,2012.89904780274,0.329605214247672,27.7421640553724,0.0137821934416709,84.1678555319407,BRACKET_NORMALIZATION_IS_DIAGNOSTIC_ONLY;NOT_AN_ACCEPTANCE_OR_SAFETY_CRITERION
2011-01-21 18:00:00,20110121T180000_C03,20110121T180000_C03_K3,3,VMAX / bus 13,50,RAY:345.000000:ADAPTIVE,VMAX_BUS_13,VMAX,13,RAY,344.99999999999,1960.31349795,-282.26212159,1806.73586937624,0.321712230809818,39.8250644125009,0.0220425492666231,123.790955389706,BRACKET_NORMALIZATION_IS_DIAGNOSTIC_ONLY;NOT_AN_ACCEPTANCE_OR_SAFETY_CRITERION
2011-01-21 18:00:00,20110121T180000_C03,20110121T180000_C03_K3,3,VMAX / bus 13,51,RAY:350.000000:BASE,VMAX_BUS_13,VMAX,13,RAY,350.000000000014,1878.79209679,-39.6435448739,1655.26824187358,0.315770357278876,44.2432838407062,0.0267287698280417,140.112213894835,BRACKET_NORMALIZATION_IS_DIAGNOSTIC_ONLY;NOT_AN_ACCEPTANCE_OR_SAFETY_CRITERION
2011-01-21 18:00:00,20110121T180000_C03,20110121T180000_C03_K3,3,VMAX / bus 13,52,AXIS:P13_POSITIVE:AXIS,VMAX_BUS_13,VMAX,13,AXIS,350.884681886449,1865.625,0,1633.14761064763,0.15625,41.773777430499,0.0255786905960897,267.352175555193,BRACKET_NORMALIZATION_IS_DIAGNOSTIC_ONLY;NOT_AN_ACCEPTANCE_OR_SAFETY_CRITERION
2011-01-21 18:00:00,20110121T180000_C03,20110121T180000_C03_K4,4,VMAX / bus 13,0,RAY:0.000000:BASE,VMAX_BUS_13,VMAX,13,RAY,0,1745.64788818,366.875,1471.42913818,0.310821539999779,1.87573081041787,0.00127476802093096,6.03475167911208,BRACKET_NORMALIZATION_IS_DIAGNOSTIC_ONLY;NOT_AN_ACCEPTANCE_OR_SAFETY_CRITERION
2011-01-21 18:00:00,20110121T180000_C03,20110121T180000_C03_K4,4,VMAX / bus 13,1,RAY:10.000000:BASE,VMAX_BUS_13,VMAX,13,RAY,9.99999999997168,1636.05522842,711.896176296,1404.86234416332,0.315770357376894,6.54406813968812,0.00465815612958542,20.7241369774216,BRACKET_NORMALIZATION_IS_DIAGNOSTIC_ONLY;NOT_AN_ACCEPTANCE_OR_SAFETY_CRITERION
2011-01-21 18:00:00,20110121T180000_C03,20110121T180000_C03_K4,4,VMAX / bus 13,2,RAY:20.000000:BASE,VMAX_BUS_13,VMAX,13,RAY,20.00000000007,1538.3267125,1027.95200747,1426.53137037409,0.32960521146726,6.47565811709025,0.00453944319176947,19.6467103425441,BRACKET_NORMALIZATION_IS_DIAGNOSTIC_ONLY;NOT_AN_ACCEPTANCE_OR_SAFETY_CRITERION
2011-01-21 18:00:00,20110121T180000_C03,20110121T180000_C03_K4,4,VMAX / bus 13,3,RAY:30.000000:BASE,VMAX_BUS_13,VMAX,13,RAY,29.9999999999621,1444.7451265,1337.88252258,1520.85094831452,0.174870752902634,2.34306269505246,0.0015406261196399,13.398825453431,BRACKET_NORMALIZATION_IS_DIAGNOSTIC_ONLY;NOT_AN_ACCEPTANCE_OR_SAFETY_CRITERION
2011-01-21 18:00:00,20110121T180000_C03,20110121T180000_C03_K4,4,VMAX / bus 13,48,RAY:335.000000:ADAPTIVE,VMAX_BUS_13,VMAX,13,RAY,335.00000000003,2179.63738713,-909.754788959,2293.5570192999,0.678165882147635,13.7007517523315,0.00597358236008172,20.20265559356,BRACKET_NORMALIZATION_IS_DIAGNOSTIC_ONLY;NOT_AN_ACCEPTANCE_OR_SAFETY_CRITERION
2011-01-21 18:00:00,20110121T180000_C03,20110121T180000_C03_K4,4,VMAX / bus 13,49,RAY:340.000000:BASE,VMAX_BUS_13,VMAX,13,RAY,340.000000000059,2057.93116382,-565.933984428,2012.89904780274,0.329605214247672,5.9249995648673,0.00294351550880556,17.9760492514998,BRACKET_NORMALIZATION_IS_DIAGNOSTIC_ONLY;NOT_AN_ACCEPTANCE_OR_SAFETY_CRITERION
2011-01-21 18:00:00,20110121T180000_C03,20110121T180000_C03_K4,4,VMAX / bus 13,50,RAY:345.000000:ADAPTIVE,VMAX_BUS_13,VMAX,13,RAY,344.99999999999,1960.31349795,-282.26212159,1806.73586937624,0.321712230809818,1.1533948107432,0.000638385959061849,3.5851755086832,BRACKET_NORMALIZATION_IS_DIAGNOSTIC_ONLY;NOT_AN_ACCEPTANCE_OR_SAFETY_CRITERION
2011-01-21 18:00:00,20110121T180000_C03,20110121T180000_C03_K5,5,VMAX / bus 13,2,RAY:20.000000:BASE,VMAX_BUS_13,VMAX,13,RAY,20.00000000007,1538.3267125,1027.95200747,1426.53137037409,0.32960521146726,2.57764045822195,0.00180692868853349,7.82038744699275,BRACKET_NORMALIZATION_IS_DIAGNOSTIC_ONLY;NOT_AN_ACCEPTANCE_OR_SAFETY_CRITERION
2011-01-21 18:00:00,20110121T180000_C03,20110121T180000_C03_K5,5,VMAX / bus 13,3,RAY:30.000000:BASE,VMAX_BUS_13,VMAX,13,RAY,29.9999999999621,1444.7451265,1337.88252258,1520.85094831452,0.174870752902634,2.34306269504908,0.00154062611963768,13.3988254534117,BRACKET_NORMALIZATION_IS_DIAGNOSTIC_ONLY;NOT_AN_ACCEPTANCE_OR_SAFETY_CRITERION
2011-01-21 18:00:00,20110121T180000_C03,20110121T180000_C03_K5,5,VMAX / bus 13,48,RAY:335.000000:ADAPTIVE,VMAX_BUS_13,VMAX,13,RAY,335.00000000003,2179.63738713,-909.754788959,2293.5570192999,0.678165882147635,13.1765486742798,0.00574502772915664,19.4296838297909,BRACKET_NORMALIZATION_IS_DIAGNOSTIC_ONLY;NOT_AN_ACCEPTANCE_OR_SAFETY_CRITERION
2011-01-21 18:00:00,20110121T180000_C03,20110121T180000_C03_K5,5,VMAX / bus 13,49,RAY:340.000000:BASE,VMAX_BUS_13,VMAX,13,RAY,340.000000000059,2057.93116382,-565.933984428,2012.89904780274,0.329605214247672,3.15169905359146,0.00156575117715507,9.56204245975069,BRACKET_NORMALIZATION_IS_DIAGNOSTIC_ONLY;NOT_AN_ACCEPTANCE_OR_SAFETY_CRITERION
2011-01-21 18:00:00,20110121T180000_C03,20110121T180000_C03_K5,5,VMAX / bus 13,52,AXIS:P13_POSITIVE:AXIS,VMAX_BUS_13,VMAX,13,AXIS,350.884681886449,1865.625,0,1633.14761064763,0.15625,0.170629548946325,0.000104478950851639,1.09202911325648,BRACKET_NORMALIZATION_IS_DIAGNOSTIC_ONLY;NOT_AN_ACCEPTANCE_OR_SAFETY_CRITERION
2011-02-05 11:30:00,20110205T113000_C02,20110205T113000_C02_K3,3,VMAX / bus 13,0,RAY:0.000000:BASE,VMAX_BUS_13,VMAX,13,RAY,0,2119.62435913,1298.4375,1176.73373413,0.313461300000199,20.635895132128,0.0175365883832547,65.8323535700099,BRACKET_NORMALIZATION_IS_DIAGNOSTIC_ONLY;NOT_AN_ACCEPTANCE_OR_SAFETY_CRITERION
2011-02-05 11:30:00,20110205T113000_C02,20110205T113000_C02_K3,3,VMAX / bus 13,1,RAY:10.000000:BASE,VMAX_BUS_13,VMAX,13,RAY,10.0000000000083,2033.83332273,1576.13336794,1125.73130222152,0.31854309316941,12.5712062845413,0.011167146422715,39.4646958421278,BRACKET_NORMALIZATION_IS_DIAGNOSTIC_ONLY;NOT_AN_ACCEPTANCE_OR_SAFETY_CRITERION
2011-02-05 11:30:00,20110205T113000_C02,20110205T113000_C02_K3,3,VMAX / bus 13,2,RAY:20.000000:BASE,VMAX_BUS_13,VMAX,13,RAY,20.0000000000692,1956.60948347,1831.0754434,1145.13278826829,0.166371166315203,7.5130370184638,0.00656084350691355,45.1582878503705,BRACKET_NORMALIZATION_IS_DIAGNOSTIC_ONLY;NOT_AN_ACCEPTANCE_OR_SAFETY_CRITERION
2011-02-05 11:30:00,20110205T113000_C02,20110205T113000_C02_K3,3,VMAX / bus 13,3,RAY:30.000000:BASE,VMAX_BUS_13,VMAX,13,RAY,29.9999999999678,1882.16108933,2081.2878418,1222.73613785603,0.353391943028156,3.85600332828927,0.00315358580556102,10.9114070209067,BRACKET_NORMALIZATION_IS_DIAGNOSTIC_ONLY;NOT_AN_ACCEPTANCE_OR_SAFETY_CRITERION
2011-02-05 11:30:00,20110205T113000_C02,20110205T113000_C02_K3,3,VMAX / bus 13,4,RAY:40.000000:BASE,VMAX_BUS_13,VMAX,13,RAY,40.0000000000086,1805.78085404,2343.68175292,1355.40218962306,0.188590822700782,1.38050420583604,0.00101851997614077,7.32010278159899,BRACKET_NORMALIZATION_IS_DIAGNOSTIC_ONLY;NOT_AN_ACCEPTANCE_OR_SAFETY_CRITERION
2011-02-05 11:30:00,20110205T113000_C02,20110205T113000_C02_K3,3,VMAX / bus 13,47,RAY:330.000000:BASE,VMAX_BUS_13,VMAX,13,RAY,330.000000000023,2567.33989047,-55.486328125,2114.69741297678,0.70678389143464,16.4125499508555,0.00776118126883796,23.2214544640244,BRACKET_NORMALIZATION_IS_DIAGNOSTIC_ONLY;NOT_AN_ACCEPTANCE_OR_SAFETY_CRITERION
2011-02-05 11:30:00,20110205T113000_C02,20110205T113000_C02_K3,3,VMAX / bus 13,48,AXIS:P13_POSITIVE:AXIS,VMAX_BUS_13,VMAX,13,AXIS,330.732586416316,2547.8125,0,2064.39196042316,0.3125,18.5955357755416,0.00900775440519053,59.5057144817331,BRACKET_NORMALIZATION_IS_DIAGNOSTIC_ONLY;NOT_AN_ACCEPTANCE_OR_SAFETY_CRITERION
2011-02-05 11:30:00,20110205T113000_C02,20110205T113000_C02_K3,3,VMAX / bus 13,49,RAY:335.000000:ADAPTIVE,VMAX_BUS_13,VMAX,13,RAY,335.000000000009,2450.28500811,283.71299736,1817.11409726786,0.342464020866808,31.5530510993116,0.0173643752732718,92.1353753292038,BRACKET_NORMALIZATION_IS_DIAGNOSTIC_ONLY;NOT_AN_ACCEPTANCE_OR_SAFETY_CRITERION
2011-02-05 11:30:00,20110205T113000_C02,20110205T113000_C02_K3,3,VMAX / bus 13,50,RAY:340.000000:BASE,VMAX_BUS_13,VMAX,13,RAY,339.999999999976,2359.41655566,554.152778281,1600.15794820902,0.332742352660787,43.2027572039737,0.0269990579694513,129.838467686789,BRACKET_NORMALIZATION_IS_DIAGNOSTIC_ONLY;NOT_AN_ACCEPTANCE_OR_SAFETY_CRITERION
2011-02-05 11:30:00,20110205T113000_C02,20110205T113000_C02_K3,3,VMAX / bus 13,51,RAY:345.000000:ADAPTIVE,VMAX_BUS_13,VMAX,13,RAY,344.999999999963,2285.41878024,779.130039592,1439.46590305138,0.324642740032649,48.3372807659912,0.0335800109356712,148.893767841936,BRACKET_NORMALIZATION_IS_DIAGNOSTIC_ONLY;NOT_AN_ACCEPTANCE_OR_SAFETY_CRITERION
2011-02-05 11:30:00,20110205T113000_C02,20110205T113000_C02_K3,3,VMAX / bus 13,52,RAY:350.000000:BASE,VMAX_BUS_13,VMAX,13,RAY,349.999999999993,2222.75718549,972.651685491,1320.67967713439,0.318543094155929,35.5852578027603,0.0269446546493191,111.712538917391,BRACKET_NORMALIZATION_IS_DIAGNOSTIC_ONLY;NOT_AN_ACCEPTANCE_OR_SAFETY_CRITERION
2011-02-05 11:30:00,20110205T113000_C02,20110205T113000_C02_K4,4,VMAX / bus 13,1,RAY:10.000000:BASE,VMAX_BUS_13,VMAX,13,RAY,10.0000000000083,2033.83332273,1576.13336794,1125.73130222152,0.31854309316941,2.02268539875258,0.00179677458978089,6.34980146211132,BRACKET_NORMALIZATION_IS_DIAGNOSTIC_ONLY;NOT_AN_ACCEPTANCE_OR_SAFETY_CRITERION
2011-02-05 11:30:00,20110205T113000_C02,20110205T113000_C02_K4,4,VMAX / bus 13,2,RAY:20.000000:BASE,VMAX_BUS_13,VMAX,13,RAY,20.0000000000692,1956.60948347,1831.0754434,1145.13278826829,0.166371166315203,5.42416236728519,0.00473671038228485,32.6027789996296,BRACKET_NORMALIZATION_IS_DIAGNOSTIC_ONLY;NOT_AN_ACCEPTANCE_OR_SAFETY_CRITERION
2011-02-05 11:30:00,20110205T113000_C02,20110205T113000_C02_K4,4,VMAX / bus 13,3,RAY:30.000000:BASE,VMAX_BUS_13,VMAX,13,RAY,29.9999999999678,1882.16108933,2081.2878418,1222.73613785603,0.353391943028156,3.85600332829158,0.00315358580556291,10.9114070209132,BRACKET_NORMALIZATION_IS_DIAGNOSTIC_ONLY;NOT_AN_ACCEPTANCE_OR_SAFETY_CRITERION
2011-02-05 11:30:00,20110205T113000_C02,20110205T113000_C02_K4,4,VMAX / bus 13,4,RAY:40.000000:BASE,VMAX_BUS_13,VMAX,13,RAY,40.0000000000086,1805.78085404,2343.68175292,1355.40218962306,0.188590822700782,1.38050420583799,0.00101851997614222,7.32010278160936,BRACKET_NORMALIZATION_IS_DIAGNOSTIC_ONLY;NOT_AN_ACCEPTANCE_OR_SAFETY_CRITERION
2011-02-05 11:30:00,20110205T113000_C02,20110205T113000_C02_K4,4,VMAX / bus 13,47,RAY:330.000000:BASE,VMAX_BUS_13,VMAX,13,RAY,330.000000000023,2567.33989047,-55.486328125,2114.69741297678,0.70678389143464,16.4125499508592,0.00776118126883974,23.2214544640297,BRACKET_NORMALIZATION_IS_DIAGNOSTIC_ONLY;NOT_AN_ACCEPTANCE_OR_SAFETY_CRITERION
2011-02-05 11:30:00,20110205T113000_C02,20110205T113000_C02_K4,4,VMAX / bus 13,48,AXIS:P13_POSITIVE:AXIS,VMAX_BUS_13,VMAX,13,AXIS,330.732586416316,2547.8125,0,2064.39196042316,0.3125,18.5955357755457,0.00900775440519253,59.5057144817463,BRACKET_NORMALIZATION_IS_DIAGNOSTIC_ONLY;NOT_AN_ACCEPTANCE_OR_SAFETY_CRITERION
2011-02-05 11:30:00,20110205T113000_C02,20110205T113000_C02_K4,4,VMAX / bus 13,49,RAY:335.000000:ADAPTIVE,VMAX_BUS_13,VMAX,13,RAY,335.000000000009,2450.28500811,283.71299736,1817.11409726786,0.342464020866808,14.4506385893257,0.00795252131445856,42.1960781536987,BRACKET_NORMALIZATION_IS_DIAGNOSTIC_ONLY;NOT_AN_ACCEPTANCE_OR_SAFETY_CRITERION
2011-02-05 11:30:00,20110205T113000_C02,20110205T113000_C02_K4,4,VMAX / bus 13,50,RAY:340.000000:BASE,VMAX_BUS_13,VMAX,13,RAY,339.999999999976,2359.41655566,554.152778281,1600.15794820902,0.332742352660787,5.65951232763898,0.00353684605571181,17.0086924083528,BRACKET_NORMALIZATION_IS_DIAGNOSTIC_ONLY;NOT_AN_ACCEPTANCE_OR_SAFETY_CRITERION
2011-02-05 11:30:00,20110205T113000_C02,20110205T113000_C02_K4,4,VMAX / bus 13,51,RAY:345.000000:ADAPTIVE,VMAX_BUS_13,VMAX,13,RAY,344.999999999963,2285.41878024,779.130039592,1439.46590305138,0.324642740032649,1.70951329611297,0.00118760249373684,5.26582943435312,BRACKET_NORMALIZATION_IS_DIAGNOSTIC_ONLY;NOT_AN_ACCEPTANCE_OR_SAFETY_CRITERION
2011-02-05 11:30:00,20110205T113000_C02,20110205T113000_C02_K5,5,VMAX / bus 13,0,RAY:0.000000:BASE,VMAX_BUS_13,VMAX,13,RAY,0,2119.62435913,1298.4375,1176.73373413,0.313461300000199,1.67490519540958,0.00142335104946056,5.34325990292429,BRACKET_NORMALIZATION_IS_DIAGNOSTIC_ONLY;NOT_AN_ACCEPTANCE_OR_SAFETY_CRITERION
2011-02-05 11:30:00,20110205T113000_C02,20110205T113000_C02_K5,5,VMAX / bus 13,3,RAY:30.000000:BASE,VMAX_BUS_13,VMAX,13,RAY,29.9999999999678,1882.16108933,2081.2878418,1222.73613785603,0.353391943028156,1.39567901255894,0.00114143924379806,3.94937983192147,BRACKET_NORMALIZATION_IS_DIAGNOSTIC_ONLY;NOT_AN_ACCEPTANCE_OR_SAFETY_CRITERION
2011-02-05 11:30:00,20110205T113000_C02,20110205T113000_C02_K5,5,VMAX / bus 13,4,RAY:40.000000:BASE,VMAX_BUS_13,VMAX,13,RAY,40.0000000000086,1805.78085404,2343.68175292,1355.40218962306,0.188590822700782,1.3805042058416,0.00101851997614488,7.32010278162851,BRACKET_NORMALIZATION_IS_DIAGNOSTIC_ONLY;NOT_AN_ACCEPTANCE_OR_SAFETY_CRITERION
2011-02-05 11:30:00,20110205T113000_C02,20110205T113000_C02_K5,5,VMAX / bus 13,47,RAY:330.000000:BASE,VMAX_BUS_13,VMAX,13,RAY,330.000000000023,2567.33989047,-55.486328125,2114.69741297678,0.70678389143464,5.57465738796514,0.00263614896096076,7.88735772776261,BRACKET_NORMALIZATION_IS_DIAGNOSTIC_ONLY;NOT_AN_ACCEPTANCE_OR_SAFETY_CRITERION
2011-02-05 11:30:00,20110205T113000_C02,20110205T113000_C02_K5,5,VMAX / bus 13,48,AXIS:P13_POSITIVE:AXIS,VMAX_BUS_13,VMAX,13,AXIS,330.732586416316,2547.8125,0,2064.39196042316,0.3125,3.88486385996621,0.00188184411412351,12.4315643518919,BRACKET_NORMALIZATION_IS_DIAGNOSTIC_ONLY;NOT_AN_ACCEPTANCE_OR_SAFETY_CRITERION
2011-02-05 11:30:00,20110205T113000_C02,20110205T113000_C02_K5,5,VMAX / bus 13,51,RAY:345.000000:ADAPTIVE,VMAX_BUS_13,VMAX,13,RAY,344.999999999963,2285.41878024,779.130039592,1439.46590305138,0.324642740032649,1.96583362978723,0.00136566877035438,6.05537530144531,BRACKET_NORMALIZATION_IS_DIAGNOSTIC_ONLY;NOT_AN_ACCEPTANCE_OR_SAFETY_CRITERION
2011-02-05 11:30:00,20110205T113000_C02,20110205T113000_C02_K5,5,VMAX / bus 13,52,RAY:350.000000:BASE,VMAX_BUS_13,VMAX,13,RAY,349.999999999993,2222.75718549,972.651685491,1320.67967713439,0.318543094155929,4.46543934126226,0.00338116760526774,14.0183209844643,BRACKET_NORMALIZATION_IS_DIAGNOSTIC_ONLY;NOT_AN_ACCEPTANCE_OR_SAFETY_CRITERION
2011-02-05 11:30:00,20110205T113000_C02,20110205T113000_C02_K8,8,VMAX / bus 13,51,RAY:345.000000:ADAPTIVE,VMAX_BUS_13,VMAX,13,RAY,344.999999999963,2285.41878024,779.130039592,1439.46590305138,0.324642740032649,1.70951329609379,0.00118760249372352,5.26582943429404,BRACKET_NORMALIZATION_IS_DIAGNOSTIC_ONLY;NOT_AN_ACCEPTANCE_OR_SAFETY_CRITERION
2011-02-05 17:30:00,20110205T173000_C02,20110205T173000_C02_K3,3,VMAX / bus 13,0,RAY:0.000000:BASE,VMAX_BUS_13,VMAX,13,RAY,0,2325.63720703,1818.125,1009.38720703,0.314941410000301,20.3203711769807,0.0201313936172928,64.5211157750303,BRACKET_NORMALIZATION_IS_DIAGNOSTIC_ONLY;NOT_AN_ACCEPTANCE_OR_SAFETY_CRITERION
2011-02-05 17:30:00,20110205T173000_C02,20110205T173000_C02_K3,3,VMAX / bus 13,1,RAY:10.000000:BASE,VMAX_BUS_13,VMAX,13,RAY,10.00000000021,2252.92335063,2057.1600259,966.692665425493,0.320096910214366,13.3595897856252,0.0138198936057355,41.7360785415843,BRACKET_NORMALIZATION_IS_DIAGNOSTIC_ONLY;NOT_AN_ACCEPTANCE_OR_SAFETY_CRITERION
2011-02-05 17:30:00,20110205T173000_C02,20110205T173000_C02_K3,3,VMAX / bus 13,2,RAY:20.000000:BASE,VMAX_BUS_13,VMAX,13,RAY,20.0000000001484,2187.22530372,2276.92807157,984.427873524624,0.167249044114521,8.95115799903973,0.00909275147501787,53.5199351747001,BRACKET_NORMALIZATION_IS_DIAGNOSTIC_ONLY;NOT_AN_ACCEPTANCE_OR_SAFETY_CRITERION
2011-02-05 17:30:00,20110205T173000_C02,20110205T173000_C02_K3,3,VMAX / bus 13,3,RAY:30.000000:BASE,VMAX_BUS_13,VMAX,13,RAY,30.0000000001114,2123.58188521,2492.72460938,1052.07861201166,0.355431962450324,5.54994885619629,0.00527522258587154,15.6146589010603,BRACKET_NORMALIZATION_IS_DIAGNOSTIC_ONLY;NOT_AN_ACCEPTANCE_OR_SAFETY_CRITERION
2011-02-05 17:30:00,20110205T173000_C02,20110205T173000_C02_K3,3,VMAX / bus 13,4,RAY:40.000000:BASE,VMAX_BUS_13,VMAX,13,RAY,40.0000000000272,2058.12177606,2719.06731858,1167.07788665655,0.379537520004145,2.96714575323227,0.00254237166786919,7.81779296339362,BRACKET_NORMALIZATION_IS_DIAGNOSTIC_ONLY;NOT_AN_ACCEPTANCE_OR_SAFETY_CRITERION
2011-02-05 17:30:00,20110205T173000_C02,20110205T173000_C02_K3,3,VMAX / bus 13,5,RAY:50.000000:BASE,VMAX_BUS_13,VMAX,13,RAY,50.0000000002889,1985.72051429,2972.83394857,1334.74474166837,0.403611954447632,0.61609155208152,0.000461580055607813,1.5264452533986,BRACKET_NORMALIZATION_IS_DIAGNOSTIC_ONLY;NOT_AN_ACCEPTANCE_OR_SAFETY_CRITERION
2011-02-05 17:30:00,20110205T173000_C02,20110205T173000_C02_K3,3,VMAX / bus 13,47,AXIS:P13_POSITIVE:AXIS,VMAX_BUS_13,VMAX,13,AXIS,322.079365734702,2928.75,0,2430.17175640427,0.3125,13.9658746510992,0.00574686732091867,44.6907988835175,BRACKET_NORMALIZATION_IS_DIAGNOSTIC_ONLY;NOT_AN_ACCEPTANCE_OR_SAFETY_CRITERION
2011-02-05 17:30:00,20110205T173000_C02,20110205T173000_C02_K3,3,VMAX / bus 13,48,RAY:325.000000:ADAPTIVE,VMAX_BUS_13,VMAX,13,RAY,325.000000000029,2827.26754033,286.858098279,2151.2676103849,0.367298553413881,32.8723175967941,0.0152804409075413,89.4975416898872,BRACKET_NORMALIZATION_IS_DIAGNOSTIC_ONLY;NOT_AN_ACCEPTANCE_OR_SAFETY_CRITERION
2011-02-05 17:30:00,20110205T173000_C02,20110205T173000_C02_K3,3,VMAX / bus 13,49,RAY:330.000000:BASE,VMAX_BUS_13,VMAX,13,RAY,329.999999999926,2697.71486438,663.784790039,1800.26289520427,0.35543196437385,56.6505123304405,0.0314679108708801,159.384968175947,BRACKET_NORMALIZATION_IS_DIAGNOSTIC_ONLY;NOT_AN_ACCEPTANCE_OR_SAFETY_CRITERION
2011-02-05 17:30:00,20110205T173000_C02,20110205T173000_C02_K3,3,VMAX / bus 13,50,RAY:335.000000:ADAPTIVE,VMAX_BUS_13,VMAX,13,RAY,335.000000000063,2601.84405565,950.502090041,1550.97440011379,0.688709762600227,71.5287037253268,0.0461185585784516,103.85899490559,BRACKET_NORMALIZATION_IS_DIAGNOSTIC_ONLY;NOT_AN_ACCEPTANCE_OR_SAFETY_CRITERION
2011-02-05 17:30:00,20110205T173000_C02,20110205T173000_C02_K3,3,VMAX / bus 13,51,RAY:340.000000:BASE,VMAX_BUS_13,VMAX,13,RAY,339.99999999994,2526.97374024,1180.35287435,1368.43167876108,0.334498079380909,59.4042384676565,0.0434104525564907,177.592166082395,BRACKET_NORMALIZATION_IS_DIAGNOSTIC_ONLY;NOT_AN_ACCEPTANCE_OR_SAFETY_CRITERION
2011-02-05 17:30:00,20110205T173000_C02,20110205T173000_C02_K3,3,VMAX / bus 13,52,RAY:345.000000:ADAPTIVE,VMAX_BUS_13,VMAX,13,RAY,345.000000000001,2465.25131377,1372.5430545,1232.37465455954,0.326283998069128,43.7810431853746,0.0355257575473444,134.180785586975,BRACKET_NORMALIZATION_IS_DIAGNOSTIC_ONLY;NOT_AN_ACCEPTANCE_OR_SAFETY_CRITERION
2011-02-05 17:30:00,20110205T173000_C02,20110205T173000_C02_K3,3,VMAX / bus 13,53,RAY:350.000000:BASE,VMAX_BUS_13,VMAX,13,RAY,350.000000000021,2412.65407102,1538.32737863,1131.54257360187,0.320096910214478,33.0795502330759,0.0292340306098946,103.342297840086,BRACKET_NORMALIZATION_IS_DIAGNOSTIC_ONLY;NOT_AN_ACCEPTANCE_OR_SAFETY_CRITERION
2011-02-05 17:30:00,20110205T173000_C02,20110205T173000_C02_K4,4,VMAX / bus 13,0,RAY:0.000000:BASE,VMAX_BUS_13,VMAX,13,RAY,0,2325.63720703,1818.125,1009.38720703,0.314941410000301,1.75258685705494,0.00173628796248737,5.56480285349983,BRACKET_NORMALIZATION_IS_DIAGNOSTIC_ONLY;NOT_AN_ACCEPTANCE_OR_SAFETY_CRITERION
2011-02-05 17:30:00,20110205T173000_C02,20110205T173000_C02_K4,4,VMAX / bus 13,1,RAY:10.000000:BASE,VMAX_BUS_13,VMAX,13,RAY,10.00000000021,2252.92335063,2057.1600259,966.692665425493,0.320096910214366,4.65508162570689,0.00481547216835243,14.5427258969461,BRACKET_NORMALIZATION_IS_DIAGNOSTIC_ONLY;NOT_AN_ACCEPTANCE_OR_SAFETY_CRITERION
2011-02-05 17:30:00,20110205T173000_C02,20110205T173000_C02_K4,4,VMAX / bus 13,2,RAY:20.000000:BASE,VMAX_BUS_13,VMAX,13,RAY,20.0000000001484,2187.22530372,2276.92807157,984.427873524624,0.167249044114521,8.62077177961005,0.00875713905656128,51.5445204799324,BRACKET_NORMALIZATION_IS_DIAGNOSTIC_ONLY;NOT_AN_ACCEPTANCE_OR_SAFETY_CRITERION
2011-02-05 17:30:00,20110205T173000_C02,20110205T173000_C02_K4,4,VMAX / bus 13,3,RAY:30.000000:BASE,VMAX_BUS_13,VMAX,13,RAY,30.0000000001114,2123.58188521,2492.72460938,1052.07861201166,0.355431962450324,5.54994885619454,0.00527522258586988,15.6146589010554,BRACKET_NORMALIZATION_IS_DIAGNOSTIC_ONLY;NOT_AN_ACCEPTANCE_OR_SAFETY_CRITERION
2011-02-05 17:30:00,20110205T173000_C02,20110205T173000_C02_K4,4,VMAX / bus 13,4,RAY:40.000000:BASE,VMAX_BUS_13,VMAX,13,RAY,40.0000000000272,2058.12177606,2719.06731858,1167.07788665655,0.379537520004145,2.96714575323085,0.00254237166786797,7.81779296338987,BRACKET_NORMALIZATION_IS_DIAGNOSTIC_ONLY;NOT_AN_ACCEPTANCE_OR_SAFETY_CRITERION
2011-02-05 17:30:00,20110205T173000_C02,20110205T173000_C02_K4,4,VMAX / bus 13,5,RAY:50.000000:BASE,VMAX_BUS_13,VMAX,13,RAY,50.0000000002889,1985.72051429,2972.83394857,1334.74474166837,0.403611954447632,0.616091552080631,0.000461580055607147,1.5264452533964,BRACKET_NORMALIZATION_IS_DIAGNOSTIC_ONLY;NOT_AN_ACCEPTANCE_OR_SAFETY_CRITERION
2011-02-05 17:30:00,20110205T173000_C02,20110205T173000_C02_K4,4,VMAX / bus 13,47,AXIS:P13_POSITIVE:AXIS,VMAX_BUS_13,VMAX,13,AXIS,322.079365734702,2928.75,0,2430.17175640427,0.3125,13.96587465111,0.00574686732092311,44.690798883552,BRACKET_NORMALIZATION_IS_DIAGNOSTIC_ONLY;NOT_AN_ACCEPTANCE_OR_SAFETY_CRITERION
2011-02-05 17:30:00,20110205T173000_C02,20110205T173000_C02_K4,4,VMAX / bus 13,48,RAY:325.000000:ADAPTIVE,VMAX_BUS_13,VMAX,13,RAY,325.000000000029,2827.26754033,286.858098279,2151.2676103849,0.367298553413881,32.8723175968063,0.015280440907547,89.4975416899204,BRACKET_NORMALIZATION_IS_DIAGNOSTIC_ONLY;NOT_AN_ACCEPTANCE_OR_SAFETY_CRITERION
2011-02-05 17:30:00,20110205T173000_C02,20110205T173000_C02_K4,4,VMAX / bus 13,49,RAY:330.000000:BASE,VMAX_BUS_13,VMAX,13,RAY,329.999999999926,2697.71486438,663.784790039,1800.26289520427,0.35543196437385,13.4779732464881,0.00748666946499432,37.9199807485848,BRACKET_NORMALIZATION_IS_DIAGNOSTIC_ONLY;NOT_AN_ACCEPTANCE_OR_SAFETY_CRITERION
2011-02-05 17:30:00,20110205T173000_C02,20110205T173000_C02_K4,4,VMAX / bus 13,50,RAY:335.000000:ADAPTIVE,VMAX_BUS_13,VMAX,13,RAY,335.000000000063,2601.84405565,950.502090041,1550.97440011379,0.688709762600227,4.13673071275539,0.00266718181322134,6.00649350045096,BRACKET_NORMALIZATION_IS_DIAGNOSTIC_ONLY;NOT_AN_ACCEPTANCE_OR_SAFETY_CRITERION
2011-02-05 17:30:00,20110205T173000_C02,20110205T173000_C02_K4,4,VMAX / bus 13,51,RAY:340.000000:BASE,VMAX_BUS_13,VMAX,13,RAY,339.99999999994,2526.97374024,1180.35287435,1368.43167876108,0.334498079380909,1.01450958115802,0.000741366629334772,3.03293096042788,BRACKET_NORMALIZATION_IS_DIAGNOSTIC_ONLY;NOT_AN_ACCEPTANCE_OR_SAFETY_CRITERION
2011-02-05 17:30:00,20110205T173000_C02,20110205T173000_C02_K5,5,VMAX / bus 13,0,RAY:0.000000:BASE,VMAX_BUS_13,VMAX,13,RAY,0,2325.63720703,1818.125,1009.38720703,0.314941410000301,1.25608692839667,0.00124440543693094,3.98831937786608,BRACKET_NORMALIZATION_IS_DIAGNOSTIC_ONLY;NOT_AN_ACCEPTANCE_OR_SAFETY_CRITERION
2011-02-05 17:30:00,20110205T173000_C02,20110205T173000_C02_K5,5,VMAX / bus 13,3,RAY:30.000000:BASE,VMAX_BUS_13,VMAX,13,RAY,30.0000000001114,2123.58188521,2492.72460938,1052.07861201166,0.355431962450324,0.904408607601573,0.000859639761968234,2.54453370306554,BRACKET_NORMALIZATION_IS_DIAGNOSTIC_ONLY;NOT_AN_ACCEPTANCE_OR_SAFETY_CRITERION
2011-02-05 17:30:00,20110205T173000_C02,20110205T173000_C02_K5,5,VMAX / bus 13,4,RAY:40.000000:BASE,VMAX_BUS_13,VMAX,13,RAY,40.0000000000272,2058.12177606,2719.06731858,1167.07788665655,0.379537520004145,2.96714575323862,0.00254237166787463,7.81779296341035,BRACKET_NORMALIZATION_IS_DIAGNOSTIC_ONLY;NOT_AN_ACCEPTANCE_OR_SAFETY_CRITERION
2011-02-05 17:30:00,20110205T173000_C02,20110205T173000_C02_K5,5,VMAX / bus 13,5,RAY:50.000000:BASE,VMAX_BUS_13,VMAX,13,RAY,50.0000000002889,1985.72051429,2972.83394857,1334.74474166837,0.403611954447632,0.616091552085669,0.000461580055610922,1.52644525340888,BRACKET_NORMALIZATION_IS_DIAGNOSTIC_ONLY;NOT_AN_ACCEPTANCE_OR_SAFETY_CRITERION
2011-02-05 17:30:00,20110205T173000_C02,20110205T173000_C02_K5,5,VMAX / bus 13,47,AXIS:P13_POSITIVE:AXIS,VMAX_BUS_13,VMAX,13,AXIS,322.079365734702,2928.75,0,2430.17175640427,0.3125,13.9658746511011,0.00574686732091945,44.6907988835235,BRACKET_NORMALIZATION_IS_DIAGNOSTIC_ONLY;NOT_AN_ACCEPTANCE_OR_SAFETY_CRITERION
2011-02-05 17:30:00,20110205T173000_C02,20110205T173000_C02_K5,5,VMAX / bus 13,48,RAY:325.000000:ADAPTIVE,VMAX_BUS_13,VMAX,13,RAY,325.000000000029,2827.26754033,286.858098279,2151.2676103849,0.367298553413881,19.6625665075245,0.0091399909581712,53.5329266199648,BRACKET_NORMALIZATION_IS_DIAGNOSTIC_ONLY;NOT_AN_ACCEPTANCE_OR_SAFETY_CRITERION
2011-02-05 17:30:00,20110205T173000_C02,20110205T173000_C02_K5,5,VMAX / bus 13,49,RAY:330.000000:BASE,VMAX_BUS_13,VMAX,13,RAY,329.999999999926,2697.71486438,663.784790039,1800.26289520427,0.35543196437385,4.43524995039605,0.00246366792439656,12.4784780069217,BRACKET_NORMALIZATION_IS_DIAGNOSTIC_ONLY;NOT_AN_ACCEPTANCE_OR_SAFETY_CRITERION
2011-02-05 17:30:00,20110205T173000_C02,20110205T173000_C02_K5,5,VMAX / bus 13,52,RAY:345.000000:ADAPTIVE,VMAX_BUS_13,VMAX,13,RAY,345.000000000001,2465.25131377,1372.5430545,1232.37465455954,0.326283998069128,1.08097445313221,0.000877147585868321,3.31298641529821,BRACKET_NORMALIZATION_IS_DIAGNOSTIC_ONLY;NOT_AN_ACCEPTANCE_OR_SAFETY_CRITERION
2011-02-05 17:30:00,20110205T173000_C02,20110205T173000_C02_K5,5,VMAX / bus 13,53,RAY:350.000000:BASE,VMAX_BUS_13,VMAX,13,RAY,350.000000000021,2412.65407102,1538.32737863,1131.54257360187,0.320096910214478,2.57198263021421,0.0022729879460277,8.03501236075937,BRACKET_NORMALIZATION_IS_DIAGNOSTIC_ONLY;NOT_AN_ACCEPTANCE_OR_SAFETY_CRITERION
2011-02-05 17:30:00,20110205T173000_C02,20110205T173000_C02_K8,8,VMAX / bus 13,0,RAY:0.000000:BASE,VMAX_BUS_13,VMAX,13,RAY,0,2325.63720703,1818.125,1009.38720703,0.314941410000301,1.25608692840507,0.00124440543693927,3.98831937789277,BRACKET_NORMALIZATION_IS_DIAGNOSTIC_ONLY;NOT_AN_ACCEPTANCE_OR_SAFETY_CRITERION
2011-02-05 17:30:00,20110205T173000_C02,20110205T173000_C02_K8,8,VMAX / bus 13,3,RAY:30.000000:BASE,VMAX_BUS_13,VMAX,13,RAY,30.0000000001114,2123.58188521,2492.72460938,1052.07861201166,0.355431962450324,0.904408607591061,0.000859639761958242,2.54453370303596,BRACKET_NORMALIZATION_IS_DIAGNOSTIC_ONLY;NOT_AN_ACCEPTANCE_OR_SAFETY_CRITERION
2011-02-05 17:30:00,20110205T173000_C02,20110205T173000_C02_K8,8,VMAX / bus 13,47,AXIS:P13_POSITIVE:AXIS,VMAX_BUS_13,VMAX,13,AXIS,322.079365734702,2928.75,0,2430.17175640427,0.3125,7.1041943935913,0.00292333016169311,22.7334220594922,BRACKET_NORMALIZATION_IS_DIAGNOSTIC_ONLY;NOT_AN_ACCEPTANCE_OR_SAFETY_CRITERION
2011-02-05 18:00:00,20110205T180000_C01,20110205T180000_C01_K3,3,VMAX / bus 30,10,RAY:80.000000:BASE,VMAX_BUS_30,VMAX,30,RAY,79.9999999997497,1561.84347959,3495.2946646,1619.83168644038,0.226328310763069,1.0449596943889,0.000645103872912389,4.61700832240475,BRACKET_NORMALIZATION_IS_DIAGNOSTIC_ONLY;NOT_AN_ACCEPTANCE_OR_SAFETY_CRITERION
2011-02-05 18:00:00,20110205T180000_C01,20110205T180000_C01_K3,3,VMAX / bus 30,11,RAY:90.000000:BASE,VMAX_BUS_30,VMAX,30,RAY,90,1366.015625,3579.64291382,1692.29916382,0.456268309999814,3.99810650630645,0.00236252938711001,8.76262150730583,BRACKET_NORMALIZATION_IS_DIAGNOSTIC_ONLY;NOT_AN_ACCEPTANCE_OR_SAFETY_CRITERION
2011-02-05 18:00:00,20110205T180000_C01,20110205T180000_C01_K3,3,VMAX / bus 30,12,RAY:100.000000:BASE,VMAX_BUS_30,VMAX,30,RAY,100.000000000031,1148.2163065,3675.70329733,1801.57331620598,0.452656612808515,10.0607377421765,0.00558441760414386,22.2259820302956,BRACKET_NORMALIZATION_IS_DIAGNOSTIC_ONLY;NOT_AN_ACCEPTANCE_OR_SAFETY_CRITERION
2011-02-05 18:00:00,20110205T180000_C01,20110205T180000_C01_K3,3,VMAX / bus 30,13,RAY:105.000000:ADAPTIVE,VMAX_BUS_30,VMAX,30,RAY,105.000000000174,1024.83268316,3730.88113561,1874.84289793688,0.448205325000924,14.7052005134675,0.00784343079073424,32.809071408148,BRACKET_NORMALIZATION_IS_DIAGNOSTIC_ONLY;NOT_AN_ACCEPTANCE_OR_SAFETY_CRITERION
2011-02-05 18:00:00,20110205T180000_C01,20110205T180000_C01_K3,3,VMAX / bus 30,14,RAY:110.000000:BASE,VMAX_BUS_30,VMAX,30,RAY,109.999999999981,886.699512277,3794.00373622,1965.98480130655,0.44209237267715,21.9052002948128,0.011142100529086,49.5489215571915,BRACKET_NORMALIZATION_IS_DIAGNOSTIC_ONLY;NOT_AN_ACCEPTANCE_OR_SAFETY_CRITERION
2011-02-05 18:00:00,20110205T180000_C01,20110205T180000_C01_K3,3,VMAX / bus 30,15,RAY:115.000000:ADAPTIVE,VMAX_BUS_30,VMAX,30,RAY,115.00000000004,728.331485181,3867.27522529,2080.08887046221,0.434437949693587,32.0653950422988,0.0154153966677268,73.8089180858044,BRACKET_NORMALIZATION_IS_DIAGNOSTIC_ONLY;NOT_AN_ACCEPTANCE_OR_SAFETY_CRITERION
2011-02-05 18:00:00,20110205T180000_C01,20110205T180000_C01_K3,3,VMAX / bus 30,16,RAY:120.000000:BASE,VMAX_BUS_30,VMAX,30,RAY,119.999999999967,541.137275696,3955.90137713,2226.96092195355,0.425398458794409,48.0235875267949,0.02156462964993,112.890835718811,BRACKET_NORMALIZATION_IS_DIAGNOSTIC_ONLY;NOT_AN_ACCEPTANCE_OR_SAFETY_CRITERION
2011-02-05 18:00:00,20110205T180000_C01,20110205T180000_C01_K3,3,VMAX / bus 30,17,RAY:125.000000:ADAPTIVE,VMAX_BUS_30,VMAX,30,RAY,124.999999999949,311.842279293,4067.07194193,2421.2592660625,0.415167903936726,53.3859674485021,0.0220488438379089,128.588859934217,BRACKET_NORMALIZATION_IS_DIAGNOSTIC_ONLY;NOT_AN_ACCEPTANCE_OR_SAFETY_CRITERION
2011-02-05 18:00:00,20110205T180000_C01,20110205T180000_C01_K3,3,VMAX / bus 30,18,RAY:130.000000:BASE,VMAX_BUS_30,VMAX,30,RAY,129.999999999975,17.3182817991,4214.45992014,2689.69407050025,0.807958569248274,27.7428665893133,0.01031450635728,34.3369915800575,BRACKET_NORMALIZATION_IS_DIAGNOSTIC_ONLY;NOT_AN_ACCEPTANCE_OR_SAFETY_CRITERION
2011-02-05 18:00:00,20110205T180000_C01,20110205T180000_C01_K3,3,VMAX / bus 30,19,AXIS:P30_POSITIVE:AXIS,VMAX_BUS_30,VMAX,30,AXIS,130.251526974398,0,4223.4375,2706.16568164871,0.3125,26.5543376943625,0.00981253212781286,84.97388062196,BRACKET_NORMALIZATION_IS_DIAGNOSTIC_ONLY;NOT_AN_ACCEPTANCE_OR_SAFETY_CRITERION
2011-02-05 18:00:00,20110205T180000_C01,20110205T180000_C01_K4,4,VMAX / bus 30,10,RAY:80.000000:BASE,VMAX_BUS_30,VMAX,30,RAY,79.9999999997497,1561.84347959,3495.2946646,1619.83168644038,0.226328310763069,1.04495969438926,0.000645103872912611,4.61700832240634,BRACKET_NORMALIZATION_IS_DIAGNOSTIC_ONLY;NOT_AN_ACCEPTANCE_OR_SAFETY_CRITERION
2011-02-05 18:00:00,20110205T180000_C01,20110205T180000_C01_K4,4,VMAX / bus 30,11,RAY:90.000000:BASE,VMAX_BUS_30,VMAX,30,RAY,90,1366.015625,3579.64291382,1692.29916382,0.456268309999814,3.99810650630683,0.00236252938711023,8.76262150730665,BRACKET_NORMALIZATION_IS_DIAGNOSTIC_ONLY;NOT_AN_ACCEPTANCE_OR_SAFETY_CRITERION
2011-02-05 18:00:00,20110205T180000_C01,20110205T180000_C01_K4,4,VMAX / bus 30,12,RAY:100.000000:BASE,VMAX_BUS_30,VMAX,30,RAY,100.000000000031,1148.2163065,3675.70329733,1801.57331620598,0.452656612808515,2.8764574445609,0.00159663635039764,6.35461266480538,BRACKET_NORMALIZATION_IS_DIAGNOSTIC_ONLY;NOT_AN_ACCEPTANCE_OR_SAFETY_CRITERION
2011-02-05 18:00:00,20110205T180000_C01,20110205T180000_C01_K4,4,VMAX / bus 30,13,RAY:105.000000:ADAPTIVE,VMAX_BUS_30,VMAX,30,RAY,105.000000000174,1024.83268316,3730.88113561,1874.84289793688,0.448205325000924,0.875213305909442,0.000466819543585517,1.95270617525046,BRACKET_NORMALIZATION_IS_DIAGNOSTIC_ONLY;NOT_AN_ACCEPTANCE_OR_SAFETY_CRITERION
2011-02-05 18:00:00,20110205T180000_C01,20110205T180000_C01_K4,4,VMAX / bus 30,16,RAY:120.000000:BASE,VMAX_BUS_30,VMAX,30,RAY,119.999999999967,541.137275696,3955.90137713,2226.96092195355,0.425398458794409,2.66373672374095,0.00119613087840098,6.26174512077467,BRACKET_NORMALIZATION_IS_DIAGNOSTIC_ONLY;NOT_AN_ACCEPTANCE_OR_SAFETY_CRITERION
2011-02-05 18:00:00,20110205T180000_C01,20110205T180000_C01_K4,4,VMAX / bus 30,17,RAY:125.000000:ADAPTIVE,VMAX_BUS_30,VMAX,30,RAY,124.999999999949,311.842279293,4067.07194193,2421.2592660625,0.415167903936726,10.1620804568258,0.00419702284644285,24.4770377489839,BRACKET_NORMALIZATION_IS_DIAGNOSTIC_ONLY;NOT_AN_ACCEPTANCE_OR_SAFETY_CRITERION
2011-02-05 18:00:00,20110205T180000_C01,20110205T180000_C01_K4,4,VMAX / bus 30,18,RAY:130.000000:BASE,VMAX_BUS_30,VMAX,30,RAY,129.999999999975,17.3182817991,4214.45992014,2689.69407050025,0.807958569248274,27.7428665893166,0.0103145063572813,34.3369915800616,BRACKET_NORMALIZATION_IS_DIAGNOSTIC_ONLY;NOT_AN_ACCEPTANCE_OR_SAFETY_CRITERION
2011-02-05 18:00:00,20110205T180000_C01,20110205T180000_C01_K4,4,VMAX / bus 30,19,AXIS:P30_POSITIVE:AXIS,VMAX_BUS_30,VMAX,30,AXIS,130.251526974398,0,4223.4375,2706.16568164871,0.3125,26.5543376943655,0.00981253212781397,84.9738806219696,BRACKET_NORMALIZATION_IS_DIAGNOSTIC_ONLY;NOT_AN_ACCEPTANCE_OR_SAFETY_CRITERION
2011-02-05 18:00:00,20110205T180000_C01,20110205T180000_C01_K5,5,VMAX / bus 30,10,RAY:80.000000:BASE,VMAX_BUS_30,VMAX,30,RAY,79.9999999997497,1561.84347959,3495.2946646,1619.83168644038,0.226328310763069,1.04495969439142,0.000645103872913943,4.61700832241588,BRACKET_NORMALIZATION_IS_DIAGNOSTIC_ONLY;NOT_AN_ACCEPTANCE_OR_SAFETY_CRITERION
2011-02-05 18:00:00,20110205T180000_C01,20110205T180000_C01_K5,5,VMAX / bus 30,11,RAY:90.000000:BASE,VMAX_BUS_30,VMAX,30,RAY,90,1366.015625,3579.64291382,1692.29916382,0.456268309999814,1.34067546661435,0.000792221313628772,2.93834885577501,BRACKET_NORMALIZATION_IS_DIAGNOSTIC_ONLY;NOT_AN_ACCEPTANCE_OR_SAFETY_CRITERION
2011-02-05 18:00:00,20110205T180000_C01,20110205T180000_C01_K5,5,VMAX / bus 30,14,RAY:110.000000:BASE,VMAX_BUS_30,VMAX,30,RAY,109.999999999981,886.699512277,3794.00373622,1965.98480130655,0.44209237267715,1.56679036754595,0.000796949379519463,3.54403392679687,BRACKET_NORMALIZATION_IS_DIAGNOSTIC_ONLY;NOT_AN_ACCEPTANCE_OR_SAFETY_CRITERION
2011-02-05 18:00:00,20110205T180000_C01,20110205T180000_C01_K5,5,VMAX / bus 30,15,RAY:115.000000:ADAPTIVE,VMAX_BUS_30,VMAX,30,RAY,115.00000000004,728.331485181,3867.27522529,2080.08887046221,0.434437949693587,2.65485295000555,0.00127631707842157,6.11100607550064,BRACKET_NORMALIZATION_IS_DIAGNOSTIC_ONLY;NOT_AN_ACCEPTANCE_OR_SAFETY_CRITERION
2011-02-05 18:00:00,20110205T180000_C01,20110205T180000_C01_K5,5,VMAX / bus 30,18,RAY:130.000000:BASE,VMAX_BUS_30,VMAX,30,RAY,129.999999999975,17.3182817991,4214.45992014,2689.69407050025,0.807958569248274,7.3816560062558,0.00274442215834714,9.13618134296627,BRACKET_NORMALIZATION_IS_DIAGNOSTIC_ONLY;NOT_AN_ACCEPTANCE_OR_SAFETY_CRITERION
2011-02-05 18:00:00,20110205T180000_C01,20110205T180000_C01_K5,5,VMAX / bus 30,19,AXIS:P30_POSITIVE:AXIS,VMAX_BUS_30,VMAX,30,AXIS,130.251526974398,0,4223.4375,2706.16568164871,0.3125,8.36370663731605,0.00309061144852762,26.7638612394114,BRACKET_NORMALIZATION_IS_DIAGNOSTIC_ONLY;NOT_AN_ACCEPTANCE_OR_SAFETY_CRITERION
2011-02-05 18:00:00,20110205T180000_C02,20110205T180000_C02_K3,3,VMAX / bus 13,0,RAY:0.000000:BASE,VMAX_BUS_13,VMAX,13,RAY,0,2353.03338623,1887.34375,987.01776123,0.315139770000314,20.0146227627281,0.0202778749774334,63.5103045315677,BRACKET_NORMALIZATION_IS_DIAGNOSTIC_ONLY;NOT_AN_ACCEPTANCE_OR_SAFETY_CRITERION
2011-02-05 18:00:00,20110205T180000_C02,20110205T180000_C02_K3,3,VMAX / bus 13,1,RAY:10.000000:BASE,VMAX_BUS_13,VMAX,13,RAY,10.0000000000589,2281.86464046,2121.15195409,945.222563959855,0.320305850744158,13.0952177256543,0.0138541103703598,40.8834796343261,BRACKET_NORMALIZATION_IS_DIAGNOSTIC_ONLY;NOT_AN_ACCEPTANCE_OR_SAFETY_CRITERION
2011-02-05 18:00:00,20110205T180000_C02,20110205T180000_C02_K3,3,VMAX / bus 13,2,RAY:20.000000:BASE,VMAX_BUS_13,VMAX,13,RAY,20.000000000058,2217.6984955,2336.15204274,962.700678059028,0.334735972397214,8.82900029012128,0.00917107517564242,26.3760127926865,BRACKET_NORMALIZATION_IS_DIAGNOSTIC_ONLY;NOT_AN_ACCEPTANCE_OR_SAFETY_CRITERION
2011-02-05 18:00:00,20110205T180000_C02,20110205T180000_C02_K3,3,VMAX / bus 13,3,RAY:30.000000:BASE,VMAX_BUS_13,VMAX,13,RAY,30.0000000000985,2155.57042798,2547.33586121,1029.07063594693,0.355710554030891,5.60659443691589,0.00544821146485908,15.7616758158629,BRACKET_NORMALIZATION_IS_DIAGNOSTIC_ONLY;NOT_AN_ACCEPTANCE_OR_SAFETY_CRITERION
2011-02-05 18:00:00,20110205T180000_C02,20110205T180000_C02_K3,3,VMAX / bus 13,4,RAY:40.000000:BASE,VMAX_BUS_13,VMAX,13,RAY,39.9999999999972,2091.45589036,2768.66101822,1141.48311676886,0.379861272675684,2.90310319851103,0.00254327300672541,7.6425353341814,BRACKET_NORMALIZATION_IS_DIAGNOSTIC_ONLY;NOT_AN_ACCEPTANCE_OR_SAFETY_CRITERION
2011-02-05 18:00:00,20110205T180000_C02,20110205T180000_C02_K3,3,VMAX / bus 13,5,RAY:50.000000:BASE,VMAX_BUS_13,VMAX,13,RAY,49.9999999998863,2020.71520644,3016.99822009,1305.66104473253,0.403979289050419,0.657472697613557,0.00050355542142122,1.62749110024673,BRACKET_NORMALIZATION_IS_DIAGNOSTIC_ONLY;NOT_AN_ACCEPTANCE_OR_SAFETY_CRITERION
2011-02-05 18:00:00,20110205T180000_C02,20110205T180000_C02_K3,3,VMAX / bus 13,47,AXIS:P13_POSITIVE:AXIS,VMAX_BUS_13,VMAX,13,AXIS,321.065053448432,2979.53125,0,2483.04230789232,0.15625,6.28264742560407,0.00253022165817907,40.2089435238661,BRACKET_NORMALIZATION_IS_DIAGNOSTIC_ONLY;NOT_AN_ACCEPTANCE_OR_SAFETY_CRITERION
2011-02-05 18:00:00,20110205T180000_C02,20110205T180000_C02_K3,3,VMAX / bus 13,48,RAY:325.000000:ADAPTIVE,VMAX_BUS_13,VMAX,13,RAY,324.99999999997,2840.55350096,392.486208956,2099.72879573928,0.735199161918652,29.4359329167297,0.0140189213847333,40.0380392707611,BRACKET_NORMALIZATION_IS_DIAGNOSTIC_ONLY;NOT_AN_ACCEPTANCE_OR_SAFETY_CRITERION
2011-02-05 18:00:00,20110205T180000_C02,20110205T180000_C02_K3,3,VMAX / bus 13,49,RAY:330.000000:BASE,VMAX_BUS_13,VMAX,13,RAY,329.999999999924,2715.05447433,759.676620483,1758.27727392318,0.355710557237814,51.5623758262906,0.0293255088893013,144.9559895739,BRACKET_NORMALIZATION_IS_DIAGNOSTIC_ONLY;NOT_AN_ACCEPTANCE_OR_SAFETY_CRITERION
2011-02-05 18:00:00,20110205T180000_C02,20110205T180000_C02_K3,3,VMAX / bus 13,50,RAY:335.000000:ADAPTIVE,VMAX_BUS_13,VMAX,13,RAY,335.000000000045,2622.14436102,1039.28919536,1515.60414657022,0.344612122926629,65.772415284079,0.0433968298601719,190.859261495228,BRACKET_NORMALIZATION_IS_DIAGNOSTIC_ONLY;NOT_AN_ACCEPTANCE_OR_SAFETY_CRITERION
2011-02-05 18:00:00,20110205T180000_C02,20110205T180000_C02_K3,3,VMAX / bus 13,51,RAY:340.000000:BASE,VMAX_BUS_13,VMAX,13,RAY,340.000000000016,2549.07301987,1263.91220289,1337.27023951352,0.33473597239732,57.4803777316458,0.042983367185795,171.718555732094,BRACKET_NORMALIZATION_IS_DIAGNOSTIC_ONLY;NOT_AN_ACCEPTANCE_OR_SAFETY_CRITERION
2011-02-05 18:00:00,20110205T180000_C02,20110205T180000_C02_K3,3,VMAX / bus 13,52,RAY:345.000000:ADAPTIVE,VMAX_BUS_13,VMAX,13,RAY,344.999999999888,2488.95328685,1451.70631496,1204.47871181245,0.326505485820533,42.432685487521,0.0352290871323663,129.960099692918,BRACKET_NORMALIZATION_IS_DIAGNOSTIC_ONLY;NOT_AN_ACCEPTANCE_OR_SAFETY_CRITERION
2011-02-05 18:00:00,20110205T180000_C02,20110205T180000_C02_K3,3,VMAX / bus 13,53,RAY:350.000000:BASE,VMAX_BUS_13,VMAX,13,RAY,349.999999999932,2437.97174137,1613.6827751,1106.33640661702,0.160152920527289,32.4053126459493,0.0292906501604144,202.339817090177,BRACKET_NORMALIZATION_IS_DIAGNOSTIC_ONLY;NOT_AN_ACCEPTANCE_OR_SAFETY_CRITERION
2011-02-05 18:00:00,20110205T180000_C02,20110205T180000_C02_K4,4,VMAX / bus 13,0,RAY:0.000000:BASE,VMAX_BUS_13,VMAX,13,RAY,0,2353.03338623,1887.34375,987.01776123,0.315139770000314,1.19551533665013,0.00121123994279526,3.79360350694214,BRACKET_NORMALIZATION_IS_DIAGNOSTIC_ONLY;NOT_AN_ACCEPTANCE_OR_SAFETY_CRITERION
2011-02-05 18:00:00,20110205T180000_C02,20110205T180000_C02_K4,4,VMAX / bus 13,1,RAY:10.000000:BASE,VMAX_BUS_13,VMAX,13,RAY,10.0000000000589,2281.86464046,2121.15195409,945.222563959855,0.320305850744158,3.45547032103875,0.00365572136424952,10.7880337277972,BRACKET_NORMALIZATION_IS_DIAGNOSTIC_ONLY;NOT_AN_ACCEPTANCE_OR_SAFETY_CRITERION
2011-02-05 18:00:00,20110205T180000_C02,20110205T180000_C02_K4,4,VMAX / bus 13,2,RAY:20.000000:BASE,VMAX_BUS_13,VMAX,13,RAY,20.000000000058,2217.6984955,2336.15204274,962.700678059028,0.334735972397214,6.9046162389178,0.00717213189549082,20.6270517909095,BRACKET_NORMALIZATION_IS_DIAGNOSTIC_ONLY;NOT_AN_ACCEPTANCE_OR_SAFETY_CRITERION
2011-02-05 18:00:00,20110205T180000_C02,20110205T180000_C02_K4,4,VMAX / bus 13,3,RAY:30.000000:BASE,VMAX_BUS_13,VMAX,13,RAY,30.0000000000985,2155.57042798,2547.33586121,1029.07063594693,0.355710554030891,5.60659443691292,0.00544821146485619,15.7616758158545,BRACKET_NORMALIZATION_IS_DIAGNOSTIC_ONLY;NOT_AN_ACCEPTANCE_OR_SAFETY_CRITERION
2011-02-05 18:00:00,20110205T180000_C02,20110205T180000_C02_K4,4,VMAX / bus 13,4,RAY:40.000000:BASE,VMAX_BUS_13,VMAX,13,RAY,39.9999999999972,2091.45589036,2768.66101822,1141.48311676886,0.379861272675684,2.90310319850888,0.00254327300672352,7.64253533417573,BRACKET_NORMALIZATION_IS_DIAGNOSTIC_ONLY;NOT_AN_ACCEPTANCE_OR_SAFETY_CRITERION
2011-02-05 18:00:00,20110205T180000_C02,20110205T180000_C02_K4,4,VMAX / bus 13,5,RAY:50.000000:BASE,VMAX_BUS_13,VMAX,13,RAY,49.9999999998863,2020.71520644,3016.99822009,1305.66104473253,0.403979289050419,0.657472697612253,0.000503555421420221,1.6274911002435,BRACKET_NORMALIZATION_IS_DIAGNOSTIC_ONLY;NOT_AN_ACCEPTANCE_OR_SAFETY_CRITERION
2011-02-05 18:00:00,20110205T180000_C02,20110205T180000_C02_K4,4,VMAX / bus 13,47,AXIS:P13_POSITIVE:AXIS,VMAX_BUS_13,VMAX,13,AXIS,321.065053448432,2979.53125,0,2483.04230789232,0.15625,6.28264742560325,0.00253022165817873,40.2089435238608,BRACKET_NORMALIZATION_IS_DIAGNOSTIC_ONLY;NOT_AN_ACCEPTANCE_OR_SAFETY_CRITERION
2011-02-05 18:00:00,20110205T180000_C02,20110205T180000_C02_K4,4,VMAX / bus 13,48,RAY:325.000000:ADAPTIVE,VMAX_BUS_13,VMAX,13,RAY,324.99999999997,2840.55350096,392.486208956,2099.72879573928,0.735199161918652,29.4359329167287,0.0140189213847328,40.0380392707599,BRACKET_NORMALIZATION_IS_DIAGNOSTIC_ONLY;NOT_AN_ACCEPTANCE_OR_SAFETY_CRITERION
2011-02-05 18:00:00,20110205T180000_C02,20110205T180000_C02_K4,4,VMAX / bus 13,49,RAY:330.000000:BASE,VMAX_BUS_13,VMAX,13,RAY,329.999999999924,2715.05447433,759.676620483,1758.27727392318,0.355710557237814,14.6574857425722,0.00833627662710301,41.2062151216186,BRACKET_NORMALIZATION_IS_DIAGNOSTIC_ONLY;NOT_AN_ACCEPTANCE_OR_SAFETY_CRITERION
2011-02-05 18:00:00,20110205T180000_C02,20110205T180000_C02_K4,4,VMAX / bus 13,50,RAY:335.000000:ADAPTIVE,VMAX_BUS_13,VMAX,13,RAY,335.000000000045,2622.14436102,1039.28919536,1515.60414657022,0.344612122926629,5.18503370554133,0.00342110023733766,15.0459991410264,BRACKET_NORMALIZATION_IS_DIAGNOSTIC_ONLY;NOT_AN_ACCEPTANCE_OR_SAFETY_CRITERION
2011-02-05 18:00:00,20110205T180000_C02,20110205T180000_C02_K4,4,VMAX / bus 13,51,RAY:340.000000:BASE,VMAX_BUS_13,VMAX,13,RAY,340.000000000016,2549.07301987,1263.91220289,1337.27023951352,0.33473597239732,1.37160076505805,0.00102567209269311,4.09756010157763,BRACKET_NORMALIZATION_IS_DIAGNOSTIC_ONLY;NOT_AN_ACCEPTANCE_OR_SAFETY_CRITERION
2011-02-05 18:00:00,20110205T180000_C02,20110205T180000_C02_K5,5,VMAX / bus 13,0,RAY:0.000000:BASE,VMAX_BUS_13,VMAX,13,RAY,0,2353.03338623,1887.34375,987.01776123,0.315139770000314,1.38937400007582,0.00140764842807328,4.40875488382325,BRACKET_NORMALIZATION_IS_DIAGNOSTIC_ONLY;NOT_AN_ACCEPTANCE_OR_SAFETY_CRITERION
2011-02-05 18:00:00,20110205T180000_C02,20110205T180000_C02_K5,5,VMAX / bus 13,3,RAY:30.000000:BASE,VMAX_BUS_13,VMAX,13,RAY,30.0000000000985,2155.57042798,2547.33586121,1029.07063594693,0.355710554030891,0.937896689650244,0.000911401663683864,2.63668502107136,BRACKET_NORMALIZATION_IS_DIAGNOSTIC_ONLY;NOT_AN_ACCEPTANCE_OR_SAFETY_CRITERION
2011-02-05 18:00:00,20110205T180000_C02,20110205T180000_C02_K5,5,VMAX / bus 13,4,RAY:40.000000:BASE,VMAX_BUS_13,VMAX,13,RAY,39.9999999999972,2091.45589036,2768.66101822,1141.48311676886,0.379861272675684,2.9031031985194,0.00254327300673274,7.64253533420342,BRACKET_NORMALIZATION_IS_DIAGNOSTIC_ONLY;NOT_AN_ACCEPTANCE_OR_SAFETY_CRITERION
2011-02-05 18:00:00,20110205T180000_C02,20110205T180000_C02_K5,5,VMAX / bus 13,5,RAY:50.000000:BASE,VMAX_BUS_13,VMAX,13,RAY,49.9999999998863,2020.71520644,3016.99822009,1305.66104473253,0.403979289050419,0.657472697618921,0.000503555421425328,1.62749110026,BRACKET_NORMALIZATION_IS_DIAGNOSTIC_ONLY;NOT_AN_ACCEPTANCE_OR_SAFETY_CRITERION
2011-02-05 18:00:00,20110205T180000_C02,20110205T180000_C02_K5,5,VMAX / bus 13,47,AXIS:P13_POSITIVE:AXIS,VMAX_BUS_13,VMAX,13,AXIS,321.065053448432,2979.53125,0,2483.04230789232,0.15625,6.28264742561069,0.00253022165818173,40.2089435239084,BRACKET_NORMALIZATION_IS_DIAGNOSTIC_ONLY;NOT_AN_ACCEPTANCE_OR_SAFETY_CRITERION
2011-02-05 18:00:00,20110205T180000_C02,20110205T180000_C02_K5,5,VMAX / bus 13,48,RAY:325.000000:ADAPTIVE,VMAX_BUS_13,VMAX,13,RAY,324.99999999997,2840.55350096,392.486208956,2099.72879573928,0.735199161918652,16.9972728500335,0.00809498487829663,23.1192766945975,BRACKET_NORMALIZATION_IS_DIAGNOSTIC_ONLY;NOT_AN_ACCEPTANCE_OR_SAFETY_CRITERION
2011-02-05 18:00:00,20110205T180000_C02,20110205T180000_C02_K5,5,VMAX / bus 13,49,RAY:330.000000:BASE,VMAX_BUS_13,VMAX,13,RAY,329.999999999924,2715.05447433,759.676620483,1758.27727392318,0.355710557237814,3.49131668420326,0.00198564625499209,9.81504937979421,BRACKET_NORMALIZATION_IS_DIAGNOSTIC_ONLY;NOT_AN_ACCEPTANCE_OR_SAFETY_CRITERION
2011-02-05 18:00:00,20110205T180000_C02,20110205T180000_C02_K5,5,VMAX / bus 13,52,RAY:345.000000:ADAPTIVE,VMAX_BUS_13,VMAX,13,RAY,344.999999999888,2488.95328685,1451.70631496,1204.47871181245,0.326505485820533,1.19184051477759,0.000989507330506623,3.65029246532384,BRACKET_NORMALIZATION_IS_DIAGNOSTIC_ONLY;NOT_AN_ACCEPTANCE_OR_SAFETY_CRITERION
2011-02-05 18:00:00,20110205T180000_C02,20110205T180000_C02_K5,5,VMAX / bus 13,53,RAY:350.000000:BASE,VMAX_BUS_13,VMAX,13,RAY,349.999999999932,2437.97174137,1613.6827751,1106.33640661702,0.160152920527289,3.01802790865266,0.002727947747721,18.8446635797591,BRACKET_NORMALIZATION_IS_DIAGNOSTIC_ONLY;NOT_AN_ACCEPTANCE_OR_SAFETY_CRITERION
2011-02-05 18:00:00,20110205T180000_C02,20110205T180000_C02_K8,8,VMAX / bus 13,0,RAY:0.000000:BASE,VMAX_BUS_13,VMAX,13,RAY,0,2353.03338623,1887.34375,987.01776123,0.315139770000314,1.19551533664882,0.00121123994279393,3.79360350693797,BRACKET_NORMALIZATION_IS_DIAGNOSTIC_ONLY;NOT_AN_ACCEPTANCE_OR_SAFETY_CRITERION
2011-02-05 18:00:00,20110205T180000_C02,20110205T180000_C02_K8,8,VMAX / bus 13,3,RAY:30.000000:BASE,VMAX_BUS_13,VMAX,13,RAY,30.0000000000985,2155.57042798,2547.33586121,1029.07063594693,0.355710554030891,0.937896689646017,0.000911401663679756,2.63668502105947,BRACKET_NORMALIZATION_IS_DIAGNOSTIC_ONLY;NOT_AN_ACCEPTANCE_OR_SAFETY_CRITERION
2011-02-05 18:00:00,20110205T180000_C02,20110205T180000_C02_K8,8,VMAX / bus 13,47,AXIS:P13_POSITIVE:AXIS,VMAX_BUS_13,VMAX,13,AXIS,321.065053448432,2979.53125,0,2483.04230789232,0.15625,6.28264742560104,0.00253022165817784,40.2089435238467,BRACKET_NORMALIZATION_IS_DIAGNOSTIC_ONLY;NOT_AN_ACCEPTANCE_OR_SAFETY_CRITERION
2011-02-06 00:00:00,20110206T000000_C01,20110206T000000_C01_K3,3,VMAX / bus 30,8,RAY:70.000000:BASE,VMAX_BUS_30,VMAX,30,RAY,70.0000000000401,935.51886228,2500.57787981,1930.95548622594,0.217254211390406,1.87613385693703,0.00097160906624727,8.63566162851322,BRACKET_NORMALIZATION_IS_DIAGNOSTIC_ONLY;NOT_AN_ACCEPTANCE_OR_SAFETY_CRITERION
2011-02-06 00:00:00,20110206T000000_C01,20110206T000000_C01_K3,3,VMAX / bus 30,9,RAY:80.000000:BASE,VMAX_BUS_30,VMAX,30,RAY,79.9999999999974,703.687233285,2601.04791148,1987.21181514405,0.444765396367839,5.7279244692977,0.00288239251882794,12.8785299307783,BRACKET_NORMALIZATION_IS_DIAGNOSTIC_ONLY;NOT_AN_ACCEPTANCE_OR_SAFETY_CRITERION
2011-02-06 00:00:00,20110206T000000_C01,20110206T000000_C01_K3,3,VMAX / bus 30,10,RAY:90.000000:BASE,VMAX_BUS_30,VMAX,30,RAY,90,461.953125,2709.02737427,2080.43362427,0.448272699999961,13.3278039720382,0.00640626252938725,29.7314647357276,BRACKET_NORMALIZATION_IS_DIAGNOSTIC_ONLY;NOT_AN_ACCEPTANCE_OR_SAFETY_CRITERION
2011-02-06 00:00:00,20110206T000000_C01,20110206T000000_C01_K3,3,VMAX / bus 30,11,RAY:100.000000:BASE,VMAX_BUS_30,VMAX,30,RAY,100.000000000021,191.760614531,2833.25715251,2221.15841647563,0.444765406293471,26.6303119311976,0.0119893798360644,59.8749622933265,BRACKET_NORMALIZATION_IS_DIAGNOSTIC_ONLY;NOT_AN_ACCEPTANCE_OR_SAFETY_CRITERION
2011-02-06 00:00:00,20110206T000000_C01,20110206T000000_C01_K3,3,VMAX / bus 30,12,RAY:105.000000:ADAPTIVE,VMAX_BUS_30,VMAX,30,RAY,104.99999999999,37.8671208959,2905.73119469,2316.29097500428,0.44044323239985,36.9359879003295,0.0159461778761458,83.8609500231751,BRACKET_NORMALIZATION_IS_DIAGNOSTIC_ONLY;NOT_AN_ACCEPTANCE_OR_SAFETY_CRITERION
2011-02-06 00:00:00,20110206T000000_C01,20110206T000000_C01_K3,3,VMAX / bus 30,13,AXIS:P30_POSITIVE:AXIS,VMAX_BUS_30,VMAX,30,AXIS,106.150129914566,0,2923.75,2341.18408110326,0.3125,39.8043388475868,0.0170017980084801,127.373884312278,BRACKET_NORMALIZATION_IS_DIAGNOSTIC_ONLY;NOT_AN_ACCEPTANCE_OR_SAFETY_CRITERION
2011-02-06 00:00:00,20110206T000000_C01,20110206T000000_C01_K3,3,VMAX / bus 30,14,RAY:110.000000:BASE,VMAX_BUS_30,VMAX,30,RAY,110.000000000041,-135.119068065,2988.7933628,2434.550762665,0.434508441925023,34.4759643065571,0.014161119511354,79.3447514018752,BRACKET_NORMALIZATION_IS_DIAGNOSTIC_ONLY;NOT_AN_ACCEPTANCE_OR_SAFETY_CRITERION
2011-02-06 00:00:00,20110206T000000_C01,20110206T000000_C01_K3,3,VMAX / bus 30,15,RAY:115.000000:ADAPTIVE,VMAX_BUS_30,VMAX,30,RAY,114.999999999976,-334.679654438,3086.54566214,2583.82495298497,0.854157002870694,22.0672771190577,0.00854054648460778,25.8351533089266,BRACKET_NORMALIZATION_IS_DIAGNOSTIC_ONLY;NOT_AN_ACCEPTANCE_OR_SAFETY_CRITERION
2011-02-06 00:00:00,20110206T000000_C01,20110206T000000_C01_K3,3,VMAX / bus 30,16,RAY:120.000000:BASE,VMAX_BUS_30,VMAX,30,RAY,120.000000000045,-572.612449646,3206.73322034,2777.9721123092,0.418306305001734,9.89171812358764,0.00356076941152772,23.6470691579622,BRACKET_NORMALIZATION_IS_DIAGNOSTIC_ONLY;NOT_AN_ACCEPTANCE_OR_SAFETY_CRITERION
2011-02-06 00:00:00,20110206T000000_C01,20110206T000000_C01_K4,4,VMAX / bus 30,8,RAY:70.000000:BASE,VMAX_BUS_30,VMAX,30,RAY,70.0000000000401,935.51886228,2500.57787981,1930.95548622594,0.217254211390406,1.87613385693703,0.00097160906624727,8.63566162851322,BRACKET_NORMALIZATION_IS_DIAGNOSTIC_ONLY;NOT_AN_ACCEPTANCE_OR_SAFETY_CRITERION
2011-02-06 00:00:00,20110206T000000_C01,20110206T000000_C01_K4,4,VMAX / bus 30,9,RAY:80.000000:BASE,VMAX_BUS_30,VMAX,30,RAY,79.9999999999974,703.687233285,2601.04791148,1987.21181514405,0.444765396367839,5.72792446929748,0.00288239251882783,12.8785299307778,BRACKET_NORMALIZATION_IS_DIAGNOSTIC_ONLY;NOT_AN_ACCEPTANCE_OR_SAFETY_CRITERION
2011-02-06 00:00:00,20110206T000000_C01,20110206T000000_C01_K4,4,VMAX / bus 30,10,RAY:90.000000:BASE,VMAX_BUS_30,VMAX,30,RAY,90,461.953125,2709.02737427,2080.43362427,0.448272699999961,3.01369994681144,0.00144859221253402,6.72291653453736,BRACKET_NORMALIZATION_IS_DIAGNOSTIC_ONLY;NOT_AN_ACCEPTANCE_OR_SAFETY_CRITERION
2011-02-06 00:00:00,20110206T000000_C01,20110206T000000_C01_K4,4,VMAX / bus 30,13,AXIS:P30_POSITIVE:AXIS,VMAX_BUS_30,VMAX,30,AXIS,106.150129914566,0,2923.75,2341.18408110326,0.3125,0.20937303718032,8.94304035595761e-05,0.669993718977024,BRACKET_NORMALIZATION_IS_DIAGNOSTIC_ONLY;NOT_AN_ACCEPTANCE_OR_SAFETY_CRITERION
2011-02-06 00:00:00,20110206T000000_C01,20110206T000000_C01_K4,4,VMAX / bus 30,14,RAY:110.000000:BASE,VMAX_BUS_30,VMAX,30,RAY,110.000000000041,-135.119068065,2988.7933628,2434.550762665,0.434508441925023,1.86973109845275,0.000767998403289005,4.30309498745109,BRACKET_NORMALIZATION_IS_DIAGNOSTIC_ONLY;NOT_AN_ACCEPTANCE_OR_SAFETY_CRITERION
2011-02-06 00:00:00,20110206T000000_C01,20110206T000000_C01_K4,4,VMAX / bus 30,15,RAY:115.000000:ADAPTIVE,VMAX_BUS_30,VMAX,30,RAY,114.999999999976,-334.679654438,3086.54566214,2583.82495298497,0.854157002870694,6.66012701569302,0.00257762315051524,7.79731008855436,BRACKET_NORMALIZATION_IS_DIAGNOSTIC_ONLY;NOT_AN_ACCEPTANCE_OR_SAFETY_CRITERION
2011-02-06 00:00:00,20110206T000000_C01,20110206T000000_C01_K4,4,VMAX / bus 30,16,RAY:120.000000:BASE,VMAX_BUS_30,VMAX,30,RAY,120.000000000045,-572.612449646,3206.73322034,2777.9721123092,0.418306305001734,9.89171812358456,0.00356076941152661,23.6470691579548,BRACKET_NORMALIZATION_IS_DIAGNOSTIC_ONLY;NOT_AN_ACCEPTANCE_OR_SAFETY_CRITERION
2011-02-06 00:00:00,20110206T000000_C01,20110206T000000_C01_K5,5,VMAX / bus 30,8,RAY:70.000000:BASE,VMAX_BUS_30,VMAX,30,RAY,70.0000000000401,935.51886228,2500.57787981,1930.95548622594,0.217254211390406,1.87613385693788,0.000971609066247714,8.63566162851716,BRACKET_NORMALIZATION_IS_DIAGNOSTIC_ONLY;NOT_AN_ACCEPTANCE_OR_SAFETY_CRITERION
2011-02-06 00:00:00,20110206T000000_C01,20110206T000000_C01_K5,5,VMAX / bus 30,9,RAY:80.000000:BASE,VMAX_BUS_30,VMAX,30,RAY,79.9999999999974,703.687233285,2601.04791148,1987.21181514405,0.444765396367839,3.01919838419335,0.0015193138251216,6.78829425321649,BRACKET_NORMALIZATION_IS_DIAGNOSTIC_ONLY;NOT_AN_ACCEPTANCE_OR_SAFETY_CRITERION
2011-02-06 00:00:00,20110206T000000_C01,20110206T000000_C01_K5,5,VMAX / bus 30,12,RAY:105.000000:ADAPTIVE,VMAX_BUS_30,VMAX,30,RAY,104.99999999999,37.8671208959,2905.73119469,2316.29097500428,0.44044323239985,0.234197854669176,0.000101108995888888,0.531732213009832,BRACKET_NORMALIZATION_IS_DIAGNOSTIC_ONLY;NOT_AN_ACCEPTANCE_OR_SAFETY_CRITERION
2011-02-06 00:00:00,20110206T000000_C01,20110206T000000_C01_K5,5,VMAX / bus 30,15,RAY:115.000000:ADAPTIVE,VMAX_BUS_30,VMAX,30,RAY,114.999999999976,-334.679654438,3086.54566214,2583.82495298497,0.854157002870694,2.1027114341439,0.000813797943902794,2.46173879869509,BRACKET_NORMALIZATION_IS_DIAGNOSTIC_ONLY;NOT_AN_ACCEPTANCE_OR_SAFETY_CRITERION
2011-02-06 00:00:00,20110206T000000_C01,20110206T000000_C01_K5,5,VMAX / bus 30,16,RAY:120.000000:BASE,VMAX_BUS_30,VMAX,30,RAY,120.000000000045,-572.612449646,3206.73322034,2777.9721123092,0.418306305001734,9.80261573631944,0.0035286947960651,23.4340616412148,BRACKET_NORMALIZATION_IS_DIAGNOSTIC_ONLY;NOT_AN_ACCEPTANCE_OR_SAFETY_CRITERION
2011-02-06 00:00:00,20110206T000000_C02,20110206T000000_C02_K3,3,VMAX / bus 13,0,RAY:0.000000:BASE,VMAX_BUS_13,VMAX,13,RAY,0,1851.24024963,628.59375,1389.28712463,0.31156921999991,21.4160378142729,0.0154151272509464,68.7360510588275,BRACKET_NORMALIZATION_IS_DIAGNOSTIC_ONLY;NOT_AN_ACCEPTANCE_OR_SAFETY_CRITERION
2011-02-06 00:00:00,20110206T000000_C02,20110206T000000_C02_K3,3,VMAX / bus 13,1,RAY:10.000000:BASE,VMAX_BUS_13,VMAX,13,RAY,9.99999999998477,1748.36212182,954.945237968,1327.15990023748,0.158277866474549,11.7600490388712,0.00886106416925858,74.3000224909031,BRACKET_NORMALIZATION_IS_DIAGNOSTIC_ONLY;NOT_AN_ACCEPTANCE_OR_SAFETY_CRITERION
2011-02-06 00:00:00,20110206T000000_C02,20110206T000000_C02_K3,3,VMAX / bus 13,2,RAY:20.000000:BASE,VMAX_BUS_13,VMAX,13,RAY,20.000000000122,1656.49263283,1254.13239295,1348.41508060036,0.165246946636355,6.13541408480495,0.00455009304855392,37.1287591673729,BRACKET_NORMALIZATION_IS_DIAGNOSTIC_ONLY;NOT_AN_ACCEPTANCE_OR_SAFETY_CRITERION
2011-02-06 00:00:00,20110206T000000_C02,20110206T000000_C02_K3,3,VMAX / bus 13,3,RAY:30.000000:BASE,VMAX_BUS_13,VMAX,13,RAY,29.9999999999764,1568.24322741,1547.55279541,1438.18062767901,0.350775757959804,2.35144103205586,0.0016350109206037,6.70354486790194,BRACKET_NORMALIZATION_IS_DIAGNOSTIC_ONLY;NOT_AN_ACCEPTANCE_OR_SAFETY_CRITERION
2011-02-06 00:00:00,20110206T000000_C02,20110206T000000_C02_K3,3,VMAX / bus 13,46,RAY:335.000000:ADAPTIVE,VMAX_BUS_13,VMAX,13,RAY,334.999999999974,2255.33329263,-574.591967659,2159.59910558122,0.340040801755112,11.130821537458,0.00515411471911231,32.7337821814515,BRACKET_NORMALIZATION_IS_DIAGNOSTIC_ONLY;NOT_AN_ACCEPTANCE_OR_SAFETY_CRITERION
2011-02-06 00:00:00,20110206T000000_C02,20110206T000000_C02_K3,3,VMAX / bus 13,47,RAY:340.000000:BASE,VMAX_BUS_13,VMAX,13,RAY,340.000000000046,2142.79903541,-251.606580675,1897.36543571933,0.330493891372606,23.1082642302651,0.0121791320718901,69.9203974218463,BRACKET_NORMALIZATION_IS_DIAGNOSTIC_ONLY;NOT_AN_ACCEPTANCE_OR_SAFETY_CRITERION
2011-02-06 00:00:00,20110206T000000_C02,20110206T000000_C02_K3,3,VMAX / bus 13,48,AXIS:P13_POSITIVE:AXIS,VMAX_BUS_13,VMAX,13,AXIS,344.683509954262,2057.1875,0,1714.61447961946,0.3125,32.6956373065989,0.0190687980856521,104.626039381116,BRACKET_NORMALIZATION_IS_DIAGNOSTIC_ONLY;NOT_AN_ACCEPTANCE_OR_SAFETY_CRITERION
2011-02-06 00:00:00,20110206T000000_C02,20110206T000000_C02_K3,3,VMAX / bus 13,49,RAY:345.000000:ADAPTIVE,VMAX_BUS_13,VMAX,13,RAY,344.999999999966,2051.8865051,15.6520943177,1703.99108754323,0.322542321761931,33.2484578999951,0.0195121078643268,103.082465948564,BRACKET_NORMALIZATION_IS_DIAGNOSTIC_ONLY;NOT_AN_ACCEPTANCE_OR_SAFETY_CRITERION
2011-02-06 00:00:00,20110206T000000_C02,20110206T000000_C02_K3,3,VMAX / bus 13,50,RAY:350.000000:BASE,VMAX_BUS_13,VMAX,13,RAY,349.999999999989,1975.88085077,244.522613057,1561.88597441933,0.158277866474556,39.8295992974492,0.0255009648269983,251.643518987236,BRACKET_NORMALIZATION_IS_DIAGNOSTIC_ONLY;NOT_AN_ACCEPTANCE_OR_SAFETY_CRITERION
2011-02-06 00:00:00,20110206T000000_C02,20110206T000000_C02_K4,4,VMAX / bus 13,0,RAY:0.000000:BASE,VMAX_BUS_13,VMAX,13,RAY,0,1851.24024963,628.59375,1389.28712463,0.31156921999991,2.90565616486249,0.00209147275127619,9.32587681435071,BRACKET_NORMALIZATION_IS_DIAGNOSTIC_ONLY;NOT_AN_ACCEPTANCE_OR_SAFETY_CRITERION
2011-02-06 00:00:00,20110206T000000_C02,20110206T000000_C02_K4,4,VMAX / bus 13,1,RAY:10.000000:BASE,VMAX_BUS_13,VMAX,13,RAY,9.99999999998477,1748.36212182,954.945237968,1327.15990023748,0.158277866474549,7.99810229388775,0.0060264797726759,50.5320325073616,BRACKET_NORMALIZATION_IS_DIAGNOSTIC_ONLY;NOT_AN_ACCEPTANCE_OR_SAFETY_CRITERION
2011-02-06 00:00:00,20110206T000000_C02,20110206T000000_C02_K4,4,VMAX / bus 13,2,RAY:20.000000:BASE,VMAX_BUS_13,VMAX,13,RAY,20.000000000122,1656.49263283,1254.13239295,1348.41508060036,0.165246946636355,6.13541408480765,0.00455009304855591,37.1287591673892,BRACKET_NORMALIZATION_IS_DIAGNOSTIC_ONLY;NOT_AN_ACCEPTANCE_OR_SAFETY_CRITERION
2011-02-06 00:00:00,20110206T000000_C02,20110206T000000_C02_K4,4,VMAX / bus 13,3,RAY:30.000000:BASE,VMAX_BUS_13,VMAX,13,RAY,29.9999999999764,1568.24322741,1547.55279541,1438.18062767901,0.350775757959804,2.35144103205825,0.00163501092060536,6.70354486790877,BRACKET_NORMALIZATION_IS_DIAGNOSTIC_ONLY;NOT_AN_ACCEPTANCE_OR_SAFETY_CRITERION
2011-02-06 00:00:00,20110206T000000_C02,20110206T000000_C02_K4,4,VMAX / bus 13,46,RAY:335.000000:ADAPTIVE,VMAX_BUS_13,VMAX,13,RAY,334.999999999974,2255.33329263,-574.591967659,2159.59910558122,0.340040801755112,11.1308215374565,0.00515411471911165,32.7337821814472,BRACKET_NORMALIZATION_IS_DIAGNOSTIC_ONLY;NOT_AN_ACCEPTANCE_OR_SAFETY_CRITERION
2011-02-06 00:00:00,20110206T000000_C02,20110206T000000_C02_K4,4,VMAX / bus 13,47,RAY:340.000000:BASE,VMAX_BUS_13,VMAX,13,RAY,340.000000000046,2142.79903541,-251.606580675,1897.36543571933,0.330493891372606,2.9495370723948,0.00155454348269846,8.92463415933285,BRACKET_NORMALIZATION_IS_DIAGNOSTIC_ONLY;NOT_AN_ACCEPTANCE_OR_SAFETY_CRITERION
2011-02-06 00:00:00,20110206T000000_C02,20110206T000000_C02_K4,4,VMAX / bus 13,48,AXIS:P13_POSITIVE:AXIS,VMAX_BUS_13,VMAX,13,AXIS,344.683509954262,2057.1875,0,1714.61447961946,0.3125,0.127485022584819,7.43520039636625e-05,0.407952072271421,BRACKET_NORMALIZATION_IS_DIAGNOSTIC_ONLY;NOT_AN_ACCEPTANCE_OR_SAFETY_CRITERION
2011-02-06 00:00:00,20110206T000000_C02,20110206T000000_C02_K5,5,VMAX / bus 13,2,RAY:20.000000:BASE,VMAX_BUS_13,VMAX,13,RAY,20.000000000122,1656.49263283,1254.13239295,1348.41508060036,0.165246946636355,2.36931699586983,0.00175711250189736,14.3380379734567,BRACKET_NORMALIZATION_IS_DIAGNOSTIC_ONLY;NOT_AN_ACCEPTANCE_OR_SAFETY_CRITERION
2011-02-06 00:00:00,20110206T000000_C02,20110206T000000_C02_K5,5,VMAX / bus 13,3,RAY:30.000000:BASE,VMAX_BUS_13,VMAX,13,RAY,29.9999999999764,1568.24322741,1547.55279541,1438.18062767901,0.350775757959804,2.35144103205442,0.0016350109206027,6.70354486789785,BRACKET_NORMALIZATION_IS_DIAGNOSTIC_ONLY;NOT_AN_ACCEPTANCE_OR_SAFETY_CRITERION
2011-02-06 00:00:00,20110206T000000_C02,20110206T000000_C02_K5,5,VMAX / bus 13,46,RAY:335.000000:ADAPTIVE,VMAX_BUS_13,VMAX,13,RAY,334.999999999974,2255.33329263,-574.591967659,2159.59910558122,0.340040801755112,5.52417675911194,0.00255796399657482,16.2456291439117,BRACKET_NORMALIZATION_IS_DIAGNOSTIC_ONLY;NOT_AN_ACCEPTANCE_OR_SAFETY_CRITERION
2011-02-06 00:00:00,20110206T000000_C02,20110206T000000_C02_K5,5,VMAX / bus 13,47,RAY:340.000000:BASE,VMAX_BUS_13,VMAX,13,RAY,340.000000000046,2142.79903541,-251.606580675,1897.36543571933,0.330493891372606,0.546572170576794,0.000288069003623215,1.65380415446341,BRACKET_NORMALIZATION_IS_DIAGNOSTIC_ONLY;NOT_AN_ACCEPTANCE_OR_SAFETY_CRITERION
2011-02-06 00:00:00,20110206T000000_C02,20110206T000000_C02_K5,5,VMAX / bus 13,50,RAY:350.000000:BASE,VMAX_BUS_13,VMAX,13,RAY,349.999999999989,1975.88085077,244.522613057,1561.88597441933,0.158277866474556,1.70131536404356,0.0010892698903171,10.7489151953982,BRACKET_NORMALIZATION_IS_DIAGNOSTIC_ONLY;NOT_AN_ACCEPTANCE_OR_SAFETY_CRITERION
2011-03-04 18:00:00,20110304T180000_C01,20110304T180000_C01_K3,3,VMAX / bus 30,8,RAY:70.000000:BASE,VMAX_BUS_30,VMAX,30,RAY,70.0000000000365,645.37850276,2171.47451867,2053.36622189238,0.21589382985251,2.38625905883814,0.00116212053816633,11.052928471686,BRACKET_NORMALIZATION_IS_DIAGNOSTIC_ONLY;NOT_AN_ACCEPTANCE_OR_SAFETY_CRITERION
2011-03-04 18:00:00,20110304T180000_C01,20110304T180000_C01_K3,3,VMAX / bus 30,9,RAY:80.000000:BASE,VMAX_BUS_30,VMAX,30,RAY,79.9999999999811,398.523014684,2279.97353844,2114.65540025759,0.44193425856793,7.59958134821127,0.00359376820794799,17.1961806555514,BRACKET_NORMALIZATION_IS_DIAGNOSTIC_ONLY;NOT_AN_ACCEPTANCE_OR_SAFETY_CRITERION
2011-03-04 18:00:00,20110304T180000_C01,20110304T180000_C01_K3,3,VMAX / bus 30,10,RAY:90.000000:BASE,VMAX_BUS_30,VMAX,30,RAY,90,140.703125,2396.5335083,2215.4397583,0.445404049999979,16.7822766129958,0.00757514464120368,37.6787696766489,BRACKET_NORMALIZATION_IS_DIAGNOSTIC_ONLY;NOT_AN_ACCEPTANCE_OR_SAFETY_CRITERION
2011-03-04 18:00:00,20110304T180000_C01,20110304T180000_C01_K3,3,VMAX / bus 30,11,AXIS:P30_POSITIVE:AXIS,VMAX_BUS_30,VMAX,30,AXIS,95.0612812426028,0,2461.5625,2284.80526284218,0.3125,23.6849740308295,0.0103662987896687,75.7919168986544,BRACKET_NORMALIZATION_IS_DIAGNOSTIC_ONLY;NOT_AN_ACCEPTANCE_OR_SAFETY_CRITERION
2011-03-04 18:00:00,20110304T180000_C01,20110304T180000_C01_K3,3,VMAX / bus 30,12,RAY:100.000000:BASE,VMAX_BUS_30,VMAX,30,RAY,99.9999999999851,-147.99049442,2531.31274822,2367.88372718933,0.220967124382274,32.8756966505385,0.0138839995701824,148.780940795806,BRACKET_NORMALIZATION_IS_DIAGNOSTIC_ONLY;NOT_AN_ACCEPTANCE_OR_SAFETY_CRITERION
2011-03-04 18:00:00,20110304T180000_C01,20110304T180000_C01_K3,3,VMAX / bus 30,13,RAY:105.000000:ADAPTIVE,VMAX_BUS_30,VMAX,30,RAY,105.000000000041,-312.71758275,2610.15695972,2471.019711583,0.437658470488194,45.2172618403203,0.0182990291936412,103.316318292393,BRACKET_NORMALIZATION_IS_DIAGNOSTIC_ONLY;NOT_AN_ACCEPTANCE_OR_SAFETY_CRITERION
2011-03-04 18:00:00,20110304T180000_C01,20110304T180000_C01_K3,3,VMAX / bus 30,14,RAY:110.000000:BASE,VMAX_BUS_30,VMAX,30,RAY,109.999999999992,-498.16676757,2700.72201777,2599.3617192261,0.43178765945923,43.3761577570599,0.0166872341914669,100.457150191333,BRACKET_NORMALIZATION_IS_DIAGNOSTIC_ONLY;NOT_AN_ACCEPTANCE_OR_SAFETY_CRITERION
2011-03-04 18:00:00,20110304T180000_C01,20110304T180000_C01_K3,3,VMAX / bus 30,15,RAY:115.000000:ADAPTIVE,VMAX_BUS_30,VMAX,30,RAY,115.000000000013,-712.8425716,2808.60235736,2762.66931389467,0.424438363231103,28.4969871623512,0.0103150192529476,67.1404605027064,BRACKET_NORMALIZATION_IS_DIAGNOSTIC_ONLY;NOT_AN_ACCEPTANCE_OR_SAFETY_CRITERION
2011-03-04 18:00:00,20110304T180000_C01,20110304T180000_C01_K3,3,VMAX / bus 30,16,RAY:120.000000:BASE,VMAX_BUS_30,VMAX,30,RAY,119.999999999951,-969.505462646,2941.38639336,2975.19387352661,0.415762135749689,12.9960074772839,0.00436812121486363,31.258275729823,BRACKET_NORMALIZATION_IS_DIAGNOSTIC_ONLY;NOT_AN_ACCEPTANCE_OR_SAFETY_CRITERION
2011-03-04 18:00:00,20110304T180000_C01,20110304T180000_C01_K4,4,VMAX / bus 30,8,RAY:70.000000:BASE,VMAX_BUS_30,VMAX,30,RAY,70.0000000000365,645.37850276,2171.47451867,2053.36622189238,0.21589382985251,2.38625905883974,0.00116212053816711,11.0529284716934,BRACKET_NORMALIZATION_IS_DIAGNOSTIC_ONLY;NOT_AN_ACCEPTANCE_OR_SAFETY_CRITERION
2011-03-04 18:00:00,20110304T180000_C01,20110304T180000_C01_K4,4,VMAX / bus 30,9,RAY:80.000000:BASE,VMAX_BUS_30,VMAX,30,RAY,79.9999999999811,398.523014684,2279.97353844,2114.65540025759,0.44193425856793,5.94398806335138,0.00281085422363725,13.4499372884388,BRACKET_NORMALIZATION_IS_DIAGNOSTIC_ONLY;NOT_AN_ACCEPTANCE_OR_SAFETY_CRITERION
2011-03-04 18:00:00,20110304T180000_C01,20110304T180000_C01_K4,4,VMAX / bus 30,10,RAY:90.000000:BASE,VMAX_BUS_30,VMAX,30,RAY,90,140.703125,2396.5335083,2215.4397583,0.445404049999979,1.28660466680127,0.000580744595731431,2.88862363690077,BRACKET_NORMALIZATION_IS_DIAGNOSTIC_ONLY;NOT_AN_ACCEPTANCE_OR_SAFETY_CRITERION
2011-03-04 18:00:00,20110304T180000_C01,20110304T180000_C01_K4,4,VMAX / bus 30,13,RAY:105.000000:ADAPTIVE,VMAX_BUS_30,VMAX,30,RAY,105.000000000041,-312.71758275,2610.15695972,2471.019711583,0.437658470488194,1.3448906125353,0.000544265432700142,3.07292261711539,BRACKET_NORMALIZATION_IS_DIAGNOSTIC_ONLY;NOT_AN_ACCEPTANCE_OR_SAFETY_CRITERION
2011-03-04 18:00:00,20110304T180000_C01,20110304T180000_C01_K4,4,VMAX / bus 30,14,RAY:110.000000:BASE,VMAX_BUS_30,VMAX,30,RAY,109.999999999992,-498.16676757,2700.72201777,2599.3617192261,0.43178765945923,5.11511964917606,0.00196783680060464,11.8463775819398,BRACKET_NORMALIZATION_IS_DIAGNOSTIC_ONLY;NOT_AN_ACCEPTANCE_OR_SAFETY_CRITERION
2011-03-04 18:00:00,20110304T180000_C01,20110304T180000_C01_K4,4,VMAX / bus 30,15,RAY:115.000000:ADAPTIVE,VMAX_BUS_30,VMAX,30,RAY,115.000000000013,-712.8425716,2808.60235736,2762.66931389467,0.424438363231103,13.7386605319011,0.00497296598720787,32.3690357000565,BRACKET_NORMALIZATION_IS_DIAGNOSTIC_ONLY;NOT_AN_ACCEPTANCE_OR_SAFETY_CRITERION
2011-03-04 18:00:00,20110304T180000_C01,20110304T180000_C01_K4,4,VMAX / bus 30,16,RAY:120.000000:BASE,VMAX_BUS_30,VMAX,30,RAY,119.999999999951,-969.505462646,2941.38639336,2975.19387352661,0.415762135749689,12.9960074772845,0.00436812121486385,31.2582757298246,BRACKET_NORMALIZATION_IS_DIAGNOSTIC_ONLY;NOT_AN_ACCEPTANCE_OR_SAFETY_CRITERION
2011-03-04 18:00:00,20110304T180000_C01,20110304T180000_C01_K5,5,VMAX / bus 30,8,RAY:70.000000:BASE,VMAX_BUS_30,VMAX,30,RAY,70.0000000000365,645.37850276,2171.47451867,2053.36622189238,0.21589382985251,2.38625905883974,0.00116212053816711,11.0529284716934,BRACKET_NORMALIZATION_IS_DIAGNOSTIC_ONLY;NOT_AN_ACCEPTANCE_OR_SAFETY_CRITERION
2011-03-04 18:00:00,20110304T180000_C01,20110304T180000_C01_K5,5,VMAX / bus 30,9,RAY:80.000000:BASE,VMAX_BUS_30,VMAX,30,RAY,79.9999999999811,398.523014684,2279.97353844,2114.65540025759,0.44193425856793,2.47601929333025,0.00117088547525457,5.60268692758442,BRACKET_NORMALIZATION_IS_DIAGNOSTIC_ONLY;NOT_AN_ACCEPTANCE_OR_SAFETY_CRITERION
2011-03-04 18:00:00,20110304T180000_C01,20110304T180000_C01_K5,5,VMAX / bus 30,12,RAY:100.000000:BASE,VMAX_BUS_30,VMAX,30,RAY,99.9999999999851,-147.99049442,2531.31274822,2367.88372718933,0.220967124382274,1.4454744912198,0.000610449945080527,6.54158167311407,BRACKET_NORMALIZATION_IS_DIAGNOSTIC_ONLY;NOT_AN_ACCEPTANCE_OR_SAFETY_CRITERION
2011-03-04 18:00:00,20110304T180000_C01,20110304T180000_C01_K5,5,VMAX / bus 30,15,RAY:115.000000:ADAPTIVE,VMAX_BUS_30,VMAX,30,RAY,115.000000000013,-712.8425716,2808.60235736,2762.66931389467,0.424438363231103,3.80196218170676,0.00137619155596547,8.95763086249728,BRACKET_NORMALIZATION_IS_DIAGNOSTIC_ONLY;NOT_AN_ACCEPTANCE_OR_SAFETY_CRITERION
2011-03-04 18:00:00,20110304T180000_C01,20110304T180000_C01_K5,5,VMAX / bus 30,16,RAY:120.000000:BASE,VMAX_BUS_30,VMAX,30,RAY,119.999999999951,-969.505462646,2941.38639336,2975.19387352661,0.415762135749689,12.9960074772839,0.00436812121486363,31.258275729823,BRACKET_NORMALIZATION_IS_DIAGNOSTIC_ONLY;NOT_AN_ACCEPTANCE_OR_SAFETY_CRITERION
2011-03-04 18:00:00,20110304T180000_C02,20110304T180000_C02_K3,3,VMAX / bus 13,0,RAY:0.000000:BASE,VMAX_BUS_13,VMAX,13,RAY,0,1670.2652359,181.09375,1529.5621109,0.155143739999858,26.0881128105714,0.0170559355678738,168.154466371607,BRACKET_NORMALIZATION_IS_DIAGNOSTIC_ONLY;NOT_AN_ACCEPTANCE_OR_SAFETY_CRITERION
2011-03-04 18:00:00,20110304T180000_C02,20110304T180000_C02_K3,3,VMAX / bus 13,1,RAY:10.000000:BASE,VMAX_BUS_13,VMAX,13,RAY,9.99999999999221,1555.81405731,539.271971245,1459.73647927203,0.315209775838473,14.1958341924196,0.00972492939239211,45.0361482433658,BRACKET_NORMALIZATION_IS_DIAGNOSTIC_ONLY;NOT_AN_ACCEPTANCE_OR_SAFETY_CRITERION
2011-03-04 18:00:00,20110304T180000_C02,20110304T180000_C02_K3,3,VMAX / bus 13,2,RAY:20.000000:BASE,VMAX_BUS_13,VMAX,13,RAY,20.0000000000176,1453.95625449,867.220309425,1481.68938636398,0.32897188764395,7.18962913360791,0.00485231871117808,21.8548435402764,BRACKET_NORMALIZATION_IS_DIAGNOSTIC_ONLY;NOT_AN_ACCEPTANCE_OR_SAFETY_CRITERION
2011-03-04 18:00:00,20110304T180000_C02,20110304T180000_C02_K3,3,VMAX / bus 13,3,RAY:30.000000:BASE,VMAX_BUS_13,VMAX,13,RAY,29.9999999999499,1356.64680941,1188.82041931,1579.25048161943,0.349005636438284,2.74475535754718,0.00173801141078811,7.86450151796488,BRACKET_NORMALIZATION_IS_DIAGNOSTIC_ONLY;NOT_AN_ACCEPTANCE_OR_SAFETY_CRITERION
2011-03-04 18:00:00,20110304T180000_C02,20110304T180000_C02_K3,3,VMAX / bus 13,48,RAY:335.000000:ADAPTIVE,VMAX_BUS_13,VMAX,13,RAY,335.000000000018,2126.08776972,-1147.85160896,2389.11028514618,0.338400896043387,15.4991027996909,0.00648739528520448,45.8010099290745,BRACKET_NORMALIZATION_IS_DIAGNOSTIC_ONLY;NOT_AN_ACCEPTANCE_OR_SAFETY_CRITERION
2011-03-04 18:00:00,20110304T180000_C02,20110304T180000_C02_K3,3,VMAX / bus 13,49,RAY:340.000000:BASE,VMAX_BUS_13,VMAX,13,RAY,340.000000000011,1997.74335185,-789.141609009,2095.22195865031,0.328971887643897,31.3266187102653,0.0149514558975151,95.2258228951633,BRACKET_NORMALIZATION_IS_DIAGNOSTIC_ONLY;NOT_AN_ACCEPTANCE_OR_SAFETY_CRITERION
2011-03-04 18:00:00,20110304T180000_C02,20110304T180000_C02_K3,3,VMAX / bus 13,50,RAY:345.000000:ADAPTIVE,VMAX_BUS_13,VMAX,13,RAY,345.000000000018,1894.93318358,-493.634539094,1879.51625758579,0.321120147307636,44.6104120987488,0.023735049866528,138.92124948489,BRACKET_NORMALIZATION_IS_DIAGNOSTIC_ONLY;NOT_AN_ACCEPTANCE_OR_SAFETY_CRITERION
2011-03-04 18:00:00,20110304T180000_C02,20110304T180000_C02_K3,3,VMAX / bus 13,51,RAY:350.000000:BASE,VMAX_BUS_13,VMAX,13,RAY,349.999999999975,1809.44007195,-241.279660974,1721.36059453382,0.315209785532681,48.5678293652817,0.0282147909737849,154.080969546062,BRACKET_NORMALIZATION_IS_DIAGNOSTIC_ONLY;NOT_AN_ACCEPTANCE_OR_SAFETY_CRITERION
2011-03-04 18:00:00,20110304T180000_C02,20110304T180000_C02_K3,3,VMAX / bus 13,52,AXIS:P13_POSITIVE:AXIS,VMAX_BUS_13,VMAX,13,AXIS,355.459626741253,1729.375,0,1598.96005975918,0.3125,34.3998771286766,0.0215139064410762,110.079606811765,BRACKET_NORMALIZATION_IS_DIAGNOSTIC_ONLY;NOT_AN_ACCEPTANCE_OR_SAFETY_CRITERION
2011-03-04 18:00:00,20110304T180000_C02,20110304T180000_C02_K4,4,VMAX / bus 13,0,RAY:0.000000:BASE,VMAX_BUS_13,VMAX,13,RAY,0,1670.2652359,181.09375,1529.5621109,0.155143739999858,0.983507189069547,0.000642999183923854,6.33932886412592,BRACKET_NORMALIZATION_IS_DIAGNOSTIC_ONLY;NOT_AN_ACCEPTANCE_OR_SAFETY_CRITERION
2011-03-04 18:00:00,20110304T180000_C02,20110304T180000_C02_K4,4,VMAX / bus 13,1,RAY:10.000000:BASE,VMAX_BUS_13,VMAX,13,RAY,9.99999999999221,1555.81405731,539.271971245,1459.73647927203,0.315209775838473,5.12769768763736,0.0035127557339627,16.2675718860478,BRACKET_NORMALIZATION_IS_DIAGNOSTIC_ONLY;NOT_AN_ACCEPTANCE_OR_SAFETY_CRITERION
2011-03-04 18:00:00,20110304T180000_C02,20110304T180000_C02_K4,4,VMAX / bus 13,2,RAY:20.000000:BASE,VMAX_BUS_13,VMAX,13,RAY,20.0000000000176,1453.95625449,867.220309425,1481.68938636398,0.32897188764395,7.18962913360775,0.00485231871117797,21.8548435402759,BRACKET_NORMALIZATION_IS_DIAGNOSTIC_ONLY;NOT_AN_ACCEPTANCE_OR_SAFETY_CRITERION
2011-03-04 18:00:00,20110304T180000_C02,20110304T180000_C02_K4,4,VMAX / bus 13,3,RAY:30.000000:BASE,VMAX_BUS_13,VMAX,13,RAY,29.9999999999499,1356.64680941,1188.82041931,1579.25048161943,0.349005636438284,2.74475535754753,0.00173801141078833,7.86450151796588,BRACKET_NORMALIZATION_IS_DIAGNOSTIC_ONLY;NOT_AN_ACCEPTANCE_OR_SAFETY_CRITERION
2011-03-04 18:00:00,20110304T180000_C02,20110304T180000_C02_K4,4,VMAX / bus 13,48,RAY:335.000000:ADAPTIVE,VMAX_BUS_13,VMAX,13,RAY,335.000000000018,2126.08776972,-1147.85160896,2389.11028514618,0.338400896043387,15.4991027996925,0.00648739528520514,45.8010099290792,BRACKET_NORMALIZATION_IS_DIAGNOSTIC_ONLY;NOT_AN_ACCEPTANCE_OR_SAFETY_CRITERION
2011-03-04 18:00:00,20110304T180000_C02,20110304T180000_C02_K4,4,VMAX / bus 13,49,RAY:340.000000:BASE,VMAX_BUS_13,VMAX,13,RAY,340.000000000011,1997.74335185,-789.141609009,2095.22195865031,0.328971887643897,8.87648206452216,0.00423653543142521,26.982494243188,BRACKET_NORMALIZATION_IS_DIAGNOSTIC_ONLY;NOT_AN_ACCEPTANCE_OR_SAFETY_CRITERION
2011-03-04 18:00:00,20110304T180000_C02,20110304T180000_C02_K4,4,VMAX / bus 13,50,RAY:345.000000:ADAPTIVE,VMAX_BUS_13,VMAX,13,RAY,345.000000000018,1894.93318358,-493.634539094,1879.51625758579,0.321120147307636,2.15286137535825,0.00114543376077181,6.7042239280483,BRACKET_NORMALIZATION_IS_DIAGNOSTIC_ONLY;NOT_AN_ACCEPTANCE_OR_SAFETY_CRITERION
2011-03-04 18:00:00,20110304T180000_C02,20110304T180000_C02_K5,5,VMAX / bus 13,2,RAY:20.000000:BASE,VMAX_BUS_13,VMAX,13,RAY,20.0000000000176,1453.95625449,867.220309425,1481.68938636398,0.32897188764395,2.83654689282703,0.0019144004937417,8.62245984950867,BRACKET_NORMALIZATION_IS_DIAGNOSTIC_ONLY;NOT_AN_ACCEPTANCE_OR_SAFETY_CRITERION
2011-03-04 18:00:00,20110304T180000_C02,20110304T180000_C02_K5,5,VMAX / bus 13,3,RAY:30.000000:BASE,VMAX_BUS_13,VMAX,13,RAY,29.9999999999499,1356.64680941,1188.82041931,1579.25048161943,0.349005636438284,2.74475535754806,0.00173801141078866,7.86450151796739,BRACKET_NORMALIZATION_IS_DIAGNOSTIC_ONLY;NOT_AN_ACCEPTANCE_OR_SAFETY_CRITERION
2011-03-04 18:00:00,20110304T180000_C02,20110304T180000_C02_K5,5,VMAX / bus 13,48,RAY:335.000000:ADAPTIVE,VMAX_BUS_13,VMAX,13,RAY,335.000000000018,2126.08776972,-1147.85160896,2389.11028514618,0.338400896043387,14.8125966600873,0.00620004725281276,43.7723328551357,BRACKET_NORMALIZATION_IS_DIAGNOSTIC_ONLY;NOT_AN_ACCEPTANCE_OR_SAFETY_CRITERION
2011-03-04 18:00:00,20110304T180000_C02,20110304T180000_C02_K5,5,VMAX / bus 13,49,RAY:340.000000:BASE,VMAX_BUS_13,VMAX,13,RAY,340.000000000011,1997.74335185,-789.141609009,2095.22195865031,0.328971887643897,3.69858303931768,0.00176524640935904,11.2428544147252,BRACKET_NORMALIZATION_IS_DIAGNOSTIC_ONLY;NOT_AN_ACCEPTANCE_OR_SAFETY_CRITERION
2011-03-04 18:00:00,20110304T180000_C02,20110304T180000_C02_K5,5,VMAX / bus 13,52,AXIS:P13_POSITIVE:AXIS,VMAX_BUS_13,VMAX,13,AXIS,355.459626741253,1729.375,0,1598.96005975918,0.3125,1.29898665593063,0.000812394686160123,4.15675729897801,BRACKET_NORMALIZATION_IS_DIAGNOSTIC_ONLY;NOT_AN_ACCEPTANCE_OR_SAFETY_CRITERION
2011-03-08 11:30:00,20110308T113000_C01,20110308T113000_C01_K3,3,VMAX / bus 30,9,RAY:70.000000:BASE,VMAX_BUS_30,VMAX,30,RAY,70.0000000000123,450.794447189,1949.92870338,2134.3379924335,0.429963333047775,2.32936921269087,0.00109137785156277,5.41759967339364,BRACKET_NORMALIZATION_IS_DIAGNOSTIC_ONLY;NOT_AN_ACCEPTANCE_OR_SAFETY_CRITERION
2011-03-08 11:30:00,20110308T113000_C01,20110308T113000_C01_K3,3,VMAX / bus 30,10,RAY:80.000000:BASE,VMAX_BUS_30,VMAX,30,RAY,80.0000000000235,193.956680609,2063.65959641,2198.86275501341,0.440036567325044,7.94986034327182,0.00361544181197582,18.0663629652384,BRACKET_NORMALIZATION_IS_DIAGNOSTIC_ONLY;NOT_AN_ACCEPTANCE_OR_SAFETY_CRITERION
2011-03-08 11:30:00,20110308T113000_C01,20110308T113000_C01_K3,3,VMAX / bus 30,11,AXIS:P30_POSITIVE:AXIS,VMAX_BUS_30,VMAX,30,AXIS,87.306445404241,0,2151.875,2271.84788175872,0.3125,14.810837701053,0.00651929111098204,47.3946806433695,BRACKET_NORMALIZATION_IS_DIAGNOSTIC_ONLY;NOT_AN_ACCEPTANCE_OR_SAFETY_CRITERION
2011-03-08 11:30:00,20110308T113000_C01,20110308T113000_C01_K3,3,VMAX / bus 30,12,RAY:90.000000:BASE,VMAX_BUS_30,VMAX,30,RAY,90,-74.53125,2186.02307129,2304.77307129,0.443481439999687,17.8347675514062,0.00773818809911031,40.2153640328641,BRACKET_NORMALIZATION_IS_DIAGNOSTIC_ONLY;NOT_AN_ACCEPTANCE_OR_SAFETY_CRITERION
2011-03-08 11:30:00,20110308T113000_C01,20110308T113000_C01_K3,3,VMAX / bus 30,13,RAY:100.000000:BASE,VMAX_BUS_30,VMAX,30,RAY,100.000000000003,-375.525724139,2327.88969563,2465.08488164093,0.440036577250564,35.2889063830464,0.0143154934119574,80.1953933092075,BRACKET_NORMALIZATION_IS_DIAGNOSTIC_ONLY;NOT_AN_ACCEPTANCE_OR_SAFETY_CRITERION
2011-03-08 11:30:00,20110308T113000_C01,20110308T113000_C01_K3,3,VMAX / bus 30,14,RAY:105.000000:ADAPTIVE,VMAX_BUS_30,VMAX,30,RAY,105.000000000008,-547.502629325,2411.20429198,2573.78527565308,0.435791613085282,48.8642958488256,0.0189853816909519,112.127664648891,BRACKET_NORMALIZATION_IS_DIAGNOSTIC_ONLY;NOT_AN_ACCEPTANCE_OR_SAFETY_CRITERION
2011-03-08 11:30:00,20110308T113000_C01,20110308T113000_C01_K3,3,VMAX / bus 30,15,RAY:110.000000:BASE,VMAX_BUS_30,VMAX,30,RAY,110.000000000013,-741.453599655,2507.52179466,2709.62893398635,0.429963332801426,51.876648740041,0.0191452962763138,120.653657608519,BRACKET_NORMALIZATION_IS_DIAGNOSTIC_ONLY;NOT_AN_ACCEPTANCE_OR_SAFETY_CRITERION
2011-03-08 11:30:00,20110308T113000_C01,20110308T113000_C01_K3,3,VMAX / bus 30,16,RAY:115.000000:ADAPTIVE,VMAX_BUS_30,VMAX,30,RAY,115.000000000017,-966.221746336,2622.01535665,2882.17048098629,0.422667619694387,34.3887018314954,0.0119315294006229,81.3610984829177,BRACKET_NORMALIZATION_IS_DIAGNOSTIC_ONLY;NOT_AN_ACCEPTANCE_OR_SAFETY_CRITERION
2011-03-08 11:30:00,20110308T113000_C01,20110308T113000_C01_K3,3,VMAX / bus 30,17,RAY:120.000000:BASE,VMAX_BUS_30,VMAX,30,RAY,120.000000000038,-1235.6212616,2763.6668141,3107.48398310332,0.414055152924747,15.9806239783725,0.00514262472960947,38.5953993459342,BRACKET_NORMALIZATION_IS_DIAGNOSTIC_ONLY;NOT_AN_ACCEPTANCE_OR_SAFETY_CRITERION
2011-03-08 11:30:00,20110308T113000_C01,20110308T113000_C01_K4,4,VMAX / bus 30,9,RAY:70.000000:BASE,VMAX_BUS_30,VMAX,30,RAY,70.0000000000123,450.794447189,1949.92870338,2134.3379924335,0.429963333047775,2.32936921269182,0.00109137785156321,5.41759967339585,BRACKET_NORMALIZATION_IS_DIAGNOSTIC_ONLY;NOT_AN_ACCEPTANCE_OR_SAFETY_CRITERION
2011-03-08 11:30:00,20110308T113000_C01,20110308T113000_C01_K4,4,VMAX / bus 30,10,RAY:80.000000:BASE,VMAX_BUS_30,VMAX,30,RAY,80.0000000000235,193.956680609,2063.65959641,2198.86275501341,0.440036567325044,3.98256105020719,0.00181119128109608,9.05052294725628,BRACKET_NORMALIZATION_IS_DIAGNOSTIC_ONLY;NOT_AN_ACCEPTANCE_OR_SAFETY_CRITERION
2011-03-08 11:30:00,20110308T113000_C01,20110308T113000_C01_K4,4,VMAX / bus 30,11,AXIS:P30_POSITIVE:AXIS,VMAX_BUS_30,VMAX,30,AXIS,87.306445404241,0,2151.875,2271.84788175872,0.3125,0.96605248472643,0.000425227627467106,3.09136795112458,BRACKET_NORMALIZATION_IS_DIAGNOSTIC_ONLY;NOT_AN_ACCEPTANCE_OR_SAFETY_CRITERION
2011-03-08 11:30:00,20110308T113000_C01,20110308T113000_C01_K4,4,VMAX / bus 30,14,RAY:105.000000:ADAPTIVE,VMAX_BUS_30,VMAX,30,RAY,105.000000000008,-547.502629325,2411.20429198,2573.78527565308,0.435791613085282,2.51836133749541,0.000978465982115151,5.77882011006618,BRACKET_NORMALIZATION_IS_DIAGNOSTIC_ONLY;NOT_AN_ACCEPTANCE_OR_SAFETY_CRITERION
2011-03-08 11:30:00,20110308T113000_C01,20110308T113000_C01_K4,4,VMAX / bus 30,15,RAY:110.000000:BASE,VMAX_BUS_30,VMAX,30,RAY,110.000000000013,-741.453599655,2507.52179466,2709.62893398635,0.429963332801426,8.39241631862166,0.00309725668092675,19.5189116800748,BRACKET_NORMALIZATION_IS_DIAGNOSTIC_ONLY;NOT_AN_ACCEPTANCE_OR_SAFETY_CRITERION
2011-03-08 11:30:00,20110308T113000_C01,20110308T113000_C01_K4,4,VMAX / bus 30,16,RAY:115.000000:ADAPTIVE,VMAX_BUS_30,VMAX,30,RAY,115.000000000017,-966.221746336,2622.01535665,2882.17048098629,0.422667619694387,19.5189530377464,0.00677231037043546,46.1803841322402,BRACKET_NORMALIZATION_IS_DIAGNOSTIC_ONLY;NOT_AN_ACCEPTANCE_OR_SAFETY_CRITERION
2011-03-08 11:30:00,20110308T113000_C01,20110308T113000_C01_K4,4,VMAX / bus 30,17,RAY:120.000000:BASE,VMAX_BUS_30,VMAX,30,RAY,120.000000000038,-1235.6212616,2763.6668141,3107.48398310332,0.414055152924747,15.9806239783697,0.00514262472960858,38.5953993459276,BRACKET_NORMALIZATION_IS_DIAGNOSTIC_ONLY;NOT_AN_ACCEPTANCE_OR_SAFETY_CRITERION
2011-03-08 11:30:00,20110308T113000_C01,20110308T113000_C01_K5,5,VMAX / bus 30,9,RAY:70.000000:BASE,VMAX_BUS_30,VMAX,30,RAY,70.0000000000123,450.794447189,1949.92870338,2134.3379924335,0.429963333047775,2.32936921269229,0.00109137785156344,5.41759967339695,BRACKET_NORMALIZATION_IS_DIAGNOSTIC_ONLY;NOT_AN_ACCEPTANCE_OR_SAFETY_CRITERION
2011-03-08 11:30:00,20110308T113000_C01,20110308T113000_C01_K5,5,VMAX / bus 30,10,RAY:80.000000:BASE,VMAX_BUS_30,VMAX,30,RAY,80.0000000000235,193.956680609,2063.65959641,2198.86275501341,0.440036567325044,0.61991688737028,0.000281926139299449,1.40878493607638,BRACKET_NORMALIZATION_IS_DIAGNOSTIC_ONLY;NOT_AN_ACCEPTANCE_OR_SAFETY_CRITERION
2011-03-08 11:30:00,20110308T113000_C01,20110308T113000_C01_K5,5,VMAX / bus 30,13,RAY:100.000000:BASE,VMAX_BUS_30,VMAX,30,RAY,100.000000000003,-375.525724139,2327.88969563,2465.08488164093,0.440036577250564,2.24322975473327,0.000910001019210349,5.09782565974268,BRACKET_NORMALIZATION_IS_DIAGNOSTIC_ONLY;NOT_AN_ACCEPTANCE_OR_SAFETY_CRITERION
2011-03-08 11:30:00,20110308T113000_C01,20110308T113000_C01_K5,5,VMAX / bus 30,16,RAY:115.000000:ADAPTIVE,VMAX_BUS_30,VMAX,30,RAY,115.000000000017,-966.221746336,2622.01535665,2882.17048098629,0.422667619694387,3.60219576486227,0.00124982050459055,8.52252596843559,BRACKET_NORMALIZATION_IS_DIAGNOSTIC_ONLY;NOT_AN_ACCEPTANCE_OR_SAFETY_CRITERION
2011-03-08 11:30:00,20110308T113000_C01,20110308T113000_C01_K5,5,VMAX / bus 30,17,RAY:120.000000:BASE,VMAX_BUS_30,VMAX,30,RAY,120.000000000038,-1235.6212616,2763.6668141,3107.48398310332,0.414055152924747,14.4708803630345,0.00465678357208554,34.9491613878418,BRACKET_NORMALIZATION_IS_DIAGNOSTIC_ONLY;NOT_AN_ACCEPTANCE_OR_SAFETY_CRITERION
2011-03-08 11:30:00,20110308T113000_C02,20110308T113000_C02_K3,3,VMAX / bus 13,0,RAY:0.000000:BASE,VMAX_BUS_13,VMAX,13,RAY,0,1548.21000671,-118.75,1622.74125671,0.154708869999922,29.6585057981046,0.0182767928500415,191.705270668188,BRACKET_NORMALIZATION_IS_DIAGNOSTIC_ONLY;NOT_AN_ACCEPTANCE_OR_SAFETY_CRITERION
2011-03-08 11:30:00,20110308T113000_C02,20110308T113000_C02_K3,3,VMAX / bus 13,1,AXIS:P13_POSITIVE:AXIS,VMAX_BUS_13,VMAX,13,AXIS,2.99374878710085,1509.6875,0,1588.66315194618,0.15625,24.9220197371212,0.0156874159928684,159.500926317575,BRACKET_NORMALIZATION_IS_DIAGNOSTIC_ONLY;NOT_AN_ACCEPTANCE_OR_SAFETY_CRITERION
2011-03-08 11:30:00,20110308T113000_C02,20110308T113000_C02_K3,3,VMAX / bus 13,2,RAY:10.000000:BASE,VMAX_BUS_13,VMAX,13,RAY,10.0000000000196,1426.19984751,260.522993177,1547.91531757619,0.15714876620533,16.391474620855,0.0105893871807675,104.305461739598,BRACKET_NORMALIZATION_IS_DIAGNOSTIC_ONLY;NOT_AN_ACCEPTANCE_OR_SAFETY_CRITERION
2011-03-08 11:30:00,20110308T113000_C02,20110308T113000_C02_K3,3,VMAX / bus 13,3,RAY:20.000000:BASE,VMAX_BUS_13,VMAX,13,RAY,19.9999999999671,1317.61591164,607.491864893,1570.19137877699,0.327943059073579,8.38233269626939,0.00533841467324725,25.5603296497539,BRACKET_NORMALIZATION_IS_DIAGNOSTIC_ONLY;NOT_AN_ACCEPTANCE_OR_SAFETY_CRITERION
2011-03-08 11:30:00,20110308T113000_C02,20110308T113000_C02_K3,3,VMAX / bus 13,4,RAY:30.000000:BASE,VMAX_BUS_13,VMAX,13,RAY,30.0000000000972,1214.10574997,947.601135254,1672.62968446371,0.173906188386535,3.29568810213007,0.0019703632745145,18.9509535727668,BRACKET_NORMALIZATION_IS_DIAGNOSTIC_ONLY;NOT_AN_ACCEPTANCE_OR_SAFETY_CRITERION
2011-03-08 11:30:00,20110308T113000_C02,20110308T113000_C02_K3,3,VMAX / bus 13,49,RAY:335.000000:ADAPTIVE,VMAX_BUS_13,VMAX,13,RAY,335.000000000096,2039.89355719,-1531.92211579,2543.19635382462,0.337293944790812,19.7589844882009,0.0077693507457598,58.5809048557197,BRACKET_NORMALIZATION_IS_DIAGNOSTIC_ONLY;NOT_AN_ACCEPTANCE_OR_SAFETY_CRITERION
2011-03-08 11:30:00,20110308T113000_C02,20110308T113000_C02_K3,3,VMAX / bus 13,50,RAY:340.000000:BASE,VMAX_BUS_13,VMAX,13,RAY,339.99999999999,1900.29404696,-1148.95775822,2227.38927415255,0.327943060460916,38.8118437872008,0.0174248139907953,118.349337024091,BRACKET_NORMALIZATION_IS_DIAGNOSTIC_ONLY;NOT_AN_ACCEPTANCE_OR_SAFETY_CRITERION
2011-03-08 11:30:00,20110308T113000_C02,20110308T113000_C02_K3,3,VMAX / bus 13,51,RAY:345.000000:ADAPTIVE,VMAX_BUS_13,VMAX,13,RAY,344.999999999995,1789.54945127,-834.641867453,1996.82198173312,0.320157443625684,55.0754484421725,0.027581551558427,172.026137573002,BRACKET_NORMALIZATION_IS_DIAGNOSTIC_ONLY;NOT_AN_ACCEPTANCE_OR_SAFETY_CRITERION
2011-03-08 11:30:00,20110308T113000_C02,20110308T113000_C02_K3,3,VMAX / bus 13,52,RAY:350.000000:BASE,VMAX_BUS_13,VMAX,13,RAY,350.000000000022,1697.39795448,-566.561666056,1827.64011609096,0.314297522470319,55.2649432781178,0.0302384166289373,175.836394902976,BRACKET_NORMALIZATION_IS_DIAGNOSTIC_ONLY;NOT_AN_ACCEPTANCE_OR_SAFETY_CRITERION
2011-03-08 11:30:00,20110308T113000_C02,20110308T113000_C02_K4,4,VMAX / bus 13,1,AXIS:P13_POSITIVE:AXIS,VMAX_BUS_13,VMAX,13,AXIS,2.99374878710085,1509.6875,0,1588.66315194618,0.15625,1.0164524312967,0.00063981620650766,6.50529556029891,BRACKET_NORMALIZATION_IS_DIAGNOSTIC_ONLY;NOT_AN_ACCEPTANCE_OR_SAFETY_CRITERION
2011-03-08 11:30:00,20110308T113000_C02,20110308T113000_C02_K4,4,VMAX / bus 13,2,RAY:10.000000:BASE,VMAX_BUS_13,VMAX,13,RAY,10.0000000000196,1426.19984751,260.522993177,1547.91531757619,0.15714876620533,4.13282866065685,0.00266993201354726,26.2988298314536,BRACKET_NORMALIZATION_IS_DIAGNOSTIC_ONLY;NOT_AN_ACCEPTANCE_OR_SAFETY_CRITERION
2011-03-08 11:30:00,20110308T113000_C02,20110308T113000_C02_K4,4,VMAX / bus 13,3,RAY:20.000000:BASE,VMAX_BUS_13,VMAX,13,RAY,19.9999999999671,1317.61591164,607.491864893,1570.19137877699,0.327943059073579,8.38233269626852,0.00533841467324669,25.5603296497512,BRACKET_NORMALIZATION_IS_DIAGNOSTIC_ONLY;NOT_AN_ACCEPTANCE_OR_SAFETY_CRITERION
2011-03-08 11:30:00,20110308T113000_C02,20110308T113000_C02_K4,4,VMAX / bus 13,4,RAY:30.000000:BASE,VMAX_BUS_13,VMAX,13,RAY,30.0000000000972,1214.10574997,947.601135254,1672.62968446371,0.173906188386535,3.29568810212933,0.00197036327451405,18.9509535727626,BRACKET_NORMALIZATION_IS_DIAGNOSTIC_ONLY;NOT_AN_ACCEPTANCE_OR_SAFETY_CRITERION
2011-03-08 11:30:00,20110308T113000_C02,20110308T113000_C02_K4,4,VMAX / bus 13,49,RAY:335.000000:ADAPTIVE,VMAX_BUS_13,VMAX,13,RAY,335.000000000096,2039.89355719,-1531.92211579,2543.19635382462,0.337293944790812,19.7589844882004,0.00776935074575957,58.580904855718,BRACKET_NORMALIZATION_IS_DIAGNOSTIC_ONLY;NOT_AN_ACCEPTANCE_OR_SAFETY_CRITERION
2011-03-08 11:30:00,20110308T113000_C02,20110308T113000_C02_K4,4,VMAX / bus 13,50,RAY:340.000000:BASE,VMAX_BUS_13,VMAX,13,RAY,339.99999999999,1900.29404696,-1148.95775822,2227.38927415255,0.327943060460916,12.1108854619775,0.00543725589528365,36.929842165149,BRACKET_NORMALIZATION_IS_DIAGNOSTIC_ONLY;NOT_AN_ACCEPTANCE_OR_SAFETY_CRITERION
2011-03-08 11:30:00,20110308T113000_C02,20110308T113000_C02_K4,4,VMAX / bus 13,51,RAY:345.000000:ADAPTIVE,VMAX_BUS_13,VMAX,13,RAY,344.999999999995,1789.54945127,-834.641867453,1996.82198173312,0.320157443625684,3.48966442878961,0.00174760918134564,10.8998384959295,BRACKET_NORMALIZATION_IS_DIAGNOSTIC_ONLY;NOT_AN_ACCEPTANCE_OR_SAFETY_CRITERION
2011-03-08 11:30:00,20110308T113000_C02,20110308T113000_C02_K5,5,VMAX / bus 13,0,RAY:0.000000:BASE,VMAX_BUS_13,VMAX,13,RAY,0,1548.21000671,-118.75,1622.74125671,0.154708869999922,0.467674726505418,0.000288200429102048,3.02293415048313,BRACKET_NORMALIZATION_IS_DIAGNOSTIC_ONLY;NOT_AN_ACCEPTANCE_OR_SAFETY_CRITERION
2011-03-08 11:30:00,20110308T113000_C02,20110308T113000_C02_K5,5,VMAX / bus 13,3,RAY:20.000000:BASE,VMAX_BUS_13,VMAX,13,RAY,19.9999999999671,1317.61591164,607.491864893,1570.19137877699,0.327943059073579,2.51859294452105,0.00160400380397119,7.67997027177808,BRACKET_NORMALIZATION_IS_DIAGNOSTIC_ONLY;NOT_AN_ACCEPTANCE_OR_SAFETY_CRITERION
2011-03-08 11:30:00,20110308T113000_C02,20110308T113000_C02_K5,5,VMAX / bus 13,4,RAY:30.000000:BASE,VMAX_BUS_13,VMAX,13,RAY,30.0000000000972,1214.10574997,947.601135254,1672.62968446371,0.173906188386535,3.29568810212933,0.00197036327451405,18.9509535727626,BRACKET_NORMALIZATION_IS_DIAGNOSTIC_ONLY;NOT_AN_ACCEPTANCE_OR_SAFETY_CRITERION
2011-03-08 11:30:00,20110308T113000_C02,20110308T113000_C02_K5,5,VMAX / bus 13,49,RAY:335.000000:ADAPTIVE,VMAX_BUS_13,VMAX,13,RAY,335.000000000096,2039.89355719,-1531.92211579,2543.19635382462,0.337293944790812,16.6409713174349,0.0065433293392424,49.3367034138594,BRACKET_NORMALIZATION_IS_DIAGNOSTIC_ONLY;NOT_AN_ACCEPTANCE_OR_SAFETY_CRITERION
2011-03-08 11:30:00,20110308T113000_C02,20110308T113000_C02_K5,5,VMAX / bus 13,50,RAY:340.000000:BASE,VMAX_BUS_13,VMAX,13,RAY,339.99999999999,1900.29404696,-1148.95775822,2227.38927415255,0.327943060460916,3.71040027542884,0.00166580683425466,11.3141600563646,BRACKET_NORMALIZATION_IS_DIAGNOSTIC_ONLY;NOT_AN_ACCEPTANCE_OR_SAFETY_CRITERION
2011-03-08 12:30:00,20110308T123000_C01,20110308T123000_C01_K3,3,VMAX / bus 30,9,RAY:70.000000:BASE,VMAX_BUS_30,VMAX,30,RAY,69.9999999999858,475.696172307,1978.44811182,2124.16122322725,0.215104935165524,2.60793459177487,0.00122774795211289,12.1240109612922,BRACKET_NORMALIZATION_IS_DIAGNOSTIC_ONLY;NOT_AN_ACCEPTANCE_OR_SAFETY_CRITERION
2011-03-08 12:30:00,20110308T123000_C01,20110308T123000_C01_K3,3,VMAX / bus 30,10,RAY:80.000000:BASE,VMAX_BUS_30,VMAX,30,RAY,80.0000000000009,220.111325879,2091.49651335,2188.254760666,0.440292704162793,8.22597746278459,0.00375914980771297,18.6829747234311,BRACKET_NORMALIZATION_IS_DIAGNOSTIC_ONLY;NOT_AN_ACCEPTANCE_OR_SAFETY_CRITERION
2011-03-08 12:30:00,20110308T123000_C01,20110308T123000_C01_K3,3,VMAX / bus 30,11,AXIS:P30_POSITIVE:AXIS,VMAX_BUS_30,VMAX,30,AXIS,88.3002100195185,0,2191.5625,2272.43986513919,0.3125,16.1424805844735,0.00710358977243375,51.6559378703152,BRACKET_NORMALIZATION_IS_DIAGNOSTIC_ONLY;NOT_AN_ACCEPTANCE_OR_SAFETY_CRITERION
2011-03-08 12:30:00,20110308T123000_C01,20110308T123000_C01_K3,3,VMAX / bus 30,12,RAY:90.000000:BASE,VMAX_BUS_30,VMAX,30,RAY,90,-47.03125,2213.30580139,2293.69642639,0.221870419999959,18.2852404380737,0.00797195314414489,82.4140524819715,BRACKET_NORMALIZATION_IS_DIAGNOSTIC_ONLY;NOT_AN_ACCEPTANCE_OR_SAFETY_CRITERION
2011-03-08 12:30:00,20110308T123000_C01,20110308T123000_C01_K3,3,VMAX / bus 30,13,RAY:100.000000:BASE,VMAX_BUS_30,VMAX,30,RAY,99.9999999999972,-346.478189682,2354.1331673,2452.87067840106,0.440292714209973,35.5318752266404,0.0144858330850945,80.700575049024,BRACKET_NORMALIZATION_IS_DIAGNOSTIC_ONLY;NOT_AN_ACCEPTANCE_OR_SAFETY_CRITERION
2011-03-08 12:30:00,20110308T123000_C01,20110308T123000_C01_K3,3,VMAX / bus 30,14,RAY:105.000000:ADAPTIVE,VMAX_BUS_30,VMAX,30,RAY,104.999999999976,-517.545436001,2436.89899336,2560.88473421418,0.436043712230604,49.0366510891354,0.0191483241842131,112.458108473313,BRACKET_NORMALIZATION_IS_DIAGNOSTIC_ONLY;NOT_AN_ACCEPTANCE_OR_SAFETY_CRITERION
2011-03-08 12:30:00,20110308T123000_C01,20110308T123000_C01_K3,3,VMAX / bus 30,15,RAY:110.000000:BASE,VMAX_BUS_30,VMAX,30,RAY,109.999999999952,-710.405432921,2532.40603828,2695.69503286503,0.430209861130371,50.4360599760075,0.018709853808056,117.235945832314,BRACKET_NORMALIZATION_IS_DIAGNOSTIC_ONLY;NOT_AN_ACCEPTANCE_OR_SAFETY_CRITERION
2011-03-08 12:30:00,20110308T123000_C01,20110308T123000_C01_K3,3,VMAX / bus 30,16,RAY:115.000000:ADAPTIVE,VMAX_BUS_30,VMAX,30,RAY,115.000000000003,-933.840845901,2645.89121797,2866.88750157553,0.422907137052262,33.190920418284,0.0115773361877798,78.4827625507354,BRACKET_NORMALIZATION_IS_DIAGNOSTIC_ONLY;NOT_AN_ACCEPTANCE_OR_SAFETY_CRITERION
2011-03-08 12:30:00,20110308T123000_C01,20110308T123000_C01_K3,3,VMAX / bus 30,17,RAY:120.000000:BASE,VMAX_BUS_30,VMAX,30,RAY,119.999999999992,-1201.61468506,2786.41907296,3090.5761198897,0.414286340173143,15.2798445648453,0.00494401172212211,36.8823277119381,BRACKET_NORMALIZATION_IS_DIAGNOSTIC_ONLY;NOT_AN_ACCEPTANCE_OR_SAFETY_CRITERION
2011-03-08 12:30:00,20110308T123000_C01,20110308T123000_C01_K4,4,VMAX / bus 30,9,RAY:70.000000:BASE,VMAX_BUS_30,VMAX,30,RAY,69.9999999999858,475.696172307,1978.44811182,2124.16122322725,0.215104935165524,2.6079345917777,0.00122774795211422,12.1240109613054,BRACKET_NORMALIZATION_IS_DIAGNOSTIC_ONLY;NOT_AN_ACCEPTANCE_OR_SAFETY_CRITERION
2011-03-08 12:30:00,20110308T123000_C01,20110308T123000_C01_K4,4,VMAX / bus 30,10,RAY:80.000000:BASE,VMAX_BUS_30,VMAX,30,RAY,80.0000000000009,220.111325879,2091.49651335,2188.254760666,0.440292704162793,3.6436673362153,0.00166510198067904,8.27555692330549,BRACKET_NORMALIZATION_IS_DIAGNOSTIC_ONLY;NOT_AN_ACCEPTANCE_OR_SAFETY_CRITERION
2011-03-08 12:30:00,20110308T123000_C01,20110308T123000_C01_K4,4,VMAX / bus 30,11,AXIS:P30_POSITIVE:AXIS,VMAX_BUS_30,VMAX,30,AXIS,88.3002100195185,0,2191.5625,2272.43986513919,0.3125,0.371561209218857,0.000163507609120428,1.18899586950034,BRACKET_NORMALIZATION_IS_DIAGNOSTIC_ONLY;NOT_AN_ACCEPTANCE_OR_SAFETY_CRITERION
2011-03-08 12:30:00,20110308T123000_C01,20110308T123000_C01_K4,4,VMAX / bus 30,14,RAY:105.000000:ADAPTIVE,VMAX_BUS_30,VMAX,30,RAY,104.999999999976,-517.545436001,2436.89899336,2560.88473421418,0.436043712230604,2.58133443456732,0.00100798540445024,5.91989830873234,BRACKET_NORMALIZATION_IS_DIAGNOSTIC_ONLY;NOT_AN_ACCEPTANCE_OR_SAFETY_CRITERION
2011-03-08 12:30:00,20110308T123000_C01,20110308T123000_C01_K4,4,VMAX / bus 30,15,RAY:110.000000:BASE,VMAX_BUS_30,VMAX,30,RAY,109.999999999952,-710.405432921,2532.40603828,2695.69503286503,0.430209861130371,8.3430979052869,0.00309497098283396,19.3930884879429,BRACKET_NORMALIZATION_IS_DIAGNOSTIC_ONLY;NOT_AN_ACCEPTANCE_OR_SAFETY_CRITERION
2011-03-08 12:30:00,20110308T123000_C01,20110308T123000_C01_K4,4,VMAX / bus 30,16,RAY:115.000000:ADAPTIVE,VMAX_BUS_30,VMAX,30,RAY,115.000000000003,-933.840845901,2645.89121797,2866.88750157553,0.422907137052262,19.2758859722422,0.00672362831176632,45.5794766354586,BRACKET_NORMALIZATION_IS_DIAGNOSTIC_ONLY;NOT_AN_ACCEPTANCE_OR_SAFETY_CRITERION
2011-03-08 12:30:00,20110308T123000_C01,20110308T123000_C01_K4,4,VMAX / bus 30,17,RAY:120.000000:BASE,VMAX_BUS_30,VMAX,30,RAY,119.999999999992,-1201.61468506,2786.41907296,3090.5761198897,0.414286340173143,15.2798445648446,0.00494401172212189,36.8823277119365,BRACKET_NORMALIZATION_IS_DIAGNOSTIC_ONLY;NOT_AN_ACCEPTANCE_OR_SAFETY_CRITERION
2011-03-08 12:30:00,20110308T123000_C01,20110308T123000_C01_K5,5,VMAX / bus 30,9,RAY:70.000000:BASE,VMAX_BUS_30,VMAX,30,RAY,69.9999999999858,475.696172307,1978.44811182,2124.16122322725,0.215104935165524,2.60793459177534,0.00122774795211311,12.1240109612944,BRACKET_NORMALIZATION_IS_DIAGNOSTIC_ONLY;NOT_AN_ACCEPTANCE_OR_SAFETY_CRITERION
2011-03-08 12:30:00,20110308T123000_C01,20110308T123000_C01_K5,5,VMAX / bus 30,10,RAY:80.000000:BASE,VMAX_BUS_30,VMAX,30,RAY,80.0000000000009,220.111325879,2091.49651335,2188.254760666,0.440292704162793,1.61589643067802,0.00073844072441831,3.67005043554062,BRACKET_NORMALIZATION_IS_DIAGNOSTIC_ONLY;NOT_AN_ACCEPTANCE_OR_SAFETY_CRITERION
2011-03-08 12:30:00,20110308T123000_C01,20110308T123000_C01_K5,5,VMAX / bus 30,13,RAY:100.000000:BASE,VMAX_BUS_30,VMAX,30,RAY,99.9999999999972,-346.478189682,2354.1331673,2452.87067840106,0.440292714209973,2.0912024126466,0.000852553064073391,4.74957305709429,BRACKET_NORMALIZATION_IS_DIAGNOSTIC_ONLY;NOT_AN_ACCEPTANCE_OR_SAFETY_CRITERION
2011-03-08 12:30:00,20110308T123000_C01,20110308T123000_C01_K5,5,VMAX / bus 30,16,RAY:115.000000:ADAPTIVE,VMAX_BUS_30,VMAX,30,RAY,115.000000000003,-933.840845901,2645.89121797,2866.88750157553,0.422907137052262,3.55584160967287,0.00124031431568861,8.40809080323809,BRACKET_NORMALIZATION_IS_DIAGNOSTIC_ONLY;NOT_AN_ACCEPTANCE_OR_SAFETY_CRITERION
2011-03-08 12:30:00,20110308T123000_C01,20110308T123000_C01_K5,5,VMAX / bus 30,17,RAY:120.000000:BASE,VMAX_BUS_30,VMAX,30,RAY,119.999999999992,-1201.61468506,2786.41907296,3090.5761198897,0.414286340173143,14.4885983051787,0.00468799270528752,34.9724258326342,BRACKET_NORMALIZATION_IS_DIAGNOSTIC_ONLY;NOT_AN_ACCEPTANCE_OR_SAFETY_CRITERION
2011-03-08 12:30:00,20110308T123000_C02,20110308T123000_C02_K3,3,VMAX / bus 13,0,RAY:0.000000:BASE,VMAX_BUS_13,VMAX,13,RAY,0,1563.81384277,-80.390625,1610.84509277,0.309539800000039,28.7272440320489,0.0178336477920727,92.8063015872121,BRACKET_NORMALIZATION_IS_DIAGNOSTIC_ONLY;NOT_AN_ACCEPTANCE_OR_SAFETY_CRITERION
2011-03-08 12:30:00,20110308T123000_C02,20110308T123000_C02_K3,3,VMAX / bus 13,1,AXIS:P13_POSITIVE:AXIS,VMAX_BUS_13,VMAX,13,AXIS,2.02650425628274,1537.8125,0,1586.88133283556,0.15625,25.5819273984535,0.0161208824309136,163.724335350102,BRACKET_NORMALIZATION_IS_DIAGNOSTIC_ONLY;NOT_AN_ACCEPTANCE_OR_SAFETY_CRITERION
2011-03-08 12:30:00,20110308T123000_C02,20110308T123000_C02_K3,3,VMAX / bus 13,2,RAY:10.000000:BASE,VMAX_BUS_13,VMAX,13,RAY,9.99999999997086,1442.70809707,296.176129054,1536.59553639444,0.314425114955903,15.6522551929916,0.0101863208777236,49.7805501166369,BRACKET_NORMALIZATION_IS_DIAGNOSTIC_ONLY;NOT_AN_ACCEPTANCE_OR_SAFETY_CRITERION
2011-03-08 12:30:00,20110308T123000_C02,20110308T123000_C02_K3,3,VMAX / bus 13,3,RAY:20.000000:BASE,VMAX_BUS_13,VMAX,13,RAY,19.9999999999932,1335.19373488,640.812371351,1559.06371607198,0.164042898614656,8.05254657888497,0.00516498876593263,49.0880534719199,BRACKET_NORMALIZATION_IS_DIAGNOSTIC_ONLY;NOT_AN_ACCEPTANCE_OR_SAFETY_CRITERION
2011-03-08 12:30:00,20110308T123000_C02,20110308T123000_C02_K3,3,VMAX / bus 13,4,RAY:30.000000:BASE,VMAX_BUS_13,VMAX,13,RAY,30.0000000000853,1232.32960778,978.485965729,1660.71786851754,0.173988257654324,2.92074068970821,0.00175872178235514,16.7869988991502,BRACKET_NORMALIZATION_IS_DIAGNOSTIC_ONLY;NOT_AN_ACCEPTANCE_OR_SAFETY_CRITERION
2011-03-08 12:30:00,20110308T123000_C02,20110308T123000_C02_K3,3,VMAX / bus 13,49,RAY:335.000000:ADAPTIVE,VMAX_BUS_13,VMAX,13,RAY,335.000000000051,2050.83435583,-1482.7622828,2523.42750375857,0.337446850537334,18.7780310616186,0.00744147832012187,55.6473738952295,BRACKET_NORMALIZATION_IS_DIAGNOSTIC_ONLY;NOT_AN_ACCEPTANCE_OR_SAFETY_CRITERION
2011-03-08 12:30:00,20110308T123000_C02,20110308T123000_C02_K3,3,VMAX / bus 13,50,RAY:340.000000:BASE,VMAX_BUS_13,VMAX,13,RAY,340.000000000086,1912.86604548,-1103.00547967,2210.64211255951,0.328085799079642,37.5628776967168,0.0169918402817478,114.491019733525,BRACKET_NORMALIZATION_IS_DIAGNOSTIC_ONLY;NOT_AN_ACCEPTANCE_OR_SAFETY_CRITERION
2011-03-08 12:30:00,20110308T123000_C02,20110308T123000_C02_K3,3,VMAX / bus 13,51,RAY:345.000000:ADAPTIVE,VMAX_BUS_13,VMAX,13,RAY,345.000000000042,1803.13422973,-791.073648591,1981.96434438286,0.320291585721352,53.3979081043634,0.0269419115715678,166.716549809144,BRACKET_NORMALIZATION_IS_DIAGNOSTIC_ONLY;NOT_AN_ACCEPTANCE_OR_SAFETY_CRITERION
2011-03-08 12:30:00,20110308T123000_C02,20110308T123000_C02_K3,3,VMAX / bus 13,52,RAY:350.000000:BASE,VMAX_BUS_13,VMAX,13,RAY,349.999999999994,1711.87933575,-524.996757779,1814.23291282242,0.157212562447875,53.9605711735926,0.0297429127165628,343.233201809071,BRACKET_NORMALIZATION_IS_DIAGNOSTIC_ONLY;NOT_AN_ACCEPTANCE_OR_SAFETY_CRITERION
2011-03-08 12:30:00,20110308T123000_C02,20110308T123000_C02_K4,4,VMAX / bus 13,1,AXIS:P13_POSITIVE:AXIS,VMAX_BUS_13,VMAX,13,AXIS,2.02650425628274,1537.8125,0,1586.88133283556,0.15625,0.759011313007853,0.000478303763049248,4.85767240325026,BRACKET_NORMALIZATION_IS_DIAGNOSTIC_ONLY;NOT_AN_ACCEPTANCE_OR_SAFETY_CRITERION
2011-03-08 12:30:00,20110308T123000_C02,20110308T123000_C02_K4,4,VMAX / bus 13,2,RAY:10.000000:BASE,VMAX_BUS_13,VMAX,13,RAY,9.99999999997086,1442.70809707,296.176129054,1536.59553639444,0.314425114955903,4.09168521436748,0.00266282513352112,13.013226424172,BRACKET_NORMALIZATION_IS_DIAGNOSTIC_ONLY;NOT_AN_ACCEPTANCE_OR_SAFETY_CRITERION
2011-03-08 12:30:00,20110308T123000_C02,20110308T123000_C02_K4,4,VMAX / bus 13,3,RAY:20.000000:BASE,VMAX_BUS_13,VMAX,13,RAY,19.9999999999932,1335.19373488,640.812371351,1559.06371607198,0.164042898614656,8.05254657888376,0.00516498876593185,49.0880534719125,BRACKET_NORMALIZATION_IS_DIAGNOSTIC_ONLY;NOT_AN_ACCEPTANCE_OR_SAFETY_CRITERION
2011-03-08 12:30:00,20110308T123000_C02,20110308T123000_C02_K4,4,VMAX / bus 13,4,RAY:30.000000:BASE,VMAX_BUS_13,VMAX,13,RAY,30.0000000000853,1232.32960778,978.485965729,1660.71786851754,0.173988257654324,2.92074068970747,0.0017587217823547,16.786998899146,BRACKET_NORMALIZATION_IS_DIAGNOSTIC_ONLY;NOT_AN_ACCEPTANCE_OR_SAFETY_CRITERION
2011-03-08 12:30:00,20110308T123000_C02,20110308T123000_C02_K4,4,VMAX / bus 13,49,RAY:335.000000:ADAPTIVE,VMAX_BUS_13,VMAX,13,RAY,335.000000000051,2050.83435583,-1482.7622828,2523.42750375857,0.337446850537334,18.7780310616212,0.00744147832012287,55.6473738952369,BRACKET_NORMALIZATION_IS_DIAGNOSTIC_ONLY;NOT_AN_ACCEPTANCE_OR_SAFETY_CRITERION
2011-03-08 12:30:00,20110308T123000_C02,20110308T123000_C02_K4,4,VMAX / bus 13,50,RAY:340.000000:BASE,VMAX_BUS_13,VMAX,13,RAY,340.000000000086,1912.86604548,-1103.00547967,2210.64211255951,0.328085799079642,11.5964858286303,0.00524575450849607,35.3458938520387,BRACKET_NORMALIZATION_IS_DIAGNOSTIC_ONLY;NOT_AN_ACCEPTANCE_OR_SAFETY_CRITERION
2011-03-08 12:30:00,20110308T123000_C02,20110308T123000_C02_K4,4,VMAX / bus 13,51,RAY:345.000000:ADAPTIVE,VMAX_BUS_13,VMAX,13,RAY,345.000000000042,1803.13422973,-791.073648591,1981.96434438286,0.320291585721352,3.24820338824708,0.00163888083933139,10.1413946948733,BRACKET_NORMALIZATION_IS_DIAGNOSTIC_ONLY;NOT_AN_ACCEPTANCE_OR_SAFETY_CRITERION
2011-03-08 12:30:00,20110308T123000_C02,20110308T123000_C02_K5,5,VMAX / bus 13,0,RAY:0.000000:BASE,VMAX_BUS_13,VMAX,13,RAY,0,1563.81384277,-80.390625,1610.84509277,0.309539800000039,0.187302941015323,0.000116276196796328,0.605101318199791,BRACKET_NORMALIZATION_IS_DIAGNOSTIC_ONLY;NOT_AN_ACCEPTANCE_OR_SAFETY_CRITERION
2011-03-08 12:30:00,20110308T123000_C02,20110308T123000_C02_K5,5,VMAX / bus 13,3,RAY:20.000000:BASE,VMAX_BUS_13,VMAX,13,RAY,19.9999999999932,1335.19373488,640.812371351,1559.06371607198,0.164042898614656,3.04406160167495,0.00195249339093362,18.5564972783466,BRACKET_NORMALIZATION_IS_DIAGNOSTIC_ONLY;NOT_AN_ACCEPTANCE_OR_SAFETY_CRITERION
2011-03-08 12:30:00,20110308T123000_C02,20110308T123000_C02_K5,5,VMAX / bus 13,4,RAY:30.000000:BASE,VMAX_BUS_13,VMAX,13,RAY,30.0000000000853,1232.32960778,978.485965729,1660.71786851754,0.173988257654324,2.92074068970599,0.00175872178235381,16.7869988991375,BRACKET_NORMALIZATION_IS_DIAGNOSTIC_ONLY;NOT_AN_ACCEPTANCE_OR_SAFETY_CRITERION
2011-03-08 12:30:00,20110308T123000_C02,20110308T123000_C02_K5,5,VMAX / bus 13,49,RAY:335.000000:ADAPTIVE,VMAX_BUS_13,VMAX,13,RAY,335.000000000051,2050.83435583,-1482.7622828,2523.42750375857,0.337446850537334,16.3487543640389,0.00647878900411758,48.4483833172718,BRACKET_NORMALIZATION_IS_DIAGNOSTIC_ONLY;NOT_AN_ACCEPTANCE_OR_SAFETY_CRITERION
2011-03-08 12:30:00,20110308T123000_C02,20110308T123000_C02_K5,5,VMAX / bus 13,50,RAY:340.000000:BASE,VMAX_BUS_13,VMAX,13,RAY,340.000000000086,1912.86604548,-1103.00547967,2210.64211255951,0.328085799079642,3.77830022296172,0.00170914152114254,11.5161955609196,BRACKET_NORMALIZATION_IS_DIAGNOSTIC_ONLY;NOT_AN_ACCEPTANCE_OR_SAFETY_CRITERION
2011-05-11 17:30:00,20110511T173000_C01,20110511T173000_C01_K3,3,VMAX / bus 30,8,RAY:70.000000:BASE,VMAX_BUS_30,VMAX,30,RAY,70.0000000000486,1094.7286478,2680.26424626,1862.96475043106,0.217992596269865,2.1665186595827,0.00116294130583061,9.93849652077471,BRACKET_NORMALIZATION_IS_DIAGNOSTIC_ONLY;NOT_AN_ACCEPTANCE_OR_SAFETY_CRITERION
2011-05-11 17:30:00,20110511T173000_C01,20110511T173000_C01_K3,3,VMAX / bus 30,9,RAY:80.000000:BASE,VMAX_BUS_30,VMAX,30,RAY,80.0000000000073,871.257084058,2776.72682709,1916.86537984943,0.446301595175842,6.22004880184835,0.00324490643278086,13.9368733365106,BRACKET_NORMALIZATION_IS_DIAGNOSTIC_ONLY;NOT_AN_ACCEPTANCE_OR_SAFETY_CRITERION
2011-05-11 17:30:00,20110511T173000_C01,20110511T173000_C01_K3,3,VMAX / bus 30,10,RAY:90.000000:BASE,VMAX_BUS_30,VMAX,30,RAY,90,638.359375,2879.85046387,2005.78796387,0.449829099999988,13.4204369395084,0.00669085525551505,29.8345236880157,BRACKET_NORMALIZATION_IS_DIAGNOSTIC_ONLY;NOT_AN_ACCEPTANCE_OR_SAFETY_CRITERION
2011-05-11 17:30:00,20110511T173000_C01,20110511T173000_C01_K3,3,VMAX / bus 30,11,RAY:100.000000:BASE,VMAX_BUS_30,VMAX,30,RAY,100.00000000003,378.349010638,2998.22442046,2140.01618075845,0.446301604979703,25.8987621182222,0.01210213378342,58.0297310815183,BRACKET_NORMALIZATION_IS_DIAGNOSTIC_ONLY;NOT_AN_ACCEPTANCE_OR_SAFETY_CRITERION
2011-05-11 17:30:00,20110511T173000_C01,20110511T173000_C01_K3,3,VMAX / bus 30,12,RAY:105.000000:ADAPTIVE,VMAX_BUS_30,VMAX,30,RAY,104.999999999966,230.371369713,3067.42630732,2230.986105676,0.441954451900379,35.8004720902321,0.0160469274098793,81.0048907444922,BRACKET_NORMALIZATION_IS_DIAGNOSTIC_ONLY;NOT_AN_ACCEPTANCE_OR_SAFETY_CRITERION
2011-05-11 17:30:00,20110511T173000_C01,20110511T173000_C01_K3,3,VMAX / bus 30,13,RAY:110.000000:BASE,VMAX_BUS_30,VMAX,30,RAY,110,64.1863793111,3146.50354561,2343.85642366409,0.435985200422623,49.4426496891172,0.0210945726836905,113.404422079442,BRACKET_NORMALIZATION_IS_DIAGNOSTIC_ONLY;NOT_AN_ACCEPTANCE_OR_SAFETY_CRITERION
2011-05-11 17:30:00,20110511T173000_C01,20110511T173000_C01_K3,3,VMAX / bus 30,14,AXIS:P30_POSITIVE:AXIS,VMAX_BUS_30,VMAX,30,AXIS,111.765197372695,0,3177.1875,2389.95553458122,0.3125,55.2035259516748,0.0230981393389597,176.651283045359,BRACKET_NORMALIZATION_IS_DIAGNOSTIC_ONLY;NOT_AN_ACCEPTANCE_OR_SAFETY_CRITERION
2011-05-11 17:30:00,20110511T173000_C01,20110511T173000_C01_K3,3,VMAX / bus 30,15,RAY:115.000000:ADAPTIVE,VMAX_BUS_30,VMAX,30,RAY,114.999999999991,-127.339135426,3239.44284921,2486.22573498414,0.428511849028281,60.9231684009556,0.0245042787320936,142.17382445575,BRACKET_NORMALIZATION_IS_DIAGNOSTIC_ONLY;NOT_AN_ACCEPTANCE_OR_SAFETY_CRITERION
2011-05-11 17:30:00,20110511T173000_C01,20110511T173000_C01_K3,3,VMAX / bus 30,16,RAY:120.000000:BASE,VMAX_BUS_30,VMAX,30,RAY,119.999999999992,-355.131187439,3352.85460073,2670.47444778953,0.419687954053241,41.8077422653732,0.0156555485112315,99.616255033304,BRACKET_NORMALIZATION_IS_DIAGNOSTIC_ONLY;NOT_AN_ACCEPTANCE_OR_SAFETY_CRITERION
2011-05-11 17:30:00,20110511T173000_C01,20110511T173000_C01_K3,3,VMAX / bus 30,17,RAY:125.000000:ADAPTIVE,VMAX_BUS_30,VMAX,30,RAY,125.000000000019,-637.092584894,3497.99738668,2917.50098398164,0.409703833110108,20.3732997942396,0.00698313382106741,49.7268957421843,BRACKET_NORMALIZATION_IS_DIAGNOSTIC_ONLY;NOT_AN_ACCEPTANCE_OR_SAFETY_CRITERION
2011-05-11 17:30:00,20110511T173000_C01,20110511T173000_C01_K4,4,VMAX / bus 30,8,RAY:70.000000:BASE,VMAX_BUS_30,VMAX,30,RAY,70.0000000000486,1094.7286478,2680.26424626,1862.96475043106,0.217992596269865,2.16651865958125,0.00116294130582983,9.93849652076807,BRACKET_NORMALIZATION_IS_DIAGNOSTIC_ONLY;NOT_AN_ACCEPTANCE_OR_SAFETY_CRITERION
2011-05-11 17:30:00,20110511T173000_C01,20110511T173000_C01_K4,4,VMAX / bus 30,9,RAY:80.000000:BASE,VMAX_BUS_30,VMAX,30,RAY,80.0000000000073,871.257084058,2776.72682709,1916.86537984943,0.446301595175842,6.22004880184643,0.00324490643277986,13.9368733365063,BRACKET_NORMALIZATION_IS_DIAGNOSTIC_ONLY;NOT_AN_ACCEPTANCE_OR_SAFETY_CRITERION
2011-05-11 17:30:00,20110511T173000_C01,20110511T173000_C01_K4,4,VMAX / bus 30,10,RAY:90.000000:BASE,VMAX_BUS_30,VMAX,30,RAY,90,638.359375,2879.85046387,2005.78796387,0.449829099999988,6.56061036281515,0.00327083943118145,14.5846730743194,BRACKET_NORMALIZATION_IS_DIAGNOSTIC_ONLY;NOT_AN_ACCEPTANCE_OR_SAFETY_CRITERION
2011-05-11 17:30:00,20110511T173000_C01,20110511T173000_C01_K4,4,VMAX / bus 30,11,RAY:100.000000:BASE,VMAX_BUS_30,VMAX,30,RAY,100.00000000003,378.349010638,2998.22442046,2140.01618075845,0.446301604979703,1.29612790559794,0.00060566266612927,2.90415246357199,BRACKET_NORMALIZATION_IS_DIAGNOSTIC_ONLY;NOT_AN_ACCEPTANCE_OR_SAFETY_CRITERION
2011-05-11 17:30:00,20110511T173000_C01,20110511T173000_C01_K4,4,VMAX / bus 30,14,AXIS:P30_POSITIVE:AXIS,VMAX_BUS_30,VMAX,30,AXIS,111.765197372695,0,3177.1875,2389.95553458122,0.3125,0.169256931307664,7.08201173028611e-05,0.541622180184524,BRACKET_NORMALIZATION_IS_DIAGNOSTIC_ONLY;NOT_AN_ACCEPTANCE_OR_SAFETY_CRITERION
2011-05-11 17:30:00,20110511T173000_C01,20110511T173000_C01_K4,4,VMAX / bus 30,15,RAY:115.000000:ADAPTIVE,VMAX_BUS_30,VMAX,30,RAY,114.999999999991,-127.339135426,3239.44284921,2486.22573498414,0.428511849028281,2.24150033724858,0.000901567506806811,5.23089464697777,BRACKET_NORMALIZATION_IS_DIAGNOSTIC_ONLY;NOT_AN_ACCEPTANCE_OR_SAFETY_CRITERION
2011-05-11 17:30:00,20110511T173000_C01,20110511T173000_C01_K4,4,VMAX / bus 30,16,RAY:120.000000:BASE,VMAX_BUS_30,VMAX,30,RAY,119.999999999992,-355.131187439,3352.85460073,2670.47444778953,0.419687954053241,9.08358704045855,0.00340148809436369,21.6436687132226,BRACKET_NORMALIZATION_IS_DIAGNOSTIC_ONLY;NOT_AN_ACCEPTANCE_OR_SAFETY_CRITERION
2011-05-11 17:30:00,20110511T173000_C01,20110511T173000_C01_K4,4,VMAX / bus 30,17,RAY:125.000000:ADAPTIVE,VMAX_BUS_30,VMAX,30,RAY,125.000000000019,-637.092584894,3497.99738668,2917.50098398164,0.409703833110108,20.3732997942361,0.00698313382106619,49.7268957421756,BRACKET_NORMALIZATION_IS_DIAGNOSTIC_ONLY;NOT_AN_ACCEPTANCE_OR_SAFETY_CRITERION
2011-05-11 17:30:00,20110511T173000_C01,20110511T173000_C01_K5,5,VMAX / bus 30,8,RAY:70.000000:BASE,VMAX_BUS_30,VMAX,30,RAY,70.0000000000486,1094.7286478,2680.26424626,1862.96475043106,0.217992596269865,2.16651865958022,0.00116294130582928,9.93849652076333,BRACKET_NORMALIZATION_IS_DIAGNOSTIC_ONLY;NOT_AN_ACCEPTANCE_OR_SAFETY_CRITERION
2011-05-11 17:30:00,20110511T173000_C01,20110511T173000_C01_K5,5,VMAX / bus 30,9,RAY:80.000000:BASE,VMAX_BUS_30,VMAX,30,RAY,80.0000000000073,871.257084058,2776.72682709,1916.86537984943,0.446301595175842,2.77395246966875,0.00144712951615134,6.21542136450537,BRACKET_NORMALIZATION_IS_DIAGNOSTIC_ONLY;NOT_AN_ACCEPTANCE_OR_SAFETY_CRITERION
2011-05-11 17:30:00,20110511T173000_C01,20110511T173000_C01_K5,5,VMAX / bus 30,12,RAY:105.000000:ADAPTIVE,VMAX_BUS_30,VMAX,30,RAY,104.999999999966,230.371369713,3067.42630732,2230.986105676,0.441954451900379,2.03655265147864,0.000912848648540354,4.6080600449245,BRACKET_NORMALIZATION_IS_DIAGNOSTIC_ONLY;NOT_AN_ACCEPTANCE_OR_SAFETY_CRITERION
2011-05-11 17:30:00,20110511T173000_C01,20110511T173000_C01_K5,5,VMAX / bus 30,13,RAY:110.000000:BASE,VMAX_BUS_30,VMAX,30,RAY,110,64.1863793111,3146.50354561,2343.85642366409,0.435985200422623,0.819502928707541,0.000349638706720112,1.87965767625404,BRACKET_NORMALIZATION_IS_DIAGNOSTIC_ONLY;NOT_AN_ACCEPTANCE_OR_SAFETY_CRITERION
2011-05-11 17:30:00,20110511T173000_C01,20110511T173000_C01_K5,5,VMAX / bus 30,16,RAY:120.000000:BASE,VMAX_BUS_30,VMAX,30,RAY,119.999999999992,-355.131187439,3352.85460073,2670.47444778953,0.419687954053241,2.74079877822825,0.00102633402109387,6.53056336680218,BRACKET_NORMALIZATION_IS_DIAGNOSTIC_ONLY;NOT_AN_ACCEPTANCE_OR_SAFETY_CRITERION
2011-05-11 17:30:00,20110511T173000_C01,20110511T173000_C01_K5,5,VMAX / bus 30,17,RAY:125.000000:ADAPTIVE,VMAX_BUS_30,VMAX,30,RAY,125.000000000019,-637.092584894,3497.99738668,2917.50098398164,0.409703833110108,13.6208621548261,0.00466867439963536,33.2456302676706,BRACKET_NORMALIZATION_IS_DIAGNOSTIC_ONLY;NOT_AN_ACCEPTANCE_OR_SAFETY_CRITERION
2011-05-11 17:30:00,20110511T173000_C02,20110511T173000_C02_K3,3,VMAX / bus 13,0,RAY:0.000000:BASE,VMAX_BUS_13,VMAX,13,RAY,0,1949.89807129,874.0625,1311.53869629,0.312271120000105,19.0091225936257,0.0144937565680658,60.873777228004,BRACKET_NORMALIZATION_IS_DIAGNOSTIC_ONLY;NOT_AN_ACCEPTANCE_OR_SAFETY_CRITERION
2011-05-11 17:30:00,20110511T173000_C02,20110511T173000_C02_K3,3,VMAX / bus 13,1,RAY:10.000000:BASE,VMAX_BUS_13,VMAX,13,RAY,10.0000000000413,1853.39862395,1182.68302681,1253.62155615539,0.317292209837498,10.5034424209665,0.00837847942977188,33.1033731535543,BRACKET_NORMALIZATION_IS_DIAGNOSTIC_ONLY;NOT_AN_ACCEPTANCE_OR_SAFETY_CRITERION
2011-05-11 17:30:00,20110511T173000_C02,20110511T173000_C02_K3,3,VMAX / bus 13,2,RAY:20.000000:BASE,VMAX_BUS_13,VMAX,13,RAY,19.9999999999563,1766.92525142,1465.77196063,1274.27666666964,0.331325179778788,5.44307089176259,0.00427149851687092,16.4281836212892,BRACKET_NORMALIZATION_IS_DIAGNOSTIC_ONLY;NOT_AN_ACCEPTANCE_OR_SAFETY_CRITERION
2011-05-11 17:30:00,20110511T173000_C02,20110511T173000_C02_K3,3,VMAX / bus 13,3,RAY:30.000000:BASE,VMAX_BUS_13,VMAX,13,RAY,30.0000000000489,1683.86000715,1743.58215332,1359.82940082048,0.175870333684719,2.16845403801452,0.00159465153254235,12.3298454752573,BRACKET_NORMALIZATION_IS_DIAGNOSTIC_ONLY;NOT_AN_ACCEPTANCE_OR_SAFETY_CRITERION
2011-05-11 17:30:00,20110511T173000_C02,20110511T173000_C02_K3,3,VMAX / bus 13,47,RAY:330.000000:BASE,VMAX_BUS_13,VMAX,13,RAY,329.999999999959,2462.7120042,-643.21105957,2372.84250851993,0.351740661614252,24.9730471945706,0.0105245279047819,70.9984654033493,BRACKET_NORMALIZATION_IS_DIAGNOSTIC_ONLY;NOT_AN_ACCEPTANCE_OR_SAFETY_CRITERION
2011-05-11 17:30:00,20110511T173000_C02,20110511T173000_C02_K3,3,VMAX / bus 13,48,RAY:335.000000:ADAPTIVE,VMAX_BUS_13,VMAX,13,RAY,335.000000000046,2326.81938399,-260.109854135,2034.02166430022,0.34093557397752,46.6323032174014,0.0229261585733624,136.777464062686,BRACKET_NORMALIZATION_IS_DIAGNOSTIC_ONLY;NOT_AN_ACCEPTANCE_OR_SAFETY_CRITERION
2011-05-11 17:30:00,20110511T173000_C02,20110511T173000_C02_K3,3,VMAX / bus 13,49,AXIS:P13_POSITIVE:AXIS,VMAX_BUS_13,VMAX,13,AXIS,339.217668636058,2237.1875,0,1822.15164769491,0.15625,60.5071711507107,0.0332064409827001,387.245895364548,BRACKET_NORMALIZATION_IS_DIAGNOSTIC_ONLY;NOT_AN_ACCEPTANCE_OR_SAFETY_CRITERION
2011-05-11 17:30:00,20110511T173000_C02,20110511T173000_C02_K3,3,VMAX / bus 13,50,RAY:340.000000:BASE,VMAX_BUS_13,VMAX,13,RAY,340.000000000057,2222.34237056,43.5768867699,1788.49335587399,0.331325181543489,62.6672572632426,0.0350391333898016,189.141244777427,BRACKET_NORMALIZATION_IS_DIAGNOSTIC_ONLY;NOT_AN_ACCEPTANCE_OR_SAFETY_CRITERION
2011-05-11 17:30:00,20110511T173000_C02,20110511T173000_C02_K3,3,VMAX / bus 13,51,RAY:345.000000:ADAPTIVE,VMAX_BUS_13,VMAX,13,RAY,345.00000000004,2137.7657728,295.317113189,1607.22299900125,0.323319847816188,49.5109156742891,0.0308052558388324,153.132930157869,BRACKET_NORMALIZATION_IS_DIAGNOSTIC_ONLY;NOT_AN_ACCEPTANCE_OR_SAFETY_CRITERION
2011-05-11 17:30:00,20110511T173000_C02,20110511T173000_C02_K3,3,VMAX / bus 13,52,RAY:350.000000:BASE,VMAX_BUS_13,VMAX,13,RAY,350.000000000031,2066.51484757,511.310354595,1473.50506372648,0.317292210822469,35.2814898601083,0.0239439216930017,111.195575109308,BRACKET_NORMALIZATION_IS_DIAGNOSTIC_ONLY;NOT_AN_ACCEPTANCE_OR_SAFETY_CRITERION
2011-05-11 17:30:00,20110511T173000_C02,20110511T173000_C02_K4,4,VMAX / bus 13,0,RAY:0.000000:BASE,VMAX_BUS_13,VMAX,13,RAY,0,1949.89807129,874.0625,1311.53869629,0.312271120000105,3.04634753363001,0.00232272790901811,9.75545716052443,BRACKET_NORMALIZATION_IS_DIAGNOSTIC_ONLY;NOT_AN_ACCEPTANCE_OR_SAFETY_CRITERION
2011-05-11 17:30:00,20110511T173000_C02,20110511T173000_C02_K4,4,VMAX / bus 13,1,RAY:10.000000:BASE,VMAX_BUS_13,VMAX,13,RAY,10.0000000000413,1853.39862395,1182.68302681,1253.62155615539,0.317292209837498,7.95225986677798,0.00634342942471888,25.062890358546,BRACKET_NORMALIZATION_IS_DIAGNOSTIC_ONLY;NOT_AN_ACCEPTANCE_OR_SAFETY_CRITERION
2011-05-11 17:30:00,20110511T173000_C02,20110511T173000_C02_K4,4,VMAX / bus 13,2,RAY:20.000000:BASE,VMAX_BUS_13,VMAX,13,RAY,19.9999999999563,1766.92525142,1465.77196063,1274.27666666964,0.331325179778788,5.44307089176216,0.00427149851687059,16.4281836212879,BRACKET_NORMALIZATION_IS_DIAGNOSTIC_ONLY;NOT_AN_ACCEPTANCE_OR_SAFETY_CRITERION
2011-05-11 17:30:00,20110511T173000_C02,20110511T173000_C02_K4,4,VMAX / bus 13,3,RAY:30.000000:BASE,VMAX_BUS_13,VMAX,13,RAY,30.0000000000489,1683.86000715,1743.58215332,1359.82940082048,0.175870333684719,2.16845403801421,0.00159465153254212,12.3298454752555,BRACKET_NORMALIZATION_IS_DIAGNOSTIC_ONLY;NOT_AN_ACCEPTANCE_OR_SAFETY_CRITERION
2011-05-11 17:30:00,20110511T173000_C02,20110511T173000_C02_K4,4,VMAX / bus 13,47,RAY:330.000000:BASE,VMAX_BUS_13,VMAX,13,RAY,329.999999999959,2462.7120042,-643.21105957,2372.84250851993,0.351740661614252,24.9730471945701,0.0105245279047816,70.9984654033478,BRACKET_NORMALIZATION_IS_DIAGNOSTIC_ONLY;NOT_AN_ACCEPTANCE_OR_SAFETY_CRITERION
2011-05-11 17:30:00,20110511T173000_C02,20110511T173000_C02_K4,4,VMAX / bus 13,48,RAY:335.000000:ADAPTIVE,VMAX_BUS_13,VMAX,13,RAY,335.000000000046,2326.81938399,-260.109854135,2034.02166430022,0.34093557397752,9.02508796754678,0.00443706580217362,26.4715349655529,BRACKET_NORMALIZATION_IS_DIAGNOSTIC_ONLY;NOT_AN_ACCEPTANCE_OR_SAFETY_CRITERION
2011-05-11 17:30:00,20110511T173000_C02,20110511T173000_C02_K4,4,VMAX / bus 13,49,AXIS:P13_POSITIVE:AXIS,VMAX_BUS_13,VMAX,13,AXIS,339.217668636058,2237.1875,0,1822.15164769491,0.15625,2.78611764251258,0.00152902621800832,17.8311529120805,BRACKET_NORMALIZATION_IS_DIAGNOSTIC_ONLY;NOT_AN_ACCEPTANCE_OR_SAFETY_CRITERION
2011-05-11 17:30:00,20110511T173000_C02,20110511T173000_C02_K4,4,VMAX / bus 13,50,RAY:340.000000:BASE,VMAX_BUS_13,VMAX,13,RAY,340.000000000057,2222.34237056,43.5768867699,1788.49335587399,0.331325181543489,2.09373845620169,0.00117067164343954,6.31928562280702,BRACKET_NORMALIZATION_IS_DIAGNOSTIC_ONLY;NOT_AN_ACCEPTANCE_OR_SAFETY_CRITERION
2011-05-11 17:30:00,20110511T173000_C02,20110511T173000_C02_K5,5,VMAX / bus 13,2,RAY:20.000000:BASE,VMAX_BUS_13,VMAX,13,RAY,19.9999999999563,1766.92525142,1465.77196063,1274.27666666964,0.331325179778788,1.98173164583719,0.00155518161610579,5.98122861401694,BRACKET_NORMALIZATION_IS_DIAGNOSTIC_ONLY;NOT_AN_ACCEPTANCE_OR_SAFETY_CRITERION
2011-05-11 17:30:00,20110511T173000_C02,20110511T173000_C02_K5,5,VMAX / bus 13,3,RAY:30.000000:BASE,VMAX_BUS_13,VMAX,13,RAY,30.0000000000489,1683.86000715,1743.58215332,1359.82940082048,0.175870333684719,2.1684540380115,0.00159465153254013,12.3298454752401,BRACKET_NORMALIZATION_IS_DIAGNOSTIC_ONLY;NOT_AN_ACCEPTANCE_OR_SAFETY_CRITERION
2011-05-11 17:30:00,20110511T173000_C02,20110511T173000_C02_K5,5,VMAX / bus 13,47,RAY:330.000000:BASE,VMAX_BUS_13,VMAX,13,RAY,329.999999999959,2462.7120042,-643.21105957,2372.84250851993,0.351740661614252,11.6237826121878,0.00489867429905333,33.0464568948114,BRACKET_NORMALIZATION_IS_DIAGNOSTIC_ONLY;NOT_AN_ACCEPTANCE_OR_SAFETY_CRITERION
2011-05-11 17:30:00,20110511T173000_C02,20110511T173000_C02_K5,5,VMAX / bus 13,48,RAY:335.000000:ADAPTIVE,VMAX_BUS_13,VMAX,13,RAY,335.000000000046,2326.81938399,-260.109854135,2034.02166430022,0.34093557397752,1.59571774340631,0.000784513641822637,4.68040845603141,BRACKET_NORMALIZATION_IS_DIAGNOSTIC_ONLY;NOT_AN_ACCEPTANCE_OR_SAFETY_CRITERION
2011-05-11 17:30:00,20110511T173000_C02,20110511T173000_C02_K5,5,VMAX / bus 13,51,RAY:345.000000:ADAPTIVE,VMAX_BUS_13,VMAX,13,RAY,345.00000000004,2137.7657728,295.317113189,1607.22299900125,0.323319847816188,1.45948077246839,0.000908076087372645,4.51404633005433,BRACKET_NORMALIZATION_IS_DIAGNOSTIC_ONLY;NOT_AN_ACCEPTANCE_OR_SAFETY_CRITERION
2011-05-11 17:30:00,20110511T173000_C02,20110511T173000_C02_K5,5,VMAX / bus 13,52,RAY:350.000000:BASE,VMAX_BUS_13,VMAX,13,RAY,350.000000000031,2066.51484757,511.310354595,1473.50506372648,0.317292210822469,3.57687786065995,0.0024274622115068,11.27313479076,BRACKET_NORMALIZATION_IS_DIAGNOSTIC_ONLY;NOT_AN_ACCEPTANCE_OR_SAFETY_CRITERION
2011-05-11 18:00:00,20110511T180000_C01,20110511T180000_C01_K3,3,VMAX / bus 30,8,RAY:70.000000:BASE,VMAX_BUS_30,VMAX,30,RAY,69.9999999998549,1104.69204983,2691.74543624,1858.5945547098,0.218042533432683,1.87059114594588,0.00100645465747529,8.57901949907126,BRACKET_NORMALIZATION_IS_DIAGNOSTIC_ONLY;NOT_AN_ACCEPTANCE_OR_SAFETY_CRITERION
2011-05-11 18:00:00,20110511T180000_C01,20110511T180000_C01_K3,3,VMAX / bus 30,9,RAY:80.000000:BASE,VMAX_BUS_30,VMAX,30,RAY,79.999999999982,881.777057936,2788.00763392,1912.40611122311,0.446406659691748,5.76654468745276,0.00301533479401228,12.9176941299098,BRACKET_NORMALIZATION_IS_DIAGNOSTIC_ONLY;NOT_AN_ACCEPTANCE_OR_SAFETY_CRITERION
2011-05-11 18:00:00,20110511T180000_C01,20110511T180000_C01_K3,3,VMAX / bus 30,10,RAY:90.000000:BASE,VMAX_BUS_30,VMAX,30,RAY,90,649.453125,2890.85559845,2001.08997345,0.224967959999958,12.7162159636955,0.00635464478479797,56.5245644921967,BRACKET_NORMALIZATION_IS_DIAGNOSTIC_ONLY;NOT_AN_ACCEPTANCE_OR_SAFETY_CRITERION
2011-05-11 18:00:00,20110511T180000_C01,20110511T180000_C01_K3,3,VMAX / bus 30,11,RAY:100.000000:BASE,VMAX_BUS_30,VMAX,30,RAY,100.000000000019,390.068117709,3009.11472133,2135.16303221139,0.223203329845874,25.0773098359798,0.0117449157079154,112.351862551944,BRACKET_NORMALIZATION_IS_DIAGNOSTIC_ONLY;NOT_AN_ACCEPTANCE_OR_SAFETY_CRITERION
2011-05-11 18:00:00,20110511T180000_C01,20110511T180000_C01_K3,3,VMAX / bus 30,12,RAY:105.000000:ADAPTIVE,VMAX_BUS_30,VMAX,30,RAY,104.999999999987,242.556862487,3077.56577856,2225.31662474449,0.442057336394753,34.1999752125077,0.0153685883762427,77.3654736542308,BRACKET_NORMALIZATION_IS_DIAGNOSTIC_ONLY;NOT_AN_ACCEPTANCE_OR_SAFETY_CRITERION
2011-05-11 18:00:00,20110511T180000_C01,20110511T180000_C01_K3,3,VMAX / bus 30,13,RAY:110.000000:BASE,VMAX_BUS_30,VMAX,30,RAY,110.000000000014,76.8262183846,3156.40423787,2337.85204312274,0.436085069363339,47.5568051104508,0.0203420936112483,109.053963209245,BRACKET_NORMALIZATION_IS_DIAGNOSTIC_ONLY;NOT_AN_ACCEPTANCE_OR_SAFETY_CRITERION
2011-05-11 18:00:00,20110511T180000_C01,20110511T180000_C01_K3,3,VMAX / bus 30,14,AXIS:P30_POSITIVE:AXIS,VMAX_BUS_30,VMAX,30,AXIS,112.105318312064,0,3193.4375,2393.46891963073,0.3125,54.7253411140735,0.0228644461038235,175.121091565035,BRACKET_NORMALIZATION_IS_DIAGNOSTIC_ONLY;NOT_AN_ACCEPTANCE_OR_SAFETY_CRITERION
2011-05-11 18:00:00,20110511T180000_C01,20110511T180000_C01_K3,3,VMAX / bus 30,15,RAY:115.000000:ADAPTIVE,VMAX_BUS_30,VMAX,30,RAY,115.000000000016,-114.208465488,3249.18314494,2479.92541383536,0.428607916300277,60.6246474489722,0.0244461575782686,141.44546832518,BRACKET_NORMALIZATION_IS_DIAGNOSTIC_ONLY;NOT_AN_ACCEPTANCE_OR_SAFETY_CRITERION
2011-05-11 18:00:00,20110511T180000_C01,20110511T180000_C01_K3,3,VMAX / bus 30,16,RAY:120.000000:BASE,VMAX_BUS_30,VMAX,30,RAY,120.000000000025,-341.323814392,3362.13250597,2663.50087999766,0.419779491812463,41.595112155856,0.0156167067442052,99.0880044574419,BRACKET_NORMALIZATION_IS_DIAGNOSTIC_ONLY;NOT_AN_ACCEPTANCE_OR_SAFETY_CRITERION
2011-05-11 18:00:00,20110511T180000_C01,20110511T180000_C01_K3,3,VMAX / bus 30,17,RAY:125.000000:ADAPTIVE,VMAX_BUS_30,VMAX,30,RAY,125.000000000045,-622.361775999,3506.58367832,2909.51024514171,0.8195803540782,20.1855630777403,0.00693778724836802,24.629144631515,BRACKET_NORMALIZATION_IS_DIAGNOSTIC_ONLY;NOT_AN_ACCEPTANCE_OR_SAFETY_CRITERION
2011-05-11 18:00:00,20110511T180000_C01,20110511T180000_C01_K4,4,VMAX / bus 30,8,RAY:70.000000:BASE,VMAX_BUS_30,VMAX,30,RAY,69.9999999998549,1104.69204983,2691.74543624,1858.5945547098,0.218042533432683,1.87059114594774,0.00100645465747629,8.57901949907978,BRACKET_NORMALIZATION_IS_DIAGNOSTIC_ONLY;NOT_AN_ACCEPTANCE_OR_SAFETY_CRITERION
2011-05-11 18:00:00,20110511T180000_C01,20110511T180000_C01_K4,4,VMAX / bus 30,9,RAY:80.000000:BASE,VMAX_BUS_30,VMAX,30,RAY,79.999999999982,881.777057936,2788.00763392,1912.40611122311,0.446406659691748,5.76654468745573,0.00301533479401384,12.9176941299165,BRACKET_NORMALIZATION_IS_DIAGNOSTIC_ONLY;NOT_AN_ACCEPTANCE_OR_SAFETY_CRITERION
2011-05-11 18:00:00,20110511T180000_C01,20110511T180000_C01_K4,4,VMAX / bus 30,10,RAY:90.000000:BASE,VMAX_BUS_30,VMAX,30,RAY,90,649.453125,2890.85559845,2001.08997345,0.224967959999958,6.85133417278785,0.00342380116021257,30.4547108521104,BRACKET_NORMALIZATION_IS_DIAGNOSTIC_ONLY;NOT_AN_ACCEPTANCE_OR_SAFETY_CRITERION
2011-05-11 18:00:00,20110511T180000_C01,20110511T180000_C01_K4,4,VMAX / bus 30,11,RAY:100.000000:BASE,VMAX_BUS_30,VMAX,30,RAY,100.000000000019,390.068117709,3009.11472133,2135.16303221139,0.223203329845874,1.84038111333219,0.000861939386158306,8.24531208653119,BRACKET_NORMALIZATION_IS_DIAGNOSTIC_ONLY;NOT_AN_ACCEPTANCE_OR_SAFETY_CRITERION
2011-05-11 18:00:00,20110511T180000_C01,20110511T180000_C01_K4,4,VMAX / bus 30,14,AXIS:P30_POSITIVE:AXIS,VMAX_BUS_30,VMAX,30,AXIS,112.105318312064,0,3193.4375,2393.46891963073,0.3125,0.584168824083934,0.000244067854523911,1.86934023706859,BRACKET_NORMALIZATION_IS_DIAGNOSTIC_ONLY;NOT_AN_ACCEPTANCE_OR_SAFETY_CRITERION
2011-05-11 18:00:00,20110511T180000_C01,20110511T180000_C01_K4,4,VMAX / bus 30,15,RAY:115.000000:ADAPTIVE,VMAX_BUS_30,VMAX,30,RAY,115.000000000016,-114.208465488,3249.18314494,2479.92541383536,0.428607916300277,2.36452801246412,0.000953467390298335,5.51676234278315,BRACKET_NORMALIZATION_IS_DIAGNOSTIC_ONLY;NOT_AN_ACCEPTANCE_OR_SAFETY_CRITERION
2011-05-11 18:00:00,20110511T180000_C01,20110511T180000_C01_K4,4,VMAX / bus 30,16,RAY:120.000000:BASE,VMAX_BUS_30,VMAX,30,RAY,120.000000000025,-341.323814392,3362.13250597,2663.50087999766,0.419779491812463,9.06885686369656,0.0034048634756616,21.6038587891475,BRACKET_NORMALIZATION_IS_DIAGNOSTIC_ONLY;NOT_AN_ACCEPTANCE_OR_SAFETY_CRITERION
2011-05-11 18:00:00,20110511T180000_C01,20110511T180000_C01_K4,4,VMAX / bus 30,17,RAY:125.000000:ADAPTIVE,VMAX_BUS_30,VMAX,30,RAY,125.000000000045,-622.361775999,3506.58367832,2909.51024514171,0.8195803540782,20.1855630777435,0.00693778724836913,24.629144631519,BRACKET_NORMALIZATION_IS_DIAGNOSTIC_ONLY;NOT_AN_ACCEPTANCE_OR_SAFETY_CRITERION
2011-05-11 18:00:00,20110511T180000_C01,20110511T180000_C01_K5,5,VMAX / bus 30,8,RAY:70.000000:BASE,VMAX_BUS_30,VMAX,30,RAY,69.9999999998549,1104.69204983,2691.74543624,1858.5945547098,0.218042533432683,1.87059114594774,0.00100645465747629,8.57901949907978,BRACKET_NORMALIZATION_IS_DIAGNOSTIC_ONLY;NOT_AN_ACCEPTANCE_OR_SAFETY_CRITERION
2011-05-11 18:00:00,20110511T180000_C01,20110511T180000_C01_K5,5,VMAX / bus 30,9,RAY:80.000000:BASE,VMAX_BUS_30,VMAX,30,RAY,79.999999999982,881.777057936,2788.00763392,1912.40611122311,0.446406659691748,2.9327285467537,0.00153352811912844,6.56963439743216,BRACKET_NORMALIZATION_IS_DIAGNOSTIC_ONLY;NOT_AN_ACCEPTANCE_OR_SAFETY_CRITERION
2011-05-11 18:00:00,20110511T180000_C01,20110511T180000_C01_K5,5,VMAX / bus 30,12,RAY:105.000000:ADAPTIVE,VMAX_BUS_30,VMAX,30,RAY,104.999999999987,242.556862487,3077.56577856,2225.31662474449,0.442057336394753,1.33094084987817,0.000598090552633601,3.0107878329377,BRACKET_NORMALIZATION_IS_DIAGNOSTIC_ONLY;NOT_AN_ACCEPTANCE_OR_SAFETY_CRITERION
2011-05-11 18:00:00,20110511T180000_C01,20110511T180000_C01_K5,5,VMAX / bus 30,13,RAY:110.000000:BASE,VMAX_BUS_30,VMAX,30,RAY,110.000000000014,76.8262183846,3156.40423787,2337.85204312274,0.436085069363339,0.54818281965013,0.00023448139982285,1.25705477706551,BRACKET_NORMALIZATION_IS_DIAGNOSTIC_ONLY;NOT_AN_ACCEPTANCE_OR_SAFETY_CRITERION
2011-05-11 18:00:00,20110511T180000_C01,20110511T180000_C01_K5,5,VMAX / bus 30,16,RAY:120.000000:BASE,VMAX_BUS_30,VMAX,30,RAY,120.000000000025,-341.323814392,3362.13250597,2663.50087999766,0.419779491812463,2.80360851299663,0.00105260281085362,6.67876484601859,BRACKET_NORMALIZATION_IS_DIAGNOSTIC_ONLY;NOT_AN_ACCEPTANCE_OR_SAFETY_CRITERION
2011-05-11 18:00:00,20110511T180000_C01,20110511T180000_C01_K5,5,VMAX / bus 30,17,RAY:125.000000:ADAPTIVE,VMAX_BUS_30,VMAX,30,RAY,125.000000000045,-622.361775999,3506.58367832,2909.51024514171,0.8195803540782,13.65621910275,0.00469364874227651,16.6624529672987,BRACKET_NORMALIZATION_IS_DIAGNOSTIC_ONLY;NOT_AN_ACCEPTANCE_OR_SAFETY_CRITERION
2011-05-16 07:30:00,20110516T073000_C01,20110516T073000_C01_K3,3,VMAX / bus 30,8,RAY:70.000000:BASE,VMAX_BUS_30,VMAX,30,RAY,70.0000000000299,791.184313569,2337.00277314,1992.11172370326,0.216580962837129,1.94433576980382,0.000976017432490872,8.97740846810244,BRACKET_NORMALIZATION_IS_DIAGNOSTIC_ONLY;NOT_AN_ACCEPTANCE_OR_SAFETY_CRITERION
2011-05-16 07:30:00,20110516T073000_C01,20110516T073000_C01_K3,3,VMAX / bus 30,9,RAY:80.000000:BASE,VMAX_BUS_30,VMAX,30,RAY,79.9999999999742,551.877016707,2441.59972667,2051.00527894527,0.221682375595436,6.40659949633388,0.00312363871614629,28.8999045554516,BRACKET_NORMALIZATION_IS_DIAGNOSTIC_ONLY;NOT_AN_ACCEPTANCE_OR_SAFETY_CRITERION
2011-05-16 07:30:00,20110516T073000_C01,20110516T073000_C01_K3,3,VMAX / bus 30,10,RAY:90.000000:BASE,VMAX_BUS_30,VMAX,30,RAY,90,302.109375,2553.66138458,2147.80200958,0.223426820000441,14.3793258978403,0.00669490289780117,64.3581012244275,BRACKET_NORMALIZATION_IS_DIAGNOSTIC_ONLY;NOT_AN_ACCEPTANCE_OR_SAFETY_CRITERION
2011-05-16 07:30:00,20110516T073000_C01,20110516T073000_C01_K3,3,VMAX / bus 30,11,RAY:100.000000:BASE,VMAX_BUS_30,VMAX,30,RAY,99.9999999999925,22.7270442582,2682.97533906,2294.19083785714,0.221682365694775,28.6207136940784,0.0124752977048811,129.106857933323,BRACKET_NORMALIZATION_IS_DIAGNOSTIC_ONLY;NOT_AN_ACCEPTANCE_OR_SAFETY_CRITERION
2011-05-16 07:30:00,20110516T073000_C01,20110516T073000_C01_K3,3,VMAX / bus 30,12,AXIS:P30_POSITIVE:AXIS,VMAX_BUS_30,VMAX,30,AXIS,100.745401587842,0,2693.75,2307.75076349804,0.3125,30.137229922599,0.0130591355008015,96.4391357523169,BRACKET_NORMALIZATION_IS_DIAGNOSTIC_ONLY;NOT_AN_ACCEPTANCE_OR_SAFETY_CRITERION
2011-05-16 07:30:00,20110516T073000_C01,20110516T073000_C01_K3,3,VMAX / bus 30,13,RAY:105.000000:ADAPTIVE,VMAX_BUS_30,VMAX,30,RAY,105.000000000016,-136.555365339,2758.66070972,2393.34512243364,0.439065332477239,39.8019124923695,0.0166302436365289,90.6514578771322,BRACKET_NORMALIZATION_IS_DIAGNOSTIC_ONLY;NOT_AN_ACCEPTANCE_OR_SAFETY_CRITERION
2011-05-16 07:30:00,20110516T073000_C01,20110516T073000_C01_K3,3,VMAX / bus 30,14,RAY:110.000000:BASE,VMAX_BUS_30,VMAX,30,RAY,109.999999999982,-315.747853329,2845.50780796,2516.67082294101,0.433161925919734,39.1662119291986,0.0155627075150927,90.4193318607974,BRACKET_NORMALIZATION_IS_DIAGNOSTIC_ONLY;NOT_AN_ACCEPTANCE_OR_SAFETY_CRITERION
2011-05-16 07:30:00,20110516T073000_C01,20110516T073000_C01_K3,3,VMAX / bus 30,15,RAY:115.000000:ADAPTIVE,VMAX_BUS_30,VMAX,30,RAY,115.000000000021,-522.844915493,2948.36733101,2672.99388098382,0.425771563045897,25.6982991413479,0.00961405086789402,60.3570115333835,BRACKET_NORMALIZATION_IS_DIAGNOSTIC_ONLY;NOT_AN_ACCEPTANCE_OR_SAFETY_CRITERION
2011-05-16 07:30:00,20110516T073000_C01,20110516T073000_C01_K3,3,VMAX / bus 30,16,RAY:120.000000:BASE,VMAX_BUS_30,VMAX,30,RAY,120.000000000029,-769.971557617,3074.51898251,2875.95229912396,0.417046454733477,11.6867266153263,0.00406360238272596,28.0226015176055,BRACKET_NORMALIZATION_IS_DIAGNOSTIC_ONLY;NOT_AN_ACCEPTANCE_OR_SAFETY_CRITERION
2011-05-16 07:30:00,20110516T073000_C01,20110516T073000_C01_K4,4,VMAX / bus 30,8,RAY:70.000000:BASE,VMAX_BUS_30,VMAX,30,RAY,70.0000000000299,791.184313569,2337.00277314,1992.11172370326,0.216580962837129,1.94433576980338,0.00097601743249065,8.9774084681004,BRACKET_NORMALIZATION_IS_DIAGNOSTIC_ONLY;NOT_AN_ACCEPTANCE_OR_SAFETY_CRITERION
2011-05-16 07:30:00,20110516T073000_C01,20110516T073000_C01_K4,4,VMAX / bus 30,9,RAY:80.000000:BASE,VMAX_BUS_30,VMAX,30,RAY,79.9999999999742,551.877016707,2441.59972667,2051.00527894527,0.221682375595436,6.40659949633274,0.00312363871614574,28.8999045554465,BRACKET_NORMALIZATION_IS_DIAGNOSTIC_ONLY;NOT_AN_ACCEPTANCE_OR_SAFETY_CRITERION
2011-05-16 07:30:00,20110516T073000_C01,20110516T073000_C01_K4,4,VMAX / bus 30,10,RAY:90.000000:BASE,VMAX_BUS_30,VMAX,30,RAY,90,302.109375,2553.66138458,2147.80200958,0.223426820000441,3.13837201572141,0.00146120173168807,14.0465321742269,BRACKET_NORMALIZATION_IS_DIAGNOSTIC_ONLY;NOT_AN_ACCEPTANCE_OR_SAFETY_CRITERION
2011-05-16 07:30:00,20110516T073000_C01,20110516T073000_C01_K4,4,VMAX / bus 30,13,RAY:105.000000:ADAPTIVE,VMAX_BUS_30,VMAX,30,RAY,105.000000000016,-136.555365339,2758.66070972,2393.34512243364,0.439065332477239,0.191033140523166,7.98184677723857e-05,0.435090466936533,BRACKET_NORMALIZATION_IS_DIAGNOSTIC_ONLY;NOT_AN_ACCEPTANCE_OR_SAFETY_CRITERION
2011-05-16 07:30:00,20110516T073000_C01,20110516T073000_C01_K4,4,VMAX / bus 30,14,RAY:110.000000:BASE,VMAX_BUS_30,VMAX,30,RAY,109.999999999982,-315.747853329,2845.50780796,2516.67082294101,0.433161925919734,2.42080698044095,0.000961908469861772,5.58868828395027,BRACKET_NORMALIZATION_IS_DIAGNOSTIC_ONLY;NOT_AN_ACCEPTANCE_OR_SAFETY_CRITERION
2011-05-16 07:30:00,20110516T073000_C01,20110516T073000_C01_K4,4,VMAX / bus 30,15,RAY:115.000000:ADAPTIVE,VMAX_BUS_30,VMAX,30,RAY,115.000000000021,-522.844915493,2948.36733101,2672.99388098382,0.425771563045897,8.37636773852394,0.00313370254908363,19.6733846633646,BRACKET_NORMALIZATION_IS_DIAGNOSTIC_ONLY;NOT_AN_ACCEPTANCE_OR_SAFETY_CRITERION
2011-05-16 07:30:00,20110516T073000_C01,20110516T073000_C01_K4,4,VMAX / bus 30,16,RAY:120.000000:BASE,VMAX_BUS_30,VMAX,30,RAY,120.000000000029,-769.971557617,3074.51898251,2875.95229912396,0.417046454733477,11.6867266153234,0.00406360238272496,28.0226015175986,BRACKET_NORMALIZATION_IS_DIAGNOSTIC_ONLY;NOT_AN_ACCEPTANCE_OR_SAFETY_CRITERION
2011-05-16 07:30:00,20110516T073000_C01,20110516T073000_C01_K5,5,VMAX / bus 30,8,RAY:70.000000:BASE,VMAX_BUS_30,VMAX,30,RAY,70.0000000000299,791.184313569,2337.00277314,1992.11172370326,0.216580962837129,1.94433576980515,0.000976017432491538,8.97740846810857,BRACKET_NORMALIZATION_IS_DIAGNOSTIC_ONLY;NOT_AN_ACCEPTANCE_OR_SAFETY_CRITERION
2011-05-16 07:30:00,20110516T073000_C01,20110516T073000_C01_K5,5,VMAX / bus 30,9,RAY:80.000000:BASE,VMAX_BUS_30,VMAX,30,RAY,79.9999999999742,551.877016707,2441.59972667,2051.00527894527,0.221682375595436,3.37960161058578,0.00164777811411765,15.2452426653595,BRACKET_NORMALIZATION_IS_DIAGNOSTIC_ONLY;NOT_AN_ACCEPTANCE_OR_SAFETY_CRITERION
2011-05-16 07:30:00,20110516T073000_C01,20110516T073000_C01_K5,5,VMAX / bus 30,12,AXIS:P30_POSITIVE:AXIS,VMAX_BUS_30,VMAX,30,AXIS,100.745401587842,0,2693.75,2307.75076349804,0.3125,0.274278321937725,0.000118850928911396,0.87769063020072,BRACKET_NORMALIZATION_IS_DIAGNOSTIC_ONLY;NOT_AN_ACCEPTANCE_OR_SAFETY_CRITERION
2011-05-16 07:30:00,20110516T073000_C01,20110516T073000_C01_K5,5,VMAX / bus 30,15,RAY:115.000000:ADAPTIVE,VMAX_BUS_30,VMAX,30,RAY,115.000000000021,-522.844915493,2948.36733101,2672.99388098382,0.425771563045897,3.10407689451492,0.00116127347563266,7.29047490233704,BRACKET_NORMALIZATION_IS_DIAGNOSTIC_ONLY;NOT_AN_ACCEPTANCE_OR_SAFETY_CRITERION
2011-05-16 07:30:00,20110516T073000_C01,20110516T073000_C01_K5,5,VMAX / bus 30,16,RAY:120.000000:BASE,VMAX_BUS_30,VMAX,30,RAY,120.000000000029,-769.971557617,3074.51898251,2875.95229912396,0.417046454733477,11.6867266153218,0.00406360238272441,28.0226015175948,BRACKET_NORMALIZATION_IS_DIAGNOSTIC_ONLY;NOT_AN_ACCEPTANCE_OR_SAFETY_CRITERION
2011-09-11 00:00:00,20110911T000000_C01,20110911T000000_C01_K3,3,VMAX / bus 30,9,RAY:70.000000:BASE,VMAX_BUS_30,VMAX,30,RAY,69.9999999999953,499.03747578,2004.99958751,2114.61484830095,0.430412143522024,2.2636606957771,0.0010704836852895,5.25928631393568,BRACKET_NORMALIZATION_IS_DIAGNOSTIC_ONLY;NOT_AN_ACCEPTANCE_OR_SAFETY_CRITERION
2011-09-11 00:00:00,20110911T000000_C01,20110911T000000_C01_K3,3,VMAX / bus 30,10,RAY:80.000000:BASE,VMAX_BUS_30,VMAX,30,RAY,79.9999999999967,244.627415786,2117.39309514,2178.28957696549,0.44050345151326,7.41986003169826,0.00340627807714833,16.84404516289,BRACKET_NORMALIZATION_IS_DIAGNOSTIC_ONLY;NOT_AN_ACCEPTANCE_OR_SAFETY_CRITERION
2011-09-11 00:00:00,20110911T000000_C01,20110911T000000_C01_K3,3,VMAX / bus 30,11,AXIS:P30_POSITIVE:AXIS,VMAX_BUS_30,VMAX,30,AXIS,89.2320363321308,0,2228.4375,2273.14620261154,0.3125,15.7694940305898,0.00693729862710668,50.4623808978874,BRACKET_NORMALIZATION_IS_DIAGNOSTIC_ONLY;NOT_AN_ACCEPTANCE_OR_SAFETY_CRITERION
2011-09-11 00:00:00,20110911T000000_C01,20110911T000000_C01_K3,3,VMAX / bus 30,12,RAY:90.000000:BASE,VMAX_BUS_30,VMAX,30,RAY,90,-21.25,2238.20449829,2282.81387329,0.443954469999881,16.6541206285571,0.00729543517472808,37.5131274803058,BRACKET_NORMALIZATION_IS_DIAGNOSTIC_ONLY;NOT_AN_ACCEPTANCE_OR_SAFETY_CRITERION
2011-09-11 00:00:00,20110911T000000_C01,20110911T000000_C01_K3,3,VMAX / bus 30,13,RAY:100.000000:BASE,VMAX_BUS_30,VMAX,30,RAY,99.9999999999946,-319.226266589,2378.40734684,2441.27013863001,0.440503451512809,33.4104973139564,0.0136857026943793,75.8461646536836,BRACKET_NORMALIZATION_IS_DIAGNOSTIC_ONLY;NOT_AN_ACCEPTANCE_OR_SAFETY_CRITERION
2011-09-11 00:00:00,20110911T000000_C01,20110911T000000_C01_K3,3,VMAX / bus 30,14,RAY:105.000000:ADAPTIVE,VMAX_BUS_30,VMAX,30,RAY,104.999999999971,-489.419057027,2460.59846211,2548.5777549596,0.436250893547077,46.3795740037604,0.0181982181683508,106.31399199359,BRACKET_NORMALIZATION_IS_DIAGNOSTIC_ONLY;NOT_AN_ACCEPTANCE_OR_SAFETY_CRITERION
2011-09-11 00:00:00,20110911T000000_C01,20110911T000000_C01_K3,3,VMAX / bus 30,15,RAY:110.000000:BASE,VMAX_BUS_30,VMAX,30,RAY,110.000000000014,-681.219784055,2555.26098005,2682.32846216369,0.430412143522478,49.2758535781544,0.0183705516580942,114.485277238887,BRACKET_NORMALIZATION_IS_DIAGNOSTIC_ONLY;NOT_AN_ACCEPTANCE_OR_SAFETY_CRITERION
2011-09-11 00:00:00,20110911T000000_C01,20110911T000000_C01_K3,3,VMAX / bus 30,16,RAY:115.000000:ADAPTIVE,VMAX_BUS_30,VMAX,30,RAY,115.000000000005,-903.480221111,2668.09764069,2852.56192150413,0.423103220669652,32.4457962278795,0.011374265351888,76.6852972107539,BRACKET_NORMALIZATION_IS_DIAGNOSTIC_ONLY;NOT_AN_ACCEPTANCE_OR_SAFETY_CRITERION
2011-09-11 00:00:00,20110911T000000_C01,20110911T000000_C01_K3,3,VMAX / bus 30,17,RAY:120.000000:BASE,VMAX_BUS_30,VMAX,30,RAY,120.000000000097,-1169.67266846,2807.43245964,3074.57594669078,0.828950109260413,14.6796416953671,0.00477452564187497,17.7087155564335,BRACKET_NORMALIZATION_IS_DIAGNOSTIC_ONLY;NOT_AN_ACCEPTANCE_OR_SAFETY_CRITERION
2011-09-11 00:00:00,20110911T000000_C01,20110911T000000_C01_K4,4,VMAX / bus 30,9,RAY:70.000000:BASE,VMAX_BUS_30,VMAX,30,RAY,69.9999999999953,499.03747578,2004.99958751,2114.61484830095,0.430412143522024,2.26366069577522,0.00107048368528861,5.25928631393132,BRACKET_NORMALIZATION_IS_DIAGNOSTIC_ONLY;NOT_AN_ACCEPTANCE_OR_SAFETY_CRITERION
2011-09-11 00:00:00,20110911T000000_C01,20110911T000000_C01_K4,4,VMAX / bus 30,10,RAY:80.000000:BASE,VMAX_BUS_30,VMAX,30,RAY,79.9999999999967,244.627415786,2117.39309514,2178.28957696549,0.44050345151326,4.08436829308335,0.00187503458505878,9.27204606241412,BRACKET_NORMALIZATION_IS_DIAGNOSTIC_ONLY;NOT_AN_ACCEPTANCE_OR_SAFETY_CRITERION
2011-09-11 00:00:00,20110911T000000_C01,20110911T000000_C01_K4,4,VMAX / bus 30,11,AXIS:P30_POSITIVE:AXIS,VMAX_BUS_30,VMAX,30,AXIS,89.2320363321308,0,2228.4375,2273.14620261154,0.3125,0.230480657243024,0.000101392799538469,0.737538103177676,BRACKET_NORMALIZATION_IS_DIAGNOSTIC_ONLY;NOT_AN_ACCEPTANCE_OR_SAFETY_CRITERION
2011-09-11 00:00:00,20110911T000000_C01,20110911T000000_C01_K4,4,VMAX / bus 30,14,RAY:105.000000:ADAPTIVE,VMAX_BUS_30,VMAX,30,RAY,104.999999999971,-489.419057027,2460.59846211,2548.5777549596,0.436250893547077,2.35630340601167,0.000924556216276406,5.4012574893612,BRACKET_NORMALIZATION_IS_DIAGNOSTIC_ONLY;NOT_AN_ACCEPTANCE_OR_SAFETY_CRITERION
2011-09-11 00:00:00,20110911T000000_C01,20110911T000000_C01_K4,4,VMAX / bus 30,15,RAY:110.000000:BASE,VMAX_BUS_30,VMAX,30,RAY,110.000000000014,-681.219784055,2555.26098005,2682.32846216369,0.430412143522478,7.65044965316286,0.00285216734679528,17.7747067974241,BRACKET_NORMALIZATION_IS_DIAGNOSTIC_ONLY;NOT_AN_ACCEPTANCE_OR_SAFETY_CRITERION
2011-09-11 00:00:00,20110911T000000_C01,20110911T000000_C01_K4,4,VMAX / bus 30,16,RAY:115.000000:ADAPTIVE,VMAX_BUS_30,VMAX,30,RAY,115.000000000005,-903.480221111,2668.09764069,2852.56192150413,0.423103220669652,18.3610786764389,0.00643669767096844,43.3962158155603,BRACKET_NORMALIZATION_IS_DIAGNOSTIC_ONLY;NOT_AN_ACCEPTANCE_OR_SAFETY_CRITERION
2011-09-11 00:00:00,20110911T000000_C01,20110911T000000_C01_K4,4,VMAX / bus 30,17,RAY:120.000000:BASE,VMAX_BUS_30,VMAX,30,RAY,120.000000000097,-1169.67266846,2807.43245964,3074.57594669078,0.828950109260413,14.6796416953682,0.0047745256418753,17.7087155564347,BRACKET_NORMALIZATION_IS_DIAGNOSTIC_ONLY;NOT_AN_ACCEPTANCE_OR_SAFETY_CRITERION
2011-09-11 00:00:00,20110911T000000_C01,20110911T000000_C01_K5,5,VMAX / bus 30,9,RAY:70.000000:BASE,VMAX_BUS_30,VMAX,30,RAY,69.9999999999953,499.03747578,2004.99958751,2114.61484830095,0.430412143522024,2.2636606957771,0.0010704836852895,5.25928631393568,BRACKET_NORMALIZATION_IS_DIAGNOSTIC_ONLY;NOT_AN_ACCEPTANCE_OR_SAFETY_CRITERION
2011-09-11 00:00:00,20110911T000000_C01,20110911T000000_C01_K5,5,VMAX / bus 30,10,RAY:80.000000:BASE,VMAX_BUS_30,VMAX,30,RAY,79.9999999999967,244.627415786,2117.39309514,2178.28957696549,0.44050345151326,1.3275417642303,0.000609442279056238,3.01369208270627,BRACKET_NORMALIZATION_IS_DIAGNOSTIC_ONLY;NOT_AN_ACCEPTANCE_OR_SAFETY_CRITERION
2011-09-11 00:00:00,20110911T000000_C01,20110911T000000_C01_K5,5,VMAX / bus 30,13,RAY:100.000000:BASE,VMAX_BUS_30,VMAX,30,RAY,99.9999999999946,-319.226266589,2378.40734684,2441.27013863001,0.440503451512809,1.93813495495801,0.000793904338683982,4.39981786363291,BRACKET_NORMALIZATION_IS_DIAGNOSTIC_ONLY;NOT_AN_ACCEPTANCE_OR_SAFETY_CRITERION
2011-09-11 00:00:00,20110911T000000_C01,20110911T000000_C01_K5,5,VMAX / bus 30,16,RAY:115.000000:ADAPTIVE,VMAX_BUS_30,VMAX,30,RAY,115.000000000005,-903.480221111,2668.09764069,2852.56192150413,0.423103220669652,3.9342991422643,0.00137921603475299,9.29867453156567,BRACKET_NORMALIZATION_IS_DIAGNOSTIC_ONLY;NOT_AN_ACCEPTANCE_OR_SAFETY_CRITERION
2011-09-11 00:00:00,20110911T000000_C01,20110911T000000_C01_K5,5,VMAX / bus 30,17,RAY:120.000000:BASE,VMAX_BUS_30,VMAX,30,RAY,120.000000000097,-1169.67266846,2807.43245964,3074.57594669078,0.828950109260413,14.6796416953678,0.00477452564187519,17.7087155564343,BRACKET_NORMALIZATION_IS_DIAGNOSTIC_ONLY;NOT_AN_ACCEPTANCE_OR_SAFETY_CRITERION
2011-09-11 00:00:00,20110911T000000_C02,20110911T000000_C02_K3,3,VMAX / bus 13,0,RAY:0.000000:BASE,VMAX_BUS_13,VMAX,13,RAY,0,1578.61517334,-44.609375,1599.86517334,0.154815670000062,28.0780217319598,0.017550242482835,181.364210302152,BRACKET_NORMALIZATION_IS_DIAGNOSTIC_ONLY;NOT_AN_ACCEPTANCE_OR_SAFETY_CRITERION
2011-09-11 00:00:00,20110911T000000_C02,20110911T000000_C02_K3,3,VMAX / bus 13,1,AXIS:P13_POSITIVE:AXIS,VMAX_BUS_13,VMAX,13,AXIS,1.12430626716782,1564.0625,0,1585.94001115873,0.15625,26.2049670408965,0.0165233028087554,167.711789061738,BRACKET_NORMALIZATION_IS_DIAGNOSTIC_ONLY;NOT_AN_ACCEPTANCE_OR_SAFETY_CRITERION
2011-09-11 00:00:00,20110911T000000_C02,20110911T000000_C02_K3,3,VMAX / bus 13,2,RAY:10.000000:BASE,VMAX_BUS_13,VMAX,13,RAY,9.99999999999371,1458.25751068,329.440447604,1526.05889268685,0.314521616676405,15.1275772065952,0.00991283972007195,48.0970985919839,BRACKET_NORMALIZATION_IS_DIAGNOSTIC_ONLY;NOT_AN_ACCEPTANCE_OR_SAFETY_CRITERION
2011-09-11 00:00:00,20110911T000000_C02,20110911T000000_C02_K3,3,VMAX / bus 13,3,RAY:20.000000:BASE,VMAX_BUS_13,VMAX,13,RAY,20.0000000000285,1351.49122428,671.778211953,1548.42812024908,0.328195869058189,7.67483735065126,0.00495653446891464,23.3849297758544,BRACKET_NORMALIZATION_IS_DIAGNOSTIC_ONLY;NOT_AN_ACCEPTANCE_OR_SAFETY_CRITERION
2011-09-11 00:00:00,20110911T000000_C02,20110911T000000_C02_K3,3,VMAX / bus 13,4,RAY:30.000000:BASE,VMAX_BUS_13,VMAX,13,RAY,30.0000000000272,1249.50627643,1007.34073639,1649.67286179402,0.174052849363297,2.87787110053953,0.0017445101796788,16.5344670372653,BRACKET_NORMALIZATION_IS_DIAGNOSTIC_ONLY;NOT_AN_ACCEPTANCE_OR_SAFETY_CRITERION
2011-09-11 00:00:00,20110911T000000_C02,20110911T000000_C02_K3,3,VMAX / bus 13,49,RAY:335.000000:ADAPTIVE,VMAX_BUS_13,VMAX,13,RAY,334.999999999963,2061.24067837,-1436.961628,2505.07728861449,0.337565996076199,18.535108123212,0.00739901647244723,54.9081019375781,BRACKET_NORMALIZATION_IS_DIAGNOSTIC_ONLY;NOT_AN_ACCEPTANCE_OR_SAFETY_CRITERION
2011-09-11 00:00:00,20110911T000000_C02,20110911T000000_C02_K3,3,VMAX / bus 13,50,RAY:340.000000:BASE,VMAX_BUS_13,VMAX,13,RAY,339.999999999988,1924.38810233,-1059.97262086,2194.64579061899,0.328195868595539,36.6260613755067,0.0166888258378937,111.598179258752,BRACKET_NORMALIZATION_IS_DIAGNOSTIC_ONLY;NOT_AN_ACCEPTANCE_OR_SAFETY_CRITERION
2011-09-11 00:00:00,20110911T000000_C02,20110911T000000_C02_K3,3,VMAX / bus 13,51,RAY:345.000000:ADAPTIVE,VMAX_BUS_13,VMAX,13,RAY,345.000000000033,1815.70498196,-750.34895325,1967.85974044294,0.320393961439846,52.1925821991492,0.0265225112981891,162.901266817254,BRACKET_NORMALIZATION_IS_DIAGNOSTIC_ONLY;NOT_AN_ACCEPTANCE_OR_SAFETY_CRITERION
2011-09-11 00:00:00,20110911T000000_C02,20110911T000000_C02_K3,3,VMAX / bus 13,52,RAY:350.000000:BASE,VMAX_BUS_13,VMAX,13,RAY,349.99999999998,1725.22140713,-486.153142305,1801.42256962894,0.157260813185623,52.4940220570753,0.0291403155162467,333.802305823727,BRACKET_NORMALIZATION_IS_DIAGNOSTIC_ONLY;NOT_AN_ACCEPTANCE_OR_SAFETY_CRITERION
2011-09-11 00:00:00,20110911T000000_C02,20110911T000000_C02_K4,4,VMAX / bus 13,1,AXIS:P13_POSITIVE:AXIS,VMAX_BUS_13,VMAX,13,AXIS,1.12430626716782,1564.0625,0,1585.94001115873,0.15625,0.256727489144623,0.000161877175264058,1.64305593052559,BRACKET_NORMALIZATION_IS_DIAGNOSTIC_ONLY;NOT_AN_ACCEPTANCE_OR_SAFETY_CRITERION
2011-09-11 00:00:00,20110911T000000_C02,20110911T000000_C02_K4,4,VMAX / bus 13,2,RAY:10.000000:BASE,VMAX_BUS_13,VMAX,13,RAY,9.99999999999371,1458.25751068,329.440447604,1526.05889268685,0.314521616676405,3.65264303217878,0.00239351380846631,11.6133290639187,BRACKET_NORMALIZATION_IS_DIAGNOSTIC_ONLY;NOT_AN_ACCEPTANCE_OR_SAFETY_CRITERION
2011-09-11 00:00:00,20110911T000000_C02,20110911T000000_C02_K4,4,VMAX / bus 13,3,RAY:20.000000:BASE,VMAX_BUS_13,VMAX,13,RAY,20.0000000000285,1351.49122428,671.778211953,1548.42812024908,0.328195869058189,7.67483735065023,0.00495653446891398,23.3849297758513,BRACKET_NORMALIZATION_IS_DIAGNOSTIC_ONLY;NOT_AN_ACCEPTANCE_OR_SAFETY_CRITERION
2011-09-11 00:00:00,20110911T000000_C02,20110911T000000_C02_K4,4,VMAX / bus 13,4,RAY:30.000000:BASE,VMAX_BUS_13,VMAX,13,RAY,30.0000000000272,1249.50627643,1007.34073639,1649.67286179402,0.174052849363297,2.8778711005388,0.00174451017967836,16.5344670372611,BRACKET_NORMALIZATION_IS_DIAGNOSTIC_ONLY;NOT_AN_ACCEPTANCE_OR_SAFETY_CRITERION
2011-09-11 00:00:00,20110911T000000_C02,20110911T000000_C02_K4,4,VMAX / bus 13,49,RAY:335.000000:ADAPTIVE,VMAX_BUS_13,VMAX,13,RAY,334.999999999963,2061.24067837,-1436.961628,2505.07728861449,0.337565996076199,18.535108123212,0.00739901647244723,54.9081019375781,BRACKET_NORMALIZATION_IS_DIAGNOSTIC_ONLY;NOT_AN_ACCEPTANCE_OR_SAFETY_CRITERION
2011-09-11 00:00:00,20110911T000000_C02,20110911T000000_C02_K4,4,VMAX / bus 13,50,RAY:340.000000:BASE,VMAX_BUS_13,VMAX,13,RAY,339.999999999988,1924.38810233,-1059.97262086,2194.64579061899,0.328195868595539,11.7895361954434,0.00537195398265988,35.9222565655528,BRACKET_NORMALIZATION_IS_DIAGNOSTIC_ONLY;NOT_AN_ACCEPTANCE_OR_SAFETY_CRITERION
2011-09-11 00:00:00,20110911T000000_C02,20110911T000000_C02_K4,4,VMAX / bus 13,51,RAY:345.000000:ADAPTIVE,VMAX_BUS_13,VMAX,13,RAY,345.000000000033,1815.70498196,-750.34895325,1967.85974044294,0.320393961439846,3.39189834674463,0.00172364842729145,10.5866487979408,BRACKET_NORMALIZATION_IS_DIAGNOSTIC_ONLY;NOT_AN_ACCEPTANCE_OR_SAFETY_CRITERION
2011-09-11 00:00:00,20110911T000000_C02,20110911T000000_C02_K5,5,VMAX / bus 13,0,RAY:0.000000:BASE,VMAX_BUS_13,VMAX,13,RAY,0,1578.61517334,-44.609375,1599.86517334,0.154815670000062,0.225669841265063,0.000141055537070001,1.45766795612468,BRACKET_NORMALIZATION_IS_DIAGNOSTIC_ONLY;NOT_AN_ACCEPTANCE_OR_SAFETY_CRITERION
2011-09-11 00:00:00,20110911T000000_C02,20110911T000000_C02_K5,5,VMAX / bus 13,3,RAY:20.000000:BASE,VMAX_BUS_13,VMAX,13,RAY,20.0000000000285,1351.49122428,671.778211953,1548.42812024908,0.328195869058189,3.07293512166235,0.00198455135338671,9.36311334594379,BRACKET_NORMALIZATION_IS_DIAGNOSTIC_ONLY;NOT_AN_ACCEPTANCE_OR_SAFETY_CRITERION
2011-09-11 00:00:00,20110911T000000_C02,20110911T000000_C02_K5,5,VMAX / bus 13,4,RAY:30.000000:BASE,VMAX_BUS_13,VMAX,13,RAY,30.0000000000272,1249.50627643,1007.34073639,1649.67286179402,0.174052849363297,2.87787110053807,0.00174451017967792,16.5344670372569,BRACKET_NORMALIZATION_IS_DIAGNOSTIC_ONLY;NOT_AN_ACCEPTANCE_OR_SAFETY_CRITERION
2011-09-11 00:00:00,20110911T000000_C02,20110911T000000_C02_K5,5,VMAX / bus 13,49,RAY:335.000000:ADAPTIVE,VMAX_BUS_13,VMAX,13,RAY,334.999999999963,2061.24067837,-1436.961628,2505.07728861449,0.337565996076199,16.1946049596649,0.00646471269899296,47.9746335469444,BRACKET_NORMALIZATION_IS_DIAGNOSTIC_ONLY;NOT_AN_ACCEPTANCE_OR_SAFETY_CRITERION
2011-09-11 00:00:00,20110911T000000_C02,20110911T000000_C02_K5,5,VMAX / bus 13,50,RAY:340.000000:BASE,VMAX_BUS_13,VMAX,13,RAY,339.999999999988,1924.38810233,-1059.97262086,2194.64579061899,0.328195868595539,3.62746557525266,0.00165287063213493,11.0527460043169,BRACKET_NORMALIZATION_IS_DIAGNOSTIC_ONLY;NOT_AN_ACCEPTANCE_OR_SAFETY_CRITERION
2011-09-30 05:30:00,20110930T053000_C02,20110930T053000_C02_K3,3,VMAX / bus 13,0,RAY:0.000000:BASE,VMAX_BUS_13,VMAX,13,RAY,0,1531.96487427,-158.75,1635.24612427,0.309295649999967,29.4846666993448,0.018030721040545,95.3284234658585,BRACKET_NORMALIZATION_IS_DIAGNOSTIC_ONLY;NOT_AN_ACCEPTANCE_OR_SAFETY_CRITERION
2011-09-30 05:30:00,20110930T053000_C02,20110930T053000_C02_K3,3,VMAX / bus 13,1,AXIS:P13_POSITIVE:AXIS,VMAX_BUS_13,VMAX,13,AXIS,4.00150347789985,1480.3125,0,1591.53093829151,0.3125,23.1398487403765,0.0145393646982551,74.0475159692047,BRACKET_NORMALIZATION_IS_DIAGNOSTIC_ONLY;NOT_AN_ACCEPTANCE_OR_SAFETY_CRITERION
2011-09-30 05:30:00,20110930T053000_C02,20110930T053000_C02_K3,3,VMAX / bus 13,2,RAY:10.000000:BASE,VMAX_BUS_13,VMAX,13,RAY,10.0000000000314,1408.73705832,223.315926557,1559.54279740273,0.314170589280054,15.982132931232,0.0102479604649829,50.8708754942857,BRACKET_NORMALIZATION_IS_DIAGNOSTIC_ONLY;NOT_AN_ACCEPTANCE_OR_SAFETY_CRITERION
2011-09-30 05:30:00,20110930T053000_C02,20110930T053000_C02_K3,3,VMAX / bus 13,3,RAY:20.000000:BASE,VMAX_BUS_13,VMAX,13,RAY,19.999999999963,1299.36111507,572.852713336,1581.97602208433,0.327802736007114,8.05960755012722,0.00509464583382768,24.5867610755766,BRACKET_NORMALIZATION_IS_DIAGNOSTIC_ONLY;NOT_AN_ACCEPTANCE_OR_SAFETY_CRITERION
2011-09-30 05:30:00,20110930T053000_C02,20110930T053000_C02_K3,3,VMAX / bus 13,4,RAY:30.000000:BASE,VMAX_BUS_13,VMAX,13,RAY,29.9999999999817,1195.02596174,915.43560791,1685.07457885313,0.347653097425451,2.98669933068623,0.00177244340883653,8.59103328232733,BRACKET_NORMALIZATION_IS_DIAGNOSTIC_ONLY;NOT_AN_ACCEPTANCE_OR_SAFETY_CRITERION
2011-09-30 05:30:00,20110930T053000_C02,20110930T053000_C02_K3,3,VMAX / bus 13,49,RAY:340.000000:BASE,VMAX_BUS_13,VMAX,13,RAY,340.000000000073,1887.62223129,-1197.18319236,2245.44876735311,0.327802737857089,8.86466495064101,0.00394783665498211,27.0426812435768,BRACKET_NORMALIZATION_IS_DIAGNOSTIC_ONLY;NOT_AN_ACCEPTANCE_OR_SAFETY_CRITERION
2011-09-30 05:30:00,20110930T053000_C02,20110930T053000_C02_K3,3,VMAX / bus 13,50,RAY:345.000000:ADAPTIVE,VMAX_BUS_13,VMAX,13,RAY,344.999999999959,1775.59938753,-880.213111689,2012.6354542274,0.320024718035988,18.9622046451984,0.00942157935525267,59.252312638757,BRACKET_NORMALIZATION_IS_DIAGNOSTIC_ONLY;NOT_AN_ACCEPTANCE_OR_SAFETY_CRITERION
2011-09-30 05:30:00,20110930T053000_C02,20110930T053000_C02_K3,3,VMAX / bus 13,51,RAY:350.000000:BASE,VMAX_BUS_13,VMAX,13,RAY,350.000000000017,1682.56954406,-610.009574416,1841.98215576233,0.314170589280061,28.6360854693877,0.0155463424983812,91.1482056134179,BRACKET_NORMALIZATION_IS_DIAGNOSTIC_ONLY;NOT_AN_ACCEPTANCE_OR_SAFETY_CRITERION
2011-09-30 05:30:00,20110930T053000_C02,20110930T053000_C02_K4,4,VMAX / bus 13,2,RAY:10.000000:BASE,VMAX_BUS_13,VMAX,13,RAY,10.0000000000314,1408.73705832,223.315926557,1559.54279740273,0.314170589280054,1.03380029284057,0.000662886773330151,3.2905699263881,BRACKET_NORMALIZATION_IS_DIAGNOSTIC_ONLY;NOT_AN_ACCEPTANCE_OR_SAFETY_CRITERION
2011-09-30 05:30:00,20110930T053000_C02,20110930T053000_C02_K4,4,VMAX / bus 13,3,RAY:20.000000:BASE,VMAX_BUS_13,VMAX,13,RAY,19.999999999963,1299.36111507,572.852713336,1581.97602208433,0.327802736007114,5.24273503712635,0.00331404203599672,15.9935670488503,BRACKET_NORMALIZATION_IS_DIAGNOSTIC_ONLY;NOT_AN_ACCEPTANCE_OR_SAFETY_CRITERION
2011-09-30 05:30:00,20110930T053000_C02,20110930T053000_C02_K4,4,VMAX / bus 13,4,RAY:30.000000:BASE,VMAX_BUS_13,VMAX,13,RAY,29.9999999999817,1195.02596174,915.43560791,1685.07457885313,0.347653097425451,2.98669933068511,0.00177244340883587,8.5910332823241,BRACKET_NORMALIZATION_IS_DIAGNOSTIC_ONLY;NOT_AN_ACCEPTANCE_OR_SAFETY_CRITERION
2011-09-30 05:30:00,20110930T053000_C02,20110930T053000_C02_K4,4,VMAX / bus 13,49,RAY:340.000000:BASE,VMAX_BUS_13,VMAX,13,RAY,340.000000000073,1887.62223129,-1197.18319236,2245.44876735311,0.327802737857089,8.86466495064027,0.00394783665498177,27.0426812435745,BRACKET_NORMALIZATION_IS_DIAGNOSTIC_ONLY;NOT_AN_ACCEPTANCE_OR_SAFETY_CRITERION
2011-09-30 05:30:00,20110930T053000_C02,20110930T053000_C02_K4,4,VMAX / bus 13,50,RAY:345.000000:ADAPTIVE,VMAX_BUS_13,VMAX,13,RAY,344.999999999959,1775.59938753,-880.213111689,2012.6354542274,0.320024718035988,10.8856461644648,0.00540865269048119,34.0150168126722,BRACKET_NORMALIZATION_IS_DIAGNOSTIC_ONLY;NOT_AN_ACCEPTANCE_OR_SAFETY_CRITERION
2011-09-30 05:30:00,20110930T053000_C02,20110930T053000_C02_K4,4,VMAX / bus 13,51,RAY:350.000000:BASE,VMAX_BUS_13,VMAX,13,RAY,350.000000000017,1682.56954406,-610.009574416,1841.98215576233,0.314170589280061,4.24656879955594,0.00230543427702123,13.5167610987623,BRACKET_NORMALIZATION_IS_DIAGNOSTIC_ONLY;NOT_AN_ACCEPTANCE_OR_SAFETY_CRITERION
2011-09-30 05:30:00,20110930T053000_C02,20110930T053000_C02_K5,5,VMAX / bus 13,0,RAY:0.000000:BASE,VMAX_BUS_13,VMAX,13,RAY,0,1531.96487427,-158.75,1635.24612427,0.309295649999967,3.67295740151131,0.0022461190074069,11.8752313571552,BRACKET_NORMALIZATION_IS_DIAGNOSTIC_ONLY;NOT_AN_ACCEPTANCE_OR_SAFETY_CRITERION
2011-09-30 05:30:00,20110930T053000_C02,20110930T053000_C02_K5,5,VMAX / bus 13,1,AXIS:P13_POSITIVE:AXIS,VMAX_BUS_13,VMAX,13,AXIS,4.00150347789985,1480.3125,0,1591.53093829151,0.3125,1.65278511028098,0.00103848757854197,5.28891235289914,BRACKET_NORMALIZATION_IS_DIAGNOSTIC_ONLY;NOT_AN_ACCEPTANCE_OR_SAFETY_CRITERION
2011-09-30 05:30:00,20110930T053000_C02,20110930T053000_C02_K5,5,VMAX / bus 13,4,RAY:30.000000:BASE,VMAX_BUS_13,VMAX,13,RAY,29.9999999999817,1195.02596174,915.43560791,1685.07457885313,0.347653097425451,2.95355454163498,0.00175277378146976,8.49569459759617,BRACKET_NORMALIZATION_IS_DIAGNOSTIC_ONLY;NOT_AN_ACCEPTANCE_OR_SAFETY_CRITERION
2011-09-30 05:30:00,20110930T053000_C02,20110930T053000_C02_K5,5,VMAX / bus 13,49,RAY:340.000000:BASE,VMAX_BUS_13,VMAX,13,RAY,340.000000000073,1887.62223129,-1197.18319236,2245.44876735311,0.327802737857089,3.97501909284594,0.00177025597316638,12.1262534865676,BRACKET_NORMALIZATION_IS_DIAGNOSTIC_ONLY;NOT_AN_ACCEPTANCE_OR_SAFETY_CRITERION
2011-09-30 11:30:00,20110930T113000_C02,20110930T113000_C02_K3,3,VMAX / bus 13,0,RAY:0.000000:BASE,VMAX_BUS_13,VMAX,13,RAY,0,1570.42871094,-64.0625,1605.74121094,0.309570310000026,28.7949358589687,0.0179324885372483,93.0158187940125,BRACKET_NORMALIZATION_IS_DIAGNOSTIC_ONLY;NOT_AN_ACCEPTANCE_OR_SAFETY_CRITERION
2011-09-30 11:30:00,20110930T113000_C02,20110930T113000_C02_K3,3,VMAX / bus 13,1,AXIS:P13_POSITIVE:AXIS,VMAX_BUS_13,VMAX,13,AXIS,1.6147586478818,1549.6875,0,1586.29411015305,0.3125,26.242636027718,0.0165433609440724,83.9764352886976,BRACKET_NORMALIZATION_IS_DIAGNOSTIC_ONLY;NOT_AN_ACCEPTANCE_OR_SAFETY_CRITERION
2011-09-30 11:30:00,20110930T113000_C02,20110930T113000_C02_K3,3,VMAX / bus 13,2,RAY:10.000000:BASE,VMAX_BUS_13,VMAX,13,RAY,9.99999999998779,1449.84827843,311.400259586,1531.88603414965,0.157229397018657,15.8465842408832,0.0103444929241617,100.786395809957,BRACKET_NORMALIZATION_IS_DIAGNOSTIC_ONLY;NOT_AN_ACCEPTANCE_OR_SAFETY_CRITERION
2011-09-30 11:30:00,20110930T113000_C02,20110930T113000_C02_K3,3,VMAX / bus 13,3,RAY:20.000000:BASE,VMAX_BUS_13,VMAX,13,RAY,19.9999999999846,1342.53979412,654.961119949,1554.17885407578,0.164064062442348,8.0829135237395,0.00520076148413828,49.2668132399795,BRACKET_NORMALIZATION_IS_DIAGNOSTIC_ONLY;NOT_AN_ACCEPTANCE_OR_SAFETY_CRITERION
2011-09-30 11:30:00,20110930T113000_C02,20110930T113000_C02_K3,3,VMAX / bus 13,4,RAY:30.000000:BASE,VMAX_BUS_13,VMAX,13,RAY,29.9999999999309,1240.01900598,991.629150391,1655.5830727724,0.348030913285262,2.93990780289813,0.00177575372160277,8.44726054690564,BRACKET_NORMALIZATION_IS_DIAGNOSTIC_ONLY;NOT_AN_ACCEPTANCE_OR_SAFETY_CRITERION
2011-09-30 11:30:00,20110930T113000_C02,20110930T113000_C02_K3,3,VMAX / bus 13,49,RAY:335.000000:ADAPTIVE,VMAX_BUS_13,VMAX,13,RAY,334.999999999927,2055.46521913,-1461.89468722,2515.01218574358,0.337494927143312,18.8834094130629,0.00750827750263161,55.9516836975873,BRACKET_NORMALIZATION_IS_DIAGNOSTIC_ONLY;NOT_AN_ACCEPTANCE_OR_SAFETY_CRITERION
2011-09-30 11:30:00,20110930T113000_C02,20110930T113000_C02_K3,3,VMAX / bus 13,50,RAY:340.000000:BASE,VMAX_BUS_13,VMAX,13,RAY,340.000000000046,1918.08730049,-1083.43199392,2203.38034521711,0.328128124884696,37.5587599297197,0.017045972117909,114.463702076492,BRACKET_NORMALIZATION_IS_DIAGNOSTIC_ONLY;NOT_AN_ACCEPTANCE_OR_SAFETY_CRITERION
2011-09-30 11:30:00,20110930T113000_C02,20110930T113000_C02_K3,3,VMAX / bus 13,51,RAY:345.000000:ADAPTIVE,VMAX_BUS_13,VMAX,13,RAY,345.000000000014,1808.75592668,-772.504189205,1975.46905551104,0.320329018498263,53.2487038197104,0.0269549673132872,166.23128328912,BRACKET_NORMALIZATION_IS_DIAGNOSTIC_ONLY;NOT_AN_ACCEPTANCE_OR_SAFETY_CRITERION
2011-09-30 11:30:00,20110930T113000_C02,20110930T113000_C02_K3,3,VMAX / bus 13,52,RAY:350.000000:BASE,VMAX_BUS_13,VMAX,13,RAY,350.000000000018,1717.9790194,-507.311259187,1808.45254693641,0.314458794037299,53.9925985490711,0.029855689960202,171.700075090496,BRACKET_NORMALIZATION_IS_DIAGNOSTIC_ONLY;NOT_AN_ACCEPTANCE_OR_SAFETY_CRITERION
2011-09-30 11:30:00,20110930T113000_C02,20110930T113000_C02_K4,4,VMAX / bus 13,1,AXIS:P13_POSITIVE:AXIS,VMAX_BUS_13,VMAX,13,AXIS,1.6147586478818,1549.6875,0,1586.29411015305,0.3125,0.576869655777778,0.000363658701173719,1.84598289848889,BRACKET_NORMALIZATION_IS_DIAGNOSTIC_ONLY;NOT_AN_ACCEPTANCE_OR_SAFETY_CRITERION
2011-09-30 11:30:00,20110930T113000_C02,20110930T113000_C02_K4,4,VMAX / bus 13,2,RAY:10.000000:BASE,VMAX_BUS_13,VMAX,13,RAY,9.99999999998779,1449.84827843,311.400259586,1531.88603414965,0.157229397018657,4.19091502738371,0.00273578773744099,26.6547802564327,BRACKET_NORMALIZATION_IS_DIAGNOSTIC_ONLY;NOT_AN_ACCEPTANCE_OR_SAFETY_CRITERION
2011-09-30 11:30:00,20110930T113000_C02,20110930T113000_C02_K4,4,VMAX / bus 13,3,RAY:20.000000:BASE,VMAX_BUS_13,VMAX,13,RAY,19.9999999999846,1342.53979412,654.961119949,1554.17885407578,0.164064062442348,8.08291352373847,0.00520076148413762,49.2668132399732,BRACKET_NORMALIZATION_IS_DIAGNOSTIC_ONLY;NOT_AN_ACCEPTANCE_OR_SAFETY_CRITERION
2011-09-30 11:30:00,20110930T113000_C02,20110930T113000_C02_K4,4,VMAX / bus 13,4,RAY:30.000000:BASE,VMAX_BUS_13,VMAX,13,RAY,29.9999999999309,1240.01900598,991.629150391,1655.5830727724,0.348030913285262,2.93990780289739,0.00177575372160232,8.44726054690352,BRACKET_NORMALIZATION_IS_DIAGNOSTIC_ONLY;NOT_AN_ACCEPTANCE_OR_SAFETY_CRITERION
2011-09-30 11:30:00,20110930T113000_C02,20110930T113000_C02_K4,4,VMAX / bus 13,49,RAY:335.000000:ADAPTIVE,VMAX_BUS_13,VMAX,13,RAY,334.999999999927,2055.46521913,-1461.89468722,2515.01218574358,0.337494927143312,18.8834094130671,0.00750827750263328,55.9516836975997,BRACKET_NORMALIZATION_IS_DIAGNOSTIC_ONLY;NOT_AN_ACCEPTANCE_OR_SAFETY_CRITERION
2011-09-30 11:30:00,20110930T113000_C02,20110930T113000_C02_K4,4,VMAX / bus 13,50,RAY:340.000000:BASE,VMAX_BUS_13,VMAX,13,RAY,340.000000000046,1918.08730049,-1083.43199392,2203.38034521711,0.328128124884696,11.3673390988367,0.00515904533845546,34.6429892373024,BRACKET_NORMALIZATION_IS_DIAGNOSTIC_ONLY;NOT_AN_ACCEPTANCE_OR_SAFETY_CRITERION
2011-09-30 11:30:00,20110930T113000_C02,20110930T113000_C02_K4,4,VMAX / bus 13,51,RAY:345.000000:ADAPTIVE,VMAX_BUS_13,VMAX,13,RAY,345.000000000014,1808.75592668,-772.504189205,1975.46905551104,0.320329018498263,3.06900208860416,0.00155355614406738,9.58078073286016,BRACKET_NORMALIZATION_IS_DIAGNOSTIC_ONLY;NOT_AN_ACCEPTANCE_OR_SAFETY_CRITERION
2011-09-30 11:30:00,20110930T113000_C02,20110930T113000_C02_K5,5,VMAX / bus 13,0,RAY:0.000000:BASE,VMAX_BUS_13,VMAX,13,RAY,0,1570.42871094,-64.0625,1605.74121094,0.309570310000026,0.20188916701156,0.000125729579359413,0.652159333404884,BRACKET_NORMALIZATION_IS_DIAGNOSTIC_ONLY;NOT_AN_ACCEPTANCE_OR_SAFETY_CRITERION
2011-09-30 11:30:00,20110930T113000_C02,20110930T113000_C02_K5,5,VMAX / bus 13,3,RAY:20.000000:BASE,VMAX_BUS_13,VMAX,13,RAY,19.9999999999846,1342.53979412,654.961119949,1554.17885407578,0.164064062442348,2.74609897111194,0.00176691309620536,16.7379676586816,BRACKET_NORMALIZATION_IS_DIAGNOSTIC_ONLY;NOT_AN_ACCEPTANCE_OR_SAFETY_CRITERION
2011-09-30 11:30:00,20110930T113000_C02,20110930T113000_C02_K5,5,VMAX / bus 13,4,RAY:30.000000:BASE,VMAX_BUS_13,VMAX,13,RAY,29.9999999999309,1240.01900598,991.629150391,1655.5830727724,0.348030913285262,2.93990780289868,0.0017757537216031,8.44726054690722,BRACKET_NORMALIZATION_IS_DIAGNOSTIC_ONLY;NOT_AN_ACCEPTANCE_OR_SAFETY_CRITERION
2011-09-30 11:30:00,20110930T113000_C02,20110930T113000_C02_K5,5,VMAX / bus 13,49,RAY:335.000000:ADAPTIVE,VMAX_BUS_13,VMAX,13,RAY,334.999999999927,2055.46521913,-1461.89468722,2515.01218574358,0.337494927143312,16.7336054564828,0.00665348881859806,49.5817984528612,BRACKET_NORMALIZATION_IS_DIAGNOSTIC_ONLY;NOT_AN_ACCEPTANCE_OR_SAFETY_CRITERION
2011-09-30 11:30:00,20110930T113000_C02,20110930T113000_C02_K5,5,VMAX / bus 13,50,RAY:340.000000:BASE,VMAX_BUS_13,VMAX,13,RAY,340.000000000046,1918.08730049,-1083.43199392,2203.38034521711,0.328128124884696,3.98139292997329,0.00180694764688072,12.1336533751026,BRACKET_NORMALIZATION_IS_DIAGNOSTIC_ONLY;NOT_AN_ACCEPTANCE_OR_SAFETY_CRITERION
2011-11-14 17:30:00,20111114T173000_C01,20111114T173000_C01_K3,3,VMAX / bus 30,8,RAY:70.000000:BASE,VMAX_BUS_30,VMAX,30,RAY,70.0000000001548,1096.90823876,2682.7123444,1861.77551548713,0.436012998740681,0.966844664762441,0.000519313234447316,2.21746752403011,BRACKET_NORMALIZATION_IS_DIAGNOSTIC_ONLY;NOT_AN_ACCEPTANCE_OR_SAFETY_CRITERION
2011-11-14 17:30:00,20111114T173000_C01,20111114T173000_C01_K3,3,VMAX / bus 30,9,RAY:80.000000:BASE,VMAX_BUS_30,VMAX,30,RAY,80.0000000000015,873.594408126,2779.12058307,1915.65451101745,0.446331432491482,4.25074790001967,0.00221895330059385,9.52374757989018,BRACKET_NORMALIZATION_IS_DIAGNOSTIC_ONLY;NOT_AN_ACCEPTANCE_OR_SAFETY_CRITERION
2011-11-14 17:30:00,20111114T173000_C01,20111114T173000_C01_K3,3,VMAX / bus 30,10,RAY:90.000000:BASE,VMAX_BUS_30,VMAX,30,RAY,90,640.859375,2882.23071289,2004.57446289,0.449859619999643,10.6106473210258,0.00529321684849182,23.5865742318331,BRACKET_NORMALIZATION_IS_DIAGNOSTIC_ONLY;NOT_AN_ACCEPTANCE_OR_SAFETY_CRITERION
2011-11-14 17:30:00,20111114T173000_C01,20111114T173000_C01_K3,3,VMAX / bus 30,11,RAY:100.000000:BASE,VMAX_BUS_30,VMAX,30,RAY,100.000000000006,381.01168657,3000.63320342,2138.8202275869,0.446331432370444,22.06698813187,0.0103173646140269,49.4408113151999,BRACKET_NORMALIZATION_IS_DIAGNOSTIC_ONLY;NOT_AN_ACCEPTANCE_OR_SAFETY_CRITERION
2011-11-14 17:30:00,20111114T173000_C01,20111114T173000_C01_K3,3,VMAX / bus 30,12,RAY:105.000000:ADAPTIVE,VMAX_BUS_30,VMAX,30,RAY,104.999999999972,233.113834851,3069.86526776,2229.80644968564,0.441983434796602,31.3345505005405,0.0140525876158256,70.895305193871,BRACKET_NORMALIZATION_IS_DIAGNOSTIC_ONLY;NOT_AN_ACCEPTANCE_OR_SAFETY_CRITERION
2011-11-14 17:30:00,20111114T173000_C01,20111114T173000_C01_K3,3,VMAX / bus 30,13,RAY:110.000000:BASE,VMAX_BUS_30,VMAX,30,RAY,110.00000000002,67.1135913615,3148.56054487,2342.26184289929,0.436013006623673,43.7759042894361,0.0186895860606471,100.400455088303,BRACKET_NORMALIZATION_IS_DIAGNOSTIC_ONLY;NOT_AN_ACCEPTANCE_OR_SAFETY_CRITERION
2011-11-14 17:30:00,20111114T173000_C01,20111114T173000_C01_K3,3,VMAX / bus 30,14,AXIS:P30_POSITIVE:AXIS,VMAX_BUS_30,VMAX,30,AXIS,111.842427758131,0,3180.9375,2390.77503231211,0.3125,49.7797483521213,0.0208215945370567,159.295194726788,BRACKET_NORMALIZATION_IS_DIAGNOSTIC_ONLY;NOT_AN_ACCEPTANCE_OR_SAFETY_CRITERION
2011-11-14 17:30:00,20111114T173000_C01,20111114T173000_C01_K3,3,VMAX / bus 30,15,RAY:115.000000:ADAPTIVE,VMAX_BUS_30,VMAX,30,RAY,115.000000000022,-124.311249518,3241.56622767,2484.66425642441,0.42853816467247,60.6481405217547,0.024408988202306,141.523312324138,BRACKET_NORMALIZATION_IS_DIAGNOSTIC_ONLY;NOT_AN_ACCEPTANCE_OR_SAFETY_CRITERION
2011-11-14 17:30:00,20111114T173000_C01,20111114T173000_C01_K3,3,VMAX / bus 30,16,RAY:120.000000:BASE,VMAX_BUS_30,VMAX,30,RAY,120.000000000025,-351.850509644,3354.66856915,2668.53198299941,0.83942497413164,41.3626920849794,0.0155001672636833,49.275031550935,BRACKET_NORMALIZATION_IS_DIAGNOSTIC_ONLY;NOT_AN_ACCEPTANCE_OR_SAFETY_CRITERION
2011-11-14 17:30:00,20111114T173000_C01,20111114T173000_C01_K3,3,VMAX / bus 30,17,RAY:125.000000:ADAPTIVE,VMAX_BUS_30,VMAX,30,RAY,124.999999999984,-633.697028119,3499.92663413,2915.61245576584,0.819452626395539,20.276726298966,0.00695453411816349,24.7442324862093,BRACKET_NORMALIZATION_IS_DIAGNOSTIC_ONLY;NOT_AN_ACCEPTANCE_OR_SAFETY_CRITERION
2011-11-14 17:30:00,20111114T173000_C01,20111114T173000_C01_K4,4,VMAX / bus 30,8,RAY:70.000000:BASE,VMAX_BUS_30,VMAX,30,RAY,70.0000000001548,1096.90823876,2682.7123444,1861.77551548713,0.436012998740681,0.966844664761614,0.000519313234446872,2.21746752402821,BRACKET_NORMALIZATION_IS_DIAGNOSTIC_ONLY;NOT_AN_ACCEPTANCE_OR_SAFETY_CRITERION
2011-11-14 17:30:00,20111114T173000_C01,20111114T173000_C01_K4,4,VMAX / bus 30,9,RAY:80.000000:BASE,VMAX_BUS_30,VMAX,30,RAY,80.0000000000015,873.594408126,2779.12058307,1915.65451101745,0.446331432491482,4.25074790001839,0.00221895330059318,9.52374757988732,BRACKET_NORMALIZATION_IS_DIAGNOSTIC_ONLY;NOT_AN_ACCEPTANCE_OR_SAFETY_CRITERION
2011-11-14 17:30:00,20111114T173000_C01,20111114T173000_C01_K4,4,VMAX / bus 30,10,RAY:90.000000:BASE,VMAX_BUS_30,VMAX,30,RAY,90,640.859375,2882.23071289,2004.57446289,0.449859619999643,5.66424757676559,0.00282566084803826,12.5911447148115,BRACKET_NORMALIZATION_IS_DIAGNOSTIC_ONLY;NOT_AN_ACCEPTANCE_OR_SAFETY_CRITERION
2011-11-14 17:30:00,20111114T173000_C01,20111114T173000_C01_K4,4,VMAX / bus 30,11,RAY:100.000000:BASE,VMAX_BUS_30,VMAX,30,RAY,100.000000000006,381.01168657,3000.63320342,2138.8202275869,0.446331432370444,0.942742450459779,0.000440776853659841,2.11220268636005,BRACKET_NORMALIZATION_IS_DIAGNOSTIC_ONLY;NOT_AN_ACCEPTANCE_OR_SAFETY_CRITERION
2011-11-14 17:30:00,20111114T173000_C01,20111114T173000_C01_K4,4,VMAX / bus 30,14,AXIS:P30_POSITIVE:AXIS,VMAX_BUS_30,VMAX,30,AXIS,111.842427758131,0,3180.9375,2390.77503231211,0.3125,0.670311806014614,0.000280374270667516,2.14499777924676,BRACKET_NORMALIZATION_IS_DIAGNOSTIC_ONLY;NOT_AN_ACCEPTANCE_OR_SAFETY_CRITERION
2011-11-14 17:30:00,20111114T173000_C01,20111114T173000_C01_K4,4,VMAX / bus 30,15,RAY:115.000000:ADAPTIVE,VMAX_BUS_30,VMAX,30,RAY,115.000000000022,-124.311249518,3241.56622767,2484.66425642441,0.42853816467247,2.8028501374969,0.00112805991000586,6.54049129939012,BRACKET_NORMALIZATION_IS_DIAGNOSTIC_ONLY;NOT_AN_ACCEPTANCE_OR_SAFETY_CRITERION
2011-11-14 17:30:00,20111114T173000_C01,20111114T173000_C01_K4,4,VMAX / bus 30,16,RAY:120.000000:BASE,VMAX_BUS_30,VMAX,30,RAY,120.000000000025,-351.850509644,3354.66856915,2668.53198299941,0.83942497413164,9.96292586929653,0.00373348565157472,11.8687508429242,BRACKET_NORMALIZATION_IS_DIAGNOSTIC_ONLY;NOT_AN_ACCEPTANCE_OR_SAFETY_CRITERION
2011-11-14 17:30:00,20111114T173000_C01,20111114T173000_C01_K4,4,VMAX / bus 30,17,RAY:125.000000:ADAPTIVE,VMAX_BUS_30,VMAX,30,RAY,124.999999999984,-633.697028119,3499.92663413,2915.61245576584,0.819452626395539,20.2767262989673,0.00695453411816394,24.7442324862109,BRACKET_NORMALIZATION_IS_DIAGNOSTIC_ONLY;NOT_AN_ACCEPTANCE_OR_SAFETY_CRITERION
2011-11-14 17:30:00,20111114T173000_C01,20111114T173000_C01_K5,5,VMAX / bus 30,8,RAY:70.000000:BASE,VMAX_BUS_30,VMAX,30,RAY,70.0000000001548,1096.90823876,2682.7123444,1861.77551548713,0.436012998740681,0.966844664762648,0.000519313234447427,2.21746752403058,BRACKET_NORMALIZATION_IS_DIAGNOSTIC_ONLY;NOT_AN_ACCEPTANCE_OR_SAFETY_CRITERION
2011-11-14 17:30:00,20111114T173000_C01,20111114T173000_C01_K5,5,VMAX / bus 30,9,RAY:80.000000:BASE,VMAX_BUS_30,VMAX,30,RAY,80.0000000000015,873.594408126,2779.12058307,1915.65451101745,0.446331432491482,2.80373490002024,0.00146359110366467,6.2817330259924,BRACKET_NORMALIZATION_IS_DIAGNOSTIC_ONLY;NOT_AN_ACCEPTANCE_OR_SAFETY_CRITERION
2011-11-14 17:30:00,20111114T173000_C01,20111114T173000_C01_K5,5,VMAX / bus 30,12,RAY:105.000000:ADAPTIVE,VMAX_BUS_30,VMAX,30,RAY,104.999999999972,233.113834851,3069.86526776,2229.80644968564,0.441983434796602,2.04571026911761,0.000917438493105993,4.62847724159399,BRACKET_NORMALIZATION_IS_DIAGNOSTIC_ONLY;NOT_AN_ACCEPTANCE_OR_SAFETY_CRITERION
2011-11-14 17:30:00,20111114T173000_C01,20111114T173000_C01_K5,5,VMAX / bus 30,13,RAY:110.000000:BASE,VMAX_BUS_30,VMAX,30,RAY,110.00000000002,67.1135913615,3148.56054487,2342.26184289929,0.436013006623673,0.418195475428611,0.000178543435140011,0.95913532182667,BRACKET_NORMALIZATION_IS_DIAGNOSTIC_ONLY;NOT_AN_ACCEPTANCE_OR_SAFETY_CRITERION
2011-11-14 17:30:00,20111114T173000_C01,20111114T173000_C01_K5,5,VMAX / bus 30,16,RAY:120.000000:BASE,VMAX_BUS_30,VMAX,30,RAY,120.000000000025,-351.850509644,3354.66856915,2668.53198299941,0.83942497413164,2.84889237631078,0.00106758787020744,3.39386182697016,BRACKET_NORMALIZATION_IS_DIAGNOSTIC_ONLY;NOT_AN_ACCEPTANCE_OR_SAFETY_CRITERION
2011-11-14 17:30:00,20111114T173000_C01,20111114T173000_C01_K5,5,VMAX / bus 30,17,RAY:125.000000:ADAPTIVE,VMAX_BUS_30,VMAX,30,RAY,124.999999999984,-633.697028119,3499.92663413,2915.61245576584,0.819452626395539,14.4629213306363,0.0049605088296405,17.6494904827546,BRACKET_NORMALIZATION_IS_DIAGNOSTIC_ONLY;NOT_AN_ACCEPTANCE_OR_SAFETY_CRITERION
2011-11-14 17:30:00,20111114T173000_C02,20111114T173000_C02_K3,3,VMAX / bus 13,0,RAY:0.000000:BASE,VMAX_BUS_13,VMAX,13,RAY,0,1951.46125793,877.65625,1310.60188293,0.312271119999878,19.480237536058,0.0148635812215588,62.3824500199238,BRACKET_NORMALIZATION_IS_DIAGNOSTIC_ONLY;NOT_AN_ACCEPTANCE_OR_SAFETY_CRITERION
2011-11-14 17:30:00,20111114T173000_C02,20111114T173000_C02_K3,3,VMAX / bus 13,1,RAY:10.000000:BASE,VMAX_BUS_13,VMAX,13,RAY,10.0000000000423,1854.97604289,1186.06336252,1252.67483023378,0.317293524342186,10.8345149570025,0.00864910405757935,34.1466627138537,BRACKET_NORMALIZATION_IS_DIAGNOSTIC_ONLY;NOT_AN_ACCEPTANCE_OR_SAFETY_CRITERION
2011-11-14 17:30:00,20111114T173000_C02,20111114T173000_C02_K3,3,VMAX / bus 13,2,RAY:20.000000:BASE,VMAX_BUS_13,VMAX,13,RAY,20.0000000001088,1768.54493482,1468.94427059,1273.30131748922,0.165665011535336,5.69137584207438,0.00446977927683057,34.3547245693483,BRACKET_NORMALIZATION_IS_DIAGNOSTIC_ONLY;NOT_AN_ACCEPTANCE_OR_SAFETY_CRITERION
2011-11-14 17:30:00,20111114T173000_C02,20111114T173000_C02_K3,3,VMAX / bus 13,3,RAY:30.000000:BASE,VMAX_BUS_13,VMAX,13,RAY,30.0000000000916,1685.41348563,1746.44763947,1358.63599556733,0.175875206261189,2.19568776160953,0.00161609715094635,12.484350740995,BRACKET_NORMALIZATION_IS_DIAGNOSTIC_ONLY;NOT_AN_ACCEPTANCE_OR_SAFETY_CRITERION
2011-11-14 17:30:00,20111114T173000_C02,20111114T173000_C02_K3,3,VMAX / bus 13,47,RAY:330.000000:BASE,VMAX_BUS_13,VMAX,13,RAY,330.00000000005,2463.58939588,-638.370666504,2370.79782785919,0.351750418277022,25.2225824498508,0.0106388584270919,71.7059060608898,BRACKET_NORMALIZATION_IS_DIAGNOSTIC_ONLY;NOT_AN_ACCEPTANCE_OR_SAFETY_CRITERION
2011-11-14 17:30:00,20111114T173000_C02,20111114T173000_C02_K3,3,VMAX / bus 13,48,RAY:335.000000:ADAPTIVE,VMAX_BUS_13,VMAX,13,RAY,334.99999999999,2327.62130151,-255.452336001,2032.01891339449,0.681885539350019,46.5690928244635,0.0229176473297041,68.294589248591,BRACKET_NORMALIZATION_IS_DIAGNOSTIC_ONLY;NOT_AN_ACCEPTANCE_OR_SAFETY_CRITERION
2011-11-14 17:30:00,20111114T173000_C02,20111114T173000_C02_K3,3,VMAX / bus 13,49,AXIS:P13_POSITIVE:AXIS,VMAX_BUS_13,VMAX,13,AXIS,339.140854818916,2239.6875,0,1823.87824880256,0.3125,60.3476453161437,0.0330875404406868,193.11246501166,BRACKET_NORMALIZATION_IS_DIAGNOSTIC_ONLY;NOT_AN_ACCEPTANCE_OR_SAFETY_CRITERION
2011-11-14 17:30:00,20111114T173000_C02,20111114T173000_C02_K3,3,VMAX / bus 13,50,RAY:340.000000:BASE,VMAX_BUS_13,VMAX,13,RAY,340.000000000023,2223.37517623,47.8835997194,1786.86286891197,0.331330028364623,62.7216022215958,0.0351015197152691,189.302498572728,BRACKET_NORMALIZATION_IS_DIAGNOSTIC_ONLY;NOT_AN_ACCEPTANCE_OR_SAFETY_CRITERION
2011-11-14 17:30:00,20111114T173000_C02,20111114T173000_C02_K3,3,VMAX / bus 13,51,RAY:345.000000:ADAPTIVE,VMAX_BUS_13,VMAX,13,RAY,345.000000000042,2139.05924985,299.337328542,1605.94384706219,0.323322691893298,50.0783628635372,0.0311831344259934,154.886632207256,BRACKET_NORMALIZATION_IS_DIAGNOSTIC_ONLY;NOT_AN_ACCEPTANCE_OR_SAFETY_CRITERION
2011-11-14 17:30:00,20111114T173000_C02,20111114T173000_C02_K3,3,VMAX / bus 13,52,RAY:350.000000:BASE,VMAX_BUS_13,VMAX,13,RAY,349.999999999983,2067.938503,515.152905105,1472.40059516196,0.158646762663706,35.8330369118001,0.0243364727164203,225.866801882101,BRACKET_NORMALIZATION_IS_DIAGNOSTIC_ONLY;NOT_AN_ACCEPTANCE_OR_SAFETY_CRITERION
2011-11-14 17:30:00,20111114T173000_C02,20111114T173000_C02_K4,4,VMAX / bus 13,0,RAY:0.000000:BASE,VMAX_BUS_13,VMAX,13,RAY,0,1951.46125793,877.65625,1310.60188293,0.312271119999878,2.9835882727217,0.00227650235482002,9.55448032697632,BRACKET_NORMALIZATION_IS_DIAGNOSTIC_ONLY;NOT_AN_ACCEPTANCE_OR_SAFETY_CRITERION
2011-11-14 17:30:00,20111114T173000_C02,20111114T173000_C02_K4,4,VMAX / bus 13,1,RAY:10.000000:BASE,VMAX_BUS_13,VMAX,13,RAY,10.0000000000423,1854.97604289,1186.06336252,1252.67483023378,0.317293524342186,7.74226888802417,0.00618058948831857,24.4009672245139,BRACKET_NORMALIZATION_IS_DIAGNOSTIC_ONLY;NOT_AN_ACCEPTANCE_OR_SAFETY_CRITERION
2011-11-14 17:30:00,20111114T173000_C02,20111114T173000_C02_K4,4,VMAX / bus 13,2,RAY:20.000000:BASE,VMAX_BUS_13,VMAX,13,RAY,20.0000000001088,1768.54493482,1468.94427059,1273.30131748922,0.165665011535336,5.6913758420741,0.00446977927683034,34.3547245693466,BRACKET_NORMALIZATION_IS_DIAGNOSTIC_ONLY;NOT_AN_ACCEPTANCE_OR_SAFETY_CRITERION
2011-11-14 17:30:00,20111114T173000_C02,20111114T173000_C02_K4,4,VMAX / bus 13,3,RAY:30.000000:BASE,VMAX_BUS_13,VMAX,13,RAY,30.0000000000916,1685.41348563,1746.44763947,1358.63599556733,0.175875206261189,2.19568776160923,0.00161609715094613,12.4843507409933,BRACKET_NORMALIZATION_IS_DIAGNOSTIC_ONLY;NOT_AN_ACCEPTANCE_OR_SAFETY_CRITERION
2011-11-14 17:30:00,20111114T173000_C02,20111114T173000_C02_K4,4,VMAX / bus 13,47,RAY:330.000000:BASE,VMAX_BUS_13,VMAX,13,RAY,330.00000000005,2463.58939588,-638.370666504,2370.79782785919,0.351750418277022,25.2225824498577,0.0106388584270948,71.7059060609093,BRACKET_NORMALIZATION_IS_DIAGNOSTIC_ONLY;NOT_AN_ACCEPTANCE_OR_SAFETY_CRITERION
2011-11-14 17:30:00,20111114T173000_C02,20111114T173000_C02_K4,4,VMAX / bus 13,48,RAY:335.000000:ADAPTIVE,VMAX_BUS_13,VMAX,13,RAY,334.99999999999,2327.62130151,-255.452336001,2032.01891339449,0.681885539350019,8.87226038117989,0.00436622923275787,13.011363152879,BRACKET_NORMALIZATION_IS_DIAGNOSTIC_ONLY;NOT_AN_ACCEPTANCE_OR_SAFETY_CRITERION
2011-11-14 17:30:00,20111114T173000_C02,20111114T173000_C02_K4,4,VMAX / bus 13,49,AXIS:P13_POSITIVE:AXIS,VMAX_BUS_13,VMAX,13,AXIS,339.140854818916,2239.6875,0,1823.87824880256,0.3125,2.76228051339624,0.00151450926903141,8.83929764286797,BRACKET_NORMALIZATION_IS_DIAGNOSTIC_ONLY;NOT_AN_ACCEPTANCE_OR_SAFETY_CRITERION
2011-11-14 17:30:00,20111114T173000_C02,20111114T173000_C02_K4,4,VMAX / bus 13,50,RAY:340.000000:BASE,VMAX_BUS_13,VMAX,13,RAY,340.000000000023,2223.37517623,47.8835997194,1786.86286891197,0.331330028364623,1.98037453491336,0.00110829687569658,5.97704513740601,BRACKET_NORMALIZATION_IS_DIAGNOSTIC_ONLY;NOT_AN_ACCEPTANCE_OR_SAFETY_CRITERION
2011-11-14 17:30:00,20111114T173000_C02,20111114T173000_C02_K5,5,VMAX / bus 13,2,RAY:20.000000:BASE,VMAX_BUS_13,VMAX,13,RAY,20.0000000001088,1768.54493482,1468.94427059,1273.30131748922,0.165665011535336,2.00620070235096,0.0015755899053862,12.1099843820857,BRACKET_NORMALIZATION_IS_DIAGNOSTIC_ONLY;NOT_AN_ACCEPTANCE_OR_SAFETY_CRITERION
2011-11-14 17:30:00,20111114T173000_C02,20111114T173000_C02_K5,5,VMAX / bus 13,3,RAY:30.000000:BASE,VMAX_BUS_13,VMAX,13,RAY,30.0000000000916,1685.41348563,1746.44763947,1358.63599556733,0.175875206261189,2.19568776161028,0.0016160971509469,12.4843507409993,BRACKET_NORMALIZATION_IS_DIAGNOSTIC_ONLY;NOT_AN_ACCEPTANCE_OR_SAFETY_CRITERION
2011-11-14 17:30:00,20111114T173000_C02,20111114T173000_C02_K5,5,VMAX / bus 13,47,RAY:330.000000:BASE,VMAX_BUS_13,VMAX,13,RAY,330.00000000005,2463.58939588,-638.370666504,2370.79782785919,0.351750418277022,11.6711066900179,0.00492286037757883,33.1800790662495,BRACKET_NORMALIZATION_IS_DIAGNOSTIC_ONLY;NOT_AN_ACCEPTANCE_OR_SAFETY_CRITERION
2011-11-14 17:30:00,20111114T173000_C02,20111114T173000_C02_K5,5,VMAX / bus 13,48,RAY:335.000000:ADAPTIVE,VMAX_BUS_13,VMAX,13,RAY,334.99999999999,2327.62130151,-255.452336001,2032.01891339449,0.681885539350019,1.42132101218617,0.000699462491622116,2.08439823132339,BRACKET_NORMALIZATION_IS_DIAGNOSTIC_ONLY;NOT_AN_ACCEPTANCE_OR_SAFETY_CRITERION
2011-11-14 17:30:00,20111114T173000_C02,20111114T173000_C02_K5,5,VMAX / bus 13,51,RAY:345.000000:ADAPTIVE,VMAX_BUS_13,VMAX,13,RAY,345.000000000042,2139.05924985,299.337328542,1605.94384706219,0.323322691893298,1.66107961905549,0.00103433231622274,5.13752873121469,BRACKET_NORMALIZATION_IS_DIAGNOSTIC_ONLY;NOT_AN_ACCEPTANCE_OR_SAFETY_CRITERION
2011-11-14 17:30:00,20111114T173000_C02,20111114T173000_C02_K5,5,VMAX / bus 13,52,RAY:350.000000:BASE,VMAX_BUS_13,VMAX,13,RAY,349.999999999983,2067.938503,515.152905105,1472.40059516196,0.158646762663706,3.43872314570263,0.0023354535151654,21.6753439399953,BRACKET_NORMALIZATION_IS_DIAGNOSTIC_ONLY;NOT_AN_ACCEPTANCE_OR_SAFETY_CRITERION
2011-11-14 19:30:00,20111114T193000_C01,20111114T193000_C01_K3,3,VMAX / bus 30,8,RAY:70.000000:BASE,VMAX_BUS_30,VMAX,30,RAY,69.9999999999303,1139.91608139,2731.23018563,1843.36918701697,0.436403694462417,1.63783359102298,0.000888500037083406,3.75302411919437,BRACKET_NORMALIZATION_IS_DIAGNOSTIC_ONLY;NOT_AN_ACCEPTANCE_OR_SAFETY_CRITERION
2011-11-14 19:30:00,20111114T193000_C01,20111114T193000_C01_K3,3,VMAX / bus 30,9,RAY:80.000000:BASE,VMAX_BUS_30,VMAX,30,RAY,79.9999999999863,918.864170808,2826.57055384,1896.62626084193,0.223369015071461,5.36593977590106,0.00282920250904839,24.0227579200471,BRACKET_NORMALIZATION_IS_DIAGNOSTIC_ONLY;NOT_AN_ACCEPTANCE_OR_SAFETY_CRITERION
2011-11-14 19:30:00,20111114T193000_C01,20111114T193000_C01_K3,3,VMAX / bus 30,10,RAY:90.000000:BASE,VMAX_BUS_30,VMAX,30,RAY,90,688.515625,2928.3313446,1984.3469696,0.450271609999618,12.0102997378871,0.00605252000879064,26.6734554681279,BRACKET_NORMALIZATION_IS_DIAGNOSTIC_ONLY;NOT_AN_ACCEPTANCE_OR_SAFETY_CRITERION
2011-11-14 19:30:00,20111114T193000_C01,20111114T193000_C01_K3,3,VMAX / bus 30,11,RAY:100.000000:BASE,VMAX_BUS_30,VMAX,30,RAY,99.9999999999706,431.391197116,3045.40373704,2117.09147335945,0.446738020337601,24.0395508004767,0.011354989192947,53.8112936577683,BRACKET_NORMALIZATION_IS_DIAGNOSTIC_ONLY;NOT_AN_ACCEPTANCE_OR_SAFETY_CRITERION
2011-11-14 19:30:00,20111114T193000_C01,20111114T193000_C01_K3,3,VMAX / bus 30,12,RAY:105.000000:ADAPTIVE,VMAX_BUS_30,VMAX,30,RAY,104.999999999997,285.140535251,3113.41009487,2206.60812494278,0.442383341601965,33.1939992022327,0.0150429969087028,75.0344691597792,BRACKET_NORMALIZATION_IS_DIAGNOSTIC_ONLY;NOT_AN_ACCEPTANCE_OR_SAFETY_CRITERION
2011-11-14 19:30:00,20111114T193000_C01,20111114T193000_C01_K3,3,VMAX / bus 30,13,RAY:110.000000:BASE,VMAX_BUS_30,VMAX,30,RAY,110.000000000036,120.952219725,3191.15826237,2317.73999816307,0.436403693972655,45.9689184463528,0.0198335095751834,105.335768420955,BRACKET_NORMALIZATION_IS_DIAGNOSTIC_ONLY;NOT_AN_ACCEPTANCE_OR_SAFETY_CRITERION
2011-11-14 19:30:00,20111114T193000_C01,20111114T193000_C01_K3,3,VMAX / bus 30,14,AXIS:P30_POSITIVE:AXIS,VMAX_BUS_30,VMAX,30,AXIS,113.286333866897,0,3249.375,2406.00908138499,0.3125,57.2348069277319,0.0237882755183889,183.151382168742,BRACKET_NORMALIZATION_IS_DIAGNOSTIC_ONLY;NOT_AN_ACCEPTANCE_OR_SAFETY_CRITERION
2011-11-14 19:30:00,20111114T193000_C01,20111114T193000_C01_K3,3,VMAX / bus 30,15,RAY:115.000000:ADAPTIVE,VMAX_BUS_30,VMAX,30,RAY,114.999999999961,-68.2563966187,3282.71757982,2458.12467056341,0.428917231369742,58.8308507946378,0.0239332249902335,137.161313400169,BRACKET_NORMALIZATION_IS_DIAGNOSTIC_ONLY;NOT_AN_ACCEPTANCE_OR_SAFETY_CRITERION
2011-11-14 19:30:00,20111114T193000_C01,20111114T193000_C01_K3,3,VMAX / bus 30,16,RAY:120.000000:BASE,VMAX_BUS_30,VMAX,30,RAY,119.999999999948,-293.215545654,3394.40912225,2639.76846207559,0.420077731342516,40.5386609243779,0.0153569002383275,96.5027610362049,BRACKET_NORMALIZATION_IS_DIAGNOSTIC_ONLY;NOT_AN_ACCEPTANCE_OR_SAFETY_CRITERION
2011-11-14 19:30:00,20111114T193000_C01,20111114T193000_C01_K3,3,VMAX / bus 30,17,RAY:125.000000:ADAPTIVE,VMAX_BUS_30,VMAX,30,RAY,125.000000000011,-571.375527202,3536.93595054,2882.83256338141,0.820151517536033,19.8619027691225,0.00688971778014935,24.2173578228487,BRACKET_NORMALIZATION_IS_DIAGNOSTIC_ONLY;NOT_AN_ACCEPTANCE_OR_SAFETY_CRITERION
2011-11-14 19:30:00,20111114T193000_C01,20111114T193000_C01_K4,4,VMAX / bus 30,8,RAY:70.000000:BASE,VMAX_BUS_30,VMAX,30,RAY,69.9999999999303,1139.91608139,2731.23018563,1843.36918701697,0.436403694462417,1.63783359102114,0.000888500037082407,3.75302411919015,BRACKET_NORMALIZATION_IS_DIAGNOSTIC_ONLY;NOT_AN_ACCEPTANCE_OR_SAFETY_CRITERION
2011-11-14 19:30:00,20111114T193000_C01,20111114T193000_C01_K4,4,VMAX / bus 30,9,RAY:80.000000:BASE,VMAX_BUS_30,VMAX,30,RAY,79.9999999999863,918.864170808,2826.57055384,1896.62626084193,0.223369015071461,5.36593977589811,0.00282920250904684,24.0227579200339,BRACKET_NORMALIZATION_IS_DIAGNOSTIC_ONLY;NOT_AN_ACCEPTANCE_OR_SAFETY_CRITERION
2011-11-14 19:30:00,20111114T193000_C01,20111114T193000_C01_K4,4,VMAX / bus 30,10,RAY:90.000000:BASE,VMAX_BUS_30,VMAX,30,RAY,90,688.515625,2928.3313446,1984.3469696,0.450271609999618,5.93163888382714,0.00298921457522261,13.1734685289889,BRACKET_NORMALIZATION_IS_DIAGNOSTIC_ONLY;NOT_AN_ACCEPTANCE_OR_SAFETY_CRITERION
2011-11-14 19:30:00,20111114T193000_C01,20111114T193000_C01_K4,4,VMAX / bus 30,11,RAY:100.000000:BASE,VMAX_BUS_30,VMAX,30,RAY,99.9999999999706,431.391197116,3045.40373704,2117.09147335945,0.446738020337601,1.33440568251457,0.000630301382489207,2.98699824453302,BRACKET_NORMALIZATION_IS_DIAGNOSTIC_ONLY;NOT_AN_ACCEPTANCE_OR_SAFETY_CRITERION
2011-11-14 19:30:00,20111114T193000_C01,20111114T193000_C01_K4,4,VMAX / bus 30,14,AXIS:P30_POSITIVE:AXIS,VMAX_BUS_30,VMAX,30,AXIS,113.286333866897,0,3249.375,2406.00908138499,0.3125,1.1452651913076,0.00047600202350373,3.66484861218433,BRACKET_NORMALIZATION_IS_DIAGNOSTIC_ONLY;NOT_AN_ACCEPTANCE_OR_SAFETY_CRITERION
2011-11-14 19:30:00,20111114T193000_C01,20111114T193000_C01_K4,4,VMAX / bus 30,15,RAY:115.000000:ADAPTIVE,VMAX_BUS_30,VMAX,30,RAY,114.999999999961,-68.2563966187,3282.71757982,2458.12467056341,0.428917231369742,2.43689568782914,0.000991363748556573,5.68150568361858,BRACKET_NORMALIZATION_IS_DIAGNOSTIC_ONLY;NOT_AN_ACCEPTANCE_OR_SAFETY_CRITERION
2011-11-14 19:30:00,20111114T193000_C01,20111114T193000_C01_K4,4,VMAX / bus 30,16,RAY:120.000000:BASE,VMAX_BUS_30,VMAX,30,RAY,119.999999999948,-293.215545654,3394.40912225,2639.76846207559,0.420077731342516,9.47903301935448,0.00359085774208445,22.5649500368912,BRACKET_NORMALIZATION_IS_DIAGNOSTIC_ONLY;NOT_AN_ACCEPTANCE_OR_SAFETY_CRITERION
2011-11-14 19:30:00,20111114T193000_C01,20111114T193000_C01_K4,4,VMAX / bus 30,17,RAY:125.000000:ADAPTIVE,VMAX_BUS_30,VMAX,30,RAY,125.000000000011,-571.375527202,3536.93595054,2882.83256338141,0.820151517536033,19.8619027691244,0.00688971778015002,24.217357822851,BRACKET_NORMALIZATION_IS_DIAGNOSTIC_ONLY;NOT_AN_ACCEPTANCE_OR_SAFETY_CRITERION
2011-11-14 19:30:00,20111114T193000_C01,20111114T193000_C01_K5,5,VMAX / bus 30,8,RAY:70.000000:BASE,VMAX_BUS_30,VMAX,30,RAY,69.9999999999303,1139.91608139,2731.23018563,1843.36918701697,0.436403694462417,1.63783359102196,0.000888500037082851,3.75302411919203,BRACKET_NORMALIZATION_IS_DIAGNOSTIC_ONLY;NOT_AN_ACCEPTANCE_OR_SAFETY_CRITERION
2011-11-14 19:30:00,20111114T193000_C01,20111114T193000_C01_K5,5,VMAX / bus 30,9,RAY:80.000000:BASE,VMAX_BUS_30,VMAX,30,RAY,79.9999999999863,918.864170808,2826.57055384,1896.62626084193,0.223369015071461,2.97755061230488,0.00156991953226626,13.3301864242553,BRACKET_NORMALIZATION_IS_DIAGNOSTIC_ONLY;NOT_AN_ACCEPTANCE_OR_SAFETY_CRITERION
2011-11-14 19:30:00,20111114T193000_C01,20111114T193000_C01_K5,5,VMAX / bus 30,12,RAY:105.000000:ADAPTIVE,VMAX_BUS_30,VMAX,30,RAY,104.999999999997,285.140535251,3113.41009487,2206.60812494278,0.442383341601965,1.5738800669699,0.000713257623399133,3.55772905297597,BRACKET_NORMALIZATION_IS_DIAGNOSTIC_ONLY;NOT_AN_ACCEPTANCE_OR_SAFETY_CRITERION
2011-11-14 19:30:00,20111114T193000_C01,20111114T193000_C01_K5,5,VMAX / bus 30,13,RAY:110.000000:BASE,VMAX_BUS_30,VMAX,30,RAY,110.000000000036,120.952219725,3191.15826237,2317.73999816307,0.436403693972655,1.02035586717288,0.0004402374157505,2.33810089434489,BRACKET_NORMALIZATION_IS_DIAGNOSTIC_ONLY;NOT_AN_ACCEPTANCE_OR_SAFETY_CRITERION
2011-11-14 19:30:00,20111114T193000_C01,20111114T193000_C01_K5,5,VMAX / bus 30,16,RAY:120.000000:BASE,VMAX_BUS_30,VMAX,30,RAY,119.999999999948,-293.215545654,3394.40912225,2639.76846207559,0.420077731342516,2.41253569862687,0.000913919433952914,5.7430697193034,BRACKET_NORMALIZATION_IS_DIAGNOSTIC_ONLY;NOT_AN_ACCEPTANCE_OR_SAFETY_CRITERION
2011-11-14 19:30:00,20111114T193000_C01,20111114T193000_C01_K5,5,VMAX / bus 30,17,RAY:125.000000:ADAPTIVE,VMAX_BUS_30,VMAX,30,RAY,125.000000000011,-571.375527202,3536.93595054,2882.83256338141,0.820151517536033,12.3179435019822,0.00427286123323578,15.0191071266792,BRACKET_NORMALIZATION_IS_DIAGNOSTIC_ONLY;NOT_AN_ACCEPTANCE_OR_SAFETY_CRITERION
2011-12-15 05:30:00,20111215T053000_C02,20111215T053000_C02_K3,3,VMAX / bus 13,0,RAY:0.000000:BASE,VMAX_BUS_13,VMAX,13,RAY,0,1519.97241211,-188.125,1644.34741211,0.309204099999988,29.0862453772507,0.017688625385999,94.0681102781363,BRACKET_NORMALIZATION_IS_DIAGNOSTIC_ONLY;NOT_AN_ACCEPTANCE_OR_SAFETY_CRITERION
2011-12-15 05:30:00,20111215T053000_C02,20111215T053000_C02_K3,3,VMAX / bus 13,1,AXIS:P13_POSITIVE:AXIS,VMAX_BUS_13,VMAX,13,AXIS,4.74077825238942,1458.75,0,1594.26339770127,0.3125,21.7188470058173,0.0136231234042838,69.5003104186152,BRACKET_NORMALIZATION_IS_DIAGNOSTIC_ONLY;NOT_AN_ACCEPTANCE_OR_SAFETY_CRITERION
2011-12-15 05:30:00,20111215T053000_C02,20111215T053000_C02_K3,3,VMAX / bus 13,2,RAY:10.000000:BASE,VMAX_BUS_13,VMAX,13,RAY,10.0000000000281,1396.02643623,196.01422263,1568.17839216494,0.314075387308247,15.6795745636491,0.00999859113095081,49.9229649863028,BRACKET_NORMALIZATION_IS_DIAGNOSTIC_ONLY;NOT_AN_ACCEPTANCE_OR_SAFETY_CRITERION
2011-12-15 05:30:00,20111215T053000_C02,20111215T053000_C02_K3,3,VMAX / bus 13,3,RAY:20.000000:BASE,VMAX_BUS_13,VMAX,13,RAY,20.0000000000174,1285.98776814,547.418418324,1590.64366153934,0.327697497152495,7.81405355281563,0.00491251041433982,23.8453257065291,BRACKET_NORMALIZATION_IS_DIAGNOSTIC_ONLY;NOT_AN_ACCEPTANCE_OR_SAFETY_CRITERION
2011-12-15 05:30:00,20111215T053000_C02,20111215T053000_C02_K3,3,VMAX / bus 13,4,RAY:30.000000:BASE,VMAX_BUS_13,VMAX,13,RAY,30.0000000000811,1181.04570867,891.819610596,1694.22654582551,0.173766830381523,2.83223779620603,0.00167169957476143,16.2990703691122,BRACKET_NORMALIZATION_IS_DIAGNOSTIC_ONLY;NOT_AN_ACCEPTANCE_OR_SAFETY_CRITERION
2011-12-15 05:30:00,20111215T053000_C02,20111215T053000_C02_K3,3,VMAX / bus 13,49,RAY:340.000000:BASE,VMAX_BUS_13,VMAX,13,RAY,339.999999999971,1877.85199532,-1232.34207781,2258.16346759445,0.327697496690028,8.97815830524956,0.00397586730725641,27.397701831522,BRACKET_NORMALIZATION_IS_DIAGNOSTIC_ONLY;NOT_AN_ACCEPTANCE_OR_SAFETY_CRITERION
2011-12-15 05:30:00,20111215T053000_C02,20111215T053000_C02_K3,3,VMAX / bus 13,50,RAY:345.000000:ADAPTIVE,VMAX_BUS_13,VMAX,13,RAY,344.999999999998,1765.00020586,-913.532890538,2023.84665332463,0.319925177019864,19.2847573374333,0.0095287641016446,60.2789612154717,BRACKET_NORMALIZATION_IS_DIAGNOSTIC_ONLY;NOT_AN_ACCEPTANCE_OR_SAFETY_CRITERION
2011-12-15 05:30:00,20111215T053000_C02,20111215T053000_C02_K3,3,VMAX / bus 13,51,RAY:350.000000:BASE,VMAX_BUS_13,VMAX,13,RAY,350.000000000004,1671.60490605,-641.890899273,1852.4166146627,0.314075387553231,29.432143082876,0.0158885117148635,93.7104410255252,BRACKET_NORMALIZATION_IS_DIAGNOSTIC_ONLY;NOT_AN_ACCEPTANCE_OR_SAFETY_CRITERION
2011-12-15 05:30:00,20111215T053000_C02,20111215T053000_C02_K4,4,VMAX / bus 13,2,RAY:10.000000:BASE,VMAX_BUS_13,VMAX,13,RAY,10.0000000000281,1396.02643623,196.01422263,1568.17839216494,0.314075387308247,1.01622482550151,0.000648028840710246,3.23560796728124,BRACKET_NORMALIZATION_IS_DIAGNOSTIC_ONLY;NOT_AN_ACCEPTANCE_OR_SAFETY_CRITERION
2011-12-15 05:30:00,20111215T053000_C02,20111215T053000_C02_K4,4,VMAX / bus 13,3,RAY:20.000000:BASE,VMAX_BUS_13,VMAX,13,RAY,20.0000000000174,1285.98776814,547.418418324,1590.64366153934,0.327697497152495,5.19380015889168,0.00326521915905753,15.8493739013049,BRACKET_NORMALIZATION_IS_DIAGNOSTIC_ONLY;NOT_AN_ACCEPTANCE_OR_SAFETY_CRITERION
2011-12-15 05:30:00,20111215T053000_C02,20111215T053000_C02_K4,4,VMAX / bus 13,4,RAY:30.000000:BASE,VMAX_BUS_13,VMAX,13,RAY,30.0000000000811,1181.04570867,891.819610596,1694.22654582551,0.173766830381523,2.83223779620659,0.00167169957476176,16.2990703691155,BRACKET_NORMALIZATION_IS_DIAGNOSTIC_ONLY;NOT_AN_ACCEPTANCE_OR_SAFETY_CRITERION
2011-12-15 05:30:00,20111215T053000_C02,20111215T053000_C02_K4,4,VMAX / bus 13,49,RAY:340.000000:BASE,VMAX_BUS_13,VMAX,13,RAY,339.999999999971,1877.85199532,-1232.34207781,2258.16346759445,0.327697496690028,8.97815830524906,0.00397586730725619,27.3977018315205,BRACKET_NORMALIZATION_IS_DIAGNOSTIC_ONLY;NOT_AN_ACCEPTANCE_OR_SAFETY_CRITERION
2011-12-15 05:30:00,20111215T053000_C02,20111215T053000_C02_K4,4,VMAX / bus 13,50,RAY:345.000000:ADAPTIVE,VMAX_BUS_13,VMAX,13,RAY,344.999999999998,1765.00020586,-913.532890538,2023.84665332463,0.319925177019864,10.9618561764942,0.00541634721113227,34.2638121782257,BRACKET_NORMALIZATION_IS_DIAGNOSTIC_ONLY;NOT_AN_ACCEPTANCE_OR_SAFETY_CRITERION
2011-12-15 05:30:00,20111215T053000_C02,20111215T053000_C02_K4,4,VMAX / bus 13,51,RAY:350.000000:BASE,VMAX_BUS_13,VMAX,13,RAY,350.000000000004,1671.60490605,-641.890899273,1852.4166146627,0.314075387553231,4.45182539538186,0.00240325278889408,14.1743847872427,BRACKET_NORMALIZATION_IS_DIAGNOSTIC_ONLY;NOT_AN_ACCEPTANCE_OR_SAFETY_CRITERION
2011-12-15 05:30:00,20111215T053000_C02,20111215T053000_C02_K5,5,VMAX / bus 13,0,RAY:0.000000:BASE,VMAX_BUS_13,VMAX,13,RAY,0,1519.97241211,-188.125,1644.34741211,0.309204099999988,3.65666534444554,0.00222377906123461,11.8260571074112,BRACKET_NORMALIZATION_IS_DIAGNOSTIC_ONLY;NOT_AN_ACCEPTANCE_OR_SAFETY_CRITERION
2011-12-15 05:30:00,20111215T053000_C02,20111215T053000_C02_K5,5,VMAX / bus 13,1,AXIS:P13_POSITIVE:AXIS,VMAX_BUS_13,VMAX,13,AXIS,4.74077825238942,1458.75,0,1594.26339770127,0.3125,1.3046018566851,0.00081831011021527,4.17472594139231,BRACKET_NORMALIZATION_IS_DIAGNOSTIC_ONLY;NOT_AN_ACCEPTANCE_OR_SAFETY_CRITERION
2011-12-15 05:30:00,20111215T053000_C02,20111215T053000_C02_K5,5,VMAX / bus 13,4,RAY:30.000000:BASE,VMAX_BUS_13,VMAX,13,RAY,30.0000000000811,1181.04570867,891.819610596,1694.22654582551,0.173766830381523,2.83223779620697,0.00167169957476199,16.2990703691176,BRACKET_NORMALIZATION_IS_DIAGNOSTIC_ONLY;NOT_AN_ACCEPTANCE_OR_SAFETY_CRITERION
2011-12-15 05:30:00,20111215T053000_C02,20111215T053000_C02_K5,5,VMAX / bus 13,49,RAY:340.000000:BASE,VMAX_BUS_13,VMAX,13,RAY,339.999999999971,1877.85199532,-1232.34207781,2258.16346759445,0.327697496690028,4.4519623471237,0.00197149693147158,13.5855854624817,BRACKET_NORMALIZATION_IS_DIAGNOSTIC_ONLY;NOT_AN_ACCEPTANCE_OR_SAFETY_CRITERION
2012-08-04 03:30:00,20120804T033000_C02,20120804T033000_C02_K3,3,VMAX / bus 13,0,RAY:0.000000:BASE,VMAX_BUS_13,VMAX,13,RAY,0,1514.92965698,-200.15625,1647.97653198,0.309188850000055,30.5211380949454,0.0185203718030348,98.7135794028148,BRACKET_NORMALIZATION_IS_DIAGNOSTIC_ONLY;NOT_AN_ACCEPTANCE_OR_SAFETY_CRITERION
2012-08-04 03:30:00,20120804T033000_C02,20120804T033000_C02_K3,3,VMAX / bus 13,1,AXIS:P13_POSITIVE:AXIS,VMAX_BUS_13,VMAX,13,AXIS,5.04348788208963,1450,0,1595.65031659864,0.15625,22.7130352089731,0.0142343438112363,145.363425337428,BRACKET_NORMALIZATION_IS_DIAGNOSTIC_ONLY;NOT_AN_ACCEPTANCE_OR_SAFETY_CRITERION
2012-08-04 03:30:00,20120804T033000_C02,20120804T033000_C02_K3,3,VMAX / bus 13,2,RAY:10.000000:BASE,VMAX_BUS_13,VMAX,13,RAY,10.0000000000184,1390.7811846,184.788170136,1571.69785958311,0.157028465389338,16.7908374054497,0.0106832476121737,106.928621914621,BRACKET_NORMALIZATION_IS_DIAGNOSTIC_ONLY;NOT_AN_ACCEPTANCE_OR_SAFETY_CRITERION
2012-08-04 03:30:00,20120804T033000_C02,20120804T033000_C02_K3,3,VMAX / bus 13,3,RAY:20.000000:BASE,VMAX_BUS_13,VMAX,13,RAY,19.9999999999906,1280.44226093,536.901699234,1594.11604280277,0.32767030338787,8.57351415112745,0.00537822462162385,26.1650630602884,BRACKET_NORMALIZATION_IS_DIAGNOSTIC_ONLY;NOT_AN_ACCEPTANCE_OR_SAFETY_CRITERION
2012-08-04 03:30:00,20120804T033000_C02,20120804T033000_C02_K3,3,VMAX / bus 13,4,RAY:30.000000:BASE,VMAX_BUS_13,VMAX,13,RAY,29.9999999999541,1175.25483231,882.001495361,1697.85710329081,0.173747140701233,3.30354018529885,0.00194571155540468,19.0134938161628,BRACKET_NORMALIZATION_IS_DIAGNOSTIC_ONLY;NOT_AN_ACCEPTANCE_OR_SAFETY_CRITERION
2012-08-04 03:30:00,20120804T033000_C02,20120804T033000_C02_K3,3,VMAX / bus 13,49,RAY:340.000000:BASE,VMAX_BUS_13,VMAX,13,RAY,339.999999999988,1874.02053528,-1246.73308727,2263.54647969025,0.327670304312688,9.0341904035794,0.00399116628911267,27.570976938326,BRACKET_NORMALIZATION_IS_DIAGNOSTIC_ONLY;NOT_AN_ACCEPTANCE_OR_SAFETY_CRITERION
2012-08-04 03:30:00,20120804T033000_C02,20120804T033000_C02_K3,3,VMAX / bus 13,50,RAY:345.000000:ADAPTIVE,VMAX_BUS_13,VMAX,13,RAY,345.000000000016,1760.71489517,-927.133949765,2028.50442891136,0.319902923476525,19.2195131061042,0.00947472080029854,60.0792043324811,BRACKET_NORMALIZATION_IS_DIAGNOSTIC_ONLY;NOT_AN_ACCEPTANCE_OR_SAFETY_CRITERION
2012-08-04 03:30:00,20120804T033000_C02,20120804T033000_C02_K3,3,VMAX / bus 13,51,RAY:350.000000:BASE,VMAX_BUS_13,VMAX,13,RAY,349.999999999991,1666.80279236,-654.828338605,1856.39045818824,0.314056921328038,29.1307691403558,0.0156921562550942,92.756335434901,BRACKET_NORMALIZATION_IS_DIAGNOSTIC_ONLY;NOT_AN_ACCEPTANCE_OR_SAFETY_CRITERION
2012-08-04 03:30:00,20120804T033000_C02,20120804T033000_C02_K4,4,VMAX / bus 13,2,RAY:10.000000:BASE,VMAX_BUS_13,VMAX,13,RAY,10.0000000000184,1390.7811846,184.788170136,1571.69785958311,0.157028465389338,0.691629703986364,0.000440052583751571,4.40448616925301,BRACKET_NORMALIZATION_IS_DIAGNOSTIC_ONLY;NOT_AN_ACCEPTANCE_OR_SAFETY_CRITERION
2012-08-04 03:30:00,20120804T033000_C02,20120804T033000_C02_K4,4,VMAX / bus 13,3,RAY:20.000000:BASE,VMAX_BUS_13,VMAX,13,RAY,19.9999999999906,1280.44226093,536.901699234,1594.11604280277,0.32767030338787,4.44728503556609,0.00278981260846412,13.5724384833915,BRACKET_NORMALIZATION_IS_DIAGNOSTIC_ONLY;NOT_AN_ACCEPTANCE_OR_SAFETY_CRITERION
2012-08-04 03:30:00,20120804T033000_C02,20120804T033000_C02_K4,4,VMAX / bus 13,4,RAY:30.000000:BASE,VMAX_BUS_13,VMAX,13,RAY,29.9999999999541,1175.25483231,882.001495361,1697.85710329081,0.173747140701233,3.30354018529942,0.00194571155540502,19.013493816166,BRACKET_NORMALIZATION_IS_DIAGNOSTIC_ONLY;NOT_AN_ACCEPTANCE_OR_SAFETY_CRITERION
2012-08-04 03:30:00,20120804T033000_C02,20120804T033000_C02_K4,4,VMAX / bus 13,49,RAY:340.000000:BASE,VMAX_BUS_13,VMAX,13,RAY,339.999999999988,1874.02053528,-1246.73308727,2263.54647969025,0.327670304312688,9.03419040358216,0.00399116628911389,27.5709769383345,BRACKET_NORMALIZATION_IS_DIAGNOSTIC_ONLY;NOT_AN_ACCEPTANCE_OR_SAFETY_CRITERION
2012-08-04 03:30:00,20120804T033000_C02,20120804T033000_C02_K4,4,VMAX / bus 13,50,RAY:345.000000:ADAPTIVE,VMAX_BUS_13,VMAX,13,RAY,345.000000000016,1760.71489517,-927.133949765,2028.50442891136,0.319902923476525,12.1830312023432,0.00600591797025629,38.083525683182,BRACKET_NORMALIZATION_IS_DIAGNOSTIC_ONLY;NOT_AN_ACCEPTANCE_OR_SAFETY_CRITERION
2012-08-04 03:30:00,20120804T033000_C02,20120804T033000_C02_K4,4,VMAX / bus 13,51,RAY:350.000000:BASE,VMAX_BUS_13,VMAX,13,RAY,349.999999999991,1666.80279236,-654.828338605,1856.39045818824,0.314056921328038,4.92067766228509,0.00265066955099924,15.6681076840378,BRACKET_NORMALIZATION_IS_DIAGNOSTIC_ONLY;NOT_AN_ACCEPTANCE_OR_SAFETY_CRITERION
2012-08-04 03:30:00,20120804T033000_C02,20120804T033000_C02_K5,5,VMAX / bus 13,0,RAY:0.000000:BASE,VMAX_BUS_13,VMAX,13,RAY,0,1514.92965698,-200.15625,1647.97653198,0.309188850000055,3.52160212203507,0.00213692492198536,11.3898095679532,BRACKET_NORMALIZATION_IS_DIAGNOSTIC_ONLY;NOT_AN_ACCEPTANCE_OR_SAFETY_CRITERION
2012-08-04 03:30:00,20120804T033000_C02,20120804T033000_C02_K5,5,VMAX / bus 13,1,AXIS:P13_POSITIVE:AXIS,VMAX_BUS_13,VMAX,13,AXIS,5.04348788208963,1450,0,1595.65031659864,0.15625,1.27327244123431,0.000797964584087874,8.14894362389961,BRACKET_NORMALIZATION_IS_DIAGNOSTIC_ONLY;NOT_AN_ACCEPTANCE_OR_SAFETY_CRITERION
2012-08-04 03:30:00,20120804T033000_C02,20120804T033000_C02_K5,5,VMAX / bus 13,4,RAY:30.000000:BASE,VMAX_BUS_13,VMAX,13,RAY,29.9999999999541,1175.25483231,882.001495361,1697.85710329081,0.173747140701233,3.04410893657619,0.00179291233088819,17.5203397551773,BRACKET_NORMALIZATION_IS_DIAGNOSTIC_ONLY;NOT_AN_ACCEPTANCE_OR_SAFETY_CRITERION
2012-08-04 03:30:00,20120804T033000_C02,20120804T033000_C02_K5,5,VMAX / bus 13,49,RAY:340.000000:BASE,VMAX_BUS_13,VMAX,13,RAY,339.999999999988,1874.02053528,-1246.73308727,2263.54647969025,0.327670304312688,4.23943688188888,0.00187291797183198,12.9381174494326,BRACKET_NORMALIZATION_IS_DIAGNOSTIC_ONLY;NOT_AN_ACCEPTANCE_OR_SAFETY_CRITERION
2012-08-05 23:30:00,20120805T233000_C01,20120805T233000_C01_K3,3,VMAX / bus 30,9,RAY:70.000000:BASE,VMAX_BUS_30,VMAX,30,RAY,69.999999999983,494.982290507,2000.44117719,2116.1251770948,0.430369161944295,2.39646523719182,0.00113247801365035,5.56839441368246,BRACKET_NORMALIZATION_IS_DIAGNOSTIC_ONLY;NOT_AN_ACCEPTANCE_OR_SAFETY_CRITERION
2012-08-05 23:30:00,20120805T233000_C01,20120805T233000_C01_K3,3,VMAX / bus 30,10,RAY:80.000000:BASE,VMAX_BUS_30,VMAX,30,RAY,79.9999999999691,240.376245291,2112.90320386,2179.82855293533,0.440458395057959,7.8472535125431,0.0035999406934899,17.8161061307743,BRACKET_NORMALIZATION_IS_DIAGNOSTIC_ONLY;NOT_AN_ACCEPTANCE_OR_SAFETY_CRITERION
2012-08-05 23:30:00,20120805T233000_C01,20120805T233000_C01_K3,3,VMAX / bus 30,11,AXIS:P30_POSITIVE:AXIS,VMAX_BUS_30,VMAX,30,AXIS,89.0710827546033,0,2222.1875,2272.95783304289,0.3125,16.5270559340536,0.00727116697626029,52.8865789889715,BRACKET_NORMALIZATION_IS_DIAGNOSTIC_ONLY;NOT_AN_ACCEPTANCE_OR_SAFETY_CRITERION
2012-08-05 23:30:00,20120805T233000_C01,20120805T233000_C01_K3,3,VMAX / bus 30,12,RAY:90.000000:BASE,VMAX_BUS_30,VMAX,30,RAY,90,-25.703125,2234.17303467,2284.79803467,0.443908689999716,17.8040171754014,0.00779238116684255,40.1073859928554,BRACKET_NORMALIZATION_IS_DIAGNOSTIC_ONLY;NOT_AN_ACCEPTANCE_OR_SAFETY_CRITERION
2012-08-05 23:30:00,20120805T233000_C01,20120805T233000_C01_K3,3,VMAX / bus 30,13,RAY:100.000000:BASE,VMAX_BUS_30,VMAX,30,RAY,99.9999999999811,-323.933528516,2374.32770698,2443.22266784486,0.440458385254905,34.8567347184817,0.0142667040451243,79.1374074949422,BRACKET_NORMALIZATION_IS_DIAGNOSTIC_ONLY;NOT_AN_ACCEPTANCE_OR_SAFETY_CRITERION
2012-08-05 23:30:00,20120805T233000_C01,20120805T233000_C01_K3,3,VMAX / bus 30,14,RAY:105.000000:ADAPTIVE,VMAX_BUS_30,VMAX,30,RAY,105,-494.249783122,2456.46843822,2550.50063297445,0.43620671047908,47.9976493454059,0.018818912932176,110.034183776519,BRACKET_NORMALIZATION_IS_DIAGNOSTIC_ONLY;NOT_AN_ACCEPTANCE_OR_SAFETY_CRITERION
2012-08-05 23:30:00,20120805T233000_C01,20120805T233000_C01_K3,3,VMAX / bus 30,15,RAY:110.000000:BASE,VMAX_BUS_30,VMAX,30,RAY,109.99999999998,-686.275755045,2551.48010745,2684.64284212667,0.430369161944295,49.6969968968754,0.0185115860169718,115.475274000482,BRACKET_NORMALIZATION_IS_DIAGNOSTIC_ONLY;NOT_AN_ACCEPTANCE_OR_SAFETY_CRITERION
2012-08-05 23:30:00,20120805T233000_C01,20120805T233000_C01_K3,3,VMAX / bus 30,16,RAY:115.000000:ADAPTIVE,VMAX_BUS_30,VMAX,30,RAY,115.000000000012,-908.805815254,2664.61853244,2855.24391287174,0.423061770363268,32.9886718153793,0.0115537140860936,77.9760170413249,BRACKET_NORMALIZATION_IS_DIAGNOSTIC_ONLY;NOT_AN_ACCEPTANCE_OR_SAFETY_CRITERION
2012-08-05 23:30:00,20120805T233000_C01,20120805T233000_C01_K3,3,VMAX / bus 30,17,RAY:120.000000:BASE,VMAX_BUS_30,VMAX,30,RAY,119.999999999949,-1175.30766296,2804.19824881,3077.59750059105,0.41443543755795,15.2341086243182,0.00495000032375659,36.7587017029354,BRACKET_NORMALIZATION_IS_DIAGNOSTIC_ONLY;NOT_AN_ACCEPTANCE_OR_SAFETY_CRITERION
2012-08-05 23:30:00,20120805T233000_C01,20120805T233000_C01_K4,4,VMAX / bus 30,9,RAY:70.000000:BASE,VMAX_BUS_30,VMAX,30,RAY,69.999999999983,494.982290507,2000.44117719,2116.1251770948,0.430369161944295,2.39646523719182,0.00113247801365035,5.56839441368246,BRACKET_NORMALIZATION_IS_DIAGNOSTIC_ONLY;NOT_AN_ACCEPTANCE_OR_SAFETY_CRITERION
2012-08-05 23:30:00,20120805T233000_C01,20120805T233000_C01_K4,4,VMAX / bus 30,10,RAY:80.000000:BASE,VMAX_BUS_30,VMAX,30,RAY,79.9999999999691,240.376245291,2112.90320386,2179.82855293533,0.440458395057959,3.59593405092156,0.00164964076926111,8.16407200150739,BRACKET_NORMALIZATION_IS_DIAGNOSTIC_ONLY;NOT_AN_ACCEPTANCE_OR_SAFETY_CRITERION
2012-08-05 23:30:00,20120805T233000_C01,20120805T233000_C01_K4,4,VMAX / bus 30,11,AXIS:P30_POSITIVE:AXIS,VMAX_BUS_30,VMAX,30,AXIS,89.0710827546033,0,2222.1875,2272.95783304289,0.3125,0.0932707532900616,4.10349685920908e-05,0.298466410528197,BRACKET_NORMALIZATION_IS_DIAGNOSTIC_ONLY;NOT_AN_ACCEPTANCE_OR_SAFETY_CRITERION
2012-08-05 23:30:00,20120805T233000_C01,20120805T233000_C01_K4,4,VMAX / bus 30,14,RAY:105.000000:ADAPTIVE,VMAX_BUS_30,VMAX,30,RAY,105,-494.249783122,2456.46843822,2550.50063297445,0.43620671047908,2.34191277746591,0.000918216897180191,5.36881419108345,BRACKET_NORMALIZATION_IS_DIAGNOSTIC_ONLY;NOT_AN_ACCEPTANCE_OR_SAFETY_CRITERION
2012-08-05 23:30:00,20120805T233000_C01,20120805T233000_C01_K4,4,VMAX / bus 30,15,RAY:110.000000:BASE,VMAX_BUS_30,VMAX,30,RAY,109.99999999998,-686.275755045,2551.48010745,2684.64284212667,0.430369161944295,8.04584568400855,0.00299698922990999,18.6952188852462,BRACKET_NORMALIZATION_IS_DIAGNOSTIC_ONLY;NOT_AN_ACCEPTANCE_OR_SAFETY_CRITERION
2012-08-05 23:30:00,20120805T233000_C01,20120805T233000_C01_K4,4,VMAX / bus 30,16,RAY:115.000000:ADAPTIVE,VMAX_BUS_30,VMAX,30,RAY,115.000000000012,-908.805815254,2664.61853244,2855.24391287174,0.423061770363268,19.1500504216343,0.00670697530789011,45.2653767443719,BRACKET_NORMALIZATION_IS_DIAGNOSTIC_ONLY;NOT_AN_ACCEPTANCE_OR_SAFETY_CRITERION
2012-08-05 23:30:00,20120805T233000_C01,20120805T233000_C01_K4,4,VMAX / bus 30,17,RAY:120.000000:BASE,VMAX_BUS_30,VMAX,30,RAY,119.999999999949,-1175.30766296,2804.19824881,3077.59750059105,0.41443543755795,15.2341086243216,0.0049500003237577,36.7587017029436,BRACKET_NORMALIZATION_IS_DIAGNOSTIC_ONLY;NOT_AN_ACCEPTANCE_OR_SAFETY_CRITERION
2012-08-05 23:30:00,20120805T233000_C01,20120805T233000_C01_K5,5,VMAX / bus 30,9,RAY:70.000000:BASE,VMAX_BUS_30,VMAX,30,RAY,69.999999999983,494.982290507,2000.44117719,2116.1251770948,0.430369161944295,2.39646523718782,0.00113247801364846,5.56839441367318,BRACKET_NORMALIZATION_IS_DIAGNOSTIC_ONLY;NOT_AN_ACCEPTANCE_OR_SAFETY_CRITERION
2012-08-05 23:30:00,20120805T233000_C01,20120805T233000_C01_K5,5,VMAX / bus 30,10,RAY:80.000000:BASE,VMAX_BUS_30,VMAX,30,RAY,79.9999999999691,240.376245291,2112.90320386,2179.82855293533,0.440458395057959,2.67257688237852,0.00122604912151447,6.06771697932297,BRACKET_NORMALIZATION_IS_DIAGNOSTIC_ONLY;NOT_AN_ACCEPTANCE_OR_SAFETY_CRITERION
2012-08-05 23:30:00,20120805T233000_C01,20120805T233000_C01_K5,5,VMAX / bus 30,13,RAY:100.000000:BASE,VMAX_BUS_30,VMAX,30,RAY,99.9999999999811,-323.933528516,2374.32770698,2443.22266784486,0.440458385254905,1.16277109317903,0.000475916955291145,2.63991135622519,BRACKET_NORMALIZATION_IS_DIAGNOSTIC_ONLY;NOT_AN_ACCEPTANCE_OR_SAFETY_CRITERION
2012-08-05 23:30:00,20120805T233000_C01,20120805T233000_C01_K5,5,VMAX / bus 30,16,RAY:115.000000:ADAPTIVE,VMAX_BUS_30,VMAX,30,RAY,115.000000000012,-908.805815254,2664.61853244,2855.24391287174,0.423061770363268,3.80203567570556,0.00133159750680689,8.98695165115223,BRACKET_NORMALIZATION_IS_DIAGNOSTIC_ONLY;NOT_AN_ACCEPTANCE_OR_SAFETY_CRITERION
2012-08-05 23:30:00,20120805T233000_C01,20120805T233000_C01_K5,5,VMAX / bus 30,17,RAY:120.000000:BASE,VMAX_BUS_30,VMAX,30,RAY,119.999999999949,-1175.30766296,2804.19824881,3077.59750059105,0.41443543755795,14.4754302316688,0.00470348387951602,34.9280706229297,BRACKET_NORMALIZATION_IS_DIAGNOSTIC_ONLY;NOT_AN_ACCEPTANCE_OR_SAFETY_CRITERION
2012-08-05 23:30:00,20120805T233000_C02,20120805T233000_C02_K3,3,VMAX / bus 13,0,RAY:0.000000:BASE,VMAX_BUS_13,VMAX,13,RAY,0,1575.94090271,-50.625,1601.64402771,0.309616089999963,28.5959766408321,0.0178541399624972,92.3594656880897,BRACKET_NORMALIZATION_IS_DIAGNOSTIC_ONLY;NOT_AN_ACCEPTANCE_OR_SAFETY_CRITERION
2012-08-05 23:30:00,20120805T233000_C02,20120805T233000_C02_K3,3,VMAX / bus 13,1,AXIS:P13_POSITIVE:AXIS,VMAX_BUS_13,VMAX,13,AXIS,1.27600463350819,1559.53125,0,1586.04253231325,0.15625,26.5546160484039,0.0167426884887342,169.949542709785,BRACKET_NORMALIZATION_IS_DIAGNOSTIC_ONLY;NOT_AN_ACCEPTANCE_OR_SAFETY_CRITERION
2012-08-05 23:30:00,20120805T233000_C02,20120805T233000_C02_K3,3,VMAX / bus 13,2,RAY:10.000000:BASE,VMAX_BUS_13,VMAX,13,RAY,10.0000000000151,1455.71340491,323.887299719,1528.02303573323,0.157252558225288,15.7376631370585,0.0102993624893271,100.078900557611,BRACKET_NORMALIZATION_IS_DIAGNOSTIC_ONLY;NOT_AN_ACCEPTANCE_OR_SAFETY_CRITERION
2012-08-05 23:30:00,20120805T233000_C02,20120805T233000_C02_K3,3,VMAX / bus 13,3,RAY:20.000000:BASE,VMAX_BUS_13,VMAX,13,RAY,19.9999999999382,1348.71611363,666.599674156,1550.30302738995,0.328175912390238,8.04321448828066,0.00518815634503533,24.5088508467872,BRACKET_NORMALIZATION_IS_DIAGNOSTIC_ONLY;NOT_AN_ACCEPTANCE_OR_SAFETY_CRITERION
2012-08-05 23:30:00,20120805T233000_C02,20120805T233000_C02_K3,3,VMAX / bus 13,4,RAY:30.000000:BASE,VMAX_BUS_13,VMAX,13,RAY,29.9999999999704,1246.59934031,1002.54837036,1651.64394203755,0.174040456344222,3.10999111766669,0.0018829670478675,17.869357406853,BRACKET_NORMALIZATION_IS_DIAGNOSTIC_ONLY;NOT_AN_ACCEPTANCE_OR_SAFETY_CRITERION
2012-08-05 23:30:00,20120805T233000_C02,20120805T233000_C02_K3,3,VMAX / bus 13,49,RAY:335.000000:ADAPTIVE,VMAX_BUS_13,VMAX,13,RAY,335.000000000074,2059.4910019,-1444.70972605,2508.28761713328,0.337543749785587,18.7093892806993,0.00745902868271631,55.428042416972,BRACKET_NORMALIZATION_IS_DIAGNOSTIC_ONLY;NOT_AN_ACCEPTANCE_OR_SAFETY_CRITERION
2012-08-05 23:30:00,20120805T233000_C02,20120805T233000_C02_K3,3,VMAX / bus 13,50,RAY:340.000000:BASE,VMAX_BUS_13,VMAX,13,RAY,340.000000000023,1922.45759088,-1067.24998267,2197.46593381714,0.328175924031668,37.0249784638706,0.0168489430912614,112.820520192389,BRACKET_NORMALIZATION_IS_DIAGNOSTIC_ONLY;NOT_AN_ACCEPTANCE_OR_SAFETY_CRITERION
2012-08-05 23:30:00,20120805T233000_C02,20120805T233000_C02_K3,3,VMAX / bus 13,51,RAY:345.000000:ADAPTIVE,VMAX_BUS_13,VMAX,13,RAY,345.00000000001,1813.5538603,-757.210945278,1970.3121468537,0.320375962267087,52.6487557453423,0.0267210227726681,164.334288292986,BRACKET_NORMALIZATION_IS_DIAGNOSTIC_ONLY;NOT_AN_ACCEPTANCE_OR_SAFETY_CRITERION
2012-08-05 23:30:00,20120805T233000_C02,20120805T233000_C02_K3,3,VMAX / bus 13,52,RAY:350.000000:BASE,VMAX_BUS_13,VMAX,13,RAY,350.00000000002,1722.96905758,-492.701369021,1803.68675722141,0.314505097060584,53.5576046751977,0.0296934068295226,170.291690582302,BRACKET_NORMALIZATION_IS_DIAGNOSTIC_ONLY;NOT_AN_ACCEPTANCE_OR_SAFETY_CRITERION
2012-08-05 23:30:00,20120805T233000_C02,20120805T233000_C02_K4,4,VMAX / bus 13,1,AXIS:P13_POSITIVE:AXIS,VMAX_BUS_13,VMAX,13,AXIS,1.27600463350819,1559.53125,0,1586.04253231325,0.15625,0.423207131303341,0.000266832145217499,2.70852564034138,BRACKET_NORMALIZATION_IS_DIAGNOSTIC_ONLY;NOT_AN_ACCEPTANCE_OR_SAFETY_CRITERION
2012-08-05 23:30:00,20120805T233000_C02,20120805T233000_C02_K4,4,VMAX / bus 13,2,RAY:10.000000:BASE,VMAX_BUS_13,VMAX,13,RAY,10.0000000000151,1455.71340491,323.887299719,1528.02303573323,0.157252558225288,4.1196711070143,0.00269607918904013,26.1978002361796,BRACKET_NORMALIZATION_IS_DIAGNOSTIC_ONLY;NOT_AN_ACCEPTANCE_OR_SAFETY_CRITERION
2012-08-05 23:30:00,20120805T233000_C02,20120805T233000_C02_K4,4,VMAX / bus 13,3,RAY:20.000000:BASE,VMAX_BUS_13,VMAX,13,RAY,19.9999999999382,1348.71611363,666.599674156,1550.30302738995,0.328175912390238,8.04321448827946,0.00518815634503456,24.5088508467836,BRACKET_NORMALIZATION_IS_DIAGNOSTIC_ONLY;NOT_AN_ACCEPTANCE_OR_SAFETY_CRITERION
2012-08-05 23:30:00,20120805T233000_C02,20120805T233000_C02_K4,4,VMAX / bus 13,4,RAY:30.000000:BASE,VMAX_BUS_13,VMAX,13,RAY,29.9999999999704,1246.59934031,1002.54837036,1651.64394203755,0.174040456344222,3.10999111766596,0.00188296704786706,17.8693574068487,BRACKET_NORMALIZATION_IS_DIAGNOSTIC_ONLY;NOT_AN_ACCEPTANCE_OR_SAFETY_CRITERION
2012-08-05 23:30:00,20120805T233000_C02,20120805T233000_C02_K4,4,VMAX / bus 13,49,RAY:335.000000:ADAPTIVE,VMAX_BUS_13,VMAX,13,RAY,335.000000000074,2059.4910019,-1444.70972605,2508.28761713328,0.337543749785587,18.7093892806982,0.00745902868271586,55.4280424169687,BRACKET_NORMALIZATION_IS_DIAGNOSTIC_ONLY;NOT_AN_ACCEPTANCE_OR_SAFETY_CRITERION
2012-08-05 23:30:00,20120805T233000_C02,20120805T233000_C02_K4,4,VMAX / bus 13,50,RAY:340.000000:BASE,VMAX_BUS_13,VMAX,13,RAY,340.000000000023,1922.45759088,-1067.24998267,2197.46593381714,0.328175924031668,11.4674976749823,0.0052185098747185,34.9431412703989,BRACKET_NORMALIZATION_IS_DIAGNOSTIC_ONLY;NOT_AN_ACCEPTANCE_OR_SAFETY_CRITERION
2012-08-05 23:30:00,20120805T233000_C02,20120805T233000_C02_K4,4,VMAX / bus 13,51,RAY:345.000000:ADAPTIVE,VMAX_BUS_13,VMAX,13,RAY,345.00000000001,1813.5538603,-757.210945278,1970.3121468537,0.320375962267087,3.20895055059656,0.00162865084891284,10.0162026136073,BRACKET_NORMALIZATION_IS_DIAGNOSTIC_ONLY;NOT_AN_ACCEPTANCE_OR_SAFETY_CRITERION
2012-08-05 23:30:00,20120805T233000_C02,20120805T233000_C02_K5,5,VMAX / bus 13,0,RAY:0.000000:BASE,VMAX_BUS_13,VMAX,13,RAY,0,1575.94090271,-50.625,1601.64402771,0.309616089999963,0.182469945377075,0.000113926654250363,0.589342580280944,BRACKET_NORMALIZATION_IS_DIAGNOSTIC_ONLY;NOT_AN_ACCEPTANCE_OR_SAFETY_CRITERION
2012-08-05 23:30:00,20120805T233000_C02,20120805T233000_C02_K5,5,VMAX / bus 13,3,RAY:20.000000:BASE,VMAX_BUS_13,VMAX,13,RAY,19.9999999999382,1348.71611363,666.599674156,1550.30302738995,0.328175912390238,2.75857576949654,0.00177937843167397,8.40578380480371,BRACKET_NORMALIZATION_IS_DIAGNOSTIC_ONLY;NOT_AN_ACCEPTANCE_OR_SAFETY_CRITERION
2012-08-05 23:30:00,20120805T233000_C02,20120805T233000_C02_K5,5,VMAX / bus 13,4,RAY:30.000000:BASE,VMAX_BUS_13,VMAX,13,RAY,29.9999999999704,1246.59934031,1002.54837036,1651.64394203755,0.174040456344222,3.10999111766504,0.0018829670478665,17.8693574068435,BRACKET_NORMALIZATION_IS_DIAGNOSTIC_ONLY;NOT_AN_ACCEPTANCE_OR_SAFETY_CRITERION
2012-08-05 23:30:00,20120805T233000_C02,20120805T233000_C02_K5,5,VMAX / bus 13,49,RAY:335.000000:ADAPTIVE,VMAX_BUS_13,VMAX,13,RAY,335.000000000074,2059.4910019,-1444.70972605,2508.28761713328,0.337543749785587,16.3718548945915,0.00652710430126147,48.5029123039345,BRACKET_NORMALIZATION_IS_DIAGNOSTIC_ONLY;NOT_AN_ACCEPTANCE_OR_SAFETY_CRITERION
2012-08-05 23:30:00,20120805T233000_C02,20120805T233000_C02_K5,5,VMAX / bus 13,50,RAY:340.000000:BASE,VMAX_BUS_13,VMAX,13,RAY,340.000000000023,1922.45759088,-1067.24998267,2197.46593381714,0.328175924031668,3.74496929518864,0.00170422177543539,11.4114687304949,BRACKET_NORMALIZATION_IS_DIAGNOSTIC_ONLY;NOT_AN_ACCEPTANCE_OR_SAFETY_CRITERION
2012-08-24 12:00:00,20120824T120000_C01,20120824T120000_C01_K3,3,VMAX / bus 30,9,RAY:70.000000:BASE,VMAX_BUS_30,VMAX,30,RAY,69.999999999981,450.275274284,1949.40793962,2134.76795576655,0.429963332801647,2.54011114123014,0.0011898769298877,5.90773898015616,BRACKET_NORMALIZATION_IS_DIAGNOSTIC_ONLY;NOT_AN_ACCEPTANCE_OR_SAFETY_CRITERION
2012-08-24 12:00:00,20120824T120000_C01,20120824T120000_C01_K3,3,VMAX / bus 30,10,RAY:80.000000:BASE,VMAX_BUS_30,VMAX,30,RAY,79.9999999999986,193.385410433,2063.15884037,2199.30279158073,0.440036577251012,8.15467892109734,0.0037078473015697,18.5318206319145,BRACKET_NORMALIZATION_IS_DIAGNOSTIC_ONLY;NOT_AN_ACCEPTANCE_OR_SAFETY_CRITERION
2012-08-24 12:00:00,20120824T120000_C01,20120824T120000_C01_K3,3,VMAX / bus 30,11,AXIS:P30_POSITIVE:AXIS,VMAX_BUS_30,VMAX,30,AXIS,87.2838916283922,0,2150.9375,2271.86847166359,0.3125,14.8184973568299,0.00652260354930623,47.4191915418555,BRACKET_NORMALIZATION_IS_DIAGNOSTIC_ONLY;NOT_AN_ACCEPTANCE_OR_SAFETY_CRITERION
2012-08-24 12:00:00,20120824T120000_C01,20120824T120000_C01_K3,3,VMAX / bus 30,12,RAY:90.000000:BASE,VMAX_BUS_30,VMAX,30,RAY,90,-75.15625,2185.52905273,2305.21655273,0.443481450000036,18.0219313499794,0.00781789083053241,40.6373961074988,BRACKET_NORMALIZATION_IS_DIAGNOSTIC_ONLY;NOT_AN_ACCEPTANCE_OR_SAFETY_CRITERION
2012-08-24 12:00:00,20120824T120000_C01,20120824T120000_C01_K3,3,VMAX / bus 30,13,RAY:100.000000:BASE,VMAX_BUS_30,VMAX,30,RAY,99.9999999999855,-376.204453963,2327.3889396,2465.52491821818,0.440036567325495,35.4438995286284,0.0143758025995712,80.5476229942739,BRACKET_NORMALIZATION_IS_DIAGNOSTIC_ONLY;NOT_AN_ACCEPTANCE_OR_SAFETY_CRITERION
2012-08-24 12:00:00,20120824T120000_C01,20120824T120000_C01_K3,3,VMAX / bus 30,14,RAY:105.000000:ADAPTIVE,VMAX_BUS_30,VMAX,30,RAY,105.000000000016,-548.207712525,2410.69516216,2574.22106726617,0.43579162291488,48.9964340933331,0.0190334989936849,112.430876402833,BRACKET_NORMALIZATION_IS_DIAGNOSTIC_ONLY;NOT_AN_ACCEPTANCE_OR_SAFETY_CRITERION
2012-08-24 12:00:00,20120824T120000_C01,20120824T120000_C01_K3,3,VMAX / bus 30,15,RAY:110.000000:BASE,VMAX_BUS_30,VMAX,30,RAY,110.00000000001,-742.184426749,2507.0010309,2710.05889731915,0.429963333047554,51.5137719175184,0.0190083588103849,119.809685985063,BRACKET_NORMALIZATION_IS_DIAGNOSTIC_ONLY;NOT_AN_ACCEPTANCE_OR_SAFETY_CRITERION
2012-08-24 12:00:00,20120824T120000_C01,20120824T120000_C01_K3,3,VMAX / bus 30,16,RAY:115.000000:ADAPTIVE,VMAX_BUS_30,VMAX,30,RAY,114.999999999997,-966.977511917,2621.47978734,2882.59314860598,0.422667619385009,34.0088697459297,0.0117980124119758,80.4624442142347,BRACKET_NORMALIZATION_IS_DIAGNOSTIC_ONLY;NOT_AN_ACCEPTANCE_OR_SAFETY_CRITERION
2012-08-24 12:00:00,20120824T120000_C01,20120824T120000_C01_K3,3,VMAX / bus 30,17,RAY:120.000000:BASE,VMAX_BUS_30,VMAX,30,RAY,120.000000000056,-1236.40097046,2763.11338029,3107.89803825625,0.828110324401171,15.5851639538646,0.00501469602992799,18.820154144479,BRACKET_NORMALIZATION_IS_DIAGNOSTIC_ONLY;NOT_AN_ACCEPTANCE_OR_SAFETY_CRITERION
2012-08-24 12:00:00,20120824T120000_C01,20120824T120000_C01_K4,4,VMAX / bus 30,9,RAY:70.000000:BASE,VMAX_BUS_30,VMAX,30,RAY,69.999999999981,450.275274284,1949.40793962,2134.76795576655,0.429963332801647,2.5401111412292,0.00118987692988726,5.90773898015395,BRACKET_NORMALIZATION_IS_DIAGNOSTIC_ONLY;NOT_AN_ACCEPTANCE_OR_SAFETY_CRITERION
2012-08-24 12:00:00,20120824T120000_C01,20120824T120000_C01_K4,4,VMAX / bus 30,10,RAY:80.000000:BASE,VMAX_BUS_30,VMAX,30,RAY,79.9999999999986,193.385410433,2063.15884037,2199.30279158073,0.440036577251012,3.97307468731855,0.00180651554780364,9.02896461957565,BRACKET_NORMALIZATION_IS_DIAGNOSTIC_ONLY;NOT_AN_ACCEPTANCE_OR_SAFETY_CRITERION
2012-08-24 12:00:00,20120824T120000_C01,20120824T120000_C01_K4,4,VMAX / bus 30,11,AXIS:P30_POSITIVE:AXIS,VMAX_BUS_30,VMAX,30,AXIS,87.2838916283922,0,2150.9375,2271.86847166359,0.3125,0.811359633041286,0.000357133189337833,2.59635082573211,BRACKET_NORMALIZATION_IS_DIAGNOSTIC_ONLY;NOT_AN_ACCEPTANCE_OR_SAFETY_CRITERION
2012-08-24 12:00:00,20120824T120000_C01,20120824T120000_C01_K4,4,VMAX / bus 30,14,RAY:105.000000:ADAPTIVE,VMAX_BUS_30,VMAX,30,RAY,105.000000000016,-548.207712525,2410.69516216,2574.22106726617,0.43579162291488,2.51554365675405,0.00097720576089666,5.77235431908564,BRACKET_NORMALIZATION_IS_DIAGNOSTIC_ONLY;NOT_AN_ACCEPTANCE_OR_SAFETY_CRITERION
2012-08-24 12:00:00,20120824T120000_C01,20120824T120000_C01_K4,4,VMAX / bus 30,15,RAY:110.000000:BASE,VMAX_BUS_30,VMAX,30,RAY,110.00000000001,-742.184426749,2507.0010309,2710.05889731915,0.429963333047554,8.3856123442886,0.00309425464980995,19.5030871233877,BRACKET_NORMALIZATION_IS_DIAGNOSTIC_ONLY;NOT_AN_ACCEPTANCE_OR_SAFETY_CRITERION
2012-08-24 12:00:00,20120824T120000_C01,20120824T120000_C01_K4,4,VMAX / bus 30,16,RAY:115.000000:ADAPTIVE,VMAX_BUS_30,VMAX,30,RAY,114.999999999997,-966.977511917,2621.47978734,2882.59314860598,0.422667619385009,19.5079640027428,0.00676750515839419,46.154384930474,BRACKET_NORMALIZATION_IS_DIAGNOSTIC_ONLY;NOT_AN_ACCEPTANCE_OR_SAFETY_CRITERION
2012-08-24 12:00:00,20120824T120000_C01,20120824T120000_C01_K4,4,VMAX / bus 30,17,RAY:120.000000:BASE,VMAX_BUS_30,VMAX,30,RAY,120.000000000056,-1236.40097046,2763.11338029,3107.89803825625,0.828110324401171,15.5851639538656,0.00501469602992832,18.8201541444803,BRACKET_NORMALIZATION_IS_DIAGNOSTIC_ONLY;NOT_AN_ACCEPTANCE_OR_SAFETY_CRITERION
2012-08-24 12:00:00,20120824T120000_C01,20120824T120000_C01_K5,5,VMAX / bus 30,9,RAY:70.000000:BASE,VMAX_BUS_30,VMAX,30,RAY,69.999999999981,450.275274284,1949.40793962,2134.76795576655,0.429963332801647,2.54011114123275,0.00118987692988892,5.90773898016222,BRACKET_NORMALIZATION_IS_DIAGNOSTIC_ONLY;NOT_AN_ACCEPTANCE_OR_SAFETY_CRITERION
2012-08-24 12:00:00,20120824T120000_C01,20120824T120000_C01_K5,5,VMAX / bus 30,10,RAY:80.000000:BASE,VMAX_BUS_30,VMAX,30,RAY,79.9999999999986,193.385410433,2063.15884037,2199.30279158073,0.440036577251012,1.17215834327022,0.000532968151433,2.66377479479753,BRACKET_NORMALIZATION_IS_DIAGNOSTIC_ONLY;NOT_AN_ACCEPTANCE_OR_SAFETY_CRITERION
2012-08-24 12:00:00,20120824T120000_C01,20120824T120000_C01_K5,5,VMAX / bus 30,13,RAY:100.000000:BASE,VMAX_BUS_30,VMAX,30,RAY,99.9999999999855,-376.204453963,2327.3889396,2465.52491821818,0.440036567325495,2.24298739698051,0.000909740307391216,5.09727500742312,BRACKET_NORMALIZATION_IS_DIAGNOSTIC_ONLY;NOT_AN_ACCEPTANCE_OR_SAFETY_CRITERION
2012-08-24 12:00:00,20120824T120000_C01,20120824T120000_C01_K5,5,VMAX / bus 30,16,RAY:115.000000:ADAPTIVE,VMAX_BUS_30,VMAX,30,RAY,114.999999999997,-966.977511917,2621.47978734,2882.59314860598,0.422667619385009,3.60340899933996,0.00125005812945977,8.52539639677863,BRACKET_NORMALIZATION_IS_DIAGNOSTIC_ONLY;NOT_AN_ACCEPTANCE_OR_SAFETY_CRITERION
2012-08-24 12:00:00,20120824T120000_C01,20120824T120000_C01_K5,5,VMAX / bus 30,17,RAY:120.000000:BASE,VMAX_BUS_30,VMAX,30,RAY,120.000000000056,-1236.40097046,2763.11338029,3107.89803825625,0.828110324401171,14.4770633348057,0.00465815260237057,17.4820466648263,BRACKET_NORMALIZATION_IS_DIAGNOSTIC_ONLY;NOT_AN_ACCEPTANCE_OR_SAFETY_CRITERION
2012-08-24 12:00:00,20120824T120000_C02,20120824T120000_C02_K3,3,VMAX / bus 13,0,RAY:0.000000:BASE,VMAX_BUS_13,VMAX,13,RAY,0,1548.0491333,-119.6875,1623.2053833,0.154708860000028,29.7239184350332,0.0183118653627208,192.128094247658,BRACKET_NORMALIZATION_IS_DIAGNOSTIC_ONLY;NOT_AN_ACCEPTANCE_OR_SAFETY_CRITERION
2012-08-24 12:00:00,20120824T120000_C02,20120824T120000_C02_K3,3,VMAX / bus 13,1,AXIS:P13_POSITIVE:AXIS,VMAX_BUS_13,VMAX,13,AXIS,3.01734014237485,1509.0625,0,1588.73350361469,0.15625,24.7995057579456,0.0156096070873571,158.716836850852,BRACKET_NORMALIZATION_IS_DIAGNOSTIC_ONLY;NOT_AN_ACCEPTANCE_OR_SAFETY_CRITERION
2012-08-24 12:00:00,20120824T120000_C02,20120824T120000_C02_K3,3,VMAX / bus 13,2,RAY:10.000000:BASE,VMAX_BUS_13,VMAX,13,RAY,9.99999999998617,1425.87956449,259.662502922,1548.22961510836,0.15714876620533,16.3426175518291,0.0105556807545535,103.994564809219,BRACKET_NORMALIZATION_IS_DIAGNOSTIC_ONLY;NOT_AN_ACCEPTANCE_OR_SAFETY_CRITERION
2012-08-24 12:00:00,20120824T120000_C02,20120824T120000_C02_K3,3,VMAX / bus 13,3,RAY:20.000000:BASE,VMAX_BUS_13,VMAX,13,RAY,19.9999999999885,1317.28166919,606.70604448,1570.51932183606,0.327943059536144,8.35894889379145,0.00532241073227879,25.4890251545945,BRACKET_NORMALIZATION_IS_DIAGNOSTIC_ONLY;NOT_AN_ACCEPTANCE_OR_SAFETY_CRITERION
2012-08-24 12:00:00,20120824T120000_C02,20120824T120000_C02_K3,3,VMAX / bus 13,4,RAY:30.000000:BASE,VMAX_BUS_13,VMAX,13,RAY,30.0000000001032,1213.74871358,946.885375977,1672.97749683342,0.173906188386607,3.28799746812205,0.00196535666160813,18.9067306840892,BRACKET_NORMALIZATION_IS_DIAGNOSTIC_ONLY;NOT_AN_ACCEPTANCE_OR_SAFETY_CRITERION
2012-08-24 12:00:00,20120824T120000_C02,20120824T120000_C02_K3,3,VMAX / bus 13,49,RAY:335.000000:ADAPTIVE,VMAX_BUS_13,VMAX,13,RAY,335.000000000023,2039.54898488,-1533.04703915,2543.53364776941,0.337293944790497,19.4412986354297,0.00764342105420113,57.6390383987038,BRACKET_NORMALIZATION_IS_DIAGNOSTIC_ONLY;NOT_AN_ACCEPTANCE_OR_SAFETY_CRITERION
2012-08-24 12:00:00,20120824T120000_C02,20120824T120000_C02_K3,3,VMAX / bus 13,50,RAY:340.000000:BASE,VMAX_BUS_13,VMAX,13,RAY,340.000000000031,1900.25056206,-1150.19861739,2228.04516026885,0.327943069327123,38.8543778827991,0.0174387748397841,118.479033456999,BRACKET_NORMALIZATION_IS_DIAGNOSTIC_ONLY;NOT_AN_ACCEPTANCE_OR_SAFETY_CRITERION
2012-08-24 12:00:00,20120824T120000_C02,20120824T120000_C02_K3,3,VMAX / bus 13,51,RAY:345.000000:ADAPTIVE,VMAX_BUS_13,VMAX,13,RAY,344.999999999968,1789.22332584,-835.694148898,1997.14213917675,0.320157443267425,54.8188542911943,0.0274486493554191,171.224675371375,BRACKET_NORMALIZATION_IS_DIAGNOSTIC_ONLY;NOT_AN_ACCEPTANCE_OR_SAFETY_CRITERION
2012-08-24 12:00:00,20120824T120000_C02,20120824T120000_C02_K3,3,VMAX / bus 13,52,RAY:350.000000:BASE,VMAX_BUS_13,VMAX,13,RAY,349.999999999995,1697.07767145,-567.576175801,1827.95441361343,0.31429753216542,55.1086637246635,0.0301477232223351,175.339155051522,BRACKET_NORMALIZATION_IS_DIAGNOSTIC_ONLY;NOT_AN_ACCEPTANCE_OR_SAFETY_CRITERION
2012-08-24 12:00:00,20120824T120000_C02,20120824T120000_C02_K4,4,VMAX / bus 13,1,AXIS:P13_POSITIVE:AXIS,VMAX_BUS_13,VMAX,13,AXIS,3.01734014237485,1509.0625,0,1588.73350361469,0.15625,0.819454722715847,0.000515791176337266,5.24451022538142,BRACKET_NORMALIZATION_IS_DIAGNOSTIC_ONLY;NOT_AN_ACCEPTANCE_OR_SAFETY_CRITERION
2012-08-24 12:00:00,20120824T120000_C02,20120824T120000_C02_K4,4,VMAX / bus 13,2,RAY:10.000000:BASE,VMAX_BUS_13,VMAX,13,RAY,9.99999999998617,1425.87956449,259.662502922,1548.22961510836,0.15714876620533,3.85683575255975,0.00249112645496696,24.5425773659618,BRACKET_NORMALIZATION_IS_DIAGNOSTIC_ONLY;NOT_AN_ACCEPTANCE_OR_SAFETY_CRITERION
2012-08-24 12:00:00,20120824T120000_C02,20120824T120000_C02_K4,4,VMAX / bus 13,3,RAY:20.000000:BASE,VMAX_BUS_13,VMAX,13,RAY,19.9999999999885,1317.28166919,606.70604448,1570.51932183606,0.327943059536144,8.35894889379285,0.00532241073227968,25.4890251545987,BRACKET_NORMALIZATION_IS_DIAGNOSTIC_ONLY;NOT_AN_ACCEPTANCE_OR_SAFETY_CRITERION
2012-08-24 12:00:00,20120824T120000_C02,20120824T120000_C02_K4,4,VMAX / bus 13,4,RAY:30.000000:BASE,VMAX_BUS_13,VMAX,13,RAY,30.0000000001032,1213.74871358,946.885375977,1672.97749683342,0.173906188386607,3.28799746812298,0.00196535666160869,18.9067306840945,BRACKET_NORMALIZATION_IS_DIAGNOSTIC_ONLY;NOT_AN_ACCEPTANCE_OR_SAFETY_CRITERION
2012-08-24 12:00:00,20120824T120000_C02,20120824T120000_C02_K4,4,VMAX / bus 13,49,RAY:335.000000:ADAPTIVE,VMAX_BUS_13,VMAX,13,RAY,335.000000000023,2039.54898488,-1533.04703915,2543.53364776941,0.337293944790497,19.44129863543,0.00764342105420124,57.6390383987046,BRACKET_NORMALIZATION_IS_DIAGNOSTIC_ONLY;NOT_AN_ACCEPTANCE_OR_SAFETY_CRITERION
2012-08-24 12:00:00,20120824T120000_C02,20120824T120000_C02_K4,4,VMAX / bus 13,50,RAY:340.000000:BASE,VMAX_BUS_13,VMAX,13,RAY,340.000000000031,1900.25056206,-1150.19861739,2228.04516026885,0.327943069327123,12.7111366337103,0.00570506238400326,38.7601929194331,BRACKET_NORMALIZATION_IS_DIAGNOSTIC_ONLY;NOT_AN_ACCEPTANCE_OR_SAFETY_CRITERION
2012-08-24 12:00:00,20120824T120000_C02,20120824T120000_C02_K4,4,VMAX / bus 13,51,RAY:345.000000:ADAPTIVE,VMAX_BUS_13,VMAX,13,RAY,344.999999999968,1789.22332584,-835.694148898,1997.14213917675,0.320157443267425,3.60246022919695,0.00180380763017796,11.2521520425431,BRACKET_NORMALIZATION_IS_DIAGNOSTIC_ONLY;NOT_AN_ACCEPTANCE_OR_SAFETY_CRITERION
2012-08-24 12:00:00,20120824T120000_C02,20120824T120000_C02_K5,5,VMAX / bus 13,0,RAY:0.000000:BASE,VMAX_BUS_13,VMAX,13,RAY,0,1548.0491333,-119.6875,1623.2053833,0.154708860000028,0.644718384220113,0.000397188421658257,4.16730098211567,BRACKET_NORMALIZATION_IS_DIAGNOSTIC_ONLY;NOT_AN_ACCEPTANCE_OR_SAFETY_CRITERION
2012-08-24 12:00:00,20120824T120000_C02,20120824T120000_C02_K5,5,VMAX / bus 13,3,RAY:20.000000:BASE,VMAX_BUS_13,VMAX,13,RAY,19.9999999999885,1317.28166919,606.70604448,1570.51932183606,0.327943059536144,2.49094455961403,0.00158606425593155,7.59566176865376,BRACKET_NORMALIZATION_IS_DIAGNOSTIC_ONLY;NOT_AN_ACCEPTANCE_OR_SAFETY_CRITERION
2012-08-24 12:00:00,20120824T120000_C02,20120824T120000_C02_K5,5,VMAX / bus 13,4,RAY:30.000000:BASE,VMAX_BUS_13,VMAX,13,RAY,30.0000000001032,1213.74871358,946.885375977,1672.97749683342,0.173906188386607,3.28799746812354,0.00196535666160902,18.9067306840977,BRACKET_NORMALIZATION_IS_DIAGNOSTIC_ONLY;NOT_AN_ACCEPTANCE_OR_SAFETY_CRITERION
2012-08-24 12:00:00,20120824T120000_C02,20120824T120000_C02_K5,5,VMAX / bus 13,49,RAY:335.000000:ADAPTIVE,VMAX_BUS_13,VMAX,13,RAY,335.000000000023,2039.54898488,-1533.04703915,2543.53364776941,0.337293944790497,16.6486209010658,0.00654546910187959,49.3593826933558,BRACKET_NORMALIZATION_IS_DIAGNOSTIC_ONLY;NOT_AN_ACCEPTANCE_OR_SAFETY_CRITERION
2012-08-24 12:00:00,20120824T120000_C02,20120824T120000_C02_K5,5,VMAX / bus 13,50,RAY:340.000000:BASE,VMAX_BUS_13,VMAX,13,RAY,340.000000000031,1900.25056206,-1150.19861739,2228.04516026885,0.327943069327123,4.03992596058302,0.00181321547364666,12.3189856363551,BRACKET_NORMALIZATION_IS_DIAGNOSTIC_ONLY;NOT_AN_ACCEPTANCE_OR_SAFETY_CRITERION
2012-08-31 11:30:00,20120831T113000_C01,20120831T113000_C01_K3,3,VMAX / bus 30,9,RAY:70.000000:BASE,VMAX_BUS_30,VMAX,30,RAY,70.0000000000153,435.614528162,1933.01106067,2140.99876766656,0.214916552523903,2.40363740921169,0.00112267108487474,11.1840497206206,BRACKET_NORMALIZATION_IS_DIAGNOSTIC_ONLY;NOT_AN_ACCEPTANCE_OR_SAFETY_CRITERION
2012-08-31 11:30:00,20120831T113000_C01,20120831T113000_C01_K3,3,VMAX / bus 30,10,RAY:80.000000:BASE,VMAX_BUS_30,VMAX,30,RAY,79.9999999999875,177.941946018,2047.0467616,2205.66385496784,0.439901055186552,7.66568033472005,0.00347545267038518,17.4259194069658,BRACKET_NORMALIZATION_IS_DIAGNOSTIC_ONLY;NOT_AN_ACCEPTANCE_OR_SAFETY_CRITERION
2012-08-31 11:30:00,20120831T113000_C01,20120831T113000_C01_K3,3,VMAX / bus 30,11,AXIS:P30_POSITIVE:AXIS,VMAX_BUS_30,VMAX,30,AXIS,86.6971593161289,0,2127.8125,2271.7615238274,0.3125,13.5453401370316,0.00596248329543447,43.3450884385012,BRACKET_NORMALIZATION_IS_DIAGNOSTIC_ONLY;NOT_AN_ACCEPTANCE_OR_SAFETY_CRITERION
2012-08-31 11:30:00,20120831T113000_C01,20120831T113000_C01_K3,3,VMAX / bus 30,12,RAY:90.000000:BASE,VMAX_BUS_30,VMAX,30,RAY,90,-91.40625,2169.93019104,2312.03956604,0.443344119999892,17.3530287192415,0.00750550681490425,39.1412177052122,BRACKET_NORMALIZATION_IS_DIAGNOSTIC_ONLY;NOT_AN_ACCEPTANCE_OR_SAFETY_CRITERION
2012-08-31 11:30:00,20120831T113000_C01,20120831T113000_C01_K3,3,VMAX / bus 30,13,RAY:100.000000:BASE,VMAX_BUS_30,VMAX,30,RAY,99.9999999999991,-393.362015819,2312.0682564,2472.68379114181,0.439901055186552,34.2315649604602,0.013843891031717,77.816510228518,BRACKET_NORMALIZATION_IS_DIAGNOSTIC_ONLY;NOT_AN_ACCEPTANCE_OR_SAFETY_CRITERION
2012-08-31 11:30:00,20120831T113000_C01,20120831T113000_C01_K3,3,VMAX / bus 30,14,RAY:105.000000:ADAPTIVE,VMAX_BUS_30,VMAX,30,RAY,104.999999999995,-565.965747346,2396.05447587,2582.14686847679,0.435658319241128,47.9792377242464,0.018581142037265,110.130429295649,BRACKET_NORMALIZATION_IS_DIAGNOSTIC_ONLY;NOT_AN_ACCEPTANCE_OR_SAFETY_CRITERION
2012-08-31 11:30:00,20120831T113000_C01,20120831T113000_C01_K3,3,VMAX / bus 30,15,RAY:110.000000:BASE,VMAX_BUS_30,VMAX,30,RAY,110.000000000016,-760.524780635,2492.51452284,2718.26464699609,0.429833124678358,52.6956487551415,0.0193857683479696,122.595597523047,BRACKET_NORMALIZATION_IS_DIAGNOSTIC_ONLY;NOT_AN_ACCEPTANCE_OR_SAFETY_CRITERION
2012-08-31 11:30:00,20120831T113000_C01,20120831T113000_C01_K3,3,VMAX / bus 30,16,RAY:115.000000:ADAPTIVE,VMAX_BUS_30,VMAX,30,RAY,114.999999999991,-986.058608024,2607.45062171,2891.44998525408,0.422541276177648,34.8647770733964,0.0120578869602452,82.5121213926999,BRACKET_NORMALIZATION_IS_DIAGNOSTIC_ONLY;NOT_AN_ACCEPTANCE_OR_SAFETY_CRITERION
2012-08-31 11:30:00,20120831T113000_C01,20120831T113000_C01_K3,3,VMAX / bus 30,17,RAY:120.000000:BASE,VMAX_BUS_30,VMAX,30,RAY,119.99999999999,-1256.44354248,2749.78144198,3117.74668473922,0.827866879909851,16.1247992983985,0.00517194016349254,19.4775267494145,BRACKET_NORMALIZATION_IS_DIAGNOSTIC_ONLY;NOT_AN_ACCEPTANCE_OR_SAFETY_CRITERION
2012-08-31 11:30:00,20120831T113000_C01,20120831T113000_C01_K4,4,VMAX / bus 30,9,RAY:70.000000:BASE,VMAX_BUS_30,VMAX,30,RAY,70.0000000000153,435.614528162,1933.01106067,2140.99876766656,0.214916552523903,2.40363740921027,0.00112267108487407,11.1840497206139,BRACKET_NORMALIZATION_IS_DIAGNOSTIC_ONLY;NOT_AN_ACCEPTANCE_OR_SAFETY_CRITERION
2012-08-31 11:30:00,20120831T113000_C01,20120831T113000_C01_K4,4,VMAX / bus 30,10,RAY:80.000000:BASE,VMAX_BUS_30,VMAX,30,RAY,79.9999999999875,177.941946018,2047.0467616,2205.66385496784,0.439901055186552,3.71947410550714,0.00168632862941909,8.45525161091008,BRACKET_NORMALIZATION_IS_DIAGNOSTIC_ONLY;NOT_AN_ACCEPTANCE_OR_SAFETY_CRITERION
2012-08-31 11:30:00,20120831T113000_C01,20120831T113000_C01_K4,4,VMAX / bus 30,11,AXIS:P30_POSITIVE:AXIS,VMAX_BUS_30,VMAX,30,AXIS,86.6971593161289,0,2127.8125,2271.7615238274,0.3125,0.893301319409632,0.000393219671184775,2.85856422211082,BRACKET_NORMALIZATION_IS_DIAGNOSTIC_ONLY;NOT_AN_ACCEPTANCE_OR_SAFETY_CRITERION
2012-08-31 11:30:00,20120831T113000_C01,20120831T113000_C01_K4,4,VMAX / bus 30,14,RAY:105.000000:ADAPTIVE,VMAX_BUS_30,VMAX,30,RAY,104.999999999995,-565.965747346,2396.05447587,2582.14686847679,0.435658319241128,3.05354479448268,0.00118256046228848,7.00903588803639,BRACKET_NORMALIZATION_IS_DIAGNOSTIC_ONLY;NOT_AN_ACCEPTANCE_OR_SAFETY_CRITERION
2012-08-31 11:30:00,20120831T113000_C01,20120831T113000_C01_K4,4,VMAX / bus 30,15,RAY:110.000000:BASE,VMAX_BUS_30,VMAX,30,RAY,110.000000000016,-760.524780635,2492.51452284,2718.26464699609,0.429833124678358,8.92198688101315,0.00328223629397995,20.7568620675511,BRACKET_NORMALIZATION_IS_DIAGNOSTIC_ONLY;NOT_AN_ACCEPTANCE_OR_SAFETY_CRITERION
2012-08-31 11:30:00,20120831T113000_C01,20120831T113000_C01_K4,4,VMAX / bus 30,16,RAY:115.000000:ADAPTIVE,VMAX_BUS_30,VMAX,30,RAY,114.999999999991,-986.058608024,2607.45062171,2891.44998525408,0.422541276177648,20.3474542488696,0.00703711091412207,48.1549505244428,BRACKET_NORMALIZATION_IS_DIAGNOSTIC_ONLY;NOT_AN_ACCEPTANCE_OR_SAFETY_CRITERION
2012-08-31 11:30:00,20120831T113000_C01,20120831T113000_C01_K4,4,VMAX / bus 30,17,RAY:120.000000:BASE,VMAX_BUS_30,VMAX,30,RAY,119.99999999999,-1256.44354248,2749.78144198,3117.74668473922,0.827866879909851,16.1247992983974,0.00517194016349221,19.4775267494133,BRACKET_NORMALIZATION_IS_DIAGNOSTIC_ONLY;NOT_AN_ACCEPTANCE_OR_SAFETY_CRITERION
2012-08-31 11:30:00,20120831T113000_C01,20120831T113000_C01_K5,5,VMAX / bus 30,9,RAY:70.000000:BASE,VMAX_BUS_30,VMAX,30,RAY,70.0000000000153,435.614528162,1933.01106067,2140.99876766656,0.214916552523903,2.40363740920979,0.00112267108487385,11.1840497206117,BRACKET_NORMALIZATION_IS_DIAGNOSTIC_ONLY;NOT_AN_ACCEPTANCE_OR_SAFETY_CRITERION
2012-08-31 11:30:00,20120831T113000_C01,20120831T113000_C01_K5,5,VMAX / bus 30,10,RAY:80.000000:BASE,VMAX_BUS_30,VMAX,30,RAY,79.9999999999875,177.941946018,2047.0467616,2205.66385496784,0.439901055186552,1.16841544702086,0.000529734140761851,2.65608693874435,BRACKET_NORMALIZATION_IS_DIAGNOSTIC_ONLY;NOT_AN_ACCEPTANCE_OR_SAFETY_CRITERION
2012-08-31 11:30:00,20120831T113000_C01,20120831T113000_C01_K5,5,VMAX / bus 30,13,RAY:100.000000:BASE,VMAX_BUS_30,VMAX,30,RAY,99.9999999999991,-393.362015819,2312.0682564,2472.68379114181,0.439901055186552,1.7046126120341,0.00068937751690723,3.87499095975392,BRACKET_NORMALIZATION_IS_DIAGNOSTIC_ONLY;NOT_AN_ACCEPTANCE_OR_SAFETY_CRITERION
2012-08-31 11:30:00,20120831T113000_C01,20120831T113000_C01_K5,5,VMAX / bus 30,16,RAY:115.000000:ADAPTIVE,VMAX_BUS_30,VMAX,30,RAY,114.999999999991,-986.058608024,2607.45062171,2891.44998525408,0.422541276177648,3.91100066167415,0.00135260878853849,9.25590204359079,BRACKET_NORMALIZATION_IS_DIAGNOSTIC_ONLY;NOT_AN_ACCEPTANCE_OR_SAFETY_CRITERION
2012-08-31 11:30:00,20120831T113000_C01,20120831T113000_C01_K5,5,VMAX / bus 30,17,RAY:120.000000:BASE,VMAX_BUS_30,VMAX,30,RAY,119.99999999999,-1256.44354248,2749.78144198,3117.74668473922,0.827866879909851,15.352867866341,0.00492434742741943,18.5450925008775,BRACKET_NORMALIZATION_IS_DIAGNOSTIC_ONLY;NOT_AN_ACCEPTANCE_OR_SAFETY_CRITERION
2012-08-31 11:30:00,20120831T113000_C02,20120831T113000_C02_K3,3,VMAX / bus 13,0,RAY:0.000000:BASE,VMAX_BUS_13,VMAX,13,RAY,0,1538.59414673,-142.109375,1630.00039673,0.309356690000186,29.4453870843418,0.0180646502561675,95.1826420315141,BRACKET_NORMALIZATION_IS_DIAGNOSTIC_ONLY;NOT_AN_ACCEPTANCE_OR_SAFETY_CRITERION
2012-08-31 11:30:00,20120831T113000_C02,20120831T113000_C02_K3,3,VMAX / bus 13,1,AXIS:P13_POSITIVE:AXIS,VMAX_BUS_13,VMAX,13,AXIS,3.5823500150262,1492.5,0,1590.26855695884,0.3125,23.8559721478683,0.0150012223051743,76.3391108731786,BRACKET_NORMALIZATION_IS_DIAGNOSTIC_ONLY;NOT_AN_ACCEPTANCE_OR_SAFETY_CRITERION
2012-08-31 11:30:00,20120831T113000_C02,20120831T113000_C02_K3,3,VMAX / bus 13,2,RAY:10.000000:BASE,VMAX_BUS_13,VMAX,13,RAY,10.0000000000246,1416.03592405,238.816847608,1554.82690199745,0.157116710618436,16.202337314813,0.0104206695253332,103.122941226545,BRACKET_NORMALIZATION_IS_DIAGNOSTIC_ONLY;NOT_AN_ACCEPTANCE_OR_SAFETY_CRITERION
2012-08-31 11:30:00,20120831T113000_C02,20120831T113000_C02_K3,3,VMAX / bus 13,3,RAY:20.000000:BASE,VMAX_BUS_13,VMAX,13,RAY,19.9999999999699,1306.86170368,587.243518393,1577.05704189455,0.327870488335985,8.10230439936735,0.00513761023484216,24.7119051198793,BRACKET_NORMALIZATION_IS_DIAGNOSTIC_ONLY;NOT_AN_ACCEPTANCE_OR_SAFETY_CRITERION
2012-08-31 11:30:00,20120831T113000_C02,20120831T113000_C02_K3,3,VMAX / bus 13,4,RAY:30.000000:BASE,VMAX_BUS_13,VMAX,13,RAY,30.0000000001011,1202.87059241,928.788337708,1679.87334519065,0.347727877257119,3.00989400696236,0.00179173865433335,8.65588928533553,BRACKET_NORMALIZATION_IS_DIAGNOSTIC_ONLY;NOT_AN_ACCEPTANCE_OR_SAFETY_CRITERION
2012-08-31 11:30:00,20120831T113000_C02,20120831T113000_C02_K3,3,VMAX / bus 13,49,RAY:335.000000:ADAPTIVE,VMAX_BUS_13,VMAX,13,RAY,334.99999999992,2033.25562005,-1561.96376804,2555.42062280935,0.337215709310081,19.6997041850647,0.00770898693124245,58.4187024541915,BRACKET_NORMALIZATION_IS_DIAGNOSTIC_ONLY;NOT_AN_ACCEPTANCE_OR_SAFETY_CRITERION
2012-08-31 11:30:00,20120831T113000_C02,20120831T113000_C02_K3,3,VMAX / bus 13,50,RAY:340.000000:BASE,VMAX_BUS_13,VMAX,13,RAY,340.000000000035,1892.91330339,-1177.15362662,2238.04394344202,0.327870489260676,39.2257994834089,0.017526822741059,119.638091161727,BRACKET_NORMALIZATION_IS_DIAGNOSTIC_ONLY;NOT_AN_ACCEPTANCE_OR_SAFETY_CRITERION
2012-08-31 11:30:00,20120831T113000_C02,20120831T113000_C02_K3,3,VMAX / bus 13,51,RAY:345.000000:ADAPTIVE,VMAX_BUS_13,VMAX,13,RAY,345.000000000024,1781.27121471,-861.221935373,2006.00193452521,0.320089660213897,55.4645894812513,0.0276493200363632,173.278291601758,BRACKET_NORMALIZATION_IS_DIAGNOSTIC_ONLY;NOT_AN_ACCEPTANCE_OR_SAFETY_CRITERION
2012-08-31 11:30:00,20120831T113000_C02,20120831T113000_C02_K3,3,VMAX / bus 13,52,RAY:350.000000:BASE,VMAX_BUS_13,VMAX,13,RAY,350.000000000001,1688.70381932,-591.937976192,1836.06580201931,0.314233411541527,55.2924380730715,0.0301146277068397,175.959767619315,BRACKET_NORMALIZATION_IS_DIAGNOSTIC_ONLY;NOT_AN_ACCEPTANCE_OR_SAFETY_CRITERION
2012-08-31 11:30:00,20120831T113000_C02,20120831T113000_C02_K4,4,VMAX / bus 13,1,AXIS:P13_POSITIVE:AXIS,VMAX_BUS_13,VMAX,13,AXIS,3.5823500150262,1492.5,0,1590.26855695884,0.3125,1.29490788976921,0.00081426994459699,4.14370524726147,BRACKET_NORMALIZATION_IS_DIAGNOSTIC_ONLY;NOT_AN_ACCEPTANCE_OR_SAFETY_CRITERION
2012-08-31 11:30:00,20120831T113000_C02,20120831T113000_C02_K4,4,VMAX / bus 13,2,RAY:10.000000:BASE,VMAX_BUS_13,VMAX,13,RAY,10.0000000000246,1416.03592405,238.816847608,1554.82690199745,0.157116710618436,4.33608443266789,0.00278878917460035,27.5978564953427,BRACKET_NORMALIZATION_IS_DIAGNOSTIC_ONLY;NOT_AN_ACCEPTANCE_OR_SAFETY_CRITERION
2012-08-31 11:30:00,20120831T113000_C02,20120831T113000_C02_K4,4,VMAX / bus 13,3,RAY:20.000000:BASE,VMAX_BUS_13,VMAX,13,RAY,19.9999999999699,1306.86170368,587.243518393,1577.05704189455,0.327870488335985,8.1023043993663,0.00513761023484149,24.7119051198761,BRACKET_NORMALIZATION_IS_DIAGNOSTIC_ONLY;NOT_AN_ACCEPTANCE_OR_SAFETY_CRITERION
2012-08-31 11:30:00,20120831T113000_C02,20120831T113000_C02_K4,4,VMAX / bus 13,4,RAY:30.000000:BASE,VMAX_BUS_13,VMAX,13,RAY,30.0000000001011,1202.87059241,928.788337708,1679.87334519065,0.347727877257119,3.00989400696162,0.00179173865433291,8.65588928533338,BRACKET_NORMALIZATION_IS_DIAGNOSTIC_ONLY;NOT_AN_ACCEPTANCE_OR_SAFETY_CRITERION
2012-08-31 11:30:00,20120831T113000_C02,20120831T113000_C02_K4,4,VMAX / bus 13,49,RAY:335.000000:ADAPTIVE,VMAX_BUS_13,VMAX,13,RAY,334.99999999992,2033.25562005,-1561.96376804,2555.42062280935,0.337215709310081,19.6997041850625,0.00770898693124156,58.4187024541847,BRACKET_NORMALIZATION_IS_DIAGNOSTIC_ONLY;NOT_AN_ACCEPTANCE_OR_SAFETY_CRITERION
2012-08-31 11:30:00,20120831T113000_C02,20120831T113000_C02_K4,4,VMAX / bus 13,50,RAY:340.000000:BASE,VMAX_BUS_13,VMAX,13,RAY,340.000000000035,1892.91330339,-1177.15362662,2238.04394344202,0.327870489260676,12.1815965515127,0.00544296575909853,37.1536840018184,BRACKET_NORMALIZATION_IS_DIAGNOSTIC_ONLY;NOT_AN_ACCEPTANCE_OR_SAFETY_CRITERION
2012-08-31 11:30:00,20120831T113000_C02,20120831T113000_C02_K4,4,VMAX / bus 13,51,RAY:345.000000:ADAPTIVE,VMAX_BUS_13,VMAX,13,RAY,345.000000000024,1781.27121471,-861.221935373,2006.00193452521,0.320089660213897,3.32495867213802,0.00165750521717467,10.3875853719116,BRACKET_NORMALIZATION_IS_DIAGNOSTIC_ONLY;NOT_AN_ACCEPTANCE_OR_SAFETY_CRITERION
2012-08-31 11:30:00,20120831T113000_C02,20120831T113000_C02_K5,5,VMAX / bus 13,0,RAY:0.000000:BASE,VMAX_BUS_13,VMAX,13,RAY,0,1538.59414673,-142.109375,1630.00039673,0.309356690000186,0.59374693809485,0.000364261836552915,1.91929561340501,BRACKET_NORMALIZATION_IS_DIAGNOSTIC_ONLY;NOT_AN_ACCEPTANCE_OR_SAFETY_CRITERION
2012-08-31 11:30:00,20120831T113000_C02,20120831T113000_C02_K5,5,VMAX / bus 13,3,RAY:20.000000:BASE,VMAX_BUS_13,VMAX,13,RAY,19.9999999999699,1306.86170368,587.243518393,1577.05704189455,0.327870488335985,2.30460513328458,0.00146133276860805,7.02901058579857,BRACKET_NORMALIZATION_IS_DIAGNOSTIC_ONLY;NOT_AN_ACCEPTANCE_OR_SAFETY_CRITERION
2012-08-31 11:30:00,20120831T113000_C02,20120831T113000_C02_K5,5,VMAX / bus 13,4,RAY:30.000000:BASE,VMAX_BUS_13,VMAX,13,RAY,30.0000000001011,1202.87059241,928.788337708,1679.87334519065,0.347727877257119,3.00989400696236,0.00179173865433335,8.65588928533553,BRACKET_NORMALIZATION_IS_DIAGNOSTIC_ONLY;NOT_AN_ACCEPTANCE_OR_SAFETY_CRITERION
2012-08-31 11:30:00,20120831T113000_C02,20120831T113000_C02_K5,5,VMAX / bus 13,49,RAY:335.000000:ADAPTIVE,VMAX_BUS_13,VMAX,13,RAY,334.99999999992,2033.25562005,-1561.96376804,2555.42062280935,0.337215709310081,17.3346304587599,0.00678347443236282,51.4051687990021,BRACKET_NORMALIZATION_IS_DIAGNOSTIC_ONLY;NOT_AN_ACCEPTANCE_OR_SAFETY_CRITERION
2012-08-31 11:30:00,20120831T113000_C02,20120831T113000_C02_K5,5,VMAX / bus 13,50,RAY:340.000000:BASE,VMAX_BUS_13,VMAX,13,RAY,340.000000000035,1892.91330339,-1177.15362662,2238.04394344202,0.327870489260676,4.17693146528124,0.00186633130127789,12.7395773700156,BRACKET_NORMALIZATION_IS_DIAGNOSTIC_ONLY;NOT_AN_ACCEPTANCE_OR_SAFETY_CRITERION
2012-09-03 07:00:00,20120903T070000_C01,20120903T070000_C01_K3,3,VMAX / bus 30,8,RAY:70.000000:BASE,VMAX_BUS_30,VMAX,30,RAY,69.9999999999412,714.263922294,2249.69488995,2024.46206411417,0.216219382130302,1.90885032775522,0.000942892614088309,8.82830349873479,BRACKET_NORMALIZATION_IS_DIAGNOSTIC_ONLY;NOT_AN_ACCEPTANCE_OR_SAFETY_CRITERION
2012-09-03 07:00:00,20120903T070000_C01,20120903T070000_C01_K3,3,VMAX / bus 30,9,RAY:80.000000:BASE,VMAX_BUS_30,VMAX,30,RAY,80.0000000000281,470.98154864,2356.43257821,2084.70197396975,0.442611875966294,6.74793394750667,0.00323688183335724,15.2457137142442,BRACKET_NORMALIZATION_IS_DIAGNOSTIC_ONLY;NOT_AN_ACCEPTANCE_OR_SAFETY_CRITERION
2012-09-03 07:00:00,20120903T070000_C01,20120903T070000_C01_K3,3,VMAX / bus 30,10,RAY:90.000000:BASE,VMAX_BUS_30,VMAX,30,RAY,90,216.953125,2470.8795929,2183.6139679,0.446090690000347,15.2518297094991,0.0069846730849441,34.1899753825556,BRACKET_NORMALIZATION_IS_DIAGNOSTIC_ONLY;NOT_AN_ACCEPTANCE_OR_SAFETY_CRITERION
2012-09-03 07:00:00,20120903T070000_C01,20120903T070000_C01_K3,3,VMAX / bus 30,11,AXIS:P30_POSITIVE:AXIS,VMAX_BUS_30,VMAX,30,AXIS,97.7688087026033,0,2571.25,2294.26530368469,0.3125,26.0370789984257,0.0113487655314357,83.3186527949623,BRACKET_NORMALIZATION_IS_DIAGNOSTIC_ONLY;NOT_AN_ACCEPTANCE_OR_SAFETY_CRITERION
2012-09-03 07:00:00,20120903T070000_C01,20120903T070000_C01_K3,3,VMAX / bus 30,12,RAY:100.000000:BASE,VMAX_BUS_30,VMAX,30,RAY,100.000000000015,-67.332187316,2602.88749556,2333.00724092627,0.442611885879486,30.129263254709,0.0129143462249808,68.0715186733881,BRACKET_NORMALIZATION_IS_DIAGNOSTIC_ONLY;NOT_AN_ACCEPTANCE_OR_SAFETY_CRITERION
2012-09-03 07:00:00,20120903T070000_C01,20120903T070000_C01_K3,3,VMAX / bus 30,13,RAY:105.000000:ADAPTIVE,VMAX_BUS_30,VMAX,30,RAY,104.999999999988,-229.517902781,2680.43160807,2434.45677742925,0.438324944649263,42.021823420694,0.0172612731555942,95.8691124784578,BRACKET_NORMALIZATION_IS_DIAGNOSTIC_ONLY;NOT_AN_ACCEPTANCE_OR_SAFETY_CRITERION
2012-09-03 07:00:00,20120903T070000_C01,20120903T070000_C01_K3,3,VMAX / bus 30,14,RAY:110.000000:BASE,VMAX_BUS_30,VMAX,30,RAY,109.999999999968,-412.028447311,2769.27858619,2560.46990957167,0.432438754812358,41.1984577686969,0.0160901940751917,95.2700406941407,BRACKET_NORMALIZATION_IS_DIAGNOSTIC_ONLY;NOT_AN_ACCEPTANCE_OR_SAFETY_CRITERION
2012-09-03 07:00:00,20120903T070000_C01,20120903T070000_C01_K3,3,VMAX / bus 30,15,RAY:115.000000:ADAPTIVE,VMAX_BUS_30,VMAX,30,RAY,114.999999999976,-623.124484154,2874.75665567,2720.44853345907,0.425070079851329,27.0399526383841,0.00993952001143084,63.6129285971892,BRACKET_NORMALIZATION_IS_DIAGNOSTIC_ONLY;NOT_AN_ACCEPTANCE_OR_SAFETY_CRITERION
2012-09-03 07:00:00,20120903T070000_C01,20120903T070000_C01_K3,3,VMAX / bus 30,16,RAY:120.000000:BASE,VMAX_BUS_30,VMAX,30,RAY,120.000000000016,-875.245933533,3004.29551843,2928.33574325975,0.416370789220884,12.2447239994122,0.00418146178340251,29.4082205486235,BRACKET_NORMALIZATION_IS_DIAGNOSTIC_ONLY;NOT_AN_ACCEPTANCE_OR_SAFETY_CRITERION
2012-09-03 07:00:00,20120903T070000_C01,20120903T070000_C01_K4,4,VMAX / bus 30,8,RAY:70.000000:BASE,VMAX_BUS_30,VMAX,30,RAY,69.9999999999412,714.263922294,2249.69488995,2024.46206411417,0.216219382130302,1.90885032775387,0.000942892614087643,8.82830349872855,BRACKET_NORMALIZATION_IS_DIAGNOSTIC_ONLY;NOT_AN_ACCEPTANCE_OR_SAFETY_CRITERION
2012-09-03 07:00:00,20120903T070000_C01,20120903T070000_C01_K4,4,VMAX / bus 30,9,RAY:80.000000:BASE,VMAX_BUS_30,VMAX,30,RAY,80.0000000000281,470.98154864,2356.43257821,2084.70197396975,0.442611875966294,6.17593850657269,0.00296250427336253,13.9533953830082,BRACKET_NORMALIZATION_IS_DIAGNOSTIC_ONLY;NOT_AN_ACCEPTANCE_OR_SAFETY_CRITERION
2012-09-03 07:00:00,20120903T070000_C01,20120903T070000_C01_K4,4,VMAX / bus 30,10,RAY:90.000000:BASE,VMAX_BUS_30,VMAX,30,RAY,90,216.953125,2470.8795929,2183.6139679,0.446090690000347,1.5697466737433,0.000718875541565134,3.51889584098265,BRACKET_NORMALIZATION_IS_DIAGNOSTIC_ONLY;NOT_AN_ACCEPTANCE_OR_SAFETY_CRITERION
2012-09-03 07:00:00,20120903T070000_C01,20120903T070000_C01_K4,4,VMAX / bus 30,13,RAY:105.000000:ADAPTIVE,VMAX_BUS_30,VMAX,30,RAY,104.999999999988,-229.517902781,2680.43160807,2434.45677742925,0.438324944649263,1.49143733193554,0.000612636603682271,3.40258374555652,BRACKET_NORMALIZATION_IS_DIAGNOSTIC_ONLY;NOT_AN_ACCEPTANCE_OR_SAFETY_CRITERION
2012-09-03 07:00:00,20120903T070000_C01,20120903T070000_C01_K4,4,VMAX / bus 30,14,RAY:110.000000:BASE,VMAX_BUS_30,VMAX,30,RAY,109.999999999968,-412.028447311,2769.27858619,2560.46990957167,0.432438754812358,5.1854606005031,0.0020251988047657,11.991202321247,BRACKET_NORMALIZATION_IS_DIAGNOSTIC_ONLY;NOT_AN_ACCEPTANCE_OR_SAFETY_CRITERION
2012-09-03 07:00:00,20120903T070000_C01,20120903T070000_C01_K4,4,VMAX / bus 30,15,RAY:115.000000:ADAPTIVE,VMAX_BUS_30,VMAX,30,RAY,114.999999999976,-623.124484154,2874.75665567,2720.44853345907,0.425070079851329,13.2973232977237,0.00488791577351255,31.2826612081812,BRACKET_NORMALIZATION_IS_DIAGNOSTIC_ONLY;NOT_AN_ACCEPTANCE_OR_SAFETY_CRITERION
2012-09-03 07:00:00,20120903T070000_C01,20120903T070000_C01_K4,4,VMAX / bus 30,16,RAY:120.000000:BASE,VMAX_BUS_30,VMAX,30,RAY,120.000000000016,-875.245933533,3004.29551843,2928.33574325975,0.416370789220884,12.2447239994119,0.0041814617834024,29.4082205486228,BRACKET_NORMALIZATION_IS_DIAGNOSTIC_ONLY;NOT_AN_ACCEPTANCE_OR_SAFETY_CRITERION
2012-09-03 07:00:00,20120903T070000_C01,20120903T070000_C01_K5,5,VMAX / bus 30,8,RAY:70.000000:BASE,VMAX_BUS_30,VMAX,30,RAY,69.9999999999412,714.263922294,2249.69488995,2024.46206411417,0.216219382130302,1.90885032775679,0.000942892614089086,8.82830349874206,BRACKET_NORMALIZATION_IS_DIAGNOSTIC_ONLY;NOT_AN_ACCEPTANCE_OR_SAFETY_CRITERION
2012-09-03 07:00:00,20120903T070000_C01,20120903T070000_C01_K5,5,VMAX / bus 30,9,RAY:80.000000:BASE,VMAX_BUS_30,VMAX,30,RAY,80.0000000000281,470.98154864,2356.43257821,2084.70197396975,0.442611875966294,2.9323192500015,0.00140658918474457,6.62503518144372,BRACKET_NORMALIZATION_IS_DIAGNOSTIC_ONLY;NOT_AN_ACCEPTANCE_OR_SAFETY_CRITERION
2012-09-03 07:00:00,20120903T070000_C01,20120903T070000_C01_K5,5,VMAX / bus 30,12,RAY:100.000000:BASE,VMAX_BUS_30,VMAX,30,RAY,100.000000000015,-67.332187316,2602.88749556,2333.00724092627,0.442611885879486,0.520390937266168,0.000223055860323673,1.17572743495609,BRACKET_NORMALIZATION_IS_DIAGNOSTIC_ONLY;NOT_AN_ACCEPTANCE_OR_SAFETY_CRITERION
2012-09-03 07:00:00,20120903T070000_C01,20120903T070000_C01_K5,5,VMAX / bus 30,15,RAY:115.000000:ADAPTIVE,VMAX_BUS_30,VMAX,30,RAY,114.999999999976,-623.124484154,2874.75665567,2720.44853345907,0.425070079851329,3.39103226365873,0.00124649748817229,7.97758399002057,BRACKET_NORMALIZATION_IS_DIAGNOSTIC_ONLY;NOT_AN_ACCEPTANCE_OR_SAFETY_CRITERION
2012-09-03 07:00:00,20120903T070000_C01,20120903T070000_C01_K5,5,VMAX / bus 30,16,RAY:120.000000:BASE,VMAX_BUS_30,VMAX,30,RAY,120.000000000016,-875.245933533,3004.29551843,2928.33574325975,0.416370789220884,12.2447239994161,0.00418146178340384,29.4082205486329,BRACKET_NORMALIZATION_IS_DIAGNOSTIC_ONLY;NOT_AN_ACCEPTANCE_OR_SAFETY_CRITERION
2012-09-03 07:00:00,20120903T070000_C02,20120903T070000_C02_K3,3,VMAX / bus 13,0,RAY:0.000000:BASE,VMAX_BUS_13,VMAX,13,RAY,0,1713.38851929,287.265625,1496.43539429,0.31059264999999,24.8383316457343,0.0165983321034178,79.9707644264445,BRACKET_NORMALIZATION_IS_DIAGNOSTIC_ONLY;NOT_AN_ACCEPTANCE_OR_SAFETY_CRITERION
2012-09-03 07:00:00,20120903T070000_C02,20120903T070000_C02_K3,3,VMAX / bus 13,1,RAY:10.000000:BASE,VMAX_BUS_13,VMAX,13,RAY,9.99999999998264,1601.64495431,637.939887302,1428.40606985511,0.31553038772759,13.4996339491467,0.0094508377092769,42.7839424480456,BRACKET_NORMALIZATION_IS_DIAGNOSTIC_ONLY;NOT_AN_ACCEPTANCE_OR_SAFETY_CRITERION
2012-09-03 07:00:00,20120903T070000_C02,20120903T070000_C02_K3,3,VMAX / bus 13,2,RAY:20.000000:BASE,VMAX_BUS_13,VMAX,13,RAY,20.0000000000663,1502.31171075,959.192733034,1450.39054480929,0.164667417320665,7.04580870041096,0.00485786998931204,42.7881168907283,BRACKET_NORMALIZATION_IS_DIAGNOSTIC_ONLY;NOT_AN_ACCEPTANCE_OR_SAFETY_CRITERION
2012-09-03 07:00:00,20120903T070000_C02,20120903T070000_C02_K3,3,VMAX / bus 13,3,RAY:30.000000:BASE,VMAX_BUS_13,VMAX,13,RAY,29.9999999999067,1406.92562781,1274.01824951,1545.87040188409,0.349428205892209,2.54205799667244,0.00164441857064745,7.27490784603864,BRACKET_NORMALIZATION_IS_DIAGNOSTIC_ONLY;NOT_AN_ACCEPTANCE_OR_SAFETY_CRITERION
2012-09-03 07:00:00,20120903T070000_C02,20120903T070000_C02_K3,3,VMAX / bus 13,48,RAY:335.000000:ADAPTIVE,VMAX_BUS_13,VMAX,13,RAY,335.000000000004,2156.71820801,-1011.86756106,2334.61680204422,0.33879216773082,14.351152299057,0.00614711257388834,42.3597522787464,BRACKET_NORMALIZATION_IS_DIAGNOSTIC_ONLY;NOT_AN_ACCEPTANCE_OR_SAFETY_CRITERION
2012-09-03 07:00:00,20120903T070000_C02,20120903T070000_C02_K3,3,VMAX / bus 13,49,RAY:340.000000:BASE,VMAX_BUS_13,VMAX,13,RAY,339.999999999998,2032.0405557,-661.57967129,2048.13324209554,0.329334817380221,28.9829985809505,0.0141509341215011,88.0046598519503,BRACKET_NORMALIZATION_IS_DIAGNOSTIC_ONLY;NOT_AN_ACCEPTANCE_OR_SAFETY_CRITERION
2012-09-03 07:00:00,20120903T070000_C02,20120903T070000_C02_K3,3,VMAX / bus 13,50,RAY:345.000000:ADAPTIVE,VMAX_BUS_13,VMAX,13,RAY,345.00000000005,1932.40723679,-372.916177558,1838.10304990932,0.32145908230657,41.7965537878905,0.0227389611207883,130.021380911023,BRACKET_NORMALIZATION_IS_DIAGNOSTIC_ONLY;NOT_AN_ACCEPTANCE_OR_SAFETY_CRITERION
2012-09-03 07:00:00,20120903T070000_C02,20120903T070000_C02_K3,3,VMAX / bus 13,51,RAY:350.000000:BASE,VMAX_BUS_13,VMAX,13,RAY,349.999999999993,1849.09706164,-126.076072292,1683.67015434465,0.315530387727594,46.2449536094269,0.0274667537997828,146.562598748338,BRACKET_NORMALIZATION_IS_DIAGNOSTIC_ONLY;NOT_AN_ACCEPTANCE_OR_SAFETY_CRITERION
2012-09-03 07:00:00,20120903T070000_C02,20120903T070000_C02_K3,3,VMAX / bus 13,52,AXIS:P13_POSITIVE:AXIS,VMAX_BUS_13,VMAX,13,AXIS,352.831328721607,1807.1875,0,1615.97243378044,0.3125,38.5298191531848,0.0238431165951558,123.295421290191,BRACKET_NORMALIZATION_IS_DIAGNOSTIC_ONLY;NOT_AN_ACCEPTANCE_OR_SAFETY_CRITERION
2012-09-03 07:00:00,20120903T070000_C02,20120903T070000_C02_K4,4,VMAX / bus 13,0,RAY:0.000000:BASE,VMAX_BUS_13,VMAX,13,RAY,0,1713.38851929,287.265625,1496.43539429,0.31059264999999,1.69238572555078,0.00113094473173281,5.44889174148467,BRACKET_NORMALIZATION_IS_DIAGNOSTIC_ONLY;NOT_AN_ACCEPTANCE_OR_SAFETY_CRITERION
2012-09-03 07:00:00,20120903T070000_C02,20120903T070000_C02_K4,4,VMAX / bus 13,1,RAY:10.000000:BASE,VMAX_BUS_13,VMAX,13,RAY,9.99999999998264,1601.64495431,637.939887302,1428.40606985511,0.31553038772759,6.20183976346571,0.00434179040144711,19.6552852108178,BRACKET_NORMALIZATION_IS_DIAGNOSTIC_ONLY;NOT_AN_ACCEPTANCE_OR_SAFETY_CRITERION
2012-09-03 07:00:00,20120903T070000_C02,20120903T070000_C02_K4,4,VMAX / bus 13,2,RAY:20.000000:BASE,VMAX_BUS_13,VMAX,13,RAY,20.0000000000663,1502.31171075,959.192733034,1450.39054480929,0.164667417320665,7.04580870040774,0.00485786998930982,42.7881168907088,BRACKET_NORMALIZATION_IS_DIAGNOSTIC_ONLY;NOT_AN_ACCEPTANCE_OR_SAFETY_CRITERION
2012-09-03 07:00:00,20120903T070000_C02,20120903T070000_C02_K4,4,VMAX / bus 13,3,RAY:30.000000:BASE,VMAX_BUS_13,VMAX,13,RAY,29.9999999999067,1406.92562781,1274.01824951,1545.87040188409,0.349428205892209,2.54205799667021,0.00164441857064601,7.27490784603225,BRACKET_NORMALIZATION_IS_DIAGNOSTIC_ONLY;NOT_AN_ACCEPTANCE_OR_SAFETY_CRITERION
2012-09-03 07:00:00,20120903T070000_C02,20120903T070000_C02_K4,4,VMAX / bus 13,48,RAY:335.000000:ADAPTIVE,VMAX_BUS_13,VMAX,13,RAY,335.000000000004,2156.71820801,-1011.86756106,2334.61680204422,0.33879216773082,14.3511522990562,0.006147112573888,42.3597522787441,BRACKET_NORMALIZATION_IS_DIAGNOSTIC_ONLY;NOT_AN_ACCEPTANCE_OR_SAFETY_CRITERION
2012-09-03 07:00:00,20120903T070000_C02,20120903T070000_C02_K4,4,VMAX / bus 13,49,RAY:340.000000:BASE,VMAX_BUS_13,VMAX,13,RAY,339.999999999998,2032.0405557,-661.57967129,2048.13324209554,0.329334817380221,6.73862477659311,0.00329013007459344,20.4613190618509,BRACKET_NORMALIZATION_IS_DIAGNOSTIC_ONLY;NOT_AN_ACCEPTANCE_OR_SAFETY_CRITERION
2012-09-03 07:00:00,20120903T070000_C02,20120903T070000_C02_K4,4,VMAX / bus 13,50,RAY:345.000000:ADAPTIVE,VMAX_BUS_13,VMAX,13,RAY,345.00000000005,1932.40723679,-372.916177558,1838.10304990932,0.32145908230657,1.54426810479677,0.000840142289559309,4.80393365686282,BRACKET_NORMALIZATION_IS_DIAGNOSTIC_ONLY;NOT_AN_ACCEPTANCE_OR_SAFETY_CRITERION
2012-09-03 07:00:00,20120903T070000_C02,20120903T070000_C02_K5,5,VMAX / bus 13,2,RAY:20.000000:BASE,VMAX_BUS_13,VMAX,13,RAY,20.0000000000663,1502.31171075,959.192733034,1450.39054480929,0.164667417320665,2.93574247062374,0.00202410480482673,17.8283142979453,BRACKET_NORMALIZATION_IS_DIAGNOSTIC_ONLY;NOT_AN_ACCEPTANCE_OR_SAFETY_CRITERION
2012-09-03 07:00:00,20120903T070000_C02,20120903T070000_C02_K5,5,VMAX / bus 13,3,RAY:30.000000:BASE,VMAX_BUS_13,VMAX,13,RAY,29.9999999999067,1406.92562781,1274.01824951,1545.87040188409,0.349428205892209,2.54205799667021,0.00164441857064601,7.27490784603225,BRACKET_NORMALIZATION_IS_DIAGNOSTIC_ONLY;NOT_AN_ACCEPTANCE_OR_SAFETY_CRITERION
2012-09-03 07:00:00,20120903T070000_C02,20120903T070000_C02_K5,5,VMAX / bus 13,48,RAY:335.000000:ADAPTIVE,VMAX_BUS_13,VMAX,13,RAY,335.000000000004,2156.71820801,-1011.86756106,2334.61680204422,0.33879216773082,13.467846274849,0.00576876096456447,39.7525313676957,BRACKET_NORMALIZATION_IS_DIAGNOSTIC_ONLY;NOT_AN_ACCEPTANCE_OR_SAFETY_CRITERION
2012-09-03 07:00:00,20120903T070000_C02,20120903T070000_C02_K5,5,VMAX / bus 13,49,RAY:340.000000:BASE,VMAX_BUS_13,VMAX,13,RAY,339.999999999998,2032.0405557,-661.57967129,2048.13324209554,0.329334817380221,3.02452424463944,0.0014767224038339,9.18373668687325,BRACKET_NORMALIZATION_IS_DIAGNOSTIC_ONLY;NOT_AN_ACCEPTANCE_OR_SAFETY_CRITERION
2012-09-03 07:00:00,20120903T070000_C02,20120903T070000_C02_K5,5,VMAX / bus 13,52,AXIS:P13_POSITIVE:AXIS,VMAX_BUS_13,VMAX,13,AXIS,352.831328721607,1807.1875,0,1615.97243378044,0.3125,0.694694649277385,0.00042989263601001,2.22302287768763,BRACKET_NORMALIZATION_IS_DIAGNOSTIC_ONLY;NOT_AN_ACCEPTANCE_OR_SAFETY_CRITERION
2012-10-15 13:00:00,20121015T130000_C02,20121015T130000_C02_K3,3,VMAX / bus 13,0,RAY:0.000000:BASE,VMAX_BUS_13,VMAX,13,RAY,0,1519.97871399,-187.8125,1644.11933899,0.309219360000043,30.2319477438175,0.0183879278266925,97.7686123657113,BRACKET_NORMALIZATION_IS_DIAGNOSTIC_ONLY;NOT_AN_ACCEPTANCE_OR_SAFETY_CRITERION
2012-10-15 13:00:00,20121015T130000_C02,20121015T130000_C02_K3,3,VMAX / bus 13,1,AXIS:P13_POSITIVE:AXIS,VMAX_BUS_13,VMAX,13,AXIS,4.73293901050681,1459.0625,0,1594.30413352221,0.3125,22.9057344963896,0.0143672302007931,73.2983503884468,BRACKET_NORMALIZATION_IS_DIAGNOSTIC_ONLY;NOT_AN_ACCEPTANCE_OR_SAFETY_CRITERION
2012-10-15 13:00:00,20121015T130000_C02,20121015T130000_C02_K3,3,VMAX / bus 13,2,RAY:10.000000:BASE,VMAX_BUS_13,VMAX,13,RAY,10.0000000000211,1396.1835801,196.288254853,1568.09409108369,0.15704497486119,16.6326670292868,0.0106069317675906,105.910214853982,BRACKET_NORMALIZATION_IS_DIAGNOSTIC_ONLY;NOT_AN_ACCEPTANCE_OR_SAFETY_CRITERION
2012-10-15 13:00:00,20121015T130000_C02,20121015T130000_C02_K3,3,VMAX / bus 13,3,RAY:20.000000:BASE,VMAX_BUS_13,VMAX,13,RAY,20.0000000000319,1286.14645699,547.655151594,1590.54151790171,0.163855110176152,8.51037068374451,0.0053506120952892,51.9383904145281,BRACKET_NORMALIZATION_IS_DIAGNOSTIC_ONLY;NOT_AN_ACCEPTANCE_OR_SAFETY_CRITERION
2012-10-15 13:00:00,20121015T130000_C02,20121015T130000_C02_K3,3,VMAX / bus 13,4,RAY:30.000000:BASE,VMAX_BUS_13,VMAX,13,RAY,30.0000000000915,1181.07671253,891.910583496,1693.9286393538,0.347543839319879,3.11818104486953,0.00184079835031248,8.97205098203327,BRACKET_NORMALIZATION_IS_DIAGNOSTIC_ONLY;NOT_AN_ACCEPTANCE_OR_SAFETY_CRITERION
2012-10-15 13:00:00,20121015T130000_C02,20121015T130000_C02_K3,3,VMAX / bus 13,49,RAY:340.000000:BASE,VMAX_BUS_13,VMAX,13,RAY,339.999999999913,1877.89460626,-1231.87804435,2257.92336630479,0.655420422971076,8.77001808128793,0.00388410794279548,13.3807519172697,BRACKET_NORMALIZATION_IS_DIAGNOSTIC_ONLY;NOT_AN_ACCEPTANCE_OR_SAFETY_CRITERION
2012-10-15 13:00:00,20121015T130000_C02,20121015T130000_C02_K3,3,VMAX / bus 13,50,RAY:345.000000:ADAPTIVE,VMAX_BUS_13,VMAX,13,RAY,345.000000000009,1765.32781888,-913.220390538,2023.93369656051,0.319938928350717,19.2643140307853,0.0095182535196302,60.2124728306514,BRACKET_NORMALIZATION_IS_DIAGNOSTIC_ONLY;NOT_AN_ACCEPTANCE_OR_SAFETY_CRITERION
2012-10-15 13:00:00,20121015T130000_C02,20121015T130000_C02_K3,3,VMAX / bus 13,51,RAY:350.000000:BASE,VMAX_BUS_13,VMAX,13,RAY,350.00000000001,1671.62338852,-641.501463719,1852.18845370925,0.314089949722601,29.0019838253898,0.0156582251483695,92.3365547067133,BRACKET_NORMALIZATION_IS_DIAGNOSTIC_ONLY;NOT_AN_ACCEPTANCE_OR_SAFETY_CRITERION
2012-10-15 13:00:00,20121015T130000_C02,20121015T130000_C02_K4,4,VMAX / bus 13,2,RAY:10.000000:BASE,VMAX_BUS_13,VMAX,13,RAY,10.0000000000211,1396.1835801,196.288254853,1568.09409108369,0.15704497486119,0.749649530847804,0.00047806412581386,4.77347034828978,BRACKET_NORMALIZATION_IS_DIAGNOSTIC_ONLY;NOT_AN_ACCEPTANCE_OR_SAFETY_CRITERION
2012-10-15 13:00:00,20121015T130000_C02,20121015T130000_C02_K4,4,VMAX / bus 13,3,RAY:20.000000:BASE,VMAX_BUS_13,VMAX,13,RAY,20.0000000000319,1286.14645699,547.655151594,1590.54151790171,0.163855110176152,4.5470161847641,0.0028587849695132,27.7502250608836,BRACKET_NORMALIZATION_IS_DIAGNOSTIC_ONLY;NOT_AN_ACCEPTANCE_OR_SAFETY_CRITERION
2012-10-15 13:00:00,20121015T130000_C02,20121015T130000_C02_K4,4,VMAX / bus 13,4,RAY:30.000000:BASE,VMAX_BUS_13,VMAX,13,RAY,30.0000000000915,1181.07671253,891.910583496,1693.9286393538,0.347543839319879,3.11818104486953,0.00184079835031248,8.97205098203327,BRACKET_NORMALIZATION_IS_DIAGNOSTIC_ONLY;NOT_AN_ACCEPTANCE_OR_SAFETY_CRITERION
2012-10-15 13:00:00,20121015T130000_C02,20121015T130000_C02_K4,4,VMAX / bus 13,49,RAY:340.000000:BASE,VMAX_BUS_13,VMAX,13,RAY,339.999999999913,1877.89460626,-1231.87804435,2257.92336630479,0.655420422971076,8.77001808128943,0.00388410794279614,13.380751917272,BRACKET_NORMALIZATION_IS_DIAGNOSTIC_ONLY;NOT_AN_ACCEPTANCE_OR_SAFETY_CRITERION
2012-10-15 13:00:00,20121015T130000_C02,20121015T130000_C02_K4,4,VMAX / bus 13,50,RAY:345.000000:ADAPTIVE,VMAX_BUS_13,VMAX,13,RAY,345.000000000009,1765.32781888,-913.220390538,2023.93369656051,0.319938928350717,12.3160196964746,0.006085189310996,38.4949082625351,BRACKET_NORMALIZATION_IS_DIAGNOSTIC_ONLY;NOT_AN_ACCEPTANCE_OR_SAFETY_CRITERION
2012-10-15 13:00:00,20121015T130000_C02,20121015T130000_C02_K4,4,VMAX / bus 13,51,RAY:350.000000:BASE,VMAX_BUS_13,VMAX,13,RAY,350.00000000001,1671.62338852,-641.501463719,1852.18845370925,0.314089949722601,5.04727286857915,0.00272503203357699,16.0695140772152,BRACKET_NORMALIZATION_IS_DIAGNOSTIC_ONLY;NOT_AN_ACCEPTANCE_OR_SAFETY_CRITERION
2012-10-15 13:00:00,20121015T130000_C02,20121015T130000_C02_K5,5,VMAX / bus 13,0,RAY:0.000000:BASE,VMAX_BUS_13,VMAX,13,RAY,0,1519.97871399,-187.8125,1644.11933899,0.309219360000043,3.50679016603808,0.00213292921193442,11.3407846327526,BRACKET_NORMALIZATION_IS_DIAGNOSTIC_ONLY;NOT_AN_ACCEPTANCE_OR_SAFETY_CRITERION
2012-10-15 13:00:00,20121015T130000_C02,20121015T130000_C02_K5,5,VMAX / bus 13,1,AXIS:P13_POSITIVE:AXIS,VMAX_BUS_13,VMAX,13,AXIS,4.73293901050681,1459.0625,0,1594.30413352221,0.3125,1.36667412216389,0.000857222968584148,4.37335719092445,BRACKET_NORMALIZATION_IS_DIAGNOSTIC_ONLY;NOT_AN_ACCEPTANCE_OR_SAFETY_CRITERION
2012-10-15 13:00:00,20121015T130000_C02,20121015T130000_C02_K5,5,VMAX / bus 13,4,RAY:30.000000:BASE,VMAX_BUS_13,VMAX,13,RAY,30.0000000000915,1181.07671253,891.910583496,1693.9286393538,0.347543839319879,2.82462540134133,0.0016674996429713,8.12739309915243,BRACKET_NORMALIZATION_IS_DIAGNOSTIC_ONLY;NOT_AN_ACCEPTANCE_OR_SAFETY_CRITERION
2012-10-15 13:00:00,20121015T130000_C02,20121015T130000_C02_K5,5,VMAX / bus 13,49,RAY:340.000000:BASE,VMAX_BUS_13,VMAX,13,RAY,339.999999999913,1877.89460626,-1231.87804435,2257.92336630479,0.655420422971076,3.67867587071744,0.00162922972746316,5.61269643390374,BRACKET_NORMALIZATION_IS_DIAGNOSTIC_ONLY;NOT_AN_ACCEPTANCE_OR_SAFETY_CRITERION
2013-04-07 02:00:00,20130407T020000_C01,20130407T020000_C01_K3,3,VMAX / bus 30,8,RAY:70.000000:BASE,VMAX_BUS_30,VMAX,30,RAY,69.9999999999802,575.439578739,2092.22299899,2082.81455870818,0.215567639339331,2.46270262287765,0.00118239168848766,11.4242686445206,BRACKET_NORMALIZATION_IS_DIAGNOSTIC_ONLY;NOT_AN_ACCEPTANCE_OR_SAFETY_CRITERION
2013-04-07 02:00:00,20130407T020000_C01,20130407T020000_C01_K3,3,VMAX / bus 30,9,RAY:80.000000:BASE,VMAX_BUS_30,VMAX,30,RAY,80.0000000000309,324.925604604,2202.28852776,2144.94687714348,0.441256300075643,7.39663291123175,0.00344839911423922,16.7626681136649,BRACKET_NORMALIZATION_IS_DIAGNOSTIC_ONLY;NOT_AN_ACCEPTANCE_OR_SAFETY_CRITERION
2013-04-07 02:00:00,20130407T020000_C01,20130407T020000_C01_K3,3,VMAX / bus 30,10,RAY:90.000000:BASE,VMAX_BUS_30,VMAX,30,RAY,90,63.28125,2320.96115112,2247.60177612,0.444717410000067,16.7406733609301,0.0074482381793759,37.6433955237497,BRACKET_NORMALIZATION_IS_DIAGNOSTIC_ONLY;NOT_AN_ACCEPTANCE_OR_SAFETY_CRITERION
2013-04-07 02:00:00,20130407T020000_C01,20130407T020000_C01_K3,3,VMAX / bus 30,11,AXIS:P30_POSITIVE:AXIS,VMAX_BUS_30,VMAX,30,AXIS,92.2834010427772,0,2350.3125,2277.83231385649,0.3125,19.8100301684664,0.00869687818895104,63.3920965390925,BRACKET_NORMALIZATION_IS_DIAGNOSTIC_ONLY;NOT_AN_ACCEPTANCE_OR_SAFETY_CRITERION
2013-04-07 02:00:00,20130407T020000_C01,20130407T020000_C01_K3,3,VMAX / bus 30,12,RAY:100.000000:BASE,VMAX_BUS_30,VMAX,30,RAY,100.000000000025,-229.823940907,2458.27682024,2402.86118482669,0.220628155000657,33.1630520648239,0.013801484777497,150.311967503536,BRACKET_NORMALIZATION_IS_DIAGNOSTIC_ONLY;NOT_AN_ACCEPTANCE_OR_SAFETY_CRITERION
2013-04-07 02:00:00,20130407T020000_C01,20130407T020000_C01_K3,3,VMAX / bus 30,13,RAY:105.000000:ADAPTIVE,VMAX_BUS_30,VMAX,30,RAY,105.000000000018,-397.132168912,2538.62733766,2507.89286932916,0.436991265934496,45.7517382160415,0.0182430991273881,104.69714564707,BRACKET_NORMALIZATION_IS_DIAGNOSTIC_ONLY;NOT_AN_ACCEPTANCE_OR_SAFETY_CRITERION
2013-04-07 02:00:00,20130407T020000_C01,20130407T020000_C01_K3,3,VMAX / bus 30,14,RAY:110.000000:BASE,VMAX_BUS_30,VMAX,30,RAY,110.000000000012,-585.636392354,2631.31098801,2638.97907552499,0.431135288126093,46.6136553763787,0.0176635183691654,108.118394991471,BRACKET_NORMALIZATION_IS_DIAGNOSTIC_ONLY;NOT_AN_ACCEPTANCE_OR_SAFETY_CRITERION
2013-04-07 02:00:00,20130407T020000_C01,20130407T020000_C01_K3,3,VMAX / bus 30,15,RAY:115.000000:ADAPTIVE,VMAX_BUS_30,VMAX,30,RAY,114.999999999972,-803.92373631,2741.55599671,2805.58687272121,0.423804654780863,30.7781595184183,0.0109703106389879,72.6234579333084,BRACKET_NORMALIZATION_IS_DIAGNOSTIC_ONLY;NOT_AN_ACCEPTANCE_OR_SAFETY_CRITERION
2013-04-07 02:00:00,20130407T020000_C01,20130407T020000_C01_K3,3,VMAX / bus 30,16,RAY:120.000000:BASE,VMAX_BUS_30,VMAX,30,RAY,120.00000000007,-1065.15376282,2877.53875692,3022.71195851396,0.415150658222682,14.2399464914094,0.00471098360904032,34.3006718389238,BRACKET_NORMALIZATION_IS_DIAGNOSTIC_ONLY;NOT_AN_ACCEPTANCE_OR_SAFETY_CRITERION
2013-04-07 02:00:00,20130407T020000_C01,20130407T020000_C01_K4,4,VMAX / bus 30,8,RAY:70.000000:BASE,VMAX_BUS_30,VMAX,30,RAY,69.9999999999802,575.439578739,2092.22299899,2082.81455870818,0.215567639339331,2.46270262287765,0.00118239168848766,11.4242686445206,BRACKET_NORMALIZATION_IS_DIAGNOSTIC_ONLY;NOT_AN_ACCEPTANCE_OR_SAFETY_CRITERION
2013-04-07 02:00:00,20130407T020000_C01,20130407T020000_C01_K4,4,VMAX / bus 30,9,RAY:80.000000:BASE,VMAX_BUS_30,VMAX,30,RAY,80.0000000000309,324.925604604,2202.28852776,2144.94687714348,0.441256300075643,4.39709442250712,0.00204997823925734,9.96494423253185,BRACKET_NORMALIZATION_IS_DIAGNOSTIC_ONLY;NOT_AN_ACCEPTANCE_OR_SAFETY_CRITERION
2013-04-07 02:00:00,20130407T020000_C01,20130407T020000_C01_K4,4,VMAX / bus 30,10,RAY:90.000000:BASE,VMAX_BUS_30,VMAX,30,RAY,90,63.28125,2320.96115112,2247.60177612,0.444717410000067,0.376263975407549,0.000167406868692321,0.846074309093256,BRACKET_NORMALIZATION_IS_DIAGNOSTIC_ONLY;NOT_AN_ACCEPTANCE_OR_SAFETY_CRITERION
2013-04-07 02:00:00,20130407T020000_C01,20130407T020000_C01_K4,4,VMAX / bus 30,13,RAY:105.000000:ADAPTIVE,VMAX_BUS_30,VMAX,30,RAY,105.000000000018,-397.132168912,2538.62733766,2507.89286932916,0.436991265934496,1.95613385834279,0.000779990996531699,4.47636831861992,BRACKET_NORMALIZATION_IS_DIAGNOSTIC_ONLY;NOT_AN_ACCEPTANCE_OR_SAFETY_CRITERION
2013-04-07 02:00:00,20130407T020000_C01,20130407T020000_C01_K4,4,VMAX / bus 30,14,RAY:110.000000:BASE,VMAX_BUS_30,VMAX,30,RAY,110.000000000012,-585.636392354,2631.31098801,2638.97907552499,0.431135288126093,6.89200832126276,0.0026116191618123,15.9857207495552,BRACKET_NORMALIZATION_IS_DIAGNOSTIC_ONLY;NOT_AN_ACCEPTANCE_OR_SAFETY_CRITERION
2013-04-07 02:00:00,20130407T020000_C01,20130407T020000_C01_K4,4,VMAX / bus 30,15,RAY:115.000000:ADAPTIVE,VMAX_BUS_30,VMAX,30,RAY,114.999999999972,-803.92373631,2741.55599671,2805.58687272121,0.423804654780863,16.8578895583663,0.00600868564159462,39.7774997706975,BRACKET_NORMALIZATION_IS_DIAGNOSTIC_ONLY;NOT_AN_ACCEPTANCE_OR_SAFETY_CRITERION
2013-04-07 02:00:00,20130407T020000_C01,20130407T020000_C01_K4,4,VMAX / bus 30,16,RAY:120.000000:BASE,VMAX_BUS_30,VMAX,30,RAY,120.00000000007,-1065.15376282,2877.53875692,3022.71195851396,0.415150658222682,14.2399464914084,0.00471098360903999,34.3006718389214,BRACKET_NORMALIZATION_IS_DIAGNOSTIC_ONLY;NOT_AN_ACCEPTANCE_OR_SAFETY_CRITERION
2013-04-07 02:00:00,20130407T020000_C01,20130407T020000_C01_K5,5,VMAX / bus 30,8,RAY:70.000000:BASE,VMAX_BUS_30,VMAX,30,RAY,69.9999999999802,575.439578739,2092.22299899,2082.81455870818,0.215567639339331,2.46270262287857,0.0011823916884881,11.4242686445249,BRACKET_NORMALIZATION_IS_DIAGNOSTIC_ONLY;NOT_AN_ACCEPTANCE_OR_SAFETY_CRITERION
2013-04-07 02:00:00,20130407T020000_C01,20130407T020000_C01_K5,5,VMAX / bus 30,9,RAY:80.000000:BASE,VMAX_BUS_30,VMAX,30,RAY,80.0000000000309,324.925604604,2202.28852776,2144.94687714348,0.441256300075643,2.55859775510692,0.00119284900823013,5.79843903569946,BRACKET_NORMALIZATION_IS_DIAGNOSTIC_ONLY;NOT_AN_ACCEPTANCE_OR_SAFETY_CRITERION
2013-04-07 02:00:00,20130407T020000_C01,20130407T020000_C01_K5,5,VMAX / bus 30,12,RAY:100.000000:BASE,VMAX_BUS_30,VMAX,30,RAY,100.000000000025,-229.823940907,2458.27682024,2402.86118482669,0.220628155000657,1.46001799516387,0.000607616455075899,6.61755067098992,BRACKET_NORMALIZATION_IS_DIAGNOSTIC_ONLY;NOT_AN_ACCEPTANCE_OR_SAFETY_CRITERION
2013-04-07 02:00:00,20130407T020000_C01,20130407T020000_C01_K5,5,VMAX / bus 30,15,RAY:115.000000:ADAPTIVE,VMAX_BUS_30,VMAX,30,RAY,114.999999999972,-803.92373631,2741.55599671,2805.58687272121,0.423804654780863,3.65133995141642,0.00130145317791386,8.61562021612156,BRACKET_NORMALIZATION_IS_DIAGNOSTIC_ONLY;NOT_AN_ACCEPTANCE_OR_SAFETY_CRITERION
2013-04-07 02:00:00,20130407T020000_C01,20130407T020000_C01_K5,5,VMAX / bus 30,16,RAY:120.000000:BASE,VMAX_BUS_30,VMAX,30,RAY,120.00000000007,-1065.15376282,2877.53875692,3022.71195851396,0.415150658222682,14.0548793840059,0.0046497580903857,33.8548888352407,BRACKET_NORMALIZATION_IS_DIAGNOSTIC_ONLY;NOT_AN_ACCEPTANCE_OR_SAFETY_CRITERION
2013-04-07 02:00:00,20130407T020000_C02,20130407T020000_C02_K3,3,VMAX / bus 13,0,RAY:0.000000:BASE,VMAX_BUS_13,VMAX,13,RAY,0,1626.44503784,73.359375,1563.16378784,0.309967039999947,26.0980719692707,0.0166956733339718,84.1962808990115,BRACKET_NORMALIZATION_IS_DIAGNOSTIC_ONLY;NOT_AN_ACCEPTANCE_OR_SAFETY_CRITERION
2013-04-07 02:00:00,20130407T020000_C02,20130407T020000_C02_K3,3,VMAX / bus 13,1,RAY:10.000000:BASE,VMAX_BUS_13,VMAX,13,RAY,10.0000000000049,1509.28813627,439.171203097,1491.56099731655,0.314874608457352,14.0439392315975,0.00941559832743266,44.6016885909034,BRACKET_NORMALIZATION_IS_DIAGNOSTIC_ONLY;NOT_AN_ACCEPTANCE_OR_SAFETY_CRITERION
2013-04-07 02:00:00,20130407T020000_C02,20130407T020000_C02_K3,3,VMAX / bus 13,2,RAY:20.000000:BASE,VMAX_BUS_13,VMAX,13,RAY,20.0000000000285,1405.17937538,774.094723431,1513.84299299467,0.164298132163307,7.10455104389893,0.00469305672832343,43.2418247873764,BRACKET_NORMALIZATION_IS_DIAGNOSTIC_ONLY;NOT_AN_ACCEPTANCE_OR_SAFETY_CRITERION
2013-04-07 02:00:00,20130407T020000_C02,20130407T020000_C02_K3,3,VMAX / bus 13,3,RAY:30.000000:BASE,VMAX_BUS_13,VMAX,13,RAY,30.0000000000084,1305.48425816,1102.32427597,1613.0211036778,0.174286452948485,2.47822493625785,0.00153638717472904,14.2192631402646,BRACKET_NORMALIZATION_IS_DIAGNOSTIC_ONLY;NOT_AN_ACCEPTANCE_OR_SAFETY_CRITERION
2013-04-07 02:00:00,20130407T020000_C02,20130407T020000_C02_K3,3,VMAX / bus 13,48,RAY:335.000000:ADAPTIVE,VMAX_BUS_13,VMAX,13,RAY,335.000000000056,2094.93477696,-1285.8639101,2444.40258393887,0.67599628748324,16.8861698861545,0.00690809688923844,24.9796784373216,BRACKET_NORMALIZATION_IS_DIAGNOSTIC_ONLY;NOT_AN_ACCEPTANCE_OR_SAFETY_CRITERION
2013-04-07 02:00:00,20130407T020000_C02,20130407T020000_C02_K3,3,VMAX / bus 13,49,RAY:340.000000:BASE,VMAX_BUS_13,VMAX,13,RAY,339.999999999971,1962.6773159,-918.499797372,2142.7762442623,0.328596264326465,33.9212793332181,0.0158305280003215,103.230873311198,BRACKET_NORMALIZATION_IS_DIAGNOSTIC_ONLY;NOT_AN_ACCEPTANCE_OR_SAFETY_CRITERION
2013-04-07 02:00:00,20130407T020000_C02,20130407T020000_C02_K3,3,VMAX / bus 13,50,RAY:345.000000:ADAPTIVE,VMAX_BUS_13,VMAX,13,RAY,344.999999999988,1857.31702993,-616.327822396,1922.03871186847,0.320767474833878,48.5360215460125,0.0252523641934502,151.312166456866,BRACKET_NORMALIZATION_IS_DIAGNOSTIC_ONLY;NOT_AN_ACCEPTANCE_OR_SAFETY_CRITERION
2013-04-07 02:00:00,20130407T020000_C02,20130407T020000_C02_K3,3,VMAX / bus 13,51,RAY:350.000000:BASE,VMAX_BUS_13,VMAX,13,RAY,350.000000000003,1769.36790556,-358.247614073,1759.83415960043,0.314874598517601,49.3498653816398,0.0280423385990215,156.72863296682,BRACKET_NORMALIZATION_IS_DIAGNOSTIC_ONLY;NOT_AN_ACCEPTANCE_OR_SAFETY_CRITERION
2013-04-07 02:00:00,20130407T020000_C02,20130407T020000_C02_K3,3,VMAX / bus 13,52,AXIS:P13_POSITIVE:AXIS,VMAX_BUS_13,VMAX,13,AXIS,358.154670329451,1650.3125,0,1588.72583738572,0.3125,29.195422663783,0.0183766273429685,93.4253525241055,BRACKET_NORMALIZATION_IS_DIAGNOSTIC_ONLY;NOT_AN_ACCEPTANCE_OR_SAFETY_CRITERION
2013-04-07 02:00:00,20130407T020000_C02,20130407T020000_C02_K4,4,VMAX / bus 13,0,RAY:0.000000:BASE,VMAX_BUS_13,VMAX,13,RAY,0,1626.44503784,73.359375,1563.16378784,0.309967039999947,0.511849241285218,0.000327444408108057,1.6513021554979,BRACKET_NORMALIZATION_IS_DIAGNOSTIC_ONLY;NOT_AN_ACCEPTANCE_OR_SAFETY_CRITERION
2013-04-07 02:00:00,20130407T020000_C02,20130407T020000_C02_K4,4,VMAX / bus 13,1,RAY:10.000000:BASE,VMAX_BUS_13,VMAX,13,RAY,10.0000000000049,1509.28813627,439.171203097,1491.56099731655,0.314874608457352,4.68536453432896,0.00314124902887536,14.8800964208696,BRACKET_NORMALIZATION_IS_DIAGNOSTIC_ONLY;NOT_AN_ACCEPTANCE_OR_SAFETY_CRITERION
2013-04-07 02:00:00,20130407T020000_C02,20130407T020000_C02_K4,4,VMAX / bus 13,2,RAY:20.000000:BASE,VMAX_BUS_13,VMAX,13,RAY,20.0000000000285,1405.17937538,774.094723431,1513.84299299467,0.164298132163307,7.10455104389927,0.00469305672832365,43.2418247873785,BRACKET_NORMALIZATION_IS_DIAGNOSTIC_ONLY;NOT_AN_ACCEPTANCE_OR_SAFETY_CRITERION
2013-04-07 02:00:00,20130407T020000_C02,20130407T020000_C02_K4,4,VMAX / bus 13,3,RAY:30.000000:BASE,VMAX_BUS_13,VMAX,13,RAY,30.0000000000084,1305.48425816,1102.32427597,1613.0211036778,0.174286452948485,2.47822493625803,0.00153638717472915,14.2192631402656,BRACKET_NORMALIZATION_IS_DIAGNOSTIC_ONLY;NOT_AN_ACCEPTANCE_OR_SAFETY_CRITERION
2013-04-07 02:00:00,20130407T020000_C02,20130407T020000_C02_K4,4,VMAX / bus 13,48,RAY:335.000000:ADAPTIVE,VMAX_BUS_13,VMAX,13,RAY,335.000000000056,2094.93477696,-1285.8639101,2444.40258393887,0.67599628748324,16.8861698861505,0.00690809688923677,24.9796784373155,BRACKET_NORMALIZATION_IS_DIAGNOSTIC_ONLY;NOT_AN_ACCEPTANCE_OR_SAFETY_CRITERION
2013-04-07 02:00:00,20130407T020000_C02,20130407T020000_C02_K4,4,VMAX / bus 13,49,RAY:340.000000:BASE,VMAX_BUS_13,VMAX,13,RAY,339.999999999971,1962.6773159,-918.499797372,2142.7762442623,0.328596264326465,9.72223653356118,0.00453721500767723,29.5871791284334,BRACKET_NORMALIZATION_IS_DIAGNOSTIC_ONLY;NOT_AN_ACCEPTANCE_OR_SAFETY_CRITERION
2013-04-07 02:00:00,20130407T020000_C02,20130407T020000_C02_K4,4,VMAX / bus 13,50,RAY:345.000000:ADAPTIVE,VMAX_BUS_13,VMAX,13,RAY,344.999999999988,1857.31702993,-616.327822396,1922.03871186847,0.320767474833878,2.68016681587046,0.00139443956009866,8.35548185569153,BRACKET_NORMALIZATION_IS_DIAGNOSTIC_ONLY;NOT_AN_ACCEPTANCE_OR_SAFETY_CRITERION
2013-04-07 02:00:00,20130407T020000_C02,20130407T020000_C02_K5,5,VMAX / bus 13,2,RAY:20.000000:BASE,VMAX_BUS_13,VMAX,13,RAY,20.0000000000285,1405.17937538,774.094723431,1513.84299299467,0.164298132163307,3.0499569329596,0.00201471153024013,18.5635520793873,BRACKET_NORMALIZATION_IS_DIAGNOSTIC_ONLY;NOT_AN_ACCEPTANCE_OR_SAFETY_CRITERION
2013-04-07 02:00:00,20130407T020000_C02,20130407T020000_C02_K5,5,VMAX / bus 13,3,RAY:30.000000:BASE,VMAX_BUS_13,VMAX,13,RAY,30.0000000000084,1305.48425816,1102.32427597,1613.0211036778,0.174286452948485,2.47822493625821,0.00153638717472926,14.2192631402666,BRACKET_NORMALIZATION_IS_DIAGNOSTIC_ONLY;NOT_AN_ACCEPTANCE_OR_SAFETY_CRITERION
2013-04-07 02:00:00,20130407T020000_C02,20130407T020000_C02_K5,5,VMAX / bus 13,48,RAY:335.000000:ADAPTIVE,VMAX_BUS_13,VMAX,13,RAY,335.000000000056,2094.93477696,-1285.8639101,2444.40258393887,0.67599628748324,14.7304418191133,0.00602619303215468,21.7907140791488,BRACKET_NORMALIZATION_IS_DIAGNOSTIC_ONLY;NOT_AN_ACCEPTANCE_OR_SAFETY_CRITERION
2013-04-07 02:00:00,20130407T020000_C02,20130407T020000_C02_K5,5,VMAX / bus 13,49,RAY:340.000000:BASE,VMAX_BUS_13,VMAX,13,RAY,339.999999999971,1962.6773159,-918.499797372,2142.7762442623,0.328596264326465,3.27371483708159,0.00152779126884928,9.96272688550443,BRACKET_NORMALIZATION_IS_DIAGNOSTIC_ONLY;NOT_AN_ACCEPTANCE_OR_SAFETY_CRITERION
2013-04-07 02:00:00,20130407T020000_C02,20130407T020000_C02_K5,5,VMAX / bus 13,52,AXIS:P13_POSITIVE:AXIS,VMAX_BUS_13,VMAX,13,AXIS,358.154670329451,1650.3125,0,1588.72583738572,0.3125,0.378995470719355,0.000238553098212968,1.21278550630194,BRACKET_NORMALIZATION_IS_DIAGNOSTIC_ONLY;NOT_AN_ACCEPTANCE_OR_SAFETY_CRITERION
2013-04-17 05:30:00,20130417T053000_C01,20130417T053000_C01_K3,3,VMAX / bus 30,9,RAY:70.000000:BASE,VMAX_BUS_30,VMAX,30,RAY,69.999999999968,362.81781979,1849.83705784,2171.00806513097,0.429137794037588,2.79264463958971,0.00128633545146284,6.50757094432261,BRACKET_NORMALIZATION_IS_DIAGNOSTIC_ONLY;NOT_AN_ACCEPTANCE_OR_SAFETY_CRITERION
2013-04-17 05:30:00,20130417T053000_C01,20130417T053000_C01_K3,3,VMAX / bus 30,10,RAY:80.000000:BASE,VMAX_BUS_30,VMAX,30,RAY,80.0000000000028,101.446961382,1965.89574031,2236.95331727123,0.219589023056422,8.92508808261687,0.00398984100996091,40.6445092673126,BRACKET_NORMALIZATION_IS_DIAGNOSTIC_ONLY;NOT_AN_ACCEPTANCE_OR_SAFETY_CRITERION
2013-04-17 05:30:00,20130417T053000_C01,20130417T053000_C01_K3,3,VMAX / bus 30,11,AXIS:P30_POSITIVE:AXIS,VMAX_BUS_30,VMAX,30,AXIS,83.8001992189777,0,2011.875,2272.68035206582,0.3125,12.3456167710711,0.00543218352719477,39.5059736674277,BRACKET_NORMALIZATION_IS_DIAGNOSTIC_ONLY;NOT_AN_ACCEPTANCE_OR_SAFETY_CRITERION
2013-04-17 05:30:00,20130417T053000_C01,20130417T053000_C01_K3,3,VMAX / bus 30,12,RAY:90.000000:BASE,VMAX_BUS_30,VMAX,30,RAY,90,-171.875,2091.10249329,2345.39936829,0.221305840000241,19.7670826630111,0.00842802421210809,89.3202034930014,BRACKET_NORMALIZATION_IS_DIAGNOSTIC_ONLY;NOT_AN_ACCEPTANCE_OR_SAFETY_CRITERION
2013-04-17 05:30:00,20130417T053000_C01,20130417T053000_C01_K3,3,VMAX / bus 30,13,RAY:100.000000:BASE,VMAX_BUS_30,VMAX,30,RAY,100.000000000016,-478.439909272,2235.92800205,2509.0241094648,0.439178036065691,38.1208377550055,0.0151934920079891,86.8004194756759,BRACKET_NORMALIZATION_IS_DIAGNOSTIC_ONLY;NOT_AN_ACCEPTANCE_OR_SAFETY_CRITERION
2013-04-17 05:30:00,20130417T053000_C01,20130417T053000_C01_K3,3,VMAX / bus 30,14,RAY:105.000000:ADAPTIVE,VMAX_BUS_30,VMAX,30,RAY,105.000000000029,-653.757627732,2321.57177612,2620.5553180066,0.434946944090669,52.9016627521422,0.0201871955873778,121.627852479208,BRACKET_NORMALIZATION_IS_DIAGNOSTIC_ONLY;NOT_AN_ACCEPTANCE_OR_SAFETY_CRITERION
2013-04-17 05:30:00,20130417T053000_C01,20130417T053000_C01_K3,3,VMAX / bus 30,15,RAY:110.000000:BASE,VMAX_BUS_30,VMAX,30,RAY,110.000000000031,-851.470736559,2420.06192875,2759.35597129915,0.429137793791303,55.4935115391009,0.0201110375451028,129.313969410227,BRACKET_NORMALIZATION_IS_DIAGNOSTIC_ONLY;NOT_AN_ACCEPTANCE_OR_SAFETY_CRITERION
2013-04-17 05:30:00,20130417T053000_C01,20130417T053000_C01_K3,3,VMAX / bus 30,16,RAY:115.000000:ADAPTIVE,VMAX_BUS_30,VMAX,30,RAY,115.000000000136,-1080.83649683,2537.65440446,2936.18850716329,0.421866167454568,36.7662015513859,0.0125217442482624,87.1513394241205,BRACKET_NORMALIZATION_IS_DIAGNOSTIC_ONLY;NOT_AN_ACCEPTANCE_OR_SAFETY_CRITERION
2013-04-17 05:30:00,20130417T053000_C01,20130417T053000_C01_K3,3,VMAX / bus 30,17,RAY:120.000000:BASE,VMAX_BUS_30,VMAX,30,RAY,119.999999999999,-1356.19796753,2683.79705007,3167.809464591,0.413282382373817,17.3094090567355,0.00546415725131699,41.8827653802068,BRACKET_NORMALIZATION_IS_DIAGNOSTIC_ONLY;NOT_AN_ACCEPTANCE_OR_SAFETY_CRITERION
2013-04-17 05:30:00,20130417T053000_C01,20130417T053000_C01_K4,4,VMAX / bus 30,9,RAY:70.000000:BASE,VMAX_BUS_30,VMAX,30,RAY,69.999999999968,362.81781979,1849.83705784,2171.00806513097,0.429137794037588,2.79264463958971,0.00128633545146284,6.50757094432261,BRACKET_NORMALIZATION_IS_DIAGNOSTIC_ONLY;NOT_AN_ACCEPTANCE_OR_SAFETY_CRITERION
2013-04-17 05:30:00,20130417T053000_C01,20130417T053000_C01_K4,4,VMAX / bus 30,10,RAY:80.000000:BASE,VMAX_BUS_30,VMAX,30,RAY,80.0000000000028,101.446961382,1965.89574031,2236.95331727123,0.219589023056422,3.72711671997717,0.0016661575774517,16.9731467816564,BRACKET_NORMALIZATION_IS_DIAGNOSTIC_ONLY;NOT_AN_ACCEPTANCE_OR_SAFETY_CRITERION
2013-04-17 05:30:00,20130417T053000_C01,20130417T053000_C01_K4,4,VMAX / bus 30,11,AXIS:P30_POSITIVE:AXIS,VMAX_BUS_30,VMAX,30,AXIS,83.8001992189777,0,2011.875,2272.68035206582,0.3125,1.90599967237126,0.000838657169996981,6.09919895158804,BRACKET_NORMALIZATION_IS_DIAGNOSTIC_ONLY;NOT_AN_ACCEPTANCE_OR_SAFETY_CRITERION
2013-04-17 05:30:00,20130417T053000_C01,20130417T053000_C01_K4,4,VMAX / bus 30,14,RAY:105.000000:ADAPTIVE,VMAX_BUS_30,VMAX,30,RAY,105.000000000029,-653.757627732,2321.57177612,2620.5553180066,0.434946944090669,3.14845081322822,0.00120144413346068,7.23870084846923,BRACKET_NORMALIZATION_IS_DIAGNOSTIC_ONLY;NOT_AN_ACCEPTANCE_OR_SAFETY_CRITERION
2013-04-17 05:30:00,20130417T053000_C01,20130417T053000_C01_K4,4,VMAX / bus 30,15,RAY:110.000000:BASE,VMAX_BUS_30,VMAX,30,RAY,110.000000000031,-851.470736559,2420.06192875,2759.35597129915,0.429137793791303,9.27364240626352,0.0033607995861068,21.6099410036429,BRACKET_NORMALIZATION_IS_DIAGNOSTIC_ONLY;NOT_AN_ACCEPTANCE_OR_SAFETY_CRITERION
2013-04-17 05:30:00,20130417T053000_C01,20130417T053000_C01_K4,4,VMAX / bus 30,16,RAY:115.000000:ADAPTIVE,VMAX_BUS_30,VMAX,30,RAY,115.000000000136,-1080.83649683,2537.65440446,2936.18850716329,0.421866167454568,21.3090643167647,0.00725738972984125,50.5114322045263,BRACKET_NORMALIZATION_IS_DIAGNOSTIC_ONLY;NOT_AN_ACCEPTANCE_OR_SAFETY_CRITERION
2013-04-17 05:30:00,20130417T053000_C01,20130417T053000_C01_K4,4,VMAX / bus 30,17,RAY:120.000000:BASE,VMAX_BUS_30,VMAX,30,RAY,119.999999999999,-1356.19796753,2683.79705007,3167.809464591,0.413282382373817,17.3094090567373,0.00546415725131755,41.8827653802111,BRACKET_NORMALIZATION_IS_DIAGNOSTIC_ONLY;NOT_AN_ACCEPTANCE_OR_SAFETY_CRITERION
2013-04-17 05:30:00,20130417T053000_C01,20130417T053000_C01_K5,5,VMAX / bus 30,9,RAY:70.000000:BASE,VMAX_BUS_30,VMAX,30,RAY,69.999999999968,362.81781979,1849.83705784,2171.00806513097,0.429137794037588,2.79264463958706,0.00128633545146162,6.50757094431643,BRACKET_NORMALIZATION_IS_DIAGNOSTIC_ONLY;NOT_AN_ACCEPTANCE_OR_SAFETY_CRITERION
2013-04-17 05:30:00,20130417T053000_C01,20130417T053000_C01_K5,5,VMAX / bus 30,10,RAY:80.000000:BASE,VMAX_BUS_30,VMAX,30,RAY,80.0000000000028,101.446961382,1965.89574031,2236.95331727123,0.219589023056422,0.747240149388277,0.000334043693991704,3.40290301850051,BRACKET_NORMALIZATION_IS_DIAGNOSTIC_ONLY;NOT_AN_ACCEPTANCE_OR_SAFETY_CRITERION
2013-04-17 05:30:00,20130417T053000_C01,20130417T053000_C01_K5,5,VMAX / bus 30,13,RAY:100.000000:BASE,VMAX_BUS_30,VMAX,30,RAY,100.000000000016,-478.439909272,2235.92800205,2509.0241094648,0.439178036065691,1.81420300905164,0.000723071174249745,4.13090560107216,BRACKET_NORMALIZATION_IS_DIAGNOSTIC_ONLY;NOT_AN_ACCEPTANCE_OR_SAFETY_CRITERION
2013-04-17 05:30:00,20130417T053000_C01,20130417T053000_C01_K5,5,VMAX / bus 30,16,RAY:115.000000:ADAPTIVE,VMAX_BUS_30,VMAX,30,RAY,115.000000000136,-1080.83649683,2537.65440446,2936.18850716329,0.421866167454568,4.18577590167999,0.00142558146095462,9.92204690633498,BRACKET_NORMALIZATION_IS_DIAGNOSTIC_ONLY;NOT_AN_ACCEPTANCE_OR_SAFETY_CRITERION
2013-04-17 05:30:00,20130417T053000_C01,20130417T053000_C01_K5,5,VMAX / bus 30,17,RAY:120.000000:BASE,VMAX_BUS_30,VMAX,30,RAY,119.999999999999,-1356.19796753,2683.79705007,3167.809464591,0.413282382373817,16.6029361596272,0.00524114102985385,40.1733460406975,BRACKET_NORMALIZATION_IS_DIAGNOSTIC_ONLY;NOT_AN_ACCEPTANCE_OR_SAFETY_CRITERION
