scope,timestamp,component_id,approximation_id,boundary_run_classification,target_facet_budget_k,exact_irredundant_facet_count,reported_facet_count,approximation_method,selected_exact_facet_indices,approximation_vertices_p13_p30,approximation_halfspaces_normal_p13_normal_p30_rhs,containment_guarantee,true_pocket_area_kw2,approx_pocket_area_within_outer_hull_kw2,additional_removed_area_kw2,additional_removed_area_over_polygon_area,additional_removed_area_over_true_pocket_area,area_reconciliation_error_kw2,timestamp_coverage_status,scientific_status
PER_COMPONENT,2010-07-02 17:30:00,20100702T173000_C01,20100702T173000_C01_K3,VMAX / bus 30,3,13,3,EXACT_HULL_CHORD_PLUS_EVENLY_INDEXED_EXACT_BOUNDARY_SUPPORT_FACETS,12;0;11,-1131.08615158999|4139.77625192;151.851989916882|3427.22126386077;1537.82890319999|2844.29472637,-0.485544815233182|-0.874211777774799|-3069.8481402943;-0.387693896589688|-0.921788176614944|-3218.04412934596;0.4366724965963|0.899620548184819|3230.31356743446,C_TRUE_SUBSET_OF_C_APPROX_BECAUSE_EVERY_APPROXIMATION_HALFSPACE_IS_A_SUPPORT_HALFSPACE_OF_C_TRUE,92414.4623189711,119863.037125686,27448.5748067138,0.00169338329668451,0.297016009377128,1.33877620100975e-09,PER_COMPONENT_ONLY,GEOMETRIC_ONLY;NOT_AC_INTERIOR_CERTIFIED
PER_COMPONENT,2010-07-02 17:30:00,20100702T173000_C01,20100702T173000_C01_K4,VMAX / bus 30,4,13,4,EXACT_HULL_CHORD_PLUS_EVENLY_INDEXED_EXACT_BOUNDARY_SUPPORT_FACETS,12;0;6;11,-1131.08615158999|4139.77625192;-251.041533362007|3650.99182643203;887.378987322905|3117.8667560622;1537.82890319999|2844.29472637,-0.485544815233187|-0.874211777774797|-3069.84814029429;-0.424101521932763|-0.905614652649964|-3199.92459835494;-0.387693896589688|-0.921788176614945|-3218.04412934596;0.4366724965963|0.899620548184819|3230.31356743446,C_TRUE_SUBSET_OF_C_APPROX_BECAUSE_EVERY_APPROXIMATION_HALFSPACE_IS_A_SUPPORT_HALFSPACE_OF_C_TRUE,92414.4623189711,99886.8559223271,7472.39360335328,0.000460993935141419,0.0808574049542388,2.8085196390748e-09,PER_COMPONENT_ONLY,GEOMETRIC_ONLY;NOT_AC_INTERIOR_CERTIFIED
PER_COMPONENT,2010-07-02 17:30:00,20100702T173000_C01,20100702T173000_C01_K5,VMAX / bus 30,5,13,5,EXACT_HULL_CHORD_PLUS_EVENLY_INDEXED_EXACT_BOUNDARY_SUPPORT_FACETS,12;0;4;7;11,-1131.08615158999|4139.77625192;-399.117757619037|3733.2346476513;330.436003220509|3377.16181211119;973.277059682669|3081.73897830637;1537.82890319999|2844.29472637,-0.485544815233181|-0.8742117777748|-3069.8481402943;-0.438615617329897|-0.898674768887117|-3179.90450253401;-0.417574198793056|-0.908642827794474|-3206.61540817341;-0.387693896589696|-0.921788176614941|-3218.04412934596;0.4366724965963|0.899620548184819|3230.31356743446,C_TRUE_SUBSET_OF_C_APPROX_BECAUSE_EVERY_APPROXIMATION_HALFSPACE_IS_A_SUPPORT_HALFSPACE_OF_C_TRUE,92414.4623189711,96040.3475539472,3625.8852349802,0.000223691522632667,0.039235041182898,-4.01632860302925e-09,PER_COMPONENT_ONLY,GEOMETRIC_ONLY;NOT_AC_INTERIOR_CERTIFIED
PER_COMPONENT,2010-07-02 17:30:00,20100702T173000_C01,20100702T173000_C01_K8,VMAX / bus 30,8,13,8,EXACT_HULL_CHORD_PLUS_EVENLY_INDEXED_EXACT_BOUNDARY_SUPPORT_FACETS,12;0;2;4;6;7;9;11,-1131.08615158999|4139.77625192;-516.261495358604|3798.29729716314;-17.4395182824286|3546.94919448861;253.404184793924|3414.75868226152;504.57093626699|3297.13668791002;780.411015240497|3170.37213703366;1204.86296744437|2984.33651074043;1537.82890319999|2844.29472637,-0.48554481523318|-0.874211777774801|-3069.84814029431;-0.449985839941151|-0.893035690133634|-3159.70468548659;-0.438615617329907|-0.898674768887112|-3179.904502534;-0.424101521932731|-0.905614652649978|-3199.92459835499;-0.417574198793096|-0.908642827794455|-3206.61540817338;-0.401430727394549|-0.915889388028643|-3216.99115792554;-0.387693896589661|-0.921788176614956|-3218.04412934595;0.4366724965963|0.899620548184819|3230.31356743446,C_TRUE_SUBSET_OF_C_APPROX_BECAUSE_EVERY_APPROXIMATION_HALFSPACE_IS_A_SUPPORT_HALFSPACE_OF_C_TRUE,92414.4623189711,93473.4311764918,1058.96885752559,6.53309028855042e-05,0.011458908388933,-4.80940798297524e-09,PER_COMPONENT_ONLY,GEOMETRIC_ONLY;NOT_AC_INTERIOR_CERTIFIED
PER_COMPONENT,2010-07-02 17:30:00,20100702T173000_C02,20100702T173000_C02_K3,VMAX / bus 13,3,15,3,EXACT_HULL_CHORD_PLUS_EVENLY_INDEXED_EXACT_BOUNDARY_SUPPORT_FACETS,14;0;13,1635.47376824|2761.22048834;2222.76239280362|672.486354469048;2973.45968248|-1299.46063526001,-0.962671100145401|-0.270673886706574|-2321.81361336336;-0.934569792081698|-0.355779852898351|-2316.58368355864;0.949770466630237|0.312947376913407|2417.44139292838,C_TRUE_SUBSET_OF_C_APPROX_BECAUSE_EVERY_APPROXIMATION_HALFSPACE_IS_A_SUPPORT_HALFSPACE_OF_C_TRUE,153136.239047652,204952.508920562,51816.2698729131,0.00319669806236445,0.338367131092917,-3.62342689186335e-09,PER_COMPONENT_ONLY,GEOMETRIC_ONLY;NOT_AC_INTERIOR_CERTIFIED
PER_COMPONENT,2010-07-02 17:30:00,20100702T173000_C02,20100702T173000_C02_K4,VMAX / bus 13,4,15,4,EXACT_HULL_CHORD_PLUS_EVENLY_INDEXED_EXACT_BOUNDARY_SUPPORT_FACETS,14;0;6;13,1635.47376824|2761.22048834;1895.24051241194|1837.34142325574;2476.79963963611|5.17612029152409;2973.45968248|-1299.46063526001,-0.962671100145401|-0.270673886706573|-2321.81361336335;-0.953136366547809|-0.302541016663923|-2362.29379788506;-0.934569792081699|-0.355779852898349|-2316.58368355865;0.949770466630237|0.312947376913407|2417.44139292838,C_TRUE_SUBSET_OF_C_APPROX_BECAUSE_EVERY_APPROXIMATION_HALFSPACE_IS_A_SUPPORT_HALFSPACE_OF_C_TRUE,153136.239047652,166273.572955055,13137.3339074062,0.000810480761147837,0.0857885369858028,-3.35785443894565e-09,PER_COMPONENT_ONLY,GEOMETRIC_ONLY;NOT_AC_INTERIOR_CERTIFIED
PER_COMPONENT,2010-07-02 17:30:00,20100702T173000_C02,20100702T173000_C02_K5,VMAX / bus 13,5,15,5,EXACT_HULL_CHORD_PLUS_EVENLY_INDEXED_EXACT_BOUNDARY_SUPPORT_FACETS,14;0;4;9;13,1635.47376824|2761.22048834;1811.69502925082|2134.47692888387;2169.578904789|956.436963389991;2595.45124250183|-306.500336138012;2973.45968248|-1299.46063526001,-0.962671100145403|-0.270673886706568|-2321.81361336334;-0.956820820250353|-0.290678375417645|-2353.91380998567;-0.947576131493481|-0.319530084692897|-2361.45156948525;-0.934569792081697|-0.355779852898352|-2316.58368355864;0.949770466630237|0.312947376913407|2417.44139292838,C_TRUE_SUBSET_OF_C_APPROX_BECAUSE_EVERY_APPROXIMATION_HALFSPACE_IS_A_SUPPORT_HALFSPACE_OF_C_TRUE,153136.239047652,158588.324480587,5452.08543293492,0.000336355183073866,0.0356028427160104,-2.9194779926911e-10,PER_COMPONENT_ONLY,GEOMETRIC_ONLY;NOT_AC_INTERIOR_CERTIFIED
PER_COMPONENT,2010-07-02 17:30:00,20100702T173000_C02,20100702T173000_C02_K8,VMAX / bus 13,8,15,8,EXACT_HULL_CHORD_PLUS_EVENLY_INDEXED_EXACT_BOUNDARY_SUPPORT_FACETS,14;0;2;4;6;9;11;13,1635.47376824|2761.22048834;1730.19255368629|2424.34633139976;1885.55946292874|1891.33869090011;2051.92062192188|1343.73063310454;2259.45498391748|689.9067321092;2454.0670882664|112.778649919446;2655.50396184494|-464.248047182431;2973.45968248|-1299.46063526001,-0.962671100145399|-0.270673886706582|-2321.81361336338;-0.960045330101163|-0.279844535681777|-2339.50335478472;-0.956820820250361|-0.290678375417619|-2353.91380998564;-0.953136366547807|-0.302541016663931|-2362.29379788505;-0.947576131493471|-0.319530084692924|-2361.45156948524;-0.944124597964219|-0.329588749078153|-2354.11567723641;-0.934569792081697|-0.355779852898352|-2316.58368355864;0.949770466630237|0.312947376913407|2417.44139292838,C_TRUE_SUBSET_OF_C_APPROX_BECAUSE_EVERY_APPROXIMATION_HALFSPACE_IS_A_SUPPORT_HALFSPACE_OF_C_TRUE,153136.239047652,154628.607137861,1492.36809020536,9.20685760282383e-05,0.0097453620350502,3.55066731572151e-09,PER_COMPONENT_ONLY,GEOMETRIC_ONLY;NOT_AC_INTERIOR_CERTIFIED
PER_TIMESTAMP_UNION,2010-07-02 17:30:00,ALL_CONVEX_VMAX_COMPONENTS,20100702T173000_ALL_VMAX_K3,ALL_CONVEX_VMAX_COMPONENTS,3,28,6,UNION_OF_PER_COMPONENT_APPROXIMATIONS,SEE_PER_COMPONENT_ROWS,SEE_PER_COMPONENT_ROWS,SEE_PER_COMPONENT_ROWS,UNION_OF_CONTAINING_PER_COMPONENT_OUTER_APPROXIMATIONS,245550.701366623,324815.546046248,79264.8446796269,0.00489008135904896,0.322804391266142,-2.2846506908536e-09,FULL_VMAX_COVERAGE,GEOMETRIC_ONLY;NOT_AC_INTERIOR_CERTIFIED
PER_TIMESTAMP_UNION,2010-07-02 17:30:00,ALL_CONVEX_VMAX_COMPONENTS,20100702T173000_ALL_VMAX_K4,ALL_CONVEX_VMAX_COMPONENTS,4,28,8,UNION_OF_PER_COMPONENT_APPROXIMATIONS,SEE_PER_COMPONENT_ROWS,SEE_PER_COMPONENT_ROWS,SEE_PER_COMPONENT_ROWS,UNION_OF_CONTAINING_PER_COMPONENT_OUTER_APPROXIMATIONS,245550.701366623,266160.428877382,20609.7275107595,0.00127147469628926,0.083932676209252,-5.49334799870849e-10,FULL_VMAX_COVERAGE,GEOMETRIC_ONLY;NOT_AC_INTERIOR_CERTIFIED
PER_TIMESTAMP_UNION,2010-07-02 17:30:00,ALL_CONVEX_VMAX_COMPONENTS,20100702T173000_ALL_VMAX_K5,ALL_CONVEX_VMAX_COMPONENTS,5,28,10,UNION_OF_PER_COMPONENT_APPROXIMATIONS,SEE_PER_COMPONENT_ROWS,SEE_PER_COMPONENT_ROWS,SEE_PER_COMPONENT_ROWS,UNION_OF_CONTAINING_PER_COMPONENT_OUTER_APPROXIMATIONS,245550.701366623,254628.672034534,9077.97066791513,0.000560046705706533,0.0369698421441734,-4.30736690759659e-09,FULL_VMAX_COVERAGE,GEOMETRIC_ONLY;NOT_AC_INTERIOR_CERTIFIED
PER_TIMESTAMP_UNION,2010-07-02 17:30:00,ALL_CONVEX_VMAX_COMPONENTS,20100702T173000_ALL_VMAX_K8,ALL_CONVEX_VMAX_COMPONENTS,8,28,16,UNION_OF_PER_COMPONENT_APPROXIMATIONS,SEE_PER_COMPONENT_ROWS,SEE_PER_COMPONENT_ROWS,SEE_PER_COMPONENT_ROWS,UNION_OF_CONTAINING_PER_COMPONENT_OUTER_APPROXIMATIONS,245550.701366623,248102.038314353,2551.33694773095,0.000157399478913743,0.0103902653648773,-1.25874066725373e-09,FULL_VMAX_COVERAGE,GEOMETRIC_ONLY;NOT_AC_INTERIOR_CERTIFIED
PER_COMPONENT,2010-07-02 18:00:00,20100702T180000_C01,20100702T180000_C01_K3,VMAX / bus 30,3,13,3,EXACT_HULL_CHORD_PLUS_EVENLY_INDEXED_EXACT_BOUNDARY_SUPPORT_FACETS,12;0;11,-1232.22072628|4102.40998285;85.1455732022259|3364.78227365667;1483.01131438998|2777.97580271,-0.488554248656735|-0.872533521487543|-2977.48355781478;-0.387065869744531|-0.922052066034728|-3135.46139252858;0.43840511419541|0.898777478493598|3146.94183191415,C_TRUE_SUBSET_OF_C_APPROX_BECAUSE_EVERY_APPROXIMATION_HALFSPACE_IS_A_SUPPORT_HALFSPACE_OF_C_TRUE,98675.1314428148,129032.717644463,30357.5862016524,0.00187217764970635,0.307651844570843,-4.42014425061643e-09,PER_COMPONENT_ONLY,GEOMETRIC_ONLY;NOT_AC_INTERIOR_CERTIFIED
PER_COMPONENT,2010-07-02 18:00:00,20100702T180000_C01,20100702T180000_C01_K4,VMAX / bus 30,4,13,4,EXACT_HULL_CHORD_PLUS_EVENLY_INDEXED_EXACT_BOUNDARY_SUPPORT_FACETS,12;0;6;11,-1232.22072628|4102.40998285;-341.384874265678|3603.60778254559;831.432604396088|3051.50035667083;1483.01131438998|2777.97580271,-0.488554248656736|-0.872533521487543|-2977.48355781478;-0.425919127934752|-0.904761237266109|-3115.00228802037;-0.387065869744531|-0.922052066034727|-3135.46139252858;0.43840511419541|0.898777478493598|3146.94183191415,C_TRUE_SUBSET_OF_C_APPROX_BECAUSE_EVERY_APPROXIMATION_HALFSPACE_IS_A_SUPPORT_HALFSPACE_OF_C_TRUE,98675.1314428148,106728.665761215,8053.53431840361,0.000496668175523045,0.0816166566048191,-3.7625795812346e-09,PER_COMPONENT_ONLY,GEOMETRIC_ONLY;NOT_AC_INTERIOR_CERTIFIED
PER_COMPONENT,2010-07-02 18:00:00,20100702T180000_C01,20100702T180000_C01_K5,VMAX / bus 30,5,13,5,EXACT_HULL_CHORD_PLUS_EVENLY_INDEXED_EXACT_BOUNDARY_SUPPORT_FACETS,12;0;4;7;11,-1232.22072628|4102.40998285;-468.320993591897|3674.68262251173;288.413221097468|3305.5708731536;936.508542077838|3007.39079853826;1483.01131438998|2777.97580271,-0.488554248656738|-0.872533521487542|-2977.48355781477;-0.438397831317368|-0.89878103089475|-3097.42412772103;-0.417970657946791|-0.908460526988117|-3123.52892120435;-0.387065869744525|-0.92205206603473|-3135.46139252858;0.43840511419541|0.898777478493598|3146.94183191415,C_TRUE_SUBSET_OF_C_APPROX_BECAUSE_EVERY_APPROXIMATION_HALFSPACE_IS_A_SUPPORT_HALFSPACE_OF_C_TRUE,98675.1314428148,102804.260022608,4129.12857979702,0.000254646801906764,0.0418456861361261,-4.22005541622639e-09,PER_COMPONENT_ONLY,GEOMETRIC_ONLY;NOT_AC_INTERIOR_CERTIFIED
PER_COMPONENT,2010-07-02 18:00:00,20100702T180000_C01,20100702T180000_C01_K8,VMAX / bus 30,8,13,8,EXACT_HULL_CHORD_PLUS_EVENLY_INDEXED_EXACT_BOUNDARY_SUPPORT_FACETS,12;0;2;4;6;7;9;11,-1232.22072628|4102.40998285;-606.584040574993|3752.09970434563;-93.7442027973731|3491.97554803925;196.881782379205|3350.21710271576;434.435973080052|3238.38773870999;724.842234121357|3104.77566378391;1159.58676092347|2913.74536572678;1483.01131438998|2777.97580271,-0.488554248656729|-0.872533521487547|-2977.4835578148;-0.452359549026866|-0.891835656611806|-3071.86222045665;-0.438397831317368|-0.89878103089475|-3097.42412772103;-0.425919127934728|-0.90476123726612|-3115.00228802041;-0.417970657946834|-0.908460526988097|-3123.52892120431;-0.402284621469325|-0.915514654895967|-3134.06050413702;-0.387065869744532|-0.922052066034727|-3135.46139252858;0.43840511419541|0.898777478493598|3146.94183191415,C_TRUE_SUBSET_OF_C_APPROX_BECAUSE_EVERY_APPROXIMATION_HALFSPACE_IS_A_SUPPORT_HALFSPACE_OF_C_TRUE,98675.1314428148,99799.3295933497,1124.19815054495,6.93302371707308e-05,0.0113929227567987,-1.01281329989433e-08,PER_COMPONENT_ONLY,GEOMETRIC_ONLY;NOT_AC_INTERIOR_CERTIFIED
PER_COMPONENT,2010-07-02 18:00:00,20100702T180000_C02,20100702T180000_C02_K3,VMAX / bus 13,3,15,3,EXACT_HULL_CHORD_PLUS_EVENLY_INDEXED_EXACT_BOUNDARY_SUPPORT_FACETS,14;0;13,1588.60212192|2707.14768414002;2193.35248564636|557.444317203335;2968.81950036|-1460.06657735,-0.962633864340283|-0.270806283577938|-2262.3548029616;-0.933422892786426|-0.358778069594868|-2247.32421808517;0.949286643564878|0.314411940532366|2359.19833295564,C_TRUE_SUBSET_OF_C_APPROX_BECAUSE_EVERY_APPROXIMATION_HALFSPACE_IS_A_SUPPORT_HALFSPACE_OF_C_TRUE,167201.845338939,223466.802587606,56264.9572486624,0.0034699068207503,0.336509188248528,4.42378222942352e-09,PER_COMPONENT_ONLY,GEOMETRIC_ONLY;NOT_AC_INTERIOR_CERTIFIED
PER_COMPONENT,2010-07-02 18:00:00,20100702T180000_C02,20100702T180000_C02_K4,VMAX / bus 13,4,15,4,EXACT_HULL_CHORD_PLUS_EVENLY_INDEXED_EXACT_BOUNDARY_SUPPORT_FACETS,14;0;6;13,1588.60212192|2707.14768414002;1855.04341973874|1760.03001482169;2453.89402782634|-120.399343272593;2968.81950036|-1460.06657735,-0.962633864340283|-0.270806283577937|-2262.3548029616;-0.952847834587374|-0.303448519723121|-2301.65260822951;-0.933422892786427|-0.358778069594867|-2247.32421808517;0.949286643564878|0.314411940532366|2359.19833295564,C_TRUE_SUBSET_OF_C_APPROX_BECAUSE_EVERY_APPROXIMATION_HALFSPACE_IS_A_SUPPORT_HALFSPACE_OF_C_TRUE,167201.845338939,181465.364260573,14263.5189216322,0.000879643103172342,0.0853071860105269,1.98269844986498e-09,PER_COMPONENT_ONLY,GEOMETRIC_ONLY;NOT_AC_INTERIOR_CERTIFIED
PER_COMPONENT,2010-07-02 18:00:00,20100702T180000_C02,20100702T180000_C02_K5,VMAX / bus 13,5,15,5,EXACT_HULL_CHORD_PLUS_EVENLY_INDEXED_EXACT_BOUNDARY_SUPPORT_FACETS,14;0;4;9;13,1588.60212192|2707.14768414002;1763.10152059363|2086.85546547032;2131.79632867892|872.070723460967;2575.50774042275|-436.798345983161;2968.81950036|-1460.06657735,-0.962633864340282|-0.270806283577942|-2262.35480296161;-0.956897900680506|-0.290424530081811|-2293.18216165053;-0.947059943382409|-0.321056791923965|-2298.92313914668;-0.933422892786426|-0.358778069594868|-2247.32421808517;0.949286643564878|0.314411940532366|2359.19833295564,C_TRUE_SUBSET_OF_C_APPROX_BECAUSE_EVERY_APPROXIMATION_HALFSPACE_IS_A_SUPPORT_HALFSPACE_OF_C_TRUE,167201.845338939,173337.792979161,6135.94764022035,0.000378409006417106,0.0366978464130106,1.94813765119761e-09,PER_COMPONENT_ONLY,GEOMETRIC_ONLY;NOT_AC_INTERIOR_CERTIFIED
PER_COMPONENT,2010-07-02 18:00:00,20100702T180000_C02,20100702T180000_C02_K8,VMAX / bus 13,8,15,8,EXACT_HULL_CHORD_PLUS_EVENLY_INDEXED_EXACT_BOUNDARY_SUPPORT_FACETS,14;0;2;4;6;9;11;13,1588.60212192|2707.14768414002;1685.29518698463|2363.43328561022;1840.67153492558|1831.27587014796;2009.4305103523|1275.24463800187;2231.3391762375|578.437179663281;2415.82861857819|34.2264194087177;2634.38021311203|-589.965215477646;2968.81950036|-1460.06657735,-0.962633864340285|-0.270806283577928|-2262.35480296158;-0.95992055515689|-0.280272238702459|-2280.15422947541;-0.956897900680515|-0.290424530081781|-2293.18216165049;-0.952847834587369|-0.303448519723136|-2301.65260822951;-0.947059943382411|-0.32105679192396|-2298.92313914667;-0.943818499926644|-0.33046427824535|-2291.41435185315;-0.933422892786426|-0.35877806959487|-2247.32421808516;0.949286643564878|0.314411940532366|2359.19833295564,C_TRUE_SUBSET_OF_C_APPROX_BECAUSE_EVERY_APPROXIMATION_HALFSPACE_IS_A_SUPPORT_HALFSPACE_OF_C_TRUE,167201.845338939,168815.969841887,1614.12450292935,9.95444037663048e-05,0.0096537481369139,1.84663804247975e-08,PER_COMPONENT_ONLY,GEOMETRIC_ONLY;NOT_AC_INTERIOR_CERTIFIED
PER_TIMESTAMP_UNION,2010-07-02 18:00:00,ALL_CONVEX_VMAX_COMPONENTS,20100702T180000_ALL_VMAX_K3,ALL_CONVEX_VMAX_COMPONENTS,3,28,6,UNION_OF_PER_COMPONENT_APPROXIMATIONS,SEE_PER_COMPONENT_ROWS,SEE_PER_COMPONENT_ROWS,SEE_PER_COMPONENT_ROWS,UNION_OF_CONTAINING_PER_COMPONENT_OUTER_APPROXIMATIONS,265876.976781754,352499.520232069,86622.5434503148,0.00534208447045664,0.325799339599905,-2.91038304567337e-11,FULL_VMAX_COVERAGE,GEOMETRIC_ONLY;NOT_AC_INTERIOR_CERTIFIED
PER_TIMESTAMP_UNION,2010-07-02 18:00:00,ALL_CONVEX_VMAX_COMPONENTS,20100702T180000_ALL_VMAX_K4,ALL_CONVEX_VMAX_COMPONENTS,4,28,8,UNION_OF_PER_COMPONENT_APPROXIMATIONS,SEE_PER_COMPONENT_ROWS,SEE_PER_COMPONENT_ROWS,SEE_PER_COMPONENT_ROWS,UNION_OF_CONTAINING_PER_COMPONENT_OUTER_APPROXIMATIONS,265876.976781754,288194.030021788,22317.0532400358,0.00137631127869539,0.0839375169304519,-1.80807546712458e-09,FULL_VMAX_COVERAGE,GEOMETRIC_ONLY;NOT_AC_INTERIOR_CERTIFIED
PER_TIMESTAMP_UNION,2010-07-02 18:00:00,ALL_CONVEX_VMAX_COMPONENTS,20100702T180000_ALL_VMAX_K5,ALL_CONVEX_VMAX_COMPONENTS,5,28,10,UNION_OF_PER_COMPONENT_APPROXIMATIONS,SEE_PER_COMPONENT_ROWS,SEE_PER_COMPONENT_ROWS,SEE_PER_COMPONENT_ROWS,UNION_OF_CONTAINING_PER_COMPONENT_OUTER_APPROXIMATIONS,265876.976781754,276142.053001769,10265.0762200174,0.000633055808323869,0.0386083682170175,-2.30102159548551e-09,FULL_VMAX_COVERAGE,GEOMETRIC_ONLY;NOT_AC_INTERIOR_CERTIFIED
PER_TIMESTAMP_UNION,2010-07-02 18:00:00,ALL_CONVEX_VMAX_COMPONENTS,20100702T180000_ALL_VMAX_K8,ALL_CONVEX_VMAX_COMPONENTS,8,28,16,UNION_OF_PER_COMPONENT_APPROXIMATIONS,SEE_PER_COMPONENT_ROWS,SEE_PER_COMPONENT_ROWS,SEE_PER_COMPONENT_ROWS,UNION_OF_CONTAINING_PER_COMPONENT_OUTER_APPROXIMATIONS,265876.976781754,268615.299435237,2738.3226534743,0.000168874640937036,0.0102992093810442,8.30914359539747e-09,FULL_VMAX_COVERAGE,GEOMETRIC_ONLY;NOT_AC_INTERIOR_CERTIFIED
PER_COMPONENT,2010-07-03 00:00:00,20100703T000000_C01,20100703T000000_C01_K3,VMAX / bus 30,3,13,3,EXACT_HULL_CHORD_PLUS_EVENLY_INDEXED_EXACT_BOUNDARY_SUPPORT_FACETS,12;0;11,-1830.54371174|3300.25679363;-468.495246145563|2520.12391065375;964.192894262998|1921.60395072,-0.497012517859407|-0.867743370525556|-1953.97281448076;-0.385474909131687|-0.922718318030979|-2144.77133363149;0.442402587644682|0.896816564546669|2149.88768491458,C_TRUE_SUBSET_OF_C_APPROX_BECAUSE_EVERY_APPROXIMATION_HALFSPACE_IS_A_SUPPORT_HALFSPACE_OF_C_TRUE,110964.424324403,151236.968163708,40272.5438393065,0.00248654721002535,0.362932030553958,-1.80443748831749e-09,PER_COMPONENT_ONLY,GEOMETRIC_ONLY;NOT_AC_INTERIOR_CERTIFIED
PER_COMPONENT,2010-07-03 00:00:00,20100703T000000_C01,20100703T000000_C01_K4,VMAX / bus 30,4,13,4,EXACT_HULL_CHORD_PLUS_EVENLY_INDEXED_EXACT_BOUNDARY_SUPPORT_FACETS,12;0;6;11,-1830.54371174|3300.25679363;-911.511473640478|2773.86783790089;390.482308580785|2161.27735002528;964.192894262998|1921.60395072,-0.497012517859406|-0.867743370525557|-1953.97281448076;-0.425733043953446|-0.904848813496561|-2121.87046764944;-0.385474909131688|-0.922718318030978|-2144.77133363149;0.442402587644682|0.896816564546669|2149.88768491458,C_TRUE_SUBSET_OF_C_APPROX_BECAUSE_EVERY_APPROXIMATION_HALFSPACE_IS_A_SUPPORT_HALFSPACE_OF_C_TRUE,110964.424324403,121744.223856575,10779.7995321744,0.000665577038250048,0.0971464466905163,-1.92085281014442e-09,PER_COMPONENT_ONLY,GEOMETRIC_ONLY;NOT_AC_INTERIOR_CERTIFIED
PER_COMPONENT,2010-07-03 00:00:00,20100703T000000_C01,20100703T000000_C01_K5,VMAX / bus 30,5,13,5,EXACT_HULL_CHORD_PLUS_EVENLY_INDEXED_EXACT_BOUNDARY_SUPPORT_FACETS,12;0;4;7;11,-1830.54371174|3300.25679363;-1060.93212413107|2859.45066831254;-223.150134204432|2448.072990386;466.581053879486|2129.48632956342;964.192894262998|1921.60395072,-0.497012517859404|-0.867743370525558|-1953.97281448077;-0.440762013974641|-0.897624000925231|-2099.09296961662;-0.419328548022627|-0.907834549250708|-2128.87201799291;-0.385474909131683|-0.92271831803098|-2144.77133363149;0.442402587644682|0.896816564546669|2149.88768491458,C_TRUE_SUBSET_OF_C_APPROX_BECAUSE_EVERY_APPROXIMATION_HALFSPACE_IS_A_SUPPORT_HALFSPACE_OF_C_TRUE,110964.424324403,116719.742060375,5755.31773597369,0.00035535051662734,0.0518663325747368,-1.92085281014442e-09,PER_COMPONENT_ONLY,GEOMETRIC_ONLY;NOT_AC_INTERIOR_CERTIFIED
PER_COMPONENT,2010-07-03 00:00:00,20100703T000000_C01,20100703T000000_C01_K8,VMAX / bus 30,8,13,8,EXACT_HULL_CHORD_PLUS_EVENLY_INDEXED_EXACT_BOUNDARY_SUPPORT_FACETS,12;0;2;4;6;7;9;11,-1830.54371174|3300.25679363;-1264.90751364474|2976.28051152083;-710.979922080032|2687.61297545685;-316.650257407017|2493.98453304436;0|2345;212.838615691547|2246.68989739954;691.386727528142|2035.57148585801;964.192894262998|1921.60395072,-0.497012517859408|-0.867743370525556|-1953.97281448075;-0.462140410041014|-0.88680676666742|-2054.8208200973;-0.440762013974646|-0.897624000925228|-2099.09296961661;-0.425733043953434|-0.904848813496566|-2121.87046764945;-0.419328548022607|-0.907834549250717|-2128.87201799293;-0.403630995668332|-0.914921865153408|-2141.45397371836;-0.385474909131678|-0.922718318030982|-2144.77133363149;0.442402587644682|0.896816564546669|2149.88768491458,C_TRUE_SUBSET_OF_C_APPROX_BECAUSE_EVERY_APPROXIMATION_HALFSPACE_IS_A_SUPPORT_HALFSPACE_OF_C_TRUE,110964.424324403,112239.804177366,1275.37985296236,7.87457635594122e-05,0.0114935922997609,6.98491930961609e-10,PER_COMPONENT_ONLY,GEOMETRIC_ONLY;NOT_AC_INTERIOR_CERTIFIED
PER_COMPONENT,2010-07-03 00:00:00,20100703T000000_C02,20100703T000000_C02_K3,VMAX / bus 13,3,13,3,EXACT_HULL_CHORD_PLUS_EVENLY_INDEXED_EXACT_BOUNDARY_SUPPORT_FACETS,12;0;11,1089.67225597|1829.38090856999;1743.61117104355|-438.231878383393;2527.45102944|-2410.83555631999,-0.960843917452341|-0.277090177189375|-1553.90843926786;-0.929319303981321|-0.369277174013873|-1458.54249027604;0.947037540660872|0.321122868352609|1619.41657808971,C_TRUE_SUBSET_OF_C_APPROX_BECAUSE_EVERY_APPROXIMATION_HALFSPACE_IS_A_SUPPORT_HALFSPACE_OF_C_TRUE,184592.944463654,243741.488401775,59148.5439381217,0.0036520078665319,0.320426894483868,-5.67524693906307e-10,PER_COMPONENT_ONLY,GEOMETRIC_ONLY;NOT_AC_INTERIOR_CERTIFIED
PER_COMPONENT,2010-07-03 00:00:00,20100703T000000_C02,20100703T000000_C02_K4,VMAX / bus 13,4,13,4,EXACT_HULL_CHORD_PLUS_EVENLY_INDEXED_EXACT_BOUNDARY_SUPPORT_FACETS,12;0;6;11,1089.67225597|1829.38090856999;1424.67643160114|667.713152096883;2040.33462282198|-1184.96319861199;2527.45102944|-2410.83555631999,-0.960843917452341|-0.277090177189376|-1553.90843926787;-0.948974948975654|-0.315351464586189|-1562.54656442273;-0.929319303981321|-0.369277174013873|-1458.54249027604;0.947037540660872|0.321122868352609|1619.41657808971,C_TRUE_SUBSET_OF_C_APPROX_BECAUSE_EVERY_APPROXIMATION_HALFSPACE_IS_A_SUPPORT_HALFSPACE_OF_C_TRUE,184592.944463654,198740.854466418,14147.9100027636,0.000873534244209475,0.0766438286353319,4.65661287307739e-10,PER_COMPONENT_ONLY,GEOMETRIC_ONLY;NOT_AC_INTERIOR_CERTIFIED
PER_COMPONENT,2010-07-03 00:00:00,20100703T000000_C02,20100703T000000_C02_K5,VMAX / bus 13,5,13,5,EXACT_HULL_CHORD_PLUS_EVENLY_INDEXED_EXACT_BOUNDARY_SUPPORT_FACETS,12;0;4;7;11,1089.67225597|1829.38090856999;1357.51740576103|900.595248947243;1692.95115807089|-144.890913550176;2086.35331529157|-1300.77338744958;2527.45102944|-2410.83555631999,-0.96084391745234|-0.277090177189376|-1553.90843926787;-0.952191703816213|-0.305501160691048|-1567.74970541798;-0.946672327883684|-0.322197926156092|-1555.98646193962;-0.929319303981322|-0.369277174013871|-1458.54249027605;0.947037540660872|0.321122868352609|1619.41657808971,C_TRUE_SUBSET_OF_C_APPROX_BECAUSE_EVERY_APPROXIMATION_HALFSPACE_IS_A_SUPPORT_HALFSPACE_OF_C_TRUE,184592.944463654,192603.455787122,8010.5113234715,0.000494592908303293,0.0433955444328955,-3.78349795937538e-09,PER_COMPONENT_ONLY,GEOMETRIC_ONLY;NOT_AC_INTERIOR_CERTIFIED
PER_COMPONENT,2010-07-03 00:00:00,20100703T000000_C02,20100703T000000_C02_K8,VMAX / bus 13,8,13,8,EXACT_HULL_CHORD_PLUS_EVENLY_INDEXED_EXACT_BOUNDARY_SUPPORT_FACETS,12;0;2;4;6;7;9;11,1089.67225597|1829.38090856999;1256.49599604639|1250.89928368908;1465.30262580244|564.648268957749;1643.71861547493|8.55799155908889;1767.43755138999|-363.744610717974;1908.85822776632|-779.262620139297;2196.14048395281|-1577.06269625618;2527.45102944|-2410.83555631999,-0.960843917452341|-0.277090177189375|-1553.90843926787;-0.956694216175436|-0.291094789950744|-1566.21271630019;-0.952191703816212|-0.305501160691051|-1567.74970541798;-0.948974948975657|-0.315351464586179|-1562.54656442273;-0.946672327883681|-0.3221979261561|-1555.98646193961;-0.940859510176126|-0.338796962960326|-1531.95560812018;-0.929319303981323|-0.369277174013869|-1458.54249027606;0.947037540660872|0.321122868352609|1619.41657808971,C_TRUE_SUBSET_OF_C_APPROX_BECAUSE_EVERY_APPROXIMATION_HALFSPACE_IS_A_SUPPORT_HALFSPACE_OF_C_TRUE,184592.944463654,186258.412281711,1665.46781806305,0.000102830960291854,0.00902238069229658,-5.59066393179819e-09,PER_COMPONENT_ONLY,GEOMETRIC_ONLY;NOT_AC_INTERIOR_CERTIFIED
PER_TIMESTAMP_UNION,2010-07-03 00:00:00,ALL_CONVEX_VMAX_COMPONENTS,20100703T000000_ALL_VMAX_K3,ALL_CONVEX_VMAX_COMPONENTS,3,26,6,UNION_OF_PER_COMPONENT_APPROXIMATIONS,SEE_PER_COMPONENT_ROWS,SEE_PER_COMPONENT_ROWS,SEE_PER_COMPONENT_ROWS,UNION_OF_CONTAINING_PER_COMPONENT_OUTER_APPROXIMATIONS,295557.368788057,394978.456565483,99421.0877774282,0.00613855507655724,0.336385075375072,-2.35741026699543e-09,FULL_VMAX_COVERAGE,GEOMETRIC_ONLY;NOT_AC_INTERIOR_CERTIFIED
PER_TIMESTAMP_UNION,2010-07-03 00:00:00,ALL_CONVEX_VMAX_COMPONENTS,20100703T000000_ALL_VMAX_K4,ALL_CONVEX_VMAX_COMPONENTS,4,26,8,UNION_OF_PER_COMPONENT_APPROXIMATIONS,SEE_PER_COMPONENT_ROWS,SEE_PER_COMPONENT_ROWS,SEE_PER_COMPONENT_ROWS,UNION_OF_CONTAINING_PER_COMPONENT_OUTER_APPROXIMATIONS,295557.368788057,320485.078322993,24927.709534938,0.00153911128245952,0.0843413569323444,-1.45519152283669e-09,FULL_VMAX_COVERAGE,GEOMETRIC_ONLY;NOT_AC_INTERIOR_CERTIFIED
PER_TIMESTAMP_UNION,2010-07-03 00:00:00,ALL_CONVEX_VMAX_COMPONENTS,20100703T000000_ALL_VMAX_K5,ALL_CONVEX_VMAX_COMPONENTS,5,26,10,UNION_OF_PER_COMPONENT_APPROXIMATIONS,SEE_PER_COMPONENT_ROWS,SEE_PER_COMPONENT_ROWS,SEE_PER_COMPONENT_ROWS,UNION_OF_CONTAINING_PER_COMPONENT_OUTER_APPROXIMATIONS,295557.368788057,309323.197847496,13765.8290594452,0.000849943424930633,0.0465758276164538,-5.70435076951981e-09,FULL_VMAX_COVERAGE,GEOMETRIC_ONLY;NOT_AC_INTERIOR_CERTIFIED
PER_TIMESTAMP_UNION,2010-07-03 00:00:00,ALL_CONVEX_VMAX_COMPONENTS,20100703T000000_ALL_VMAX_K8,ALL_CONVEX_VMAX_COMPONENTS,8,26,16,UNION_OF_PER_COMPONENT_APPROXIMATIONS,SEE_PER_COMPONENT_ROWS,SEE_PER_COMPONENT_ROWS,SEE_PER_COMPONENT_ROWS,UNION_OF_CONTAINING_PER_COMPONENT_OUTER_APPROXIMATIONS,295557.368788057,298498.216459077,2940.84767102541,0.000181576723851266,0.00995017543661474,-4.86306817037985e-09,FULL_VMAX_COVERAGE,GEOMETRIC_ONLY;NOT_AC_INTERIOR_CERTIFIED
PER_COMPONENT,2010-11-26 18:00:00,20101126T180000_C01,20101126T180000_C01_K3,VMAX / bus 30,3,13,3,EXACT_HULL_CHORD_PLUS_EVENLY_INDEXED_EXACT_BOUNDARY_SUPPORT_FACETS,12;0;11,-1714.00272026|3354.62089946;-413.624367455736|2616.00573244707;1031.49523621001|2007.46758754,-0.493890022785898|-0.869524378837388|-2070.39581127357;-0.388093149570758|-0.921620153455994|-2250.43882107452;0.440505446321449|0.89774993832422|2256.58317230704,C_TRUE_SUBSET_OF_C_APPROX_BECAUSE_EVERY_APPROXIMATION_HALFSPACE_IS_A_SUPPORT_HALFSPACE_OF_C_TRUE,103511.738651925,138028.713461199,34516.9748092752,0.00213098859693825,0.333459521198306,-1.62981450557709e-09,PER_COMPONENT_ONLY,GEOMETRIC_ONLY;NOT_AC_INTERIOR_CERTIFIED
PER_COMPONENT,2010-11-26 18:00:00,20101126T180000_C01,20101126T180000_C01_K4,VMAX / bus 30,4,13,4,EXACT_HULL_CHORD_PLUS_EVENLY_INDEXED_EXACT_BOUNDARY_SUPPORT_FACETS,12;0;6;11,-1714.00272026|3354.62089946;-814.981495312501|2843.97666212647;419.826996341884|2265.04035524983;1031.49523621001|2007.46758754,-0.493890022785897|-0.869524378837388|-2070.39581127357;-0.424505909800206|-0.905425166728151|-2229.04358233887;-0.388093149570754|-0.921620153455995|-2250.43882107452;0.440505446321449|0.89774993832422|2256.58317230704,C_TRUE_SUBSET_OF_C_APPROX_BECAUSE_EVERY_APPROXIMATION_HALFSPACE_IS_A_SUPPORT_HALFSPACE_OF_C_TRUE,103511.738651925,113458.600221974,9946.86157004852,0.000614093462657708,0.0960940440146255,-2.03726813197136e-10,PER_COMPONENT_ONLY,GEOMETRIC_ONLY;NOT_AC_INTERIOR_CERTIFIED
PER_COMPONENT,2010-11-26 18:00:00,20101126T180000_C01,20101126T180000_C01_K5,VMAX / bus 30,5,13,5,EXACT_HULL_CHORD_PLUS_EVENLY_INDEXED_EXACT_BOUNDARY_SUPPORT_FACETS,12;0;4;7;11,-1714.00272026|3354.62089946;-976.727477701985|2935.84841278938;-190.107901830686|2549.9954885176;472.448706707912|2242.88141565289;1031.49523621001|2007.46758754,-0.493890022785898|-0.869524378837388|-2070.39581127357;-0.44039194465001|-0.897805622107248|-2205.67829735867;-0.420546282350656|-0.907271086501186|-2233.5880060801;-0.388093149570755|-0.921620153455995|-2250.43882107452;0.440505446321449|0.89774993832422|2256.58317230704,C_TRUE_SUBSET_OF_C_APPROX_BECAUSE_EVERY_APPROXIMATION_HALFSPACE_IS_A_SUPPORT_HALFSPACE_OF_C_TRUE,103511.738651925,108414.183178667,4902.44452673994,0.000302664223656062,0.0473612422183845,1.39698386192322e-09,PER_COMPONENT_ONLY,GEOMETRIC_ONLY;NOT_AC_INTERIOR_CERTIFIED
PER_COMPONENT,2010-11-26 18:00:00,20101126T180000_C01,20101126T180000_C01_K8,VMAX / bus 30,8,13,8,EXACT_HULL_CHORD_PLUS_EVENLY_INDEXED_EXACT_BOUNDARY_SUPPORT_FACETS,12;0;2;4;6;7;9;11,-1714.00272026|3354.62089946;-1162.65197334896|3041.45356386557;-629.254201731355|2765.40569339601;-236.756880928596|2572.8777629376;-5.20454741570887e-11|2461.87500000001;261.438681204442|2340.69064057421;722.468580534555|2137.59834439539;1031.49523621001|2007.46758754,-0.493890022785888|-0.869524378837393|-2070.39581127361;-0.459623190424854|-0.888114025800561|-2166.77575954571;-0.440391944649976|-0.897805622107264|-2205.67829735873;-0.424505909800303|-0.905425166728105|-2229.04358233874;-0.420546282350594|-0.907271086501214|-2233.58800608016;-0.403136273605349|-0.915139959188535|-2247.45495300513;-0.388093149570783|-0.921620153455983|-2250.43882107453;0.440505446321449|0.89774993832422|2256.58317230704,C_TRUE_SUBSET_OF_C_APPROX_BECAUSE_EVERY_APPROXIMATION_HALFSPACE_IS_A_SUPPORT_HALFSPACE_OF_C_TRUE,103511.738651925,104672.519159245,1160.78050732627,7.16635811315592e-05,0.0112139987449113,-6.25732354819775e-09,PER_COMPONENT_ONLY,GEOMETRIC_ONLY;NOT_AC_INTERIOR_CERTIFIED
PER_COMPONENT,2010-11-26 18:00:00,20101126T180000_C02,20101126T180000_C02_K3,VMAX / bus 13,3,13,3,EXACT_HULL_CHORD_PLUS_EVENLY_INDEXED_EXACT_BOUNDARY_SUPPORT_FACETS,12;0;11,1148.04860933|1904.59513201;1782.18671211446|-298.119594852314;2543.61103086|-2234.15977236,-0.960969886028739|-0.276652992295244|-1630.15208364482;-0.930614485709354|-0.366000927577942|-1549.41672228733;0.947580159788913|0.319518138412232|1696.4207756832,C_TRUE_SUBSET_OF_C_APPROX_BECAUSE_EVERY_APPROXIMATION_HALFSPACE_IS_A_SUPPORT_HALFSPACE_OF_C_TRUE,169696.178608462,224741.857606353,55045.678997893,0.00339837760705821,0.324377834841522,-2.2409949451685e-09,PER_COMPONENT_ONLY,GEOMETRIC_ONLY;NOT_AC_INTERIOR_CERTIFIED
PER_COMPONENT,2010-11-26 18:00:00,20101126T180000_C02,20101126T180000_C02_K4,VMAX / bus 13,4,13,4,EXACT_HULL_CHORD_PLUS_EVENLY_INDEXED_EXACT_BOUNDARY_SUPPORT_FACETS,12;0;6;11,1148.04860933|1904.59513201;1480.86690216584|748.531883673921;2078.37658813659|-1051.22858550631;2543.61103086|-2234.15977236,-0.960969886028739|-0.276652992295244|-1630.15208364483;-0.949063940793512|-0.315083538582212|-1641.28745260978;-0.930614485709354|-0.366000927577942|-1549.41672228733;0.947580159788913|0.319518138412232|1696.4207756832,C_TRUE_SUBSET_OF_C_APPROX_BECAUSE_EVERY_APPROXIMATION_HALFSPACE_IS_A_SUPPORT_HALFSPACE_OF_C_TRUE,169696.178608462,183201.400742046,13505.2221335879,0.000833777424725543,0.0795847157215508,-3.37604433298111e-09,PER_COMPONENT_ONLY,GEOMETRIC_ONLY;NOT_AC_INTERIOR_CERTIFIED
PER_COMPONENT,2010-11-26 18:00:00,20101126T180000_C02,20101126T180000_C02_K5,VMAX / bus 13,5,13,5,EXACT_HULL_CHORD_PLUS_EVENLY_INDEXED_EXACT_BOUNDARY_SUPPORT_FACETS,12;0;4;7;11,1148.04860933|1904.59513201;1404.97035809808|1012.16284135008;1741.36576319476|-40.8120557290433;2124.6915443719|-1168.99159081562;2543.61103086|-2234.15977236,-0.960969886028738|-0.276652992295246|-1630.15208364483;-0.952570189188408|-0.30431896863252|-1646.35323178541;-0.946838016135359|-0.321710694881064|-1635.66162978125;-0.930614485709355|-0.36600092757794|-1549.41672228734;0.947580159788913|0.319518138412232|1696.4207756832,C_TRUE_SUBSET_OF_C_APPROX_BECAUSE_EVERY_APPROXIMATION_HALFSPACE_IS_A_SUPPORT_HALFSPACE_OF_C_TRUE,169696.178608462,176665.41078955,6969.23218109939,0.000430262338730424,0.0410688810923635,-1.15596776595339e-08,PER_COMPONENT_ONLY,GEOMETRIC_ONLY;NOT_AC_INTERIOR_CERTIFIED
PER_COMPONENT,2010-11-26 18:00:00,20101126T180000_C02,20101126T180000_C02_K8,VMAX / bus 13,8,13,8,EXACT_HULL_CHORD_PLUS_EVENLY_INDEXED_EXACT_BOUNDARY_SUPPORT_FACETS,12;0;2;4;6;7;9;11,1148.04860933|1904.59513201;1304.40420450471|1361.48508925058;1508.2421226259|688.904633962812;1701.60342887572|83.6508211499793;1809.43613465|-241.152350570995;1955.30253976998|-670.456877408883;2223.88379971692|-1421.20338247728;2543.61103086|-2234.15977236,-0.960969886028737|-0.276652992295252|-1630.15208364484;-0.957014270686479|-0.290040834543045|-1643.2197099586;-0.952570189188407|-0.304318968632523|-1646.35323178541;-0.949063940793515|-0.315083538582205|-1641.28745260979;-0.946838016135362|-0.321710694881056|-1635.66162978125;-0.941560030438388|-0.336845230158989|-1615.19451767961;-0.930614485709355|-0.36600092757794|-1549.41672228734;0.947580159788913|0.319518138412232|1696.4207756832,C_TRUE_SUBSET_OF_C_APPROX_BECAUSE_EVERY_APPROXIMATION_HALFSPACE_IS_A_SUPPORT_HALFSPACE_OF_C_TRUE,169696.178608462,171264.708225699,1568.52961724836,9.68369547674844e-05,0.00924316404830434,-1.13795977085829e-08,PER_COMPONENT_ONLY,GEOMETRIC_ONLY;NOT_AC_INTERIOR_CERTIFIED
PER_TIMESTAMP_UNION,2010-11-26 18:00:00,ALL_CONVEX_VMAX_COMPONENTS,20101126T180000_ALL_VMAX_K3,ALL_CONVEX_VMAX_COMPONENTS,3,26,6,UNION_OF_PER_COMPONENT_APPROXIMATIONS,SEE_PER_COMPONENT_ROWS,SEE_PER_COMPONENT_ROWS,SEE_PER_COMPONENT_ROWS,UNION_OF_CONTAINING_PER_COMPONENT_OUTER_APPROXIMATIONS,273207.917260387,362770.571067551,89562.6538071682,0.00552936620399646,0.327818661718388,-3.87080945074558e-09,FULL_VMAX_COVERAGE,GEOMETRIC_ONLY;NOT_AC_INTERIOR_CERTIFIED
PER_TIMESTAMP_UNION,2010-11-26 18:00:00,ALL_CONVEX_VMAX_COMPONENTS,20101126T180000_ALL_VMAX_K4,ALL_CONVEX_VMAX_COMPONENTS,4,26,8,UNION_OF_PER_COMPONENT_APPROXIMATIONS,SEE_PER_COMPONENT_ROWS,SEE_PER_COMPONENT_ROWS,SEE_PER_COMPONENT_ROWS,UNION_OF_CONTAINING_PER_COMPONENT_OUTER_APPROXIMATIONS,273207.917260387,296660.00096402,23452.0837036365,0.00144787088738325,0.0858396928566492,-3.57977114617825e-09,FULL_VMAX_COVERAGE,GEOMETRIC_ONLY;NOT_AC_INTERIOR_CERTIFIED
PER_TIMESTAMP_UNION,2010-11-26 18:00:00,ALL_CONVEX_VMAX_COMPONENTS,20101126T180000_ALL_VMAX_K5,ALL_CONVEX_VMAX_COMPONENTS,5,26,10,UNION_OF_PER_COMPONENT_APPROXIMATIONS,SEE_PER_COMPONENT_ROWS,SEE_PER_COMPONENT_ROWS,SEE_PER_COMPONENT_ROWS,UNION_OF_CONTAINING_PER_COMPONENT_OUTER_APPROXIMATIONS,273207.917260387,285079.593968216,11871.6767078393,0.000732926562386487,0.043452901463777,-1.01626937976107e-08,FULL_VMAX_COVERAGE,GEOMETRIC_ONLY;NOT_AC_INTERIOR_CERTIFIED
PER_TIMESTAMP_UNION,2010-11-26 18:00:00,ALL_CONVEX_VMAX_COMPONENTS,20101126T180000_ALL_VMAX_K8,ALL_CONVEX_VMAX_COMPONENTS,8,26,16,UNION_OF_PER_COMPONENT_APPROXIMATIONS,SEE_PER_COMPONENT_ROWS,SEE_PER_COMPONENT_ROWS,SEE_PER_COMPONENT_ROWS,UNION_OF_CONTAINING_PER_COMPONENT_OUTER_APPROXIMATIONS,273207.917260387,275937.227384944,2729.31012457464,0.000168500535899044,0.00998986468599812,-1.76369212567806e-08,FULL_VMAX_COVERAGE,GEOMETRIC_ONLY;NOT_AC_INTERIOR_CERTIFIED
PER_COMPONENT,2010-12-21 11:30:00,20101221T113000_C01,20101221T113000_C01_K3,VMAX / bus 30,3,13,3,EXACT_HULL_CHORD_PLUS_EVENLY_INDEXED_EXACT_BOUNDARY_SUPPORT_FACETS,12;0;11,-2019.03916689|3213.95287831;-645.601706083768|2415.16387752669;855.270594007001|1782.47553113,-0.502751619604075|-0.86443091625964|-1763.16502021481;-0.388443980947568|-0.921472340152218|-1974.7266132579;0.445798533392554|0.895133323938422|1976.8316234814,C_TRUE_SUBSET_OF_C_APPROX_BECAUSE_EVERY_APPROXIMATION_HALFSPACE_IS_A_SUPPORT_HALFSPACE_OF_C_TRUE,122895.721670732,164961.204468048,42065.482797315,0.0025944012528724,0.342285982176163,7.56699591875076e-10,PER_COMPONENT_ONLY,GEOMETRIC_ONLY;NOT_AC_INTERIOR_CERTIFIED
PER_COMPONENT,2010-12-21 11:30:00,20101221T113000_C01,20101221T113000_C01_K4,VMAX / bus 30,4,13,4,EXACT_HULL_CHORD_PLUS_EVENLY_INDEXED_EXACT_BOUNDARY_SUPPORT_FACETS,12;0;6;11,-2019.03916689|3213.95287831;-1055.12995885987|2653.34484547227;269.187796870077|2029.53702713448;855.270594007001|1782.47553113,-0.502751619604075|-0.864430916259639|-1763.16502021481;-0.426132264914394|-0.904660871707696|-1950.75234169808;-0.388443980947565|-0.92147234015222|-1974.7266132579;0.445798533392554|0.895133323938422|1976.8316234814,C_TRUE_SUBSET_OF_C_APPROX_BECAUSE_EVERY_APPROXIMATION_HALFSPACE_IS_A_SUPPORT_HALFSPACE_OF_C_TRUE,122895.721670732,134981.024960384,12085.3032896492,0.00074536470072347,0.0983378682785126,1.87719706445932e-09,PER_COMPONENT_ONLY,GEOMETRIC_ONLY;NOT_AC_INTERIOR_CERTIFIED
PER_COMPONENT,2010-12-21 11:30:00,20101221T113000_C01,20101221T113000_C01_K5,VMAX / bus 30,5,13,5,EXACT_HULL_CHORD_PLUS_EVENLY_INDEXED_EXACT_BOUNDARY_SUPPORT_FACETS,12;0;4;7;11,-2019.03916689|3213.95287831;-1226.31527828818|2752.90594975047;-320.990105372672|2304.53587503933;378.041385073969|1983.65011409338;855.270594007001|1782.47553113,-0.502751619604074|-0.86443091625964|-1763.16502021481;-0.443811271984825|-0.896120279236673|-1922.68230489119;-0.417187899515503|-0.908820255329866|-1960.4956945444;-0.38844398094757|-0.921472340152218|-1974.7266132579;0.445798533392554|0.895133323938422|1976.8316234814,C_TRUE_SUBSET_OF_C_APPROX_BECAUSE_EVERY_APPROXIMATION_HALFSPACE_IS_A_SUPPORT_HALFSPACE_OF_C_TRUE,122895.721670732,128849.90685606,5954.18518533045,0.000367226154970974,0.0484490843487877,-2.38651409745216e-09,PER_COMPONENT_ONLY,GEOMETRIC_ONLY;NOT_AC_INTERIOR_CERTIFIED
PER_COMPONENT,2010-12-21 11:30:00,20101221T113000_C01,20101221T113000_C01_K8,VMAX / bus 30,8,13,8,EXACT_HULL_CHORD_PLUS_EVENLY_INDEXED_EXACT_BOUNDARY_SUPPORT_FACETS,12;0;2;4;6;7;9;11,-2019.03916689|3213.95287831;-1426.01267011365|2869.04962911514;-851.574329845163|2567.31227349201;-444.828362929962|2365.8678366971;-71.0156250000262|2189.78675079001;132.670252324576|2096.28610220337;564.117303210338|1905.21035280067;855.270594007001|1782.47553113,-0.502751619604074|-0.86443091625964|-1763.16502021481;-0.465023843059524|-0.88529815620849|-1876.83445461846;-0.443811271984815|-0.896120279236677|-1922.68230489121;-0.426132264914415|-0.904660871707686|-1950.75234169806;-0.417187899515473|-0.90882025532988|-1960.49569454442;-0.404937393289215|-0.914344414056397|-1970.45063395705;-0.388443980947554|-0.921472340152224|-1974.7266132579;0.445798533392554|0.895133323938422|1976.8316234814,C_TRUE_SUBSET_OF_C_APPROX_BECAUSE_EVERY_APPROXIMATION_HALFSPACE_IS_A_SUPPORT_HALFSPACE_OF_C_TRUE,122895.721670732,124202.754387657,1307.03271692593,8.06116343577135e-05,0.0106352987651416,-1.83354131877422e-09,PER_COMPONENT_ONLY,GEOMETRIC_ONLY;NOT_AC_INTERIOR_CERTIFIED
PER_COMPONENT,2010-12-21 11:30:00,20101221T113000_C02,20101221T113000_C02_K3,VMAX / bus 13,3,13,3,EXACT_HULL_CHORD_PLUS_EVENLY_INDEXED_EXACT_BOUNDARY_SUPPORT_FACETS,12;0;11,995.285601065004|1707.78986713999;1677.62848198657|-653.627483399823;2502.49230133|-2696.56221213,-0.960697297196458|-0.277598096462169|-1430.24740315714;-0.927268234714841|-0.374397677461845|-1310.8949892889;0.946134067736273|0.323775116197668|1494.61347696942,C_TRUE_SUBSET_OF_C_APPROX_BECAUSE_EVERY_APPROXIMATION_HALFSPACE_IS_A_SUPPORT_HALFSPACE_OF_C_TRUE,210442.440749415,276932.883246823,66490.4424974118,0.00410081795923988,0.315955480561003,-3.20142135024071e-09,PER_COMPONENT_ONLY,GEOMETRIC_ONLY;NOT_AC_INTERIOR_CERTIFIED
PER_COMPONENT,2010-12-21 11:30:00,20101221T113000_C02,20101221T113000_C02_K4,VMAX / bus 13,4,13,4,EXACT_HULL_CHORD_PLUS_EVENLY_INDEXED_EXACT_BOUNDARY_SUPPORT_FACETS,12;0;6;11,995.285601065004|1707.78986713999;1331.80866049303|543.16807125227;1976.32564535519|-1393.40875893773;2502.49230133|-2696.56221213,-0.960697297196458|-0.27759809646217|-1430.24740315715;-0.948831447449059|-0.315782970300369|-1435.18516597316;-0.927268234714841|-0.374397677461844|-1310.8949892889;0.946134067736273|0.323775116197668|1494.61347696942,C_TRUE_SUBSET_OF_C_APPROX_BECAUSE_EVERY_APPROXIMATION_HALFSPACE_IS_A_SUPPORT_HALFSPACE_OF_C_TRUE,210442.440749415,226108.678918835,15666.2381694235,0.000966219932156445,0.0744442903894949,-3.59432306140661e-09,PER_COMPONENT_ONLY,GEOMETRIC_ONLY;NOT_AC_INTERIOR_CERTIFIED
PER_COMPONENT,2010-12-21 11:30:00,20101221T113000_C02,20101221T113000_C02_K5,VMAX / bus 13,5,13,5,EXACT_HULL_CHORD_PLUS_EVENLY_INDEXED_EXACT_BOUNDARY_SUPPORT_FACETS,12;0;4;7;11,995.285601065004|1707.78986713999;1264.17224907106|777.240705298605;1607.09674344165|-292.712106020314;2036.7767215654|-1543.12753685339;2502.49230133|-2696.56221213,-0.960697297196459|-0.277598096462168|-1430.24740315714;-0.952284641830682|-0.305211338146881|-1441.07449314534;-0.945721546551258|-0.324978086013037|-1424.7409976978;-0.927268234714841|-0.374397677461844|-1310.8949892889;0.946134067736273|0.323775116197668|1494.61347696942,C_TRUE_SUBSET_OF_C_APPROX_BECAUSE_EVERY_APPROXIMATION_HALFSPACE_IS_A_SUPPORT_HALFSPACE_OF_C_TRUE,210442.440749415,219340.268960827,8897.8282114164,0.000548776220417363,0.0422815292377812,-4.13274392485619e-09,PER_COMPONENT_ONLY,GEOMETRIC_ONLY;NOT_AC_INTERIOR_CERTIFIED
PER_COMPONENT,2010-12-21 11:30:00,20101221T113000_C02,20101221T113000_C02_K8,VMAX / bus 13,8,13,8,EXACT_HULL_CHORD_PLUS_EVENLY_INDEXED_EXACT_BOUNDARY_SUPPORT_FACETS,12;0;2;4;6;7;9;11,995.285601065004|1707.78986713999;1166.75916443155|1114.36292737949;1373.21401055108|437.021382497395;1531.49522557405|-56.8291116285709;1699.32493532|-561.106167075013;1850.56689732034|-1001.23671237173;2146.88398222031|-1815.82945613058;2502.49230133|-2696.56221213,-0.960697297196458|-0.277598096462169|-1430.24740315714;-0.956552868877616|-0.291558928935475|-1440.96928757841;-0.952284641830686|-0.305211338146869|-1441.07449314534;-0.948831447449057|-0.315782970300374|-1435.18516597315;-0.945721546551257|-0.324978086013039|-1424.7409976978;-0.939755794996348|-0.341846523707323|-1396.81167625277;-0.92726823471484|-0.374397677461846|-1310.89498928889;0.946134067736273|0.323775116197668|1494.61347696942,C_TRUE_SUBSET_OF_C_APPROX_BECAUSE_EVERY_APPROXIMATION_HALFSPACE_IS_A_SUPPORT_HALFSPACE_OF_C_TRUE,210442.440749415,212355.77460845,1913.33385903647,0.000118005438924006,0.00909195812509501,-1.33150024339557e-09,PER_COMPONENT_ONLY,GEOMETRIC_ONLY;NOT_AC_INTERIOR_CERTIFIED
PER_TIMESTAMP_UNION,2010-12-21 11:30:00,ALL_CONVEX_VMAX_COMPONENTS,20101221T113000_ALL_VMAX_K3,ALL_CONVEX_VMAX_COMPONENTS,3,26,6,UNION_OF_PER_COMPONENT_APPROXIMATIONS,SEE_PER_COMPONENT_ROWS,SEE_PER_COMPONENT_ROWS,SEE_PER_COMPONENT_ROWS,UNION_OF_CONTAINING_PER_COMPONENT_OUTER_APPROXIMATIONS,333338.162420147,441894.087714871,108555.925294727,0.00669521921211229,0.325663057918644,-2.47382558882236e-09,FULL_VMAX_COVERAGE,GEOMETRIC_ONLY;NOT_AC_INTERIOR_CERTIFIED
PER_TIMESTAMP_UNION,2010-12-21 11:30:00,ALL_CONVEX_VMAX_COMPONENTS,20101221T113000_ALL_VMAX_K4,ALL_CONVEX_VMAX_COMPONENTS,4,26,8,UNION_OF_PER_COMPONENT_APPROXIMATIONS,SEE_PER_COMPONENT_ROWS,SEE_PER_COMPONENT_ROWS,SEE_PER_COMPONENT_ROWS,UNION_OF_CONTAINING_PER_COMPONENT_OUTER_APPROXIMATIONS,333338.162420147,361089.703879218,27751.5414590727,0.00171158463287992,0.0832534182632652,-1.74622982740402e-09,FULL_VMAX_COVERAGE,GEOMETRIC_ONLY;NOT_AC_INTERIOR_CERTIFIED
PER_TIMESTAMP_UNION,2010-12-21 11:30:00,ALL_CONVEX_VMAX_COMPONENTS,20101221T113000_ALL_VMAX_K5,ALL_CONVEX_VMAX_COMPONENTS,5,26,10,UNION_OF_PER_COMPONENT_APPROXIMATIONS,SEE_PER_COMPONENT_ROWS,SEE_PER_COMPONENT_ROWS,SEE_PER_COMPONENT_ROWS,UNION_OF_CONTAINING_PER_COMPONENT_OUTER_APPROXIMATIONS,333338.162420147,348190.175816887,14852.0133967469,0.000916002375388338,0.0445553947046334,-6.54836185276508e-09,FULL_VMAX_COVERAGE,GEOMETRIC_ONLY;NOT_AC_INTERIOR_CERTIFIED
PER_TIMESTAMP_UNION,2010-12-21 11:30:00,ALL_CONVEX_VMAX_COMPONENTS,20101221T113000_ALL_VMAX_K8,ALL_CONVEX_VMAX_COMPONENTS,8,26,16,UNION_OF_PER_COMPONENT_APPROXIMATIONS,SEE_PER_COMPONENT_ROWS,SEE_PER_COMPONENT_ROWS,SEE_PER_COMPONENT_ROWS,UNION_OF_CONTAINING_PER_COMPONENT_OUTER_APPROXIMATIONS,333338.162420147,336558.528996106,3220.36657596239,0.00019861707328172,0.00966095976704691,-3.19414539262652e-09,FULL_VMAX_COVERAGE,GEOMETRIC_ONLY;NOT_AC_INTERIOR_CERTIFIED
PER_COMPONENT,2010-12-21 12:00:00,20101221T120000_C01,20101221T120000_C01_K3,VMAX / bus 30,3,13,3,EXACT_HULL_CHORD_PLUS_EVENLY_INDEXED_EXACT_BOUNDARY_SUPPORT_FACETS,12;0;11,-2005.94881445|3219.47111908;-631.395144776409|2420.73357443892;862.670689489004|1791.95316599,-0.502422260805847|-0.864622386852632|-1775.79346496529;-0.38789982164002|-0.92170153974681|-1986.27579883401;0.445517058415289|0.895273450215624|1988.62260150291,C_TRUE_SUBSET_OF_C_APPROX_BECAUSE_EVERY_APPROXIMATION_HALFSPACE_IS_A_SUPPORT_HALFSPACE_OF_C_TRUE,122075.94260332,164537.029070474,42461.0864671507,0.00261918496294387,0.347825178013378,2.7648638933897e-09,PER_COMPONENT_ONLY,GEOMETRIC_ONLY;NOT_AC_INTERIOR_CERTIFIED
PER_COMPONENT,2010-12-21 12:00:00,20101221T120000_C01,20101221T120000_C01_K4,VMAX / bus 30,4,13,4,EXACT_HULL_CHORD_PLUS_EVENLY_INDEXED_EXACT_BOUNDARY_SUPPORT_FACETS,12;0;6;11,-2005.94881445|3219.47111908;-1050.96984040339|2664.54367045228;278.963184522815|2037.60756418979;862.670689489004|1791.95316599,-0.502422260805847|-0.864622386852631|-1775.79346496529;-0.42640124682824|-0.904534121359345|-1962.03581744927;-0.387899821640016|-0.921701539746812|-1986.27579883401;0.445517058415289|0.895273450215624|1988.62260150291,C_TRUE_SUBSET_OF_C_APPROX_BECAUSE_EVERY_APPROXIMATION_HALFSPACE_IS_A_SUPPORT_HALFSPACE_OF_C_TRUE,122075.94260332,133934.742802507,11858.8001991833,0.000731502506048356,0.0971428108297955,3.46335582435131e-09,PER_COMPONENT_ONLY,GEOMETRIC_ONLY;NOT_AC_INTERIOR_CERTIFIED
PER_COMPONENT,2010-12-21 12:00:00,20101221T120000_C01,20101221T120000_C01_K5,VMAX / bus 30,5,13,5,EXACT_HULL_CHORD_PLUS_EVENLY_INDEXED_EXACT_BOUNDARY_SUPPORT_FACETS,12;0;4;7;11,-2005.94881445|3219.47111908;-1216.11251379753|2760.50620459881;-297.779877731553|2306.11724222346;413.466797274297|1981.0014665038;862.670689489004|1791.95316599,-0.502422260805846|-0.864622386852632|-1775.79346496529;-0.443479581182477|-0.896284475528956|-1934.87778749358;-0.415732724094297|-0.90948683449357|-1973.58643085105;-0.387899821640023|-0.921701539746809|-1986.27579883401;0.445517058415289|0.895273450215624|1988.62260150291,C_TRUE_SUBSET_OF_C_APPROX_BECAUSE_EVERY_APPROXIMATION_HALFSPACE_IS_A_SUPPORT_HALFSPACE_OF_C_TRUE,122075.94260332,127897.890233951,5821.94763063188,0.000359123116197102,0.0476911953860559,-1.04773789644241e-09,PER_COMPONENT_ONLY,GEOMETRIC_ONLY;NOT_AC_INTERIOR_CERTIFIED
PER_COMPONENT,2010-12-21 12:00:00,20101221T120000_C01,20101221T120000_C01_K8,VMAX / bus 30,8,13,8,EXACT_HULL_CHORD_PLUS_EVENLY_INDEXED_EXACT_BOUNDARY_SUPPORT_FACETS,12;0;2;4;6;7;9;11,-2005.94881445|3219.47111908;-1419.9993071896|2878.98250736653;-851.983635309905|2580.33603883438;-441.813925401288|2377.38497125435;-62.1093750000186|2198.39062500001;164.737465057352|2094.69736502912;571.671425462708|1914.42075202027;862.670689489004|1791.95316599,-0.502422260805853|-0.864622386852628|-1775.79346496526;-0.465369154388625|-0.885116687303779|-1887.41158290653;-0.443479581182487|-0.896284475528951|-1934.87778749356;-0.426401246828244|-0.904534121359343|-1962.03581744927;-0.415732724094324|-0.909486834493558|-1973.58643085102;-0.405044497683061|-0.914296973032656|-1981.90146404934;-0.387899821640021|-0.92170153974681|-1986.27579883401;0.445517058415289|0.895273450215624|1988.62260150291,C_TRUE_SUBSET_OF_C_APPROX_BECAUSE_EVERY_APPROXIMATION_HALFSPACE_IS_A_SUPPORT_HALFSPACE_OF_C_TRUE,122075.94260332,123341.706533434,1265.76393010732,7.80778385154756e-05,0.0103686598941149,6.60656951367855e-09,PER_COMPONENT_ONLY,GEOMETRIC_ONLY;NOT_AC_INTERIOR_CERTIFIED
PER_COMPONENT,2010-12-21 12:00:00,20101221T120000_C02,20101221T120000_C02_K3,VMAX / bus 13,3,13,3,EXACT_HULL_CHORD_PLUS_EVENLY_INDEXED_EXACT_BOUNDARY_SUPPORT_FACETS,12;0;11,1001.71106321|1716.10740328;1679.97976726933|-634.046913334812;2504.04743169|-2676.95142086,-0.960786613389862|-0.277288808881354|-1438.28795778468;-0.927391734448914|-0.37409166106161|-1320.80768720658;0.946200402884823|0.32358120708811|1503.11951662967,C_TRUE_SUBSET_OF_C_APPROX_BECAUSE_EVERY_APPROXIMATION_HALFSPACE_IS_A_SUPPORT_HALFSPACE_OF_C_TRUE,208629.160163726,275523.992942421,66894.8327786972,0.00412636497768744,0.320639898690097,-3.08500602841377e-09,PER_COMPONENT_ONLY,GEOMETRIC_ONLY;NOT_AC_INTERIOR_CERTIFIED
PER_COMPONENT,2010-12-21 12:00:00,20101221T120000_C02,20101221T120000_C02_K4,VMAX / bus 13,4,13,4,EXACT_HULL_CHORD_PLUS_EVENLY_INDEXED_EXACT_BOUNDARY_SUPPORT_FACETS,12;0;6;11,1001.71106321|1716.10740328;1337.43631026542|552.842558769577;1982.86412850292|-1384.91222881589;2504.04743169|-2676.95142086,-0.960786613389862|-0.277288808881353|-1438.28795778468;-0.948755312212645|-0.31601164147589|-1443.6044885849;-0.927391734448915|-0.374091661061609|-1320.80768720658;0.946200402884823|0.32358120708811|1503.11951662967,C_TRUE_SUBSET_OF_C_APPROX_BECAUSE_EVERY_APPROXIMATION_HALFSPACE_IS_A_SUPPORT_HALFSPACE_OF_C_TRUE,208629.160163726,224380.86359043,15751.7034267067,0.000971633751950724,0.0755009674311358,-3.14321368932724e-09,PER_COMPONENT_ONLY,GEOMETRIC_ONLY;NOT_AC_INTERIOR_CERTIFIED
PER_COMPONENT,2010-12-21 12:00:00,20101221T120000_C02,20101221T120000_C02_K5,VMAX / bus 13,5,13,5,EXACT_HULL_CHORD_PLUS_EVENLY_INDEXED_EXACT_BOUNDARY_SUPPORT_FACETS,12;0;4;7;11,1001.71106321|1716.10740328;1266.54366701113|798.480682072599;1610.70663030749|-275.824980638865;2039.45725648834|-1525.20939280867;2504.04743169|-2676.95142086,-0.960786613389862|-0.277288808881353|-1438.28795778468;-0.952324990974937|-0.305085416833689|-1449.7659979795;-0.945855268071517|-0.324588681043192|-1433.96568492973;-0.927391734448915|-0.374091661061608|-1320.80768720659;0.946200402884823|0.32358120708811|1503.11951662967,C_TRUE_SUBSET_OF_C_APPROX_BECAUSE_EVERY_APPROXIMATION_HALFSPACE_IS_A_SUPPORT_HALFSPACE_OF_C_TRUE,208629.160163726,217571.343434734,8942.18327100977,0.000551592856142211,0.0428616175418249,-2.5029294192791e-09,PER_COMPONENT_ONLY,GEOMETRIC_ONLY;NOT_AC_INTERIOR_CERTIFIED
PER_COMPONENT,2010-12-21 12:00:00,20101221T120000_C02,20101221T120000_C02_K8,VMAX / bus 13,8,13,8,EXACT_HULL_CHORD_PLUS_EVENLY_INDEXED_EXACT_BOUNDARY_SUPPORT_FACETS,12;0;2;4;6;7;9;11,1001.71106321|1716.10740328;1168.0816305489|1139.6448528938;1379.31089980505|446.477446168047;1541.64603230408|-60.2521287703803;1703.98673393001|-547.64430944;1855.63827348295|-989.558695167542;2151.4377329887|-1802.8145338358;2504.04743169|-2676.95142086,-0.960786613389863|-0.277288808881351|-1438.28795778468;-0.956571851081212|-0.291496644438773|-1449.55665801859;-0.952324990974936|-0.305085416833694|-1449.7659979795;-0.94875531221264|-0.316011641475904|-1443.60448858489;-0.94585526807152|-0.324588681043183|-1433.96568492975;-0.939767418099746|-0.341814569435152|-1405.62280987864;-0.927391734448914|-0.374091661061611|-1320.80768720658;0.946200402884823|0.32358120708811|1503.11951662967,C_TRUE_SUBSET_OF_C_APPROX_BECAUSE_EVERY_APPROXIMATION_HALFSPACE_IS_A_SUPPORT_HALFSPACE_OF_C_TRUE,208629.160163726,210519.762311229,1890.60214750242,0.000116620584343235,0.0090620225188978,-7.27595761418343e-12,PER_COMPONENT_ONLY,GEOMETRIC_ONLY;NOT_AC_INTERIOR_CERTIFIED
PER_TIMESTAMP_UNION,2010-12-21 12:00:00,ALL_CONVEX_VMAX_COMPONENTS,20101221T120000_ALL_VMAX_K3,ALL_CONVEX_VMAX_COMPONENTS,3,26,6,UNION_OF_PER_COMPONENT_APPROXIMATIONS,SEE_PER_COMPONENT_ROWS,SEE_PER_COMPONENT_ROWS,SEE_PER_COMPONENT_ROWS,UNION_OF_CONTAINING_PER_COMPONENT_OUTER_APPROXIMATIONS,330705.102767046,440061.022012894,109355.919245848,0.00674554994063131,0.330675028388902,-2.91038304567337e-10,FULL_VMAX_COVERAGE,GEOMETRIC_ONLY;NOT_AC_INTERIOR_CERTIFIED
PER_TIMESTAMP_UNION,2010-12-21 12:00:00,ALL_CONVEX_VMAX_COMPONENTS,20101221T120000_ALL_VMAX_K4,ALL_CONVEX_VMAX_COMPONENTS,4,26,8,UNION_OF_PER_COMPONENT_APPROXIMATIONS,SEE_PER_COMPONENT_ROWS,SEE_PER_COMPONENT_ROWS,SEE_PER_COMPONENT_ROWS,UNION_OF_CONTAINING_PER_COMPONENT_OUTER_APPROXIMATIONS,330705.102767046,358315.606392937,27610.50362589,0.00170313625799908,0.0834898022282385,3.49245965480804e-10,FULL_VMAX_COVERAGE,GEOMETRIC_ONLY;NOT_AC_INTERIOR_CERTIFIED
PER_TIMESTAMP_UNION,2010-12-21 12:00:00,ALL_CONVEX_VMAX_COMPONENTS,20101221T120000_ALL_VMAX_K5,ALL_CONVEX_VMAX_COMPONENTS,5,26,10,UNION_OF_PER_COMPONENT_APPROXIMATIONS,SEE_PER_COMPONENT_ROWS,SEE_PER_COMPONENT_ROWS,SEE_PER_COMPONENT_ROWS,UNION_OF_CONTAINING_PER_COMPONENT_OUTER_APPROXIMATIONS,330705.102767046,345469.233668685,14764.1309016416,0.000910715972339313,0.0446444000352838,-3.52156348526478e-09,FULL_VMAX_COVERAGE,GEOMETRIC_ONLY;NOT_AC_INTERIOR_CERTIFIED
PER_TIMESTAMP_UNION,2010-12-21 12:00:00,ALL_CONVEX_VMAX_COMPONENTS,20101221T120000_ALL_VMAX_K8,ALL_CONVEX_VMAX_COMPONENTS,8,26,16,UNION_OF_PER_COMPONENT_APPROXIMATIONS,SEE_PER_COMPONENT_ROWS,SEE_PER_COMPONENT_ROWS,SEE_PER_COMPONENT_ROWS,UNION_OF_CONTAINING_PER_COMPONENT_OUTER_APPROXIMATIONS,330705.102767046,333861.468844663,3156.36607760975,0.000194698422858711,0.00954435250983453,6.59929355606437e-09,FULL_VMAX_COVERAGE,GEOMETRIC_ONLY;NOT_AC_INTERIOR_CERTIFIED
PER_COMPONENT,2011-01-21 18:00:00,20110121T180000_C03,20110121T180000_C03_K3,VMAX / bus 13,3,13,3,EXACT_HULL_CHORD_PLUS_EVENLY_INDEXED_EXACT_BOUNDARY_SUPPORT_FACETS,12;0;11,1244.0102362|2027.48196177999;1851.06862119153|-81.4608550312135;2570.80180088|-1943.65150383,-0.960980035131507|-0.276617736377563|-1756.30647130135;-0.932755958358128|-0.360508421742698|-1697.22796146505;0.948462350207838|0.316889839278929|1822.38530531825,C_TRUE_SUBSET_OF_C_APPROX_BECAUSE_EVERY_APPROXIMATION_HALFSPACE_IS_A_SUPPORT_HALFSPACE_OF_C_TRUE,146584.436213678,193708.835759284,47124.3995456039,0.0029055022563504,0.321482967515801,1.85536919161677e-09,PER_COMPONENT_ONLY,GEOMETRIC_ONLY;NOT_AC_INTERIOR_CERTIFIED
PER_COMPONENT,2011-01-21 18:00:00,20110121T180000_C03,20110121T180000_C03_K4,VMAX / bus 13,4,13,4,EXACT_HULL_CHORD_PLUS_EVENLY_INDEXED_EXACT_BOUNDARY_SUPPORT_FACETS,12;0;6;11,1244.0102362|2027.48196177999;1580.60557376697|858.137567757816;2146.92791041094|-846.947867847687;2570.80180088|-1943.65150383,-0.960980035131508|-0.276617736377562|-1756.30647130135;-0.949023289752309|-0.315205957284606|-1770.52157494415;-0.932755958358128|-0.360508421742697|-1697.22796146505;0.948462350207838|0.316889839278929|1822.38530531825,C_TRUE_SUBSET_OF_C_APPROX_BECAUSE_EVERY_APPROXIMATION_HALFSPACE_IS_A_SUPPORT_HALFSPACE_OF_C_TRUE,146584.436213678,158232.350125398,11647.9139117194,0.000718163848847026,0.0794621462727468,1.07684172689915e-09,PER_COMPONENT_ONLY,GEOMETRIC_ONLY;NOT_AC_INTERIOR_CERTIFIED
PER_COMPONENT,2011-01-21 18:00:00,20110121T180000_C03,20110121T180000_C03_K5,VMAX / bus 13,5,13,5,EXACT_HULL_CHORD_PLUS_EVENLY_INDEXED_EXACT_BOUNDARY_SUPPORT_FACETS,12;0;4;7;11,1244.0102362|2027.48196177999;1493.66850932351|1160.16007845136;1805.29198085336|179.102615806279;2170.83830482107|-908.812061601992;2570.80180088|-1943.65150383,-0.960980035131506|-0.276617736377566|-1756.30647130136;-0.953074760192989|-0.302735035110037|-1774.79885841455;-0.947920392979811|-0.318507344613904|-1768.31858250768;-0.932755958358127|-0.360508421742699|-1697.22796146505;0.948462350207838|0.316889839278929|1822.38530531825,C_TRUE_SUBSET_OF_C_APPROX_BECAUSE_EVERY_APPROXIMATION_HALFSPACE_IS_A_SUPPORT_HALFSPACE_OF_C_TRUE,146584.436213678,152841.276391162,6256.8401774897,0.000385771774889725,0.0426842053570341,-5.63886715099216e-09,PER_COMPONENT_ONLY,GEOMETRIC_ONLY;NOT_AC_INTERIOR_CERTIFIED
PER_COMPONENT,2011-01-21 18:00:00,20110121T180000_C03,20110121T180000_C03_K8,VMAX / bus 13,8,13,8,EXACT_HULL_CHORD_PLUS_EVENLY_INDEXED_EXACT_BOUNDARY_SUPPORT_FACETS,12;0;2;4;6;7;9;11,1244.0102362|2027.48196177999;1396.88633368132|1496.38486203424;1589.563941967|858.260708141956;1786.74706001831|237.486000376295;1878.79209679001|-39.643544873892;2012.59631267464|-437.862760375721;2271.45937458666|-1169.15244950895;2570.80180088|-1943.65150383,-0.960980035131504|-0.276617736377573|-1756.30647130137;-0.957312620166776|-0.289054574897928|-1769.79380635063;-0.953074760192992|-0.302735035110029|-1774.79885841454;-0.949023289752291|-0.315205957284662|-1770.52157494412;-0.947920392979816|-0.318507344613891|-1768.31858250769;-0.942682126625336|-0.333692085823344|-1751.1272342563;-0.932755958358128|-0.360508421742697|-1697.22796146506;0.948462350207838|0.316889839278929|1822.38530531825,C_TRUE_SUBSET_OF_C_APPROX_BECAUSE_EVERY_APPROXIMATION_HALFSPACE_IS_A_SUPPORT_HALFSPACE_OF_C_TRUE,146584.436213678,148116.706700343,1532.27048666633,9.44736781641063e-05,0.0104531594638923,-9.31322574615479e-10,PER_COMPONENT_ONLY,GEOMETRIC_ONLY;NOT_AC_INTERIOR_CERTIFIED
PER_TIMESTAMP_UNION,2011-01-21 18:00:00,ALL_CONVEX_VMAX_COMPONENTS,20110121T180000_ALL_VMAX_K3,ALL_CONVEX_VMAX_COMPONENTS,3,13,3,UNION_OF_PER_COMPONENT_APPROXIMATIONS,SEE_PER_COMPONENT_ROWS,SEE_PER_COMPONENT_ROWS,SEE_PER_COMPONENT_ROWS,UNION_OF_CONTAINING_PER_COMPONENT_OUTER_APPROXIMATIONS,146584.436213678,193708.835759284,47124.3995456039,0.0029055022563504,0.321482967515801,1.84809323400259e-09,PARTIAL_ONLY_CONVEX_VMAX_COMPONENTS;REPRESENTATION_UNAVAILABLE,GEOMETRIC_ONLY;NOT_AC_INTERIOR_CERTIFIED
PER_TIMESTAMP_UNION,2011-01-21 18:00:00,ALL_CONVEX_VMAX_COMPONENTS,20110121T180000_ALL_VMAX_K4,ALL_CONVEX_VMAX_COMPONENTS,4,13,4,UNION_OF_PER_COMPONENT_APPROXIMATIONS,SEE_PER_COMPONENT_ROWS,SEE_PER_COMPONENT_ROWS,SEE_PER_COMPONENT_ROWS,UNION_OF_CONTAINING_PER_COMPONENT_OUTER_APPROXIMATIONS,146584.436213678,158232.350125398,11647.9139117194,0.000718163848847026,0.0794621462727468,1.07684172689915e-09,PARTIAL_ONLY_CONVEX_VMAX_COMPONENTS;REPRESENTATION_UNAVAILABLE,GEOMETRIC_ONLY;NOT_AC_INTERIOR_CERTIFIED
PER_TIMESTAMP_UNION,2011-01-21 18:00:00,ALL_CONVEX_VMAX_COMPONENTS,20110121T180000_ALL_VMAX_K5,ALL_CONVEX_VMAX_COMPONENTS,5,13,5,UNION_OF_PER_COMPONENT_APPROXIMATIONS,SEE_PER_COMPONENT_ROWS,SEE_PER_COMPONENT_ROWS,SEE_PER_COMPONENT_ROWS,UNION_OF_CONTAINING_PER_COMPONENT_OUTER_APPROXIMATIONS,146584.436213678,152841.276391162,6256.8401774897,0.000385771774889725,0.0426842053570341,-5.63886715099216e-09,PARTIAL_ONLY_CONVEX_VMAX_COMPONENTS;REPRESENTATION_UNAVAILABLE,GEOMETRIC_ONLY;NOT_AC_INTERIOR_CERTIFIED
PER_TIMESTAMP_UNION,2011-01-21 18:00:00,ALL_CONVEX_VMAX_COMPONENTS,20110121T180000_ALL_VMAX_K8,ALL_CONVEX_VMAX_COMPONENTS,8,13,8,UNION_OF_PER_COMPONENT_APPROXIMATIONS,SEE_PER_COMPONENT_ROWS,SEE_PER_COMPONENT_ROWS,SEE_PER_COMPONENT_ROWS,UNION_OF_CONTAINING_PER_COMPONENT_OUTER_APPROXIMATIONS,146584.436213678,148116.706700343,1532.27048666633,9.44736781641063e-05,0.0104531594638923,-9.31322574615479e-10,PARTIAL_ONLY_CONVEX_VMAX_COMPONENTS;REPRESENTATION_UNAVAILABLE,GEOMETRIC_ONLY;NOT_AC_INTERIOR_CERTIFIED
PER_COMPONENT,2011-02-05 11:30:00,20110205T113000_C02,20110205T113000_C02_K3,VMAX / bus 13,3,15,3,EXACT_HULL_CHORD_PLUS_EVENLY_INDEXED_EXACT_BOUNDARY_SUPPORT_FACETS,14;0;13,1674.29268826|2806.35682171;2249.24012086671|764.955912814858;2977.71233111|-1166.40173731,-0.962552140811942|-0.271096617865933|-2372.38785432102;-0.9356564360903|-0.352912217984585|-2374.47828325338;0.950167507191883|0.31173980861732|2465.71164842539,C_TRUE_SUBSET_OF_C_APPROX_BECAUSE_EVERY_APPROXIMATION_HALFSPACE_IS_A_SUPPORT_HALFSPACE_OF_C_TRUE,141676.603706443,188337.354855446,46660.7511489987,0.00287844580688935,0.329346906463688,4.81668394058943e-09,PER_COMPONENT_ONLY,GEOMETRIC_ONLY;NOT_AC_INTERIOR_CERTIFIED
PER_COMPONENT,2011-02-05 11:30:00,20110205T113000_C02,20110205T113000_C02_K4,VMAX / bus 13,4,15,4,EXACT_HULL_CHORD_PLUS_EVENLY_INDEXED_EXACT_BOUNDARY_SUPPORT_FACETS,14;0;6;13,1674.29268826|2806.35682171;1932.56510291012|1889.33813076828;2493.57898176121|117.153949231669;2977.71233111|-1166.40173731,-0.962552140811943|-0.271096617865931|-2372.38785432101;-0.953369746689852|-0.30180478143417|-2412.66038423484;-0.935656436090299|-0.352912217984586|-2374.47828325337;0.950167507191883|0.31173980861732|2465.71164842539,C_TRUE_SUBSET_OF_C_APPROX_BECAUSE_EVERY_APPROXIMATION_HALFSPACE_IS_A_SUPPORT_HALFSPACE_OF_C_TRUE,141676.603706443,153543.568908073,11866.9652016263,0.00073205885854789,0.0837609378766234,3.56885720975697e-09,PER_COMPONENT_ONLY,GEOMETRIC_ONLY;NOT_AC_INTERIOR_CERTIFIED
PER_COMPONENT,2011-02-05 11:30:00,20110205T113000_C02,20110205T113000_C02_K5,VMAX / bus 13,5,15,5,EXACT_HULL_CHORD_PLUS_EVENLY_INDEXED_EXACT_BOUNDARY_SUPPORT_FACETS,14;0;4;9;13,1674.29268826|2806.35682171;1847.84641264001|2190.13921537127;2196.79429654036|1038.14394290871;2609.63356665866|-190.535084367708;2977.71233111|-1166.40173731,-0.962552140811944|-0.271096617865925|-2372.387854321;-0.957057046609473|-0.289899654251525|-2403.415031568;-0.947921506411667|-0.318504030872822|-2413.04158929572;-0.935656436090299|-0.352912217984586|-2374.47828325337;0.950167507191883|0.31173980861732|2465.71164842539,C_TRUE_SUBSET_OF_C_APPROX_BECAUSE_EVERY_APPROXIMATION_HALFSPACE_IS_A_SUPPORT_HALFSPACE_OF_C_TRUE,141676.603706443,146710.001928057,5033.39822161134,0.000310504302837662,0.0355273777739666,3.31419869326055e-09,PER_COMPONENT_ONLY,GEOMETRIC_ONLY;NOT_AC_INTERIOR_CERTIFIED
PER_COMPONENT,2011-02-05 11:30:00,20110205T113000_C02,20110205T113000_C02_K8,VMAX / bus 13,8,15,8,EXACT_HULL_CHORD_PLUS_EVENLY_INDEXED_EXACT_BOUNDARY_SUPPORT_FACETS,14;0;2;4;6;9;11;13,1674.29268826|2806.35682171;1769.4590405417|2468.46040366132;1915.2370782898|1967.65977984956;2080.80597966441|1421.06070173377;2287.21199662897|769.045676744289;2499.22387820188|138.06269795104;2687.82254566865|-397.833153728451;2977.71233111|-1166.40173731,-0.962552140811946|-0.27109661786592|-2372.38785432099;-0.960148703261223|-0.27948965566867|-2388.852951501;-0.957057046609473|-0.289899654251523|-2403.415031568;-0.953369746689847|-0.301804781434185|-2412.66038423485;-0.947921506411679|-0.318504030872786|-2413.04158929574;-0.943288845402303|-0.33197312261626|-2403.32311142655;-0.935656436090298|-0.35291221798459|-2374.47828325336;0.950167507191883|0.31173980861732|2465.71164842539,C_TRUE_SUBSET_OF_C_APPROX_BECAUSE_EVERY_APPROXIMATION_HALFSPACE_IS_A_SUPPORT_HALFSPACE_OF_C_TRUE,141676.603706443,142944.062234462,1267.45852802062,7.81879973114277e-05,0.00894613856390027,-1.48429535329342e-09,PER_COMPONENT_ONLY,GEOMETRIC_ONLY;NOT_AC_INTERIOR_CERTIFIED
PER_TIMESTAMP_UNION,2011-02-05 11:30:00,ALL_CONVEX_VMAX_COMPONENTS,20110205T113000_ALL_VMAX_K3,ALL_CONVEX_VMAX_COMPONENTS,3,15,3,UNION_OF_PER_COMPONENT_APPROXIMATIONS,SEE_PER_COMPONENT_ROWS,SEE_PER_COMPONENT_ROWS,SEE_PER_COMPONENT_ROWS,UNION_OF_CONTAINING_PER_COMPONENT_OUTER_APPROXIMATIONS,141676.603706443,188337.354855446,46660.7511489987,0.00287844580688935,0.329346906463688,4.81668394058943e-09,PARTIAL_ONLY_CONVEX_VMAX_COMPONENTS;REPRESENTATION_UNAVAILABLE,GEOMETRIC_ONLY;NOT_AC_INTERIOR_CERTIFIED
PER_TIMESTAMP_UNION,2011-02-05 11:30:00,ALL_CONVEX_VMAX_COMPONENTS,20110205T113000_ALL_VMAX_K4,ALL_CONVEX_VMAX_COMPONENTS,4,15,4,UNION_OF_PER_COMPONENT_APPROXIMATIONS,SEE_PER_COMPONENT_ROWS,SEE_PER_COMPONENT_ROWS,SEE_PER_COMPONENT_ROWS,UNION_OF_CONTAINING_PER_COMPONENT_OUTER_APPROXIMATIONS,141676.603706443,153543.568908073,11866.9652016263,0.00073205885854789,0.0837609378766234,3.56885720975697e-09,PARTIAL_ONLY_CONVEX_VMAX_COMPONENTS;REPRESENTATION_UNAVAILABLE,GEOMETRIC_ONLY;NOT_AC_INTERIOR_CERTIFIED
PER_TIMESTAMP_UNION,2011-02-05 11:30:00,ALL_CONVEX_VMAX_COMPONENTS,20110205T113000_ALL_VMAX_K5,ALL_CONVEX_VMAX_COMPONENTS,5,15,5,UNION_OF_PER_COMPONENT_APPROXIMATIONS,SEE_PER_COMPONENT_ROWS,SEE_PER_COMPONENT_ROWS,SEE_PER_COMPONENT_ROWS,UNION_OF_CONTAINING_PER_COMPONENT_OUTER_APPROXIMATIONS,141676.603706443,146710.001928057,5033.39822161134,0.000310504302837662,0.0355273777739666,3.31419869326055e-09,PARTIAL_ONLY_CONVEX_VMAX_COMPONENTS;REPRESENTATION_UNAVAILABLE,GEOMETRIC_ONLY;NOT_AC_INTERIOR_CERTIFIED
PER_TIMESTAMP_UNION,2011-02-05 11:30:00,ALL_CONVEX_VMAX_COMPONENTS,20110205T113000_ALL_VMAX_K8,ALL_CONVEX_VMAX_COMPONENTS,8,15,8,UNION_OF_PER_COMPONENT_APPROXIMATIONS,SEE_PER_COMPONENT_ROWS,SEE_PER_COMPONENT_ROWS,SEE_PER_COMPONENT_ROWS,UNION_OF_CONTAINING_PER_COMPONENT_OUTER_APPROXIMATIONS,141676.603706443,142944.062234462,1267.45852802062,7.81879973114277e-05,0.00894613856390027,-1.48429535329342e-09,PARTIAL_ONLY_CONVEX_VMAX_COMPONENTS;REPRESENTATION_UNAVAILABLE,GEOMETRIC_ONLY;NOT_AC_INTERIOR_CERTIFIED
PER_COMPONENT,2011-02-05 17:30:00,20110205T173000_C02,20110205T173000_C02_K3,VMAX / bus 13,3,17,3,EXACT_HULL_CHORD_PLUS_EVENLY_INDEXED_EXACT_BOUNDARY_SUPPORT_FACETS,16;0;15,1899.83642578|3281.04445883;2514.45955336537|1063.56585602977;3364.17348831001|-1145.80767650001,-0.963668282734027|-0.267101929705594|-2707.1854123103;-0.933351991906651|-0.358962476038773|-2728.65606581301;0.949406570688065|0.314049619541767|2834.12794986324,C_TRUE_SUBSET_OF_C_APPROX_BECAUSE_EVERY_APPROXIMATION_HALFSPACE_IS_A_SUPPORT_HALFSPACE_OF_C_TRUE,200308.561696368,263145.199336573,62836.6376402042,0.00385489668006823,0.313699210398472,1.4915713109076e-09,PER_COMPONENT_ONLY,GEOMETRIC_ONLY;NOT_AC_INTERIOR_CERTIFIED
PER_COMPONENT,2011-02-05 17:30:00,20110205T173000_C02,20110205T173000_C02_K4,VMAX / bus 13,4,17,4,EXACT_HULL_CHORD_PLUS_EVENLY_INDEXED_EXACT_BOUNDARY_SUPPORT_FACETS,16;0;8;15,1899.83642578|3281.04445883;2176.94709106532|2281.26598760319;2793.30910106422|338.51853727077;3364.17348831001|-1145.80767650001,-0.963668282734026|-0.267101929705596|-2707.18541231031;-0.953178475128656|-0.30240832420985|-2764.89293308542;-0.93335199190665|-0.358962476038776|-2728.65606581301;0.949406570688065|0.314049619541767|2834.12794986324,C_TRUE_SUBSET_OF_C_APPROX_BECAUSE_EVERY_APPROXIMATION_HALFSPACE_IS_A_SUPPORT_HALFSPACE_OF_C_TRUE,200308.561696368,215723.88679473,15415.3250983568,0.000945698047754977,0.0769578941998681,5.06770447827876e-09,PER_COMPONENT_ONLY,GEOMETRIC_ONLY;NOT_AC_INTERIOR_CERTIFIED
PER_COMPONENT,2011-02-05 17:30:00,20110205T173000_C02,20110205T173000_C02_K5,VMAX / bus 13,5,17,5,EXACT_HULL_CHORD_PLUS_EVENLY_INDEXED_EXACT_BOUNDARY_SUPPORT_FACETS,16;0;5;10;15,1899.83642578|3281.04445883;2062.60025041836|2693.81419975488;2381.86408087294|1625.83742765638;2844.79099003583|204.658518950718;3364.17348831001|-1145.80767650001,-0.963668282734029|-0.267101929705586|-2707.18541231028;-0.958104650022386|-0.28641836464424|-2747.7447488124;-0.95082858627905|-0.309717612535329|-2768.29494318958;-0.933351991906651|-0.358962476038774|-2728.65606581301;0.949406570688065|0.314049619541767|2834.12794986324,C_TRUE_SUBSET_OF_C_APPROX_BECAUSE_EVERY_APPROXIMATION_HALFSPACE_IS_A_SUPPORT_HALFSPACE_OF_C_TRUE,200308.561696368,208268.777900052,7960.21620368115,0.000488342663907311,0.0397397701639305,3.5979610402137e-09,PER_COMPONENT_ONLY,GEOMETRIC_ONLY;NOT_AC_INTERIOR_CERTIFIED
PER_COMPONENT,2011-02-05 17:30:00,20110205T173000_C02,20110205T173000_C02_K8,VMAX / bus 13,8,17,8,EXACT_HULL_CHORD_PLUS_EVENLY_INDEXED_EXACT_BOUNDARY_SUPPORT_FACETS,16;0;2;5;8;10;12;15,1899.83642578|3281.04445883;1969.70064244248|3028.98364530505;2122.37044977478|2493.8755330871;2332.48274884222|1791.0240556217;2498.2283505995|1268.60080436009;2650.34485005841|801.605353419361;2945.71269850881|-57.7518551623176;3364.17348831001|-1145.80767650001,-0.963668282734017|-0.267101929705629|-2707.1854123104;-0.961627470147282|-0.274358540341171|-2725.14577738261;-0.958104650022393|-0.286418364644216|-2747.74474881236;-0.953178475128652|-0.302408324209862|-2764.89293308542;-0.950828586279043|-0.30971761253535|-2768.29494318958;-0.945698842791018|-0.325044148914774|-2766.9851875651;-0.93335199190665|-0.358962476038775|-2728.65606581301;0.949406570688065|0.314049619541767|2834.12794986324,C_TRUE_SUBSET_OF_C_APPROX_BECAUSE_EVERY_APPROXIMATION_HALFSPACE_IS_A_SUPPORT_HALFSPACE_OF_C_TRUE,200308.561696368,202138.711942495,1830.15024612956,0.00011227590101538,0.0091366551216305,-2.34012986766174e-09,PER_COMPONENT_ONLY,GEOMETRIC_ONLY;NOT_AC_INTERIOR_CERTIFIED
PER_TIMESTAMP_UNION,2011-02-05 17:30:00,ALL_CONVEX_VMAX_COMPONENTS,20110205T173000_ALL_VMAX_K3,ALL_CONVEX_VMAX_COMPONENTS,3,17,3,UNION_OF_PER_COMPONENT_APPROXIMATIONS,SEE_PER_COMPONENT_ROWS,SEE_PER_COMPONENT_ROWS,SEE_PER_COMPONENT_ROWS,UNION_OF_CONTAINING_PER_COMPONENT_OUTER_APPROXIMATIONS,200308.561696368,263145.199336573,62836.6376402042,0.00385489668006823,0.313699210398472,1.4915713109076e-09,PARTIAL_ONLY_CONVEX_VMAX_COMPONENTS;REPRESENTATION_UNAVAILABLE,GEOMETRIC_ONLY;NOT_AC_INTERIOR_CERTIFIED
PER_TIMESTAMP_UNION,2011-02-05 17:30:00,ALL_CONVEX_VMAX_COMPONENTS,20110205T173000_ALL_VMAX_K4,ALL_CONVEX_VMAX_COMPONENTS,4,17,4,UNION_OF_PER_COMPONENT_APPROXIMATIONS,SEE_PER_COMPONENT_ROWS,SEE_PER_COMPONENT_ROWS,SEE_PER_COMPONENT_ROWS,UNION_OF_CONTAINING_PER_COMPONENT_OUTER_APPROXIMATIONS,200308.561696368,215723.88679473,15415.3250983568,0.000945698047754977,0.0769578941998681,5.06770447827876e-09,PARTIAL_ONLY_CONVEX_VMAX_COMPONENTS;REPRESENTATION_UNAVAILABLE,GEOMETRIC_ONLY;NOT_AC_INTERIOR_CERTIFIED
PER_TIMESTAMP_UNION,2011-02-05 17:30:00,ALL_CONVEX_VMAX_COMPONENTS,20110205T173000_ALL_VMAX_K5,ALL_CONVEX_VMAX_COMPONENTS,5,17,5,UNION_OF_PER_COMPONENT_APPROXIMATIONS,SEE_PER_COMPONENT_ROWS,SEE_PER_COMPONENT_ROWS,SEE_PER_COMPONENT_ROWS,UNION_OF_CONTAINING_PER_COMPONENT_OUTER_APPROXIMATIONS,200308.561696368,208268.777900052,7960.21620368115,0.000488342663907311,0.0397397701639305,3.5979610402137e-09,PARTIAL_ONLY_CONVEX_VMAX_COMPONENTS;REPRESENTATION_UNAVAILABLE,GEOMETRIC_ONLY;NOT_AC_INTERIOR_CERTIFIED
PER_TIMESTAMP_UNION,2011-02-05 17:30:00,ALL_CONVEX_VMAX_COMPONENTS,20110205T173000_ALL_VMAX_K8,ALL_CONVEX_VMAX_COMPONENTS,8,17,8,UNION_OF_PER_COMPONENT_APPROXIMATIONS,SEE_PER_COMPONENT_ROWS,SEE_PER_COMPONENT_ROWS,SEE_PER_COMPONENT_ROWS,UNION_OF_CONTAINING_PER_COMPONENT_OUTER_APPROXIMATIONS,200308.561696368,202138.711942495,1830.15024612956,0.00011227590101538,0.0091366551216305,-2.34012986766174e-09,PARTIAL_ONLY_CONVEX_VMAX_COMPONENTS;REPRESENTATION_UNAVAILABLE,GEOMETRIC_ONLY;NOT_AC_INTERIOR_CERTIFIED
PER_COMPONENT,2011-02-05 18:00:00,20110205T180000_C01,20110205T180000_C01_K3,VMAX / bus 30,3,14,3,EXACT_HULL_CHORD_PLUS_EVENLY_INDEXED_EXACT_BOUNDARY_SUPPORT_FACETS,13;0;12,-1016.22881378999|4781.46647972;433.687513288614|3963.3770763852;1845.54397617001|3376.22079193999,-0.491406799287131|-0.870930168047001|-3664.94165596574;-0.383992721351268|-0.923336119703571|-3826.06205907535;0.44076807234299|0.897621026047766|3844.02363222565,C_TRUE_SUBSET_OF_C_APPROX_BECAUSE_EVERY_APPROXIMATION_HALFSPACE_IS_A_SUPPORT_HALFSPACE_OF_C_TRUE,116557.025484941,151848.663974558,35291.6384896146,0.00216951237378005,0.30278430959251,1.51339918375015e-09,PER_COMPONENT_ONLY,GEOMETRIC_ONLY;NOT_AC_INTERIOR_CERTIFIED
PER_COMPONENT,2011-02-05 18:00:00,20110205T180000_C01,20110205T180000_C01_K4,VMAX / bus 30,4,14,4,EXACT_HULL_CHORD_PLUS_EVENLY_INDEXED_EXACT_BOUNDARY_SUPPORT_FACETS,13;0;6;12,-1016.22881378999|4781.46647972;37.6909836149134|4186.81104883804;1293.25949448595|3605.90228772077;1845.54397617001|3376.22079193999,-0.491406799287132|-0.870930168047|-3664.94165596574;-0.419901552066426|-0.907569659349742|-3815.64917987449;-0.383992721351268|-0.923336119703571|-3826.06205907535;0.44076807234299|0.897621026047766|3844.02363222565,C_TRUE_SUBSET_OF_C_APPROX_BECAUSE_EVERY_APPROXIMATION_HALFSPACE_IS_A_SUPPORT_HALFSPACE_OF_C_TRUE,116557.025484941,126599.260668994,10042.2351840505,0.000617334712261043,0.0861572705915345,2.44472175836563e-09,PER_COMPONENT_ONLY,GEOMETRIC_ONLY;NOT_AC_INTERIOR_CERTIFIED
PER_COMPONENT,2011-02-05 18:00:00,20110205T180000_C01,20110205T180000_C01_K5,VMAX / bus 30,5,14,5,EXACT_HULL_CHORD_PLUS_EVENLY_INDEXED_EXACT_BOUNDARY_SUPPORT_FACETS,13;0;4;8;12,-1016.22881378999|4781.46647972;-128.305669673456|4280.47169704791;772.568996962301|3843.69485030029;1450.83576754632|3540.37020181876;1845.54397617001|3376.22079193999,-0.491406799287134|-0.870930168046999|-3664.94165596573;-0.436264715423952|-0.899818369492454|-3795.67182662888;-0.408242152403563|-0.91287367417453|-3824.2030705995;-0.383992721351262|-0.923336119703574|-3826.06205907535;0.44076807234299|0.897621026047766|3844.02363222565,C_TRUE_SUBSET_OF_C_APPROX_BECAUSE_EVERY_APPROXIMATION_HALFSPACE_IS_A_SUPPORT_HALFSPACE_OF_C_TRUE,116557.025484941,120942.898843069,4385.87335812347,0.000269616456687927,0.0376285628418864,3.92537913285196e-09,PER_COMPONENT_ONLY,GEOMETRIC_ONLY;NOT_AC_INTERIOR_CERTIFIED
PER_COMPONENT,2011-02-05 18:00:00,20110205T180000_C01,20110205T180000_C01_K8,VMAX / bus 30,8,14,8,EXACT_HULL_CHORD_PLUS_EVENLY_INDEXED_EXACT_BOUNDARY_SUPPORT_FACETS,13;0;2;4;6;8;10;12,-1016.22881378999|4781.46647972;-335.043870182486|4397.12003595014;154.184975792112|4143.50994428498;632.148789684689|3911.77568065975;973.93423351124|3753.64320360085;1284.65908334967|3614.68533342454;1635.22707013107|3463.68640643584;1845.54397617001|3376.22079193999,-0.491406799287132|-0.870930168047|-3664.94165596574;-0.460225452210275|-0.887802079935527|-3749.5765969777;-0.436264715423948|-0.899818369492456|-3795.67182662888;-0.419901552066419|-0.907569659349745|-3815.6491798745;-0.408242152403571|-0.912873674174526|-3824.2030705995;-0.39559080438701|-0.918426869970842|-3828.02345685198;-0.383992721351305|-0.923336119703556|-3826.06205907537;0.44076807234299|0.897621026047766|3844.02363222565,C_TRUE_SUBSET_OF_C_APPROX_BECAUSE_EVERY_APPROXIMATION_HALFSPACE_IS_A_SUPPORT_HALFSPACE_OF_C_TRUE,116557.025484941,117612.456378584,1055.43089364341,6.48813849802677e-05,0.00905506029561269,-8.44011083245277e-10,PER_COMPONENT_ONLY,GEOMETRIC_ONLY;NOT_AC_INTERIOR_CERTIFIED
PER_COMPONENT,2011-02-05 18:00:00,20110205T180000_C02,20110205T180000_C02_K3,VMAX / bus 13,3,17,3,EXACT_HULL_CHORD_PLUS_EVENLY_INDEXED_EXACT_BOUNDARY_SUPPORT_FACETS,16;0;15,1936.73374939|3318.54064119999;2531.00404081125|1172.31314482345;3355.06287104|-992.455347037997,-0.963738063246472|-0.266850043001569|-2752.05674546787;-0.93457601663075|-0.355763501695437|-2782.48190402369;0.949910200404045|0.312522977024646|2876.84334457743,C_TRUE_SUBSET_OF_C_APPROX_BECAUSE_EVERY_APPROXIMATION_HALFSPACE_IS_A_SUPPORT_HALFSPACE_OF_C_TRUE,182758.678914033,241080.058775397,58321.3798613697,0.00358523890304505,0.319116882480876,-5.74800651520491e-09,PER_COMPONENT_ONLY,GEOMETRIC_ONLY;NOT_AC_INTERIOR_CERTIFIED
PER_COMPONENT,2011-02-05 18:00:00,20110205T180000_C02,20110205T180000_C02_K4,VMAX / bus 13,4,17,4,EXACT_HULL_CHORD_PLUS_EVENLY_INDEXED_EXACT_BOUNDARY_SUPPORT_FACETS,16;0;8;15,1936.73374939|3318.54064119999;2195.36991924078|2384.46726195752;2795.9826816119|476.225205977769;3355.06287104|-992.455347037997,-0.963738063246471|-0.266850043001573|-2752.05674546788;-0.953867877083503|-0.300226702790095|-2809.97358824762;-0.934576016630751|-0.355763501695437|-2782.48190402369;0.949910200404045|0.312522977024646|2876.84334457743,C_TRUE_SUBSET_OF_C_APPROX_BECAUSE_EVERY_APPROXIMATION_HALFSPACE_IS_A_SUPPORT_HALFSPACE_OF_C_TRUE,182758.678914033,197298.01552098,14539.3366069534,0.000893788784689637,0.0795548353344819,-6.82121026329696e-09,PER_COMPONENT_ONLY,GEOMETRIC_ONLY;NOT_AC_INTERIOR_CERTIFIED
PER_COMPONENT,2011-02-05 18:00:00,20110205T180000_C02,20110205T180000_C02_K5,VMAX / bus 13,5,17,5,EXACT_HULL_CHORD_PLUS_EVENLY_INDEXED_EXACT_BOUNDARY_SUPPORT_FACETS,16;0;5;10;15,1936.73374939|3318.54064119999;2093.77891097361|2751.36666526801;2411.39421617662|1687.14005764162;2860.13656982525|307.695592872211;3355.06287104|-992.455347037997,-0.963738063246475|-0.266850043001559|-2752.05674546784;-0.958234875201993|-0.285982383979539|-2793.17437159254;-0.950948334594643|-0.309349745323437|-2815.02766108071;-0.93457601663075|-0.355763501695439|-2782.48190402369;0.949910200404045|0.312522977024646|2876.84334457743,C_TRUE_SUBSET_OF_C_APPROX_BECAUSE_EVERY_APPROXIMATION_HALFSPACE_IS_A_SUPPORT_HALFSPACE_OF_C_TRUE,182758.678914033,189952.819181823,7194.14026778715,0.000442251394314451,0.0393641511885253,3.14594217343256e-09,PER_COMPONENT_ONLY,GEOMETRIC_ONLY;NOT_AC_INTERIOR_CERTIFIED
PER_COMPONENT,2011-02-05 18:00:00,20110205T180000_C02,20110205T180000_C02_K8,VMAX / bus 13,8,17,8,EXACT_HULL_CHORD_PLUS_EVENLY_INDEXED_EXACT_BOUNDARY_SUPPORT_FACETS,16;0;2;5;8;10;12;15,1936.73374939|3318.54064119999;2003.29551115631|3078.15056050389;2150.95301394869|2559.79465769626;2348.09443715315|1899.23723302994;2517.89244217011|1359.76202621667;2674.59519646378|878.054103470023;2952.12421071998|66.0478617335204;3355.06287104|-992.455347037997,-0.963738063246444|-0.266850043001671|-2752.05674546815;-0.961741339049383|-0.273959115131254|-2769.9395112075;-0.958234875201991|-0.285982383979547|-2793.17437159256;-0.953867877083508|-0.300226702790076|-2809.9735882476;-0.950948334594639|-0.309349745323449|-2815.02766108072;-0.946257664517101|-0.323413716998275|-2814.83094546331;-0.934576016630751|-0.355763501695437|-2782.48190402369;0.949910200404045|0.312522977024646|2876.84334457743,C_TRUE_SUBSET_OF_C_APPROX_BECAUSE_EVERY_APPROXIMATION_HALFSPACE_IS_A_SUPPORT_HALFSPACE_OF_C_TRUE,182758.678914033,184530.425510996,1771.74659697284,0.000108916058586127,0.00969445942321698,-9.92349669104442e-09,PER_COMPONENT_ONLY,GEOMETRIC_ONLY;NOT_AC_INTERIOR_CERTIFIED
PER_TIMESTAMP_UNION,2011-02-05 18:00:00,ALL_CONVEX_VMAX_COMPONENTS,20110205T180000_ALL_VMAX_K3,ALL_CONVEX_VMAX_COMPONENTS,3,31,6,UNION_OF_PER_COMPONENT_APPROXIMATIONS,SEE_PER_COMPONENT_ROWS,SEE_PER_COMPONENT_ROWS,SEE_PER_COMPONENT_ROWS,UNION_OF_CONTAINING_PER_COMPONENT_OUTER_APPROXIMATIONS,299315.704398975,392928.722749955,93613.0183509842,0.00575475127682511,0.312756788151023,-4.20550350099802e-09,FULL_VMAX_COVERAGE,GEOMETRIC_ONLY;NOT_AC_INTERIOR_CERTIFIED
PER_TIMESTAMP_UNION,2011-02-05 18:00:00,ALL_CONVEX_VMAX_COMPONENTS,20110205T180000_ALL_VMAX_K4,ALL_CONVEX_VMAX_COMPONENTS,4,31,8,UNION_OF_PER_COMPONENT_APPROXIMATIONS,SEE_PER_COMPONENT_ROWS,SEE_PER_COMPONENT_ROWS,SEE_PER_COMPONENT_ROWS,UNION_OF_CONTAINING_PER_COMPONENT_OUTER_APPROXIMATIONS,299315.704398975,323897.276189974,24581.5717910038,0.00151112349695068,0.0821259006117424,-4.3473846744746e-09,FULL_VMAX_COVERAGE,GEOMETRIC_ONLY;NOT_AC_INTERIOR_CERTIFIED
PER_TIMESTAMP_UNION,2011-02-05 18:00:00,ALL_CONVEX_VMAX_COMPONENTS,20110205T180000_ALL_VMAX_K5,ALL_CONVEX_VMAX_COMPONENTS,5,31,10,UNION_OF_PER_COMPONENT_APPROXIMATIONS,SEE_PER_COMPONENT_ROWS,SEE_PER_COMPONENT_ROWS,SEE_PER_COMPONENT_ROWS,UNION_OF_CONTAINING_PER_COMPONENT_OUTER_APPROXIMATIONS,299315.704398975,310895.718024892,11580.0136259106,0.000711867851002378,0.0386882928483932,7.10133463144302e-09,FULL_VMAX_COVERAGE,GEOMETRIC_ONLY;NOT_AC_INTERIOR_CERTIFIED
PER_TIMESTAMP_UNION,2011-02-05 18:00:00,ALL_CONVEX_VMAX_COMPONENTS,20110205T180000_ALL_VMAX_K8,ALL_CONVEX_VMAX_COMPONENTS,8,31,16,UNION_OF_PER_COMPONENT_APPROXIMATIONS,SEE_PER_COMPONENT_ROWS,SEE_PER_COMPONENT_ROWS,SEE_PER_COMPONENT_ROWS,UNION_OF_CONTAINING_PER_COMPONENT_OUTER_APPROXIMATIONS,299315.704398975,302142.88188958,2827.17749061625,0.000173797443566395,0.00944546994716904,-1.0738403943833e-08,FULL_VMAX_COVERAGE,GEOMETRIC_ONLY;NOT_AC_INTERIOR_CERTIFIED
PER_COMPONENT,2011-02-06 00:00:00,20110206T000000_C01,20110206T000000_C01_K3,VMAX / bus 30,3,13,3,EXACT_HULL_CHORD_PLUS_EVENLY_INDEXED_EXACT_BOUNDARY_SUPPORT_FACETS,12;0;11,-1255.58666708|3573.5648331;-15.1384798864269|2894.29935209756;1298.4888276|2347.47334644,-0.480299623693486|-0.877104481507133|-2531.33192635522;-0.384304747087658|-0.92320629404586|-2666.21758902528;0.432769866365397|0.901504433026303|2678.20446462417,C_TRUE_SUBSET_OF_C_APPROX_BECAUSE_EVERY_APPROXIMATION_HALFSPACE_IS_A_SUPPORT_HALFSPACE_OF_C_TRUE,79450.9684393859,106996.178724746,27545.2102853552,0.00174326975252694,0.346694456045175,4.66025085188448e-09,PER_COMPONENT_ONLY,GEOMETRIC_ONLY;NOT_AC_INTERIOR_CERTIFIED
PER_COMPONENT,2011-02-06 00:00:00,20110206T000000_C01,20110206T000000_C01_K4,VMAX / bus 30,4,13,4,EXACT_HULL_CHORD_PLUS_EVENLY_INDEXED_EXACT_BOUNDARY_SUPPORT_FACETS,12;0;6;11,-1255.58666708|3573.5648331;-489.882689666527|3154.26777104377;650.633025211781|2617.15744834855;1298.4888276|2347.47334644,-0.480299623693484|-0.877104481507134|-2531.33192635522;-0.426054867782226|-0.904697324876707|-2644.94070983344;-0.384304747087659|-0.92320629404586|-2666.21758902528;0.432769866365397|0.901504433026303|2678.20446462417,C_TRUE_SUBSET_OF_C_APPROX_BECAUSE_EVERY_APPROXIMATION_HALFSPACE_IS_A_SUPPORT_HALFSPACE_OF_C_TRUE,79450.9684393859,86242.1529909709,6791.18455158216,0.000429797648664011,0.0854764225657393,2.83762346953154e-09,PER_COMPONENT_ONLY,GEOMETRIC_ONLY;NOT_AC_INTERIOR_CERTIFIED
PER_COMPONENT,2011-02-06 00:00:00,20110206T000000_C01,20110206T000000_C01_K5,VMAX / bus 30,5,13,5,EXACT_HULL_CHORD_PLUS_EVENLY_INDEXED_EXACT_BOUNDARY_SUPPORT_FACETS,12;0;4;7;11,-1255.58666708|3573.5648331;-569.936157290427|3198.1047952362;107.645711913297|2871.93170970161;768.264340479105|2568.190848841;1298.4888276|2347.47334644,-0.480299623693482|-0.877104481507134|-2531.33192635523;-0.433740010930258|-0.901038069627594|-2634.41005607368;-0.417742473709743|-0.908565476814338|-2654.30618918216;-0.384304747087657|-0.92320629404586|-2666.21758902528;0.432769866365397|0.901504433026303|2678.20446462417,C_TRUE_SUBSET_OF_C_APPROX_BECAUSE_EVERY_APPROXIMATION_HALFSPACE_IS_A_SUPPORT_HALFSPACE_OF_C_TRUE,79450.9684393859,83290.6364130859,3839.66797369908,0.000243003301443472,0.0483275163175438,9.02218744158745e-10,PER_COMPONENT_ONLY,GEOMETRIC_ONLY;NOT_AC_INTERIOR_CERTIFIED
PER_COMPONENT,2011-02-06 00:00:00,20110206T000000_C01,20110206T000000_C01_K8,VMAX / bus 30,8,13,8,EXACT_HULL_CHORD_PLUS_EVENLY_INDEXED_EXACT_BOUNDARY_SUPPORT_FACETS,12;0;2;4;6;7;9;11,-1255.58666708|3573.5648331;-741.292302667165|3291.93887529995;-263.610302040854|3050.6462312944;17.7940493624376|2915.18433399197;191.760614530986|2833.25715251001;583.81048639392|2652.99949638174;1053.06250867543|2449.63740233008;1298.4888276|2347.47334644,-0.480299623693482|-0.877104481507135|-2531.33192635523;-0.450874716088936|-0.892587245254895|-2604.11269574751;-0.43374001093022|-0.901038069627612|-2634.41005607374;-0.426054867782255|-0.904697324876693|-2644.94070983341;-0.417742473709759|-0.90856547681433|-2654.30618918215;-0.39763962248704|-0.917541677869929|-2666.38379071183;-0.384304747087698|-0.923206294045843|-2666.21758902529;0.432769866365397|0.901504433026303|2678.20446462417,C_TRUE_SUBSET_OF_C_APPROX_BECAUSE_EVERY_APPROXIMATION_HALFSPACE_IS_A_SUPPORT_HALFSPACE_OF_C_TRUE,79450.9684393859,80328.2373790461,877.268939660487,5.55202298874657e-05,0.0110416393518194,-2.36468622460961e-10,PER_COMPONENT_ONLY,GEOMETRIC_ONLY;NOT_AC_INTERIOR_CERTIFIED
PER_COMPONENT,2011-02-06 00:00:00,20110206T000000_C02,20110206T000000_C02_K3,VMAX / bus 13,3,13,3,EXACT_HULL_CHORD_PLUS_EVENLY_INDEXED_EXACT_BOUNDARY_SUPPORT_FACETS,12;0;11,1378.60186898|2200.32097101;1943.85440954831|231.396295930885;2612.45840273|-1537.88808499001,-0.961174666129349|-0.275940684189799|-1932.23526531981;-0.935435790011502|-0.353496651703459|-1900.14880109132;0.949609933787557|0.313434161590582|1998.7897883002,C_TRUE_SUBSET_OF_C_APPROX_BECAUSE_EVERY_APPROXIMATION_HALFSPACE_IS_A_SUPPORT_HALFSPACE_OF_C_TRUE,119169.328129396,158169.204364251,38999.8762348545,0.00246820786220907,0.327264379576831,5.23868948221207e-10,PER_COMPONENT_ONLY,GEOMETRIC_ONLY;NOT_AC_INTERIOR_CERTIFIED
PER_COMPONENT,2011-02-06 00:00:00,20110206T000000_C02,20110206T000000_C02_K4,VMAX / bus 13,4,13,4,EXACT_HULL_CHORD_PLUS_EVENLY_INDEXED_EXACT_BOUNDARY_SUPPORT_FACETS,12;0;6;11,1378.60186898|2200.32097101;1711.7419104003|1039.90575704239;2244.03864560371|-562.962226703844;2612.45840273|-1537.88808499001,-0.96117466612935|-0.275940684189797|-1932.23526531981;-0.949036640066232|-0.315165759262959|-1952.24847878704;-0.935435790011503|-0.353496651703458|-1900.14880109132;0.949609933787557|0.313434161590582|1998.7897883002,C_TRUE_SUBSET_OF_C_APPROX_BECAUSE_EVERY_APPROXIMATION_HALFSPACE_IS_A_SUPPORT_HALFSPACE_OF_C_TRUE,119169.328129396,129008.577854726,9839.24972533017,0.000622702323054923,0.0825652865529842,4.40195435658097e-10,PER_COMPONENT_ONLY,GEOMETRIC_ONLY;NOT_AC_INTERIOR_CERTIFIED
PER_COMPONENT,2011-02-06 00:00:00,20110206T000000_C02,20110206T000000_C02_K5,VMAX / bus 13,5,13,5,EXACT_HULL_CHORD_PLUS_EVENLY_INDEXED_EXACT_BOUNDARY_SUPPORT_FACETS,12;0;4;7;11,1378.60186898|2200.32097101;1611.41545201483|1389.36944858078;1944.61248986754|332.396976350478;2280.7585828749|-660.131869937873;2612.45840273|-1537.88808499001,-0.961174666129348|-0.275940684189802|-1932.23526531982;-0.953733796252431|-0.300652367171665|-1954.57858998174;-0.947154153256527|-0.320778755482515|-1948.47368465241;-0.935435790011501|-0.353496651703462|-1900.14880109131;0.949609933787557|0.313434161590582|1998.7897883002,C_TRUE_SUBSET_OF_C_APPROX_BECAUSE_EVERY_APPROXIMATION_HALFSPACE_IS_A_SUPPORT_HALFSPACE_OF_C_TRUE,119169.328129396,123590.305231825,4420.97710243217,0.000279792950550887,0.0370982800006374,-3.04135028272867e-09,PER_COMPONENT_ONLY,GEOMETRIC_ONLY;NOT_AC_INTERIOR_CERTIFIED
PER_COMPONENT,2011-02-06 00:00:00,20110206T000000_C02,20110206T000000_C02_K8,VMAX / bus 13,8,13,8,EXACT_HULL_CHORD_PLUS_EVENLY_INDEXED_EXACT_BOUNDARY_SUPPORT_FACETS,12;0;2;4;6;7;9;11,1378.60186898|2200.32097101;1518.97112868549|1711.3775709877;1707.29939893378|1085.20500259633;1905.59087759067|456.181900323678;2051.88650509998|15.6520943177222;2128.55401160167|-210.721834634228;2336.89186678254|-808.673822245056;2612.45840273|-1537.88808499001,-0.961174666129347|-0.275940684189807|-1932.23526531983;-0.957625485084301|-0.288016371612894|-1947.51022239205;-0.953733796252427|-0.300652367171678|-1954.57858998174;-0.949036640066241|-0.315165759262931|-1952.24847878705;-0.947154153256521|-0.320778755482532|-1948.47368465239;-0.94432292409498|-0.329020083017295|-1940.71063280488;-0.935435790011502|-0.35349665170346|-1900.14880109131;0.949609933787557|0.313434161590582|1998.7897883002,C_TRUE_SUBSET_OF_C_APPROX_BECAUSE_EVERY_APPROXIMATION_HALFSPACE_IS_A_SUPPORT_HALFSPACE_OF_C_TRUE,119169.328129396,120443.185179538,1273.85705013882,8.06193324191408e-05,0.0106894707735169,3.50701157003641e-09,PER_COMPONENT_ONLY,GEOMETRIC_ONLY;NOT_AC_INTERIOR_CERTIFIED
PER_TIMESTAMP_UNION,2011-02-06 00:00:00,ALL_CONVEX_VMAX_COMPONENTS,20110206T000000_ALL_VMAX_K3,ALL_CONVEX_VMAX_COMPONENTS,3,26,6,UNION_OF_PER_COMPONENT_APPROXIMATIONS,SEE_PER_COMPONENT_ROWS,SEE_PER_COMPONENT_ROWS,SEE_PER_COMPONENT_ROWS,UNION_OF_CONTAINING_PER_COMPONENT_OUTER_APPROXIMATIONS,198620.296568782,265165.383088997,66545.0865202097,0.00421147761473601,0.335036688947674,5.19503373652697e-09,FULL_VMAX_COVERAGE,GEOMETRIC_ONLY;NOT_AC_INTERIOR_CERTIFIED
PER_TIMESTAMP_UNION,2011-02-06 00:00:00,ALL_CONVEX_VMAX_COMPONENTS,20110206T000000_ALL_VMAX_K4,ALL_CONVEX_VMAX_COMPONENTS,4,26,8,UNION_OF_PER_COMPONENT_APPROXIMATIONS,SEE_PER_COMPONENT_ROWS,SEE_PER_COMPONENT_ROWS,SEE_PER_COMPONENT_ROWS,UNION_OF_CONTAINING_PER_COMPONENT_OUTER_APPROXIMATIONS,198620.296568782,215250.730845697,16630.4342769123,0.00105249997171893,0.0837297827271809,3.292370820418e-09,FULL_VMAX_COVERAGE,GEOMETRIC_ONLY;NOT_AC_INTERIOR_CERTIFIED
PER_TIMESTAMP_UNION,2011-02-06 00:00:00,ALL_CONVEX_VMAX_COMPONENTS,20110206T000000_ALL_VMAX_K5,ALL_CONVEX_VMAX_COMPONENTS,5,26,10,UNION_OF_PER_COMPONENT_APPROXIMATIONS,SEE_PER_COMPONENT_ROWS,SEE_PER_COMPONENT_ROWS,SEE_PER_COMPONENT_ROWS,UNION_OF_CONTAINING_PER_COMPONENT_OUTER_APPROXIMATIONS,198620.296568782,206880.941644911,8260.64507613124,0.000522796251994359,0.0415901356449269,-2.12457962334156e-09,FULL_VMAX_COVERAGE,GEOMETRIC_ONLY;NOT_AC_INTERIOR_CERTIFIED
PER_TIMESTAMP_UNION,2011-02-06 00:00:00,ALL_CONVEX_VMAX_COMPONENTS,20110206T000000_ALL_VMAX_K8,ALL_CONVEX_VMAX_COMPONENTS,8,26,16,UNION_OF_PER_COMPONENT_APPROXIMATIONS,SEE_PER_COMPONENT_ROWS,SEE_PER_COMPONENT_ROWS,SEE_PER_COMPONENT_ROWS,UNION_OF_CONTAINING_PER_COMPONENT_OUTER_APPROXIMATIONS,198620.296568782,200771.422558584,2151.1259897993,0.000136139562306607,0.0108303432577666,3.28509486280382e-09,FULL_VMAX_COVERAGE,GEOMETRIC_ONLY;NOT_AC_INTERIOR_CERTIFIED
PER_COMPONENT,2011-03-04 18:00:00,20110304T180000_C01,20110304T180000_C01_K3,VMAX / bus 30,3,13,3,EXACT_HULL_CHORD_PLUS_EVENLY_INDEXED_EXACT_BOUNDARY_SUPPORT_FACETS,12;0;11,-1714.3715101|3354.58843502;-377.227999460256|2596.12378541326;1031.63888896|2007.5510735,-0.493381816248408|-0.869812843889662|-2072.02437736645;-0.385477318548889|-0.92271731146888|-2250.07552180344;0.44040863394905|0.897797435473688|2256.71687918634,C_TRUE_SUBSET_OF_C_APPROX_BECAUSE_EVERY_APPROXIMATION_HALFSPACE_IS_A_SUPPORT_HALFSPACE_OF_C_TRUE,103780.472071108,140784.774296871,37004.3022257664,0.00228455246452248,0.35656324824204,-2.79396772384644e-09,PER_COMPONENT_ONLY,GEOMETRIC_ONLY;NOT_AC_INTERIOR_CERTIFIED
PER_COMPONENT,2011-03-04 18:00:00,20110304T180000_C01,20110304T180000_C01_K4,VMAX / bus 30,4,13,4,EXACT_HULL_CHORD_PLUS_EVENLY_INDEXED_EXACT_BOUNDARY_SUPPORT_FACETS,12;0;6;11,-1714.3715101|3354.58843502;-827.977471126286|2851.80130795834;430.057626802923|2258.86957478227;1031.63888896|2007.5510735,-0.493381816248409|-0.869812843889662|-2072.02437736645;-0.426335719189223|-0.904565008467279|-2226.64330365523;-0.385477318548884|-0.922717311468882|-2250.07552180344;0.44040863394905|0.897797435473688|2256.71687918634,C_TRUE_SUBSET_OF_C_APPROX_BECAUSE_EVERY_APPROXIMATION_HALFSPACE_IS_A_SUPPORT_HALFSPACE_OF_C_TRUE,103780.472071108,113590.958471797,9810.48640069171,0.000605674733389742,0.094531140636649,-2.8521753847599e-09,PER_COMPONENT_ONLY,GEOMETRIC_ONLY;NOT_AC_INTERIOR_CERTIFIED
PER_COMPONENT,2011-03-04 18:00:00,20110304T180000_C01,20110304T180000_C01_K5,VMAX / bus 30,5,13,5,EXACT_HULL_CHORD_PLUS_EVENLY_INDEXED_EXACT_BOUNDARY_SUPPORT_FACETS,12;0;4;7;11,-1714.3715101|3354.58843502;-954.580040277088|2923.61377422409;-157.456900321655|2534.33461123864;518.610465015397|2221.87545946682;1031.63888896|2007.5510735,-0.493381816248408|-0.869812843889662|-2072.02437736645;-0.438822980683855|-0.898573531561963|-2208.19029545203;-0.419531935992069|-0.907740576752382|-2234.46016346203;-0.385477318548884|-0.922717311468882|-2250.07552180344;0.44040863394905|0.897797435473688|2256.71687918634,C_TRUE_SUBSET_OF_C_APPROX_BECAUSE_EVERY_APPROXIMATION_HALFSPACE_IS_A_SUPPORT_HALFSPACE_OF_C_TRUE,103780.472071108,109187.486287897,5407.01421678951,0.00033381544608814,0.0521004974142415,-7.27595761418343e-10,PER_COMPONENT_ONLY,GEOMETRIC_ONLY;NOT_AC_INTERIOR_CERTIFIED
PER_COMPONENT,2011-03-04 18:00:00,20110304T180000_C01,20110304T180000_C01_K8,VMAX / bus 30,8,13,8,EXACT_HULL_CHORD_PLUS_EVENLY_INDEXED_EXACT_BOUNDARY_SUPPORT_FACETS,12;0;2;4;6;7;9;11,-1714.3715101|3354.58843502;-1156.08510251133|3037.91299880646;-607.909533620489|2754.31545894676;-241.955440242655|2575.59990545124;6.0565773154537e-11|2461.56249999999;283.847963244377|2330.37602602595;762.930428952761|2119.80757432374;1031.63888896|2007.5510735,-0.493381816248412|-0.86981284388966|-2072.02437736644;-0.459497634815033|-0.888178992996001|-2166.99213784053;-0.438822980683854|-0.898573531561963|-2208.19029545203;-0.426335719189152|-0.904565008467312|-2226.64330365533;-0.419531935992094|-0.90774057675237|-2234.46016346202;-0.402373832840089|-0.91547544950456|-2247.61503285525;-0.385477318548871|-0.922717311468887|-2250.07552180343;0.44040863394905|0.897797435473688|2256.71687918634,C_TRUE_SUBSET_OF_C_APPROX_BECAUSE_EVERY_APPROXIMATION_HALFSPACE_IS_A_SUPPORT_HALFSPACE_OF_C_TRUE,103780.472071108,104984.879711141,1204.40764003433,7.43570957112718e-05,0.0116053397715237,-1.01863406598568e-09,PER_COMPONENT_ONLY,GEOMETRIC_ONLY;NOT_AC_INTERIOR_CERTIFIED
PER_COMPONENT,2011-03-04 18:00:00,20110304T180000_C02,20110304T180000_C02_K3,VMAX / bus 13,3,13,3,EXACT_HULL_CHORD_PLUS_EVENLY_INDEXED_EXACT_BOUNDARY_SUPPORT_FACETS,12;0;11,1148.02002045|1904.32081233001;1780.43424336127|-292.147398496111;2543.14272871|-2233.63959146001,-0.960961228942995|-0.276683061404867|-1630.09604195526;-0.930754852848233|-0.365643821087496|-1550.32592107878;0.947592071594582|0.31948280994615|1696.2524335724,C_TRUE_SUBSET_OF_C_APPROX_BECAUSE_EVERY_APPROXIMATION_HALFSPACE_IS_A_SUPPORT_HALFSPACE_OF_C_TRUE,169308.80350186,223718.832847137,54410.0293452783,0.00335913823957862,0.321365624349715,-4.07453626394272e-10,PER_COMPONENT_ONLY,GEOMETRIC_ONLY;NOT_AC_INTERIOR_CERTIFIED
PER_COMPONENT,2011-03-04 18:00:00,20110304T180000_C02,20110304T180000_C02_K4,VMAX / bus 13,4,13,4,EXACT_HULL_CHORD_PLUS_EVENLY_INDEXED_EXACT_BOUNDARY_SUPPORT_FACETS,12;0;6;11,1148.02002045|1904.32081233001;1479.57034663673|752.797450939115;2075.88682016713|-1044.22880610937;2543.14272871|-2233.63959146001,-0.960961228942995|-0.276683061404867|-1630.09604195526;-0.949109017310534|-0.314947730996481|-1641.36540681141;-0.930754852848233|-0.365643821087496|-1550.32592107878;0.947592071594582|0.31948280994615|1696.2524335724,C_TRUE_SUBSET_OF_C_APPROX_BECAUSE_EVERY_APPROXIMATION_HALFSPACE_IS_A_SUPPORT_HALFSPACE_OF_C_TRUE,169308.80350186,182490.080128609,13181.2766267514,0.000813778836295133,0.0778534627504273,-1.57160684466362e-09,PER_COMPONENT_ONLY,GEOMETRIC_ONLY;NOT_AC_INTERIOR_CERTIFIED
PER_COMPONENT,2011-03-04 18:00:00,20110304T180000_C02,20110304T180000_C02_K5,VMAX / bus 13,5,13,5,EXACT_HULL_CHORD_PLUS_EVENLY_INDEXED_EXACT_BOUNDARY_SUPPORT_FACETS,12;0;4;7;11,1148.02002045|1904.32081233001;1406.57862593673|1006.30850170742;1735.31012572726|-22.4660842142375;2116.41308542267|-1147.38935711286;2543.14272871|-2233.63959146001,-0.960961228942995|-0.276683061404866|-1630.09604195526;-0.952552096063353|-0.304375597388018|-1646.13516977778;-0.94712396415186|-0.320867880176977|-1636.34516049396;-0.930754852848232|-0.365643821087497|-1550.32592107878;0.947592071594582|0.31948280994615|1696.2524335724,C_TRUE_SUBSET_OF_C_APPROX_BECAUSE_EVERY_APPROXIMATION_HALFSPACE_IS_A_SUPPORT_HALFSPACE_OF_C_TRUE,169308.80350186,176596.145633536,7287.34213167418,0.000449902158002115,0.043041720105205,2.63753463514149e-09,PER_COMPONENT_ONLY,GEOMETRIC_ONLY;NOT_AC_INTERIOR_CERTIFIED
PER_COMPONENT,2011-03-04 18:00:00,20110304T180000_C02,20110304T180000_C02_K8,VMAX / bus 13,8,13,8,EXACT_HULL_CHORD_PLUS_EVENLY_INDEXED_EXACT_BOUNDARY_SUPPORT_FACETS,12;0;2;4;6;7;9;11,1148.02002045|1904.32081233001;1302.6045259581|1367.42594195251;1506.30398477857|694.215152534082;1695.81914696636|101.122057926884;1809.44007195001|-241.279660974021;1946.97335089461|-647.244459585112;2222.98831346687|-1418.6790794457;2543.14272871|-2233.63959146001,-0.960961228942996|-0.276683061404862|-1630.09604195525;-0.95714420672716|-0.289611753091334|-1642.80299994881;-0.952552096063358|-0.304375597388001|-1646.13516977778;-0.949109017310522|-0.314947730996518|-1641.36540681138;-0.947123964151865|-0.320867880176961|-1636.34516049398;-0.941547455748897|-0.336880377245068|-1615.12384723091;-0.930754852848232|-0.365643821087497|-1550.32592107878;0.947592071594582|0.31948280994615|1696.2524335724,C_TRUE_SUBSET_OF_C_APPROX_BECAUSE_EVERY_APPROXIMATION_HALFSPACE_IS_A_SUPPORT_HALFSPACE_OF_C_TRUE,169308.80350186,170886.566024509,1577.76252264969,9.74070862776794e-05,0.0093188451516779,-5.82076609134674e-10,PER_COMPONENT_ONLY,GEOMETRIC_ONLY;NOT_AC_INTERIOR_CERTIFIED
PER_TIMESTAMP_UNION,2011-03-04 18:00:00,ALL_CONVEX_VMAX_COMPONENTS,20110304T180000_ALL_VMAX_K3,ALL_CONVEX_VMAX_COMPONENTS,3,26,6,UNION_OF_PER_COMPONENT_APPROXIMATIONS,SEE_PER_COMPONENT_ROWS,SEE_PER_COMPONENT_ROWS,SEE_PER_COMPONENT_ROWS,UNION_OF_CONTAINING_PER_COMPONENT_OUTER_APPROXIMATIONS,273089.275572967,364503.607144009,91414.3315710447,0.0056436907041011,0.334741565296729,-3.20142135024071e-09,FULL_VMAX_COVERAGE,GEOMETRIC_ONLY;NOT_AC_INTERIOR_CERTIFIED
PER_TIMESTAMP_UNION,2011-03-04 18:00:00,ALL_CONVEX_VMAX_COMPONENTS,20110304T180000_ALL_VMAX_K4,ALL_CONVEX_VMAX_COMPONENTS,4,26,8,UNION_OF_PER_COMPONENT_APPROXIMATIONS,SEE_PER_COMPONENT_ROWS,SEE_PER_COMPONENT_ROWS,SEE_PER_COMPONENT_ROWS,UNION_OF_CONTAINING_PER_COMPONENT_OUTER_APPROXIMATIONS,273089.275572967,296081.038600406,22991.7630274431,0.00141945356968487,0.0841913801968394,-4.42378222942352e-09,FULL_VMAX_COVERAGE,GEOMETRIC_ONLY;NOT_AC_INTERIOR_CERTIFIED
PER_TIMESTAMP_UNION,2011-03-04 18:00:00,ALL_CONVEX_VMAX_COMPONENTS,20110304T180000_ALL_VMAX_K5,ALL_CONVEX_VMAX_COMPONENTS,5,26,10,UNION_OF_PER_COMPONENT_APPROXIMATIONS,SEE_PER_COMPONENT_ROWS,SEE_PER_COMPONENT_ROWS,SEE_PER_COMPONENT_ROWS,UNION_OF_CONTAINING_PER_COMPONENT_OUTER_APPROXIMATIONS,273089.275572967,285783.631921433,12694.3563484637,0.000783717604090255,0.0464842726680853,1.90993887372315e-09,FULL_VMAX_COVERAGE,GEOMETRIC_ONLY;NOT_AC_INTERIOR_CERTIFIED
PER_TIMESTAMP_UNION,2011-03-04 18:00:00,ALL_CONVEX_VMAX_COMPONENTS,20110304T180000_ALL_VMAX_K8,ALL_CONVEX_VMAX_COMPONENTS,8,26,16,UNION_OF_PER_COMPONENT_APPROXIMATIONS,SEE_PER_COMPONENT_ROWS,SEE_PER_COMPONENT_ROWS,SEE_PER_COMPONENT_ROWS,UNION_OF_CONTAINING_PER_COMPONENT_OUTER_APPROXIMATIONS,273089.275572967,275871.44573565,2782.17016268402,0.000171764181988951,0.010187767926246,-1.60071067512035e-09,FULL_VMAX_COVERAGE,GEOMETRIC_ONLY;NOT_AC_INTERIOR_CERTIFIED
PER_COMPONENT,2011-03-08 11:30:00,20110308T113000_C01,20110308T113000_C01_K3,VMAX / bus 30,3,13,3,EXACT_HULL_CHORD_PLUS_EVENLY_INDEXED_EXACT_BOUNDARY_SUPPORT_FACETS,12;0;11,-2024.0498498|3211.24912171;-641.216440981502|2406.32709402861;852.419190756|1778.65482001,-0.503063719634176|-0.864249323973023|-1757.09383638145;-0.387413650291178|-0.921905994973492|-1969.99137182475;0.445808901096929|0.8951281604903|1972.14007988762,C_TRUE_SUBSET_OF_C_APPROX_BECAUSE_EVERY_APPROXIMATION_HALFSPACE_IS_A_SUPPORT_HALFSPACE_OF_C_TRUE,123587.809852363,167147.015506662,43559.2056542984,0.00268646491160064,0.352455518924835,6.25732354819775e-10,PER_COMPONENT_ONLY,GEOMETRIC_ONLY;NOT_AC_INTERIOR_CERTIFIED
PER_COMPONENT,2011-03-08 11:30:00,20110308T113000_C01,20110308T113000_C01_K4,VMAX / bus 30,4,13,4,EXACT_HULL_CHORD_PLUS_EVENLY_INDEXED_EXACT_BOUNDARY_SUPPORT_FACETS,12;0;6;11,-2024.0498498|3211.24912171;-1063.67575975962|2652.23293439612;274.518823002095|2021.5065773441;852.419190756|1778.65482001,-0.503063719634174|-0.864249323973024|-1757.09383638146;-0.426343571767913|-0.904561307381748|-1945.61596799942;-0.387413650291177|-0.921905994973493|-1969.99137182475;0.445808901096929|0.8951281604903|1972.14007988762,C_TRUE_SUBSET_OF_C_APPROX_BECAUSE_EVERY_APPROXIMATION_HALFSPACE_IS_A_SUPPORT_HALFSPACE_OF_C_TRUE,123587.809852363,135840.197349824,12252.3874974612,0.000755652188804679,0.0991391263596124,-1.89174897968769e-10,PER_COMPONENT_ONLY,GEOMETRIC_ONLY;NOT_AC_INTERIOR_CERTIFIED
PER_COMPONENT,2011-03-08 11:30:00,20110308T113000_C01,20110308T113000_C01_K5,VMAX / bus 30,5,13,5,EXACT_HULL_CHORD_PLUS_EVENLY_INDEXED_EXACT_BOUNDARY_SUPPORT_FACETS,12;0;4;7;11,-2024.0498498|3211.24912171;-1242.75659302469|2756.47261107109;-326.894406043662|2301.64859807974;395.546961728978|1970.64677898312;852.419190756|1778.65482001,-0.503063719634174|-0.864249323973024|-1757.09383638146;-0.444781164864188|-0.89563927748958|-1916.05041271136;-0.416532886908024|-0.909120648827243|-1956.31399619512;-0.387413650291176|-0.921905994973493|-1969.99137182475;0.445808901096929|0.8951281604903|1972.14007988762,C_TRUE_SUBSET_OF_C_APPROX_BECAUSE_EVERY_APPROXIMATION_HALFSPACE_IS_A_SUPPORT_HALFSPACE_OF_C_TRUE,123587.809852363,129393.404191999,5805.59433963455,0.000358053487205326,0.0469754609825182,1.68802216649055e-09,PER_COMPONENT_ONLY,GEOMETRIC_ONLY;NOT_AC_INTERIOR_CERTIFIED
PER_COMPONENT,2011-03-08 11:30:00,20110308T113000_C01,20110308T113000_C01_K8,VMAX / bus 30,8,13,8,EXACT_HULL_CHORD_PLUS_EVENLY_INDEXED_EXACT_BOUNDARY_SUPPORT_FACETS,12;0;2;4;6;7;9;11,-2024.0498498|3211.24912171;-1437.25767998331|2869.68813530024;-867.854641204139|2570.29349741276;-458.212711891737|2366.86225106605;-74.5312499999892|2186.02307129;151.638886877421|2082.3984311859;561.446800077978|1900.93049304082;852.419190756|1778.65482001,-0.503063719634173|-0.864249323973025|-1757.09383638146;-0.465391965255835|-0.885104693624044|-1871.086261525;-0.44478116486416|-0.895639277489593|-1916.05041271142;-0.426343571767925|-0.904561307381743|-1945.61596799941;-0.416532886908031|-0.90912064882724|-1956.31399619512;-0.404891791623659|-0.914364608389773|-1965.46876663039;-0.38741365029119|-0.921905994973487|-1969.99137182475;0.445808901096929|0.8951281604903|1972.14007988762,C_TRUE_SUBSET_OF_C_APPROX_BECAUSE_EVERY_APPROXIMATION_HALFSPACE_IS_A_SUPPORT_HALFSPACE_OF_C_TRUE,123587.809852363,124872.568204996,1284.75835264535,7.92360233026194e-05,0.0103955103191821,-1.22236087918282e-08,PER_COMPONENT_ONLY,GEOMETRIC_ONLY;NOT_AC_INTERIOR_CERTIFIED
PER_COMPONENT,2011-03-08 11:30:00,20110308T113000_C02,20110308T113000_C02_K3,VMAX / bus 13,3,13,3,EXACT_HULL_CHORD_PLUS_EVENLY_INDEXED_EXACT_BOUNDARY_SUPPORT_FACETS,12;0;11,992.711843914002|1704.22238187;1672.52719643881|-652.550440284992;2501.63783304|-2704.17183305,-0.96082608403512|-0.27715200926159|-1426.15209092702;-0.927152178094927|-0.374684985893259|-1306.18638058842;0.946111973093841|0.323839673864212|1491.11138169597,C_TRUE_SUBSET_OF_C_APPROX_BECAUSE_EVERY_APPROXIMATION_HALFSPACE_IS_A_SUPPORT_HALFSPACE_OF_C_TRUE,211183.091873912,279650.847265666,68467.7553917542,0.00422267164134689,0.324210403324492,4.36557456851006e-10,PER_COMPONENT_ONLY,GEOMETRIC_ONLY;NOT_AC_INTERIOR_CERTIFIED
PER_COMPONENT,2011-03-08 11:30:00,20110308T113000_C02,20110308T113000_C02_K4,VMAX / bus 13,4,13,4,EXACT_HULL_CHORD_PLUS_EVENLY_INDEXED_EXACT_BOUNDARY_SUPPORT_FACETS,12;0;6;11,992.711843914002|1704.22238187;1327.15082074257|544.794769163755;1977.24925549797|-1406.58044257272;2501.63783304|-2704.17183305,-0.96082608403512|-0.277152009261591|-1426.15209092702;-0.948735788811829|-0.316070250146383|-1431.3088997575;-0.927152178094928|-0.374684985893259|-1306.18638058842;0.946111973093841|0.323839673864212|1491.11138169597,C_TRUE_SUBSET_OF_C_APPROX_BECAUSE_EVERY_APPROXIMATION_HALFSPACE_IS_A_SUPPORT_HALFSPACE_OF_C_TRUE,211183.091873912,227434.173129921,16251.0812560116,0.00100226711929348,0.0769525680858693,-2.22644302994013e-09,PER_COMPONENT_ONLY,GEOMETRIC_ONLY;NOT_AC_INTERIOR_CERTIFIED
PER_COMPONENT,2011-03-08 11:30:00,20110308T113000_C02,20110308T113000_C02_K5,VMAX / bus 13,5,13,5,EXACT_HULL_CHORD_PLUS_EVENLY_INDEXED_EXACT_BOUNDARY_SUPPORT_FACETS,12;0;4;7;11,992.711843914002|1704.22238187;1255.50365686415|793.179993160255;1606.6184257107|-302.47269080412;2036.83053817164|-1554.01340114961;2501.63783304|-2704.17183305,-0.96082608403512|-0.277152009261591|-1426.15209092702;-0.95229642471374|-0.305174572134423|-1437.67000868503;-0.945687762335188|-0.325076385130426|-1421.03265500956;-0.927152178094928|-0.374684985893259|-1306.18638058842;0.946111973093841|0.323839673864212|1491.11138169597,C_TRUE_SUBSET_OF_C_APPROX_BECAUSE_EVERY_APPROXIMATION_HALFSPACE_IS_A_SUPPORT_HALFSPACE_OF_C_TRUE,211183.091873912,220238.584797191,9055.49292328215,0.000558487319275639,0.0428798197948953,-2.6775524020195e-09,PER_COMPONENT_ONLY,GEOMETRIC_ONLY;NOT_AC_INTERIOR_CERTIFIED
PER_COMPONENT,2011-03-08 11:30:00,20110308T113000_C02,20110308T113000_C02_K8,VMAX / bus 13,8,13,8,EXACT_HULL_CHORD_PLUS_EVENLY_INDEXED_EXACT_BOUNDARY_SUPPORT_FACETS,12;0;2;4;6;7;9;11,992.711843914002|1704.22238187;1153.87393833407|1145.5082506281;1366.82923145653|445.788839559069;1535.92941872332|-81.8878362082085;1697.39795448002|-566.561666056032;1852.92897707285|-1019.02081552797;2150.26616398772|-1834.70809538244;2501.63783304|-2704.17183305,-0.960826084035119|-0.277152009261593|-1426.15209092702;-0.956674942387711|-0.291158126466477|-1437.4063195832;-0.952296424713744|-0.305174572134409|-1437.67000868503;-0.94873578881182|-0.316070250146409|-1431.30889975747;-0.945687762335194|-0.325076385130409|-1421.03265500959;-0.939525444096139|-0.342479108700009|-1391.8805794142;-0.927152178094928|-0.374684985893258|-1306.18638058842;0.946111973093841|0.323839673864212|1491.11138169597,C_TRUE_SUBSET_OF_C_APPROX_BECAUSE_EVERY_APPROXIMATION_HALFSPACE_IS_A_SUPPORT_HALFSPACE_OF_C_TRUE,211183.091873912,213067.930507295,1884.83863338792,0.000116245298245614,0.00892513987110901,-4.64933691546321e-09,PER_COMPONENT_ONLY,GEOMETRIC_ONLY;NOT_AC_INTERIOR_CERTIFIED
PER_TIMESTAMP_UNION,2011-03-08 11:30:00,ALL_CONVEX_VMAX_COMPONENTS,20110308T113000_ALL_VMAX_K3,ALL_CONVEX_VMAX_COMPONENTS,3,26,6,UNION_OF_PER_COMPONENT_APPROXIMATIONS,SEE_PER_COMPONENT_ROWS,SEE_PER_COMPONENT_ROWS,SEE_PER_COMPONENT_ROWS,UNION_OF_CONTAINING_PER_COMPONENT_OUTER_APPROXIMATIONS,334770.901726274,446797.862772328,112026.961046053,0.00690913655294753,0.334637689441872,1.09139364212751e-09,FULL_VMAX_COVERAGE,GEOMETRIC_ONLY;NOT_AC_INTERIOR_CERTIFIED
PER_TIMESTAMP_UNION,2011-03-08 11:30:00,ALL_CONVEX_VMAX_COMPONENTS,20110308T113000_ALL_VMAX_K4,ALL_CONVEX_VMAX_COMPONENTS,4,26,8,UNION_OF_PER_COMPONENT_APPROXIMATIONS,SEE_PER_COMPONENT_ROWS,SEE_PER_COMPONENT_ROWS,SEE_PER_COMPONENT_ROWS,UNION_OF_CONTAINING_PER_COMPONENT_OUTER_APPROXIMATIONS,334770.901726274,363274.370479745,28503.4687534727,0.00175791930809816,0.0851432087033018,-2.38651409745216e-09,FULL_VMAX_COVERAGE,GEOMETRIC_ONLY;NOT_AC_INTERIOR_CERTIFIED
PER_TIMESTAMP_UNION,2011-03-08 11:30:00,ALL_CONVEX_VMAX_COMPONENTS,20110308T113000_ALL_VMAX_K5,ALL_CONVEX_VMAX_COMPONENTS,5,26,10,UNION_OF_PER_COMPONENT_APPROXIMATIONS,SEE_PER_COMPONENT_ROWS,SEE_PER_COMPONENT_ROWS,SEE_PER_COMPONENT_ROWS,UNION_OF_CONTAINING_PER_COMPONENT_OUTER_APPROXIMATIONS,334770.901726274,349631.98898919,14861.0872629167,0.000916540806480965,0.0443918129869838,-9.60426405072212e-10,FULL_VMAX_COVERAGE,GEOMETRIC_ONLY;NOT_AC_INTERIOR_CERTIFIED
PER_TIMESTAMP_UNION,2011-03-08 11:30:00,ALL_CONVEX_VMAX_COMPONENTS,20110308T113000_ALL_VMAX_K8,ALL_CONVEX_VMAX_COMPONENTS,8,26,16,UNION_OF_PER_COMPONENT_APPROXIMATIONS,SEE_PER_COMPONENT_ROWS,SEE_PER_COMPONENT_ROWS,SEE_PER_COMPONENT_ROWS,UNION_OF_CONTAINING_PER_COMPONENT_OUTER_APPROXIMATIONS,334770.901726274,337940.498712291,3169.59698603328,0.000195481321548234,0.00946795844468257,-1.68438418768346e-08,FULL_VMAX_COVERAGE,GEOMETRIC_ONLY;NOT_AC_INTERIOR_CERTIFIED
PER_COMPONENT,2011-03-08 12:30:00,20110308T123000_C01,20110308T123000_C01_K3,VMAX / bus 30,3,13,3,EXACT_HULL_CHORD_PLUS_EVENLY_INDEXED_EXACT_BOUNDARY_SUPPORT_FACETS,12;0;11,-1984.3860241|3229.4611281;-602.396348489313|2428.08691046518;875.313635234002|1807.94626338,-0.501633872143547|-0.865080030007786|-1798.30708450891;-0.386968553677003|-0.922092912056659|-2005.81328628228;0.445124409281406|0.895468737735651|2008.58282318227,C_TRUE_SUBSET_OF_C_APPROX_BECAUSE_EVERY_APPROXIMATION_HALFSPACE_IS_A_SUPPORT_HALFSPACE_OF_C_TRUE,120549.681056841,163585.355199586,43035.674142743,0.00265506304503332,0.356995338066893,2.60479282587767e-09,PER_COMPONENT_ONLY,GEOMETRIC_ONLY;NOT_AC_INTERIOR_CERTIFIED
PER_COMPONENT,2011-03-08 12:30:00,20110308T123000_C01,20110308T123000_C01_K4,VMAX / bus 30,4,13,4,EXACT_HULL_CHORD_PLUS_EVENLY_INDEXED_EXACT_BOUNDARY_SUPPORT_FACETS,12;0;6;11,-1984.3860241|3229.4611281;-1025.85960331311|2673.64050650168;314.135481113292|2043.45213899818;875.313635234002|1807.94626338,-0.501633872143547|-0.865080030007786|-1798.30708450891;-0.425577223663041|-0.904922110846706|-1982.8539289427;-0.386968553676997|-0.922092912056661|-2005.81328628228;0.445124409281406|0.895468737735651|2008.58282318227,C_TRUE_SUBSET_OF_C_APPROX_BECAUSE_EVERY_APPROXIMATION_HALFSPACE_IS_A_SUPPORT_HALFSPACE_OF_C_TRUE,120549.681056841,132495.858001088,11946.176944245,0.00073701303780883,0.0990975408604543,2.64844857156277e-09,PER_COMPONENT_ONLY,GEOMETRIC_ONLY;NOT_AC_INTERIOR_CERTIFIED
PER_COMPONENT,2011-03-08 12:30:00,20110308T123000_C01,20110308T123000_C01_K5,VMAX / bus 30,5,13,5,EXACT_HULL_CHORD_PLUS_EVENLY_INDEXED_EXACT_BOUNDARY_SUPPORT_FACETS,12;0;4;7;11,-1984.3860241|3229.4611281;-1202.84718434189|2776.27027775185;-333.130816567703|2345.57422086493;381.668966959891|2015.1108135188;875.313635234002|1807.94626338,-0.501633872143548|-0.865080030007785|-1798.3070845089;-0.443779456400427|-0.896136035475051|-1954.11697051173;-0.419639948750628|-0.907690648521053|-1989.26078689942;-0.386968553677001|-0.922092912056659|-2005.81328628228;0.445124409281406|0.895468737735651|2008.58282318227,C_TRUE_SUBSET_OF_C_APPROX_BECAUSE_EVERY_APPROXIMATION_HALFSPACE_IS_A_SUPPORT_HALFSPACE_OF_C_TRUE,120549.681056841,126479.695872129,5930.01481528688,0.00036584911253733,0.049191460012995,1.33877620100975e-09,PER_COMPONENT_ONLY,GEOMETRIC_ONLY;NOT_AC_INTERIOR_CERTIFIED
PER_COMPONENT,2011-03-08 12:30:00,20110308T123000_C01,20110308T123000_C01_K8,VMAX / bus 30,8,13,8,EXACT_HULL_CHORD_PLUS_EVENLY_INDEXED_EXACT_BOUNDARY_SUPPORT_FACETS,12;0;2;4;6;7;9;11,-1984.3860241|3229.4611281;-1398.883797608|2889.94600945693;-837.959880475628|2595.57283568174;-424.684995826445|2390.9131675139;-47.0312499999543|2213.30580138999;135.375327303044|2128.97631438256;599.190659484008|1923.82494237846;875.313635234002|1807.94626338,-0.501633872143548|-0.865080030007785|-1798.3070845089;-0.464695437820015|-0.885470581142741|-1908.90725367619;-0.443779456400442|-0.896136035475043|-1954.1169705117;-0.425577223663009|-0.904922110846721|-1982.85392894274;-0.419639948750675|-0.907690648521032|-1989.26078689938;-0.404509779365097|-0.914533672643058|-2001.7811715412;-0.386968553677022|-0.92209291205665|-2005.81328628228;0.445124409281406|0.895468737735651|2008.58282318227,C_TRUE_SUBSET_OF_C_APPROX_BECAUSE_EVERY_APPROXIMATION_HALFSPACE_IS_A_SUPPORT_HALFSPACE_OF_C_TRUE,120549.681056841,121878.530821509,1328.84976467033,8.1982680017396e-05,0.0110232540892726,-1.68802216649055e-09,PER_COMPONENT_ONLY,GEOMETRIC_ONLY;NOT_AC_INTERIOR_CERTIFIED
PER_COMPONENT,2011-03-08 12:30:00,20110308T123000_C02,20110308T123000_C02_K3,VMAX / bus 13,3,13,3,EXACT_HULL_CHORD_PLUS_EVENLY_INDEXED_EXACT_BOUNDARY_SUPPORT_FACETS,12;0;11,1012.67415483|1730.05103434;1687.40713097357|-608.263650131839;2506.82663921|-2643.90893787001,-0.960799610481284|-0.277243770893075|-1452.62280610301;-0.927663408805811|-0.37341746070957|-1338.20958348801;0.946309809323789|0.323261109287175|1517.56170284848,C_TRUE_SUBSET_OF_C_APPROX_BECAUSE_EVERY_APPROXIMATION_HALFSPACE_IS_A_SUPPORT_HALFSPACE_OF_C_TRUE,205546.040014901,271271.832741862,65725.7927269637,0.00405491785247908,0.319761902113021,-2.00816430151463e-09,PER_COMPONENT_ONLY,GEOMETRIC_ONLY;NOT_AC_INTERIOR_CERTIFIED
PER_COMPONENT,2011-03-08 12:30:00,20110308T123000_C02,20110308T123000_C02_K4,VMAX / bus 13,4,13,4,EXACT_HULL_CHORD_PLUS_EVENLY_INDEXED_EXACT_BOUNDARY_SUPPORT_FACETS,12;0;6;11,1012.67415483|1730.05103434;1348.68635304464|565.587038912331;1989.7157894393|-1359.27481091403;2506.82663921|-2643.90893787001,-0.960799610481284|-0.277243770893077|-1452.62280610301;-0.948770680197816|-0.315965498744678|-1458.30005938513;-0.92766340880581|-0.373417460709571|-1338.20958348801;0.946309809323789|0.323261109287175|1517.56170284848,C_TRUE_SUBSET_OF_C_APPROX_BECAUSE_EVERY_APPROXIMATION_HALFSPACE_IS_A_SUPPORT_HALFSPACE_OF_C_TRUE,205546.040014901,221030.761526586,15484.7215116841,0.000955321664346173,0.0753345649984866,1.04773789644241e-09,PER_COMPONENT_ONLY,GEOMETRIC_ONLY;NOT_AC_INTERIOR_CERTIFIED
PER_COMPONENT,2011-03-08 12:30:00,20110308T123000_C02,20110308T123000_C02_K5,VMAX / bus 13,5,13,5,EXACT_HULL_CHORD_PLUS_EVENLY_INDEXED_EXACT_BOUNDARY_SUPPORT_FACETS,12;0;4;7;11,1012.67415483|1730.05103434;1282.09865244612|796.349434733912;1625.78994790203|-273.981216020596;2045.74125630186|-1498.45623931028;2506.82663921|-2643.90893787001,-0.960799610481284|-0.277243770893078|-1452.62280610302;-0.952117554870276|-0.305732173164433|-1464.17827734895;-0.945914823422364|-0.324415084158918|-1448.97517223832;-0.927663408805811|-0.37341746070957|-1338.20958348801;0.946309809323789|0.323261109287175|1517.56170284848,C_TRUE_SUBSET_OF_C_APPROX_BECAUSE_EVERY_APPROXIMATION_HALFSPACE_IS_A_SUPPORT_HALFSPACE_OF_C_TRUE,205546.040014901,214335.409203482,8789.36918858258,0.000542255461000958,0.0427610728377225,-8.14907252788544e-10,PER_COMPONENT_ONLY,GEOMETRIC_ONLY;NOT_AC_INTERIOR_CERTIFIED
PER_COMPONENT,2011-03-08 12:30:00,20110308T123000_C02,20110308T123000_C02_K8,VMAX / bus 13,8,13,8,EXACT_HULL_CHORD_PLUS_EVENLY_INDEXED_EXACT_BOUNDARY_SUPPORT_FACETS,12;0;2;4;6;7;9;11,1012.67415483|1730.05103434;1179.49317807528|1151.93289650544;1393.43182151442|449.6333413241;1558.58028268858|-64.6754650283047;1711.87933575|-524.99675777899;1863.74719078989|-967.806177865076;2156.51023205745|-1773.63438830228;2506.82663921|-2643.90893787001,-0.960799610481284|-0.277243770893076|-1452.62280610301;-0.956599750952896|-0.291405072839952|-1463.98197001036;-0.952117554870275|-0.305732173164437|-1464.17827734895;-0.948770680197819|-0.31596549874467|-1458.30005938514;-0.945914823422363|-0.32441508415892|-1448.97517223832;-0.939892802189019|-0.341469647836048|-1421.24613499428;-0.92766340880581|-0.373417460709571|-1338.20958348801;0.946309809323789|0.323261109287175|1517.56170284848,C_TRUE_SUBSET_OF_C_APPROX_BECAUSE_EVERY_APPROXIMATION_HALFSPACE_IS_A_SUPPORT_HALFSPACE_OF_C_TRUE,205546.040014901,207405.223404573,1859.1833896751,0.000114701331167564,0.00904509466365939,-2.78669176623225e-09,PER_COMPONENT_ONLY,GEOMETRIC_ONLY;NOT_AC_INTERIOR_CERTIFIED
PER_TIMESTAMP_UNION,2011-03-08 12:30:00,ALL_CONVEX_VMAX_COMPONENTS,20110308T123000_ALL_VMAX_K3,ALL_CONVEX_VMAX_COMPONENTS,3,26,6,UNION_OF_PER_COMPONENT_APPROXIMATIONS,SEE_PER_COMPONENT_ROWS,SEE_PER_COMPONENT_ROWS,SEE_PER_COMPONENT_ROWS,UNION_OF_CONTAINING_PER_COMPONENT_OUTER_APPROXIMATIONS,326095.721071741,434857.187941449,108761.466869707,0.0067099808975124,0.333526200565444,5.82076609134674e-10,FULL_VMAX_COVERAGE,GEOMETRIC_ONLY;NOT_AC_INTERIOR_CERTIFIED
PER_TIMESTAMP_UNION,2011-03-08 12:30:00,ALL_CONVEX_VMAX_COMPONENTS,20110308T123000_ALL_VMAX_K4,ALL_CONVEX_VMAX_COMPONENTS,4,26,8,UNION_OF_PER_COMPONENT_APPROXIMATIONS,SEE_PER_COMPONENT_ROWS,SEE_PER_COMPONENT_ROWS,SEE_PER_COMPONENT_ROWS,UNION_OF_CONTAINING_PER_COMPONENT_OUTER_APPROXIMATIONS,326095.721071741,353526.619527674,27430.8984559291,0.001692334702155,0.0841191609806319,3.66708263754845e-09,FULL_VMAX_COVERAGE,GEOMETRIC_ONLY;NOT_AC_INTERIOR_CERTIFIED
PER_TIMESTAMP_UNION,2011-03-08 12:30:00,ALL_CONVEX_VMAX_COMPONENTS,20110308T123000_ALL_VMAX_K5,ALL_CONVEX_VMAX_COMPONENTS,5,26,10,UNION_OF_PER_COMPONENT_APPROXIMATIONS,SEE_PER_COMPONENT_ROWS,SEE_PER_COMPONENT_ROWS,SEE_PER_COMPONENT_ROWS,UNION_OF_CONTAINING_PER_COMPONENT_OUTER_APPROXIMATIONS,326095.721071741,340815.105075611,14719.3840038695,0.000908104573538288,0.0451382310552648,4.94765117764473e-10,FULL_VMAX_COVERAGE,GEOMETRIC_ONLY;NOT_AC_INTERIOR_CERTIFIED
PER_TIMESTAMP_UNION,2011-03-08 12:30:00,ALL_CONVEX_VMAX_COMPONENTS,20110308T123000_ALL_VMAX_K8,ALL_CONVEX_VMAX_COMPONENTS,8,26,16,UNION_OF_PER_COMPONENT_APPROXIMATIONS,SEE_PER_COMPONENT_ROWS,SEE_PER_COMPONENT_ROWS,SEE_PER_COMPONENT_ROWS,UNION_OF_CONTAINING_PER_COMPONENT_OUTER_APPROXIMATIONS,326095.721071741,329283.754226082,3188.03315434543,0.00019668401118496,0.00977637223778247,-4.50381776317954e-09,FULL_VMAX_COVERAGE,GEOMETRIC_ONLY;NOT_AC_INTERIOR_CERTIFIED
PER_COMPONENT,2011-05-11 17:30:00,20110511T173000_C01,20110511T173000_C01_K3,VMAX / bus 30,3,14,3,EXACT_HULL_CHORD_PLUS_EVENLY_INDEXED_EXACT_BOUNDARY_SUPPORT_FACETS,13;0;12,-1529.54363463|3996.94452903;-67.8079336957752|3158.08482380956;1444.89780716|2533.32086185,-0.49774038480454|-0.867326068635452|-2705.33854764149;-0.381734432824866|-0.924272050208096|-2893.04491172316;0.441509988540654|0.897256334621735|2910.97500520593,C_TRUE_SUBSET_OF_C_APPROX_BECAUSE_EVERY_APPROXIMATION_HALFSPACE_IS_A_SUPPORT_HALFSPACE_OF_C_TRUE,132384.969037218,177854.052003067,45469.0829658503,0.00279513246856064,0.343461068854933,-1.25146470963955e-09,PER_COMPONENT_ONLY,GEOMETRIC_ONLY;NOT_AC_INTERIOR_CERTIFIED
PER_COMPONENT,2011-05-11 17:30:00,20110511T173000_C01,20110511T173000_C01_K4,VMAX / bus 30,4,14,4,EXACT_HULL_CHORD_PLUS_EVENLY_INDEXED_EXACT_BOUNDARY_SUPPORT_FACETS,13;0;6;12,-1529.54363463|3996.94452903;-590.313247151817|3457.93975171597;747.54407212129|2821.33555672622;1444.89780716|2533.32086185,-0.497740384804539|-0.867326068635452|-2705.3385476415;-0.429674578563834|-0.902983807460572|-2868.82100728314;-0.381734432824868|-0.924272050208096|-2893.04491172316;0.441509988540654|0.897256334621735|2910.97500520593,C_TRUE_SUBSET_OF_C_APPROX_BECAUSE_EVERY_APPROXIMATION_HALFSPACE_IS_A_SUPPORT_HALFSPACE_OF_C_TRUE,132384.969037218,143587.034218491,11202.0651812744,0.000688627393840979,0.0846173494071301,-1.78624759428203e-09,PER_COMPONENT_ONLY,GEOMETRIC_ONLY;NOT_AC_INTERIOR_CERTIFIED
PER_COMPONENT,2011-05-11 17:30:00,20110511T173000_C01,20110511T173000_C01_K5,VMAX / bus 30,5,14,5,EXACT_HULL_CHORD_PLUS_EVENLY_INDEXED_EXACT_BOUNDARY_SUPPORT_FACETS,13;0;4;8;12,-1529.54363463|3996.94452903;-682.663524556709|3510.93765443626;199.642251801768|3079.58358537147;955.962270908217|2735.2565685253;1444.89780716|2533.32086185,-0.497740384804541|-0.867326068635451|-2705.33854764149;-0.439213894534214|-0.898382521450684|-2854.32971737159;-0.414346587665664|-0.910119170927533|-2885.50914530827;-0.38173443282487|-0.924272050208095|-2893.04491172316;0.441509988540654|0.897256334621735|2910.97500520593,C_TRUE_SUBSET_OF_C_APPROX_BECAUSE_EVERY_APPROXIMATION_HALFSPACE_IS_A_SUPPORT_HALFSPACE_OF_C_TRUE,132384.969037218,138443.103986458,6058.13494923738,0.000372413266136315,0.0457615014249406,2.57568899542093e-09,PER_COMPONENT_ONLY,GEOMETRIC_ONLY;NOT_AC_INTERIOR_CERTIFIED
PER_COMPONENT,2011-05-11 17:30:00,20110511T173000_C01,20110511T173000_C01_K8,VMAX / bus 30,8,14,8,EXACT_HULL_CHORD_PLUS_EVENLY_INDEXED_EXACT_BOUNDARY_SUPPORT_FACETS,13;0;2;4;6;8;10;12,-1529.54363463|3996.94452903;-860.57691646697|3613.03844830565;-276.051394444872|3312.14739197335;10.8457060843043|3171.88509852342;319.454799401712|3025.03697011121;748.145644723028|2829.86847504328;1219.15004589384|2626.55714827567;1444.89780716|2533.32086185,-0.497740384804537|-0.867326068635454|-2705.33854764151;-0.457682310858012|-0.889115798041892|-2818.53873152165;-0.439213894534242|-0.89838252145067|-2854.32971737154;-0.429674578563809|-0.902983807460584|-2868.82100728317;-0.41434658766568|-0.910119170927526|-2885.50914530826;-0.39630961030859|-0.918116927617095|-2894.64745878146;-0.381734432824934|-0.924272050208068|-2893.04491172318;0.441509988540654|0.897256334621735|2910.97500520593,C_TRUE_SUBSET_OF_C_APPROX_BECAUSE_EVERY_APPROXIMATION_HALFSPACE_IS_A_SUPPORT_HALFSPACE_OF_C_TRUE,132384.969037218,133833.209644836,1448.24060761775,8.90280621599656e-05,0.0109396151100099,2.5465851649642e-11,PER_COMPONENT_ONLY,GEOMETRIC_ONLY;NOT_AC_INTERIOR_CERTIFIED
PER_COMPONENT,2011-05-11 17:30:00,20110511T173000_C02,20110511T173000_C02_K3,VMAX / bus 13,3,14,3,EXACT_HULL_CHORD_PLUS_EVENLY_INDEXED_EXACT_BOUNDARY_SUPPORT_FACETS,13;0;12,1504.78454525|2361.48127938;2143.67572106552|131.279654609017;2958.73085672|-1930.63985772,-0.961331202757868|-0.275394841280861|-2096.93609889921;-0.92997958587043|-0.367611166675148|-2041.83452630854;0.947133622731506|0.320839368986246|2182.88820132213,C_TRUE_SUBSET_OF_C_APPROX_BECAUSE_EVERY_APPROXIMATION_HALFSPACE_IS_A_SUPPORT_HALFSPACE_OF_C_TRUE,191127.912235872,250197.553072856,59069.6408369797,0.00363120301180611,0.309058159773552,4.29281499236822e-09,PER_COMPONENT_ONLY,GEOMETRIC_ONLY;NOT_AC_INTERIOR_CERTIFIED
PER_COMPONENT,2011-05-11 17:30:00,20110511T173000_C02,20110511T173000_C02_K4,VMAX / bus 13,4,14,4,EXACT_HULL_CHORD_PLUS_EVENLY_INDEXED_EXACT_BOUNDARY_SUPPORT_FACETS,13;0;6;12,1504.78454525|2361.48127938;1825.53081239109|1241.84013673282;2434.95614143841|-605.599061999511;2958.73085672|-1930.63985772,-0.961331202757868|-0.275394841280861|-2096.93609889921;-0.949663767262901|-0.313271015493032|-2122.67298926412;-0.92997958587043|-0.367611166675148|-2041.83452630854;0.947133622731506|0.320839368986246|2182.88820132213,C_TRUE_SUBSET_OF_C_APPROX_BECAUSE_EVERY_APPROXIMATION_HALFSPACE_IS_A_SUPPORT_HALFSPACE_OF_C_TRUE,191127.912235872,205672.397031359,14544.4847954833,0.000894096802455311,0.0760981722938189,3.7325662560761e-09,PER_COMPONENT_ONLY,GEOMETRIC_ONLY;NOT_AC_INTERIOR_CERTIFIED
PER_COMPONENT,2011-05-11 17:30:00,20110511T173000_C02,20110511T173000_C02_K5,VMAX / bus 13,5,14,5,EXACT_HULL_CHORD_PLUS_EVENLY_INDEXED_EXACT_BOUNDARY_SUPPORT_FACETS,13;0;4;8;12,1504.78454525|2361.48127938;1723.1019678486|1599.39238376532;2066.91597237064|499.820706153598;2496.74073152809|-761.901189664612;2958.73085672|-1930.63985772,-0.961331202757867|-0.275394841280864|-2096.93609889922;-0.954431071578258|-0.298431448754949|-2121.89104382706;-0.946580670301022|-0.32246710624879|-2117.67844333906;-0.929979585870429|-0.367611166675152|-2041.83452630853;0.947133622731506|0.320839368986246|2182.88820132213,C_TRUE_SUBSET_OF_C_APPROX_BECAUSE_EVERY_APPROXIMATION_HALFSPACE_IS_A_SUPPORT_HALFSPACE_OF_C_TRUE,191127.912235872,198264.881977476,7136.96974159672,0.000438732750929999,0.037341326330133,6.66477717459202e-09,PER_COMPONENT_ONLY,GEOMETRIC_ONLY;NOT_AC_INTERIOR_CERTIFIED
PER_COMPONENT,2011-05-11 17:30:00,20110511T173000_C02,20110511T173000_C02_K8,VMAX / bus 13,8,14,8,EXACT_HULL_CHORD_PLUS_EVENLY_INDEXED_EXACT_BOUNDARY_SUPPORT_FACETS,13;0;2;4;6;8;10;12,1504.78454525|2361.48127938;1634.58774144107|1908.37234627215;1811.57559438127|1316.43970391109;2005.291422418|696.905783789365;2173.9204981691|185.716061702212;2301.03347589401|-187.415601426184;2575.39206932502|-960.872671445471;2958.73085672|-1930.63985772,-0.961331202757868|-0.275394841280861|-2096.93609889921;-0.958089579452155|-0.2864687727226|-2112.77056570925;-0.954431071578254|-0.298431448754961|-2121.89104382707;-0.949663767262901|-0.31327101549303|-2122.67298926412;-0.946580670301025|-0.322467106248779|-2117.67844333907;-0.942463805493038|-0.334308204110491|-2105.98619312287;-0.92997958587043|-0.367611166675149|-2041.83452630854;0.947133622731506|0.320839368986246|2182.88820132213,C_TRUE_SUBSET_OF_C_APPROX_BECAUSE_EVERY_APPROXIMATION_HALFSPACE_IS_A_SUPPORT_HALFSPACE_OF_C_TRUE,191127.912235872,193131.094190011,2003.18195413248,0.00012314211229278,0.0104808446380157,6.63567334413528e-09,PER_COMPONENT_ONLY,GEOMETRIC_ONLY;NOT_AC_INTERIOR_CERTIFIED
PER_TIMESTAMP_UNION,2011-05-11 17:30:00,ALL_CONVEX_VMAX_COMPONENTS,20110511T173000_ALL_VMAX_K3,ALL_CONVEX_VMAX_COMPONENTS,3,28,6,UNION_OF_PER_COMPONENT_APPROXIMATIONS,SEE_PER_COMPONENT_ROWS,SEE_PER_COMPONENT_ROWS,SEE_PER_COMPONENT_ROWS,UNION_OF_CONTAINING_PER_COMPONENT_OUTER_APPROXIMATIONS,323512.881273091,428051.605075924,104538.72380283,0.00642633548036675,0.323136202155068,3.07045411318541e-09,FULL_VMAX_COVERAGE,GEOMETRIC_ONLY;NOT_AC_INTERIOR_CERTIFIED
PER_TIMESTAMP_UNION,2011-05-11 17:30:00,ALL_CONVEX_VMAX_COMPONENTS,20110511T173000_ALL_VMAX_K4,ALL_CONVEX_VMAX_COMPONENTS,4,28,8,UNION_OF_PER_COMPONENT_APPROXIMATIONS,SEE_PER_COMPONENT_ROWS,SEE_PER_COMPONENT_ROWS,SEE_PER_COMPONENT_ROWS,UNION_OF_CONTAINING_PER_COMPONENT_OUTER_APPROXIMATIONS,323512.881273091,349259.43124985,25746.5499767577,0.00158272419629629,0.0795843116831691,1.9754224922508e-09,FULL_VMAX_COVERAGE,GEOMETRIC_ONLY;NOT_AC_INTERIOR_CERTIFIED
PER_TIMESTAMP_UNION,2011-05-11 17:30:00,ALL_CONVEX_VMAX_COMPONENTS,20110511T173000_ALL_VMAX_K5,ALL_CONVEX_VMAX_COMPONENTS,5,28,10,UNION_OF_PER_COMPONENT_APPROXIMATIONS,SEE_PER_COMPONENT_ROWS,SEE_PER_COMPONENT_ROWS,SEE_PER_COMPONENT_ROWS,UNION_OF_CONTAINING_PER_COMPONENT_OUTER_APPROXIMATIONS,323512.881273091,336707.985963934,13195.1046908341,0.000811146017066313,0.0407869530230407,9.26957000046968e-09,FULL_VMAX_COVERAGE,GEOMETRIC_ONLY;NOT_AC_INTERIOR_CERTIFIED
PER_TIMESTAMP_UNION,2011-05-11 17:30:00,ALL_CONVEX_VMAX_COMPONENTS,20110511T173000_ALL_VMAX_K8,ALL_CONVEX_VMAX_COMPONENTS,8,28,16,UNION_OF_PER_COMPONENT_APPROXIMATIONS,SEE_PER_COMPONENT_ROWS,SEE_PER_COMPONENT_ROWS,SEE_PER_COMPONENT_ROWS,UNION_OF_CONTAINING_PER_COMPONENT_OUTER_APPROXIMATIONS,323512.881273091,326964.303834848,3451.42256175023,0.000212170174452745,0.0106685784756643,6.69024302624166e-09,FULL_VMAX_COVERAGE,GEOMETRIC_ONLY;NOT_AC_INTERIOR_CERTIFIED
PER_COMPONENT,2011-05-11 18:00:00,20110511T180000_C01,20110511T180000_C01_K3,VMAX / bus 30,3,14,3,EXACT_HULL_CHORD_PLUS_EVENLY_INDEXED_EXACT_BOUNDARY_SUPPORT_FACETS,13;0;12,-1511.59516975001|4003.20829208;-63.8193392845301|3173.32177284706;1454.01039653|2545.17946817,-0.497306708502993|-0.867574802353042|-2721.35622432197;-0.382390685431632|-0.924000737929969|-2907.74773890712;0.441206171463133|0.897405769015803|2925.57709823693,C_TRUE_SUBSET_OF_C_APPROX_BECAUSE_EVERY_APPROXIMATION_HALFSPACE_IS_A_SUPPORT_HALFSPACE_OF_C_TRUE,130966.224212351,175108.594719526,44142.37050717,0.00271436712452662,0.337051562512764,4.55474946647882e-09,PER_COMPONENT_ONLY,GEOMETRIC_ONLY;NOT_AC_INTERIOR_CERTIFIED
PER_COMPONENT,2011-05-11 18:00:00,20110511T180000_C01,20110511T180000_C01_K4,VMAX / bus 30,4,14,4,EXACT_HULL_CHORD_PLUS_EVENLY_INDEXED_EXACT_BOUNDARY_SUPPORT_FACETS,13;0;6;12,-1511.59516975001|4003.20829208;-576.450309655648|3467.16942709027;744.262135417034|2838.90339382282;1454.01039653|2545.17946817,-0.497306708502994|-0.867574802353041|-2721.35622432196;-0.429574241365649|-0.903031544939116|-2883.33515985567;-0.382390685431628|-0.92400073792997|-2907.74773890711;0.441206171463133|0.897405769015803|2925.57709823693,C_TRUE_SUBSET_OF_C_APPROX_BECAUSE_EVERY_APPROXIMATION_HALFSPACE_IS_A_SUPPORT_HALFSPACE_OF_C_TRUE,130966.224212351,142098.780904872,11132.5566925159,0.0006845542174312,0.0850032652271116,5.10408426634967e-09,PER_COMPONENT_ONLY,GEOMETRIC_ONLY;NOT_AC_INTERIOR_CERTIFIED
PER_COMPONENT,2011-05-11 18:00:00,20110511T180000_C01,20110511T180000_C01_K5,VMAX / bus 30,5,14,5,EXACT_HULL_CHORD_PLUS_EVENLY_INDEXED_EXACT_BOUNDARY_SUPPORT_FACETS,13;0;4;8;12,-1511.59516975001|4003.20829208;-666.168492192738|3518.59721628997;201.424094576926|3095.12153007021;951.653230968194|2753.07616455254;1454.01039653|2545.17946817,-0.497306708502995|-0.86757480235304|-2721.35622432196;-0.438640988989639|-0.898662385313968|-2869.82216110108;-0.414840109557786|-0.909894325458778|-2899.79231027804;-0.382390685431628|-0.92400073792997|-2907.74773890711;0.441206171463133|0.897405769015803|2925.57709823693,C_TRUE_SUBSET_OF_C_APPROX_BECAUSE_EVERY_APPROXIMATION_HALFSPACE_IS_A_SUPPORT_HALFSPACE_OF_C_TRUE,130966.224212351,136840.90425192,5874.6800395653,0.000361241097460289,0.0448564511567499,3.62342689186335e-09,PER_COMPONENT_ONLY,GEOMETRIC_ONLY;NOT_AC_INTERIOR_CERTIFIED
PER_COMPONENT,2011-05-11 18:00:00,20110511T180000_C01,20110511T180000_C01_K8,VMAX / bus 30,8,14,8,EXACT_HULL_CHORD_PLUS_EVENLY_INDEXED_EXACT_BOUNDARY_SUPPORT_FACETS,13;0;2;4;6;8;10;12,-1511.59516975001|4003.20829208;-843.51055149069|3620.2523076428;-260.458900191485|3320.56861335046;39.2557877460461|3174.2765805692;303.096727303885|3048.76682170533;754.18238076325|2843.10731085317;1216.03633853581|2643.66322409774;1454.01039653|2545.17946817,-0.497306708503|-0.867574802353038|-2721.35622432194;-0.457141183488271|-0.889394141176421|-2834.22778020462;-0.438640988989631|-0.898662385313972|-2869.82216110109;-0.429574241365689|-0.903031544939097|-2883.33515985562;-0.414840109557755|-0.909894325458792|-2899.79231027806;-0.396447995869998|-0.9180571804472|-2909.12917488474;-0.38239068543162|-0.924000737929974|-2907.74773890711;0.441206171463133|0.897405769015803|2925.57709823693,C_TRUE_SUBSET_OF_C_APPROX_BECAUSE_EVERY_APPROXIMATION_HALFSPACE_IS_A_SUPPORT_HALFSPACE_OF_C_TRUE,130966.224212351,132415.338720474,1449.11450810809,8.91077831863212e-05,0.0110647956511174,1.40571501106024e-08,PER_COMPONENT_ONLY,GEOMETRIC_ONLY;NOT_AC_INTERIOR_CERTIFIED
PER_TIMESTAMP_UNION,2011-05-11 18:00:00,ALL_CONVEX_VMAX_COMPONENTS,20110511T180000_ALL_VMAX_K3,ALL_CONVEX_VMAX_COMPONENTS,3,14,3,UNION_OF_PER_COMPONENT_APPROXIMATIONS,SEE_PER_COMPONENT_ROWS,SEE_PER_COMPONENT_ROWS,SEE_PER_COMPONENT_ROWS,UNION_OF_CONTAINING_PER_COMPONENT_OUTER_APPROXIMATIONS,130966.224212351,175108.594719526,44142.37050717,0.00271436712452662,0.337051562512764,4.55474946647882e-09,PARTIAL_ONLY_CONVEX_VMAX_COMPONENTS;REPRESENTATION_UNAVAILABLE,GEOMETRIC_ONLY;NOT_AC_INTERIOR_CERTIFIED
PER_TIMESTAMP_UNION,2011-05-11 18:00:00,ALL_CONVEX_VMAX_COMPONENTS,20110511T180000_ALL_VMAX_K4,ALL_CONVEX_VMAX_COMPONENTS,4,14,4,UNION_OF_PER_COMPONENT_APPROXIMATIONS,SEE_PER_COMPONENT_ROWS,SEE_PER_COMPONENT_ROWS,SEE_PER_COMPONENT_ROWS,UNION_OF_CONTAINING_PER_COMPONENT_OUTER_APPROXIMATIONS,130966.224212351,142098.780904872,11132.5566925159,0.0006845542174312,0.0850032652271116,5.10408426634967e-09,PARTIAL_ONLY_CONVEX_VMAX_COMPONENTS;REPRESENTATION_UNAVAILABLE,GEOMETRIC_ONLY;NOT_AC_INTERIOR_CERTIFIED
PER_TIMESTAMP_UNION,2011-05-11 18:00:00,ALL_CONVEX_VMAX_COMPONENTS,20110511T180000_ALL_VMAX_K5,ALL_CONVEX_VMAX_COMPONENTS,5,14,5,UNION_OF_PER_COMPONENT_APPROXIMATIONS,SEE_PER_COMPONENT_ROWS,SEE_PER_COMPONENT_ROWS,SEE_PER_COMPONENT_ROWS,UNION_OF_CONTAINING_PER_COMPONENT_OUTER_APPROXIMATIONS,130966.224212351,136840.90425192,5874.6800395653,0.000361241097460289,0.0448564511567499,3.62342689186335e-09,PARTIAL_ONLY_CONVEX_VMAX_COMPONENTS;REPRESENTATION_UNAVAILABLE,GEOMETRIC_ONLY;NOT_AC_INTERIOR_CERTIFIED
PER_TIMESTAMP_UNION,2011-05-11 18:00:00,ALL_CONVEX_VMAX_COMPONENTS,20110511T180000_ALL_VMAX_K8,ALL_CONVEX_VMAX_COMPONENTS,8,14,8,UNION_OF_PER_COMPONENT_APPROXIMATIONS,SEE_PER_COMPONENT_ROWS,SEE_PER_COMPONENT_ROWS,SEE_PER_COMPONENT_ROWS,UNION_OF_CONTAINING_PER_COMPONENT_OUTER_APPROXIMATIONS,130966.224212351,132415.338720474,1449.11450810809,8.91077831863212e-05,0.0110647956511174,1.40571501106024e-08,PARTIAL_ONLY_CONVEX_VMAX_COMPONENTS;REPRESENTATION_UNAVAILABLE,GEOMETRIC_ONLY;NOT_AC_INTERIOR_CERTIFIED
PER_COMPONENT,2011-05-16 07:30:00,20110516T073000_C01,20110516T073000_C01_K3,VMAX / bus 30,3,13,3,EXACT_HULL_CHORD_PLUS_EVENLY_INDEXED_EXACT_BOUNDARY_SUPPORT_FACETS,12;0;11,-1483.24793295|3463.71233641;-205.117856317338|2751.2307059388;1165.72650007|2178.41326043,-0.486900624809334|-0.873457372491801|-2303.2107311276;-0.385551327122151|-0.922686389925823|-2459.43966619615;0.436534135188448|0.899687695156088|2468.77101494804,C_TRUE_SUBSET_OF_C_APPROX_BECAUSE_EVERY_APPROXIMATION_HALFSPACE_IS_A_SUPPORT_HALFSPACE_OF_C_TRUE,90615.3265956118,122283.108318199,31667.7817225874,0.00195162211466039,0.349474894726264,-3.63797880709171e-11,PER_COMPONENT_ONLY,GEOMETRIC_ONLY;NOT_AC_INTERIOR_CERTIFIED
PER_COMPONENT,2011-05-16 07:30:00,20110516T073000_C01,20110516T073000_C01_K4,VMAX / bus 30,4,13,4,EXACT_HULL_CHORD_PLUS_EVENLY_INDEXED_EXACT_BOUNDARY_SUPPORT_FACETS,12;0;6;11,-1483.24793295|3463.71233641;-682.181030018094|3017.1651002937;502.010900456374|2455.75172890278;1165.72650007|2178.41326043,-0.486900624809332|-0.873457372491802|-2303.21073112761;-0.428385683102774|-0.903595986330489|-2434.06168817776;-0.385551327122152|-0.922686389925823|-2459.43966619615;0.436534135188448|0.899687695156088|2468.77101494804,C_TRUE_SUBSET_OF_C_APPROX_BECAUSE_EVERY_APPROXIMATION_HALFSPACE_IS_A_SUPPORT_HALFSPACE_OF_C_TRUE,90615.3265956118,98739.2487597513,8123.92216414132,0.000500661091206436,0.0896528486885654,-1.77533365786076e-09,PER_COMPONENT_ONLY,GEOMETRIC_ONLY;NOT_AC_INTERIOR_CERTIFIED
PER_COMPONENT,2011-05-16 07:30:00,20110516T073000_C01,20110516T073000_C01_K5,VMAX / bus 30,5,13,5,EXACT_HULL_CHORD_PLUS_EVENLY_INDEXED_EXACT_BOUNDARY_SUPPORT_FACETS,12;0;4;7;11,-1483.24793295|3463.71233641;-763.760137640971|3062.64060914383;-46.632531275691|2715.07887606439;621.655594891487|2405.75730910182;1165.72650007|2178.41326043,-0.486900624809331|-0.873457372491802|-2303.21073112761;-0.436134816802094|-0.899881337495675|-2422.91073991413;-0.420044075425691|-0.907503705061184|-2444.35642107733;-0.385551327122146|-0.922686389925825|-2459.43966619615;0.436534135188448|0.899687695156088|2468.77101494804,C_TRUE_SUBSET_OF_C_APPROX_BECAUSE_EVERY_APPROXIMATION_HALFSPACE_IS_A_SUPPORT_HALFSPACE_OF_C_TRUE,90615.3265956118,95272.5835913307,4657.25699571928,0.000287017443347462,0.05139590807307,-3.8198777474463e-10,PER_COMPONENT_ONLY,GEOMETRIC_ONLY;NOT_AC_INTERIOR_CERTIFIED
PER_COMPONENT,2011-05-16 07:30:00,20110516T073000_C01,20110516T073000_C01_K8,VMAX / bus 30,8,13,8,EXACT_HULL_CHORD_PLUS_EVENLY_INDEXED_EXACT_BOUNDARY_SUPPORT_FACETS,12;0;2;4;6;7;9;11,-1483.24793295|3463.71233641;-949.158834077663|3165.98937460944;-426.45940760344|2899.16506412194;-120.356211349761|2750.80965785007;22.7270442581963|2682.97533906;414.339792539424|2501.7147955941;899.601245777716|2289.61566472834;1165.72650007|2178.41326043,-0.486900624809332|-0.873457372491802|-2303.21073112761;-0.454660871984526|-0.890664634689326|-2388.28938661324;-0.436134816802107|-0.899881337495668|-2422.9107399141;-0.428385683102716|-0.903595986330517|-2434.06168817783;-0.420044075425702|-0.907503705061179|-2444.35642107732;-0.400497463716497|-0.916297867266237|-2458.25796774012;-0.385551327122146|-0.922686389925825|-2459.43966619615;0.436534135188448|0.899687695156088|2468.77101494804,C_TRUE_SUBSET_OF_C_APPROX_BECAUSE_EVERY_APPROXIMATION_HALFSPACE_IS_A_SUPPORT_HALFSPACE_OF_C_TRUE,90615.3265956118,91644.6286357327,1029.30204011258,6.34338281647294e-05,0.011359028089211,8.32369551062584e-09,PER_COMPONENT_ONLY,GEOMETRIC_ONLY;NOT_AC_INTERIOR_CERTIFIED
PER_TIMESTAMP_UNION,2011-05-16 07:30:00,ALL_CONVEX_VMAX_COMPONENTS,20110516T073000_ALL_VMAX_K3,ALL_CONVEX_VMAX_COMPONENTS,3,13,3,UNION_OF_PER_COMPONENT_APPROXIMATIONS,SEE_PER_COMPONENT_ROWS,SEE_PER_COMPONENT_ROWS,SEE_PER_COMPONENT_ROWS,UNION_OF_CONTAINING_PER_COMPONENT_OUTER_APPROXIMATIONS,90615.3265956118,122283.108318199,31667.7817225874,0.00195162211466039,0.349474894726264,-3.63797880709171e-11,PARTIAL_ONLY_CONVEX_VMAX_COMPONENTS;REPRESENTATION_UNAVAILABLE,GEOMETRIC_ONLY;NOT_AC_INTERIOR_CERTIFIED
PER_TIMESTAMP_UNION,2011-05-16 07:30:00,ALL_CONVEX_VMAX_COMPONENTS,20110516T073000_ALL_VMAX_K4,ALL_CONVEX_VMAX_COMPONENTS,4,13,4,UNION_OF_PER_COMPONENT_APPROXIMATIONS,SEE_PER_COMPONENT_ROWS,SEE_PER_COMPONENT_ROWS,SEE_PER_COMPONENT_ROWS,UNION_OF_CONTAINING_PER_COMPONENT_OUTER_APPROXIMATIONS,90615.3265956118,98739.2487597513,8123.92216414132,0.000500661091206436,0.0896528486885654,-1.77533365786076e-09,PARTIAL_ONLY_CONVEX_VMAX_COMPONENTS;REPRESENTATION_UNAVAILABLE,GEOMETRIC_ONLY;NOT_AC_INTERIOR_CERTIFIED
PER_TIMESTAMP_UNION,2011-05-16 07:30:00,ALL_CONVEX_VMAX_COMPONENTS,20110516T073000_ALL_VMAX_K5,ALL_CONVEX_VMAX_COMPONENTS,5,13,5,UNION_OF_PER_COMPONENT_APPROXIMATIONS,SEE_PER_COMPONENT_ROWS,SEE_PER_COMPONENT_ROWS,SEE_PER_COMPONENT_ROWS,UNION_OF_CONTAINING_PER_COMPONENT_OUTER_APPROXIMATIONS,90615.3265956118,95272.5835913307,4657.25699571928,0.000287017443347462,0.05139590807307,-3.8198777474463e-10,PARTIAL_ONLY_CONVEX_VMAX_COMPONENTS;REPRESENTATION_UNAVAILABLE,GEOMETRIC_ONLY;NOT_AC_INTERIOR_CERTIFIED
PER_TIMESTAMP_UNION,2011-05-16 07:30:00,ALL_CONVEX_VMAX_COMPONENTS,20110516T073000_ALL_VMAX_K8,ALL_CONVEX_VMAX_COMPONENTS,8,13,8,UNION_OF_PER_COMPONENT_APPROXIMATIONS,SEE_PER_COMPONENT_ROWS,SEE_PER_COMPONENT_ROWS,SEE_PER_COMPONENT_ROWS,UNION_OF_CONTAINING_PER_COMPONENT_OUTER_APPROXIMATIONS,90615.3265956118,91644.6286357327,1029.30204011258,6.34338281647294e-05,0.011359028089211,8.32369551062584e-09,PARTIAL_ONLY_CONVEX_VMAX_COMPONENTS;REPRESENTATION_UNAVAILABLE,GEOMETRIC_ONLY;NOT_AC_INTERIOR_CERTIFIED
PER_COMPONENT,2011-09-11 00:00:00,20110911T000000_C01,20110911T000000_C01_K3,VMAX / bus 30,3,13,3,EXACT_HULL_CHORD_PLUS_EVENLY_INDEXED_EXACT_BOUNDARY_SUPPORT_FACETS,12;0;11,-1947.43518202|3246.77054468;-584.716273455918|2458.7028036466;896.750159255998|1835.1812637,-0.500620008711811|-0.865667145545784|-1835.69757186673;-0.387922872701614|-0.921691838325005|-2039.34149047348;0.444565291812976|0.895746449233958|2042.52109689294,C_TRUE_SUBSET_OF_C_APPROX_BECAUSE_EVERY_APPROXIMATION_HALFSPACE_IS_A_SUPPORT_HALFSPACE_OF_C_TRUE,118211.712358882,158905.656330935,40693.9439720514,0.00251129435708215,0.344246294719998,8.00355337560177e-10,PER_COMPONENT_ONLY,GEOMETRIC_ONLY;NOT_AC_INTERIOR_CERTIFIED
PER_COMPONENT,2011-09-11 00:00:00,20110911T000000_C01,20110911T000000_C01_K4,VMAX / bus 30,4,13,4,EXACT_HULL_CHORD_PLUS_EVENLY_INDEXED_EXACT_BOUNDARY_SUPPORT_FACETS,12;0;6;11,-1947.43518202|3246.77054468;-998.693828118845|2698.10827038773;314.278307507951|2080.33278246419;896.750159255998|1835.1812637,-0.500620008711812|-0.865667145545784|-1835.69757186673;-0.42574413953243|-0.904843592922993|-2016.17793696407;-0.387922872701617|-0.921691838325004|-2039.34149047348;0.444565291812976|0.895746449233958|2042.52109689294,C_TRUE_SUBSET_OF_C_APPROX_BECAUSE_EVERY_APPROXIMATION_HALFSPACE_IS_A_SUPPORT_HALFSPACE_OF_C_TRUE,118211.712358882,129611.895767661,11400.1834087784,0.00070352522930265,0.0964386961434771,-2.83762346953154e-10,PER_COMPONENT_ONLY,GEOMETRIC_ONLY;NOT_AC_INTERIOR_CERTIFIED
PER_COMPONENT,2011-09-11 00:00:00,20110911T000000_C01,20110911T000000_C01_K5,VMAX / bus 30,5,13,5,EXACT_HULL_CHORD_PLUS_EVENLY_INDEXED_EXACT_BOUNDARY_SUPPORT_FACETS,12;0;4;7;11,-1947.43518202|3246.77054468;-1161.98947146211|2792.5430272267;-276.803948284808|2355.6630853912;408.621016994738|2040.62569885902;896.750159255998|1835.1812637,-0.500620008711811|-0.865667145545784|-1835.69757186673;-0.442577742811002|-0.896730138652827|-1989.88681854914;-0.417623199517141|-0.908620307513026|-2024.80356652356;-0.387922872701613|-0.921691838325005|-2039.34149047348;0.444565291812976|0.895746449233958|2042.52109689294,C_TRUE_SUBSET_OF_C_APPROX_BECAUSE_EVERY_APPROXIMATION_HALFSPACE_IS_A_SUPPORT_HALFSPACE_OF_C_TRUE,118211.712358882,124060.980983646,5849.26862476347,0.000360968582954621,0.0494812951106359,5.82076609134674e-11,PER_COMPONENT_ONLY,GEOMETRIC_ONLY;NOT_AC_INTERIOR_CERTIFIED
PER_COMPONENT,2011-09-11 00:00:00,20110911T000000_C01,20110911T000000_C01_K8,VMAX / bus 30,8,13,8,EXACT_HULL_CHORD_PLUS_EVENLY_INDEXED_EXACT_BOUNDARY_SUPPORT_FACETS,12;0;2;4;6;7;9;11,-1947.43518202|3246.77054468;-1360.05693838963|2907.0865183699;-798.400069728695|2613.09486351167;-397.686458452775|2415.32418764415;-21.2499999999869|2238.20449829;166.606477382688|2151.86125624942;615.235265952241|1953.66562211327;896.750159255998|1835.1812637,-0.500620008711811|-0.865667145545784|-1835.69757186673;-0.463747579786234|-0.885967370867805|-1944.86068601575;-0.442577742811008|-0.896730138652824|-1989.88681854912;-0.425744139532407|-0.904843592923004|-2016.1779369641;-0.417623199517199|-0.908620307512999|-2024.80356652351;-0.404102963609962|-0.91471350421957|-2035.6627215652;-0.387922872701616|-0.921691838325004|-2039.34149047348;0.444565291812976|0.895746449233958|2042.52109689294,C_TRUE_SUBSET_OF_C_APPROX_BECAUSE_EVERY_APPROXIMATION_HALFSPACE_IS_A_SUPPORT_HALFSPACE_OF_C_TRUE,118211.712358882,119516.408091195,1304.69573231338,8.05150523753126e-05,0.0110369413172226,-1.28056854009628e-09,PER_COMPONENT_ONLY,GEOMETRIC_ONLY;NOT_AC_INTERIOR_CERTIFIED
PER_COMPONENT,2011-09-11 00:00:00,20110911T000000_C02,20110911T000000_C02_K3,VMAX / bus 13,3,13,3,EXACT_HULL_CHORD_PLUS_EVENLY_INDEXED_EXACT_BOUNDARY_SUPPORT_FACETS,12;0;11,1031.20580105|1753.78047984999;1702.56496571104|-571.065708213996;2511.55062197|-2587.46260477,-0.960743164345014|-0.277439312579039|-1477.29157513583;-0.92809100773079|-0.372353436091633|-1367.49695606631;0.946485176121668|0.322747287179822|1542.04889640501,C_TRUE_SUBSET_OF_C_APPROX_BECAUSE_EVERY_APPROXIMATION_HALFSPACE_IS_A_SUPPORT_HALFSPACE_OF_C_TRUE,199887.590149114,263520.34152757,63632.7513784555,0.00392688822622052,0.318342681158876,4.72937244921923e-10,PER_COMPONENT_ONLY,GEOMETRIC_ONLY;NOT_AC_INTERIOR_CERTIFIED
PER_COMPONENT,2011-09-11 00:00:00,20110911T000000_C02,20110911T000000_C02_K4,VMAX / bus 13,4,13,4,EXACT_HULL_CHORD_PLUS_EVENLY_INDEXED_EXACT_BOUNDARY_SUPPORT_FACETS,12;0;6;11,1031.20580105|1753.78047984999;1363.08610433612|604.513889622073;1997.49731215162|-1306.18463579409;2511.55062197|-2587.46260477,-0.960743164345013|-0.27743931257904|-1477.29157513583;-0.949053431298974|-0.315115192492591|-1484.13305516885;-0.92809100773079|-0.372353436091633|-1367.49695606631;0.946485176121668|0.322747287179822|1542.04889640501,C_TRUE_SUBSET_OF_C_APPROX_BECAUSE_EVERY_APPROXIMATION_HALFSPACE_IS_A_SUPPORT_HALFSPACE_OF_C_TRUE,199887.590149114,214940.785173857,15053.1950247423,0.000928958956341402,0.0753083020987584,1.30967237055302e-10,PER_COMPONENT_ONLY,GEOMETRIC_ONLY;NOT_AC_INTERIOR_CERTIFIED
PER_COMPONENT,2011-09-11 00:00:00,20110911T000000_C02,20110911T000000_C02_K5,VMAX / bus 13,5,13,5,EXACT_HULL_CHORD_PLUS_EVENLY_INDEXED_EXACT_BOUNDARY_SUPPORT_FACETS,12;0;4;7;11,1031.20580105|1753.78047984999;1302.21733832337|815.29602545299;1644.53262460241|-250.556368259614;2056.08257312471|-1452.20840951135;2511.55062197|-2587.46260477,-0.960743164345013|-0.277439312579041|-1477.29157513584;-0.952101433675913|-0.305782373580084|-1489.14614860873;-0.946053386678807|-0.324010786168548|-1474.63269314956;-0.92809100773079|-0.372353436091634|-1367.49695606631;0.946485176121668|0.322747287179822|1542.04889640501,C_TRUE_SUBSET_OF_C_APPROX_BECAUSE_EVERY_APPROXIMATION_HALFSPACE_IS_A_SUPPORT_HALFSPACE_OF_C_TRUE,199887.590149114,208504.212534795,8616.6223856819,0.000531746816900624,0.0431073403769288,-9.60426405072212e-10,PER_COMPONENT_ONLY,GEOMETRIC_ONLY;NOT_AC_INTERIOR_CERTIFIED
PER_COMPONENT,2011-09-11 00:00:00,20110911T000000_C02,20110911T000000_C02_K8,VMAX / bus 13,8,13,8,EXACT_HULL_CHORD_PLUS_EVENLY_INDEXED_EXACT_BOUNDARY_SUPPORT_FACETS,12;0;2;4;6;7;9;11,1031.20580105|1753.78047984999;1194.39089498347|1188.68765986644;1407.55555171148|487.308958005432;1571.71895170311|-23.8395645833221;1725.22140713|-486.153142305015;1877.68305979237|-931.313825211554;2168.42003441102|-1732.20955236496;2511.55062197|-2587.46260477,-0.960743164345017|-0.277439312579029|-1477.29157513582;-0.956787203977984|-0.290789006504703|-1488.43522852496;-0.952101433675913|-0.305782373580086|-1489.14614860873;-0.949053431298976|-0.315115192492587|-1484.13305516886;-0.946053386678805|-0.324010786168553|-1474.63269314955;-0.939980937100103|-0.341226959498238|-1447.19689720501;-0.92809100773079|-0.372353436091634|-1367.49695606631;0.946485176121668|0.322747287179822|1542.04889640501,C_TRUE_SUBSET_OF_C_APPROX_BECAUSE_EVERY_APPROXIMATION_HALFSPACE_IS_A_SUPPORT_HALFSPACE_OF_C_TRUE,199887.590149114,201669.47617231,1781.88602318891,0.000109963298668499,0.0089144404705647,6.81029632687569e-09,PER_COMPONENT_ONLY,GEOMETRIC_ONLY;NOT_AC_INTERIOR_CERTIFIED
PER_TIMESTAMP_UNION,2011-09-11 00:00:00,ALL_CONVEX_VMAX_COMPONENTS,20110911T000000_ALL_VMAX_K3,ALL_CONVEX_VMAX_COMPONENTS,3,26,6,UNION_OF_PER_COMPONENT_APPROXIMATIONS,SEE_PER_COMPONENT_ROWS,SEE_PER_COMPONENT_ROWS,SEE_PER_COMPONENT_ROWS,UNION_OF_CONTAINING_PER_COMPONENT_OUTER_APPROXIMATIONS,318099.302507997,422425.997858505,104326.695350507,0.00643818258330267,0.327968953493333,1.30967237055302e-09,FULL_VMAX_COVERAGE,GEOMETRIC_ONLY;NOT_AC_INTERIOR_CERTIFIED
PER_TIMESTAMP_UNION,2011-09-11 00:00:00,ALL_CONVEX_VMAX_COMPONENTS,20110911T000000_ALL_VMAX_K4,ALL_CONVEX_VMAX_COMPONENTS,4,26,8,UNION_OF_PER_COMPONENT_APPROXIMATIONS,SEE_PER_COMPONENT_ROWS,SEE_PER_COMPONENT_ROWS,SEE_PER_COMPONENT_ROWS,UNION_OF_CONTAINING_PER_COMPONENT_OUTER_APPROXIMATIONS,318099.302507997,344552.680941517,26453.3784335207,0.00163248418564405,0.0831607558550232,-1.23691279441118e-10,FULL_VMAX_COVERAGE,GEOMETRIC_ONLY;NOT_AC_INTERIOR_CERTIFIED
PER_TIMESTAMP_UNION,2011-09-11 00:00:00,ALL_CONVEX_VMAX_COMPONENTS,20110911T000000_ALL_VMAX_K5,ALL_CONVEX_VMAX_COMPONENTS,5,26,10,UNION_OF_PER_COMPONENT_APPROXIMATIONS,SEE_PER_COMPONENT_ROWS,SEE_PER_COMPONENT_ROWS,SEE_PER_COMPONENT_ROWS,UNION_OF_CONTAINING_PER_COMPONENT_OUTER_APPROXIMATIONS,318099.302507997,332565.193518441,14465.8910104454,0.000892715399855245,0.0454760224131008,-8.73114913702011e-10,FULL_VMAX_COVERAGE,GEOMETRIC_ONLY;NOT_AC_INTERIOR_CERTIFIED
PER_TIMESTAMP_UNION,2011-09-11 00:00:00,ALL_CONVEX_VMAX_COMPONENTS,20110911T000000_ALL_VMAX_K8,ALL_CONVEX_VMAX_COMPONENTS,8,26,16,UNION_OF_PER_COMPONENT_APPROXIMATIONS,SEE_PER_COMPONENT_ROWS,SEE_PER_COMPONENT_ROWS,SEE_PER_COMPONENT_ROWS,UNION_OF_CONTAINING_PER_COMPONENT_OUTER_APPROXIMATIONS,318099.302507997,321185.884263504,3086.58175550229,0.000190478351043812,0.009703201896913,5.55883161723614e-09,FULL_VMAX_COVERAGE,GEOMETRIC_ONLY;NOT_AC_INTERIOR_CERTIFIED
PER_COMPONENT,2011-09-30 05:30:00,20110930T053000_C02,20110930T053000_C02_K3,VMAX / bus 13,3,12,3,EXACT_HULL_CHORD_PLUS_EVENLY_INDEXED_EXACT_BOUNDARY_SUPPORT_FACETS,11;0;10,971.990284306001|1677.64924642;1555.75357086333|-343.16663057965;2217.43954276|-2078.85400391,-0.960717727883661|-0.277527381225811|-1399.40189943785;-0.934403223866172|-0.356217090028686|-1331.45933361597;0.949191355261357|0.314699493321975|1450.56014308165,C_TRUE_SUBSET_OF_C_APPROX_BECAUSE_EVERY_APPROXIMATION_HALFSPACE_IS_A_SUPPORT_HALFSPACE_OF_C_TRUE,121858.313955326,161957.476052677,40099.1620973506,0.00250770918048193,0.329063818428106,6.25732354819775e-10,PER_COMPONENT_ONLY,GEOMETRIC_ONLY;NOT_AC_INTERIOR_CERTIFIED
PER_COMPONENT,2011-09-30 05:30:00,20110930T053000_C02,20110930T053000_C02_K4,VMAX / bus 13,4,12,4,EXACT_HULL_CHORD_PLUS_EVENLY_INDEXED_EXACT_BOUNDARY_SUPPORT_FACETS,11;0;5;10,971.990284306001|1677.64924642;1269.09035744595|649.176646850313;1802.92913046059|-991.539901300616;2217.43954276|-2078.85400391,-0.96071772788366|-0.277527381225812|-1399.40189943785;-0.95093078992268|-0.309403672856397|-1407.67473495742;-0.934403223866172|-0.356217090028685|-1331.45933361597;0.949191355261357|0.314699493321975|1450.56014308165,C_TRUE_SUBSET_OF_C_APPROX_BECAUSE_EVERY_APPROXIMATION_HALFSPACE_IS_A_SUPPORT_HALFSPACE_OF_C_TRUE,121858.313955326,132248.356236416,10390.0422810897,0.000649769298187045,0.0852633024686256,1.74622982740402e-10,PER_COMPONENT_ONLY,GEOMETRIC_ONLY;NOT_AC_INTERIOR_CERTIFIED
PER_COMPONENT,2011-09-30 05:30:00,20110930T053000_C02,20110930T053000_C02_K5,VMAX / bus 13,5,12,5,EXACT_HULL_CHORD_PLUS_EVENLY_INDEXED_EXACT_BOUNDARY_SUPPORT_FACETS,11;0;3;7;10,971.990284306001|1677.64924642;1192.3385005571|914.868879578535;1539.15157927199|-193.454628725784;1916.48024268029|-1289.39906724668;2217.43954276|-2078.85400391,-0.960717727883662|-0.277527381225807|-1399.40189943785;-0.954366654126837|-0.298637387965315|-1411.14215789138;-0.945527942109518|-0.325540950865081|-1392.33342155901;-0.934403223866173|-0.356217090028682|-1331.45933361598;0.949191355261357|0.314699493321975|1450.56014308165,C_TRUE_SUBSET_OF_C_APPROX_BECAUSE_EVERY_APPROXIMATION_HALFSPACE_IS_A_SUPPORT_HALFSPACE_OF_C_TRUE,121858.313955326,126048.7400922,4190.42613687411,0.000262059592867776,0.0343876917451061,1.89174897968769e-10,PER_COMPONENT_ONLY,GEOMETRIC_ONLY;NOT_AC_INTERIOR_CERTIFIED
PER_COMPONENT,2011-09-30 05:30:00,20110930T053000_C02,20110930T053000_C02_K8,VMAX / bus 13,8,12,8,EXACT_HULL_CHORD_PLUS_EVENLY_INDEXED_EXACT_BOUNDARY_SUPPORT_FACETS,11;0;2;3;5;7;8;10,971.990284306001|1677.64924642;1139.64522696232|1097.27741115884;1299.36111506999|572.852713336023;1435.99445295794|136.20845251275;1613.82988571301|-410.356450821478;1775.59938753|-880.213111689021;1967.65544424874|-1423.6382002532;2217.43954276|-2078.85400391,-0.960717727883661|-0.277527381225811|-1399.40189943785;-0.956618799237639|-0.291342535420316|-1409.88963160006;-0.954366654126841|-0.298637387965302|-1411.14215789138;-0.950930789922677|-0.309403672856406|-1407.67473495741;-0.945527942109522|-0.325540950865069|-1392.33342155903;-0.942849234628064|-0.333219628415364|-1380.81823753538;-0.934403223866173|-0.356217090028682|-1331.45933361598;0.949191355261357|0.314699493321975|1450.56014308165,C_TRUE_SUBSET_OF_C_APPROX_BECAUSE_EVERY_APPROXIMATION_HALFSPACE_IS_A_SUPPORT_HALFSPACE_OF_C_TRUE,121858.313955326,123162.715900735,1304.40194540868,8.15742913928858e-05,0.0107042507242213,2.7648638933897e-10,PER_COMPONENT_ONLY,GEOMETRIC_ONLY;NOT_AC_INTERIOR_CERTIFIED
PER_TIMESTAMP_UNION,2011-09-30 05:30:00,ALL_CONVEX_VMAX_COMPONENTS,20110930T053000_ALL_VMAX_K3,ALL_CONVEX_VMAX_COMPONENTS,3,12,3,UNION_OF_PER_COMPONENT_APPROXIMATIONS,SEE_PER_COMPONENT_ROWS,SEE_PER_COMPONENT_ROWS,SEE_PER_COMPONENT_ROWS,UNION_OF_CONTAINING_PER_COMPONENT_OUTER_APPROXIMATIONS,121858.313955326,161957.476052677,40099.1620973506,0.00250770918048193,0.329063818428106,6.25732354819775e-10,PARTIAL_ONLY_CONVEX_VMAX_COMPONENTS;REPRESENTATION_UNAVAILABLE,GEOMETRIC_ONLY;NOT_AC_INTERIOR_CERTIFIED
PER_TIMESTAMP_UNION,2011-09-30 05:30:00,ALL_CONVEX_VMAX_COMPONENTS,20110930T053000_ALL_VMAX_K4,ALL_CONVEX_VMAX_COMPONENTS,4,12,4,UNION_OF_PER_COMPONENT_APPROXIMATIONS,SEE_PER_COMPONENT_ROWS,SEE_PER_COMPONENT_ROWS,SEE_PER_COMPONENT_ROWS,UNION_OF_CONTAINING_PER_COMPONENT_OUTER_APPROXIMATIONS,121858.313955326,132248.356236416,10390.0422810897,0.000649769298187045,0.0852633024686256,1.74622982740402e-10,PARTIAL_ONLY_CONVEX_VMAX_COMPONENTS;REPRESENTATION_UNAVAILABLE,GEOMETRIC_ONLY;NOT_AC_INTERIOR_CERTIFIED
PER_TIMESTAMP_UNION,2011-09-30 05:30:00,ALL_CONVEX_VMAX_COMPONENTS,20110930T053000_ALL_VMAX_K5,ALL_CONVEX_VMAX_COMPONENTS,5,12,5,UNION_OF_PER_COMPONENT_APPROXIMATIONS,SEE_PER_COMPONENT_ROWS,SEE_PER_COMPONENT_ROWS,SEE_PER_COMPONENT_ROWS,UNION_OF_CONTAINING_PER_COMPONENT_OUTER_APPROXIMATIONS,121858.313955326,126048.7400922,4190.42613687411,0.000262059592867776,0.0343876917451061,1.89174897968769e-10,PARTIAL_ONLY_CONVEX_VMAX_COMPONENTS;REPRESENTATION_UNAVAILABLE,GEOMETRIC_ONLY;NOT_AC_INTERIOR_CERTIFIED
PER_TIMESTAMP_UNION,2011-09-30 05:30:00,ALL_CONVEX_VMAX_COMPONENTS,20110930T053000_ALL_VMAX_K8,ALL_CONVEX_VMAX_COMPONENTS,8,12,8,UNION_OF_PER_COMPONENT_APPROXIMATIONS,SEE_PER_COMPONENT_ROWS,SEE_PER_COMPONENT_ROWS,SEE_PER_COMPONENT_ROWS,UNION_OF_CONTAINING_PER_COMPONENT_OUTER_APPROXIMATIONS,121858.313955326,123162.715900735,1304.40194540868,8.15742913928858e-05,0.0107042507242213,2.7648638933897e-10,PARTIAL_ONLY_CONVEX_VMAX_COMPONENTS;REPRESENTATION_UNAVAILABLE,GEOMETRIC_ONLY;NOT_AC_INTERIOR_CERTIFIED
PER_COMPONENT,2011-09-30 11:30:00,20110930T113000_C02,20110930T113000_C02_K3,VMAX / bus 13,3,13,3,EXACT_HULL_CHORD_PLUS_EVENLY_INDEXED_EXACT_BOUNDARY_SUPPORT_FACETS,12;0;11,1021.11458602|1741.03482578;1693.20188175413|-589.68228458985;2509.1609386|-2618.52380848,-0.960849380626693|-0.27707123226582|-1463.52798212277;-0.927777688553635|-0.373133435411615|-1350.88475145813;0.94638858035003|0.323030424237492|1528.77840182214,C_TRUE_SUBSET_OF_C_APPROX_BECAUSE_EVERY_APPROXIMATION_HALFSPACE_IS_A_SUPPORT_HALFSPACE_OF_C_TRUE,203476.863314601,269105.560943743,65628.6976291419,0.00404949049321074,0.322536413035184,1.45519152283669e-11,PER_COMPONENT_ONLY,GEOMETRIC_ONLY;NOT_AC_INTERIOR_CERTIFIED
PER_COMPONENT,2011-09-30 11:30:00,20110930T113000_C02,20110930T113000_C02_K4,VMAX / bus 13,4,13,4,EXACT_HULL_CHORD_PLUS_EVENLY_INDEXED_EXACT_BOUNDARY_SUPPORT_FACETS,12;0;6;11,1021.11458602|1741.03482578;1355.13856914588|582.68022261049;1996.14305652037|-1342.93041573709;2509.1609386|-2618.52380848,-0.960849380626693|-0.277071232265821|-1463.52798212277;-0.948811191715979|-0.315843826082612|-1469.80659162355;-0.927777688553634|-0.373133435411617|-1350.88475145812;0.94638858035003|0.323030424237492|1528.77840182214,C_TRUE_SUBSET_OF_C_APPROX_BECAUSE_EVERY_APPROXIMATION_HALFSPACE_IS_A_SUPPORT_HALFSPACE_OF_C_TRUE,203476.863314601,218849.902567965,15373.0392533625,0.000948563335204814,0.0755517802021246,6.62112142890692e-10,PER_COMPONENT_ONLY,GEOMETRIC_ONLY;NOT_AC_INTERIOR_CERTIFIED
PER_COMPONENT,2011-09-30 11:30:00,20110930T113000_C02,20110930T113000_C02_K5,VMAX / bus 13,5,13,5,EXACT_HULL_CHORD_PLUS_EVENLY_INDEXED_EXACT_BOUNDARY_SUPPORT_FACETS,12;0;4;7;11,1021.11458602|1741.03482578;1285.99572273062|822.459215938554;1628.9674418922|-247.275510535534;2049.02428708242|-1474.41695969852;2509.1609386|-2618.52380848,-0.960849380626693|-0.277071232265819|-1463.52798212277;-0.952254334354618|-0.305305883832664|-1475.69663877017;-0.946106049660207|-0.323856978921804|-1461.09405167033;-0.927777688553635|-0.373133435411616|-1350.88475145813;0.94638858035003|0.323030424237492|1528.77840182214,C_TRUE_SUBSET_OF_C_APPROX_BECAUSE_EVERY_APPROXIMATION_HALFSPACE_IS_A_SUPPORT_HALFSPACE_OF_C_TRUE,203476.863314601,212241.763615378,8764.90030077822,0.000540821039029439,0.0430756605837124,-1.83354131877422e-09,PER_COMPONENT_ONLY,GEOMETRIC_ONLY;NOT_AC_INTERIOR_CERTIFIED
PER_COMPONENT,2011-09-30 11:30:00,20110930T113000_C02,20110930T113000_C02_K8,VMAX / bus 13,8,13,8,EXACT_HULL_CHORD_PLUS_EVENLY_INDEXED_EXACT_BOUNDARY_SUPPORT_FACETS,12;0;2;4;6;7;9;11,1021.11458602|1741.03482578;1187.1417933374|1165.2726363476;1396.2982158661|478.423831294769;1564.95145560469|-47.6085416419014;1717.9790194|-507.311259186991;1867.20914404045|-943.267662485546;2161.76859135351|-1754.75005260089;2509.1609386|-2618.52380848,-0.960849380626692|-0.277071232265823|-1463.52798212278;-0.956629067430082|-0.291308817834015|-1475.10854081638;-0.952254334354622|-0.305305883832651|-1475.69663877018;-0.948811191715977|-0.315843826082618|-1469.80659162355;-0.946106049660208|-0.323856978921801|-1461.09405167034;-0.939988606300096|-0.341205832344648|-1433.30689307521;-0.927777688553635|-0.373133435411615|-1350.88475145813;0.94638858035003|0.323030424237492|1528.77840182214,C_TRUE_SUBSET_OF_C_APPROX_BECAUSE_EVERY_APPROXIMATION_HALFSPACE_IS_A_SUPPORT_HALFSPACE_OF_C_TRUE,203476.863314601,205319.059175641,1842.19586103757,0.000113669094396158,0.00905358885048912,1.84809323400259e-09,PER_COMPONENT_ONLY,GEOMETRIC_ONLY;NOT_AC_INTERIOR_CERTIFIED
PER_TIMESTAMP_UNION,2011-09-30 11:30:00,ALL_CONVEX_VMAX_COMPONENTS,20110930T113000_ALL_VMAX_K3,ALL_CONVEX_VMAX_COMPONENTS,3,13,3,UNION_OF_PER_COMPONENT_APPROXIMATIONS,SEE_PER_COMPONENT_ROWS,SEE_PER_COMPONENT_ROWS,SEE_PER_COMPONENT_ROWS,UNION_OF_CONTAINING_PER_COMPONENT_OUTER_APPROXIMATIONS,203476.863314601,269105.560943743,65628.6976291419,0.00404949049321074,0.322536413035184,1.45519152283669e-11,PARTIAL_ONLY_CONVEX_VMAX_COMPONENTS;REPRESENTATION_UNAVAILABLE,GEOMETRIC_ONLY;NOT_AC_INTERIOR_CERTIFIED
PER_TIMESTAMP_UNION,2011-09-30 11:30:00,ALL_CONVEX_VMAX_COMPONENTS,20110930T113000_ALL_VMAX_K4,ALL_CONVEX_VMAX_COMPONENTS,4,13,4,UNION_OF_PER_COMPONENT_APPROXIMATIONS,SEE_PER_COMPONENT_ROWS,SEE_PER_COMPONENT_ROWS,SEE_PER_COMPONENT_ROWS,UNION_OF_CONTAINING_PER_COMPONENT_OUTER_APPROXIMATIONS,203476.863314601,218849.902567965,15373.0392533625,0.000948563335204814,0.0755517802021246,6.62112142890692e-10,PARTIAL_ONLY_CONVEX_VMAX_COMPONENTS;REPRESENTATION_UNAVAILABLE,GEOMETRIC_ONLY;NOT_AC_INTERIOR_CERTIFIED
PER_TIMESTAMP_UNION,2011-09-30 11:30:00,ALL_CONVEX_VMAX_COMPONENTS,20110930T113000_ALL_VMAX_K5,ALL_CONVEX_VMAX_COMPONENTS,5,13,5,UNION_OF_PER_COMPONENT_APPROXIMATIONS,SEE_PER_COMPONENT_ROWS,SEE_PER_COMPONENT_ROWS,SEE_PER_COMPONENT_ROWS,UNION_OF_CONTAINING_PER_COMPONENT_OUTER_APPROXIMATIONS,203476.863314601,212241.763615378,8764.90030077822,0.000540821039029439,0.0430756605837124,-1.83354131877422e-09,PARTIAL_ONLY_CONVEX_VMAX_COMPONENTS;REPRESENTATION_UNAVAILABLE,GEOMETRIC_ONLY;NOT_AC_INTERIOR_CERTIFIED
PER_TIMESTAMP_UNION,2011-09-30 11:30:00,ALL_CONVEX_VMAX_COMPONENTS,20110930T113000_ALL_VMAX_K8,ALL_CONVEX_VMAX_COMPONENTS,8,13,8,UNION_OF_PER_COMPONENT_APPROXIMATIONS,SEE_PER_COMPONENT_ROWS,SEE_PER_COMPONENT_ROWS,SEE_PER_COMPONENT_ROWS,UNION_OF_CONTAINING_PER_COMPONENT_OUTER_APPROXIMATIONS,203476.863314601,205319.059175641,1842.19586103757,0.000113669094396158,0.00905358885048912,1.84809323400259e-09,PARTIAL_ONLY_CONVEX_VMAX_COMPONENTS;REPRESENTATION_UNAVAILABLE,GEOMETRIC_ONLY;NOT_AC_INTERIOR_CERTIFIED
PER_COMPONENT,2011-11-14 17:30:00,20111114T173000_C01,20111114T173000_C01_K3,VMAX / bus 30,3,14,3,EXACT_HULL_CHORD_PLUS_EVENLY_INDEXED_EXACT_BOUNDARY_SUPPORT_FACETS,13;0;12,-1525.27716243|3998.20535318;-97.1573699107219|3179.00306761628;1446.86047309|2535.92166998,-0.497573169710324|-0.867422008473627|-2709.19432534834;-0.384483248837167|-0.923131968552502|-2897.28397861131;0.441459832990429|0.897281012758023|2914.16514712543,C_TRUE_SUBSET_OF_C_APPROX_BECAUSE_EVERY_APPROXIMATION_HALFSPACE_IS_A_SUPPORT_HALFSPACE_OF_C_TRUE,131912.563243244,173232.836886012,41320.2736427733,0.0025403021744239,0.313239866066278,-4.99130692332983e-09,PER_COMPONENT_ONLY,GEOMETRIC_ONLY;NOT_AC_INTERIOR_CERTIFIED
PER_COMPONENT,2011-11-14 17:30:00,20111114T173000_C01,20111114T173000_C01_K4,VMAX / bus 30,4,14,4,EXACT_HULL_CHORD_PLUS_EVENLY_INDEXED_EXACT_BOUNDARY_SUPPORT_FACETS,13;0;6;12,-1525.27716243|3998.20535318;-573.603761411085|3452.30365129992;726.781275028558|2835.83370739416;1446.86047309|2535.92166998,-0.497573169710325|-0.867422008473627|-2709.19432534833;-0.428369003174037|-0.903603893926804|-2873.80095083979;-0.384483248837169|-0.923131968552501|-2897.28397861131;0.441459832990429|0.897281012758023|2914.16514712543,C_TRUE_SUBSET_OF_C_APPROX_BECAUSE_EVERY_APPROXIMATION_HALFSPACE_IS_A_SUPPORT_HALFSPACE_OF_C_TRUE,131912.563243244,142392.282270962,10479.7190277236,0.00064427581636149,0.0794444347836623,-5.68797986488789e-09,PER_COMPONENT_ONLY,GEOMETRIC_ONLY;NOT_AC_INTERIOR_CERTIFIED
PER_COMPONENT,2011-11-14 17:30:00,20111114T173000_C01,20111114T173000_C01_K5,VMAX / bus 30,5,14,5,EXACT_HULL_CHORD_PLUS_EVENLY_INDEXED_EXACT_BOUNDARY_SUPPORT_FACETS,13;0;4;8;12,-1525.27716243|3998.20535318;-671.271638110199|3508.32818666256;208.762116277378|3079.120636726;911.798728593503|2758.7741817125;1446.86047309|2535.92166998,-0.49757316971032|-0.867422008473629|-2709.19432534835;-0.438359933311443|-0.898799515391051|-2859.02508348922;-0.414644168057587|-0.909983633861528|-2888.51138013172;-0.384483248837167|-0.923131968552502|-2897.28397861131;0.441459832990429|0.897281012758023|2914.16514712543,C_TRUE_SUBSET_OF_C_APPROX_BECAUSE_EVERY_APPROXIMATION_HALFSPACE_IS_A_SUPPORT_HALFSPACE_OF_C_TRUE,131912.563243244,137641.707102095,5729.1438588576,0.000352218301554948,0.0434313739192011,-7.01402314007282e-09,PER_COMPONENT_ONLY,GEOMETRIC_ONLY;NOT_AC_INTERIOR_CERTIFIED
PER_COMPONENT,2011-11-14 17:30:00,20111114T173000_C01,20111114T173000_C01_K8,VMAX / bus 30,8,14,8,EXACT_HULL_CHORD_PLUS_EVENLY_INDEXED_EXACT_BOUNDARY_SUPPORT_FACETS,13;0;2;4;6;8;10;12,-1525.27716243|3998.20535318;-859.511680358021|3616.30699463916;-274.940823931176|3315.03085361137;41.0698934479079|3160.90700883412;333.122057483316|3022.45464577602;750.887840705225|2832.09501821669;1164.98882732469|2653.32083912465;1446.86047309|2535.92166998,-0.497573169710325|-0.867422008473627|-2709.19432534833;-0.458117101560958|-0.888891850146792|-2820.74881540018;-0.438359933311453|-0.898799515391046|-2859.0250834892;-0.428369003174027|-0.903603893926808|-2873.8009508398;-0.414644168057571|-0.909983633861535|-2888.51138013174;-0.396357240248848|-0.91809636645742|-2897.75597796524;-0.384483248837166|-0.923131968552502|-2897.28397861131;0.441459832990429|0.897281012758023|2914.16514712543,C_TRUE_SUBSET_OF_C_APPROX_BECAUSE_EVERY_APPROXIMATION_HALFSPACE_IS_A_SUPPORT_HALFSPACE_OF_C_TRUE,131912.563243244,133305.181086085,1392.61784284592,8.561584477652e-05,0.0105571282113437,-5.01313479617238e-09,PER_COMPONENT_ONLY,GEOMETRIC_ONLY;NOT_AC_INTERIOR_CERTIFIED
PER_COMPONENT,2011-11-14 17:30:00,20111114T173000_C02,20111114T173000_C02_K3,VMAX / bus 13,3,14,3,EXACT_HULL_CHORD_PLUS_EVENLY_INDEXED_EXACT_BOUNDARY_SUPPORT_FACETS,13;0;12,1506.58201123|2363.96979612999;2143.56788246552|138.386969852405;2958.83872117|-1924.34474414,-0.961397751076125|-0.275162432439041|-2098.90023672382;-0.929995823319848|-0.367570086660542|-2044.37608819684;0.947160474839636|0.32076008932153|2185.24209610152,C_TRUE_SUBSET_OF_C_APPROX_BECAUSE_EVERY_APPROXIMATION_HALFSPACE_IS_A_SUPPORT_HALFSPACE_OF_C_TRUE,190584.005338471,250260.909711513,59676.9043730401,0.00366883751187923,0.313126509578052,1.64436642080545e-09,PER_COMPONENT_ONLY,GEOMETRIC_ONLY;NOT_AC_INTERIOR_CERTIFIED
PER_COMPONENT,2011-11-14 17:30:00,20111114T173000_C02,20111114T173000_C02_K4,VMAX / bus 13,4,14,4,EXACT_HULL_CHORD_PLUS_EVENLY_INDEXED_EXACT_BOUNDARY_SUPPORT_FACETS,13;0;6;12,1506.58201123|2363.96979612999;1823.0227264319|1258.34869354206;2435.54973670469|-600.361679132167;2958.83872117|-1924.34474414,-0.961397751076125|-0.275162432439041|-2098.90023672382;-0.949757428635618|-0.312986943420104|-2125.27608834867;-0.929995823319847|-0.367570086660544|-2044.37608819684;0.947160474839636|0.32076008932153|2185.24209610152,C_TRUE_SUBSET_OF_C_APPROX_BECAUSE_EVERY_APPROXIMATION_HALFSPACE_IS_A_SUPPORT_HALFSPACE_OF_C_TRUE,190584.005338471,205157.809810808,14573.8044723315,0.000895973427251675,0.076469189775128,5.67342794965953e-09,PER_COMPONENT_ONLY,GEOMETRIC_ONLY;NOT_AC_INTERIOR_CERTIFIED
PER_COMPONENT,2011-11-14 17:30:00,20111114T173000_C02,20111114T173000_C02_K5,VMAX / bus 13,5,14,5,EXACT_HULL_CHORD_PLUS_EVENLY_INDEXED_EXACT_BOUNDARY_SUPPORT_FACETS,13;0;4;8;12,1506.58201123|2363.96979612999;1722.68706247248|1608.91428793762;2072.49792875172|490.772413531522;2498.27465218627|-759.063139161029;2958.83872117|-1924.34474414,-0.961397751076125|-0.275162432439039|-2098.90023672382;-0.954384786685601|-0.298579434896443|-2124.49504353307;-0.946580386437098|-0.322467939511193|-2120.04425924834;-0.929995823319846|-0.367570086660546|-2044.37608819683;0.947160474839636|0.32076008932153|2185.24209610152,C_TRUE_SUBSET_OF_C_APPROX_BECAUSE_EVERY_APPROXIMATION_HALFSPACE_IS_A_SUPPORT_HALFSPACE_OF_C_TRUE,190584.005338471,197754.044324478,7170.03898599831,0.00044080215402981,0.0376214099040712,8.41100700199604e-09,PER_COMPONENT_ONLY,GEOMETRIC_ONLY;NOT_AC_INTERIOR_CERTIFIED
PER_COMPONENT,2011-11-14 17:30:00,20111114T173000_C02,20111114T173000_C02_K8,VMAX / bus 13,8,14,8,EXACT_HULL_CHORD_PLUS_EVENLY_INDEXED_EXACT_BOUNDARY_SUPPORT_FACETS,13;0;2;4;6;8;10;12,1506.58201123|2363.96979612999;1638.54491928071|1902.90088530215;1815.1963494591|1313.21590483306;2007.37477947705|698.93324332999;2178.93655961462|178.329816953535;2305.2136577015|-192.347108282595;2578.69797072651|-962.543653637739;2958.83872117|-1924.34474414,-0.961397751076121|-0.275162432439053|-2098.90023672384;-0.957939804530733|-0.286969215937218|-2115.70137475198;-0.954384786685611|-0.298579434896411|-2124.49504353306;-0.94975742863561|-0.312986943420129|-2125.27608834866;-0.946580386437109|-0.322467939511161|-2120.04425924836;-0.942354934989952|-0.334614967537441|-2107.96724514734;-0.929995823319848|-0.367570086660541|-2044.37608819685;0.947160474839636|0.32076008932153|2185.24209610152,C_TRUE_SUBSET_OF_C_APPROX_BECAUSE_EVERY_APPROXIMATION_HALFSPACE_IS_A_SUPPORT_HALFSPACE_OF_C_TRUE,190584.005338471,192545.076289751,1961.07095128673,0.000120563402963439,0.0102897981800935,-6.92671164870262e-09,PER_COMPONENT_ONLY,GEOMETRIC_ONLY;NOT_AC_INTERIOR_CERTIFIED
PER_TIMESTAMP_UNION,2011-11-14 17:30:00,ALL_CONVEX_VMAX_COMPONENTS,20111114T173000_ALL_VMAX_K3,ALL_CONVEX_VMAX_COMPONENTS,3,28,6,UNION_OF_PER_COMPONENT_APPROXIMATIONS,SEE_PER_COMPONENT_ROWS,SEE_PER_COMPONENT_ROWS,SEE_PER_COMPONENT_ROWS,UNION_OF_CONTAINING_PER_COMPONENT_OUTER_APPROXIMATIONS,322496.568581715,423493.746597525,100997.178015813,0.00620913968630313,0.313172876412241,-3.31783667206764e-09,FULL_VMAX_COVERAGE,GEOMETRIC_ONLY;NOT_AC_INTERIOR_CERTIFIED
PER_TIMESTAMP_UNION,2011-11-14 17:30:00,ALL_CONVEX_VMAX_COMPONENTS,20111114T173000_ALL_VMAX_K4,ALL_CONVEX_VMAX_COMPONENTS,4,28,8,UNION_OF_PER_COMPONENT_APPROXIMATIONS,SEE_PER_COMPONENT_ROWS,SEE_PER_COMPONENT_ROWS,SEE_PER_COMPONENT_ROWS,UNION_OF_CONTAINING_PER_COMPONENT_OUTER_APPROXIMATIONS,322496.568581715,347550.09208177,25053.5235000552,0.00154024924361316,0.0776861707714792,1.45519152283669e-11,FULL_VMAX_COVERAGE,GEOMETRIC_ONLY;NOT_AC_INTERIOR_CERTIFIED
PER_TIMESTAMP_UNION,2011-11-14 17:30:00,ALL_CONVEX_VMAX_COMPONENTS,20111114T173000_ALL_VMAX_K5,ALL_CONVEX_VMAX_COMPONENTS,5,28,10,UNION_OF_PER_COMPONENT_APPROXIMATIONS,SEE_PER_COMPONENT_ROWS,SEE_PER_COMPONENT_ROWS,SEE_PER_COMPONENT_ROWS,UNION_OF_CONTAINING_PER_COMPONENT_OUTER_APPROXIMATIONS,322496.568581715,335395.751426572,12899.1828448559,0.000793020455584759,0.0399978917654359,1.42608769237995e-09,FULL_VMAX_COVERAGE,GEOMETRIC_ONLY;NOT_AC_INTERIOR_CERTIFIED
PER_TIMESTAMP_UNION,2011-11-14 17:30:00,ALL_CONVEX_VMAX_COMPONENTS,20111114T173000_ALL_VMAX_K8,ALL_CONVEX_VMAX_COMPONENTS,8,28,16,UNION_OF_PER_COMPONENT_APPROXIMATIONS,SEE_PER_COMPONENT_ROWS,SEE_PER_COMPONENT_ROWS,SEE_PER_COMPONENT_ROWS,UNION_OF_CONTAINING_PER_COMPONENT_OUTER_APPROXIMATIONS,322496.568581715,325850.257375836,3353.68879413265,0.000206179247739959,0.0103991456680659,-1.19107426144183e-08,FULL_VMAX_COVERAGE,GEOMETRIC_ONLY;NOT_AC_INTERIOR_CERTIFIED
PER_COMPONENT,2011-11-14 19:30:00,20111114T193000_C01,20111114T193000_C01_K3,VMAX / bus 30,3,14,3,EXACT_HULL_CHORD_PLUS_EVENLY_INDEXED_EXACT_BOUNDARY_SUPPORT_FACETS,13;0;12,-1449.2853043|4024.72704349;-20.255696582971|3209.69749472196;1486.38694926999|2586.06409254,-0.495424476779626|-0.868651016120763|-2778.07182234908;-0.382453929255763|-0.9239745624187|-2957.93196743415;0.440060520625499|0.897968116464507|2976.30331698134,C_TRUE_SUBSET_OF_C_APPROX_BECAUSE_EVERY_APPROXIMATION_HALFSPACE_IS_A_SUPPORT_HALFSPACE_OF_C_TRUE,126109.260894801,168383.839862449,42274.5789676494,0.00260185424956954,0.33522184388119,-1.76805770024657e-09,PER_COMPONENT_ONLY,GEOMETRIC_ONLY;NOT_AC_INTERIOR_CERTIFIED
PER_COMPONENT,2011-11-14 19:30:00,20111114T193000_C01,20111114T193000_C01_K4,VMAX / bus 30,4,14,4,EXACT_HULL_CHORD_PLUS_EVENLY_INDEXED_EXACT_BOUNDARY_SUPPORT_FACETS,13;0;6;12,-1449.2853043|4024.72704349;-519.464039824329|3494.41486414249;790.49309709137|2874.11026711644;1486.38694926999|2586.06409254,-0.495424476779627|-0.868651016120762|-2778.07182234907;-0.427972843318149|-0.903791593998405|-2935.90627802991;-0.382453929255767|-0.923974562418698|-2957.93196743416;0.440060520625499|0.897968116464507|2976.30331698134,C_TRUE_SUBSET_OF_C_APPROX_BECAUSE_EVERY_APPROXIMATION_HALFSPACE_IS_A_SUPPORT_HALFSPACE_OF_C_TRUE,126109.260894801,136730.679917493,10621.4190226926,0.00065371163700529,0.0842239415831075,-1.13504938781261e-09,PER_COMPONENT_ONLY,GEOMETRIC_ONLY;NOT_AC_INTERIOR_CERTIFIED
PER_COMPONENT,2011-11-14 19:30:00,20111114T193000_C01,20111114T193000_C01_K5,VMAX / bus 30,5,14,5,EXACT_HULL_CHORD_PLUS_EVENLY_INDEXED_EXACT_BOUNDARY_SUPPORT_FACETS,13;0;4;8;12,-1449.2853043|4024.72704349;-625.920713711558|3555.13112531239;227.656651107194|3138.1669603565;978.678468138862|2796.21609392928;1486.38694926999|2586.06409254,-0.495424476779624|-0.868651016120764|-2778.07182234908;-0.438920971242897|-0.898525670753591|-2919.64685140496;-0.414382665295623|-0.910102745135128|-2950.39133517089;-0.382453929255765|-0.923974562418699|-2957.93196743415;0.440060520625499|0.897968116464507|2976.30331698134,C_TRUE_SUBSET_OF_C_APPROX_BECAUSE_EVERY_APPROXIMATION_HALFSPACE_IS_A_SUPPORT_HALFSPACE_OF_C_TRUE,126109.260894801,131700.554758749,5591.29386395562,0.000344124815806153,0.0443369013844257,-8.0763129517436e-09,PER_COMPONENT_ONLY,GEOMETRIC_ONLY;NOT_AC_INTERIOR_CERTIFIED
PER_COMPONENT,2011-11-14 19:30:00,20111114T193000_C01,20111114T193000_C01_K8,VMAX / bus 30,8,14,8,EXACT_HULL_CHORD_PLUS_EVENLY_INDEXED_EXACT_BOUNDARY_SUPPORT_FACETS,13;0;2;4;6;8;10;12,-1449.2853043|4024.72704349;-794.237517494562|3651.12855454445;-217.8556260365|3355.79533509234;62.9809544251729|3218.6094219137;362.892944120891|3076.59196144207;788.917382699487|2882.61700280919;1240.83261295744|2687.70457550165;1486.38694926999|2586.06409254,-0.495424476779626|-0.868651016120763|-2778.07182234908;-0.456014359811052|-0.8899724173513|-2887.21999267008;-0.438920971242946|-0.898525670753568|-2919.64685140486;-0.427972843318084|-0.903791593998437|-2935.90627802999;-0.414382665295607|-0.910102745135135|-2950.3913351709;-0.396037323798278|-0.918234413512529|-2959.35886189798;-0.382453929255712|-0.923974562418721|-2957.93196743413;0.440060520625499|0.897968116464507|2976.30331698134,C_TRUE_SUBSET_OF_C_APPROX_BECAUSE_EVERY_APPROXIMATION_HALFSPACE_IS_A_SUPPORT_HALFSPACE_OF_C_TRUE,126109.260894801,127490.772956917,1381.51206211561,8.50272934095395e-05,0.0109548819199571,-2.03726813197136e-10,PER_COMPONENT_ONLY,GEOMETRIC_ONLY;NOT_AC_INTERIOR_CERTIFIED
PER_TIMESTAMP_UNION,2011-11-14 19:30:00,ALL_CONVEX_VMAX_COMPONENTS,20111114T193000_ALL_VMAX_K3,ALL_CONVEX_VMAX_COMPONENTS,3,14,3,UNION_OF_PER_COMPONENT_APPROXIMATIONS,SEE_PER_COMPONENT_ROWS,SEE_PER_COMPONENT_ROWS,SEE_PER_COMPONENT_ROWS,UNION_OF_CONTAINING_PER_COMPONENT_OUTER_APPROXIMATIONS,126109.260894801,168383.839862449,42274.5789676494,0.00260185424956954,0.33522184388119,-1.76805770024657e-09,PARTIAL_ONLY_CONVEX_VMAX_COMPONENTS;REPRESENTATION_UNAVAILABLE,GEOMETRIC_ONLY;NOT_AC_INTERIOR_CERTIFIED
PER_TIMESTAMP_UNION,2011-11-14 19:30:00,ALL_CONVEX_VMAX_COMPONENTS,20111114T193000_ALL_VMAX_K4,ALL_CONVEX_VMAX_COMPONENTS,4,14,4,UNION_OF_PER_COMPONENT_APPROXIMATIONS,SEE_PER_COMPONENT_ROWS,SEE_PER_COMPONENT_ROWS,SEE_PER_COMPONENT_ROWS,UNION_OF_CONTAINING_PER_COMPONENT_OUTER_APPROXIMATIONS,126109.260894801,136730.679917493,10621.4190226926,0.00065371163700529,0.0842239415831075,-1.13504938781261e-09,PARTIAL_ONLY_CONVEX_VMAX_COMPONENTS;REPRESENTATION_UNAVAILABLE,GEOMETRIC_ONLY;NOT_AC_INTERIOR_CERTIFIED
PER_TIMESTAMP_UNION,2011-11-14 19:30:00,ALL_CONVEX_VMAX_COMPONENTS,20111114T193000_ALL_VMAX_K5,ALL_CONVEX_VMAX_COMPONENTS,5,14,5,UNION_OF_PER_COMPONENT_APPROXIMATIONS,SEE_PER_COMPONENT_ROWS,SEE_PER_COMPONENT_ROWS,SEE_PER_COMPONENT_ROWS,UNION_OF_CONTAINING_PER_COMPONENT_OUTER_APPROXIMATIONS,126109.260894801,131700.554758749,5591.29386395562,0.000344124815806153,0.0443369013844257,-8.0763129517436e-09,PARTIAL_ONLY_CONVEX_VMAX_COMPONENTS;REPRESENTATION_UNAVAILABLE,GEOMETRIC_ONLY;NOT_AC_INTERIOR_CERTIFIED
PER_TIMESTAMP_UNION,2011-11-14 19:30:00,ALL_CONVEX_VMAX_COMPONENTS,20111114T193000_ALL_VMAX_K8,ALL_CONVEX_VMAX_COMPONENTS,8,14,8,UNION_OF_PER_COMPONENT_APPROXIMATIONS,SEE_PER_COMPONENT_ROWS,SEE_PER_COMPONENT_ROWS,SEE_PER_COMPONENT_ROWS,UNION_OF_CONTAINING_PER_COMPONENT_OUTER_APPROXIMATIONS,126109.260894801,127490.772956917,1381.51206211561,8.50272934095395e-05,0.0109548819199571,-2.03726813197136e-10,PARTIAL_ONLY_CONVEX_VMAX_COMPONENTS;REPRESENTATION_UNAVAILABLE,GEOMETRIC_ONLY;NOT_AC_INTERIOR_CERTIFIED
PER_COMPONENT,2011-12-15 05:30:00,20111215T053000_C02,20111215T053000_C02_K3,VMAX / bus 13,3,12,3,EXACT_HULL_CHORD_PLUS_EVENLY_INDEXED_EXACT_BOUNDARY_SUPPORT_FACETS,11;0;10,956.640202931002|1657.86728856999;1548.53402060213|-387.316946979273;2210.65445223|-2119.84130859,-0.960580972078188|-0.278000352664027|-1379.81806695315;-0.934108541254533|-0.356989121900553|-1308.23091826834;0.949076137421206|0.315046798710356|1430.23017065019,C_TRUE_SUBSET_OF_C_APPROX_BECAUSE_EVERY_APPROXIMATION_HALFSPACE_IS_A_SUPPORT_HALFSPACE_OF_C_TRUE,124038.819057592,164343.905099191,40305.086041602,0.00252069140582165,0.32493929197188,-2.91038304567337e-09,PER_COMPONENT_ONLY,GEOMETRIC_ONLY;NOT_AC_INTERIOR_CERTIFIED
PER_COMPONENT,2011-12-15 05:30:00,20111215T053000_C02,20111215T053000_C02_K4,VMAX / bus 13,4,12,4,EXACT_HULL_CHORD_PLUS_EVENLY_INDEXED_EXACT_BOUNDARY_SUPPORT_FACETS,11;0;5;10,956.640202931002|1657.86728856999;1257.2281585538|619.238855763316;1792.79484666082|-1026.4572174183;2210.65445223|-2119.84130859,-0.960580972078188|-0.278000352664026|-1379.81806695315;-0.950912473367156|-0.30945996186059|-1387.14357052434;-0.934108541254533|-0.356989121900552|-1308.23091826834;0.949076137421206|0.315046798710356|1430.23017065019,C_TRUE_SUBSET_OF_C_APPROX_BECAUSE_EVERY_APPROXIMATION_HALFSPACE_IS_A_SUPPORT_HALFSPACE_OF_C_TRUE,124038.819057592,134505.482898178,10466.6638405884,0.000654588097476411,0.0843821629398829,-2.47382558882236e-09,PER_COMPONENT_ONLY,GEOMETRIC_ONLY;NOT_AC_INTERIOR_CERTIFIED
PER_COMPONENT,2011-12-15 05:30:00,20111215T053000_C02,20111215T053000_C02_K5,VMAX / bus 13,5,12,5,EXACT_HULL_CHORD_PLUS_EVENLY_INDEXED_EXACT_BOUNDARY_SUPPORT_FACETS,11;0;3;7;10,956.640202931002|1657.86728856999;1180.76702286525|883.436765377729;1523.70128184437|-211.710418282405;1902.71037660213|-1314.06551984522;2210.65445223|-2119.84130859,-0.960580972078188|-0.278000352664026|-1379.81806695315;-0.954305967530574|-0.298831257293368|-1390.81153552063;-0.945666942406236|-0.32513694659334|-1372.07905337989;-0.934108541254534|-0.356989121900552|-1308.23091826834;0.949076137421206|0.315046798710356|1430.23017065019,C_TRUE_SUBSET_OF_C_APPROX_BECAUSE_EVERY_APPROXIMATION_HALFSPACE_IS_A_SUPPORT_HALFSPACE_OF_C_TRUE,124038.819057592,128239.922050698,4201.10299310743,0.00026273816159993,0.0338692598416052,-1.28056854009628e-09,PER_COMPONENT_ONLY,GEOMETRIC_ONLY;NOT_AC_INTERIOR_CERTIFIED
PER_COMPONENT,2011-12-15 05:30:00,20111215T053000_C02,20111215T053000_C02_K8,VMAX / bus 13,8,12,8,EXACT_HULL_CHORD_PLUS_EVENLY_INDEXED_EXACT_BOUNDARY_SUPPORT_FACETS,11;0;2;3;5;7;8;10,956.640202931002|1657.86728856999;1127.17962536908|1068.59852465156;1285.98776814|547.418418323961;1423.18357226893|109.288967655937;1597.51602242985|-426.401983683875;1765.00020586|-913.532890538014;1957.88379767784|-1458.43396335036;2210.65445223|-2119.84130859,-0.960580972078187|-0.27800035266403|-1379.81806695315;-0.95657765743367|-0.291477589702386|-1389.70736786748;-0.954305967530565|-0.298831257293398|-1390.81153552063;-0.950912473367158|-0.309459961860584|-1387.14357052435;-0.945666942406238|-0.325136946593333|-1372.0790533799;-0.942682854601734|-0.333690029278559|-1358.9986154422;-0.934108541254533|-0.356989121900553|-1308.23091826834;0.949076137421206|0.315046798710356|1430.23017065019,C_TRUE_SUBSET_OF_C_APPROX_BECAUSE_EVERY_APPROXIMATION_HALFSPACE_IS_A_SUPPORT_HALFSPACE_OF_C_TRUE,124038.819057592,125335.70006776,1296.88101016934,8.11073027690085e-05,0.0104554446746804,-5.5297277867794e-10,PER_COMPONENT_ONLY,GEOMETRIC_ONLY;NOT_AC_INTERIOR_CERTIFIED
PER_TIMESTAMP_UNION,2011-12-15 05:30:00,ALL_CONVEX_VMAX_COMPONENTS,20111215T053000_ALL_VMAX_K3,ALL_CONVEX_VMAX_COMPONENTS,3,12,3,UNION_OF_PER_COMPONENT_APPROXIMATIONS,SEE_PER_COMPONENT_ROWS,SEE_PER_COMPONENT_ROWS,SEE_PER_COMPONENT_ROWS,UNION_OF_CONTAINING_PER_COMPONENT_OUTER_APPROXIMATIONS,124038.819057592,164343.905099191,40305.086041602,0.00252069140582165,0.32493929197188,-2.90310708805919e-09,PARTIAL_ONLY_CONVEX_VMAX_COMPONENTS;REPRESENTATION_UNAVAILABLE,GEOMETRIC_ONLY;NOT_AC_INTERIOR_CERTIFIED
PER_TIMESTAMP_UNION,2011-12-15 05:30:00,ALL_CONVEX_VMAX_COMPONENTS,20111215T053000_ALL_VMAX_K4,ALL_CONVEX_VMAX_COMPONENTS,4,12,4,UNION_OF_PER_COMPONENT_APPROXIMATIONS,SEE_PER_COMPONENT_ROWS,SEE_PER_COMPONENT_ROWS,SEE_PER_COMPONENT_ROWS,UNION_OF_CONTAINING_PER_COMPONENT_OUTER_APPROXIMATIONS,124038.819057592,134505.482898178,10466.6638405884,0.000654588097476411,0.0843821629398829,-2.47382558882236e-09,PARTIAL_ONLY_CONVEX_VMAX_COMPONENTS;REPRESENTATION_UNAVAILABLE,GEOMETRIC_ONLY;NOT_AC_INTERIOR_CERTIFIED
PER_TIMESTAMP_UNION,2011-12-15 05:30:00,ALL_CONVEX_VMAX_COMPONENTS,20111215T053000_ALL_VMAX_K5,ALL_CONVEX_VMAX_COMPONENTS,5,12,5,UNION_OF_PER_COMPONENT_APPROXIMATIONS,SEE_PER_COMPONENT_ROWS,SEE_PER_COMPONENT_ROWS,SEE_PER_COMPONENT_ROWS,UNION_OF_CONTAINING_PER_COMPONENT_OUTER_APPROXIMATIONS,124038.819057592,128239.922050698,4201.10299310743,0.00026273816159993,0.0338692598416052,-1.28056854009628e-09,PARTIAL_ONLY_CONVEX_VMAX_COMPONENTS;REPRESENTATION_UNAVAILABLE,GEOMETRIC_ONLY;NOT_AC_INTERIOR_CERTIFIED
PER_TIMESTAMP_UNION,2011-12-15 05:30:00,ALL_CONVEX_VMAX_COMPONENTS,20111215T053000_ALL_VMAX_K8,ALL_CONVEX_VMAX_COMPONENTS,8,12,8,UNION_OF_PER_COMPONENT_APPROXIMATIONS,SEE_PER_COMPONENT_ROWS,SEE_PER_COMPONENT_ROWS,SEE_PER_COMPONENT_ROWS,UNION_OF_CONTAINING_PER_COMPONENT_OUTER_APPROXIMATIONS,124038.819057592,125335.70006776,1296.88101016934,8.11073027690085e-05,0.0104554446746804,-5.5297277867794e-10,PARTIAL_ONLY_CONVEX_VMAX_COMPONENTS;REPRESENTATION_UNAVAILABLE,GEOMETRIC_ONLY;NOT_AC_INTERIOR_CERTIFIED
PER_COMPONENT,2012-08-04 03:30:00,20120804T033000_C02,20120804T033000_C02_K3,VMAX / bus 13,3,12,3,EXACT_HULL_CHORD_PLUS_EVENLY_INDEXED_EXACT_BOUNDARY_SUPPORT_FACETS,11;0;10,950.498637189|1649.86586062;1536.63838114944|-381.135106800344;2207.75818544|-2136.34597778,-0.96078905576354|-0.277280346084979|-1370.70406495585;-0.934050101288763|-0.357142000165832|-1299.17788118075;0.949044456820737|0.315142220240055|1422.00785325394,C_TRUE_SUBSET_OF_C_APPROX_BECAUSE_EVERY_APPROXIMATION_HALFSPACE_IS_A_SUPPORT_HALFSPACE_OF_C_TRUE,125381.658506124,167123.060628232,41741.40212211,0.00261058987860932,0.332914739041129,-1.68802216649055e-09,PER_COMPONENT_ONLY,GEOMETRIC_ONLY;NOT_AC_INTERIOR_CERTIFIED
PER_COMPONENT,2012-08-04 03:30:00,20120804T033000_C02,20120804T033000_C02_K4,VMAX / bus 13,4,12,4,EXACT_HULL_CHORD_PLUS_EVENLY_INDEXED_EXACT_BOUNDARY_SUPPORT_FACETS,11;0;5;10,950.498637189|1649.86586062;1238.35556840666|652.428454599001;1780.70893138832|-1019.46418057597;2207.75818544|-2136.34597778,-0.96078905576354|-0.277280346084978|-1370.70406495585;-0.951203130293699|-0.308565398124075|-1379.24453892586;-0.934050101288763|-0.357142000165834|-1299.17788118074;0.949044456820737|0.315142220240055|1422.00785325394,C_TRUE_SUBSET_OF_C_APPROX_BECAUSE_EVERY_APPROXIMATION_HALFSPACE_IS_A_SUPPORT_HALFSPACE_OF_C_TRUE,125381.658506124,136193.142850083,10811.4843439607,0.000676171622565997,0.0862285957354174,-1.36788003146648e-09,PER_COMPONENT_ONLY,GEOMETRIC_ONLY;NOT_AC_INTERIOR_CERTIFIED
PER_COMPONENT,2012-08-04 03:30:00,20120804T033000_C02,20120804T033000_C02_K5,VMAX / bus 13,5,12,5,EXACT_HULL_CHORD_PLUS_EVENLY_INDEXED_EXACT_BOUNDARY_SUPPORT_FACETS,11;0;3;7;10,950.498637189|1649.86586062;1169.77586345012|890.060262623145;1525.44237122576|-244.942554781468;1901.58137003388|-1335.58749709287;2207.75818544|-2136.34597778,-0.96078905576354|-0.277280346084977|-1370.70406495585;-0.954245561981999|-0.299024091734528|-1382.40288783082;-0.945358412535845|-0.326032930618529|-1362.23043950831;-0.934050101288763|-0.357142000165833|-1299.17788118074;0.949044456820737|0.315142220240055|1422.00785325394,C_TRUE_SUBSET_OF_C_APPROX_BECAUSE_EVERY_APPROXIMATION_HALFSPACE_IS_A_SUPPORT_HALFSPACE_OF_C_TRUE,125381.658506124,129749.018068878,4367.35956275478,0.000273143308349387,0.0348325234710584,1.44609657581896e-10,PER_COMPONENT_ONLY,GEOMETRIC_ONLY;NOT_AC_INTERIOR_CERTIFIED
PER_COMPONENT,2012-08-04 03:30:00,20120804T033000_C02,20120804T033000_C02_K8,VMAX / bus 13,8,12,8,EXACT_HULL_CHORD_PLUS_EVENLY_INDEXED_EXACT_BOUNDARY_SUPPORT_FACETS,11;0;2;3;5;7;8;10,950.498637189|1649.86586062;1115.95027604702|1076.56837986665;1280.44226093001|536.901699233996;1411.38731832789|119.029884422688;1593.05716532977|-440.997027858281;1760.71489517|-927.133949764975;1955.7078744639|-1477.14706421684;2207.75818544|-2136.34597778,-0.960789055763541|-0.277280346084974|-1370.70406495585;-0.956552537793891|-0.291560015159945|-1381.34936175921;-0.954245561982003|-0.299024091734515|-1382.40288783083;-0.951203130293702|-0.308565398124065|-1379.24453892587;-0.94535841253584|-0.326032930618545|-1362.23043950829;-0.942521120623268|-0.334146580379118|-1349.71233722635;-0.934050101288763|-0.357142000165831|-1299.17788118075;0.949044456820737|0.315142220240055|1422.00785325394,C_TRUE_SUBSET_OF_C_APPROX_BECAUSE_EVERY_APPROXIMATION_HALFSPACE_IS_A_SUPPORT_HALFSPACE_OF_C_TRUE,125381.658506124,126725.369024466,1343.71051835145,8.40383144947374e-05,0.0107169623879702,-9.41508915275335e-09,PER_COMPONENT_ONLY,GEOMETRIC_ONLY;NOT_AC_INTERIOR_CERTIFIED
PER_TIMESTAMP_UNION,2012-08-04 03:30:00,ALL_CONVEX_VMAX_COMPONENTS,20120804T033000_ALL_VMAX_K3,ALL_CONVEX_VMAX_COMPONENTS,3,12,3,UNION_OF_PER_COMPONENT_APPROXIMATIONS,SEE_PER_COMPONENT_ROWS,SEE_PER_COMPONENT_ROWS,SEE_PER_COMPONENT_ROWS,UNION_OF_CONTAINING_PER_COMPONENT_OUTER_APPROXIMATIONS,125381.658506124,167123.060628232,41741.40212211,0.00261058987860932,0.332914739041129,-1.68802216649055e-09,PARTIAL_ONLY_CONVEX_VMAX_COMPONENTS;REPRESENTATION_UNAVAILABLE,GEOMETRIC_ONLY;NOT_AC_INTERIOR_CERTIFIED
PER_TIMESTAMP_UNION,2012-08-04 03:30:00,ALL_CONVEX_VMAX_COMPONENTS,20120804T033000_ALL_VMAX_K4,ALL_CONVEX_VMAX_COMPONENTS,4,12,4,UNION_OF_PER_COMPONENT_APPROXIMATIONS,SEE_PER_COMPONENT_ROWS,SEE_PER_COMPONENT_ROWS,SEE_PER_COMPONENT_ROWS,UNION_OF_CONTAINING_PER_COMPONENT_OUTER_APPROXIMATIONS,125381.658506124,136193.142850083,10811.4843439607,0.000676171622565997,0.0862285957354174,-1.36788003146648e-09,PARTIAL_ONLY_CONVEX_VMAX_COMPONENTS;REPRESENTATION_UNAVAILABLE,GEOMETRIC_ONLY;NOT_AC_INTERIOR_CERTIFIED
PER_TIMESTAMP_UNION,2012-08-04 03:30:00,ALL_CONVEX_VMAX_COMPONENTS,20120804T033000_ALL_VMAX_K5,ALL_CONVEX_VMAX_COMPONENTS,5,12,5,UNION_OF_PER_COMPONENT_APPROXIMATIONS,SEE_PER_COMPONENT_ROWS,SEE_PER_COMPONENT_ROWS,SEE_PER_COMPONENT_ROWS,UNION_OF_CONTAINING_PER_COMPONENT_OUTER_APPROXIMATIONS,125381.658506124,129749.018068878,4367.35956275478,0.000273143308349387,0.0348325234710584,1.44609657581896e-10,PARTIAL_ONLY_CONVEX_VMAX_COMPONENTS;REPRESENTATION_UNAVAILABLE,GEOMETRIC_ONLY;NOT_AC_INTERIOR_CERTIFIED
PER_TIMESTAMP_UNION,2012-08-04 03:30:00,ALL_CONVEX_VMAX_COMPONENTS,20120804T033000_ALL_VMAX_K8,ALL_CONVEX_VMAX_COMPONENTS,8,12,8,UNION_OF_PER_COMPONENT_APPROXIMATIONS,SEE_PER_COMPONENT_ROWS,SEE_PER_COMPONENT_ROWS,SEE_PER_COMPONENT_ROWS,UNION_OF_CONTAINING_PER_COMPONENT_OUTER_APPROXIMATIONS,125381.658506124,126725.369024466,1343.71051835145,8.40383144947374e-05,0.0107169623879702,-9.41508915275335e-09,PARTIAL_ONLY_CONVEX_VMAX_COMPONENTS;REPRESENTATION_UNAVAILABLE,GEOMETRIC_ONLY;NOT_AC_INTERIOR_CERTIFIED
PER_COMPONENT,2012-08-05 23:30:00,20120805T233000_C01,20120805T233000_C01_K3,VMAX / bus 30,3,13,3,EXACT_HULL_CHORD_PLUS_EVENLY_INDEXED_EXACT_BOUNDARY_SUPPORT_FACETS,12;0;11,-1953.7835575|3243.81608171;-580.504280548977|2449.18326420611;893.139737209999|1830.78995611,-0.500836293286551|-0.865542030941876|-1829.13344454268;-0.386946739133473|-0.922102066516485|-2033.77271079059;0.444584977473582|0.895736678831907|2036.98222487305,C_TRUE_SUBSET_OF_C_APPROX_BECAUSE_EVERY_APPROXIMATION_HALFSPACE_IS_A_SUPPORT_HALFSPACE_OF_C_TRUE,118821.6509282,160889.591408002,42067.9404798029,0.00259595477507407,0.354042719918301,-1.38970790430903e-09,PER_COMPONENT_ONLY,GEOMETRIC_ONLY;NOT_AC_INTERIOR_CERTIFIED
PER_COMPONENT,2012-08-05 23:30:00,20120805T233000_C01,20120805T233000_C01_K4,VMAX / bus 30,4,13,4,EXACT_HULL_CHORD_PLUS_EVENLY_INDEXED_EXACT_BOUNDARY_SUPPORT_FACETS,12;0;6;11,-1953.7835575|3243.81608171;-1001.18021327292|2692.60272540899;328.120784140111|2067.89195314266;893.139737209999|1830.78995611,-0.500836293286553|-0.865542030941875|-1829.13344454267;-0.425327291920388|-0.905039609491026|-2011.08285028298;-0.386946739133472|-0.922102066516485|-2033.77271079059;0.444584977473582|0.895736678831907|2036.98222487305,C_TRUE_SUBSET_OF_C_APPROX_BECAUSE_EVERY_APPROXIMATION_HALFSPACE_IS_A_SUPPORT_HALFSPACE_OF_C_TRUE,118821.6509282,130501.118527554,11679.4675993525,0.000720723889476322,0.0982941030369119,7.93079379945993e-10,PER_COMPONENT_ONLY,GEOMETRIC_ONLY;NOT_AC_INTERIOR_CERTIFIED
PER_COMPONENT,2012-08-05 23:30:00,20120805T233000_C01,20120805T233000_C01_K5,VMAX / bus 30,5,13,5,EXACT_HULL_CHORD_PLUS_EVENLY_INDEXED_EXACT_BOUNDARY_SUPPORT_FACETS,12;0;4;7;11,-1953.7835575|3243.81608171;-1176.33766443395|2793.95564120621;-360.500562099526|2390.29126114182;355.775774273394|2056.2869382084;893.139737209999|1830.78995611,-0.500836293286552|-0.865542030941876|-1829.13344454268;-0.443470739538526|-0.89628885030059|-1982.51995545402;-0.422617411506447|-0.906308183506908|-2013.98671653676;-0.386946739133481|-0.922102066516482|-2033.77271079059;0.444584977473582|0.895736678831907|2036.98222487305,C_TRUE_SUBSET_OF_C_APPROX_BECAUSE_EVERY_APPROXIMATION_HALFSPACE_IS_A_SUPPORT_HALFSPACE_OF_C_TRUE,118821.6509282,124859.277249939,6037.62632173998,0.000372573620226516,0.0508125099641,-1.16415321826935e-09,PER_COMPONENT_ONLY,GEOMETRIC_ONLY;NOT_AC_INTERIOR_CERTIFIED
PER_COMPONENT,2012-08-05 23:30:00,20120805T233000_C01,20120805T233000_C01_K8,VMAX / bus 30,8,13,8,EXACT_HULL_CHORD_PLUS_EVENLY_INDEXED_EXACT_BOUNDARY_SUPPORT_FACETS,12;0;2;4;6;7;9;11,-1953.7835575|3243.81608171;-1372.76364029428|2907.61535285307;-804.056124260003|2609.75612797774;-409.683976787027|2414.626502261;-25.7031249999465|2234.17303466999;126.347532737312|2163.27082219946;611.416779710427|1949.01090333695;893.139737209999|1830.78995611,-0.500836293286552|-0.865542030941876|-1829.13344454268;-0.463963983712436|-0.885854063498998|-1938.80998817044;-0.443470739538526|-0.89628885030059|-1982.51995545402;-0.425327291920365|-0.905039609491037|-2011.08285028302;-0.422617411506509|-0.906308183506879|-2013.9867165367;-0.404048662926322|-0.914737491298707|-2029.87547656498;-0.38694673913349|-0.922102066516478|-2033.77271079059;0.444584977473582|0.895736678831907|2036.98222487305,C_TRUE_SUBSET_OF_C_APPROX_BECAUSE_EVERY_APPROXIMATION_HALFSPACE_IS_A_SUPPORT_HALFSPACE_OF_C_TRUE,118821.6509282,120190.223308287,1368.57238009886,8.44527201624673e-05,0.0115178704336118,-1.2456439435482e-08,PER_COMPONENT_ONLY,GEOMETRIC_ONLY;NOT_AC_INTERIOR_CERTIFIED
PER_COMPONENT,2012-08-05 23:30:00,20120805T233000_C02,20120805T233000_C02_K3,VMAX / bus 13,3,13,3,EXACT_HULL_CHORD_PLUS_EVENLY_INDEXED_EXACT_BOUNDARY_SUPPORT_FACETS,12;0;11,1028.09393219|1749.95979847999;1697.94203960873|-572.844266849221;2511.03064171|-2597.28988395,-0.960844686597983|-0.277087510069336|-1472.73059535065;-0.927952535077609|-0.372698393668443|-1362.11148199289;0.946449013336515|0.322853318326352|1538.01881561546,C_TRUE_SUBSET_OF_C_APPROX_BECAUSE_EVERY_APPROXIMATION_HALFSPACE_IS_A_SUPPORT_HALFSPACE_OF_C_TRUE,201368.03061935,266287.222623284,64919.1920039334,0.00400607409239518,0.322390757878798,4.8748916015029e-10,PER_COMPONENT_ONLY,GEOMETRIC_ONLY;NOT_AC_INTERIOR_CERTIFIED
PER_COMPONENT,2012-08-05 23:30:00,20120805T233000_C02,20120805T233000_C02_K4,VMAX / bus 13,4,13,4,EXACT_HULL_CHORD_PLUS_EVENLY_INDEXED_EXACT_BOUNDARY_SUPPORT_FACETS,12;0;6;11,1028.09393219|1749.95979847999;1360.79968896141|596.250060663333;1998.55215820837|-1321.30985286587;2511.03064171|-2597.28988395,-0.960844686597982|-0.277087510069337|-1472.73059535065;-0.948895990617572|-0.315588971591049|-1479.42731234496;-0.92795253507761|-0.372698393668443|-1362.11148199289;0.946449013336515|0.322853318326352|1538.01881561546,C_TRUE_SUBSET_OF_C_APPROX_BECAUSE_EVERY_APPROXIMATION_HALFSPACE_IS_A_SUPPORT_HALFSPACE_OF_C_TRUE,201368.03061935,216736.153923565,15368.1233042162,0.000948345762128789,0.0763185857106926,-1.06956576928496e-09,PER_COMPONENT_ONLY,GEOMETRIC_ONLY;NOT_AC_INTERIOR_CERTIFIED
PER_COMPONENT,2012-08-05 23:30:00,20120805T233000_C02,20120805T233000_C02_K5,VMAX / bus 13,5,13,5,EXACT_HULL_CHORD_PLUS_EVENLY_INDEXED_EXACT_BOUNDARY_SUPPORT_FACETS,12;0;4;7;11,1028.09393219|1749.95979847999;1292.54373565799|832.938354711152;1636.92769788518|-241.458744319373;2054.10747389733|-1459.63268147582;2511.03064171|-2597.28988395,-0.960844686597982|-0.277087510069338|-1472.73059535065;-0.952275610980742|-0.305239513712191|-1485.10357393731;-0.946060219613455|-0.32399083453848|-1470.40175727395;-0.927952535077609|-0.372698393668444|-1362.11148199289;0.946449013336515|0.322853318326352|1538.01881561546,C_TRUE_SUBSET_OF_C_APPROX_BECAUSE_EVERY_APPROXIMATION_HALFSPACE_IS_A_SUPPORT_HALFSPACE_OF_C_TRUE,201368.03061935,210041.480268887,8673.44964953302,0.000535226654247069,0.0430726248990765,3.52156348526478e-09,PER_COMPONENT_ONLY,GEOMETRIC_ONLY;NOT_AC_INTERIOR_CERTIFIED
PER_COMPONENT,2012-08-05 23:30:00,20120805T233000_C02,20120805T233000_C02_K8,VMAX / bus 13,8,13,8,EXACT_HULL_CHORD_PLUS_EVENLY_INDEXED_EXACT_BOUNDARY_SUPPORT_FACETS,12;0;2;4;6;7;9;11,1028.09393219|1749.95979847999;1188.72521867104|1192.94545280239;1401.07844298463|494.335552357234;1570.90401332934|-35.4803512044632;1722.96905758001|-492.701369021038;1874.35129503544|-934.740765032569;2166.51159717449|-1739.49890285001;2511.03064171|-2597.28988395,-0.960844686597983|-0.277087510069336|-1472.73059535065;-0.95677574609885|-0.290826703858139|-1484.28385192158;-0.952275610980739|-0.305239513712199|-1485.1035739373;-0.948895990617574|-0.315588971591045|-1479.42731234496;-0.946060219613452|-0.323990834538489|-1470.40175727394;-0.939972988732939|-0.341248854140884|-1442.86037374378;-0.927952535077608|-0.372698393668446|-1362.11148199288;0.946449013336515|0.322853318326352|1538.01881561546,C_TRUE_SUBSET_OF_C_APPROX_BECAUSE_EVERY_APPROXIMATION_HALFSPACE_IS_A_SUPPORT_HALFSPACE_OF_C_TRUE,201368.03061935,203167.952975766,1799.92235640702,0.000111070734211975,0.00893847127009671,8.61109583638608e-09,PER_COMPONENT_ONLY,GEOMETRIC_ONLY;NOT_AC_INTERIOR_CERTIFIED
PER_TIMESTAMP_UNION,2012-08-05 23:30:00,ALL_CONVEX_VMAX_COMPONENTS,20120805T233000_ALL_VMAX_K3,ALL_CONVEX_VMAX_COMPONENTS,3,26,6,UNION_OF_PER_COMPONENT_APPROXIMATIONS,SEE_PER_COMPONENT_ROWS,SEE_PER_COMPONENT_ROWS,SEE_PER_COMPONENT_ROWS,UNION_OF_CONTAINING_PER_COMPONENT_OUTER_APPROXIMATIONS,320189.68154755,427176.814031286,106987.132483736,0.00660202886746925,0.334136727850326,-9.31322574615479e-10,FULL_VMAX_COVERAGE,GEOMETRIC_ONLY;NOT_AC_INTERIOR_CERTIFIED
PER_TIMESTAMP_UNION,2012-08-05 23:30:00,ALL_CONVEX_VMAX_COMPONENTS,20120805T233000_ALL_VMAX_K4,ALL_CONVEX_VMAX_COMPONENTS,4,26,8,UNION_OF_PER_COMPONENT_APPROXIMATIONS,SEE_PER_COMPONENT_ROWS,SEE_PER_COMPONENT_ROWS,SEE_PER_COMPONENT_ROWS,UNION_OF_CONTAINING_PER_COMPONENT_OUTER_APPROXIMATIONS,320189.68154755,347237.272451119,27047.5909035687,0.00166906965160511,0.0844736494094423,-3.05590219795704e-10,FULL_VMAX_COVERAGE,GEOMETRIC_ONLY;NOT_AC_INTERIOR_CERTIFIED
PER_TIMESTAMP_UNION,2012-08-05 23:30:00,ALL_CONVEX_VMAX_COMPONENTS,20120805T233000_ALL_VMAX_K5,ALL_CONVEX_VMAX_COMPONENTS,5,26,10,UNION_OF_PER_COMPONENT_APPROXIMATIONS,SEE_PER_COMPONENT_ROWS,SEE_PER_COMPONENT_ROWS,SEE_PER_COMPONENT_ROWS,UNION_OF_CONTAINING_PER_COMPONENT_OUTER_APPROXIMATIONS,320189.68154755,334900.757518826,14711.075971273,0.000907800274473586,0.0459448783613856,2.3283064365387e-09,FULL_VMAX_COVERAGE,GEOMETRIC_ONLY;NOT_AC_INTERIOR_CERTIFIED
PER_TIMESTAMP_UNION,2012-08-05 23:30:00,ALL_CONVEX_VMAX_COMPONENTS,20120805T233000_ALL_VMAX_K8,ALL_CONVEX_VMAX_COMPONENTS,8,26,16,UNION_OF_PER_COMPONENT_APPROXIMATIONS,SEE_PER_COMPONENT_ROWS,SEE_PER_COMPONENT_ROWS,SEE_PER_COMPONENT_ROWS,UNION_OF_CONTAINING_PER_COMPONENT_OUTER_APPROXIMATIONS,320189.68154755,323358.176284052,3168.49473650588,0.000195523454374442,0.00989568033920336,-3.87444742955267e-09,FULL_VMAX_COVERAGE,GEOMETRIC_ONLY;NOT_AC_INTERIOR_CERTIFIED
PER_COMPONENT,2012-08-24 12:00:00,20120824T120000_C01,20120824T120000_C01_K3,VMAX / bus 30,3,13,3,EXACT_HULL_CHORD_PLUS_EVENLY_INDEXED_EXACT_BOUNDARY_SUPPORT_FACETS,12;0;11,-2025.07262956|3210.99107471;-639.430734793116|2404.65561528861;851.882928113|1777.89895938,-0.502960594503327|-0.864309342988296|-1756.75785244797;-0.387445250172573|-0.921892715080618|-1969.09009300232;0.445872596148019|0.895096435030453|1971.22227315731,C_TRUE_SUBSET_OF_C_APPROX_BECAUSE_EVERY_APPROXIMATION_HALFSPACE_IS_A_SUPPORT_HALFSPACE_OF_C_TRUE,123472.559987442,167019.403634919,43546.8436474767,0.0026856990343493,0.352684383088079,6.25732354819775e-10,PER_COMPONENT_ONLY,GEOMETRIC_ONLY;NOT_AC_INTERIOR_CERTIFIED
PER_COMPONENT,2012-08-24 12:00:00,20120824T120000_C01,20120824T120000_C01_K4,VMAX / bus 30,4,13,4,EXACT_HULL_CHORD_PLUS_EVENLY_INDEXED_EXACT_BOUNDARY_SUPPORT_FACETS,12;0;6;11,-2025.07262956|3210.99107471;-1061.92280065775|2650.51303004884;278.573371926444|2018.8446364522;851.882928113|1777.89895938,-0.502960594503327|-0.864309342988296|-1756.75785244797;-0.426264741686096|-0.904598457878016|-1944.98975125482;-0.387445250172575|-0.921892715080617|-1969.09009300232;0.445872596148019|0.895096435030453|1971.22227315731,C_TRUE_SUBSET_OF_C_APPROX_BECAUSE_EVERY_APPROXIMATION_HALFSPACE_IS_A_SUPPORT_HALFSPACE_OF_C_TRUE,123472.559987442,135671.384167171,12198.8241797296,0.000752347761066606,0.0987978558229484,2.91038304567337e-10,PER_COMPONENT_ONLY,GEOMETRIC_ONLY;NOT_AC_INTERIOR_CERTIFIED
PER_COMPONENT,2012-08-24 12:00:00,20120824T120000_C01,20120824T120000_C01_K5,VMAX / bus 30,5,13,5,EXACT_HULL_CHORD_PLUS_EVENLY_INDEXED_EXACT_BOUNDARY_SUPPORT_FACETS,12;0;4;7;11,-2025.07262956|3210.99107471;-1240.20174221728|2754.25746271248;-342.834241607198|2308.73101346302;375.501239925405|1978.10861429774;851.882928113|1777.89895938,-0.502960594503327|-0.864309342988296|-1756.75785244797;-0.444690716162215|-0.895684189298402|-1915.43866167647;-0.418101901875054|-0.908400131906894|-1953.91190872349;-0.387445250172566|-0.92189271508062|-1969.09009300232;0.445872596148019|0.895096435030453|1971.22227315731,C_TRUE_SUBSET_OF_C_APPROX_BECAUSE_EVERY_APPROXIMATION_HALFSPACE_IS_A_SUPPORT_HALFSPACE_OF_C_TRUE,123472.559987442,129410.722935096,5938.16294765659,0.000366229034265591,0.0480929766764418,-1.65891833603382e-09,PER_COMPONENT_ONLY,GEOMETRIC_ONLY;NOT_AC_INTERIOR_CERTIFIED
PER_COMPONENT,2012-08-24 12:00:00,20120824T120000_C01,20120824T120000_C01_K8,VMAX / bus 30,8,13,8,EXACT_HULL_CHORD_PLUS_EVENLY_INDEXED_EXACT_BOUNDARY_SUPPORT_FACETS,12;0;2;4;6;7;9;11,-2025.07262956|3210.99107471;-1433.22751554303|2866.58340075073;-868.615760254994|2569.7718611925;-458.947312509719|2366.37901626619;-75.1562500000022|2185.52905273;122.987205613388|2094.33118438299;571.219491176407|1895.8538078774;851.882928113|1777.89895938,-0.502960594503326|-0.864309342988296|-1756.75785244797;-0.465313582064225|-0.885145903423023|-1870.44432482461;-0.44469071616223|-0.895684189298395|-1915.43866167644;-0.426264741686087|-0.904598457878021|-1944.98975125483;-0.418101901875051|-0.908400131906896|-1953.91190872349;-0.404882680736637|-0.914368642747286|-1964.78615203265;-0.387445250172553|-0.921892715080626|-1969.09009300232;0.445872596148019|0.895096435030453|1971.22227315731,C_TRUE_SUBSET_OF_C_APPROX_BECAUSE_EVERY_APPROXIMATION_HALFSPACE_IS_A_SUPPORT_HALFSPACE_OF_C_TRUE,123472.559987442,124795.524507229,1322.96451978704,8.15922403477416e-05,0.0107146439656034,6.25732354819775e-10,PER_COMPONENT_ONLY,GEOMETRIC_ONLY;NOT_AC_INTERIOR_CERTIFIED
PER_COMPONENT,2012-08-24 12:00:00,20120824T120000_C02,20120824T120000_C02_K3,VMAX / bus 13,3,13,3,EXACT_HULL_CHORD_PLUS_EVENLY_INDEXED_EXACT_BOUNDARY_SUPPORT_FACETS,12;0;11,992.285733792999|1703.62460837001;1672.23201158205|-653.145797546123;2501.51975336|-2705.61807406001,-0.960811793386871|-0.277201547053232|-1425.64721247598;-0.927178344983327|-0.374620229824791|-1305.77568014096;0.946110815155099|0.323843056813874|1490.51926530355,C_TRUE_SUBSET_OF_C_APPROX_BECAUSE_EVERY_APPROXIMATION_HALFSPACE_IS_A_SUPPORT_HALFSPACE_OF_C_TRUE,211163.175142833,279434.961565229,68271.7864223964,0.00421058004461263,0.323312937382272,-5.96628524363041e-10,PER_COMPONENT_ONLY,GEOMETRIC_ONLY;NOT_AC_INTERIOR_CERTIFIED
PER_COMPONENT,2012-08-24 12:00:00,20120824T120000_C02,20120824T120000_C02_K4,VMAX / bus 13,4,13,4,EXACT_HULL_CHORD_PLUS_EVENLY_INDEXED_EXACT_BOUNDARY_SUPPORT_FACETS,12;0;6;11,992.285733792999|1703.62460837001;1324.43055776872|552.373226908568;1974.34078771986|-1400.85959611861;2501.51975336|-2705.61807406001,-0.960811793386871|-0.277201547053231|-1425.64721247598;-0.948853289507832|-0.315717334003325|-1431.08409403793;-0.927178344983327|-0.374620229824791|-1305.77568014096;0.946110815155099|0.323843056813874|1490.51926530355,C_TRUE_SUBSET_OF_C_APPROX_BECAUSE_EVERY_APPROXIMATION_HALFSPACE_IS_A_SUPPORT_HALFSPACE_OF_C_TRUE,211163.175142833,227363.996110702,16200.8209678698,0.000999166083799393,0.0767218098369253,-4.51109372079372e-10,PER_COMPONENT_ONLY,GEOMETRIC_ONLY;NOT_AC_INTERIOR_CERTIFIED
PER_COMPONENT,2012-08-24 12:00:00,20120824T120000_C02,20120824T120000_C02_K5,VMAX / bus 13,5,13,5,EXACT_HULL_CHORD_PLUS_EVENLY_INDEXED_EXACT_BOUNDARY_SUPPORT_FACETS,12;0;4;7;11,992.285733792999|1703.62460837001;1254.85482058863|793.530570822593;1605.8452061244|-302.115326391724;2035.35612093773|-1551.87145070536;2501.51975336|-2705.61807406001,-0.960811793386871|-0.27720154705323|-1425.64721247598;-0.952327289912687|-0.305078240599943|-1437.12140093387;-0.945708174498547|-0.325016997534938|-1420.46832211802;-0.927178344983327|-0.37462022982479|-1305.77568014096;0.946110815155099|0.323843056813874|1490.51926530355,C_TRUE_SUBSET_OF_C_APPROX_BECAUSE_EVERY_APPROXIMATION_HALFSPACE_IS_A_SUPPORT_HALFSPACE_OF_C_TRUE,211163.175142833,220296.965827722,9133.79068489207,0.000563315518822561,0.043254656872411,-3.25962901115417e-09,PER_COMPONENT_ONLY,GEOMETRIC_ONLY;NOT_AC_INTERIOR_CERTIFIED
PER_COMPONENT,2012-08-24 12:00:00,20120824T120000_C02,20120824T120000_C02_K8,VMAX / bus 13,8,13,8,EXACT_HULL_CHORD_PLUS_EVENLY_INDEXED_EXACT_BOUNDARY_SUPPORT_FACETS,12;0;2;4;6;7;9;11,992.285733792999|1703.62460837001;1153.45889400882|1144.9802762622;1366.30541632395|445.628198018005;1530.72876738264|-67.6330690070067;1697.07767145|-567.576175801001;1847.22618222638|-1004.46616957658;2146.34953230544|-1826.5781516865;2501.51975336|-2705.61807406001,-0.960811793386874|-0.277201547053221|-1425.64721247596;-0.956673789882417|-0.291161913292266|-1436.85853952341;-0.952327289912686|-0.305078240599947|-1437.12140093387;-0.948853289507833|-0.315717334003319|-1431.08409403794;-0.945708174498547|-0.325016997534939|-1420.46832211802;-0.939729698320518|-0.341918256450907|-1392.44798158781;-0.927178344983326|-0.374620229824792|-1305.77568014095;0.946110815155099|0.323843056813874|1490.51926530355,C_TRUE_SUBSET_OF_C_APPROX_BECAUSE_EVERY_APPROXIMATION_HALFSPACE_IS_A_SUPPORT_HALFSPACE_OF_C_TRUE,211163.175142833,213085.39527285,1922.22013002143,0.000118550606992258,0.00910300827178422,-4.72209649160504e-09,PER_COMPONENT_ONLY,GEOMETRIC_ONLY;NOT_AC_INTERIOR_CERTIFIED
PER_TIMESTAMP_UNION,2012-08-24 12:00:00,ALL_CONVEX_VMAX_COMPONENTS,20120824T120000_ALL_VMAX_K3,ALL_CONVEX_VMAX_COMPONENTS,3,26,6,UNION_OF_PER_COMPONENT_APPROXIMATIONS,SEE_PER_COMPONENT_ROWS,SEE_PER_COMPONENT_ROWS,SEE_PER_COMPONENT_ROWS,UNION_OF_CONTAINING_PER_COMPONENT_OUTER_APPROXIMATIONS,334635.735130275,446454.365200148,111818.630069873,0.00689627907896193,0.334150296370296,2.91038304567337e-11,FULL_VMAX_COVERAGE,GEOMETRIC_ONLY;NOT_AC_INTERIOR_CERTIFIED
PER_TIMESTAMP_UNION,2012-08-24 12:00:00,ALL_CONVEX_VMAX_COMPONENTS,20120824T120000_ALL_VMAX_K4,ALL_CONVEX_VMAX_COMPONENTS,4,26,8,UNION_OF_PER_COMPONENT_APPROXIMATIONS,SEE_PER_COMPONENT_ROWS,SEE_PER_COMPONENT_ROWS,SEE_PER_COMPONENT_ROWS,UNION_OF_CONTAINING_PER_COMPONENT_OUTER_APPROXIMATIONS,334635.735130275,363035.380277874,28399.6451475994,0.001751513844866,0.0848673413093294,-1.60071067512035e-10,FULL_VMAX_COVERAGE,GEOMETRIC_ONLY;NOT_AC_INTERIOR_CERTIFIED
PER_TIMESTAMP_UNION,2012-08-24 12:00:00,ALL_CONVEX_VMAX_COMPONENTS,20120824T120000_ALL_VMAX_K5,ALL_CONVEX_VMAX_COMPONENTS,5,26,10,UNION_OF_PER_COMPONENT_APPROXIMATIONS,SEE_PER_COMPONENT_ROWS,SEE_PER_COMPONENT_ROWS,SEE_PER_COMPONENT_ROWS,UNION_OF_CONTAINING_PER_COMPONENT_OUTER_APPROXIMATIONS,334635.735130275,349707.688762818,15071.9536325487,0.000929544553088152,0.0450398808324553,-4.918547347188e-09,FULL_VMAX_COVERAGE,GEOMETRIC_ONLY;NOT_AC_INTERIOR_CERTIFIED
PER_TIMESTAMP_UNION,2012-08-24 12:00:00,ALL_CONVEX_VMAX_COMPONENTS,20120824T120000_ALL_VMAX_K8,ALL_CONVEX_VMAX_COMPONENTS,8,26,16,UNION_OF_PER_COMPONENT_APPROXIMATIONS,SEE_PER_COMPONENT_ROWS,SEE_PER_COMPONENT_ROWS,SEE_PER_COMPONENT_ROWS,UNION_OF_CONTAINING_PER_COMPONENT_OUTER_APPROXIMATIONS,334635.735130275,337880.919780079,3245.18464980847,0.00020014284734,0.00969766318754066,-4.09636413678527e-09,FULL_VMAX_COVERAGE,GEOMETRIC_ONLY;NOT_AC_INTERIOR_CERTIFIED
PER_COMPONENT,2012-08-31 11:30:00,20120831T113000_C01,20120831T113000_C01_K3,VMAX / bus 30,3,13,3,EXACT_HULL_CHORD_PLUS_EVENLY_INDEXED_EXACT_BOUNDARY_SUPPORT_FACETS,12;0;11,-2048.49431732|3200.44342626;-671.650887962283|2397.15679214471;838.289097434998|1760.70013486,-0.503930921110405|-0.863743959023054|-1732.06404741062;-0.388415922897906|-0.921484167438252|-1948.06213131535;0.44630858351901|0.89487912495334|1949.74941564439,C_TRUE_SUBSET_OF_C_APPROX_BECAUSE_EVERY_APPROXIMATION_HALFSPACE_IS_A_SUPPORT_HALFSPACE_OF_C_TRUE,124961.227324751,168306.720966221,43345.4936414684,0.00267257560631481,0.346871542233028,1.55705492943525e-09,PER_COMPONENT_ONLY,GEOMETRIC_ONLY;NOT_AC_INTERIOR_CERTIFIED
PER_COMPONENT,2012-08-31 11:30:00,20120831T113000_C01,20120831T113000_C01_K4,VMAX / bus 30,4,13,4,EXACT_HULL_CHORD_PLUS_EVENLY_INDEXED_EXACT_BOUNDARY_SUPPORT_FACETS,12;0;6;11,-2048.49431732|3200.44342626;-1079.00077296174|2634.8154184281;261.200367316571|2003.94951409359;838.289097434998|1760.70013486,-0.503930921110405|-0.863743959023054|-1732.06404741062;-0.425898186505246|-0.904771095212233|-1924.36035937111;-0.388415922897908|-0.921484167438251|-1948.06213131535;0.44630858351901|0.89487912495334|1949.74941564439,C_TRUE_SUBSET_OF_C_APPROX_BECAUSE_EVERY_APPROXIMATION_HALFSPACE_IS_A_SUPPORT_HALFSPACE_OF_C_TRUE,124961.227324751,137543.116785604,12581.8894608516,0.000775768090970626,0.100686346718999,1.14960130304098e-09,PER_COMPONENT_ONLY,GEOMETRIC_ONLY;NOT_AC_INTERIOR_CERTIFIED
PER_COMPONENT,2012-08-31 11:30:00,20120831T113000_C01,20120831T113000_C01_K5,VMAX / bus 30,5,13,5,EXACT_HULL_CHORD_PLUS_EVENLY_INDEXED_EXACT_BOUNDARY_SUPPORT_FACETS,12;0;4;7;11,-2048.49431732|3200.44342626;-1256.95626885571|2738.63933062534;-352.925267001171|2290.4315479947;350.556986882024|1966.28469566047;838.289097434998|1760.70013486,-0.503930921110407|-0.863743959023053|-1732.06404741061;-0.444192165033133|-0.895931537854974|-1895.30322070229;-0.41848627260111|-0.908223122170114|-1932.5285121426;-0.388415922897909|-0.92148416743825|-1948.06213131535;0.44630858351901|0.89487912495334|1949.74941564439,C_TRUE_SUBSET_OF_C_APPROX_BECAUSE_EVERY_APPROXIMATION_HALFSPACE_IS_A_SUPPORT_HALFSPACE_OF_C_TRUE,124961.227324751,131003.237997033,6042.01067228182,0.000372535389016442,0.0483510829849626,1.45519152283669e-10,PER_COMPONENT_ONLY,GEOMETRIC_ONLY;NOT_AC_INTERIOR_CERTIFIED
PER_COMPONENT,2012-08-31 11:30:00,20120831T113000_C01,20120831T113000_C01_K8,VMAX / bus 30,8,13,8,EXACT_HULL_CHORD_PLUS_EVENLY_INDEXED_EXACT_BOUNDARY_SUPPORT_FACETS,12;0;2;4;6;7;9;11,-2048.49431732|3200.44342626;-1457.07721225599|2855.39514730886;-884.168711176882|2553.8157081204;-456.747625617414|2341.90543445147;-91.4062500000519|2169.93019104;110.664149340131|2076.82125540664;558.14021212366|1878.78603549954;838.289097434998|1760.70013486,-0.503930921110403|-0.863743959023055|-1732.06404741063;-0.465805273362743|-0.884887251183709|-1847.98851377991;-0.444192165033147|-0.895931537854966|-1895.30322070226;-0.425898186505273|-0.90477109521222|-1924.36035937106;-0.418486272601019|-0.908223122170156|-1932.52851214268;-0.40469934144461|-0.914449803452491|-1943.93449717204;-0.3884159228979|-0.921484167438254|-1948.06213131535;0.44630858351901|0.89487912495334|1949.74941564439,C_TRUE_SUBSET_OF_C_APPROX_BECAUSE_EVERY_APPROXIMATION_HALFSPACE_IS_A_SUPPORT_HALFSPACE_OF_C_TRUE,124961.227324751,126281.269571083,1320.04224632386,8.13905301439464e-05,0.0105636146073799,8.1199686974287e-09,PER_COMPONENT_ONLY,GEOMETRIC_ONLY;NOT_AC_INTERIOR_CERTIFIED
PER_COMPONENT,2012-08-31 11:30:00,20120831T113000_C02,20120831T113000_C02_K3,VMAX / bus 13,3,13,3,EXACT_HULL_CHORD_PLUS_EVENLY_INDEXED_EXACT_BOUNDARY_SUPPORT_FACETS,12;0;11,980.597587729999|1688.78903504;1665.10024666699|-682.324485290753;2498.95245234|-2741.47952343,-0.960766639794996|-0.277358006657518|-1410.5246097782;-0.926886578894429|-0.375341537623243|-1287.25434968241;0.945984874670993|0.324210759990637|1475.15406264562,C_TRUE_SUBSET_OF_C_APPROX_BECAUSE_EVERY_APPROXIMATION_HALFSPACE_IS_A_SUPPORT_HALFSPACE_OF_C_TRUE,215205.753052054,283830.570029548,68624.8169774932,0.00423123597020024,0.318880029944619,1.30967237055302e-09,PER_COMPONENT_ONLY,GEOMETRIC_ONLY;NOT_AC_INTERIOR_CERTIFIED
PER_COMPONENT,2012-08-31 11:30:00,20120831T113000_C02,20120831T113000_C02_K4,VMAX / bus 13,4,13,4,EXACT_HULL_CHORD_PLUS_EVENLY_INDEXED_EXACT_BOUNDARY_SUPPORT_FACETS,12;0;6;11,980.597587729999|1688.78903504;1320.33502130051|511.940396712574;1970.70168395363|-1436.99148139646;2498.95245234|-2741.47952343,-0.960766639794996|-0.277358006657519|-1410.5246097782;-0.948577719699332|-0.316544325000489|-1414.49221106227;-0.92688657889443|-0.375341537623242|-1287.25434968242;0.945984874670993|0.324210759990637|1475.15406264562,C_TRUE_SUBSET_OF_C_APPROX_BECAUSE_EVERY_APPROXIMATION_HALFSPACE_IS_A_SUPPORT_HALFSPACE_OF_C_TRUE,215205.753052054,231437.506303472,16231.7532514194,0.00100080963770505,0.0754243463347064,-1.01681507658213e-09,PER_COMPONENT_ONLY,GEOMETRIC_ONLY;NOT_AC_INTERIOR_CERTIFIED
PER_COMPONENT,2012-08-31 11:30:00,20120831T113000_C02,20120831T113000_C02_K5,VMAX / bus 13,5,13,5,EXACT_HULL_CHORD_PLUS_EVENLY_INDEXED_EXACT_BOUNDARY_SUPPORT_FACETS,12;0;4;7;11,980.597587729999|1688.78903504;1244.69114824972|773.970365156306;1591.33236068178|-308.678716461765;2026.89979365332|-1575.76981637565;2498.95245234|-2741.47952343,-0.960766639794996|-0.277358006657518|-1410.5246097782;-0.95237472340724|-0.304930133333824|-1421.4192746853;-0.9456854825107|-0.325083017348654|-1404.55370280754;-0.926886578894429|-0.375341537623244|-1287.25434968241;0.945984874670993|0.324210759990637|1475.15406264562,C_TRUE_SUBSET_OF_C_APPROX_BECAUSE_EVERY_APPROXIMATION_HALFSPACE_IS_A_SUPPORT_HALFSPACE_OF_C_TRUE,215205.753052054,224363.777584344,9158.02453228678,0.000564661073408718,0.0425547384417351,2.95403879135847e-09,PER_COMPONENT_ONLY,GEOMETRIC_ONLY;NOT_AC_INTERIOR_CERTIFIED
PER_COMPONENT,2012-08-31 11:30:00,20120831T113000_C02,20120831T113000_C02_K8,VMAX / bus 13,8,13,8,EXACT_HULL_CHORD_PLUS_EVENLY_INDEXED_EXACT_BOUNDARY_SUPPORT_FACETS,12;0;2;4;6;7;9;11,980.597587729999|1688.78903504;1147.46869648304|1110.74841393944;1353.08902988532|435.41608253439;1523.94500253027|-98.2107778588011;1688.70381931999|-591.93797619199;1840.0068721052|-1032.08739293332;2141.5213200667|-1858.821767294;2498.95245234|-2741.47952343,-0.960766639794996|-0.277358006657518|-1410.5246097782;-0.956640569515207|-0.291271043458873|-1421.24395685284;-0.95237472340724|-0.304930133333822|-1421.41927468531;-0.948577719699338|-0.316544325000472|-1414.49221106228;-0.945685482510694|-0.325083017348671|-1404.55370280751;-0.939470462580694|-0.34262990228294|-1375.00810470013;-0.926886578894431|-0.37534153762324|-1287.25434968243;0.945984874670993|0.324210759990637|1475.15406264562,C_TRUE_SUBSET_OF_C_APPROX_BECAUSE_EVERY_APPROXIMATION_HALFSPACE_IS_A_SUPPORT_HALFSPACE_OF_C_TRUE,215205.753052054,217156.912658301,1951.15960624079,0.000120303660878767,0.00906648441581785,6.09725248068571e-09,PER_COMPONENT_ONLY,GEOMETRIC_ONLY;NOT_AC_INTERIOR_CERTIFIED
PER_TIMESTAMP_UNION,2012-08-31 11:30:00,ALL_CONVEX_VMAX_COMPONENTS,20120831T113000_ALL_VMAX_K3,ALL_CONVEX_VMAX_COMPONENTS,3,26,6,UNION_OF_PER_COMPONENT_APPROXIMATIONS,SEE_PER_COMPONENT_ROWS,SEE_PER_COMPONENT_ROWS,SEE_PER_COMPONENT_ROWS,UNION_OF_CONTAINING_PER_COMPONENT_OUTER_APPROXIMATIONS,340166.980376805,452137.290995769,111970.310618962,0.00690381157651506,0.329162784979693,2.83762346953154e-09,FULL_VMAX_COVERAGE,GEOMETRIC_ONLY;NOT_AC_INTERIOR_CERTIFIED
PER_TIMESTAMP_UNION,2012-08-31 11:30:00,ALL_CONVEX_VMAX_COMPONENTS,20120831T113000_ALL_VMAX_K4,ALL_CONVEX_VMAX_COMPONENTS,4,26,8,UNION_OF_PER_COMPONENT_APPROXIMATIONS,SEE_PER_COMPONENT_ROWS,SEE_PER_COMPONENT_ROWS,SEE_PER_COMPONENT_ROWS,UNION_OF_CONTAINING_PER_COMPONENT_OUTER_APPROXIMATIONS,340166.980376805,368980.623089076,28813.642712271,0.00177657772867568,0.084704408053815,1.01863406598568e-10,FULL_VMAX_COVERAGE,GEOMETRIC_ONLY;NOT_AC_INTERIOR_CERTIFIED
PER_TIMESTAMP_UNION,2012-08-31 11:30:00,ALL_CONVEX_VMAX_COMPONENTS,20120831T113000_ALL_VMAX_K5,ALL_CONVEX_VMAX_COMPONENTS,5,26,10,UNION_OF_PER_COMPONENT_APPROXIMATIONS,SEE_PER_COMPONENT_ROWS,SEE_PER_COMPONENT_ROWS,SEE_PER_COMPONENT_ROWS,UNION_OF_CONTAINING_PER_COMPONENT_OUTER_APPROXIMATIONS,340166.980376805,355367.015581377,15200.0352045686,0.00093719646242516,0.0446840407253268,3.07045411318541e-09,FULL_VMAX_COVERAGE,GEOMETRIC_ONLY;NOT_AC_INTERIOR_CERTIFIED
PER_TIMESTAMP_UNION,2012-08-31 11:30:00,ALL_CONVEX_VMAX_COMPONENTS,20120831T113000_ALL_VMAX_K8,ALL_CONVEX_VMAX_COMPONENTS,8,26,16,UNION_OF_PER_COMPONENT_APPROXIMATIONS,SEE_PER_COMPONENT_ROWS,SEE_PER_COMPONENT_ROWS,SEE_PER_COMPONENT_ROWS,UNION_OF_CONTAINING_PER_COMPONENT_OUTER_APPROXIMATIONS,340166.980376805,343438.182229384,3271.20185256466,0.000201694191022713,0.00961645909588616,1.41881173476577e-08,FULL_VMAX_COVERAGE,GEOMETRIC_ONLY;NOT_AC_INTERIOR_CERTIFIED
PER_COMPONENT,2012-09-03 07:00:00,20120903T070000_C01,20120903T070000_C01_K3,VMAX / bus 30,3,13,3,EXACT_HULL_CHORD_PLUS_EVENLY_INDEXED_EXACT_BOUNDARY_SUPPORT_FACETS,12;0;11,-1605.00813023|3405.8507175;-298.490310766345|2671.19031246797;1095.04770318|2088.40161839,-0.490131560244545|-0.871648469081572|-2182.03942475444;-0.385826660507914|-0.922571291576597|-2349.19797682352;0.438517383957453|0.898722706938637|2357.0914097616,C_TRUE_SUBSET_OF_C_APPROX_BECAUSE_EVERY_APPROXIMATION_HALFSPACE_IS_A_SUPPORT_HALFSPACE_OF_C_TRUE,97309.5825304636,131176.693979273,33867.1114488099,0.00208971171971404,0.348034700880641,-4.22005541622639e-10,PER_COMPONENT_ONLY,GEOMETRIC_ONLY;NOT_AC_INTERIOR_CERTIFIED
PER_COMPONENT,2012-09-03 07:00:00,20120903T070000_C01,20120903T070000_C01_K4,VMAX / bus 30,4,13,4,EXACT_HULL_CHORD_PLUS_EVENLY_INDEXED_EXACT_BOUNDARY_SUPPORT_FACETS,12;0;6;11,-1605.00813023|3405.8507175;-734.613133489681|2916.42398996742;481.782176561611|2344.87414501225;1095.04770318|2088.40161839,-0.490131560244545|-0.871648469081572|-2182.03942475444;-0.425266095803254|-0.905068366346023|-2327.15703696721;-0.385826660507917|-0.922571291576596|-2349.19797682352;0.438517383957453|0.898722706938637|2357.0914097616,C_TRUE_SUBSET_OF_C_APPROX_BECAUSE_EVERY_APPROXIMATION_HALFSPACE_IS_A_SUPPORT_HALFSPACE_OF_C_TRUE,97309.5825304636,106659.112245254,9349.52971479102,0.000576896610989244,0.0960802571716313,-8.29459168016911e-10,PER_COMPONENT_ONLY,GEOMETRIC_ONLY;NOT_AC_INTERIOR_CERTIFIED
PER_COMPONENT,2012-09-03 07:00:00,20120903T070000_C01,20120903T070000_C01_K5,VMAX / bus 30,5,13,5,EXACT_HULL_CHORD_PLUS_EVENLY_INDEXED_EXACT_BOUNDARY_SUPPORT_FACETS,12;0;4;7;11,-1605.00813023|3405.8507175;-865.611499509425|2990.08491613688;-105.459396627054|2620.03935287046;560.243134867638|2312.06114746955;1095.04770318|2088.40161839,-0.490131560244548|-0.87164846908157|-2182.03942475443;-0.43769701127554|-0.899122531316205|-2309.57715238638;-0.419879464131205|-0.907579878358314|-2333.61476222881;-0.38582666050791|-0.922571291576599|-2349.19797682352;0.438517383957453|0.898722706938637|2357.0914097616,C_TRUE_SUBSET_OF_C_APPROX_BECAUSE_EVERY_APPROXIMATION_HALFSPACE_IS_A_SUPPORT_HALFSPACE_OF_C_TRUE,97309.5825304636,102203.836439729,4894.25390925859,0.000301991499006135,0.0502957034855885,7.27595761418343e-09,PER_COMPONENT_ONLY,GEOMETRIC_ONLY;NOT_AC_INTERIOR_CERTIFIED
PER_COMPONENT,2012-09-03 07:00:00,20120903T070000_C01,20120903T070000_C01_K8,VMAX / bus 30,8,13,8,EXACT_HULL_CHORD_PLUS_EVENLY_INDEXED_EXACT_BOUNDARY_SUPPORT_FACETS,12;0;2;4;6;7;9;11,-1605.00813023|3405.8507175;-1056.51495898571|3097.43072556368;-522.514807280073|2823.06385778629;-150.522303701252|2641.97618468014;0|2571.25000000001;342.26899340933|2412.90391392172;813.935989517575|2205.96477551652;1095.04770318|2088.40161839,-0.490131560244548|-0.87164846908157|-2182.03942475443;-0.457003143165978|-0.88946507921133|-2272.22580860676;-0.437697011275556|-0.899122531316197|-2309.57715238636;-0.425266095803165|-0.905068366346064|-2327.15703696733;-0.419879464131234|-0.907579878358301|-2333.61476222879;-0.40177164290869|-0.915739890446218|-2347.1063415907;-0.38582666050794|-0.922571291576586|-2349.19797682352;0.438517383957453|0.898722706938637|2357.0914097616,C_TRUE_SUBSET_OF_C_APPROX_BECAUSE_EVERY_APPROXIMATION_HALFSPACE_IS_A_SUPPORT_HALFSPACE_OF_C_TRUE,97309.5825304636,98445.4499546148,1135.86742416139,7.00867409935213e-05,0.0116727191158774,-1.01863406598568e-08,PER_COMPONENT_ONLY,GEOMETRIC_ONLY;NOT_AC_INTERIOR_CERTIFIED
PER_COMPONENT,2012-09-03 07:00:00,20120903T070000_C02,20120903T070000_C02_K3,VMAX / bus 13,3,13,3,EXACT_HULL_CHORD_PLUS_EVENLY_INDEXED_EXACT_BOUNDARY_SUPPORT_FACETS,12;0;11,1202.8006681|1974.70515895;1819.9140537417|-169.077762005896;2558.91320687|-2067.99115005,-0.960976902385886|-0.27662861941749|-1702.12362209535;-0.931916310112266|-0.362673394318826|-1634.68758383391;0.948080251064985|0.318031189571958|1768.36939014813,C_TRUE_SUBSET_OF_C_APPROX_BECAUSE_EVERY_APPROXIMATION_HALFSPACE_IS_A_SUPPORT_HALFSPACE_OF_C_TRUE,155949.857598794,206204.446570543,50254.5889717521,0.00310087276567464,0.322248379995575,-3.58704710379243e-09,PER_COMPONENT_ONLY,GEOMETRIC_ONLY;NOT_AC_INTERIOR_CERTIFIED
PER_COMPONENT,2012-09-03 07:00:00,20120903T070000_C02,20120903T070000_C02_K4,VMAX / bus 13,4,13,4,EXACT_HULL_CHORD_PLUS_EVENLY_INDEXED_EXACT_BOUNDARY_SUPPORT_FACETS,12;0;6;11,1202.8006681|1974.70515895;1539.00163297023|806.780587441574;2118.04101595927|-935.137205369805;2558.91320687|-2067.99115005,-0.960976902385886|-0.276628619417493|-1702.12362209535;-0.948944443925799|-0.315443247419178|-1714.92053725716;-0.931916310112266|-0.362673394318826|-1634.68758383391;0.948080251064985|0.318031189571958|1768.36939014813,C_TRUE_SUBSET_OF_C_APPROX_BECAUSE_EVERY_APPROXIMATION_HALFSPACE_IS_A_SUPPORT_HALFSPACE_OF_C_TRUE,155949.857598794,168337.410277923,12387.5526791317,0.000764352579973756,0.0794329207468765,-3.20142135024071e-09,PER_COMPONENT_ONLY,GEOMETRIC_ONLY;NOT_AC_INTERIOR_CERTIFIED
PER_COMPONENT,2012-09-03 07:00:00,20120903T070000_C02,20120903T070000_C02_K5,VMAX / bus 13,5,13,5,EXACT_HULL_CHORD_PLUS_EVENLY_INDEXED_EXACT_BOUNDARY_SUPPORT_FACETS,12;0;4;7;11,1202.8006681|1974.70515895;1456.34350531442|1093.92568341526;1777.56522309544|85.8659446875316;2149.07306595745|-1014.87637009082;2558.91320687|-2067.99115005,-0.960976902385886|-0.276628619417493|-1702.12362209535;-0.952795855087828|-0.303611690366914|-1719.72668132514;-0.947490372069345|-0.319784294229553|-1711.68451512849;-0.931916310112267|-0.362673394318824|-1634.68758383392;0.948080251064985|0.318031189571958|1768.36939014813,C_TRUE_SUBSET_OF_C_APPROX_BECAUSE_EVERY_APPROXIMATION_HALFSPACE_IS_A_SUPPORT_HALFSPACE_OF_C_TRUE,155949.857598794,162553.576122514,6603.71852372601,0.000407471065655582,0.0423451398122794,-6.17001205682755e-09,PER_COMPONENT_ONLY,GEOMETRIC_ONLY;NOT_AC_INTERIOR_CERTIFIED
PER_COMPONENT,2012-09-03 07:00:00,20120903T070000_C02,20120903T070000_C02_K8,VMAX / bus 13,8,13,8,EXACT_HULL_CHORD_PLUS_EVENLY_INDEXED_EXACT_BOUNDARY_SUPPORT_FACETS,12;0;2;4;6;7;9;11,1202.8006681|1974.70515895;1358.35085683855|1434.34119062929;1560.98536149222|765.538042233093;1752.57666840834|164.285162675242;1849.09706163999|-126.076072291967;1989.3913183858|-541.754577840657;2251.1183863188|-1277.0894243293;2558.91320687|-2067.99115005,-0.960976902385886|-0.276628619417491|-1702.12362209535;-0.957037555745486|-0.289963992407172|-1715.90008198248;-0.952795855087827|-0.303611690366917|-1719.72668132513;-0.948944443925788|-0.315443247419209|-1714.92053725714;-0.947490372069349|-0.319784294229541|-1711.6845151285;-0.942103556226399|-0.335322068086149|-1692.55037034052;-0.931916310112266|-0.362673394318827|-1634.68758383391;0.948080251064985|0.318031189571958|1768.36939014813,C_TRUE_SUBSET_OF_C_APPROX_BECAUSE_EVERY_APPROXIMATION_HALFSPACE_IS_A_SUPPORT_HALFSPACE_OF_C_TRUE,155949.857598794,157471.222051669,1521.36445287123,9.38731704924622e-05,0.00975547189523688,3.55066731572151e-09,PER_COMPONENT_ONLY,GEOMETRIC_ONLY;NOT_AC_INTERIOR_CERTIFIED
PER_TIMESTAMP_UNION,2012-09-03 07:00:00,ALL_CONVEX_VMAX_COMPONENTS,20120903T070000_ALL_VMAX_K3,ALL_CONVEX_VMAX_COMPONENTS,3,26,6,UNION_OF_PER_COMPONENT_APPROXIMATIONS,SEE_PER_COMPONENT_ROWS,SEE_PER_COMPONENT_ROWS,SEE_PER_COMPONENT_ROWS,UNION_OF_CONTAINING_PER_COMPONENT_OUTER_APPROXIMATIONS,253259.440129258,337381.140549816,84121.700420562,0.00519058448538868,0.332156228323131,-3.98722477257252e-09,FULL_VMAX_COVERAGE,GEOMETRIC_ONLY;NOT_AC_INTERIOR_CERTIFIED
PER_TIMESTAMP_UNION,2012-09-03 07:00:00,ALL_CONVEX_VMAX_COMPONENTS,20120903T070000_ALL_VMAX_K4,ALL_CONVEX_VMAX_COMPONENTS,4,26,8,UNION_OF_PER_COMPONENT_APPROXIMATIONS,SEE_PER_COMPONENT_ROWS,SEE_PER_COMPONENT_ROWS,SEE_PER_COMPONENT_ROWS,UNION_OF_CONTAINING_PER_COMPONENT_OUTER_APPROXIMATIONS,253259.440129258,274996.522523177,21737.0823939227,0.001341249190963,0.0858293076176296,-4.01632860302925e-09,FULL_VMAX_COVERAGE,GEOMETRIC_ONLY;NOT_AC_INTERIOR_CERTIFIED
PER_TIMESTAMP_UNION,2012-09-03 07:00:00,ALL_CONVEX_VMAX_COMPONENTS,20120903T070000_ALL_VMAX_K5,ALL_CONVEX_VMAX_COMPONENTS,5,26,10,UNION_OF_PER_COMPONENT_APPROXIMATIONS,SEE_PER_COMPONENT_ROWS,SEE_PER_COMPONENT_ROWS,SEE_PER_COMPONENT_ROWS,UNION_OF_CONTAINING_PER_COMPONENT_OUTER_APPROXIMATIONS,253259.440129258,264757.412562244,11497.9724329846,0.000709462564661717,0.0453999757210089,1.12049747258425e-09,FULL_VMAX_COVERAGE,GEOMETRIC_ONLY;NOT_AC_INTERIOR_CERTIFIED
PER_TIMESTAMP_UNION,2012-09-03 07:00:00,ALL_CONVEX_VMAX_COMPONENTS,20120903T070000_ALL_VMAX_K8,ALL_CONVEX_VMAX_COMPONENTS,8,26,16,UNION_OF_PER_COMPONENT_APPROXIMATIONS,SEE_PER_COMPONENT_ROWS,SEE_PER_COMPONENT_ROWS,SEE_PER_COMPONENT_ROWS,UNION_OF_CONTAINING_PER_COMPONENT_OUTER_APPROXIMATIONS,253259.440129258,255916.672006284,2657.23187703262,0.000163959911485984,0.0104921335831605,-6.62112142890692e-09,FULL_VMAX_COVERAGE,GEOMETRIC_ONLY;NOT_AC_INTERIOR_CERTIFIED
PER_COMPONENT,2012-10-15 13:00:00,20121015T130000_C02,20121015T130000_C02_K3,VMAX / bus 13,3,12,3,EXACT_HULL_CHORD_PLUS_EVENLY_INDEXED_EXACT_BOUNDARY_SUPPORT_FACETS,11;0;10,956.927924516|1658.17978857;1541.69517070185|-367.79178473641;2210.46847402|-2119.08575439,-0.960779078444204|-0.277314915617438|-1379.23431759984;-0.934201066961256|-0.356746922184973|-1309.04468618905;0.949100673924902|0.314972873046707|1430.50259008957,C_TRUE_SUBSET_OF_C_APPROX_BECAUSE_EVERY_APPROXIMATION_HALFSPACE_IS_A_SUPPORT_HALFSPACE_OF_C_TRUE,124142.981023829,165408.174806292,41265.1937824587,0.00258075755957465,0.332400538815304,4.36557456851006e-09,PER_COMPONENT_ONLY,GEOMETRIC_ONLY;NOT_AC_INTERIOR_CERTIFIED
PER_COMPONENT,2012-10-15 13:00:00,20121015T130000_C02,20121015T130000_C02_K4,VMAX / bus 13,4,12,4,EXACT_HULL_CHORD_PLUS_EVENLY_INDEXED_EXACT_BOUNDARY_SUPPORT_FACETS,11;0;5;10,956.927924516|1658.17978857;1245.39206639212|658.773349219771;1785.04042833405|-1005.03175846235;2210.46847402|-2119.08575439,-0.960779078444204|-0.277314915617438|-1379.23431759984;-0.951216796638693|-0.30852326620925|-1387.88475734564;-0.934201066961256|-0.356746922184974|-1309.04468618905;0.949100673924902|0.314972873046707|1430.50259008957,C_TRUE_SUBSET_OF_C_APPROX_BECAUSE_EVERY_APPROXIMATION_HALFSPACE_IS_A_SUPPORT_HALFSPACE_OF_C_TRUE,124142.981023829,134911.387509517,10768.4064856851,0.000673464581046457,0.086741967986238,3.20142135024071e-09,PER_COMPONENT_ONLY,GEOMETRIC_ONLY;NOT_AC_INTERIOR_CERTIFIED
PER_COMPONENT,2012-10-15 13:00:00,20121015T130000_C02,20121015T130000_C02_K5,VMAX / bus 13,5,12,5,EXACT_HULL_CHORD_PLUS_EVENLY_INDEXED_EXACT_BOUNDARY_SUPPORT_FACETS,11;0;3;7;10,956.927924516|1658.17978857;1175.32348620903|901.531391088202;1529.38616230636|-229.049818561997;1908.31494758876|-1327.84656149287;2210.46847402|-2119.08575439,-0.960779078444204|-0.277314915617435|-1379.23431759984;-0.954298117511719|-0.298856324867969|-1391.03734865032;-0.945364136783651|-0.326016332233987|-1371.15284739117;-0.934201066961255|-0.356746922184974|-1309.04468618905;0.949100673924902|0.314972873046707|1430.50259008957,C_TRUE_SUBSET_OF_C_APPROX_BECAUSE_EVERY_APPROXIMATION_HALFSPACE_IS_A_SUPPORT_HALFSPACE_OF_C_TRUE,124142.981023829,128280.55250338,4137.5714795446,0.000258766963034456,0.0333290810758798,6.31553120911121e-09,PER_COMPONENT_ONLY,GEOMETRIC_ONLY;NOT_AC_INTERIOR_CERTIFIED
PER_COMPONENT,2012-10-15 13:00:00,20121015T130000_C02,20121015T130000_C02_K8,VMAX / bus 13,8,12,8,EXACT_HULL_CHORD_PLUS_EVENLY_INDEXED_EXACT_BOUNDARY_SUPPORT_FACETS,11;0;2;3;5;7;8;10,956.927924516|1658.17978857;1126.26544545842|1071.4967861255;1286.14645699|547.655151594017;1418.21657711891|125.933218574039;1596.09307397365|-422.482833201858;1765.32781887999|-913.220390537987;1954.75807410382|-1449.46560189736;2210.46847402|-2119.08575439,-0.960779078444205|-0.277314915617433|-1379.23431759983;-0.956444240925929|-0.291915080116843|-1389.99616922934;-0.954298117511718|-0.298856324867974|-1391.03734865032;-0.951216796638696|-0.308523266209241|-1387.88475734565;-0.945364136783657|-0.326016332233972|-1371.15284739119;-0.942898006863034|-0.33308159458865|-1360.34717799055;-0.934201066961254|-0.356746922184979|-1309.04468618903;0.949100673924902|0.314972873046707|1430.50259008957,C_TRUE_SUBSET_OF_C_APPROX_BECAUSE_EVERY_APPROXIMATION_HALFSPACE_IS_A_SUPPORT_HALFSPACE_OF_C_TRUE,124142.981023829,125521.488771814,1378.50774798174,8.62129549249417e-05,0.0111041940238018,3.97267285734415e-09,PER_COMPONENT_ONLY,GEOMETRIC_ONLY;NOT_AC_INTERIOR_CERTIFIED
PER_TIMESTAMP_UNION,2012-10-15 13:00:00,ALL_CONVEX_VMAX_COMPONENTS,20121015T130000_ALL_VMAX_K3,ALL_CONVEX_VMAX_COMPONENTS,3,12,3,UNION_OF_PER_COMPONENT_APPROXIMATIONS,SEE_PER_COMPONENT_ROWS,SEE_PER_COMPONENT_ROWS,SEE_PER_COMPONENT_ROWS,UNION_OF_CONTAINING_PER_COMPONENT_OUTER_APPROXIMATIONS,124142.981023829,165408.174806292,41265.1937824587,0.00258075755957465,0.332400538815304,4.36557456851006e-09,PARTIAL_ONLY_CONVEX_VMAX_COMPONENTS;REPRESENTATION_UNAVAILABLE,GEOMETRIC_ONLY;NOT_AC_INTERIOR_CERTIFIED
PER_TIMESTAMP_UNION,2012-10-15 13:00:00,ALL_CONVEX_VMAX_COMPONENTS,20121015T130000_ALL_VMAX_K4,ALL_CONVEX_VMAX_COMPONENTS,4,12,4,UNION_OF_PER_COMPONENT_APPROXIMATIONS,SEE_PER_COMPONENT_ROWS,SEE_PER_COMPONENT_ROWS,SEE_PER_COMPONENT_ROWS,UNION_OF_CONTAINING_PER_COMPONENT_OUTER_APPROXIMATIONS,124142.981023829,134911.387509517,10768.4064856851,0.000673464581046457,0.086741967986238,3.20142135024071e-09,PARTIAL_ONLY_CONVEX_VMAX_COMPONENTS;REPRESENTATION_UNAVAILABLE,GEOMETRIC_ONLY;NOT_AC_INTERIOR_CERTIFIED
PER_TIMESTAMP_UNION,2012-10-15 13:00:00,ALL_CONVEX_VMAX_COMPONENTS,20121015T130000_ALL_VMAX_K5,ALL_CONVEX_VMAX_COMPONENTS,5,12,5,UNION_OF_PER_COMPONENT_APPROXIMATIONS,SEE_PER_COMPONENT_ROWS,SEE_PER_COMPONENT_ROWS,SEE_PER_COMPONENT_ROWS,UNION_OF_CONTAINING_PER_COMPONENT_OUTER_APPROXIMATIONS,124142.981023829,128280.55250338,4137.5714795446,0.000258766963034456,0.0333290810758798,6.31553120911121e-09,PARTIAL_ONLY_CONVEX_VMAX_COMPONENTS;REPRESENTATION_UNAVAILABLE,GEOMETRIC_ONLY;NOT_AC_INTERIOR_CERTIFIED
PER_TIMESTAMP_UNION,2012-10-15 13:00:00,ALL_CONVEX_VMAX_COMPONENTS,20121015T130000_ALL_VMAX_K8,ALL_CONVEX_VMAX_COMPONENTS,8,12,8,UNION_OF_PER_COMPONENT_APPROXIMATIONS,SEE_PER_COMPONENT_ROWS,SEE_PER_COMPONENT_ROWS,SEE_PER_COMPONENT_ROWS,UNION_OF_CONTAINING_PER_COMPONENT_OUTER_APPROXIMATIONS,124142.981023829,125521.488771814,1378.50774798174,8.62129549249417e-05,0.0111041940238018,3.97267285734415e-09,PARTIAL_ONLY_CONVEX_VMAX_COMPONENTS;REPRESENTATION_UNAVAILABLE,GEOMETRIC_ONLY;NOT_AC_INTERIOR_CERTIFIED
PER_COMPONENT,2013-04-07 02:00:00,20130407T020000_C01,20130407T020000_C01_K3,VMAX / bus 30,3,13,3,EXACT_HULL_CHORD_PLUS_EVENLY_INDEXED_EXACT_BOUNDARY_SUPPORT_FACETS,12;0;11,-1825.5421376|3302.94224539;-478.170332365148|2531.13522133705;967.164546284998|1925.41569986,-0.497051510122849|-0.867721035981378|-1958.6439906695;-0.386515753262363|-0.922282805044108|-2149.60212567884;0.442370320238368|0.896832481443555|2154.62022997911,C_TRUE_SUBSET_OF_C_APPROX_BECAUSE_EVERY_APPROXIMATION_HALFSPACE_IS_A_SUPPORT_HALFSPACE_OF_C_TRUE,110665.148491184,149695.103166191,39029.9546750064,0.00240983157783789,0.352685151623102,8.44011083245277e-10,PER_COMPONENT_ONLY,GEOMETRIC_ONLY;NOT_AC_INTERIOR_CERTIFIED
PER_COMPONENT,2013-04-07 02:00:00,20130407T020000_C01,20130407T020000_C01_K4,VMAX / bus 30,4,13,4,EXACT_HULL_CHORD_PLUS_EVENLY_INDEXED_EXACT_BOUNDARY_SUPPORT_FACETS,12;0;6;11,-1825.5421376|3302.94224539;-903.258479304834|2774.63595096121;386.154164043478|2168.90898013925;967.164546284998|1925.41569986,-0.497051510122848|-0.867721035981378|-1958.6439906695;-0.425190389891326|-0.905103934553409|-2127.27709118006;-0.386515753262363|-0.922282805044108|-2149.60212567884;0.442370320238368|0.896832481443555|2154.62022997911,C_TRUE_SUBSET_OF_C_APPROX_BECAUSE_EVERY_APPROXIMATION_HALFSPACE_IS_A_SUPPORT_HALFSPACE_OF_C_TRUE,110665.148491184,121452.321234275,10787.1727430898,0.000666033812448588,0.0974757897148548,6.98491930961609e-10,PER_COMPONENT_ONLY,GEOMETRIC_ONLY;NOT_AC_INTERIOR_CERTIFIED
PER_COMPONENT,2013-04-07 02:00:00,20130407T020000_C01,20130407T020000_C01_K5,VMAX / bus 30,5,13,5,EXACT_HULL_CHORD_PLUS_EVENLY_INDEXED_EXACT_BOUNDARY_SUPPORT_FACETS,12;0;4;7;11,-1825.5421376|3302.94224539;-1061.53491147964|2865.30050370006;-249.388649254925|2465.98488717619;437.476122715051|2147.40066901564;967.164546284998|1925.41569986,-0.497051510122848|-0.867721035981378|-1958.6439906695;-0.441230163039014|-0.897393973249523|-2102.92218150549;-0.420766539705992|-0.907168958388594|-2132.13054251269;-0.386515753262361|-0.922282805044109|-2149.60212567884;0.442370320238368|0.896832481443555|2154.62022997911,C_TRUE_SUBSET_OF_C_APPROX_BECAUSE_EVERY_APPROXIMATION_HALFSPACE_IS_A_SUPPORT_HALFSPACE_OF_C_TRUE,110665.148491184,116404.471818665,5739.32332748082,0.000354363788150688,0.051862066836137,3.49245965480804e-10,PER_COMPONENT_ONLY,GEOMETRIC_ONLY;NOT_AC_INTERIOR_CERTIFIED
PER_COMPONENT,2013-04-07 02:00:00,20130407T020000_C01,20130407T020000_C01_K8,VMAX / bus 30,8,13,8,EXACT_HULL_CHORD_PLUS_EVENLY_INDEXED_EXACT_BOUNDARY_SUPPORT_FACETS,12;0;2;4;6;7;9;11,-1825.5421376|3302.94224539;-1259.6075356256|2978.76127376701;-702.858320063797|2688.94659936568;-317.068098410963|2499.26148059632;-4.65731870072274e-11|2350.31250000003;215.207338498645|2250.49421774721;705.705791569159|2034.98938699082;967.164546284998|1925.41569986,-0.497051510122851|-0.867721035981376|-1958.64399066949;-0.461735297512407|-0.887017764777644|-2060.60890665207;-0.441230163039021|-0.897393973249519|-2102.92218150547;-0.42519038989129|-0.905103934553426|-2127.27709118011;-0.420766539705995|-0.907168958388592|-2132.1305425127;-0.402246763931288|-0.915531288873737|-2146.96432726234;-0.386515753262365|-0.922282805044107|-2149.60212567884;0.442370320238368|0.896832481443555|2154.62022997911,C_TRUE_SUBSET_OF_C_APPROX_BECAUSE_EVERY_APPROXIMATION_HALFSPACE_IS_A_SUPPORT_HALFSPACE_OF_C_TRUE,110665.148491184,111953.355646295,1288.2071551113,7.95379422557177e-05,0.0116405857912342,-2.03726813197136e-10,PER_COMPONENT_ONLY,GEOMETRIC_ONLY;NOT_AC_INTERIOR_CERTIFIED
PER_COMPONENT,2013-04-07 02:00:00,20130407T020000_C02,20130407T020000_C02_K3,VMAX / bus 13,3,13,3,EXACT_HULL_CHORD_PLUS_EVENLY_INDEXED_EXACT_BOUNDARY_SUPPORT_FACETS,12;0;11,1092.17196451|1832.59628879;1747.79699560524|-437.093784942532;2527.73302332|-2402.44153007,-0.960721316843651|-0.277514957006286|-1557.8457682572;-0.929484853088748|-0.368860282327318|-1463.32429677167;0.947068937787856|0.321030258818981|1622.68100321112,C_TRUE_SUBSET_OF_C_APPROX_BECAUSE_EVERY_APPROXIMATION_HALFSPACE_IS_A_SUPPORT_HALFSPACE_OF_C_TRUE,183106.670503141,240840.941869209,57734.2713660654,0.00356469464081907,0.31530403129183,2.31375452131033e-09,PER_COMPONENT_ONLY,GEOMETRIC_ONLY;NOT_AC_INTERIOR_CERTIFIED
PER_COMPONENT,2013-04-07 02:00:00,20130407T020000_C02,20130407T020000_C02_K4,VMAX / bus 13,4,13,4,EXACT_HULL_CHORD_PLUS_EVENLY_INDEXED_EXACT_BOUNDARY_SUPPORT_FACETS,12;0;6;11,1092.17196451|1832.59628879;1430.30957379293|662.007096880953;2041.65404464963|-1177.57924555318;2527.73302332|-2402.44153007,-0.960721316843651|-0.277514957006286|-1557.8457682572;-0.948969362372535|-0.315368275637016|-1566.09600084042;-0.929484853088749|-0.368860282327316|-1463.32429677168;0.947068937787856|0.321030258818981|1622.68100321112,C_TRUE_SUBSET_OF_C_APPROX_BECAUSE_EVERY_APPROXIMATION_HALFSPACE_IS_A_SUPPORT_HALFSPACE_OF_C_TRUE,183106.670503141,196899.080891224,13792.4103880821,0.000851586592002475,0.0753244562318964,0,PER_COMPONENT_ONLY,GEOMETRIC_ONLY;NOT_AC_INTERIOR_CERTIFIED
PER_COMPONENT,2013-04-07 02:00:00,20130407T020000_C02,20130407T020000_C02_K5,VMAX / bus 13,5,13,5,EXACT_HULL_CHORD_PLUS_EVENLY_INDEXED_EXACT_BOUNDARY_SUPPORT_FACETS,12;0;4;7;11,1092.17196451|1832.59628879;1360.29443917228|904.390545533113;1691.39965926242|-129.455555127598;2090.6913653316|-1301.14756937043;2527.73302332|-2402.44153007,-0.960721316843651|-0.277514957006285|-1557.8457682572;-0.952350728497889|-0.3050050654162|-1571.32109761947;-0.946546883616453|-0.322566267790016|-1559.23108116258;-0.929484853088749|-0.368860282327316|-1463.32429677168;0.947068937787856|0.321030258818981|1622.68100321112,C_TRUE_SUBSET_OF_C_APPROX_BECAUSE_EVERY_APPROXIMATION_HALFSPACE_IS_A_SUPPORT_HALFSPACE_OF_C_TRUE,183106.670503141,190685.170597806,7578.50009466274,0.000467920318966211,0.0413884435440746,1.77533365786076e-09,PER_COMPONENT_ONLY,GEOMETRIC_ONLY;NOT_AC_INTERIOR_CERTIFIED
PER_COMPONENT,2013-04-07 02:00:00,20130407T020000_C02,20130407T020000_C02_K8,VMAX / bus 13,8,13,8,EXACT_HULL_CHORD_PLUS_EVENLY_INDEXED_EXACT_BOUNDARY_SUPPORT_FACETS,12;0;2;4;6;7;9;11,1092.17196451|1832.59628879;1257.18922442683|1261.32762291544;1463.16616171075|583.182896841573;1640.0358416376|30.923319454944;1769.36790556|-358.247614072979;1918.02942950857|-794.483873900376;2195.71267303916|-1565.78900528175;2527.73302332|-2402.44153007,-0.960721316843647|-0.2775149570063|-1557.84576825722;-0.956836808043799|-0.290625743478712|-1569.49920278766;-0.95235072849789|-0.305005065416195|-1571.32109761946;-0.948969362372522|-0.315368275637053|-1566.0960008404;-0.94654688361646|-0.322566267789995|-1559.23108116261;-0.940882203774573|-0.338733934851976|-1535.5211077578;-0.929484853088747|-0.368860282327321|-1463.32429677166;0.947068937787856|0.321030258818981|1622.68100321112,C_TRUE_SUBSET_OF_C_APPROX_BECAUSE_EVERY_APPROXIMATION_HALFSPACE_IS_A_SUPPORT_HALFSPACE_OF_C_TRUE,183106.670503141,184749.992778089,1643.32227495071,0.000101463861378158,0.0089746718152604,-3.4669938031584e-09,PER_COMPONENT_ONLY,GEOMETRIC_ONLY;NOT_AC_INTERIOR_CERTIFIED
PER_TIMESTAMP_UNION,2013-04-07 02:00:00,ALL_CONVEX_VMAX_COMPONENTS,20130407T020000_ALL_VMAX_K3,ALL_CONVEX_VMAX_COMPONENTS,3,26,6,UNION_OF_PER_COMPONENT_APPROXIMATIONS,SEE_PER_COMPONENT_ROWS,SEE_PER_COMPONENT_ROWS,SEE_PER_COMPONENT_ROWS,UNION_OF_CONTAINING_PER_COMPONENT_OUTER_APPROXIMATIONS,293771.818994325,390536.0450354,96764.2260410718,0.00597452621865696,0.329385665283779,3.15776560455561e-09,FULL_VMAX_COVERAGE,GEOMETRIC_ONLY;NOT_AC_INTERIOR_CERTIFIED
PER_TIMESTAMP_UNION,2013-04-07 02:00:00,ALL_CONVEX_VMAX_COMPONENTS,20130407T020000_ALL_VMAX_K4,ALL_CONVEX_VMAX_COMPONENTS,4,26,8,UNION_OF_PER_COMPONENT_APPROXIMATIONS,SEE_PER_COMPONENT_ROWS,SEE_PER_COMPONENT_ROWS,SEE_PER_COMPONENT_ROWS,UNION_OF_CONTAINING_PER_COMPONENT_OUTER_APPROXIMATIONS,293771.818994325,318351.402125498,24579.583131172,0.00151762040445106,0.0836689619015048,6.98491930961609e-10,FULL_VMAX_COVERAGE,GEOMETRIC_ONLY;NOT_AC_INTERIOR_CERTIFIED
PER_TIMESTAMP_UNION,2013-04-07 02:00:00,ALL_CONVEX_VMAX_COMPONENTS,20130407T020000_ALL_VMAX_K5,ALL_CONVEX_VMAX_COMPONENTS,5,26,10,UNION_OF_PER_COMPONENT_APPROXIMATIONS,SEE_PER_COMPONENT_ROWS,SEE_PER_COMPONENT_ROWS,SEE_PER_COMPONENT_ROWS,UNION_OF_CONTAINING_PER_COMPONENT_OUTER_APPROXIMATIONS,293771.818994325,307089.642416471,13317.8234221436,0.000822284107116899,0.0453339039385558,2.12457962334156e-09,FULL_VMAX_COVERAGE,GEOMETRIC_ONLY;NOT_AC_INTERIOR_CERTIFIED
PER_TIMESTAMP_UNION,2013-04-07 02:00:00,ALL_CONVEX_VMAX_COMPONENTS,20130407T020000_ALL_VMAX_K8,ALL_CONVEX_VMAX_COMPONENTS,8,26,16,UNION_OF_PER_COMPONENT_APPROXIMATIONS,SEE_PER_COMPONENT_ROWS,SEE_PER_COMPONENT_ROWS,SEE_PER_COMPONENT_ROWS,UNION_OF_CONTAINING_PER_COMPONENT_OUTER_APPROXIMATIONS,293771.818994325,296703.348424384,2931.52943006202,0.000181001803633876,0.0099789334460248,-3.69982444681227e-09,FULL_VMAX_COVERAGE,GEOMETRIC_ONLY;NOT_AC_INTERIOR_CERTIFIED
PER_COMPONENT,2013-04-17 05:30:00,20130417T053000_C01,20130417T053000_C01_K3,VMAX / bus 30,3,13,3,EXACT_HULL_CHORD_PLUS_EVENLY_INDEXED_EXACT_BOUNDARY_SUPPORT_FACETS,12;0;11,-2164.97725971|3147.83346184;-746.999821590576|2312.80476019839;921.609945157998|1612.22968512,-0.507437373100585|-0.861688640043942|-1613.86196132798;-0.387119267286971|-0.922029648598785|-1843.29653672567;0.445428252638293|0.8953176373509|1853.96878003442,C_TRUE_SUBSET_OF_C_APPROX_BECAUSE_EVERY_APPROXIMATION_HALFSPACE_IS_A_SUPPORT_HALFSPACE_OF_C_TRUE,151919.360633525,199968.698452299,48049.3378187767,0.00300504613861,0.31628185912845,-2.53203324973583e-09,PER_COMPONENT_ONLY,GEOMETRIC_ONLY;NOT_AC_INTERIOR_CERTIFIED
PER_COMPONENT,2013-04-17 05:30:00,20130417T053000_C01,20130417T053000_C01_K4,VMAX / bus 30,4,13,4,EXACT_HULL_CHORD_PLUS_EVENLY_INDEXED_EXACT_BOUNDARY_SUPPORT_FACETS,12;0;6;11,-2164.97725971|3147.83346184;-1176.23691253985|2565.57697019007;204.223235209712|1913.42847838943;921.609945157998|1612.22968512,-0.507437373100585|-0.861688640043942|-1613.86196132797;-0.427147973359207|-0.904181734417989|-1817.32062130762;-0.387119267286971|-0.922029648598785|-1843.29653672567;0.445428252638293|0.8953176373509|1853.96878003442,C_TRUE_SUBSET_OF_C_APPROX_BECAUSE_EVERY_APPROXIMATION_HALFSPACE_IS_A_SUPPORT_HALFSPACE_OF_C_TRUE,151919.360633525,165460.878019979,13541.5173864572,0.000846897925764783,0.0891362189123701,-2.51748133450747e-09,PER_COMPONENT_ONLY,GEOMETRIC_ONLY;NOT_AC_INTERIOR_CERTIFIED
PER_COMPONENT,2013-04-17 05:30:00,20130417T053000_C01,20130417T053000_C01_K5,VMAX / bus 30,5,13,5,EXACT_HULL_CHORD_PLUS_EVENLY_INDEXED_EXACT_BOUNDARY_SUPPORT_FACETS,12;0;4;7;11,-2164.97725971|3147.83346184;-1355.49772731176|2671.14136168894;-429.46630293102|2209.84177023272;309.02433111426|1869.42715639388;921.609945157998|1612.22968512,-0.507437373100585|-0.861688640043942|-1613.86196132797;-0.445886079617042|-0.895089718410252|-1786.51360170728;-0.418625019379459|-0.90815917831047|-1827.10274686338;-0.387119267286975|-0.922029648598783|-1843.29653672567;0.445428252638293|0.8953176373509|1853.96878003442,C_TRUE_SUBSET_OF_C_APPROX_BECAUSE_EVERY_APPROXIMATION_HALFSPACE_IS_A_SUPPORT_HALFSPACE_OF_C_TRUE,151919.360633525,158375.216168626,6455.85553510662,0.00040375465360971,0.0424952784700041,-4.97675500810146e-09,PER_COMPONENT_ONLY,GEOMETRIC_ONLY;NOT_AC_INTERIOR_CERTIFIED
PER_COMPONENT,2013-04-17 05:30:00,20130417T053000_C01,20130417T053000_C01_K8,VMAX / bus 30,8,13,8,EXACT_HULL_CHORD_PLUS_EVENLY_INDEXED_EXACT_BOUNDARY_SUPPORT_FACETS,12;0;2;4;6;7;9;11,-2164.97725971|3147.83346184;-1566.72005262727|2795.52747625213;-978.494287348007|2483.33830419641;-544.12170564803|2266.95699228577;-171.874999999982|2091.10249328998;55.1317923437459|1986.46145115358;486.682619421146|1794.83633764815;921.609945157998|1612.22968512,-0.507437373100584|-0.861688640043942|-1613.86196132798;-0.468797098257644|-0.88330588171098|-1734.83204780443;-0.445886079617041|-0.895089718410253|-1786.51360170728;-0.427147973359224|-0.904181734417981|-1817.32062130759;-0.41862501937942|-0.908159178310488|-1827.10274686341;-0.405828507025485|-0.913949245245854|-1837.8989969683;-0.387119267286968|-0.922029648598786|-1843.29653672567;0.445428252638293|0.8953176373509|1853.96878003442,C_TRUE_SUBSET_OF_C_APPROX_BECAUSE_EVERY_APPROXIMATION_HALFSPACE_IS_A_SUPPORT_HALFSPACE_OF_C_TRUE,151919.360633525,153286.146389312,1366.78575578704,8.54799346710239e-05,0.00899678454469102,4.43833414465189e-10,PER_COMPONENT_ONLY,GEOMETRIC_ONLY;NOT_AC_INTERIOR_CERTIFIED
PER_TIMESTAMP_UNION,2013-04-17 05:30:00,ALL_CONVEX_VMAX_COMPONENTS,20130417T053000_ALL_VMAX_K3,ALL_CONVEX_VMAX_COMPONENTS,3,13,3,UNION_OF_PER_COMPONENT_APPROXIMATIONS,SEE_PER_COMPONENT_ROWS,SEE_PER_COMPONENT_ROWS,SEE_PER_COMPONENT_ROWS,UNION_OF_CONTAINING_PER_COMPONENT_OUTER_APPROXIMATIONS,151919.360633525,199968.698452299,48049.3378187767,0.00300504613861,0.31628185912845,-2.53203324973583e-09,PARTIAL_ONLY_CONVEX_VMAX_COMPONENTS;REPRESENTATION_UNAVAILABLE,GEOMETRIC_ONLY;NOT_AC_INTERIOR_CERTIFIED
PER_TIMESTAMP_UNION,2013-04-17 05:30:00,ALL_CONVEX_VMAX_COMPONENTS,20130417T053000_ALL_VMAX_K4,ALL_CONVEX_VMAX_COMPONENTS,4,13,4,UNION_OF_PER_COMPONENT_APPROXIMATIONS,SEE_PER_COMPONENT_ROWS,SEE_PER_COMPONENT_ROWS,SEE_PER_COMPONENT_ROWS,UNION_OF_CONTAINING_PER_COMPONENT_OUTER_APPROXIMATIONS,151919.360633525,165460.878019979,13541.5173864572,0.000846897925764783,0.0891362189123701,-2.51748133450747e-09,PARTIAL_ONLY_CONVEX_VMAX_COMPONENTS;REPRESENTATION_UNAVAILABLE,GEOMETRIC_ONLY;NOT_AC_INTERIOR_CERTIFIED
PER_TIMESTAMP_UNION,2013-04-17 05:30:00,ALL_CONVEX_VMAX_COMPONENTS,20130417T053000_ALL_VMAX_K5,ALL_CONVEX_VMAX_COMPONENTS,5,13,5,UNION_OF_PER_COMPONENT_APPROXIMATIONS,SEE_PER_COMPONENT_ROWS,SEE_PER_COMPONENT_ROWS,SEE_PER_COMPONENT_ROWS,UNION_OF_CONTAINING_PER_COMPONENT_OUTER_APPROXIMATIONS,151919.360633525,158375.216168626,6455.85553510662,0.00040375465360971,0.0424952784700041,-4.97675500810146e-09,PARTIAL_ONLY_CONVEX_VMAX_COMPONENTS;REPRESENTATION_UNAVAILABLE,GEOMETRIC_ONLY;NOT_AC_INTERIOR_CERTIFIED
PER_TIMESTAMP_UNION,2013-04-17 05:30:00,ALL_CONVEX_VMAX_COMPONENTS,20130417T053000_ALL_VMAX_K8,ALL_CONVEX_VMAX_COMPONENTS,8,13,8,UNION_OF_PER_COMPONENT_APPROXIMATIONS,SEE_PER_COMPONENT_ROWS,SEE_PER_COMPONENT_ROWS,SEE_PER_COMPONENT_ROWS,UNION_OF_CONTAINING_PER_COMPONENT_OUTER_APPROXIMATIONS,151919.360633525,153286.146389312,1366.78575578704,8.54799346710239e-05,0.00899678454469102,4.43833414465189e-10,PARTIAL_ONLY_CONVEX_VMAX_COMPONENTS;REPRESENTATION_UNAVAILABLE,GEOMETRIC_ONLY;NOT_AC_INTERIOR_CERTIFIED
