selection_index,timestamp,level,angle_deg,parent_start_angle_deg,parent_end_angle_deg,adaptive_triggers,status,no_reentry_statement,official_boundary_r,binding_mechanism,binding_bus,safe_r,safe_p13_abs_kw,safe_p30_abs_kw,safe_vmin_pu,safe_vmin_bus,safe_vmax_pu,safe_vmax_bus,safe_solver_status,violating_r,violating_p13_abs_kw,violating_p30_abs_kw,violating_vmin_pu,violating_vmin_bus,violating_vmax_pu,violating_vmax_bus,violating_solver_status,sweep_point_count,refinement_steps,unresolved_point_count,bracket_width_kw
1,2012-10-15 13:00:00,BASE,0,NaN,NaN,BASE_PREREGISTERED,RAY_CERTIFIED_BOUNDARY,NO_RE_ENTRY_DETECTED_AT_SWEEP_RESOLUTION_DELTA,1.0384765625,BINDING_VMAX,13,1.0384765625,1519.97871399,-187.8125,0.99942859229,22,1.0499909936,13,CONVERGED_FEASIBLE,1.038671875,1520.28793335,-187.8125,0.999428746518,22,1.05000310128,13,CONVERGED_INFEASIBLE,41,8,0,0.309219360351
1,2012-10-15 13:00:00,BASE,10,NaN,NaN,BASE_PREREGISTERED,RAY_CERTIFIED_BOUNDARY,NO_RE_ENTRY_DETECTED_AT_SWEEP_RESOLUTION_DELTA,0.97509765625,BINDING_VMAX,13,0.97509765625,1396.1835801,196.288254853,0.999581820777,22,1.04999507603,13,CONVERGED_FEASIBLE,0.9751953125,1396.33584091,196.32672263,0.999581917963,22,1.05000155009,13,CONVERGED_INFEASIBLE,41,9,0,0.157044976574
1,2012-10-15 13:00:00,BASE,20,NaN,NaN,BASE_PREREGISTERED,RAY_CERTIFIED_BOUNDARY,NO_RE_ENTRY_DETECTED_AT_SWEEP_RESOLUTION_DELTA,0.94794921875,BINDING_VMAX,13,0.94794921875,1286.14645699,547.655151594,0.999718335609,22,1.0499959316,13,CONVERGED_FEASIBLE,0.948046875,1286.29174257,547.730918324,0.999718448872,22,1.05000260296,13,CONVERGED_INFEASIBLE,41,9,0,0.163855106408
1,2012-10-15 13:00:00,BASE,30,NaN,NaN,BASE_PREREGISTERED,RAY_CERTIFIED_BOUNDARY,NO_RE_ENTRY_DETECTED_AT_SWEEP_RESOLUTION_DELTA,0.951953125,BINDING_VMAX,13,0.951953125,1181.07671253,891.910583496,0.999848851617,22,1.04999203549,13,CONVERGED_FEASIBLE,0.9521484375,1181.34450436,892.132110596,0.999849101638,22,1.05000532282,13,CONVERGED_INFEASIBLE,41,8,0,0.347543832449
1,2012-10-15 13:00:00,BASE,40,NaN,NaN,BASE_PREREGISTERED,RAY_CERTIFIED_BOUNDARY,NO_RE_ENTRY_DETECTED_AT_SWEEP_RESOLUTION_DELTA,0.987890625,BINDING_VMAX,13,0.987890625,1073.97703333,1252.65405387,0.999982478558,22,1.04999331085,13,CONVERGED_FEASIBLE,0.9880859375,1074.2139091,1252.93884362,0.999982742787,22,1.0500060966,13,CONVERGED_INFEASIBLE,41,8,0,0.370425880865
1,2012-10-15 13:00:00,BASE,50,NaN,NaN,BASE_PREREGISTERED,RAY_CERTIFIED_BOUNDARY,NO_RE_ENTRY_DETECTED_AT_SWEEP_RESOLUTION_DELTA,1.0623046875,BINDING_VMAX,13,1.0623046875,956.927924516,1658.17978857,1,1,1.04999635148,13,CONVERGED_FEASIBLE,1.0625,957.12668689,1658.51918778,1,1,1.05000820228,13,CONVERGED_INFEASIBLE,41,8,0,0.393317051559
1,2012-10-15 13:00:00,BASE,60,NaN,NaN,BASE_PREREGISTERED,RAY_CERTIFIED_BOUNDARY,NO_RE_ENTRY_DETECTED_AT_SWEEP_RESOLUTION_DELTA,1.00419921875,BINDING_VMAX,30,1.00419921875,670.785045624,1784.96147002,1,1,1.04999558685,30,CONVERGED_FEASIBLE,1.004296875,670.862350464,1785.15331812,1,1,1.05000180295,30,CONVERGED_INFEASIBLE,41,9,0,0.20683744873
1,2012-10-15 13:00:00,BASE,70,NaN,NaN,BASE_PREREGISTERED,RAY_CERTIFIED_BOUNDARY,NO_RE_ENTRY_DETECTED_AT_SWEEP_RESOLUTION_DELTA,0.97900390625,BINDING_VMAX,30,0.97900390625,405.977615357,1899.06549259,0.999966234009,22,1.0499949311,30,CONVERGED_FEASIBLE,0.9791015625,406.030494982,1899.27365997,0.999966365595,22,1.05000131093,30,CONVERGED_INFEASIBLE,41,9,0,0.214778753999
1,2012-10-15 13:00:00,BASE,80,NaN,NaN,BASE_PREREGISTERED,RAY_CERTIFIED_BOUNDARY,NO_RE_ENTRY_DETECTED_AT_SWEEP_RESOLUTION_DELTA,0.985546875,BINDING_VMAX,30,0.985546875,146.806254529,2013.87441965,0.999884917056,22,1.04999187521,30,CONVERGED_FEASIBLE,0.9857421875,146.859949908,2014.31074286,0.999885163436,22,1.05000454099,30,CONVERGED_INFEASIBLE,41,8,0,0.439614760437
1,2012-10-15 13:00:00,BASE,90,NaN,NaN,BASE_PREREGISTERED,RAY_CERTIFIED_BOUNDARY,NO_RE_ENTRY_DETECTED_AT_SWEEP_RESOLUTION_DELTA,1.0251953125,BINDING_VMAX,30,1.0251953125,-124.140625,2137.7789917,0.999797771371,22,1.04999575167,30,CONVERGED_FEASIBLE,1.025390625,-124.140625,2138.2220459,0.999797991983,22,1.0500079015,30,CONVERGED_INFEASIBLE,41,8,0,0.443054199219
1,2012-10-15 13:00:00,BASE,100,NaN,NaN,BASE_PREREGISTERED,RAY_CERTIFIED_BOUNDARY,NO_RE_ENTRY_DETECTED_AT_SWEEP_RESOLUTION_DELTA,1.1052734375,BINDING_VMAX,30,1.1052734375,-428.002771504,2281.34054763,0.996776103892,18,1.04999713152,30,CONVERGED_FEASIBLE,1.10546875,-428.056466882,2281.77687084,0.99677879599,18,1.05000835033,30,CONVERGED_INFEASIBLE,41,8,0,0.439614760437
1,2012-10-15 13:00:00,BASE,110,NaN,NaN,BASE_PREREGISTERED,RAY_CERTIFIED_BOUNDARY,NO_RE_ENTRY_DETECTED_AT_SWEEP_RESOLUTION_DELTA,1.2435546875,BINDING_VMAX,30,1.2435546875,-797.509769409,2462.9909272,0.981592170338,18,1.04999320101,30,CONVERGED_FEASIBLE,1.24375,-797.615528659,2463.40726196,0.981592085545,18,1.05000308273,30,CONVERGED_INFEASIBLE,41,8,0,0.429557507998
1,2012-10-15 13:00:00,BASE,120,NaN,NaN,BASE_PREREGISTERED,RAY_CERTIFIED_BOUNDARY,NO_RE_ENTRY_DETECTED_AT_SWEEP_RESOLUTION_DELTA,1.481640625,BINDING_VMAX,30,1.481640625,-1297.00965881,2722.90681082,0.960053336634,18,1.04999340261,30,CONVERGED_FEASIBLE,1.48203125,-1297.31887817,2723.6742032,0.96004694421,18,1.05000966656,30,CONVERGED_INFEASIBLE,41,7,0,0.827349794919
1,2012-10-15 13:00:00,BASE,130,NaN,NaN,BASE_PREREGISTERED,RAY_CERTIFIED_BOUNDARY,NO_RE_ENTRY_DETECTED_AT_SWEEP_RESOLUTION_DELTA,1.9375,BINDING_VMAX,30,1.9375,-2095.86337021,3179.02763654,0.922705606985,18,1.04999853612,30,CONVERGED_FEASIBLE,1.9376953125,-2096.06213258,3179.36703574,0.922698576195,18,1.05000440463,30,CONVERGED_INFEASIBLE,41,8,0,0.393317051559
1,2012-10-15 13:00:00,BASE,140,NaN,NaN,BASE_PREREGISTERED,RAY_CERTIFIED_BOUNDARY,NO_RE_ENTRY_DETECTED_AT_SWEEP_RESOLUTION_DELTA,1.8095703125,BINDING_VMIN,18,1.8095703125,-2318.79465909,2450.76453076,0.900003907251,18,1.02618836316,30,CONVERGED_FEASIBLE,1.809765625,-2319.03153486,2451.04932051,0.899993509952,18,1.02619226166,30,CONVERGED_INFEASIBLE,41,8,0,0.370425880865
1,2012-10-15 13:00:00,BASE,150,NaN,NaN,BASE_PREREGISTERED,RAY_CERTIFIED_BOUNDARY,NO_RE_ENTRY_DETECTED_AT_SWEEP_RESOLUTION_DELTA,1.424609375,BINDING_VMIN,18,1.424609375,-2077.41417034,1428.00616455,0.900003346532,18,1.00058498444,30,CONVERGED_FEASIBLE,1.4248046875,-2077.68196216,1428.22769165,0.899990659465,18,1.0005869394,30,CONVERGED_INFEASIBLE,41,8,0,0.347543832449
1,2012-10-15 13:00:00,BASE,160,NaN,NaN,BASE_PREREGISTERED,RAY_CERTIFIED_BOUNDARY,NO_RE_ENTRY_DETECTED_AT_SWEEP_RESOLUTION_DELTA,1.1966796875,BINDING_VMIN,18,1.1966796875,-1904.47006795,740.633013818,0.900008139071,18,1,1,CONVERGED_FEASIBLE,1.196875,-1904.7606391,740.784547279,0.89999337354,18,1,1,CONVERGED_INFEASIBLE,41,8,0,0.327710212816
1,2012-10-15 13:00:00,BASE,170,NaN,NaN,BASE_PREREGISTERED,RAY_CERTIFIED_BOUNDARY,NO_RE_ENTRY_DETECTED_AT_SWEEP_RESOLUTION_DELTA,1.05517578125,BINDING_VMIN,18,1.05517578125,-1769.31869572,227.831832117,0.900003059217,18,1,1,CONVERGED_FEASIBLE,1.0552734375,-1769.47095653,227.870299894,0.89999479965,18,1,1,CONVERGED_INFEASIBLE,41,9,0,0.157044976573
1,2012-10-15 13:00:00,BASE,180,NaN,NaN,BASE_PREREGISTERED,RAY_CERTIFIED_BOUNDARY,NO_RE_ENTRY_DETECTED_AT_SWEEP_RESOLUTION_DELTA,0.9671875,BINDING_VMIN,18,0.9671875,-1655.39489746,-187.8125,0.900001840002,18,1,1,CONVERGED_FEASIBLE,0.96728515625,-1655.54950714,-187.8125,0.899992906201,18,1,1,CONVERGED_INFEASIBLE,41,9,0,0.154609680176
1,2012-10-15 13:00:00,BASE,190,NaN,NaN,BASE_PREREGISTERED,RAY_CERTIFIED_BOUNDARY,NO_RE_ENTRY_DETECTED_AT_SWEEP_RESOLUTION_DELTA,0.91640625,BINDING_VMIN,18,0.91640625,-1552.95608225,-548.794120785,0.900005698249,18,1,1,CONVERGED_FEASIBLE,0.91650390625,-1553.10834307,-548.832588562,0.89999632019,18,1,1,CONVERGED_INFEASIBLE,41,9,0,0.157044976574
1,2012-10-15 13:00:00,BASE,200,NaN,NaN,BASE_PREREGISTERED,RAY_CERTIFIED_BOUNDARY,NO_RE_ENTRY_DETECTED_AT_SWEEP_RESOLUTION_DELTA,0.89482421875,BINDING_VMIN,18,0.89482421875,-1455.39235389,-882.063050279,0.900006699386,18,1,1,CONVERGED_FEASIBLE,0.894921875,-1455.53763946,-882.138817009,0.899997122946,18,1,1,CONVERGED_INFEASIBLE,41,9,0,0.163855106408
1,2012-10-15 13:00:00,BASE,210,NaN,NaN,BASE_PREREGISTERED,RAY_CERTIFIED_BOUNDARY,NO_RE_ENTRY_DETECTED_AT_SWEEP_RESOLUTION_DELTA,0.89921875,BINDING_VMIN,18,0.89921875,-1357.05417076,-1207.7232666,0.900006433626,18,1,1,CONVERGED_FEASIBLE,0.89931640625,-1357.18806667,-1207.83403015,0.899996910003,18,1,1,CONVERGED_INFEASIBLE,41,9,0,0.173771916225
1,2012-10-15 13:00:00,BASE,220,NaN,NaN,BASE_PREREGISTERED,RAY_CERTIFIED_BOUNDARY,NO_RE_ENTRY_DETECTED_AT_SWEEP_RESOLUTION_DELTA,0.930078125,BINDING_VMIN,18,0.930078125,-1252.14305461,-1543.98128796,0.900005867406,18,1,1,CONVERGED_FEASIBLE,0.93017578125,-1252.26149249,-1544.12368284,0.899996641843,18,1,1,CONVERGED_INFEASIBLE,41,9,0,0.185212940432
1,2012-10-15 13:00:00,BASE,230,NaN,NaN,BASE_PREREGISTERED,RAY_CERTIFIED_BOUNDARY,NO_RE_ENTRY_DETECTED_AT_SWEEP_RESOLUTION_DELTA,0.99169921875,BINDING_VMIN,18,0.99169921875,-1133.35657649,-1911.11197513,0.900004806033,18,1,1,CONVERGED_FEASIBLE,0.991796875,-1133.45595768,-1911.28167473,0.899996105206,18,1,1,CONVERGED_INFEASIBLE,41,9,0,0.19665852578
1,2012-10-15 13:00:00,BASE,240,NaN,NaN,BASE_PREREGISTERED,RAY_CERTIFIED_BOUNDARY,NO_RE_ENTRY_DETECTED_AT_SWEEP_RESOLUTION_DELTA,0.9630859375,BINDING_VMIN,33,0.9630859375,-886.520957947,-2079.81842165,0.90000578269,33,1,1,CONVERGED_FEASIBLE,0.96318359375,-886.598262787,-2080.01026975,0.899996708371,33,1,1,CONVERGED_INFEASIBLE,41,9,0,0.20683744873
1,2012-10-15 13:00:00,BASE,250,NaN,NaN,BASE_PREREGISTERED,RAY_CERTIFIED_BOUNDARY,NO_RE_ENTRY_DETECTED_AT_SWEEP_RESOLUTION_DELTA,0.940234375,BINDING_VMIN,33,0.940234375,-633.265654243,-2192.04804241,0.90000335145,33,1,1,CONVERGED_FEASIBLE,0.94033203125,-633.318533867,-2192.25620979,0.899994063569,33,1,1,CONVERGED_INFEASIBLE,41,9,0,0.214778753999
1,2012-10-15 13:00:00,BASE,260,NaN,NaN,BASE_PREREGISTERED,RAY_CERTIFIED_BOUNDARY,NO_RE_ENTRY_DETECTED_AT_SWEEP_RESOLUTION_DELTA,0.944921875,BINDING_VMIN,33,0.944921875,-383.918865817,-2298.74419189,0.900001494257,33,1,1,CONVERGED_FEASIBLE,0.94501953125,-383.945713506,-2298.9623535,0.899992241098,33,1,1,CONVERGED_INFEASIBLE,41,9,0,0.219807380218
1,2012-10-15 13:00:00,BASE,270,NaN,NaN,BASE_PREREGISTERED,RAY_CERTIFIED_BOUNDARY,NO_RE_ENTRY_DETECTED_AT_SWEEP_RESOLUTION_DELTA,0.9779296875,BINDING_VMIN,33,0.9779296875,-124.140625,-2406.18487549,0.900000349331,33,1,1,CONVERGED_FEASIBLE,0.97802734375,-124.140625,-2406.40640259,0.899991381091,33,1,1,CONVERGED_INFEASIBLE,41,9,0,0.221527099609
1,2012-10-15 13:00:00,BASE,280,NaN,NaN,BASE_PREREGISTERED,RAY_CERTIFIED_BOUNDARY,NO_RE_ENTRY_DETECTED_AT_SWEEP_RESOLUTION_DELTA,1.0443359375,BINDING_VMIN,33,1.0443359375,162.968563435,-2520.83270598,0.900000179304,33,1,1,CONVERGED_FEASIBLE,1.04443359375,162.995411124,-2521.05086759,0.899991737644,33,1,1,CONVERGED_INFEASIBLE,41,9,0,0.219807380218
1,2012-10-15 13:00:00,BASE,290,NaN,NaN,BASE_PREREGISTERED,RAY_CERTIFIED_BOUNDARY,NO_RE_ENTRY_DETECTED_AT_SWEEP_RESOLUTION_DELTA,1.15546875,BINDING_VMIN,33,1.15546875,501.531097684,-2650.84894971,0.900004406079,33,1,1,CONVERGED_FEASIBLE,1.15556640625,501.583977309,-2651.05711709,0.89999671405,33,1,1,CONVERGED_INFEASIBLE,41,9,0,0.214778753999
1,2012-10-15 13:00:00,BASE,300,NaN,NaN,BASE_PREREGISTERED,RAY_CERTIFIED_BOUNDARY,NO_RE_ENTRY_DETECTED_AT_SWEEP_RESOLUTION_DELTA,1.33427734375,BINDING_VMIN,33,1.33427734375,932.075405121,-2809.03303412,0.900005899293,33,1,1,CONVERGED_FEASIBLE,1.334375,932.152709961,-2809.22488222,0.899999150574,33,1,1,CONVERGED_INFEASIBLE,41,9,0,0.20683744873
1,2012-10-15 13:00:00,BASE,310,NaN,NaN,BASE_PREREGISTERED,RAY_CERTIFIED_BOUNDARY,NO_RE_ENTRY_DETECTED_AT_SWEEP_RESOLUTION_DELTA,1.628515625,BINDING_VMIN,33,1.628515625,1533.14004532,-3017.72309057,0.900005274025,33,1.00876083618,13,CONVERGED_FEASIBLE,1.6287109375,1533.33880769,-3018.06248978,0.899993967856,33,1.00876321362,13,CONVERGED_INFEASIBLE,41,8,0,0.393317051559
1,2012-10-15 13:00:00,BASE,320,NaN,NaN,BASE_PREREGISTERED,RAY_UNBOUNDED_WITHIN_GUARD,NO_RE_ENTRY_DETECTED_AT_SWEEP_RESOLUTION_DELTA,NaN,RAY_UNBOUNDED_WITHIN_GUARD,,NaN,NaN,NaN,NaN,,NaN,,,NaN,NaN,NaN,NaN,,NaN,,,41,0,0,NaN
1,2012-10-15 13:00:00,BASE,330,NaN,NaN,BASE_PREREGISTERED,RAY_CERTIFIED_BOUNDARY,NO_RE_ENTRY_DETECTED_AT_SWEEP_RESOLUTION_DELTA,1.702734375,BINDING_VMAX,13,1.702734375,2210.46847402,-2119.08575439,0.943860394511,33,1.04999208655,13,CONVERGED_FEASIBLE,1.703125,2211.00405766,-2119.52880859,0.943850564124,33,1.0500058724,13,CONVERGED_INFEASIBLE,41,7,0,0.695087664898
1,2012-10-15 13:00:00,BASE,340,NaN,NaN,BASE_PREREGISTERED,RAY_CERTIFIED_BOUNDARY,NO_RE_ENTRY_DETECTED_AT_SWEEP_RESOLUTION_DELTA,1.345703125,BINDING_VMAX,13,1.345703125,1877.89460626,-1231.87804435,0.971262884497,33,1.04999100048,13,CONVERGED_FEASIBLE,1.34609375,1878.47574856,-1232.18111127,0.971259474012,33,1.05000922401,13,CONVERGED_INFEASIBLE,41,7,0,0.655420425633
1,2012-10-15 13:00:00,BASE,350,NaN,NaN,BASE_PREREGISTERED,RAY_CERTIFIED_BOUNDARY,NO_RE_ENTRY_DETECTED_AT_SWEEP_RESOLUTION_DELTA,1.1517578125,BINDING_VMAX,13,1.1517578125,1671.62338852,-641.501463719,0.988445883255,33,1.04999549975,13,CONVERGED_FEASIBLE,1.151953125,1671.92791014,-641.578399273,0.988446967525,33,1.050006329,13,CONVERGED_INFEASIBLE,41,8,0,0.314089953147
2,2011-12-15 05:30:00,BASE,0,NaN,NaN,BASE_PREREGISTERED,RAY_CERTIFIED_BOUNDARY,NO_RE_ENTRY_DETECTED_AT_SWEEP_RESOLUTION_DELTA,1.038671875,BINDING_VMAX,13,1.038671875,1519.97241211,-188.125,0.999429529157,22,1.04999607898,13,CONVERGED_FEASIBLE,1.0388671875,1520.28161621,-188.125,0.999429683376,22,1.05000818596,13,CONVERGED_INFEASIBLE,41,8,0,0.309204101563
2,2011-12-15 05:30:00,BASE,10,NaN,NaN,BASE_PREREGISTERED,RAY_CERTIFIED_BOUNDARY,NO_RE_ENTRY_DETECTED_AT_SWEEP_RESOLUTION_DELTA,0.9751953125,BINDING_VMAX,13,0.9751953125,1396.02643623,196.01422263,0.999582705995,22,1.04999477709,13,CONVERGED_FEASIBLE,0.975390625,1396.33094283,196.091158184,0.99958290036,22,1.0500077246,13,CONVERGED_INFEASIBLE,41,8,0,0.314075383971
2,2011-12-15 05:30:00,BASE,20,NaN,NaN,BASE_PREREGISTERED,RAY_CERTIFIED_BOUNDARY,NO_RE_ENTRY_DETECTED_AT_SWEEP_RESOLUTION_DELTA,0.948046875,BINDING_VMAX,13,0.948046875,1285.98776814,547.418418324,0.999719241657,22,1.04999605219,13,CONVERGED_FEASIBLE,0.9482421875,1286.27832495,547.569951785,0.999719468174,22,1.05000939431,13,CONVERGED_INFEASIBLE,41,8,0,0.327697499287
2,2011-12-15 05:30:00,BASE,30,NaN,NaN,BASE_PREREGISTERED,RAY_CERTIFIED_BOUNDARY,NO_RE_ENTRY_DETECTED_AT_SWEEP_RESOLUTION_DELTA,0.9521484375,BINDING_VMAX,13,0.9521484375,1181.04570867,891.819610596,0.99984989893,22,1.04999898489,13,CONVERGED_FEASIBLE,0.95224609375,1181.17959798,891.930374146,0.999850023936,22,1.05000562827,13,CONVERGED_INFEASIBLE,41,9,0,0.173766825213
2,2011-12-15 05:30:00,BASE,40,NaN,NaN,BASE_PREREGISTERED,RAY_CERTIFIED_BOUNDARY,NO_RE_ENTRY_DETECTED_AT_SWEEP_RESOLUTION_DELTA,0.9880859375,BINDING_VMAX,13,0.9880859375,1073.9203999,1252.62634362,0.999983544655,22,1.04999997689,13,CONVERGED_FEASIBLE,0.98818359375,1074.03883194,1252.76873849,0.999983676767,22,1.05000636952,13,CONVERGED_INFEASIBLE,41,9,0,0.185209203141
2,2011-12-15 05:30:00,BASE,50,NaN,NaN,BASE_PREREGISTERED,RAY_CERTIFIED_BOUNDARY,NO_RE_ENTRY_DETECTED_AT_SWEEP_RESOLUTION_DELTA,1.0623046875,BINDING_VMAX,13,1.0623046875,956.640202931,1657.86728857,1,1,1.04999047177,13,CONVERGED_FEASIBLE,1.0625,956.838955497,1658.20668778,1,1,1.05000232239,13,CONVERGED_INFEASIBLE,41,8,0,0.393312095106
2,2011-12-15 05:30:00,BASE,60,NaN,NaN,BASE_PREREGISTERED,RAY_CERTIFIED_BOUNDARY,NO_RE_ENTRY_DETECTED_AT_SWEEP_RESOLUTION_DELTA,1.004296875,BINDING_VMAX,30,1.004296875,670.588745117,1784.84081812,1,1,1.04999907482,30,CONVERGED_FEASIBLE,1.00439453125,670.666046143,1785.03266621,1,1,1.05000529087,30,CONVERGED_INFEASIBLE,41,9,0,0.206836023029
2,2011-12-15 05:30:00,BASE,70,NaN,NaN,BASE_PREREGISTERED,RAY_CERTIFIED_BOUNDARY,NO_RE_ENTRY_DETECTED_AT_SWEEP_RESOLUTION_DELTA,0.9791015625,BINDING_VMAX,30,0.9791015625,405.769958071,1898.96115997,0.999967182207,22,1.04999870489,30,CONVERGED_FEASIBLE,0.97919921875,405.822835087,1899.16932735,0.999967313792,22,1.05000508468,30,CONVERGED_INFEASIBLE,41,9,0,0.214778111564
2,2011-12-15 05:30:00,BASE,80,NaN,NaN,BASE_PREREGISTERED,RAY_CERTIFIED_BOUNDARY,NO_RE_ENTRY_DETECTED_AT_SWEEP_RESOLUTION_DELTA,0.98564453125,BINDING_VMAX,30,0.98564453125,146.585355705,2013.78008126,0.999885861824,22,1.0499957275,30,CONVERGED_FEASIBLE,0.9857421875,146.612202069,2013.99824286,0.999885985015,22,1.0500020604,30,CONVERGED_INFEASIBLE,41,9,0,0.219807218405
2,2011-12-15 05:30:00,BASE,90,NaN,NaN,BASE_PREREGISTERED,RAY_CERTIFIED_BOUNDARY,NO_RE_ENTRY_DETECTED_AT_SWEEP_RESOLUTION_DELTA,1.0251953125,BINDING_VMAX,30,1.0251953125,-124.375,2137.4664917,0.999798598444,22,1.04999340891,30,CONVERGED_FEASIBLE,1.025390625,-124.375,2137.9095459,0.999798819059,22,1.05000555887,30,CONVERGED_INFEASIBLE,41,8,0,0.443054199219
2,2011-12-15 05:30:00,BASE,100,NaN,NaN,BASE_PREREGISTERED,RAY_CERTIFIED_BOUNDARY,NO_RE_ENTRY_DETECTED_AT_SWEEP_RESOLUTION_DELTA,1.1052734375,BINDING_VMAX,30,1.1052734375,-428.222152072,2281.02804763,0.996773308236,18,1.04999495243,30,CONVERGED_FEASIBLE,1.10546875,-428.275844801,2281.46437084,0.996776000512,18,1.05000617139,30,CONVERGED_INFEASIBLE,41,8,0,0.43961443681
2,2011-12-15 05:30:00,BASE,110,NaN,NaN,BASE_PREREGISTERED,RAY_CERTIFIED_BOUNDARY,NO_RE_ENTRY_DETECTED_AT_SWEEP_RESOLUTION_DELTA,1.2435546875,BINDING_VMAX,30,1.2435546875,-797.710916226,2462.6784272,0.9815900573,18,1.04999123519,30,CONVERGED_FEASIBLE,1.24375,-797.816670257,2463.09476196,0.981589972782,18,1.05000111707,30,CONVERGED_INFEASIBLE,41,8,0,0.429556223129
2,2011-12-15 05:30:00,BASE,120,NaN,NaN,BASE_PREREGISTERED,RAY_CERTIFIED_BOUNDARY,NO_RE_ENTRY_DETECTED_AT_SWEEP_RESOLUTION_DELTA,1.481640625,BINDING_VMAX,30,1.481640625,-1297.18615723,2722.59431082,0.960052238872,18,1.04999175411,30,CONVERGED_FEASIBLE,1.48203125,-1297.49536133,2723.3617032,0.960045847226,18,1.05000801843,30,CONVERGED_INFEASIBLE,41,7,0,0.827344092116
2,2011-12-15 05:30:00,BASE,130,NaN,NaN,BASE_PREREGISTERED,RAY_CERTIFIED_BOUNDARY,NO_RE_ENTRY_DETECTED_AT_SWEEP_RESOLUTION_DELTA,1.9375,BINDING_VMAX,30,1.9375,-2096.00044826,3178.71513654,0.922706422741,18,1.04999748362,30,CONVERGED_FEASIBLE,1.937890625,-2096.39795339,3179.39393495,0.922692361982,18,1.05000922087,30,CONVERGED_INFEASIBLE,41,7,0,0.786624190212
2,2011-12-15 05:30:00,BASE,140,NaN,NaN,BASE_PREREGISTERED,RAY_CERTIFIED_BOUNDARY,NO_RE_ENTRY_DETECTED_AT_SWEEP_RESOLUTION_DELTA,1.8095703125,BINDING_VMIN,18,1.8095703125,-2318.92073633,2450.45203076,0.900005201991,18,1.02618728229,30,CONVERGED_FEASIBLE,1.809765625,-2319.15760041,2450.73682051,0.899994805406,18,1.02619118105,30,CONVERGED_INFEASIBLE,41,8,0,0.370418406281
2,2011-12-15 05:30:00,BASE,150,NaN,NaN,BASE_PREREGISTERED,RAY_CERTIFIED_BOUNDARY,NO_RE_ENTRY_DETECTED_AT_SWEEP_RESOLUTION_DELTA,1.424609375,BINDING_VMIN,18,1.424609375,-2077.55215878,1427.69366455,0.900003793656,18,1.00058342438,30,CONVERGED_FEASIBLE,1.4248046875,-2077.81993739,1427.91519165,0.899991107336,18,1.0005853796,30,CONVERGED_INFEASIBLE,41,8,0,0.347533650426
2,2011-12-15 05:30:00,BASE,160,NaN,NaN,BASE_PREREGISTERED,RAY_CERTIFIED_BOUNDARY,NO_RE_ENTRY_DETECTED_AT_SWEEP_RESOLUTION_DELTA,1.1966796875,BINDING_VMIN,18,1.1966796875,-1904.61659052,740.320513818,0.900007990864,18,1,1,CONVERGED_FEASIBLE,1.196875,-1904.90714734,740.472047279,0.899993226092,18,1,1,CONVERGED_INFEASIBLE,41,8,0,0.327697499288
2,2011-12-15 05:30:00,BASE,170,NaN,NaN,BASE_PREREGISTERED,RAY_CERTIFIED_BOUNDARY,NO_RE_ENTRY_DETECTED_AT_SWEEP_RESOLUTION_DELTA,1.05517578125,BINDING_VMIN,18,1.05517578125,-1769.47188749,227.519332117,0.900002451419,18,1,1,CONVERGED_FEASIBLE,1.0552734375,-1769.62414079,227.557799894,0.899994192226,18,1,1,CONVERGED_INFEASIBLE,41,9,0,0.157037691986
2,2011-12-15 05:30:00,BASE,180,NaN,NaN,BASE_PREREGISTERED,RAY_CERTIFIED_BOUNDARY,NO_RE_ENTRY_DETECTED_AT_SWEEP_RESOLUTION_DELTA,0.9671875,BINDING_VMIN,18,0.9671875,-1655.55371094,-188.125,0.90000084818,18,1,1,CONVERGED_FEASIBLE,0.96728515625,-1655.70831299,-188.125,0.899991914736,18,1,1,CONVERGED_INFEASIBLE,41,9,0,0.154602050781
2,2011-12-15 05:30:00,BASE,190,NaN,NaN,BASE_PREREGISTERED,RAY_CERTIFIED_BOUNDARY,NO_RE_ENTRY_DETECTED_AT_SWEEP_RESOLUTION_DELTA,0.91640625,BINDING_VMIN,18,0.91640625,-1553.11995069,-549.106620785,0.900004363401,18,1,1,CONVERGED_FEASIBLE,0.91650390625,-1553.27220399,-549.145088562,0.899994985671,18,1,1,CONVERGED_INFEASIBLE,41,9,0,0.157037691986
2,2011-12-15 05:30:00,BASE,200,NaN,NaN,BASE_PREREGISTERED,RAY_CERTIFIED_BOUNDARY,NO_RE_ENTRY_DETECTED_AT_SWEEP_RESOLUTION_DELTA,0.89482421875,BINDING_VMIN,18,0.89482421875,-1455.56103672,-882.375550279,0.900005039381,18,1,1,CONVERGED_FEASIBLE,0.894921875,-1455.70631513,-882.451317009,0.899995463232,18,1,1,CONVERGED_INFEASIBLE,41,9,0,0.163848749644
2,2011-12-15 05:30:00,BASE,210,NaN,NaN,BASE_PREREGISTERED,RAY_CERTIFIED_BOUNDARY,NO_RE_ENTRY_DETECTED_AT_SWEEP_RESOLUTION_DELTA,0.89921875,BINDING_VMIN,18,0.89921875,-1357.2277062,-1208.0357666,0.900004447096,18,1,1,CONVERGED_FEASIBLE,0.89931640625,-1357.36159551,-1208.14653015,0.899994923715,18,1,1,CONVERGED_INFEASIBLE,41,9,0,0.173766825213
2,2011-12-15 05:30:00,BASE,220,NaN,NaN,BASE_PREREGISTERED,RAY_CERTIFIED_BOUNDARY,NO_RE_ENTRY_DETECTED_AT_SWEEP_RESOLUTION_DELTA,0.930078125,BINDING_VMIN,18,0.930078125,-1252.32176702,-1544.29378796,0.900003533495,18,1,1,CONVERGED_FEASIBLE,0.93017578125,-1252.44019906,-1544.43618284,0.899994308118,18,1,1,CONVERGED_INFEASIBLE,41,9,0,0.185209203141
2,2011-12-15 05:30:00,BASE,230,NaN,NaN,BASE_PREREGISTERED,RAY_CERTIFIED_BOUNDARY,NO_RE_ENTRY_DETECTED_AT_SWEEP_RESOLUTION_DELTA,0.99169921875,BINDING_VMIN,18,0.99169921875,-1133.54115056,-1911.42447513,0.900002079447,18,1,1,CONVERGED_FEASIBLE,0.991796875,-1133.64052684,-1911.59417473,0.89999337874,18,1,1,CONVERGED_INFEASIBLE,41,9,0,0.196656047553
2,2011-12-15 05:30:00,BASE,240,NaN,NaN,BASE_PREREGISTERED,RAY_CERTIFIED_BOUNDARY,NO_RE_ENTRY_DETECTED_AT_SWEEP_RESOLUTION_DELTA,0.9630859375,BINDING_VMIN,33,0.9630859375,-886.717712402,-2080.13092165,0.90000255286,33,1,1,CONVERGED_FEASIBLE,0.96318359375,-886.795013428,-2080.32276975,0.89999347844,33,1,1,CONVERGED_INFEASIBLE,41,9,0,0.206836023029
2,2011-12-15 05:30:00,BASE,250,NaN,NaN,BASE_PREREGISTERED,RAY_CERTIFIED_BOUNDARY,NO_RE_ENTRY_DETECTED_AT_SWEEP_RESOLUTION_DELTA,0.94013671875,BINDING_VMIN,33,0.94013671875,-633.42202886,-2192.15237503,0.900009215709,33,1,1,CONVERGED_FEASIBLE,0.940234375,-633.474905876,-2192.36054241,0.899999927945,33,1,1,CONVERGED_INFEASIBLE,41,9,0,0.214778111565
2,2011-12-15 05:30:00,BASE,260,NaN,NaN,BASE_PREREGISTERED,RAY_CERTIFIED_BOUNDARY,NO_RE_ENTRY_DETECTED_AT_SWEEP_RESOLUTION_DELTA,0.94482421875,BINDING_VMIN,33,0.94482421875,-384.113575393,-2298.83853029,0.900007143155,33,1,1,CONVERGED_FEASIBLE,0.944921875,-384.140421758,-2299.05669189,0.89999789009,33,1,1,CONVERGED_INFEASIBLE,41,9,0,0.219807218405
2,2011-12-15 05:30:00,BASE,270,NaN,NaN,BASE_PREREGISTERED,RAY_CERTIFIED_BOUNDARY,NO_RE_ENTRY_DETECTED_AT_SWEEP_RESOLUTION_DELTA,0.97783203125,BINDING_VMIN,33,0.97783203125,-124.375,-2406.27584839,0.900005534668,33,1,1,CONVERGED_FEASIBLE,0.9779296875,-124.375,-2406.49737549,0.899996566498,33,1,1,CONVERGED_INFEASIBLE,41,9,0,0.221527099609
2,2011-12-15 05:30:00,BASE,280,NaN,NaN,BASE_PREREGISTERED,RAY_CERTIFIED_BOUNDARY,NO_RE_ENTRY_DETECTED_AT_SWEEP_RESOLUTION_DELTA,1.04423828125,BINDING_VMIN,33,1.04423828125,162.693174334,-2520.92704438,0.900004650908,33,1,1,CONVERGED_FEASIBLE,1.0443359375,162.720020698,-2521.14520598,0.899996209288,33,1,1,CONVERGED_INFEASIBLE,41,9,0,0.219807218405
2,2011-12-15 05:30:00,BASE,290,NaN,NaN,BASE_PREREGISTERED,RAY_CERTIFIED_BOUNDARY,NO_RE_ENTRY_DETECTED_AT_SWEEP_RESOLUTION_DELTA,1.15546875,BINDING_VMIN,33,1.15546875,501.265848185,-2651.16144971,0.900000227938,33,1,1,CONVERGED_FEASIBLE,1.15556640625,501.3187252,-2651.36961709,0.899992535725,33,1,1,CONVERGED_INFEASIBLE,41,9,0,0.214778111565
2,2011-12-15 05:30:00,BASE,300,NaN,NaN,BASE_PREREGISTERED,RAY_CERTIFIED_BOUNDARY,NO_RE_ENTRY_DETECTED_AT_SWEEP_RESOLUTION_DELTA,1.3341796875,BINDING_VMIN,33,1.3341796875,931.711608887,-2809.15368603,0.900008222684,33,1,1,CONVERGED_FEASIBLE,1.334375,931.866210938,-2809.53738222,0.899994725045,33,1,1,CONVERGED_INFEASIBLE,41,8,0,0.413672046058
2,2011-12-15 05:30:00,BASE,310,NaN,NaN,BASE_PREREGISTERED,RAY_CERTIFIED_BOUNDARY,NO_RE_ENTRY_DETECTED_AT_SWEEP_RESOLUTION_DELTA,1.628515625,BINDING_VMIN,33,1.628515625,1532.82388988,-3018.03559057,0.900000532446,33,1.00875273573,13,CONVERGED_FEASIBLE,1.62861328125,1532.92326616,-3018.20529017,0.899994879256,33,1.00875392429,13,CONVERGED_INFEASIBLE,41,9,0,0.196656047553
2,2011-12-15 05:30:00,BASE,320,NaN,NaN,BASE_PREREGISTERED,RAY_UNBOUNDED_WITHIN_GUARD,NO_RE_ENTRY_DETECTED_AT_SWEEP_RESOLUTION_DELTA,NaN,RAY_UNBOUNDED_WITHIN_GUARD,,NaN,NaN,NaN,NaN,,NaN,,,NaN,NaN,NaN,NaN,,NaN,,,41,0,0,NaN
2,2011-12-15 05:30:00,BASE,330,NaN,NaN,BASE_PREREGISTERED,RAY_CERTIFIED_BOUNDARY,NO_RE_ENTRY_DETECTED_AT_SWEEP_RESOLUTION_DELTA,1.703125,BINDING_VMAX,13,1.703125,2210.65445223,-2119.84130859,0.943846363957,33,1.04999746963,13,CONVERGED_FEASIBLE,1.7033203125,2210.92223084,-2120.06283569,0.943841448292,33,1.05000436186,13,CONVERGED_INFEASIBLE,41,8,0,0.347533650426
2,2011-12-15 05:30:00,BASE,340,NaN,NaN,BASE_PREREGISTERED,RAY_CERTIFIED_BOUNDARY,NO_RE_ENTRY_DETECTED_AT_SWEEP_RESOLUTION_DELTA,1.3458984375,BINDING_VMAX,13,1.3458984375,1877.85199532,-1232.34207781,0.971257567266,33,1.04999237394,13,CONVERGED_FEASIBLE,1.34609375,1878.14255213,-1232.49361127,0.971255861819,33,1.05000148522,13,CONVERGED_INFEASIBLE,41,8,0,0.327697499288
2,2011-12-15 05:30:00,BASE,350,NaN,NaN,BASE_PREREGISTERED,RAY_CERTIFIED_BOUNDARY,NO_RE_ENTRY_DETECTED_AT_SWEEP_RESOLUTION_DELTA,1.151953125,BINDING_VMAX,13,1.151953125,1671.60490605,-641.890899273,0.988443694423,33,1.04999900284,13,CONVERGED_FEASIBLE,1.1521484375,1671.90941265,-641.967834828,0.988444778481,33,1.05000983143,13,CONVERGED_INFEASIBLE,41,8,0,0.314075383971
3,2011-02-06 00:00:00,BASE,0,NaN,NaN,BASE_PREREGISTERED,RAY_CERTIFIED_BOUNDARY,NO_RE_ENTRY_DETECTED_AT_SWEEP_RESOLUTION_DELTA,0.8708984375,BINDING_VMAX,13,0.8708984375,1851.24024963,628.59375,0.994008199111,25,1.04999560583,13,CONVERGED_FEASIBLE,0.87109375,1851.55181885,628.59375,0.994009173027,25,1.05000769172,13,CONVERGED_INFEASIBLE,41,8,0,0.311569213867
3,2011-02-06 00:00:00,BASE,10,NaN,NaN,BASE_PREREGISTERED,RAY_CERTIFIED_BOUNDARY,NO_RE_ENTRY_DETECTED_AT_SWEEP_RESOLUTION_DELTA,0.81884765625,BINDING_VMAX,13,0.81884765625,1748.36212182,954.945237968,0.994815030478,25,1.04999373824,13,CONVERGED_FEASIBLE,0.8189453125,1748.51553971,954.984158837,0.994815643366,25,1.05000018744,13,CONVERGED_INFEASIBLE,41,9,0,0.158277865264
3,2011-02-06 00:00:00,BASE,20,NaN,NaN,BASE_PREREGISTERED,RAY_CERTIFIED_BOUNDARY,NO_RE_ENTRY_DETECTED_AT_SWEEP_RESOLUTION_DELTA,0.796875,BINDING_VMAX,13,0.796875,1656.49263283,1254.13239295,0.995539316265,25,1.04999837106,13,CONVERGED_FEASIBLE,0.79697265625,1656.63902248,1254.20905209,0.995540030971,25,1.05000500886,13,CONVERGED_INFEASIBLE,41,9,0,0.165246946152
3,2011-02-06 00:00:00,BASE,30,NaN,NaN,BASE_PREREGISTERED,RAY_CERTIFIED_BOUNDARY,NO_RE_ENTRY_DETECTED_AT_SWEEP_RESOLUTION_DELTA,0.80078125,BINDING_VMAX,13,0.80078125,1568.24322741,1547.55279541,0.996235002068,25,1.04999639494,13,CONVERGED_FEASIBLE,0.8009765625,1568.51305426,1547.77693176,0.996236582222,25,1.0500096072,13,CONVERGED_INFEASIBLE,41,8,0,0.350775762848
3,2011-02-06 00:00:00,BASE,40,NaN,NaN,BASE_PREREGISTERED,RAY_CERTIFIED_BOUNDARY,NO_RE_ENTRY_DETECTED_AT_SWEEP_RESOLUTION_DELTA,0.83125,BINDING_VMAX,13,0.83125,1477.75760614,1854.93521233,0.996949174155,25,1.04999121523,13,CONVERGED_FEASIBLE,0.8314453125,1477.99628201,1855.22335647,0.996950847944,25,1.05000392697,13,CONVERGED_INFEASIBLE,41,8,0,0.374156670732
3,2011-02-06 00:00:00,BASE,50,NaN,NaN,BASE_PREREGISTERED,RAY_CERTIFIED_BOUNDARY,NO_RE_ENTRY_DETECTED_AT_SWEEP_RESOLUTION_DELTA,0.8939453125,BINDING_VMAX,13,0.8939453125,1378.60186898,2200.32097101,0.997735280728,25,1.04999099686,13,CONVERGED_FEASIBLE,0.894140625,1378.80214181,2200.66436782,0.997736987538,25,1.05000278333,13,CONVERGED_INFEASIBLE,41,8,0,0.397530601205
3,2011-02-06 00:00:00,BASE,60,NaN,NaN,BASE_PREREGISTERED,RAY_CERTIFIED_BOUNDARY,NO_RE_ENTRY_DETECTED_AT_SWEEP_RESOLUTION_DELTA,0.89111328125,BINDING_VMAX,30,0.89111328125,1172.72039413,2399.8271988,0.997707858075,25,1.04999528442,30,CONVERGED_FEASIBLE,0.8912109375,1172.79828644,2400.02130657,0.997708710844,25,1.05000146544,30,CONVERGED_INFEASIBLE,41,9,0,0.209153148043
3,2011-02-06 00:00:00,BASE,70,NaN,NaN,BASE_PREREGISTERED,RAY_CERTIFIED_BOUNDARY,NO_RE_ENTRY_DETECTED_AT_SWEEP_RESOLUTION_DELTA,0.86796875,BINDING_VMAX,30,0.86796875,935.51886228,2500.57787981,0.997256114705,25,1.04999974225,30,CONVERGED_FEASIBLE,0.86806640625,935.572143754,2500.78849908,0.997256943991,25,1.05000609128,30,CONVERGED_INFEASIBLE,41,9,0,0.217254217622
3,2011-02-06 00:00:00,BASE,80,NaN,NaN,BASE_PREREGISTERED,RAY_CERTIFIED_BOUNDARY,NO_RE_ENTRY_DETECTED_AT_SWEEP_RESOLUTION_DELTA,0.87265625,BINDING_VMAX,30,0.87265625,703.687233285,2601.04791148,0.996803174309,25,1.04999071538,30,CONVERGED_FEASIBLE,0.8728515625,703.741336711,2601.48937391,0.99680472808,25,1.05000333471,30,CONVERGED_INFEASIBLE,41,8,0,0.444765401778
3,2011-02-06 00:00:00,BASE,90,NaN,NaN,BASE_PREREGISTERED,RAY_CERTIFIED_BOUNDARY,NO_RE_ENTRY_DETECTED_AT_SWEEP_RESOLUTION_DELTA,0.9064453125,BINDING_VMAX,30,0.9064453125,461.953125,2709.02737427,0.996321366321,25,1.04999358839,30,CONVERGED_FEASIBLE,0.906640625,461.953125,2709.47564697,0.996322759905,25,1.05000571354,30,CONVERGED_INFEASIBLE,41,8,0,0.448272705078
3,2011-02-06 00:00:00,BASE,100,NaN,NaN,BASE_PREREGISTERED,RAY_CERTIFIED_BOUNDARY,NO_RE_ENTRY_DETECTED_AT_SWEEP_RESOLUTION_DELTA,0.975390625,BINDING_VMAX,30,0.975390625,191.760614531,2833.25715251,0.995768913349,25,1.0499967759,30,CONVERGED_FEASIBLE,0.9755859375,191.706511105,2833.69861495,0.995770094501,25,1.05000799981,30,CONVERGED_INFEASIBLE,41,8,0,0.444765401777
3,2011-02-06 00:00:00,BASE,110,NaN,NaN,BASE_PREREGISTERED,RAY_CERTIFIED_BOUNDARY,NO_RE_ENTRY_DETECTED_AT_SWEEP_RESOLUTION_DELTA,1.0943359375,BINDING_VMAX,30,1.0943359375,-135.119068065,2988.7933628,0.991116192253,18,1.04999789058,30,CONVERGED_FEASIBLE,1.09453125,-135.225631012,2989.21460136,0.99111617647,18,1.05000781878,30,CONVERGED_INFEASIBLE,41,8,0,0.434508435244
3,2011-02-06 00:00:00,BASE,120,NaN,NaN,BASE_PREREGISTERED,RAY_CERTIFIED_BOUNDARY,NO_RE_ENTRY_DETECTED_AT_SWEEP_RESOLUTION_DELTA,1.2970703125,BINDING_VMAX,30,1.2970703125,-572.612449646,3206.73322034,0.97305573827,18,1.04999297557,30,CONVERGED_FEASIBLE,1.297265625,-572.768234253,3207.1214359,0.973052778247,18,1.05000121844,30,CONVERGED_INFEASIBLE,41,8,0,0.418306296087
3,2011-02-06 00:00:00,BASE,130,NaN,NaN,BASE_PREREGISTERED,RAY_CERTIFIED_BOUNDARY,NO_RE_ENTRY_DETECTED_AT_SWEEP_RESOLUTION_DELTA,1.675,BINDING_VMAX,30,1.675,-1255.58666708,3573.5648331,0.943007908563,18,1.0499941405,30,CONVERGED_FEASIBLE,1.675390625,-1255.98721274,3574.25162673,0.942995111261,18,1.05000637041,30,CONVERGED_INFEASIBLE,41,7,0,0.79506120241
3,2011-02-06 00:00:00,BASE,140,NaN,NaN,BASE_PREREGISTERED,RAY_UNBOUNDED_WITHIN_GUARD,NO_RE_ENTRY_DETECTED_AT_SWEEP_RESOLUTION_DELTA,NaN,RAY_UNBOUNDED_WITHIN_GUARD,,NaN,NaN,NaN,NaN,,NaN,,,NaN,NaN,NaN,NaN,,NaN,,,41,0,0,NaN
3,2011-02-06 00:00:00,BASE,150,NaN,NaN,BASE_PREREGISTERED,RAY_CERTIFIED_BOUNDARY,NO_RE_ENTRY_DETECTED_AT_SWEEP_RESOLUTION_DELTA,1.62158203125,BINDING_VMIN,18,1.62158203125,-1778.28433238,2489.48581696,0.900005584685,18,1.01169195302,30,CONVERGED_FEASIBLE,1.6216796875,-1778.41924581,2489.59788513,0.899999210563,18,1.01169287121,30,CONVERGED_INFEASIBLE,41,9,0,0.175387881424
3,2011-02-06 00:00:00,BASE,160,NaN,NaN,BASE_PREREGISTERED,RAY_CERTIFIED_BOUNDARY,NO_RE_ENTRY_DETECTED_AT_SWEEP_RESOLUTION_DELTA,1.3673828125,BINDING_VMIN,18,1.3673828125,-1587.79469224,1701.97513217,0.900004118688,18,1,1,CONVERGED_FEASIBLE,1.36748046875,-1587.94108188,1702.05179132,0.899996742019,18,1,1,CONVERGED_INFEASIBLE,41,9,0,0.165246946152
3,2011-02-06 00:00:00,BASE,170,NaN,NaN,BASE_PREREGISTERED,RAY_CERTIFIED_BOUNDARY,NO_RE_ENTRY_DETECTED_AT_SWEEP_RESOLUTION_DELTA,1.20869140625,BINDING_VMIN,18,1.20869140625,-1436.90008354,1110.31734768,0.900006420244,18,1,1,CONVERGED_FEASIBLE,1.2087890625,-1437.05350143,1110.35626855,0.89999820057,18,1,1,CONVERGED_INFEASIBLE,41,9,0,0.158277865263
3,2011-02-06 00:00:00,BASE,180,NaN,NaN,BASE_PREREGISTERED,RAY_CERTIFIED_BOUNDARY,NO_RE_ENTRY_DETECTED_AT_SWEEP_RESOLUTION_DELTA,1.1099609375,BINDING_VMIN,18,1.1099609375,-1308.69471741,628.59375,0.90000397847,18,1,1,CONVERGED_FEASIBLE,1.11005859375,-1308.85050201,628.59375,0.899995113733,18,1,1,CONVERGED_INFEASIBLE,41,9,0,0.155784606933
3,2011-02-06 00:00:00,BASE,190,NaN,NaN,BASE_PREREGISTERED,RAY_CERTIFIED_BOUNDARY,NO_RE_ENTRY_DETECTED_AT_SWEEP_RESOLUTION_DELTA,1.05322265625,BINDING_VMIN,18,1.05322265625,-1192.65880472,208.83217603,0.900000888566,18,1,1,CONVERGED_FEASIBLE,1.0533203125,-1192.81222261,208.793255161,0.899991602933,18,1,1,CONVERGED_INFEASIBLE,41,9,0,0.158277865264
3,2011-02-06 00:00:00,BASE,200,NaN,NaN,BASE_PREREGISTERED,RAY_CERTIFIED_BOUNDARY,NO_RE_ENTRY_DETECTED_AT_SWEEP_RESOLUTION_DELTA,1.0294921875,BINDING_VMIN,18,1.0294921875,-1081.28651857,-179.546982101,0.900003953247,18,1,1,CONVERGED_FEASIBLE,1.02958984375,-1081.43290822,-179.623641248,0.899994486057,18,1,1,CONVERGED_INFEASIBLE,41,9,0,0.165246946152
3,2011-02-06 00:00:00,BASE,210,NaN,NaN,BASE_PREREGISTERED,RAY_CERTIFIED_BOUNDARY,NO_RE_ENTRY_DETECTED_AT_SWEEP_RESOLUTION_DELTA,1.0353515625,BINDING_VMIN,18,1.0353515625,-968.399029359,-559.55305481,0.900005665178,18,1,1,CONVERGED_FEASIBLE,1.03544921875,-968.533942786,-559.665122986,0.899996259655,18,1,1,CONVERGED_INFEASIBLE,41,9,0,0.175387881424
3,2011-02-06 00:00:00,BASE,220,NaN,NaN,BASE_PREREGISTERED,RAY_CERTIFIED_BOUNDARY,NO_RE_ENTRY_DETECTED_AT_SWEEP_RESOLUTION_DELTA,1.071484375,BINDING_VMIN,18,1.071484375,-847.422670005,-952.165005249,0.900001660688,18,1,1,CONVERGED_FEASIBLE,1.07158203125,-847.542007938,-952.309077319,0.899992552515,18,1,1,CONVERGED_INFEASIBLE,41,9,0,0.187078335366
3,2011-02-06 00:00:00,BASE,230,NaN,NaN,BASE_PREREGISTERED,RAY_CERTIFIED_BOUNDARY,NO_RE_ENTRY_DETECTED_AT_SWEEP_RESOLUTION_DELTA,1.1310546875,BINDING_VMIN,33,1.1310546875,-697.826834883,-1360.01720408,0.900003397253,33,1,1,CONVERGED_FEASIBLE,1.13115234375,-697.926971298,-1360.18890249,0.899994890726,33,1,1,CONVERGED_INFEASIBLE,41,9,0,0.198765300603
3,2011-02-06 00:00:00,BASE,240,NaN,NaN,BASE_PREREGISTERED,RAY_CERTIFIED_BOUNDARY,NO_RE_ENTRY_DETECTED_AT_SWEEP_RESOLUTION_DELTA,1.07001953125,BINDING_VMIN,33,1.07001953125,-391.512844086,-1498.24514298,0.900006020028,33,1,1,CONVERGED_FEASIBLE,1.0701171875,-391.590736389,-1498.43925076,0.899997059854,33,1,1,CONVERGED_INFEASIBLE,41,9,0,0.209153148044
3,2011-02-06 00:00:00,BASE,250,NaN,NaN,BASE_PREREGISTERED,RAY_CERTIFIED_BOUNDARY,NO_RE_ENTRY_DETECTED_AT_SWEEP_RESOLUTION_DELTA,1.04326171875,BINDING_VMIN,33,1.04326171875,-107.252857377,-1621.45198118,0.900001915667,33,1,1,CONVERGED_FEASIBLE,1.043359375,-107.30613885,-1621.66260046,0.899992730671,33,1,1,CONVERGED_INFEASIBLE,41,9,0,0.217254217622
3,2011-02-06 00:00:00,BASE,260,NaN,NaN,BASE_PREREGISTERED,RAY_CERTIFIED_BOUNDARY,NO_RE_ENTRY_DETECTED_AT_SWEEP_RESOLUTION_DELTA,1.04697265625,BINDING_VMIN,33,1.04697265625,171.931708827,-1737.86563509,0.9000020216,33,1,1,CONVERGED_FEASIBLE,1.0470703125,171.904657114,-1738.08636631,0.899992855392,33,1,1,CONVERGED_INFEASIBLE,41,9,0,0.222382700889
3,2011-02-06 00:00:00,BASE,270,NaN,NaN,BASE_PREREGISTERED,RAY_CERTIFIED_BOUNDARY,NO_RE_ENTRY_DETECTED_AT_SWEEP_RESOLUTION_DELTA,1.0818359375,BINDING_VMIN,33,1.0818359375,461.953125,-1854.38876343,0.90000488036,33,1,1,CONVERGED_FEASIBLE,1.08193359375,461.953125,-1854.61289978,0.899995979378,33,1,1,CONVERGED_INFEASIBLE,41,9,0,0.224136352539
3,2011-02-06 00:00:00,BASE,280,NaN,NaN,BASE_PREREGISTERED,RAY_CERTIFIED_BOUNDARY,NO_RE_ENTRY_DETECTED_AT_SWEEP_RESOLUTION_DELTA,1.15322265625,BINDING_VMIN,33,1.15322265625,781.406805028,-1978.02119997,0.900007657722,33,1,1,CONVERGED_FEASIBLE,1.1533203125,781.433856741,-1978.24193118,0.899999260695,33,1,1,CONVERGED_INFEASIBLE,41,9,0,0.222382700889
3,2011-02-06 00:00:00,BASE,290,NaN,NaN,BASE_PREREGISTERED,RAY_CERTIFIED_BOUNDARY,NO_RE_ENTRY_DETECTED_AT_SWEEP_RESOLUTION_DELTA,1.2732421875,BINDING_VMIN,33,1.2732421875,1156.63697768,-2117.46037741,0.900009177663,33,1,1,CONVERGED_FEASIBLE,1.2734375,1156.74354063,-2117.88161596,0.899993833239,33,1,1,CONVERGED_INFEASIBLE,41,8,0,0.434508435244
3,2011-02-06 00:00:00,BASE,300,NaN,NaN,BASE_PREREGISTERED,RAY_CERTIFIED_BOUNDARY,NO_RE_ENTRY_DETECTED_AT_SWEEP_RESOLUTION_DELTA,1.4662109375,BINDING_VMIN,33,1.4662109375,1631.42816925,-2285.74038701,0.900008298359,33,1,1,CONVERGED_FEASIBLE,1.46640625,1631.58395386,-2286.12860256,0.899994789405,33,1,1,CONVERGED_INFEASIBLE,41,8,0,0.418306296087
3,2011-02-06 00:00:00,BASE,310,NaN,NaN,BASE_PREREGISTERED,RAY_CERTIFIED_BOUNDARY,NO_RE_ENTRY_DETECTED_AT_SWEEP_RESOLUTION_DELTA,1.7826171875,BINDING_VMIN,33,1.7826171875,2289.84324654,-2505.58897801,0.90000172545,33,1.02251952885,13,CONVERGED_FEASIBLE,1.7828125,2290.04351937,-2505.93237483,0.89999035746,33,1.02252172779,13,CONVERGED_INFEASIBLE,41,8,0,0.397530601205
3,2011-02-06 00:00:00,BASE,320,NaN,NaN,BASE_PREREGISTERED,RAY_UNBOUNDED_WITHIN_GUARD,NO_RE_ENTRY_DETECTED_AT_SWEEP_RESOLUTION_DELTA,NaN,RAY_UNBOUNDED_WITHIN_GUARD,,NaN,NaN,NaN,NaN,,NaN,,,NaN,NaN,NaN,NaN,,NaN,,,41,0,0,NaN
3,2011-02-06 00:00:00,BASE,330,NaN,NaN,BASE_PREREGISTERED,RAY_CERTIFIED_BOUNDARY,NO_RE_ENTRY_DETECTED_AT_SWEEP_RESOLUTION_DELTA,1.405078125,BINDING_VMAX,13,1.405078125,2403.08751445,-983.843170166,0.958395039555,33,1.04999817244,13,CONVERGED_FEASIBLE,1.4052734375,2403.3573413,-984.067306519,0.958390451281,33,1.05000527734,13,CONVERGED_INFEASIBLE,41,8,0,0.350775762848
3,2011-02-06 00:00:00,BASE,340,NaN,NaN,BASE_PREREGISTERED,RAY_CERTIFIED_BOUNDARY,NO_RE_ENTRY_DETECTED_AT_SWEEP_RESOLUTION_DELTA,1.1212890625,BINDING_VMAX,13,1.1212890625,2142.79903541,-251.606580675,0.979934454199,33,1.04999800098,13,CONVERGED_FEASIBLE,1.121484375,2143.0918147,-251.75989897,0.979932849579,33,1.05000719981,13,CONVERGED_INFEASIBLE,41,8,0,0.330493892304
3,2011-02-06 00:00:00,BASE,350,NaN,NaN,BASE_PREREGISTERED,RAY_CERTIFIED_BOUNDARY,NO_RE_ENTRY_DETECTED_AT_SWEEP_RESOLUTION_DELTA,0.963671875,BINDING_VMAX,13,0.963671875,1975.88085077,244.522613057,0.993034383103,25,1.04999933517,13,CONVERGED_FEASIBLE,0.96376953125,1976.03426866,244.483692188,0.993034722186,25,1.05000476017,13,CONVERGED_INFEASIBLE,41,9,0,0.158277865264
4,2010-12-21 11:30:00,BASE,0,NaN,NaN,BASE_PREREGISTERED,RAY_CERTIFIED_BOUNDARY,NO_RE_ENTRY_DETECTED_AT_SWEEP_RESOLUTION_DELTA,1.0234375,BINDING_VMAX,13,1.0234375,1550.41320801,-113.671875,0.999230703306,22,1.04999987869,13,CONVERGED_FEASIBLE,1.02353515625,1550.5679245,-113.671875,0.999230780336,22,1.05000593144,13,CONVERGED_INFEASIBLE,41,9,0,0.154716491699
4,2010-12-21 11:30:00,BASE,10,NaN,NaN,BASE_PREREGISTERED,RAY_CERTIFIED_BOUNDARY,NO_RE_ENTRY_DETECTED_AT_SWEEP_RESOLUTION_DELTA,0.9609375,BINDING_VMAX,13,0.9609375,1428.26582036,265.255178449,0.999381323106,22,1.04999287974,13,CONVERGED_FEASIBLE,0.9611328125,1428.57055236,265.332196142,0.999381517243,22,1.05000582323,13,CONVERGED_INFEASIBLE,41,8,0,0.314314043027
4,2010-12-21 11:30:00,BASE,20,NaN,NaN,BASE_PREREGISTERED,RAY_CERTIFIED_BOUNDARY,NO_RE_ENTRY_DETECTED_AT_SWEEP_RESOLUTION_DELTA,0.93427734375,BINDING_VMAX,13,0.93427734375,1319.89171621,611.962324328,0.999515727487,22,1.04999448301,13,CONVERGED_FEASIBLE,0.934375,1320.03710215,612.03817195,0.999515840619,22,1.05000115131,13,CONVERGED_INFEASIBLE,41,9,0,0.163981507875
4,2010-12-21 11:30:00,BASE,30,NaN,NaN,BASE_PREREGISTERED,RAY_CERTIFIED_BOUNDARY,NO_RE_ENTRY_DETECTED_AT_SWEEP_RESOLUTION_DELTA,0.93828125,BINDING_VMAX,13,0.93828125,1216.34503938,951.680511475,0.999644270998,22,1.04999074201,13,CONVERGED_FEASIBLE,0.9384765625,1216.6130162,951.902275085,0.999644520761,22,1.05000402249,13,CONVERGED_INFEASIBLE,41,8,0,0.347837142214
4,2010-12-21 11:30:00,BASE,40,NaN,NaN,BASE_PREREGISTERED,RAY_CERTIFIED_BOUNDARY,NO_RE_ENTRY_DETECTED_AT_SWEEP_RESOLUTION_DELTA,0.973828125,BINDING_VMAX,13,0.973828125,1110.86291041,1307.80582503,0.999776041213,22,1.04999782617,13,CONVERGED_FEASIBLE,0.97392578125,1110.98143011,1307.94837194,0.999776173215,22,1.05000421562,13,CONVERGED_INFEASIBLE,41,9,0,0.185382147021
4,2010-12-21 11:30:00,BASE,50,NaN,NaN,BASE_PREREGISTERED,RAY_CERTIFIED_BOUNDARY,NO_RE_ENTRY_DETECTED_AT_SWEEP_RESOLUTION_DELTA,1.0470703125,BINDING_VMAX,13,1.0470703125,995.285601065,1707.78986714,0.999920257497,22,1.04999307723,13,CONVERGED_FEASIBLE,1.047265625,995.484500752,1708.1296287,0.999920525958,22,1.05000492217,13,CONVERGED_INFEASIBLE,41,8,0,0.393699131125
4,2010-12-21 11:30:00,BASE,60,NaN,NaN,BASE_PREREGISTERED,RAY_CERTIFIED_BOUNDARY,NO_RE_ENTRY_DETECTED_AT_SWEEP_RESOLUTION_DELTA,0.9939453125,BINDING_VMAX,30,0.9939453125,716.336601257,1841.04275109,0.999845539111,22,1.04999611794,30,CONVERGED_FEASIBLE,0.994140625,716.491317749,1841.42685693,0.999845809368,22,1.05000854355,30,CONVERGED_INFEASIBLE,41,8,0,0.414094783935
4,2010-12-21 11:30:00,BASE,70,NaN,NaN,BASE_PREREGISTERED,RAY_CERTIFIED_BOUNDARY,NO_RE_ENTRY_DETECTED_AT_SWEEP_RESOLUTION_DELTA,0.9689453125,BINDING_VMAX,30,0.9689453125,454.018481438,1953.97002061,0.999765536536,22,1.049997165,30,CONVERGED_FEASIBLE,0.969140625,454.124313752,1954.38679987,0.999765799356,22,1.05000991879,30,CONVERGED_INFEASIBLE,41,8,0,0.430006311449
4,2010-12-21 11:30:00,BASE,80,NaN,NaN,BASE_PREREGISTERED,RAY_CERTIFIED_BOUNDARY,NO_RE_ENTRY_DETECTED_AT_SWEEP_RESOLUTION_DELTA,0.975390625,BINDING_VMAX,30,0.975390625,197.324348544,2067.65262363,0.999685283875,22,1.04999890128,30,CONVERGED_FEASIBLE,0.97548828125,197.351214781,2067.87101815,0.999685406909,22,1.05000523194,30,CONVERGED_INFEASIBLE,41,9,0,0.220040820044
4,2010-12-21 11:30:00,BASE,90,NaN,NaN,BASE_PREREGISTERED,RAY_CERTIFIED_BOUNDARY,NO_RE_ENTRY_DETECTED_AT_SWEEP_RESOLUTION_DELTA,1.01435546875,BINDING_VMAX,30,1.01435546875,-71.015625,2189.78675079,0.999599058101,22,1.04999400119,30,CONVERGED_FEASIBLE,1.014453125,-71.015625,2190.0085144,0.999599168287,22,1.05000007499,30,CONVERGED_INFEASIBLE,41,9,0,0.22176361084
4,2010-12-21 11:30:00,BASE,100,NaN,NaN,BASE_PREREGISTERED,RAY_CERTIFIED_BOUNDARY,NO_RE_ENTRY_DETECTED_AT_SWEEP_RESOLUTION_DELTA,1.093359375,BINDING_VMAX,30,1.093359375,-371.810012645,2331.47320777,0.997441490586,18,1.04999359195,30,CONVERGED_FEASIBLE,1.0935546875,-371.863745119,2331.90999681,0.997444180224,18,1.05000481126,30,CONVERGED_INFEASIBLE,41,8,0,0.440081640087
4,2010-12-21 11:30:00,BASE,110,NaN,NaN,BASE_PREREGISTERED,RAY_CERTIFIED_BOUNDARY,NO_RE_ENTRY_DETECTED_AT_SWEEP_RESOLUTION_DELTA,1.2298828125,BINDING_VMAX,30,1.2298828125,-737.441702049,2510.78710841,0.982467086744,18,1.04999312953,30,CONVERGED_FEASIBLE,1.230078125,-737.547534363,2511.20388766,0.982467008443,18,1.05000301556,30,CONVERGED_INFEASIBLE,41,8,0,0.430006311449
4,2010-12-21 11:30:00,BASE,120,NaN,NaN,BASE_PREREGISTERED,RAY_CERTIFIED_BOUNDARY,NO_RE_ENTRY_DETECTED_AT_SWEEP_RESOLUTION_DELTA,1.4646484375,BINDING_VMAX,30,1.4646484375,-1231.23459625,2766.73782849,0.961261300988,18,1.0499939377,30,CONVERGED_FEASIBLE,1.46484375,-1231.38931274,2767.12193433,0.96125812759,18,1.05000208029,30,CONVERGED_INFEASIBLE,41,8,0,0.414094783935
4,2010-12-21 11:30:00,BASE,130,NaN,NaN,BASE_PREREGISTERED,RAY_CERTIFIED_BOUNDARY,NO_RE_ENTRY_DETECTED_AT_SWEEP_RESOLUTION_DELTA,1.912890625,BINDING_VMAX,30,1.912890625,-2019.03916689,3213.95287831,0.92464353192,18,1.04999897863,30,CONVERGED_FEASIBLE,1.9130859375,-2019.23806658,3214.29263987,0.924636564944,18,1.05000487157,30,CONVERGED_INFEASIBLE,41,8,0,0.393699131125
4,2010-12-21 11:30:00,BASE,140,NaN,NaN,BASE_PREREGISTERED,RAY_CERTIFIED_BOUNDARY,NO_RE_ENTRY_DETECTED_AT_SWEEP_RESOLUTION_DELTA,1.83125,BINDING_VMIN,18,1.83125,-2293.49720301,2559.36761869,0.900006594594,18,1.0274221988,30,CONVERGED_FEASIBLE,1.8314453125,-2293.73424243,2559.65271249,0.899996184503,18,1.02742607716,30,CONVERGED_INFEASIBLE,41,8,0,0.370764294043
4,2010-12-21 11:30:00,BASE,150,NaN,NaN,BASE_PREREGISTERED,RAY_CERTIFIED_BOUNDARY,NO_RE_ENTRY_DETECTED_AT_SWEEP_RESOLUTION_DELTA,1.442578125,BINDING_VMIN,18,1.442578125,-2050.29244996,1524.27415466,0.900000821992,18,1.00161089885,30,CONVERGED_FEASIBLE,1.44267578125,-2050.42643837,1524.38503647,0.899994475607,18,1.00161187078,30,CONVERGED_INFEASIBLE,41,9,0,0.173918571107
4,2010-12-21 11:30:00,BASE,160,NaN,NaN,BASE_PREREGISTERED,RAY_CERTIFIED_BOUNDARY,NO_RE_ENTRY_DETECTED_AT_SWEEP_RESOLUTION_DELTA,1.21220703125,BINDING_VMIN,18,1.21220703125,-1875.69136728,827.824656437,0.900005469403,18,1,1,CONVERGED_FEASIBLE,1.2123046875,-1875.83675323,827.900504059,0.899998087263,18,1,1,CONVERGED_INFEASIBLE,41,9,0,0.163981507875
4,2010-12-21 11:30:00,BASE,170,NaN,NaN,BASE_PREREGISTERED,RAY_CERTIFIED_BOUNDARY,NO_RE_ENTRY_DETECTED_AT_SWEEP_RESOLUTION_DELTA,1.06904296875,BINDING_VMIN,18,1.06904296875,-1738.96623296,307.884471962,0.900007116607,18,1,1,CONVERGED_FEASIBLE,1.069140625,-1739.11859896,307.922980808,0.899998860903,18,1,1,CONVERGED_INFEASIBLE,41,9,0,0.157157021514
4,2010-12-21 11:30:00,BASE,180,NaN,NaN,BASE_PREREGISTERED,RAY_CERTIFIED_BOUNDARY,NO_RE_ENTRY_DETECTED_AT_SWEEP_RESOLUTION_DELTA,0.980078125,BINDING_VMIN,18,0.980078125,-1623.75033569,-113.671875,0.900004805061,18,1,1,CONVERGED_FEASIBLE,0.98017578125,-1623.90505219,-113.671875,0.899995877822,18,1,1,CONVERGED_INFEASIBLE,41,9,0,0.154716491699
4,2010-12-21 11:30:00,BASE,190,NaN,NaN,BASE_PREREGISTERED,RAY_CERTIFIED_BOUNDARY,NO_RE_ENTRY_DETECTED_AT_SWEEP_RESOLUTION_DELTA,0.92880859375,BINDING_VMIN,18,0.92880859375,-1520.16865618,-479.92951782,0.900002091354,18,1,1,CONVERGED_FEASIBLE,0.92890625,-1520.32102218,-479.968026667,0.899992721874,18,1,1,CONVERGED_INFEASIBLE,41,9,0,0.157157021514
4,2010-12-21 11:30:00,BASE,200,NaN,NaN,BASE_PREREGISTERED,RAY_CERTIFIED_BOUNDARY,NO_RE_ENTRY_DETECTED_AT_SWEEP_RESOLUTION_DELTA,0.90703125,BINDING_VMIN,18,0.90703125,-1421.3602874,-818.1445878,0.900002405372,18,1,1,CONVERGED_FEASIBLE,0.90712890625,-1421.50567334,-818.220435422,0.899992839054,18,1,1,CONVERGED_INFEASIBLE,41,9,0,0.163981507875
4,2010-12-21 11:30:00,BASE,210,NaN,NaN,BASE_PREREGISTERED,RAY_CERTIFIED_BOUNDARY,NO_RE_ENTRY_DETECTED_AT_SWEEP_RESOLUTION_DELTA,0.9115234375,BINDING_VMIN,18,0.9115234375,-1321.66346444,-1148.64264679,0.900005062667,18,1,1,CONVERGED_FEASIBLE,0.91162109375,-1321.79745285,-1148.75352859,0.899995550064,18,1,1,CONVERGED_INFEASIBLE,41,9,0,0.173918571107
4,2010-12-21 11:30:00,BASE,220,NaN,NaN,BASE_PREREGISTERED,RAY_CERTIFIED_BOUNDARY,NO_RE_ENTRY_DETECTED_AT_SWEEP_RESOLUTION_DELTA,0.94287109375,BINDING_VMIN,18,0.94287109375,-1215.32341274,-1489.96220731,0.90000270748,18,1,1,CONVERGED_FEASIBLE,0.94296875,-1215.44193245,-1490.10475422,0.899993492847,18,1,1,CONVERGED_INFEASIBLE,41,9,0,0.185382147021
4,2010-12-21 11:30:00,BASE,230,NaN,NaN,BASE_PREREGISTERED,RAY_CERTIFIED_BOUNDARY,NO_RE_ENTRY_DETECTED_AT_SWEEP_RESOLUTION_DELTA,1.0052734375,BINDING_VMIN,18,1.0052734375,-1094.75231788,-1862.42464254,0.900009195722,18,1,1,CONVERGED_FEASIBLE,1.00546875,-1094.95121757,-1862.7644041,0.899991813901,18,1,1,CONVERGED_INFEASIBLE,41,8,0,0.393699131125
4,2010-12-21 11:30:00,BASE,240,NaN,NaN,BASE_PREREGISTERED,RAY_CERTIFIED_BOUNDARY,NO_RE_ENTRY_DETECTED_AT_SWEEP_RESOLUTION_DELTA,0.9728515625,BINDING_VMIN,33,0.9728515625,-841.658470154,-2026.90307024,0.900002493202,33,1,1,CONVERGED_FEASIBLE,0.97294921875,-841.7358284,-2027.09512316,0.899993429574,33,1,1,CONVERGED_INFEASIBLE,41,9,0,0.207047391967
4,2010-12-21 11:30:00,BASE,250,NaN,NaN,BASE_PREREGISTERED,RAY_CERTIFIED_BOUNDARY,NO_RE_ENTRY_DETECTED_AT_SWEEP_RESOLUTION_DELTA,0.949609375,BINDING_VMIN,33,0.949609375,-585.572332418,-2140.05262414,0.900004093942,33,1,1,CONVERGED_FEASIBLE,0.94970703125,-585.625248575,-2140.26101377,0.899994815823,33,1,1,CONVERGED_INFEASIBLE,41,9,0,0.215003155724
4,2010-12-21 11:30:00,BASE,260,NaN,NaN,BASE_PREREGISTERED,RAY_CERTIFIED_BOUNDARY,NO_RE_ENTRY_DETECTED_AT_SWEEP_RESOLUTION_DELTA,0.95419921875,BINDING_VMIN,33,0.95419921875,-333.52562515,-2247.60476208,0.900004175302,33,1,1,CONVERGED_FEASIBLE,0.954296875,-333.552491387,-2247.8231566,0.899994930469,33,1,1,CONVERGED_INFEASIBLE,41,9,0,0.220040820044
4,2010-12-21 11:30:00,BASE,270,NaN,NaN,BASE_PREREGISTERED,RAY_CERTIFIED_BOUNDARY,NO_RE_ENTRY_DETECTED_AT_SWEEP_RESOLUTION_DELTA,0.98740234375,BINDING_VMIN,33,0.98740234375,-71.015625,-2355.9237442,0.900001908749,33,1,1,CONVERGED_FEASIBLE,0.9875,-71.015625,-2356.14550781,0.899992946952,33,1,1,CONVERGED_INFEASIBLE,41,9,0,0.22176361084
4,2010-12-21 11:30:00,BASE,280,NaN,NaN,BASE_PREREGISTERED,RAY_CERTIFIED_BOUNDARY,NO_RE_ENTRY_DETECTED_AT_SWEEP_RESOLUTION_DELTA,1.054296875,BINDING_VMIN,33,1.054296875,219.032267909,-2471.45914845,0.900000125791,33,1,1,CONVERGED_FEASIBLE,1.05439453125,219.059134146,-2471.67754297,0.899991688397,33,1,1,CONVERGED_INFEASIBLE,41,9,0,0.220040820043
4,2010-12-21 11:30:00,BASE,290,NaN,NaN,BASE_PREREGISTERED,RAY_CERTIFIED_BOUNDARY,NO_RE_ENTRY_DETECTED_AT_SWEEP_RESOLUTION_DELTA,1.1662109375,BINDING_VMIN,33,1.1662109375,560.909117903,-2602.26082052,0.900007872849,33,1,1,CONVERGED_FEASIBLE,1.16640625,561.014950216,-2602.67759978,0.899992492658,33,1,1,CONVERGED_INFEASIBLE,41,8,0,0.430006311449
4,2010-12-21 11:30:00,BASE,300,NaN,NaN,BASE_PREREGISTERED,RAY_CERTIFIED_BOUNDARY,NO_RE_ENTRY_DETECTED_AT_SWEEP_RESOLUTION_DELTA,1.34638671875,BINDING_VMIN,33,1.34638671875,995.522510529,-2761.50549162,0.900005414424,33,1,1,CONVERGED_FEASIBLE,1.346484375,995.599868774,-2761.69754454,0.899998665219,33,1,1,CONVERGED_INFEASIBLE,41,9,0,0.207047391967
4,2010-12-21 11:30:00,BASE,310,NaN,NaN,BASE_PREREGISTERED,RAY_CERTIFIED_BOUNDARY,NO_RE_ENTRY_DETECTED_AT_SWEEP_RESOLUTION_DELTA,1.64267578125,BINDING_VMIN,33,1.64267578125,1601.83019888,-2971.23650515,0.900005334431,33,1.01003345584,13,CONVERGED_FEASIBLE,1.6427734375,1601.92964872,-2971.40638593,0.899999678555,33,1.0100346362,13,CONVERGED_INFEASIBLE,41,9,0,0.196849565562
4,2010-12-21 11:30:00,BASE,320,NaN,NaN,BASE_PREREGISTERED,RAY_UNBOUNDED_WITHIN_GUARD,NO_RE_ENTRY_DETECTED_AT_SWEEP_RESOLUTION_DELTA,NaN,RAY_UNBOUNDED_WITHIN_GUARD,,NaN,NaN,NaN,NaN,,NaN,,,NaN,NaN,NaN,NaN,,NaN,,,41,0,0,NaN
4,2010-12-21 11:30:00,BASE,330,NaN,NaN,BASE_PREREGISTERED,RAY_CERTIFIED_BOUNDARY,NO_RE_ENTRY_DETECTED_AT_SWEEP_RESOLUTION_DELTA,1.675390625,BINDING_VMAX,13,1.675390625,2227.68957463,-2015.96012878,0.945224477484,33,1.04999745379,13,CONVERGED_FEASIBLE,1.6755859375,2227.95755146,-2016.1818924,0.945219594249,33,1.05000436708,13,CONVERGED_INFEASIBLE,41,8,0,0.347837142214
4,2010-12-21 11:30:00,BASE,340,NaN,NaN,BASE_PREREGISTERED,RAY_CERTIFIED_BOUNDARY,NO_RE_ENTRY_DETECTED_AT_SWEEP_RESOLUTION_DELTA,1.325390625,BINDING_VMAX,13,1.325390625,1902.16242819,-1143.07580029,0.972062319089,33,1.04999888803,13,CONVERGED_FEASIBLE,1.3255859375,1902.45320008,-1143.22749554,0.972060623311,33,1.05000800785,13,CONVERGED_INFEASIBLE,41,8,0,0.32796301575
4,2010-12-21 11:30:00,BASE,350,NaN,NaN,BASE_PREREGISTERED,RAY_CERTIFIED_BOUNDARY,NO_RE_ENTRY_DETECTED_AT_SWEEP_RESOLUTION_DELTA,1.13466796875,BINDING_VMAX,13,1.13466796875,1699.32493532,-561.106167075,0.988942700801,33,1.04999499152,13,CONVERGED_FEASIBLE,1.134765625,1699.47730132,-561.144675922,0.988943242982,33,1.05000040714,13,CONVERGED_INFEASIBLE,41,9,0,0.157157021514
5,2011-02-05 11:30:00,BASE,0,NaN,NaN,BASE_PREREGISTERED,RAY_CERTIFIED_BOUNDARY,NO_RE_ENTRY_DETECTED_AT_SWEEP_RESOLUTION_DELTA,0.733203125,BINDING_VMAX,13,0.733203125,2119.62435913,1298.4375,0.989186538118,25,1.0499940533,13,CONVERGED_FEASIBLE,0.7333984375,2119.93782043,1298.4375,0.989187506002,25,1.05000612149,13,CONVERGED_INFEASIBLE,41,8,0,0.313461303711
5,2011-02-05 11:30:00,BASE,10,NaN,NaN,BASE_PREREGISTERED,RAY_CERTIFIED_BOUNDARY,NO_RE_ENTRY_DETECTED_AT_SWEEP_RESOLUTION_DELTA,0.690234375,BINDING_VMAX,13,0.690234375,2033.83332273,1576.13336794,0.989858939412,25,1.0499960842,13,CONVERGED_FEASIBLE,0.6904296875,2034.14202185,1576.21194628,0.9898601559,25,1.0500089419,13,CONVERGED_INFEASIBLE,41,8,0,0.31854309627
5,2011-02-05 11:30:00,BASE,20,NaN,NaN,BASE_PREREGISTERED,RAY_CERTIFIED_BOUNDARY,NO_RE_ENTRY_DETECTED_AT_SWEEP_RESOLUTION_DELTA,0.67216796875,BINDING_VMAX,13,0.67216796875,1956.60948347,1831.0754434,0.990464835047,25,1.04999535589,13,CONVERGED_FEASIBLE,0.672265625,1956.7567621,1831.15282796,0.990465544537,25,1.05000196636,13,CONVERGED_INFEASIBLE,41,9,0,0.166371173655
5,2011-02-05 11:30:00,BASE,30,NaN,NaN,BASE_PREREGISTERED,RAY_CERTIFIED_BOUNDARY,NO_RE_ENTRY_DETECTED_AT_SWEEP_RESOLUTION_DELTA,0.67578125,BINDING_VMAX,13,0.67578125,1882.16108933,2081.2878418,0.991049166631,25,1.04999115199,13,CONVERGED_FEASIBLE,0.6759765625,1882.43255478,2081.51409912,0.991050736948,25,1.05000430308,13,CONVERGED_INFEASIBLE,41,8,0,0.353391947356
5,2011-02-05 11:30:00,BASE,40,NaN,NaN,BASE_PREREGISTERED,RAY_CERTIFIED_BOUNDARY,NO_RE_ENTRY_DETECTED_AT_SWEEP_RESOLUTION_DELTA,0.70185546875,BINDING_VMAX,13,0.70185546875,1805.78085404,2343.68175292,0.991652331804,25,1.04999561705,13,CONVERGED_FEASIBLE,0.701953125,1805.90091669,2343.82718833,0.991653164865,25,1.05000194261,13,CONVERGED_INFEASIBLE,41,9,0,0.188590815309
5,2011-02-05 11:30:00,BASE,50,NaN,NaN,BASE_PREREGISTERED,RAY_CERTIFIED_BOUNDARY,NO_RE_ENTRY_DETECTED_AT_SWEEP_RESOLUTION_DELTA,0.7548828125,BINDING_VMAX,13,0.7548828125,1721.64577288,2638.22557266,0.992316912388,25,1.04999630635,13,CONVERGED_FEASIBLE,0.755078125,1721.84726192,2638.57221899,0.992318615258,25,1.05000804021,13,CONVERGED_INFEASIBLE,41,8,0,0.400950761938
5,2011-02-05 11:30:00,BASE,60,NaN,NaN,BASE_PREREGISTERED,RAY_CERTIFIED_BOUNDARY,NO_RE_ENTRY_DETECTED_AT_SWEEP_RESOLUTION_DELTA,0.79814453125,BINDING_VMAX,30,0.79814453125,1583.37043381,2899.89263869,0.992694622524,25,1.0499958534,30,CONVERGED_FEASIBLE,0.7982421875,1583.44879913,2900.08858328,0.992695467707,25,1.05000200606,30,CONVERGED_INFEASIBLE,41,9,0,0.211034136764
5,2011-02-05 11:30:00,BASE,70,NaN,NaN,BASE_PREREGISTERED,RAY_CERTIFIED_BOUNDARY,NO_RE_ENTRY_DETECTED_AT_SWEEP_RESOLUTION_DELTA,0.7767578125,BINDING_VMAX,30,0.7767578125,1369.26511325,2989.55603619,0.992293678633,25,1.04999767898,30,CONVERGED_FEASIBLE,0.77685546875,1369.31871829,2989.76864853,0.992294500677,25,1.0500040033,30,CONVERGED_INFEASIBLE,41,9,0,0.219265835392
5,2011-02-05 11:30:00,BASE,80,NaN,NaN,BASE_PREREGISTERED,RAY_CERTIFIED_BOUNDARY,NO_RE_ENTRY_DETECTED_AT_SWEEP_RESOLUTION_DELTA,0.7802734375,BINDING_VMAX,30,0.7802734375,1160.34640171,3078.76903686,0.991893831045,25,1.04999271098,30,CONVERGED_FEASIBLE,0.78046875,1160.4008337,3079.21467679,0.991895372271,25,1.05000529298,30,CONVERGED_INFEASIBLE,41,8,0,0.448951881379
5,2011-02-05 11:30:00,BASE,90,NaN,NaN,BASE_PREREGISTERED,RAY_CERTIFIED_BOUNDARY,NO_RE_ENTRY_DETECTED_AT_SWEEP_RESOLUTION_DELTA,0.8095703125,BINDING_VMAX,30,0.8095703125,942.890625,3174.11071777,0.99147003049,25,1.04999603565,30,CONVERGED_FEASIBLE,0.809765625,942.890625,3174.56323242,0.991471414865,25,1.0500081409,30,CONVERGED_INFEASIBLE,41,8,0,0.452514648437
5,2011-02-05 11:30:00,BASE,100,NaN,NaN,BASE_PREREGISTERED,RAY_CERTIFIED_BOUNDARY,NO_RE_ENTRY_DETECTED_AT_SWEEP_RESOLUTION_DELTA,0.8697265625,BINDING_VMAX,30,0.8697265625,700.504999542,3282.87212669,0.990986088945,25,1.049993131,30,CONVERGED_FEASIBLE,0.869921875,700.450567558,3283.31776663,0.990987265866,25,1.0500043587,30,CONVERGED_INFEASIBLE,41,8,0,0.448951881378
5,2011-02-05 11:30:00,BASE,110,NaN,NaN,BASE_PREREGISTERED,RAY_CERTIFIED_BOUNDARY,NO_RE_ENTRY_DETECTED_AT_SWEEP_RESOLUTION_DELTA,0.9736328125,BINDING_VMAX,30,0.9736328125,408.448376089,3418.18250953,0.99038762757,25,1.04999495949,30,CONVERGED_FEASIBLE,0.973828125,408.341166009,3418.60773421,0.990388549623,25,1.05000492335,30,CONVERGED_INFEASIBLE,41,8,0,0.438531670785
5,2011-02-05 11:30:00,BASE,120,NaN,NaN,BASE_PREREGISTERED,RAY_CERTIFIED_BOUNDARY,NO_RE_ENTRY_DETECTED_AT_SWEEP_RESOLUTION_DELTA,1.1498046875,BINDING_VMAX,30,1.1498046875,20.2172775269,3605.48910932,0.983231231517,18,1.04999814721,30,CONVERGED_FEASIBLE,1.15,20.060546875,3605.8809985,0.983228444239,18,1.05000647247,30,CONVERGED_INFEASIBLE,41,8,0,0.422068273528
5,2011-02-05 11:30:00,BASE,130,NaN,NaN,BASE_PREREGISTERED,RAY_CERTIFIED_BOUNDARY,NO_RE_ENTRY_DETECTED_AT_SWEEP_RESOLUTION_DELTA,1.4720703125,BINDING_VMAX,30,1.4720703125,-575.732285621,3911.11090327,0.958171435032,18,1.04999472008,30,CONVERGED_FEASIBLE,1.472265625,-575.933774663,3911.4575496,0.958165462103,18,1.05000100618,30,CONVERGED_INFEASIBLE,41,8,0,0.400950761938
5,2011-02-05 11:30:00,BASE,140,NaN,NaN,BASE_PREREGISTERED,RAY_UNBOUNDED_WITHIN_GUARD,NO_RE_ENTRY_DETECTED_AT_SWEEP_RESOLUTION_DELTA,NaN,RAY_UNBOUNDED_WITHIN_GUARD,,NaN,NaN,NaN,NaN,,NaN,,,NaN,NaN,NaN,NaN,,NaN,,,41,0,0,NaN
5,2011-02-05 11:30:00,BASE,150,NaN,NaN,BASE_PREREGISTERED,RAY_CERTIFIED_BOUNDARY,NO_RE_ENTRY_DETECTED_AT_SWEEP_RESOLUTION_DELTA,1.78193359375,BINDING_VMIN,18,1.78193359375,-1533.82442739,3362.69619751,0.900004220079,18,1.02051352189,30,CONVERGED_FEASIBLE,1.78203125,-1533.96016012,3362.80932617,0.899997822365,18,1.02051439382,30,CONVERGED_INFEASIBLE,41,9,0,0.176695973678
5,2011-02-05 11:30:00,BASE,160,NaN,NaN,BASE_PREREGISTERED,RAY_CERTIFIED_BOUNDARY,NO_RE_ENTRY_DETECTED_AT_SWEEP_RESOLUTION_DELTA,1.50693359375,BINDING_VMIN,18,1.50693359375,-1329.76602254,2492.55868329,0.900005823557,18,1,1,CONVERGED_FEASIBLE,1.50703125,-1329.91330118,2492.63606785,0.899998451592,18,1,1,CONVERGED_INFEASIBLE,41,9,0,0.166371173655
5,2011-02-05 11:30:00,BASE,170,NaN,NaN,BASE_PREREGISTERED,RAY_CERTIFIED_BOUNDARY,NO_RE_ENTRY_DETECTED_AT_SWEEP_RESOLUTION_DELTA,1.334765625,BINDING_VMIN,18,1.334765625,-1166.75917587,1835.44190337,0.900003735439,18,1,1,CONVERGED_FEASIBLE,1.33486328125,-1166.91352543,1835.48119254,0.899995546419,18,1,1,CONVERGED_INFEASIBLE,41,9,0,0.159271548135
5,2011-02-05 11:30:00,BASE,180,NaN,NaN,BASE_PREREGISTERED,RAY_CERTIFIED_BOUNDARY,NO_RE_ENTRY_DETECTED_AT_SWEEP_RESOLUTION_DELTA,1.22744140625,BINDING_VMIN,18,1.22744140625,-1027.05693817,1298.4375,0.900008068016,18,1,1,CONVERGED_FEASIBLE,1.2275390625,-1027.21366882,1298.4375,0.899999256861,18,1,1,CONVERGED_INFEASIBLE,41,9,0,0.156730651856
5,2011-02-05 11:30:00,BASE,190,NaN,NaN,BASE_PREREGISTERED,RAY_CERTIFIED_BOUNDARY,NO_RE_ENTRY_DETECTED_AT_SWEEP_RESOLUTION_DELTA,1.166015625,BINDING_VMIN,18,1.166015625,-900.043134318,829.324785909,0.9000010303,18,1,1,CONVERGED_FEASIBLE,1.16611328125,-900.197483879,829.285496737,0.899991816599,18,1,1,CONVERGED_INFEASIBLE,41,9,0,0.159271548135
5,2011-02-05 11:30:00,BASE,200,NaN,NaN,BASE_PREREGISTERED,RAY_CERTIFIED_BOUNDARY,NO_RE_ENTRY_DETECTED_AT_SWEEP_RESOLUTION_DELTA,1.14072265625,BINDING_VMIN,18,1.14072265625,-777.471133792,394.508425931,0.900002638041,18,1,1,CONVERGED_FEASIBLE,1.1408203125,-777.618412429,394.431041368,0.899993255945,18,1,1,CONVERGED_INFEASIBLE,41,9,0,0.166371173655
5,2011-02-05 11:30:00,BASE,210,NaN,NaN,BASE_PREREGISTERED,RAY_CERTIFIED_BOUNDARY,NO_RE_ENTRY_DETECTED_AT_SWEEP_RESOLUTION_DELTA,1.14794921875,BINDING_VMIN,18,1.14794921875,-652.647569818,-31.3899230957,0.900003365353,18,1,1,CONVERGED_FEASIBLE,1.148046875,-652.783302544,-31.5030517578,0.899994051822,18,1,1,CONVERGED_INFEASIBLE,41,9,0,0.176695973678
5,2011-02-05 11:30:00,BASE,220,NaN,NaN,BASE_PREREGISTERED,RAY_CERTIFIED_BOUNDARY,NO_RE_ENTRY_DETECTED_AT_SWEEP_RESOLUTION_DELTA,1.1884765625,BINDING_VMIN,18,1.1884765625,-518.27176368,-471.511374087,0.900000859425,18,1,1,CONVERGED_FEASIBLE,1.18857421875,-518.391826325,-471.656809492,0.899991842668,18,1,1,CONVERGED_INFEASIBLE,41,9,0,0.188590815309
5,2011-02-05 11:30:00,BASE,230,NaN,NaN,BASE_PREREGISTERED,RAY_CERTIFIED_BOUNDARY,NO_RE_ENTRY_DETECTED_AT_SWEEP_RESOLUTION_DELTA,1.225,BINDING_VMIN,33,1.225,-320.848647312,-875.72829346,0.900004868444,33,1,1,CONVERGED_FEASIBLE,1.22509765625,-320.949391833,-875.901616626,0.899996453663,33,1,1,CONVERGED_INFEASIBLE,41,9,0,0.200475380969
5,2011-02-05 11:30:00,BASE,240,NaN,NaN,BASE_PREREGISTERED,RAY_CERTIFIED_BOUNDARY,NO_RE_ENTRY_DETECTED_AT_SWEEP_RESOLUTION_DELTA,1.15771484375,BINDING_VMIN,33,1.15771484375,13.8696861267,-1024.48562116,0.900007849534,33,1,1,CONVERGED_FEASIBLE,1.1578125,13.7913208008,-1024.68156575,0.899998976821,33,1,1,CONVERGED_INFEASIBLE,41,9,0,0.211034136764
5,2011-02-05 11:30:00,BASE,250,NaN,NaN,BASE_PREREGISTERED,RAY_CERTIFIED_BOUNDARY,NO_RE_ENTRY_DETECTED_AT_SWEEP_RESOLUTION_DELTA,1.1275390625,BINDING_VMIN,33,1.1275390625,323.966833031,-1156.38455417,0.900007829647,33,1,1,CONVERGED_FEASIBLE,1.12763671875,323.913227991,-1156.59716651,0.899998723413,33,1,1,CONVERGED_INFEASIBLE,41,9,0,0.219265835393
5,2011-02-05 11:30:00,BASE,260,NaN,NaN,BASE_PREREGISTERED,RAY_CERTIFIED_BOUNDARY,NO_RE_ENTRY_DETECTED_AT_SWEEP_RESOLUTION_DELTA,1.13037109375,BINDING_VMIN,33,1.13037109375,627.865516683,-1280.70361879,0.900002016031,33,1,1,CONVERGED_FEASIBLE,1.13046875,627.838300691,-1280.92643876,0.899992916023,33,1,1,CONVERGED_INFEASIBLE,41,9,0,0.22447594069
5,2011-02-05 11:30:00,BASE,270,NaN,NaN,BASE_PREREGISTERED,RAY_CERTIFIED_BOUNDARY,NO_RE_ENTRY_DETECTED_AT_SWEEP_RESOLUTION_DELTA,1.1666015625,BINDING_VMIN,33,1.1666015625,942.890625,-1404.43249512,0.900005864834,33,1,1,CONVERGED_FEASIBLE,1.16669921875,942.890625,-1404.65875244,0.899997014804,33,1,1,CONVERGED_INFEASIBLE,41,9,0,0.226257324219
5,2011-02-05 11:30:00,BASE,280,NaN,NaN,BASE_PREREGISTERED,RAY_CERTIFIED_BOUNDARY,NO_RE_ENTRY_DETECTED_AT_SWEEP_RESOLUTION_DELTA,1.24189453125,BINDING_VMIN,33,1.24189453125,1288.99639627,-1535.16402118,0.900007084621,33,1,1,CONVERGED_FEASIBLE,1.2419921875,1289.02361226,-1535.38684115,0.899998721082,33,1,1,CONVERGED_INFEASIBLE,41,9,0,0.22447594069
5,2011-02-05 11:30:00,BASE,290,NaN,NaN,BASE_PREREGISTERED,RAY_CERTIFIED_BOUNDARY,NO_RE_ENTRY_DETECTED_AT_SWEEP_RESOLUTION_DELTA,1.3689453125,BINDING_VMIN,33,1.3689453125,1694.32607588,-1681.96225362,0.900002462604,33,1,1,CONVERGED_FEASIBLE,1.36904296875,1694.37968092,-1682.17486596,0.899994804991,33,1,1,CONVERGED_INFEASIBLE,41,9,0,0.219265835393
5,2011-02-05 11:30:00,BASE,300,NaN,NaN,BASE_PREREGISTERED,RAY_CERTIFIED_BOUNDARY,NO_RE_ENTRY_DETECTED_AT_SWEEP_RESOLUTION_DELTA,1.573046875,BINDING_VMIN,33,1.573046875,2205.19929504,-1857.83796483,0.900000999393,33,1.00946773484,13,CONVERGED_FEASIBLE,1.57314453125,2205.27766037,-1858.03390942,0.899994240064,33,1.00946770498,13,CONVERGED_INFEASIBLE,41,9,0,0.211034136764
5,2011-02-05 11:30:00,BASE,310,NaN,NaN,BASE_PREREGISTERED,RAY_CERTIFIED_BOUNDARY,NO_RE_ENTRY_DETECTED_AT_SWEEP_RESOLUTION_DELTA,1.906640625,BINDING_VMIN,33,1.906640625,2909.82665439,-2085.52399167,0.900002287657,33,1.03338507589,13,CONVERGED_FEASIBLE,1.9068359375,2910.02814343,-2085.870638,0.899990872111,33,1.03338713814,13,CONVERGED_INFEASIBLE,41,8,0,0.400950761938
5,2011-02-05 11:30:00,BASE,320,NaN,NaN,BASE_PREREGISTERED,RAY_CERTIFIED_BOUNDARY,NO_RE_ENTRY_DETECTED_AT_SWEEP_RESOLUTION_DELTA,1.655078125,BINDING_VMAX,13,1.655078125,2977.71233111,-1166.40173731,0.935906336814,33,1.04999276074,13,CONVERGED_FEASIBLE,1.65546875,2978.19258169,-1166.98347893,0.93589083519,33,1.05000217127,13,CONVERGED_INFEASIBLE,41,7,0,0.754363261236
5,2011-02-05 11:30:00,BASE,330,NaN,NaN,BASE_PREREGISTERED,RAY_CERTIFIED_BOUNDARY,NO_RE_ENTRY_DETECTED_AT_SWEEP_RESOLUTION_DELTA,1.16875,BINDING_VMAX,13,1.16875,2567.33989047,-55.486328125,0.969568074143,33,1.04999534331,13,CONVERGED_FEASIBLE,1.169140625,2567.88282137,-55.9388427734,0.969559364883,33,1.05000986399,13,CONVERGED_INFEASIBLE,41,7,0,0.706783894711
5,2011-02-05 11:30:00,BASE,340,NaN,NaN,BASE_PREREGISTERED,RAY_CERTIFIED_BOUNDARY,NO_RE_ENTRY_DETECTED_AT_SWEEP_RESOLUTION_DELTA,0.9392578125,BINDING_VMAX,13,0.9392578125,2359.41655566,554.152778281,0.986839734081,33,1.04999592127,13,CONVERGED_FEASIBLE,0.939453125,2359.71111294,553.998009156,0.986838206559,33,1.05000518708,13,CONVERGED_INFEASIBLE,41,8,0,0.332742347309
5,2011-02-05 11:30:00,BASE,350,NaN,NaN,BASE_PREREGISTERED,RAY_CERTIFIED_BOUNDARY,NO_RE_ENTRY_DETECTED_AT_SWEEP_RESOLUTION_DELTA,0.809765625,BINDING_VMAX,13,0.809765625,2222.75718549,972.651685491,0.988380918037,25,1.04999352491,13,CONVERGED_FEASIBLE,0.8099609375,2223.06588461,972.573107147,0.98838159614,25,1.05000439101,13,CONVERGED_INFEASIBLE,41,8,0,0.31854309627
6,2010-12-21 12:00:00,BASE,0,NaN,NaN,BASE_PREREGISTERED,RAY_CERTIFIED_BOUNDARY,NO_RE_ENTRY_DETECTED_AT_SWEEP_RESOLUTION_DELTA,1.02080078125,BINDING_VMAX,13,1.02080078125,1555.30161285,-101.25,0.99919774259,22,1.04999544571,13,CONVERGED_FEASIBLE,1.0208984375,1555.4563446,-101.25,0.999197819605,22,1.05000149826,13,CONVERGED_INFEASIBLE,41,9,0,0.154731750488
6,2010-12-21 12:00:00,BASE,10,NaN,NaN,BASE_PREREGISTERED,RAY_CERTIFIED_BOUNDARY,NO_RE_ENTRY_DETECTED_AT_SWEEP_RESOLUTION_DELTA,0.95859375,BINDING_VMAX,13,0.95859375,1433.66279112,276.817863802,0.999348046226,22,1.04999581037,13,CONVERGED_FEASIBLE,0.9587890625,1433.96755317,276.894894744,0.99934824032,22,1.05000875282,13,CONVERGED_INFEASIBLE,41,8,0,0.314346427099
6,2010-12-21 12:00:00,BASE,20,NaN,NaN,BASE_PREREGISTERED,RAY_CERTIFIED_BOUNDARY,NO_RE_ENTRY_DETECTED_AT_SWEEP_RESOLUTION_DELTA,0.93203125,BINDING_VMAX,13,0.93203125,1325.59093679,622.764224907,0.999482119947,22,1.04999873214,13,CONVERGED_FEASIBLE,0.93212890625,1325.73633707,622.840085576,0.999482233054,22,1.05000539977,13,CONVERGED_INFEASIBLE,41,9,0,0.164000255266
6,2010-12-21 12:00:00,BASE,30,NaN,NaN,BASE_PREREGISTERED,RAY_CERTIFIED_BOUNDARY,NO_RE_ENTRY_DETECTED_AT_SWEEP_RESOLUTION_DELTA,0.93603515625,BINDING_VMAX,13,0.93603515625,1222.29621687,961.734924316,0.999610338057,22,1.04999505207,13,CONVERGED_FEASIBLE,0.9361328125,1222.4302185,961.845825195,0.999610462916,22,1.05000169162,13,CONVERGED_INFEASIBLE,41,9,0,0.173940912091
6,2010-12-21 12:00:00,BASE,40,NaN,NaN,BASE_PREREGISTERED,RAY_CERTIFIED_BOUNDARY,NO_RE_ENTRY_DETECTED_AT_SWEEP_RESOLUTION_DELTA,0.97138671875,BINDING_VMAX,13,0.97138671875,1116.92243728,1316.90793193,0.999741624485,22,1.049994544,13,CONVERGED_FEASIBLE,0.971484375,1117.04096868,1317.05050336,0.999741756468,22,1.05000093284,13,CONVERGED_INFEASIBLE,41,9,0,0.185408474777
6,2010-12-21 12:00:00,BASE,50,NaN,NaN,BASE_PREREGISTERED,RAY_CERTIFIED_BOUNDARY,NO_RE_ENTRY_DETECTED_AT_SWEEP_RESOLUTION_DELTA,1.04453125,BINDING_VMAX,13,1.04453125,1001.71106321,1716.10740328,0.999885589871,22,1.04999493013,13,CONVERGED_FEASIBLE,1.0447265625,1001.90998251,1716.44722329,0.999885858301,22,1.05000677387,13,CONVERGED_INFEASIBLE,41,8,0,0.393759479168
6,2010-12-21 12:00:00,BASE,60,NaN,NaN,BASE_PREREGISTERED,RAY_CERTIFIED_BOUNDARY,NO_RE_ENTRY_DETECTED_AT_SWEEP_RESOLUTION_DELTA,0.9921875,BINDING_VMAX,30,0.9921875,723.92791748,1850.3433218,0.999811981571,22,1.04999537602,30,CONVERGED_FEASIBLE,0.9923828125,724.082649231,1850.72749371,0.999812251766,22,1.05000780048,30,CONVERGED_INFEASIBLE,41,8,0,0.414161772639
6,2010-12-21 12:00:00,BASE,70,NaN,NaN,BASE_PREREGISTERED,RAY_CERTIFIED_BOUNDARY,NO_RE_ENTRY_DETECTED_AT_SWEEP_RESOLUTION_DELTA,0.9671875,BINDING_VMAX,30,0.9671875,462.023927744,1962.99590533,0.999732101021,22,1.04999452853,30,CONVERGED_FEASIBLE,0.9673828125,462.129770495,1963.41275628,0.999732363783,22,1.05000728136,30,CONVERGED_INFEASIBLE,41,8,0,0.430078367978
6,2010-12-21 12:00:00,BASE,80,NaN,NaN,BASE_PREREGISTERED,RAY_CERTIFIED_BOUNDARY,NO_RE_ENTRY_DETECTED_AT_SWEEP_RESOLUTION_DELTA,0.9736328125,BINDING_VMAX,30,0.9736328125,205.7734234,2076.51794453,0.999652055237,22,1.04999818537,30,CONVERGED_FEASIBLE,0.97373046875,205.800292287,2076.73637662,0.999652178244,22,1.05000451564,30,CONVERGED_INFEASIBLE,41,9,0,0.22007842993
6,2010-12-21 12:00:00,BASE,90,NaN,NaN,BASE_PREREGISTERED,RAY_CERTIFIED_BOUNDARY,NO_RE_ENTRY_DETECTED_AT_SWEEP_RESOLUTION_DELTA,1.0125,BINDING_VMAX,30,1.0125,-62.109375,2198.390625,0.999566011888,22,1.04999303586,30,CONVERGED_FEASIBLE,1.0126953125,-62.109375,2198.83422852,0.999566232216,22,1.05000518295,30,CONVERGED_INFEASIBLE,41,8,0,0.443603515625
6,2010-12-21 12:00:00,BASE,100,NaN,NaN,BASE_PREREGISTERED,RAY_CERTIFIED_BOUNDARY,NO_RE_ENTRY_DETECTED_AT_SWEEP_RESOLUTION_DELTA,1.09140625,BINDING_VMAX,30,1.09140625,-362.396050518,2339.94704595,0.997556301997,18,1.04999726633,30,CONVERGED_FEASIBLE,1.0916015625,-362.449788291,2340.38391013,0.997558991194,18,1.05000848557,30,CONVERGED_INFEASIBLE,41,8,0,0.44015685986
6,2010-12-21 12:00:00,BASE,110,NaN,NaN,BASE_PREREGISTERED,RAY_CERTIFIED_BOUNDARY,NO_RE_ENTRY_DETECTED_AT_SWEEP_RESOLUTION_DELTA,1.2275390625,BINDING_VMAX,30,1.2275390625,-727.331064771,2518.65822193,0.982616663732,18,1.0499922499,30,CONVERGED_FEASIBLE,1.227734375,-727.436907522,2519.07507288,0.982616586615,18,1.05000213666,30,CONVERGED_INFEASIBLE,41,8,0,0.430078367978
6,2010-12-21 12:00:00,BASE,120,NaN,NaN,BASE_PREREGISTERED,RAY_CERTIFIED_BOUNDARY,NO_RE_ENTRY_DETECTED_AT_SWEEP_RESOLUTION_DELTA,1.46171875,BINDING_VMAX,30,1.46171875,-1220.12179565,2773.89260243,0.961468264781,18,1.04999241165,30,CONVERGED_FEASIBLE,1.462109375,-1220.43125916,2774.66094625,0.961461925802,18,1.05000870022,30,CONVERGED_INFEASIBLE,41,7,0,0.828323545278
6,2010-12-21 12:00:00,BASE,130,NaN,NaN,BASE_PREREGISTERED,RAY_CERTIFIED_BOUNDARY,NO_RE_ENTRY_DETECTED_AT_SWEEP_RESOLUTION_DELTA,1.90859375,BINDING_VMAX,30,1.90859375,-2005.94881445,3219.47111908,0.924977734087,18,1.04999555525,30,CONVERGED_FEASIBLE,1.908984375,-2006.34665306,3220.1507591,0.924963822049,18,1.05000734944,30,CONVERGED_INFEASIBLE,41,7,0,0.787518958337
6,2010-12-21 12:00:00,BASE,140,NaN,NaN,BASE_PREREGISTERED,RAY_CERTIFIED_BOUNDARY,NO_RE_ENTRY_DETECTED_AT_SWEEP_RESOLUTION_DELTA,1.8349609375,BINDING_VMIN,18,1.8349609375,-2289.31433657,2577.66701428,0.900008105776,18,1.02763260699,30,CONVERGED_FEASIBLE,1.83515625,-2289.55139937,2577.95215712,0.899997693721,18,1.02763648195,30,CONVERGED_INFEASIBLE,41,8,0,0.370816949554
6,2010-12-21 12:00:00,BASE,150,NaN,NaN,BASE_PREREGISTERED,RAY_CERTIFIED_BOUNDARY,NO_RE_ENTRY_DETECTED_AT_SWEEP_RESOLUTION_DELTA,1.44560546875,BINDING_VMIN,18,1.44560546875,-2045.73545496,1540.41571045,0.900004440059,18,1.00178538746,30,CONVERGED_FEASIBLE,1.445703125,-2045.86945659,1540.52661133,0.899998093369,18,1.00178635849,30,CONVERGED_INFEASIBLE,41,9,0,0.173940912091
6,2010-12-21 12:00:00,BASE,160,NaN,NaN,BASE_PREREGISTERED,RAY_CERTIFIED_BOUNDARY,NO_RE_ENTRY_DETECTED_AT_SWEEP_RESOLUTION_DELTA,1.21484375,BINDING_VMIN,18,1.21484375,-1870.88890964,842.456722322,0.90000741591,18,1,1,CONVERGED_FEASIBLE,1.2150390625,-1871.17971021,842.60844366,0.899992651943,18,1,1,CONVERGED_INFEASIBLE,41,8,0,0.328000510532
6,2010-12-21 12:00:00,BASE,170,NaN,NaN,BASE_PREREGISTERED,RAY_CERTIFIED_BOUNDARY,NO_RE_ENTRY_DETECTED_AT_SWEEP_RESOLUTION_DELTA,1.071484375,BINDING_VMIN,18,1.071484375,-1734.03400893,321.341748333,0.900002815338,18,1,1,CONVERGED_FEASIBLE,1.07158203125,-1734.18638996,321.380263804,0.899994560264,18,1,1,CONVERGED_INFEASIBLE,41,9,0,0.157173213549
6,2010-12-21 12:00:00,BASE,180,NaN,NaN,BASE_PREREGISTERED,RAY_CERTIFIED_BOUNDARY,NO_RE_ENTRY_DETECTED_AT_SWEEP_RESOLUTION_DELTA,0.98232421875,BINDING_VMIN,18,0.98232421875,-1618.55605316,-101.25,0.900002358957,18,1,1,CONVERGED_FEASIBLE,0.982421875,-1618.71078491,-101.25,0.899993432861,18,1,1,CONVERGED_INFEASIBLE,41,9,0,0.154731750488
6,2010-12-21 12:00:00,BASE,190,NaN,NaN,BASE_PREREGISTERED,RAY_CERTIFIED_BOUNDARY,NO_RE_ENTRY_DETECTED_AT_SWEEP_RESOLUTION_DELTA,0.930859375,BINDING_VMIN,18,0.930859375,-1514.6053293,-468.379470024,0.900008999376,18,1,1,CONVERGED_FEASIBLE,0.9310546875,-1514.91009136,-468.456500967,0.899990263693,18,1,1,CONVERGED_INFEASIBLE,41,8,0,0.314346427099
6,2010-12-21 12:00:00,BASE,200,NaN,NaN,BASE_PREREGISTERED,RAY_CERTIFIED_BOUNDARY,NO_RE_ENTRY_DETECTED_AT_SWEEP_RESOLUTION_DELTA,0.90908203125,BINDING_VMIN,18,0.90908203125,-1415.64062001,-807.436967692,0.900006006227,18,1,1,CONVERGED_FEASIBLE,0.9091796875,-1415.7860203,-807.512828361,0.899996441843,18,1,1,CONVERGED_INFEASIBLE,41,9,0,0.164000255266
6,2010-12-21 12:00:00,BASE,210,NaN,NaN,BASE_PREREGISTERED,RAY_CERTIFIED_BOUNDARY,NO_RE_ENTRY_DETECTED_AT_SWEEP_RESOLUTION_DELTA,0.913671875,BINDING_VMIN,18,0.913671875,-1315.82859436,-1138.83862305,0.900001194583,18,1,1,CONVERGED_FEASIBLE,0.91376953125,-1315.96259598,-1138.94952393,0.899991683849,18,1,1,CONVERGED_INFEASIBLE,41,9,0,0.173940912091
6,2010-12-21 12:00:00,BASE,220,NaN,NaN,BASE_PREREGISTERED,RAY_CERTIFIED_BOUNDARY,NO_RE_ENTRY_DETECTED_AT_SWEEP_RESOLUTION_DELTA,0.94501953125,BINDING_VMIN,18,0.94501953125,-1209.13770992,-1480.91364807,0.900006473389,18,1,1,CONVERGED_FEASIBLE,0.9451171875,-1209.25624132,-1481.05621949,0.899997260802,18,1,1,CONVERGED_INFEASIBLE,41,9,0,0.185408474777
6,2010-12-21 12:00:00,BASE,230,NaN,NaN,BASE_PREREGISTERED,RAY_CERTIFIED_BOUNDARY,NO_RE_ENTRY_DETECTED_AT_SWEEP_RESOLUTION_DELTA,1.0076171875,BINDING_VMIN,18,1.0076171875,-1088.33406474,-1854.38142175,0.900008460548,18,1,1,CONVERGED_FEASIBLE,1.0078125,-1088.53298404,-1854.72124176,0.899991082184,18,1,1,CONVERGED_INFEASIBLE,41,8,0,0.393759479168
6,2010-12-21 12:00:00,BASE,240,NaN,NaN,BASE_PREREGISTERED,RAY_CERTIFIED_BOUNDARY,NO_RE_ENTRY_DETECTED_AT_SWEEP_RESOLUTION_DELTA,0.97451171875,BINDING_VMIN,33,0.97451171875,-834.143444061,-2018.0757636,0.900003541811,33,1,1,CONVERGED_FEASIBLE,0.974609375,-834.220809937,-2018.26784956,0.899994480064,33,1,1,CONVERGED_INFEASIBLE,41,9,0,0.207080886319
6,2010-12-21 12:00:00,BASE,250,NaN,NaN,BASE_PREREGISTERED,RAY_CERTIFIED_BOUNDARY,NO_RE_ENTRY_DETECTED_AT_SWEEP_RESOLUTION_DELTA,0.951171875,BINDING_VMIN,33,0.951171875,-577.563572166,-2131.31412741,0.900008743448,33,1,1,CONVERGED_FEASIBLE,0.9513671875,-577.669414917,-2131.73097836,0.899990190562,33,1,1,CONVERGED_INFEASIBLE,41,8,0,0.430078367978
6,2010-12-21 12:00:00,BASE,260,NaN,NaN,BASE_PREREGISTERED,RAY_CERTIFIED_BOUNDARY,NO_RE_ENTRY_DETECTED_AT_SWEEP_RESOLUTION_DELTA,0.95576171875,BINDING_VMIN,33,0.95576171875,-325.075167171,-2239.04487193,0.90000752406,33,1,1,CONVERGED_FEASIBLE,0.955859375,-325.102036057,-2239.26330402,0.899998280737,33,1,1,CONVERGED_INFEASIBLE,41,9,0,0.22007842993
6,2010-12-21 12:00:00,BASE,270,NaN,NaN,BASE_PREREGISTERED,RAY_CERTIFIED_BOUNDARY,NO_RE_ENTRY_DETECTED_AT_SWEEP_RESOLUTION_DELTA,0.98896484375,BINDING_VMIN,33,0.98896484375,-62.109375,-2347.43640137,0.900008024411,33,1,1,CONVERGED_FEASIBLE,0.9890625,-62.109375,-2347.65820312,0.89999906388,33,1,1,CONVERGED_INFEASIBLE,41,9,0,0.221801757813
6,2010-12-21 12:00:00,BASE,280,NaN,NaN,BASE_PREREGISTERED,RAY_CERTIFIED_BOUNDARY,NO_RE_ENTRY_DETECTED_AT_SWEEP_RESOLUTION_DELTA,1.05595703125,BINDING_VMIN,33,1.05595703125,228.423894719,-2463.15619701,0.900004397251,33,1,1,CONVERGED_FEASIBLE,1.0560546875,228.450763606,-2463.37462911,0.899995960705,33,1,1,CONVERGED_INFEASIBLE,41,9,0,0.22007842993
6,2010-12-21 12:00:00,BASE,290,NaN,NaN,BASE_PREREGISTERED,RAY_CERTIFIED_BOUNDARY,NO_RE_ENTRY_DETECTED_AT_SWEEP_RESOLUTION_DELTA,1.16806640625,BINDING_VMIN,33,1.16806640625,570.883197105,-2594.2271076,0.900007515549,33,1,1,CONVERGED_FEASIBLE,1.1681640625,570.93611848,-2594.43553307,0.89999982588,33,1,1,CONVERGED_INFEASIBLE,41,9,0,0.215039183989
6,2010-12-21 12:00:00,BASE,300,NaN,NaN,BASE_PREREGISTERED,RAY_CERTIFIED_BOUNDARY,NO_RE_ENTRY_DETECTED_AT_SWEEP_RESOLUTION_DELTA,1.3484375,BINDING_VMIN,33,1.3484375,1006.15863037,-2753.57289246,0.900007173906,33,1,1,CONVERGED_FEASIBLE,1.3486328125,1006.31336212,-2753.95706437,0.899993675268,33,1,1,CONVERGED_INFEASIBLE,41,8,0,0.414161772639
6,2010-12-21 12:00:00,BASE,310,NaN,NaN,BASE_PREREGISTERED,RAY_CERTIFIED_BOUNDARY,NO_RE_ENTRY_DETECTED_AT_SWEEP_RESOLUTION_DELTA,1.6451171875,BINDING_VMIN,33,1.6451171875,1613.38792325,-2963.55392816,0.900004598301,33,1.0102488351,13,CONVERGED_FEASIBLE,1.6453125,1613.58684255,-2963.89374817,0.899993285424,33,1.01025119277,13,CONVERGED_INFEASIBLE,41,8,0,0.393759479168
6,2010-12-21 12:00:00,BASE,320,NaN,NaN,BASE_PREREGISTERED,RAY_UNBOUNDED_WITHIN_GUARD,NO_RE_ENTRY_DETECTED_AT_SWEEP_RESOLUTION_DELTA,NaN,RAY_UNBOUNDED_WITHIN_GUARD,,NaN,NaN,NaN,NaN,,NaN,,,NaN,NaN,NaN,NaN,,NaN,,,41,0,0,NaN
6,2010-12-21 12:00:00,BASE,330,NaN,NaN,BASE_PREREGISTERED,RAY_CERTIFIED_BOUNDARY,NO_RE_ENTRY_DETECTED_AT_SWEEP_RESOLUTION_DELTA,1.670703125,BINDING_VMAX,13,1.670703125,2230.3904545,-1998.54223633,0.945457687537,33,1.049995368,13,CONVERGED_FEASIBLE,1.67109375,2230.926461,-1998.98583984,0.945447931754,33,1.05000920107,13,CONVERGED_INFEASIBLE,41,7,0,0.695763648364
6,2010-12-21 12:00:00,BASE,340,NaN,NaN,BASE_PREREGISTERED,RAY_CERTIFIED_BOUNDARY,NO_RE_ENTRY_DETECTED_AT_SWEEP_RESOLUTION_DELTA,1.321875,BINDING_VMAX,13,1.321875,1906.02887105,-1128.10001554,0.972199464511,33,1.04999605875,13,CONVERGED_FEASIBLE,1.3220703125,1906.31967162,-1128.25173688,0.972197770361,33,1.05000517987,13,CONVERGED_INFEASIBLE,41,8,0,0.328000510532
6,2010-12-21 12:00:00,BASE,350,NaN,NaN,BASE_PREREGISTERED,RAY_CERTIFIED_BOUNDARY,NO_RE_ENTRY_DETECTED_AT_SWEEP_RESOLUTION_DELTA,1.1318359375,BINDING_VMAX,13,1.1318359375,1703.98673393,-547.64430944,0.989028347097,33,1.04999788192,13,CONVERGED_FEASIBLE,1.13203125,1704.29149599,-547.721340382,0.989029431388,33,1.05000871316,13,CONVERGED_INFEASIBLE,41,8,0,0.314346427099
7,2011-02-05 17:30:00,BASE,0,NaN,NaN,BASE_PREREGISTERED,RAY_CERTIFIED_BOUNDARY,NO_RE_ENTRY_DETECTED_AT_SWEEP_RESOLUTION_DELTA,0.6259765625,BINDING_VMAX,13,0.6259765625,2325.63720703,1818.125,0.985479489345,25,1.04999033781,13,CONVERGED_FEASIBLE,0.626171875,2325.95214844,1818.125,0.985480452741,25,1.05000239366,13,CONVERGED_INFEASIBLE,41,8,0,0.31494140625
7,2011-02-05 17:30:00,BASE,10,NaN,NaN,BASE_PREREGISTERED,RAY_CERTIFIED_BOUNDARY,NO_RE_ENTRY_DETECTED_AT_SWEEP_RESOLUTION_DELTA,0.58984375,BINDING_VMAX,13,0.58984375,2252.92335063,2057.1600259,0.986048918394,25,1.04999401357,13,CONVERGED_FEASIBLE,0.5900390625,2253.23350737,2057.23917657,0.986050127843,25,1.05000684136,13,CONVERGED_INFEASIBLE,41,8,0,0.320096909081
7,2011-02-05 17:30:00,BASE,20,NaN,NaN,BASE_PREREGISTERED,RAY_CERTIFIED_BOUNDARY,NO_RE_ENTRY_DETECTED_AT_SWEEP_RESOLUTION_DELTA,0.5748046875,BINDING_VMAX,13,0.5748046875,2187.22530372,2276.92807157,0.986564281755,25,1.04999706697,13,CONVERGED_FEASIBLE,0.57490234375,2187.37327778,2277.00601976,0.986564987239,25,1.05000365693,13,CONVERGED_INFEASIBLE,41,9,0,0.167249044091
7,2011-02-05 17:30:00,BASE,30,NaN,NaN,BASE_PREREGISTERED,RAY_CERTIFIED_BOUNDARY,NO_RE_ENTRY_DETECTED_AT_SWEEP_RESOLUTION_DELTA,0.578125,BINDING_VMAX,13,0.578125,2123.58188521,2492.72460938,0.987062426741,25,1.04999314111,13,CONVERGED_FEASIBLE,0.5783203125,2123.85463247,2492.95251465,0.987063989461,25,1.05000624598,13,CONVERGED_INFEASIBLE,41,8,0,0.355431963516
7,2011-02-05 17:30:00,BASE,40,NaN,NaN,BASE_PREREGISTERED,RAY_CERTIFIED_BOUNDARY,NO_RE_ENTRY_DETECTED_AT_SWEEP_RESOLUTION_DELTA,0.6005859375,BINDING_VMAX,13,0.6005859375,2058.12177606,2719.06731858,0.987577978419,25,1.04999736442,13,CONVERGED_FEASIBLE,0.60078125,2058.36303517,2719.36030795,0.987579638628,25,1.05000996977,13,CONVERGED_INFEASIBLE,41,8,0,0.379537524116
7,2011-02-05 17:30:00,BASE,50,NaN,NaN,BASE_PREREGISTERED,RAY_CERTIFIED_BOUNDARY,NO_RE_ENTRY_DETECTED_AT_SWEEP_RESOLUTION_DELTA,0.6458984375,BINDING_VMAX,13,0.6458984375,1985.72051429,2972.83394857,0.988146169571,25,1.04999135827,13,CONVERGED_FEASIBLE,0.64609375,1985.92295473,2973.1831197,0.988147869524,25,1.05000305295,13,CONVERGED_INFEASIBLE,41,8,0,0.40361195696
7,2011-02-05 17:30:00,BASE,60,NaN,NaN,BASE_PREREGISTERED,RAY_CERTIFIED_BOUNDARY,NO_RE_ENTRY_DETECTED_AT_SWEEP_RESOLUTION_DELTA,0.723828125,BINDING_VMAX,13,0.723828125,1899.83642578,3281.04445883,0.988824893538,25,1.04999635572,13,CONVERGED_FEASIBLE,0.7240234375,1899.99389648,3281.43920234,0.988826572652,25,1.05000674975,13,CONVERGED_INFEASIBLE,41,8,0,0.424993486214
7,2011-02-05 17:30:00,BASE,70,NaN,NaN,BASE_PREREGISTERED,RAY_CERTIFIED_BOUNDARY,NO_RE_ENTRY_DETECTED_AT_SWEEP_RESOLUTION_DELTA,0.705859375,BINDING_VMAX,30,0.705859375,1705.53672593,3366.08001185,0.988479588287,25,1.04999881681,30,CONVERGED_FEASIBLE,0.70595703125,1705.59058408,3366.29417276,0.988480404739,25,1.05000512261,30,CONVERGED_INFEASIBLE,41,9,0,0.220829330601
7,2011-02-05 17:30:00,BASE,80,NaN,NaN,BASE_PREREGISTERED,RAY_CERTIFIED_BOUNDARY,NO_RE_ENTRY_DETECTED_AT_SWEEP_RESOLUTION_DELTA,0.70859375,BINDING_VMAX,30,0.70859375,1514.6616966,3446.68253898,0.988120202026,25,1.04999703211,30,CONVERGED_FEASIBLE,0.7087890625,1514.7163856,3447.13142474,0.988121733599,25,1.05000958637,30,CONVERGED_INFEASIBLE,41,8,0,0.452204945583
7,2011-02-05 17:30:00,BASE,90,NaN,NaN,BASE_PREREGISTERED,RAY_CERTIFIED_BOUNDARY,NO_RE_ENTRY_DETECTED_AT_SWEEP_RESOLUTION_DELTA,0.73447265625,BINDING_VMAX,30,0.73447265625,1316.25,3532.20056152,0.98773955146,25,1.04999444949,30,CONVERGED_FEASIBLE,0.7345703125,1316.25,3532.4284668,0.987740240128,25,1.05000049501,30,CONVERGED_INFEASIBLE,41,9,0,0.227905273438
7,2011-02-05 17:30:00,BASE,100,NaN,NaN,BASE_PREREGISTERED,RAY_CERTIFIED_BOUNDARY,NO_RE_ENTRY_DETECTED_AT_SWEEP_RESOLUTION_DELTA,0.78828125,BINDING_VMAX,30,0.78828125,1095.52519089,3629.82792925,0.987308250586,25,1.04999923488,30,CONVERGED_FEASIBLE,0.78837890625,1095.49784639,3630.05237213,0.987308837398,25,1.05000485035,30,CONVERGED_INFEASIBLE,41,9,0,0.226102472792
7,2011-02-05 17:30:00,BASE,110,NaN,NaN,BASE_PREREGISTERED,RAY_CERTIFIED_BOUNDARY,NO_RE_ENTRY_DETECTED_AT_SWEEP_RESOLUTION_DELTA,0.880859375,BINDING_VMAX,30,0.880859375,830.449464879,3749.85635126,0.986776234582,25,1.04999327012,30,CONVERGED_FEASIBLE,0.8810546875,830.341748574,3750.28467307,0.986777158701,25,1.05000326083,30,CONVERGED_INFEASIBLE,41,8,0,0.441658661203
7,2011-02-05 17:30:00,BASE,120,NaN,NaN,BASE_PREREGISTERED,RAY_CERTIFIED_BOUNDARY,NO_RE_ENTRY_DETECTED_AT_SWEEP_RESOLUTION_DELTA,1.0373046875,BINDING_VMAX,30,1.0373046875,479.923095703,3914.60779705,0.986050855116,25,1.04999219052,30,CONVERGED_FEASIBLE,1.0375,479.765625,3915.00254056,0.986051485732,25,1.05000057619,30,CONVERGED_INFEASIBLE,41,8,0,0.424993486214
7,2011-02-05 17:30:00,BASE,130,NaN,NaN,BASE_PREREGISTERED,RAY_CERTIFIED_BOUNDARY,NO_RE_ENTRY_DETECTED_AT_SWEEP_RESOLUTION_DELTA,1.3205078125,BINDING_VMAX,30,1.3205078125,-52.4497723455,4178.87105421,0.969218937332,18,1.04999575847,30,CONVERGED_FEASIBLE,1.320703125,-52.6522127792,4179.22022534,0.969213252101,18,1.05000216338,30,CONVERGED_INFEASIBLE,41,8,0,0.40361195696
7,2011-02-05 17:30:00,BASE,140,NaN,NaN,BASE_PREREGISTERED,RAY_CERTIFIED_BOUNDARY,NO_RE_ENTRY_DETECTED_AT_SWEEP_RESOLUTION_DELTA,1.962109375,BINDING_VMAX,30,1.962109375,-1107.43906091,4761.49623006,0.922204239397,18,1.04999409736,30,CONVERGED_FEASIBLE,1.9625,-1107.92157914,4762.08220881,0.922184804624,18,1.05000178725,30,CONVERGED_INFEASIBLE,41,7,0,0.759075048231
7,2011-02-05 17:30:00,BASE,150,NaN,NaN,BASE_PREREGISTERED,RAY_CERTIFIED_BOUNDARY,NO_RE_ENTRY_DETECTED_AT_SWEEP_RESOLUTION_DELTA,1.9056640625,BINDING_VMIN,18,1.9056640625,-1344.94500134,4041.79675293,0.900004256623,18,1.02719726453,30,CONVERGED_FEASIBLE,1.905859375,-1345.2177486,4042.0246582,0.899991424424,18,1.02719893875,30,CONVERGED_INFEASIBLE,41,8,0,0.355431963515
7,2011-02-05 17:30:00,BASE,160,NaN,NaN,BASE_PREREGISTERED,RAY_CERTIFIED_BOUNDARY,NO_RE_ENTRY_DETECTED_AT_SWEEP_RESOLUTION_DELTA,1.6150390625,BINDING_VMIN,18,1.6150390625,-1130.94496652,3107.2322371,0.900007618319,18,1.0047047536,30,CONVERGED_FEASIBLE,1.615234375,-1131.24091463,3107.38813349,0.899992879175,18,1.00470431904,30,CONVERGED_INFEASIBLE,41,8,0,0.334498088183
7,2011-02-05 17:30:00,BASE,170,NaN,NaN,BASE_PREREGISTERED,RAY_CERTIFIED_BOUNDARY,NO_RE_ENTRY_DETECTED_AT_SWEEP_RESOLUTION_DELTA,1.4326171875,BINDING_VMIN,18,1.4326171875,-958.749677775,2398.69517051,0.900009534211,18,1,1,CONVERGED_FEASIBLE,1.4328125,-959.059834513,2398.77432118,0.89999319975,18,1,1,CONVERGED_INFEASIBLE,41,8,0,0.320096909081
7,2011-02-05 17:30:00,BASE,180,NaN,NaN,BASE_PREREGISTERED,RAY_CERTIFIED_BOUNDARY,NO_RE_ENTRY_DETECTED_AT_SWEEP_RESOLUTION_DELTA,1.3189453125,BINDING_VMIN,18,1.3189453125,-810.549316406,1818.125,0.90000751401,18,1,1,CONVERGED_FEASIBLE,1.31904296875,-810.706787109,1818.125,0.899998741539,18,1,1,CONVERGED_INFEASIBLE,41,9,0,0.157470703125
7,2011-02-05 17:30:00,BASE,190,NaN,NaN,BASE_PREREGISTERED,RAY_CERTIFIED_BOUNDARY,NO_RE_ENTRY_DETECTED_AT_SWEEP_RESOLUTION_DELTA,1.25390625,BINDING_VMIN,18,1.25390625,-674.956261938,1309.9776933,0.900007366273,18,1,1,CONVERGED_FEASIBLE,1.25400390625,-675.111340307,1309.93811796,0.899998205258,18,1,1,CONVERGED_INFEASIBLE,41,9,0,0.16004845454
7,2011-02-05 17:30:00,BASE,200,NaN,NaN,BASE_PREREGISTERED,RAY_CERTIFIED_BOUNDARY,NO_RE_ENTRY_DETECTED_AT_SWEEP_RESOLUTION_DELTA,1.2275390625,BINDING_VMIN,18,1.2275390625,-543.783905497,838.316197828,0.900004655476,18,1,1,CONVERGED_FEASIBLE,1.22763671875,-543.931879555,838.238249634,0.899995335894,18,1,1,CONVERGED_INFEASIBLE,41,9,0,0.167249044092
7,2011-02-05 17:30:00,BASE,210,NaN,NaN,BASE_PREREGISTERED,RAY_CERTIFIED_BOUNDARY,NO_RE_ENTRY_DETECTED_AT_SWEEP_RESOLUTION_DELTA,1.2359375,BINDING_VMIN,18,1.2359375,-409.69465189,375.940429687,0.900002391303,18,1,1,CONVERGED_FEASIBLE,1.23603515625,-409.831025519,375.826477051,0.899993145445,18,1,1,CONVERGED_INFEASIBLE,41,9,0,0.177715981758
7,2011-02-05 17:30:00,BASE,220,NaN,NaN,BASE_PREREGISTERED,RAY_CERTIFIED_BOUNDARY,NO_RE_ENTRY_DETECTED_AT_SWEEP_RESOLUTION_DELTA,1.2798828125,BINDING_VMIN,18,1.2798828125,-264.720975129,-101.834354032,0.900006951103,18,1,1,CONVERGED_FEASIBLE,1.27998046875,-264.841604686,-101.980848718,0.899998001692,18,1,1,CONVERGED_INFEASIBLE,41,9,0,0.189768762058
7,2011-02-05 17:30:00,BASE,230,NaN,NaN,BASE_PREREGISTERED,RAY_CERTIFIED_BOUNDARY,NO_RE_ENTRY_DETECTED_AT_SWEEP_RESOLUTION_DELTA,1.298046875,BINDING_VMIN,33,1.298046875,-29.1691224683,-502.466373502,0.900005387578,33,1,1,CONVERGED_FEASIBLE,1.29814453125,-29.2703426851,-502.64095907,0.899997039792,33,1,1,CONVERGED_INFEASIBLE,41,9,0,0.20180597848
7,2011-02-05 17:30:00,BASE,240,NaN,NaN,BASE_PREREGISTERED,RAY_CERTIFIED_BOUNDARY,NO_RE_ENTRY_DETECTED_AT_SWEEP_RESOLUTION_DELTA,1.22587890625,BINDING_VMIN,33,1.22587890625,327.885131836,-659.482658758,0.900002353322,33,1,1,CONVERGED_FEASIBLE,1.2259765625,327.806396484,-659.680030515,0.899993544155,33,1,1,CONVERGED_INFEASIBLE,41,9,0,0.212496743107
7,2011-02-05 17:30:00,BASE,250,NaN,NaN,BASE_PREREGISTERED,RAY_CERTIFIED_BOUNDARY,NO_RE_ENTRY_DETECTED_AT_SWEEP_RESOLUTION_DELTA,1.19296875,BINDING_VMIN,33,1.19296875,658.318809641,-798.064599445,0.900004295755,33,1,1,CONVERGED_FEASIBLE,1.19306640625,658.264951489,-798.278760349,0.899995246504,33,1,1,CONVERGED_INFEASIBLE,41,9,0,0.220829330602
7,2011-02-05 17:30:00,BASE,260,NaN,NaN,BASE_PREREGISTERED,RAY_CERTIFIED_BOUNDARY,NO_RE_ENTRY_DETECTED_AT_SWEEP_RESOLUTION_DELTA,1.194921875,BINDING_VMIN,33,1.194921875,981.662690247,-928.158082539,0.90000360272,33,1,1,CONVERGED_FEASIBLE,1.19501953125,981.635345747,-928.382525419,0.899994550595,33,1,1,CONVERGED_INFEASIBLE,41,9,0,0.226102472791
7,2011-02-05 17:30:00,BASE,270,NaN,NaN,BASE_PREREGISTERED,RAY_CERTIFIED_BOUNDARY,NO_RE_ENTRY_DETECTED_AT_SWEEP_RESOLUTION_DELTA,1.23212890625,BINDING_VMIN,33,1.23212890625,1316.25,-1057.35583496,0.900006396145,33,1,1,CONVERGED_FEASIBLE,1.2322265625,1316.25,-1057.58374023,0.899997582675,33,1,1,CONVERGED_INFEASIBLE,41,9,0,0.227905273437
7,2011-02-05 17:30:00,BASE,280,NaN,NaN,BASE_PREREGISTERED,RAY_CERTIFIED_BOUNDARY,NO_RE_ENTRY_DETECTED_AT_SWEEP_RESOLUTION_DELTA,1.3103515625,BINDING_VMIN,33,1.3103515625,1683.1585095,-1193.44956697,0.900003992985,33,1,1,CONVERGED_FEASIBLE,1.31044921875,1683.185854,-1193.67400985,0.899995653086,33,1,1,CONVERGED_INFEASIBLE,41,9,0,0.226102472792
7,2011-02-05 17:30:00,BASE,290,NaN,NaN,BASE_PREREGISTERED,RAY_CERTIFIED_BOUNDARY,NO_RE_ENTRY_DETECTED_AT_SWEEP_RESOLUTION_DELTA,1.442578125,BINDING_VMIN,33,1.442578125,2111.84262803,-1345.45986927,0.900002733023,33,1,1,CONVERGED_FEASIBLE,1.44267578125,2111.89648618,-1345.67403017,0.899995085318,33,1,1,CONVERGED_INFEASIBLE,41,9,0,0.220829330601
7,2011-02-05 17:30:00,BASE,300,NaN,NaN,BASE_PREREGISTERED,RAY_CERTIFIED_BOUNDARY,NO_RE_ENTRY_DETECTED_AT_SWEEP_RESOLUTION_DELTA,1.65498046875,BINDING_VMIN,33,1.65498046875,2650.57800293,-1526.73415661,0.900004740143,33,1.01706740633,13,CONVERGED_FEASIBLE,1.655078125,2650.65673828,-1526.93152837,0.899997976598,33,1.01706735146,13,CONVERGED_INFEASIBLE,41,9,0,0.212496743107
7,2011-02-05 17:30:00,BASE,310,NaN,NaN,BASE_PREREGISTERED,RAY_UNBOUNDED_WITHIN_GUARD,NO_RE_ENTRY_DETECTED_AT_SWEEP_RESOLUTION_DELTA,NaN,RAY_UNBOUNDED_WITHIN_GUARD,,NaN,NaN,NaN,NaN,,NaN,,,NaN,NaN,NaN,NaN,,NaN,,,41,0,0,NaN
7,2011-02-05 17:30:00,BASE,320,NaN,NaN,BASE_PREREGISTERED,RAY_CERTIFIED_BOUNDARY,NO_RE_ENTRY_DETECTED_AT_SWEEP_RESOLUTION_DELTA,1.379296875,BINDING_VMAX,13,1.379296875,3020.02186424,-250.965944327,0.951289753356,33,1.04999592935,13,CONVERGED_FEASIBLE,1.3796875,3020.50438247,-251.551923071,0.951275172157,33,1.05000586014,13,CONVERGED_INFEASIBLE,41,7,0,0.759075048232
7,2011-02-05 17:30:00,BASE,330,NaN,NaN,BASE_PREREGISTERED,RAY_CERTIFIED_BOUNDARY,NO_RE_ENTRY_DETECTED_AT_SWEEP_RESOLUTION_DELTA,0.9892578125,BINDING_VMAX,13,0.9892578125,2697.71486438,663.784790039,0.977856429577,33,1.04999542782,13,CONVERGED_FEASIBLE,0.989453125,2697.98761164,663.556884766,0.977852239629,33,1.05000280078,13,CONVERGED_INFEASIBLE,41,8,0,0.355431963516
7,2011-02-05 17:30:00,BASE,340,NaN,NaN,BASE_PREREGISTERED,RAY_CERTIFIED_BOUNDARY,NO_RE_ENTRY_DETECTED_AT_SWEEP_RESOLUTION_DELTA,0.7990234375,BINDING_VMAX,13,0.7990234375,2526.97374024,1180.35287435,0.98391399998,25,1.04999854816,13,CONVERGED_FEASIBLE,0.79921875,2527.26968835,1180.19697797,0.983914357983,25,1.05000786453,13,CONVERGED_INFEASIBLE,41,8,0,0.334498088183
7,2011-02-05 17:30:00,BASE,350,NaN,NaN,BASE_PREREGISTERED,RAY_CERTIFIED_BOUNDARY,NO_RE_ENTRY_DETECTED_AT_SWEEP_RESOLUTION_DELTA,0.6904296875,BINDING_VMAX,13,0.6904296875,2412.65407102,1538.32737863,0.984801299211,25,1.04999213426,13,CONVERGED_FEASIBLE,0.690625,2412.96422776,1538.24822796,0.984801977396,25,1.05000301349,13,CONVERGED_INFEASIBLE,41,8,0,0.320096909081
8,2011-01-21 18:00:00,BASE,0,NaN,NaN,BASE_PREREGISTERED,RAY_CERTIFIED_BOUNDARY,NO_RE_ENTRY_DETECTED_AT_SWEEP_RESOLUTION_DELTA,0.924609375,BINDING_VMAX,13,0.924609375,1745.64788818,366.875,0.995903799421,25,1.04999605174,13,CONVERGED_FEASIBLE,0.9248046875,1745.95870972,366.875,0.995904775727,25,1.05000814454,13,CONVERGED_INFEASIBLE,41,8,0,0.310821533203
8,2011-01-21 18:00:00,BASE,10,NaN,NaN,BASE_PREREGISTERED,RAY_CERTIFIED_BOUNDARY,NO_RE_ENTRY_DETECTED_AT_SWEEP_RESOLUTION_DELTA,0.8689453125,BINDING_VMAX,13,0.8689453125,1636.05522842,711.896176296,0.996763841732,25,1.04999366482,13,CONVERGED_FEASIBLE,0.869140625,1636.36132787,711.973726572,0.996765071132,25,1.05000657899,13,CONVERGED_INFEASIBLE,41,8,0,0.315770362814
8,2011-01-21 18:00:00,BASE,20,NaN,NaN,BASE_PREREGISTERED,RAY_CERTIFIED_BOUNDARY,NO_RE_ENTRY_DETECTED_AT_SWEEP_RESOLUTION_DELTA,0.8453125,BINDING_VMAX,13,0.8453125,1538.3267125,1027.95200747,0.997533983232,25,1.04999469328,13,CONVERGED_FEASIBLE,0.8455078125,1538.6187892,1028.10475169,0.997535416703,25,1.05000799029,13,CONVERGED_INFEASIBLE,41,8,0,0.329605214966
8,2011-01-21 18:00:00,BASE,30,NaN,NaN,BASE_PREREGISTERED,RAY_CERTIFIED_BOUNDARY,NO_RE_ENTRY_DETECTED_AT_SWEEP_RESOLUTION_DELTA,0.84931640625,BINDING_VMAX,13,0.84931640625,1444.7451265,1337.88252258,0.998273255392,25,1.04999501168,13,CONVERGED_FEASIBLE,0.8494140625,1444.87971617,1337.99417114,0.998274047379,25,1.05000162983,13,CONVERGED_INFEASIBLE,41,9,0,0.17487075409
8,2011-01-21 18:00:00,BASE,40,NaN,NaN,BASE_PREREGISTERED,RAY_CERTIFIED_BOUNDARY,NO_RE_ENTRY_DETECTED_AT_SWEEP_RESOLUTION_DELTA,0.881640625,BINDING_VMAX,13,0.881640625,1349.01618092,1662.68750656,0.998444725425,22,1.04999735786,13,CONVERGED_FEASIBLE,0.88173828125,1349.13523247,1662.83103918,0.998444856704,22,1.05000372551,13,CONVERGED_INFEASIBLE,41,9,0,0.186480256249
8,2011-01-21 18:00:00,BASE,50,NaN,NaN,BASE_PREREGISTERED,RAY_CERTIFIED_BOUNDARY,NO_RE_ENTRY_DETECTED_AT_SWEEP_RESOLUTION_DELTA,0.948046875,BINDING_VMAX,13,0.948046875,1244.0102362,2027.48196178,0.998575137889,22,1.0499941038,13,CONVERGED_FEASIBLE,0.9482421875,1244.21002843,2027.82407281,0.998575405311,22,1.0500059107,13,CONVERGED_INFEASIBLE,41,8,0,0.396177858146
8,2011-01-21 18:00:00,BASE,60,NaN,NaN,BASE_PREREGISTERED,RAY_CERTIFIED_BOUNDARY,NO_RE_ENTRY_DETECTED_AT_SWEEP_RESOLUTION_DELTA,0.92744140625,BINDING_VMAX,30,0.92744140625,1012.18677521,2203.41414586,0.998546136271,22,1.04999619051,30,CONVERGED_FEASIBLE,0.9275390625,1012.26448059,2203.60752684,0.998546270232,22,1.05000238255,30,CONVERGED_INFEASIBLE,41,9,0,0.208409042885
8,2011-01-21 18:00:00,BASE,70,NaN,NaN,BASE_PREREGISTERED,RAY_CERTIFIED_BOUNDARY,NO_RE_ENTRY_DETECTED_AT_SWEEP_RESOLUTION_DELTA,0.903515625,BINDING_VMAX,30,0.903515625,765.995974399,2308.22822098,0.998472067307,22,1.04999273186,30,CONVERGED_FEASIBLE,0.9037109375,766.102281624,2308.64788229,0.998472327878,22,1.05000544926,30,CONVERGED_INFEASIBLE,41,8,0,0.432916668004
8,2011-01-21 18:00:00,BASE,80,NaN,NaN,BASE_PREREGISTERED,RAY_CERTIFIED_BOUNDARY,NO_RE_ENTRY_DETECTED_AT_SWEEP_RESOLUTION_DELTA,0.908984375,BINDING_VMAX,30,0.908984375,525.411850986,2413.74826551,0.998398165012,22,1.04999970348,30,CONVERGED_FEASIBLE,0.90908203125,525.438837782,2413.96817025,0.998398287044,22,1.05000602029,30,CONVERGED_INFEASIBLE,41,9,0,0.221554461215
8,2011-01-21 18:00:00,BASE,90,NaN,NaN,BASE_PREREGISTERED,RAY_CERTIFIED_BOUNDARY,NO_RE_ENTRY_DETECTED_AT_SWEEP_RESOLUTION_DELTA,0.94453125,BINDING_VMAX,30,0.94453125,274.21875,2526.60473633,0.998229423475,25,1.04999766837,30,CONVERGED_FEASIBLE,0.9447265625,274.21875,2527.05133057,0.998230820603,25,1.05000980093,30,CONVERGED_INFEASIBLE,41,8,0,0.446594238281
8,2011-01-21 18:00:00,BASE,100,NaN,NaN,BASE_PREREGISTERED,RAY_CERTIFIED_BOUNDARY,NO_RE_ENTRY_DETECTED_AT_SWEEP_RESOLUTION_DELTA,1.01689453125,BINDING_VMAX,30,1.01689453125,-6.79476101922,2656.74299676,0.997648516152,25,1.04999523706,30,CONVERGED_FEASIBLE,1.0169921875,-6.82174781563,2656.96290149,0.997649107534,25,1.05000084813,30,CONVERGED_INFEASIBLE,41,9,0,0.221554461215
8,2011-01-21 18:00:00,BASE,110,NaN,NaN,BASE_PREREGISTERED,RAY_CERTIFIED_BOUNDARY,NO_RE_ENTRY_DETECTED_AT_SWEEP_RESOLUTION_DELTA,1.1419921875,BINDING_VMAX,30,1.1419921875,-347.359596533,2820.63468073,0.988098419229,18,1.04999926243,30,CONVERGED_FEASIBLE,1.1421875,-347.465903758,2821.05434204,0.988098381796,18,1.05000917576,30,CONVERGED_INFEASIBLE,41,8,0,0.432916668004
8,2011-01-21 18:00:00,BASE,120,NaN,NaN,BASE_PREREGISTERED,RAY_CERTIFIED_BOUNDARY,NO_RE_ENTRY_DETECTED_AT_SWEEP_RESOLUTION_DELTA,1.3556640625,BINDING_VMAX,30,1.3556640625,-804.487380981,3051.38973337,0.968966475386,18,1.04999277083,30,CONVERGED_FEASIBLE,1.355859375,-804.642791748,3051.77649533,0.968963442938,18,1.05000097926,30,CONVERGED_INFEASIBLE,41,8,0,0.41681808577
8,2011-01-21 18:00:00,BASE,130,NaN,NaN,BASE_PREREGISTERED,RAY_CERTIFIED_BOUNDARY,NO_RE_ENTRY_DETECTED_AT_SWEEP_RESOLUTION_DELTA,1.7572265625,BINDING_VMAX,30,1.7572265625,-1523.31194661,3444.84797798,0.936743594652,18,1.04999514645,30,CONVERGED_FEASIBLE,1.757421875,-1523.51173884,3445.19008901,0.936737009101,18,1.05000118746,30,CONVERGED_INFEASIBLE,41,8,0,0.396177858146
8,2011-01-21 18:00:00,BASE,140,NaN,NaN,BASE_PREREGISTERED,RAY_CERTIFIED_BOUNDARY,NO_RE_ENTRY_DETECTED_AT_SWEEP_RESOLUTION_DELTA,1.9716796875,BINDING_VMIN,18,1.9716796875,-2129.43212841,3264.79862732,0.900006795549,18,1.0353045264,30,CONVERGED_FEASIBLE,1.971875,-2129.67023152,3265.08569257,0.899996303712,18,1.03530827764,30,CONVERGED_INFEASIBLE,41,8,0,0.372960512499
8,2011-01-21 18:00:00,BASE,150,NaN,NaN,BASE_PREREGISTERED,RAY_CERTIFIED_BOUNDARY,NO_RE_ENTRY_DETECTED_AT_SWEEP_RESOLUTION_DELTA,1.55869140625,BINDING_VMIN,18,1.55869140625,-1873.96700317,2148.8976593,0.900006278897,18,1.00817427399,30,CONVERGED_FEASIBLE,1.5587890625,-1874.10159284,2149.00930786,0.89999991435,18,1.00817521075,30,CONVERGED_INFEASIBLE,41,9,0,0.17487075409
8,2011-01-21 18:00:00,BASE,160,NaN,NaN,BASE_PREREGISTERED,RAY_CERTIFIED_BOUNDARY,NO_RE_ENTRY_DETECTED_AT_SWEEP_RESOLUTION_DELTA,1.31279296875,BINDING_VMIN,18,1.31279296875,-1688.97479666,1393.54531093,0.90000562389,18,1,1,CONVERGED_FEASIBLE,1.312890625,-1689.12083501,1393.62168304,0.899998245338,18,1,1,CONVERGED_INFEASIBLE,41,9,0,0.164802607483
8,2011-01-21 18:00:00,BASE,170,NaN,NaN,BASE_PREREGISTERED,RAY_CERTIFIED_BOUNDARY,NO_RE_ENTRY_DETECTED_AT_SWEEP_RESOLUTION_DELTA,1.1595703125,BINDING_VMIN,18,1.1595703125,-1543.0937185,827.29098644,0.900002345107,18,1,1,CONVERGED_FEASIBLE,1.15966796875,-1543.24676823,827.329761577,0.899994112864,18,1,1,CONVERGED_INFEASIBLE,41,9,0,0.157885181407
8,2011-01-21 18:00:00,BASE,180,NaN,NaN,BASE_PREREGISTERED,RAY_CERTIFIED_BOUNDARY,NO_RE_ENTRY_DETECTED_AT_SWEEP_RESOLUTION_DELTA,1.06416015625,BINDING_VMIN,18,1.06416015625,-1419.29237366,366.875,0.900006766489,18,1,1,CONVERGED_FEASIBLE,1.0642578125,-1419.44778442,366.875,0.899997880204,18,1,1,CONVERGED_INFEASIBLE,41,9,0,0.155410766602
8,2011-01-21 18:00:00,BASE,190,NaN,NaN,BASE_PREREGISTERED,RAY_CERTIFIED_BOUNDARY,NO_RE_ENTRY_DETECTED_AT_SWEEP_RESOLUTION_DELTA,1.00927734375,BINDING_VMIN,18,1.00927734375,-1307.55018734,-33.8660493392,0.900008012674,18,1,1,CONVERGED_FEASIBLE,1.009375,-1307.70323707,-33.904824477,0.899998698206,18,1,1,CONVERGED_INFEASIBLE,41,9,0,0.157885181407
8,2011-01-21 18:00:00,BASE,200,NaN,NaN,BASE_PREREGISTERED,RAY_CERTIFIED_BOUNDARY,NO_RE_ENTRY_DETECTED_AT_SWEEP_RESOLUTION_DELTA,0.98623046875,BINDING_VMIN,18,0.98623046875,-1200.62255237,-404.406966083,0.900008625775,18,1,1,CONVERGED_FEASIBLE,0.986328125,-1200.76859072,-404.483338196,0.899999124408,18,1,1,CONVERGED_INFEASIBLE,41,9,0,0.164802607483
8,2011-01-21 18:00:00,BASE,210,NaN,NaN,BASE_PREREGISTERED,RAY_CERTIFIED_BOUNDARY,NO_RE_ENTRY_DETECTED_AT_SWEEP_RESOLUTION_DELTA,0.9916015625,BINDING_VMIN,18,0.9916015625,-1092.40477846,-766.804473877,0.900009656051,18,1,1,CONVERGED_FEASIBLE,0.991796875,-1092.6739578,-767.027770996,0.89999077084,18,1,1,CONVERGED_INFEASIBLE,41,8,0,0.349741508179
8,2011-01-21 18:00:00,BASE,220,NaN,NaN,BASE_PREREGISTERED,RAY_CERTIFIED_BOUNDARY,NO_RE_ENTRY_DETECTED_AT_SWEEP_RESOLUTION_DELTA,1.02607421875,BINDING_VMIN,18,1.02607421875,-976.655929517,-1141.2222537,0.900002496368,18,1,1,CONVERGED_FEASIBLE,1.026171875,-976.774981071,-1141.36578633,0.899993351373,18,1,1,CONVERGED_INFEASIBLE,41,9,0,0.186480256249
8,2011-01-21 18:00:00,BASE,230,NaN,NaN,BASE_PREREGISTERED,RAY_CERTIFIED_BOUNDARY,NO_RE_ENTRY_DETECTED_AT_SWEEP_RESOLUTION_DELTA,1.094140625,BINDING_VMIN,18,1.094140625,-845.017324514,-1549.63101563,0.900006026732,18,1,1,CONVERGED_FEASIBLE,1.09423828125,-845.11722063,-1549.80207115,0.899997398342,18,1,1,CONVERGED_INFEASIBLE,41,9,0,0.198088929073
8,2011-01-21 18:00:00,BASE,240,NaN,NaN,BASE_PREREGISTERED,RAY_CERTIFIED_BOUNDARY,NO_RE_ENTRY_DETECTED_AT_SWEEP_RESOLUTION_DELTA,1.0357421875,BINDING_VMIN,33,1.0357421875,-549.924545288,-1684.1236502,0.900007398535,33,1,1,CONVERGED_FEASIBLE,1.03583984375,-550.002250671,-1684.31703118,0.899998402986,33,1,1,CONVERGED_INFEASIBLE,41,9,0,0.208409042885
8,2011-01-21 18:00:00,BASE,250,NaN,NaN,BASE_PREREGISTERED,RAY_CERTIFIED_BOUNDARY,NO_RE_ENTRY_DETECTED_AT_SWEEP_RESOLUTION_DELTA,1.01025390625,BINDING_VMIN,33,1.01025390625,-275.655373044,-1803.823127,0.90000442713,33,1,1,CONVERGED_FEASIBLE,1.0103515625,-275.708526657,-1804.03295766,0.899995210333,33,1,1,CONVERGED_INFEASIBLE,41,9,0,0.216458334002
8,2011-01-21 18:00:00,BASE,260,NaN,NaN,BASE_PREREGISTERED,RAY_CERTIFIED_BOUNDARY,NO_RE_ENTRY_DETECTED_AT_SWEEP_RESOLUTION_DELTA,1.0142578125,BINDING_VMIN,33,1.0142578125,-6.06611751615,-1917.05556893,0.900008070318,33,1,1,CONVERGED_FEASIBLE,1.01435546875,-6.09310431256,-1917.27547367,0.899998877425,33,1,1,CONVERGED_INFEASIBLE,41,9,0,0.221554461215
8,2011-01-21 18:00:00,BASE,270,NaN,NaN,BASE_PREREGISTERED,RAY_CERTIFIED_BOUNDARY,NO_RE_ENTRY_DETECTED_AT_SWEEP_RESOLUTION_DELTA,1.0486328125,BINDING_VMIN,33,1.0486328125,274.21875,-2030.88946533,0.900002297777,33,1,1,CONVERGED_FEASIBLE,1.04873046875,274.21875,-2031.11276245,0.899993376078,33,1,1,CONVERGED_INFEASIBLE,41,9,0,0.223297119141
8,2011-01-21 18:00:00,BASE,280,NaN,NaN,BASE_PREREGISTERED,RAY_CERTIFIED_BOUNDARY,NO_RE_ENTRY_DETECTED_AT_SWEEP_RESOLUTION_DELTA,1.11845703125,BINDING_VMIN,33,1.11845703125,583.298529286,-2151.69392028,0.900004357487,33,1,1,CONVERGED_FEASIBLE,1.1185546875,583.325516082,-2151.91382501,0.899995946808,33,1,1,CONVERGED_INFEASIBLE,41,9,0,0.221554461215
8,2011-01-21 18:00:00,BASE,290,NaN,NaN,BASE_PREREGISTERED,RAY_CERTIFIED_BOUNDARY,NO_RE_ENTRY_DETECTED_AT_SWEEP_RESOLUTION_DELTA,1.2357421875,BINDING_VMIN,33,1.2357421875,946.824564694,-2288.32210963,0.900001789988,33,1,1,CONVERGED_FEASIBLE,1.23583984375,946.877718306,-2288.53194028,0.899994111791,33,1,1,CONVERGED_INFEASIBLE,41,9,0,0.216458334002
8,2011-01-21 18:00:00,BASE,300,NaN,NaN,BASE_PREREGISTERED,RAY_CERTIFIED_BOUNDARY,NO_RE_ENTRY_DETECTED_AT_SWEEP_RESOLUTION_DELTA,1.42421875,BINDING_VMIN,33,1.42421875,1407.47406006,-2453.39317976,0.900004455457,33,1,1,CONVERGED_FEASIBLE,1.4244140625,1407.62947083,-2453.77994172,0.899990950377,33,1,1,CONVERGED_INFEASIBLE,41,8,0,0.41681808577
8,2011-01-21 18:00:00,BASE,310,NaN,NaN,BASE_PREREGISTERED,RAY_CERTIFIED_BOUNDARY,NO_RE_ENTRY_DETECTED_AT_SWEEP_RESOLUTION_DELTA,1.73359375,BINDING_VMIN,33,1.73359375,2047.57458674,-2669.70254279,0.900003422923,33,1.01817788703,13,CONVERGED_FEASIBLE,1.7337890625,2047.77437897,-2670.04465383,0.899992074614,33,1.01818014174,13,CONVERGED_INFEASIBLE,41,8,0,0.396177858147
8,2011-01-21 18:00:00,BASE,320,NaN,NaN,BASE_PREREGISTERED,RAY_UNBOUNDED_WITHIN_GUARD,NO_RE_ENTRY_DETECTED_AT_SWEEP_RESOLUTION_DELTA,NaN,RAY_UNBOUNDED_WITHIN_GUARD,,NaN,NaN,NaN,NaN,,NaN,,,NaN,NaN,NaN,NaN,,NaN,,,41,0,0,NaN
8,2011-01-21 18:00:00,BASE,330,NaN,NaN,BASE_PREREGISTERED,RAY_CERTIFIED_BOUNDARY,NO_RE_ENTRY_DETECTED_AT_SWEEP_RESOLUTION_DELTA,1.4990234375,BINDING_VMAX,13,1.4990234375,2340.17021364,-1346.9303894,0.953860181251,33,1.04999312893,13,CONVERGED_FEASIBLE,1.49921875,2340.43939299,-1347.15368652,0.953855494202,33,1.05000016913,13,CONVERGED_INFEASIBLE,41,8,0,0.349741508179
8,2011-01-21 18:00:00,BASE,340,NaN,NaN,BASE_PREREGISTERED,RAY_CERTIFIED_BOUNDARY,NO_RE_ENTRY_DETECTED_AT_SWEEP_RESOLUTION_DELTA,1.1927734375,BINDING_VMAX,13,1.1927734375,2057.93116382,-565.933984428,0.977187175935,33,1.0499943169,13,CONVERGED_FEASIBLE,1.19296875,2058.22324052,-566.086728654,0.977185540102,33,1.05000348867,13,CONVERGED_INFEASIBLE,41,8,0,0.329605214966
8,2011-01-21 18:00:00,BASE,350,NaN,NaN,BASE_PREREGISTERED,RAY_CERTIFIED_BOUNDARY,NO_RE_ENTRY_DETECTED_AT_SWEEP_RESOLUTION_DELTA,1.023828125,BINDING_VMAX,13,1.023828125,1878.79209679,-39.6435448739,0.992138383298,33,1.04999888625,13,CONVERGED_FEASIBLE,1.0240234375,1879.09819624,-39.7210951495,0.992139468291,33,1.05000972969,13,CONVERGED_INFEASIBLE,41,8,0,0.315770362814
9,2011-02-05 18:00:00,BASE,0,NaN,NaN,BASE_PREREGISTERED,RAY_CERTIFIED_BOUNDARY,NO_RE_ENTRY_DETECTED_AT_SWEEP_RESOLUTION_DELTA,0.61171875,BINDING_VMAX,13,0.61171875,2353.03338623,1887.34375,0.984989402855,25,1.04999616583,13,CONVERGED_FEASIBLE,0.6119140625,2353.348526,1887.34375,0.984990365652,25,1.05000821999,13,CONVERGED_INFEASIBLE,41,8,0,0.315139770508
9,2011-02-05 18:00:00,BASE,10,NaN,NaN,BASE_PREREGISTERED,RAY_CERTIFIED_BOUNDARY,NO_RE_ENTRY_DETECTED_AT_SWEEP_RESOLUTION_DELTA,0.5763671875,BINDING_VMAX,13,0.5763671875,2281.86464046,2121.15195409,0.985544581587,25,1.04999268569,13,CONVERGED_FEASIBLE,0.5765625,2282.17499255,2121.23118425,0.985545790124,25,1.05000550971,13,CONVERGED_INFEASIBLE,41,8,0,0.320305850207
9,2011-02-05 18:00:00,BASE,20,NaN,NaN,BASE_PREREGISTERED,RAY_CERTIFIED_BOUNDARY,NO_RE_ENTRY_DETECTED_AT_SWEEP_RESOLUTION_DELTA,0.56171875,BINDING_VMAX,13,0.56171875,2217.6984955,2336.15204274,0.986047843101,25,1.04999590267,13,CONVERGED_FEASIBLE,0.5619140625,2217.99463001,2336.30809569,0.986049253024,25,1.05000907727,13,CONVERGED_INFEASIBLE,41,8,0,0.334735979852
9,2011-02-05 18:00:00,BASE,30,NaN,NaN,BASE_PREREGISTERED,RAY_CERTIFIED_BOUNDARY,NO_RE_ENTRY_DETECTED_AT_SWEEP_RESOLUTION_DELTA,0.5650390625,BINDING_VMAX,13,0.5650390625,2155.57042798,2547.33586121,0.986534834057,25,1.04999517226,13,CONVERGED_FEASIBLE,0.565234375,2155.84334703,2547.56399536,0.986536395795,25,1.05000827115,13,CONVERGED_INFEASIBLE,41,8,0,0.355710555113
9,2011-02-05 18:00:00,BASE,40,NaN,NaN,BASE_PREREGISTERED,RAY_CERTIFIED_BOUNDARY,NO_RE_ENTRY_DETECTED_AT_SWEEP_RESOLUTION_DELTA,0.5869140625,BINDING_VMAX,13,0.5869140625,2091.45589036,2768.66101822,0.987037851709,25,1.04999315076,13,CONVERGED_FEASIBLE,0.587109375,2091.69730143,2768.95430184,0.987039511192,25,1.05000575039,13,CONVERGED_INFEASIBLE,41,8,0,0.379861270139
9,2011-02-05 18:00:00,BASE,50,NaN,NaN,BASE_PREREGISTERED,RAY_CERTIFIED_BOUNDARY,NO_RE_ENTRY_DETECTED_AT_SWEEP_RESOLUTION_DELTA,0.63125,BINDING_VMAX,13,0.63125,2020.71520644,3016.99822009,0.987593632684,25,1.04999034403,13,CONVERGED_FEASIBLE,0.6314453125,2020.91777438,3017.3477419,0.987595332304,25,1.05000203377,13,CONVERGED_INFEASIBLE,41,8,0,0.403979283643
9,2011-02-05 18:00:00,BASE,60,NaN,NaN,BASE_PREREGISTERED,RAY_CERTIFIED_BOUNDARY,NO_RE_ENTRY_DETECTED_AT_SWEEP_RESOLUTION_DELTA,0.707421875,BINDING_VMAX,13,0.707421875,1936.73374939,3318.5406412,0.988257454122,25,1.0499968424,13,CONVERGED_FEASIBLE,0.7076171875,1936.89131927,3318.93578115,0.988259133483,25,1.05000723318,13,CONVERGED_INFEASIBLE,41,8,0,0.425398456915
9,2011-02-05 18:00:00,BASE,70,NaN,NaN,BASE_PREREGISTERED,RAY_CERTIFIED_BOUNDARY,NO_RE_ENTRY_DETECTED_AT_SWEEP_RESOLUTION_DELTA,0.6962890625,BINDING_VMAX,30,0.6962890625,1750.26611788,3415.84450351,0.987974325289,25,1.04999592058,30,CONVERGED_FEASIBLE,0.696484375,1750.37390203,3416.27325548,0.987975956762,25,1.05000852782,30,CONVERGED_INFEASIBLE,41,8,0,0.442092377176
9,2011-02-05 18:00:00,BASE,80,NaN,NaN,BASE_PREREGISTERED,RAY_CERTIFIED_BOUNDARY,NO_RE_ENTRY_DETECTED_AT_SWEEP_RESOLUTION_DELTA,0.69892578125,BINDING_VMAX,30,0.69892578125,1561.84347959,3495.2946646,0.98762033873,25,1.04999456497,30,CONVERGED_FEASIBLE,0.6990234375,1561.87084131,3495.51933289,0.987621103917,25,1.05000084064,30,CONVERGED_INFEASIBLE,41,9,0,0.226328306056
9,2011-02-05 18:00:00,BASE,90,NaN,NaN,BASE_PREREGISTERED,RAY_CERTIFIED_BOUNDARY,NO_RE_ENTRY_DETECTED_AT_SWEEP_RESOLUTION_DELTA,0.7244140625,BINDING_VMAX,30,0.7244140625,1366.015625,3579.64291382,0.987245849002,25,1.04999490887,30,CONVERGED_FEASIBLE,0.724609375,1366.015625,3580.09918213,0.987247225448,25,1.05000699849,30,CONVERGED_INFEASIBLE,41,8,0,0.456268310547
9,2011-02-05 18:00:00,BASE,100,NaN,NaN,BASE_PREREGISTERED,RAY_CERTIFIED_BOUNDARY,NO_RE_ENTRY_DETECTED_AT_SWEEP_RESOLUTION_DELTA,0.77734375,BINDING_VMAX,30,0.77734375,1148.2163065,3675.70329733,0.986821222367,25,1.04999823841,30,CONVERGED_FEASIBLE,0.7775390625,1148.16158305,3676.1526339,0.986822395607,25,1.05000947029,30,CONVERGED_INFEASIBLE,41,8,0,0.452656612112
9,2011-02-05 18:00:00,BASE,110,NaN,NaN,BASE_PREREGISTERED,RAY_CERTIFIED_BOUNDARY,NO_RE_ENTRY_DETECTED_AT_SWEEP_RESOLUTION_DELTA,0.8685546875,BINDING_VMAX,30,0.8685546875,886.699512277,3794.00373622,0.986298535979,25,1.04999779753,30,CONVERGED_FEASIBLE,0.86875,886.591728128,3794.43248818,0.986299460403,25,1.05000779214,30,CONVERGED_INFEASIBLE,41,8,0,0.442092377176
9,2011-02-05 18:00:00,BASE,120,NaN,NaN,BASE_PREREGISTERED,RAY_CERTIFIED_BOUNDARY,NO_RE_ENTRY_DETECTED_AT_SWEEP_RESOLUTION_DELTA,1.0224609375,BINDING_VMAX,30,1.0224609375,541.137275696,3955.90137713,0.985585987408,25,1.049997214,30,CONVERGED_FEASIBLE,1.02265625,540.979705811,3956.29651708,0.985586619353,25,1.05000560782,30,CONVERGED_INFEASIBLE,41,8,0,0.425398456915
9,2011-02-05 18:00:00,BASE,130,NaN,NaN,BASE_PREREGISTERED,RAY_CERTIFIED_BOUNDARY,NO_RE_ENTRY_DETECTED_AT_SWEEP_RESOLUTION_DELTA,1.300390625,BINDING_VMAX,30,1.300390625,17.3182817991,4214.45992014,0.970662025988,18,1.04999227822,30,CONVERGED_FEASIBLE,1.30078125,16.9131459195,4215.15896375,0.970650728259,18,1.05000511913,30,CONVERGED_INFEASIBLE,41,7,0,0.807958567287
9,2011-02-05 18:00:00,BASE,140,NaN,NaN,BASE_PREREGISTERED,RAY_CERTIFIED_BOUNDARY,NO_RE_ENTRY_DETECTED_AT_SWEEP_RESOLUTION_DELTA,1.92734375,BINDING_VMAX,30,1.92734375,-1016.22881379,4781.46647972,0.924921245926,18,1.0499989099,30,CONVERGED_FEASIBLE,1.927734375,-1016.71163593,4782.05304695,0.924902021385,18,1.05000667542,30,CONVERGED_INFEASIBLE,41,7,0,0.759722540279
9,2011-02-05 18:00:00,BASE,150,NaN,NaN,BASE_PREREGISTERED,RAY_CERTIFIED_BOUNDARY,NO_RE_ENTRY_DETECTED_AT_SWEEP_RESOLUTION_DELTA,1.92216796875,BINDING_VMIN,18,1.92216796875,-1319.91717608,4132.52603912,0.900005747331,18,1.02808342298,30,CONVERGED_FEASIBLE,1.922265625,-1320.0536356,4132.6401062,0.899999328884,18,1.02808425563,30,CONVERGED_INFEASIBLE,41,9,0,0.177855277557
9,2011-02-05 18:00:00,BASE,160,NaN,NaN,BASE_PREREGISTERED,RAY_CERTIFIED_BOUNDARY,NO_RE_ENTRY_DETECTED_AT_SWEEP_RESOLUTION_DELTA,1.6294921875,BINDING_VMIN,18,1.6294921875,-1104.63464918,3189.29353661,0.900008388772,18,1.00545181157,30,CONVERGED_FEASIBLE,1.6296875,-1104.9307837,3189.44958957,0.899993650125,18,1.00545137459,30,CONVERGED_INFEASIBLE,41,8,0,0.334735979852
9,2011-02-05 18:00:00,BASE,170,NaN,NaN,BASE_PREREGISTERED,RAY_CERTIFIED_BOUNDARY,NO_RE_ENTRY_DETECTED_AT_SWEEP_RESOLUTION_DELTA,1.44580078125,BINDING_VMIN,18,1.44580078125,-931.365715885,2473.84501424,0.900003463336,18,1,1,CONVERGED_FEASIBLE,1.4458984375,-931.520891929,2473.88462932,0.899995298791,18,1,1,CONVERGED_INFEASIBLE,41,9,0,0.160152925104
9,2011-02-05 18:00:00,BASE,180,NaN,NaN,BASE_PREREGISTERED,RAY_CERTIFIED_BOUNDARY,NO_RE_ENTRY_DETECTED_AT_SWEEP_RESOLUTION_DELTA,1.33125,BINDING_VMIN,18,1.33125,-781.977050781,1887.34375,0.900003480389,18,1,1,CONVERGED_FEASIBLE,1.33134765625,-782.134620667,1887.34375,0.899994712753,18,1,1,CONVERGED_INFEASIBLE,41,9,0,0.157569885254
9,2011-02-05 18:00:00,BASE,190,NaN,NaN,BASE_PREREGISTERED,RAY_CERTIFIED_BOUNDARY,NO_RE_ENTRY_DETECTED_AT_SWEEP_RESOLUTION_DELTA,1.26572265625,BINDING_VMIN,18,1.26572265625,-645.22108957,1373.89269388,0.900005022089,18,1,1,CONVERGED_FEASIBLE,1.2658203125,-645.376265614,1373.8530788,0.899995867745,18,1,1,CONVERGED_INFEASIBLE,41,9,0,0.160152925104
9,2011-02-05 18:00:00,BASE,200,NaN,NaN,BASE_PREREGISTERED,RAY_CERTIFIED_BOUNDARY,NO_RE_ENTRY_DETECTED_AT_SWEEP_RESOLUTION_DELTA,1.23916015625,BINDING_VMIN,18,1.23916015625,-512.809817233,897.265789893,0.900006937403,18,1,1,CONVERGED_FEASIBLE,1.2392578125,-512.957884492,897.187763417,0.899997625893,18,1,1,CONVERGED_INFEASIBLE,41,9,0,0.167367989926
9,2011-02-05 18:00:00,BASE,210,NaN,NaN,BASE_PREREGISTERED,RAY_CERTIFIED_BOUNDARY,NO_RE_ENTRY_DETECTED_AT_SWEEP_RESOLUTION_DELTA,1.24775390625,BINDING_VMIN,18,1.24775390625,-377.527706776,429.908699036,0.900000814516,18,1,1,CONVERGED_FEASIBLE,1.2478515625,-377.664166299,429.794631958,0.899991577298,18,1,1,CONVERGED_INFEASIBLE,41,9,0,0.177855277557
9,2011-02-05 18:00:00,BASE,220,NaN,NaN,BASE_PREREGISTERED,RAY_CERTIFIED_BOUNDARY,NO_RE_ENTRY_DETECTED_AT_SWEEP_RESOLUTION_DELTA,1.2921875,BINDING_VMIN,18,1.2921875,-231.160014142,-53.0206581675,0.900003538252,18,1,1,CONVERGED_FEASIBLE,1.29228515625,-231.280719677,-53.1672999759,0.899994597339,18,1,1,CONVERGED_INFEASIBLE,41,9,0,0.18993063507
9,2011-02-05 18:00:00,BASE,230,NaN,NaN,BASE_PREREGISTERED,RAY_CERTIFIED_BOUNDARY,NO_RE_ENTRY_DETECTED_AT_SWEEP_RESOLUTION_DELTA,1.3078125,BINDING_VMIN,33,1.3078125,9.6207000866,-453.054248685,0.900003600636,33,1,1,CONVERGED_FEASIBLE,1.30791015625,9.5194161167,-453.229009587,0.899995261186,33,1,1,CONVERGED_INFEASIBLE,41,9,0,0.201989641822
9,2011-02-05 18:00:00,BASE,240,NaN,NaN,BASE_PREREGISTERED,RAY_CERTIFIED_BOUNDARY,NO_RE_ENTRY_DETECTED_AT_SWEEP_RESOLUTION_DELTA,1.2349609375,BINDING_VMIN,33,1.2349609375,369.70124054,-611.126140416,0.900001757938,33,1,1,CONVERGED_FEASIBLE,1.23505859375,369.622455597,-611.32371039,0.899992956657,33,1,1,CONVERGED_INFEASIBLE,41,9,0,0.212699228457
9,2011-02-05 18:00:00,BASE,250,NaN,NaN,BASE_PREREGISTERED,RAY_CERTIFIED_BOUNDARY,NO_RE_ENTRY_DETECTED_AT_SWEEP_RESOLUTION_DELTA,1.20166015625,BINDING_VMIN,33,1.20166015625,702.873645345,-750.552711705,0.900005599214,33,1,1,CONVERGED_FEASIBLE,1.2017578125,702.81975327,-750.767087688,0.899996556999,33,1,1,CONVERGED_INFEASIBLE,41,9,0,0.221046188589
9,2011-02-05 18:00:00,BASE,260,NaN,NaN,BASE_PREREGISTERED,RAY_CERTIFIED_BOUNDARY,NO_RE_ENTRY_DETECTED_AT_SWEEP_RESOLUTION_DELTA,1.203515625,BINDING_VMIN,33,1.203515625,1028.80974545,-881.46819237,0.90000299618,33,1,1,CONVERGED_FEASIBLE,1.20361328125,1028.78238373,-881.692860655,0.899993949817,33,1,1,CONVERGED_INFEASIBLE,41,9,0,0.226328306056
9,2011-02-05 18:00:00,BASE,270,NaN,NaN,BASE_PREREGISTERED,RAY_CERTIFIED_BOUNDARY,NO_RE_ENTRY_DETECTED_AT_SWEEP_RESOLUTION_DELTA,1.2408203125,BINDING_VMIN,33,1.2408203125,1366.015625,-1011.3288269,0.900007748494,33,1,1,CONVERGED_FEASIBLE,1.241015625,1366.015625,-1011.78509521,0.899990129994,33,1,1,CONVERGED_INFEASIBLE,41,8,0,0.456268310547
9,2011-02-05 18:00:00,BASE,280,NaN,NaN,BASE_PREREGISTERED,RAY_CERTIFIED_BOUNDARY,NO_RE_ENTRY_DETECTED_AT_SWEEP_RESOLUTION_DELTA,1.31943359375,BINDING_VMIN,33,1.31943359375,1735.69987026,-1148.14944648,0.900003770529,33,1,1,CONVERGED_FEASIBLE,1.31953125,1735.72723198,-1148.37411476,0.899995433259,33,1,1,CONVERGED_INFEASIBLE,41,9,0,0.226328306056
9,2011-02-05 18:00:00,BASE,290,NaN,NaN,BASE_PREREGISTERED,RAY_CERTIFIED_BOUNDARY,NO_RE_ENTRY_DETECTED_AT_SWEEP_RESOLUTION_DELTA,1.45234375,BINDING_VMIN,33,1.45234375,2167.49856051,-1300.85585817,0.900002149895,33,1,1,CONVERGED_FEASIBLE,1.45244140625,2167.55245258,-1301.07023415,0.899994503035,33,1,1,CONVERGED_INFEASIBLE,41,9,0,0.221046188588
9,2011-02-05 18:00:00,BASE,300,NaN,NaN,BASE_PREREGISTERED,RAY_CERTIFIED_BOUNDARY,NO_RE_ENTRY_DETECTED_AT_SWEEP_RESOLUTION_DELTA,1.6658203125,BINDING_VMIN,33,1.6658203125,2709.92917633,-1482.80486543,0.900005203555,33,1.01806991218,13,CONVERGED_FEASIBLE,1.666015625,2710.08674622,-1483.20000538,0.899991674421,33,1.01806979551,13,CONVERGED_INFEASIBLE,41,8,0,0.425398456915
9,2011-02-05 18:00:00,BASE,310,NaN,NaN,BASE_PREREGISTERED,RAY_UNBOUNDED_WITHIN_GUARD,NO_RE_ENTRY_DETECTED_AT_SWEEP_RESOLUTION_DELTA,NaN,RAY_UNBOUNDED_WITHIN_GUARD,,NaN,NaN,NaN,NaN,,NaN,,,NaN,NaN,NaN,NaN,,NaN,,,41,0,0,NaN
9,2011-02-05 18:00:00,BASE,320,NaN,NaN,BASE_PREREGISTERED,RAY_CERTIFIED_BOUNDARY,NO_RE_ENTRY_DETECTED_AT_SWEEP_RESOLUTION_DELTA,1.34375,BINDING_VMAX,13,1.34375,3026.92378662,-130.44753298,0.953232022046,33,1.04999840787,13,CONVERGED_FEASIBLE,1.344140625,3027.40660876,-131.034100213,0.953217551065,33,1.05000840227,13,CONVERGED_INFEASIBLE,41,7,0,0.759722540279
9,2011-02-05 18:00:00,BASE,330,NaN,NaN,BASE_PREREGISTERED,RAY_CERTIFIED_BOUNDARY,NO_RE_ENTRY_DETECTED_AT_SWEEP_RESOLUTION_DELTA,0.9654296875,BINDING_VMAX,13,0.9654296875,2715.05447433,759.676620483,0.978942775415,33,1.04999269278,13,CONVERGED_FEASIBLE,0.965625,2715.32739338,759.448486328,0.978938606259,33,1.05000008028,13,CONVERGED_INFEASIBLE,41,8,0,0.355710555114
9,2011-02-05 18:00:00,BASE,340,NaN,NaN,BASE_PREREGISTERED,RAY_CERTIFIED_BOUNDARY,NO_RE_ENTRY_DETECTED_AT_SWEEP_RESOLUTION_DELTA,0.7802734375,BINDING_VMAX,13,0.7802734375,2549.07301987,1263.91220289,0.98346297387,25,1.04999592113,13,CONVERGED_FEASIBLE,0.78046875,2549.36915438,1263.75614994,0.983463332884,25,1.05000524422,13,CONVERGED_INFEASIBLE,41,8,0,0.334735979852
9,2011-02-05 18:00:00,BASE,350,NaN,NaN,BASE_PREREGISTERED,RAY_CERTIFIED_BOUNDARY,NO_RE_ENTRY_DETECTED_AT_SWEEP_RESOLUTION_DELTA,0.674609375,BINDING_VMAX,13,0.674609375,2437.97174137,1613.6827751,0.984327950118,25,1.0499993463,13,CONVERGED_FEASIBLE,0.67470703125,2438.12691741,1613.64316002,0.984328289211,25,1.05000478675,13,CONVERGED_INFEASIBLE,41,9,0,0.160152925103
10,2013-04-17 05:30:00,BASE,0,NaN,NaN,BASE_PREREGISTERED,RAY_CERTIFIED_BOUNDARY,NO_RE_ENTRY_DETECTED_AT_SWEEP_RESOLUTION_DELTA,1.0521484375,BINDING_VMAX,13,1.0521484375,1492.82110596,-254.296875,0.999606698645,22,1.0499916063,13,CONVERGED_FEASIBLE,1.05234375,1493.13012695,-254.296875,0.999606853019,22,1.05000371554,13,CONVERGED_INFEASIBLE,41,8,0,0.309020996094
10,2013-04-17 05:30:00,BASE,10,NaN,NaN,BASE_PREREGISTERED,RAY_CERTIFIED_BOUNDARY,NO_RE_ENTRY_DETECTED_AT_SWEEP_RESOLUTION_DELTA,0.98779296875,BINDING_VMAX,13,0.98779296875,1367.25512467,134.41607174,0.999762118075,22,1.04999404131,13,CONVERGED_FEASIBLE,0.987890625,1367.40728781,134.454501097,0.999762215364,22,1.0500005173,13,CONVERGED_INFEASIBLE,41,9,0,0.156940866454
10,2013-04-17 05:30:00,BASE,20,NaN,NaN,BASE_PREREGISTERED,RAY_CERTIFIED_BOUNDARY,NO_RE_ENTRY_DETECTED_AT_SWEEP_RESOLUTION_DELTA,0.96015625,BINDING_VMAX,13,0.96015625,1255.65642951,489.897603001,0.999900465155,22,1.04999081628,13,CONVERGED_FEASIBLE,0.9603515625,1255.94681426,490.048985116,0.99990069191,22,1.05000416428,13,CONVERGED_INFEASIBLE,41,8,0,0.327474957271
10,2013-04-17 05:30:00,BASE,30,NaN,NaN,BASE_PREREGISTERED,RAY_CERTIFIED_BOUNDARY,NO_RE_ENTRY_DETECTED_AT_SWEEP_RESOLUTION_DELTA,0.9642578125,BINDING_VMAX,13,0.9642578125,1149.36510253,838.290092468,1,1,1.04999344289,13,CONVERGED_FEASIBLE,0.964453125,1149.63272256,838.511398315,1,1,1.05000673604,13,CONVERGED_INFEASIBLE,41,8,0,0.347270442179
10,2013-04-17 05:30:00,BASE,40,NaN,NaN,BASE_PREREGISTERED,RAY_CERTIFIED_BOUNDARY,NO_RE_ENTRY_DETECTED_AT_SWEEP_RESOLUTION_DELTA,1.0005859375,BINDING_VMAX,13,1.0005859375,1040.8611138,1203.22384361,1,1,1.04999199657,13,CONVERGED_FEASIBLE,1.00078125,1041.09783761,1203.50834892,1,1,1.05000478815,13,CONVERGED_INFEASIBLE,41,8,0,0.370110035812
10,2013-04-17 05:30:00,BASE,50,NaN,NaN,BASE_PREREGISTERED,RAY_CERTIFIED_BOUNDARY,NO_RE_ENTRY_DETECTED_AT_SWEEP_RESOLUTION_DELTA,1.0751953125,BINDING_VMAX,30,1.0751953125,921.609945158,1612.22968512,1,1,1.04999237406,30,CONVERGED_FEASIBLE,1.075390625,921.808580026,1612.56874535,1,1,1.05000407286,30,CONVERGED_INFEASIBLE,41,8,0,0.392960111692
10,2013-04-17 05:30:00,BASE,60,NaN,NaN,BASE_PREREGISTERED,RAY_CERTIFIED_BOUNDARY,NO_RE_ENTRY_DETECTED_AT_SWEEP_RESOLUTION_DELTA,1.0134765625,BINDING_VMAX,30,1.0134765625,629.879974365,1734.71413311,1,1,1.04999899152,30,CONVERGED_FEASIBLE,1.01357421875,629.957229614,1734.9057896,1,1,1.05000521027,30,CONVERGED_INFEASIBLE,41,9,0,0.206641191428
10,2013-04-17 05:30:00,BASE,70,NaN,NaN,BASE_PREREGISTERED,RAY_CERTIFIED_BOUNDARY,NO_RE_ENTRY_DETECTED_AT_SWEEP_RESOLUTION_DELTA,0.9880859375,BINDING_VMAX,30,0.9880859375,362.81781979,1849.83705784,1,1,1.04999543212,30,CONVERGED_FEASIBLE,0.98828125,362.923511196,1850.25297679,1,1,1.05000819634,30,CONVERGED_INFEASIBLE,41,8,0,0.429137787139
10,2013-04-17 05:30:00,BASE,80,NaN,NaN,BASE_PREREGISTERED,RAY_CERTIFIED_BOUNDARY,NO_RE_ENTRY_DETECTED_AT_SWEEP_RESOLUTION_DELTA,0.99482421875,BINDING_VMAX,30,0.99482421875,101.446961382,1965.89574031,1,1,1.04999481659,30,CONVERGED_FEASIBLE,0.994921875,101.473791849,1966.11368403,1,1,1.0500011512,30,CONVERGED_INFEASIBLE,41,9,0,0.219589017107
10,2013-04-17 05:30:00,BASE,90,NaN,NaN,BASE_PREREGISTERED,RAY_CERTIFIED_BOUNDARY,NO_RE_ENTRY_DETECTED_AT_SWEEP_RESOLUTION_DELTA,1.0349609375,BINDING_VMAX,30,1.0349609375,-171.875,2091.10249329,0.999976477629,22,1.04999809225,30,CONVERGED_FEASIBLE,1.03505859375,-171.875,2091.32379913,0.99997658804,22,1.05000416799,30,CONVERGED_INFEASIBLE,41,9,0,0.221305847168
10,2013-04-17 05:30:00,BASE,100,NaN,NaN,BASE_PREREGISTERED,RAY_CERTIFIED_BOUNDARY,NO_RE_ENTRY_DETECTED_AT_SWEEP_RESOLUTION_DELTA,1.1158203125,BINDING_VMAX,30,1.1158203125,-478.439909272,2235.92800205,0.996173686847,18,1.04999004945,30,CONVERGED_FEASIBLE,1.116015625,-478.493570205,2236.36388948,0.996176381142,18,1.05000126761,30,CONVERGED_INFEASIBLE,41,8,0,0.439178034215
10,2013-04-17 05:30:00,BASE,110,NaN,NaN,BASE_PREREGISTERED,RAY_CERTIFIED_BOUNDARY,NO_RE_ENTRY_DETECTED_AT_SWEEP_RESOLUTION_DELTA,1.255859375,BINDING_VMAX,30,1.255859375,-851.470736559,2420.06192875,0.980802731462,18,1.04999258863,30,CONVERGED_FEASIBLE,1.2560546875,-851.576427964,2420.4778477,0.980802640696,18,1.05000246603,30,CONVERGED_INFEASIBLE,41,8,0,0.429137787139
10,2013-04-17 05:30:00,BASE,120,NaN,NaN,BASE_PREREGISTERED,RAY_CERTIFIED_BOUNDARY,NO_RE_ENTRY_DETECTED_AT_SWEEP_RESOLUTION_DELTA,1.4970703125,BINDING_VMAX,30,1.4970703125,-1356.19796753,2683.79705007,0.958959846247,18,1.04999696395,30,CONVERGED_FEASIBLE,1.497265625,-1356.35247803,2684.18036304,0.958956629325,18,1.05000508603,30,CONVERGED_INFEASIBLE,41,8,0,0.413282382855
10,2013-04-17 05:30:00,BASE,130,NaN,NaN,BASE_PREREGISTERED,RAY_CERTIFIED_BOUNDARY,NO_RE_ENTRY_DETECTED_AT_SWEEP_RESOLUTION_DELTA,1.959765625,BINDING_VMAX,30,1.959765625,-2164.97725971,3147.83346184,0.920945469413,18,1.04999709129,30,CONVERGED_FEASIBLE,1.96015625,-2165.37452945,3148.5115823,0.920931290407,18,1.05000878281,30,CONVERGED_INFEASIBLE,41,7,0,0.785920223384
10,2013-04-17 05:30:00,BASE,140,NaN,NaN,BASE_PREREGISTERED,RAY_CERTIFIED_BOUNDARY,NO_RE_ENTRY_DETECTED_AT_SWEEP_RESOLUTION_DELTA,1.7900390625,BINDING_VMIN,18,1.7900390625,-2341.44878157,2353.19431884,0.900003104025,18,1.02507451136,30,CONVERGED_FEASIBLE,1.790234375,-2341.68550538,2353.47882416,0.899992718535,18,1.02507842789,30,CONVERGED_INFEASIBLE,41,8,0,0.370110035812
10,2013-04-17 05:30:00,BASE,150,NaN,NaN,BASE_PREREGISTERED,RAY_CERTIFIED_BOUNDARY,NO_RE_ENTRY_DETECTED_AT_SWEEP_RESOLUTION_DELTA,1.4083984375,BINDING_VMIN,18,1.4083984375,-2101.68305739,1341.53958893,0.900009783138,18,1,1,CONVERGED_FEASIBLE,1.40859375,-2101.95067742,1341.76089478,0.899997101773,18,1,1,CONVERGED_INFEASIBLE,41,8,0,0.347270442179
10,2013-04-17 05:30:00,BASE,160,NaN,NaN,BASE_PREREGISTERED,RAY_CERTIFIED_BOUNDARY,NO_RE_ENTRY_DETECTED_AT_SWEEP_RESOLUTION_DELTA,1.1828125,BINDING_VMIN,18,1.1828125,-1930.44504417,662.473214254,0.900004807292,18,1,1,CONVERGED_FEASIBLE,1.1830078125,-1930.73542892,662.624596369,0.899990040745,18,1,1,CONVERGED_INFEASIBLE,41,8,0,0.327474957271
10,2013-04-17 05:30:00,BASE,170,NaN,NaN,BASE_PREREGISTERED,RAY_CERTIFIED_BOUNDARY,NO_RE_ENTRY_DETECTED_AT_SWEEP_RESOLUTION_DELTA,1.04267578125,BINDING_VMIN,18,1.04267578125,-1796.52080733,156.013370412,0.900004015092,18,1,1,CONVERGED_FEASIBLE,1.0427734375,-1796.67297046,156.051799769,0.899995752302,18,1,1,CONVERGED_INFEASIBLE,41,9,0,0.156940866454
10,2013-04-17 05:30:00,BASE,180,NaN,NaN,BASE_PREREGISTERED,RAY_CERTIFIED_BOUNDARY,NO_RE_ENTRY_DETECTED_AT_SWEEP_RESOLUTION_DELTA,0.95556640625,BINDING_VMIN,18,0.95556640625,-1683.76022339,-254.296875,0.900004370048,18,1,1,CONVERGED_FEASIBLE,0.9556640625,-1683.91473389,-254.296875,0.899995430631,18,1,1,CONVERGED_INFEASIBLE,41,9,0,0.154510498047
10,2013-04-17 05:30:00,BASE,190,NaN,NaN,BASE_PREREGISTERED,RAY_CERTIFIED_BOUNDARY,NO_RE_ENTRY_DETECTED_AT_SWEEP_RESOLUTION_DELTA,0.9052734375,BINDING_VMIN,18,0.9052734375,-1582.42727441,-610.537015018,0.900009931122,18,1,1,CONVERGED_FEASIBLE,0.90546875,-1582.73160069,-610.613873732,0.899991159704,18,1,1,CONVERGED_INFEASIBLE,41,8,0,0.313881732907
10,2013-04-17 05:30:00,BASE,200,NaN,NaN,BASE_PREREGISTERED,RAY_CERTIFIED_BOUNDARY,NO_RE_ENTRY_DETECTED_AT_SWEEP_RESOLUTION_DELTA,0.883984375,BINDING_VMIN,18,0.883984375,-1486.15637713,-939.452328098,0.900000324454,18,1,1,CONVERGED_FEASIBLE,0.88408203125,-1486.3015695,-939.528019156,0.899990738823,18,1,1,CONVERGED_INFEASIBLE,41,9,0,0.163737478635
10,2013-04-17 05:30:00,BASE,210,NaN,NaN,BASE_PREREGISTERED,RAY_CERTIFIED_BOUNDARY,NO_RE_ENTRY_DETECTED_AT_SWEEP_RESOLUTION_DELTA,0.88818359375,BINDING_VMIN,18,0.88818359375,-1388.8770997,-1260.685215,0.900008288761,18,1,1,CONVERGED_FEASIBLE,0.88828125,-1389.01090972,-1260.79586792,0.899998755442,18,1,1,CONVERGED_INFEASIBLE,41,9,0,0.173635221089
10,2013-04-17 05:30:00,BASE,220,NaN,NaN,BASE_PREREGISTERED,RAY_CERTIFIED_BOUNDARY,NO_RE_ENTRY_DETECTED_AT_SWEEP_RESOLUTION_DELTA,0.91865234375,BINDING_VMIN,18,0.91865234375,-1285.30547262,-1592.4676148,0.900005113812,18,1,1,CONVERGED_FEASIBLE,0.91875,-1285.42383453,-1592.60986745,0.89999587854,18,1,1,CONVERGED_INFEASIBLE,41,9,0,0.185055017906
10,2013-04-17 05:30:00,BASE,230,NaN,NaN,BASE_PREREGISTERED,RAY_CERTIFIED_BOUNDARY,NO_RE_ENTRY_DETECTED_AT_SWEEP_RESOLUTION_DELTA,0.9794921875,BINDING_VMIN,18,0.9794921875,-1168.02886012,-1954.68392296,0.900004932275,18,1,1,CONVERGED_FEASIBLE,0.97958984375,-1168.12817756,-1954.85345308,0.899996222755,18,1,1,CONVERGED_INFEASIBLE,41,9,0,0.196480055846
10,2013-04-17 05:30:00,BASE,240,NaN,NaN,BASE_PREREGISTERED,RAY_CERTIFIED_BOUNDARY,NO_RE_ENTRY_DETECTED_AT_SWEEP_RESOLUTION_DELTA,0.95439453125,BINDING_VMIN,33,0.95439453125,-926.890548706,-2127.35570929,0.900007061992,33,1,1,CONVERGED_FEASIBLE,0.9544921875,-926.967803955,-2127.54736578,0.899997978293,33,1,1,CONVERGED_INFEASIBLE,41,9,0,0.206641191428
10,2013-04-17 05:30:00,BASE,250,NaN,NaN,BASE_PREREGISTERED,RAY_CERTIFIED_BOUNDARY,NO_RE_ENTRY_DETECTED_AT_SWEEP_RESOLUTION_DELTA,0.9318359375,BINDING_VMIN,33,0.9318359375,-676.128695042,-2238.64615225,0.900006311727,33,1,1,CONVERGED_FEASIBLE,0.93193359375,-676.181540745,-2238.85411172,0.899997015467,33,1,1,CONVERGED_INFEASIBLE,41,9,0,0.214568893569
10,2013-04-17 05:30:00,BASE,260,NaN,NaN,BASE_PREREGISTERED,RAY_CERTIFIED_BOUNDARY,NO_RE_ENTRY_DETECTED_AT_SWEEP_RESOLUTION_DELTA,0.93662109375,BINDING_VMIN,33,0.93662109375,-429.206003398,-2344.59503672,0.900001745981,33,1,1,CONVERGED_FEASIBLE,0.93671875,-429.232833865,-2344.81298044,0.899992485725,33,1,1,CONVERGED_INFEASIBLE,41,9,0,0.219589017107
10,2013-04-17 05:30:00,BASE,270,NaN,NaN,BASE_PREREGISTERED,RAY_CERTIFIED_BOUNDARY,NO_RE_ENTRY_DETECTED_AT_SWEEP_RESOLUTION_DELTA,0.96943359375,BINDING_VMIN,33,0.96943359375,-171.875,-2451.20001984,0.900003498738,33,1,1,CONVERGED_FEASIBLE,0.96953125,-171.875,-2451.42132568,0.899994525153,33,1,1,CONVERGED_INFEASIBLE,41,9,0,0.221305847168
10,2013-04-17 05:30:00,BASE,280,NaN,NaN,BASE_PREREGISTERED,RAY_CERTIFIED_BOUNDARY,NO_RE_ENTRY_DETECTED_AT_SWEEP_RESOLUTION_DELTA,1.0353515625,BINDING_VMIN,33,1.0353515625,112.581604945,-2564.93613165,0.900009108045,33,1,1,CONVERGED_FEASIBLE,1.035546875,112.635265878,-2565.37201908,0.899992217944,33,1,1,CONVERGED_INFEASIBLE,41,8,0,0.439178034215
10,2013-04-17 05:30:00,BASE,290,NaN,NaN,BASE_PREREGISTERED,RAY_CERTIFIED_BOUNDARY,NO_RE_ENTRY_DETECTED_AT_SWEEP_RESOLUTION_DELTA,1.1458984375,BINDING_VMIN,33,1.1458984375,448.216475333,-2694.49331382,0.900000723372,33,1,1,CONVERGED_FEASIBLE,1.14599609375,448.269321036,-2694.70127329,0.899993029813,33,1,1,CONVERGED_INFEASIBLE,41,9,0,0.214568893569
10,2013-04-17 05:30:00,BASE,300,NaN,NaN,BASE_PREREGISTERED,RAY_CERTIFIED_BOUNDARY,NO_RE_ENTRY_DETECTED_AT_SWEEP_RESOLUTION_DELTA,1.3234375,BINDING_VMIN,33,1.3234375,875.088134766,-2851.62556858,0.900009356155,33,1,1,CONVERGED_FEASIBLE,1.3236328125,875.242645264,-2852.00888155,0.899995860146,33,1,1,CONVERGED_INFEASIBLE,41,8,0,0.413282382856
10,2013-04-17 05:30:00,BASE,310,NaN,NaN,BASE_PREREGISTERED,RAY_CERTIFIED_BOUNDARY,NO_RE_ENTRY_DETECTED_AT_SWEEP_RESOLUTION_DELTA,1.6158203125,BINDING_VMIN,33,1.6158203125,1471.43125818,-3059.34214874,0.900009404353,33,1.00761450432,13,CONVERGED_FEASIBLE,1.616015625,1471.62989305,-3059.68120896,0.89999810402,33,1.0076168971,13,CONVERGED_INFEASIBLE,41,8,0,0.392960111692
10,2013-04-17 05:30:00,BASE,320,NaN,NaN,BASE_PREREGISTERED,RAY_UNBOUNDED_WITHIN_GUARD,NO_RE_ENTRY_DETECTED_AT_SWEEP_RESOLUTION_DELTA,NaN,RAY_UNBOUNDED_WITHIN_GUARD,,NaN,NaN,NaN,NaN,,NaN,,,NaN,NaN,NaN,NaN,,NaN,,,41,0,0,NaN
10,2013-04-17 05:30:00,BASE,330,NaN,NaN,BASE_PREREGISTERED,RAY_CERTIFIED_BOUNDARY,NO_RE_ENTRY_DETECTED_AT_SWEEP_RESOLUTION_DELTA,1.727734375,BINDING_VMAX,13,1.727734375,2195.49181121,-2211.96839905,0.94262242233,33,1.04999872604,13,CONVERGED_FEASIBLE,1.7279296875,2195.75943124,-2212.1897049,0.942617478214,33,1.05000560028,13,CONVERGED_INFEASIBLE,41,8,0,0.347270442178
10,2013-04-17 05:30:00,BASE,340,NaN,NaN,BASE_PREREGISTERED,RAY_CERTIFIED_BOUNDARY,NO_RE_ENTRY_DETECTED_AT_SWEEP_RESOLUTION_DELTA,1.3642578125,BINDING_VMAX,13,1.3642578125,1856.46247663,-1311.70094921,0.970543315298,33,1.04999606292,13,CONVERGED_FEASIBLE,1.364453125,1856.75286138,-1311.85233133,0.970541601616,33,1.05000516719,13,CONVERGED_INFEASIBLE,41,8,0,0.327474957271
10,2013-04-17 05:30:00,BASE,350,NaN,NaN,BASE_PREREGISTERED,RAY_CERTIFIED_BOUNDARY,NO_RE_ENTRY_DETECTED_AT_SWEEP_RESOLUTION_DELTA,1.1671875,BINDING_VMAX,13,1.1671875,1646.77880623,-713.604550674,0.988001826761,33,1.04999858749,13,CONVERGED_FEASIBLE,1.1673828125,1647.08313251,-713.681409388,0.988002910992,33,1.05000941475,13,CONVERGED_INFEASIBLE,41,8,0,0.313881732907
11,2013-04-07 02:00:00,BASE,0,NaN,NaN,BASE_PREREGISTERED,RAY_CERTIFIED_BOUNDARY,NO_RE_ENTRY_DETECTED_AT_SWEEP_RESOLUTION_DELTA,0.9849609375,BINDING_VMAX,13,0.9849609375,1626.44503784,73.359375,0.99804029855,25,1.04999377491,13,CONVERGED_FEASIBLE,0.98515625,1626.75500488,73.359375,0.998041277542,25,1.05000587521,13,CONVERGED_INFEASIBLE,41,8,0,0.309967041016
11,2013-04-07 02:00:00,BASE,10,NaN,NaN,BASE_PREREGISTERED,RAY_CERTIFIED_BOUNDARY,NO_RE_ENTRY_DETECTED_AT_SWEEP_RESOLUTION_DELTA,0.9251953125,BINDING_VMAX,13,0.9251953125,1509.28813627,439.171203097,0.998876662848,22,1.04999210472,13,CONVERGED_FEASIBLE,0.925390625,1509.59339422,439.248427465,0.998876856394,22,1.05000503648,13,CONVERGED_INFEASIBLE,41,8,0,0.314874603614
11,2013-04-07 02:00:00,BASE,20,NaN,NaN,BASE_PREREGISTERED,RAY_CERTIFIED_BOUNDARY,NO_RE_ENTRY_DETECTED_AT_SWEEP_RESOLUTION_DELTA,0.8998046875,BINDING_VMAX,13,0.8998046875,1405.17937538,774.094723431,0.999005814252,22,1.04999899907,13,CONVERGED_FEASIBLE,0.89990234375,1405.32501225,774.170774587,0.99900592705,22,1.05000565944,13,CONVERGED_INFEASIBLE,41,9,0,0.164298132515
11,2013-04-07 02:00:00,BASE,30,NaN,NaN,BASE_PREREGISTERED,RAY_CERTIFIED_BOUNDARY,NO_RE_ENTRY_DETECTED_AT_SWEEP_RESOLUTION_DELTA,0.90380859375,BINDING_VMAX,13,0.90380859375,1305.48425816,1102.32427597,0.999129404487,22,1.04999625296,13,CONVERGED_FEASIBLE,0.90390625,1305.61847783,1102.43545532,0.999129529041,22,1.05000288441,13,CONVERGED_INFEASIBLE,41,9,0,0.174286450965
11,2013-04-07 02:00:00,BASE,40,NaN,NaN,BASE_PREREGISTERED,RAY_CERTIFIED_BOUNDARY,NO_RE_ENTRY_DETECTED_AT_SWEEP_RESOLUTION_DELTA,0.9380859375,BINDING_VMAX,13,0.9380859375,1203.74653632,1446.33937957,0.999256121084,22,1.04999977505,13,CONVERGED_FEASIBLE,0.93818359375,1203.86526059,1446.48230899,0.999256252802,22,1.05000615583,13,CONVERGED_INFEASIBLE,41,9,0,0.185807077376
11,2013-04-07 02:00:00,BASE,50,NaN,NaN,BASE_PREREGISTERED,RAY_CERTIFIED_BOUNDARY,NO_RE_ENTRY_DETECTED_AT_SWEEP_RESOLUTION_DELTA,1.00859375,BINDING_VMAX,13,1.00859375,1092.17196451,1832.59628879,0.999394860751,22,1.04999037158,13,CONVERGED_FEASIBLE,1.0087890625,1092.37120749,1832.93696208,0.999395128805,22,1.0500022015,13,CONVERGED_INFEASIBLE,41,8,0,0.394659421266
11,2013-04-07 02:00:00,BASE,60,NaN,NaN,BASE_PREREGISTERED,RAY_CERTIFIED_BOUNDARY,NO_RE_ENTRY_DETECTED_AT_SWEEP_RESOLUTION_DELTA,0.96806640625,BINDING_VMAX,30,0.96806640625,831.457069397,1982.28879493,0.999337934262,22,1.04999476251,30,CONVERGED_FEASIBLE,0.9681640625,831.534561157,1982.48136321,0.999338068936,22,1.05000096716,30,CONVERGED_INFEASIBLE,41,9,0,0.20757533021
11,2013-04-07 02:00:00,BASE,70,NaN,NaN,BASE_PREREGISTERED,RAY_CERTIFIED_BOUNDARY,NO_RE_ENTRY_DETECTED_AT_SWEEP_RESOLUTION_DELTA,0.9435546875,BINDING_VMAX,30,0.9435546875,575.439578739,2092.22299899,0.999260359842,22,1.04999930396,30,CONVERGED_FEASIBLE,0.94365234375,575.492586225,2092.43194782,0.999260490813,22,1.05000567365,30,CONVERGED_INFEASIBLE,41,9,0,0.215567642177
11,2013-04-07 02:00:00,BASE,80,NaN,NaN,BASE_PREREGISTERED,RAY_CERTIFIED_BOUNDARY,NO_RE_ENTRY_DETECTED_AT_SWEEP_RESOLUTION_DELTA,0.9494140625,BINDING_VMAX,30,0.9494140625,324.925604604,2202.28852776,0.999182344474,22,1.04999051859,30,CONVERGED_FEASIBLE,0.949609375,324.979429816,2202.72648891,0.999182589763,22,1.05000316905,30,CONVERGED_INFEASIBLE,41,8,0,0.441256300584
11,2013-04-07 02:00:00,BASE,90,NaN,NaN,BASE_PREREGISTERED,RAY_CERTIFIED_BOUNDARY,NO_RE_ENTRY_DETECTED_AT_SWEEP_RESOLUTION_DELTA,0.987109375,BINDING_VMAX,30,0.987109375,63.28125,2320.96115112,0.999098970279,22,1.04999189506,30,CONVERGED_FEASIBLE,0.9873046875,63.28125,2321.40586853,0.999099190035,22,1.05000403667,30,CONVERGED_INFEASIBLE,41,8,0,0.444717407226
11,2013-04-07 02:00:00,BASE,100,NaN,NaN,BASE_PREREGISTERED,RAY_CERTIFIED_BOUNDARY,NO_RE_ENTRY_DETECTED_AT_SWEEP_RESOLUTION_DELTA,1.06357421875,BINDING_VMAX,30,1.06357421875,-229.823940907,2458.27682024,0.999002921215,22,1.04999512074,30,CONVERGED_FEASIBLE,1.063671875,-229.850853513,2458.49580082,0.999003014114,22,1.0500007309,30,CONVERGED_INFEASIBLE,41,9,0,0.220628150292
11,2013-04-07 02:00:00,BASE,110,NaN,NaN,BASE_PREREGISTERED,RAY_CERTIFIED_BOUNDARY,NO_RE_ENTRY_DETECTED_AT_SWEEP_RESOLUTION_DELTA,1.1955078125,BINDING_VMAX,30,1.1955078125,-585.636392354,2631.31098801,0.984669422374,18,1.04999171064,30,CONVERGED_FEASIBLE,1.195703125,-585.742407325,2631.72888568,0.98466936033,18,1.05000160744,30,CONVERGED_INFEASIBLE,41,8,0,0.431135284353
11,2013-04-07 02:00:00,BASE,120,NaN,NaN,BASE_PREREGISTERED,RAY_CERTIFIED_BOUNDARY,NO_RE_ENTRY_DETECTED_AT_SWEEP_RESOLUTION_DELTA,1.4220703125,BINDING_VMAX,30,1.4220703125,-1065.15376282,2877.53875692,0.964287353559,18,1.04999616304,30,CONVERGED_FEASIBLE,1.422265625,-1065.30874634,2877.92389349,0.964284236405,18,1.05000433161,30,CONVERGED_INFEASIBLE,41,8,0,0.415150660419
11,2013-04-07 02:00:00,BASE,130,NaN,NaN,BASE_PREREGISTERED,RAY_CERTIFIED_BOUNDARY,NO_RE_ENTRY_DETECTED_AT_SWEEP_RESOLUTION_DELTA,1.8515625,BINDING_VMAX,30,1.8515625,-1825.5421376,3302.94224539,0.9294480808,18,1.04999854127,30,CONVERGED_FEASIBLE,1.8517578125,-1825.74138058,3303.28291869,0.929441268884,18,1.05000449389,30,CONVERGED_INFEASIBLE,41,8,0,0.394659421266
11,2013-04-07 02:00:00,BASE,140,NaN,NaN,BASE_PREREGISTERED,RAY_CERTIFIED_BOUNDARY,NO_RE_ENTRY_DETECTED_AT_SWEEP_RESOLUTION_DELTA,1.8861328125,BINDING_VMIN,18,1.8861328125,-2229.75919764,2833.89818493,0.900004345785,18,1.03051684029,30,CONVERGED_FEASIBLE,1.886328125,-2229.99664617,2834.18404377,0.899993903588,18,1.03052066836,30,CONVERGED_INFEASIBLE,41,8,0,0.371614154752
11,2013-04-07 02:00:00,BASE,150,NaN,NaN,BASE_PREREGISTERED,RAY_CERTIFIED_BOUNDARY,NO_RE_ENTRY_DETECTED_AT_SWEEP_RESOLUTION_DELTA,1.487890625,BINDING_VMIN,18,1.487890625,-1981.68958007,1767.28797913,0.90000030588,18,1.00418276491,30,CONVERGED_FEASIBLE,1.48798828125,-1981.82379974,1767.39915848,0.899993952446,18,1.004183723,30,CONVERGED_INFEASIBLE,41,9,0,0.174286450965
11,2013-04-07 02:00:00,BASE,160,NaN,NaN,BASE_PREREGISTERED,RAY_CERTIFIED_BOUNDARY,NO_RE_ENTRY_DETECTED_AT_SWEEP_RESOLUTION_DELTA,1.2513671875,BINDING_VMIN,18,1.2513671875,-1802.90960941,1047.87888388,0.900006708407,18,1,1,CONVERGED_FEASIBLE,1.2515625,-1803.20088316,1048.03098619,0.899991947245,18,1,1,CONVERGED_INFEASIBLE,41,8,0,0.328596265031
11,2013-04-07 02:00:00,BASE,170,NaN,NaN,BASE_PREREGISTERED,RAY_CERTIFIED_BOUNDARY,NO_RE_ENTRY_DETECTED_AT_SWEEP_RESOLUTION_DELTA,1.104296875,BINDING_VMIN,18,1.104296875,-1662.64717199,509.98594795,0.900003328375,18,1,1,CONVERGED_FEASIBLE,1.10439453125,-1662.79980097,510.024560133,0.899995082087,18,1,1,CONVERGED_INFEASIBLE,41,9,0,0.157437301807
11,2013-04-07 02:00:00,BASE,180,NaN,NaN,BASE_PREREGISTERED,RAY_CERTIFIED_BOUNDARY,NO_RE_ENTRY_DETECTED_AT_SWEEP_RESOLUTION_DELTA,1.01279296875,BINDING_VMIN,18,1.01279296875,-1544.05284119,73.359375,0.900004572634,18,1,1,CONVERGED_FEASIBLE,1.012890625,-1544.20782471,73.359375,0.899995661725,18,1,1,CONVERGED_INFEASIBLE,41,9,0,0.154983520508
11,2013-04-07 02:00:00,BASE,190,NaN,NaN,BASE_PREREGISTERED,RAY_CERTIFIED_BOUNDARY,NO_RE_ENTRY_DETECTED_AT_SWEEP_RESOLUTION_DELTA,0.96005859375,BINDING_VMIN,18,0.96005859375,-1437.21417949,-306.237002668,0.900007720195,18,1,1,CONVERGED_FEASIBLE,0.96015625,-1437.36680846,-306.275614852,0.899998372686,18,1,1,CONVERGED_INFEASIBLE,41,9,0,0.157437301807
11,2013-04-07 02:00:00,BASE,200,NaN,NaN,BASE_PREREGISTERED,RAY_CERTIFIED_BOUNDARY,NO_RE_ENTRY_DETECTED_AT_SWEEP_RESOLUTION_DELTA,0.93779296875,BINDING_VMIN,18,0.93779296875,-1335.26961803,-656.95987299,0.900006670191,18,1,1,CONVERGED_FEASIBLE,0.937890625,-1335.4152549,-657.035924146,0.899997129703,18,1,1,CONVERGED_INFEASIBLE,41,9,0,0.164298132515
11,2013-04-07 02:00:00,BASE,210,NaN,NaN,BASE_PREREGISTERED,RAY_CERTIFIED_BOUNDARY,NO_RE_ENTRY_DETECTED_AT_SWEEP_RESOLUTION_DELTA,0.94267578125,BINDING_VMIN,18,0.94267578125,-1232.3411852,-999.85490799,0.900003142103,18,1,1,CONVERGED_FEASIBLE,0.9427734375,-1232.47540487,-999.966087341,0.899993657205,18,1,1,CONVERGED_INFEASIBLE,41,9,0,0.174286450965
11,2013-04-07 02:00:00,BASE,220,NaN,NaN,BASE_PREREGISTERED,RAY_CERTIFIED_BOUNDARY,NO_RE_ENTRY_DETECTED_AT_SWEEP_RESOLUTION_DELTA,0.9751953125,BINDING_VMIN,18,0.9751953125,-1122.2992569,-1353.93380901,0.900002515947,18,1,1,CONVERGED_FEASIBLE,0.97529296875,-1122.41798116,-1354.07673843,0.899993328916,18,1,1,CONVERGED_INFEASIBLE,41,9,0,0.185807077376
11,2013-04-07 02:00:00,BASE,230,NaN,NaN,BASE_PREREGISTERED,RAY_CERTIFIED_BOUNDARY,NO_RE_ENTRY_DETECTED_AT_SWEEP_RESOLUTION_DELTA,1.03984375,BINDING_VMIN,18,1.03984375,-997.488340254,-1740.38526656,0.900003705872,18,1,1,CONVERGED_FEASIBLE,1.03994140625,-997.587961741,-1740.55560321,0.899995039739,18,1,1,CONVERGED_INFEASIBLE,41,9,0,0.197329710633
11,2013-04-07 02:00:00,BASE,240,NaN,NaN,BASE_PREREGISTERED,RAY_CERTIFIED_BOUNDARY,NO_RE_ENTRY_DETECTED_AT_SWEEP_RESOLUTION_DELTA,0.99736328125,BINDING_VMIN,33,0.99736328125,-728.142097473,-1893.34053075,0.900002757993,33,1,1,CONVERGED_FEASIBLE,0.9974609375,-728.219589233,-1893.53309904,0.899993721317,33,1,1,CONVERGED_INFEASIBLE,41,9,0,0.20757533021
11,2013-04-07 02:00:00,BASE,250,NaN,NaN,BASE_PREREGISTERED,RAY_CERTIFIED_BOUNDARY,NO_RE_ENTRY_DETECTED_AT_SWEEP_RESOLUTION_DELTA,0.9732421875,BINDING_VMIN,33,0.9732421875,-464.991354451,-2009.02469421,0.900003743388,33,1,1,CONVERGED_FEASIBLE,0.97333984375,-465.044361937,-2009.23364304,0.899994489598,33,1,1,CONVERGED_INFEASIBLE,41,9,0,0.215567642176
11,2013-04-07 02:00:00,BASE,260,NaN,NaN,BASE_PREREGISTERED,RAY_CERTIFIED_BOUNDARY,NO_RE_ENTRY_DETECTED_AT_SWEEP_RESOLUTION_DELTA,0.97763671875,BINDING_VMIN,33,0.97763671875,-206.140847711,-2118.85516401,0.900002949623,33,1,1,CONVERGED_FEASIBLE,0.977734375,-206.167760317,-2119.07414458,0.899993725361,33,1,1,CONVERGED_INFEASIBLE,41,9,0,0.220628150292
11,2013-04-07 02:00:00,BASE,270,NaN,NaN,BASE_PREREGISTERED,RAY_CERTIFIED_BOUNDARY,NO_RE_ENTRY_DETECTED_AT_SWEEP_RESOLUTION_DELTA,1.01123046875,BINDING_VMIN,33,1.01123046875,63.28125,-2229.16500092,0.900006351419,33,1,1,CONVERGED_FEASIBLE,1.011328125,63.28125,-2229.38735962,0.899997405707,33,1,1,CONVERGED_INFEASIBLE,41,9,0,0.222358703613
11,2013-04-07 02:00:00,BASE,280,NaN,NaN,BASE_PREREGISTERED,RAY_CERTIFIED_BOUNDARY,NO_RE_ENTRY_DETECTED_AT_SWEEP_RESOLUTION_DELTA,1.079296875,BINDING_VMIN,33,1.079296875,360.719370457,-2346.81394286,0.900004269492,33,1,1,CONVERGED_FEASIBLE,1.07939453125,360.746283063,-2347.03292344,0.899995842844,33,1,1,CONVERGED_INFEASIBLE,41,9,0,0.220628150292
11,2013-04-07 02:00:00,BASE,290,NaN,NaN,BASE_PREREGISTERED,RAY_CERTIFIED_BOUNDARY,NO_RE_ENTRY_DETECTED_AT_SWEEP_RESOLUTION_DELTA,1.193359375,BINDING_VMIN,33,1.193359375,711.032727664,-2479.99536368,0.900004743393,33,1,1,CONVERGED_FEASIBLE,1.19345703125,711.08573515,-2480.20431252,0.899997058155,33,1,1,CONVERGED_INFEASIBLE,41,9,0,0.215567642176
11,2013-04-07 02:00:00,BASE,300,NaN,NaN,BASE_PREREGISTERED,RAY_CERTIFIED_BOUNDARY,NO_RE_ENTRY_DETECTED_AT_SWEEP_RESOLUTION_DELTA,1.3767578125,BINDING_VMIN,33,1.3767578125,1155.76008606,-2641.46832218,0.900006994136,33,1,1,CONVERGED_FEASIBLE,1.376953125,1155.91506958,-2641.85345875,0.899993493286,33,1,1,CONVERGED_INFEASIBLE,41,8,0,0.41515066042
11,2013-04-07 02:00:00,BASE,310,NaN,NaN,BASE_PREREGISTERED,RAY_CERTIFIED_BOUNDARY,NO_RE_ENTRY_DETECTED_AT_SWEEP_RESOLUTION_DELTA,1.678125,BINDING_VMIN,33,1.678125,1775.17687725,-2853.70560626,0.900009994452,33,1.01322403298,13,CONVERGED_FEASIBLE,1.6783203125,1775.37612022,-2854.04627956,0.899998668577,33,1.01322635182,13,CONVERGED_INFEASIBLE,41,8,0,0.394659421266
11,2013-04-07 02:00:00,BASE,320,NaN,NaN,BASE_PREREGISTERED,RAY_UNBOUNDED_WITHIN_GUARD,NO_RE_ENTRY_DETECTED_AT_SWEEP_RESOLUTION_DELTA,NaN,RAY_UNBOUNDED_WITHIN_GUARD,,NaN,NaN,NaN,NaN,,NaN,,,NaN,NaN,NaN,NaN,,NaN,,,41,0,0,NaN
11,2013-04-07 02:00:00,BASE,330,NaN,NaN,BASE_PREREGISTERED,RAY_CERTIFIED_BOUNDARY,NO_RE_ENTRY_DETECTED_AT_SWEEP_RESOLUTION_DELTA,1.60625,BINDING_VMAX,13,1.60625,2270.92631518,-1755.31860352,0.948633069708,33,1.04999242425,13,CONVERGED_FEASIBLE,1.606640625,2271.46319384,-1755.76332092,0.948623460432,33,1.05000635147,13,CONVERGED_INFEASIBLE,41,7,0,0.697145803859
11,2013-04-07 02:00:00,BASE,340,NaN,NaN,BASE_PREREGISTERED,RAY_CERTIFIED_BOUNDARY,NO_RE_ENTRY_DETECTED_AT_SWEEP_RESOLUTION_DELTA,1.2736328125,BINDING_VMAX,13,1.2736328125,1962.6773159,-918.499797372,0.974069450075,33,1.04999314306,13,CONVERGED_FEASIBLE,1.273828125,1962.96858964,-918.651899684,0.974067777985,33,1.0500022832,13,CONVERGED_INFEASIBLE,41,8,0,0.328596265031
11,2013-04-07 02:00:00,BASE,350,NaN,NaN,BASE_PREREGISTERED,RAY_CERTIFIED_BOUNDARY,NO_RE_ENTRY_DETECTED_AT_SWEEP_RESOLUTION_DELTA,1.0916015625,BINDING_VMAX,13,1.0916015625,1769.36790556,-358.247614073,0.990189813966,33,1.04999890244,13,CONVERGED_FEASIBLE,1.091796875,1769.6731635,-358.32483844,0.99019089842,33,1.05000973808,13,CONVERGED_INFEASIBLE,41,8,0,0.314874603614
12,2011-03-08 11:30:00,BASE,0,NaN,NaN,BASE_PREREGISTERED,RAY_CERTIFIED_BOUNDARY,NO_RE_ENTRY_DETECTED_AT_SWEEP_RESOLUTION_DELTA,1.02431640625,BINDING_VMAX,13,1.02431640625,1548.21000671,-118.75,0.999244265027,22,1.04999524486,13,CONVERGED_FEASIBLE,1.0244140625,1548.36471558,-118.75,0.999244342064,22,1.05000129773,13,CONVERGED_INFEASIBLE,41,9,0,0.154708862305
12,2011-03-08 11:30:00,BASE,10,NaN,NaN,BASE_PREREGISTERED,RAY_CERTIFIED_BOUNDARY,NO_RE_ENTRY_DETECTED_AT_SWEEP_RESOLUTION_DELTA,0.9619140625,BINDING_VMAX,13,0.9619140625,1426.19984751,260.522993177,0.999395182715,22,1.04999869827,13,CONVERGED_FEASIBLE,0.96201171875,1426.352206,260.56149805,0.999395279791,22,1.05000517011,13,CONVERGED_INFEASIBLE,41,9,0,0.157148763206
12,2011-03-08 11:30:00,BASE,20,NaN,NaN,BASE_PREREGISTERED,RAY_CERTIFIED_BOUNDARY,NO_RE_ENTRY_DETECTED_AT_SWEEP_RESOLUTION_DELTA,0.93515625,BINDING_VMAX,13,0.93515625,1317.61591164,607.491864893,0.999529652653,22,1.04999577809,13,CONVERGED_FEASIBLE,0.9353515625,1317.90666919,607.64354448,0.99952987893,22,1.05000911489,13,CONVERGED_INFEASIBLE,41,8,0,0.327943061565
12,2011-03-08 11:30:00,BASE,30,NaN,NaN,BASE_PREREGISTERED,RAY_CERTIFIED_BOUNDARY,NO_RE_ENTRY_DETECTED_AT_SWEEP_RESOLUTION_DELTA,0.9392578125,BINDING_VMAX,13,0.9392578125,1214.10574997,947.601135254,0.999658443983,22,1.04999859129,13,CONVERGED_FEASIBLE,0.93935546875,1214.23973178,947.712005615,0.99965856887,22,1.05000523165,13,CONVERGED_INFEASIBLE,41,9,0,0.173906184702
12,2011-03-08 11:30:00,BASE,40,NaN,NaN,BASE_PREREGISTERED,RAY_CERTIFIED_BOUNDARY,NO_RE_ENTRY_DETECTED_AT_SWEEP_RESOLUTION_DELTA,0.974609375,BINDING_VMAX,13,0.974609375,1108.23711541,1303.72124708,0.999790038931,22,1.04999055445,13,CONVERGED_FEASIBLE,0.9748046875,1108.47414314,1304.00631146,0.99979030295,22,1.05000333382,13,CONVERGED_INFEASIBLE,41,8,0,0.370734195617
12,2011-03-08 11:30:00,BASE,50,NaN,NaN,BASE_PREREGISTERED,RAY_CERTIFIED_BOUNDARY,NO_RE_ENTRY_DETECTED_AT_SWEEP_RESOLUTION_DELTA,1.048046875,BINDING_VMAX,13,1.048046875,992.711843914,1704.22238187,0.999934560725,22,1.04999409204,13,CONVERGED_FEASIBLE,1.0482421875,992.910733793,1704.56210837,0.999934829194,22,1.05000593724,13,CONVERGED_INFEASIBLE,41,8,0,0.39366391356
12,2011-03-08 11:30:00,BASE,60,NaN,NaN,BASE_PREREGISTERED,RAY_CERTIFIED_BOUNDARY,NO_RE_ENTRY_DETECTED_AT_SWEEP_RESOLUTION_DELTA,0.99462890625,BINDING_VMAX,30,0.99462890625,713.323631287,1837.10711203,0.999859425333,22,1.04999532503,30,CONVERGED_FEASIBLE,0.9947265625,713.400985718,1837.29914513,0.999859560472,22,1.05000153795,30,CONVERGED_INFEASIBLE,41,9,0,0.207027580486
12,2011-03-08 11:30:00,BASE,70,NaN,NaN,BASE_PREREGISTERED,RAY_CERTIFIED_BOUNDARY,NO_RE_ENTRY_DETECTED_AT_SWEEP_RESOLUTION_DELTA,0.96953125,BINDING_VMAX,30,0.96953125,450.794447189,1949.92870338,0.999779244014,22,1.04999067972,30,CONVERGED_FEASIBLE,0.9697265625,450.900274284,1950.34543962,0.999779506856,22,1.05000343375,30,CONVERGED_INFEASIBLE,41,8,0,0.429963334495
12,2011-03-08 11:30:00,BASE,80,NaN,NaN,BASE_PREREGISTERED,RAY_CERTIFIED_BOUNDARY,NO_RE_ENTRY_DETECTED_AT_SWEEP_RESOLUTION_DELTA,0.9759765625,BINDING_VMAX,30,0.9759765625,193.956680609,2063.65959641,0.999698919471,22,1.04999166471,30,CONVERGED_FEASIBLE,0.976171875,194.010410433,2064.09634037,0.999699165556,22,1.0500043261,30,CONVERGED_INFEASIBLE,41,8,0,0.440036572946
12,2011-03-08 11:30:00,BASE,90,NaN,NaN,BASE_PREREGISTERED,RAY_CERTIFIED_BOUNDARY,NO_RE_ENTRY_DETECTED_AT_SWEEP_RESOLUTION_DELTA,1.0150390625,BINDING_VMAX,30,1.0150390625,-74.53125,2186.02307129,0.999612703233,22,1.04999077802,30,CONVERGED_FEASIBLE,1.015234375,-74.53125,2186.46655273,0.999612923614,22,1.05000292545,30,CONVERGED_INFEASIBLE,41,8,0,0.443481445312
12,2011-03-08 11:30:00,BASE,100,NaN,NaN,BASE_PREREGISTERED,RAY_CERTIFIED_BOUNDARY,NO_RE_ENTRY_DETECTED_AT_SWEEP_RESOLUTION_DELTA,1.094140625,BINDING_VMAX,30,1.094140625,-375.525724139,2327.88969563,0.997401052894,18,1.04999211499,30,CONVERGED_FEASIBLE,1.0943359375,-375.579453963,2328.3264396,0.997403742588,18,1.05000333399,30,CONVERGED_INFEASIBLE,41,8,0,0.440036572945
12,2011-03-08 11:30:00,BASE,110,NaN,NaN,BASE_PREREGISTERED,RAY_CERTIFIED_BOUNDARY,NO_RE_ENTRY_DETECTED_AT_SWEEP_RESOLUTION_DELTA,1.230859375,BINDING_VMAX,30,1.230859375,-741.453599655,2507.52179466,0.982413021776,18,1.04999540263,30,CONVERGED_FEASIBLE,1.2310546875,-741.559426749,2507.9385309,0.982412942919,18,1.050005288,30,CONVERGED_INFEASIBLE,41,8,0,0.429963334495
12,2011-03-08 11:30:00,BASE,120,NaN,NaN,BASE_PREREGISTERED,RAY_CERTIFIED_BOUNDARY,NO_RE_ENTRY_DETECTED_AT_SWEEP_RESOLUTION_DELTA,1.4658203125,BINDING_VMAX,30,1.4658203125,-1235.6212616,2763.6668141,0.961184741375,18,1.04999443221,30,CONVERGED_FEASIBLE,1.466015625,-1235.77597046,2764.05088029,0.961181566406,18,1.05000257381,30,CONVERGED_INFEASIBLE,41,8,0,0.414055160973
12,2011-03-08 11:30:00,BASE,130,NaN,NaN,BASE_PREREGISTERED,RAY_CERTIFIED_BOUNDARY,NO_RE_ENTRY_DETECTED_AT_SWEEP_RESOLUTION_DELTA,1.914453125,BINDING_VMAX,30,1.914453125,-2024.0498498,3211.24912171,0.924522495899,18,1.04999543912,30,CONVERGED_FEASIBLE,1.91484375,-2024.44762956,3211.92857471,0.924508553557,18,1.05000722135,30,CONVERGED_INFEASIBLE,41,7,0,0.78732782712
12,2011-03-08 11:30:00,BASE,140,NaN,NaN,BASE_PREREGISTERED,RAY_CERTIFIED_BOUNDARY,NO_RE_ENTRY_DETECTED_AT_SWEEP_RESOLUTION_DELTA,1.8298828125,BINDING_VMIN,18,1.8298828125,-2295.24403869,2552.0181591,0.900007739693,18,1.02734084486,30,CONVERGED_FEASIBLE,1.830078125,-2295.48106642,2552.30322348,0.899997330383,18,1.02734472433,30,CONVERGED_INFEASIBLE,41,8,0,0.370734195617
12,2011-03-08 11:30:00,BASE,150,NaN,NaN,BASE_PREREGISTERED,RAY_CERTIFIED_BOUNDARY,NO_RE_ENTRY_DETECTED_AT_SWEEP_RESOLUTION_DELTA,1.44140625,BINDING_VMIN,18,1.44140625,-2052.10269101,1517.6965332,0.900004971354,18,1.00154280572,30,CONVERGED_FEASIBLE,1.4416015625,-2052.37065462,1517.91827393,0.899992278907,18,1.00154475013,30,CONVERGED_INFEASIBLE,41,8,0,0.347812369405
12,2011-03-08 11:30:00,BASE,160,NaN,NaN,BASE_PREREGISTERED,RAY_CERTIFIED_BOUNDARY,NO_RE_ENTRY_DETECTED_AT_SWEEP_RESOLUTION_DELTA,1.21123046875,BINDING_VMIN,18,1.21123046875,-1877.66421217,821.890961807,0.900007038396,18,1,1,CONVERGED_FEASIBLE,1.211328125,-1877.80959095,821.966801601,0.899999656219,18,1,1,CONVERGED_INFEASIBLE,41,9,0,0.163971530782
12,2011-03-08 11:30:00,BASE,170,NaN,NaN,BASE_PREREGISTERED,RAY_CERTIFIED_BOUNDARY,NO_RE_ENTRY_DETECTED_AT_SWEEP_RESOLUTION_DELTA,1.0681640625,BINDING_VMIN,18,1.0681640625,-1741.02838143,302.416294353,0.900008938307,18,1,1,CONVERGED_FEASIBLE,1.068359375,-1741.33309841,302.493304098,0.899992426239,18,1,1,CONVERGED_INFEASIBLE,41,8,0,0.314297526412
12,2011-03-08 11:30:00,BASE,180,NaN,NaN,BASE_PREREGISTERED,RAY_CERTIFIED_BOUNDARY,NO_RE_ENTRY_DETECTED_AT_SWEEP_RESOLUTION_DELTA,0.979296875,BINDING_VMIN,18,0.979296875,-1625.95172119,-118.75,0.900003522419,18,1,1,CONVERGED_FEASIBLE,0.97939453125,-1626.10643005,-118.75,0.899994594714,18,1,1,CONVERGED_INFEASIBLE,41,9,0,0.154708862305
12,2011-03-08 11:30:00,BASE,190,NaN,NaN,BASE_PREREGISTERED,RAY_CERTIFIED_BOUNDARY,NO_RE_ENTRY_DETECTED_AT_SWEEP_RESOLUTION_DELTA,0.92802734375,BINDING_VMIN,18,0.92802734375,-1522.39395251,-484.661802453,0.90000412276,18,1,1,CONVERGED_FEASIBLE,0.928125,-1522.54631099,-484.700307326,0.899994752775,18,1,1,CONVERGED_INFEASIBLE,41,9,0,0.157148763206
12,2011-03-08 11:30:00,BASE,200,NaN,NaN,BASE_PREREGISTERED,RAY_CERTIFIED_BOUNDARY,NO_RE_ENTRY_DETECTED_AT_SWEEP_RESOLUTION_DELTA,0.90625,BINDING_VMIN,18,0.90625,-1423.64629386,-822.543285945,0.900005773746,18,1,1,CONVERGED_FEASIBLE,0.90634765625,-1423.79167264,-822.619125738,0.89999620687,18,1,1,CONVERGED_INFEASIBLE,41,9,0,0.163971530783
12,2011-03-08 11:30:00,BASE,210,NaN,NaN,BASE_PREREGISTERED,RAY_CERTIFIED_BOUNDARY,NO_RE_ENTRY_DETECTED_AT_SWEEP_RESOLUTION_DELTA,0.9107421875,BINDING_VMIN,18,0.9107421875,-1324.04556293,-1152.72698975,0.900007734607,18,1,1,CONVERGED_FEASIBLE,0.91083984375,-1324.17954474,-1152.83786011,0.899998221386,18,1,1,CONVERGED_INFEASIBLE,41,9,0,0.173906184702
12,2011-03-08 11:30:00,BASE,220,NaN,NaN,BASE_PREREGISTERED,RAY_CERTIFIED_BOUNDARY,NO_RE_ENTRY_DETECTED_AT_SWEEP_RESOLUTION_DELTA,0.94208984375,BINDING_VMIN,18,0.94208984375,-1217.83449861,-1493.75802812,0.900002675714,18,1,1,CONVERGED_FEASIBLE,0.9421875,-1217.95301247,-1493.90056031,0.899993460406,18,1,1,CONVERGED_INFEASIBLE,41,9,0,0.185367097808
12,2011-03-08 11:30:00,BASE,230,NaN,NaN,BASE_PREREGISTERED,RAY_CERTIFIED_BOUNDARY,NO_RE_ENTRY_DETECTED_AT_SWEEP_RESOLUTION_DELTA,1.0044921875,BINDING_VMIN,18,1.0044921875,-1097.42190076,-1865.96337308,0.900004566507,18,1,1,CONVERGED_FEASIBLE,1.00458984375,-1097.5213457,-1866.13323633,0.899995874994,18,1,1,CONVERGED_INFEASIBLE,41,9,0,0.19683195678
12,2011-03-08 11:30:00,BASE,240,NaN,NaN,BASE_PREREGISTERED,RAY_CERTIFIED_BOUNDARY,NO_RE_ENTRY_DETECTED_AT_SWEEP_RESOLUTION_DELTA,0.972265625,BINDING_VMIN,33,0.972265625,-844.671966553,-2030.63153239,0.900000480412,33,1,1,CONVERGED_FEASIBLE,0.97236328125,-844.749320984,-2030.82356549,0.89999141623,33,1,1,CONVERGED_INFEASIBLE,41,9,0,0.207027580486
12,2011-03-08 11:30:00,BASE,250,NaN,NaN,BASE_PREREGISTERED,RAY_CERTIFIED_BOUNDARY,NO_RE_ENTRY_DETECTED_AT_SWEEP_RESOLUTION_DELTA,0.9490234375,BINDING_VMIN,33,0.9490234375,-588.745102265,-2143.67139801,0.900004232798,33,1,1,CONVERGED_FEASIBLE,0.94912109375,-588.798015812,-2143.87976613,0.899994954266,33,1,1,CONVERGED_INFEASIBLE,41,9,0,0.214981667248
12,2011-03-08 11:30:00,BASE,260,NaN,NaN,BASE_PREREGISTERED,RAY_CERTIFIED_BOUNDARY,NO_RE_ENTRY_DETECTED_AT_SWEEP_RESOLUTION_DELTA,0.95361328125,BINDING_VMIN,33,0.95361328125,-336.867115759,-2251.15241234,0.900004903523,33,1,1,CONVERGED_FEASIBLE,0.9537109375,-336.893980671,-2251.37078432,0.899995658398,33,1,1,CONVERGED_INFEASIBLE,41,9,0,0.220018286473
12,2011-03-08 11:30:00,BASE,270,NaN,NaN,BASE_PREREGISTERED,RAY_CERTIFIED_BOUNDARY,NO_RE_ENTRY_DETECTED_AT_SWEEP_RESOLUTION_DELTA,0.98681640625,BINDING_VMIN,33,0.98681640625,-74.53125,-2359.44000244,0.900001704657,33,1,1,CONVERGED_FEASIBLE,0.9869140625,-74.53125,-2359.66174316,0.899992742665,33,1,1,CONVERGED_INFEASIBLE,41,9,0,0.221740722656
12,2011-03-08 11:30:00,BASE,280,NaN,NaN,BASE_PREREGISTERED,RAY_CERTIFIED_BOUNDARY,NO_RE_ENTRY_DETECTED_AT_SWEEP_RESOLUTION_DELTA,1.05361328125,BINDING_VMIN,33,1.05361328125,215.314285656,-2474.76532276,0.900006002759,33,1,1,CONVERGED_FEASIBLE,1.0537109375,215.341150568,-2474.98369474,0.899997565463,33,1,1,CONVERGED_INFEASIBLE,41,9,0,0.220018286473
12,2011-03-08 11:30:00,BASE,290,NaN,NaN,BASE_PREREGISTERED,RAY_CERTIFIED_BOUNDARY,NO_RE_ENTRY_DETECTED_AT_SWEEP_RESOLUTION_DELTA,1.165625,BINDING_VMIN,33,1.165625,557.044850086,-2605.83188996,0.900001697225,33,1,1,CONVERGED_FEASIBLE,1.16572265625,557.097763633,-2606.04025808,0.899994007153,33,1,1,CONVERGED_INFEASIBLE,41,9,0,0.214981667248
12,2011-03-08 11:30:00,BASE,300,NaN,NaN,BASE_PREREGISTERED,RAY_CERTIFIED_BOUNDARY,NO_RE_ENTRY_DETECTED_AT_SWEEP_RESOLUTION_DELTA,1.345703125,BINDING_VMIN,33,1.345703125,991.412811279,-2764.96610248,0.900001362986,33,1,1,CONVERGED_FEASIBLE,1.34580078125,991.49016571,-2765.15813558,0.899994613902,33,1,1,CONVERGED_INFEASIBLE,41,9,0,0.207027580486
12,2011-03-08 11:30:00,BASE,310,NaN,NaN,BASE_PREREGISTERED,RAY_CERTIFIED_BOUNDARY,NO_RE_ENTRY_DETECTED_AT_SWEEP_RESOLUTION_DELTA,1.641796875,BINDING_VMIN,33,1.641796875,1597.33707789,-2974.49093217,0.900006241635,33,1.00995468083,13,CONVERGED_FEASIBLE,1.6419921875,1597.53596777,-2974.83065866,0.899994930491,33,1.00995704265,13,CONVERGED_INFEASIBLE,41,8,0,0.39366391356
12,2011-03-08 11:30:00,BASE,320,NaN,NaN,BASE_PREREGISTERED,RAY_UNBOUNDED_WITHIN_GUARD,NO_RE_ENTRY_DETECTED_AT_SWEEP_RESOLUTION_DELTA,NaN,RAY_UNBOUNDED_WITHIN_GUARD,,NaN,NaN,NaN,NaN,,NaN,,,NaN,NaN,NaN,NaN,,NaN,,,41,0,0,NaN
12,2011-03-08 11:30:00,BASE,330,NaN,NaN,BASE_PREREGISTERED,RAY_CERTIFIED_BOUNDARY,NO_RE_ENTRY_DETECTED_AT_SWEEP_RESOLUTION_DELTA,1.676953125,BINDING_VMAX,13,1.676953125,2226.20430454,-2022.61584473,0.945143397262,33,1.04999225875,13,CONVERGED_FEASIBLE,1.67734375,2226.74023176,-2023.05932617,0.945133627373,33,1.05000608305,13,CONVERGED_INFEASIBLE,41,7,0,0.69562473881
12,2011-03-08 11:30:00,BASE,340,NaN,NaN,BASE_PREREGISTERED,RAY_CERTIFIED_BOUNDARY,NO_RE_ENTRY_DETECTED_AT_SWEEP_RESOLUTION_DELTA,1.3265625,BINDING_VMAX,13,1.3265625,1900.29404696,-1148.95775822,0.972012787053,33,1.04999383235,13,CONVERGED_FEASIBLE,1.3267578125,1900.58480451,-1149.10943781,0.972011090891,33,1.05000295185,13,CONVERGED_INFEASIBLE,41,8,0,0.327943061565
12,2011-03-08 11:30:00,BASE,350,NaN,NaN,BASE_PREREGISTERED,RAY_CERTIFIED_BOUNDARY,NO_RE_ENTRY_DETECTED_AT_SWEEP_RESOLUTION_DELTA,1.1357421875,BINDING_VMAX,13,1.1357421875,1697.39795448,-566.561666056,0.9889107545,33,1.04999518411,13,CONVERGED_FEASIBLE,1.1359375,1697.70267145,-566.638675801,0.98891183891,33,1.05000601517,13,CONVERGED_INFEASIBLE,41,8,0,0.314297526412
13,2011-05-16 07:30:00,BASE,0,NaN,NaN,BASE_PREREGISTERED,RAY_CERTIFIED_BOUNDARY,NO_RE_ENTRY_DETECTED_AT_SWEEP_RESOLUTION_DELTA,0.9166015625,BINDING_VMAX,13,0.9166015625,1761.2960968,405.859375,0.995621834763,25,1.04999453434,13,CONVERGED_FEASIBLE,0.916796875,1761.60702515,405.859375,0.995622810702,25,1.05000662599,13,CONVERGED_INFEASIBLE,41,8,0,0.310928344726
13,2011-05-16 07:30:00,BASE,10,NaN,NaN,BASE_PREREGISTERED,RAY_CERTIFIED_BOUNDARY,NO_RE_ENTRY_DETECTED_AT_SWEEP_RESOLUTION_DELTA,0.8615234375,BINDING_VMAX,13,0.8615234375,1652.77806197,748.132330945,0.996474222385,25,1.04999526871,13,CONVERGED_FEASIBLE,0.86171875,1653.08426661,748.209926265,0.996475451229,25,1.05000818033,13,CONVERGED_INFEASIBLE,41,8,0,0.315883393027
13,2011-05-16 07:30:00,BASE,20,NaN,NaN,BASE_PREREGISTERED,RAY_CERTIFIED_BOUNDARY,NO_RE_ENTRY_DETECTED_AT_SWEEP_RESOLUTION_DELTA,0.8380859375,BINDING_VMAX,13,0.8380859375,1555.84118723,1061.6655429,0.997237189263,25,1.04999335371,13,CONVERGED_FEASIBLE,0.83828125,1556.1333643,1061.81837584,0.99723862213,25,1.05000664745,13,CONVERGED_INFEASIBLE,41,8,0,0.329735272662
13,2011-05-16 07:30:00,BASE,30,NaN,NaN,BASE_PREREGISTERED,RAY_CERTIFIED_BOUNDARY,NO_RE_ENTRY_DETECTED_AT_SWEEP_RESOLUTION_DELTA,0.84208984375,BINDING_VMAX,13,0.84208984375,1463.07493597,1369.16410446,0.997970082456,25,1.04999433639,13,CONVERGED_FEASIBLE,0.8421875,1463.20957189,1369.27581787,0.997970874162,25,1.05000095272,13,CONVERGED_INFEASIBLE,41,9,0,0.174947756521
13,2011-05-16 07:30:00,BASE,40,NaN,NaN,BASE_PREREGISTERED,RAY_CERTIFIED_BOUNDARY,NO_RE_ENTRY_DETECTED_AT_SWEEP_RESOLUTION_DELTA,0.87412109375,BINDING_VMAX,13,0.87412109375,1368.10603229,1691.36610889,0.998337773745,22,1.04999452436,13,CONVERGED_FEASIBLE,0.87421875,1368.22512475,1691.50972488,0.998337904967,22,1.05000089024,13,CONVERGED_INFEASIBLE,41,9,0,0.186570544628
13,2011-05-16 07:30:00,BASE,50,NaN,NaN,BASE_PREREGISTERED,RAY_CERTIFIED_BOUNDARY,NO_RE_ENTRY_DETECTED_AT_SWEEP_RESOLUTION_DELTA,0.9400390625,BINDING_VMAX,13,0.9400390625,1264.03982649,2053.39618271,0.99846716228,22,1.04999578192,13,CONVERGED_FEASIBLE,0.940234375,1264.23968738,2053.73849246,0.998467429618,22,1.05000758569,13,CONVERGED_INFEASIBLE,41,8,0,0.396384077108
13,2011-05-16 07:30:00,BASE,60,NaN,NaN,BASE_PREREGISTERED,RAY_CERTIFIED_BOUNDARY,NO_RE_ENTRY_DETECTED_AT_SWEEP_RESOLUTION_DELTA,0.92197265625,BINDING_VMAX,30,0.92197265625,1035.97800064,2232.62962982,0.998441707636,22,1.04999507477,30,CONVERGED_FEASIBLE,0.9220703125,1036.05573273,2232.82312313,0.998441841506,22,1.05000126528,30,CONVERGED_INFEASIBLE,41,9,0,0.208523223545
13,2011-05-16 07:30:00,BASE,70,NaN,NaN,BASE_PREREGISTERED,RAY_CERTIFIED_BOUNDARY,NO_RE_ENTRY_DETECTED_AT_SWEEP_RESOLUTION_DELTA,0.8982421875,BINDING_VMAX,30,0.8982421875,791.184313569,2337.00277314,0.998368260909,22,1.04999802103,30,CONVERGED_FEASIBLE,0.89833984375,791.237485447,2337.21272567,0.998368391105,22,1.05000437839,30,CONVERGED_INFEASIBLE,41,9,0,0.21658096583
13,2011-05-16 07:30:00,BASE,80,NaN,NaN,BASE_PREREGISTERED,RAY_CERTIFIED_BOUNDARY,NO_RE_ENTRY_DETECTED_AT_SWEEP_RESOLUTION_DELTA,0.903515625,BINDING_VMAX,30,0.903515625,551.877016707,2441.59972667,0.998294717744,22,1.04999769736,30,CONVERGED_FEASIBLE,0.90361328125,551.904012777,2441.81975914,0.998294839699,22,1.05000401324,30,CONVERGED_INFEASIBLE,41,9,0,0.221682369104
13,2011-05-16 07:30:00,BASE,90,NaN,NaN,BASE_PREREGISTERED,RAY_CERTIFIED_BOUNDARY,NO_RE_ENTRY_DETECTED_AT_SWEEP_RESOLUTION_DELTA,0.93876953125,BINDING_VMAX,30,0.93876953125,302.109375,2553.66138458,0.997945223105,25,1.04999485429,30,CONVERGED_FEASIBLE,0.9388671875,302.109375,2553.8848114,0.997945921431,25,1.05000092023,30,CONVERGED_INFEASIBLE,41,9,0,0.223426818848
13,2011-05-16 07:30:00,BASE,100,NaN,NaN,BASE_PREREGISTERED,RAY_CERTIFIED_BOUNDARY,NO_RE_ENTRY_DETECTED_AT_SWEEP_RESOLUTION_DELTA,1.01064453125,BINDING_VMAX,30,1.01064453125,22.7270442582,2682.97533906,0.997368846728,25,1.04999519528,30,CONVERGED_FEASIBLE,1.0107421875,22.700048188,2683.19537152,0.997369438009,25,1.05000080663,30,CONVERGED_INFEASIBLE,41,9,0,0.221682369104
13,2011-05-16 07:30:00,BASE,110,NaN,NaN,BASE_PREREGISTERED,RAY_CERTIFIED_BOUNDARY,NO_RE_ENTRY_DETECTED_AT_SWEEP_RESOLUTION_DELTA,1.134765625,BINDING_VMAX,30,1.134765625,-315.747853329,2845.50780796,0.988550769823,18,1.04999667084,30,CONVERGED_FEASIBLE,1.1349609375,-315.854197086,2845.92771302,0.988550735875,18,1.05000658675,30,CONVERGED_INFEASIBLE,41,8,0,0.433161931659
13,2011-05-16 07:30:00,BASE,120,NaN,NaN,BASE_PREREGISTERED,RAY_CERTIFIED_BOUNDARY,NO_RE_ENTRY_DETECTED_AT_SWEEP_RESOLUTION_DELTA,1.346875,BINDING_VMAX,30,1.346875,-769.971557617,3074.51898251,0.969581670869,18,1.04999520023,30,CONVERGED_FEASIBLE,1.3470703125,-770.12702179,3074.90596912,0.969578649602,18,1.05000341408,30,CONVERGED_INFEASIBLE,41,8,0,0.417046447089
13,2011-05-16 07:30:00,BASE,130,NaN,NaN,BASE_PREREGISTERED,RAY_CERTIFIED_BOUNDARY,NO_RE_ENTRY_DETECTED_AT_SWEEP_RESOLUTION_DELTA,1.7447265625,BINDING_VMAX,30,1.7447265625,-1483.24793295,3463.71233641,0.937696829751,18,1.04999441939,30,CONVERGED_FEASIBLE,1.744921875,-1483.44779384,3464.05464616,0.937690273346,18,1.05000047204,30,CONVERGED_INFEASIBLE,41,8,0,0.396384077108
13,2011-05-16 07:30:00,BASE,140,NaN,NaN,BASE_PREREGISTERED,RAY_CERTIFIED_BOUNDARY,NO_RE_ENTRY_DETECTED_AT_SWEEP_RESOLUTION_DELTA,1.9830078125,BINDING_VMIN,18,1.9830078125,-2116.18222625,3322.12568473,0.900008143239,18,1.03593895513,30,CONVERGED_FEASIBLE,1.983203125,-2116.42041119,3322.41291671,0.899997645234,18,1.03594269655,30,CONVERGED_INFEASIBLE,41,8,0,0.373141089255
13,2011-05-16 07:30:00,BASE,150,NaN,NaN,BASE_PREREGISTERED,RAY_CERTIFIED_BOUNDARY,NO_RE_ENTRY_DETECTED_AT_SWEEP_RESOLUTION_DELTA,1.5681640625,BINDING_VMIN,18,1.5681640625,-1859.87427083,2199.75330353,0.900002234682,18,1.00870513312,30,CONVERGED_FEASIBLE,1.56826171875,-1860.00890675,2199.86501694,0.899995868707,18,1.00870606713,30,CONVERGED_INFEASIBLE,41,9,0,0.17494775652
13,2011-05-16 07:30:00,BASE,160,NaN,NaN,BASE_PREREGISTERED,RAY_CERTIFIED_BOUNDARY,NO_RE_ENTRY_DETECTED_AT_SWEEP_RESOLUTION_DELTA,1.3208984375,BINDING_VMIN,18,1.3208984375,-1673.88415707,1439.46858346,0.900009450977,18,1,1,CONVERGED_FEASIBLE,1.32109375,-1674.17633414,1439.6214164,0.899994694692,18,1,1,CONVERGED_INFEASIBLE,41,8,0,0.329735272662
13,2011-05-16 07:30:00,BASE,170,NaN,NaN,BASE_PREREGISTERED,RAY_CERTIFIED_BOUNDARY,NO_RE_ENTRY_DETECTED_AT_SWEEP_RESOLUTION_DELTA,1.16689453125,BINDING_VMIN,18,1.16689453125,-1527.31027367,869.452613561,0.900003819388,18,1,1,CONVERGED_FEASIBLE,1.1669921875,-1527.46337599,869.491411221,0.899995589171,18,1,1,CONVERGED_INFEASIBLE,41,9,0,0.157941696514
13,2011-05-16 07:30:00,BASE,180,NaN,NaN,BASE_PREREGISTERED,RAY_CERTIFIED_BOUNDARY,NO_RE_ENTRY_DETECTED_AT_SWEEP_RESOLUTION_DELTA,1.07099609375,BINDING_VMIN,18,1.07099609375,-1402.86620331,405.859375,0.900006116089,18,1,1,CONVERGED_FEASIBLE,1.07109375,-1403.02166748,405.859375,0.899997233143,18,1,1,CONVERGED_INFEASIBLE,41,9,0,0.155464172363
13,2011-05-16 07:30:00,BASE,190,NaN,NaN,BASE_PREREGISTERED,RAY_CERTIFIED_BOUNDARY,NO_RE_ENTRY_DETECTED_AT_SWEEP_RESOLUTION_DELTA,1.0158203125,BINDING_VMIN,18,1.0158203125,-1290.46098114,2.28611635806,0.90000783548,18,1,1,CONVERGED_FEASIBLE,1.01591796875,-1290.61408346,2.24731869812,0.899998525461,18,1,1,CONVERGED_INFEASIBLE,41,9,0,0.157941696514
13,2011-05-16 07:30:00,BASE,200,NaN,NaN,BASE_PREREGISTERED,RAY_CERTIFIED_BOUNDARY,NO_RE_ENTRY_DETECTED_AT_SWEEP_RESOLUTION_DELTA,0.99267578125,BINDING_VMIN,18,0.99267578125,-1182.88058903,-370.914069031,0.900008065678,18,1,1,CONVERGED_FEASIBLE,0.9927734375,-1183.02667757,-370.990485503,0.899998569524,18,1,1,CONVERGED_INFEASIBLE,41,9,0,0.164867636331
13,2011-05-16 07:30:00,BASE,210,NaN,NaN,BASE_PREREGISTERED,RAY_CERTIFIED_BOUNDARY,NO_RE_ENTRY_DETECTED_AT_SWEEP_RESOLUTION_DELTA,0.99814453125,BINDING_VMIN,18,0.99814453125,-1074.00439035,-735.963382721,0.900006476635,18,1,1,CONVERGED_FEASIBLE,0.9982421875,-1074.13902628,-736.07509613,0.899997039689,18,1,1,CONVERGED_INFEASIBLE,41,9,0,0.174947756521
13,2011-05-16 07:30:00,BASE,220,NaN,NaN,BASE_PREREGISTERED,RAY_CERTIFIED_BOUNDARY,NO_RE_ENTRY_DETECTED_AT_SWEEP_RESOLUTION_DELTA,1.0328125,BINDING_VMIN,18,1.0328125,-957.412538467,-1113.02334399,0.900004447815,18,1,1,CONVERGED_FEASIBLE,1.03291015625,-957.531630933,-1113.16695998,0.899995308433,18,1,1,CONVERGED_INFEASIBLE,41,9,0,0.186570544628
13,2011-05-16 07:30:00,BASE,230,NaN,NaN,BASE_PREREGISTERED,RAY_CERTIFIED_BOUNDARY,NO_RE_ENTRY_DETECTED_AT_SWEEP_RESOLUTION_DELTA,1.0998046875,BINDING_VMIN,33,1.0998046875,-823.307282459,-1521.68680497,0.900008877475,33,1,1,CONVERGED_FEASIBLE,1.1,-823.507143347,-1522.02911472,0.899991801139,33,1,1,CONVERGED_INFEASIBLE,41,8,0,0.396384077109
13,2011-05-16 07:30:00,BASE,240,NaN,NaN,BASE_PREREGISTERED,RAY_CERTIFIED_BOUNDARY,NO_RE_ENTRY_DETECTED_AT_SWEEP_RESOLUTION_DELTA,1.04091796875,BINDING_VMIN,33,1.04091796875,-526.43693161,-1656.58572045,0.900001901162,33,1,1,CONVERGED_FEASIBLE,1.041015625,-526.514663696,-1656.77921375,0.899992910642,33,1,1,CONVERGED_INFEASIBLE,41,9,0,0.208523223544
13,2011-05-16 07:30:00,BASE,250,NaN,NaN,BASE_PREREGISTERED,RAY_CERTIFIED_BOUNDARY,NO_RE_ENTRY_DETECTED_AT_SWEEP_RESOLUTION_DELTA,1.01513671875,BINDING_VMIN,33,1.01513671875,-250.61230215,-1776.59720509,0.900008375458,33,1,1,CONVERGED_FEASIBLE,1.015234375,-250.665474028,-1776.80715762,0.899999163384,33,1,1,CONVERGED_INFEASIBLE,41,9,0,0.216580965829
13,2011-05-16 07:30:00,BASE,260,NaN,NaN,BASE_PREREGISTERED,RAY_CERTIFIED_BOUNDARY,NO_RE_ENTRY_DETECTED_AT_SWEEP_RESOLUTION_DELTA,1.019140625,BINDING_VMIN,33,1.019140625,20.3783861488,-1890.39941338,0.900007362834,33,1,1,CONVERGED_FEASIBLE,1.01923828125,20.3513900786,-1890.61944584,0.899998173774,33,1,1,CONVERGED_INFEASIBLE,41,9,0,0.221682369104
13,2011-05-16 07:30:00,BASE,270,NaN,NaN,BASE_PREREGISTERED,RAY_CERTIFIED_BOUNDARY,NO_RE_ENTRY_DETECTED_AT_SWEEP_RESOLUTION_DELTA,1.053515625,BINDING_VMIN,33,1.053515625,302.109375,-2004.46914673,0.900009541139,33,1,1,CONVERGED_FEASIBLE,1.0537109375,302.109375,-2004.91600037,0.899991703712,33,1,1,CONVERGED_INFEASIBLE,41,8,0,0.446853637695
13,2011-05-16 07:30:00,BASE,280,NaN,NaN,BASE_PREREGISTERED,RAY_CERTIFIED_BOUNDARY,NO_RE_ENTRY_DETECTED_AT_SWEEP_RESOLUTION_DELTA,1.1236328125,BINDING_VMIN,33,1.1236328125,612.72615899,-2125.83414925,0.900006190421,33,1,1,CONVERGED_FEASIBLE,1.12373046875,612.75315506,-2126.05418171,0.899997781634,33,1,1,CONVERGED_INFEASIBLE,41,9,0,0.221682369104
13,2011-05-16 07:30:00,BASE,290,NaN,NaN,BASE_PREREGISTERED,RAY_CERTIFIED_BOUNDARY,NO_RE_ENTRY_DETECTED_AT_SWEEP_RESOLUTION_DELTA,1.24130859375,BINDING_VMIN,33,1.24130859375,977.977122788,-2262.84727141,0.900005522228,33,1,1,CONVERGED_FEASIBLE,1.24140625,978.030294666,-2263.05722395,0.899997844819,33,1,1,CONVERGED_INFEASIBLE,41,9,0,0.21658096583
13,2011-05-16 07:30:00,BASE,300,NaN,NaN,BASE_PREREGISTERED,RAY_CERTIFIED_BOUNDARY,NO_RE_ENTRY_DETECTED_AT_SWEEP_RESOLUTION_DELTA,1.43046875,BINDING_VMIN,33,1.43046875,1440.72897339,-2428.43049818,0.90000647601,33,1,1,CONVERGED_FEASIBLE,1.4306640625,1440.88443756,-2428.81748478,0.899992970054,33,1,1,CONVERGED_INFEASIBLE,41,8,0,0.417046447089
13,2011-05-16 07:30:00,BASE,310,NaN,NaN,BASE_PREREGISTERED,RAY_CERTIFIED_BOUNDARY,NO_RE_ENTRY_DETECTED_AT_SWEEP_RESOLUTION_DELTA,1.7408203125,BINDING_VMIN,33,1.7408203125,2083.4694652,-2645.14739149,0.90000867325,33,1.01882519573,13,CONVERGED_FEASIBLE,1.741015625,2083.66932609,-2645.48970124,0.899997321898,33,1.01882744197,13,CONVERGED_INFEASIBLE,41,8,0,0.396384077109
13,2011-05-16 07:30:00,BASE,320,NaN,NaN,BASE_PREREGISTERED,RAY_UNBOUNDED_WITHIN_GUARD,NO_RE_ENTRY_DETECTED_AT_SWEEP_RESOLUTION_DELTA,NaN,RAY_UNBOUNDED_WITHIN_GUARD,,NaN,NaN,NaN,NaN,,NaN,,,NaN,NaN,NaN,NaN,,NaN,,,41,0,0,NaN
13,2011-05-16 07:30:00,BASE,330,NaN,NaN,BASE_PREREGISTERED,RAY_CERTIFIED_BOUNDARY,NO_RE_ENTRY_DETECTED_AT_SWEEP_RESOLUTION_DELTA,1.48515625,BINDING_VMAX,13,1.48515625,2349.65248658,-1293.07815552,0.95453858127,33,1.04999941163,13,CONVERGED_FEASIBLE,1.4853515625,2349.92175843,-1293.30158234,0.954533908886,33,1.05000646122,13,CONVERGED_INFEASIBLE,41,8,0,0.349895513041
13,2011-05-16 07:30:00,BASE,340,NaN,NaN,BASE_PREREGISTERED,RAY_CERTIFIED_BOUNDARY,NO_RE_ENTRY_DETECTED_AT_SWEEP_RESOLUTION_DELTA,1.18203125,BINDING_VMAX,13,1.18203125,2070.3650095,-519.085609412,0.977600327286,33,1.04999007446,13,CONVERGED_FEASIBLE,1.182421875,2070.94936364,-519.391275302,0.977597064732,33,1.05000842575,13,CONVERGED_INFEASIBLE,41,7,0,0.659470545323
13,2011-05-16 07:30:00,BASE,350,NaN,NaN,BASE_PREREGISTERED,RAY_CERTIFIED_BOUNDARY,NO_RE_ENTRY_DETECTED_AT_SWEEP_RESOLUTION_DELTA,1.01484375,BINDING_VMAX,13,1.01484375,1893.14870792,2.6740929574,0.992398571079,33,1.04999682092,13,CONVERGED_FEASIBLE,1.0150390625,1893.45491256,2.59649763753,0.99239965606,33,1.05000766522,13,CONVERGED_INFEASIBLE,41,8,0,0.315883393027
14,2011-03-08 12:30:00,BASE,0,NaN,NaN,BASE_PREREGISTERED,RAY_CERTIFIED_BOUNDARY,NO_RE_ENTRY_DETECTED_AT_SWEEP_RESOLUTION_DELTA,1.01640625,BINDING_VMAX,13,1.01640625,1563.81384277,-80.390625,0.999141786551,22,1.04999342219,13,CONVERGED_FEASIBLE,1.0166015625,1564.12338257,-80.390625,0.999141940543,22,1.0500055273,13,CONVERGED_INFEASIBLE,41,8,0,0.309539794922
14,2011-03-08 12:30:00,BASE,10,NaN,NaN,BASE_PREREGISTERED,RAY_CERTIFIED_BOUNDARY,NO_RE_ENTRY_DETECTED_AT_SWEEP_RESOLUTION_DELTA,0.9544921875,BINDING_VMAX,13,0.9544921875,1442.70809707,296.176129054,0.999291370222,22,1.04999290699,13,CONVERGED_FEASIBLE,0.9546875,1443.01293426,296.253183843,0.99929156426,22,1.05000584884,13,CONVERGED_INFEASIBLE,41,8,0,0.314425114874
14,2011-03-08 12:30:00,BASE,20,NaN,NaN,BASE_PREREGISTERED,RAY_CERTIFIED_BOUNDARY,NO_RE_ENTRY_DETECTED_AT_SWEEP_RESOLUTION_DELTA,0.928125,BINDING_VMAX,13,0.928125,1335.19373488,640.812371351,0.99942489906,22,1.04999965955,13,CONVERGED_FEASIBLE,0.92822265625,1335.33917101,640.888255504,0.999425012134,22,1.05000632659,13,CONVERGED_INFEASIBLE,41,9,0,0.164042899418
14,2011-03-08 12:30:00,BASE,30,NaN,NaN,BASE_PREREGISTERED,RAY_CERTIFIED_BOUNDARY,NO_RE_ENTRY_DETECTED_AT_SWEEP_RESOLUTION_DELTA,0.93212890625,BINDING_VMAX,13,0.93212890625,1232.32960778,978.485965729,0.999552555619,22,1.04999593191,13,CONVERGED_FEASIBLE,0.9322265625,1232.46364245,978.59690094,0.999552680445,22,1.05000257077,13,CONVERGED_INFEASIBLE,41,9,0,0.173988252333
14,2011-03-08 12:30:00,BASE,40,NaN,NaN,BASE_PREREGISTERED,RAY_CERTIFIED_BOUNDARY,NO_RE_ENTRY_DETECTED_AT_SWEEP_RESOLUTION_DELTA,0.9673828125,BINDING_VMAX,13,0.9673828125,1127.43025085,1332.35909702,0.99968333199,22,1.04999788872,13,CONVERGED_FEASIBLE,0.96748046875,1127.54881147,1332.50171257,0.999683463944,22,1.05000427682,13,CONVERGED_INFEASIBLE,41,9,0,0.185461095937
14,2011-03-08 12:30:00,BASE,50,NaN,NaN,BASE_PREREGISTERED,RAY_CERTIFIED_BOUNDARY,NO_RE_ENTRY_DETECTED_AT_SWEEP_RESOLUTION_DELTA,1.040234375,BINDING_VMAX,13,1.040234375,1012.67415483,1730.05103434,0.9998267016,22,1.04999838919,13,CONVERGED_FEASIBLE,1.04033203125,1012.77363901,1730.22099694,0.999826835797,22,1.05000431045,13,CONVERGED_INFEASIBLE,41,9,0,0.196937521497
14,2011-03-08 12:30:00,BASE,60,NaN,NaN,BASE_PREREGISTERED,RAY_CERTIFIED_BOUNDARY,NO_RE_ENTRY_DETECTED_AT_SWEEP_RESOLUTION_DELTA,0.9892578125,BINDING_VMAX,30,0.9892578125,736.87828064,1866.04250102,0.999755024268,22,1.04999245177,30,CONVERGED_FEASIBLE,0.989453125,737.033050537,1866.42679187,0.999755294368,22,1.05000487466,30,CONVERGED_INFEASIBLE,41,8,0,0.414286343148
14,2011-03-08 12:30:00,BASE,70,NaN,NaN,BASE_PREREGISTERED,RAY_CERTIFIED_BOUNDARY,NO_RE_ENTRY_DETECTED_AT_SWEEP_RESOLUTION_DELTA,0.96435546875,BINDING_VMAX,30,0.96435546875,475.696172307,1978.44811182,0.999675470282,22,1.04999467477,30,CONVERGED_FEASIBLE,0.964453125,475.749106729,1978.65660182,0.999675601617,22,1.0500010505,30,CONVERGED_INFEASIBLE,41,9,0,0.215104933998
14,2011-03-08 12:30:00,BASE,80,NaN,NaN,BASE_PREREGISTERED,RAY_CERTIFIED_BOUNDARY,NO_RE_ENTRY_DETECTED_AT_SWEEP_RESOLUTION_DELTA,0.970703125,BINDING_VMAX,30,0.970703125,220.111325879,2091.49651335,0.999595629367,22,1.0499949997,30,CONVERGED_FEASIBLE,0.9708984375,220.1650769,2091.93351277,0.999595875299,22,1.05000765916,30,CONVERGED_INFEASIBLE,41,8,0,0.440292708383
14,2011-03-08 12:30:00,BASE,90,NaN,NaN,BASE_PREREGISTERED,RAY_CERTIFIED_BOUNDARY,NO_RE_ENTRY_DETECTED_AT_SWEEP_RESOLUTION_DELTA,1.0095703125,BINDING_VMAX,30,1.0095703125,-47.03125,2213.30580139,0.999510064037,22,1.04999937954,30,CONVERGED_FEASIBLE,1.00966796875,-47.03125,2213.52767181,0.999510174167,22,1.05000545276,30,CONVERGED_INFEASIBLE,41,9,0,0.221870422364
14,2011-03-08 12:30:00,BASE,100,NaN,NaN,BASE_PREREGISTERED,RAY_CERTIFIED_BOUNDARY,NO_RE_ENTRY_DETECTED_AT_SWEEP_RESOLUTION_DELTA,1.0880859375,BINDING_VMAX,30,1.0880859375,-346.478189682,2354.1331673,0.997745866626,18,1.04999726376,30,CONVERGED_FEASIBLE,1.08828125,-346.531940704,2354.57016673,0.997748555041,18,1.05000848318,30,CONVERGED_INFEASIBLE,41,8,0,0.440292708383
14,2011-03-08 12:30:00,BASE,110,NaN,NaN,BASE_PREREGISTERED,RAY_CERTIFIED_BOUNDARY,NO_RE_ENTRY_DETECTED_AT_SWEEP_RESOLUTION_DELTA,1.223828125,BINDING_VMAX,30,1.223828125,-710.405432921,2532.40603828,0.982863629797,18,1.0499979897,30,CONVERGED_FEASIBLE,1.2240234375,-710.511301767,2532.82301827,0.982863554204,18,1.05000787754,30,CONVERGED_INFEASIBLE,41,8,0,0.430209867995
14,2011-03-08 12:30:00,BASE,120,NaN,NaN,BASE_PREREGISTERED,RAY_CERTIFIED_BOUNDARY,NO_RE_ENTRY_DETECTED_AT_SWEEP_RESOLUTION_DELTA,1.45703125,BINDING_VMAX,30,1.45703125,-1201.61468506,2786.41907296,0.961805695276,18,1.04999486514,30,CONVERGED_FEASIBLE,1.4572265625,-1201.76945496,2786.8033638,0.961802531787,18,1.05000301237,30,CONVERGED_INFEASIBLE,41,8,0,0.414286343148
14,2011-03-08 12:30:00,BASE,130,NaN,NaN,BASE_PREREGISTERED,RAY_CERTIFIED_BOUNDARY,NO_RE_ENTRY_DETECTED_AT_SWEEP_RESOLUTION_DELTA,1.9017578125,BINDING_VMAX,30,1.9017578125,-1984.3860241,3229.4611281,0.925514574567,18,1.04999553768,30,CONVERGED_FEASIBLE,1.901953125,-1984.58499245,3229.80105331,0.92550763568,18,1.05000144151,30,CONVERGED_INFEASIBLE,41,8,0,0.393875042995
14,2011-03-08 12:30:00,BASE,140,NaN,NaN,BASE_PREREGISTERED,RAY_CERTIFIED_BOUNDARY,NO_RE_ENTRY_DETECTED_AT_SWEEP_RESOLUTION_DELTA,1.841015625,BINDING_VMIN,18,1.841015625,-2282.13605658,2608.19788292,0.900007942716,18,1.02797571512,30,CONVERGED_FEASIBLE,1.8412109375,-2282.37317782,2608.48311404,0.899997526405,18,1.02797958436,30,CONVERGED_INFEASIBLE,41,8,0,0.370922191874
14,2011-03-08 12:30:00,BASE,150,NaN,NaN,BASE_PREREGISTERED,RAY_CERTIFIED_BOUNDARY,NO_RE_ENTRY_DETECTED_AT_SWEEP_RESOLUTION_DELTA,1.4505859375,BINDING_VMIN,18,1.4505859375,-2037.98213334,1567.44100189,0.90000612385,18,1.00207031265,30,CONVERGED_FEASIBLE,1.45078125,-2038.25020267,1567.66287231,0.899993428058,18,1.00207225143,30,CONVERGED_INFEASIBLE,41,8,0,0.347976504667
14,2011-03-08 12:30:00,BASE,160,NaN,NaN,BASE_PREREGISTERED,RAY_CERTIFIED_BOUNDARY,NO_RE_ENTRY_DETECTED_AT_SWEEP_RESOLUTION_DELTA,1.21923828125,BINDING_VMIN,18,1.21923828125,-1862.80134009,867.0230334,0.900002790367,18,1,1,CONVERGED_FEASIBLE,1.2193359375,-1862.94677622,867.098917554,0.899995408124,18,1,1,CONVERGED_INFEASIBLE,41,9,0,0.164042899418
14,2011-03-08 12:30:00,BASE,170,NaN,NaN,BASE_PREREGISTERED,RAY_CERTIFIED_BOUNDARY,NO_RE_ENTRY_DETECTED_AT_SWEEP_RESOLUTION_DELTA,1.075390625,BINDING_VMIN,18,1.075390625,-1725.46481762,343.873043472,0.900002065011,18,1,1,CONVERGED_FEASIBLE,1.07548828125,-1725.61723621,343.911570866,0.899993810543,18,1,1,CONVERGED_INFEASIBLE,41,9,0,0.157212557437
14,2011-03-08 12:30:00,BASE,180,NaN,NaN,BASE_PREREGISTERED,RAY_CERTIFIED_BOUNDARY,NO_RE_ENTRY_DETECTED_AT_SWEEP_RESOLUTION_DELTA,0.9859375,BINDING_VMIN,18,0.9859375,-1609.58813477,-80.390625,0.90000327161,18,1,1,CONVERGED_FEASIBLE,0.98603515625,-1609.74290466,-80.390625,0.899994346916,18,1,1,CONVERGED_INFEASIBLE,41,9,0,0.154769897461
14,2011-03-08 12:30:00,BASE,190,NaN,NaN,BASE_PREREGISTERED,RAY_CERTIFIED_BOUNDARY,NO_RE_ENTRY_DETECTED_AT_SWEEP_RESOLUTION_DELTA,0.934375,BINDING_VMIN,18,0.934375,-1505.3723665,-449.020735782,0.900004602724,18,1,1,CONVERGED_FEASIBLE,0.93447265625,-1505.5247851,-449.059263177,0.899995236885,18,1,1,CONVERGED_INFEASIBLE,41,9,0,0.157212557437
14,2011-03-08 12:30:00,BASE,200,NaN,NaN,BASE_PREREGISTERED,RAY_CERTIFIED_BOUNDARY,NO_RE_ENTRY_DETECTED_AT_SWEEP_RESOLUTION_DELTA,0.9125,BINDING_VMIN,18,0.9125,-1405.98645399,-789.452156766,0.900005804538,18,1,1,CONVERGED_FEASIBLE,0.91259765625,-1406.13189012,-789.528040919,0.899996242596,18,1,1,CONVERGED_INFEASIBLE,41,9,0,0.164042899418
14,2011-03-08 12:30:00,BASE,210,NaN,NaN,BASE_PREREGISTERED,RAY_CERTIFIED_BOUNDARY,NO_RE_ENTRY_DETECTED_AT_SWEEP_RESOLUTION_DELTA,0.91708984375,BINDING_VMIN,18,0.91708984375,-1305.75076969,-1122.18319321,0.900004725353,18,1,1,CONVERGED_FEASIBLE,0.9171875,-1305.88480435,-1122.29412842,0.899995217413,18,1,1,CONVERGED_INFEASIBLE,41,9,0,0.173988252333
14,2011-03-08 12:30:00,BASE,220,NaN,NaN,BASE_PREREGISTERED,RAY_CERTIFIED_BOUNDARY,NO_RE_ENTRY_DETECTED_AT_SWEEP_RESOLUTION_DELTA,0.9486328125,BINDING_VMIN,18,0.9486328125,-1198.72911183,-1465.75815979,0.900004139884,18,1,1,CONVERGED_FEASIBLE,0.94873046875,-1198.84767245,-1465.90077535,0.899994929963,18,1,1,CONVERGED_INFEASIBLE,41,9,0,0.185461095937
14,2011-03-08 12:30:00,BASE,230,NaN,NaN,BASE_PREREGISTERED,RAY_CERTIFIED_BOUNDARY,NO_RE_ENTRY_DETECTED_AT_SWEEP_RESOLUTION_DELTA,1.0115234375,BINDING_VMIN,18,1.0115234375,-1077.48830814,-1840.86327872,0.900002057402,18,1,1,CONVERGED_FEASIBLE,1.01162109375,-1077.58779231,-1841.03324133,0.899993370629,18,1,1,CONVERGED_INFEASIBLE,41,9,0,0.196937521498
14,2011-03-08 12:30:00,BASE,240,NaN,NaN,BASE_PREREGISTERED,RAY_CERTIFIED_BOUNDARY,NO_RE_ENTRY_DETECTED_AT_SWEEP_RESOLUTION_DELTA,0.9771484375,BINDING_VMIN,33,0.9771484375,-821.345046997,-2002.99771868,0.900009814436,33,1,1,CONVERGED_FEASIBLE,0.97734375,-821.499816895,-2003.38200953,0.899991696827,33,1,1,CONVERGED_INFEASIBLE,41,8,0,0.414286343148
14,2011-03-08 12:30:00,BASE,250,NaN,NaN,BASE_PREREGISTERED,RAY_CERTIFIED_BOUNDARY,NO_RE_ENTRY_DETECTED_AT_SWEEP_RESOLUTION_DELTA,0.95380859375,BINDING_VMIN,33,0.95380859375,-564.041754676,-2116.71244197,0.900006064117,33,1,1,CONVERGED_FEASIBLE,0.95390625,-564.094689098,-2116.92093196,0.899996790345,33,1,1,CONVERGED_INFEASIBLE,41,9,0,0.215104933998
14,2011-03-08 12:30:00,BASE,260,NaN,NaN,BASE_PREREGISTERED,RAY_CERTIFIED_BOUNDARY,NO_RE_ENTRY_DETECTED_AT_SWEEP_RESOLUTION_DELTA,0.9583984375,BINDING_VMIN,33,0.9583984375,-310.787511537,-2224.74679962,0.900002885124,33,1,1,CONVERGED_FEASIBLE,0.95849609375,-310.814387047,-2224.96529933,0.899993643894,33,1,1,CONVERGED_INFEASIBLE,41,9,0,0.220146354192
14,2011-03-08 12:30:00,BASE,270,NaN,NaN,BASE_PREREGISTERED,RAY_CERTIFIED_BOUNDARY,NO_RE_ENTRY_DETECTED_AT_SWEEP_RESOLUTION_DELTA,0.9916015625,BINDING_VMIN,33,0.9916015625,-47.03125,-2333.26289368,0.900008276769,33,1,1,CONVERGED_FEASIBLE,0.991796875,-47.03125,-2333.70663452,0.89999035891,33,1,1,CONVERGED_INFEASIBLE,41,8,0,0.443740844726
14,2011-03-08 12:30:00,BASE,280,NaN,NaN,BASE_PREREGISTERED,RAY_CERTIFIED_BOUNDARY,NO_RE_ENTRY_DETECTED_AT_SWEEP_RESOLUTION_DELTA,1.05869140625,BINDING_VMIN,33,1.05869140625,244.326160976,-2449.14600396,0.900007563504,33,1,1,CONVERGED_FEASIBLE,1.0587890625,244.353036487,-2449.36450367,0.899999128176,33,1,1,CONVERGED_INFEASIBLE,41,9,0,0.220146354192
14,2011-03-08 12:30:00,BASE,290,NaN,NaN,BASE_PREREGISTERED,RAY_CERTIFIED_BOUNDARY,NO_RE_ENTRY_DETECTED_AT_SWEEP_RESOLUTION_DELTA,1.17109375,BINDING_VMIN,33,1.17109375,587.758344765,-2580.602689,0.900005483374,33,1,1,CONVERGED_FEASIBLE,1.1712890625,587.86421361,-2581.01966899,0.899990104741,33,1,1,CONVERGED_INFEASIBLE,41,8,0,0.430209867996
14,2011-03-08 12:30:00,BASE,300,NaN,NaN,BASE_PREREGISTERED,RAY_CERTIFIED_BOUNDARY,NO_RE_ENTRY_DETECTED_AT_SWEEP_RESOLUTION_DELTA,1.35185546875,BINDING_VMIN,33,1.35185546875,1024.20859528,-2740.25970334,0.900003768848,33,1,1,CONVERGED_FEASIBLE,1.351953125,1024.28598022,-2740.45184876,0.89999701937,33,1,1,CONVERGED_INFEASIBLE,41,9,0,0.207143171574
14,2011-03-08 12:30:00,BASE,310,NaN,NaN,BASE_PREREGISTERED,RAY_CERTIFIED_BOUNDARY,NO_RE_ENTRY_DETECTED_AT_SWEEP_RESOLUTION_DELTA,1.6490234375,BINDING_VMIN,33,1.6490234375,1632.85848583,-2950.37915857,0.900006730046,33,1.01061023461,13,CONVERGED_FEASIBLE,1.64921875,1633.05745417,-2950.71908378,0.899995415643,33,1.01061258793,13,CONVERGED_INFEASIBLE,41,8,0,0.393875042995
14,2011-03-08 12:30:00,BASE,320,NaN,NaN,BASE_PREREGISTERED,RAY_UNBOUNDED_WITHIN_GUARD,NO_RE_ENTRY_DETECTED_AT_SWEEP_RESOLUTION_DELTA,NaN,RAY_UNBOUNDED_WITHIN_GUARD,,NaN,NaN,NaN,NaN,,NaN,,,NaN,NaN,NaN,NaN,,NaN,,,41,0,0,NaN
14,2011-03-08 12:30:00,BASE,330,NaN,NaN,BASE_PREREGISTERED,RAY_CERTIFIED_BOUNDARY,NO_RE_ENTRY_DETECTED_AT_SWEEP_RESOLUTION_DELTA,1.662890625,BINDING_VMAX,13,1.662890625,2235.31099058,-1969.395401,0.945841567902,33,1.04999813866,13,CONVERGED_FEASIBLE,1.6630859375,2235.57905991,-1969.61727142,0.945836699094,33,1.05000506146,13,CONVERGED_INFEASIBLE,41,8,0,0.347976504666
14,2011-03-08 12:30:00,BASE,340,NaN,NaN,BASE_PREREGISTERED,RAY_CERTIFIED_BOUNDARY,NO_RE_ENTRY_DETECTED_AT_SWEEP_RESOLUTION_DELTA,1.316015625,BINDING_VMAX,13,1.316015625,1912.86604548,-1103.00547967,0.972424163345,33,1.04999723453,13,CONVERGED_FEASIBLE,1.3162109375,1913.15691774,-1103.15724798,0.972422471975,33,1.05000635847,13,CONVERGED_INFEASIBLE,41,8,0,0.328085798836
14,2011-03-08 12:30:00,BASE,350,NaN,NaN,BASE_PREREGISTERED,RAY_CERTIFIED_BOUNDARY,NO_RE_ENTRY_DETECTED_AT_SWEEP_RESOLUTION_DELTA,1.126953125,BINDING_VMAX,13,1.126953125,1711.87933575,-524.996757779,0.989166765105,33,1.04999927625,13,CONVERGED_FEASIBLE,1.12705078125,1712.03175435,-525.035285174,0.989167307344,33,1.05000469245,13,CONVERGED_INFEASIBLE,41,9,0,0.157212557437
15,2011-05-11 17:30:00,BASE,0,NaN,NaN,BASE_PREREGISTERED,RAY_CERTIFIED_BOUNDARY,NO_RE_ENTRY_DETECTED_AT_SWEEP_RESOLUTION_DELTA,0.8203125,BINDING_VMAX,13,0.8203125,1949.89807129,874.0625,0.99223450772,25,1.04999085301,13,CONVERGED_FEASIBLE,0.8205078125,1950.21034241,874.0625,0.992235479435,25,1.05000293269,13,CONVERGED_INFEASIBLE,41,8,0,0.312271118164
15,2011-05-11 17:30:00,BASE,10,NaN,NaN,BASE_PREREGISTERED,RAY_CERTIFIED_BOUNDARY,NO_RE_ENTRY_DETECTED_AT_SWEEP_RESOLUTION_DELTA,0.7716796875,BINDING_VMAX,13,0.7716796875,1853.39862395,1182.68302681,0.992991944653,25,1.04999335444,13,CONVERGED_FEASIBLE,0.771875,1853.70615096,1182.76113881,0.99299316703,25,1.05000623803,13,CONVERGED_INFEASIBLE,41,8,0,0.317292218717
15,2011-05-11 17:30:00,BASE,20,NaN,NaN,BASE_PREREGISTERED,RAY_CERTIFIED_BOUNDARY,NO_RE_ENTRY_DETECTED_AT_SWEEP_RESOLUTION_DELTA,0.751171875,BINDING_VMAX,13,0.751171875,1766.92525142,1465.77196063,0.993672718904,25,1.04999658044,13,CONVERGED_FEASIBLE,0.7513671875,1767.21869028,1465.92581124,0.993674144503,25,1.05000983606,13,CONVERGED_INFEASIBLE,41,8,0,0.331325186341
15,2011-05-11 17:30:00,BASE,30,NaN,NaN,BASE_PREREGISTERED,RAY_CERTIFIED_BOUNDARY,NO_RE_ENTRY_DETECTED_AT_SWEEP_RESOLUTION_DELTA,0.755078125,BINDING_VMAX,13,0.755078125,1683.86000715,1743.58215332,0.994328260593,25,1.04999993185,13,CONVERGED_FEASIBLE,0.75517578125,1683.99522451,1743.6946106,0.994329048878,25,1.0500065268,13,CONVERGED_INFEASIBLE,41,9,0,0.175870331198
15,2011-05-11 17:30:00,BASE,40,NaN,NaN,BASE_PREREGISTERED,RAY_CERTIFIED_BOUNDARY,NO_RE_ENTRY_DETECTED_AT_SWEEP_RESOLUTION_DELTA,0.78388671875,BINDING_VMAX,13,0.78388671875,1598.44297725,2034.54424358,0.995001282339,25,1.04999409915,13,CONVERGED_FEASIBLE,0.783984375,1598.56258403,2034.68881586,0.995002117846,25,1.05000044398,13,CONVERGED_INFEASIBLE,41,9,0,0.187635090588
15,2011-05-11 17:30:00,BASE,50,NaN,NaN,BASE_PREREGISTERED,RAY_CERTIFIED_BOUNDARY,NO_RE_ENTRY_DETECTED_AT_SWEEP_RESOLUTION_DELTA,0.84306640625,BINDING_VMAX,13,0.84306640625,1504.78454525,2361.48127938,0.995743114352,25,1.04999530627,13,CONVERGED_FEASIBLE,0.8431640625,1504.88490726,2361.65357392,0.995743967049,25,1.0500011899,13,CONVERGED_INFEASIBLE,41,9,0,0.199393933566
15,2011-05-11 17:30:00,BASE,60,NaN,NaN,BASE_PREREGISTERED,RAY_CERTIFIED_BOUNDARY,NO_RE_ENTRY_DETECTED_AT_SWEEP_RESOLUTION_DELTA,0.85703125,BINDING_VMAX,30,0.85703125,1323.48220825,2583.46682783,0.995863996583,25,1.04999234174,30,CONVERGED_FEASIBLE,0.8572265625,1323.63834381,2583.85639126,0.995865696566,25,1.05000468286,30,CONVERGED_INFEASIBLE,41,8,0,0.419687953448
15,2011-05-11 17:30:00,BASE,70,NaN,NaN,BASE_PREREGISTERED,RAY_CERTIFIED_BOUNDARY,NO_RE_ENTRY_DETECTED_AT_SWEEP_RESOLUTION_DELTA,0.8345703125,BINDING_VMAX,30,0.8345703125,1094.7286478,2680.26424626,0.99543144586,25,1.04999952809,30,CONVERGED_FEASIBLE,0.83466796875,1094.78204931,2680.4755968,0.99543227249,25,1.05000586799,30,CONVERGED_INFEASIBLE,41,9,0,0.217992598927
15,2011-05-11 17:30:00,BASE,80,NaN,NaN,BASE_PREREGISTERED,RAY_CERTIFIED_BOUNDARY,NO_RE_ENTRY_DETECTED_AT_SWEEP_RESOLUTION_DELTA,0.8388671875,BINDING_VMAX,30,0.8388671875,871.257084058,2776.72682709,0.994998554778,25,1.04999587871,30,CONVERGED_FEASIBLE,0.8390625,871.311309369,2777.16982227,0.995000103926,25,1.05000848409,30,CONVERGED_INFEASIBLE,41,8,0,0.446301601827
15,2011-05-11 17:30:00,BASE,90,NaN,NaN,BASE_PREREGISTERED,RAY_CERTIFIED_BOUNDARY,NO_RE_ENTRY_DETECTED_AT_SWEEP_RESOLUTION_DELTA,0.8708984375,BINDING_VMAX,30,0.8708984375,638.359375,2879.85046387,0.99453754797,25,1.04999360896,30,CONVERGED_FEASIBLE,0.87109375,638.359375,2880.30029297,0.994538938173,25,1.05000572673,30,CONVERGED_INFEASIBLE,41,8,0,0.449829101563
15,2011-05-11 17:30:00,BASE,100,NaN,NaN,BASE_PREREGISTERED,RAY_CERTIFIED_BOUNDARY,NO_RE_ENTRY_DETECTED_AT_SWEEP_RESOLUTION_DELTA,0.9365234375,BINDING_VMAX,30,0.9365234375,378.349010638,2998.22442046,0.994010207354,25,1.04999153315,30,CONVERGED_FEASIBLE,0.93671875,378.294785328,2998.66741565,0.99401138697,25,1.05000275855,30,CONVERGED_INFEASIBLE,41,8,0,0.446301601827
15,2011-05-11 17:30:00,BASE,110,NaN,NaN,BASE_PREREGISTERED,RAY_CERTIFIED_BOUNDARY,NO_RE_ENTRY_DETECTED_AT_SWEEP_RESOLUTION_DELTA,1.05,BINDING_VMAX,30,1.05,64.1863793111,3146.50354561,0.993355291808,25,1.04999990204,30,CONVERGED_FEASIBLE,1.0501953125,64.0795762985,3146.9262467,0.993356212022,25,1.05000984342,30,CONVERGED_INFEASIBLE,41,8,0,0.435985197854
15,2011-05-11 17:30:00,BASE,120,NaN,NaN,BASE_PREREGISTERED,RAY_CERTIFIED_BOUNDARY,NO_RE_ENTRY_DETECTED_AT_SWEEP_RESOLUTION_DELTA,1.2427734375,BINDING_VMAX,30,1.2427734375,-355.131187439,3352.85460073,0.976835073917,18,1.04999647309,30,CONVERGED_FEASIBLE,1.24296875,-355.287322998,3353.24416416,0.97683217904,18,1.05000474683,30,CONVERGED_INFEASIBLE,41,8,0,0.419687953448
15,2011-05-11 17:30:00,BASE,130,NaN,NaN,BASE_PREREGISTERED,RAY_CERTIFIED_BOUNDARY,NO_RE_ENTRY_DETECTED_AT_SWEEP_RESOLUTION_DELTA,1.599609375,BINDING_VMAX,30,1.599609375,-1005.57023102,3696.24709473,0.948701389008,18,1.04999673903,30,CONVERGED_FEASIBLE,1.6,-1005.97167903,3696.93627289,0.948688919455,18,1.05000909949,30,CONVERGED_INFEASIBLE,41,7,0,0.797575734264
15,2011-05-11 17:30:00,BASE,140,NaN,NaN,BASE_PREREGISTERED,RAY_UNBOUNDED_WITHIN_GUARD,NO_RE_ENTRY_DETECTED_AT_SWEEP_RESOLUTION_DELTA,NaN,RAY_UNBOUNDED_WITHIN_GUARD,,NaN,NaN,NaN,NaN,,NaN,,,NaN,NaN,NaN,NaN,,NaN,,,41,0,0,NaN
15,2011-05-11 17:30:00,BASE,150,NaN,NaN,BASE_PREREGISTERED,RAY_CERTIFIED_BOUNDARY,NO_RE_ENTRY_DETECTED_AT_SWEEP_RESOLUTION_DELTA,1.68046875,BINDING_VMIN,18,1.68046875,-1688.46096619,2809.22729492,0.900008917936,18,1.01495286551,30,CONVERGED_FEASIBLE,1.6806640625,-1688.73140091,2809.45220947,0.899996151903,18,1.01495466747,30,CONVERGED_INFEASIBLE,41,8,0,0.351740662396
15,2011-05-11 17:30:00,BASE,160,NaN,NaN,BASE_PREREGISTERED,RAY_CERTIFIED_BOUNDARY,NO_RE_ENTRY_DETECTED_AT_SWEEP_RESOLUTION_DELTA,1.4185546875,BINDING_VMIN,18,1.4185546875,-1492.88710457,1991.47950795,0.900009116963,18,1,1,CONVERGED_FEASIBLE,1.41875,-1493.18054344,1991.63335856,0.899994366965,18,1,1,CONVERGED_INFEASIBLE,41,8,0,0.331325186341
15,2011-05-11 17:30:00,BASE,170,NaN,NaN,BASE_PREREGISTERED,RAY_CERTIFIED_BOUNDARY,NO_RE_ENTRY_DETECTED_AT_SWEEP_RESOLUTION_DELTA,1.2548828125,BINDING_VMIN,18,1.2548828125,-1337.501717,1375.93212408,0.900009289745,18,1,1,CONVERGED_FEASIBLE,1.255078125,-1337.80924402,1376.01023608,0.899992873022,18,1,1,CONVERGED_INFEASIBLE,41,8,0,0.317292218717
15,2011-05-11 17:30:00,BASE,180,NaN,NaN,BASE_PREREGISTERED,RAY_CERTIFIED_BOUNDARY,NO_RE_ENTRY_DETECTED_AT_SWEEP_RESOLUTION_DELTA,1.15302734375,BINDING_VMIN,18,1.15302734375,-1205.13317108,874.0625,0.900004357389,18,1,1,CONVERGED_FEASIBLE,1.153125,-1205.28930664,874.0625,0.899995512468,18,1,1,CONVERGED_INFEASIBLE,41,9,0,0.156135559082
15,2011-05-11 17:30:00,BASE,190,NaN,NaN,BASE_PREREGISTERED,RAY_CERTIFIED_BOUNDARY,NO_RE_ENTRY_DETECTED_AT_SWEEP_RESOLUTION_DELTA,1.09453125,BINDING_VMIN,18,1.09453125,-1085.02203505,436.322830997,0.900001342049,18,1,1,CONVERGED_FEASIBLE,1.09462890625,-1085.17579856,436.283774995,0.899992083087,18,1,1,CONVERGED_INFEASIBLE,41,9,0,0.158646109359
15,2011-05-11 17:30:00,BASE,200,NaN,NaN,BASE_PREREGISTERED,RAY_CERTIFIED_BOUNDARY,NO_RE_ENTRY_DETECTED_AT_SWEEP_RESOLUTION_DELTA,1.07021484375,BINDING_VMIN,18,1.07021484375,-969.538888087,31.0380617461,0.900003496088,18,1,1,CONVERGED_FEASIBLE,1.0703125,-969.68560752,30.9611364392,0.899994060445,18,1,1,CONVERGED_INFEASIBLE,41,9,0,0.16566259317
15,2011-05-11 17:30:00,BASE,210,NaN,NaN,BASE_PREREGISTERED,RAY_CERTIFIED_BOUNDARY,NO_RE_ENTRY_DETECTED_AT_SWEEP_RESOLUTION_DELTA,1.0765625,BINDING_VMIN,18,1.0765625,-852.276808245,-365.666503906,0.900004790334,18,1,1,CONVERGED_FEASIBLE,1.07666015625,-852.412025605,-365.778961182,0.899995418922,18,1,1,CONVERGED_INFEASIBLE,41,9,0,0.175870331198
15,2011-05-11 17:30:00,BASE,220,NaN,NaN,BASE_PREREGISTERED,RAY_CERTIFIED_BOUNDARY,NO_RE_ENTRY_DETECTED_AT_SWEEP_RESOLUTION_DELTA,1.1142578125,BINDING_VMIN,18,1.1142578125,-726.353955226,-775.507288741,0.900004912999,18,1,1,CONVERGED_FEASIBLE,1.11435546875,-726.473562003,-775.651861028,0.899995838834,18,1,1,CONVERGED_INFEASIBLE,41,9,0,0.187635090589
15,2011-05-11 17:30:00,BASE,230,NaN,NaN,BASE_PREREGISTERED,RAY_CERTIFIED_BOUNDARY,NO_RE_ENTRY_DETECTED_AT_SWEEP_RESOLUTION_DELTA,1.1654296875,BINDING_VMIN,33,1.1654296875,-559.360766528,-1182.10056187,0.90000596434,33,1,1,CONVERGED_FEASIBLE,1.16552734375,-559.46112853,-1182.27285641,0.899997492153,33,1,1,CONVERGED_INFEASIBLE,41,9,0,0.199393933566
15,2011-05-11 17:30:00,BASE,240,NaN,NaN,BASE_PREREGISTERED,RAY_CERTIFIED_BOUNDARY,NO_RE_ENTRY_DETECTED_AT_SWEEP_RESOLUTION_DELTA,1.1021484375,BINDING_VMIN,33,1.1021484375,-242.7135849,-1324.24393162,0.900006453542,33,1,1,CONVERGED_FEASIBLE,1.10224609375,-242.791652679,-1324.43871334,0.899997526077,33,1,1,CONVERGED_INFEASIBLE,41,9,0,0.209843976724
15,2011-05-11 17:30:00,BASE,250,NaN,NaN,BASE_PREREGISTERED,RAY_CERTIFIED_BOUNDARY,NO_RE_ENTRY_DETECTED_AT_SWEEP_RESOLUTION_DELTA,1.07412109375,BINDING_VMIN,33,1.07412109375,50.9962072561,-1450.5821299,0.900006979747,33,1,1,CONVERGED_FEASIBLE,1.07421875,50.9428057498,-1450.79348044,0.899997824315,33,1,1,CONVERGED_INFEASIBLE,41,9,0,0.217992598927
15,2011-05-11 17:30:00,BASE,260,NaN,NaN,BASE_PREREGISTERED,RAY_CERTIFIED_BOUNDARY,NO_RE_ENTRY_DETECTED_AT_SWEEP_RESOLUTION_DELTA,1.0775390625,BINDING_VMIN,33,1.0775390625,339.19833638,-1569.9419453,0.900003703494,33,1,1,CONVERGED_FEASIBLE,1.07763671875,339.171223725,-1570.16344289,0.899994562147,33,1,1,CONVERGED_INFEASIBLE,41,9,0,0.223150800914
15,2011-05-11 17:30:00,BASE,270,NaN,NaN,BASE_PREREGISTERED,RAY_CERTIFIED_BOUNDARY,NO_RE_ENTRY_DETECTED_AT_SWEEP_RESOLUTION_DELTA,1.112890625,BINDING_VMIN,33,1.112890625,638.359375,-1689.0637207,0.900009692569,33,1,1,CONVERGED_FEASIBLE,1.1130859375,638.359375,-1689.5135498,0.899991928875,33,1,1,CONVERGED_INFEASIBLE,41,8,0,0.449829101563
15,2011-05-11 17:30:00,BASE,280,NaN,NaN,BASE_PREREGISTERED,RAY_CERTIFIED_BOUNDARY,NO_RE_ENTRY_DETECTED_AT_SWEEP_RESOLUTION_DELTA,1.18583984375,BINDING_VMIN,33,1.18583984375,967.588348352,-1815.58277635,0.900002346359,33,1,1,CONVERGED_FEASIBLE,1.1859375,967.615461007,-1815.80427394,0.899993961818,33,1,1,CONVERGED_INFEASIBLE,41,9,0,0.223150800913
15,2011-05-11 17:30:00,BASE,290,NaN,NaN,BASE_PREREGISTERED,RAY_CERTIFIED_BOUNDARY,NO_RE_ENTRY_DETECTED_AT_SWEEP_RESOLUTION_DELTA,1.3083984375,BINDING_VMIN,33,1.3083984375,1353.83275635,-1957.61208418,0.900007456768,33,1,1,CONVERGED_FEASIBLE,1.30859375,1353.93955936,-1958.03478527,0.899992123426,33,1,1,CONVERGED_INFEASIBLE,41,8,0,0.435985197854
15,2011-05-11 17:30:00,BASE,300,NaN,NaN,BASE_PREREGISTERED,RAY_CERTIFIED_BOUNDARY,NO_RE_ENTRY_DETECTED_AT_SWEEP_RESOLUTION_DELTA,1.50546875,BINDING_VMIN,33,1.50546875,1841.8522644,-2128.69241316,0.900008047386,33,1.00315408861,13,CONVERGED_FEASIBLE,1.5056640625,1842.00839996,-2129.08197659,0.899994535047,33,1.00315407087,13,CONVERGED_INFEASIBLE,41,8,0,0.419687953448
15,2011-05-11 17:30:00,BASE,310,NaN,NaN,BASE_PREREGISTERED,RAY_CERTIFIED_BOUNDARY,NO_RE_ENTRY_DETECTED_AT_SWEEP_RESOLUTION_DELTA,1.8283203125,BINDING_VMIN,33,1.8283203125,2517.3367916,-2351.63591163,0.900000018299,33,1.02654862243,13,CONVERGED_FEASIBLE,1.82841796875,2517.4371536,-2351.80820617,0.899994325514,33,1.02654969645,13,CONVERGED_INFEASIBLE,41,9,0,0.199393933566
15,2011-05-11 17:30:00,BASE,320,NaN,NaN,BASE_PREREGISTERED,RAY_CERTIFIED_BOUNDARY,NO_RE_ENTRY_DETECTED_AT_SWEEP_RESOLUTION_DELTA,1.89453125,BINDING_VMAX,13,1.89453125,2958.73085672,-1930.63985772,0.922059428458,33,1.04999904054,13,CONVERGED_FEASIBLE,1.894921875,2959.20928383,-1931.21814687,0.922043030597,33,1.05000796015,13,CONVERGED_INFEASIBLE,41,7,0,0.750540362353
15,2011-05-11 17:30:00,BASE,330,NaN,NaN,BASE_PREREGISTERED,RAY_CERTIFIED_BOUNDARY,NO_RE_ENTRY_DETECTED_AT_SWEEP_RESOLUTION_DELTA,1.317578125,BINDING_VMAX,13,1.317578125,2462.7120042,-643.21105957,0.962563419661,33,1.04999726505,13,CONVERGED_FEASIBLE,1.3177734375,2462.98243892,-643.435974121,0.962558920331,33,1.05000442886,13,CONVERGED_INFEASIBLE,41,8,0,0.351740662396
15,2011-05-11 17:30:00,BASE,340,NaN,NaN,BASE_PREREGISTERED,RAY_CERTIFIED_BOUNDARY,NO_RE_ENTRY_DETECTED_AT_SWEEP_RESOLUTION_DELTA,1.054296875,BINDING_VMAX,13,1.054296875,2222.34237056,43.5768867699,0.982485347822,33,1.04999885824,13,CONVERGED_FEASIBLE,1.0544921875,2222.63580942,43.4230361561,0.982483772038,33,1.05000808219,13,CONVERGED_INFEASIBLE,41,8,0,0.331325186341
15,2011-05-11 17:30:00,BASE,350,NaN,NaN,BASE_PREREGISTERED,RAY_CERTIFIED_BOUNDARY,NO_RE_ENTRY_DETECTED_AT_SWEEP_RESOLUTION_DELTA,0.90703125,BINDING_VMAX,13,0.90703125,2066.51484757,511.310354595,0.991323025742,25,1.0499914822,13,CONVERGED_FEASIBLE,0.9072265625,2066.82237458,511.232242591,0.991323703902,25,1.05000233848,13,CONVERGED_INFEASIBLE,41,8,0,0.317292218717
16,2011-03-04 18:00:00,BASE,0,NaN,NaN,BASE_PREREGISTERED,RAY_CERTIFIED_BOUNDARY,NO_RE_ENTRY_DETECTED_AT_SWEEP_RESOLUTION_DELTA,0.96279296875,BINDING_VMAX,13,0.96279296875,1670.2652359,181.09375,0.997255628491,25,1.04999597868,13,CONVERGED_FEASIBLE,0.962890625,1670.42037964,181.09375,0.997256117505,25,1.05000202761,13,CONVERGED_INFEASIBLE,41,9,0,0.155143737793
16,2011-03-04 18:00:00,BASE,10,NaN,NaN,BASE_PREREGISTERED,RAY_CERTIFIED_BOUNDARY,NO_RE_ENTRY_DETECTED_AT_SWEEP_RESOLUTION_DELTA,0.9044921875,BINDING_VMAX,13,0.9044921875,1555.81405731,539.271971245,0.998153487395,25,1.04999068444,13,CONVERGED_FEASIBLE,0.9046875,1556.11963082,539.349314847,0.998154719391,25,1.05000361003,13,CONVERGED_INFEASIBLE,41,8,0,0.315209777429
16,2011-03-04 18:00:00,BASE,20,NaN,NaN,BASE_PREREGISTERED,RAY_CERTIFIED_BOUNDARY,NO_RE_ENTRY_DETECTED_AT_SWEEP_RESOLUTION_DELTA,0.8796875,BINDING_VMAX,13,0.8796875,1453.95625449,867.220309425,0.998713058591,22,1.04999085094,13,CONVERGED_FEASIBLE,0.8798828125,1454.24782934,867.372646583,0.998713283815,22,1.05000416332,13,CONVERGED_INFEASIBLE,41,8,0,0.328971888625
16,2011-03-04 18:00:00,BASE,30,NaN,NaN,BASE_PREREGISTERED,RAY_CERTIFIED_BOUNDARY,NO_RE_ENTRY_DETECTED_AT_SWEEP_RESOLUTION_DELTA,0.8837890625,BINDING_VMAX,13,0.8837890625,1356.64680941,1188.82041931,0.998833899796,22,1.04999558158,13,CONVERGED_FEASIBLE,0.883984375,1356.91552625,1189.04312134,0.998834148533,22,1.05000883483,13,CONVERGED_INFEASIBLE,41,8,0,0.349005631297
16,2011-03-04 18:00:00,BASE,40,NaN,NaN,BASE_PREREGISTERED,RAY_CERTIFIED_BOUNDARY,NO_RE_ENTRY_DETECTED_AT_SWEEP_RESOLUTION_DELTA,0.91728515625,BINDING_VMAX,13,0.91728515625,1257.03297929,1525.70266937,0.998957632531,22,1.04999428183,13,CONVERGED_FEASIBLE,0.9173828125,1257.15182629,1525.84581947,0.998957764091,22,1.05000065794,13,CONVERGED_INFEASIBLE,41,9,0,0.186055263383
16,2011-03-04 18:00:00,BASE,50,NaN,NaN,BASE_PREREGISTERED,RAY_CERTIFIED_BOUNDARY,NO_RE_ENTRY_DETECTED_AT_SWEEP_RESOLUTION_DELTA,0.98642578125,BINDING_VMAX,13,0.98642578125,1148.02002045,1904.32081233,0.999093499046,22,1.04999573388,13,CONVERGED_FEASIBLE,0.9865234375,1148.11974492,1904.49141198,0.999093632958,22,1.05000164467,13,CONVERGED_INFEASIBLE,41,9,0,0.197608731821
16,2011-03-04 18:00:00,BASE,60,NaN,NaN,BASE_PREREGISTERED,RAY_CERTIFIED_BOUNDARY,NO_RE_ENTRY_DETECTED_AT_SWEEP_RESOLUTION_DELTA,0.953125,BINDING_VMAX,30,0.953125,897.80456543,2063.46212613,0.999046730536,22,1.0499942488,30,CONVERGED_FEASIBLE,0.9533203125,897.959709167,2063.84785735,0.99904699936,22,1.05000664874,30,CONVERGED_INFEASIBLE,41,8,0,0.415762139956
16,2011-03-04 18:00:00,BASE,70,NaN,NaN,BASE_PREREGISTERED,RAY_CERTIFIED_BOUNDARY,NO_RE_ENTRY_DETECTED_AT_SWEEP_RESOLUTION_DELTA,0.92880859375,BINDING_VMAX,30,0.92880859375,645.37850276,2171.47451867,0.998970423139,22,1.04999467372,30,CONVERGED_FEASIBLE,0.92890625,645.431565044,2171.68379012,0.998970553859,22,1.05000103939,30,CONVERGED_INFEASIBLE,41,9,0,0.2158938305
16,2011-03-04 18:00:00,BASE,80,NaN,NaN,BASE_PREREGISTERED,RAY_CERTIFIED_BOUNDARY,NO_RE_ENTRY_DETECTED_AT_SWEEP_RESOLUTION_DELTA,0.9345703125,BINDING_VMAX,30,0.9345703125,398.523014684,2279.97353844,0.998893987109,22,1.04999487013,30,CONVERGED_FEASIBLE,0.934765625,398.576895539,2280.41217581,0.998894231946,22,1.05000751427,30,CONVERGED_INFEASIBLE,41,8,0,0.441934252928
16,2011-03-04 18:00:00,BASE,90,NaN,NaN,BASE_PREREGISTERED,RAY_CERTIFIED_BOUNDARY,NO_RE_ENTRY_DETECTED_AT_SWEEP_RESOLUTION_DELTA,0.971484375,BINDING_VMAX,30,0.971484375,140.703125,2396.5335083,0.99881215683,22,1.04999574696,30,CONVERGED_FEASIBLE,0.9716796875,140.703125,2396.97891235,0.998812376232,22,1.05000788512,30,CONVERGED_INFEASIBLE,41,8,0,0.445404052734
16,2011-03-04 18:00:00,BASE,100,NaN,NaN,BASE_PREREGISTERED,RAY_CERTIFIED_BOUNDARY,NO_RE_ENTRY_DETECTED_AT_SWEEP_RESOLUTION_DELTA,1.046484375,BINDING_VMAX,30,1.046484375,-147.99049442,2531.31274822,0.998717996848,22,1.04999964237,30,CONVERGED_FEASIBLE,1.04658203125,-148.017434848,2531.5320669,0.998718089642,22,1.05000525277,30,CONVERGED_INFEASIBLE,41,9,0,0.220967126464
16,2011-03-04 18:00:00,BASE,110,NaN,NaN,BASE_PREREGISTERED,RAY_CERTIFIED_BOUNDARY,NO_RE_ENTRY_DETECTED_AT_SWEEP_RESOLUTION_DELTA,1.17578125,BINDING_VMAX,30,1.17578125,-498.16676757,2700.72201777,0.985933263642,18,1.04999291243,30,CONVERGED_FEASIBLE,1.1759765625,-498.272892137,2701.14056067,0.985933210618,18,1.0500028153,30,CONVERGED_INFEASIBLE,41,8,0,0.431787661001
16,2011-03-04 18:00:00,BASE,120,NaN,NaN,BASE_PREREGISTERED,RAY_CERTIFIED_BOUNDARY,NO_RE_ENTRY_DETECTED_AT_SWEEP_RESOLUTION_DELTA,1.39765625,BINDING_VMAX,30,1.39765625,-969.505462646,2941.38639336,0.966015014665,18,1.04999741591,30,CONVERGED_FEASIBLE,1.3978515625,-969.660606384,2941.77212458,0.966011928841,18,1.05000559913,30,CONVERGED_INFEASIBLE,41,8,0,0.415762139956
16,2011-03-04 18:00:00,BASE,130,NaN,NaN,BASE_PREREGISTERED,RAY_CERTIFIED_BOUNDARY,NO_RE_ENTRY_DETECTED_AT_SWEEP_RESOLUTION_DELTA,1.8166015625,BINDING_VMAX,30,1.8166015625,-1714.3715101,3354.58843502,0.932161368354,18,1.04999581868,30,CONVERGED_FEASIBLE,1.816796875,-1714.57095904,3354.92963432,0.932154641567,18,1.05000180441,30,CONVERGED_INFEASIBLE,41,8,0,0.395217463642
16,2011-03-04 18:00:00,BASE,140,NaN,NaN,BASE_PREREGISTERED,RAY_CERTIFIED_BOUNDARY,NO_RE_ENTRY_DETECTED_AT_SWEEP_RESOLUTION_DELTA,1.917578125,BINDING_VMIN,18,1.917578125,-2192.97653207,2991.98917645,0.900005087175,18,1.03228326788,30,CONVERGED_FEASIBLE,1.9177734375,-2193.21422606,2992.27547666,0.899994626259,18,1.03228706736,30,CONVERGED_INFEASIBLE,41,8,0,0.372110526766
16,2011-03-04 18:00:00,BASE,150,NaN,NaN,BASE_PREREGISTERED,RAY_CERTIFIED_BOUNDARY,NO_RE_ENTRY_DETECTED_AT_SWEEP_RESOLUTION_DELTA,1.5138671875,BINDING_VMIN,18,1.5138671875,-1942.12107342,1907.25715637,0.900004326675,18,1.00565398029,30,CONVERGED_FEASIBLE,1.5140625,-1942.38979026,1907.4798584,0.899991611158,18,1.00565588053,30,CONVERGED_INFEASIBLE,41,8,0,0.349005631297
16,2011-03-04 18:00:00,BASE,160,NaN,NaN,BASE_PREREGISTERED,RAY_CERTIFIED_BOUNDARY,NO_RE_ENTRY_DETECTED_AT_SWEEP_RESOLUTION_DELTA,1.27392578125,BINDING_VMIN,18,1.27392578125,-1761.0938415,1174.71286276,0.900005724194,18,1,1,CONVERGED_FEASIBLE,1.2740234375,-1761.23962892,1174.78903133,0.899998344222,18,1,1,CONVERGED_INFEASIBLE,41,9,0,0.164485944312
16,2011-03-04 18:00:00,BASE,170,NaN,NaN,BASE_PREREGISTERED,RAY_CERTIFIED_BOUNDARY,NO_RE_ENTRY_DETECTED_AT_SWEEP_RESOLUTION_DELTA,1.124609375,BINDING_VMIN,18,1.124609375,-1618.78915491,626.438210793,0.900000701906,18,1,1,CONVERGED_FEASIBLE,1.12470703125,-1618.94194166,626.476882594,0.899992460563,18,1,1,CONVERGED_INFEASIBLE,41,9,0,0.157604888714
16,2011-03-04 18:00:00,BASE,180,NaN,NaN,BASE_PREREGISTERED,RAY_CERTIFIED_BOUNDARY,NO_RE_ENTRY_DETECTED_AT_SWEEP_RESOLUTION_DELTA,1.031640625,BINDING_VMIN,18,1.031640625,-1498.23532104,181.09375,0.900005388981,18,1,1,CONVERGED_FEASIBLE,1.03173828125,-1498.39046478,181.09375,0.899996486988,18,1,1,CONVERGED_INFEASIBLE,41,9,0,0.155143737793
16,2011-03-04 18:00:00,BASE,190,NaN,NaN,BASE_PREREGISTERED,RAY_CERTIFIED_BOUNDARY,NO_RE_ENTRY_DETECTED_AT_SWEEP_RESOLUTION_DELTA,0.978125,BINDING_VMIN,18,0.978125,-1389.60902119,-206.243009231,0.90000688816,18,1,1,CONVERGED_FEASIBLE,0.97822265625,-1389.76180795,-206.281681032,0.899997552659,18,1,1,CONVERGED_INFEASIBLE,41,9,0,0.157604888714
16,2011-03-04 18:00:00,BASE,200,NaN,NaN,BASE_PREREGISTERED,RAY_CERTIFIED_BOUNDARY,NO_RE_ENTRY_DETECTED_AT_SWEEP_RESOLUTION_DELTA,0.95556640625,BINDING_VMIN,18,0.95556640625,-1285.82683416,-564.21579529,0.900006869827,18,1,1,CONVERGED_FEASIBLE,0.9556640625,-1285.97262158,-564.291963869,0.899997343616,18,1,1,CONVERGED_INFEASIBLE,41,9,0,0.164485944312
16,2011-03-04 18:00:00,BASE,210,NaN,NaN,BASE_PREREGISTERED,RAY_CERTIFIED_BOUNDARY,NO_RE_ENTRY_DETECTED_AT_SWEEP_RESOLUTION_DELTA,0.96064453125,BINDING_VMIN,18,0.96064453125,-1180.98063451,-914.266166687,0.900003363146,18,1,1,CONVERGED_FEASIBLE,0.9607421875,-1181.11499292,-914.3775177,0.899993893717,18,1,1,CONVERGED_INFEASIBLE,41,9,0,0.174502815649
16,2011-03-04 18:00:00,BASE,220,NaN,NaN,BASE_PREREGISTERED,RAY_CERTIFIED_BOUNDARY,NO_RE_ENTRY_DETECTED_AT_SWEEP_RESOLUTION_DELTA,0.99384765625,BINDING_VMIN,18,0.99384765625,-1068.8027759,-1275.74485028,0.900003510617,18,1,1,CONVERGED_FEASIBLE,0.9939453125,-1068.92162289,-1275.88800038,0.899994339025,18,1,1,CONVERGED_INFEASIBLE,41,9,0,0.186055263383
16,2011-03-04 18:00:00,BASE,230,NaN,NaN,BASE_PREREGISTERED,RAY_CERTIFIED_BOUNDARY,NO_RE_ENTRY_DETECTED_AT_SWEEP_RESOLUTION_DELTA,1.059765625,BINDING_VMIN,18,1.059765625,-941.5068492,-1670.2536493,0.900004303226,18,1,1,CONVERGED_FEASIBLE,1.05986328125,-941.606573673,-1670.42424895,0.899995650952,18,1,1,CONVERGED_INFEASIBLE,41,9,0,0.197608731821
16,2011-03-04 18:00:00,BASE,240,NaN,NaN,BASE_PREREGISTERED,RAY_CERTIFIED_BOUNDARY,NO_RE_ENTRY_DETECTED_AT_SWEEP_RESOLUTION_DELTA,1.01142578125,BINDING_VMIN,33,1.01142578125,-662.708721161,-1816.41539668,0.900008916714,33,1,1,CONVERGED_FEASIBLE,1.0115234375,-662.78629303,-1816.60826229,0.899999895395,33,1,1,CONVERGED_INFEASIBLE,41,9,0,0.207881069978
16,2011-03-04 18:00:00,BASE,250,NaN,NaN,BASE_PREREGISTERED,RAY_CERTIFIED_BOUNDARY,NO_RE_ENTRY_DETECTED_AT_SWEEP_RESOLUTION_DELTA,0.98681640625,BINDING_VMIN,33,0.98681640625,-395.491249121,-1933.59426045,0.900007648889,33,1,1,CONVERGED_FEASIBLE,0.9869140625,-395.544311405,-1933.8035319,0.899998408925,33,1,1,CONVERGED_INFEASIBLE,41,9,0,0.2158938305
16,2011-03-04 18:00:00,BASE,260,NaN,NaN,BASE_PREREGISTERED,RAY_CERTIFIED_BOUNDARY,NO_RE_ENTRY_DETECTED_AT_SWEEP_RESOLUTION_DELTA,0.99111328125,BINDING_VMIN,33,0.99111328125,-132.715272116,-2044.77155542,0.900004596275,33,1,1,CONVERGED_FEASIBLE,0.9912109375,-132.742212543,-2044.99087411,0.89999538367,33,1,1,CONVERGED_INFEASIBLE,41,9,0,0.220967126464
16,2011-03-04 18:00:00,BASE,270,NaN,NaN,BASE_PREREGISTERED,RAY_CERTIFIED_BOUNDARY,NO_RE_ENTRY_DETECTED_AT_SWEEP_RESOLUTION_DELTA,1.025,BINDING_VMIN,33,1.025,140.703125,-2156.38671875,0.900004593557,33,1,1,CONVERGED_FEASIBLE,1.02509765625,140.703125,-2156.60942078,0.899995656787,33,1,1,CONVERGED_INFEASIBLE,41,9,0,0.222702026367
16,2011-03-04 18:00:00,BASE,280,NaN,NaN,BASE_PREREGISTERED,RAY_CERTIFIED_BOUNDARY,NO_RE_ENTRY_DETECTED_AT_SWEEP_RESOLUTION_DELTA,1.09375,BINDING_VMIN,33,1.09375,442.435911255,-2275.27549039,0.900001417126,33,1,1,CONVERGED_FEASIBLE,1.09384765625,442.462851682,-2275.49480908,0.899992996379,33,1,1,CONVERGED_INFEASIBLE,41,9,0,0.220967126464
16,2011-03-04 18:00:00,BASE,290,NaN,NaN,BASE_PREREGISTERED,RAY_CERTIFIED_BOUNDARY,NO_RE_ENTRY_DETECTED_AT_SWEEP_RESOLUTION_DELTA,1.208984375,BINDING_VMIN,33,1.208984375,797.614193938,-2409.68681104,0.900002782426,33,1,1,CONVERGED_FEASIBLE,1.20908203125,797.667256222,-2409.89608249,0.899995099836,33,1,1,CONVERGED_INFEASIBLE,41,9,0,0.2158938305
16,2011-03-04 18:00:00,BASE,300,NaN,NaN,BASE_PREREGISTERED,RAY_CERTIFIED_BOUNDARY,NO_RE_ENTRY_DETECTED_AT_SWEEP_RESOLUTION_DELTA,1.3943359375,BINDING_VMIN,33,1.3943359375,1248.2742691,-2572.64146254,0.900000326841,33,1,1,CONVERGED_FEASIBLE,1.39443359375,1248.35184097,-2572.83432815,0.899993575634,33,1,1,CONVERGED_INFEASIBLE,41,9,0,0.207881069978
16,2011-03-04 18:00:00,BASE,310,NaN,NaN,BASE_PREREGISTERED,RAY_CERTIFIED_BOUNDARY,NO_RE_ENTRY_DETECTED_AT_SWEEP_RESOLUTION_DELTA,1.6986328125,BINDING_VMIN,33,1.6986328125,1875.31059747,-2786.3165581,0.900004994835,33,1.01505555667,13,CONVERGED_FEASIBLE,1.698828125,1875.51004641,-2786.6577574,0.899993660628,33,1.01505785182,13,CONVERGED_INFEASIBLE,41,8,0,0.395217463642
16,2011-03-04 18:00:00,BASE,320,NaN,NaN,BASE_PREREGISTERED,RAY_UNBOUNDED_WITHIN_GUARD,NO_RE_ENTRY_DETECTED_AT_SWEEP_RESOLUTION_DELTA,NaN,RAY_UNBOUNDED_WITHIN_GUARD,,NaN,NaN,NaN,NaN,,NaN,,,NaN,NaN,NaN,NaN,,NaN,,,41,0,0,NaN
16,2011-03-04 18:00:00,BASE,330,NaN,NaN,BASE_PREREGISTERED,RAY_CERTIFIED_BOUNDARY,NO_RE_ENTRY_DETECTED_AT_SWEEP_RESOLUTION_DELTA,1.566796875,BINDING_VMAX,13,1.566796875,2296.34958607,-1605.42190552,0.950569020314,33,1.04999883271,13,CONVERGED_FEASIBLE,1.5669921875,2296.6183029,-1605.64460754,0.950564259745,33,1.05000582502,13,CONVERGED_INFEASIBLE,41,8,0,0.349005631297
16,2011-03-04 18:00:00,BASE,340,NaN,NaN,BASE_PREREGISTERED,RAY_CERTIFIED_BOUNDARY,NO_RE_ENTRY_DETECTED_AT_SWEEP_RESOLUTION_DELTA,1.2439453125,BINDING_VMAX,13,1.2439453125,1997.74335185,-789.141609009,0.975220168712,33,1.04999828698,13,CONVERGED_FEASIBLE,1.244140625,1998.0349267,-789.293946167,0.975218510126,33,1.05000743896,13,CONVERGED_INFEASIBLE,41,8,0,0.328971888625
16,2011-03-04 18:00:00,BASE,350,NaN,NaN,BASE_PREREGISTERED,RAY_CERTIFIED_BOUNDARY,NO_RE_ENTRY_DETECTED_AT_SWEEP_RESOLUTION_DELTA,1.0666015625,BINDING_VMAX,13,1.0666015625,1809.44007195,-241.279660974,0.990907501118,33,1.04999534027,13,CONVERGED_FEASIBLE,1.066796875,1809.74564547,-241.357004576,0.99090858588,33,1.05000617914,13,CONVERGED_INFEASIBLE,41,8,0,0.315209777429
17,2011-05-11 18:00:00,BASE,0,NaN,NaN,BASE_PREREGISTERED,RAY_CERTIFIED_BOUNDARY,NO_RE_ENTRY_DETECTED_AT_SWEEP_RESOLUTION_DELTA,0.81728515625,BINDING_VMAX,13,0.81728515625,1956.27931976,889.765625,0.992122303077,25,1.04999561146,13,CONVERGED_FEASIBLE,0.8173828125,1956.43547058,889.765625,0.99212278884,25,1.05000165081,13,CONVERGED_INFEASIBLE,41,9,0,0.156150817871
17,2011-05-11 18:00:00,BASE,10,NaN,NaN,BASE_PREREGISTERED,RAY_CERTIFIED_BOUNDARY,NO_RE_ENTRY_DETECTED_AT_SWEEP_RESOLUTION_DELTA,0.76875,BINDING_VMAX,13,0.76875,1859.99776101,1197.28747521,0.992876139218,25,1.04999155315,13,CONVERGED_FEASIBLE,0.7689453125,1860.30531808,1197.36560576,0.992877361345,25,1.05000443534,13,CONVERGED_INFEASIBLE,41,8,0,0.317325913994
17,2011-05-11 18:00:00,BASE,20,NaN,NaN,BASE_PREREGISTERED,RAY_CERTIFIED_BOUNDARY,NO_RE_ENTRY_DETECTED_AT_SWEEP_RESOLUTION_DELTA,0.74833984375,BINDING_VMAX,13,0.74833984375,1773.87401434,1479.38422291,0.99355428743,25,1.04999535498,13,CONVERGED_FEASIBLE,0.7484375,1774.02074811,1479.46116648,0.993555000097,25,1.05000198198,13,CONVERGED_INFEASIBLE,41,9,0,0.165683774164
17,2011-05-11 18:00:00,BASE,30,NaN,NaN,BASE_PREREGISTERED,RAY_CERTIFIED_BOUNDARY,NO_RE_ENTRY_DETECTED_AT_SWEEP_RESOLUTION_DELTA,0.7521484375,BINDING_VMAX,13,0.7521484375,1690.99901441,1756.11722565,0.994206574696,25,1.04999262511,13,CONVERGED_FEASIBLE,0.75234375,1691.26947556,1756.3421936,0.994208151017,25,1.05000581327,13,CONVERGED_INFEASIBLE,41,8,0,0.35179513248
17,2011-05-11 18:00:00,BASE,40,NaN,NaN,BASE_PREREGISTERED,RAY_CERTIFIED_BOUNDARY,NO_RE_ENTRY_DETECTED_AT_SWEEP_RESOLUTION_DELTA,0.78095703125,BINDING_VMAX,13,0.78095703125,1606.04200015,2046.18472549,0.994877897031,25,1.04999385752,13,CONVERGED_FEASIBLE,0.7810546875,1606.16161862,2046.32933211,0.994878732434,25,1.05000020145,13,CONVERGED_INFEASIBLE,41,9,0,0.187668992107
17,2011-05-11 18:00:00,BASE,50,NaN,NaN,BASE_PREREGISTERED,RAY_CERTIFIED_BOUNDARY,NO_RE_ENTRY_DETECTED_AT_SWEEP_RESOLUTION_DELTA,0.83984375,BINDING_VMAX,13,0.83984375,1512.65069934,2371.85052071,0.995616345307,25,1.04999077483,13,CONVERGED_FEASIBLE,0.8400390625,1512.85144296,2372.19519162,0.995618050589,25,1.0500025406,13,CONVERGED_INFEASIBLE,41,8,0,0.398868443447
17,2011-05-11 18:00:00,BASE,60,NaN,NaN,BASE_PREREGISTERED,RAY_CERTIFIED_BOUNDARY,NO_RE_ENTRY_DETECTED_AT_SWEEP_RESOLUTION_DELTA,0.8548828125,BINDING_VMAX,30,0.8548828125,1332.92525482,2595.28963414,0.995746711953,25,1.04999426241,30,CONVERGED_FEASIBLE,0.855078125,1333.08140564,2595.67929007,0.995748411581,25,1.05000660226,30,CONVERGED_INFEASIBLE,41,8,0,0.419779492514
17,2011-05-11 18:00:00,BASE,70,NaN,NaN,BASE_PREREGISTERED,RAY_CERTIFIED_BOUNDARY,NO_RE_ENTRY_DETECTED_AT_SWEEP_RESOLUTION_DELTA,0.832421875,BINDING_VMAX,30,0.832421875,1104.69204983,2691.74543624,0.995315026141,25,1.0499989033,30,CONVERGED_FEASIBLE,0.83251953125,1104.74545655,2691.95683697,0.995315852608,25,1.05000524269,30,CONVERGED_INFEASIBLE,41,9,0,0.218042533401
17,2011-05-11 18:00:00,BASE,80,NaN,NaN,BASE_PREREGISTERED,RAY_CERTIFIED_BOUNDARY,NO_RE_ENTRY_DETECTED_AT_SWEEP_RESOLUTION_DELTA,0.83671875,BINDING_VMAX,30,0.83671875,881.777057936,2788.00763392,0.994883635016,25,1.04999727021,30,CONVERGED_FEASIBLE,0.8369140625,881.831288546,2788.4507343,0.994885183884,25,1.05000987484,30,CONVERGED_INFEASIBLE,41,8,0,0.446406655282
17,2011-05-11 18:00:00,BASE,90,NaN,NaN,BASE_PREREGISTERED,RAY_CERTIFIED_BOUNDARY,NO_RE_ENTRY_DETECTED_AT_SWEEP_RESOLUTION_DELTA,0.86865234375,BINDING_VMAX,30,0.86865234375,649.453125,2890.85559845,0.994424065039,25,1.04999560564,30,CONVERGED_FEASIBLE,0.86875,649.453125,2891.08056641,0.994424760047,25,1.0500016644,30,CONVERGED_INFEASIBLE,41,9,0,0.224967956543
17,2011-05-11 18:00:00,BASE,100,NaN,NaN,BASE_PREREGISTERED,RAY_CERTIFIED_BOUNDARY,NO_RE_ENTRY_DETECTED_AT_SWEEP_RESOLUTION_DELTA,0.9341796875,BINDING_VMAX,30,0.9341796875,390.068117709,3009.11472133,0.993899003117,25,1.04999970068,30,CONVERGED_FEASIBLE,0.93427734375,390.041002404,3009.33627152,0.993899592881,25,1.05000531345,30,CONVERGED_INFEASIBLE,41,9,0,0.223203327641
17,2011-05-11 18:00:00,BASE,110,NaN,NaN,BASE_PREREGISTERED,RAY_CERTIFIED_BOUNDARY,NO_RE_ENTRY_DETECTED_AT_SWEEP_RESOLUTION_DELTA,1.0470703125,BINDING_VMAX,30,1.0470703125,76.8262183846,3156.40423787,0.993245008876,25,1.0499955981,30,CONVERGED_FEASIBLE,1.047265625,76.7194049344,3156.82703933,0.99324592921,25,1.05000554066,30,CONVERGED_INFEASIBLE,41,8,0,0.436085066802
17,2011-05-11 18:00:00,BASE,120,NaN,NaN,BASE_PREREGISTERED,RAY_CERTIFIED_BOUNDARY,NO_RE_ENTRY_DETECTED_AT_SWEEP_RESOLUTION_DELTA,1.2392578125,BINDING_VMAX,30,1.2392578125,-341.323814392,3362.13250597,0.977071526681,18,1.04999518932,30,CONVERGED_FEASIBLE,1.239453125,-341.47996521,3362.5221619,0.977068636268,18,1.05000346529,30,CONVERGED_INFEASIBLE,41,8,0,0.419779492514
17,2011-05-11 18:00:00,BASE,130,NaN,NaN,BASE_PREREGISTERED,RAY_CERTIFIED_BOUNDARY,NO_RE_ENTRY_DETECTED_AT_SWEEP_RESOLUTION_DELTA,1.5947265625,BINDING_VMAX,30,1.5947265625,-989.618548139,3704.00357232,0.949060275125,18,1.04999491223,30,CONVERGED_FEASIBLE,1.594921875,-989.819291761,3704.34824323,0.949054051194,18,1.05000109696,30,CONVERGED_INFEASIBLE,41,8,0,0.398868443447
17,2011-05-11 18:00:00,BASE,140,NaN,NaN,BASE_PREREGISTERED,RAY_UNBOUNDED_WITHIN_GUARD,NO_RE_ENTRY_DETECTED_AT_SWEEP_RESOLUTION_DELTA,NaN,RAY_UNBOUNDED_WITHIN_GUARD,,NaN,NaN,NaN,NaN,,NaN,,,NaN,NaN,NaN,NaN,,NaN,,,41,0,0,NaN
17,2011-05-11 18:00:00,BASE,150,NaN,NaN,BASE_PREREGISTERED,RAY_CERTIFIED_BOUNDARY,NO_RE_ENTRY_DETECTED_AT_SWEEP_RESOLUTION_DELTA,1.68427734375,BINDING_VMIN,18,1.68427734375,-1682.86860372,2829.77679825,0.900004109459,18,1.01516217827,30,CONVERGED_FEASIBLE,1.684375,-1683.00383429,2829.88928223,0.899997726207,18,1.01516307829,30,CONVERGED_INFEASIBLE,41,9,0,0.17589756624
17,2011-05-11 18:00:00,BASE,160,NaN,NaN,BASE_PREREGISTERED,RAY_CERTIFIED_BOUNDARY,NO_RE_ENTRY_DETECTED_AT_SWEEP_RESOLUTION_DELTA,1.421875,BINDING_VMIN,18,1.421875,-1486.99058488,2010.0640441,0.900003186319,18,1,1,CONVERGED_FEASIBLE,1.42197265625,-1487.13731865,2010.14098767,0.899995811752,18,1,1,CONVERGED_INFEASIBLE,41,9,0,0.165683774164
17,2011-05-11 18:00:00,BASE,170,NaN,NaN,BASE_PREREGISTERED,RAY_CERTIFIED_BOUNDARY,NO_RE_ENTRY_DETECTED_AT_SWEEP_RESOLUTION_DELTA,1.2578125,BINDING_VMIN,18,1.2578125,-1331.21441969,1392.92637585,0.900008541697,18,1,1,CONVERGED_FEASIBLE,1.2580078125,-1331.52197677,1393.0045064,0.899992127152,18,1,1,CONVERGED_INFEASIBLE,41,8,0,0.317325913994
17,2011-05-11 18:00:00,BASE,180,NaN,NaN,BASE_PREREGISTERED,RAY_CERTIFIED_BOUNDARY,NO_RE_ENTRY_DETECTED_AT_SWEEP_RESOLUTION_DELTA,1.15576171875,BINDING_VMIN,18,1.15576171875,-1198.5918045,889.765625,0.900002901954,18,1,1,CONVERGED_FEASIBLE,1.155859375,-1198.74795532,889.765625,0.899994058632,18,1,1,CONVERGED_INFEASIBLE,41,9,0,0.156150817871
17,2011-05-11 18:00:00,BASE,190,NaN,NaN,BASE_PREREGISTERED,RAY_CERTIFIED_BOUNDARY,NO_RE_ENTRY_DETECTED_AT_SWEEP_RESOLUTION_DELTA,1.0970703125,BINDING_VMIN,18,1.0970703125,-1078.09494931,450.906317931,0.900007551575,18,1,1,CONVERGED_FEASIBLE,1.09716796875,-1078.24872784,450.867252655,0.899998294827,18,1,1,CONVERGED_INFEASIBLE,41,9,0,0.158662956997
17,2011-05-11 18:00:00,BASE,200,NaN,NaN,BASE_PREREGISTERED,RAY_CERTIFIED_BOUNDARY,NO_RE_ENTRY_DETECTED_AT_SWEEP_RESOLUTION_DELTA,1.07275390625,BINDING_VMIN,18,1.07275390625,-962.417352545,44.5404784455,0.900005928407,18,1,1,CONVERGED_FEASIBLE,1.0728515625,-962.564086317,44.4635348728,0.899996495161,18,1,1,CONVERGED_INFEASIBLE,41,9,0,0.165683774164
17,2011-05-11 18:00:00,BASE,210,NaN,NaN,BASE_PREREGISTERED,RAY_CERTIFIED_BOUNDARY,NO_RE_ENTRY_DETECTED_AT_SWEEP_RESOLUTION_DELTA,1.0791015625,BINDING_VMIN,18,1.0791015625,-844.844729834,-353.1823349,0.900009841595,18,1,1,CONVERGED_FEASIBLE,1.079296875,-845.115190984,-353.407302856,0.89999110371,18,1,1,CONVERGED_INFEASIBLE,41,8,0,0.35179513248
17,2011-05-11 18:00:00,BASE,220,NaN,NaN,BASE_PREREGISTERED,RAY_CERTIFIED_BOUNDARY,NO_RE_ENTRY_DETECTED_AT_SWEEP_RESOLUTION_DELTA,1.1169921875,BINDING_VMIN,18,1.1169921875,-718.742892753,-764.244837854,0.900000719488,18,1,1,CONVERGED_FEASIBLE,1.11708984375,-718.862511219,-764.389444469,0.899991647622,18,1,1,CONVERGED_INFEASIBLE,41,9,0,0.187668992107
17,2011-05-11 18:00:00,BASE,230,NaN,NaN,BASE_PREREGISTERED,RAY_CERTIFIED_BOUNDARY,NO_RE_ENTRY_DETECTED_AT_SWEEP_RESOLUTION_DELTA,1.167578125,BINDING_VMIN,33,1.167578125,-550.592246957,-1170.67705094,0.900009343634,33,1,1,CONVERGED_FEASIBLE,1.1677734375,-550.792990579,-1171.02172185,0.89999240344,33,1,1,CONVERGED_INFEASIBLE,41,8,0,0.398868443447
17,2011-05-11 18:00:00,BASE,240,NaN,NaN,BASE_PREREGISTERED,RAY_CERTIFIED_BOUNDARY,NO_RE_ENTRY_DETECTED_AT_SWEEP_RESOLUTION_DELTA,1.10419921875,BINDING_VMIN,33,1.10419921875,-233.345523834,-1313.15417982,0.900005407912,33,1,1,CONVERGED_FEASIBLE,1.104296875,-233.423599243,-1313.34900778,0.899996482402,33,1,1,CONVERGED_INFEASIBLE,41,9,0,0.209889746257
17,2011-05-11 18:00:00,BASE,250,NaN,NaN,BASE_PREREGISTERED,RAY_CERTIFIED_BOUNDARY,NO_RE_ENTRY_DETECTED_AT_SWEEP_RESOLUTION_DELTA,1.07607421875,BINDING_VMIN,33,1.07607421875,60.9644210273,-1439.65900429,0.900007495475,33,1,1,CONVERGED_FEASIBLE,1.076171875,60.9110143022,-1439.87040502,0.899998341806,33,1,1,CONVERGED_INFEASIBLE,41,9,0,0.218042533401
17,2011-05-11 18:00:00,BASE,260,NaN,NaN,BASE_PREREGISTERED,RAY_CERTIFIED_BOUNDARY,NO_RE_ENTRY_DETECTED_AT_SWEEP_RESOLUTION_DELTA,1.0794921875,BINDING_VMIN,33,1.0794921875,349.720543922,-1559.25015075,0.900001975192,33,1,1,CONVERGED_FEASIBLE,1.07958984375,349.693428617,-1559.47170094,0.899992835239,33,1,1,CONVERGED_INFEASIBLE,41,9,0,0.223203327641
17,2011-05-11 18:00:00,BASE,270,NaN,NaN,BASE_PREREGISTERED,RAY_CERTIFIED_BOUNDARY,NO_RE_ENTRY_DETECTED_AT_SWEEP_RESOLUTION_DELTA,1.11494140625,BINDING_VMIN,33,1.11494140625,649.453125,-1678.69353485,0.900001846102,33,1,1,CONVERGED_FEASIBLE,1.1150390625,649.453125,-1678.91850281,0.899992965233,33,1,1,CONVERGED_INFEASIBLE,41,9,0,0.224967956543
17,2011-05-11 18:00:00,BASE,280,NaN,NaN,BASE_PREREGISTERED,RAY_CERTIFIED_BOUNDARY,NO_RE_ENTRY_DETECTED_AT_SWEEP_RESOLUTION_DELTA,1.187890625,BINDING_VMIN,33,1.187890625,979.283694588,-1805.17085919,0.900002472973,33,1,1,CONVERGED_FEASIBLE,1.18798828125,979.310809893,-1805.39240938,0.899994089084,33,1,1,CONVERGED_INFEASIBLE,41,9,0,0.223203327641
17,2011-05-11 18:00:00,BASE,290,NaN,NaN,BASE_PREREGISTERED,RAY_CERTIFIED_BOUNDARY,NO_RE_ENTRY_DETECTED_AT_SWEEP_RESOLUTION_DELTA,1.31064453125,BINDING_VMIN,33,1.31064453125,1366.22478268,-1947.44355457,0.900004645413,33,1,1,CONVERGED_FEASIBLE,1.3107421875,1366.27818941,-1947.6549553,0.899996978973,33,1,1,CONVERGED_INFEASIBLE,41,9,0,0.218042533401
17,2011-05-11 18:00:00,BASE,300,NaN,NaN,BASE_PREREGISTERED,RAY_CERTIFIED_BOUNDARY,NO_RE_ENTRY_DETECTED_AT_SWEEP_RESOLUTION_DELTA,1.5080078125,BINDING_VMIN,33,1.5080078125,1855.09358978,-2118.76781676,0.900002801783,33,1.00338132104,13,CONVERGED_FEASIBLE,1.50810546875,1855.17166519,-2118.96264473,0.899996045324,33,1.00338131123,13,CONVERGED_INFEASIBLE,41,9,0,0.209889746257
17,2011-05-11 18:00:00,BASE,310,NaN,NaN,BASE_PREREGISTERED,RAY_CERTIFIED_BOUNDARY,NO_RE_ENTRY_DETECTED_AT_SWEEP_RESOLUTION_DELTA,1.8310546875,BINDING_VMIN,33,1.8310546875,2531.42458069,-2341.52411855,0.900007139063,33,1.02679302725,13,CONVERGED_FEASIBLE,1.83125,2531.62532431,-2341.86878946,0.899995752326,33,1.02679517188,13,CONVERGED_INFEASIBLE,41,8,0,0.398868443447
17,2011-05-11 18:00:00,BASE,320,NaN,NaN,BASE_PREREGISTERED,RAY_CERTIFIED_BOUNDARY,NO_RE_ENTRY_DETECTED_AT_SWEEP_RESOLUTION_DELTA,1.885546875,BINDING_VMAX,13,1.885546875,2959.04647268,-1902.29889824,0.922587324444,33,1.04999307989,13,CONVERGED_FEASIBLE,1.8859375,2959.52494655,-1902.8773247,0.922570961569,33,1.05000201799,13,CONVERGED_INFEASIBLE,41,7,0,0.750675968428
17,2011-05-11 18:00:00,BASE,330,NaN,NaN,BASE_PREREGISTERED,RAY_CERTIFIED_BOUNDARY,NO_RE_ENTRY_DETECTED_AT_SWEEP_RESOLUTION_DELTA,1.312109375,BINDING_VMAX,13,1.312109375,2466.41113202,-621.569107056,0.962823062174,33,1.04999191093,13,CONVERGED_FEASIBLE,1.3125,2466.95205432,-622.019042969,0.962814073872,33,1.05000624484,13,CONVERGED_INFEASIBLE,41,7,0,0.70359026496
17,2011-05-11 18:00:00,BASE,340,NaN,NaN,BASE_PREREGISTERED,RAY_CERTIFIED_BOUNDARY,NO_RE_ENTRY_DETECTED_AT_SWEEP_RESOLUTION_DELTA,1.0501953125,BINDING_VMAX,13,1.0501953125,2227.42810138,62.3144437486,0.982644937821,33,1.04999877871,13,CONVERGED_FEASIBLE,1.050390625,2227.72156892,62.1605566031,0.982643363591,33,1.05000800368,13,CONVERGED_INFEASIBLE,41,8,0,0.331367548327
17,2011-05-11 18:00:00,BASE,350,NaN,NaN,BASE_PREREGISTERED,RAY_CERTIFIED_BOUNDARY,NO_RE_ENTRY_DETECTED_AT_SWEEP_RESOLUTION_DELTA,0.9037109375,BINDING_VMAX,13,0.9037109375,2072.51969787,528.255563791,0.991214753294,25,1.04999959695,13,CONVERGED_FEASIBLE,0.90380859375,2072.67347641,528.216498516,0.991215092343,25,1.05000502493,13,CONVERGED_INFEASIBLE,41,9,0,0.158662956997
18,2012-08-04 03:30:00,BASE,0,NaN,NaN,BASE_PREREGISTERED,RAY_CERTIFIED_BOUNDARY,NO_RE_ENTRY_DETECTED_AT_SWEEP_RESOLUTION_DELTA,1.041015625,BINDING_VMAX,13,1.041015625,1514.92965698,-200.15625,0.999461936247,22,1.04999328622,13,CONVERGED_FEASIBLE,1.0412109375,1515.23884583,-200.15625,0.999462090505,22,1.0500053944,13,CONVERGED_INFEASIBLE,41,8,0,0.309188842774
18,2012-08-04 03:30:00,BASE,10,NaN,NaN,BASE_PREREGISTERED,RAY_CERTIFIED_BOUNDARY,NO_RE_ENTRY_DETECTED_AT_SWEEP_RESOLUTION_DELTA,0.97744140625,BINDING_VMAX,13,0.97744140625,1390.7811846,184.788170136,0.999615550608,22,1.04999590929,13,CONVERGED_FEASIBLE,0.9775390625,1390.93343039,184.826629964,0.999615647814,22,1.05000238382,13,CONVERGED_INFEASIBLE,41,9,0,0.157028460344
18,2012-08-04 03:30:00,BASE,20,NaN,NaN,BASE_PREREGISTERED,RAY_CERTIFIED_BOUNDARY,NO_RE_ENTRY_DETECTED_AT_SWEEP_RESOLUTION_DELTA,0.9501953125,BINDING_VMAX,13,0.9501953125,1280.44226093,536.901699234,0.999752389287,22,1.04999530507,13,CONVERGED_FEASIBLE,0.950390625,1280.7328034,537.053201382,0.999752615854,22,1.05000864889,13,CONVERGED_INFEASIBLE,41,8,0,0.327670306845
18,2012-08-04 03:30:00,BASE,30,NaN,NaN,BASE_PREREGISTERED,RAY_CERTIFIED_BOUNDARY,NO_RE_ENTRY_DETECTED_AT_SWEEP_RESOLUTION_DELTA,0.954296875,BINDING_VMAX,13,0.954296875,1175.25483231,882.001495361,0.999883349068,22,1.04999785218,13,CONVERGED_FEASIBLE,0.95439453125,1175.388715,882.112236023,0.999883474098,22,1.05000449645,13,CONVERGED_INFEASIBLE,41,9,0,0.17374714524
18,2012-08-04 03:30:00,BASE,40,NaN,NaN,BASE_PREREGISTERED,RAY_CERTIFIED_BOUNDARY,NO_RE_ENTRY_DETECTED_AT_SWEEP_RESOLUTION_DELTA,0.990234375,BINDING_VMAX,13,0.990234375,1067.79476705,1243.42941662,1,1,1.04999353847,13,CONVERGED_FEASIBLE,0.9904296875,1068.03161944,1243.71414752,1,1,1.05000632543,13,CONVERGED_INFEASIBLE,41,8,0,0.370365687912
18,2012-08-04 03:30:00,BASE,50,NaN,NaN,BASE_PREREGISTERED,RAY_CERTIFIED_BOUNDARY,NO_RE_ENTRY_DETECTED_AT_SWEEP_RESOLUTION_DELTA,1.06484375,BINDING_VMAX,13,1.06484375,950.498637189,1649.86586062,1,1,1.04999766697,13,CONVERGED_FEASIBLE,1.0650390625,950.697379947,1650.2051897,1,1,1.05000951876,13,CONVERGED_INFEASIBLE,41,8,0,0.393246619685
18,2012-08-04 03:30:00,BASE,60,NaN,NaN,BASE_PREREGISTERED,RAY_CERTIFIED_BOUNDARY,NO_RE_ENTRY_DETECTED_AT_SWEEP_RESOLUTION_DELTA,1.005859375,BINDING_VMAX,30,1.005859375,663.114395142,1775.47080963,1,1,1.04999323954,30,CONVERGED_FEASIBLE,1.0060546875,663.268989563,1775.85442654,1,1,1.05000567256,30,CONVERGED_INFEASIBLE,41,8,0,0.4135956537
18,2012-08-04 03:30:00,BASE,70,NaN,NaN,BASE_PREREGISTERED,RAY_CERTIFIED_BOUNDARY,NO_RE_ENTRY_DETECTED_AT_SWEEP_RESOLUTION_DELTA,0.9806640625,BINDING_VMAX,30,0.9806640625,397.917911659,1889.82862426,0.999999955602,22,1.04999418667,30,CONVERGED_FEASIBLE,0.980859375,398.023660471,1890.24487299,1,1,1.05000694693,30,CONVERGED_INFEASIBLE,41,8,0,0.429471555156
18,2012-08-04 03:30:00,BASE,80,NaN,NaN,BASE_PREREGISTERED,RAY_CERTIFIED_BOUNDARY,NO_RE_ENTRY_DETECTED_AT_SWEEP_RESOLUTION_DELTA,0.9873046875,BINDING_VMAX,30,0.9873046875,138.356474863,2005.00181043,0.99991856065,22,1.0499954548,30,CONVERGED_FEASIBLE,0.9875,138.410164943,2005.43804348,0.999918807074,22,1.0500081209,30,CONVERGED_INFEASIBLE,41,8,0,0.439524626436
18,2012-08-04 03:30:00,BASE,90,NaN,NaN,BASE_PREREGISTERED,RAY_CERTIFIED_BOUNDARY,NO_RE_ENTRY_DETECTED_AT_SWEEP_RESOLUTION_DELTA,1.026953125,BINDING_VMAX,30,1.026953125,-133.046875,2128.94134521,0.999831119141,22,1.04999335528,30,CONVERGED_FEASIBLE,1.0271484375,-133.046875,2129.38430786,0.999831339789,22,1.05000550525,30,CONVERGED_INFEASIBLE,41,8,0,0.442962646484
18,2012-08-04 03:30:00,BASE,100,NaN,NaN,BASE_PREREGISTERED,RAY_CERTIFIED_BOUNDARY,NO_RE_ENTRY_DETECTED_AT_SWEEP_RESOLUTION_DELTA,1.1072265625,BINDING_VMAX,30,1.1072265625,-437.415933432,2272.84890224,0.996664330554,18,1.04999598601,30,CONVERGED_FEASIBLE,1.107421875,-437.469623511,2273.28513529,0.996667022906,18,1.05000720445,30,CONVERGED_INFEASIBLE,41,8,0,0.439524626435
18,2012-08-04 03:30:00,BASE,110,NaN,NaN,BASE_PREREGISTERED,RAY_CERTIFIED_BOUNDARY,NO_RE_ENTRY_DETECTED_AT_SWEEP_RESOLUTION_DELTA,1.2458984375,BINDING_VMAX,30,1.2458984375,-807.61854879,2455.09439985,0.981445364061,18,1.04999635579,30,CONVERGED_FEASIBLE,1.24609375,-807.724297602,2455.51064858,0.981445277908,18,1.05000623636,30,CONVERGED_INFEASIBLE,41,8,0,0.429471555156
18,2012-08-04 03:30:00,BASE,120,NaN,NaN,BASE_PREREGISTERED,RAY_CERTIFIED_BOUNDARY,NO_RE_ENTRY_DETECTED_AT_SWEEP_RESOLUTION_DELTA,1.4845703125,BINDING_VMAX,30,1.4845703125,-1308.11907196,2715.71584326,0.959848567716,18,1.04999678647,30,CONVERGED_FEASIBLE,1.484765625,-1308.27366638,2716.09946016,0.959845367409,18,1.05000491637,30,CONVERGED_INFEASIBLE,41,8,0,0.4135956537
18,2012-08-04 03:30:00,BASE,130,NaN,NaN,BASE_PREREGISTERED,RAY_CERTIFIED_BOUNDARY,NO_RE_ENTRY_DETECTED_AT_SWEEP_RESOLUTION_DELTA,1.94140625,BINDING_VMAX,30,1.94140625,-2108.54988145,3172.77474406,0.922385702145,18,1.04999107238,30,CONVERGED_FEASIBLE,1.941796875,-2108.94736696,3173.4534022,0.922371618612,18,1.05000280078,30,CONVERGED_INFEASIBLE,41,7,0,0.78649323937
18,2012-08-04 03:30:00,BASE,140,NaN,NaN,BASE_PREREGISTERED,RAY_CERTIFIED_BOUNDARY,NO_RE_ENTRY_DETECTED_AT_SWEEP_RESOLUTION_DELTA,1.805859375,BINDING_VMIN,18,1.805859375,-2322.98411807,2432.465658,0.900005874456,18,1.02597972822,30,CONVERGED_FEASIBLE,1.8060546875,-2323.22097046,2432.7503889,0.899995479079,18,1.02598362988,30,CONVERGED_INFEASIBLE,41,8,0,0.370365687912
18,2012-08-04 03:30:00,BASE,150,NaN,NaN,BASE_PREREGISTERED,RAY_CERTIFIED_BOUNDARY,NO_RE_ENTRY_DETECTED_AT_SWEEP_RESOLUTION_DELTA,1.42158203125,BINDING_VMIN,18,1.42158203125,-2081.97728365,1411.89556122,0.900003883268,18,1.000413672,30,CONVERGED_FEASIBLE,1.4216796875,-2082.11116634,1412.00630188,0.899997540117,18,1.00041465031,30,CONVERGED_INFEASIBLE,41,9,0,0.17374714524
18,2012-08-04 03:30:00,BASE,160,NaN,NaN,BASE_PREREGISTERED,RAY_CERTIFIED_BOUNDARY,NO_RE_ENTRY_DETECTED_AT_SWEEP_RESOLUTION_DELTA,1.194140625,BINDING_VMIN,18,1.194140625,-1909.42356094,726.127881885,0.900003458941,18,1,1,CONVERGED_FEASIBLE,1.19423828125,-1909.56883217,726.203632959,0.899996075853,18,1,1,CONVERGED_INFEASIBLE,41,9,0,0.163835153423
18,2012-08-04 03:30:00,BASE,170,NaN,NaN,BASE_PREREGISTERED,RAY_CERTIFIED_BOUNDARY,NO_RE_ENTRY_DETECTED_AT_SWEEP_RESOLUTION_DELTA,1.05283203125,BINDING_VMIN,18,1.05283203125,-1774.40868043,214.479157482,0.900004143787,18,1,1,CONVERGED_FEASIBLE,1.0529296875,-1774.56092622,214.51761731,0.899995883427,18,1,1,CONVERGED_INFEASIBLE,41,9,0,0.157028460345
18,2012-08-04 03:30:00,BASE,180,NaN,NaN,BASE_PREREGISTERED,RAY_CERTIFIED_BOUNDARY,NO_RE_ENTRY_DETECTED_AT_SWEEP_RESOLUTION_DELTA,0.9650390625,BINDING_VMIN,18,0.9650390625,-1660.74894714,-200.15625,0.90000072431,18,1,1,CONVERGED_FEASIBLE,0.96513671875,-1660.90354156,-200.15625,0.899991789216,18,1,1,CONVERGED_INFEASIBLE,41,9,0,0.154594421387
18,2012-08-04 03:30:00,BASE,190,NaN,NaN,BASE_PREREGISTERED,RAY_CERTIFIED_BOUNDARY,NO_RE_ENTRY_DETECTED_AT_SWEEP_RESOLUTION_DELTA,0.91435546875,BINDING_VMIN,18,0.91435546875,-1558.52415765,-560.255621139,0.900004448116,18,1,1,CONVERGED_FEASIBLE,0.914453125,-1558.67640344,-560.294080968,0.899995068416,18,1,1,CONVERGED_INFEASIBLE,41,9,0,0.157028460344
18,2012-08-04 03:30:00,BASE,200,NaN,NaN,BASE_PREREGISTERED,RAY_CERTIFIED_BOUNDARY,NO_RE_ENTRY_DETECTED_AT_SWEEP_RESOLUTION_DELTA,0.8927734375,BINDING_VMIN,18,0.8927734375,-1461.11652358,-892.67256777,0.900009038877,18,1,1,CONVERGED_FEASIBLE,0.89287109375,-1461.26179482,-892.748318844,0.899999460661,18,1,1,CONVERGED_INFEASIBLE,41,9,0,0.163835153423
18,2012-08-04 03:30:00,BASE,210,NaN,NaN,BASE_PREREGISTERED,RAY_CERTIFIED_BOUNDARY,NO_RE_ENTRY_DETECTED_AT_SWEEP_RESOLUTION_DELTA,0.89716796875,BINDING_VMIN,18,0.89716796875,-1363.02720503,-1217.53070831,0.900007005077,18,1,1,CONVERGED_FEASIBLE,0.897265625,-1363.16108772,-1217.64144897,0.89999747953,18,1,1,CONVERGED_INFEASIBLE,41,9,0,0.17374714524
18,2012-08-04 03:30:00,BASE,220,NaN,NaN,BASE_PREREGISTERED,RAY_CERTIFIED_BOUNDARY,NO_RE_ENTRY_DETECTED_AT_SWEEP_RESOLUTION_DELTA,0.9279296875,BINDING_VMIN,18,0.9279296875,-1258.33260308,-1552.91275929,0.900008610341,18,1,1,CONVERGED_FEASIBLE,0.928125,-1258.56945547,-1553.19749019,0.899990155338,18,1,1,CONVERGED_INFEASIBLE,41,8,0,0.370365687912
18,2012-08-04 03:30:00,BASE,230,NaN,NaN,BASE_PREREGISTERED,RAY_CERTIFIED_BOUNDARY,NO_RE_ENTRY_DETECTED_AT_SWEEP_RESOLUTION_DELTA,0.989453125,BINDING_VMIN,18,0.989453125,-1139.87768291,-1919.19733812,0.900003677103,18,1,1,CONVERGED_FEASIBLE,0.98955078125,-1139.97705429,-1919.36700265,0.899994974582,18,1,1,CONVERGED_INFEASIBLE,41,9,0,0.196623309843
18,2012-08-04 03:30:00,BASE,240,NaN,NaN,BASE_PREREGISTERED,RAY_CERTIFIED_BOUNDARY,NO_RE_ENTRY_DETECTED_AT_SWEEP_RESOLUTION_DELTA,0.9615234375,BINDING_VMIN,33,0.9615234375,-894.115211487,-2088.70227225,0.900005295616,33,1,1,CONVERGED_FEASIBLE,0.96162109375,-894.192508698,-2088.8940807,0.89999621965,33,1,1,CONVERGED_INFEASIBLE,41,9,0,0.20679782685
18,2012-08-04 03:30:00,BASE,250,NaN,NaN,BASE_PREREGISTERED,RAY_CERTIFIED_BOUNDARY,NO_RE_ENTRY_DETECTED_AT_SWEEP_RESOLUTION_DELTA,0.938671875,BINDING_VMIN,33,0.938671875,-641.27566701,-2200.64764727,0.900008463518,33,1,1,CONVERGED_FEASIBLE,0.93876953125,-641.328541416,-2200.85577163,0.899999174344,33,1,1,CONVERGED_INFEASIBLE,41,9,0,0.214735777578
18,2012-08-04 03:30:00,BASE,260,NaN,NaN,BASE_PREREGISTERED,RAY_CERTIFIED_BOUNDARY,NO_RE_ENTRY_DETECTED_AT_SWEEP_RESOLUTION_DELTA,0.943359375,BINDING_VMIN,33,0.943359375,-392.369957065,-2307.16187451,0.900008034015,33,1,1,CONVERGED_FEASIBLE,0.94345703125,-392.396802105,-2307.37999103,0.899998779873,33,1,1,CONVERGED_INFEASIBLE,41,9,0,0.219762313218
18,2012-08-04 03:30:00,BASE,270,NaN,NaN,BASE_PREREGISTERED,RAY_CERTIFIED_BOUNDARY,NO_RE_ENTRY_DETECTED_AT_SWEEP_RESOLUTION_DELTA,0.9763671875,BINDING_VMIN,33,0.9763671875,-133.046875,-2414.52651978,0.900004248014,33,1,1,CONVERGED_FEASIBLE,0.97646484375,-133.046875,-2414.7480011,0.899995279044,33,1,1,CONVERGED_INFEASIBLE,41,9,0,0.221481323242
18,2012-08-04 03:30:00,BASE,280,NaN,NaN,BASE_PREREGISTERED,RAY_CERTIFIED_BOUNDARY,NO_RE_ENTRY_DETECTED_AT_SWEEP_RESOLUTION_DELTA,1.04267578125,BINDING_VMIN,33,1.04267578125,153.577612289,-2528.9863797,0.900006063792,33,1,1,CONVERGED_FEASIBLE,1.0427734375,153.604457329,-2529.20449622,0.89999762181,33,1,1,CONVERGED_INFEASIBLE,41,9,0,0.219762313218
18,2012-08-04 03:30:00,BASE,290,NaN,NaN,BASE_PREREGISTERED,RAY_CERTIFIED_BOUNDARY,NO_RE_ENTRY_DETECTED_AT_SWEEP_RESOLUTION_DELTA,1.1537109375,BINDING_VMIN,33,1.1537109375,491.611359375,-2658.9374992,0.900007390915,33,1,1,CONVERGED_FEASIBLE,1.15390625,491.717108187,-2659.35374793,0.899992006623,33,1,1,CONVERGED_INFEASIBLE,41,8,0,0.429471555156
18,2012-08-04 03:30:00,BASE,300,NaN,NaN,BASE_PREREGISTERED,RAY_CERTIFIED_BOUNDARY,NO_RE_ENTRY_DETECTED_AT_SWEEP_RESOLUTION_DELTA,1.332421875,BINDING_VMIN,33,1.332421875,921.5962677,-2817.19077443,0.900001165346,33,1,1,CONVERGED_FEASIBLE,1.33251953125,921.673564911,-2817.38258288,0.899994416801,33,1,1,CONVERGED_INFEASIBLE,41,9,0,0.20679782685
18,2012-08-04 03:30:00,BASE,310,NaN,NaN,BASE_PREREGISTERED,RAY_CERTIFIED_BOUNDARY,NO_RE_ENTRY_DETECTED_AT_SWEEP_RESOLUTION_DELTA,1.62626953125,BINDING_VMIN,33,1.62626953125,1521.78469273,-3025.5797834,0.900005507328,33,1.00855308097,13,CONVERGED_FEASIBLE,1.6263671875,1521.88406411,-3025.74944794,0.89999985497,33,1.00855427123,13,CONVERGED_INFEASIBLE,41,9,0,0.196623309843
18,2012-08-04 03:30:00,BASE,320,NaN,NaN,BASE_PREREGISTERED,RAY_UNBOUNDED_WITHIN_GUARD,NO_RE_ENTRY_DETECTED_AT_SWEEP_RESOLUTION_DELTA,NaN,RAY_UNBOUNDED_WITHIN_GUARD,,NaN,NaN,NaN,NaN,,NaN,,,NaN,NaN,NaN,NaN,,NaN,,,41,0,0,NaN
18,2012-08-04 03:30:00,BASE,330,NaN,NaN,BASE_PREREGISTERED,RAY_CERTIFIED_BOUNDARY,NO_RE_ENTRY_DETECTED_AT_SWEEP_RESOLUTION_DELTA,1.707421875,BINDING_VMAX,13,1.707421875,2207.75818544,-2136.34597778,0.943634553767,33,1.04999854321,13,CONVERGED_FEASIBLE,1.7076171875,2208.02595083,-2136.56745911,0.943629633553,33,1.05000543298,13,CONVERGED_INFEASIBLE,41,8,0,0.347494290481
18,2012-08-04 03:30:00,BASE,340,NaN,NaN,BASE_PREREGISTERED,RAY_CERTIFIED_BOUNDARY,NO_RE_ENTRY_DETECTED_AT_SWEEP_RESOLUTION_DELTA,1.34921875,BINDING_VMAX,13,1.34921875,1874.02053528,-1246.73308727,0.97113251902,33,1.04999808315,13,CONVERGED_FEASIBLE,1.3494140625,1874.31107775,-1246.88458942,0.971130812412,33,1.05000719379,13,CONVERGED_INFEASIBLE,41,8,0,0.327670306845
18,2012-08-04 03:30:00,BASE,350,NaN,NaN,BASE_PREREGISTERED,RAY_CERTIFIED_BOUNDARY,NO_RE_ENTRY_DETECTED_AT_SWEEP_RESOLUTION_DELTA,1.1544921875,BINDING_VMAX,13,1.1544921875,1666.80279236,-654.828338605,0.988365882784,33,1.0499912713,13,CONVERGED_FEASIBLE,1.1546875,1667.10728393,-654.905258262,0.988366967234,33,1.05000210061,13,CONVERGED_INFEASIBLE,41,8,0,0.314056920689
19,2010-07-03 00:00:00,BASE,0,NaN,NaN,BASE_PREREGISTERED,RAY_CERTIFIED_BOUNDARY,NO_RE_ENTRY_DETECTED_AT_SWEEP_RESOLUTION_DELTA,0.9861328125,BINDING_VMAX,13,0.9861328125,1624.55700684,68.28125,0.998077534985,25,1.04999986014,13,CONVERGED_FEASIBLE,0.98623046875,1624.7119751,68.28125,0.998078024475,25,1.05000591,13,CONVERGED_INFEASIBLE,41,9,0,0.154968261719
19,2010-07-03 00:00:00,BASE,10,NaN,NaN,BASE_PREREGISTERED,RAY_CERTIFIED_BOUNDARY,NO_RE_ENTRY_DETECTED_AT_SWEEP_RESOLUTION_DELTA,0.926171875,BINDING_VMAX,13,0.926171875,1507.07816018,434.441505858,0.99889022079,22,1.0499906458,13,CONVERGED_FEASIBLE,0.9263671875,1507.38338807,434.518722276,0.998890414344,22,1.05000357727,13,CONVERGED_INFEASIBLE,41,8,0,0.314843518029
19,2010-07-03 00:00:00,BASE,20,NaN,NaN,BASE_PREREGISTERED,RAY_CERTIFIED_BOUNDARY,NO_RE_ENTRY_DETECTED_AT_SWEEP_RESOLUTION_DELTA,0.90078125,BINDING_VMAX,13,0.90078125,1402.9097351,769.704902488,0.999019552667,22,1.04999983547,13,CONVERGED_FEASIBLE,0.90087890625,1403.05535764,769.780945816,0.99901966547,22,1.05000649572,13,CONVERGED_INFEASIBLE,41,9,0,0.164281798977
19,2010-07-03 00:00:00,BASE,30,NaN,NaN,BASE_PREREGISTERED,RAY_CERTIFIED_BOUNDARY,NO_RE_ENTRY_DETECTED_AT_SWEEP_RESOLUTION_DELTA,0.9046875,BINDING_VMAX,13,0.9046875,1302.97606604,1098.14074707,0.999143155144,22,1.04999049943,13,CONVERGED_FEASIBLE,0.9048828125,1303.24447894,1098.36308289,0.999143404261,22,1.05000376225,13,CONVERGED_INFEASIBLE,41,8,0,0.348537948067
19,2010-07-03 00:00:00,BASE,40,NaN,NaN,BASE_PREREGISTERED,RAY_CERTIFIED_BOUNDARY,NO_RE_ENTRY_DETECTED_AT_SWEEP_RESOLUTION_DELTA,0.9390625,BINDING_VMAX,13,0.9390625,1201.22762841,1442.54907586,0.999270087607,22,1.04999848241,13,CONVERGED_FEASIBLE,0.93916015625,1201.34634098,1442.69199056,0.999270219328,22,1.05000486314,13,CONVERGED_INFEASIBLE,41,9,0,0.185788291389
19,2010-07-03 00:00:00,BASE,50,NaN,NaN,BASE_PREREGISTERED,RAY_CERTIFIED_BOUNDARY,NO_RE_ENTRY_DETECTED_AT_SWEEP_RESOLUTION_DELTA,1.009765625,BINDING_VMAX,13,1.009765625,1089.67225597,1829.38090857,0.999409139949,22,1.0499966153,13,CONVERGED_FEASIBLE,1.0099609375,1089.87147933,1829.72154681,0.999409408,22,1.05000844493,13,CONVERGED_INFEASIBLE,41,8,0,0.394619248114
19,2010-07-03 00:00:00,BASE,60,NaN,NaN,BASE_PREREGISTERED,RAY_CERTIFIED_BOUNDARY,NO_RE_ENTRY_DETECTED_AT_SWEEP_RESOLUTION_DELTA,0.96875,BINDING_VMAX,30,0.96875,828.330078125,1978.36201619,0.999351535488,22,1.04999130329,30,CONVERGED_FEASIBLE,0.9689453125,828.485046387,1978.74711311,0.99935180485,22,1.05000371262,30,CONVERGED_INFEASIBLE,41,8,0,0.415108186631
19,2010-07-03 00:00:00,BASE,70,NaN,NaN,BASE_PREREGISTERED,RAY_CERTIFIED_BOUNDARY,NO_RE_ENTRY_DETECTED_AT_SWEEP_RESOLUTION_DELTA,0.944140625,BINDING_VMAX,30,0.944140625,572.113418168,2088.19062903,0.999273788374,22,1.04999029651,30,CONVERGED_FEASIBLE,0.9443359375,572.219422702,2088.60848368,0.999274050333,22,1.05000303602,30,CONVERGED_INFEASIBLE,41,8,0,0.431091022814
19,2010-07-03 00:00:00,BASE,80,NaN,NaN,BASE_PREREGISTERED,RAY_CERTIFIED_BOUNDARY,NO_RE_ENTRY_DETECTED_AT_SWEEP_RESOLUTION_DELTA,0.9501953125,BINDING_VMAX,30,0.9501953125,321.521374251,2198.74292868,0.999195952384,22,1.04999355464,30,CONVERGED_FEASIBLE,0.950390625,321.575194163,2199.18084475,0.999196197684,22,1.05000620491,30,CONVERGED_INFEASIBLE,41,8,0,0.441210909891
19,2010-07-03 00:00:00,BASE,90,NaN,NaN,BASE_PREREGISTERED,RAY_CERTIFIED_BOUNDARY,NO_RE_ENTRY_DETECTED_AT_SWEEP_RESOLUTION_DELTA,0.987890625,BINDING_VMAX,30,0.987890625,59.6875,2317.43035889,0.999112458804,22,1.04999252502,30,CONVERGED_FEASIBLE,0.9880859375,59.6875,2317.87503052,0.99911267857,22,1.0500046664,30,CONVERGED_INFEASIBLE,41,8,0,0.444671630859
19,2010-07-03 00:00:00,BASE,100,NaN,NaN,BASE_PREREGISTERED,RAY_CERTIFIED_BOUNDARY,NO_RE_ENTRY_DETECTED_AT_SWEEP_RESOLUTION_DELTA,1.064453125,BINDING_VMAX,30,1.064453125,-233.631023056,2454.9238294,0.999016346615,22,1.04999723797,30,CONVERGED_FEASIBLE,1.0646484375,-233.684842969,2455.36174547,0.999016532415,22,1.05000845781,30,CONVERGED_INFEASIBLE,41,8,0,0.441210909891
19,2010-07-03 00:00:00,BASE,110,NaN,NaN,BASE_PREREGISTERED,RAY_CERTIFIED_BOUNDARY,NO_RE_ENTRY_DETECTED_AT_SWEEP_RESOLUTION_DELTA,1.196484375,BINDING_VMAX,30,1.196484375,-589.696276313,2628.05883707,0.984611969956,18,1.04999225138,30,CONVERGED_FEASIBLE,1.1966796875,-589.802280847,2628.47669172,0.984611907596,18,1.05000214761,30,CONVERGED_INFEASIBLE,41,8,0,0.431091022814
19,2010-07-03 00:00:00,BASE,120,NaN,NaN,BASE_PREREGISTERED,RAY_CERTIFIED_BOUNDARY,NO_RE_ENTRY_DETECTED_AT_SWEEP_RESOLUTION_DELTA,1.4232421875,BINDING_VMAX,30,1.4232421875,-1069.56622314,2874.48256919,0.964208874182,18,1.04999538237,30,CONVERGED_FEASIBLE,1.4234375,-1069.72119141,2874.86766612,0.964205755853,18,1.05000355009,30,CONVERGED_INFEASIBLE,41,8,0,0.415108186632
19,2010-07-03 00:00:00,BASE,130,NaN,NaN,BASE_PREREGISTERED,RAY_CERTIFIED_BOUNDARY,NO_RE_ENTRY_DETECTED_AT_SWEEP_RESOLUTION_DELTA,1.853125,BINDING_VMAX,30,1.853125,-1830.54371174,3300.25679363,0.929328450053,18,1.04999474861,30,CONVERGED_FEASIBLE,1.853515625,-1830.94215845,3300.93807009,0.929314819286,18,1.05000665062,30,CONVERGED_INFEASIBLE,41,7,0,0.789238496228
19,2010-07-03 00:00:00,BASE,140,NaN,NaN,BASE_PREREGISTERED,RAY_CERTIFIED_BOUNDARY,NO_RE_ENTRY_DETECTED_AT_SWEEP_RESOLUTION_DELTA,1.884765625,BINDING_VMIN,18,1.884765625,-2231.46521196,2826.53510181,0.900005988121,18,1.03043536464,30,CONVERGED_FEASIBLE,1.8849609375,-2231.70263712,2826.82093123,0.899995547445,18,1.03043919402,30,CONVERGED_INFEASIBLE,41,8,0,0.371576582779
19,2010-07-03 00:00:00,BASE,150,NaN,NaN,BASE_PREREGISTERED,RAY_CERTIFIED_BOUNDARY,NO_RE_ENTRY_DETECTED_AT_SWEEP_RESOLUTION_DELTA,1.48671875,BINDING_VMIN,18,1.48671875,-1983.47151655,1760.70147705,0.900004058275,18,1.00411410142,30,CONVERGED_FEASIBLE,1.4869140625,-1983.73992945,1760.92381287,0.899991352523,18,1.00411601837,30,CONVERGED_INFEASIBLE,41,8,0,0.348537948068
19,2010-07-03 00:00:00,BASE,160,NaN,NaN,BASE_PREREGISTERED,RAY_CERTIFIED_BOUNDARY,NO_RE_ENTRY_DETECTED_AT_SWEEP_RESOLUTION_DELTA,1.250390625,BINDING_VMIN,18,1.250390625,-1804.86339964,1041.94001479,0.900007251262,18,1,1,CONVERGED_FEASIBLE,1.2505859375,-1805.1546447,1042.09210145,0.899992490853,18,1,1,CONVERGED_INFEASIBLE,41,8,0,0.328563597954
19,2010-07-03 00:00:00,BASE,170,NaN,NaN,BASE_PREREGISTERED,RAY_CERTIFIED_BOUNDARY,NO_RE_ENTRY_DETECTED_AT_SWEEP_RESOLUTION_DELTA,1.10341796875,BINDING_VMIN,18,1.10341796875,-1664.69747146,504.515405519,0.900003646992,18,1,1,CONVERGED_FEASIBLE,1.103515625,-1664.85008541,504.554013728,0.899995400903,18,1,1,CONVERGED_INFEASIBLE,41,9,0,0.157421759014
19,2010-07-03 00:00:00,BASE,180,NaN,NaN,BASE_PREREGISTERED,RAY_CERTIFIED_BOUNDARY,NO_RE_ENTRY_DETECTED_AT_SWEEP_RESOLUTION_DELTA,1.01201171875,BINDING_VMIN,18,1.01201171875,-1546.24859619,68.28125,0.900001401907,18,1,1,CONVERGED_FEASIBLE,1.012109375,-1546.40356445,68.28125,0.899992490945,18,1,1,CONVERGED_INFEASIBLE,41,9,0,0.154968261719
19,2010-07-03 00:00:00,BASE,190,NaN,NaN,BASE_PREREGISTERED,RAY_CERTIFIED_BOUNDARY,NO_RE_ENTRY_DETECTED_AT_SWEEP_RESOLUTION_DELTA,0.95927734375,BINDING_VMIN,18,0.95927734375,-1439.43928774,-310.96718877,0.900007516135,18,1,1,CONVERGED_FEASIBLE,0.959375,-1439.59190169,-311.005796979,0.899998168513,18,1,1,CONVERGED_INFEASIBLE,41,9,0,0.157421759014
19,2010-07-03 00:00:00,BASE,200,NaN,NaN,BASE_PREREGISTERED,RAY_CERTIFIED_BOUNDARY,NO_RE_ENTRY_DETECTED_AT_SWEEP_RESOLUTION_DELTA,0.93701171875,BINDING_VMIN,18,0.93701171875,-1337.56069447,-661.354476976,0.900007484051,18,1,1,CONVERGED_FEASIBLE,0.937109375,-1337.70631701,-661.430520303,0.899997943366,18,1,1,CONVERGED_INFEASIBLE,41,9,0,0.164281798977
19,2010-07-03 00:00:00,BASE,210,NaN,NaN,BASE_PREREGISTERED,RAY_CERTIFIED_BOUNDARY,NO_RE_ENTRY_DETECTED_AT_SWEEP_RESOLUTION_DELTA,0.94189453125,BINDING_VMIN,18,0.94189453125,-1234.73372403,-1003.93321991,0.900002953826,18,1,1,CONVERGED_FEASIBLE,0.9419921875,-1234.86793048,-1004.04438782,0.899993468631,18,1,1,CONVERGED_INFEASIBLE,41,9,0,0.174268974034
19,2010-07-03 00:00:00,BASE,220,NaN,NaN,BASE_PREREGISTERED,RAY_CERTIFIED_BOUNDARY,NO_RE_ENTRY_DETECTED_AT_SWEEP_RESOLUTION_DELTA,0.97431640625,BINDING_VMIN,18,0.97431640625,-1124.70786825,-1357.57878521,0.900008504648,18,1,1,CONVERGED_FEASIBLE,0.9744140625,-1124.82658083,-1357.72169992,0.899999317448,18,1,1,CONVERGED_INFEASIBLE,41,9,0,0.185788291389
19,2010-07-03 00:00:00,BASE,230,NaN,NaN,BASE_PREREGISTERED,RAY_CERTIFIED_BOUNDARY,NO_RE_ENTRY_DETECTED_AT_SWEEP_RESOLUTION_DELTA,1.03896484375,BINDING_VMIN,18,1.03896484375,-1000.08114785,-1743.74382423,0.900004249837,18,1,1,CONVERGED_FEASIBLE,1.0390625,-1000.18075953,-1743.91414335,0.899995583424,18,1,1,CONVERGED_INFEASIBLE,41,9,0,0.197309624057
19,2010-07-03 00:00:00,BASE,240,NaN,NaN,BASE_PREREGISTERED,RAY_CERTIFIED_BOUNDARY,NO_RE_ENTRY_DETECTED_AT_SWEEP_RESOLUTION_DELTA,0.9966796875,BINDING_VMIN,33,0.9966796875,-731.115539551,-1896.86837699,0.900007310355,33,1,1,CONVERGED_FEASIBLE,0.99677734375,-731.193023682,-1897.06092545,0.899998273387,33,1,1,CONVERGED_INFEASIBLE,41,9,0,0.207554093316
19,2010-07-03 00:00:00,BASE,250,NaN,NaN,BASE_PREREGISTERED,RAY_CERTIFIED_BOUNDARY,NO_RE_ENTRY_DETECTED_AT_SWEEP_RESOLUTION_DELTA,0.97265625,BINDING_VMIN,33,0.97265625,-468.215080156,-2012.63490795,0.900001238346,33,1,1,CONVERGED_FEASIBLE,0.97275390625,-468.268082423,-2012.84383528,0.899991984142,33,1,1,CONVERGED_INFEASIBLE,41,9,0,0.215545511407
19,2010-07-03 00:00:00,BASE,260,NaN,NaN,BASE_PREREGISTERED,RAY_CERTIFIED_BOUNDARY,NO_RE_ENTRY_DETECTED_AT_SWEEP_RESOLUTION_DELTA,0.97705078125,BINDING_VMIN,33,0.97705078125,-209.546612218,-2122.39388825,0.900000881068,33,1,1,CONVERGED_FEASIBLE,0.9771484375,-209.573522174,-2122.61284628,0.899991656491,33,1,1,CONVERGED_INFEASIBLE,41,9,0,0.220605454946
19,2010-07-03 00:00:00,BASE,270,NaN,NaN,BASE_PREREGISTERED,RAY_CERTIFIED_BOUNDARY,NO_RE_ENTRY_DETECTED_AT_SWEEP_RESOLUTION_DELTA,1.01064453125,BINDING_VMIN,33,1.01064453125,59.6875,-2232.67210388,0.900003205126,33,1,1,CONVERGED_FEASIBLE,1.0107421875,59.6875,-2232.8944397,0.899994259174,33,1,1,CONVERGED_INFEASIBLE,41,9,0,0.22233581543
19,2010-07-03 00:00:00,BASE,280,NaN,NaN,BASE_PREREGISTERED,RAY_CERTIFIED_BOUNDARY,NO_RE_ENTRY_DETECTED_AT_SWEEP_RESOLUTION_DELTA,1.07861328125,BINDING_VMIN,33,1.07861328125,356.907966711,-2350.11024445,0.90000704381,33,1,1,CONVERGED_FEASIBLE,1.0787109375,356.934876668,-2350.32920248,0.899998617196,33,1,1,CONVERGED_INFEASIBLE,41,9,0,0.220605454946
19,2010-07-03 00:00:00,BASE,290,NaN,NaN,BASE_PREREGISTERED,RAY_CERTIFIED_BOUNDARY,NO_RE_ENTRY_DETECTED_AT_SWEEP_RESOLUTION_DELTA,1.19267578125,BINDING_VMIN,33,1.19267578125,707.004187897,-2483.34817139,0.900002993651,33,1,1,CONVERGED_FEASIBLE,1.1927734375,707.057190164,-2483.55709872,0.899995308457,33,1,1,CONVERGED_INFEASIBLE,41,9,0,0.215545511407
19,2010-07-03 00:00:00,BASE,300,NaN,NaN,BASE_PREREGISTERED,RAY_CERTIFIED_BOUNDARY,NO_RE_ENTRY_DETECTED_AT_SWEEP_RESOLUTION_DELTA,1.3759765625,BINDING_VMIN,33,1.3759765625,1151.43890381,-2644.72661246,0.900006231265,33,1,1,CONVERGED_FEASIBLE,1.376171875,1151.59387207,-2645.11170938,0.899992730812,33,1,1,CONVERGED_INFEASIBLE,41,8,0,0.415108186631
19,2010-07-03 00:00:00,BASE,310,NaN,NaN,BASE_PREREGISTERED,RAY_CERTIFIED_BOUNDARY,NO_RE_ENTRY_DETECTED_AT_SWEEP_RESOLUTION_DELTA,1.67734375,BINDING_VMIN,33,1.67734375,1770.61769039,-2857.11988498,0.900001527288,33,1.01313906748,13,CONVERGED_FEASIBLE,1.6775390625,1770.81691374,-2857.46052321,0.899990201715,33,1.01314138702,13,CONVERGED_INFEASIBLE,41,8,0,0.394619248114
19,2010-07-03 00:00:00,BASE,320,NaN,NaN,BASE_PREREGISTERED,RAY_UNBOUNDED_WITHIN_GUARD,NO_RE_ENTRY_DETECTED_AT_SWEEP_RESOLUTION_DELTA,NaN,RAY_UNBOUNDED_WITHIN_GUARD,,NaN,NaN,NaN,NaN,,NaN,,,NaN,NaN,NaN,NaN,,NaN,,,41,0,0,NaN
19,2010-07-03 00:00:00,BASE,330,NaN,NaN,BASE_PREREGISTERED,RAY_CERTIFIED_BOUNDARY,NO_RE_ENTRY_DETECTED_AT_SWEEP_RESOLUTION_DELTA,1.608203125,BINDING_VMAX,13,1.608203125,2269.79934213,-1762.43185425,0.948539494214,33,1.04999317425,13,CONVERGED_FEASIBLE,1.60859375,2270.33616793,-1762.87652588,0.948529880814,33,1.05000709784,13,CONVERGED_INFEASIBLE,41,7,0,0.697075896135
19,2010-07-03 00:00:00,BASE,340,NaN,NaN,BASE_PREREGISTERED,RAY_CERTIFIED_BOUNDARY,NO_RE_ENTRY_DETECTED_AT_SWEEP_RESOLUTION_DELTA,1.2751953125,BINDING_VMAX,13,1.2751953125,1961.22652277,-924.692519969,0.974013286439,33,1.04999855573,13,CONVERGED_FEASIBLE,1.275390625,1961.51776783,-924.844606624,0.974011613613,33,1.05000769465,13,CONVERGED_INFEASIBLE,41,8,0,0.328563597955
19,2010-07-03 00:00:00,BASE,350,NaN,NaN,BASE_PREREGISTERED,RAY_CERTIFIED_BOUNDARY,NO_RE_ENTRY_DETECTED_AT_SWEEP_RESOLUTION_DELTA,1.0927734375,BINDING_VMAX,13,1.0927734375,1767.43755139,-363.744610718,0.990155063786,33,1.04999690417,13,CONVERGED_FEASIBLE,1.09296875,1767.74277928,-363.821827136,0.99015614814,33,1.05000773914,13,CONVERGED_INFEASIBLE,41,8,0,0.314843518029
20,2012-08-31 11:30:00,BASE,0,NaN,NaN,BASE_PREREGISTERED,RAY_CERTIFIED_BOUNDARY,NO_RE_ENTRY_DETECTED_AT_SWEEP_RESOLUTION_DELTA,1.0291015625,BINDING_VMAX,13,1.0291015625,1538.59414673,-142.109375,0.999306569605,22,1.04999129492,13,CONVERGED_FEASIBLE,1.029296875,1538.90350342,-142.109375,0.999306723734,22,1.05000340156,13,CONVERGED_INFEASIBLE,41,8,0,0.309356689453
20,2012-08-31 11:30:00,BASE,10,NaN,NaN,BASE_PREREGISTERED,RAY_CERTIFIED_BOUNDARY,NO_RE_ENTRY_DETECTED_AT_SWEEP_RESOLUTION_DELTA,0.96640625,BINDING_VMAX,13,0.96640625,1416.03592405,238.816847608,0.999458306209,22,1.04999735938,13,CONVERGED_FEASIBLE,0.96650390625,1416.18825249,238.855340557,0.999458403324,22,1.05000383209,13,CONVERGED_INFEASIBLE,41,9,0,0.157116703921
20,2012-08-31 11:30:00,BASE,20,NaN,NaN,BASE_PREREGISTERED,RAY_CERTIFIED_BOUNDARY,NO_RE_ENTRY_DETECTED_AT_SWEEP_RESOLUTION_DELTA,0.939453125,BINDING_VMAX,13,0.939453125,1306.86170368,587.243518393,0.999593401122,22,1.04999141938,13,CONVERGED_FEASIBLE,0.9396484375,1307.15240388,587.395151011,0.999593627488,22,1.05000475853,13,CONVERGED_INFEASIBLE,41,8,0,0.32787048688
20,2012-08-31 11:30:00,BASE,30,NaN,NaN,BASE_PREREGISTERED,RAY_CERTIFIED_BOUNDARY,NO_RE_ENTRY_DETECTED_AT_SWEEP_RESOLUTION_DELTA,0.9435546875,BINDING_VMAX,13,0.9435546875,1202.87059241,928.788337708,0.999722815674,22,1.04999417683,13,CONVERGED_FEASIBLE,0.94375,1203.13850317,929.010009766,0.999723065536,22,1.05000746004,13,CONVERGED_INFEASIBLE,41,8,0,0.347727871081
20,2012-08-31 11:30:00,BASE,40,NaN,NaN,BASE_PREREGISTERED,RAY_CERTIFIED_BOUNDARY,NO_RE_ENTRY_DETECTED_AT_SWEEP_RESOLUTION_DELTA,0.97919921875,BINDING_VMAX,13,0.97919921875,1096.69785762,1286.61832605,0.999855227606,22,1.04999544361,13,CONVERGED_FEASIBLE,0.979296875,1096.81634811,1286.76081411,0.999855359652,22,1.05000183448,13,CONVERGED_INFEASIBLE,41,9,0,0.185318214014
20,2012-08-31 11:30:00,BASE,50,NaN,NaN,BASE_PREREGISTERED,RAY_CERTIFIED_BOUNDARY,NO_RE_ENTRY_DETECTED_AT_SWEEP_RESOLUTION_DELTA,1.0529296875,BINDING_VMAX,13,1.0529296875,980.59758773,1688.78903504,1,1,1.04999603925,13,CONVERGED_FEASIBLE,1.053125,980.796438377,1689.12865634,1,1,1.05000788652,13,CONVERGED_INFEASIBLE,41,8,0,0.39355330631
20,2012-08-31 11:30:00,BASE,60,NaN,NaN,BASE_PREREGISTERED,RAY_CERTIFIED_BOUNDARY,NO_RE_ENTRY_DETECTED_AT_SWEEP_RESOLUTION_DELTA,0.9978515625,BINDING_VMAX,30,0.9978515625,698.845413208,1819.47721342,0.999922887344,22,1.04999466132,30,CONVERGED_FEASIBLE,0.998046875,699.000091553,1819.86116068,0.999923157741,22,1.05000708945,30,CONVERGED_INFEASIBLE,41,8,0,0.413933441946
20,2012-08-31 11:30:00,BASE,70,NaN,NaN,BASE_PREREGISTERED,RAY_CERTIFIED_BOUNDARY,NO_RE_ENTRY_DETECTED_AT_SWEEP_RESOLUTION_DELTA,0.9728515625,BINDING_VMAX,30,0.9728515625,435.614528162,1933.01106067,0.999842611974,22,1.0499998515,30,CONVERGED_FEASIBLE,0.97294921875,435.667431271,1933.21936426,0.999842743451,22,1.05000622949,30,CONVERGED_INFEASIBLE,41,9,0,0.214916559693
20,2012-08-31 11:30:00,BASE,80,NaN,NaN,BASE_PREREGISTERED,RAY_CERTIFIED_BOUNDARY,NO_RE_ENTRY_DETECTED_AT_SWEEP_RESOLUTION_DELTA,0.979296875,BINDING_VMAX,30,0.979296875,177.941946018,2047.0467616,0.99976189777,22,1.04999724863,30,CONVERGED_FEASIBLE,0.9794921875,177.995665244,2047.48337033,0.999762143956,22,1.05000991154,30,CONVERGED_INFEASIBLE,41,8,0,0.43990104806
20,2012-08-31 11:30:00,BASE,90,NaN,NaN,BASE_PREREGISTERED,RAY_CERTIFIED_BOUNDARY,NO_RE_ENTRY_DETECTED_AT_SWEEP_RESOLUTION_DELTA,1.0185546875,BINDING_VMAX,30,1.0185546875,-91.40625,2169.93019104,0.999675350377,22,1.04999754908,30,CONVERGED_FEASIBLE,1.01875,-91.40625,2170.37353516,0.999675570837,22,1.05000969737,30,CONVERGED_INFEASIBLE,41,8,0,0.443344116211
20,2012-08-31 11:30:00,BASE,100,NaN,NaN,BASE_PREREGISTERED,RAY_CERTIFIED_BOUNDARY,NO_RE_ENTRY_DETECTED_AT_SWEEP_RESOLUTION_DELTA,1.0978515625,BINDING_VMAX,30,1.0978515625,-393.362015819,2312.0682564,0.997185157146,18,1.04999073588,30,CONVERGED_FEASIBLE,1.098046875,-393.415735045,2312.50486513,0.997187847715,18,1.05000195505,30,CONVERGED_INFEASIBLE,41,8,0,0.43990104806
20,2012-08-31 11:30:00,BASE,110,NaN,NaN,BASE_PREREGISTERED,RAY_CERTIFIED_BOUNDARY,NO_RE_ENTRY_DETECTED_AT_SWEEP_RESOLUTION_DELTA,1.23515625,BINDING_VMAX,30,1.23515625,-760.524780635,2492.51452284,0.98213125791,18,1.04999483151,30,CONVERGED_FEASIBLE,1.2353515625,-760.630586854,2492.93113004,0.982131176987,18,1.05000471577,30,CONVERGED_INFEASIBLE,41,8,0,0.429833119386
20,2012-08-31 11:30:00,BASE,120,NaN,NaN,BASE_PREREGISTERED,RAY_CERTIFIED_BOUNDARY,NO_RE_ENTRY_DETECTED_AT_SWEEP_RESOLUTION_DELTA,1.47109375,BINDING_VMAX,30,1.47109375,-1256.44354248,2749.78144198,0.960798743544,18,1.04999085265,30,CONVERGED_FEASIBLE,1.471484375,-1256.75289917,2750.54933651,0.96079237897,18,1.05000712956,30,CONVERGED_INFEASIBLE,41,7,0,0.827866883893
20,2012-08-31 11:30:00,BASE,130,NaN,NaN,BASE_PREREGISTERED,RAY_CERTIFIED_BOUNDARY,NO_RE_ENTRY_DETECTED_AT_SWEEP_RESOLUTION_DELTA,1.922265625,BINDING_VMAX,30,1.922265625,-2048.49431732,3200.44342626,0.923902291751,18,1.04999705814,30,CONVERGED_FEASIBLE,1.92265625,-2048.89201862,3201.12266886,0.923888308468,18,1.05000882507,30,CONVERGED_INFEASIBLE,41,7,0,0.787106612619
20,2012-08-31 11:30:00,BASE,140,NaN,NaN,BASE_PREREGISTERED,RAY_CERTIFIED_BOUNDARY,NO_RE_ENTRY_DETECTED_AT_SWEEP_RESOLUTION_DELTA,1.8228515625,BINDING_VMIN,18,1.8228515625,-2303.14967005,2517.57261042,0.900007793565,18,1.02694734816,30,CONVERGED_FEASIBLE,1.823046875,-2303.38665102,2517.85758653,0.899997388223,18,1.0269512342,30,CONVERGED_INFEASIBLE,41,8,0,0.370636428028
20,2012-08-31 11:30:00,BASE,150,NaN,NaN,BASE_PREREGISTERED,RAY_CERTIFIED_BOUNDARY,NO_RE_ENTRY_DETECTED_AT_SWEEP_RESOLUTION_DELTA,1.435546875,BINDING_VMIN,18,1.435546875,-2060.55027644,1487.18025208,0.900008899668,18,1.00121610223,30,CONVERGED_FEASIBLE,1.4357421875,-2060.8181872,1487.40192413,0.899996209044,18,1.00121805034,30,CONVERGED_INFEASIBLE,41,8,0,0.347727871081
20,2012-08-31 11:30:00,BASE,160,NaN,NaN,BASE_PREREGISTERED,RAY_CERTIFIED_BOUNDARY,NO_RE_ENTRY_DETECTED_AT_SWEEP_RESOLUTION_DELTA,1.20625,BINDING_VMIN,18,1.20625,-1886.77067451,794.373674812,0.900004846986,18,1,1,CONVERGED_FEASIBLE,1.2064453125,-1887.06137471,794.52530743,0.899990081701,18,1,1,CONVERGED_INFEASIBLE,41,8,0,0.32787048688
20,2012-08-31 11:30:00,BASE,170,NaN,NaN,BASE_PREREGISTERED,RAY_CERTIFIED_BOUNDARY,NO_RE_ENTRY_DETECTED_AT_SWEEP_RESOLUTION_DELTA,1.063671875,BINDING_VMIN,18,1.063671875,-1750.56754343,277.155824742,0.900008370303,18,1,1,CONVERGED_FEASIBLE,1.0638671875,-1750.8722003,277.23281064,0.89999185553,18,1,1,CONVERGED_INFEASIBLE,41,8,0,0.314233407842
20,2012-08-31 11:30:00,BASE,180,NaN,NaN,BASE_PREREGISTERED,RAY_CERTIFIED_BOUNDARY,NO_RE_ENTRY_DETECTED_AT_SWEEP_RESOLUTION_DELTA,0.97509765625,BINDING_VMIN,18,0.97509765625,-1635.86952209,-142.109375,0.900005495266,18,1,1,CONVERGED_FEASIBLE,0.9751953125,-1636.02420044,-142.109375,0.899996565394,18,1,1,CONVERGED_INFEASIBLE,41,9,0,0.154678344727
20,2012-08-31 11:30:00,BASE,190,NaN,NaN,BASE_PREREGISTERED,RAY_CERTIFIED_BOUNDARY,NO_RE_ENTRY_DETECTED_AT_SWEEP_RESOLUTION_DELTA,0.9240234375,BINDING_VMIN,18,0.9240234375,-1532.73788409,-506.329657773,0.900004811714,18,1,1,CONVERGED_FEASIBLE,0.92412109375,-1532.89021252,-506.368150722,0.899995438821,18,1,1,CONVERGED_INFEASIBLE,41,9,0,0.157116703921
20,2012-08-31 11:30:00,BASE,200,NaN,NaN,BASE_PREREGISTERED,RAY_CERTIFIED_BOUNDARY,NO_RE_ENTRY_DETECTED_AT_SWEEP_RESOLUTION_DELTA,0.90234375,BINDING_VMIN,18,0.90234375,-1434.44116601,-842.652070941,0.900003333277,18,1,1,CONVERGED_FEASIBLE,0.90244140625,-1434.58651611,-842.72788725,0.899993762913,18,1,1,CONVERGED_INFEASIBLE,41,9,0,0.16393524344
20,2012-08-31 11:30:00,BASE,210,NaN,NaN,BASE_PREREGISTERED,RAY_CERTIFIED_BOUNDARY,NO_RE_ENTRY_DETECTED_AT_SWEEP_RESOLUTION_DELTA,0.9068359375,BINDING_VMIN,18,0.9068359375,-1335.31587106,-1171.33274078,0.900001339354,18,1,1,CONVERGED_FEASIBLE,0.90693359375,-1335.44982643,-1171.44357681,0.899991822286,18,1,1,CONVERGED_INFEASIBLE,41,9,0,0.173863935541
20,2012-08-31 11:30:00,BASE,220,NaN,NaN,BASE_PREREGISTERED,RAY_CERTIFIED_BOUNDARY,NO_RE_ENTRY_DETECTED_AT_SWEEP_RESOLUTION_DELTA,0.937890625,BINDING_VMIN,18,0.937890625,-1229.38888185,-1510.5646299,0.900009881883,18,1,1,CONVERGED_FEASIBLE,0.9380859375,-1229.62586283,-1510.84960601,0.899991444091,18,1,1,CONVERGED_INFEASIBLE,41,8,0,0.370636428028
20,2012-08-31 11:30:00,BASE,230,NaN,NaN,BASE_PREREGISTERED,RAY_CERTIFIED_BOUNDARY,NO_RE_ENTRY_DETECTED_AT_SWEEP_RESOLUTION_DELTA,1.00009765625,BINDING_VMIN,18,1.00009765625,-1109.62098773,-1881.14022431,0.90000395718,18,1,1,CONVERGED_FEASIBLE,1.0001953125,-1109.72041305,-1881.31003495,0.899995262363,18,1,1,CONVERGED_INFEASIBLE,41,9,0,0.196776653155
20,2012-08-31 11:30:00,BASE,240,NaN,NaN,BASE_PREREGISTERED,RAY_CERTIFIED_BOUNDARY,NO_RE_ENTRY_DETECTED_AT_SWEEP_RESOLUTION_DELTA,0.969140625,BINDING_VMIN,33,0.969140625,-858.920196533,-2047.25571513,0.900001275405,33,1,1,CONVERGED_FEASIBLE,0.96923828125,-858.997535706,-2047.44768876,0.899992207617,33,1,1,CONVERGED_INFEASIBLE,41,9,0,0.206966720973
20,2012-08-31 11:30:00,BASE,250,NaN,NaN,BASE_PREREGISTERED,RAY_CERTIFIED_BOUNDARY,NO_RE_ENTRY_DETECTED_AT_SWEEP_RESOLUTION_DELTA,0.94599609375,BINDING_VMIN,33,0.94599609375,-603.878673013,-2159.94632143,0.900006345518,33,1,1,CONVERGED_FEASIBLE,0.94609375,-603.931576122,-2160.15462502,0.899997063741,33,1,1,CONVERGED_INFEASIBLE,41,9,0,0.214916559693
20,2012-08-31 11:30:00,BASE,260,NaN,NaN,BASE_PREREGISTERED,RAY_CERTIFIED_BOUNDARY,NO_RE_ENTRY_DETECTED_AT_SWEEP_RESOLUTION_DELTA,0.9505859375,BINDING_VMIN,33,0.9505859375,-352.857719888,-2267.08402934,0.900009349638,33,1,1,CONVERGED_FEASIBLE,0.95078125,-352.911439114,-2267.52063806,0.899990853726,33,1,1,CONVERGED_INFEASIBLE,41,8,0,0.43990104806
20,2012-08-31 11:30:00,BASE,270,NaN,NaN,BASE_PREREGISTERED,RAY_CERTIFIED_BOUNDARY,NO_RE_ENTRY_DETECTED_AT_SWEEP_RESOLUTION_DELTA,0.9837890625,BINDING_VMIN,33,0.9837890625,-91.40625,-2375.23368835,0.900000601776,33,1,1,CONVERGED_FEASIBLE,0.98388671875,-91.40625,-2375.45536041,0.899991637525,33,1,1,CONVERGED_INFEASIBLE,41,9,0,0.221672058105
20,2012-08-31 11:30:00,BASE,280,NaN,NaN,BASE_PREREGISTERED,RAY_CERTIFIED_BOUNDARY,NO_RE_ENTRY_DETECTED_AT_SWEEP_RESOLUTION_DELTA,1.050390625,BINDING_VMIN,33,1.050390625,197.495744054,-2490.19108674,0.900008809168,33,1,1,CONVERGED_FEASIBLE,1.0505859375,197.549463279,-2490.62769546,0.899991931421,33,1,1,CONVERGED_INFEASIBLE,41,8,0,0.43990104806
20,2012-08-31 11:30:00,BASE,290,NaN,NaN,BASE_PREREGISTERED,RAY_CERTIFIED_BOUNDARY,NO_RE_ENTRY_DETECTED_AT_SWEEP_RESOLUTION_DELTA,1.162109375,BINDING_VMIN,33,1.162109375,538.14075463,-2620.92218211,0.900006480313,33,1,1,CONVERGED_FEASIBLE,1.1623046875,538.246560849,-2621.3387893,0.899991098643,33,1,1,CONVERGED_INFEASIBLE,41,8,0,0.429833119386
20,2012-08-31 11:30:00,BASE,300,NaN,NaN,BASE_PREREGISTERED,RAY_CERTIFIED_BOUNDARY,NO_RE_ENTRY_DETECTED_AT_SWEEP_RESOLUTION_DELTA,1.341796875,BINDING_VMIN,33,1.341796875,971.233978271,-2779.82710106,0.900003397888,33,1,1,CONVERGED_FEASIBLE,1.34189453125,971.311317444,-2780.01907469,0.899996648855,33,1,1,CONVERGED_INFEASIBLE,41,9,0,0.206966720973
20,2012-08-31 11:30:00,BASE,310,NaN,NaN,BASE_PREREGISTERED,RAY_CERTIFIED_BOUNDARY,NO_RE_ENTRY_DETECTED_AT_SWEEP_RESOLUTION_DELTA,1.6373046875,BINDING_VMIN,33,1.6373046875,1575.55872342,-2989.15470451,0.900003639651,33,1.00954824565,13,CONVERGED_FEASIBLE,1.6375,1575.75757406,-2989.4943258,0.899992329953,33,1.00955061281,13,CONVERGED_INFEASIBLE,41,8,0,0.39355330631
20,2012-08-31 11:30:00,BASE,320,NaN,NaN,BASE_PREREGISTERED,RAY_UNBOUNDED_WITHIN_GUARD,NO_RE_ENTRY_DETECTED_AT_SWEEP_RESOLUTION_DELTA,NaN,RAY_UNBOUNDED_WITHIN_GUARD,,NaN,NaN,NaN,NaN,,NaN,,,NaN,NaN,NaN,NaN,,NaN,,,41,0,0,NaN
20,2012-08-31 11:30:00,BASE,330,NaN,NaN,BASE_PREREGISTERED,RAY_CERTIFIED_BOUNDARY,NO_RE_ENTRY_DETECTED_AT_SWEEP_RESOLUTION_DELTA,1.6859375,BINDING_VMAX,13,1.6859375,2221.19936038,-2055.58258057,0.944702135506,33,1.04999980842,13,CONVERGED_FEASIBLE,1.6861328125,2221.46727113,-2055.80425262,0.944697240138,33,1.05000671406,13,CONVERGED_INFEASIBLE,41,8,0,0.347727871081
20,2012-08-31 11:30:00,BASE,340,NaN,NaN,BASE_PREREGISTERED,RAY_CERTIFIED_BOUNDARY,NO_RE_ENTRY_DETECTED_AT_SWEEP_RESOLUTION_DELTA,1.333203125,BINDING_VMAX,13,1.333203125,1892.91330339,-1177.15362662,0.971756986789,33,1.04999861656,13,CONVERGED_FEASIBLE,1.3333984375,1893.20400359,-1177.30525924,0.971755287476,33,1.0500077335,13,CONVERGED_INFEASIBLE,41,8,0,0.32787048688
20,2012-08-31 11:30:00,BASE,350,NaN,NaN,BASE_PREREGISTERED,RAY_CERTIFIED_BOUNDARY,NO_RE_ENTRY_DETECTED_AT_SWEEP_RESOLUTION_DELTA,1.1412109375,BINDING_VMAX,13,1.1412109375,1688.70381932,-591.937976192,0.988753211839,33,1.04999599299,13,CONVERGED_FEASIBLE,1.14140625,1689.00847619,-592.01496209,0.988754296221,33,1.05000682363,13,CONVERGED_INFEASIBLE,41,8,0,0.314233407842
21,2010-07-01 07:30:00,BASE,0,NaN,NaN,BASE_PREREGISTERED,RAY_CERTIFIED_BOUNDARY,NO_RE_ENTRY_DETECTED_AT_SWEEP_RESOLUTION_DELTA,0.8736328125,BINDING_VMAX,13,0.8736328125,1845.63183594,614.6875,0.994106789666,25,1.04999078169,13,CONVERGED_FEASIBLE,0.873828125,1845.94335938,614.6875,0.994107763698,25,1.05000286779,13,CONVERGED_INFEASIBLE,41,8,0,0.3115234375
21,2010-07-01 07:30:00,BASE,10,NaN,NaN,BASE_PREREGISTERED,RAY_CERTIFIED_BOUNDARY,NO_RE_ENTRY_DETECTED_AT_SWEEP_RESOLUTION_DELTA,0.821484375,BINDING_VMAX,13,0.821484375,1742.54916946,942.022984593,0.994916876404,25,1.04999463745,13,CONVERGED_FEASIBLE,0.8216796875,1742.85596015,942.100810433,0.99491810234,25,1.05000753629,13,CONVERGED_INFEASIBLE,41,8,0,0.316508124517
21,2010-07-01 07:30:00,BASE,20,NaN,NaN,BASE_PREREGISTERED,RAY_CERTIFIED_BOUNDARY,NO_RE_ENTRY_DETECTED_AT_SWEEP_RESOLUTION_DELTA,0.7994140625,BINDING_VMAX,13,0.7994140625,1650.3570753,1242.09111716,0.995643499338,25,1.04999842462,13,CONVERGED_FEASIBLE,0.79951171875,1650.50344343,1242.16776066,0.995644214142,25,1.05000506286,13,CONVERGED_INFEASIBLE,41,9,0,0.165220629603
21,2010-07-01 07:30:00,BASE,30,NaN,NaN,BASE_PREREGISTERED,RAY_CERTIFIED_BOUNDARY,NO_RE_ENTRY_DETECTED_AT_SWEEP_RESOLUTION_DELTA,0.8033203125,BINDING_VMAX,13,0.8033203125,1561.82229781,1536.37203979,0.996341432297,25,1.04999628126,13,CONVERGED_FEASIBLE,0.803515625,1562.09208502,1536.59613037,0.996343012636,25,1.05000949454,13,CONVERGED_INFEASIBLE,41,8,0,0.350716018187
21,2010-07-01 07:30:00,BASE,40,NaN,NaN,BASE_PREREGISTERED,RAY_CERTIFIED_BOUNDARY,NO_RE_ENTRY_DETECTED_AT_SWEEP_RESOLUTION_DELTA,0.833984375,BINDING_VMAX,13,0.833984375,1471.18370831,1844.81169522,0.997058787667,25,1.0499979654,13,CONVERGED_FEASIBLE,0.83408203125,1471.30302871,1844.95573787,0.997059624626,25,1.05000432173,13,CONVERGED_INFEASIBLE,41,9,0,0.187044490572
21,2010-07-01 07:30:00,BASE,50,NaN,NaN,BASE_PREREGISTERED,RAY_CERTIFIED_BOUNDARY,NO_RE_ENTRY_DETECTED_AT_SWEEP_RESOLUTION_DELTA,0.896875,BINDING_VMAX,13,0.896875,1371.70521921,2191.24362036,0.997847382255,25,1.04999729299,13,CONVERGED_FEASIBLE,0.8970703125,1371.90546262,2191.58694704,0.997849089107,25,1.05000908019,13,CONVERGED_INFEASIBLE,41,8,0,0.397455194474
21,2010-07-01 07:30:00,BASE,60,NaN,NaN,BASE_PREREGISTERED,RAY_CERTIFIED_BOUNDARY,NO_RE_ENTRY_DETECTED_AT_SWEEP_RESOLUTION_DELTA,0.89306640625,BINDING_VMAX,30,0.89306640625,1164.40795898,2389.44056452,0.997811334827,25,1.04999430161,30,CONVERGED_FEASIBLE,0.8931640625,1164.48583984,2389.63463265,0.997812187739,25,1.05000048316,30,CONVERGED_INFEASIBLE,41,9,0,0.209112094351
21,2010-07-01 07:30:00,BASE,70,NaN,NaN,BASE_PREREGISTERED,RAY_CERTIFIED_BOUNDARY,NO_RE_ENTRY_DETECTED_AT_SWEEP_RESOLUTION_DELTA,0.86982421875,BINDING_VMAX,30,0.86982421875,926.695859324,2490.29025509,0.9973580134,25,1.04999484982,30,CONVERGED_FEASIBLE,0.869921875,926.74913297,2490.50083135,0.997358842832,25,1.05000119937,30,CONVERGED_INFEASIBLE,41,9,0,0.21721059576
21,2010-07-01 07:30:00,BASE,80,NaN,NaN,BASE_PREREGISTERED,RAY_CERTIFIED_BOUNDARY,NO_RE_ENTRY_DETECTED_AT_SWEEP_RESOLUTION_DELTA,0.874609375,BINDING_VMAX,30,0.874609375,694.427047002,2591.1525411,0.996904571368,25,1.04999044508,30,CONVERGED_FEASIBLE,0.8748046875,694.481142479,2591.59391337,0.996906125379,25,1.05000306508,30,CONVERGED_INFEASIBLE,41,8,0,0.444674942562
21,2010-07-01 07:30:00,BASE,90,NaN,NaN,BASE_PREREGISTERED,RAY_CERTIFIED_BOUNDARY,NO_RE_ENTRY_DETECTED_AT_SWEEP_RESOLUTION_DELTA,0.90859375,BINDING_VMAX,30,0.90859375,452.1875,2699.6262207,0.996422248951,25,1.0499994804,30,CONVERGED_FEASIBLE,0.90869140625,452.1875,2699.85031128,0.996422945827,25,1.05000554309,30,CONVERGED_INFEASIBLE,41,9,0,0.224090576172
21,2010-07-01 07:30:00,BASE,100,NaN,NaN,BASE_PREREGISTERED,RAY_CERTIFIED_BOUNDARY,NO_RE_ENTRY_DETECTED_AT_SWEEP_RESOLUTION_DELTA,0.9775390625,BINDING_VMAX,30,0.9775390625,181.439636502,2823.75572928,0.995867100721,25,1.04999155213,30,CONVERGED_FEASIBLE,0.977734375,181.385541025,2824.19710155,0.99586828197,25,1.05000277602,30,CONVERGED_INFEASIBLE,41,8,0,0.444674942562
21,2010-07-01 07:30:00,BASE,110,NaN,NaN,BASE_PREREGISTERED,RAY_CERTIFIED_BOUNDARY,NO_RE_ENTRY_DETECTED_AT_SWEEP_RESOLUTION_DELTA,1.096875,BINDING_VMAX,30,1.096875,-146.182084813,2979.88006149,0.990961277479,18,1.04999671621,30,CONVERGED_FEASIBLE,1.0970703125,-146.288632104,2980.30121401,0.990961260683,18,1.05000664363,30,CONVERGED_INFEASIBLE,41,8,0,0.434421191521
21,2010-07-01 07:30:00,BASE,120,NaN,NaN,BASE_PREREGISTERED,RAY_CERTIFIED_BOUNDARY,NO_RE_ENTRY_DETECTED_AT_SWEEP_RESOLUTION_DELTA,1.3001953125,BINDING_VMAX,30,1.3001953125,-584.718261719,3198.51060563,0.972845237866,18,1.04999233163,30,CONVERGED_FEASIBLE,1.300390625,-584.874023437,3198.8987419,0.972842274289,18,1.05000057273,30,CONVERGED_INFEASIBLE,41,8,0,0.418224188701
21,2010-07-01 07:30:00,BASE,130,NaN,NaN,BASE_PREREGISTERED,RAY_CERTIFIED_BOUNDARY,NO_RE_ENTRY_DETECTED_AT_SWEEP_RESOLUTION_DELTA,1.679296875,BINDING_VMAX,30,1.679296875,-1269.50530266,3566.6103055,0.942688057194,18,1.0499919369,30,CONVERGED_FEASIBLE,1.6796875,-1269.90578947,3567.29695887,0.942675241561,18,1.05000415941,30,CONVERGED_INFEASIBLE,41,7,0,0.794910388949
21,2010-07-01 07:30:00,BASE,140,NaN,NaN,BASE_PREREGISTERED,RAY_UNBOUNDED_WITHIN_GUARD,NO_RE_ENTRY_DETECTED_AT_SWEEP_RESOLUTION_DELTA,NaN,RAY_UNBOUNDED_WITHIN_GUARD,,NaN,NaN,NaN,NaN,,NaN,,,NaN,NaN,NaN,NaN,,NaN,,,41,0,0,NaN
21,2010-07-01 07:30:00,BASE,150,NaN,NaN,BASE_PREREGISTERED,RAY_CERTIFIED_BOUNDARY,NO_RE_ENTRY_DETECTED_AT_SWEEP_RESOLUTION_DELTA,1.618359375,BINDING_VMIN,18,1.618359375,-1783.26932827,2471.50201416,0.90000659975,18,1.01150630606,30,CONVERGED_FEASIBLE,1.6185546875,-1783.53911548,2471.72610474,0.899993852734,18,1.01150814443,30,CONVERGED_INFEASIBLE,41,8,0,0.350716018187
21,2010-07-01 07:30:00,BASE,160,NaN,NaN,BASE_PREREGISTERED,RAY_CERTIFIED_BOUNDARY,NO_RE_ENTRY_DETECTED_AT_SWEEP_RESOLUTION_DELTA,1.36455078125,BINDING_VMIN,18,1.36455078125,-1593.01448823,1685.62699947,0.900007231999,18,1,1,CONVERGED_FEASIBLE,1.3646484375,-1593.16085636,1685.70364296,0.899999855505,18,1,1,CONVERGED_INFEASIBLE,41,9,0,0.165220629603
21,2010-07-01 07:30:00,BASE,170,NaN,NaN,BASE_PREREGISTERED,RAY_CERTIFIED_BOUNDARY,NO_RE_ENTRY_DETECTED_AT_SWEEP_RESOLUTION_DELTA,1.20615234375,BINDING_VMIN,18,1.20615234375,-1442.3984462,1095.3009772,0.900008040706,18,1,1,CONVERGED_FEASIBLE,1.20625,-1442.55184155,1095.33989012,0.899999820635,18,1,1,CONVERGED_INFEASIBLE,41,9,0,0.158254062258
21,2010-07-01 07:30:00,BASE,180,NaN,NaN,BASE_PREREGISTERED,RAY_CERTIFIED_BOUNDARY,NO_RE_ENTRY_DETECTED_AT_SWEEP_RESOLUTION_DELTA,1.1076171875,BINDING_VMIN,18,1.1076171875,-1314.46191406,614.6875,0.900003452753,18,1,1,CONVERGED_FEASIBLE,1.10771484375,-1314.61767578,614.6875,0.899994587091,18,1,1,CONVERGED_INFEASIBLE,41,9,0,0.15576171875
21,2010-07-01 07:30:00,BASE,190,NaN,NaN,BASE_PREREGISTERED,RAY_CERTIFIED_BOUNDARY,NO_RE_ENTRY_DETECTED_AT_SWEEP_RESOLUTION_DELTA,1.0509765625,BINDING_VMIN,18,1.0509765625,-1198.65323784,195.906652974,0.900000013935,18,1,1,CONVERGED_FEASIBLE,1.05107421875,-1198.80663319,195.867740053,0.899990726977,18,1,1,CONVERGED_INFEASIBLE,41,9,0,0.158254062259
21,2010-07-01 07:30:00,BASE,200,NaN,NaN,BASE_PREREGISTERED,RAY_CERTIFIED_BOUNDARY,NO_RE_ENTRY_DETECTED_AT_SWEEP_RESOLUTION_DELTA,1.02724609375,BINDING_VMIN,18,1.02724609375,-1087.45894057,-191.525381621,0.900006052576,18,1,1,CONVERGED_FEASIBLE,1.02734375,-1087.60530871,-191.602025112,0.899996583849,18,1,1,CONVERGED_INFEASIBLE,41,9,0,0.165220629603
21,2010-07-01 07:30:00,BASE,210,NaN,NaN,BASE_PREREGISTERED,RAY_CERTIFIED_BOUNDARY,NO_RE_ENTRY_DETECTED_AT_SWEEP_RESOLUTION_DELTA,1.03310546875,BINDING_VMIN,18,1.03310546875,-974.851951258,-570.639602661,0.900005024874,18,1,1,CONVERGED_FEASIBLE,1.033203125,-974.986844864,-570.751647949,0.899995617577,18,1,1,CONVERGED_INFEASIBLE,41,9,0,0.175358009093
21,2010-07-01 07:30:00,BASE,220,NaN,NaN,BASE_PREREGISTERED,RAY_CERTIFIED_BOUNDARY,NO_RE_ENTRY_DETECTED_AT_SWEEP_RESOLUTION_DELTA,1.069140625,BINDING_VMIN,18,1.069140625,-854.132229337,-962.291386337,0.900001741942,18,1,1,CONVERGED_FEASIBLE,1.06923828125,-854.251549736,-962.435428982,0.899992631994,18,1,1,CONVERGED_INFEASIBLE,41,9,0,0.187044490572
21,2010-07-01 07:30:00,BASE,230,NaN,NaN,BASE_PREREGISTERED,RAY_CERTIFIED_BOUNDARY,NO_RE_ENTRY_DETECTED_AT_SWEEP_RESOLUTION_DELTA,1.1291015625,BINDING_VMIN,33,1.1291015625,-705.419628652,-1370.08404438,0.900002261096,33,1,1,CONVERGED_FEASIBLE,1.12919921875,-705.519750355,-1370.25570773,0.899993752726,33,1,1,CONVERGED_INFEASIBLE,41,9,0,0.198727597237
21,2010-07-01 07:30:00,BASE,240,NaN,NaN,BASE_PREREGISTERED,RAY_CERTIFIED_BOUNDARY,NO_RE_ENTRY_DETECTED_AT_SWEEP_RESOLUTION_DELTA,1.0681640625,BINDING_VMIN,33,1.0681640625,-399.673339844,-1508.02972468,0.900007487288,33,1,1,CONVERGED_FEASIBLE,1.06826171875,-399.751220703,-1508.22379281,0.89999852541,33,1,1,CONVERGED_INFEASIBLE,41,9,0,0.209112094351
21,2010-07-01 07:30:00,BASE,250,NaN,NaN,BASE_PREREGISTERED,RAY_CERTIFIED_BOUNDARY,NO_RE_ENTRY_DETECTED_AT_SWEEP_RESOLUTION_DELTA,1.04140625,BINDING_VMIN,33,1.04140625,-115.922654242,-1630.89774535,0.900009738184,33,1,1,CONVERGED_FEASIBLE,1.0416015625,-116.029201533,-1631.31889787,0.899991365215,33,1,1,CONVERGED_INFEASIBLE,41,8,0,0.434421191521
21,2010-07-01 07:30:00,BASE,260,NaN,NaN,BASE_PREREGISTERED,RAY_CERTIFIED_BOUNDARY,NO_RE_ENTRY_DETECTED_AT_SWEEP_RESOLUTION_DELTA,1.04521484375,BINDING_VMIN,33,1.04521484375,162.695553644,-1747.31622207,0.900002193448,33,1,1,CONVERGED_FEASIBLE,1.0453125,162.668505906,-1747.53690821,0.899993025921,33,1,1,CONVERGED_INFEASIBLE,41,9,0,0.222337471281
21,2010-07-01 07:30:00,BASE,270,NaN,NaN,BASE_PREREGISTERED,RAY_CERTIFIED_BOUNDARY,NO_RE_ENTRY_DETECTED_AT_SWEEP_RESOLUTION_DELTA,1.080078125,BINDING_VMIN,33,1.080078125,452.1875,-1863.75427246,0.900002072023,33,1,1,CONVERGED_FEASIBLE,1.08017578125,452.1875,-1863.97836304,0.899993169955,33,1,1,CONVERGED_INFEASIBLE,41,9,0,0.224090576172
21,2010-07-01 07:30:00,BASE,280,NaN,NaN,BASE_PREREGISTERED,RAY_CERTIFIED_BOUNDARY,NO_RE_ENTRY_DETECTED_AT_SWEEP_RESOLUTION_DELTA,1.1513671875,BINDING_VMIN,33,1.1513671875,771.080338226,-1987.20205277,0.900005998924,33,1,1,CONVERGED_FEASIBLE,1.15146484375,771.107385965,-1987.4227389,0.899997601199,33,1,1,CONVERGED_INFEASIBLE,41,9,0,0.222337471282
21,2010-07-01 07:30:00,BASE,290,NaN,NaN,BASE_PREREGISTERED,RAY_CERTIFIED_BOUNDARY,NO_RE_ENTRY_DETECTED_AT_SWEEP_RESOLUTION_DELTA,1.2712890625,BINDING_VMIN,33,1.2712890625,1145.70381545,-2126.59426331,0.900003388625,33,1,1,CONVERGED_FEASIBLE,1.27138671875,1145.75708909,-2126.80483957,0.8999957161,33,1,1,CONVERGED_INFEASIBLE,41,9,0,0.217210595761
21,2010-07-01 07:30:00,BASE,300,NaN,NaN,BASE_PREREGISTERED,RAY_CERTIFIED_BOUNDARY,NO_RE_ENTRY_DETECTED_AT_SWEEP_RESOLUTION_DELTA,1.46396484375,BINDING_VMIN,33,1.46396484375,1619.69946289,-2294.58786252,0.900006697654,33,1,1,CONVERGED_FEASIBLE,1.4640625,1619.77734375,-2294.78193065,0.899999943362,33,1,1,CONVERGED_INFEASIBLE,41,9,0,0.209112094351
21,2010-07-01 07:30:00,BASE,310,NaN,NaN,BASE_PREREGISTERED,RAY_CERTIFIED_BOUNDARY,NO_RE_ENTRY_DETECTED_AT_SWEEP_RESOLUTION_DELTA,1.7798828125,BINDING_VMIN,33,1.7798828125,2277.00565662,-2514.04854636,0.900006777255,33,1.02229100934,13,CONVERGED_FEASIBLE,1.780078125,2277.20590002,-2514.39187304,0.899995410576,33,1.02229321119,13,CONVERGED_INFEASIBLE,41,8,0,0.397455194474
21,2010-07-01 07:30:00,BASE,320,NaN,NaN,BASE_PREREGISTERED,RAY_UNBOUNDED_WITHIN_GUARD,NO_RE_ENTRY_DETECTED_AT_SWEEP_RESOLUTION_DELTA,NaN,RAY_UNBOUNDED_WITHIN_GUARD,,NaN,NaN,NaN,NaN,,NaN,,,NaN,NaN,NaN,NaN,,NaN,,,41,0,0,NaN
21,2010-07-01 07:30:00,BASE,330,NaN,NaN,BASE_PREREGISTERED,RAY_CERTIFIED_BOUNDARY,NO_RE_ENTRY_DETECTED_AT_SWEEP_RESOLUTION_DELTA,1.4099609375,BINDING_VMAX,13,1.4099609375,2399.7813744,-1003.02236938,0.958155525039,33,1.04999700877,13,CONVERGED_FEASIBLE,1.41015625,2400.05116161,-1003.24645996,0.958150931622,33,1.05000411012,13,CONVERGED_INFEASIBLE,41,8,0,0.350716018187
21,2010-07-01 07:30:00,BASE,340,NaN,NaN,BASE_PREREGISTERED,RAY_CERTIFIED_BOUNDARY,NO_RE_ENTRY_DETECTED_AT_SWEEP_RESOLUTION_DELTA,1.125,BINDING_VMAX,13,1.125,2138.34844642,-268.245516092,0.979786859117,33,1.04999635287,13,CONVERGED_FEASIBLE,1.1251953125,2138.6411827,-268.398803074,0.979785252812,33,1.05000555006,13,CONVERGED_INFEASIBLE,41,8,0,0.330441259206
21,2010-07-01 07:30:00,BASE,350,NaN,NaN,BASE_PREREGISTERED,RAY_CERTIFIED_BOUNDARY,NO_RE_ENTRY_DETECTED_AT_SWEEP_RESOLUTION_DELTA,0.966796875,BINDING_VMAX,13,0.966796875,1970.80144765,229.449590173,0.99312976796,25,1.04999791004,13,CONVERGED_FEASIBLE,0.9669921875,1971.10823835,229.371764332,0.993130446103,25,1.05000875938,13,CONVERGED_INFEASIBLE,41,8,0,0.316508124517
22,2012-08-24 12:00:00,BASE,0,NaN,NaN,BASE_PREREGISTERED,RAY_CERTIFIED_BOUNDARY,NO_RE_ENTRY_DETECTED_AT_SWEEP_RESOLUTION_DELTA,1.024609375,BINDING_VMAX,13,1.024609375,1548.0491333,-119.6875,0.999246380218,22,1.0499997384,13,CONVERGED_FEASIBLE,1.02470703125,1548.20384216,-119.6875,0.999246457255,22,1.05000579125,13,CONVERGED_INFEASIBLE,41,9,0,0.154708862305
22,2012-08-24 12:00:00,BASE,10,NaN,NaN,BASE_PREREGISTERED,RAY_CERTIFIED_BOUNDARY,NO_RE_ENTRY_DETECTED_AT_SWEEP_RESOLUTION_DELTA,0.962109375,BINDING_VMAX,13,0.962109375,1425.87956449,259.662502922,0.999397269343,22,1.04999808314,13,CONVERGED_FEASIBLE,0.96220703125,1426.03192298,259.701007795,0.999397366421,22,1.05000455506,13,CONVERGED_INFEASIBLE,41,9,0,0.157148763206
22,2012-08-24 12:00:00,BASE,20,NaN,NaN,BASE_PREREGISTERED,RAY_CERTIFIED_BOUNDARY,NO_RE_ENTRY_DETECTED_AT_SWEEP_RESOLUTION_DELTA,0.9353515625,BINDING_VMAX,13,0.9353515625,1317.28166919,606.70604448,0.99953177871,22,1.0499956462,13,CONVERGED_FEASIBLE,0.935546875,1317.57242674,606.857724068,0.999532004992,22,1.05000898318,13,CONVERGED_INFEASIBLE,41,8,0,0.327943061565
22,2012-08-24 12:00:00,BASE,30,NaN,NaN,BASE_PREREGISTERED,RAY_CERTIFIED_BOUNDARY,NO_RE_ENTRY_DETECTED_AT_SWEEP_RESOLUTION_DELTA,0.939453125,BINDING_VMAX,13,0.939453125,1213.74871358,946.885375977,0.999660600387,22,1.04999848594,13,CONVERGED_FEASIBLE,0.93955078125,1213.88269539,946.996246338,0.999660725278,22,1.0500051264,13,CONVERGED_INFEASIBLE,41,9,0,0.173906184702
22,2012-08-24 12:00:00,BASE,40,NaN,NaN,BASE_PREREGISTERED,RAY_CERTIFIED_BOUNDARY,NO_RE_ENTRY_DETECTED_AT_SWEEP_RESOLUTION_DELTA,0.9748046875,BINDING_VMAX,13,0.9748046875,1107.84914314,1303.06881146,0.999792216451,22,1.04999002858,13,CONVERGED_FEASIBLE,0.975,1108.08617087,1303.35387584,0.999792480475,22,1.05000280816,13,CONVERGED_INFEASIBLE,41,8,0,0.370734195617
22,2012-08-24 12:00:00,BASE,50,NaN,NaN,BASE_PREREGISTERED,RAY_CERTIFIED_BOUNDARY,NO_RE_ENTRY_DETECTED_AT_SWEEP_RESOLUTION_DELTA,1.0482421875,BINDING_VMAX,13,1.0482421875,992.285733793,1703.62460837,0.999936750102,22,1.04999271737,13,CONVERGED_FEASIBLE,1.0484375,992.484623673,1703.96433487,0.999937018576,22,1.05000456279,13,CONVERGED_INFEASIBLE,41,8,0,0.39366391356
22,2012-08-24 12:00:00,BASE,60,NaN,NaN,BASE_PREREGISTERED,RAY_CERTIFIED_BOUNDARY,NO_RE_ENTRY_DETECTED_AT_SWEEP_RESOLUTION_DELTA,0.9947265625,BINDING_VMAX,30,0.9947265625,712.775985718,1836.36164513,0.99986147728,22,1.04999058148,30,CONVERGED_FEASIBLE,0.994921875,712.93069458,1836.74571133,0.999861747565,22,1.05000300756,30,CONVERGED_INFEASIBLE,41,8,0,0.414055160972
22,2012-08-24 12:00:00,BASE,70,NaN,NaN,BASE_PREREGISTERED,RAY_CERTIFIED_BOUNDARY,NO_RE_ENTRY_DETECTED_AT_SWEEP_RESOLUTION_DELTA,0.9697265625,BINDING_VMAX,30,0.9697265625,450.275274284,1949.40793962,0.999781419236,22,1.0499924185,30,CONVERGED_FEASIBLE,0.969921875,450.381101378,1949.82467586,0.999781682083,22,1.05000517268,30,CONVERGED_INFEASIBLE,41,8,0,0.429963334495
22,2012-08-24 12:00:00,BASE,80,NaN,NaN,BASE_PREREGISTERED,RAY_CERTIFIED_BOUNDARY,NO_RE_ENTRY_DETECTED_AT_SWEEP_RESOLUTION_DELTA,0.976171875,BINDING_VMAX,30,0.976171875,193.385410433,2063.15884037,0.99970107339,22,1.04999324894,30,CONVERGED_FEASIBLE,0.9763671875,193.439140257,2063.59558434,0.99970131948,22,1.05000591046,30,CONVERGED_INFEASIBLE,41,8,0,0.440036572946
22,2012-08-24 12:00:00,BASE,90,NaN,NaN,BASE_PREREGISTERED,RAY_CERTIFIED_BOUNDARY,NO_RE_ENTRY_DETECTED_AT_SWEEP_RESOLUTION_DELTA,1.015234375,BINDING_VMAX,30,1.015234375,-75.15625,2185.52905273,0.999614826441,22,1.0499917782,30,CONVERGED_FEASIBLE,1.0154296875,-75.15625,2185.97253418,0.999615046827,22,1.05000392576,30,CONVERGED_INFEASIBLE,41,8,0,0.443481445313
22,2012-08-24 12:00:00,BASE,100,NaN,NaN,BASE_PREREGISTERED,RAY_CERTIFIED_BOUNDARY,NO_RE_ENTRY_DETECTED_AT_SWEEP_RESOLUTION_DELTA,1.0943359375,BINDING_VMAX,30,1.0943359375,-376.204453963,2327.3889396,0.997390797819,18,1.04999210086,30,CONVERGED_FEASIBLE,1.09453125,-376.258183787,2327.82568356,0.997393487572,18,1.05000331997,30,CONVERGED_INFEASIBLE,41,8,0,0.440036572946
22,2012-08-24 12:00:00,BASE,110,NaN,NaN,BASE_PREREGISTERED,RAY_CERTIFIED_BOUNDARY,NO_RE_ENTRY_DETECTED_AT_SWEEP_RESOLUTION_DELTA,1.2310546875,BINDING_VMAX,30,1.2310546875,-742.184426749,2507.0010309,0.982399342784,18,1.04999393806,30,CONVERGED_FEASIBLE,1.23125,-742.290253844,2507.41776714,0.982399263855,18,1.05000382352,30,CONVERGED_INFEASIBLE,41,8,0,0.429963334495
22,2012-08-24 12:00:00,BASE,120,NaN,NaN,BASE_PREREGISTERED,RAY_CERTIFIED_BOUNDARY,NO_RE_ENTRY_DETECTED_AT_SWEEP_RESOLUTION_DELTA,1.466015625,BINDING_VMAX,30,1.466015625,-1236.40097046,2763.11338029,0.9611669547,18,1.04999103881,30,CONVERGED_FEASIBLE,1.46640625,-1236.71038818,2763.88151269,0.961160604011,18,1.05000732185,30,CONVERGED_INFEASIBLE,41,7,0,0.828110321945
22,2012-08-24 12:00:00,BASE,130,NaN,NaN,BASE_PREREGISTERED,RAY_CERTIFIED_BOUNDARY,NO_RE_ENTRY_DETECTED_AT_SWEEP_RESOLUTION_DELTA,1.91484375,BINDING_VMAX,30,1.91484375,-2025.07262956,3210.99107471,0.924491915599,18,1.0499953,30,CONVERGED_FEASIBLE,1.915234375,-2025.47040932,3211.6705277,0.924477971238,18,1.05000708165,30,CONVERGED_INFEASIBLE,41,7,0,0.78732782712
22,2012-08-24 12:00:00,BASE,140,NaN,NaN,BASE_PREREGISTERED,RAY_CERTIFIED_BOUNDARY,NO_RE_ENTRY_DETECTED_AT_SWEEP_RESOLUTION_DELTA,1.82958984375,BINDING_VMIN,18,1.82958984375,-2295.51349709,2550.65306253,0.900005000787,18,1.02732196736,30,CONVERGED_FEASIBLE,1.8296875,-2295.63201096,2550.79559472,0.899999796228,18,1.0273239073,30,CONVERGED_INFEASIBLE,41,9,0,0.185367097808
22,2012-08-24 12:00:00,BASE,150,NaN,NaN,BASE_PREREGISTERED,RAY_CERTIFIED_BOUNDARY,NO_RE_ENTRY_DETECTED_AT_SWEEP_RESOLUTION_DELTA,1.44111328125,BINDING_VMIN,18,1.44111328125,-2052.32574559,1516.42642212,0.900005495542,18,1.00152581184,30,CONVERGED_FEASIBLE,1.4412109375,-2052.4597274,1516.53729248,0.899999149454,18,1.00152678421,30,CONVERGED_INFEASIBLE,41,9,0,0.173906184702
22,2012-08-24 12:00:00,BASE,160,NaN,NaN,BASE_PREREGISTERED,RAY_CERTIFIED_BOUNDARY,NO_RE_ENTRY_DETECTED_AT_SWEEP_RESOLUTION_DELTA,1.21103515625,BINDING_VMIN,18,1.21103515625,-1877.99845462,820.80178222,0.900003149758,18,1,1,CONVERGED_FEASIBLE,1.2111328125,-1878.1438334,820.877622013,0.899995767467,18,1,1,CONVERGED_INFEASIBLE,41,9,0,0.163971530783
22,2012-08-24 12:00:00,BASE,170,NaN,NaN,BASE_PREREGISTERED,RAY_CERTIFIED_BOUNDARY,NO_RE_ENTRY_DETECTED_AT_SWEEP_RESOLUTION_DELTA,1.06796875,BINDING_VMIN,18,1.06796875,-1741.34866446,301.401784608,0.900006672895,18,1,1,CONVERGED_FEASIBLE,1.0681640625,-1741.65338143,301.478794353,0.899990160576,18,1,1,CONVERGED_INFEASIBLE,41,8,0,0.314297526412
22,2012-08-24 12:00:00,BASE,180,NaN,NaN,BASE_PREREGISTERED,RAY_CERTIFIED_BOUNDARY,NO_RE_ENTRY_DETECTED_AT_SWEEP_RESOLUTION_DELTA,0.9791015625,BINDING_VMIN,18,0.9791015625,-1626.26730347,-119.6875,0.900002483499,18,1,1,CONVERGED_FEASIBLE,0.97919921875,-1626.42201233,-119.6875,0.899993555654,18,1,1,CONVERGED_INFEASIBLE,41,9,0,0.154708862305
22,2012-08-24 12:00:00,BASE,190,NaN,NaN,BASE_PREREGISTERED,RAY_CERTIFIED_BOUNDARY,NO_RE_ENTRY_DETECTED_AT_SWEEP_RESOLUTION_DELTA,0.92783203125,BINDING_VMIN,18,0.92783203125,-1522.71423553,-485.522292709,0.900003853442,18,1,1,CONVERGED_FEASIBLE,0.9279296875,-1522.86659402,-485.560797581,0.899994483299,18,1,1,CONVERGED_INFEASIBLE,41,9,0,0.157148763206
22,2012-08-24 12:00:00,BASE,200,NaN,NaN,BASE_PREREGISTERED,RAY_CERTIFIED_BOUNDARY,NO_RE_ENTRY_DETECTED_AT_SWEEP_RESOLUTION_DELTA,0.9060546875,BINDING_VMIN,18,0.9060546875,-1423.98053631,-823.329106357,0.900005779056,18,1,1,CONVERGED_FEASIBLE,0.90615234375,-1424.12591508,-823.404946151,0.899996212,18,1,1,CONVERGED_INFEASIBLE,41,9,0,0.163971530783
22,2012-08-24 12:00:00,BASE,210,NaN,NaN,BASE_PREREGISTERED,RAY_CERTIFIED_BOUNDARY,NO_RE_ENTRY_DETECTED_AT_SWEEP_RESOLUTION_DELTA,0.910546875,BINDING_VMIN,18,0.910546875,-1324.40259932,-1153.44274902,0.900007502165,18,1,1,CONVERGED_FEASIBLE,0.91064453125,-1324.53658113,-1153.55361938,0.899997988741,18,1,1,CONVERGED_INFEASIBLE,41,9,0,0.173906184702
22,2012-08-24 12:00:00,BASE,220,NaN,NaN,BASE_PREREGISTERED,RAY_CERTIFIED_BOUNDARY,NO_RE_ENTRY_DETECTED_AT_SWEEP_RESOLUTION_DELTA,0.94189453125,BINDING_VMIN,18,0.94189453125,-1218.22247088,-1494.41046374,0.900001695356,18,1,1,CONVERGED_FEASIBLE,0.9419921875,-1218.34098475,-1494.55299593,0.899992479821,18,1,1,CONVERGED_INFEASIBLE,41,9,0,0.185367097808
22,2012-08-24 12:00:00,BASE,230,NaN,NaN,BASE_PREREGISTERED,RAY_CERTIFIED_BOUNDARY,NO_RE_ENTRY_DETECTED_AT_SWEEP_RESOLUTION_DELTA,1.004296875,BINDING_VMIN,18,1.004296875,-1097.84801088,-1866.56114659,0.900002350089,18,1,1,CONVERGED_FEASIBLE,1.00439453125,-1097.94745582,-1866.73100984,0.899993658331,18,1,1,CONVERGED_INFEASIBLE,41,9,0,0.19683195678
22,2012-08-24 12:00:00,BASE,240,NaN,NaN,BASE_PREREGISTERED,RAY_CERTIFIED_BOUNDARY,NO_RE_ENTRY_DETECTED_AT_SWEEP_RESOLUTION_DELTA,0.9720703125,BINDING_VMIN,33,0.9720703125,-845.14225769,-2031.18496619,0.90000118316,33,1,1,CONVERGED_FEASIBLE,0.97216796875,-845.219612122,-2031.37699929,0.899992118784,33,1,1,CONVERGED_INFEASIBLE,41,9,0,0.207027580486
22,2012-08-24 12:00:00,BASE,250,NaN,NaN,BASE_PREREGISTERED,RAY_CERTIFIED_BOUNDARY,NO_RE_ENTRY_DETECTED_AT_SWEEP_RESOLUTION_DELTA,0.948828125,BINDING_VMIN,33,0.948828125,-589.26427517,-2144.19216177,0.900005481427,33,1,1,CONVERGED_FEASIBLE,0.94892578125,-589.317188718,-2144.40052989,0.899996202722,33,1,1,CONVERGED_INFEASIBLE,41,9,0,0.214981667248
22,2012-08-24 12:00:00,BASE,260,NaN,NaN,BASE_PREREGISTERED,RAY_CERTIFIED_BOUNDARY,NO_RE_ENTRY_DETECTED_AT_SWEEP_RESOLUTION_DELTA,0.95341796875,BINDING_VMIN,33,0.95341796875,-337.438385935,-2251.65316837,0.9000061869,33,1,1,CONVERGED_FEASIBLE,0.953515625,-337.465250847,-2251.87154036,0.89999694162,33,1,1,CONVERGED_INFEASIBLE,41,9,0,0.220018286473
22,2012-08-24 12:00:00,BASE,270,NaN,NaN,BASE_PREREGISTERED,RAY_CERTIFIED_BOUNDARY,NO_RE_ENTRY_DETECTED_AT_SWEEP_RESOLUTION_DELTA,0.98662109375,BINDING_VMIN,33,0.98662109375,-75.15625,-2359.934021,0.900002515134,33,1,1,CONVERGED_FEASIBLE,0.98671875,-75.15625,-2360.15576172,0.899993553,33,1,1,CONVERGED_INFEASIBLE,41,9,0,0.221740722656
22,2012-08-24 12:00:00,BASE,280,NaN,NaN,BASE_PREREGISTERED,RAY_CERTIFIED_BOUNDARY,NO_RE_ENTRY_DETECTED_AT_SWEEP_RESOLUTION_DELTA,1.05341796875,BINDING_VMIN,33,1.05341796875,214.635555832,-2475.26607879,0.900005855299,33,1,1,CONVERGED_FEASIBLE,1.053515625,214.662420744,-2475.48445077,0.899997417869,33,1,1,CONVERGED_INFEASIBLE,41,9,0,0.220018286473
22,2012-08-24 12:00:00,BASE,290,NaN,NaN,BASE_PREREGISTERED,RAY_CERTIFIED_BOUNDARY,NO_RE_ENTRY_DETECTED_AT_SWEEP_RESOLUTION_DELTA,1.1654296875,BINDING_VMIN,33,1.1654296875,556.314022991,-2606.35265372,0.900000148598,33,1,1,CONVERGED_FEASIBLE,1.16552734375,556.366936539,-2606.56102184,0.899992458396,33,1,1,CONVERGED_INFEASIBLE,41,9,0,0.214981667247
22,2012-08-24 12:00:00,BASE,300,NaN,NaN,BASE_PREREGISTERED,RAY_CERTIFIED_BOUNDARY,NO_RE_ENTRY_DETECTED_AT_SWEEP_RESOLUTION_DELTA,1.34541015625,BINDING_VMIN,33,1.34541015625,990.555747986,-2765.32750318,0.900004782513,33,1,1,CONVERGED_FEASIBLE,1.3455078125,990.633102417,-2765.51953628,0.899998033467,33,1,1,CONVERGED_INFEASIBLE,41,9,0,0.207027580487
22,2012-08-24 12:00:00,BASE,310,NaN,NaN,BASE_PREREGISTERED,RAY_CERTIFIED_BOUNDARY,NO_RE_ENTRY_DETECTED_AT_SWEEP_RESOLUTION_DELTA,1.6416015625,BINDING_VMIN,33,1.6416015625,1596.51318801,-2975.08870567,0.900000840168,33,1.00993569387,13,CONVERGED_FEASIBLE,1.64169921875,1596.61263295,-2975.25856892,0.899995184539,33,1.0099368749,13,CONVERGED_INFEASIBLE,41,9,0,0.19683195678
22,2012-08-24 12:00:00,BASE,320,NaN,NaN,BASE_PREREGISTERED,RAY_UNBOUNDED_WITHIN_GUARD,NO_RE_ENTRY_DETECTED_AT_SWEEP_RESOLUTION_DELTA,NaN,RAY_UNBOUNDED_WITHIN_GUARD,,NaN,NaN,NaN,NaN,,NaN,,,NaN,NaN,NaN,NaN,,NaN,,,41,0,0,NaN
22,2012-08-24 12:00:00,BASE,330,NaN,NaN,BASE_PREREGISTERED,RAY_CERTIFIED_BOUNDARY,NO_RE_ENTRY_DETECTED_AT_SWEEP_RESOLUTION_DELTA,1.67734375,BINDING_VMAX,13,1.67734375,2226.11523176,-2023.99682617,0.945119821561,33,1.04999171492,13,CONVERGED_FEASIBLE,1.677734375,2226.65115898,-2024.44030762,0.94511005048,33,1.05000553864,13,CONVERGED_INFEASIBLE,41,7,0,0.69562473881
22,2012-08-24 12:00:00,BASE,340,NaN,NaN,BASE_PREREGISTERED,RAY_CERTIFIED_BOUNDARY,NO_RE_ENTRY_DETECTED_AT_SWEEP_RESOLUTION_DELTA,1.326953125,BINDING_VMAX,13,1.326953125,1900.25056206,-1150.19861739,0.971996944978,33,1.04999806773,13,CONVERGED_FEASIBLE,1.3271484375,1900.54131962,-1150.35029698,0.971995248547,33,1.05000718701,13,CONVERGED_INFEASIBLE,41,8,0,0.327943061565
22,2012-08-24 12:00:00,BASE,350,NaN,NaN,BASE_PREREGISTERED,RAY_CERTIFIED_BOUNDARY,NO_RE_ENTRY_DETECTED_AT_SWEEP_RESOLUTION_DELTA,1.1359375,BINDING_VMAX,13,1.1359375,1697.07767145,-567.576175801,0.988900158704,33,1.04999221288,13,CONVERGED_FEASIBLE,1.1361328125,1697.38238843,-567.653185546,0.988901243115,33,1.05000304403,13,CONVERGED_INFEASIBLE,41,8,0,0.314297526412
23,2010-07-02 17:30:00,BASE,0,NaN,NaN,BASE_PREREGISTERED,RAY_CERTIFIED_BOUNDARY,NO_RE_ENTRY_DETECTED_AT_SWEEP_RESOLUTION_DELTA,0.7484375,BINDING_VMAX,13,0.7484375,2089.95483398,1223.90625,0.989719683502,25,1.04999332472,13,CONVERGED_FEASIBLE,0.7486328125,2090.26809692,1223.90625,0.989720652084,25,1.05000539528,13,CONVERGED_INFEASIBLE,41,8,0,0.313262939453
23,2010-07-02 17:30:00,BASE,10,NaN,NaN,BASE_PREREGISTERED,RAY_CERTIFIED_BOUNDARY,NO_RE_ENTRY_DETECTED_AT_SWEEP_RESOLUTION_DELTA,0.7044921875,BINDING_VMAX,13,0.7044921875,2002.30435382,1507.05161725,0.990406941282,25,1.04999579579,13,CONVERGED_FEASIBLE,0.7046875,2002.61285759,1507.1301161,0.990408158839,25,1.0500086584,13,CONVERGED_INFEASIBLE,41,8,0,0.318334175278
23,2010-07-02 17:30:00,BASE,20,NaN,NaN,BASE_PREREGISTERED,RAY_CERTIFIED_BOUNDARY,NO_RE_ENTRY_DETECTED_AT_SWEEP_RESOLUTION_DELTA,0.6859375,BINDING_VMAX,13,0.6859375,1923.36175447,1766.90556254,0.991025443953,25,1.04999126373,13,CONVERGED_FEASIBLE,0.6861328125,1923.65612534,1767.0601751,0.991026864146,25,1.0500044912,13,CONVERGED_INFEASIBLE,41,8,0,0.332504517996
23,2010-07-02 17:30:00,BASE,30,NaN,NaN,BASE_PREREGISTERED,RAY_CERTIFIED_BOUNDARY,NO_RE_ENTRY_DETECTED_AT_SWEEP_RESOLUTION_DELTA,0.6896484375,BINDING_VMAX,13,0.6896484375,1847.46917628,2022.01268005,0.991622539567,25,1.0499912808,13,CONVERGED_FEASIBLE,0.68984375,1847.74046994,2022.2387085,0.991624111039,25,1.05000443912,13,CONVERGED_INFEASIBLE,41,8,0,0.353113450172
23,2010-07-02 17:30:00,BASE,40,NaN,NaN,BASE_PREREGISTERED,RAY_CERTIFIED_BOUNDARY,NO_RE_ENTRY_DETECTED_AT_SWEEP_RESOLUTION_DELTA,0.7162109375,BINDING_VMAX,13,0.7162109375,1769.51346579,2289.45051166,0.992238008113,25,1.04999446323,13,CONVERGED_FEASIBLE,0.71640625,1769.75343912,2289.74108822,0.992239675144,25,1.05000712143,13,CONVERGED_INFEASIBLE,41,8,0,0.376857984938
23,2010-07-02 17:30:00,BASE,50,NaN,NaN,BASE_PREREGISTERED,RAY_CERTIFIED_BOUNDARY,NO_RE_ENTRY_DETECTED_AT_SWEEP_RESOLUTION_DELTA,0.7703125,BINDING_VMAX,13,0.7703125,1683.7011482,2589.69635098,0.992916114875,25,1.04999505567,13,CONVERGED_FEASIBLE,0.7705078125,1683.90250973,2590.04264664,0.99291781825,25,1.05000679576,13,CONVERGED_INFEASIBLE,41,8,0,0.400583518741
23,2010-07-02 17:30:00,BASE,60,NaN,NaN,BASE_PREREGISTERED,RAY_CERTIFIED_BOUNDARY,NO_RE_ENTRY_DETECTED_AT_SWEEP_RESOLUTION_DELTA,0.8083984375,BINDING_VMAX,30,0.8083984375,1537.8289032,2844.29472637,0.993248639668,25,1.04999002012,30,CONVERGED_FEASIBLE,0.80859375,1537.98553467,2844.68621911,0.99325033178,25,1.05000233212,30,CONVERGED_INFEASIBLE,41,8,0,0.421663358151
23,2010-07-02 17:30:00,BASE,70,NaN,NaN,BASE_PREREGISTERED,RAY_CERTIFIED_BOUNDARY,NO_RE_ENTRY_DETECTED_AT_SWEEP_RESOLUTION_DELTA,0.7869140625,BINDING_VMAX,30,0.7869140625,1321.20731663,2935.4033662,0.992842986778,25,1.04999883677,30,CONVERGED_FEASIBLE,0.78701171875,1321.26088775,2935.61576346,0.992843809647,25,1.05000516398,30,CONVERGED_INFEASIBLE,41,9,0,0.219048990988
23,2010-07-02 17:30:00,BASE,80,NaN,NaN,BASE_PREREGISTERED,RAY_CERTIFIED_BOUNDARY,NO_RE_ENTRY_DETECTED_AT_SWEEP_RESOLUTION_DELTA,0.790625,BINDING_VMAX,30,0.790625,1109.73248612,3026.03182768,0.992437861834,25,1.04999820901,30,CONVERGED_FEASIBLE,0.79072265625,1109.75968489,3026.25442224,0.99243863316,25,1.0500045022,30,CONVERGED_INFEASIBLE,41,9,0,0.224250111008
23,2010-07-02 17:30:00,BASE,90,NaN,NaN,BASE_PREREGISTERED,RAY_CERTIFIED_BOUNDARY,NO_RE_ENTRY_DETECTED_AT_SWEEP_RESOLUTION_DELTA,0.8203125,BINDING_VMAX,30,0.8203125,889.53125,3122.54516602,0.992006933382,25,1.04999530852,30,CONVERGED_FEASIBLE,0.8205078125,889.53125,3122.9972229,0.992008318819,25,1.05000741631,30,CONVERGED_INFEASIBLE,41,8,0,0.452056884765
23,2010-07-02 17:30:00,BASE,100,NaN,NaN,BASE_PREREGISTERED,RAY_CERTIFIED_BOUNDARY,NO_RE_ENTRY_DETECTED_AT_SWEEP_RESOLUTION_DELTA,0.8814453125,BINDING_VMAX,30,0.8814453125,644.035158449,3233.04477076,0.991515627008,25,1.04999423425,30,CONVERGED_FEASIBLE,0.881640625,643.98076091,3233.48995989,0.991516804432,25,1.05000546184,30,CONVERGED_INFEASIBLE,41,8,0,0.448500222017
23,2010-07-02 17:30:00,BASE,110,NaN,NaN,BASE_PREREGISTERED,RAY_CERTIFIED_BOUNDARY,NO_RE_ENTRY_DETECTED_AT_SWEEP_RESOLUTION_DELTA,0.9869140625,BINDING_VMAX,30,0.9869140625,348.141534269,3370.39295344,0.990906916845,25,1.04999223086,30,CONVERGED_FEASIBLE,0.987109375,348.034392034,3370.81774796,0.990907838626,25,1.05000219122,30,CONVERGED_INFEASIBLE,41,8,0,0.438097981975
23,2010-07-02 17:30:00,BASE,120,NaN,NaN,BASE_PREREGISTERED,RAY_CERTIFIED_BOUNDARY,NO_RE_ENTRY_DETECTED_AT_SWEEP_RESOLUTION_DELTA,1.166015625,BINDING_VMAX,30,1.166015625,-45.5586242676,3561.11794459,0.982122255293,18,1.04999773172,30,CONVERGED_FEASIBLE,1.1662109375,-45.7152557373,3561.50943734,0.982119449531,18,1.05000604837,30,CONVERGED_INFEASIBLE,41,8,0,0.421663358151
23,2010-07-02 17:30:00,BASE,130,NaN,NaN,BASE_PREREGISTERED,RAY_CERTIFIED_BOUNDARY,NO_RE_ENTRY_DETECTED_AT_SWEEP_RESOLUTION_DELTA,1.494140625,BINDING_VMAX,30,1.494140625,-650.884500817,3873.0680838,0.956544133439,18,1.04999394043,30,CONVERGED_FEASIBLE,1.49453125,-651.287223889,3873.76067512,0.956532098965,18,1.05000647701,30,CONVERGED_INFEASIBLE,41,7,0,0.801167037482
23,2010-07-02 17:30:00,BASE,140,NaN,NaN,BASE_PREREGISTERED,RAY_UNBOUNDED_WITHIN_GUARD,NO_RE_ENTRY_DETECTED_AT_SWEEP_RESOLUTION_DELTA,NaN,RAY_UNBOUNDED_WITHIN_GUARD,,NaN,NaN,NaN,NaN,,NaN,,,NaN,NaN,NaN,NaN,,NaN,,,41,0,0,NaN
23,2010-07-02 17:30:00,BASE,150,NaN,NaN,BASE_PREREGISTERED,RAY_CERTIFIED_BOUNDARY,NO_RE_ENTRY_DETECTED_AT_SWEEP_RESOLUTION_DELTA,1.76416015625,BINDING_VMIN,18,1.76416015625,-1560.92876674,3265.50815582,0.900004501117,18,1.01954428485,30,CONVERGED_FEASIBLE,1.7642578125,-1561.06441358,3265.62117004,0.899998105755,18,1.01954516185,30,CONVERGED_INFEASIBLE,41,9,0,0.176556725086
23,2010-07-02 17:30:00,BASE,160,NaN,NaN,BASE_PREREGISTERED,RAY_CERTIFIED_BOUNDARY,NO_RE_ENTRY_DETECTED_AT_SWEEP_RESOLUTION_DELTA,1.49140625,BINDING_VMIN,18,1.49140625,-1358.28473294,2404.52776212,0.900008047011,18,1,1,CONVERGED_FEASIBLE,1.4916015625,-1358.57910382,2404.68237468,0.899993301535,18,1,1,CONVERGED_INFEASIBLE,41,8,0,0.332504517996
23,2010-07-02 17:30:00,BASE,170,NaN,NaN,BASE_PREREGISTERED,RAY_CERTIFIED_BOUNDARY,NO_RE_ENTRY_DETECTED_AT_SWEEP_RESOLUTION_DELTA,1.320703125,BINDING_VMIN,18,1.320703125,-1196.57125292,1754.71550238,0.900007741428,18,1,1,CONVERGED_FEASIBLE,1.3208984375,-1196.87975669,1754.79400123,0.899991356205,18,1,1,CONVERGED_INFEASIBLE,41,8,0,0.318334175278
23,2010-07-02 17:30:00,BASE,180,NaN,NaN,BASE_PREREGISTERED,RAY_CERTIFIED_BOUNDARY,NO_RE_ENTRY_DETECTED_AT_SWEEP_RESOLUTION_DELTA,1.21435546875,BINDING_VMIN,18,1.21435546875,-1058.18107605,1223.90625,0.900008474667,18,1,1,CONVERGED_FEASIBLE,1.214453125,-1058.33770752,1223.90625,0.899999657437,18,1,1,CONVERGED_INFEASIBLE,41,9,0,0.156631469726
23,2010-07-02 17:30:00,BASE,190,NaN,NaN,BASE_PREREGISTERED,RAY_CERTIFIED_BOUNDARY,NO_RE_ENTRY_DETECTED_AT_SWEEP_RESOLUTION_DELTA,1.15341796875,BINDING_VMIN,18,1.15341796875,-932.337772622,760.331266278,0.900004108015,18,1,1,CONVERGED_FEASIBLE,1.153515625,-932.492024508,760.292016851,0.89999488628,18,1,1,CONVERGED_INFEASIBLE,41,9,0,0.159167087639
23,2010-07-02 17:30:00,BASE,200,NaN,NaN,BASE_PREREGISTERED,RAY_CERTIFIED_BOUNDARY,NO_RE_ENTRY_DETECTED_AT_SWEEP_RESOLUTION_DELTA,1.1283203125,BINDING_VMIN,18,1.1283203125,-811.049280836,330.709487882,0.900003131702,18,1,1,CONVERGED_FEASIBLE,1.12841796875,-811.196466272,330.632181602,0.899993740055,18,1,1,CONVERGED_INFEASIBLE,41,9,0,0.166252258998
23,2010-07-02 17:30:00,BASE,210,NaN,NaN,BASE_PREREGISTERED,RAY_CERTIFIED_BOUNDARY,NO_RE_ENTRY_DETECTED_AT_SWEEP_RESOLUTION_DELTA,1.1353515625,BINDING_VMIN,18,1.1353515625,-687.498816685,-89.9970855713,0.900007493228,18,1,1,CONVERGED_FEASIBLE,1.13544921875,-687.634463516,-90.1100997925,0.89999816948,18,1,1,CONVERGED_INFEASIBLE,41,9,0,0.176556725086
23,2010-07-02 17:30:00,BASE,220,NaN,NaN,BASE_PREREGISTERED,RAY_CERTIFIED_BOUNDARY,NO_RE_ENTRY_DETECTED_AT_SWEEP_RESOLUTION_DELTA,1.175390625,BINDING_VMIN,18,1.175390625,-554.628274031,-524.783514564,0.900004178758,18,1,1,CONVERGED_FEASIBLE,1.17548828125,-554.748260698,-524.928802846,0.899995151839,18,1,1,CONVERGED_INFEASIBLE,41,9,0,0.188428992469
23,2010-07-02 17:30:00,BASE,230,NaN,NaN,BASE_PREREGISTERED,RAY_CERTIFIED_BOUNDARY,NO_RE_ENTRY_DETECTED_AT_SWEEP_RESOLUTION_DELTA,1.214453125,BINDING_VMIN,33,1.214453125,-362.534781187,-929.360192162,0.90000801798,33,1,1,CONVERGED_FEASIBLE,1.2146484375,-362.736142723,-929.706487826,0.899991168069,33,1,1,CONVERGED_INFEASIBLE,41,8,0,0.400583518741
23,2010-07-02 17:30:00,BASE,240,NaN,NaN,BASE_PREREGISTERED,RAY_CERTIFIED_BOUNDARY,NO_RE_ENTRY_DETECTED_AT_SWEEP_RESOLUTION_DELTA,1.14794921875,BINDING_VMIN,33,1.14794921875,-31.0702133179,-1077.09236557,0.900004184808,33,1,1,CONVERGED_FEASIBLE,1.148046875,-31.1485290527,-1077.28811194,0.899995302311,33,1,1,CONVERGED_INFEASIBLE,41,9,0,0.210831679075
23,2010-07-02 17:30:00,BASE,250,NaN,NaN,BASE_PREREGISTERED,RAY_CERTIFIED_BOUNDARY,NO_RE_ENTRY_DETECTED_AT_SWEEP_RESOLUTION_DELTA,1.1181640625,BINDING_VMIN,33,1.1181640625,276.141952047,-1208.04237007,0.900003352779,33,1,1,CONVERGED_FEASIBLE,1.11826171875,276.088380929,-1208.25476733,0.89999423769,33,1,1,CONVERGED_INFEASIBLE,41,9,0,0.219048990988
23,2010-07-02 17:30:00,BASE,260,NaN,NaN,BASE_PREREGISTERED,RAY_CERTIFIED_BOUNDARY,NO_RE_ENTRY_DETECTED_AT_SWEEP_RESOLUTION_DELTA,1.12099609375,BINDING_VMIN,33,1.12099609375,577.316577397,-1331.25673248,0.90000789971,33,1,1,CONVERGED_FEASIBLE,1.12109375,577.289378628,-1331.47932704,0.899998792461,33,1,1,CONVERGED_INFEASIBLE,41,9,0,0.224250111008
23,2010-07-02 17:30:00,BASE,270,NaN,NaN,BASE_PREREGISTERED,RAY_CERTIFIED_BOUNDARY,NO_RE_ENTRY_DETECTED_AT_SWEEP_RESOLUTION_DELTA,1.15712890625,BINDING_VMIN,33,1.15712890625,889.53125,-1454.30476379,0.900007065402,33,1,1,CONVERGED_FEASIBLE,1.1572265625,889.53125,-1454.53079224,0.899998209673,33,1,1,CONVERGED_INFEASIBLE,41,9,0,0.226028442383
23,2010-07-02 17:30:00,BASE,280,NaN,NaN,BASE_PREREGISTERED,RAY_CERTIFIED_BOUNDARY,NO_RE_ENTRY_DETECTED_AT_SWEEP_RESOLUTION_DELTA,1.23203125,BINDING_VMIN,33,1.23203125,1232.67092328,-1584.34674999,0.900005145929,33,1,1,CONVERGED_FEASIBLE,1.23212890625,1232.69812205,-1584.56934456,0.899996778511,33,1,1,CONVERGED_INFEASIBLE,41,9,0,0.224250111009
23,2010-07-02 17:30:00,BASE,290,NaN,NaN,BASE_PREREGISTERED,RAY_CERTIFIED_BOUNDARY,NO_RE_ENTRY_DETECTED_AT_SWEEP_RESOLUTION_DELTA,1.358203125,BINDING_VMIN,33,1.358203125,1634.59835532,-1730.11483366,0.900009556695,33,1,1,CONVERGED_FEASIBLE,1.3583984375,1634.70549756,-1730.53962818,0.899994238085,33,1,1,CONVERGED_INFEASIBLE,41,8,0,0.438097981975
23,2010-07-02 17:30:00,BASE,300,NaN,NaN,BASE_PREREGISTERED,RAY_CERTIFIED_BOUNDARY,NO_RE_ENTRY_DETECTED_AT_SWEEP_RESOLUTION_DELTA,1.5611328125,BINDING_VMIN,33,1.5611328125,2141.48658752,-1905.29527008,0.900003574874,33,1.00836997107,13,CONVERGED_FEASIBLE,1.561328125,2141.64321899,-1905.68676282,0.899990056883,33,1.00836991861,13,CONVERGED_INFEASIBLE,41,8,0,0.421663358151
23,2010-07-02 17:30:00,BASE,310,NaN,NaN,BASE_PREREGISTERED,RAY_CERTIFIED_BOUNDARY,NO_RE_ENTRY_DETECTED_AT_SWEEP_RESOLUTION_DELTA,1.8927734375,BINDING_VMIN,33,1.8927734375,2840.9258959,-2132.04503514,0.900007215994,33,1.03219608792,13,CONVERGED_FEASIBLE,1.89296875,2841.12725744,-2132.3913308,0.899995805539,33,1.03219816519,13,CONVERGED_INFEASIBLE,41,8,0,0.400583518741
23,2010-07-02 17:30:00,BASE,320,NaN,NaN,BASE_PREREGISTERED,RAY_CERTIFIED_BOUNDARY,NO_RE_ENTRY_DETECTED_AT_SWEEP_RESOLUTION_DELTA,1.69609375,BINDING_VMAX,13,1.69609375,2973.45968248,-1299.46063526,0.933565148995,33,1.04999818914,13,CONVERGED_FEASIBLE,1.696484375,2973.93962915,-1300.04178839,0.933549500061,33,1.05000751848,13,CONVERGED_INFEASIBLE,41,7,0,0.753715969876
23,2010-07-02 17:30:00,BASE,330,NaN,NaN,BASE_PREREGISTERED,RAY_CERTIFIED_BOUNDARY,NO_RE_ENTRY_DETECTED_AT_SWEEP_RESOLUTION_DELTA,1.19453125,BINDING_VMAX,13,1.19453125,2548.76329676,-158.483703613,0.968356945536,33,1.0499931472,13,CONVERGED_FEASIBLE,1.194921875,2549.30588409,-158.935760498,0.968348186805,33,1.05000763536,13,CONVERGED_INFEASIBLE,41,7,0,0.706226900343
23,2010-07-02 17:30:00,BASE,340,NaN,NaN,BASE_PREREGISTERED,RAY_CERTIFIED_BOUNDARY,NO_RE_ENTRY_DETECTED_AT_SWEEP_RESOLUTION_DELTA,0.959375,BINDING_VMAX,13,0.959375,2335.48097606,464.449352731,0.986078988774,33,1.04999884644,13,CONVERGED_FEASIBLE,0.9595703125,2335.77534694,464.294740171,0.986077452832,33,1.05000810522,13,CONVERGED_INFEASIBLE,41,8,0,0.332504517996
23,2010-07-02 17:30:00,BASE,350,NaN,NaN,BASE_PREREGISTERED,RAY_CERTIFIED_BOUNDARY,NO_RE_ENTRY_DETECTED_AT_SWEEP_RESOLUTION_DELTA,0.8267578125,BINDING_VMAX,13,0.8267578125,2195.42771478,891.620599996,0.988895671777,25,1.04999290313,13,CONVERGED_FEASIBLE,0.826953125,2195.73621855,891.542101142,0.98889634991,25,1.05000376786,13,CONVERGED_INFEASIBLE,41,8,0,0.318334175278
24,2012-08-05 23:30:00,BASE,0,NaN,NaN,BASE_PREREGISTERED,RAY_CERTIFIED_BOUNDARY,NO_RE_ENTRY_DETECTED_AT_SWEEP_RESOLUTION_DELTA,1.0103515625,BINDING_VMAX,13,1.0103515625,1575.94090271,-50.625,0.99894465555,25,1.04999150245,13,CONVERGED_FEASIBLE,1.010546875,1576.2505188,-50.625,0.998945635724,25,1.05000360641,13,CONVERGED_INFEASIBLE,41,8,0,0.309616088867
24,2012-08-05 23:30:00,BASE,10,NaN,NaN,BASE_PREREGISTERED,RAY_CERTIFIED_BOUNDARY,NO_RE_ENTRY_DETECTED_AT_SWEEP_RESOLUTION_DELTA,0.94892578125,BINDING_VMAX,13,0.94892578125,1455.71340491,323.887299719,0.999210831633,22,1.04999547686,13,CONVERGED_FEASIBLE,0.9490234375,1455.86586108,323.925841687,0.999210928602,22,1.05000194666,13,CONVERGED_INFEASIBLE,41,9,0,0.15725255076
24,2012-08-05 23:30:00,BASE,20,NaN,NaN,BASE_PREREGISTERED,RAY_CERTIFIED_BOUNDARY,NO_RE_ENTRY_DETECTED_AT_SWEEP_RESOLUTION_DELTA,0.92265625,BINDING_VMAX,13,0.92265625,1348.71611363,666.599674156,0.999343415221,22,1.04999605811,13,CONVERGED_FEASIBLE,0.9228515625,1349.00705758,666.75149987,0.999343641256,22,1.05000938926,13,CONVERGED_INFEASIBLE,41,8,0,0.328175916043
24,2012-08-05 23:30:00,BASE,30,NaN,NaN,BASE_PREREGISTERED,RAY_CERTIFIED_BOUNDARY,NO_RE_ENTRY_DETECTED_AT_SWEEP_RESOLUTION_DELTA,0.9267578125,BINDING_VMAX,13,0.9267578125,1246.59934031,1002.54837036,0.999470402929,22,1.04999901079,13,CONVERGED_FEASIBLE,0.92685546875,1246.73340801,1002.65934753,0.999470527697,22,1.05000564799,13,CONVERGED_INFEASIBLE,41,9,0,0.174040457538
24,2012-08-05 23:30:00,BASE,40,NaN,NaN,BASE_PREREGISTERED,RAY_CERTIFIED_BOUNDARY,NO_RE_ENTRY_DETECTED_AT_SWEEP_RESOLUTION_DELTA,0.96171875,BINDING_VMAX,13,0.96171875,1142.16964087,1354.38426883,0.999600253653,22,1.04999406108,13,CONVERGED_FEASIBLE,0.9619140625,1142.40682056,1354.66960784,0.999600517462,22,1.0500068341,13,CONVERGED_INFEASIBLE,41,8,0,0.371042519676
24,2012-08-05 23:30:00,BASE,50,NaN,NaN,BASE_PREREGISTERED,RAY_CERTIFIED_BOUNDARY,NO_RE_ENTRY_DETECTED_AT_SWEEP_RESOLUTION_DELTA,1.0341796875,BINDING_VMAX,13,1.0341796875,1028.09393219,1749.95979848,0.999742806369,22,1.04999631198,13,CONVERGED_FEASIBLE,1.034375,1028.29294958,1750.29985227,0.999743074684,22,1.05000815164,13,CONVERGED_INFEASIBLE,41,8,0,0.394010783335
24,2012-08-05 23:30:00,BASE,60,NaN,NaN,BASE_PREREGISTERED,RAY_CERTIFIED_BOUNDARY,NO_RE_ENTRY_DETECTED_AT_SWEEP_RESOLUTION_DELTA,0.98525390625,BINDING_VMAX,30,0.98525390625,755.226055145,1888.66342966,0.999674028017,22,1.04999448342,30,CONVERGED_FEASIBLE,0.9853515625,755.303459167,1888.85564776,0.999674162989,22,1.05000069328,30,CONVERGED_INFEASIBLE,41,9,0,0.207217714826
24,2012-08-05 23:30:00,BASE,70,NaN,NaN,BASE_PREREGISTERED,RAY_CERTIFIED_BOUNDARY,NO_RE_ENTRY_DETECTED_AT_SWEEP_RESOLUTION_DELTA,0.9603515625,BINDING_VMAX,30,0.9603515625,494.982290507,2000.44117719,0.999594752836,22,1.0499923376,30,CONVERGED_FEASIBLE,0.960546875,495.088185446,2000.85831491,0.999595015354,22,1.05000508614,30,CONVERGED_INFEASIBLE,41,8,0,0.430369163534
24,2012-08-05 23:30:00,BASE,80,NaN,NaN,BASE_PREREGISTERED,RAY_CERTIFIED_BOUNDARY,NO_RE_ENTRY_DETECTED_AT_SWEEP_RESOLUTION_DELTA,0.9666015625,BINDING_VMAX,30,0.9666015625,240.376245291,2112.90320386,0.999515260706,22,1.04999064695,30,CONVERGED_FEASIBLE,0.966796875,240.43000956,2113.34036859,0.999515506504,22,1.05000330415,30,CONVERGED_INFEASIBLE,41,8,0,0.440458386126
24,2012-08-05 23:30:00,BASE,90,NaN,NaN,BASE_PREREGISTERED,RAY_CERTIFIED_BOUNDARY,NO_RE_ENTRY_DETECTED_AT_SWEEP_RESOLUTION_DELTA,1.0052734375,BINDING_VMAX,30,1.0052734375,-25.703125,2234.17303467,0.999430154478,22,1.04999632895,30,CONVERGED_FEASIBLE,1.00546875,-25.703125,2234.61694336,0.999430374629,22,1.05000847383,30,CONVERGED_INFEASIBLE,41,8,0,0.443908691406
24,2012-08-05 23:30:00,BASE,100,NaN,NaN,BASE_PREREGISTERED,RAY_CERTIFIED_BOUNDARY,NO_RE_ENTRY_DETECTED_AT_SWEEP_RESOLUTION_DELTA,1.0833984375,BINDING_VMAX,30,1.0833984375,-323.933528516,2374.32770698,0.998009735756,18,1.04999536156,30,CONVERGED_FEASIBLE,1.08359375,-323.987292786,2374.7648717,0.998012423003,18,1.0500065806,30,CONVERGED_INFEASIBLE,41,8,0,0.440458386127
24,2012-08-05 23:30:00,BASE,110,NaN,NaN,BASE_PREREGISTERED,RAY_CERTIFIED_BOUNDARY,NO_RE_ENTRY_DETECTED_AT_SWEEP_RESOLUTION_DELTA,1.218359375,BINDING_VMAX,30,1.218359375,-686.275755045,2551.48010745,0.983210017845,18,1.04999269646,30,CONVERGED_FEASIBLE,1.2185546875,-686.381649984,2551.89724517,0.983209944774,18,1.0500025856,30,CONVERGED_INFEASIBLE,41,8,0,0.430369163534
24,2012-08-05 23:30:00,BASE,120,NaN,NaN,BASE_PREREGISTERED,RAY_CERTIFIED_BOUNDARY,NO_RE_ENTRY_DETECTED_AT_SWEEP_RESOLUTION_DELTA,1.450390625,BINDING_VMAX,30,1.450390625,-1175.30766296,2804.19824881,0.962282051491,18,1.0499957977,30,CONVERGED_FEASIBLE,1.4505859375,-1175.46247101,2804.58268502,0.962278896885,18,1.05000394857,30,CONVERGED_INFEASIBLE,41,8,0,0.414435429652
24,2012-08-05 23:30:00,BASE,130,NaN,NaN,BASE_PREREGISTERED,RAY_CERTIFIED_BOUNDARY,NO_RE_ENTRY_DETECTED_AT_SWEEP_RESOLUTION_DELTA,1.8921875,BINDING_VMAX,30,1.8921875,-1953.7835575,3243.81608171,0.926272400387,18,1.04999663096,30,CONVERGED_FEASIBLE,1.892578125,-1954.18159227,3244.49618929,0.926258571821,18,1.0500084566,30,CONVERGED_INFEASIBLE,41,7,0,0.788021566669
24,2012-08-05 23:30:00,BASE,140,NaN,NaN,BASE_PREREGISTERED,RAY_CERTIFIED_BOUNDARY,NO_RE_ENTRY_DETECTED_AT_SWEEP_RESOLUTION_DELTA,1.8498046875,BINDING_VMIN,18,1.8498046875,-2272.03191573,2651.82073215,0.900002150514,18,1.02846530965,30,CONVERGED_FEASIBLE,1.85,-2272.26909542,2652.10607116,0.899991729144,18,1.02846917057,30,CONVERGED_INFEASIBLE,41,8,0,0.371042519676
24,2012-08-05 23:30:00,BASE,150,NaN,NaN,BASE_PREREGISTERED,RAY_CERTIFIED_BOUNDARY,NO_RE_ENTRY_DETECTED_AT_SWEEP_RESOLUTION_DELTA,1.4578125,BINDING_VMIN,18,1.4578125,-2027.0657385,1606.04223633,0.900002517796,18,1.00247655902,30,CONVERGED_FEASIBLE,1.45791015625,-2027.1998062,1606.1532135,0.899996168959,18,1.00247752614,30,CONVERGED_INFEASIBLE,41,9,0,0.174040457538
24,2012-08-05 23:30:00,BASE,160,NaN,NaN,BASE_PREREGISTERED,RAY_CERTIFIED_BOUNDARY,NO_RE_ENTRY_DETECTED_AT_SWEEP_RESOLUTION_DELTA,1.225390625,BINDING_VMIN,18,1.225390625,-1851.0854923,901.929531256,0.90000650717,18,1,1,CONVERGED_FEASIBLE,1.2255859375,-1851.37643626,902.081356971,0.899991743647,18,1,1,CONVERGED_INFEASIBLE,41,8,0,0.328175916042
24,2012-08-05 23:30:00,BASE,170,NaN,NaN,BASE_PREREGISTERED,RAY_CERTIFIED_BOUNDARY,NO_RE_ENTRY_DETECTED_AT_SWEEP_RESOLUTION_DELTA,1.08095703125,BINDING_VMIN,18,1.08095703125,-1713.24038646,375.996039991,0.900002711323,18,1,1,CONVERGED_FEASIBLE,1.0810546875,-1713.39284262,376.034581959,0.899994458639,18,1,1,CONVERGED_INFEASIBLE,41,9,0,0.15725255076
24,2012-08-05 23:30:00,BASE,180,NaN,NaN,BASE_PREREGISTERED,RAY_CERTIFIED_BOUNDARY,NO_RE_ENTRY_DETECTED_AT_SWEEP_RESOLUTION_DELTA,0.99111328125,BINDING_VMIN,18,0.99111328125,-1596.84996796,-50.625,0.900003606495,18,1,1,CONVERGED_FEASIBLE,0.9912109375,-1597.004776,-50.625,0.899994684692,18,1,1,CONVERGED_INFEASIBLE,41,9,0,0.154808044433
24,2012-08-05 23:30:00,BASE,190,NaN,NaN,BASE_PREREGISTERED,RAY_CERTIFIED_BOUNDARY,NO_RE_ENTRY_DETECTED_AT_SWEEP_RESOLUTION_DELTA,0.93935546875,BINDING_VMIN,18,0.93935546875,-1492.178951,-421.360186889,0.900002446406,18,1,1,CONVERGED_FEASIBLE,0.939453125,-1492.33140716,-421.398728857,0.899993084288,18,1,1,CONVERGED_INFEASIBLE,41,9,0,0.15725255076
24,2012-08-05 23:30:00,BASE,200,NaN,NaN,BASE_PREREGISTERED,RAY_CERTIFIED_BOUNDARY,NO_RE_ENTRY_DETECTED_AT_SWEEP_RESOLUTION_DELTA,0.9173828125,BINDING_VMIN,18,0.9173828125,-1392.26687687,-763.750379871,0.900005446001,18,1,1,CONVERGED_FEASIBLE,0.91748046875,-1392.41234884,-763.826292728,0.899995888466,18,1,1,CONVERGED_INFEASIBLE,41,9,0,0.164087958021
24,2012-08-05 23:30:00,BASE,210,NaN,NaN,BASE_PREREGISTERED,RAY_CERTIFIED_BOUNDARY,NO_RE_ENTRY_DETECTED_AT_SWEEP_RESOLUTION_DELTA,0.9220703125,BINDING_VMIN,18,0.9220703125,-1291.57034075,-1098.47146606,0.900000019688,18,1,1,CONVERGED_FEASIBLE,0.92216796875,-1291.70440845,-1098.58244324,0.899990516382,18,1,1,CONVERGED_INFEASIBLE,41,9,0,0.174040457538
24,2012-08-05 23:30:00,BASE,220,NaN,NaN,BASE_PREREGISTERED,RAY_CERTIFIED_BOUNDARY,NO_RE_ENTRY_DETECTED_AT_SWEEP_RESOLUTION_DELTA,0.9537109375,BINDING_VMIN,18,0.9537109375,-1183.85152381,-1443.93536956,0.900008281722,18,1,1,CONVERGED_FEASIBLE,0.95380859375,-1183.97011365,-1444.07803906,0.899999076648,18,1,1,CONVERGED_INFEASIBLE,41,9,0,0.185521259838
24,2012-08-05 23:30:00,BASE,230,NaN,NaN,BASE_PREREGISTERED,RAY_CERTIFIED_BOUNDARY,NO_RE_ENTRY_DETECTED_AT_SWEEP_RESOLUTION_DELTA,1.0169921875,BINDING_VMIN,18,1.0169921875,-1061.98665225,-1821.28506528,0.900002235007,18,1,1,CONVERGED_FEASIBLE,1.01708984375,-1062.08616095,-1821.45509218,0.89999355254,18,1,1,CONVERGED_INFEASIBLE,41,9,0,0.197005391668
24,2012-08-05 23:30:00,BASE,240,NaN,NaN,BASE_PREREGISTERED,RAY_CERTIFIED_BOUNDARY,NO_RE_ENTRY_DETECTED_AT_SWEEP_RESOLUTION_DELTA,0.98115234375,BINDING_VMIN,33,0.98115234375,-803.381336212,-1981.84026938,0.900001421897,33,1,1,CONVERGED_FEASIBLE,0.98125,-803.458740234,-1982.03248748,0.899992367724,33,1,1,CONVERGED_INFEASIBLE,41,9,0,0.207217714826
24,2012-08-05 23:30:00,BASE,250,NaN,NaN,BASE_PREREGISTERED,RAY_CERTIFIED_BOUNDARY,NO_RE_ENTRY_DETECTED_AT_SWEEP_RESOLUTION_DELTA,0.9576171875,BINDING_VMIN,33,0.9576171875,-544.90601136,-2095.85124909,0.900002783528,33,1,1,CONVERGED_FEASIBLE,0.95771484375,-544.958958829,-2096.05981795,0.89999351401,33,1,1,CONVERGED_INFEASIBLE,41,9,0,0.215184581767
24,2012-08-05 23:30:00,BASE,260,NaN,NaN,BASE_PREREGISTERED,RAY_CERTIFIED_BOUNDARY,NO_RE_ENTRY_DETECTED_AT_SWEEP_RESOLUTION_DELTA,0.962109375,BINDING_VMIN,33,0.962109375,-290.54591709,-2204.09841528,0.900005949514,33,1,1,CONVERGED_FEASIBLE,0.96220703125,-290.572799225,-2204.31699764,0.899996712123,33,1,1,CONVERGED_INFEASIBLE,41,9,0,0.220229193063
24,2012-08-05 23:30:00,BASE,270,NaN,NaN,BASE_PREREGISTERED,RAY_CERTIFIED_BOUNDARY,NO_RE_ENTRY_DETECTED_AT_SWEEP_RESOLUTION_DELTA,0.9955078125,BINDING_VMIN,33,0.9955078125,-25.703125,-2313.2276001,0.900000153487,33,1,1,CONVERGED_FEASIBLE,0.99560546875,-25.703125,-2313.44955444,0.899991197475,33,1,1,CONVERGED_INFEASIBLE,41,9,0,0.221954345703
24,2012-08-05 23:30:00,BASE,280,NaN,NaN,BASE_PREREGISTERED,RAY_CERTIFIED_BOUNDARY,NO_RE_ENTRY_DETECTED_AT_SWEEP_RESOLUTION_DELTA,1.0626953125,BINDING_VMIN,33,1.0626953125,266.828265938,-2429.23824656,0.900007869825,33,1,1,CONVERGED_FEASIBLE,1.062890625,266.882030208,-2429.67541128,0.899991003261,33,1,1,CONVERGED_INFEASIBLE,41,8,0,0.440458386127
24,2012-08-05 23:30:00,BASE,290,NaN,NaN,BASE_PREREGISTERED,RAY_CERTIFIED_BOUNDARY,NO_RE_ENTRY_DETECTED_AT_SWEEP_RESOLUTION_DELTA,1.175390625,BINDING_VMIN,33,1.175390625,611.572618445,-2560.95980869,0.900008905913,33,1,1,CONVERGED_FEASIBLE,1.1755859375,611.678513384,-2561.37694641,0.899993529843,33,1,1,CONVERGED_INFEASIBLE,41,8,0,0.430369163534
24,2012-08-05 23:30:00,BASE,300,NaN,NaN,BASE_PREREGISTERED,RAY_CERTIFIED_BOUNDARY,NO_RE_ENTRY_DETECTED_AT_SWEEP_RESOLUTION_DELTA,1.356640625,BINDING_VMIN,33,1.356640625,1049.59355164,-2720.91887103,0.900009695307,33,1,1,CONVERGED_FEASIBLE,1.3568359375,1049.74835968,-2721.30330723,0.899996196861,33,1,1,CONVERGED_INFEASIBLE,41,8,0,0.414435429652
24,2012-08-05 23:30:00,BASE,310,NaN,NaN,BASE_PREREGISTERED,RAY_CERTIFIED_BOUNDARY,NO_RE_ENTRY_DETECTED_AT_SWEEP_RESOLUTION_DELTA,1.6546875,BINDING_VMIN,33,1.6546875,1660.37216651,-2931.56067757,0.900008891093,33,1.01111621523,13,CONVERGED_FEASIBLE,1.6548828125,1660.5711839,-2931.90073135,0.899997575179,33,1.01111856201,13,CONVERGED_INFEASIBLE,41,8,0,0.394010783335
24,2012-08-05 23:30:00,BASE,320,NaN,NaN,BASE_PREREGISTERED,RAY_UNBOUNDED_WITHIN_GUARD,NO_RE_ENTRY_DETECTED_AT_SWEEP_RESOLUTION_DELTA,NaN,RAY_UNBOUNDED_WITHIN_GUARD,,NaN,NaN,NaN,NaN,,NaN,,,NaN,NaN,NaN,NaN,,NaN,,,41,0,0,NaN
24,2012-08-05 23:30:00,BASE,330,NaN,NaN,BASE_PREREGISTERED,RAY_CERTIFIED_BOUNDARY,NO_RE_ENTRY_DETECTED_AT_SWEEP_RESOLUTION_DELTA,1.651953125,BINDING_VMAX,13,1.651953125,2242.18607449,-1927.91485596,0.946384161396,33,1.04999607967,13,CONVERGED_FEASIBLE,1.65234375,2242.72234529,-1928.35876465,0.946374449428,33,1.05000994094,13,CONVERGED_INFEASIBLE,41,7,0,0.696161830153
24,2012-08-05 23:30:00,BASE,340,NaN,NaN,BASE_PREREGISTERED,RAY_CERTIFIED_BOUNDARY,NO_RE_ENTRY_DETECTED_AT_SWEEP_RESOLUTION_DELTA,1.3078125,BINDING_VMAX,13,1.3078125,1922.45759088,-1067.24998267,0.972742426101,33,1.04999336197,13,CONVERGED_FEASIBLE,1.3080078125,1922.74853484,-1067.40180839,0.972740738682,33,1.05000248899,13,CONVERGED_INFEASIBLE,41,8,0,0.328175916043
24,2012-08-05 23:30:00,BASE,350,NaN,NaN,BASE_PREREGISTERED,RAY_CERTIFIED_BOUNDARY,NO_RE_ENTRY_DETECTED_AT_SWEEP_RESOLUTION_DELTA,1.1201171875,BINDING_VMAX,13,1.1201171875,1722.96905758,-492.701369021,0.989363209333,33,1.04999593214,13,CONVERGED_FEASIBLE,1.1203125,1723.2739699,-492.778452957,0.989364293848,33,1.05000676497,13,CONVERGED_INFEASIBLE,41,8,0,0.31450510152
25,2010-07-02 18:00:00,BASE,0,NaN,NaN,BASE_PREREGISTERED,RAY_CERTIFIED_BOUNDARY,NO_RE_ENTRY_DETECTED_AT_SWEEP_RESOLUTION_DELTA,0.76689453125,BINDING_VMAX,13,0.76689453125,2054.24277496,1134.53125,0.990362113396,25,1.0499951922,13,CONVERGED_FEASIBLE,0.7669921875,2054.39927673,1134.53125,0.990362598077,25,1.05000122854,13,CONVERGED_INFEASIBLE,41,9,0,0.15650177002
25,2010-07-02 18:00:00,BASE,10,NaN,NaN,BASE_PREREGISTERED,RAY_CERTIFIED_BOUNDARY,NO_RE_ENTRY_DETECTED_AT_SWEEP_RESOLUTION_DELTA,0.7216796875,BINDING_VMAX,13,0.7216796875,1964.21189135,1424.23205853,0.991066897876,25,1.04999296889,13,CONVERGED_FEASIBLE,0.721875,1964.52013967,1424.31046199,0.99106811666,25,1.05000583672,13,CONVERGED_INFEASIBLE,41,8,0,0.318063084919
25,2010-07-02 18:00:00,BASE,20,NaN,NaN,BASE_PREREGISTERED,RAY_CERTIFIED_BOUNDARY,NO_RE_ENTRY_DETECTED_AT_SWEEP_RESOLUTION_DELTA,0.702734375,BINDING_VMAX,13,0.702734375,1883.50374144,1690.15126031,0.991702086242,25,1.04999761737,13,CONVERGED_FEASIBLE,0.70283203125,1883.650805,1690.22847265,0.991702797026,25,1.05000423461,13,CONVERGED_INFEASIBLE,41,9,0,0.166100680059
25,2010-07-02 18:00:00,BASE,30,NaN,NaN,BASE_PREREGISTERED,RAY_CERTIFIED_BOUNDARY,NO_RE_ENTRY_DETECTED_AT_SWEEP_RESOLUTION_DELTA,0.7064453125,BINDING_VMAX,13,0.7064453125,1805.69101003,1951.08268738,0.992313804907,25,1.04999500106,13,CONVERGED_FEASIBLE,0.706640625,1805.96207904,1951.30844116,0.992315377684,25,1.05000816728,13,CONVERGED_INFEASIBLE,41,8,0,0.352765053724
25,2010-07-02 18:00:00,BASE,40,NaN,NaN,BASE_PREREGISTERED,RAY_CERTIFIED_BOUNDARY,NO_RE_ENTRY_DETECTED_AT_SWEEP_RESOLUTION_DELTA,0.73359375,BINDING_VMAX,13,0.73359375,1725.8278572,2224.61060565,0.992944136459,25,1.04999648262,13,CONVERGED_FEASIBLE,0.7337890625,1726.06763182,2224.90082912,0.992945804515,25,1.05000914871,13,CONVERGED_INFEASIBLE,41,8,0,0.376459204305
25,2010-07-02 18:00:00,BASE,50,NaN,NaN,BASE_PREREGISTERED,RAY_CERTIFIED_BOUNDARY,NO_RE_ENTRY_DETECTED_AT_SWEEP_RESOLUTION_DELTA,0.78896484375,BINDING_VMAX,13,0.78896484375,1637.96075879,2531.69276219,0.99363834156,25,1.04999524798,13,CONVERGED_FEASIBLE,0.7890625,1638.06135619,2531.86569962,0.993639193522,25,1.05000112151,13,CONVERGED_INFEASIBLE,41,9,0,0.200067968362
25,2010-07-02 18:00:00,BASE,60,NaN,NaN,BASE_PREREGISTERED,RAY_CERTIFIED_BOUNDARY,NO_RE_ENTRY_DETECTED_AT_SWEEP_RESOLUTION_DELTA,0.8208984375,BINDING_VMAX,30,0.8208984375,1483.01131439,2777.97580271,0.993917064449,25,1.04999810049,30,CONVERGED_FEASIBLE,0.82099609375,1483.08956528,2778.17131123,0.993917911528,25,1.05000426036,30,CONVERGED_INFEASIBLE,41,9,0,0.210586750078
25,2010-07-02 18:00:00,BASE,70,NaN,NaN,BASE_PREREGISTERED,RAY_CERTIFIED_BOUNDARY,NO_RE_ENTRY_DETECTED_AT_SWEEP_RESOLUTION_DELTA,0.7990234375,BINDING_VMAX,30,0.7990234375,1263.19030742,2870.25389891,0.993503405779,25,1.04999787144,30,CONVERGED_FEASIBLE,0.79912109375,1263.24383418,2870.46603808,0.993504229639,25,1.05000420213,30,CONVERGED_INFEASIBLE,41,9,0,0.218787886261
25,2010-07-02 18:00:00,BASE,80,NaN,NaN,BASE_PREREGISTERED,RAY_CERTIFIED_BOUNDARY,NO_RE_ENTRY_DETECTED_AT_SWEEP_RESOLUTION_DELTA,0.8029296875,BINDING_VMAX,30,0.8029296875,1048.6774792,2962.47981053,0.993091670209,25,1.04999987547,30,CONVERGED_FEASIBLE,0.80302734375,1048.70465544,2962.70213461,0.993092442391,25,1.05000617131,30,CONVERGED_INFEASIBLE,41,9,0,0.223978890956
25,2010-07-02 18:00:00,BASE,90,NaN,NaN,BASE_PREREGISTERED,RAY_CERTIFIED_BOUNDARY,NO_RE_ENTRY_DETECTED_AT_SWEEP_RESOLUTION_DELTA,0.833203125,BINDING_VMAX,30,0.833203125,825.234375,3060.66253662,0.992653091637,25,1.04999692149,30,CONVERGED_FEASIBLE,0.8333984375,825.234375,3061.11404419,0.992654478345,25,1.05000903228,30,CONVERGED_INFEASIBLE,41,8,0,0.451507568359
25,2010-07-02 18:00:00,BASE,100,NaN,NaN,BASE_PREREGISTERED,RAY_CERTIFIED_BOUNDARY,NO_RE_ENTRY_DETECTED_AT_SWEEP_RESOLUTION_DELTA,0.8955078125,BINDING_VMAX,30,0.8955078125,576.028188492,3173.24303547,0.992152909638,25,1.04999783721,30,CONVERGED_FEASIBLE,0.895703125,575.973835998,3173.68768362,0.992154087673,25,1.05000906466,30,CONVERGED_INFEASIBLE,41,8,0,0.447957781911
25,2010-07-02 18:00:00,BASE,110,NaN,NaN,BASE_PREREGISTERED,RAY_CERTIFIED_BOUNDARY,NO_RE_ENTRY_DETECTED_AT_SWEEP_RESOLUTION_DELTA,1.0029296875,BINDING_VMAX,30,1.0029296875,275.514572263,3313.20047566,0.99153219782,25,1.04999486599,30,CONVERGED_FEASIBLE,1.003125,275.407518747,3313.62475399,0.991533119274,25,1.05000482205,30,CONVERGED_INFEASIBLE,41,8,0,0.437575772523
25,2010-07-02 18:00:00,BASE,120,NaN,NaN,BASE_PREREGISTERED,RAY_CERTIFIED_BOUNDARY,NO_RE_ENTRY_DETECTED_AT_SWEEP_RESOLUTION_DELTA,1.1853515625,BINDING_VMAX,30,1.1853515625,-124.574867249,3507.61356987,0.980784088052,18,1.04999345553,30,CONVERGED_FEASIBLE,1.185546875,-124.731369019,3508.00458689,0.980781260384,18,1.050001762,30,CONVERGED_INFEASIBLE,41,8,0,0.421173500156
25,2010-07-02 18:00:00,BASE,130,NaN,NaN,BASE_PREREGISTERED,RAY_CERTIFIED_BOUNDARY,NO_RE_ENTRY_DETECTED_AT_SWEEP_RESOLUTION_DELTA,1.520703125,BINDING_VMAX,30,1.520703125,-741.268316973,3827.5129393,0.954574077858,18,1.04999469618,30,CONVERGED_FEASIBLE,1.52109375,-741.670706568,3828.20468902,0.954561936622,18,1.05000718992,30,CONVERGED_INFEASIBLE,41,7,0,0.800271873446
25,2010-07-02 18:00:00,BASE,140,NaN,NaN,BASE_PREREGISTERED,RAY_UNBOUNDED_WITHIN_GUARD,NO_RE_ENTRY_DETECTED_AT_SWEEP_RESOLUTION_DELTA,NaN,RAY_UNBOUNDED_WITHIN_GUARD,,NaN,NaN,NaN,NaN,,NaN,,,NaN,NaN,NaN,NaN,,NaN,,,41,0,0,NaN
25,2010-07-02 18:00:00,BASE,150,NaN,NaN,BASE_PREREGISTERED,RAY_CERTIFIED_BOUNDARY,NO_RE_ENTRY_DETECTED_AT_SWEEP_RESOLUTION_DELTA,1.7427734375,BINDING_VMIN,18,1.7427734375,-1593.51446501,3148.93226624,0.900008495879,18,1.01838154961,30,CONVERGED_FEASIBLE,1.74296875,-1593.78553403,3149.15802002,0.899995711796,18,1.01838331607,30,CONVERGED_INFEASIBLE,41,8,0,0.352765053724
25,2010-07-02 18:00:00,BASE,160,NaN,NaN,BASE_PREREGISTERED,RAY_CERTIFIED_BOUNDARY,NO_RE_ENTRY_DETECTED_AT_SWEEP_RESOLUTION_DELTA,1.4728515625,BINDING_VMIN,18,1.4728515625,-1392.7782132,2299.04778633,0.900004700925,18,1,1,CONVERGED_FEASIBLE,1.47294921875,-1392.92527676,2299.12499868,0.89999732781,18,1,1,CONVERGED_INFEASIBLE,41,9,0,0.166100680059
25,2010-07-02 18:00:00,BASE,170,NaN,NaN,BASE_PREREGISTERED,RAY_CERTIFIED_BOUNDARY,NO_RE_ENTRY_DETECTED_AT_SWEEP_RESOLUTION_DELTA,1.30390625,BINDING_VMIN,18,1.30390625,-1232.63136226,1657.95279201,0.900005901343,18,1,1,CONVERGED_FEASIBLE,1.30400390625,-1232.78548642,1657.99199374,0.899997704978,18,1,1,CONVERGED_INFEASIBLE,41,9,0,0.15903154246
25,2010-07-02 18:00:00,BASE,180,NaN,NaN,BASE_PREREGISTERED,RAY_CERTIFIED_BOUNDARY,NO_RE_ENTRY_DETECTED_AT_SWEEP_RESOLUTION_DELTA,1.19873046875,BINDING_VMIN,18,1.19873046875,-1095.82485199,1134.53125,0.900001791739,18,1,1,CONVERGED_FEASIBLE,1.198828125,-1095.98135376,1134.53125,0.899992967519,18,1,1,CONVERGED_INFEASIBLE,41,9,0,0.156501770019
25,2010-07-02 18:00:00,BASE,190,NaN,NaN,BASE_PREREGISTERED,RAY_CERTIFIED_BOUNDARY,NO_RE_ENTRY_DETECTED_AT_SWEEP_RESOLUTION_DELTA,1.13828125,BINDING_VMIN,18,1.13828125,-971.236792877,677.595847539,0.900009484504,18,1,1,CONVERGED_FEASIBLE,1.1384765625,-971.54504119,677.517444072,0.899991022534,18,1,1,CONVERGED_INFEASIBLE,41,8,0,0.318063084919
25,2010-07-02 18:00:00,BASE,200,NaN,NaN,BASE_PREREGISTERED,RAY_CERTIFIED_BOUNDARY,NO_RE_ENTRY_DETECTED_AT_SWEEP_RESOLUTION_DELTA,1.11337890625,BINDING_VMIN,18,1.11337890625,-851.437254629,254.233343174,0.900009093614,18,1,1,CONVERGED_FEASIBLE,1.1134765625,-851.584318188,254.156130832,0.899999691077,18,1,1,CONVERGED_INFEASIBLE,41,9,0,0.166100680059
25,2010-07-02 18:00:00,BASE,210,NaN,NaN,BASE_PREREGISTERED,RAY_CERTIFIED_BOUNDARY,NO_RE_ENTRY_DETECTED_AT_SWEEP_RESOLUTION_DELTA,1.1203125,BINDING_VMIN,18,1.1203125,-729.617507363,-160.392456055,0.900004552826,18,1,1,CONVERGED_FEASIBLE,1.12041015625,-729.753041871,-160.505332947,0.899995217013,18,1,1,CONVERGED_INFEASIBLE,41,9,0,0.176382526862
25,2010-07-02 18:00:00,BASE,220,NaN,NaN,BASE_PREREGISTERED,RAY_CERTIFIED_BOUNDARY,NO_RE_ENTRY_DETECTED_AT_SWEEP_RESOLUTION_DELTA,1.159765625,BINDING_VMIN,18,1.159765625,-598.547333544,-588.815718548,0.900000250486,18,1,1,CONVERGED_FEASIBLE,1.15986328125,-598.667220856,-588.960830283,0.899991211524,18,1,1,CONVERGED_INFEASIBLE,41,9,0,0.188229602152
25,2010-07-02 18:00:00,BASE,230,NaN,NaN,BASE_PREREGISTERED,RAY_CERTIFIED_BOUNDARY,NO_RE_ENTRY_DETECTED_AT_SWEEP_RESOLUTION_DELTA,1.201953125,BINDING_VMIN,33,1.201953125,-412.918407739,-993.982661627,0.900003649604,33,1,1,CONVERGED_FEASIBLE,1.20205078125,-413.019005138,-994.155599059,0.899995212432,33,1,1,CONVERGED_INFEASIBLE,41,9,0,0.200067968361
25,2010-07-02 18:00:00,BASE,240,NaN,NaN,BASE_PREREGISTERED,RAY_CERTIFIED_BOUNDARY,NO_RE_ENTRY_DETECTED_AT_SWEEP_RESOLUTION_DELTA,1.13623046875,BINDING_VMIN,33,1.13623046875,-85.2146720886,-1140.21028828,0.900004650156,33,1,1,CONVERGED_FEASIBLE,1.136328125,-85.2929229736,-1140.4057968,0.899995755988,33,1,1,CONVERGED_INFEASIBLE,41,9,0,0.210586750078
25,2010-07-02 18:00:00,BASE,250,NaN,NaN,BASE_PREREGISTERED,RAY_CERTIFIED_BOUNDARY,NO_RE_ENTRY_DETECTED_AT_SWEEP_RESOLUTION_DELTA,1.1068359375,BINDING_VMIN,33,1.1068359375,218.56210195,-1269.85404734,0.90000971563,33,1,1,CONVERGED_FEASIBLE,1.10703125,218.455048434,-1270.27832567,0.899991464433,33,1,1,CONVERGED_INFEASIBLE,41,8,0,0.437575772523
25,2010-07-02 18:00:00,BASE,260,NaN,NaN,BASE_PREREGISTERED,RAY_CERTIFIED_BOUNDARY,NO_RE_ENTRY_DETECTED_AT_SWEEP_RESOLUTION_DELTA,1.10986328125,BINDING_VMIN,33,1.10986328125,516.376325964,-1392.18188433,0.900008069732,33,1,1,CONVERGED_FEASIBLE,1.1099609375,516.349149716,-1392.40420841,0.899998953541,33,1,1,CONVERGED_INFEASIBLE,41,9,0,0.223978890955
25,2010-07-02 18:00:00,BASE,270,NaN,NaN,BASE_PREREGISTERED,RAY_CERTIFIED_BOUNDARY,NO_RE_ENTRY_DETECTED_AT_SWEEP_RESOLUTION_DELTA,1.14580078125,BINDING_VMIN,33,1.14580078125,825.234375,-1514.23789978,0.900008586864,33,1,1,CONVERGED_FEASIBLE,1.1458984375,825.234375,-1514.46365356,0.89999972422,33,1,1,CONVERGED_INFEASIBLE,41,9,0,0.225753784179
25,2010-07-02 18:00:00,BASE,280,NaN,NaN,BASE_PREREGISTERED,RAY_CERTIFIED_BOUNDARY,NO_RE_ENTRY_DETECTED_AT_SWEEP_RESOLUTION_DELTA,1.22021484375,BINDING_VMIN,33,1.22021484375,1164.80158333,-1643.40809127,0.900004329883,33,1,1,CONVERGED_FEASIBLE,1.2203125,1164.82875958,-1643.63041534,0.89999595777,33,1,1,CONVERGED_INFEASIBLE,41,9,0,0.223978890955
25,2010-07-02 18:00:00,BASE,290,NaN,NaN,BASE_PREREGISTERED,RAY_CERTIFIED_BOUNDARY,NO_RE_ENTRY_DETECTED_AT_SWEEP_RESOLUTION_DELTA,1.3455078125,BINDING_VMIN,33,1.3455078125,1562.72604414,-1788.32216686,0.900005451475,33,1,1,CONVERGED_FEASIBLE,1.345703125,1562.83309766,-1788.74644519,0.899990128262,33,1,1,CONVERGED_INFEASIBLE,41,8,0,0.437575772523
25,2010-07-02 18:00:00,BASE,300,NaN,NaN,BASE_PREREGISTERED,RAY_CERTIFIED_BOUNDARY,NO_RE_ENTRY_DETECTED_AT_SWEEP_RESOLUTION_DELTA,1.546875,BINDING_VMIN,33,1.546875,2064.72839355,-1962.32358167,0.90000608754,33,1.00703958779,13,CONVERGED_FEASIBLE,1.5470703125,2064.88489532,-1962.71459869,0.89999257039,33,1.00703954383,13,CONVERGED_INFEASIBLE,41,8,0,0.421173500156
25,2010-07-02 18:00:00,BASE,310,NaN,NaN,BASE_PREREGISTERED,RAY_CERTIFIED_BOUNDARY,NO_RE_ENTRY_DETECTED_AT_SWEEP_RESOLUTION_DELTA,1.8763671875,BINDING_VMIN,33,1.8763671875,2758.1127929,-2188.28856622,0.900000845555,33,1.03075686511,13,CONVERGED_FEASIBLE,1.87646484375,2758.2133903,-2188.46150365,0.899995143129,33,1.0307579125,13,CONVERGED_INFEASIBLE,41,9,0,0.200067968362
25,2010-07-02 18:00:00,BASE,320,NaN,NaN,BASE_PREREGISTERED,RAY_CERTIFIED_BOUNDARY,NO_RE_ENTRY_DETECTED_AT_SWEEP_RESOLUTION_DELTA,1.74609375,BINDING_VMAX,13,1.74609375,2968.81950036,-1460.06657735,0.930699165766,33,1.04999996213,13,CONVERGED_FEASIBLE,1.746484375,2969.29904961,-1460.64702429,0.930683333634,33,1.0500091902,13,CONVERGED_INFEASIBLE,41,7,0,0.752918408609
25,2010-07-02 18:00:00,BASE,330,NaN,NaN,BASE_PREREGISTERED,RAY_CERTIFIED_BOUNDARY,NO_RE_ENTRY_DETECTED_AT_SWEEP_RESOLUTION_DELTA,1.2259765625,BINDING_VMAX,13,1.2259765625,2526.73459564,-282.525253296,0.966887772318,33,1.04999652362,13,CONVERGED_FEASIBLE,1.226171875,2527.00566466,-282.75100708,0.966883362528,33,1.05000374718,13,CONVERGED_INFEASIBLE,41,8,0,0.352765053724
25,2010-07-02 18:00:00,BASE,340,NaN,NaN,BASE_PREREGISTERED,RAY_CERTIFIED_BOUNDARY,NO_RE_ENTRY_DETECTED_AT_SWEEP_RESOLUTION_DELTA,0.98359375,BINDING_VMAX,13,0.98359375,2306.45853548,356.848545189,0.985165660921,33,1.049995951,13,CONVERGED_FEASIBLE,0.9837890625,2306.7526626,356.694120506,0.985164114662,33,1.05000520074,13,CONVERGED_INFEASIBLE,41,8,0,0.332201360117
25,2010-07-02 18:00:00,BASE,350,NaN,NaN,BASE_PREREGISTERED,RAY_CERTIFIED_BOUNDARY,NO_RE_ENTRY_DETECTED_AT_SWEEP_RESOLUTION_DELTA,0.84736328125,BINDING_VMAX,13,0.84736328125,2162.56968074,794.377810813,0.989515769506,25,1.04999525022,13,CONVERGED_FEASIBLE,0.8474609375,2162.72380489,794.33860908,0.989516108559,25,1.05000068137,13,CONVERGED_INFEASIBLE,41,9,0,0.159031542459
26,2011-09-30 05:30:00,BASE,0,NaN,NaN,BASE_PREREGISTERED,RAY_CERTIFIED_BOUNDARY,NO_RE_ENTRY_DETECTED_AT_SWEEP_RESOLUTION_DELTA,1.0326171875,BINDING_VMAX,13,1.0326171875,1531.96487427,-158.75,0.999350775528,22,1.04999460267,13,CONVERGED_FEASIBLE,1.0328125,1532.27416992,-158.75,0.999350929685,22,1.05000670914,13,CONVERGED_INFEASIBLE,41,8,0,0.309295654297
26,2011-09-30 05:30:00,BASE,10,NaN,NaN,BASE_PREREGISTERED,RAY_CERTIFIED_BOUNDARY,NO_RE_ENTRY_DETECTED_AT_SWEEP_RESOLUTION_DELTA,0.96953125,BINDING_VMAX,13,0.96953125,1408.73705832,223.315926557,0.999502937119,22,1.04999114161,13,CONVERGED_FEASIBLE,0.9697265625,1409.04165508,223.392893907,0.999503131396,22,1.05000408762,13,CONVERGED_INFEASIBLE,41,8,0,0.314170587713
26,2011-09-30 05:30:00,BASE,20,NaN,NaN,BASE_PREREGISTERED,RAY_CERTIFIED_BOUNDARY,NO_RE_ENTRY_DETECTED_AT_SWEEP_RESOLUTION_DELTA,0.942578125,BINDING_VMAX,13,0.942578125,1299.36111507,572.852713336,0.999638626622,22,1.04999259148,13,CONVERGED_FEASIBLE,0.9427734375,1299.65175791,573.004309422,0.99963885304,22,1.05000593147,13,CONVERGED_INFEASIBLE,41,8,0,0.32780273976
26,2011-09-30 05:30:00,BASE,30,NaN,NaN,BASE_PREREGISTERED,RAY_CERTIFIED_BOUNDARY,NO_RE_ENTRY_DETECTED_AT_SWEEP_RESOLUTION_DELTA,0.9466796875,BINDING_VMAX,13,0.9466796875,1195.02596174,915.43560791,0.999768493209,22,1.04999547157,13,CONVERGED_FEASIBLE,0.946875,1195.29381963,915.657226562,0.999768743122,22,1.05000875581,13,CONVERGED_INFEASIBLE,41,8,0,0.347653100651
26,2011-09-30 05:30:00,BASE,40,NaN,NaN,BASE_PREREGISTERED,RAY_CERTIFIED_BOUNDARY,NO_RE_ENTRY_DETECTED_AT_SWEEP_RESOLUTION_DELTA,0.982421875,BINDING_VMAX,13,0.982421875,1088.49786279,1274.33446145,0.999901342007,22,1.04999612029,13,CONVERGED_FEASIBLE,0.9826171875,1088.73479701,1274.6193689,0.999901606142,22,1.05000890303,13,CONVERGED_INFEASIBLE,41,8,0,0.370553743749
26,2011-09-30 05:30:00,BASE,50,NaN,NaN,BASE_PREREGISTERED,RAY_CERTIFIED_BOUNDARY,NO_RE_ENTRY_DETECTED_AT_SWEEP_RESOLUTION_DELTA,1.05634765625,BINDING_VMAX,13,1.05634765625,971.990284306,1677.64924642,1,1,1.04999423492,13,CONVERGED_FEASIBLE,1.0564453125,972.089690013,1677.81901616,1,1,1.0500001591,13,CONVERGED_INFEASIBLE,41,9,0,0.19673143688
26,2011-09-30 05:30:00,BASE,60,NaN,NaN,BASE_PREREGISTERED,RAY_CERTIFIED_BOUNDARY,NO_RE_ENTRY_DETECTED_AT_SWEEP_RESOLUTION_DELTA,1.0001953125,BINDING_VMAX,30,1.0001953125,688.670272827,1806.97025548,0.999967908748,22,1.04999480177,30,CONVERGED_FEASIBLE,1.000390625,688.824920654,1807.35411024,0.999968179221,22,1.05000723124,30,CONVERGED_INFEASIBLE,41,8,0,0.41383623771
26,2011-09-30 05:30:00,BASE,70,NaN,NaN,BASE_PREREGISTERED,RAY_CERTIFIED_BOUNDARY,NO_RE_ENTRY_DETECTED_AT_SWEEP_RESOLUTION_DELTA,0.97509765625,BINDING_VMAX,30,0.97509765625,424.852079983,1920.66032118,0.999887346826,22,1.0499962944,30,CONVERGED_FEASIBLE,0.9751953125,424.904972655,1920.86857459,0.999887478342,22,1.05000267303,30,CONVERGED_INFEASIBLE,41,9,0,0.214865349603
26,2011-09-30 05:30:00,BASE,80,NaN,NaN,BASE_PREREGISTERED,RAY_CERTIFIED_BOUNDARY,NO_RE_ENTRY_DETECTED_AT_SWEEP_RESOLUTION_DELTA,0.981640625,BINDING_VMAX,30,0.981640625,166.65830794,2035.11676229,0.999806495943,22,1.04999766416,30,CONVERGED_FEASIBLE,0.98173828125,166.685162253,2035.33501406,0.999806619071,22,1.05000399611,30,CONVERGED_INFEASIBLE,41,9,0,0.219897676119
26,2011-09-30 05:30:00,BASE,90,NaN,NaN,BASE_PREREGISTERED,RAY_CERTIFIED_BOUNDARY,NO_RE_ENTRY_DETECTED_AT_SWEEP_RESOLUTION_DELTA,1.0208984375,BINDING_VMAX,30,1.0208984375,-103.28125,2158.0513916,0.999719566714,22,1.04999036692,30,CONVERGED_FEASIBLE,1.02109375,-103.28125,2158.49462891,0.999719787232,22,1.05000251589,30,CONVERGED_INFEASIBLE,41,8,0,0.443237304688
26,2011-09-30 05:30:00,BASE,100,NaN,NaN,BASE_PREREGISTERED,RAY_CERTIFIED_BOUNDARY,NO_RE_ENTRY_DETECTED_AT_SWEEP_RESOLUTION_DELTA,1.1005859375,BINDING_VMAX,30,1.1005859375,-405.929361618,2300.94741454,0.997036383987,18,1.04999314189,30,CONVERGED_FEASIBLE,1.10078125,-405.983070244,2301.38391808,0.997039075175,18,1.05000436091,30,CONVERGED_INFEASIBLE,41,8,0,0.439795352238
26,2011-09-30 05:30:00,BASE,110,NaN,NaN,BASE_PREREGISTERED,RAY_CERTIFIED_BOUNDARY,NO_RE_ENTRY_DETECTED_AT_SWEEP_RESOLUTION_DELTA,1.23828125,BINDING_VMAX,30,1.23828125,-773.96033104,2481.90326715,0.981935385431,18,1.04999607528,30,CONVERGED_FEASIBLE,1.2384765625,-774.066116384,2482.31977398,0.98193530324,18,1.05000595858,30,CONVERGED_INFEASIBLE,41,8,0,0.429730699205
26,2011-09-30 05:30:00,BASE,120,NaN,NaN,BASE_PREREGISTERED,RAY_CERTIFIED_BOUNDARY,NO_RE_ENTRY_DETECTED_AT_SWEEP_RESOLUTION_DELTA,1.475,BINDING_VMAX,30,1.475,-1271.18164062,2740.12119105,0.960527813455,18,1.0499932966,30,CONVERGED_FEASIBLE,1.475390625,-1271.49093628,2740.88890058,0.960521439264,18,1.05000956881,30,CONVERGED_INFEASIBLE,41,7,0,0.82767247542
26,2011-09-30 05:30:00,BASE,130,NaN,NaN,BASE_PREREGISTERED,RAY_CERTIFIED_BOUNDARY,NO_RE_ENTRY_DETECTED_AT_SWEEP_RESOLUTION_DELTA,1.927734375,BINDING_VMAX,30,1.927734375,-2065.54990926,3192.50461074,0.923473252328,18,1.04999467333,30,CONVERGED_FEASIBLE,1.928125,-2065.94753209,3193.18368969,0.923459241801,18,1.05000642976,30,CONVERGED_INFEASIBLE,41,7,0,0.786925747519
26,2011-09-30 05:30:00,BASE,140,NaN,NaN,BASE_PREREGISTERED,RAY_CERTIFIED_BOUNDARY,NO_RE_ENTRY_DETECTED_AT_SWEEP_RESOLUTION_DELTA,1.8181640625,BINDING_VMIN,18,1.8181640625,-2308.90187843,2493.45342975,0.900002561751,18,1.0266735968,30,CONVERGED_FEASIBLE,1.818359375,-2309.13881264,2493.73833719,0.899992159646,18,1.02667748739,30,CONVERGED_INFEASIBLE,41,8,0,0.370553743749
26,2011-09-30 05:30:00,BASE,150,NaN,NaN,BASE_PREREGISTERED,RAY_CERTIFIED_BOUNDARY,NO_RE_ENTRY_DETECTED_AT_SWEEP_RESOLUTION_DELTA,1.431640625,BINDING_VMIN,18,1.431640625,-2066.6796123,1465.71472168,0.900005374034,18,1.00098650891,30,CONVERGED_FEASIBLE,1.4318359375,-2066.94747019,1465.93634033,0.899992685211,18,1.00098845963,30,CONVERGED_INFEASIBLE,41,8,0,0.34765310065
26,2011-09-30 05:30:00,BASE,160,NaN,NaN,BASE_PREREGISTERED,RAY_CERTIFIED_BOUNDARY,NO_RE_ENTRY_DETECTED_AT_SWEEP_RESOLUTION_DELTA,1.20283203125,BINDING_VMIN,18,1.20283203125,-1893.20520467,774.854498566,0.90000400916,18,1,1,CONVERGED_FEASIBLE,1.2029296875,-1893.3505261,774.930296609,0.899996626837,18,1,1,CONVERGED_INFEASIBLE,41,9,0,0.16390136988
26,2011-09-30 05:30:00,BASE,170,NaN,NaN,BASE_PREREGISTERED,RAY_CERTIFIED_BOUNDARY,NO_RE_ENTRY_DETECTED_AT_SWEEP_RESOLUTION_DELTA,1.06064453125,BINDING_VMIN,18,1.06064453125,-1757.39394608,259.22119544,0.900003506467,18,1,1,CONVERGED_FEASIBLE,1.0607421875,-1757.54624446,259.259679115,0.899995248619,18,1,1,CONVERGED_INFEASIBLE,41,9,0,0.157085293857
26,2011-09-30 05:30:00,BASE,180,NaN,NaN,BASE_PREREGISTERED,RAY_CERTIFIED_BOUNDARY,NO_RE_ENTRY_DETECTED_AT_SWEEP_RESOLUTION_DELTA,0.972265625,BINDING_VMIN,18,0.972265625,-1642.95501709,-158.75,0.900002147556,18,1,1,CONVERGED_FEASIBLE,0.97236328125,-1643.10966492,-158.75,0.899993216547,18,1,1,CONVERGED_INFEASIBLE,41,9,0,0.154647827148
26,2011-09-30 05:30:00,BASE,190,NaN,NaN,BASE_PREREGISTERED,RAY_CERTIFIED_BOUNDARY,NO_RE_ENTRY_DETECTED_AT_SWEEP_RESOLUTION_DELTA,0.9212890625,BINDING_VMIN,18,0.9212890625,-1540.06415902,-521.804991049,0.900003517302,18,1,1,CONVERGED_FEASIBLE,0.92138671875,-1540.2164574,-521.843474724,0.899994142828,18,1,1,CONVERGED_INFEASIBLE,41,9,0,0.157085293856
26,2011-09-30 05:30:00,BASE,200,NaN,NaN,BASE_PREREGISTERED,RAY_CERTIFIED_BOUNDARY,NO_RE_ENTRY_DETECTED_AT_SWEEP_RESOLUTION_DELTA,0.899609375,BINDING_VMIN,18,0.899609375,-1441.98218939,-857.001574311,0.900006116572,18,1,1,CONVERGED_FEASIBLE,0.89970703125,-1442.12751081,-857.077372354,0.899996544362,18,1,1,CONVERGED_INFEASIBLE,41,9,0,0.16390136988
26,2011-09-30 05:30:00,BASE,210,NaN,NaN,BASE_PREREGISTERED,RAY_CERTIFIED_BOUNDARY,NO_RE_ENTRY_DETECTED_AT_SWEEP_RESOLUTION_DELTA,0.9041015625,BINDING_VMIN,18,0.9041015625,-1343.19544087,-1184.6227417,0.900001059373,18,1,1,CONVERGED_FEASIBLE,0.90419921875,-1343.32936982,-1184.73355103,0.899991540161,18,1,1,CONVERGED_INFEASIBLE,41,9,0,0.173826550325
26,2011-09-30 05:30:00,BASE,220,NaN,NaN,BASE_PREREGISTERED,RAY_CERTIFIED_BOUNDARY,NO_RE_ENTRY_DETECTED_AT_SWEEP_RESOLUTION_DELTA,0.93505859375,BINDING_VMIN,18,0.93505859375,-1237.60381511,-1522.7444054,0.900008673871,18,1,1,CONVERGED_FEASIBLE,0.93515625,-1237.72228222,-1522.88685913,0.899999452891,18,1,1,CONVERGED_INFEASIBLE,41,9,0,0.185276871875
26,2011-09-30 05:30:00,BASE,230,NaN,NaN,BASE_PREREGISTERED,RAY_CERTIFIED_BOUNDARY,NO_RE_ENTRY_DETECTED_AT_SWEEP_RESOLUTION_DELTA,0.9970703125,BINDING_VMIN,18,0.9970703125,-1118.21352006,-1892.09901599,0.900002717787,18,1,1,CONVERGED_FEASIBLE,0.99716796875,-1118.31292577,-1892.26878573,0.899994020958,18,1,1,CONVERGED_INFEASIBLE,41,9,0,0.19673143688
26,2011-09-30 05:30:00,BASE,240,NaN,NaN,BASE_PREREGISTERED,RAY_CERTIFIED_BOUNDARY,NO_RE_ENTRY_DETECTED_AT_SWEEP_RESOLUTION_DELTA,0.96689453125,BINDING_VMIN,33,0.96689453125,-868.865318298,-2059.02301792,0.900005067268,33,1,1,CONVERGED_FEASIBLE,0.9669921875,-868.942642212,-2059.2149453,0.899995997258,33,1,1,CONVERGED_INFEASIBLE,41,9,0,0.206918118855
26,2011-09-30 05:30:00,BASE,250,NaN,NaN,BASE_PREREGISTERED,RAY_CERTIFIED_BOUNDARY,NO_RE_ENTRY_DETECTED_AT_SWEEP_RESOLUTION_DELTA,0.94384765625,BINDING_VMIN,33,0.94384765625,-614.488924941,-2171.51922926,0.900008187382,33,1,1,CONVERGED_FEASIBLE,0.9439453125,-614.541817613,-2171.72748267,0.899998903542,33,1,1,CONVERGED_INFEASIBLE,41,9,0,0.214865349603
26,2011-09-30 05:30:00,BASE,260,NaN,NaN,BASE_PREREGISTERED,RAY_CERTIFIED_BOUNDARY,NO_RE_ENTRY_DETECTED_AT_SWEEP_RESOLUTION_DELTA,0.94853515625,BINDING_VMIN,33,0.94853515625,-364.117195709,-2278.62941326,0.900003368136,33,1,1,CONVERGED_FEASIBLE,0.9486328125,-364.144050023,-2278.84766503,0.899994118345,33,1,1,CONVERGED_INFEASIBLE,41,9,0,0.219897676119
26,2011-09-30 05:30:00,BASE,270,NaN,NaN,BASE_PREREGISTERED,RAY_CERTIFIED_BOUNDARY,NO_RE_ENTRY_DETECTED_AT_SWEEP_RESOLUTION_DELTA,0.98154296875,BINDING_VMIN,33,0.98154296875,-103.28125,-2386.23907471,0.900008672439,33,1,1,CONVERGED_FEASIBLE,0.981640625,-103.28125,-2386.46069336,0.899999707002,33,1,1,CONVERGED_INFEASIBLE,41,9,0,0.221618652344
26,2011-09-30 05:30:00,BASE,280,NaN,NaN,BASE_PREREGISTERED,RAY_CERTIFIED_BOUNDARY,NO_RE_ENTRY_DETECTED_AT_SWEEP_RESOLUTION_DELTA,1.04814453125,BINDING_VMIN,33,1.04814453125,184.946095341,-2501.24621564,0.90000692152,33,1,1,CONVERGED_FEASIBLE,1.0482421875,184.972949654,-2501.46446741,0.899998481768,33,1,1,CONVERGED_INFEASIBLE,41,9,0,0.219897676119
26,2011-09-30 05:30:00,BASE,290,NaN,NaN,BASE_PREREGISTERED,RAY_CERTIFIED_BOUNDARY,NO_RE_ENTRY_DETECTED_AT_SWEEP_RESOLUTION_DELTA,1.15966796875,BINDING_VMIN,33,1.15966796875,524.819230075,-2631.7592703,0.900005068544,33,1,1,CONVERGED_FEASIBLE,1.159765625,524.872122747,-2631.96752371,0.899997377341,33,1,1,CONVERGED_INFEASIBLE,41,9,0,0.214865349602
26,2011-09-30 05:30:00,BASE,300,NaN,NaN,BASE_PREREGISTERED,RAY_CERTIFIED_BOUNDARY,NO_RE_ENTRY_DETECTED_AT_SWEEP_RESOLUTION_DELTA,1.3390625,BINDING_VMIN,33,1.3390625,956.98425293,-2790.45827408,0.900001353925,33,1,1,CONVERGED_FEASIBLE,1.33916015625,957.061576843,-2790.65020146,0.899994604946,33,1,1,CONVERGED_INFEASIBLE,41,9,0,0.206918118855
26,2011-09-30 05:30:00,BASE,310,NaN,NaN,BASE_PREREGISTERED,RAY_CERTIFIED_BOUNDARY,NO_RE_ENTRY_DETECTED_AT_SWEEP_RESOLUTION_DELTA,1.633984375,BINDING_VMIN,33,1.633984375,1559.97504213,-2999.33724148,0.900008225098,33,1.00925720004,13,CONVERGED_FEASIBLE,1.6341796875,1560.17385355,-2999.67678096,0.899996916878,33,1.00925957084,13,CONVERGED_INFEASIBLE,41,8,0,0.393462873759
26,2011-09-30 05:30:00,BASE,320,NaN,NaN,BASE_PREREGISTERED,RAY_UNBOUNDED_WITHIN_GUARD,NO_RE_ENTRY_DETECTED_AT_SWEEP_RESOLUTION_DELTA,NaN,RAY_UNBOUNDED_WITHIN_GUARD,,NaN,NaN,NaN,NaN,,NaN,,,NaN,NaN,NaN,NaN,,NaN,,,41,0,0,NaN
26,2011-09-30 05:30:00,BASE,330,NaN,NaN,BASE_PREREGISTERED,RAY_CERTIFIED_BOUNDARY,NO_RE_ENTRY_DETECTED_AT_SWEEP_RESOLUTION_DELTA,1.6921875,BINDING_VMAX,13,1.6921875,2217.43954276,-2078.85400391,0.944389460019,33,1.04999810439,13,CONVERGED_FEASIBLE,1.6923828125,2217.70740065,-2079.07562256,0.944384557249,33,1.05000500498,13,CONVERGED_INFEASIBLE,41,8,0,0.347653100651
26,2011-09-30 05:30:00,BASE,340,NaN,NaN,BASE_PREREGISTERED,RAY_CERTIFIED_BOUNDARY,NO_RE_ENTRY_DETECTED_AT_SWEEP_RESOLUTION_DELTA,1.337890625,BINDING_VMAX,13,1.337890625,1887.62223129,-1197.18319236,0.971573029803,33,1.04999887981,13,CONVERGED_FEASIBLE,1.3380859375,1887.91287413,-1197.33478845,0.971571328167,33,1.05000799439,13,CONVERGED_INFEASIBLE,41,8,0,0.32780273976
26,2011-09-30 05:30:00,BASE,350,NaN,NaN,BASE_PREREGISTERED,RAY_CERTIFIED_BOUNDARY,NO_RE_ENTRY_DETECTED_AT_SWEEP_RESOLUTION_DELTA,1.1451171875,BINDING_VMAX,13,1.1451171875,1682.56954406,-610.009574416,0.988638845687,33,1.04999638566,13,CONVERGED_FEASIBLE,1.1453125,1682.87414082,-610.086541766,0.988639929887,33,1.05000721533,13,CONVERGED_INFEASIBLE,41,8,0,0.314170587713
27,2011-09-11 00:00:00,BASE,0,NaN,NaN,BASE_PREREGISTERED,RAY_CERTIFIED_BOUNDARY,NO_RE_ENTRY_DETECTED_AT_SWEEP_RESOLUTION_DELTA,1.0091796875,BINDING_VMAX,13,1.0091796875,1578.61517334,-44.609375,0.998900918411,25,1.04999904155,13,CONVERGED_FEASIBLE,1.00927734375,1578.76998901,-44.609375,0.998901408461,25,1.05000509334,13,CONVERGED_INFEASIBLE,41,9,0,0.154815673828
27,2011-09-11 00:00:00,BASE,10,NaN,NaN,BASE_PREREGISTERED,RAY_CERTIFIED_BOUNDARY,NO_RE_ENTRY_DETECTED_AT_SWEEP_RESOLUTION_DELTA,0.94765625,BINDING_VMAX,13,0.94765625,1458.25751068,329.440447604,0.99919439532,22,1.04999130031,13,CONVERGED_FEASIBLE,0.9478515625,1458.56243803,329.517539488,0.999194589239,22,1.05000423948,13,CONVERGED_INFEASIBLE,41,8,0,0.314521618443
27,2011-09-11 00:00:00,BASE,20,NaN,NaN,BASE_PREREGISTERED,RAY_CERTIFIED_BOUNDARY,NO_RE_ENTRY_DETECTED_AT_SWEEP_RESOLUTION_DELTA,0.921484375,BINDING_VMAX,13,0.921484375,1351.49122428,671.778211953,0.999326859445,22,1.0499958049,13,CONVERGED_FEASIBLE,0.9216796875,1351.78218257,671.930053324,0.999327085459,22,1.05000913551,13,CONVERGED_INFEASIBLE,41,8,0,0.328195871185
27,2011-09-11 00:00:00,BASE,30,NaN,NaN,BASE_PREREGISTERED,RAY_CERTIFIED_BOUNDARY,NO_RE_ENTRY_DETECTED_AT_SWEEP_RESOLUTION_DELTA,0.9255859375,BINDING_VMAX,13,0.9255859375,1249.50627643,1007.34073639,0.999453683508,22,1.04999891822,13,CONVERGED_FEASIBLE,0.92568359375,1249.64035074,1007.45172501,0.999453808267,22,1.05000555513,13,CONVERGED_INFEASIBLE,41,9,0,0.174052844671
27,2011-09-11 00:00:00,BASE,40,NaN,NaN,BASE_PREREGISTERED,RAY_CERTIFIED_BOUNDARY,NO_RE_ENTRY_DETECTED_AT_SWEEP_RESOLUTION_DELTA,0.960546875,BINDING_VMAX,13,0.960546875,1145.25717383,1358.83256939,0.999583425571,22,1.04999680018,13,CONVERGED_FEASIBLE,0.9607421875,1145.4943652,1359.11793783,0.999583689362,22,1.05000957256,13,CONVERGED_INFEASIBLE,41,8,0,0.371072619657
27,2011-09-11 00:00:00,BASE,50,NaN,NaN,BASE_PREREGISTERED,RAY_CERTIFIED_BOUNDARY,NO_RE_ENTRY_DETECTED_AT_SWEEP_RESOLUTION_DELTA,1.0328125,BINDING_VMAX,13,1.0328125,1031.20580105,1753.78047985,0.999725657741,22,1.04999262396,13,CONVERGED_FEASIBLE,1.0330078125,1031.40482824,1754.12056871,0.99972592605,22,1.05000446325,13,CONVERGED_INFEASIBLE,41,8,0,0.394046002198
27,2011-09-11 00:00:00,BASE,60,NaN,NaN,BASE_PREREGISTERED,RAY_CERTIFIED_BOUNDARY,NO_RE_ENTRY_DETECTED_AT_SWEEP_RESOLUTION_DELTA,0.984375,BINDING_VMAX,30,0.984375,759.020996094,1893.14889497,0.99965756934,22,1.04999274474,30,CONVERGED_FEASIBLE,0.9845703125,759.175811768,1893.53337081,0.999657839255,22,1.05000516404,30,CONVERGED_INFEASIBLE,41,8,0,0.414475053477
27,2011-09-11 00:00:00,BASE,70,NaN,NaN,BASE_PREREGISTERED,RAY_CERTIFIED_BOUNDARY,NO_RE_ENTRY_DETECTED_AT_SWEEP_RESOLUTION_DELTA,0.9595703125,BINDING_VMAX,30,0.9595703125,499.03747578,2004.99958751,0.999578487624,22,1.0499960902,30,CONVERGED_FEASIBLE,0.959765625,499.143375938,2005.41676825,0.999578750113,22,1.05000883833,30,CONVERGED_INFEASIBLE,41,8,0,0.430412140912
27,2011-09-11 00:00:00,BASE,80,NaN,NaN,BASE_PREREGISTERED,RAY_CERTIFIED_BOUNDARY,NO_RE_ENTRY_DETECTED_AT_SWEEP_RESOLUTION_DELTA,0.9658203125,BINDING_VMAX,30,0.9658203125,244.627415786,2117.39309514,0.99949909169,22,1.04999537634,30,CONVERGED_FEASIBLE,0.966015625,244.681182705,2117.83030494,0.999499337462,22,1.05000803324,30,CONVERGED_INFEASIBLE,41,8,0,0.440503453379
27,2011-09-11 00:00:00,BASE,90,NaN,NaN,BASE_PREREGISTERED,RAY_CERTIFIED_BOUNDARY,NO_RE_ENTRY_DETECTED_AT_SWEEP_RESOLUTION_DELTA,1.004296875,BINDING_VMAX,30,1.004296875,-21.25,2238.20449829,0.999413899875,22,1.04999163335,30,CONVERGED_FEASIBLE,1.0044921875,-21.25,2238.64845276,0.999414120013,22,1.05000377838,30,CONVERGED_INFEASIBLE,41,8,0,0.443954467774
27,2011-09-11 00:00:00,BASE,100,NaN,NaN,BASE_PREREGISTERED,RAY_CERTIFIED_BOUNDARY,NO_RE_ENTRY_DETECTED_AT_SWEEP_RESOLUTION_DELTA,1.082421875,BINDING_VMAX,30,1.082421875,-319.226266589,2378.40734684,0.998068950528,18,1.04999609333,30,CONVERGED_FEASIBLE,1.0826171875,-319.280033508,2378.84455664,0.998071637675,18,1.0500073126,30,CONVERGED_INFEASIBLE,41,8,0,0.44050345338
27,2011-09-11 00:00:00,BASE,110,NaN,NaN,BASE_PREREGISTERED,RAY_CERTIFIED_BOUNDARY,NO_RE_ENTRY_DETECTED_AT_SWEEP_RESOLUTION_DELTA,1.2171875,BINDING_VMAX,30,1.2171875,-681.219784055,2555.26098005,0.983286628445,18,1.04999123399,30,CONVERGED_FEASIBLE,1.2173828125,-681.325684213,2555.67816079,0.983286556088,18,1.05000112375,30,CONVERGED_INFEASIBLE,41,8,0,0.430412140912
27,2011-09-11 00:00:00,BASE,120,NaN,NaN,BASE_PREREGISTERED,RAY_CERTIFIED_BOUNDARY,NO_RE_ENTRY_DETECTED_AT_SWEEP_RESOLUTION_DELTA,1.448828125,BINDING_VMAX,30,1.448828125,-1169.67266846,2807.43245964,0.962388892803,18,1.04999003502,30,CONVERGED_FEASIBLE,1.44921875,-1169.9822998,2808.20141134,0.962382587817,18,1.05000633903,30,CONVERGED_INFEASIBLE,41,7,0,0.828950106954
27,2011-09-11 00:00:00,BASE,130,NaN,NaN,BASE_PREREGISTERED,RAY_CERTIFIED_BOUNDARY,NO_RE_ENTRY_DETECTED_AT_SWEEP_RESOLUTION_DELTA,1.890234375,BINDING_VMAX,30,1.890234375,-1947.43518202,3246.77054468,0.926434008625,18,1.04999998698,30,CONVERGED_FEASIBLE,1.8904296875,-1947.63420922,3247.11063353,0.926427099808,18,1.05000590201,30,CONVERGED_INFEASIBLE,41,8,0,0.394046002198
27,2011-09-11 00:00:00,BASE,140,NaN,NaN,BASE_PREREGISTERED,RAY_CERTIFIED_BOUNDARY,NO_RE_ENTRY_DETECTED_AT_SWEEP_RESOLUTION_DELTA,1.85166015625,BINDING_VMIN,18,1.85166015625,-2269.94281445,2660.82603652,0.900005197386,18,1.02856937702,30,CONVERGED_FEASIBLE,1.8517578125,-2270.06141014,2660.96872073,0.899999986354,18,1.02857130676,30,CONVERGED_INFEASIBLE,41,9,0,0.185536309829
27,2011-09-11 00:00:00,BASE,150,NaN,NaN,BASE_PREREGISTERED,RAY_CERTIFIED_BOUNDARY,NO_RE_ENTRY_DETECTED_AT_SWEEP_RESOLUTION_DELTA,1.459375,BINDING_VMIN,18,1.459375,-2024.85643543,1614.0045166,0.900003120598,18,1.00256253577,30,CONVERGED_FEASIBLE,1.4595703125,-2025.12458404,1614.22649384,0.899990422448,18,1.00256446916,30,CONVERGED_INFEASIBLE,41,8,0,0.348105689343
27,2011-09-11 00:00:00,BASE,160,NaN,NaN,BASE_PREREGISTERED,RAY_CERTIFIED_BOUNDARY,NO_RE_ENTRY_DETECTED_AT_SWEEP_RESOLUTION_DELTA,1.2267578125,BINDING_VMIN,18,1.2267578125,-1848.75903555,909.106274354,0.900005514749,18,1,1,CONVERGED_FEASIBLE,1.226953125,-1849.04999384,909.258115724,0.899990751412,18,1,1,CONVERGED_INFEASIBLE,41,8,0,0.328195871185
27,2011-09-11 00:00:00,BASE,170,NaN,NaN,BASE_PREREGISTERED,RAY_CERTIFIED_BOUNDARY,NO_RE_ENTRY_DETECTED_AT_SWEEP_RESOLUTION_DELTA,1.08212890625,BINDING_VMIN,18,1.08212890625,-1710.69999236,382.518209942,0.90000621438,18,1,1,CONVERGED_FEASIBLE,1.0822265625,-1710.85245603,382.556755884,0.899997962167,18,1,1,CONVERGED_INFEASIBLE,41,9,0,0.157260809221
27,2011-09-11 00:00:00,BASE,180,NaN,NaN,BASE_PREREGISTERED,RAY_CERTIFIED_BOUNDARY,NO_RE_ENTRY_DETECTED_AT_SWEEP_RESOLUTION_DELTA,0.9921875,BINDING_VMIN,18,0.9921875,-1594.17724609,-44.609375,0.900008196739,18,1,1,CONVERGED_FEASIBLE,0.9923828125,-1594.48687744,-44.609375,0.899990354332,18,1,1,CONVERGED_INFEASIBLE,41,8,0,0.309631347656
27,2011-09-11 00:00:00,BASE,190,NaN,NaN,BASE_PREREGISTERED,RAY_CERTIFIED_BOUNDARY,NO_RE_ENTRY_DETECTED_AT_SWEEP_RESOLUTION_DELTA,0.9404296875,BINDING_VMIN,18,0.9404296875,-1489.47519866,-415.806797885,0.900002405593,18,1,1,CONVERGED_FEASIBLE,0.94052734375,-1489.62766234,-415.845343827,0.899993044238,18,1,1,CONVERGED_INFEASIBLE,41,9,0,0.157260809222
27,2011-09-11 00:00:00,BASE,200,NaN,NaN,BASE_PREREGISTERED,RAY_CERTIFIED_BOUNDARY,NO_RE_ENTRY_DETECTED_AT_SWEEP_RESOLUTION_DELTA,0.91845703125,BINDING_VMIN,18,0.91845703125,-1389.48137075,-758.643420707,0.900003491523,18,1,1,CONVERGED_FEASIBLE,0.9185546875,-1389.62684989,-758.719341392,0.89999393481,18,1,1,CONVERGED_INFEASIBLE,41,9,0,0.164097935593
27,2011-09-11 00:00:00,BASE,210,NaN,NaN,BASE_PREREGISTERED,RAY_CERTIFIED_BOUNDARY,NO_RE_ENTRY_DETECTED_AT_SWEEP_RESOLUTION_DELTA,0.923046875,BINDING_VMIN,18,0.923046875,-1288.52034446,-1093.67378235,0.900008442986,18,1,1,CONVERGED_FEASIBLE,0.92314453125,-1288.65441877,-1093.78477097,0.899998940816,18,1,1,CONVERGED_INFEASIBLE,41,9,0,0.174052844671
27,2011-09-11 00:00:00,BASE,220,NaN,NaN,BASE_PREREGISTERED,RAY_CERTIFIED_BOUNDARY,NO_RE_ENTRY_DETECTED_AT_SWEEP_RESOLUTION_DELTA,0.9548828125,BINDING_VMIN,18,0.9548828125,-1180.878624,-1439.77563489,0.900001618067,18,1,1,CONVERGED_FEASIBLE,0.95498046875,-1180.99721969,-1439.91831911,0.899992413707,18,1,1,CONVERGED_INFEASIBLE,41,9,0,0.185536309828
27,2011-09-11 00:00:00,BASE,230,NaN,NaN,BASE_PREREGISTERED,RAY_CERTIFIED_BOUNDARY,NO_RE_ENTRY_DETECTED_AT_SWEEP_RESOLUTION_DELTA,1.0181640625,BINDING_VMIN,18,1.0181640625,-1058.77876151,-1817.49256588,0.900002296321,18,1,1,CONVERGED_FEASIBLE,1.01826171875,-1058.87827511,-1817.6626103,0.899993614617,18,1,1,CONVERGED_INFEASIBLE,41,9,0,0.197023001099
27,2011-09-11 00:00:00,BASE,240,NaN,NaN,BASE_PREREGISTERED,RAY_CERTIFIED_BOUNDARY,NO_RE_ENTRY_DETECTED_AT_SWEEP_RESOLUTION_DELTA,0.98193359375,BINDING_VMIN,33,0.98193359375,-799.585800171,-1977.56169688,0.900001678992,33,1,1,CONVERGED_FEASIBLE,0.98203125,-799.663208008,-1977.7539348,0.899992625592,33,1,1,CONVERGED_INFEASIBLE,41,9,0,0.207237526739
27,2011-09-11 00:00:00,BASE,250,NaN,NaN,BASE_PREREGISTERED,RAY_CERTIFIED_BOUNDARY,NO_RE_ENTRY_DETECTED_AT_SWEEP_RESOLUTION_DELTA,0.9583984375,BINDING_VMIN,33,0.9583984375,-540.902074833,-2091.71525309,0.90000017408,33,1,1,CONVERGED_FEASIBLE,0.95849609375,-540.955024911,-2091.92384345,0.899990905152,33,1,1,CONVERGED_INFEASIBLE,41,9,0,0.215206070456
27,2011-09-11 00:00:00,BASE,260,NaN,NaN,BASE_PREREGISTERED,RAY_CERTIFIED_BOUNDARY,NO_RE_ENTRY_DETECTED_AT_SWEEP_RESOLUTION_DELTA,0.962890625,BINDING_VMIN,33,0.962890625,-286.320911996,-2200.05369811,0.900002557079,33,1,1,CONVERGED_FEASIBLE,0.96298828125,-286.347795456,-2200.27230301,0.899993320117,33,1,1,CONVERGED_INFEASIBLE,41,9,0,0.22025172669
27,2011-09-11 00:00:00,BASE,270,NaN,NaN,BASE_PREREGISTERED,RAY_CERTIFIED_BOUNDARY,NO_RE_ENTRY_DETECTED_AT_SWEEP_RESOLUTION_DELTA,0.99619140625,BINDING_VMIN,33,0.99619140625,-21.25,-2308.99913788,0.900006964504,33,1,1,CONVERGED_FEASIBLE,0.9962890625,-21.25,-2309.22111511,0.899998009032,33,1,1,CONVERGED_INFEASIBLE,41,9,0,0.221977233887
27,2011-09-11 00:00:00,BASE,280,NaN,NaN,BASE_PREREGISTERED,RAY_CERTIFIED_BOUNDARY,NO_RE_ENTRY_DETECTED_AT_SWEEP_RESOLUTION_DELTA,1.0634765625,BINDING_VMIN,33,1.0634765625,271.51087542,-2425.21674606,0.900008875401,33,1,1,CONVERGED_FEASIBLE,1.063671875,271.564642339,-2425.65395586,0.899992009252,33,1,1,CONVERGED_INFEASIBLE,41,8,0,0.440503453379
27,2011-09-11 00:00:00,BASE,290,NaN,NaN,BASE_PREREGISTERED,RAY_CERTIFIED_BOUNDARY,NO_RE_ENTRY_DETECTED_AT_SWEEP_RESOLUTION_DELTA,1.17626953125,BINDING_VMIN,33,1.17626953125,616.533700974,-2557.08036558,0.900007060478,33,1,1,CONVERGED_FEASIBLE,1.1763671875,616.586651053,-2557.28895595,0.899999372489,33,1,1,CONVERGED_INFEASIBLE,41,9,0,0.215206070456
27,2011-09-11 00:00:00,BASE,300,NaN,NaN,BASE_PREREGISTERED,RAY_CERTIFIED_BOUNDARY,NO_RE_ENTRY_DETECTED_AT_SWEEP_RESOLUTION_DELTA,1.3576171875,BINDING_VMIN,33,1.3576171875,1054.87374878,-2717.10098899,0.900008236773,33,1,1,CONVERGED_FEASIBLE,1.3578125,1055.02856445,-2717.48546484,0.899994737876,33,1,1,CONVERGED_INFEASIBLE,41,8,0,0.414475053477
27,2011-09-11 00:00:00,BASE,310,NaN,NaN,BASE_PREREGISTERED,RAY_CERTIFIED_BOUNDARY,NO_RE_ENTRY_DETECTED_AT_SWEEP_RESOLUTION_DELTA,1.655859375,BINDING_VMIN,33,1.655859375,1666.10254941,-2927.88267104,0.900005370882,33,1.01122228825,13,CONVERGED_FEASIBLE,1.6560546875,1666.3015766,-2928.22275989,0.899994054077,33,1.0112246334,13,CONVERGED_INFEASIBLE,41,8,0,0.394046002198
27,2011-09-11 00:00:00,BASE,320,NaN,NaN,BASE_PREREGISTERED,RAY_UNBOUNDED_WITHIN_GUARD,NO_RE_ENTRY_DETECTED_AT_SWEEP_RESOLUTION_DELTA,NaN,RAY_UNBOUNDED_WITHIN_GUARD,,NaN,NaN,NaN,NaN,,NaN,,,NaN,NaN,NaN,NaN,,NaN,,,41,0,0,NaN
27,2011-09-11 00:00:00,BASE,330,NaN,NaN,BASE_PREREGISTERED,RAY_CERTIFIED_BOUNDARY,NO_RE_ENTRY_DETECTED_AT_SWEEP_RESOLUTION_DELTA,1.649609375,BINDING_VMAX,13,1.649609375,2243.53318437,-1919.42909241,0.946495839314,33,1.0499946575,13,CONVERGED_FEASIBLE,1.65,2244.0694816,-1919.87304688,0.946486132235,33,1.0500085219,13,CONVERGED_INFEASIBLE,41,7,0,0.696211378685
27,2011-09-11 00:00:00,BASE,340,NaN,NaN,BASE_PREREGISTERED,RAY_CERTIFIED_BOUNDARY,NO_RE_ENTRY_DETECTED_AT_SWEEP_RESOLUTION_DELTA,1.3060546875,BINDING_VMAX,13,1.3060546875,1924.38810233,-1059.97262086,0.97280734523,33,1.0499921322,13,CONVERGED_FEASIBLE,1.30625,1924.67906062,-1060.12446223,0.972805658483,33,1.0500012598,13,CONVERGED_INFEASIBLE,41,8,0,0.328195871185
27,2011-09-11 00:00:00,BASE,350,NaN,NaN,BASE_PREREGISTERED,RAY_CERTIFIED_BOUNDARY,NO_RE_ENTRY_DETECTED_AT_SWEEP_RESOLUTION_DELTA,1.11865234375,BINDING_VMAX,13,1.11865234375,1725.22140713,-486.153142305,0.9894027651,33,1.04999514987,13,CONVERGED_FEASIBLE,1.11875,1725.37387081,-486.191688247,0.989403307342,33,1.05000056636,13,CONVERGED_INFEASIBLE,41,9,0,0.157260809221
28,2011-09-30 11:30:00,BASE,0,NaN,NaN,BASE_PREREGISTERED,RAY_CERTIFIED_BOUNDARY,NO_RE_ENTRY_DETECTED_AT_SWEEP_RESOLUTION_DELTA,1.0130859375,BINDING_VMAX,13,1.0130859375,1570.42871094,-64.0625,0.999043651019,25,1.04999231231,13,CONVERGED_FEASIBLE,1.01328125,1570.73828125,-64.0625,0.999044631297,25,1.05000441636,13,CONVERGED_INFEASIBLE,41,8,0,0.3095703125
28,2011-09-30 11:30:00,BASE,10,NaN,NaN,BASE_PREREGISTERED,RAY_CERTIFIED_BOUNDARY,NO_RE_ENTRY_DETECTED_AT_SWEEP_RESOLUTION_DELTA,0.95146484375,BINDING_VMAX,13,0.95146484375,1449.84827843,311.400259586,0.999247369591,22,1.04999623958,13,CONVERGED_FEASIBLE,0.9515625,1450.00071205,311.438796254,0.999247466581,22,1.05000270968,13,CONVERGED_INFEASIBLE,41,9,0,0.157229398968
28,2011-09-30 11:30:00,BASE,20,NaN,NaN,BASE_PREREGISTERED,RAY_CERTIFIED_BOUNDARY,NO_RE_ENTRY_DETECTED_AT_SWEEP_RESOLUTION_DELTA,0.92509765625,BINDING_VMAX,13,0.92509765625,1342.53979412,654.961119949,0.999380329596,22,1.04999627918,13,CONVERGED_FEASIBLE,0.9251953125,1342.68524459,655.037022369,0.999380442639,22,1.05000294529,13,CONVERGED_INFEASIBLE,41,9,0,0.164064061446
28,2011-09-30 11:30:00,BASE,30,NaN,NaN,BASE_PREREGISTERED,RAY_CERTIFIED_BOUNDARY,NO_RE_ENTRY_DETECTED_AT_SWEEP_RESOLUTION_DELTA,0.9291015625,BINDING_VMAX,13,0.9291015625,1240.01900598,991.629150391,0.99950755452,22,1.04999284812,13,CONVERGED_FEASIBLE,0.929296875,1240.28710173,991.851074219,0.999507804109,22,1.05000612376,13,CONVERGED_INFEASIBLE,41,8,0,0.348030917126
28,2011-09-30 11:30:00,BASE,40,NaN,NaN,BASE_PREREGISTERED,RAY_CERTIFIED_BOUNDARY,NO_RE_ENTRY_DETECTED_AT_SWEEP_RESOLUTION_DELTA,0.9642578125,BINDING_VMAX,13,0.9642578125,1135.47047731,1344.46248437,0.999637909461,22,1.04999561887,13,CONVERGED_FEASIBLE,0.964453125,1135.70762193,1344.74778414,0.999638173314,22,1.05000839306,13,CONVERGED_INFEASIBLE,41,8,0,0.370989933472
28,2011-09-30 11:30:00,BASE,50,NaN,NaN,BASE_PREREGISTERED,RAY_CERTIFIED_BOUNDARY,NO_RE_ENTRY_DETECTED_AT_SWEEP_RESOLUTION_DELTA,1.0369140625,BINDING_VMAX,13,1.0369140625,1021.11458602,1741.03482578,0.999780864277,22,1.04999861224,13,CONVERGED_FEASIBLE,1.03701171875,1021.21408,1741.2048293,0.999780998453,22,1.05000453264,13,CONVERGED_INFEASIBLE,41,9,0,0.196977784028
28,2011-09-30 11:30:00,BASE,60,NaN,NaN,BASE_PREREGISTERED,RAY_CERTIFIED_BOUNDARY,NO_RE_ENTRY_DETECTED_AT_SWEEP_RESOLUTION_DELTA,0.987109375,BINDING_VMAX,30,0.987109375,746.971679688,1878.61092928,0.999710849695,22,1.04999968259,30,CONVERGED_FEASIBLE,0.98720703125,747.049072266,1878.80312096,0.999710984703,22,1.05000589325,30,CONVERGED_INFEASIBLE,41,9,0,0.207188924091
28,2011-09-30 11:30:00,BASE,70,NaN,NaN,BASE_PREREGISTERED,RAY_CERTIFIED_BOUNDARY,NO_RE_ENTRY_DETECTED_AT_SWEEP_RESOLUTION_DELTA,0.962109375,BINDING_VMAX,30,0.962109375,486.248846337,1990.47538947,0.99963132257,22,1.04999342922,30,CONVERGED_FEASIBLE,0.9623046875,486.35472562,1990.89246984,0.999631585161,22,1.05000617939,30,CONVERGED_INFEASIBLE,41,8,0,0.430309720211
28,2011-09-30 11:30:00,BASE,80,NaN,NaN,BASE_PREREGISTERED,RAY_CERTIFIED_BOUNDARY,NO_RE_ENTRY_DETECTED_AT_SWEEP_RESOLUTION_DELTA,0.968359375,BINDING_VMAX,30,0.968359375,231.211337661,2103.10217141,0.999551628987,22,1.04999003343,30,CONVERGED_FEASIBLE,0.9685546875,231.265093981,2103.53927602,0.999551874853,22,1.05000269211,30,CONVERGED_INFEASIBLE,41,8,0,0.44039775742
28,2011-09-30 11:30:00,BASE,90,NaN,NaN,BASE_PREREGISTERED,RAY_CERTIFIED_BOUNDARY,NO_RE_ENTRY_DETECTED_AT_SWEEP_RESOLUTION_DELTA,1.00703125,BINDING_VMAX,30,1.00703125,-35.3125,2224.41601562,0.999466236399,22,1.0499901299,30,CONVERGED_FEASIBLE,1.0072265625,-35.3125,2224.85986328,0.99946645661,22,1.05000227609,30,CONVERGED_INFEASIBLE,41,8,0,0.44384765625
28,2011-09-30 11:30:00,BASE,100,NaN,NaN,BASE_PREREGISTERED,RAY_CERTIFIED_BOUNDARY,NO_RE_ENTRY_DETECTED_AT_SWEEP_RESOLUTION_DELTA,1.0853515625,BINDING_VMAX,30,1.0853515625,-334.036373715,2364.92783461,0.997892403375,18,1.04999087881,30,CONVERGED_FEASIBLE,1.085546875,-334.090130036,2365.36493923,0.99789509149,18,1.05000209862,30,CONVERGED_INFEASIBLE,41,8,0,0.440397757419
28,2011-09-30 11:30:00,BASE,110,NaN,NaN,BASE_PREREGISTERED,RAY_CERTIFIED_BOUNDARY,NO_RE_ENTRY_DETECTED_AT_SWEEP_RESOLUTION_DELTA,1.220703125,BINDING_VMAX,30,1.220703125,-697.058016566,2542.68979582,0.983058564462,18,1.04999314117,30,CONVERGED_FEASIBLE,1.2208984375,-697.163895849,2543.10687619,0.983058490681,18,1.05000303025,30,CONVERGED_INFEASIBLE,41,8,0,0.430309720211
28,2011-09-30 11:30:00,BASE,120,NaN,NaN,BASE_PREREGISTERED,RAY_CERTIFIED_BOUNDARY,NO_RE_ENTRY_DETECTED_AT_SWEEP_RESOLUTION_DELTA,1.4533203125,BINDING_VMAX,30,1.4533203125,-1187.06884766,2796.13397552,0.96207425531,18,1.04999745945,30,CONVERGED_FEASIBLE,1.453515625,-1187.22363281,2796.51835887,0.962071097239,18,1.05000560912,30,CONVERGED_INFEASIBLE,41,8,0,0.414377848182
28,2011-09-30 11:30:00,BASE,130,NaN,NaN,BASE_PREREGISTERED,RAY_CERTIFIED_BOUNDARY,NO_RE_ENTRY_DETECTED_AT_SWEEP_RESOLUTION_DELTA,1.8962890625,BINDING_VMAX,30,1.8962890625,-1967.28661531,3237.06576069,0.925946703224,18,1.04999545457,30,CONVERGED_FEASIBLE,1.896484375,-1967.48560327,3237.40576773,0.925939778985,18,1.05000136403,30,CONVERGED_INFEASIBLE,41,8,0,0.393955568056
28,2011-09-30 11:30:00,BASE,140,NaN,NaN,BASE_PREREGISTERED,RAY_CERTIFIED_BOUNDARY,NO_RE_ENTRY_DETECTED_AT_SWEEP_RESOLUTION_DELTA,1.84609375,BINDING_VMIN,18,1.84609375,-2276.80342598,2632.59096409,0.900000458389,18,1.02825526981,30,CONVERGED_FEASIBLE,1.8462890625,-2277.0405706,2632.87626387,0.899990039567,18,1.02825913463,30,CONVERGED_INFEASIBLE,41,8,0,0.370989933472
28,2011-09-30 11:30:00,BASE,150,NaN,NaN,BASE_PREREGISTERED,RAY_CERTIFIED_BOUNDARY,NO_RE_ENTRY_DETECTED_AT_SWEEP_RESOLUTION_DELTA,1.4546875,BINDING_VMIN,18,1.4546875,-2032.08968236,1588.82617188,0.900003524618,18,1.00229943367,30,CONVERGED_FEASIBLE,1.4548828125,-2032.35777812,1589.0480957,0.899990828242,18,1.00230137021,30,CONVERGED_INFEASIBLE,41,8,0,0.348030917126
28,2011-09-30 11:30:00,BASE,160,NaN,NaN,BASE_PREREGISTERED,RAY_CERTIFIED_BOUNDARY,NO_RE_ENTRY_DETECTED_AT_SWEEP_RESOLUTION_DELTA,1.22265625,BINDING_VMIN,18,1.22265625,-1856.35237357,886.235792174,0.900009113486,18,1,1,CONVERGED_FEASIBLE,1.2228515625,-1856.64327451,886.387597013,0.899994350285,18,1,1,CONVERGED_INFEASIBLE,41,8,0,0.328128122891
28,2011-09-30 11:30:00,BASE,170,NaN,NaN,BASE_PREREGISTERED,RAY_CERTIFIED_BOUNDARY,NO_RE_ENTRY_DETECTED_AT_SWEEP_RESOLUTION_DELTA,1.078515625,BINDING_VMIN,18,1.078515625,-1718.78942055,361.536465089,0.900003315087,18,1,1,CONVERGED_FEASIBLE,1.07861328125,-1718.94185417,361.575001758,0.89999506194,18,1,1,CONVERGED_INFEASIBLE,41,9,0,0.157229398968
28,2011-09-30 11:30:00,BASE,180,NaN,NaN,BASE_PREREGISTERED,RAY_CERTIFIED_BOUNDARY,NO_RE_ENTRY_DETECTED_AT_SWEEP_RESOLUTION_DELTA,0.9888671875,BINDING_VMIN,18,0.9888671875,-1602.66699219,-64.0625,0.900001623285,18,1,1,CONVERGED_FEASIBLE,0.98896484375,-1602.82177734,-64.0625,0.89999270044,18,1,1,CONVERGED_INFEASIBLE,41,9,0,0.15478515625
28,2011-09-30 11:30:00,BASE,190,NaN,NaN,BASE_PREREGISTERED,RAY_CERTIFIED_BOUNDARY,NO_RE_ENTRY_DETECTED_AT_SWEEP_RESOLUTION_DELTA,0.937109375,BINDING_VMIN,18,0.937109375,-1498.065536,-433.860369341,0.900009181317,18,1,1,CONVERGED_FEASIBLE,0.9373046875,-1498.37040325,-433.937442677,0.899990454356,18,1,1,CONVERGED_INFEASIBLE,41,8,0,0.314458797936
28,2011-09-30 11:30:00,BASE,200,NaN,NaN,BASE_PREREGISTERED,RAY_CERTIFIED_BOUNDARY,NO_RE_ENTRY_DETECTED_AT_SWEEP_RESOLUTION_DELTA,0.915234375,BINDING_VMIN,18,0.915234375,-1398.47429674,-775.419975579,0.900005691045,18,1,1,CONVERGED_FEASIBLE,0.91533203125,-1398.61974721,-775.495877999,0.899996131775,18,1,1,CONVERGED_INFEASIBLE,41,9,0,0.164064061446
28,2011-09-30 11:30:00,BASE,210,NaN,NaN,BASE_PREREGISTERED,RAY_CERTIFIED_BOUNDARY,NO_RE_ENTRY_DETECTED_AT_SWEEP_RESOLUTION_DELTA,0.91982421875,BINDING_VMIN,18,0.91982421875,-1297.90945762,-1109.21276855,0.900007038707,18,1,1,CONVERGED_FEASIBLE,0.919921875,-1298.0435055,-1109.32373047,0.899997533639,18,1,1,CONVERGED_INFEASIBLE,41,9,0,0.174015458563
28,2011-09-30 11:30:00,BASE,220,NaN,NaN,BASE_PREREGISTERED,RAY_CERTIFIED_BOUNDARY,NO_RE_ENTRY_DETECTED_AT_SWEEP_RESOLUTION_DELTA,0.95146484375,BINDING_VMIN,18,0.95146484375,-1190.56250486,-1453.90034917,0.900006696418,18,1,1,CONVERGED_FEASIBLE,0.9515625,-1190.68107717,-1454.04299905,0.899997489305,18,1,1,CONVERGED_INFEASIBLE,41,9,0,0.185494966736
28,2011-09-30 11:30:00,BASE,230,NaN,NaN,BASE_PREREGISTERED,RAY_CERTIFIED_BOUNDARY,NO_RE_ENTRY_DETECTED_AT_SWEEP_RESOLUTION_DELTA,1.01455078125,BINDING_VMIN,18,1.01455078125,-1068.95546446,-1830.22902077,0.900003851028,18,1,1,CONVERGED_FEASIBLE,1.0146484375,-1069.05495844,-1830.39902429,0.89999516673,18,1,1,CONVERGED_INFEASIBLE,41,9,0,0.196977784028
28,2011-09-30 11:30:00,BASE,240,NaN,NaN,BASE_PREREGISTERED,RAY_CERTIFIED_BOUNDARY,NO_RE_ENTRY_DETECTED_AT_SWEEP_RESOLUTION_DELTA,0.979296875,BINDING_VMIN,33,0.979296875,-811.405273438,-1991.36059545,0.900009926673,33,1,1,CONVERGED_FEASIBLE,0.9794921875,-811.560058594,-1991.7449788,0.899991813841,33,1,1,CONVERGED_INFEASIBLE,41,8,0,0.414377848182
28,2011-09-30 11:30:00,BASE,250,NaN,NaN,BASE_PREREGISTERED,RAY_CERTIFIED_BOUNDARY,NO_RE_ENTRY_DETECTED_AT_SWEEP_RESOLUTION_DELTA,0.955859375,BINDING_VMIN,33,0.955859375,-553.485709292,-2105.25381772,0.900007831035,33,1,1,CONVERGED_FEASIBLE,0.95595703125,-553.538648933,-2105.4623579,0.899998559436,33,1,1,CONVERGED_INFEASIBLE,41,9,0,0.215154860105
28,2011-09-30 11:30:00,BASE,260,NaN,NaN,BASE_PREREGISTERED,RAY_CERTIFIED_BOUNDARY,NO_RE_ENTRY_DETECTED_AT_SWEEP_RESOLUTION_DELTA,0.96044921875,BINDING_VMIN,33,0.96044921875,-299.659206675,-2213.52443458,0.900002719471,33,1,1,CONVERGED_FEASIBLE,0.960546875,-299.686084836,-2213.74298689,0.899993480006,33,1,1,CONVERGED_INFEASIBLE,41,9,0,0.22019887871
28,2011-09-30 11:30:00,BASE,270,NaN,NaN,BASE_PREREGISTERED,RAY_CERTIFIED_BOUNDARY,NO_RE_ENTRY_DETECTED_AT_SWEEP_RESOLUTION_DELTA,0.99375,BINDING_VMIN,33,0.99375,-35.3125,-2322.359375,0.900002555816,33,1,1,CONVERGED_FEASIBLE,0.99384765625,-35.3125,-2322.58129883,0.899993598192,33,1,1,CONVERGED_INFEASIBLE,41,9,0,0.221923828125
28,2011-09-30 11:30:00,BASE,280,NaN,NaN,BASE_PREREGISTERED,RAY_CERTIFIED_BOUNDARY,NO_RE_ENTRY_DETECTED_AT_SWEEP_RESOLUTION_DELTA,1.0609375,BINDING_VMIN,33,1.0609375,256.691833637,-2438.41475799,0.900002341435,33,1,1,CONVERGED_FEASIBLE,1.06103515625,256.718711798,-2438.63331029,0.899993906823,33,1,1,CONVERGED_INFEASIBLE,41,9,0,0.22019887871
28,2011-09-30 11:30:00,BASE,290,NaN,NaN,BASE_PREREGISTERED,RAY_CERTIFIED_BOUNDARY,NO_RE_ENTRY_DETECTED_AT_SWEEP_RESOLUTION_DELTA,1.1734375,BINDING_VMIN,33,1.1734375,600.810230165,-2569.88134693,0.90000692421,33,1,1,CONVERGED_FEASIBLE,1.1736328125,600.916109448,-2570.29842729,0.899991546313,33,1,1,CONVERGED_INFEASIBLE,41,8,0,0.430309720211
28,2011-09-30 11:30:00,BASE,300,NaN,NaN,BASE_PREREGISTERED,RAY_CERTIFIED_BOUNDARY,NO_RE_ENTRY_DETECTED_AT_SWEEP_RESOLUTION_DELTA,1.3544921875,BINDING_VMIN,33,1.3544921875,1038.12255859,-2729.76100259,0.900004249986,33,1,1,CONVERGED_FEASIBLE,1.3546875,1038.27734375,-2730.14538593,0.899990750488,33,1,1,CONVERGED_INFEASIBLE,41,8,0,0.414377848183
28,2011-09-30 11:30:00,BASE,310,NaN,NaN,BASE_PREREGISTERED,RAY_CERTIFIED_BOUNDARY,NO_RE_ENTRY_DETECTED_AT_SWEEP_RESOLUTION_DELTA,1.6521484375,BINDING_VMIN,33,1.6521484375,1647.92666381,-2940.18197237,0.900004311613,33,1.01088630966,13,CONVERGED_FEASIBLE,1.65234375,1648.12565177,-2940.5219794,0.899992995664,33,1.01088865885,13,CONVERGED_INFEASIBLE,41,8,0,0.393955568056
28,2011-09-30 11:30:00,BASE,320,NaN,NaN,BASE_PREREGISTERED,RAY_UNBOUNDED_WITHIN_GUARD,NO_RE_ENTRY_DETECTED_AT_SWEEP_RESOLUTION_DELTA,NaN,RAY_UNBOUNDED_WITHIN_GUARD,,NaN,NaN,NaN,NaN,,NaN,,,NaN,NaN,NaN,NaN,,NaN,,,41,0,0,NaN
28,2011-09-30 11:30:00,BASE,330,NaN,NaN,BASE_PREREGISTERED,RAY_CERTIFIED_BOUNDARY,NO_RE_ENTRY_DETECTED_AT_SWEEP_RESOLUTION_DELTA,1.6568359375,BINDING_VMAX,13,1.6568359375,2238.94378867,-1946.64233398,0.946139444594,33,1.04999324204,13,CONVERGED_FEASIBLE,1.65703125,2239.21188442,-1946.86425781,0.94613458253,33,1.05000016881,13,CONVERGED_INFEASIBLE,41,8,0,0.348030917126
28,2011-09-30 11:30:00,BASE,340,NaN,NaN,BASE_PREREGISTERED,RAY_CERTIFIED_BOUNDARY,NO_RE_ENTRY_DETECTED_AT_SWEEP_RESOLUTION_DELTA,1.3115234375,BINDING_VMAX,13,1.3115234375,1918.08730049,-1083.43199392,0.972598652877,33,1.04999445855,13,CONVERGED_FEASIBLE,1.31171875,1918.37820143,-1083.58379876,0.972596963382,33,1.05000358371,13,CONVERGED_INFEASIBLE,41,8,0,0.328128122891
28,2011-09-30 11:30:00,BASE,350,NaN,NaN,BASE_PREREGISTERED,RAY_CERTIFIED_BOUNDARY,NO_RE_ENTRY_DETECTED_AT_SWEEP_RESOLUTION_DELTA,1.1232421875,BINDING_VMAX,13,1.1232421875,1717.9790194,-507.311259187,0.989275392249,33,1.04999910346,13,CONVERGED_FEASIBLE,1.1234375,1718.28388664,-507.388332523,0.98927647651,33,1.05000993556,13,CONVERGED_INFEASIBLE,41,8,0,0.314458797936
29,2012-09-03 07:00:00,BASE,0,NaN,NaN,BASE_PREREGISTERED,RAY_CERTIFIED_BOUNDARY,NO_RE_ENTRY_DETECTED_AT_SWEEP_RESOLUTION_DELTA,0.941015625,BINDING_VMAX,13,0.941015625,1713.38851929,287.265625,0.996482840243,25,1.04999698059,13,CONVERGED_FEASIBLE,0.9412109375,1713.69911194,287.265625,0.996483817278,25,1.05000907547,13,CONVERGED_INFEASIBLE,41,8,0,0.310592651367
29,2012-09-03 07:00:00,BASE,10,NaN,NaN,BASE_PREREGISTERED,RAY_CERTIFIED_BOUNDARY,NO_RE_ENTRY_DETECTED_AT_SWEEP_RESOLUTION_DELTA,0.8841796875,BINDING_VMAX,13,0.8841796875,1601.64495431,637.939887302,0.997358853508,25,1.04999060499,13,CONVERGED_FEASIBLE,0.884375,1601.95082836,638.017350139,0.997360084028,25,1.05000352411,13,CONVERGED_INFEASIBLE,41,8,0,0.315530388746
29,2012-09-03 07:00:00,BASE,20,NaN,NaN,BASE_PREREGISTERED,RAY_CERTIFIED_BOUNDARY,NO_RE_ENTRY_DETECTED_AT_SWEEP_RESOLUTION_DELTA,0.86015625,BINDING_VMAX,13,0.86015625,1502.31171075,959.192733034,0.998143877486,25,1.04999877988,13,CONVERGED_FEASIBLE,0.86025390625,1502.45764157,959.269019036,0.99814459484,25,1.05000543165,13,CONVERGED_INFEASIBLE,41,9,0,0.16466740972
29,2012-09-03 07:00:00,BASE,30,NaN,NaN,BASE_PREREGISTERED,RAY_CERTIFIED_BOUNDARY,NO_RE_ENTRY_DETECTED_AT_SWEEP_RESOLUTION_DELTA,0.8640625,BINDING_VMAX,13,0.8640625,1406.92562781,1274.01824951,0.998543261958,22,1.04999144855,13,CONVERGED_FEASIBLE,0.8642578125,1407.19460893,1274.24129486,0.998543510331,22,1.0500046922,13,CONVERGED_INFEASIBLE,41,8,0,0.349428210191
29,2012-09-03 07:00:00,BASE,40,NaN,NaN,BASE_PREREGISTERED,RAY_CERTIFIED_BOUNDARY,NO_RE_ENTRY_DETECTED_AT_SWEEP_RESOLUTION_DELTA,0.896875,BINDING_VMAX,13,0.896875,1309.51746621,1603.98293109,0.998664181935,22,1.04999138279,13,CONVERGED_FEASIBLE,0.8970703125,1309.75539398,1604.26967267,0.998664444736,22,1.0500041254,13,CONVERGED_INFEASIBLE,41,8,0,0.37259945786
29,2012-09-03 07:00:00,BASE,50,NaN,NaN,BASE_PREREGISTERED,RAY_CERTIFIED_BOUNDARY,NO_RE_ENTRY_DETECTED_AT_SWEEP_RESOLUTION_DELTA,0.964453125,BINDING_VMAX,13,0.964453125,1202.8006681,1974.70515895,0.998796932194,22,1.04999036681,13,CONVERGED_FEASIBLE,0.9646484375,1203.00031321,1975.04688425,0.998797199792,22,1.05000218012,13,CONVERGED_INFEASIBLE,41,8,0,0.395770577664
29,2012-09-03 07:00:00,BASE,60,NaN,NaN,BASE_PREREGISTERED,RAY_CERTIFIED_BOUNDARY,NO_RE_ENTRY_DETECTED_AT_SWEEP_RESOLUTION_DELTA,0.9384765625,BINDING_VMAX,30,0.9384765625,963.15196991,2143.56146432,0.998760424748,22,1.04999758083,30,CONVERGED_FEASIBLE,0.938671875,963.307266235,2143.9477902,0.998760693057,22,1.05000997173,30,CONVERGED_INFEASIBLE,41,8,0,0.416370786757
29,2012-09-03 07:00:00,BASE,70,NaN,NaN,BASE_PREREGISTERED,RAY_CERTIFIED_BOUNDARY,NO_RE_ENTRY_DETECTED_AT_SWEEP_RESOLUTION_DELTA,0.91435546875,BINDING_VMAX,30,0.91435546875,714.263922294,2249.69488995,0.998685361909,22,1.04999414203,30,CONVERGED_FEASIBLE,0.914453125,714.317036765,2249.90448402,0.998685492383,22,1.05000050382,30,CONVERGED_INFEASIBLE,41,9,0,0.21621938098
29,2012-09-03 07:00:00,BASE,80,NaN,NaN,BASE_PREREGISTERED,RAY_CERTIFIED_BOUNDARY,NO_RE_ENTRY_DETECTED_AT_SWEEP_RESOLUTION_DELTA,0.919921875,BINDING_VMAX,30,0.919921875,470.98154864,2356.43257821,0.998610343564,22,1.04999655334,30,CONVERGED_FEASIBLE,0.9201171875,471.035482488,2356.87189178,0.998610587962,22,1.05000919159,30,CONVERGED_INFEASIBLE,41,8,0,0.442611884069
29,2012-09-03 07:00:00,BASE,90,NaN,NaN,BASE_PREREGISTERED,RAY_CERTIFIED_BOUNDARY,NO_RE_ENTRY_DETECTED_AT_SWEEP_RESOLUTION_DELTA,0.9560546875,BINDING_VMAX,30,0.9560546875,216.953125,2470.8795929,0.998530014078,22,1.04999602129,30,CONVERGED_FEASIBLE,0.95625,216.953125,2471.32568359,0.998530233138,22,1.05000815643,30,CONVERGED_INFEASIBLE,41,8,0,0.446090698242
29,2012-09-03 07:00:00,BASE,100,NaN,NaN,BASE_PREREGISTERED,RAY_CERTIFIED_BOUNDARY,NO_RE_ENTRY_DETECTED_AT_SWEEP_RESOLUTION_DELTA,1.0294921875,BINDING_VMAX,30,1.0294921875,-67.332187316,2602.88749556,0.998221965027,25,1.04999347759,30,CONVERGED_FEASIBLE,1.0296875,-67.3861211639,2603.32680914,0.998223148298,25,1.05000469935,30,CONVERGED_INFEASIBLE,41,8,0,0.442611884069
29,2012-09-03 07:00:00,BASE,110,NaN,NaN,BASE_PREREGISTERED,RAY_CERTIFIED_BOUNDARY,NO_RE_ENTRY_DETECTED_AT_SWEEP_RESOLUTION_DELTA,1.1564453125,BINDING_VMAX,30,1.1564453125,-412.028447311,2769.27858619,0.987170940651,18,1.0499966774,30,CONVERGED_FEASIBLE,1.156640625,-412.134676254,2769.69777432,0.98717089663,18,1.05000658642,30,CONVERGED_INFEASIBLE,41,8,0,0.432438761961
29,2012-09-03 07:00:00,BASE,120,NaN,NaN,BASE_PREREGISTERED,RAY_CERTIFIED_BOUNDARY,NO_RE_ENTRY_DETECTED_AT_SWEEP_RESOLUTION_DELTA,1.3736328125,BINDING_VMAX,30,1.3736328125,-875.245933533,3004.29551843,0.967704407569,18,1.04999589214,30,CONVERGED_FEASIBLE,1.373828125,-875.401229858,3004.68184431,0.967701352466,18,1.05000408994,30,CONVERGED_INFEASIBLE,41,8,0,0.416370786757
29,2012-09-03 07:00:00,BASE,130,NaN,NaN,BASE_PREREGISTERED,RAY_CERTIFIED_BOUNDARY,NO_RE_ENTRY_DETECTED_AT_SWEEP_RESOLUTION_DELTA,1.782421875,BINDING_VMAX,30,1.782421875,-1605.00813023,3405.8507175,0.934796889154,18,1.04999211584,30,CONVERGED_FEASIBLE,1.7828125,-1605.40742045,3406.53416811,0.934783598939,18,1.05000415135,30,CONVERGED_INFEASIBLE,41,7,0,0.791541155327
29,2012-09-03 07:00:00,BASE,140,NaN,NaN,BASE_PREREGISTERED,RAY_CERTIFIED_BOUNDARY,NO_RE_ENTRY_DETECTED_AT_SWEEP_RESOLUTION_DELTA,1.9484375,BINDING_VMIN,18,1.9484375,-2156.61435494,3147.7995635,0.90000873428,18,1.03401277101,30,CONVERGED_FEASIBLE,1.9486328125,-2156.85228272,3148.08630507,0.899998255814,18,1.03401654298,30,CONVERGED_INFEASIBLE,41,8,0,0.37259945786
29,2012-09-03 07:00:00,BASE,150,NaN,NaN,BASE_PREREGISTERED,RAY_CERTIFIED_BOUNDARY,NO_RE_ENTRY_DETECTED_AT_SWEEP_RESOLUTION_DELTA,1.539453125,BINDING_VMIN,18,1.539453125,-1903.1561126,2045.30906677,0.900006133393,18,1.00709670728,30,CONVERGED_FEASIBLE,1.5396484375,-1903.42509372,2045.53211212,0.899993410087,18,1.00709859228,30,CONVERGED_INFEASIBLE,41,8,0,0.349428210191
29,2012-09-03 07:00:00,BASE,160,NaN,NaN,BASE_PREREGISTERED,RAY_CERTIFIED_BOUNDARY,NO_RE_ENTRY_DETECTED_AT_SWEEP_RESOLUTION_DELTA,1.29609375,BINDING_VMIN,18,1.29609375,-1719.84060231,1299.73344719,0.900007138587,18,1,1,CONVERGED_FEASIBLE,1.2962890625,-1720.13246393,1299.88601919,0.899992380203,18,1,1,CONVERGED_INFEASIBLE,41,8,0,0.32933481944
29,2012-09-03 07:00:00,BASE,170,NaN,NaN,BASE_PREREGISTERED,RAY_CERTIFIED_BOUNDARY,NO_RE_ENTRY_DETECTED_AT_SWEEP_RESOLUTION_DELTA,1.14453125,BINDING_VMIN,18,1.14453125,-1575.46881442,741.197848788,0.900004238443,18,1,1,CONVERGED_FEASIBLE,1.14462890625,-1575.62175144,741.236580207,0.899996002399,18,1,1,CONVERGED_INFEASIBLE,41,9,0,0.157765194373
29,2012-09-03 07:00:00,BASE,180,NaN,NaN,BASE_PREREGISTERED,RAY_CERTIFIED_BOUNDARY,NO_RE_ENTRY_DETECTED_AT_SWEEP_RESOLUTION_DELTA,1.0501953125,BINDING_VMIN,18,1.0501953125,-1453.1035614,287.265625,0.900006282646,18,1,1,CONVERGED_FEASIBLE,1.05029296875,-1453.25885773,287.265625,0.899997389666,18,1,1,CONVERGED_INFEASIBLE,41,9,0,0.155296325683
29,2012-09-03 07:00:00,BASE,190,NaN,NaN,BASE_PREREGISTERED,RAY_CERTIFIED_BOUNDARY,NO_RE_ENTRY_DETECTED_AT_SWEEP_RESOLUTION_DELTA,0.9958984375,BINDING_VMIN,18,0.9958984375,-1342.69866153,-107.717379965,0.900007496078,18,1,1,CONVERGED_FEASIBLE,0.99599609375,-1342.85159856,-107.756111384,0.899998172628,18,1,1,CONVERGED_INFEASIBLE,41,9,0,0.157765194373
29,2012-09-03 07:00:00,BASE,200,NaN,NaN,BASE_PREREGISTERED,RAY_CERTIFIED_BOUNDARY,NO_RE_ENTRY_DETECTED_AT_SWEEP_RESOLUTION_DELTA,0.973046875,BINDING_VMIN,18,0.973046875,-1237.10147859,-472.848101663,0.90000903134,18,1,1,CONVERGED_FEASIBLE,0.9732421875,-1237.39334022,-473.000673668,0.899990007181,18,1,1,CONVERGED_INFEASIBLE,41,8,0,0.32933481944
29,2012-09-03 07:00:00,BASE,210,NaN,NaN,BASE_PREREGISTERED,RAY_CERTIFIED_BOUNDARY,NO_RE_ENTRY_DETECTED_AT_SWEEP_RESOLUTION_DELTA,0.9783203125,BINDING_VMIN,18,0.9783203125,-1130.3733367,-829.968528748,0.900005209087,18,1,1,CONVERGED_FEASIBLE,0.97841796875,-1130.50782726,-830.080051422,0.899995755034,18,1,1,CONVERGED_INFEASIBLE,41,9,0,0.174714105095
29,2012-09-03 07:00:00,BASE,220,NaN,NaN,BASE_PREREGISTERED,RAY_CERTIFIED_BOUNDARY,NO_RE_ENTRY_DETECTED_AT_SWEEP_RESOLUTION_DELTA,1.01220703125,BINDING_VMIN,18,1.01220703125,-1016.10756714,-1198.77258032,0.900004906791,18,1,1,CONVERGED_FEASIBLE,1.0123046875,-1016.22653103,-1198.91595111,0.899995750465,18,1,1,CONVERGED_INFEASIBLE,41,9,0,0.18629972893
29,2012-09-03 07:00:00,BASE,230,NaN,NaN,BASE_PREREGISTERED,RAY_CERTIFIED_BOUNDARY,NO_RE_ENTRY_DETECTED_AT_SWEEP_RESOLUTION_DELTA,1.07939453125,BINDING_VMIN,18,1.07939453125,-886.385564133,-1601.2792483,0.900003163499,18,1,1,CONVERGED_FEASIBLE,1.0794921875,-886.485386687,-1601.45011095,0.899994524832,18,1,1,CONVERGED_INFEASIBLE,41,9,0,0.197885288832
29,2012-09-03 07:00:00,BASE,240,NaN,NaN,BASE_PREREGISTERED,RAY_CERTIFIED_BOUNDARY,NO_RE_ENTRY_DETECTED_AT_SWEEP_RESOLUTION_DELTA,1.025390625,BINDING_VMIN,33,1.025390625,-598.352584839,-1740.94522962,0.900000305902,33,1,1,CONVERGED_FEASIBLE,1.02548828125,-598.430233002,-1741.13839255,0.899991299057,33,1,1,CONVERGED_INFEASIBLE,41,9,0,0.208185393378
29,2012-09-03 07:00:00,BASE,250,NaN,NaN,BASE_PREREGISTERED,RAY_CERTIFIED_BOUNDARY,NO_RE_ENTRY_DETECTED_AT_SWEEP_RESOLUTION_DELTA,1.0001953125,BINDING_VMIN,33,1.0001953125,-327.045292802,-1859.39682632,0.900005894797,33,1,1,CONVERGED_FEASIBLE,1.00029296875,-327.098407274,-1859.60642038,0.899996668011,33,1,1,CONVERGED_INFEASIBLE,41,9,0,0.216219380981
29,2012-09-03 07:00:00,BASE,260,NaN,NaN,BASE_PREREGISTERED,RAY_CERTIFIED_BOUNDARY,NO_RE_ENTRY_DETECTED_AT_SWEEP_RESOLUTION_DELTA,1.004296875,BINDING_VMIN,33,1.004296875,-60.374720936,-1971.68479398,0.900009379511,33,1,1,CONVERGED_FEASIBLE,1.0044921875,-60.4286547839,-1972.12410756,0.899990976588,33,1,1,CONVERGED_INFEASIBLE,41,8,0,0.442611884069
29,2012-09-03 07:00:00,BASE,270,NaN,NaN,BASE_PREREGISTERED,RAY_CERTIFIED_BOUNDARY,NO_RE_ENTRY_DETECTED_AT_SWEEP_RESOLUTION_DELTA,1.0384765625,BINDING_VMIN,33,1.0384765625,216.953125,-2084.59861755,0.900004771027,33,1,1,CONVERGED_FEASIBLE,1.03857421875,216.953125,-2084.8216629,0.899995842826,33,1,1,CONVERGED_INFEASIBLE,41,9,0,0.223045349121
29,2012-09-03 07:00:00,BASE,280,NaN,NaN,BASE_PREREGISTERED,RAY_CERTIFIED_BOUNDARY,NO_RE_ENTRY_DETECTED_AT_SWEEP_RESOLUTION_DELTA,1.1078125,BINDING_VMIN,33,1.1078125,522.865910327,-2204.52099041,0.900006940754,33,1,1,CONVERGED_FEASIBLE,1.1080078125,522.919844174,-2204.96030399,0.899990110568,33,1,1,CONVERGED_INFEASIBLE,41,8,0,0.442611884069
29,2012-09-03 07:00:00,BASE,290,NaN,NaN,BASE_PREREGISTERED,RAY_CERTIFIED_BOUNDARY,NO_RE_ENTRY_DETECTED_AT_SWEEP_RESOLUTION_DELTA,1.22421875,BINDING_VMIN,33,1.22421875,882.79614058,-2340.20561984,0.900005745341,33,1,1,CONVERGED_FEASIBLE,1.2244140625,882.902369523,-2340.62480798,0.899990384976,33,1,1,CONVERGED_INFEASIBLE,41,8,0,0.432438761961
29,2012-09-03 07:00:00,BASE,300,NaN,NaN,BASE_PREREGISTERED,RAY_CERTIFIED_BOUNDARY,NO_RE_ENTRY_DETECTED_AT_SWEEP_RESOLUTION_DELTA,1.411328125,BINDING_VMIN,33,1.411328125,1339.12437439,-2504.32516271,0.900007742086,33,1,1,CONVERGED_FEASIBLE,1.4115234375,1339.27967072,-2504.71148858,0.899994238127,33,1,1,CONVERGED_INFEASIBLE,41,8,0,0.416370786756
29,2012-09-03 07:00:00,BASE,310,NaN,NaN,BASE_PREREGISTERED,RAY_CERTIFIED_BOUNDARY,NO_RE_ENTRY_DETECTED_AT_SWEEP_RESOLUTION_DELTA,1.7185546875,BINDING_VMIN,33,1.7185546875,1973.63042993,-2719.57529424,0.900006762728,33,1.0168402886,13,CONVERGED_FEASIBLE,1.71875,1973.83007503,-2719.91701954,0.899995420388,33,1.01684256058,13,CONVERGED_INFEASIBLE,41,8,0,0.395770577664
29,2012-09-03 07:00:00,BASE,320,NaN,NaN,BASE_PREREGISTERED,RAY_UNBOUNDED_WITHIN_GUARD,NO_RE_ENTRY_DETECTED_AT_SWEEP_RESOLUTION_DELTA,NaN,RAY_UNBOUNDED_WITHIN_GUARD,,NaN,NaN,NaN,NaN,,NaN,,,NaN,NaN,NaN,NaN,,NaN,,,41,0,0,NaN
29,2012-09-03 07:00:00,BASE,330,NaN,NaN,BASE_PREREGISTERED,RAY_CERTIFIED_BOUNDARY,NO_RE_ENTRY_DETECTED_AT_SWEEP_RESOLUTION_DELTA,1.528125,BINDING_VMAX,13,1.528125,2321.46145727,-1457.84118652,0.952452555291,33,1.0499983733,13,CONVERGED_FEASIBLE,1.5283203125,2321.7304384,-1458.06423187,0.952447836832,33,1.05000539297,13,CONVERGED_INFEASIBLE,41,8,0,0.349428210191
29,2012-09-03 07:00:00,BASE,340,NaN,NaN,BASE_PREREGISTERED,RAY_CERTIFIED_BOUNDARY,NO_RE_ENTRY_DETECTED_AT_SWEEP_RESOLUTION_DELTA,1.2146484375,BINDING_VMAX,13,1.2146484375,2032.0405557,-661.57967129,0.976345810097,33,1.04999261511,13,CONVERGED_FEASIBLE,1.21484375,2032.33241732,-661.732243295,0.976344164521,33,1.05000177848,13,CONVERGED_INFEASIBLE,41,8,0,0.32933481944
29,2012-09-03 07:00:00,BASE,350,NaN,NaN,BASE_PREREGISTERED,RAY_CERTIFIED_BOUNDARY,NO_RE_ENTRY_DETECTED_AT_SWEEP_RESOLUTION_DELTA,1.0421875,BINDING_VMAX,13,1.0421875,1849.09706164,-126.076072292,0.991611210978,33,1.04999755833,13,CONVERGED_FEASIBLE,1.0423828125,1849.40293569,-126.153535129,0.991612295824,33,1.0500083998,13,CONVERGED_INFEASIBLE,41,8,0,0.315530388746
30,2011-11-14 17:30:00,BASE,0,NaN,NaN,BASE_PREREGISTERED,RAY_CERTIFIED_BOUNDARY,NO_RE_ENTRY_DETECTED_AT_SWEEP_RESOLUTION_DELTA,0.8197265625,BINDING_VMAX,13,0.8197265625,1951.46125793,877.65625,0.992209399316,25,1.04999650285,13,CONVERGED_FEASIBLE,0.819921875,1951.77352905,877.65625,0.992210370953,25,1.05000858189,13,CONVERGED_INFEASIBLE,41,8,0,0.312271118164
30,2011-11-14 17:30:00,BASE,10,NaN,NaN,BASE_PREREGISTERED,RAY_CERTIFIED_BOUNDARY,NO_RE_ENTRY_DETECTED_AT_SWEEP_RESOLUTION_DELTA,0.77109375,BINDING_VMAX,13,0.77109375,1854.97604289,1186.06336252,0.992966029119,25,1.04999658932,13,CONVERGED_FEASIBLE,0.7712890625,1855.28356991,1186.14147982,0.992967251411,25,1.05000947224,13,CONVERGED_INFEASIBLE,41,8,0,0.317293523363
30,2011-11-14 17:30:00,BASE,20,NaN,NaN,BASE_PREREGISTERED,RAY_CERTIFIED_BOUNDARY,NO_RE_ENTRY_DETECTED_AT_SWEEP_RESOLUTION_DELTA,0.7505859375,BINDING_VMAX,13,0.7505859375,1768.54493482,1468.94427059,0.993646144674,25,1.04999869958,13,CONVERGED_FEASIBLE,0.75068359375,1768.69165425,1469.02120111,0.993646857436,25,1.0500053271,13,CONVERGED_INFEASIBLE,41,9,0,0.165665016587
30,2011-11-14 17:30:00,BASE,30,NaN,NaN,BASE_PREREGISTERED,RAY_CERTIFIED_BOUNDARY,NO_RE_ENTRY_DETECTED_AT_SWEEP_RESOLUTION_DELTA,0.75439453125,BINDING_VMAX,13,0.75439453125,1685.41348563,1746.44763947,0.99430039838,25,1.0499956568,13,CONVERGED_FEASIBLE,0.7544921875,1685.54870299,1746.56010437,0.994301186636,25,1.0500022515,13,CONVERGED_INFEASIBLE,41,9,0,0.175875209781
30,2011-11-14 17:30:00,BASE,40,NaN,NaN,BASE_PREREGISTERED,RAY_CERTIFIED_BOUNDARY,NO_RE_ENTRY_DETECTED_AT_SWEEP_RESOLUTION_DELTA,0.783203125,BINDING_VMAX,13,0.783203125,1600.10572981,2037.20464902,0.994973041797,25,1.04999158179,13,CONVERGED_FEASIBLE,0.7833984375,1600.34494337,2037.49381321,0.994974712753,25,1.05000427085,13,CONVERGED_INFEASIBLE,41,8,0,0.375285295703
30,2011-11-14 17:30:00,BASE,50,NaN,NaN,BASE_PREREGISTERED,RAY_CERTIFIED_BOUNDARY,NO_RE_ENTRY_DETECTED_AT_SWEEP_RESOLUTION_DELTA,0.8423828125,BINDING_VMAX,13,0.8423828125,1506.58201123,2363.96979613,0.995714700941,25,1.04999602606,13,CONVERGED_FEASIBLE,0.842578125,1506.78273524,2364.31440859,0.995716406288,25,1.05000779275,13,CONVERGED_INFEASIBLE,41,8,0,0.398808067875
30,2011-11-14 17:30:00,BASE,60,NaN,NaN,BASE_PREREGISTERED,RAY_CERTIFIED_BOUNDARY,NO_RE_ENTRY_DETECTED_AT_SWEEP_RESOLUTION_DELTA,0.856640625,BINDING_VMAX,30,0.856640625,1325.66993713,2586.39736856,0.995838181649,25,1.04999975684,30,CONVERGED_FEASIBLE,0.85673828125,1325.74800491,2586.59216349,0.995839031596,25,1.05000592725,30,CONVERGED_INFEASIBLE,41,9,0,0.209856242765
30,2011-11-14 17:30:00,BASE,70,NaN,NaN,BASE_PREREGISTERED,RAY_CERTIFIED_BOUNDARY,NO_RE_ENTRY_DETECTED_AT_SWEEP_RESOLUTION_DELTA,0.833984375,BINDING_VMAX,30,0.833984375,1096.90823876,2682.7123444,0.995404168844,25,1.04999393733,30,CONVERGED_FEASIBLE,0.8341796875,1097.01504178,2683.13507416,0.99540582205,25,1.05000661708,30,CONVERGED_INFEASIBLE,41,8,0,0.436013001285
30,2011-11-14 17:30:00,BASE,80,NaN,NaN,BASE_PREREGISTERED,RAY_CERTIFIED_BOUNDARY,NO_RE_ENTRY_DETECTED_AT_SWEEP_RESOLUTION_DELTA,0.83828125,BINDING_VMAX,30,0.83828125,873.594408126,2779.12058307,0.994971688945,25,1.04999086728,30,CONVERGED_FEASIBLE,0.8384765625,873.648633437,2779.56360831,0.994973238066,25,1.05000347279,30,CONVERGED_INFEASIBLE,41,8,0,0.446331433136
30,2011-11-14 17:30:00,BASE,90,NaN,NaN,BASE_PREREGISTERED,RAY_CERTIFIED_BOUNDARY,NO_RE_ENTRY_DETECTED_AT_SWEEP_RESOLUTION_DELTA,0.8703125,BINDING_VMAX,30,0.8703125,640.859375,2882.23071289,0.99451126596,25,1.04999044661,30,CONVERGED_FEASIBLE,0.8705078125,640.859375,2882.68057251,0.99451265615,25,1.05000256457,30,CONVERGED_INFEASIBLE,41,8,0,0.449859619141
30,2011-11-14 17:30:00,BASE,100,NaN,NaN,BASE_PREREGISTERED,RAY_CERTIFIED_BOUNDARY,NO_RE_ENTRY_DETECTED_AT_SWEEP_RESOLUTION_DELTA,0.9359375,BINDING_VMAX,30,0.9359375,381.01168657,3000.63320342,0.993984681858,25,1.04999149917,30,CONVERGED_FEASIBLE,0.9361328125,380.95746126,3001.07622866,0.993985861481,25,1.05000272481,30,CONVERGED_INFEASIBLE,41,8,0,0.446331433135
30,2011-11-14 17:30:00,BASE,110,NaN,NaN,BASE_PREREGISTERED,RAY_CERTIFIED_BOUNDARY,NO_RE_ENTRY_DETECTED_AT_SWEEP_RESOLUTION_DELTA,1.04921875,BINDING_VMAX,30,1.04921875,67.1135913615,3148.56054487,0.993329783345,25,1.04999435458,30,CONVERGED_FEASIBLE,1.0494140625,67.0067883489,3148.98327464,0.99333070363,25,1.05000429654,30,CONVERGED_INFEASIBLE,41,8,0,0.436013001285
30,2011-11-14 17:30:00,BASE,120,NaN,NaN,BASE_PREREGISTERED,RAY_CERTIFIED_BOUNDARY,NO_RE_ENTRY_DETECTED_AT_SWEEP_RESOLUTION_DELTA,1.241796875,BINDING_VMAX,30,1.241796875,-351.850509644,3354.66856915,0.97689206697,18,1.04999015602,30,CONVERGED_FEASIBLE,1.2421875,-352.162780762,3355.44774887,0.976886279819,18,1.05000670504,30,CONVERGED_INFEASIBLE,41,7,0,0.83942497106
30,2011-11-14 17:30:00,BASE,130,NaN,NaN,BASE_PREREGISTERED,RAY_CERTIFIED_BOUNDARY,NO_RE_ENTRY_DETECTED_AT_SWEEP_RESOLUTION_DELTA,1.5984375,BINDING_VMAX,30,1.5984375,-1001.86588698,3697.96463431,0.948786401026,18,1.04999618697,30,CONVERGED_FEASIBLE,1.598828125,-1002.267335,3698.65385924,0.948773937108,18,1.05000854989,30,CONVERGED_INFEASIBLE,41,7,0,0.79761613575
30,2011-11-14 17:30:00,BASE,140,NaN,NaN,BASE_PREREGISTERED,RAY_UNBOUNDED_WITHIN_GUARD,NO_RE_ENTRY_DETECTED_AT_SWEEP_RESOLUTION_DELTA,NaN,RAY_UNBOUNDED_WITHIN_GUARD,,NaN,NaN,NaN,NaN,,NaN,,,NaN,NaN,NaN,NaN,,NaN,,,41,0,0,NaN
30,2011-11-14 17:30:00,BASE,150,NaN,NaN,BASE_PREREGISTERED,RAY_CERTIFIED_BOUNDARY,NO_RE_ENTRY_DETECTED_AT_SWEEP_RESOLUTION_DELTA,1.6814453125,BINDING_VMIN,18,1.6814453125,-1687.3131398,2814.07698059,0.900002916142,18,1.01500335308,30,CONVERGED_FEASIBLE,1.681640625,-1687.58357452,2814.3019104,0.89999015008,18,1.01500515466,30,CONVERGED_INFEASIBLE,41,8,0,0.351750419563
30,2011-11-14 17:30:00,BASE,160,NaN,NaN,BASE_PREREGISTERED,RAY_CERTIFIED_BOUNDARY,NO_RE_ENTRY_DETECTED_AT_SWEEP_RESOLUTION_DELTA,1.4193359375,BINDING_VMIN,18,1.4193359375,-1491.56086003,1995.76451063,0.900007697746,18,1,1,CONVERGED_FEASIBLE,1.41953125,-1491.8542989,1995.91837168,0.899992948283,18,1,1,CONVERGED_INFEASIBLE,41,8,0,0.331330033175
30,2011-11-14 17:30:00,BASE,170,NaN,NaN,BASE_PREREGISTERED,RAY_CERTIFIED_BOUNDARY,NO_RE_ENTRY_DETECTED_AT_SWEEP_RESOLUTION_DELTA,1.2556640625,BINDING_VMIN,18,1.2556640625,-1336.23182507,1379.87239144,0.900001041153,18,1,1,CONVERGED_FEASIBLE,1.25576171875,-1336.38558858,1379.91145009,0.899992833133,18,1,1,CONVERGED_INFEASIBLE,41,9,0,0.158646761681
30,2011-11-14 17:30:00,BASE,180,NaN,NaN,BASE_PREREGISTERED,RAY_CERTIFIED_BOUNDARY,NO_RE_ENTRY_DETECTED_AT_SWEEP_RESOLUTION_DELTA,1.15361328125,BINDING_VMIN,18,1.15361328125,-1203.56998444,877.65625,0.900008594597,18,1,1,CONVERGED_FEASIBLE,1.1537109375,-1203.72612,877.65625,0.899999750352,18,1,1,CONVERGED_INFEASIBLE,41,9,0,0.156135559082
30,2011-11-14 17:30:00,BASE,190,NaN,NaN,BASE_PREREGISTERED,RAY_CERTIFIED_BOUNDARY,NO_RE_ENTRY_DETECTED_AT_SWEEP_RESOLUTION_DELTA,1.0951171875,BINDING_VMIN,18,1.0951171875,-1083.4446161,439.652531688,0.900003020349,18,1,1,CONVERGED_FEASIBLE,1.09521484375,-1083.59837961,439.613473037,0.89999376208,18,1,1,CONVERGED_INFEASIBLE,41,9,0,0.158646761682
30,2011-11-14 17:30:00,BASE,200,NaN,NaN,BASE_PREREGISTERED,RAY_CERTIFIED_BOUNDARY,NO_RE_ENTRY_DETECTED_AT_SWEEP_RESOLUTION_DELTA,1.07080078125,BINDING_VMIN,18,1.07080078125,-967.919204683,34.1130356178,0.900004066504,18,1,1,CONVERGED_FEASIBLE,1.0708984375,-968.065924116,34.0361050921,0.899994631572,18,1,1,CONVERGED_INFEASIBLE,41,9,0,0.165665016587
30,2011-11-14 17:30:00,BASE,210,NaN,NaN,BASE_PREREGISTERED,RAY_CERTIFIED_BOUNDARY,NO_RE_ENTRY_DETECTED_AT_SWEEP_RESOLUTION_DELTA,1.0771484375,BINDING_VMIN,18,1.0771484375,-850.588112408,-362.83164978,0.900005725694,18,1,1,CONVERGED_FEASIBLE,1.07724609375,-850.723329769,-362.944114685,0.899996355007,18,1,1,CONVERGED_INFEASIBLE,41,9,0,0.175875209782
30,2011-11-14 17:30:00,BASE,220,NaN,NaN,BASE_PREREGISTERED,RAY_CERTIFIED_BOUNDARY,NO_RE_ENTRY_DETECTED_AT_SWEEP_RESOLUTION_DELTA,1.11484375,BINDING_VMIN,18,1.11484375,-724.57159589,-772.892942421,0.90000764488,18,1,1,CONVERGED_FEASIBLE,1.11494140625,-724.691202668,-773.037524516,0.899998571441,18,1,1,CONVERGED_INFEASIBLE,41,9,0,0.187642647852
30,2011-11-14 17:30:00,BASE,230,NaN,NaN,BASE_PREREGISTERED,RAY_CERTIFIED_BOUNDARY,NO_RE_ENTRY_DETECTED_AT_SWEEP_RESOLUTION_DELTA,1.16591796875,BINDING_VMIN,33,1.16591796875,-557.362576542,-1179.50783848,0.900006549124,33,1,1,CONVERGED_FEASIBLE,1.166015625,-557.462938544,-1179.68014471,0.89999807738,33,1,1,CONVERGED_INFEASIBLE,41,9,0,0.199404033937
30,2011-11-14 17:30:00,BASE,240,NaN,NaN,BASE_PREREGISTERED,RAY_CERTIFIED_BOUNDARY,NO_RE_ENTRY_DETECTED_AT_SWEEP_RESOLUTION_DELTA,1.10263671875,BINDING_VMIN,33,1.10263671875,-240.603923798,-1321.7732951,0.900003803156,33,1,1,CONVERGED_FEASIBLE,1.102734375,-240.681991577,-1321.96809003,0.899994876,33,1,1,CONVERGED_INFEASIBLE,41,9,0,0.209856242765
30,2011-11-14 17:30:00,BASE,250,NaN,NaN,BASE_PREREGISTERED,RAY_CERTIFIED_BOUNDARY,NO_RE_ENTRY_DETECTED_AT_SWEEP_RESOLUTION_DELTA,1.074609375,BINDING_VMIN,33,1.074609375,53.2291997247,-1448.20291426,0.900002376543,33,1,1,CONVERGED_FEASIBLE,1.07470703125,53.1757982184,-1448.41427914,0.899993221296,33,1,1,CONVERGED_INFEASIBLE,41,9,0,0.218006500642
30,2011-11-14 17:30:00,BASE,260,NaN,NaN,BASE_PREREGISTERED,RAY_CERTIFIED_BOUNDARY,NO_RE_ENTRY_DETECTED_AT_SWEEP_RESOLUTION_DELTA,1.0779296875,BINDING_VMIN,33,1.0779296875,341.589885759,-1567.40005341,0.900007574419,33,1,1,CONVERGED_FEASIBLE,1.07802734375,341.562773104,-1567.62156603,0.899998433392,33,1,1,CONVERGED_INFEASIBLE,41,9,0,0.223165716568
30,2011-11-14 17:30:00,BASE,270,NaN,NaN,BASE_PREREGISTERED,RAY_CERTIFIED_BOUNDARY,NO_RE_ENTRY_DETECTED_AT_SWEEP_RESOLUTION_DELTA,1.11337890625,BINDING_VMIN,33,1.11337890625,640.859375,-1686.76850891,0.900005007321,33,1,1,CONVERGED_FEASIBLE,1.1134765625,640.859375,-1686.99343872,0.899996125591,33,1,1,CONVERGED_INFEASIBLE,41,9,0,0.224929809571
30,2011-11-14 17:30:00,BASE,280,NaN,NaN,BASE_PREREGISTERED,RAY_CERTIFIED_BOUNDARY,NO_RE_ENTRY_DETECTED_AT_SWEEP_RESOLUTION_DELTA,1.18623046875,BINDING_VMIN,33,1.18623046875,970.196798973,-1813.05754937,0.900007801916,33,1,1,CONVERGED_FEASIBLE,1.186328125,970.223911628,-1813.27906199,0.899999417538,33,1,1,CONVERGED_INFEASIBLE,41,9,0,0.223165716568
30,2011-11-14 17:30:00,BASE,290,NaN,NaN,BASE_PREREGISTERED,RAY_CERTIFIED_BOUNDARY,NO_RE_ENTRY_DETECTED_AT_SWEEP_RESOLUTION_DELTA,1.30888671875,BINDING_VMIN,33,1.30888671875,1356.59976388,-1955.26726677,0.900007320653,33,1,1,CONVERGED_FEASIBLE,1.308984375,1356.65316538,-1955.47863165,0.899999653996,33,1,1,CONVERGED_INFEASIBLE,41,9,0,0.218006500642
30,2011-11-14 17:30:00,BASE,300,NaN,NaN,BASE_PREREGISTERED,RAY_CERTIFIED_BOUNDARY,NO_RE_ENTRY_DETECTED_AT_SWEEP_RESOLUTION_DELTA,1.5060546875,BINDING_VMIN,33,1.5060546875,1844.82067108,-2126.47114745,0.90000477851,33,1.00320337282,13,CONVERGED_FEASIBLE,1.50625,1844.97680664,-2126.86073731,0.89999126567,33,1.00320335438,13,CONVERGED_INFEASIBLE,41,8,0,0.41971248553
30,2011-11-14 17:30:00,BASE,310,NaN,NaN,BASE_PREREGISTERED,RAY_CERTIFIED_BOUNDARY,NO_RE_ENTRY_DETECTED_AT_SWEEP_RESOLUTION_DELTA,1.82890625,BINDING_VMIN,33,1.82890625,2520.43896361,-2349.2948388,0.900001958003,33,1.02660090639,13,CONVERGED_FEASIBLE,1.8291015625,2520.63968762,-2349.63945126,0.899990571874,33,1.02660305342,13,CONVERGED_INFEASIBLE,41,8,0,0.398808067875
30,2011-11-14 17:30:00,BASE,320,NaN,NaN,BASE_PREREGISTERED,RAY_CERTIFIED_BOUNDARY,NO_RE_ENTRY_DETECTED_AT_SWEEP_RESOLUTION_DELTA,1.892578125,BINDING_VMAX,13,1.892578125,2958.83872117,-1924.34474414,0.922174241343,33,1.04999673728,13,CONVERGED_FEASIBLE,1.89296875,2959.31714828,-1924.92307252,0.922157850709,33,1.05000566044,13,CONVERGED_INFEASIBLE,41,7,0,0.750570591406
30,2011-11-14 17:30:00,BASE,330,NaN,NaN,BASE_PREREGISTERED,RAY_CERTIFIED_BOUNDARY,NO_RE_ENTRY_DETECTED_AT_SWEEP_RESOLUTION_DELTA,1.31640625,BINDING_VMAX,13,1.31640625,2463.58939588,-638.370666504,0.962620109232,33,1.04999627537,13,CONVERGED_FEASIBLE,1.3166015625,2463.8598306,-638.595596313,0.962615610875,33,1.05000343961,13,CONVERGED_INFEASIBLE,41,8,0,0.351750419563
30,2011-11-14 17:30:00,BASE,340,NaN,NaN,BASE_PREREGISTERED,RAY_CERTIFIED_BOUNDARY,NO_RE_ENTRY_DETECTED_AT_SWEEP_RESOLUTION_DELTA,1.0533203125,BINDING_VMAX,13,1.0533203125,2223.37517623,47.8835997194,0.982521650004,33,1.04999466107,13,CONVERGED_FEASIBLE,1.053515625,2223.66861509,47.729738668,0.982520074473,33,1.05000388508,13,CONVERGED_INFEASIBLE,41,8,0,0.331330033175
30,2011-11-14 17:30:00,BASE,350,NaN,NaN,BASE_PREREGISTERED,RAY_CERTIFIED_BOUNDARY,NO_RE_ENTRY_DETECTED_AT_SWEEP_RESOLUTION_DELTA,0.90634765625,BINDING_VMAX,13,0.90634765625,2067.938503,515.152905105,0.991298526356,25,1.04999538385,13,CONVERGED_FEASIBLE,0.9064453125,2068.09226651,515.113846453,0.991298865417,25,1.05000081182,13,CONVERGED_INFEASIBLE,41,9,0,0.158646761681
31,2010-11-26 18:00:00,BASE,0,NaN,NaN,BASE_PREREGISTERED,RAY_CERTIFIED_BOUNDARY,NO_RE_ENTRY_DETECTED_AT_SWEEP_RESOLUTION_DELTA,0.962890625,BINDING_VMAX,13,0.962890625,1670.42327881,181.25,0.997254798092,25,1.04999968864,13,CONVERGED_FEASIBLE,0.96298828125,1670.57841492,181.25,0.997255287075,25,1.0500057372,13,CONVERGED_INFEASIBLE,41,9,0,0.155136108398
31,2010-11-26 18:00:00,BASE,10,NaN,NaN,BASE_PREREGISTERED,RAY_CERTIFIED_BOUNDARY,NO_RE_ENTRY_DETECTED_AT_SWEEP_RESOLUTION_DELTA,0.90458984375,BINDING_VMAX,13,0.90458984375,1555.97537164,539.491436855,0.998152880168,25,1.04999529769,13,CONVERGED_FEASIBLE,0.9046875,1556.12815088,539.530111306,0.998153496147,25,1.05000176019,13,CONVERGED_INFEASIBLE,41,9,0,0.157598255136
31,2010-11-26 18:00:00,BASE,20,NaN,NaN,BASE_PREREGISTERED,RAY_CERTIFIED_BOUNDARY,NO_RE_ENTRY_DETECTED_AT_SWEEP_RESOLUTION_DELTA,0.87978515625,BINDING_VMAX,13,0.87978515625,1454.11557882,867.499744292,0.998712757643,22,1.04999609072,13,CONVERGED_FEASIBLE,0.8798828125,1454.26135908,867.57591809,0.998712870253,22,1.05000274664,13,CONVERGED_INFEASIBLE,41,9,0,0.16448200689
31,2010-11-26 18:00:00,BASE,30,NaN,NaN,BASE_PREREGISTERED,RAY_CERTIFIED_BOUNDARY,NO_RE_ENTRY_DETECTED_AT_SWEEP_RESOLUTION_DELTA,0.8837890625,BINDING_VMAX,13,0.8837890625,1356.6651388,1189.04571533,0.998833498542,22,1.04999457715,13,CONVERGED_FEASIBLE,0.883984375,1356.93384242,1189.26843262,0.99883374728,22,1.05000783006,13,CONVERGED_INFEASIBLE,41,8,0,0.349005194079
31,2010-11-26 18:00:00,BASE,40,NaN,NaN,BASE_PREREGISTERED,RAY_CERTIFIED_BOUNDARY,NO_RE_ENTRY_DETECTED_AT_SWEEP_RESOLUTION_DELTA,0.91728515625,BINDING_VMAX,13,0.91728515625,1257.05620732,1525.95104742,0.998957243641,22,1.04999369652,13,CONVERGED_FEASIBLE,0.9173828125,1257.17504848,1526.09420733,0.998957375202,22,1.05000007249,13,CONVERGED_INFEASIBLE,41,9,0,0.186059076772
31,2010-11-26 18:00:00,BASE,50,NaN,NaN,BASE_PREREGISTERED,RAY_CERTIFIED_BOUNDARY,NO_RE_ENTRY_DETECTED_AT_SWEEP_RESOLUTION_DELTA,0.98642578125,BINDING_VMAX,13,0.98642578125,1148.04860933,1904.59513201,0.999093123446,22,1.04999560513,13,CONVERGED_FEASIBLE,0.9865234375,1148.1483289,1904.76574335,0.99909325736,22,1.05000151583,13,CONVERGED_INFEASIBLE,41,9,0,0.197616348481
31,2010-11-26 18:00:00,BASE,60,NaN,NaN,BASE_PREREGISTERED,RAY_CERTIFIED_BOUNDARY,NO_RE_ENTRY_DETECTED_AT_SWEEP_RESOLUTION_DELTA,0.953125,BINDING_VMAX,30,0.953125,897.845458984,2063.74734964,0.999046365801,22,1.04999823145,30,CONVERGED_FEASIBLE,0.95322265625,897.923027039,2063.94022847,0.999046500217,22,1.0500044317,30,CONVERGED_INFEASIBLE,41,9,0,0.207891906679
31,2010-11-26 18:00:00,BASE,70,NaN,NaN,BASE_PREREGISTERED,RAY_CERTIFIED_BOUNDARY,NO_RE_ENTRY_DETECTED_AT_SWEEP_RESOLUTION_DELTA,0.9287109375,BINDING_VMAX,30,0.9287109375,645.37875002,2171.55785703,0.998969937538,22,1.04999262078,30,CONVERGED_FEASIBLE,0.92890625,645.484869368,2171.97642861,0.998970198988,22,1.05000535278,30,CONVERGED_INFEASIBLE,41,8,0,0.431814175986
31,2010-11-26 18:00:00,BASE,80,NaN,NaN,BASE_PREREGISTERED,RAY_CERTIFIED_BOUNDARY,NO_RE_ENTRY_DETECTED_AT_SWEEP_RESOLUTION_DELTA,0.9345703125,BINDING_VMAX,30,0.9345703125,398.588461056,2280.27359658,0.998893642279,22,1.04999951729,30,CONVERGED_FEASIBLE,0.93466796875,398.615400159,2280.49293029,0.998893764704,22,1.05000583972,30,CONVERGED_INFEASIBLE,41,9,0,0.220981879833
31,2010-11-26 18:00:00,BASE,90,NaN,NaN,BASE_PREREGISTERED,RAY_CERTIFIED_BOUNDARY,NO_RE_ENTRY_DETECTED_AT_SWEEP_RESOLUTION_DELTA,0.97138671875,BINDING_VMAX,30,0.97138671875,140.78125,2396.61883545,0.998811713243,22,1.04999468593,30,CONVERGED_FEASIBLE,0.971484375,140.78125,2396.84155273,0.998811822953,22,1.05000075546,30,CONVERGED_INFEASIBLE,41,9,0,0.222717285156
31,2010-11-26 18:00:00,BASE,100,NaN,NaN,BASE_PREREGISTERED,RAY_CERTIFIED_BOUNDARY,NO_RE_ENTRY_DETECTED_AT_SWEEP_RESOLUTION_DELTA,1.0462890625,BINDING_VMAX,30,1.0462890625,-147.844294332,2531.19135985,0.998717490242,22,1.04999385032,30,CONVERGED_FEASIBLE,1.046484375,-147.898172537,2531.63002727,0.998717675847,22,1.05000507203,30,CONVERGED_INFEASIBLE,41,8,0,0.441963759665
31,2010-11-26 18:00:00,BASE,110,NaN,NaN,BASE_PREREGISTERED,RAY_CERTIFIED_BOUNDARY,NO_RE_ENTRY_DETECTED_AT_SWEEP_RESOLUTION_DELTA,1.17578125,BINDING_VMAX,30,1.17578125,-498.057225314,2701.05090417,0.985936995259,18,1.04999887811,30,CONVERGED_FEASIBLE,1.1759765625,-498.163344662,2701.46947575,0.985936942763,18,1.05000878167,30,CONVERGED_INFEASIBLE,41,8,0,0.431814175986
31,2010-11-26 18:00:00,BASE,120,NaN,NaN,BASE_PREREGISTERED,RAY_CERTIFIED_BOUNDARY,NO_RE_ENTRY_DETECTED_AT_SWEEP_RESOLUTION_DELTA,1.3974609375,BINDING_VMAX,30,1.3974609375,-969.217605591,2941.34601161,0.966023356316,18,1.04999597094,30,CONVERGED_FEASIBLE,1.39765625,-969.372741699,2941.73176926,0.96602027136,18,1.05000415506,30,CONVERGED_INFEASIBLE,41,8,0,0.415783813359
31,2010-11-26 18:00:00,BASE,130,NaN,NaN,BASE_PREREGISTERED,RAY_CERTIFIED_BOUNDARY,NO_RE_ENTRY_DETECTED_AT_SWEEP_RESOLUTION_DELTA,1.81640625,BINDING_VMAX,30,1.81640625,-1714.00272026,3354.62089946,0.932176185086,18,1.0499979432,30,CONVERGED_FEASIBLE,1.816796875,-1714.40159853,3355.30334481,0.932162733697,18,1.05000991623,30,CONVERGED_INFEASIBLE,41,7,0,0.790465393924
31,2010-11-26 18:00:00,BASE,140,NaN,NaN,BASE_PREREGISTERED,RAY_CERTIFIED_BOUNDARY,NO_RE_ENTRY_DETECTED_AT_SWEEP_RESOLUTION_DELTA,1.9177734375,BINDING_VMIN,18,1.9177734375,-2193.02132765,2992.62433932,0.90000464832,18,1.03229536366,30,CONVERGED_FEASIBLE,1.91796875,-2193.25900996,2992.91065914,0.899994188166,18,1.03229916364,30,CONVERGED_INFEASIBLE,41,8,0,0.372118153545
31,2010-11-26 18:00:00,BASE,150,NaN,NaN,BASE_PREREGISTERED,RAY_CERTIFIED_BOUNDARY,NO_RE_ENTRY_DETECTED_AT_SWEEP_RESOLUTION_DELTA,1.51396484375,BINDING_VMIN,18,1.51396484375,-1942.07487465,1907.64303589,0.900006297935,18,1.00566133675,30,CONVERGED_FEASIBLE,1.5140625,-1942.20922646,1907.75439453,0.899999940757,18,1.0056622872,30,CONVERGED_INFEASIBLE,41,9,0,0.17450259704
31,2010-11-26 18:00:00,BASE,160,NaN,NaN,BASE_PREREGISTERED,RAY_CERTIFIED_BOUNDARY,NO_RE_ENTRY_DETECTED_AT_SWEEP_RESOLUTION_DELTA,1.2740234375,BINDING_VMIN,18,1.2740234375,-1761.06797342,1175.01336597,0.900005451622,18,1,1,CONVERGED_FEASIBLE,1.27421875,-1761.35953393,1175.16571357,0.89999069244,18,1,1,CONVERGED_INFEASIBLE,41,8,0,0.328964013781
31,2010-11-26 18:00:00,BASE,170,NaN,NaN,BASE_PREREGISTERED,RAY_CERTIFIED_BOUNDARY,NO_RE_ENTRY_DETECTED_AT_SWEEP_RESOLUTION_DELTA,1.124609375,BINDING_VMIN,18,1.124609375,-1618.62450459,626.624974288,0.9000068463,18,1,1,CONVERGED_FEASIBLE,1.1248046875,-1618.93006308,626.702323189,0.899990364691,18,1,1,CONVERGED_INFEASIBLE,41,8,0,0.315196510272
31,2010-11-26 18:00:00,BASE,180,NaN,NaN,BASE_PREREGISTERED,RAY_CERTIFIED_BOUNDARY,NO_RE_ENTRY_DETECTED_AT_SWEEP_RESOLUTION_DELTA,1.03173828125,BINDING_VMIN,18,1.03173828125,-1498.23173523,181.25,0.900001814853,18,1,1,CONVERGED_FEASIBLE,1.0318359375,-1498.38687134,181.25,0.899992913229,18,1,1,CONVERGED_INFEASIBLE,41,9,0,0.155136108398
31,2010-11-26 18:00:00,BASE,190,NaN,NaN,BASE_PREREGISTERED,RAY_CERTIFIED_BOUNDARY,NO_RE_ENTRY_DETECTED_AT_SWEEP_RESOLUTION_DELTA,0.97822265625,BINDING_VMIN,18,0.97822265625,-1389.60842035,-206.151972685,0.900002141452,18,1,1,CONVERGED_FEASIBLE,0.9783203125,-1389.76119959,-206.190647136,0.899992806245,18,1,1,CONVERGED_INFEASIBLE,41,9,0,0.157598255136
31,2010-11-26 18:00:00,BASE,200,NaN,NaN,BASE_PREREGISTERED,RAY_CERTIFIED_BOUNDARY,NO_RE_ENTRY_DETECTED_AT_SWEEP_RESOLUTION_DELTA,0.9556640625,BINDING_VMIN,18,0.9556640625,-1285.82433795,-564.186785175,0.900001223194,18,1,1,CONVERGED_FEASIBLE,0.95576171875,-1285.97011821,-564.262958973,0.899991697192,18,1,1,CONVERGED_INFEASIBLE,41,9,0,0.16448200689
31,2010-11-26 18:00:00,BASE,210,NaN,NaN,BASE_PREREGISTERED,RAY_CERTIFIED_BOUNDARY,NO_RE_ENTRY_DETECTED_AT_SWEEP_RESOLUTION_DELTA,0.96064453125,BINDING_VMIN,18,0.96064453125,-1180.83751399,-914.184967041,0.900006521934,18,1,1,CONVERGED_FEASIBLE,0.9607421875,-1180.9718658,-914.296325684,0.899997052864,18,1,1,CONVERGED_INFEASIBLE,41,9,0,0.17450259704
31,2010-11-26 18:00:00,BASE,220,NaN,NaN,BASE_PREREGISTERED,RAY_CERTIFIED_BOUNDARY,NO_RE_ENTRY_DETECTED_AT_SWEEP_RESOLUTION_DELTA,0.99384765625,BINDING_VMIN,18,0.99384765625,-1068.66517187,-1275.68841793,0.900005893866,18,1,1,CONVERGED_FEASIBLE,0.9939453125,-1068.78401303,-1275.83157784,0.899996722517,18,1,1,CONVERGED_INFEASIBLE,41,9,0,0.186059076772
31,2010-11-26 18:00:00,BASE,230,NaN,NaN,BASE_PREREGISTERED,RAY_CERTIFIED_BOUNDARY,NO_RE_ENTRY_DETECTED_AT_SWEEP_RESOLUTION_DELTA,1.059765625,BINDING_VMIN,18,1.059765625,-941.375505121,-1670.22424736,0.900005798752,18,1,1,CONVERGED_FEASIBLE,1.05986328125,-941.475224689,-1670.3948587,0.899997146591,18,1,1,CONVERGED_INFEASIBLE,41,9,0,0.197616348481
31,2010-11-26 18:00:00,BASE,240,NaN,NaN,BASE_PREREGISTERED,RAY_CERTIFIED_BOUNDARY,NO_RE_ENTRY_DETECTED_AT_SWEEP_RESOLUTION_DELTA,1.01142578125,BINDING_VMIN,33,1.01142578125,-662.591087341,-1816.39600924,0.900005703949,33,1,1,CONVERGED_FEASIBLE,1.0115234375,-662.668655396,-1816.58888807,0.899996682134,33,1,1,CONVERGED_INFEASIBLE,41,9,0,0.20789190668
31,2010-11-26 18:00:00,BASE,250,NaN,NaN,BASE_PREREGISTERED,RAY_CERTIFIED_BOUNDARY,NO_RE_ENTRY_DETECTED_AT_SWEEP_RESOLUTION_DELTA,0.98681640625,BINDING_VMIN,33,0.98681640625,-395.386756067,-1933.58290171,0.90000384528,33,1,1,CONVERGED_FEASIBLE,0.9869140625,-395.439815741,-1933.7921875,0.899994604729,33,1,1,CONVERGED_INFEASIBLE,41,9,0,0.215907087993
31,2010-11-26 18:00:00,BASE,260,NaN,NaN,BASE_PREREGISTERED,RAY_CERTIFIED_BOUNDARY,NO_RE_ENTRY_DETECTED_AT_SWEEP_RESOLUTION_DELTA,0.991015625,BINDING_VMIN,33,0.991015625,-132.596762309,-2044.54848047,0.900009449341,33,1,1,CONVERGED_FEASIBLE,0.9912109375,-132.650640514,-2044.98714789,0.89999102306,33,1,1,CONVERGED_INFEASIBLE,41,8,0,0.441963759666
31,2010-11-26 18:00:00,BASE,270,NaN,NaN,BASE_PREREGISTERED,RAY_CERTIFIED_BOUNDARY,NO_RE_ENTRY_DETECTED_AT_SWEEP_RESOLUTION_DELTA,1.02490234375,BINDING_VMIN,33,1.02490234375,140.78125,-2156.16790771,0.900008615597,33,1,1,CONVERGED_FEASIBLE,1.025,140.78125,-2156.390625,0.899999678358,33,1,1,CONVERGED_INFEASIBLE,41,9,0,0.222717285156
31,2010-11-26 18:00:00,BASE,280,NaN,NaN,BASE_PREREGISTERED,RAY_CERTIFIED_BOUNDARY,NO_RE_ENTRY_DETECTED_AT_SWEEP_RESOLUTION_DELTA,1.09365234375,BINDING_VMIN,33,1.09365234375,442.472259051,-2275.06820879,0.900004335061,33,1,1,CONVERGED_FEASIBLE,1.09375,442.499198154,-2275.2875425,0.899995913803,33,1,1,CONVERGED_INFEASIBLE,41,9,0,0.220981879833
31,2010-11-26 18:00:00,BASE,290,NaN,NaN,BASE_PREREGISTERED,RAY_CERTIFIED_BOUNDARY,NO_RE_ENTRY_DETECTED_AT_SWEEP_RESOLUTION_DELTA,1.20888671875,BINDING_VMIN,33,1.20888671875,797.60695481,-2409.49878677,0.900004300306,33,1,1,CONVERGED_FEASIBLE,1.208984375,797.660014484,-2409.70807256,0.89999661718,33,1,1,CONVERGED_INFEASIBLE,41,9,0,0.215907087993
31,2010-11-26 18:00:00,BASE,300,NaN,NaN,BASE_PREREGISTERED,RAY_CERTIFIED_BOUNDARY,NO_RE_ENTRY_DETECTED_AT_SWEEP_RESOLUTION_DELTA,1.394140625,BINDING_VMIN,33,1.394140625,1248.14279175,-2572.2881315,0.90000686611,33,1,1,CONVERGED_FEASIBLE,1.3943359375,1248.29792786,-2572.67388915,0.899993362772,33,1,1,CONVERGED_INFEASIBLE,41,8,0,0.415783813358
31,2010-11-26 18:00:00,BASE,310,NaN,NaN,BASE_PREREGISTERED,RAY_CERTIFIED_BOUNDARY,NO_RE_ENTRY_DETECTED_AT_SWEEP_RESOLUTION_DELTA,1.6984375,BINDING_VMIN,33,1.6984375,1875.10398176,-2786.02240233,0.900008322037,33,1.01504731393,13,CONVERGED_FEASIBLE,1.6986328125,1875.3034209,-2786.36362501,0.899996987027,33,1.01504960852,13,CONVERGED_INFEASIBLE,41,8,0,0.395232696962
31,2010-11-26 18:00:00,BASE,320,NaN,NaN,BASE_PREREGISTERED,RAY_UNBOUNDED_WITHIN_GUARD,NO_RE_ENTRY_DETECTED_AT_SWEEP_RESOLUTION_DELTA,NaN,RAY_UNBOUNDED_WITHIN_GUARD,,NaN,NaN,NaN,NaN,,NaN,,,NaN,NaN,NaN,NaN,,NaN,,,41,0,0,NaN
31,2010-11-26 18:00:00,BASE,330,NaN,NaN,BASE_PREREGISTERED,RAY_CERTIFIED_BOUNDARY,NO_RE_ENTRY_DETECTED_AT_SWEEP_RESOLUTION_DELTA,1.566796875,BINDING_VMAX,13,1.566796875,2296.32170436,-1605.38806152,0.950564502033,33,1.04999374429,13,CONVERGED_FEASIBLE,1.5671875,2296.8591116,-1605.83349609,0.950554979273,33,1.05000772732,13,CONVERGED_INFEASIBLE,41,7,0,0.698010388159
31,2010-11-26 18:00:00,BASE,340,NaN,NaN,BASE_PREREGISTERED,RAY_CERTIFIED_BOUNDARY,NO_RE_ENTRY_DETECTED_AT_SWEEP_RESOLUTION_DELTA,1.2439453125,BINDING_VMAX,13,1.2439453125,1997.73015449,-789.051836252,0.97521784096,33,1.04999452685,13,CONVERGED_FEASIBLE,1.244140625,1998.021715,-789.204183848,0.975216181874,33,1.0500036782,13,CONVERGED_INFEASIBLE,41,8,0,0.328964013781
31,2010-11-26 18:00:00,BASE,350,NaN,NaN,BASE_PREREGISTERED,RAY_CERTIFIED_BOUNDARY,NO_RE_ENTRY_DETECTED_AT_SWEEP_RESOLUTION_DELTA,1.0666015625,BINDING_VMAX,13,1.0666015625,1809.43613465,-241.152350571,0.990906488639,33,1.04999240132,13,CONVERGED_FEASIBLE,1.066796875,1809.74169314,-241.229699472,0.990907573077,33,1.0500032396,13,CONVERGED_INFEASIBLE,41,8,0,0.315196510272
32,2011-11-14 19:30:00,BASE,0,NaN,NaN,BASE_PREREGISTERED,RAY_CERTIFIED_BOUNDARY,NO_RE_ENTRY_DETECTED_AT_SWEEP_RESOLUTION_DELTA,0.8060546875,BINDING_VMAX,13,0.8060546875,1978.01420593,943.984375,0.991731276152,25,1.04999418873,13,CONVERGED_FEASIBLE,0.80625,1978.32666016,943.984375,0.991732247182,25,1.0500062659,13,CONVERGED_INFEASIBLE,41,8,0,0.312454223633
32,2011-11-14 19:30:00,BASE,10,NaN,NaN,BASE_PREREGISTERED,RAY_CERTIFIED_BOUNDARY,NO_RE_ENTRY_DETECTED_AT_SWEEP_RESOLUTION_DELTA,0.7583984375,BINDING_VMAX,13,0.7583984375,1883.34323358,1247.59165592,0.992474980232,25,1.04999942953,13,CONVERGED_FEASIBLE,0.75849609375,1883.49708725,1247.63075034,0.99247559091,25,1.05000586889,13,CONVERGED_INFEASIBLE,41,9,0,0.15874295541
32,2011-11-14 19:30:00,BASE,20,NaN,NaN,BASE_PREREGISTERED,RAY_CERTIFIED_BOUNDARY,NO_RE_ENTRY_DETECTED_AT_SWEEP_RESOLUTION_DELTA,0.73818359375,BINDING_VMAX,13,0.73818359375,1798.21812844,1526.03478045,0.99314269518,25,1.04999460295,13,CONVERGED_FEASIBLE,0.73828125,1798.3649339,1526.11178143,0.993143407421,25,1.05000122771,13,CONVERGED_INFEASIBLE,41,9,0,0.165773927908
32,2011-11-14 19:30:00,BASE,30,NaN,NaN,BASE_PREREGISTERED,RAY_CERTIFIED_BOUNDARY,NO_RE_ENTRY_DETECTED_AT_SWEEP_RESOLUTION_DELTA,0.7419921875,BINDING_VMAX,13,0.7419921875,1716.49955341,1799.27529144,0.99378608955,25,1.04999323571,13,CONVERGED_FEASIBLE,0.7421875,1716.77014671,1799.50042725,0.99378766506,25,1.0500064188,13,CONVERGED_INFEASIBLE,41,8,0,0.352004064312
32,2011-11-14 19:30:00,BASE,40,NaN,NaN,BASE_PREREGISTERED,RAY_CERTIFIED_BOUNDARY,NO_RE_ENTRY_DETECTED_AT_SWEEP_RESOLUTION_DELTA,0.7705078125,BINDING_VMAX,13,0.7705078125,1632.76645178,2085.78181794,0.994448926699,25,1.04999936187,13,CONVERGED_FEASIBLE,0.77060546875,1632.88612869,2085.92653244,0.994449761776,25,1.05000570323,13,CONVERGED_INFEASIBLE,41,9,0,0.187789379086
32,2011-11-14 19:30:00,BASE,50,NaN,NaN,BASE_PREREGISTERED,RAY_CERTIFIED_BOUNDARY,NO_RE_ENTRY_DETECTED_AT_SWEEP_RESOLUTION_DELTA,0.828515625,BINDING_VMAX,13,0.828515625,1540.48613144,2407.16921405,0.995176688354,25,1.04999039683,13,CONVERGED_FEASIBLE,0.8287109375,1540.68697314,2407.51414212,0.995178393312,25,1.05000215829,13,CONVERGED_INFEASIBLE,41,8,0,0.399140022857
32,2011-11-14 19:30:00,BASE,60,NaN,NaN,BASE_PREREGISTERED,RAY_CERTIFIED_BOUNDARY,NO_RE_ENTRY_DETECTED_AT_SWEEP_RESOLUTION_DELTA,0.84736328125,BINDING_VMAX,30,0.84736328125,1366.30694962,2635.76791509,0.995340553414,25,1.0499942199,30,CONVERGED_FEASIBLE,0.8474609375,1366.38506317,2635.96288841,0.995341402607,25,1.05000038747,30,CONVERGED_INFEASIBLE,41,9,0,0.210038865537
32,2011-11-14 19:30:00,BASE,70,NaN,NaN,BASE_PREREGISTERED,RAY_CERTIFIED_BOUNDARY,NO_RE_ENTRY_DETECTED_AT_SWEEP_RESOLUTION_DELTA,0.825,BINDING_VMAX,30,0.825,1139.91608139,2731.23018563,0.994912617094,25,1.04999580932,30,CONVERGED_FEASIBLE,0.8251953125,1140.02294703,2731.65330254,0.994914268827,25,1.05000848388,30,CONVERGED_INFEASIBLE,41,8,0,0.436403690108
32,2011-11-14 19:30:00,BASE,80,NaN,NaN,BASE_PREREGISTERED,RAY_CERTIFIED_BOUNDARY,NO_RE_ENTRY_DETECTED_AT_SWEEP_RESOLUTION_DELTA,0.82919921875,BINDING_VMAX,30,0.82919921875,918.864170808,2826.57055384,0.994485540986,25,1.04999439736,30,CONVERGED_FEASIBLE,0.829296875,918.891299361,2826.79226933,0.99448631491,25,1.05000069814,30,CONVERGED_INFEASIBLE,41,9,0,0.223369009639
32,2011-11-14 19:30:00,BASE,90,NaN,NaN,BASE_PREREGISTERED,RAY_CERTIFIED_BOUNDARY,NO_RE_ENTRY_DETECTED_AT_SWEEP_RESOLUTION_DELTA,0.8607421875,BINDING_VMAX,30,0.8607421875,688.515625,2928.3313446,0.994030532726,25,1.04999127692,30,CONVERGED_FEASIBLE,0.8609375,688.515625,2928.78161621,0.994031921977,25,1.05000339267,30,CONVERGED_INFEASIBLE,41,8,0,0.450271606445
32,2011-11-14 19:30:00,BASE,100,NaN,NaN,BASE_PREREGISTERED,RAY_CERTIFIED_BOUNDARY,NO_RE_ENTRY_DETECTED_AT_SWEEP_RESOLUTION_DELTA,0.9255859375,BINDING_VMAX,30,0.9255859375,431.391197116,3045.40373704,0.993511291032,25,1.0499969013,30,CONVERGED_FEASIBLE,0.92578125,431.336940009,3045.84716801,0.993512470194,25,1.05000812695,30,CONVERGED_INFEASIBLE,41,8,0,0.446738019278
32,2011-11-14 19:30:00,BASE,110,NaN,NaN,BASE_PREREGISTERED,RAY_CERTIFIED_BOUNDARY,NO_RE_ENTRY_DETECTED_AT_SWEEP_RESOLUTION_DELTA,1.0373046875,BINDING_VMAX,30,1.0373046875,120.952219725,3191.15826237,0.992864992115,25,1.04999560996,30,CONVERGED_FEASIBLE,1.0375,120.845354087,3191.58137928,0.992865912671,25,1.05000555524,30,CONVERGED_INFEASIBLE,41,8,0,0.436403690109
32,2011-11-14 19:30:00,BASE,120,NaN,NaN,BASE_PREREGISTERED,RAY_CERTIFIED_BOUNDARY,NO_RE_ENTRY_DETECTED_AT_SWEEP_RESOLUTION_DELTA,1.22734375,BINDING_VMAX,30,1.22734375,-293.215545654,3394.40912225,0.977901580755,18,1.04999620372,30,CONVERGED_FEASIBLE,1.2275390625,-293.371772766,3394.7990689,0.977898704411,18,1.05000448624,30,CONVERGED_INFEASIBLE,41,8,0,0.420077731075
32,2011-11-14 19:30:00,BASE,130,NaN,NaN,BASE_PREREGISTERED,RAY_CERTIFIED_BOUNDARY,NO_RE_ENTRY_DETECTED_AT_SWEEP_RESOLUTION_DELTA,1.578125,BINDING_VMAX,30,1.578125,-934.285339647,3731.00311605,0.950302519977,18,1.04999050214,30,CONVERGED_FEASIBLE,1.578515625,-934.687023054,3731.69297218,0.950290141921,18,1.05000289939,30,CONVERGED_INFEASIBLE,41,7,0,0.798280045713
32,2011-11-14 19:30:00,BASE,140,NaN,NaN,BASE_PREREGISTERED,RAY_UNBOUNDED_WITHIN_GUARD,NO_RE_ENTRY_DETECTED_AT_SWEEP_RESOLUTION_DELTA,NaN,RAY_UNBOUNDED_WITHIN_GUARD,,NaN,NaN,NaN,NaN,,NaN,,,NaN,NaN,NaN,NaN,,NaN,,,41,0,0,NaN
32,2011-11-14 19:30:00,BASE,150,NaN,NaN,BASE_PREREGISTERED,RAY_CERTIFIED_BOUNDARY,NO_RE_ENTRY_DETECTED_AT_SWEEP_RESOLUTION_DELTA,1.697265625,BINDING_VMIN,18,1.697265625,-1662.94011016,2900.414505,0.900009998511,18,1.0158778429,30,CONVERGED_FEASIBLE,1.6974609375,-1663.21070346,2900.63964081,0.899997228289,18,1.01587963536,30,CONVERGED_INFEASIBLE,41,8,0,0.352004064312
32,2011-11-14 19:30:00,BASE,160,NaN,NaN,BASE_PREREGISTERED,RAY_CERTIFIED_BOUNDARY,NO_RE_ENTRY_DETECTED_AT_SWEEP_RESOLUTION_DELTA,1.433203125,BINDING_VMIN,18,1.433203125,-1466.00136673,2074.05075287,0.900007255062,18,1,1,CONVERGED_FEASIBLE,1.4333984375,-1466.29497766,2074.20475483,0.899992506713,18,1,1,CONVERGED_INFEASIBLE,41,8,0,0.331547855816
32,2011-11-14 19:30:00,BASE,170,NaN,NaN,BASE_PREREGISTERED,RAY_CERTIFIED_BOUNDARY,NO_RE_ENTRY_DETECTED_AT_SWEEP_RESOLUTION_DELTA,1.2681640625,BINDING_VMIN,18,1.2681640625,-1309.42814592,1451.66453854,0.900002237008,18,1,1,CONVERGED_FEASIBLE,1.26826171875,-1309.5819996,1451.70363296,0.899994032193,18,1,1,CONVERGED_INFEASIBLE,41,9,0,0.15874295541
32,2011-11-14 19:30:00,BASE,180,NaN,NaN,BASE_PREREGISTERED,RAY_CERTIFIED_BOUNDARY,NO_RE_ENTRY_DETECTED_AT_SWEEP_RESOLUTION_DELTA,1.16533203125,BINDING_VMIN,18,1.16533203125,-1175.74250031,943.984375,0.900003848249,18,1,1,CONVERGED_FEASIBLE,1.1654296875,-1175.89872742,943.984375,0.899995009327,18,1,1,CONVERGED_INFEASIBLE,41,9,0,0.156227111816
32,2011-11-14 19:30:00,BASE,190,NaN,NaN,BASE_PREREGISTERED,RAY_CERTIFIED_BOUNDARY,NO_RE_ENTRY_DETECTED_AT_SWEEP_RESOLUTION_DELTA,1.10625,BINDING_VMIN,18,1.10625,-1054.33875949,501.122763069,0.900008907802,18,1,1,CONVERGED_FEASIBLE,1.1064453125,-1054.64646684,501.044574225,0.899990405906,18,1,1,CONVERGED_INFEASIBLE,41,8,0,0.317485910819
32,2011-11-14 19:30:00,BASE,200,NaN,NaN,BASE_PREREGISTERED,RAY_CERTIFIED_BOUNDARY,NO_RE_ENTRY_DETECTED_AT_SWEEP_RESOLUTION_DELTA,1.0818359375,BINDING_VMIN,18,1.0818359375,-937.795306749,90.967522039,0.900004255317,18,1,1,CONVERGED_FEASIBLE,1.08193359375,-937.942112213,90.8905210593,0.899994828993,18,1,1,CONVERGED_INFEASIBLE,41,9,0,0.165773927908
32,2011-11-14 19:30:00,BASE,210,NaN,NaN,BASE_PREREGISTERED,RAY_CERTIFIED_BOUNDARY,NO_RE_ENTRY_DETECTED_AT_SWEEP_RESOLUTION_DELTA,1.08828125,BINDING_VMIN,18,1.08828125,-819.230215775,-310.472320557,0.900009369964,18,1,1,CONVERGED_FEASIBLE,1.0884765625,-819.50080907,-310.69745636,0.899990647119,18,1,1,CONVERGED_INFEASIBLE,41,8,0,0.352004064312
32,2011-11-14 19:30:00,BASE,220,NaN,NaN,BASE_PREREGISTERED,RAY_CERTIFIED_BOUNDARY,NO_RE_ENTRY_DETECTED_AT_SWEEP_RESOLUTION_DELTA,1.12646484375,BINDING_VMIN,18,1.12646484375,-691.957541903,-725.297437964,0.900006415447,18,1,1,CONVERGED_FEASIBLE,1.1265625,-692.077218813,-725.442152469,0.899997351204,18,1,1,CONVERGED_INFEASIBLE,41,9,0,0.187789379086
32,2011-11-14 19:30:00,BASE,230,NaN,NaN,BASE_PREREGISTERED,RAY_CERTIFIED_BOUNDARY,NO_RE_ENTRY_DETECTED_AT_SWEEP_RESOLUTION_DELTA,1.17529296875,BINDING_VMIN,33,1.17529296875,-520.049326084,-1131.62023816,0.900002110199,33,1,1,CONVERGED_FEASIBLE,1.175390625,-520.149746936,-1131.79270219,0.899993647622,33,1,1,CONVERGED_INFEASIBLE,41,9,0,0.199570011428
32,2011-11-14 19:30:00,BASE,240,NaN,NaN,BASE_PREREGISTERED,RAY_CERTIFIED_BOUNDARY,NO_RE_ENTRY_DETECTED_AT_SWEEP_RESOLUTION_DELTA,1.111328125,BINDING_VMIN,33,1.111328125,-200.416641235,-1274.81206227,0.900005073052,33,1,1,CONVERGED_FEASIBLE,1.11142578125,-200.494754791,-1275.0070356,0.899996154787,33,1,1,CONVERGED_INFEASIBLE,41,9,0,0.210038865537
32,2011-11-14 19:30:00,BASE,250,NaN,NaN,BASE_PREREGISTERED,RAY_CERTIFIED_BOUNDARY,NO_RE_ENTRY_DETECTED_AT_SWEEP_RESOLUTION_DELTA,1.08291015625,BINDING_VMIN,33,1.08291015625,95.9990931706,-1401.98730991,0.900009018806,33,1,1,CONVERGED_FEASIBLE,1.0830078125,95.9456603514,-1402.19886836,0.899999871719,33,1,1,CONVERGED_INFEASIBLE,41,9,0,0.218201845055
32,2011-11-14 19:30:00,BASE,260,NaN,NaN,BASE_PREREGISTERED,RAY_CERTIFIED_BOUNDARY,NO_RE_ENTRY_DETECTED_AT_SWEEP_RESOLUTION_DELTA,1.08623046875,BINDING_VMIN,33,1.08623046875,386.764726988,-1522.15695903,0.900005582629,33,1,1,CONVERGED_FEASIBLE,1.086328125,386.737598435,-1522.37867451,0.899996448305,33,1,1,CONVERGED_INFEASIBLE,41,9,0,0.223369009639
32,2011-11-14 19:30:00,BASE,270,NaN,NaN,BASE_PREREGISTERED,RAY_CERTIFIED_BOUNDARY,NO_RE_ENTRY_DETECTED_AT_SWEEP_RESOLUTION_DELTA,1.12177734375,BINDING_VMIN,33,1.12177734375,688.515625,-1642.15059662,0.900006771782,33,1,1,CONVERGED_FEASIBLE,1.121875,688.515625,-1642.37573242,0.899997895331,33,1,1,CONVERGED_INFEASIBLE,41,9,0,0.225135803223
32,2011-11-14 19:30:00,BASE,280,NaN,NaN,BASE_PREREGISTERED,RAY_CERTIFIED_BOUNDARY,NO_RE_ENTRY_DETECTED_AT_SWEEP_RESOLUTION_DELTA,1.1951171875,BINDING_VMIN,33,1.1951171875,1020.51485991,-1769.36972424,0.900000853536,33,1,1,CONVERGED_FEASIBLE,1.19521484375,1020.54198846,-1769.59143973,0.899992472471,33,1,1,CONVERGED_INFEASIBLE,41,9,0,0.223369009639
32,2011-11-14 19:30:00,BASE,290,NaN,NaN,BASE_PREREGISTERED,RAY_CERTIFIED_BOUNDARY,NO_RE_ENTRY_DETECTED_AT_SWEEP_RESOLUTION_DELTA,1.318359375,BINDING_VMIN,33,1.318359375,1409.85868386,-1912.05474,0.900009349627,33,1,1,CONVERGED_FEASIBLE,1.3185546875,1409.9655495,-1912.47785691,0.899994019435,33,1,1,CONVERGED_INFEASIBLE,41,8,0,0.436403690109
32,2011-11-14 19:30:00,BASE,300,NaN,NaN,BASE_PREREGISTERED,RAY_CERTIFIED_BOUNDARY,NO_RE_ENTRY_DETECTED_AT_SWEEP_RESOLUTION_DELTA,1.5166015625,BINDING_VMIN,33,1.5166015625,1901.61914825,-2083.95136058,0.900008846477,33,1.00419957915,13,CONVERGED_FEASIBLE,1.516796875,1901.77537537,-2084.34130723,0.89999533314,33,1.00419955422,13,CONVERGED_INFEASIBLE,41,8,0,0.420077731074
32,2011-11-14 19:30:00,BASE,310,NaN,NaN,BASE_PREREGISTERED,RAY_CERTIFIED_BOUNDARY,NO_RE_ENTRY_DETECTED_AT_SWEEP_RESOLUTION_DELTA,1.8412109375,BINDING_VMIN,33,1.8412109375,2581.85036432,-2307.65246558,0.900003441743,33,1.02768042243,13,CONVERGED_FEASIBLE,1.84140625,2582.05120603,-2307.99739365,0.899992051164,33,1.02768255587,13,CONVERGED_INFEASIBLE,41,8,0,0.399140022857
32,2011-11-14 19:30:00,BASE,320,NaN,NaN,BASE_PREREGISTERED,RAY_CERTIFIED_BOUNDARY,NO_RE_ENTRY_DETECTED_AT_SWEEP_RESOLUTION_DELTA,1.85390625,BINDING_VMAX,13,1.85390625,2960.46210098,-1803.27578428,0.924439737246,33,1.04999148212,13,CONVERGED_FEASIBLE,1.854296875,2960.94080863,-1803.8546423,0.924423498279,33,1.05000048734,13,CONVERGED_INFEASIBLE,41,7,0,0.751157516346
32,2011-11-14 19:30:00,BASE,330,NaN,NaN,BASE_PREREGISTERED,RAY_CERTIFIED_BOUNDARY,NO_RE_ENTRY_DETECTED_AT_SWEEP_RESOLUTION_DELTA,1.29296875,BINDING_VMAX,13,1.29296875,2479.84323913,-546.414642334,0.963731171345,33,1.04999669993,13,CONVERGED_FEASIBLE,1.2931640625,2480.11383242,-546.639778137,0.963726696413,33,1.05000387958,13,CONVERGED_INFEASIBLE,41,8,0,0.352004064312
32,2011-11-14 19:30:00,BASE,340,NaN,NaN,BASE_PREREGISTERED,RAY_CERTIFIED_BOUNDARY,NO_RE_ENTRY_DETECTED_AT_SWEEP_RESOLUTION_DELTA,1.0353515625,BINDING_VMAX,13,1.0353515625,2244.94715582,127.61998837,0.983206330652,33,1.04999801702,13,CONVERGED_FEASIBLE,1.035546875,2245.24076675,127.46598641,0.983204762789,33,1.05000724747,13,CONVERGED_INFEASIBLE,41,8,0,0.331547855817
32,2011-11-14 19:30:00,BASE,350,NaN,NaN,BASE_PREREGISTERED,RAY_CERTIFIED_BOUNDARY,NO_RE_ENTRY_DETECTED_AT_SWEEP_RESOLUTION_DELTA,0.891015625,BINDING_VMAX,13,0.891015625,2092.27651873,587.286869063,0.99083700027,25,1.04999010181,13,CONVERGED_FEASIBLE,0.8912109375,2092.58422607,587.208680219,0.990837678381,25,1.05000095925,13,CONVERGED_INFEASIBLE,41,8,0,0.317485910819
