attempt_id,logical_call_id,attempt_index,phase,timestamp,edge_id,calibration_id,d_kw,p13_abs_kw,p30_abs_kw,initialization,solver_status,primary_power_flow_status,replay_status,vmin_pu,vmin_bus,vmax_pu,vmax_bus,maximum_residual,primary_replay_voltage_difference_pu,primary_iterations,replay_iterations,runtime_ms
ATT_T012_000001_1,CALL_T012_000001,1,CONFIGURATION_CONTROL,2011-02-06 00:00:00,,,0,461.953125,628.59375,FLAT_START,CONVERGED_FEASIBLE,CONVERGED,PASSED,0.987136108395725,33,1,1,6.88338275267597e-15,1.48103751484996e-13,20,22,0.1865
ATT_T012_000002_1,CALL_T012_000002,1,CONFIGURATION_CONTROL,2011-02-06 00:00:00,,,0,2057.1875,0,FLAT_START,CONVERGED_FEASIBLE,CONVERGED,PASSED,0.98706353361905,33,1.04999591529574,13,1.68976584895088e-14,1.98951966012828e-13,23,25,0.1378
ATT_T012_000003_1,CALL_T012_000003,1,CONFIGURATION_CONTROL,2011-02-06 00:00:00,,,0,-1133.28125,0,FLAT_START,CONVERGED_FEASIBLE,CONVERGED,PASSED,0.900001350054533,18,1,1,2.03170813506404e-14,4.42312853010662e-13,25,27,0.1394
ATT_T012_000004_1,CALL_T012_000004,1,CONFIGURATION_CONTROL,2011-02-06 00:00:00,,,0,2057.5,0,FLAT_START,CONVERGED_INFEASIBLE,CONVERGED,PASSED,0.987067139272395,33,1.05000793226671,13,1.69864179457949e-14,1.98951966012828e-13,23,25,0.1361
ATT_T012_000005_1,CALL_T012_000005,1,ANCHOR_SEARCH,2011-02-06 00:00:00,E0000,CAL_008268,0,1803.35856446533,780.484725589733,FLAT_START,CONVERGED_INFEASIBLE,CONVERGED,PASSED,0.994387058430252,25,1.05000764059381,13,9.12969655016874e-15,1.15463194561016e-13,23,25,0.1692
ATT_T012_000006_1,CALL_T012_000006,1,ANCHOR_SEARCH,2011-02-06 00:00:00,E0000,CAL_008268,0.5,1802.8816975672,780.334399406147,FLAT_START,CONVERGED_FEASIBLE,CONVERGED,PASSED,0.994385047143245,25,1.04998726167459,13,9.11706231654801e-15,1.15685239165941e-13,23,25,0.1365
ATT_T012_000007_1,CALL_T012_000007,1,ANCHOR_SEARCH,2011-02-06 00:00:00,E0000,CAL_008268,1,1802.40483066908,780.184073222561,FLAT_START,CONVERGED_FEASIBLE,CONVERGED,PASSED,0.994383035762864,25,1.04996688185552,13,9.11706231654801e-15,1.15463194561016e-13,23,25,0.1347
ATT_T012_000008_1,CALL_T012_000008,1,ANCHOR_SEARCH,2011-02-06 00:00:00,E0000,CAL_008268,2,1801.45109687283,779.88342085539,FLAT_START,CONVERGED_FEASIBLE,CONVERGED,PASSED,0.994379012721942,25,1.04992611951739,13,9.08549260836545e-15,1.15463194561016e-13,23,25,0.1291
ATT_T012_000009_1,CALL_T012_000009,1,ANCHOR_SEARCH,2011-02-06 00:00:00,E0000,CAL_008268,4,1799.54362928032,779.282116121046,FLAT_START,CONVERGED_FEASIBLE,CONVERGED,PASSED,0.994370965519194,25,1.04984458403834,13,8.96364370024372e-15,1.14130926931466e-13,23,25,0.129
ATT_T012_000010_1,CALL_T012_000010,1,ANCHOR_SEARCH,2011-02-06 00:00:00,E0000,CAL_008268,3,1800.49736307657,779.582768488218,FLAT_START,CONVERGED_FEASIBLE,CONVERGED,PASSED,0.994374989307411,25,1.04988535357861,13,9.07287111521382e-15,1.14352971536391e-13,23,25,0.1319
ATT_T012_000011_1,CALL_T012_000011,1,ANCHOR_SEARCH,2011-02-06 00:00:00,E0000,CAL_008268,3.5,1800.02049617845,779.432442304632,FLAT_START,CONVERGED_FEASIBLE,CONVERGED,PASSED,0.994372977460018,25,1.04986496925871,13,8.97001472567742e-15,1.14575016141316e-13,23,25,0.1395
ATT_T012_000012_1,CALL_T012_000012,1,ANCHOR_SEARCH,2011-02-06 00:00:00,E0000,CAL_008268,3.75,1799.78206272938,779.357279212839,FLAT_START,CONVERGED_FEASIBLE,CONVERGED,PASSED,0.994371971501286,25,1.04985477676109,13,9.04763916745599e-15,1.14575016141316e-13,23,25,0.1441
ATT_T012_000013_1,CALL_T012_000013,1,EDGE_CANDIDATE_SCREEN,2011-02-06 00:00:00,E0000,CAL_008260,4,1841.94809622212,644.766051554774,FLAT_START,CONVERGED_FEASIBLE,CONVERGED,PASSED,0.99403570560459,25,1.04983521432967,13,9.85366912278418e-15,1.23012711128467e-13,23,25,0.1412
ATT_T012_000014_1,CALL_T012_000014,1,EDGE_CANDIDATE_SCREEN,2011-02-06 00:00:00,E0000,CAL_008261,4,1836.51307137355,662.007116144804,FLAT_START,CONVERGED_FEASIBLE,CONVERGED,PASSED,0.99407893507169,25,1.04983741221967,13,9.75229385727802e-15,1.21680443498917e-13,23,25,0.1283
ATT_T012_000015_1,CALL_T012_000015,1,EDGE_CANDIDATE_SCREEN,2011-02-06 00:00:00,E0000,CAL_008262,4,1831.11893581862,679.118471124988,FLAT_START,CONVERGED_FEASIBLE,CONVERGED,PASSED,0.99412176365552,25,1.04983930244412,13,9.65113090157745e-15,1.20570220474292e-13,23,25,0.1312
ATT_T012_000016_1,CALL_T012_000016,1,EDGE_CANDIDATE_SCREEN,2011-02-06 00:00:00,E0000,CAL_008263,4,1825.76441739036,696.104152081783,FLAT_START,CONVERGED_FEASIBLE,CONVERGED,PASSED,0.994164203348619,25,1.04984089260073,13,9.46577293848494e-15,1.19237952844742e-13,23,25,0.1288
ATT_T012_000017_1,CALL_T012_000017,1,EDGE_CANDIDATE_SCREEN,2011-02-06 00:00:00,E0000,CAL_008264,4,1820.44827452295,712.968097528333,FLAT_START,CONVERGED_FEASIBLE,CONVERGED,PASSED,0.994206265808667,25,1.04984218992876,13,9.37676690162347e-15,1.18349774425042e-13,23,25,0.1305
ATT_T012_000018_1,CALL_T012_000018,1,EDGE_CANDIDATE_SCREEN,2011-02-06 00:00:00,E0000,CAL_008265,4,1815.16929499266,729.714152898269,FLAT_START,CONVERGED_FEASIBLE,CONVERGED,PASSED,0.994247962372499,25,1.04984320132455,13,9.29426439314117e-15,1.17461596005342e-13,23,25,0.1595
ATT_T012_000019_1,CALL_T012_000019,1,EDGE_CANDIDATE_SCREEN,2011-02-06 00:00:00,E0000,CAL_008266,4,1809.92629470967,746.346074378509,FLAT_START,CONVERGED_FEASIBLE,CONVERGED,PASSED,0.994289304069482,25,1.04984393335605,13,9.21823632840109e-15,1.16351372980716e-13,23,25,0.1326
ATT_T012_000020_1,CALL_T012_000020,1,EDGE_CANDIDATE_SCREEN,2011-02-06 00:00:00,E0000,CAL_008267,4,1804.71811655788,762.867532589516,FLAT_START,CONVERGED_FEASIBLE,CONVERGED,PASSED,0.994330301634305,25,1.04984439227668,13,9.12337898164615e-15,1.15241149956091e-13,23,25,0.132
ATT_T012_000021_1,CALL_T012_000021,1,EDGE_CANDIDATE_SCREEN,2011-02-06 00:00:00,E0000,CAL_008269,4,1794.40172640771,795.593334930947,FLAT_START,CONVERGED_FEASIBLE,CONVERGED,PASSED,0.994411305905607,25,1.04984451430365,13,8.97203274970751e-15,1.13464793116691e-13,23,25,0.13
ATT_T012_000022_1,CALL_T012_000022,1,EDGE_CANDIDATE_SCREEN,2011-02-06 00:00:00,E0000,CAL_008270,4,1789.29132522798,811.804623614178,FLAT_START,CONVERGED_FEASIBLE,CONVERGED,PASSED,0.994451332715408,25,1.04984418845761,13,8.80464706264515e-15,1.13020703906841e-13,23,25,0.1314
ATT_T012_000023_1,CALL_T012_000023,1,EDGE_CANDIDATE_SCREEN,2011-02-06 00:00:00,E0000,CAL_008271,4,1784.21136579449,827.919344548821,FLAT_START,CONVERGED_FEASIBLE,CONVERGED,PASSED,0.994491055621581,25,1.04984361161856,13,8.72218687710995e-15,1.11910480882216e-13,23,25,0.13
ATT_T012_000024_1,CALL_T012_000024,1,EDGE_CANDIDATE_SCREEN,2011-02-06 00:00:00,E0000,CAL_008272,4,1779.16080997106,843.940790925508,FLAT_START,CONVERGED_FEASIBLE,CONVERGED,PASSED,0.994530484058482,25,1.04984278864847,13,8.57014917910686e-15,1.11022302462516e-13,23,25,0.1506
ATT_T012_000025_1,CALL_T012_000025,1,EDGE_CANDIDATE_SCREEN,2011-02-06 00:00:00,E0000,CAL_008273,4,1774.13864051182,859.872189666345,FLAT_START,CONVERGED_FEASIBLE,CONVERGED,PASSED,0.994569627231664,25,1.04984172416277,13,8.57667777348337e-15,1.0902390101819e-13,23,25,0.1684
ATT_T012_000026_1,CALL_T012_000026,1,EDGE_CANDIDATE_SCREEN,2011-02-06 00:00:00,E0000,CAL_008274,4,1769.14386017405,875.716704239089,FLAT_START,CONVERGED_FEASIBLE,CONVERGED,PASSED,0.994608494127306,25,1.04984042253956,13,8.51357039445301e-15,1.08801856413265e-13,23,25,0.1338
ATT_T012_000027_1,CALL_T012_000027,1,EDGE_CANDIDATE_SCREEN,2011-02-06 00:00:00,E0000,CAL_008275,4,1764.1754908624,891.477437372056,FLAT_START,CONVERGED_FEASIBLE,CONVERGED,PASSED,0.994647093521247,25,1.0498388879283,13,8.35963945025777e-15,1.0902390101819e-13,23,25,0.132
ATT_T012_000028_1,CALL_T012_000028,1,EDGE_CANDIDATE_SCREEN,2011-02-06 00:00:00,E0000,CAL_008276,4,1759.23257280263,907.157433674954,FLAT_START,CONVERGED_FEASIBLE,CONVERGED,PASSED,0.994685433987671,25,1.04983712425806,13,8.29604184348736e-15,1.07469588783715e-13,23,25,0.143
ATT_T012_000029_1,CALL_T012_000029,1,EDGE_CANDIDATE_SCREEN,2011-02-06 00:00:00,E0000,CAL_008277,4,1754.31416374359,922.759682170562,FLAT_START,CONVERGED_FEASIBLE,CONVERGED,PASSED,0.994723523907433,25,1.04983513524528,13,8.2261926125011e-15,1.0680345496894e-13,23,25,0.1466
ATT_T012_000030_1,CALL_T012_000030,1,EDGE_CANDIDATE_SCREEN,2011-02-06 00:00:00,E0000,CAL_008278,4,1749.41933818572,938.287118741964,FLAT_START,CONVERGED_FEASIBLE,CONVERGED,PASSED,0.994761371476074,25,1.04983292440104,13,8.15645948946023e-15,1.0635936575909e-13,23,25,0.1432
ATT_T012_000031_1,CALL_T012_000031,1,LOCAL_REENTRY_STENCIL,2011-02-06 00:00:00,E0000,CAL_008268,4.25,1799.30519583126,779.206953029253,FLAT_START,CONVERGED_FEASIBLE,CONVERGED,PASSED,0.994369959513743,25,1.04983439109044,13,8.95727351862526e-15,1.14797060746241e-13,23,25,0.1694
ATT_T012_000032_1,CALL_T012_000032,1,LOCAL_REENTRY_STENCIL,2011-02-06 00:00:00,E0000,CAL_008268,3.75,1799.78206272938,779.357279212839,FLAT_START,CONVERGED_FEASIBLE,CONVERGED,PASSED,0.994371971501286,25,1.04985477676109,13,9.04763916745599e-15,1.14575016141316e-13,23,25,0.152
ATT_T012_000033_1,CALL_T012_000033,1,ANCHOR_SEARCH,2011-02-06 00:00:00,E0001,CAL_008290,0,1697.22782694743,1121.47195291032,FLAT_START,CONVERGED_INFEASIBLE,CONVERGED,PASSED,0.995220816605169,25,1.05000654752558,13,7.54645785993677e-15,1.00364161426114e-13,23,25,0.1464
ATT_T012_000034_1,CALL_T012_000034,1,ANCHOR_SEARCH,2011-02-06 00:00:00,E0001,CAL_008290,0.5,1696.74985305724,1121.32518452033,FLAT_START,CONVERGED_FEASIBLE,CONVERGED,PASSED,0.995218825308999,25,1.04998612333734,13,7.53381438365103e-15,1.00808250635964e-13,23,25,0.1434
ATT_T012_000035_1,CALL_T012_000035,1,ANCHOR_SEARCH,2011-02-06 00:00:00,E0001,CAL_008290,1,1696.27187916706,1121.17841613034,FLAT_START,CONVERGED_FEASIBLE,CONVERGED,PASSED,0.995216833920015,25,1.04996569824187,13,7.52749427630508e-15,1.00364161426114e-13,23,25,0.1648
ATT_T012_000036_1,CALL_T012_000036,1,ANCHOR_SEARCH,2011-02-06 00:00:00,E0001,CAL_008290,2,1695.31593138668,1120.88487935037,FLAT_START,CONVERGED_FEASIBLE,CONVERGED,PASSED,0.995212850863568,25,1.04992484532885,13,7.50222478300754e-15,9.9475983006414e-14,23,25,0.1452
ATT_T012_000037_1,CALL_T012_000037,1,ANCHOR_SEARCH,2011-02-06 00:00:00,E0001,CAL_008290,4,1693.40403582594,1120.29780579041,FLAT_START,CONVERGED_FEASIBLE,CONVERGED,PASSED,0.995204883636493,25,1.0498431286115,13,7.37464390561192e-15,9.9253938401489e-14,23,25,0.1712
ATT_T012_000038_1,CALL_T012_000038,1,ANCHOR_SEARCH,2011-02-06 00:00:00,E0001,CAL_008290,3,1694.35998360631,1120.59134257039,FLAT_START,CONVERGED_FEASIBLE,CONVERGED,PASSED,0.995208867435752,25,1.04988398878567,13,7.4832842234689e-15,9.9475983006414e-14,23,25,0.1579
ATT_T012_000039_1,CALL_T012_000039,1,ANCHOR_SEARCH,2011-02-06 00:00:00,E0001,CAL_008290,3.5,1693.88200971612,1120.4445741804,FLAT_START,CONVERGED_FEASIBLE,CONVERGED,PASSED,0.995206875582558,25,1.04986355915251,13,7.39380416238204e-15,1.00142116821189e-13,23,25,0.1469
ATT_T012_000040_1,CALL_T012_000040,1,ANCHOR_SEARCH,2011-02-06 00:00:00,E0001,CAL_008290,3.75,1693.64302277103,1120.3711899854,FLAT_START,CONVERGED_FEASIBLE,CONVERGED,PASSED,0.995205879621135,25,1.04985334399549,13,7.46435365668987e-15,9.96980276113391e-14,23,25,0.1421
ATT_T012_000041_1,CALL_T012_000041,1,EDGE_CANDIDATE_SCREEN,2011-02-06 00:00:00,E0001,CAL_008280,4,1739.80420293005,969.188507815789,FLAT_START,CONVERGED_FEASIBLE,CONVERGED,PASSED,0.994836910541793,25,1.04983275685065,13,7.95961000618513e-15,1.04805053524615e-13,23,25,0.1712
ATT_T012_000042_1,CALL_T012_000042,1,EDGE_CANDIDATE_SCREEN,2011-02-06 00:00:00,E0001,CAL_008281,4,1735.08962108252,984.542270478441,FLAT_START,CONVERGED_FEASIBLE,CONVERGED,PASSED,0.994874552572853,25,1.04983478667497,13,7.90215727185476e-15,1.04360964314765e-13,23,25,0.1834
ATT_T012_000043_1,CALL_T012_000043,1,EDGE_CANDIDATE_SCREEN,2011-02-06 00:00:00,E0001,CAL_008282,4,1730.39375062509,999.83509661439,FLAT_START,CONVERGED_FEASIBLE,CONVERGED,PASSED,0.994911987884289,25,1.04983658786756,13,7.86389777976195e-15,1.04360964314765e-13,23,25,0.1477
ATT_T012_000044_1,CALL_T012_000044,1,EDGE_CANDIDATE_SCREEN,2011-02-06 00:00:00,E0001,CAL_008283,4,1725.71576931663,1015.06966397864,FLAT_START,CONVERGED_FEASIBLE,CONVERGED,PASSED,0.994949223833135,25,1.04983816374627,13,7.79384520239964e-15,1.03028696685215e-13,23,25,0.1462
ATT_T012_000045_1,CALL_T012_000045,1,EDGE_CANDIDATE_SCREEN,2011-02-06 00:00:00,E0001,CAL_008284,4,1721.05486659862,1030.24861227997,FLAT_START,CONVERGED_FEASIBLE,CONVERGED,PASSED,0.994986267637582,25,1.04983951745065,13,7.74297238725487e-15,1.02362562870439e-13,23,25,0.142
ATT_T012_000046_1,CALL_T012_000046,1,EDGE_CANDIDATE_SCREEN,2011-02-06 00:00:00,E0001,CAL_008285,4,1716.4102430048,1045.37454510354,FLAT_START,CONVERGED_FEASIBLE,CONVERGED,PASSED,0.995023126383014,25,1.04984065194717,13,7.70485980442163e-15,1.02584607475364e-13,23,25,0.1459
ATT_T012_000047_1,CALL_T012_000047,1,EDGE_CANDIDATE_SCREEN,2011-02-06 00:00:00,E0001,CAL_008286,4,1711.78110958641,1060.45003178258,FLAT_START,CONVERGED_FEASIBLE,CONVERGED,PASSED,0.995059807027847,25,1.04984157003404,13,7.6541000884692e-15,1.01030295240889e-13,23,25,0.1603
ATT_T012_000048_1,CALL_T012_000048,1,EDGE_CANDIDATE_SCREEN,2011-02-06 00:00:00,E0001,CAL_008287,4,1707.16668735222,1075.47760922218,FLAT_START,CONVERGED_FEASIBLE,CONVERGED,PASSED,0.995096316409168,25,1.04984227434588,13,7.52817225550206e-15,1.01918473660589e-13,23,25,0.1507
ATT_T012_000049_1,CALL_T012_000049,1,EDGE_CANDIDATE_SCREEN,2011-02-06 00:00:00,E0001,CAL_008288,4,1702.56620672233,1090.4597836779,FLAT_START,CONVERGED_FEASIBLE,CONVERGED,PASSED,0.995132661248198,25,1.04984276735796,13,7.55910566682889e-15,1.00364161426114e-13,23,25,0.1427
ATT_T012_000050_1,CALL_T012_000050,1,EDGE_CANDIDATE_SCREEN,2011-02-06 00:00:00,E0001,CAL_008289,4,1697.97890699505,1105.39903249208,FLAT_START,CONVERGED_FEASIBLE,CONVERGED,PASSED,0.995168848155577,25,1.04984305139031,13,7.42575774024e-15,9.99200722162641e-14,23,25,0.146
ATT_T012_000051_1,CALL_T012_000051,1,EDGE_CANDIDATE_SCREEN,2011-02-06 00:00:00,E0001,CAL_008291,4,1688.84084871824,1135.15852814135,FLAT_START,CONVERGED_FEASIBLE,CONVERGED,PASSED,0.995240774095649,25,1.04984300104217,13,7.43282512554627e-15,9.96980276113391e-14,23,25,0.1455
ATT_T012_000052_1,CALL_T012_000052,1,EDGE_CANDIDATE_SCREEN,2011-02-06 00:00:00,E0001,CAL_008292,4,1684.28860852402,1149.98360018079,FLAT_START,CONVERGED_FEASIBLE,CONVERGED,PASSED,0.995276525842088,25,1.0498426705584,13,7.29809361347279e-15,9.9475983006414e-14,23,25,0.1412
ATT_T012_000053_1,CALL_T012_000053,1,EDGE_CANDIDATE_SCREEN,2011-02-06 00:00:00,E0001,CAL_008293,4,1679.74658495521,1164.77540020443,FLAT_START,CONVERGED_FEASIBLE,CONVERGED,PASSED,0.995312145093886,25,1.04984213889478,13,7.25987391282237e-15,9.85878045867139e-14,23,25,0.1496
ATT_T012_000054_1,CALL_T012_000054,1,EDGE_CANDIDATE_SCREEN,2011-02-06 00:00:00,E0001,CAL_008294,4,1675.21405410387,1179.53628573006,FLAT_START,CONVERGED_FEASIBLE,CONVERGED,PASSED,0.995347637982701,25,1.04984140764729,13,7.22169195847104e-15,9.79216707719388e-14,23,25,0.1383
ATT_T012_000055_1,CALL_T012_000055,1,EDGE_CANDIDATE_SCREEN,2011-02-06 00:00:00,E0001,CAL_008295,4,1670.69029797102,1194.2685950321,FLAT_START,CONVERGED_FEASIBLE,CONVERGED,PASSED,0.995383010558211,25,1.04984047827599,13,7.17719485584697e-15,9.74775815620887e-14,23,25,0.1825
ATT_T012_000056_1,CALL_T012_000056,1,EDGE_CANDIDATE_SCREEN,2011-02-06 00:00:00,E0001,CAL_008296,4,1666.1746040033,1208.9746486504,FLAT_START,CONVERGED_FEASIBLE,CONVERGED,PASSED,0.995418268792436,25,1.04983935210744,13,7.13909676629654e-15,9.74775815620887e-14,23,25,0.1532
ATT_T012_000057_1,CALL_T012_000057,1,EDGE_CANDIDATE_SCREEN,2011-02-06 00:00:00,E0001,CAL_008297,4,1661.66626463689,1223.65675087561,FLAT_START,CONVERGED_FEASIBLE,CONVERGED,PASSED,0.995453418583943,25,1.04983803033702,13,7.10737865357854e-15,9.68114477473137e-14,23,25,0.1493
ATT_T012_000058_1,CALL_T012_000058,1,EDGE_CANDIDATE_SCREEN,2011-02-06 00:00:00,E0001,CAL_008298,4,1657.16457684806,1238.31719121293,FLAT_START,CONVERGED_FEASIBLE,CONVERGED,PASSED,0.995488465761958,25,1.049836514031,13,7.06935382718321e-15,9.72555369571637e-14,23,25,0.1814
ATT_T012_000059_1,CALL_T012_000059,1,LOCAL_REENTRY_STENCIL,2011-02-06 00:00:00,E0001,CAL_008290,4.25,1693.16504888084,1120.22442159542,FLAT_START,CONVERGED_FEASIBLE,CONVERGED,PASSED,0.995203887628631,25,1.04983291300051,13,7.37464390561192e-15,9.9253938401489e-14,23,25,0.1469
ATT_T012_000060_1,CALL_T012_000060,1,LOCAL_REENTRY_STENCIL,2011-02-06 00:00:00,E0001,CAL_008290,3.75,1693.64302277103,1120.3711899854,FLAT_START,CONVERGED_FEASIBLE,CONVERGED,PASSED,0.995205879621135,25,1.04985334399549,13,7.46435365668987e-15,9.96980276113391e-14,23,25,0.1422
ATT_T012_000061_1,CALL_T012_000061,1,ANCHOR_SEARCH,2011-02-06 00:00:00,E0002,CAL_008308,0,1616.87609035889,1385.85341453222,FLAT_START,CONVERGED_INFEASIBLE,CONVERGED,PASSED,0.995854069709938,25,1.05000694033828,13,6.84208717696609e-15,9.61453139325386e-14,23,25,0.1476
ATT_T012_000062_1,CALL_T012_000062,1,ANCHOR_SEARCH,2011-02-06 00:00:00,E0002,CAL_008308,0.5,1616.39727761635,1385.70940634641,FLAT_START,CONVERGED_FEASIBLE,CONVERGED,PASSED,0.995852093075876,25,1.04998647958015,13,6.75141183551974e-15,9.61453139325386e-14,23,25,0.1519
ATT_T012_000063_1,CALL_T012_000063,1,ANCHOR_SEARCH,2011-02-06 00:00:00,E0002,CAL_008308,1,1615.91846487381,1385.56539816061,FLAT_START,CONVERGED_FEASIBLE,CONVERGED,PASSED,0.995850116349349,25,1.04996601790882,13,6.74503675694436e-15,9.57012247226885e-14,23,25,0.1509
ATT_T012_000064_1,CALL_T012_000064,1,ANCHOR_SEARCH,2011-02-06 00:00:00,E0002,CAL_008308,2,1614.96083938872,1385.27738178899,FLAT_START,CONVERGED_FEASIBLE,CONVERGED,PASSED,0.995846162618867,25,1.04992509182615,13,6.72591821766496e-15,9.57012247226885e-14,23,25,0.1839
ATT_T012_000065_1,CALL_T012_000065,1,ANCHOR_SEARCH,2011-02-06 00:00:00,E0002,CAL_008308,4,1613.04558841855,1384.70134904577,FLAT_START,CONVERGED_FEASIBLE,CONVERGED,PASSED,0.995838254047916,25,1.04984322869775,13,6.68771156020622e-15,9.45910016980633e-14,23,25,0.1806
ATT_T012_000066_1,CALL_T012_000066,1,ANCHOR_SEARCH,2011-02-06 00:00:00,E0002,CAL_008308,3,1614.00321390364,1384.98936541738,FLAT_START,CONVERGED_FEASIBLE,CONVERGED,PASSED,0.995842208518414,25,1.04988416208941,13,6.71317813696772e-15,9.57012247226885e-14,23,25,0.164
ATT_T012_000067_1,CALL_T012_000067,1,ANCHOR_SEARCH,2011-02-06 00:00:00,E0002,CAL_008308,3.5,1613.5244011611,1384.84535723158,FLAT_START,CONVERGED_FEASIBLE,CONVERGED,PASSED,0.995840231329425,25,1.0498636958505,13,6.70044257587468e-15,9.54791801177635e-14,23,25,0.1497
ATT_T012_000068_1,CALL_T012_000068,1,ANCHOR_SEARCH,2011-02-06 00:00:00,E0002,CAL_008308,3.75,1613.28499478982,1384.77335313867,FLAT_START,CONVERGED_FEASIBLE,CONVERGED,PASSED,0.995839242700236,25,1.04985346238836,13,6.68771156020622e-15,9.54791801177635e-14,23,25,0.1507
ATT_T012_000069_1,CALL_T012_000069,1,EDGE_CANDIDATE_SCREEN,2011-02-06 00:00:00,E0002,CAL_008300,4,1648.25098722493,1267.64693675404,FLAT_START,CONVERGED_FEASIBLE,CONVERGED,PASSED,0.995558719201982,25,1.04983651330965,13,7.01239344734173e-15,9.70334923522387e-14,23,25,0.1796
ATT_T012_000070_1,CALL_T012_000070,1,EDGE_CANDIDATE_SCREEN,2011-02-06 00:00:00,E0002,CAL_008301,4,1643.84374096408,1282.30058756841,FLAT_START,CONVERGED_FEASIBLE,CONVERGED,PASSED,0.995593887932354,25,1.04983802718722,13,6.97447207705623e-15,9.63673585374636e-14,23,25,0.1423
ATT_T012_000071_1,CALL_T012_000071,1,EDGE_CANDIDATE_SCREEN,2011-02-06 00:00:00,E0002,CAL_008302,4,1639.43971648714,1296.94352627511,FLAT_START,CONVERGED_FEASIBLE,CONVERGED,PASSED,0.995628980795361,25,1.04983934681006,13,6.94921477188552e-15,9.63673585374636e-14,23,25,0.1439
ATT_T012_000072_1,CALL_T012_000072,1,EDGE_CANDIDATE_SCREEN,2011-02-06 00:00:00,E0002,CAL_008303,4,1635.03824014139,1311.57799270172,FLAT_START,CONVERGED_FEASIBLE,CONVERGED,PASSED,0.995664003365309,25,1.0498404731055,13,6.82161032781359e-15,9.54791801177635e-14,23,25,0.1431
ATT_T012_000073_1,CALL_T012_000073,1,EDGE_CANDIDATE_SCREEN,2011-02-06 00:00:00,E0002,CAL_008304,4,1630.63863982934,1326.20622150486,FLAT_START,CONVERGED_FEASIBLE,CONVERGED,PASSED,0.995698961172652,25,1.04984140687961,13,6.79606831311875e-15,9.59232693276135e-14,23,25,0.1539
ATT_T012_000074_1,CALL_T012_000074,1,EDGE_CANDIDATE_SCREEN,2011-02-06 00:00:00,E0002,CAL_008305,4,1626.24024459765,1340.83044353693,FLAT_START,CONVERGED_FEASIBLE,CONVERGED,PASSED,0.99573385970755,25,1.04984214881835,13,6.77054372355543e-15,9.57012247226885e-14,23,25,0.1465
ATT_T012_000075_1,CALL_T012_000075,1,EDGE_CANDIDATE_SCREEN,2011-02-06 00:00:00,E0002,CAL_008306,4,1621.84238422756,1355.45288720795,FLAT_START,CONVERGED_FEASIBLE,CONVERGED,PASSED,0.995768704423368,25,1.04984269948841,13,6.83579666293098e-15,9.54791801177635e-14,23,25,0.1787
ATT_T012_000076_1,CALL_T012_000076,1,EDGE_CANDIDATE_SCREEN,2011-02-06 00:00:00,E0002,CAL_008307,4,1617.44438882623,1370.07577984426,FLAT_START,CONVERGED_FEASIBLE,CONVERGED,PASSED,0.995803500740127,25,1.04984305933807,13,6.71954761397229e-15,9.52571355128384e-14,23,25,0.1483
ATT_T012_000077_1,CALL_T012_000077,1,EDGE_CANDIDATE_SCREEN,2011-02-06 00:00:00,E0002,CAL_008309,4,1608.64531253881,1399.33182404358,FLAT_START,CONVERGED_FEASIBLE,CONVERGED,PASSED,0.995872969710259,25,1.04984320778052,13,6.66862361631901e-15,9.57012247226885e-14,23,25,0.1467
ATT_T012_000078_1,CALL_T012_000078,1,EDGE_CANDIDATE_SCREEN,2011-02-06 00:00:00,E0002,CAL_008310,4,1604.24288982174,1413.96943705971,FLAT_START,CONVERGED_FEASIBLE,CONVERGED,PASSED,0.995907653067451,25,1.04984299668238,13,6.74159163644774e-15,9.50350909079134e-14,23,25,0.145
ATT_T012_000079_1,CALL_T012_000079,1,EDGE_CANDIDATE_SCREEN,2011-02-06 00:00:00,E0002,CAL_008311,4,1599.8376475924,1428.61642467074,FLAT_START,CONVERGED_FEASIBLE,CONVERGED,PASSED,0.995942309439857,25,1.04984259538242,13,6.63047894113058e-15,9.52571355128384e-14,23,25,0.1456
ATT_T012_000080_1,CALL_T012_000080,1,EDGE_CANDIDATE_SCREEN,2011-02-06 00:00:00,E0002,CAL_008312,4,1595.42891145434,1443.27502917706,FLAT_START,CONVERGED_FEASIBLE,CONVERGED,PASSED,0.995976944131193,25,1.04984200374281,13,6.60507256738986e-15,9.50350909079134e-14,23,25,0.1463
ATT_T012_000081_1,CALL_T012_000081,1,EDGE_CANDIDATE_SCREEN,2011-02-06 00:00:00,E0002,CAL_008313,4,1591.01600487557,1457.94749997953,FLAT_START,CONVERGED_FEASIBLE,CONVERGED,PASSED,0.996011562431778,25,1.04984122150867,13,6.58603023129179e-15,9.52571355128384e-14,23,25,0.145
ATT_T012_000082_1,CALL_T012_000082,1,EDGE_CANDIDATE_SCREEN,2011-02-06 00:00:00,E0002,CAL_008314,4,1586.59824877171,1472.63609496547,FLAT_START,CONVERGED_FEASIBLE,CONVERGED,PASSED,0.996046169621777,25,1.04984024830773,13,6.55431698316251e-15,9.45910016980633e-14,23,25,0.1704
ATT_T012_000083_1,CALL_T012_000083,1,EDGE_CANDIDATE_SCREEN,2011-02-06 00:00:00,E0002,CAL_008315,4,1582.17496108584,1487.34308190559,FLAT_START,CONVERGED_FEASIBLE,CONVERGED,PASSED,0.996080770974415,25,1.0498390836499,13,6.54164015783247e-15,9.52571355128384e-14,23,25,0.1486
ATT_T012_000084_1,CALL_T012_000084,1,EDGE_CANDIDATE_SCREEN,2011-02-06 00:00:00,E0002,CAL_008316,4,1577.74545636444,1502.0707398639,FLAT_START,CONVERGED_FEASIBLE,CONVERGED,PASSED,0.996115371759203,25,1.04983772692664,13,6.52263408727534e-15,9.45910016980633e-14,23,25,0.1476
ATT_T012_000085_1,CALL_T012_000085,1,EDGE_CANDIDATE_SCREEN,2011-02-06 00:00:00,E0002,CAL_008317,4,1573.30904532896,1516.82136062237,FLAT_START,CONVERGED_FEASIBLE,CONVERGED,PASSED,0.996149977245139,25,1.04983617741019,13,6.50996952682977e-15,9.54791801177635e-14,23,25,0.1552
ATT_T012_000086_1,CALL_T012_000086,1,EDGE_CANDIDATE_SCREEN,2011-02-06 00:00:00,E0002,CAL_008318,4,1568.86503444223,1531.5972501223,FLAT_START,CONVERGED_FEASIBLE,CONVERGED,PASSED,0.996184592703923,25,1.04983443425262,13,6.49098198808396e-15,9.50350909079134e-14,23,25,0.1428
ATT_T012_000087_1,CALL_T012_000087,1,LOCAL_REENTRY_STENCIL,2011-02-06 00:00:00,E0002,CAL_008308,4.25,1612.80618204728,1384.62934495287,FLAT_START,CONVERGED_FEASIBLE,CONVERGED,PASSED,0.995837265372462,25,1.04983299477865,13,6.77923897476138e-15,9.45910016980633e-14,23,25,0.1409
ATT_T012_000088_1,CALL_T012_000088,1,LOCAL_REENTRY_STENCIL,2011-02-06 00:00:00,E0002,CAL_008308,3.75,1613.28499478982,1384.77335313867,FLAT_START,CONVERGED_FEASIBLE,CONVERGED,PASSED,0.995839242700236,25,1.04985346238836,13,6.68771156020622e-15,9.54791801177635e-14,23,25,0.1688
ATT_T012_000089_1,CALL_T012_000089,1,ANCHOR_SEARCH,2011-02-06 00:00:00,E0003,CAL_008328,0,1528.34801130707,1683.07806204517,FLAT_START,CONVERGED_INFEASIBLE,CONVERGED,PASSED,0.996552447052574,25,1.05000401978043,13,6.43929354282591e-15,9.88098491916389e-14,23,25,0.1541
ATT_T012_000090_1,CALL_T012_000090,1,ANCHOR_SEARCH,2011-02-06 00:00:00,E0003,CAL_008328,0.5,1527.86836195195,1682.93686538752,FLAT_START,CONVERGED_FEASIBLE,CONVERGED,PASSED,0.996550485396804,25,1.04998351636865,13,6.44672165126706e-15,9.83657599817889e-14,23,25,0.1513
ATT_T012_000091_1,CALL_T012_000091,1,ANCHOR_SEARCH,2011-02-06 00:00:00,E0003,CAL_008328,1,1527.38871259683,1682.79566872987,FLAT_START,CONVERGED_FEASIBLE,CONVERGED,PASSED,0.996548523648868,25,1.04996301203678,13,6.88338275267597e-15,9.74775815620887e-14,23,25,0.1545
ATT_T012_000092_1,CALL_T012_000092,1,ANCHOR_SEARCH,2011-02-06 00:00:00,E0003,CAL_008328,2,1526.42941388659,1682.51327541456,FLAT_START,CONVERGED_FEASIBLE,CONVERGED,PASSED,0.996544599876455,25,1.04992200061234,13,6.43929354282591e-15,9.81437153768638e-14,23,25,0.1512
ATT_T012_000093_1,CALL_T012_000093,1,ANCHOR_SEARCH,2011-02-06 00:00:00,E0003,CAL_008328,4,1524.5108164661,1681.94848878396,FLAT_START,CONVERGED_FEASIBLE,CONVERGED,PASSED,0.996536751225201,25,1.04983996671761,13,6.43929354282591e-15,9.76996261670138e-14,23,25,0.172
ATT_T012_000094_1,CALL_T012_000094,1,ANCHOR_SEARCH,2011-02-06 00:00:00,E0003,CAL_008328,3,1525.47011517634,1682.23088209926,FLAT_START,CONVERGED_FEASIBLE,CONVERGED,PASSED,0.996540675735258,25,1.04988098550624,13,6.66133814775094e-15,9.76996261670138e-14,23,25,0.1536
ATT_T012_000095_1,CALL_T012_000095,1,ANCHOR_SEARCH,2011-02-06 00:00:00,E0003,CAL_008328,3.5,1524.99046582122,1682.08968544161,FLAT_START,CONVERGED_FEASIBLE,CONVERGED,PASSED,0.996538713526342,25,1.04986047657229,13,6.66133814775094e-15,9.79216707719388e-14,23,25,0.1583
ATT_T012_000096_1,CALL_T012_000096,1,ANCHOR_SEARCH,2011-02-06 00:00:00,E0003,CAL_008328,3.75,1524.75064114366,1682.01908711279,FLAT_START,CONVERGED_FEASIBLE,CONVERGED,PASSED,0.9965377323873,25,1.04985022176005,13,6.66133814775094e-15,9.88098491916389e-14,23,25,0.1433
ATT_T012_000097_1,CALL_T012_000097,1,EDGE_CANDIDATE_SCREEN,2011-02-06 00:00:00,E0003,CAL_008320,4,1560.02053721971,1561.32088368822,FLAT_START,CONVERGED_FEASIBLE,CONVERGED,PASSED,0.996254375505363,25,1.04983409092899,13,6.43929354282591e-15,9.57012247226885e-14,23,25,0.1547
ATT_T012_000098_1,CALL_T012_000098,1,EDGE_CANDIDATE_SCREEN,2011-02-06 00:00:00,E0003,CAL_008321,4,1555.62489092055,1576.25302831403,FLAT_START,CONVERGED_FEASIBLE,CONVERGED,PASSED,0.996289506032482,25,1.04983549681323,13,6.66133814775094e-15,9.59232693276135e-14,23,25,0.148
ATT_T012_000099_1,CALL_T012_000099,1,EDGE_CANDIDATE_SCREEN,2011-02-06 00:00:00,E0003,CAL_008322,4,1551.21838647686,1591.22205838822,FLAT_START,CONVERGED_FEASIBLE,CONVERGED,PASSED,0.996324673199059,25,1.04983671305632,13,6.44672165126706e-15,9.65894031423886e-14,23,25,0.1499
ATT_T012_000100_1,CALL_T012_000100,1,EDGE_CANDIDATE_SCREEN,2011-02-06 00:00:00,E0003,CAL_008323,4,1546.80030987953,1606.23039942146,FLAT_START,CONVERGED_FEASIBLE,CONVERGED,PASSED,0.996359882426746,25,1.04983773872034,13,6.42777199916194e-15,9.59232693276135e-14,23,25,0.1334
ATT_T012_000101_1,CALL_T012_000101,1,EDGE_CANDIDATE_SCREEN,2011-02-06 00:00:00,E0003,CAL_008324,4,1542.36993982926,1621.28050168949,FLAT_START,CONVERGED_FEASIBLE,CONVERGED,PASSED,0.99639513916283,25,1.04983857274308,13,6.43929354282591e-15,9.61453139325386e-14,23,25,0.1343
ATT_T012_000102_1,CALL_T012_000102,1,EDGE_CANDIDATE_SCREEN,2011-02-06 00:00:00,E0003,CAL_008325,4,1537.92654725107,1636.37484188233,FLAT_START,CONVERGED_FEASIBLE,CONVERGED,PASSED,0.996430448883625,25,1.04983921393616,13,6.43929354282591e-15,9.68114477473137e-14,23,25,0.1333
ATT_T012_000103_1,CALL_T012_000103,1,EDGE_CANDIDATE_SCREEN,2011-02-06 00:00:00,E0003,CAL_008326,4,1533.46939479819,1651.5159247894,FLAT_START,CONVERGED_FEASIBLE,CONVERGED,PASSED,0.996465817097905,25,1.04983966098303,13,6.88338275267597e-15,9.63673585374636e-14,23,25,0.1317
ATT_T012_000104_1,CALL_T012_000104,1,EDGE_CANDIDATE_SCREEN,2011-02-06 00:00:00,E0003,CAL_008327,4,1528.99773634471,1666.7062850232,FLAT_START,CONVERGED_FEASIBLE,CONVERGED,PASSED,0.996501249350376,25,1.04983991243674,13,6.66133814775094e-15,9.72555369571637e-14,23,25,0.1275
ATT_T012_000105_1,CALL_T012_000105,1,EDGE_CANDIDATE_SCREEN,2011-02-06 00:00:00,E0003,CAL_008329,4,1520.00786990678,1697.24513566814,FLAT_START,CONVERGED_FEASIBLE,CONVERGED,PASSED,0.996572328349568,25,1.04983982211055,13,6.66133814775094e-15,9.81437153768638e-14,23,25,0.1321
ATT_T012_000106_1,CALL_T012_000106,1,EDGE_CANDIDATE_SCREEN,2011-02-06 00:00:00,E0003,CAL_008330,4,1515.48812103415,1712.59886052346,FLAT_START,CONVERGED_FEASIBLE,CONVERGED,PASSED,0.996607986397323,25,1.04983947676234,13,6.66133814775094e-15,9.85878045867139e-14,23,25,0.172
ATT_T012_000107_1,CALL_T012_000107,1,EDGE_CANDIDATE_SCREEN,2011-02-06 00:00:00,E0003,CAL_008331,4,1510.95078327784,1728.0123353534,FLAT_START,CONVERGED_FEASIBLE,CONVERGED,PASSED,0.996643731092659,25,1.04983892867859,13,7.105427357601e-15,9.83657599817889e-14,23,25,0.1514
ATT_T012_000108_1,CALL_T012_000108,1,EDGE_CANDIDATE_SCREEN,2011-02-06 00:00:00,E0003,CAL_008332,4,1506.39505855366,1743.48827127433,FLAT_START,CONVERGED_FEASIBLE,CONVERGED,PASSED,0.996679568213879,25,1.04983817572052,13,6.88338275267597e-15,9.9475983006414e-14,23,25,0.1521
ATT_T012_000109_1,CALL_T012_000109,1,EDGE_CANDIDATE_SCREEN,2011-02-06 00:00:00,E0003,CAL_008333,4,1501.82013667108,1759.02942052821,FLAT_START,CONVERGED_FEASIBLE,CONVERGED,PASSED,0.996715503597219,25,1.04983721560152,13,6.88338275267597e-15,1.00586206031039e-13,23,25,0.147
ATT_T012_000110_1,CALL_T012_000110,1,EDGE_CANDIDATE_SCREEN,2011-02-06 00:00:00,E0003,CAL_008334,4,1497.22519472336,1774.63857855437,FLAT_START,CONVERGED_FEASIBLE,CONVERGED,PASSED,0.996751543140765,25,1.04983604588344,13,6.43929354282591e-15,1.01030295240889e-13,23,25,0.1456
ATT_T012_000111_1,CALL_T012_000111,1,EDGE_CANDIDATE_SCREEN,2011-02-06 00:00:00,E0003,CAL_008335,4,1492.60939645925,1790.31858612379,FLAT_START,CONVERGED_FEASIBLE,CONVERGED,PASSED,0.996787692808437,25,1.04983466397268,13,7.105427357601e-15,1.00364161426114e-13,23,25,0.1487
ATT_T012_000112_1,CALL_T012_000112,1,EDGE_CANDIDATE_SCREEN,2011-02-06 00:00:00,E0003,CAL_008336,4,1487.97189163531,1806.07233153938,FLAT_START,CONVERGED_FEASIBLE,CONVERGED,PASSED,0.996823958634076,25,1.04983306711597,13,7.32747196252603e-15,1.00808250635964e-13,23,25,0.171
ATT_T012_000113_1,CALL_T012_000113,1,EDGE_CANDIDATE_SCREEN,2011-02-06 00:00:00,E0003,CAL_008337,4,1483.31181534762,1821.90275290621,FLAT_START,CONVERGED_FEASIBLE,CONVERGED,PASSED,0.996860346725619,25,1.04983125239597,13,7.54951656745106e-15,1.01696429055664e-13,23,25,0.1492
ATT_T012_000114_1,CALL_T012_000114,1,EDGE_CANDIDATE_SCREEN,2011-02-06 00:00:00,E0003,CAL_008338,4,1478.62828734171,1837.81284047552,FLAT_START,CONVERGED_FEASIBLE,CONVERGED,PASSED,0.996896863269377,25,1.04982921672646,13,7.32747196252603e-15,1.01696429055664e-13,23,25,0.1622
ATT_T012_000115_1,CALL_T012_000115,1,LOCAL_REENTRY_STENCIL,2011-02-06 00:00:00,E0003,CAL_008328,4.25,1524.27099178854,1681.87789045513,FLAT_START,CONVERGED_FEASIBLE,CONVERGED,PASSED,0.996535770040044,25,1.04982971144496,13,6.38360137440463e-15,9.79216707719388e-14,23,25,0.1573
ATT_T012_000116_1,CALL_T012_000116,1,LOCAL_REENTRY_STENCIL,2011-02-06 00:00:00,E0003,CAL_008328,3.75,1524.75064114366,1682.01908711279,FLAT_START,CONVERGED_FEASIBLE,CONVERGED,PASSED,0.9965377323873,25,1.04985022176005,13,6.66133814775094e-15,9.88098491916389e-14,23,25,0.1577
ATT_T012_000117_1,CALL_T012_000117,1,ANCHOR_SEARCH,2011-02-06 00:00:00,E0004,CAL_008349,0,1429.98144658524,2021.35226077581,FLAT_START,CONVERGED_INFEASIBLE,CONVERGED,PASSED,0.997331078257539,25,1.05000321047214,13,8.88178419700125e-15,1.12132525487141e-13,23,25,0.154
ATT_T012_000118_1,CALL_T012_000118,1,ANCHOR_SEARCH,2011-02-06 00:00:00,E0004,CAL_008349,0.5,1429.50085925218,2021.21429043372,FLAT_START,CONVERGED_FEASIBLE,CONVERGED,PASSED,0.997329132786437,25,1.04998265707398,13,8.88178419700125e-15,1.12132525487141e-13,23,25,0.1866
ATT_T012_000119_1,CALL_T012_000119,1,ANCHOR_SEARCH,2011-02-06 00:00:00,E0004,CAL_008349,1,1429.02027191911,2021.07632009162,FLAT_START,CONVERGED_FEASIBLE,CONVERGED,PASSED,0.997327187223421,25,1.04996210274763,13,8.88178419700125e-15,1.11688436277291e-13,23,25,0.1418
ATT_T012_000120_1,CALL_T012_000120,1,ANCHOR_SEARCH,2011-02-06 00:00:00,E0004,CAL_008349,2,1428.05909725298,2020.80037940743,FLAT_START,CONVERGED_FEASIBLE,CONVERGED,PASSED,0.997323295821604,25,1.04992099130989,13,8.65973959207622e-15,1.11910480882216e-13,23,25,0.1393
ATT_T012_000121_1,CALL_T012_000121,1,ANCHOR_SEARCH,2011-02-06 00:00:00,E0004,CAL_008349,4,1426.13674792072,2020.24849803905,FLAT_START,CONVERGED_FEASIBLE,CONVERGED,PASSED,0.997315511914567,25,1.04983875729118,13,8.65973959207622e-15,1.10800257857591e-13,23,25,0.1428
ATT_T012_000122_1,CALL_T012_000122,1,ANCHOR_SEARCH,2011-02-06 00:00:00,E0004,CAL_008349,3,1427.09792258685,2020.52443872324,FLAT_START,CONVERGED_FEASIBLE,CONVERGED,PASSED,0.997319404052011,25,1.04987987615803,13,8.65973959207622e-15,1.11244347067441e-13,23,25,0.139
ATT_T012_000123_1,CALL_T012_000123,1,ANCHOR_SEARCH,2011-02-06 00:00:00,E0004,CAL_008349,3.5,1426.61733525379,2020.38646838115,FLAT_START,CONVERGED_FEASIBLE,CONVERGED,PASSED,0.997317458029275,25,1.04985931718904,13,9.10382880192628e-15,1.11910480882216e-13,23,25,0.1385
ATT_T012_000124_1,CALL_T012_000124,1,ANCHOR_SEARCH,2011-02-06 00:00:00,E0004,CAL_008349,3.75,1426.37704158726,2020.3174832101,FLAT_START,CONVERGED_FEASIBLE,CONVERGED,PASSED,0.997316484983418,25,1.04984903735622,13,8.43769498715119e-15,1.11688436277291e-13,23,25,0.2104
ATT_T012_000125_1,CALL_T012_000125,1,EDGE_CANDIDATE_SCREEN,2011-02-06 00:00:00,E0004,CAL_008340,3.75,1469.5066842774,1870.08548666817,FLAT_START,CONVERGED_FEASIBLE,CONVERGED,PASSED,0.996971954451262,25,1.04983937383761,13,7.32747196252603e-15,1.03472785895065e-13,23,25,0.1447
ATT_T012_000126_1,CALL_T012_000126,1,EDGE_CANDIDATE_SCREEN,2011-02-06 00:00:00,E0004,CAL_008341,3.75,1464.83365206633,1886.3628985637,FLAT_START,CONVERGED_FEASIBLE,CONVERGED,PASSED,0.997009516435982,25,1.04984131682346,13,7.7715611723761e-15,1.04360964314765e-13,23,25,0.1376
ATT_T012_000127_1,CALL_T012_000127,1,EDGE_CANDIDATE_SCREEN,2011-02-06 00:00:00,E0004,CAL_008342,3.75,1460.13315893885,1902.73596412203,FLAT_START,CONVERGED_FEASIBLE,CONVERGED,PASSED,0.997047241817242,25,1.04984305059218,13,8.21565038222616e-15,1.0502709812954e-13,23,25,0.1399
ATT_T012_000128_1,CALL_T012_000128,1,EDGE_CANDIDATE_SCREEN,2011-02-06 00:00:00,E0004,CAL_008343,3.75,1455.40423976215,1919.20804515696,FLAT_START,CONVERGED_FEASIBLE,CONVERGED,PASSED,0.997085137444535,25,1.04984457196569,13,7.7715611723761e-15,1.06137321154165e-13,23,25,0.1371
ATT_T012_000129_1,CALL_T012_000129,1,EDGE_CANDIDATE_SCREEN,2011-02-06 00:00:00,E0004,CAL_008344,3.75,1450.64590898123,1935.7825746183,FLAT_START,CONVERGED_FEASIBLE,CONVERGED,PASSED,0.997123210281127,25,1.04984587757762,13,7.99360577730113e-15,1.0680345496894e-13,23,25,0.1374
ATT_T012_000130_1,CALL_T012_000130,1,EDGE_CANDIDATE_SCREEN,2011-02-06 00:00:00,E0004,CAL_008345,3.75,1445.8571597262,1952.4630597012,FLAT_START,CONVERGED_FEASIBLE,CONVERGED,PASSED,0.997161467409508,25,1.04984696386678,13,8.43769498715119e-15,1.06581410364015e-13,23,25,0.1656
ATT_T012_000131_1,CALL_T012_000131,1,EDGE_CANDIDATE_SCREEN,2011-02-06 00:00:00,E0004,CAL_008346,3.75,1441.03696288507,1969.25308507585,FLAT_START,CONVERGED_FEASIBLE,CONVERGED,PASSED,0.997199916037009,25,1.04984782707031,13,8.21565038222616e-15,1.07913677993565e-13,23,25,0.1409
ATT_T012_000132_1,CALL_T012_000132,1,EDGE_CANDIDATE_SCREEN,2011-02-06 00:00:00,E0004,CAL_008347,3.75,1436.18426614021,1986.15631624403,FLAT_START,CONVERGED_FEASIBLE,CONVERGED,PASSED,0.997238563501604,25,1.04984846321631,13,8.43769498715119e-15,1.09690034832965e-13,23,25,0.1379
ATT_T012_000133_1,CALL_T012_000133,1,EDGE_CANDIDATE_SCREEN,2011-02-06 00:00:00,E0004,CAL_008348,3.75,1431.29799296621,2003.17650302956,FLAT_START,CONVERGED_FEASIBLE,CONVERGED,PASSED,0.997277417277916,25,1.04984886811615,13,8.88178419700125e-15,1.10800257857591e-13,23,25,0.1349
ATT_T012_000134_1,CALL_T012_000134,1,EDGE_CANDIDATE_SCREEN,2011-02-06 00:00:00,E0004,CAL_008350,3.75,1421.42028389172,2037.58318629797,FLAT_START,CONVERGED_FEASIBLE,CONVERGED,PASSED,0.997355774384861,25,1.04984896628927,13,9.32587340685131e-15,1.13242748511766e-13,23,25,0.1391
ATT_T012_000135_1,CALL_T012_000135,1,EDGE_CANDIDATE_SCREEN,2011-02-06 00:00:00,E0004,CAL_008351,3.75,1416.42656430154,2054.97763747843,FLAT_START,CONVERGED_FEASIBLE,CONVERGED,PASSED,0.997395293404927,25,1.0498486500252,13,9.32587340685131e-15,1.15241149956091e-13,23,25,0.1482
ATT_T012_000136_1,CALL_T012_000136,1,EDGE_CANDIDATE_SCREEN,2011-02-06 00:00:00,E0004,CAL_008352,3.75,1411.39469859385,2072.50496171406,FLAT_START,CONVERGED_FEASIBLE,CONVERGED,PASSED,0.997435050129131,25,1.04984808342133,13,9.32587340685131e-15,1.18127729820117e-13,23,25,0.1737
ATT_T012_000137_1,CALL_T012_000137,1,EDGE_CANDIDATE_SCREEN,2011-02-06 00:00:00,E0004,CAL_008353,3.75,1406.32347267235,2090.16938802463,FLAT_START,CONVERGED_FEASIBLE,CONVERGED,PASSED,0.997475052812966,25,1.04984726107209,13,9.32587340685131e-15,1.20570220474292e-13,23,25,0.1412
ATT_T012_000138_1,CALL_T012_000138,1,EDGE_CANDIDATE_SCREEN,2011-02-06 00:00:00,E0004,CAL_008354,3.75,1401.21164128543,2107.97525395221,FLAT_START,CONVERGED_FEASIBLE,CONVERGED,PASSED,0.997515309889338,25,1.04984617729809,13,9.32587340685131e-15,1.22790666523542e-13,23,25,0.136
ATT_T012_000139_1,CALL_T012_000139,1,EDGE_CANDIDATE_SCREEN,2011-02-06 00:00:00,E0004,CAL_008355,3.75,1396.05792668801,2125.92701022197,FLAT_START,CONVERGED_FEASIBLE,CONVERGED,PASSED,0.997555829976262,25,1.04984482613458,13,9.54791801177635e-15,1.25011112572793e-13,23,25,0.1353
ATT_T012_000140_1,CALL_T012_000140,1,EDGE_CANDIDATE_SCREEN,2011-02-06 00:00:00,E0004,CAL_008356,3.75,1390.86101724431,2144.0292256098,FLAT_START,CONVERGED_FEASIBLE,CONVERGED,PASSED,0.997596621884881,25,1.04984320131919,13,9.76996261670138e-15,1.27675647831893e-13,23,25,0.1301
ATT_T012_000141_1,CALL_T012_000141,1,EDGE_CANDIDATE_SCREEN,2011-02-06 00:00:00,E0004,CAL_008357,3.75,1385.61956596742,2162.28659202853,FLAT_START,CONVERGED_FEASIBLE,CONVERGED,PASSED,0.997637694627785,25,1.04984129627902,13,9.99200722162641e-15,1.31006316905768e-13,23,25,0.1307
ATT_T012_000142_1,CALL_T012_000142,1,EDGE_CANDIDATE_SCREEN,2011-02-06 00:00:00,E0004,CAL_008358,3.75,1380.33218899303,2180.7039298451,FLAT_START,CONVERGED_FEASIBLE,CONVERGED,PASSED,0.997679057427676,25,1.04983910411683,13,1.04360964314765e-14,1.33670852164869e-13,23,25,0.1375
ATT_T012_000143_1,CALL_T012_000143,1,EDGE_CANDIDATE_SCREEN,2011-02-06 00:00:00,E0004,CAL_008359,3.75,1374.99746398262,2199.28619344221,FLAT_START,CONVERGED_FEASIBLE,CONVERGED,PASSED,0.997720719726375,25,1.04983661759659,13,1.02140518265514e-14,1.37001521238744e-13,23,25,0.1652
ATT_T012_000144_1,CALL_T012_000144,1,LOCAL_REENTRY_STENCIL,2011-02-06 00:00:00,E0004,CAL_008349,4,1426.13674792072,2020.24849803905,FLAT_START,CONVERGED_FEASIBLE,CONVERGED,PASSED,0.997315511914567,25,1.04983875729118,13,8.65973959207622e-15,1.10800257857591e-13,23,25,0.1367
ATT_T012_000145_1,CALL_T012_000145,1,LOCAL_REENTRY_STENCIL,2011-02-06 00:00:00,E0004,CAL_008349,3.5,1426.61733525379,2020.38646838115,FLAT_START,CONVERGED_FEASIBLE,CONVERGED,PASSED,0.997317458029275,25,1.04985931718904,13,9.10382880192628e-15,1.11910480882216e-13,23,25,0.1352
ATT_T012_000146_1,CALL_T012_000146,1,ANCHOR_SEARCH,2011-02-06 00:00:00,E0005,CAL_008361,0,1370.74391855454,2214.75452703533,FLAT_START,CONVERGED_FEASIBLE,CONVERGED,PASSED,0.997755933877585,25,1.04984175521743,13,1.06581410364015e-14,1.39221967287995e-13,23,25,0.1412
ATT_T012_000147_1,CALL_T012_000147,1,EDGE_CANDIDATE_SCREEN,2011-02-06 00:00:00,E0005,CAL_008362,0,1362.85568337671,2229.24371037394,FLAT_START,CONVERGED_FEASIBLE,CONVERGED,PASSED,0.997776617951388,25,1.0496916651465,13,1.06581410364015e-14,1.4166445794217e-13,23,25,0.1381
ATT_T012_000148_1,CALL_T012_000148,1,EDGE_CANDIDATE_SCREEN,2011-02-06 00:00:00,E0005,CAL_008363,0,1354.93577946334,2243.79106313891,FLAT_START,CONVERGED_FEASIBLE,CONVERGED,PASSED,0.997797336059427,25,1.04954069708946,13,1.08801856413265e-14,1.4255263636187e-13,23,25,0.1388
ATT_T012_000149_1,CALL_T012_000149,1,EDGE_CANDIDATE_SCREEN,2011-02-06 00:00:00,E0005,CAL_008364,0,1346.98280200778,2258.3991656921,FLAT_START,CONVERGED_FEASIBLE,CONVERGED,PASSED,0.997818091329994,25,1.04938882088508,13,1.13242748511766e-14,1.44995127016045e-13,23,25,0.1689
ATT_T012_000150_1,CALL_T012_000150,1,EDGE_CANDIDATE_SCREEN,2011-02-06 00:00:00,E0005,CAL_008365,0,1338.99532432676,2273.07063857852,FLAT_START,CONVERGED_FEASIBLE,CONVERGED,PASSED,0.997838886911882,25,1.04923600574092,13,1.13242748511766e-14,1.46993528460371e-13,23,25,0.1344
ATT_T012_000151_1,CALL_T012_000151,1,EDGE_CANDIDATE_SCREEN,2011-02-06 00:00:00,E0005,CAL_008366,0,1330.97189677478,2287.80814452046,FLAT_START,CONVERGED_FEASIBLE,CONVERGED,PASSED,0.997859725976241,25,1.04908222020656,13,1.11022302462516e-14,1.49436019114546e-13,23,25,0.1342
ATT_T012_000152_1,CALL_T012_000152,1,EDGE_CANDIDATE_SCREEN,2011-02-06 00:00:00,E0005,CAL_008367,0,1322.91104562507,2302.61439047286,FLAT_START,CONVERGED_FEASIBLE,CONVERGED,PASSED,0.997872558682327,22,1.04904397889048,30,1.13242748511766e-14,1.51656465163796e-13,23,25,0.1316
ATT_T012_000153_1,CALL_T012_000153,1,EDGE_CANDIDATE_SCREEN,2011-02-06 00:00:00,E0005,CAL_008368,0,1314.81127191527,2317.49212974368,FLAT_START,CONVERGED_FEASIBLE,CONVERGED,PASSED,0.997875831432309,22,1.04935963097139,30,1.17683640610267e-14,1.53654866608122e-13,23,25,0.1393
ATT_T012_000154_1,CALL_T012_000154,1,EDGE_CANDIDATE_SCREEN,2011-02-06 00:00:00,E0005,CAL_008369,0,1306.6710502557,2332.44416418274,FLAT_START,CONVERGED_FEASIBLE,CONVERGED,PASSED,0.997879112425545,22,1.04967649473714,30,1.15463194561016e-14,1.56319401867222e-13,23,25,0.1352
ATT_T012_000155_1,CALL_T012_000155,1,LOCAL_REENTRY_STENCIL,2011-02-06 00:00:00,E0005,CAL_008361,0.25,1370.52434945574,2214.63498871156,FLAT_START,CONVERGED_FEASIBLE,CONVERGED,PASSED,0.99775486956702,25,1.04983171422149,13,1.06581410364015e-14,1.39221967287995e-13,23,25,0.1594
ATT_T012_000156_1,CALL_T012_000156,1,ANCHOR_SEARCH,2011-02-06 00:00:00,E0006,CAL_008376,0,1234.79844656906,2373.9858560837,FLAT_START,CONVERGED_FEASIBLE,CONVERGED,PASSED,0.997824813102907,25,1.04999728062978,30,1.13242748511766e-14,1.55209178842597e-13,23,25,0.1418
ATT_T012_000157_1,CALL_T012_000157,1,ANCHOR_SEARCH,2011-02-06 00:00:00,E0006,CAL_008376,0.5,1234.60629419552,2373.52425293668,FLAT_START,CONVERGED_FEASIBLE,CONVERGED,PASSED,0.9978227664635,25,1.04998250655579,30,1.13242748511766e-14,1.55209178842597e-13,23,25,0.1379
ATT_T012_000158_1,CALL_T012_000158,1,ANCHOR_SEARCH,2011-02-06 00:00:00,E0006,CAL_008376,1,1234.41414182197,2373.06264978965,FLAT_START,CONVERGED_FEASIBLE,CONVERGED,PASSED,0.997820719748923,25,1.04996773199469,30,1.11022302462516e-14,1.55209178842597e-13,23,25,0.1363
ATT_T012_000159_1,CALL_T012_000159,1,ANCHOR_SEARCH,2011-02-06 00:00:00,E0006,CAL_008376,2,1234.02983707488,2372.13944349561,FLAT_START,CONVERGED_FEASIBLE,CONVERGED,PASSED,0.997816626094238,25,1.04993818141097,30,1.15463194561016e-14,1.54765089632747e-13,23,25,0.1869
ATT_T012_000160_1,CALL_T012_000160,1,ANCHOR_SEARCH,2011-02-06 00:00:00,E0006,CAL_008376,4,1233.26122758071,2370.29303090752,FLAT_START,CONVERGED_FEASIBLE,CONVERGED,PASSED,0.997808437882582,25,1.04987907439632,30,1.11022302462516e-14,1.54543045027822e-13,23,25,0.1399
ATT_T012_000161_1,CALL_T012_000161,1,ANCHOR_SEARCH,2011-02-06 00:00:00,E0006,CAL_008376,8,1231.72400859236,2366.60020573133,FLAT_START,CONVERGED_FEASIBLE,CONVERGED,PASSED,0.99779205784884,25,1.04976083696888,30,1.08801856413265e-14,1.52988732793347e-13,23,25,0.1566
ATT_T012_000162_1,CALL_T012_000162,1,ANCHOR_SEARCH,2011-02-06 00:00:00,E0006,CAL_008376,6,1232.49261808653,2368.44661831942,FLAT_START,CONVERGED_FEASIBLE,CONVERGED,PASSED,0.997800248467572,25,1.04981995958317,30,1.15463194561016e-14,1.53876911213047e-13,23,25,0.1504
ATT_T012_000163_1,CALL_T012_000163,1,ANCHOR_SEARCH,2011-02-06 00:00:00,E0006,CAL_008376,5,1232.87692283362,2369.36982461347,FLAT_START,CONVERGED_FEASIBLE,CONVERGED,PASSED,0.997804343325519,25,1.04984951796472,30,1.11022302462516e-14,1.54098955817972e-13,23,25,0.1366
ATT_T012_000164_1,CALL_T012_000164,1,ANCHOR_SEARCH,2011-02-06 00:00:00,E0006,CAL_008376,4.5,1233.06907520717,2369.83142776049,FLAT_START,CONVERGED_FEASIBLE,CONVERGED,PASSED,0.997806390641658,25,1.04986429642425,30,1.11022302462516e-14,1.54098955817972e-13,23,25,0.1361
ATT_T012_000165_1,CALL_T012_000165,1,ANCHOR_SEARCH,2011-02-06 00:00:00,E0006,CAL_008376,4.75,1232.97299902039,2369.60062618698,FLAT_START,CONVERGED_FEASIBLE,CONVERGED,PASSED,0.997805366992991,25,1.04985690725542,30,1.17683640610267e-14,1.53876911213047e-13,23,25,0.1372
ATT_T012_000166_1,CALL_T012_000166,1,EDGE_CANDIDATE_SCREEN,2011-02-06 00:00:00,E0006,CAL_008371,5,1296.56730386186,2342.8573149709,FLAT_START,CONVERGED_FEASIBLE,CONVERGED,PASSED,0.997879207421402,22,1.04984690321865,30,1.17683640610267e-14,1.57429624891847e-13,23,25,0.1377
ATT_T012_000167_1,CALL_T012_000167,1,EDGE_CANDIDATE_SCREEN,2011-02-06 00:00:00,E0006,CAL_008372,5,1283.685496024,2348.21964832487,FLAT_START,CONVERGED_FEASIBLE,CONVERGED,PASSED,0.997875465990087,22,1.04984781408621,30,1.15463194561016e-14,1.56541446472147e-13,23,25,0.1359
ATT_T012_000168_1,CALL_T012_000168,1,EDGE_CANDIDATE_SCREEN,2011-02-06 00:00:00,E0006,CAL_008373,5,1270.87810602678,2353.55100363026,FLAT_START,CONVERGED_FEASIBLE,CONVERGED,PASSED,0.997871738315291,22,1.0498485280746,30,1.15463194561016e-14,1.55653268052447e-13,23,25,0.1815
ATT_T012_000169_1,CALL_T012_000169,1,EDGE_CANDIDATE_SCREEN,2011-02-06 00:00:00,E0006,CAL_008374,5,1258.14255676365,2358.85245366386,FLAT_START,CONVERGED_FEASIBLE,CONVERGED,PASSED,0.997851619396698,25,1.04984904818375,30,1.17683640610267e-14,1.54765089632747e-13,23,25,0.1359
ATT_T012_000170_1,CALL_T012_000170,1,EDGE_CANDIDATE_SCREEN,2011-02-06 00:00:00,E0006,CAL_008375,5,1245.47632172528,2364.12505014026,FLAT_START,CONVERGED_FEASIBLE,CONVERGED,PASSED,0.99782794318057,25,1.04984937725273,30,1.15463194561016e-14,1.54321000422897e-13,23,25,0.133
ATT_T012_000171_1,CALL_T012_000171,1,EDGE_CANDIDATE_SCREEN,2011-02-06 00:00:00,E0006,CAL_008377,5,1220.34192835086,2374.58778934736,FLAT_START,CONVERGED_FEASIBLE,CONVERGED,PASSED,0.997780815916852,25,1.04984947285167,30,1.13242748511766e-14,1.53210777398272e-13,23,25,0.1683
ATT_T012_000172_1,CALL_T012_000172,1,EDGE_CANDIDATE_SCREEN,2011-02-06 00:00:00,E0006,CAL_008378,5,1207.86895085951,2379.77993815653,FLAT_START,CONVERGED_FEASIBLE,CONVERGED,PASSED,0.99775735708512,25,1.04984924429868,30,1.15463194561016e-14,1.52766688188422e-13,23,25,0.1406
ATT_T012_000173_1,CALL_T012_000173,1,EDGE_CANDIDATE_SCREEN,2011-02-06 00:00:00,E0006,CAL_008379,5,1195.45564530971,2384.94724721909,FLAT_START,CONVERGED_FEASIBLE,CONVERGED,PASSED,0.997733963003509,25,1.04984883454816,30,1.13242748511766e-14,1.52322598978571e-13,23,25,0.1329
ATT_T012_000174_1,CALL_T012_000174,1,EDGE_CANDIDATE_SCREEN,2011-02-06 00:00:00,E0006,CAL_008380,5,1183.09970713027,2390.09067586305,FLAT_START,CONVERGED_FEASIBLE,CONVERGED,PASSED,0.997710629885285,25,1.04984824570373,30,1.08801856413265e-14,1.51656465163796e-13,23,25,0.1401
ATT_T012_000175_1,CALL_T012_000175,1,LOCAL_REENTRY_STENCIL,2011-02-06 00:00:00,E0006,CAL_008376,5.25,1232.78084664685,2369.13902303996,FLAT_START,CONVERGED_FEASIBLE,CONVERGED,PASSED,0.997803319639242,25,1.04984212855216,30,1.13242748511766e-14,1.53654866608122e-13,23,25,0.1404
ATT_T012_000176_1,CALL_T012_000176,1,LOCAL_REENTRY_STENCIL,2011-02-06 00:00:00,E0006,CAL_008376,4.75,1232.97299902039,2369.60062618698,FLAT_START,CONVERGED_FEASIBLE,CONVERGED,PASSED,0.997805366992991,25,1.04985690725542,30,1.17683640610267e-14,1.53876911213047e-13,23,25,0.1375
ATT_T012_000177_1,CALL_T012_000177,1,ANCHOR_SEARCH,2011-02-06 00:00:00,E0007,CAL_008392,0,1040.74647442685,2455.88274861854,FLAT_START,CONVERGED_INFEASIBLE,CONVERGED,PASSED,0.997458720012817,25,1.05000622563258,30,1.13242748511766e-14,1.50324197534246e-13,23,25,0.1652
ATT_T012_000178_1,CALL_T012_000178,1,ANCHOR_SEARCH,2011-02-06 00:00:00,E0007,CAL_008392,0.5,1040.55100266154,2455.42254128595,FLAT_START,CONVERGED_FEASIBLE,CONVERGED,PASSED,0.997456656171312,25,1.04999143806182,30,1.11022302462516e-14,1.50546242139171e-13,23,25,0.1503
ATT_T012_000179_1,CALL_T012_000179,1,ANCHOR_SEARCH,2011-02-06 00:00:00,E0007,CAL_008392,1,1040.35553089624,2454.96233395336,FLAT_START,CONVERGED_FEASIBLE,CONVERGED,PASSED,0.997454592253519,25,1.04997665000204,30,1.04360964314765e-14,1.50324197534246e-13,23,25,0.1388
ATT_T012_000180_1,CALL_T012_000180,1,ANCHOR_SEARCH,2011-02-06 00:00:00,E0007,CAL_008392,2,1039.96458736562,2454.04191928819,FLAT_START,CONVERGED_FEASIBLE,CONVERGED,PASSED,0.997450464189048,25,1.04994707241531,30,1.04360964314765e-14,1.50102152929321e-13,23,25,0.1384
ATT_T012_000181_1,CALL_T012_000181,1,ANCHOR_SEARCH,2011-02-06 00:00:00,E0007,CAL_008392,4,1039.1827003044,2452.20108995783,FLAT_START,CONVERGED_FEASIBLE,CONVERGED,PASSED,0.997442207144396,25,1.0498879113719,30,1.06581410364015e-14,1.49436019114546e-13,23,25,0.1453
ATT_T012_000182_1,CALL_T012_000182,1,ANCHOR_SEARCH,2011-02-06 00:00:00,E0007,CAL_008392,8,1037.61892618195,2448.51943129713,FLAT_START,CONVERGED_FEASIBLE,CONVERGED,PASSED,0.997425689390942,25,1.04976956579602,30,1.04360964314765e-14,1.47881706880071e-13,23,25,0.138
ATT_T012_000183_1,CALL_T012_000183,1,ANCHOR_SEARCH,2011-02-06 00:00:00,E0007,CAL_008392,6,1038.40081324317,2450.36026062748,FLAT_START,CONVERGED_FEASIBLE,CONVERGED,PASSED,0.997433948878485,25,1.0498287424997,30,1.06581410364015e-14,1.48991929904696e-13,23,25,0.1365
ATT_T012_000184_1,CALL_T012_000184,1,ANCHOR_SEARCH,2011-02-06 00:00:00,E0007,CAL_008392,5,1038.79175677379,2451.28067529266,FLAT_START,CONVERGED_FEASIBLE,CONVERGED,PASSED,0.997438078164121,25,1.04985832791457,30,1.04360964314765e-14,1.48769885299771e-13,23,25,0.1638
ATT_T012_000185_1,CALL_T012_000185,1,ANCHOR_SEARCH,2011-02-06 00:00:00,E0007,CAL_008392,5.5,1038.59628500848,2450.82046796007,FLAT_START,CONVERGED_FEASIBLE,CONVERGED,PASSED,0.997436013559477,25,1.04984353545185,30,1.08801856413265e-14,1.48991929904696e-13,23,25,0.1403
ATT_T012_000186_1,CALL_T012_000186,1,ANCHOR_SEARCH,2011-02-06 00:00:00,E0007,CAL_008392,5.25,1038.69402089113,2451.05057162636,FLAT_START,CONVERGED_FEASIBLE,CONVERGED,PASSED,0.997437045871342,25,1.04985093174438,30,1.04360964314765e-14,1.48769885299771e-13,23,25,0.1369
ATT_T012_000187_1,CALL_T012_000187,1,EDGE_CANDIDATE_SCREEN,2011-02-06 00:00:00,E0007,CAL_008382,5.5,1158.35721851841,2399.95234954864,FLAT_START,CONVERGED_FEASIBLE,CONVERGED,PASSED,0.997662400026738,25,1.04983458103183,30,1.11022302462516e-14,1.51434420558871e-13,23,25,0.1387
ATT_T012_000188_1,CALL_T012_000188,1,EDGE_CANDIDATE_SCREEN,2011-02-06 00:00:00,E0007,CAL_008383,5.5,1146.19355051382,2405.11883319435,FLAT_START,CONVERGED_FEASIBLE,CONVERGED,PASSED,0.997639611754602,25,1.04983627895843,30,1.11022302462516e-14,1.50546242139171e-13,23,25,0.1412
ATT_T012_000189_1,CALL_T012_000189,1,EDGE_CANDIDATE_SCREEN,2011-02-06 00:00:00,E0007,CAL_008384,5.5,1134.07706089048,2410.26527795582,FLAT_START,CONVERGED_FEASIBLE,CONVERGED,PASSED,0.997616866088209,25,1.04983779406124,30,1.06581410364015e-14,1.50546242139171e-13,23,25,0.1415
ATT_T012_000190_1,CALL_T012_000190,1,EDGE_CANDIDATE_SCREEN,2011-02-06 00:00:00,E0007,CAL_008385,5.5,1122.00564072119,2415.39257959392,FLAT_START,CONVERGED_FEASIBLE,CONVERGED,PASSED,0.997594159482617,25,1.04983912824067,30,1.08801856413265e-14,1.49658063719471e-13,23,25,0.1601
ATT_T012_000191_1,CALL_T012_000191,1,EDGE_CANDIDATE_SCREEN,2011-02-06 00:00:00,E0007,CAL_008386,5.5,1109.97721041959,2420.50162140708,FLAT_START,CONVERGED_FEASIBLE,CONVERGED,PASSED,0.997571488416388,25,1.04984028327112,30,1.08801856413265e-14,1.49436019114546e-13,23,25,0.1403
ATT_T012_000192_1,CALL_T012_000192,1,EDGE_CANDIDATE_SCREEN,2011-02-06 00:00:00,E0007,CAL_008387,5.5,1097.98971823672,2425.59327486989,FLAT_START,CONVERGED_FEASIBLE,CONVERGED,PASSED,0.997548849389399,25,1.04984126080365,30,1.06581410364015e-14,1.49658063719471e-13,23,25,0.134
ATT_T012_000193_1,CALL_T012_000193,1,EDGE_CANDIDATE_SCREEN,2011-02-06 00:00:00,E0007,CAL_008388,5.5,1086.04113879662,2430.66840025505,FLAT_START,CONVERGED_FEASIBLE,CONVERGED,PASSED,0.997526238920672,25,1.04984206236852,30,1.08801856413265e-14,1.49880108324396e-13,23,25,0.1368
ATT_T012_000194_1,CALL_T012_000194,1,EDGE_CANDIDATE_SCREEN,2011-02-06 00:00:00,E0007,CAL_008389,5.5,1074.12947166883,2435.72784723977,FLAT_START,CONVERGED_FEASIBLE,CONVERGED,PASSED,0.997503653546232,25,1.04984268937744,30,1.08801856413265e-14,1.48991929904696e-13,23,25,0.135
ATT_T012_000195_1,CALL_T012_000195,1,EDGE_CANDIDATE_SCREEN,2011-02-06 00:00:00,E0007,CAL_008390,5.5,1062.25273997534,2440.7724554974,FLAT_START,CONVERGED_FEASIBLE,CONVERGED,PASSED,0.997481089816983,25,1.04984314312576,30,1.04360964314765e-14,1.49658063719471e-13,23,25,0.1347
ATT_T012_000196_1,CALL_T012_000196,1,EDGE_CANDIDATE_SCREEN,2011-02-06 00:00:00,E0007,CAL_008391,5.5,1050.40898903003,2445.80305527534,FLAT_START,CONVERGED_FEASIBLE,CONVERGED,PASSED,0.997458544296608,25,1.04984342479445,30,1.08801856413265e-14,1.48547840694846e-13,23,25,0.1406
ATT_T012_000197_1,CALL_T012_000197,1,EDGE_CANDIDATE_SCREEN,2011-02-06 00:00:00,E0007,CAL_008393,5.5,1026.81271364623,2455.82550663,FLAT_START,CONVERGED_FEASIBLE,CONVERGED,PASSED,0.997413494188574,25,1.04984347605539,30,1.06581410364015e-14,1.48991929904696e-13,23,25,0.1673
ATT_T012_000198_1,CALL_T012_000198,1,EDGE_CANDIDATE_SCREEN,2011-02-06 00:00:00,E0007,CAL_008394,5.5,1015.05637896342,2460.81897659723,FLAT_START,CONVERGED_FEASIBLE,CONVERGED,PASSED,0.997390982773434,25,1.04984324745303,30,1.06581410364015e-14,1.48325796089921e-13,23,25,0.1375
ATT_T012_000199_1,CALL_T012_000199,1,EDGE_CANDIDATE_SCREEN,2011-02-06 00:00:00,E0007,CAL_008395,5.5,1003.32540201422,2465.80167593871,FLAT_START,CONVERGED_FEASIBLE,CONVERGED,PASSED,0.997368475908085,25,1.04984285038464,30,1.11022302462516e-14,1.48769885299771e-13,23,25,0.1364
ATT_T012_000200_1,CALL_T012_000200,1,EDGE_CANDIDATE_SCREEN,2011-02-06 00:00:00,E0007,CAL_008396,5.5,991.61791965894,2470.77439601773,FLAT_START,CONVERGED_FEASIBLE,CONVERGED,PASSED,0.997345970188996,25,1.04984228548315,30,1.04360964314765e-14,1.48547840694846e-13,23,25,0.1353
ATT_T012_000201_1,CALL_T012_000201,1,EDGE_CANDIDATE_SCREEN,2011-02-06 00:00:00,E0007,CAL_008397,5.5,979.932083357391,2475.73792199655,FLAT_START,CONVERGED_FEASIBLE,CONVERGED,PASSED,0.99732346221303,25,1.04984155327563,30,1.04360964314765e-14,1.48325796089921e-13,23,25,0.1372
ATT_T012_000202_1,CALL_T012_000202,1,EDGE_CANDIDATE_SCREEN,2011-02-06 00:00:00,E0007,CAL_008398,5.5,968.26605798156,2480.6930333406,FLAT_START,CONVERGED_FEASIBLE,CONVERGED,PASSED,0.997300948575391,25,1.04984065418417,30,1.11022302462516e-14,1.48325796089921e-13,23,25,0.1365
ATT_T012_000203_1,CALL_T012_000203,1,EDGE_CANDIDATE_SCREEN,2011-02-06 00:00:00,E0007,CAL_008399,5.5,956.618020646097,2485.64050431528,FLAT_START,CONVERGED_FEASIBLE,CONVERGED,PASSED,0.99727842586758,25,1.04983958852664,30,1.08801856413265e-14,1.48547840694846e-13,23,25,0.1627
ATT_T012_000204_1,CALL_T012_000204,1,EDGE_CANDIDATE_SCREEN,2011-02-06 00:00:00,E0007,CAL_008400,5.5,944.986159554945,2490.58110447585,FLAT_START,CONVERGED_FEASIBLE,CONVERGED,PASSED,0.997255890675329,25,1.04983835651734,30,1.08801856413265e-14,1.48769885299771e-13,23,25,0.1391
ATT_T012_000205_1,CALL_T012_000205,1,LOCAL_REENTRY_STENCIL,2011-02-06 00:00:00,E0007,CAL_008392,5.75,1038.49854912583,2450.59036429377,FLAT_START,CONVERGED_FEASIBLE,CONVERGED,PASSED,0.997434981228525,25,1.04983613903696,30,1.08801856413265e-14,1.48103751484996e-13,23,25,0.1371
ATT_T012_000206_1,CALL_T012_000206,1,LOCAL_REENTRY_STENCIL,2011-02-06 00:00:00,E0007,CAL_008392,5.25,1038.69402089113,2451.05057162636,FLAT_START,CONVERGED_FEASIBLE,CONVERGED,PASSED,0.997437045871342,25,1.04985093174438,30,1.04360964314765e-14,1.48769885299771e-13,23,25,0.1371
ATT_T012_000207_1,CALL_T012_000207,1,ANCHOR_SEARCH,2011-02-06 00:00:00,E0008,CAL_008408,0,854.581366527363,2535.65416684128,FLAT_START,CONVERGED_INFEASIBLE,CONVERGED,PASSED,0.997100008998201,25,1.05000436799227,30,1.11022302462516e-14,1.51434420558871e-13,23,25,0.1423
ATT_T012_000208_1,CALL_T012_000208,1,ANCHOR_SEARCH,2011-02-06 00:00:00,E0008,CAL_008408,0.5,854.382546716119,2535.19539600235,FLAT_START,CONVERGED_FEASIBLE,CONVERGED,PASSED,0.99709792750295,25,1.04998956496205,30,1.11022302462516e-14,1.51656465163796e-13,23,25,0.1414
ATT_T012_000209_1,CALL_T012_000209,1,ANCHOR_SEARCH,2011-02-06 00:00:00,E0008,CAL_008408,1,854.183726904876,2534.73662516341,FLAT_START,CONVERGED_FEASIBLE,CONVERGED,PASSED,0.997095845930203,25,1.04997476144056,30,1.13242748511766e-14,1.51212375953946e-13,23,25,0.1591
ATT_T012_000210_1,CALL_T012_000210,1,ANCHOR_SEARCH,2011-02-06 00:00:00,E0008,CAL_008408,2,853.786087282389,2533.81908348554,FLAT_START,CONVERGED_FEASIBLE,CONVERGED,PASSED,0.997091682552202,25,1.04994515292356,30,1.11022302462516e-14,1.50990331349021e-13,23,25,0.1462
ATT_T012_000211_1,CALL_T012_000211,1,ANCHOR_SEARCH,2011-02-06 00:00:00,E0008,CAL_008408,4,852.990808037415,2531.9840001298,FLAT_START,CONVERGED_FEASIBLE,CONVERGED,PASSED,0.997083354865997,25,1.04988592999237,30,1.08801856413265e-14,1.50546242139171e-13,23,25,0.1377
ATT_T012_000212_1,CALL_T012_000212,1,ANCHOR_SEARCH,2011-02-06 00:00:00,E0008,CAL_008408,8,851.400249547466,2528.31383341832,FLAT_START,CONVERGED_FEASIBLE,CONVERGED,PASSED,0.997066695771428,25,1.04976746053172,30,1.08801856413265e-14,1.49658063719471e-13,23,25,0.1382
ATT_T012_000213_1,CALL_T012_000213,1,ANCHOR_SEARCH,2011-02-06 00:00:00,E0008,CAL_008408,6,852.195528792441,2530.14891677406,FLAT_START,CONVERGED_FEASIBLE,CONVERGED,PASSED,0.9970750259392,25,1.04982669919599,30,1.11022302462516e-14,1.50324197534246e-13,23,25,0.1415
ATT_T012_000214_1,CALL_T012_000214,1,ANCHOR_SEARCH,2011-02-06 00:00:00,E0008,CAL_008408,5,852.593168414928,2531.06645845193,FLAT_START,CONVERGED_FEASIBLE,CONVERGED,PASSED,0.997079190557696,25,1.04985631557749,30,1.13242748511766e-14,1.50324197534246e-13,23,25,0.1412
ATT_T012_000215_1,CALL_T012_000215,1,ANCHOR_SEARCH,2011-02-06 00:00:00,E0008,CAL_008408,5.5,852.394348603684,2530.607687613,FLAT_START,CONVERGED_FEASIBLE,CONVERGED,PASSED,0.997077108287226,25,1.04984150763259,30,1.11022302462516e-14,1.50546242139171e-13,23,25,0.1391
ATT_T012_000216_1,CALL_T012_000216,1,ANCHOR_SEARCH,2011-02-06 00:00:00,E0008,CAL_008408,5.25,852.493758509306,2530.83707303246,FLAT_START,CONVERGED_FEASIBLE,CONVERGED,PASSED,0.997078149432155,25,1.0498489116665,30,1.15463194561016e-14,1.49880108324396e-13,23,25,0.1592
ATT_T012_000217_1,CALL_T012_000217,1,EDGE_CANDIDATE_SCREEN,2011-02-06 00:00:00,E0008,CAL_008402,5.25,921.848617256096,2500.78041128632,FLAT_START,CONVERGED_FEASIBLE,CONVERGED,PASSED,0.997212091386935,25,1.04984551498083,30,1.08801856413265e-14,1.48769885299771e-13,23,25,0.1459
ATT_T012_000218_1,CALL_T012_000218,1,EDGE_CANDIDATE_SCREEN,2011-02-06 00:00:00,E0008,CAL_008403,5.25,910.275640448754,2505.79585008297,FLAT_START,CONVERGED_FEASIBLE,CONVERGED,PASSED,0.997189850492863,25,1.04984650269267,30,1.11022302462516e-14,1.48547840694846e-13,23,25,0.1369
ATT_T012_000219_1,CALL_T012_000219,1,EDGE_CANDIDATE_SCREEN,2011-02-06 00:00:00,E0008,CAL_008404,5.25,898.710551075721,2510.80787066278,FLAT_START,CONVERGED_FEASIBLE,CONVERGED,PASSED,0.997167581084552,25,1.04984732177234,30,1.11022302462516e-14,1.49658063719471e-13,23,25,0.1348
ATT_T012_000220_1,CALL_T012_000220,1,EDGE_CANDIDATE_SCREEN,2011-02-06 00:00:00,E0008,CAL_008405,5.25,887.15158118897,2515.81723921024,FLAT_START,CONVERGED_FEASIBLE,CONVERGED,PASSED,0.997145279733618,25,1.04984797229262,30,1.08801856413265e-14,1.49658063719471e-13,23,25,0.1346
ATT_T012_000221_1,CALL_T012_000221,1,EDGE_CANDIDATE_SCREEN,2011-02-06 00:00:00,E0008,CAL_008406,5.25,875.596966574436,2520.82472029162,FLAT_START,CONVERGED_FEASIBLE,CONVERGED,PASSED,0.997122942991933,25,1.04984845422246,30,1.11022302462516e-14,1.49880108324396e-13,23,25,0.1495
ATT_T012_000222_1,CALL_T012_000222,1,EDGE_CANDIDATE_SCREEN,2011-02-06 00:00:00,E0008,CAL_008407,5.25,864.044945673732,2525.83107732227,FLAT_START,CONVERGED_FEASIBLE,CONVERGED,PASSED,0.997100567389476,25,1.04984876742685,30,1.11022302462516e-14,1.49880108324396e-13,23,25,0.1548
ATT_T012_000223_1,CALL_T012_000223,1,EDGE_CANDIDATE_SCREEN,2011-02-06 00:00:00,E0008,CAL_008409,5.25,840.941645611641,2535.84346993229,FLAT_START,CONVERGED_FEASIBLE,CONVERGED,PASSED,0.997055685599598,25,1.04984888659748,30,1.11022302462516e-14,1.50546242139171e-13,23,25,0.1478
ATT_T012_000224_1,CALL_T012_000224,1,EDGE_CANDIDATE_SCREEN,2011-02-06 00:00:00,E0008,CAL_008410,5.25,829.386846947126,2540.85103077633,FLAT_START,CONVERGED_FEASIBLE,CONVERGED,PASSED,0.997033172342905,25,1.04984869177062,30,1.11022302462516e-14,1.50546242139171e-13,23,25,0.1387
ATT_T012_000225_1,CALL_T012_000225,1,EDGE_CANDIDATE_SCREEN,2011-02-06 00:00:00,E0008,CAL_008411,5.25,817.827600845175,2545.86051902855,FLAT_START,CONVERGED_FEASIBLE,CONVERGED,PASSED,0.997010606082369,25,1.04984832663081,30,1.13242748511766e-14,1.50546242139171e-13,23,25,0.135
ATT_T012_000226_1,CALL_T012_000226,1,EDGE_CANDIDATE_SCREEN,2011-02-06 00:00:00,E0008,CAL_008412,5.25,806.262142923248,2550.87269932824,FLAT_START,CONVERGED_FEASIBLE,CONVERGED,PASSED,0.996987983205145,25,1.0498477905162,30,1.11022302462516e-14,1.51656465163796e-13,23,25,0.1329
ATT_T012_000227_1,CALL_T012_000227,1,EDGE_CANDIDATE_SCREEN,2011-02-06 00:00:00,E0008,CAL_008413,5.25,794.688705008343,2555.88833795737,FLAT_START,CONVERGED_FEASIBLE,CONVERGED,PASSED,0.99696530006289,25,1.04984708265719,30,1.13242748511766e-14,1.51878509768721e-13,23,25,0.1332
ATT_T012_000228_1,CALL_T012_000228,1,EDGE_CANDIDATE_SCREEN,2011-02-06 00:00:00,E0008,CAL_008414,5.25,783.105514053572,2560.90820331013,FLAT_START,CONVERGED_FEASIBLE,CONVERGED,PASSED,0.996942552969339,25,1.0498462021753,30,1.11022302462516e-14,1.52322598978571e-13,23,25,0.1358
ATT_T012_000229_1,CALL_T012_000229,1,EDGE_CANDIDATE_SCREEN,2011-02-06 00:00:00,E0008,CAL_008415,5.25,771.510791048404,2565.9330663652,FLAT_START,CONVERGED_FEASIBLE,CONVERGED,PASSED,0.996919738197838,25,1.04984514808192,30,1.15463194561016e-14,1.52988732793347e-13,23,25,0.1578
ATT_T012_000230_1,CALL_T012_000230,1,EDGE_CANDIDATE_SCREEN,2011-02-06 00:00:00,E0008,CAL_008416,5.25,759.902749921155,2570.9637011614,FLAT_START,CONVERGED_FEASIBLE,CONVERGED,PASSED,0.996896851978828,25,1.04984391927683,30,1.17683640610267e-14,1.53210777398272e-13,23,25,0.1364
ATT_T012_000231_1,CALL_T012_000231,1,EDGE_CANDIDATE_SCREEN,2011-02-06 00:00:00,E0008,CAL_008417,5.25,748.279596432265,2576.00088527729,FLAT_START,CONVERGED_FEASIBLE,CONVERGED,PASSED,0.996873890497254,25,1.04984251454669,30,1.17683640610267e-14,1.52766688188422e-13,23,25,0.136
ATT_T012_000232_1,CALL_T012_000232,1,EDGE_CANDIDATE_SCREEN,2011-02-06 00:00:00,E0008,CAL_008418,5.25,736.639527056906,2581.04540031544,FLAT_START,CONVERGED_FEASIBLE,CONVERGED,PASSED,0.996850849889928,25,1.04984093256323,30,1.13242748511766e-14,1.53654866608122e-13,23,25,0.1337
ATT_T012_000233_1,CALL_T012_000233,1,EDGE_CANDIDATE_SCREEN,2011-02-06 00:00:00,E0008,CAL_008419,5.25,724.980727855434,2586.09803239193,FLAT_START,CONVERGED_FEASIBLE,CONVERGED,PASSED,0.996827726242815,25,1.04983917188137,30,1.17683640610267e-14,1.54321000422897e-13,23,25,0.127
ATT_T012_000234_1,CALL_T012_000234,1,EDGE_CANDIDATE_SCREEN,2011-02-06 00:00:00,E0008,CAL_008420,5.25,713.301373330157,2591.15957263183,FLAT_START,CONVERGED_FEASIBLE,CONVERGED,PASSED,0.996804515588254,25,1.04983723093717,30,1.17683640610267e-14,1.54765089632747e-13,23,25,0.1298
ATT_T012_000235_1,CALL_T012_000235,1,LOCAL_REENTRY_STENCIL,2011-02-06 00:00:00,E0008,CAL_008408,5.5,852.394348603684,2530.607687613,FLAT_START,CONVERGED_FEASIBLE,CONVERGED,PASSED,0.997077108287226,25,1.04984150763259,30,1.11022302462516e-14,1.50546242139171e-13,23,25,0.1321
ATT_T012_000236_1,CALL_T012_000236,1,LOCAL_REENTRY_STENCIL,2011-02-06 00:00:00,E0008,CAL_008408,5,852.593168414928,2531.06645845193,FLAT_START,CONVERGED_FEASIBLE,CONVERGED,PASSED,0.997079190557696,25,1.04985631557749,30,1.13242748511766e-14,1.50324197534246e-13,23,25,0.179
ATT_T012_000237_1,CALL_T012_000237,1,ANCHOR_SEARCH,2011-02-06 00:00:00,E0009,CAL_008432,0,573.040870679041,2659.40593199164,FLAT_START,CONVERGED_INFEASIBLE,CONVERGED,PASSED,0.996545319951299,25,1.05000202765568,30,1.26565424807268e-14,1.63868918434673e-13,23,25,0.143
ATT_T012_000238_1,CALL_T012_000238,1,ANCHOR_SEARCH,2011-02-06 00:00:00,E0009,CAL_008432,0.5,572.836946922959,2658.94940696308,FLAT_START,CONVERGED_FEASIBLE,CONVERGED,PASSED,0.9965432100557,25,1.04998719674223,30,1.24344978758018e-14,1.63646873829748e-13,23,25,0.1394
ATT_T012_000239_1,CALL_T012_000239,1,ANCHOR_SEARCH,2011-02-06 00:00:00,E0009,CAL_008432,1,572.633023166877,2658.49288193451,FLAT_START,CONVERGED_FEASIBLE,CONVERGED,PASSED,0.996541100080536,25,1.04997236533319,30,1.26565424807268e-14,1.63424829224823e-13,23,25,0.1367
ATT_T012_000240_1,CALL_T012_000240,1,ANCHOR_SEARCH,2011-02-06 00:00:00,E0009,CAL_008432,2,572.225175654714,2657.57983187738,FLAT_START,CONVERGED_FEASIBLE,CONVERGED,PASSED,0.996536879891487,25,1.04994270102819,30,1.26565424807268e-14,1.62758695410048e-13,23,25,0.1379
ATT_T012_000241_1,CALL_T012_000241,1,ANCHOR_SEARCH,2011-02-06 00:00:00,E0009,CAL_008432,4,571.409480630387,2655.75373176313,FLAT_START,CONVERGED_FEASIBLE,CONVERGED,PASSED,0.996528438558331,25,1.04988336646927,30,1.24344978758018e-14,1.62980740014973e-13,23,25,0.1361
ATT_T012_000242_1,CALL_T012_000242,1,ANCHOR_SEARCH,2011-02-06 00:00:00,E0009,CAL_008432,8,569.778090581733,2652.10153153461,FLAT_START,CONVERGED_FEASIBLE,CONVERGED,PASSED,0.996511552070377,25,1.04976467354622,30,1.24344978758018e-14,1.61870516990348e-13,23,25,0.1313
ATT_T012_000243_1,CALL_T012_000243,1,ANCHOR_SEARCH,2011-02-06 00:00:00,E0009,CAL_008432,6,570.59378560606,2653.92763164887,FLAT_START,CONVERGED_FEASIBLE,CONVERGED,PASSED,0.996519995951428,25,1.0498240239762,30,1.26565424807268e-14,1.62536650805123e-13,23,25,0.1418
ATT_T012_000244_1,CALL_T012_000244,1,ANCHOR_SEARCH,2011-02-06 00:00:00,E0009,CAL_008432,5,571.001633118223,2654.840681706,FLAT_START,CONVERGED_FEASIBLE,CONVERGED,PASSED,0.996524217414123,25,1.04985369621468,30,1.26565424807268e-14,1.62758695410048e-13,23,25,0.1381
ATT_T012_000245_1,CALL_T012_000245,1,ANCHOR_SEARCH,2011-02-06 00:00:00,E0009,CAL_008432,5.5,570.797709362142,2654.38415667743,FLAT_START,CONVERGED_FEASIBLE,CONVERGED,PASSED,0.99652210672259,25,1.04983886034345,30,1.22124532708767e-14,1.62092561595273e-13,23,25,0.1608
ATT_T012_000246_1,CALL_T012_000246,1,ANCHOR_SEARCH,2011-02-06 00:00:00,E0009,CAL_008432,5.25,570.899671240183,2654.61241919172,FLAT_START,CONVERGED_FEASIBLE,CONVERGED,PASSED,0.996523162078309,25,1.04984627834106,30,1.24344978758018e-14,1.62758695410048e-13,23,25,0.162
ATT_T012_000247_1,CALL_T012_000247,1,EDGE_CANDIDATE_SCREEN,2011-02-06 00:00:00,E0009,CAL_008422,5.25,689.837298999035,2601.48453731344,FLAT_START,CONVERGED_FEASIBLE,CONVERGED,PASSED,0.996758230608445,25,1.04983703190455,30,1.17683640610267e-14,1.55875312657372e-13,23,25,0.1342
ATT_T012_000248_1,CALL_T012_000248,1,EDGE_CANDIDATE_SCREEN,2011-02-06 00:00:00,E0009,CAL_008423,5.25,678.100726593865,2606.72711061969,FLAT_START,CONVERGED_FEASIBLE,CONVERGED,PASSED,0.996735251588007,25,1.04983877965708,30,1.22124532708767e-14,1.55875312657372e-13,23,25,0.1307
ATT_T012_000249_1,CALL_T012_000249,1,EDGE_CANDIDATE_SCREEN,2011-02-06 00:00:00,E0009,CAL_008424,5.25,666.334423038701,2611.98296444158,FLAT_START,CONVERGED_FEASIBLE,CONVERGED,PASSED,0.996712166951492,25,1.04984034936159,30,1.22124532708767e-14,1.56541446472147e-13,23,25,0.1325
ATT_T012_000250_1,CALL_T012_000250,1,EDGE_CANDIDATE_SCREEN,2011-02-06 00:00:00,E0009,CAL_008425,5.25,654.536476054304,2617.25295296921,FLAT_START,CONVERGED_FEASIBLE,CONVERGED,PASSED,0.996688972455716,25,1.04984173942854,30,1.19904086659517e-14,1.57873714101697e-13,23,25,0.1359
ATT_T012_000251_1,CALL_T012_000251,1,EDGE_CANDIDATE_SCREEN,2011-02-06 00:00:00,E0009,CAL_008426,5.25,642.704953394988,2622.53793931146,FLAT_START,CONVERGED_FEASIBLE,CONVERGED,PASSED,0.996665663783549,25,1.04984294813813,30,1.24344978758018e-14,1.58095758706622e-13,23,25,0.1344
ATT_T012_000252_1,CALL_T012_000252,1,EDGE_CANDIDATE_SCREEN,2011-02-06 00:00:00,E0009,CAL_008427,5.25,630.837901542443,2627.83879607938,FLAT_START,CONVERGED_FEASIBLE,CONVERGED,PASSED,0.996642236540475,25,1.04984397363719,30,1.19904086659517e-14,1.58539847916472e-13,23,25,0.1745
ATT_T012_000253_1,CALL_T012_000253,1,EDGE_CANDIDATE_SCREEN,2011-02-06 00:00:00,E0009,CAL_008428,5.25,618.933344370537,2633.15640598265,FLAT_START,CONVERGED_FEASIBLE,CONVERGED,PASSED,0.99661868625104,25,1.0498448139359,30,1.22124532708767e-14,1.59650070941098e-13,23,25,0.1336
ATT_T012_000254_1,CALL_T012_000254,1,EDGE_CANDIDATE_SCREEN,2011-02-06 00:00:00,E0009,CAL_008429,5.25,606.989281779084,2638.49166243986,FLAT_START,CONVERGED_FEASIBLE,CONVERGED,PASSED,0.996595008355175,25,1.04984546690417,30,1.22124532708767e-14,1.60094160150948e-13,23,25,0.1366
ATT_T012_000255_1,CALL_T012_000255,1,EDGE_CANDIDATE_SCREEN,2011-02-06 00:00:00,E0009,CAL_008430,5.25,595.003688294532,2643.84547020353,FLAT_START,CONVERGED_FEASIBLE,CONVERGED,PASSED,0.996571198204397,25,1.04984593026793,30,1.24344978758018e-14,1.60760293965723e-13,23,25,0.1357
ATT_T012_000256_1,CALL_T012_000256,1,EDGE_CANDIDATE_SCREEN,2011-02-06 00:00:00,E0009,CAL_008431,5.25,582.974511635393,2649.21874600096,FLAT_START,CONVERGED_FEASIBLE,CONVERGED,PASSED,0.996547251057867,25,1.04984620160505,30,1.24344978758018e-14,1.61870516990348e-13,23,25,0.1361
ATT_T012_000257_1,CALL_T012_000257,1,EDGE_CANDIDATE_SCREEN,2011-02-06 00:00:00,E0009,CAL_008433,5.25,558.777056755563,2660.02743244304,FLAT_START,CONVERGED_FEASIBLE,CONVERGED,PASSED,0.996498926327777,25,1.0498461577446,30,1.26565424807268e-14,1.63646873829748e-13,23,25,0.1374
ATT_T012_000258_1,CALL_T012_000258,1,EDGE_CANDIDATE_SCREEN,2011-02-06 00:00:00,E0009,CAL_008434,5.25,546.604526482218,2665.46474242398,FLAT_START,CONVERGED_FEASIBLE,CONVERGED,PASSED,0.996474538763262,25,1.04984583692257,30,1.28785870856518e-14,1.64313007644523e-13,23,25,0.1605
ATT_T012_000259_1,CALL_T012_000259,1,EDGE_CANDIDATE_SCREEN,2011-02-06 00:00:00,E0009,CAL_008435,5.25,534.379905775977,2670.92532051962,FLAT_START,CONVERGED_FEASIBLE,CONVERGED,PASSED,0.996449994232134,25,1.04984531281498,30,1.26565424807268e-14,1.64313007644523e-13,23,25,0.1404
ATT_T012_000260_1,CALL_T012_000260,1,EDGE_CANDIDATE_SCREEN,2011-02-06 00:00:00,E0009,CAL_008436,5.25,522.100985401506,2676.41015356649,FLAT_START,CONVERGED_FEASIBLE,CONVERGED,PASSED,0.996425287467404,25,1.04984458218951,30,1.31006316905768e-14,1.65867319878998e-13,23,25,0.1391
ATT_T012_000261_1,CALL_T012_000261,1,EDGE_CANDIDATE_SCREEN,2011-02-06 00:00:00,E0009,CAL_008437,5.25,509.765519835821,2681.92024461031,FLAT_START,CONVERGED_FEASIBLE,CONVERGED,PASSED,0.9964004130828,25,1.04984364163576,30,1.31006316905768e-14,1.66089364483923e-13,23,25,0.1365
ATT_T012_000262_1,CALL_T012_000262,1,EDGE_CANDIDATE_SCREEN,2011-02-06 00:00:00,E0009,CAL_008438,5.25,497.371225518717,2687.45661368755,FLAT_START,CONVERGED_FEASIBLE,CONVERGED,PASSED,0.996375365567646,25,1.04984248755907,30,1.28785870856518e-14,1.67865721323324e-13,23,25,0.1492
ATT_T012_000263_1,CALL_T012_000263,1,EDGE_CANDIDATE_SCREEN,2011-02-06 00:00:00,E0009,CAL_008439,5.25,484.915779047099,2693.02029863195,FLAT_START,CONVERGED_FEASIBLE,CONVERGED,PASSED,0.996350139281538,25,1.04984111617409,30,1.33226762955019e-14,1.68309810533174e-13,23,25,0.1357
ATT_T012_000264_1,CALL_T012_000264,1,EDGE_CANDIDATE_SCREEN,2011-02-06 00:00:00,E0009,CAL_008440,5.25,472.396815310026,2698.61235590764,FLAT_START,CONVERGED_FEASIBLE,CONVERGED,PASSED,0.996324728448787,25,1.0498395234979,30,1.37667655053519e-14,1.69642078162724e-13,23,25,0.1372
ATT_T012_000265_1,CALL_T012_000265,1,LOCAL_REENTRY_STENCIL,2011-02-06 00:00:00,E0009,CAL_008432,5.5,570.797709362142,2654.38415667743,FLAT_START,CONVERGED_FEASIBLE,CONVERGED,PASSED,0.99652210672259,25,1.04983886034345,30,1.22124532708767e-14,1.62092561595273e-13,23,25,0.1631
ATT_T012_000266_1,CALL_T012_000266,1,LOCAL_REENTRY_STENCIL,2011-02-06 00:00:00,E0009,CAL_008432,5,571.001633118223,2654.840681706,FLAT_START,CONVERGED_FEASIBLE,CONVERGED,PASSED,0.996524217414123,25,1.04985369621468,30,1.26565424807268e-14,1.62758695410048e-13,23,25,0.1371
ATT_T012_000267_1,CALL_T012_000267,1,ANCHOR_SEARCH,2011-02-06 00:00:00,E0010,CAL_008452,0,318.299497071736,2775.07679329321,FLAT_START,CONVERGED_INFEASIBLE,CONVERGED,PASSED,0.996031014512015,25,1.0500082293544,30,1.44402700128418e-14,1.86295423532101e-13,23,25,0.1437
ATT_T012_000268_1,CALL_T012_000268,1,ANCHOR_SEARCH,2011-02-06 00:00:00,E0010,CAL_008452,0.5,318.090625834881,2774.6225105548,FLAT_START,CONVERGED_FEASIBLE,CONVERGED,PASSED,0.996028876415384,25,1.04999336817496,30,1.46549439250521e-14,1.86517468137026e-13,23,25,0.1382
ATT_T012_000269_1,CALL_T012_000269,1,ANCHOR_SEARCH,2011-02-06 00:00:00,E0010,CAL_008452,1,317.881754598026,2774.1682278164,FLAT_START,CONVERGED_FEASIBLE,CONVERGED,PASSED,0.99602673823698,25,1.04997850649494,30,1.48769885299771e-14,1.85851334322251e-13,23,25,0.1497
ATT_T012_000270_1,CALL_T012_000270,1,ANCHOR_SEARCH,2011-02-06 00:00:00,E0010,CAL_008452,2,317.464012124317,2773.25966233958,FLAT_START,CONVERGED_FEASIBLE,CONVERGED,PASSED,0.996022461634829,25,1.04994878163297,30,1.46549439250521e-14,1.85629289717326e-13,23,25,0.1426
ATT_T012_000271_1,CALL_T012_000271,1,ANCHOR_SEARCH,2011-02-06 00:00:00,E0010,CAL_008452,4,316.628527176897,2771.44253138595,FLAT_START,CONVERGED_FEASIBLE,CONVERGED,PASSED,0.996013907448967,25,1.04988932590007,30,1.43811652173239e-14,1.85629289717326e-13,23,25,0.1669
ATT_T012_000272_1,CALL_T012_000272,1,ANCHOR_SEARCH,2011-02-06 00:00:00,E0010,CAL_008452,8,314.957557282058,2767.8082694787,FLAT_START,CONVERGED_FEASIBLE,CONVERGED,PASSED,0.995996795149525,25,1.04977039038866,30,1.4432899320127e-14,1.83630888273001e-13,23,25,0.1378
ATT_T012_000273_1,CALL_T012_000273,1,ANCHOR_SEARCH,2011-02-06 00:00:00,E0010,CAL_008452,6,315.793042229478,2769.62540043232,FLAT_START,CONVERGED_FEASIBLE,CONVERGED,PASSED,0.996005351954006,25,1.0498298621529,30,1.4432899320127e-14,1.84963155902551e-13,23,25,0.1371
ATT_T012_000274_1,CALL_T012_000274,1,ANCHOR_SEARCH,2011-02-06 00:00:00,E0010,CAL_008452,5,316.210784703187,2770.53396590914,FLAT_START,CONVERGED_FEASIBLE,CONVERGED,PASSED,0.99600962986515,25,1.04985959502845,30,1.48769885299771e-14,1.84519066692701e-13,23,25,0.142
ATT_T012_000275_1,CALL_T012_000275,1,ANCHOR_SEARCH,2011-02-06 00:00:00,E0010,CAL_008452,5.5,316.001913466332,2770.07968317073,FLAT_START,CONVERGED_FEASIBLE,CONVERGED,PASSED,0.996007490950497,25,1.04984472884119,30,1.4432899320127e-14,1.84741111297626e-13,23,25,0.1385
ATT_T012_000276_1,CALL_T012_000276,1,ANCHOR_SEARCH,2011-02-06 00:00:00,E0010,CAL_008452,5.25,316.10634908476,2770.30682453993,FLAT_START,CONVERGED_FEASIBLE,CONVERGED,PASSED,0.996008560418053,25,1.04985216199744,30,1.4432899320127e-14,1.84519066692701e-13,23,25,0.1371
ATT_T012_000277_1,CALL_T012_000277,1,EDGE_CANDIDATE_SCREEN,2011-02-06 00:00:00,E0010,CAL_008442,5.5,447.001263375633,2709.84847927626,FLAT_START,CONVERGED_FEASIBLE,CONVERGED,PASSED,0.996272673001614,25,1.04983271567553,30,1.35447209004269e-14,1.71196390397199e-13,23,25,0.1563
ATT_T012_000278_1,CALL_T012_000278,1,EDGE_CANDIDATE_SCREEN,2011-02-06 00:00:00,E0010,CAL_008443,5.5,434.274064195094,2715.70022227635,FLAT_START,CONVERGED_FEASIBLE,CONVERGED,PASSED,0.996247183826245,25,1.04983493871262,30,1.33226762955019e-14,1.72528658026749e-13,23,25,0.1382
ATT_T012_000279_1,CALL_T012_000279,1,EDGE_CANDIDATE_SCREEN,2011-02-06 00:00:00,E0010,CAL_008444,5.5,421.471356162726,2721.5866829224,FLAT_START,CONVERGED_FEASIBLE,CONVERGED,PASSED,0.996221484294357,25,1.04983694729616,30,1.35447209004269e-14,1.74082970261225e-13,23,25,0.1366
ATT_T012_000280_1,CALL_T012_000280,1,EDGE_CANDIDATE_SCREEN,2011-02-06 00:00:00,E0010,CAL_008445,5.5,408.590497648557,2727.50907578954,FLAT_START,CONVERGED_FEASIBLE,CONVERGED,PASSED,0.99619556786334,25,1.04983873713428,30,1.35447209004269e-14,1.7519319328585e-13,23,25,0.1367
ATT_T012_000281_1,CALL_T012_000281,1,EDGE_CANDIDATE_SCREEN,2011-02-06 00:00:00,E0010,CAL_008446,5.5,395.628790716442,2733.4686413415,FLAT_START,CONVERGED_FEASIBLE,CONVERGED,PASSED,0.996169427813691,25,1.04984030370086,30,1.3988810110277e-14,1.7696955012525e-13,23,25,0.1459
ATT_T012_000282_1,CALL_T012_000282,1,EDGE_CANDIDATE_SCREEN,2011-02-06 00:00:00,E0010,CAL_008447,5.5,382.583478667035,2739.4666470603,FLAT_START,CONVERGED_FEASIBLE,CONVERGED,PASSED,0.996143057241407,25,1.04984164222576,30,1.3988810110277e-14,1.7785772854495e-13,23,25,0.1371
ATT_T012_000283_1,CALL_T012_000283,1,EDGE_CANDIDATE_SCREEN,2011-02-06 00:00:00,E0010,CAL_008448,5.5,369.451743485235,2745.50438861986,FLAT_START,CONVERGED_FEASIBLE,CONVERGED,PASSED,0.99611644905002,25,1.04984274768458,30,1.4210854715202e-14,1.7874590696465e-13,23,25,0.1348
ATT_T012_000284_1,CALL_T012_000284,1,EDGE_CANDIDATE_SCREEN,2011-02-06 00:00:00,E0010,CAL_008449,5.5,356.230703186814,2751.583191106,FLAT_START,CONVERGED_FEASIBLE,CONVERGED,PASSED,0.996089595942277,25,1.04984361478771,30,1.3927978009197e-14,1.800781745942e-13,23,25,0.1654
ATT_T012_000285_1,CALL_T012_000285,1,EDGE_CANDIDATE_SCREEN,2011-02-06 00:00:00,E0010,CAL_008450,5.5,342.917409058683,2757.70441028528,FLAT_START,CONVERGED_FEASIBLE,CONVERGED,PASSED,0.996062490411415,25,1.04984423796878,30,1.4210854715202e-14,1.81632486828676e-13,23,25,0.15
ATT_T012_000286_1,CALL_T012_000286,1,EDGE_CANDIDATE_SCREEN,2011-02-06 00:00:00,E0010,CAL_008451,5.5,329.508842786921,2763.86943392552,FLAT_START,CONVERGED_FEASIBLE,CONVERGED,PASSED,0.99603512473203,25,1.04984461137242,30,1.4227927420238e-14,1.83408843668076e-13,23,25,0.1385
ATT_T012_000287_1,CALL_T012_000287,1,EDGE_CANDIDATE_SCREEN,2011-02-06 00:00:00,E0010,CAL_008453,5.5,302.393454484972,2776.33661397354,FLAT_START,CONVERGED_FEASIBLE,CONVERGED,PASSED,0.995979580874938,25,1.04984458390186,30,1.46549439250521e-14,1.85629289717326e-13,23,25,0.1504
ATT_T012_000288_1,CALL_T012_000288,1,EDGE_CANDIDATE_SCREEN,2011-02-06 00:00:00,E0010,CAL_008454,5.5,288.680220276657,2782.64171858838,FLAT_START,CONVERGED_FEASIBLE,CONVERGED,PASSED,0.995951386064685,25,1.04984416975075,30,1.48769885299771e-14,1.87183601951801e-13,23,25,0.1331
ATT_T012_000289_1,CALL_T012_000289,1,EDGE_CANDIDATE_SCREEN,2011-02-06 00:00:00,E0010,CAL_008455,5.5,274.858882934078,2788.99652712866,FLAT_START,CONVERGED_FEASIBLE,CONVERGED,PASSED,0.995922897819227,25,1.0498434792382,30,1.48769885299771e-14,1.88515869581352e-13,23,25,0.1333
ATT_T012_000290_1,CALL_T012_000290,1,EDGE_CANDIDATE_SCREEN,2011-02-06 00:00:00,E0010,CAL_008456,5.5,260.92602867469,2795.40260919174,FLAT_START,CONVERGED_FEASIBLE,CONVERGED,PASSED,0.995894107166602,25,1.04984250485214,30,1.4881688693938e-14,1.90958360235527e-13,23,25,0.1573
ATT_T012_000291_1,CALL_T012_000291,1,EDGE_CANDIDATE_SCREEN,2011-02-06 00:00:00,E0010,CAL_008457,5.5,246.878154151065,2801.86157555533,FLAT_START,CONVERGED_FEASIBLE,CONVERGED,PASSED,0.995865004851196,25,1.04984123870055,30,1.55431223447522e-14,1.92068583260152e-13,23,25,0.1353
ATT_T012_000292_1,CALL_T012_000292,1,EDGE_CANDIDATE_SCREEN,2011-02-06 00:00:00,E0010,CAL_008458,5.5,232.711662596888,2808.37507994951,FLAT_START,CONVERGED_FEASIBLE,CONVERGED,PASSED,0.995835581320926,25,1.04983967249295,30,1.52285057566226e-14,1.94289029309402e-13,23,25,0.1331
ATT_T012_000293_1,CALL_T012_000293,1,EDGE_CANDIDATE_SCREEN,2011-02-06 00:00:00,E0010,CAL_008459,5.5,218.422859799237,2814.9448209086,FLAT_START,CONVERGED_FEASIBLE,CONVERGED,PASSED,0.995805826713754,25,1.04983779752063,30,1.53586487746007e-14,1.96065386148803e-13,23,25,0.1351
ATT_T012_000294_1,CALL_T012_000294,1,EDGE_CANDIDATE_SCREEN,2011-02-06 00:00:00,E0010,CAL_008460,5.5,204.007949887196,2821.57254370748,FLAT_START,CONVERGED_FEASIBLE,CONVERGED,PASSED,0.995775730843495,25,1.04983560463574,30,1.57651669496772e-14,1.97841742988203e-13,23,25,0.1355
ATT_T012_000295_1,CALL_T012_000295,1,LOCAL_REENTRY_STENCIL,2011-02-06 00:00:00,E0010,CAL_008452,5.75,315.897477847905,2769.85254180153,FLAT_START,CONVERGED_FEASIBLE,CONVERGED,PASSED,0.996006421462482,25,1.04983729555967,30,1.4432899320127e-14,1.84741111297626e-13,23,25,0.1372
ATT_T012_000296_1,CALL_T012_000296,1,LOCAL_REENTRY_STENCIL,2011-02-06 00:00:00,E0010,CAL_008452,5.25,316.10634908476,2770.30682453993,FLAT_START,CONVERGED_FEASIBLE,CONVERGED,PASSED,0.996008560418053,25,1.04985216199744,30,1.4432899320127e-14,1.84519066692701e-13,23,25,0.1349
ATT_T012_000297_1,CALL_T012_000297,1,ANCHOR_SEARCH,2011-02-06 00:00:00,E0011,CAL_008466,0,116.802640551521,2868.55758815283,FLAT_START,CONVERGED_INFEASIBLE,CONVERGED,PASSED,0.995613372693902,25,1.05000149815076,30,1.70974345792274e-14,2.11164419283705e-13,23,25,0.1841
ATT_T012_000298_1,CALL_T012_000298,1,ANCHOR_SEARCH,2011-02-06 00:00:00,E0011,CAL_008466,0.5,116.58961311763,2868.10523949039,FLAT_START,CONVERGED_FEASIBLE,CONVERGED,PASSED,0.99561121030852,25,1.0499866086024,30,1.70974345792274e-14,2.11164419283705e-13,23,25,0.1383
ATT_T012_000299_1,CALL_T012_000299,1,ANCHOR_SEARCH,2011-02-06 00:00:00,E0011,CAL_008466,1,116.376585683739,2867.65289082795,FLAT_START,CONVERGED_FEASIBLE,CONVERGED,PASSED,0.995609047839342,25,1.04997171854854,30,1.70974345792274e-14,2.11608508493555e-13,23,25,0.1327
ATT_T012_000300_1,CALL_T012_000300,1,ANCHOR_SEARCH,2011-02-06 00:00:00,E0011,CAL_008466,2,115.950530815957,2866.74819350308,FLAT_START,CONVERGED_FEASIBLE,CONVERGED,PASSED,0.995604722649579,25,1.04994193692421,30,1.68582637287983e-14,2.1138646388863e-13,23,25,0.1676
ATT_T012_000301_1,CALL_T012_000301,1,ANCHOR_SEARCH,2011-02-06 00:00:00,E0011,CAL_008466,4,115.098421080392,2864.93879885332,FLAT_START,CONVERGED_FEASIBLE,CONVERGED,PASSED,0.995596071264225,25,1.04988236760775,30,1.67007918562883e-14,2.1049828546893e-13,23,25,0.1387
ATT_T012_000302_1,CALL_T012_000302,1,ANCHOR_SEARCH,2011-02-06 00:00:00,E0011,CAL_008466,8,113.394201609263,2861.32000955382,FLAT_START,CONVERGED_FEASIBLE,CONVERGED,PASSED,0.995578764468656,25,1.04976320469365,30,1.68753899743024e-14,2.08943973234454e-13,23,25,0.134
ATT_T012_000303_1,CALL_T012_000303,1,ANCHOR_SEARCH,2011-02-06 00:00:00,E0011,CAL_008466,6,114.246311344828,2863.12940420357,FLAT_START,CONVERGED_FEASIBLE,CONVERGED,PASSED,0.995587418537397,25,1.04982279019851,30,1.66592785123578e-14,2.10276240864005e-13,23,25,0.1694
ATT_T012_000304_1,CALL_T012_000304,1,ANCHOR_SEARCH,2011-02-06 00:00:00,E0011,CAL_008466,5,114.67236621261,2864.03410152845,FLAT_START,CONVERGED_FEASIBLE,CONVERGED,PASSED,0.995591745068523,25,1.04985257991491,30,1.67757730454317e-14,2.09388062444305e-13,23,25,0.1391
ATT_T012_000305_1,CALL_T012_000305,1,ANCHOR_SEARCH,2011-02-06 00:00:00,E0011,CAL_008466,5.5,114.459338778719,2863.58175286601,FLAT_START,CONVERGED_FEASIBLE,CONVERGED,PASSED,0.995589581844891,25,1.04983768530968,30,1.66592785123578e-14,2.0961010704923e-13,23,25,0.1331
ATT_T012_000306_1,CALL_T012_000306,1,ANCHOR_SEARCH,2011-02-06 00:00:00,E0011,CAL_008466,5.25,114.565852495664,2863.80792719723,FLAT_START,CONVERGED_FEASIBLE,CONVERGED,PASSED,0.995590663467189,25,1.04984513267553,30,1.66652066538747e-14,2.09832151654155e-13,23,25,0.1334
ATT_T012_000307_1,CALL_T012_000307,1,EDGE_CANDIDATE_SCREEN,2011-02-06 00:00:00,E0011,CAL_008462,5.25,174.822432551076,2835.43091253985,FLAT_START,CONVERGED_FEASIBLE,CONVERGED,PASSED,0.995715919348487,25,1.049842084767,30,1.62092561595273e-14,2.01616501271928e-13,23,25,0.1292
ATT_T012_000308_1,CALL_T012_000308,1,EDGE_CANDIDATE_SCREEN,2011-02-06 00:00:00,E0011,CAL_008463,5.25,159.980327030791,2842.42059973266,FLAT_START,CONVERGED_FEASIBLE,CONVERGED,PASSED,0.995685197206372,25,1.04984333601027,30,1.62092561595273e-14,2.03614902716254e-13,23,25,0.1337
ATT_T012_000309_1,CALL_T012_000309,1,EDGE_CANDIDATE_SCREEN,2011-02-06 00:00:00,E0011,CAL_008464,5.25,144.993186418613,2849.47858922414,FLAT_START,CONVERGED_FEASIBLE,CONVERGED,PASSED,0.995654088658012,25,1.04984426825379,30,1.63697728396935e-14,2.05835348765504e-13,23,25,0.1342
ATT_T012_000310_1,CALL_T012_000310,1,EDGE_CANDIDATE_SCREEN,2011-02-06 00:00:00,E0011,CAL_008465,5.25,129.856557679835,2856.60697811028,FLAT_START,CONVERGED_FEASIBLE,CONVERGED,PASSED,0.995622581592968,25,1.0498448708738,30,1.66533453693773e-14,2.07389660999979e-13,23,25,0.1626
ATT_T012_000311_1,CALL_T012_000311,1,EDGE_CANDIDATE_SCREEN,2011-02-06 00:00:00,E0011,CAL_008467,5.25,99.1163412322053,2871.08366384158,FLAT_START,CONVERGED_FEASIBLE,CONVERGED,PASSED,0.995558321281988,25,1.04984504186149,30,1.69350014015821e-14,2.1227464230833e-13,23,25,0.1377
ATT_T012_000312_1,CALL_T012_000312,1,EDGE_CANDIDATE_SCREEN,2011-02-06 00:00:00,E0011,CAL_008468,5.25,83.5031466067762,2878.4364849331,FLAT_START,CONVERGED_FEASIBLE,CONVERGED,PASSED,0.995525541561806,25,1.04984458599764,30,1.73194791841524e-14,2.14717132962505e-13,23,25,0.1379
ATT_T012_000313_1,CALL_T012_000313,1,EDGE_CANDIDATE_SCREEN,2011-02-06 00:00:00,E0011,CAL_008469,5.25,67.7212370330376,2885.86876002876,FLAT_START,CONVERGED_FEASIBLE,CONVERGED,PASSED,0.995492310330699,25,1.04984375197723,30,1.73882215701792e-14,2.17381668221606e-13,23,25,0.1427
ATT_T012_000314_1,CALL_T012_000314,1,EDGE_CANDIDATE_SCREEN,2011-02-06 00:00:00,E0011,CAL_008470,5.25,51.7654196251432,2893.38293464733,FLAT_START,CONVERGED_FEASIBLE,CONVERGED,PASSED,0.995458613087449,25,1.04984252598221,30,1.77635683940025e-14,2.19824158875781e-13,23,25,0.1337
ATT_T012_000315_1,CALL_T012_000315,1,LOCAL_REENTRY_STENCIL,2011-02-06 00:00:00,E0011,CAL_008466,5.5,114.459338778719,2863.58175286601,FLAT_START,CONVERGED_FEASIBLE,CONVERGED,PASSED,0.995589581844891,25,1.04983768530968,30,1.66592785123578e-14,2.0961010704923e-13,23,25,0.1347
ATT_T012_000316_1,CALL_T012_000316,1,LOCAL_REENTRY_STENCIL,2011-02-06 00:00:00,E0011,CAL_008466,5,114.67236621261,2864.03410152845,FLAT_START,CONVERGED_FEASIBLE,CONVERGED,PASSED,0.995591745068523,25,1.04985257991491,30,1.67757730454317e-14,2.09388062444305e-13,23,25,0.1743
ATT_T012_000317_1,CALL_T012_000317,1,ANCHOR_SEARCH,2011-02-06 00:00:00,E0012,CAL_008472,0,29.6986770658282,2909.61809170191,FLAT_START,CONVERGED_FEASIBLE,CONVERGED,PASSED,0.995430001181264,25,1.04999750154046,30,1.80548899339513e-14,2.25597318603832e-13,23,25,0.1534
ATT_T012_000318_1,CALL_T012_000318,1,ANCHOR_SEARCH,2011-02-06 00:00:00,E0012,CAL_008472,0.5,29.4838381593149,2909.16660056772,FLAT_START,CONVERGED_FEASIBLE,CONVERGED,PASSED,0.995427827831439,25,1.04998259847107,30,1.80430082283548e-14,2.25597318603832e-13,23,25,0.1427
ATT_T012_000319_1,CALL_T012_000319,1,ANCHOR_SEARCH,2011-02-06 00:00:00,E0012,CAL_008472,1,29.2689992528017,2908.71510943354,FLAT_START,CONVERGED_FEASIBLE,CONVERGED,PASSED,0.99542565439687,25,1.0499676948938,30,1.81528692396796e-14,2.24931184789057e-13,23,25,0.1343
ATT_T012_000320_1,CALL_T012_000320,1,ANCHOR_SEARCH,2011-02-06 00:00:00,E0012,CAL_008472,2,28.8393214397751,2907.81212716517,FLAT_START,CONVERGED_FEASIBLE,CONVERGED,PASSED,0.995421307273473,25,1.04993788621546,30,1.81292689642917e-14,2.24487095579207e-13,23,25,0.1327
ATT_T012_000321_1,CALL_T012_000321,1,ANCHOR_SEARCH,2011-02-06 00:00:00,E0012,CAL_008472,4,27.979965813722,2906.00616262843,FLAT_START,CONVERGED_FEASIBLE,CONVERGED,PASSED,0.995412612009447,25,1.04987826276227,30,1.82076576038526e-14,2.24043006369357e-13,23,25,0.1385
ATT_T012_000322_1,CALL_T012_000322,1,ANCHOR_SEARCH,2011-02-06 00:00:00,E0012,CAL_008472,8,26.2612545616158,2902.39423355494,FLAT_START,CONVERGED_FEASIBLE,CONVERGED,PASSED,0.995395217410888,25,1.04975899145979,30,1.78769663555286e-14,2.22488694134881e-13,23,25,0.1624
ATT_T012_000323_1,CALL_T012_000323,1,ANCHOR_SEARCH,2011-02-06 00:00:00,E0012,CAL_008472,6,27.1206101876689,2904.20019809168,FLAT_START,CONVERGED_FEASIBLE,CONVERGED,PASSED,0.995403915388735,25,1.04981863117801,30,1.80290998438071e-14,2.23154827949656e-13,23,25,0.1751
ATT_T012_000324_1,CALL_T012_000324,1,ANCHOR_SEARCH,2011-02-06 00:00:00,E0012,CAL_008472,5,27.5502880006955,2905.10318036005,FLAT_START,CONVERGED_FEASIBLE,CONVERGED,PASSED,0.995408263868705,25,1.04984844798671,30,1.80585390406738e-14,2.23598917159507e-13,23,25,0.1345
ATT_T012_000325_1,CALL_T012_000325,1,ANCHOR_SEARCH,2011-02-06 00:00:00,E0012,CAL_008472,4.5,27.7651269072087,2905.55467149424,FLAT_START,CONVERGED_FEASIBLE,CONVERGED,PASSED,0.995410437981476,25,1.04986335562861,30,1.82076576038526e-14,2.24043006369357e-13,23,25,0.1426
ATT_T012_000326_1,CALL_T012_000326,1,ANCHOR_SEARCH,2011-02-06 00:00:00,E0012,CAL_008472,4.75,27.6577074539521,2905.32892592715,FLAT_START,CONVERGED_FEASIBLE,CONVERGED,PASSED,0.995409350935691,25,1.04985590187119,30,1.79599164515279e-14,2.24487095579207e-13,23,25,0.1356
ATT_T012_000327_1,CALL_T012_000327,1,EDGE_CANDIDATE_SCREEN,2011-02-06 00:00:00,E0012,CAL_008473,5,19.3818441706238,2908.99007737195,FLAT_START,CONVERGED_FEASIBLE,CONVERGED,PASSED,0.995391019850889,25,1.04984844810137,30,1.80430082283548e-14,2.25375273998907e-13,23,25,0.1359
ATT_T012_000328_1,CALL_T012_000328,1,EDGE_CANDIDATE_SCREEN,2011-02-06 00:00:00,E0012,CAL_008474,5,11.1173947505211,2912.92265797412,FLAT_START,CONVERGED_FEASIBLE,CONVERGED,PASSED,0.995373546070042,25,1.04984834425813,30,1.84297022087776e-14,2.26041407813682e-13,23,25,0.1342
ATT_T012_000329_1,CALL_T012_000329,1,EDGE_CANDIDATE_SCREEN,2011-02-06 00:00:00,E0012,CAL_008475,5,2.85294533041844,2916.85523857629,FLAT_START,CONVERGED_FEASIBLE,CONVERGED,PASSED,0.995356044985722,25,1.04984813565715,30,1.8348015298227e-14,2.28039809258007e-13,23,25,0.1623
ATT_T012_000330_1,CALL_T012_000330,1,LOCAL_REENTRY_STENCIL,2011-02-06 00:00:00,E0012,CAL_008472,5.25,27.4428685474388,2904.87743479296,FLAT_START,CONVERGED_FEASIBLE,CONVERGED,PASSED,0.995407176780517,25,1.04984099397515,30,1.79856129989275e-14,2.22932783344731e-13,23,25,0.135
ATT_T012_000331_1,CALL_T012_000331,1,LOCAL_REENTRY_STENCIL,2011-02-06 00:00:00,E0012,CAL_008472,4.75,27.6577074539521,2905.32892592715,FLAT_START,CONVERGED_FEASIBLE,CONVERGED,PASSED,0.995409350935691,25,1.04985590187119,30,1.79599164515279e-14,2.24487095579207e-13,23,25,0.1335
ATT_T012_000332_1,CALL_T012_000332,1,ANCHOR_SEARCH,2011-02-06 00:00:00,E0013,CAL_008480,0,-63.2454361354404,2954.19496906997,FLAT_START,CONVERGED_INFEASIBLE,CONVERGED,PASSED,0.994005338508262,18,1.05000100209037,30,1.97708753444255e-14,2.42250663973209e-13,23,25,0.1473
ATT_T012_000333_1,CALL_T012_000333,1,ANCHOR_SEARCH,2011-02-06 00:00:00,E0013,CAL_008480,0.5,-63.4623061409055,2953.74445003516,FLAT_START,CONVERGED_FEASIBLE,CONVERGED,PASSED,0.993990242293012,18,1.04998608396777,30,1.96427181270736e-14,2.42472708578134e-13,23,25,0.1435
ATT_T012_000334_1,CALL_T012_000334,1,ANCHOR_SEARCH,2011-02-06 00:00:00,E0013,CAL_008480,1,-63.6791761463707,2953.29393100034,FLAT_START,CONVERGED_FEASIBLE,CONVERGED,PASSED,0.993975145519905,18,1.04997116533455,30,1.96367914547575e-14,2.42028619368284e-13,23,25,0.1361
ATT_T012_000335_1,CALL_T012_000335,1,ANCHOR_SEARCH,2011-02-06 00:00:00,E0013,CAL_008480,2,-64.1129161573009,2952.39289293071,FLAT_START,CONVERGED_FEASIBLE,CONVERGED,PASSED,0.993944950299908,18,1.04994132653602,30,1.96130914053471e-14,2.42250663973209e-13,23,25,0.1692
ATT_T012_000336_1,CALL_T012_000336,1,ANCHOR_SEARCH,2011-02-06 00:00:00,E0013,CAL_008480,4,-64.9803961791614,2950.59081679146,FLAT_START,CONVERGED_FEASIBLE,CONVERGED,PASSED,0.993884553163289,18,1.04988164280939,30,1.95716419751678e-14,2.40918396343659e-13,23,25,0.1449
ATT_T012_000337_1,CALL_T012_000337,1,ANCHOR_SEARCH,2011-02-06 00:00:00,E0013,CAL_008480,8,-66.7153562228825,2946.98666451295,FLAT_START,CONVERGED_FEASIBLE,CONVERGED,PASSED,0.993763732091612,18,1.04976225082756,30,1.93615035366676e-14,2.39586128714109e-13,23,25,0.1418
ATT_T012_000338_1,CALL_T012_000338,1,ANCHOR_SEARCH,2011-02-06 00:00:00,E0013,CAL_008480,6,-65.8478762010219,2948.7887406522,FLAT_START,CONVERGED_FEASIBLE,CONVERGED,PASSED,0.993824147094994,18,1.04982195090754,30,1.94090723558633e-14,2.40696351738734e-13,23,25,0.133
ATT_T012_000339_1,CALL_T012_000339,1,ANCHOR_SEARCH,2011-02-06 00:00:00,E0013,CAL_008480,5,-65.4141361900917,2949.68977872183,FLAT_START,CONVERGED_FEASIBLE,CONVERGED,PASSED,0.993854351245814,18,1.04985179788055,30,1.95361400155517e-14,2.40696351738734e-13,23,25,0.1341
ATT_T012_000340_1,CALL_T012_000340,1,ANCHOR_SEARCH,2011-02-06 00:00:00,E0013,CAL_008480,5.5,-65.6310061955568,2949.23925968702,FLAT_START,CONVERGED_FEASIBLE,CONVERGED,PASSED,0.993839249449599,18,1.04983687464959,30,1.95183981223229e-14,2.40696351738734e-13,23,25,0.1389
ATT_T012_000341_1,CALL_T012_000341,1,ANCHOR_SEARCH,2011-02-06 00:00:00,E0013,CAL_008480,5.25,-65.5225711928242,2949.46451920442,FLAT_START,CONVERGED_FEASIBLE,CONVERGED,PASSED,0.993846800417501,18,1.04984433632895,30,1.97619698383278e-14,2.40252262528884e-13,23,25,0.1625
ATT_T012_000342_1,CALL_T012_000342,1,EDGE_CANDIDATE_SCREEN,2011-02-06 00:00:00,E0013,CAL_008477,5.25,-14.0175105364511,2924.67110999665,FLAT_START,CONVERGED_FEASIBLE,CONVERGED,PASSED,0.995319576232903,25,1.0498416831905,30,1.86474107917262e-14,2.30260255307257e-13,23,25,0.1384
ATT_T012_000343_1,CALL_T012_000343,1,EDGE_CANDIDATE_SCREEN,2011-02-06 00:00:00,E0013,CAL_008478,5.25,-30.9712540046631,2932.83227113411,FLAT_START,CONVERGED_FEASIBLE,CONVERGED,PASSED,0.995227347550173,18,1.04984301157382,30,1.8860634822891e-14,2.33812968986058e-13,23,25,0.1399
ATT_T012_000344_1,CALL_T012_000344,1,EDGE_CANDIDATE_SCREEN,2011-02-06 00:00:00,E0013,CAL_008479,5.25,-48.137380706935,2941.09566891323,FLAT_START,CONVERGED_FEASIBLE,CONVERGED,PASSED,0.994542157182766,18,1.04984390218286,30,1.93178806284777e-14,2.36921593455008e-13,23,25,0.1518
ATT_T012_000345_1,CALL_T012_000345,1,EDGE_CANDIDATE_SCREEN,2011-02-06 00:00:00,E0013,CAL_008481,5.25,-83.1337452227081,2957.9421530289,FLAT_START,CONVERGED_FEASIBLE,CONVERGED,PASSED,0.993140938381539,18,1.04984429422295,30,1.97613899643886e-14,2.44249065417534e-13,23,25,0.1377
ATT_T012_000346_1,CALL_T012_000346,1,EDGE_CANDIDATE_SCREEN,2011-02-06 00:00:00,E0013,CAL_008482,5.25,-100.9780733906,2966.53202215372,FLAT_START,CONVERGED_FEASIBLE,CONVERGED,PASSED,0.992424218465698,18,1.04984375490401,30,2.01197497452429e-14,2.47801779096335e-13,23,25,0.1558
ATT_T012_000347_1,CALL_T012_000347,1,EDGE_CANDIDATE_SCREEN,2011-02-06 00:00:00,E0013,CAL_008483,5.25,-119.062989411822,2975.23770500679,FLAT_START,CONVERGED_FEASIBLE,CONVERGED,PASSED,0.991696273587759,18,1.049842696163,30,2.04722736719203e-14,2.5113244817021e-13,23,25,0.1429
ATT_T012_000348_1,CALL_T012_000348,1,LOCAL_REENTRY_STENCIL,2011-02-06 00:00:00,E0013,CAL_008480,5.5,-65.6310061955568,2949.23925968702,FLAT_START,CONVERGED_FEASIBLE,CONVERGED,PASSED,0.993839249449599,18,1.04983687464959,30,1.95183981223229e-14,2.40696351738734e-13,23,25,0.1432
ATT_T012_000349_1,CALL_T012_000349,1,LOCAL_REENTRY_STENCIL,2011-02-06 00:00:00,E0013,CAL_008480,5,-65.4141361900917,2949.68977872183,FLAT_START,CONVERGED_FEASIBLE,CONVERGED,PASSED,0.993854351245814,18,1.04985179788055,30,1.95361400155517e-14,2.40696351738734e-13,23,25,0.138
ATT_T012_000350_1,CALL_T012_000350,1,ANCHOR_SEARCH,2011-02-06 00:00:00,E0014,CAL_008488,0,-211.308840674634,3026.11398604603,FLAT_START,CONVERGED_INFEASIBLE,CONVERGED,PASSED,0.98803364928323,18,1.05000293195315,30,8.29097941882127e-15,3.01092484278342e-13,23,26,0.1607
ATT_T012_000351_1,CALL_T012_000351,1,ANCHOR_SEARCH,2011-02-06 00:00:00,E0014,CAL_008488,0.5,-211.528789531206,3025.66496210403,FLAT_START,CONVERGED_FEASIBLE,CONVERGED,PASSED,0.988018242942368,18,1.04998798775128,30,8.16825417389762e-15,3.00648395068492e-13,23,26,0.1413
ATT_T012_000352_1,CALL_T012_000352,1,ANCHOR_SEARCH,2011-02-06 00:00:00,E0014,CAL_008488,1,-211.748738387778,3025.21593816202,FLAT_START,CONVERGED_FEASIBLE,CONVERGED,PASSED,0.988002836018523,18,1.04997304303399,30,8.16231324616051e-15,3.01314528883267e-13,23,26,0.1447
ATT_T012_000353_1,CALL_T012_000353,1,ANCHOR_SEARCH,2011-02-06 00:00:00,E0014,CAL_008488,2,-212.188636100922,3024.31789027801,FLAT_START,CONVERGED_FEASIBLE,CONVERGED,PASSED,0.987972020421655,18,1.04994315205294,30,8.16825417389762e-15,3.01092484278342e-13,23,26,0.1413
ATT_T012_000354_1,CALL_T012_000354,1,ANCHOR_SEARCH,2011-02-06 00:00:00,E0014,CAL_008488,4,-213.06843152721,3022.52179451,FLAT_START,CONVERGED_FEASIBLE,CONVERGED,PASSED,0.987910382229609,18,1.04988336390372,30,8.21565038222616e-15,2.99760216648792e-13,23,26,0.164
ATT_T012_000355_1,CALL_T012_000355,1,ANCHOR_SEARCH,2011-02-06 00:00:00,E0014,CAL_008488,8,-214.828022379786,3018.92960297397,FLAT_START,CONVERGED_FEASIBLE,CONVERGED,PASSED,0.987787077839475,18,1.0497637628463,30,7.99360577730113e-15,2.97983859809392e-13,23,26,0.141
ATT_T012_000356_1,CALL_T012_000356,1,ANCHOR_SEARCH,2011-02-06 00:00:00,E0014,CAL_008488,6,-213.948226953498,3020.72569874198,FLAT_START,CONVERGED_FEASIBLE,CONVERGED,PASSED,0.987848734703435,18,1.04982356750251,30,8.01367746954383e-15,2.99316127438942e-13,23,26,0.14
ATT_T012_000357_1,CALL_T012_000357,1,ANCHOR_SEARCH,2011-02-06 00:00:00,E0014,CAL_008488,5,-213.508329240354,3021.62374662599,FLAT_START,CONVERGED_FEASIBLE,CONVERGED,PASSED,0.987879559633516,18,1.0498534667348,30,8.13263231501112e-15,2.99316127438942e-13,23,26,0.1421
ATT_T012_000358_1,CALL_T012_000358,1,ANCHOR_SEARCH,2011-02-06 00:00:00,E0014,CAL_008488,5.5,-213.728278096926,3021.17472268399,FLAT_START,CONVERGED_FEASIBLE,CONVERGED,PASSED,0.987864147460253,18,1.0498385173766,30,8.13263231501112e-15,2.99538172043867e-13,23,26,0.1596
ATT_T012_000359_1,CALL_T012_000359,1,ANCHOR_SEARCH,2011-02-06 00:00:00,E0014,CAL_008488,5.25,-213.61830366864,3021.39923465499,FLAT_START,CONVERGED_FEASIBLE,CONVERGED,PASSED,0.987871853619825,18,1.04984599212018,30,8.12670089453266e-15,2.99760216648792e-13,23,26,0.1434
ATT_T012_000360_1,CALL_T012_000360,1,EDGE_CANDIDATE_SCREEN,2011-02-06 00:00:00,E0014,CAL_008485,5.25,-156.064869356761,2993.20739256256,FLAT_START,CONVERGED_FEASIBLE,CONVERGED,PASSED,0.990203789899805,18,1.04984315423458,30,2.11333978798897e-14,2.59570143157362e-13,23,25,0.1793
ATT_T012_000361_1,CALL_T012_000361,1,EDGE_CANDIDATE_SCREEN,2011-02-06 00:00:00,E0014,CAL_008486,5.25,-174.969371741217,3002.46753059656,FLAT_START,CONVERGED_FEASIBLE,CONVERGED,PASSED,0.989439616413841,18,1.0498446749348,30,7.78029184009591e-15,2.89324120217316e-13,23,26,0.14
ATT_T012_000362_1,CALL_T012_000362,1,EDGE_CANDIDATE_SCREEN,2011-02-06 00:00:00,E0014,CAL_008487,5.25,-194.150810797681,3011.86332265399,FLAT_START,CONVERGED_FEASIBLE,CONVERGED,PASSED,0.988662457329507,18,1.04984563032935,30,7.89968005826865e-15,2.93765012315816e-13,23,26,0.1397
ATT_T012_000363_1,CALL_T012_000363,1,EDGE_CANDIDATE_SCREEN,2011-02-06 00:00:00,E0014,CAL_008489,5.25,-233.381329947038,3031.0799100616,FLAT_START,CONVERGED_FEASIBLE,CONVERGED,PASSED,0.98706732578991,18,1.04984573019534,30,8.36141322142673e-15,3.03979064142368e-13,23,26,0.1711
ATT_T012_000364_1,CALL_T012_000364,1,EDGE_CANDIDATE_SCREEN,2011-02-06 00:00:00,E0014,CAL_008490,5.25,-253.449750679914,3040.91017918646,FLAT_START,CONVERGED_FEASIBLE,CONVERGED,PASSED,0.98624837268631,18,1.04984481249839,30,8.3651668468499e-15,3.09974268475344e-13,23,26,15.3462
ATT_T012_000365_1,CALL_T012_000365,1,EDGE_CANDIDATE_SCREEN,2011-02-06 00:00:00,E0014,CAL_008491,5.25,-273.833828562375,3050.89506908457,FLAT_START,CONVERGED_FEASIBLE,CONVERGED,PASSED,0.985414470222427,18,1.04984320488702,30,8.6097358242723e-15,3.16191517413245e-13,23,26,0.1704
ATT_T012_000366_1,CALL_T012_000366,1,EDGE_CANDIDATE_SCREEN,2011-02-06 00:00:00,E0014,CAL_008492,5.25,-294.544249410289,3061.03981407143,FLAT_START,CONVERGED_FEASIBLE,CONVERGED,PASSED,0.98456507001295,18,1.04984087097953,30,8.87345361752527e-15,3.2263081095607e-13,23,26,0.1336
ATT_T012_000367_1,CALL_T012_000367,1,EDGE_CANDIDATE_SCREEN,2011-02-06 00:00:00,E0014,CAL_008493,5.25,-315.592145007675,3071.34986691457,FLAT_START,CONVERGED_FEASIBLE,CONVERGED,PASSED,0.98369959790958,18,1.04983777198821,30,9.10382880192628e-15,3.29070104498896e-13,23,26,0.1843
ATT_T012_000368_1,CALL_T012_000368,1,LOCAL_REENTRY_STENCIL,2011-02-06 00:00:00,E0014,CAL_008488,5.5,-213.728278096926,3021.17472268399,FLAT_START,CONVERGED_FEASIBLE,CONVERGED,PASSED,0.987864147460253,18,1.0498385173766,30,8.13263231501112e-15,2.99538172043867e-13,23,26,0.1404
ATT_T012_000369_1,CALL_T012_000369,1,LOCAL_REENTRY_STENCIL,2011-02-06 00:00:00,E0014,CAL_008488,5,-213.508329240354,3021.62374662599,FLAT_START,CONVERGED_FEASIBLE,CONVERGED,PASSED,0.987879559633516,18,1.0498534667348,30,8.13263231501112e-15,2.99316127438942e-13,23,26,0.1304
ATT_T012_000370_1,CALL_T012_000370,1,ANCHOR_SEARCH,2011-02-06 00:00:00,E0015,CAL_008499,0,-448.105973168129,3143.84096803456,FLAT_START,CONVERGED_INFEASIBLE,CONVERGED,PASSED,0.978286929789156,18,1.05000417219241,30,1.04770956251395e-14,3.79696274421804e-13,23,26,0.1402
ATT_T012_000371_1,CALL_T012_000371,1,ANCHOR_SEARCH,2011-02-06 00:00:00,E0015,CAL_008499,0.5,-448.331410526173,3143.39467441193,FLAT_START,CONVERGED_FEASIBLE,CONVERGED,PASSED,0.978270977207769,18,1.04998918067873,30,1.04651495182124e-14,3.79252185211953e-13,23,26,0.1756
ATT_T012_000372_1,CALL_T012_000372,1,ANCHOR_SEARCH,2011-02-06 00:00:00,E0015,CAL_008499,1,-448.556847884218,3142.9483807893,FLAT_START,CONVERGED_FEASIBLE,CONVERGED,PASSED,0.978255023997073,18,1.04997418864045,30,1.04651495182124e-14,3.79030140607028e-13,23,26,0.1489
ATT_T012_000373_1,CALL_T012_000373,1,ANCHOR_SEARCH,2011-02-06 00:00:00,E0015,CAL_008499,2,-449.007722600307,3142.05579354405,FLAT_START,CONVERGED_FEASIBLE,CONVERGED,PASSED,0.978223115687499,18,1.04994420298988,30,1.04532081833643e-14,3.78586051397178e-13,23,26,0.1435
ATT_T012_000374_1,CALL_T012_000374,1,ANCHOR_SEARCH,2011-02-06 00:00:00,E0015,CAL_008499,4,-449.909472032485,3140.27061905354,FLAT_START,CONVERGED_FEASIBLE,CONVERGED,PASSED,0.978159291513814,18,1.04988422539137,30,1.04353051645749e-14,3.77697872977478e-13,23,26,0.136
ATT_T012_000375_1,CALL_T012_000375,1,ANCHOR_SEARCH,2011-02-06 00:00:00,E0015,CAL_008499,8,-451.71297089684,3136.70027007252,FLAT_START,CONVERGED_FEASIBLE,CONVERGED,PASSED,0.978031612933827,18,1.04976424499401,30,1.03876168777288e-14,3.76587649952853e-13,23,26,0.1339
ATT_T012_000376_1,CALL_T012_000376,1,ANCHOR_SEARCH,2011-02-06 00:00:00,E0015,CAL_008499,6,-450.811221464663,3138.48544456303,FLAT_START,CONVERGED_FEASIBLE,CONVERGED,PASSED,0.978095457263967,18,1.04982423939379,30,1.04054908932493e-14,3.76587649952853e-13,23,26,0.138
ATT_T012_000377_1,CALL_T012_000377,1,ANCHOR_SEARCH,2011-02-06 00:00:00,E0015,CAL_008499,5,-450.360346748574,3139.37803180829,FLAT_START,CONVERGED_FEASIBLE,CONVERGED,PASSED,0.978127375648669,18,1.04985423344266,30,1.03055914041961e-14,3.77031739162703e-13,23,26,0.1643
ATT_T012_000378_1,CALL_T012_000378,1,ANCHOR_SEARCH,2011-02-06 00:00:00,E0015,CAL_008499,5.5,-450.585784106618,3138.93173818566,FLAT_START,CONVERGED_FEASIBLE,CONVERGED,PASSED,0.978111416771295,18,1.04983923668077,30,1.04233758317058e-14,3.77031739162703e-13,23,26,0.1414
ATT_T012_000379_1,CALL_T012_000379,1,ANCHOR_SEARCH,2011-02-06 00:00:00,E0015,CAL_008499,5.25,-450.473065427596,3139.15488499697,FLAT_START,CONVERGED_FEASIBLE,CONVERGED,PASSED,0.978119396288722,18,1.04984673512735,30,1.0411451328521e-14,3.77031739162703e-13,23,26,0.1358
ATT_T012_000380_1,CALL_T012_000380,1,EDGE_CANDIDATE_SCREEN,2011-02-06 00:00:00,E0015,CAL_008495,5.25,-358.93740948544,3092.91726161131,FLAT_START,CONVERGED_FEASIBLE,CONVERGED,PASSED,0.981914045622887,18,1.04983805262712,30,9.43922199289739e-15,3.42614825399323e-13,23,26,0.1418
ATT_T012_000381_1,CALL_T012_000381,1,EDGE_CANDIDATE_SCREEN,2011-02-06 00:00:00,E0015,CAL_008496,5.25,-381.211420170238,3104.16858555422,FLAT_START,CONVERGED_FEASIBLE,CONVERGED,PASSED,0.980994694654926,18,1.04984148070324,30,9.61794775083784e-15,3.512745649914e-13,23,26,0.1401
ATT_T012_000382_1,CALL_T012_000382,1,EDGE_CANDIDATE_SCREEN,2011-02-06 00:00:00,E0015,CAL_008497,5.25,-403.882420852007,3115.62044199759,FLAT_START,CONVERGED_FEASIBLE,CONVERGED,PASSED,0.980056310343463,18,1.04984410441525,30,9.8985212509611e-15,3.58602036953926e-13,23,26,0.1344
ATT_T012_000383_1,CALL_T012_000383,1,EDGE_CANDIDATE_SCREEN,2011-02-06 00:00:00,E0015,CAL_008498,5.25,-426.964667447619,3127.28003206659,FLAT_START,CONVERGED_FEASIBLE,CONVERGED,PASSED,0.979098141043432,18,1.04984587377891,30,1.01013518500046e-14,3.68149954965702e-13,23,26,0.2066
ATT_T012_000384_1,CALL_T012_000384,1,EDGE_CANDIDATE_SCREEN,2011-02-06 00:00:00,E0015,CAL_008500,5.25,-474.423208061174,3151.25287745385,FLAT_START,CONVERGED_FEASIBLE,CONVERGED,PASSED,0.977119244202628,18,1.04984663080324,30,1.07398858502112e-14,3.8657965717448e-13,23,26,0.1381
ATT_T012_000385_1,CALL_T012_000385,1,EDGE_CANDIDATE_SCREEN,2011-02-06 00:00:00,E0015,CAL_008501,5.25,-498.831417379013,3163.58225422337,FLAT_START,CONVERGED_FEASIBLE,CONVERGED,PASSED,0.976096808697216,18,1.04984549882121,30,1.09544918240477e-14,3.96793709001031e-13,23,26,0.1392
ATT_T012_000386_1,CALL_T012_000386,1,EDGE_CANDIDATE_SCREEN,2011-02-06 00:00:00,E0015,CAL_008502,5.25,-523.714788081985,3176.15165039241,FLAT_START,CONVERGED_FEASIBLE,CONVERGED,PASSED,0.975051166441082,18,1.04984327249699,30,1.13123721343391e-14,1.35669253609194e-13,24,26,0.1378
ATT_T012_000387_1,CALL_T012_000387,1,EDGE_CANDIDATE_SCREEN,2011-02-06 00:00:00,E0015,CAL_008503,5.25,-549.091234646704,3188.9701151431,FLAT_START,CONVERGED_FEASIBLE,CONVERGED,PASSED,0.97398134357263,18,1.04983988003972,30,1.16883026305829e-14,1.4033219031262e-13,24,26,0.1351
ATT_T012_000388_1,CALL_T012_000388,1,LOCAL_REENTRY_STENCIL,2011-02-06 00:00:00,E0015,CAL_008499,5.5,-450.585784106618,3138.93173818566,FLAT_START,CONVERGED_FEASIBLE,CONVERGED,PASSED,0.978111416771295,18,1.04983923668077,30,1.04233758317058e-14,3.77031739162703e-13,23,26,0.1327
ATT_T012_000389_1,CALL_T012_000389,1,LOCAL_REENTRY_STENCIL,2011-02-06 00:00:00,E0015,CAL_008499,5,-450.360346748574,3139.37803180829,FLAT_START,CONVERGED_FEASIBLE,CONVERGED,PASSED,0.978127375648669,18,1.04985423344266,30,1.03055914041961e-14,3.77031739162703e-13,23,26,0.1327
ATT_T012_000390_1,CALL_T012_000390,1,ANCHOR_SEARCH,2011-02-06 00:00:00,E0016,CAL_008510,0,-741.668004621459,3295.208016313,FLAT_START,CONVERGED_INFEASIBLE,CONVERGED,PASSED,0.965851862219655,18,1.05001556476638,30,1.48534151565998e-14,1.79856129989275e-13,24,26,0.1803
ATT_T012_000391_1,CALL_T012_000391,1,ANCHOR_SEARCH,2011-02-06 00:00:00,E0016,CAL_008510,0.5,-741.899847481896,3294.76501643934,FLAT_START,CONVERGED_INFEASIBLE,CONVERGED,PASSED,0.965835197137071,18,1.05000050405729,30,1.48413451631467e-14,1.79412040779425e-13,24,26,0.1544
ATT_T012_000392_1,CALL_T012_000392,1,ANCHOR_SEARCH,2011-02-06 00:00:00,E0016,CAL_008510,1,-742.131690342333,3294.32201656568,FLAT_START,CONVERGED_FEASIBLE,CONVERGED,PASSED,0.965818531359449,18,1.04998544280978,30,1.48473797649529e-14,1.7963408538435e-13,24,26,0.1418
ATT_T012_000393_1,CALL_T012_000393,1,ANCHOR_SEARCH,2011-02-06 00:00:00,E0016,CAL_008510,2,-742.595376063207,3293.43601681835,FLAT_START,CONVERGED_FEASIBLE,CONVERGED,PASSED,0.965785197718791,18,1.04995531869932,30,1.48292783329127e-14,1.79412040779425e-13,24,26,0.1346
ATT_T012_000394_1,CALL_T012_000394,1,ANCHOR_SEARCH,2011-02-06 00:00:00,E0016,CAL_008510,4,-743.522747504956,3291.66401732371,FLAT_START,CONVERGED_FEASIBLE,CONVERGED,PASSED,0.965718522093692,18,1.04989506401515,30,1.48051541930383e-14,1.7963408538435e-13,24,26,0.1329
ATT_T012_000395_1,CALL_T012_000395,1,ANCHOR_SEARCH,2011-02-06 00:00:00,E0016,CAL_008510,8,-745.377490388453,3288.12001833441,FLAT_START,CONVERGED_FEASIBLE,CONVERGED,PASSED,0.965585137451374,18,1.04977452878226,30,1.4732858499195e-14,1.7785772854495e-13,24,26,0.1333
ATT_T012_000396_1,CALL_T012_000396,1,ANCHOR_SEARCH,2011-02-06 00:00:00,E0016,CAL_008510,6,-744.450118946704,3289.89201782906,FLAT_START,CONVERGED_FEASIBLE,CONVERGED,PASSED,0.965651835339506,18,1.04983480071057,30,1.47629676556886e-14,1.7874590696465e-13,24,26,0.1591
ATT_T012_000397_1,CALL_T012_000397,1,ANCHOR_SEARCH,2011-02-06 00:00:00,E0016,CAL_008510,5,-743.98643322583,3290.77801757638,FLAT_START,CONVERGED_FEASIBLE,CONVERGED,PASSED,0.965685180108039,18,1.04986493344062,30,1.47750169494532e-14,1.7874590696465e-13,24,26,0.1643
ATT_T012_000398_1,CALL_T012_000398,1,ANCHOR_SEARCH,2011-02-06 00:00:00,E0016,CAL_008510,5.5,-744.218276086267,3290.33501770272,FLAT_START,CONVERGED_FEASIBLE,CONVERGED,PASSED,0.965668508071671,18,1.04984986734506,30,1.47629676556886e-14,1.7874590696465e-13,24,26,0.1442
ATT_T012_000399_1,CALL_T012_000399,1,ANCHOR_SEARCH,2011-02-06 00:00:00,E0016,CAL_008510,5.25,-744.102354656049,3290.55651763955,FLAT_START,CONVERGED_FEASIBLE,CONVERGED,PASSED,0.965676844176824,18,1.0498574004602,30,1.47810427990801e-14,1.791899961745e-13,24,26,0.1424
ATT_T012_000400_1,CALL_T012_000400,1,EDGE_CANDIDATE_SCREEN,2011-02-06 00:00:00,E0016,CAL_008505,5.5,-601.833351856659,3215.81822869408,FLAT_START,CONVERGED_FEASIBLE,CONVERGED,PASSED,0.971748965859087,18,1.04983468950568,30,1.23749487499132e-14,1.48991929904696e-13,24,26,0.1324
ATT_T012_000401_1,CALL_T012_000401,1,EDGE_CANDIDATE_SCREEN,2011-02-06 00:00:00,E0016,CAL_008506,5.5,-629.074494953812,3230.07481185067,FLAT_START,CONVERGED_FEASIBLE,CONVERGED,PASSED,0.970594502755622,18,1.04984046708922,30,1.268217407592e-14,1.54321000422897e-13,24,26,0.1315
ATT_T012_000402_1,CALL_T012_000402,1,EDGE_CANDIDATE_SCREEN,2011-02-06 00:00:00,E0016,CAL_008507,5.5,-656.908939231819,3244.64189767566,FLAT_START,CONVERGED_FEASIBLE,CONVERGED,PASSED,0.96941060917888,18,1.04984497652105,30,1.32520175870393e-14,1.59872115546023e-13,24,26,0.1535
ATT_T012_000403_1,CALL_T012_000403,1,EDGE_CANDIDATE_SCREEN,2011-02-06 00:00:00,E0016,CAL_008508,5.5,-685.360661926108,3259.5320345944,FLAT_START,CONVERGED_FEASIBLE,CONVERGED,PASSED,0.968195943012222,18,1.04984811930774,30,1.3735562829545e-14,1.65645275274073e-13,24,26,0.1326
ATT_T012_000404_1,CALL_T012_000404,1,EDGE_CANDIDATE_SCREEN,2011-02-06 00:00:00,E0016,CAL_008509,5.5,-714.454908031416,3274.75843451086,FLAT_START,CONVERGED_FEASIBLE,CONVERGED,PASSED,0.966949080155951,18,1.0498497884001,30,1.41276765987066e-14,1.72084568816899e-13,24,26,0.1651
ATT_T012_000405_1,CALL_T012_000405,1,EDGE_CANDIDATE_SCREEN,2011-02-06 00:00:00,E0016,CAL_008511,5.5,-774.678811002462,3306.27646140346,FLAT_START,CONVERGED_FEASIBLE,CONVERGED,PASSED,0.964352618700914,18,1.04984822933998,30,1.53432250246311e-14,1.86517468137026e-13,24,26,0.1305
ATT_T012_000406_1,CALL_T012_000406,1,EDGE_CANDIDATE_SCREEN,2011-02-06 00:00:00,E0016,CAL_008512,5.5,-805.866104624384,3322.59825242979,FLAT_START,CONVERGED_FEASIBLE,CONVERGED,PASSED,0.962999700685308,18,1.04984473617663,30,1.59662425844015e-14,1.94955163124177e-13,24,26,0.1353
ATT_T012_000407_1,CALL_T012_000407,1,EDGE_CANDIDATE_SCREEN,2011-02-06 00:00:00,E0016,CAL_008513,5.5,-837.811404780038,3339.31674425325,FLAT_START,CONVERGED_FEASIBLE,CONVERGED,PASSED,0.961607930805546,18,1.04983923705991,30,1.66080479586334e-14,2.04281036531029e-13,24,26,0.1303
ATT_T012_000408_1,CALL_T012_000408,1,LOCAL_REENTRY_STENCIL,2011-02-06 00:00:00,E0016,CAL_008510,5.75,-744.334197516486,3290.11351776589,FLAT_START,CONVERGED_FEASIBLE,CONVERGED,PASSED,0.965660171792568,18,1.04984233409518,30,1.46540256098946e-14,1.791899961745e-13,24,26,0.13
ATT_T012_000409_1,CALL_T012_000409,1,LOCAL_REENTRY_STENCIL,2011-02-06 00:00:00,E0016,CAL_008510,5.25,-744.102354656049,3290.55651763955,FLAT_START,CONVERGED_FEASIBLE,CONVERGED,PASSED,0.965676844176824,18,1.0498574004602,30,1.47810427990801e-14,1.791899961745e-13,24,26,0.1572
ATT_T012_000410_1,CALL_T012_000410,1,ANCHOR_SEARCH,2011-02-06 00:00:00,E0017,CAL_008519,0,-1048.07230692653,3459.93062965659,FLAT_START,CONVERGED_INFEASIBLE,CONVERGED,PASSED,0.952418663081842,18,1.05003447220253,30,2.39808173319034e-14,3.58824081558851e-13,24,26,0.1696
ATT_T012_000411_1,CALL_T012_000411,1,ANCHOR_SEARCH,2011-02-06 00:00:00,E0017,CAL_008519,0.5,-1048.31245673838,3459.49207741584,FLAT_START,CONVERGED_INFEASIBLE,CONVERGED,PASSED,0.952401111559726,18,1.05001932424965,30,2.35367281220533e-14,3.58935103861313e-13,24,26,0.14
ATT_T012_000412_1,CALL_T012_000412,1,ANCHOR_SEARCH,2011-02-06 00:00:00,E0017,CAL_008519,1,-1048.55260655022,3459.05352517508,FLAT_START,CONVERGED_INFEASIBLE,CONVERGED,PASSED,0.952383559254432,18,1.05000417573912,30,2.39808173319034e-14,3.59268170768701e-13,24,26,0.134
ATT_T012_000413_1,CALL_T012_000413,1,ANCHOR_SEARCH,2011-02-06 00:00:00,E0017,CAL_008519,2,-1049.03290617392,3458.17642069358,FLAT_START,CONVERGED_FEASIBLE,CONVERGED,PASSED,0.952348452293936,18,1.0499738770449,30,2.37587727269783e-14,3.59046126163776e-13,24,26,0.1389
ATT_T012_000414_1,CALL_T012_000414,1,ANCHOR_SEARCH,2011-02-06 00:00:00,E0017,CAL_008519,4,-1049.9935054213,3456.42221173056,FLAT_START,CONVERGED_FEASIBLE,CONVERGED,PASSED,0.952278228970743,18,1.04991327296221,30,2.35367281220533e-14,3.59823282281013e-13,24,26,0.1343
ATT_T012_000415_1,CALL_T012_000415,1,ANCHOR_SEARCH,2011-02-06 00:00:00,E0017,CAL_008519,8,-1051.91470391608,3452.91379380453,FLAT_START,CONVERGED_FEASIBLE,CONVERGED,PASSED,0.952137744694872,18,1.04979203800729,30,2.35367281220533e-14,3.61155549910563e-13,24,26,0.155
ATT_T012_000416_1,CALL_T012_000416,1,ANCHOR_SEARCH,2011-02-06 00:00:00,E0017,CAL_008519,6,-1050.95410466869,3454.66800276755,FLAT_START,CONVERGED_FEASIBLE,CONVERGED,PASSED,0.952207993106357,18,1.04985265995087,30,2.39808173319034e-14,3.60933505305638e-13,24,26,0.1362
ATT_T012_000417_1,CALL_T012_000417,1,ANCHOR_SEARCH,2011-02-06 00:00:00,E0017,CAL_008519,7,-1051.43440429238,3453.79089828604,FLAT_START,CONVERGED_FEASIBLE,CONVERGED,PASSED,0.952172870469371,18,1.04982235009583,30,2.39808173319034e-14,3.60822483003176e-13,24,26,0.1639
ATT_T012_000418_1,CALL_T012_000418,1,ANCHOR_SEARCH,2011-02-06 00:00:00,E0017,CAL_008519,6.5,-1051.19425448054,3454.22945052679,FLAT_START,CONVERGED_FEASIBLE,CONVERGED,PASSED,0.952190432180007,18,1.04983750530251,30,2.42028619368284e-14,3.60711460700713e-13,24,26,0.1351
ATT_T012_000419_1,CALL_T012_000419,1,ANCHOR_SEARCH,2011-02-06 00:00:00,E0017,CAL_008519,6.25,-1051.07417957461,3454.44872664717,FLAT_START,CONVERGED_FEASIBLE,CONVERGED,PASSED,0.952199212741212,18,1.04984508269648,30,2.39808173319034e-14,3.60489416095788e-13,24,26,0.1313
ATT_T012_000420_1,CALL_T012_000420,1,EDGE_CANDIDATE_SCREEN,2011-02-06 00:00:00,E0017,CAL_008515,6.25,-905.115467137024,3374.52220006268,FLAT_START,CONVERGED_FEASIBLE,CONVERGED,PASSED,0.95865540516693,18,1.04982073435604,30,1.83129807159856e-14,2.3037127760972e-13,24,26,0.1289
ATT_T012_000421_1,CALL_T012_000421,1,EDGE_CANDIDATE_SCREEN,2011-02-06 00:00:00,E0017,CAL_008516,6.25,-940.137567339707,3393.70019071597,FLAT_START,CONVERGED_FEASIBLE,CONVERGED,PASSED,0.957118355050099,18,1.04983047279451,30,1.91744226937754e-14,2.55240273361323e-13,24,26,0.1325
ATT_T012_000422_1,CALL_T012_000422,1,EDGE_CANDIDATE_SCREEN,2011-02-06 00:00:00,E0017,CAL_008517,6.25,-976.107760752078,3413.39735419467,FLAT_START,CONVERGED_FEASIBLE,CONVERGED,PASSED,0.955531821007489,18,1.0498379318664,30,2.04281036531029e-14,2.84994250421278e-13,24,26,0.1551
ATT_T012_000423_1,CALL_T012_000423,1,EDGE_CANDIDATE_SCREEN,2011-02-06 00:00:00,E0017,CAL_008518,6.25,-1013.07078167914,3433.63818686187,FLAT_START,CONVERGED_FEASIBLE,CONVERGED,PASSED,0.953893081960659,18,1.04984288528956,30,2.1538326677728e-14,3.19411164184658e-13,24,26,0.1323
ATT_T012_000424_1,CALL_T012_000424,1,EDGE_CANDIDATE_SCREEN,2011-02-06 00:00:00,E0017,CAL_008520,6.25,-1090.16854501319,3475.85667678832,FLAT_START,CONVERGED_FEASIBLE,CONVERGED,PASSED,0.950447064265559,18,1.04984424669415,30,2.59792187762287e-14,4.09672296086683e-13,24,26,0.1891
ATT_T012_000425_1,CALL_T012_000425,1,EDGE_CANDIDATE_SCREEN,2011-02-06 00:00:00,E0017,CAL_008521,6.25,-1130.40775776815,3497.89154167776,FLAT_START,CONVERGED_FEASIBLE,CONVERGED,PASSED,0.948633241316703,18,1.04984006950612,30,1.08801856413265e-14,5.14366327308835e-13,24,27,0.1335
ATT_T012_000426_1,CALL_T012_000426,1,EDGE_CANDIDATE_SCREEN,2011-02-06 00:00:00,E0017,CAL_008522,6.25,-1171.84925955949,3520.58477621861,FLAT_START,CONVERGED_FEASIBLE,CONVERGED,PASSED,0.946754077583662,18,1.04983220912789,30,1.17683640610267e-14,5.91637849822746e-13,24,27,0.1324
ATT_T012_000427_1,CALL_T012_000427,1,EDGE_CANDIDATE_SCREEN,2011-02-06 00:00:00,E0017,CAL_008523,6.25,-1214.5543543835,3543.96995028422,FLAT_START,CONVERGED_FEASIBLE,CONVERGED,PASSED,0.944805607547611,18,1.04982028491342,30,1.33226762955019e-14,6.84785561588797e-13,24,27,0.1296
ATT_T012_000428_1,CALL_T012_000428,1,LOCAL_REENTRY_STENCIL,2011-02-06 00:00:00,E0017,CAL_008519,6.5,-1051.19425448054,3454.22945052679,FLAT_START,CONVERGED_FEASIBLE,CONVERGED,PASSED,0.952190432180007,18,1.04983750530251,30,2.42028619368284e-14,3.60711460700713e-13,24,26,0.1613
ATT_T012_000429_1,CALL_T012_000429,1,LOCAL_REENTRY_STENCIL,2011-02-06 00:00:00,E0017,CAL_008519,6,-1050.95410466869,3454.66800276755,FLAT_START,CONVERGED_FEASIBLE,CONVERGED,PASSED,0.952207993106357,18,1.04985265995087,30,2.39808173319034e-14,3.60933505305638e-13,24,26,0.1337
ATT_T012_000430_1,CALL_T012_000430,1,ANCHOR_SEARCH,2011-02-06 00:00:00,E0018,CAL_008525,0,-1255.58666708268,3573.56483309763,FLAT_START,CONVERGED_FEASIBLE,CONVERGED,PASSED,0.943007908562548,18,1.04999414050273,30,1.46549439250521e-14,7.91922083465124e-13,24,27,0.1429
ATT_T012_000431_1,CALL_T012_000431,1,ANCHOR_SEARCH,2011-02-06 00:00:00,E0018,CAL_008525,0.5,-1255.25522462882,3573.19047244294,FLAT_START,CONVERGED_FEASIBLE,CONVERGED,PASSED,0.943020840189123,18,1.0499891634784,30,1.50990331349021e-14,7.90589815835574e-13,24,27,0.1391
ATT_T012_000432_1,CALL_T012_000432,1,ANCHOR_SEARCH,2011-02-06 00:00:00,E0018,CAL_008525,1,-1254.92378217496,3572.81611178825,FLAT_START,CONVERGED_FEASIBLE,CONVERGED,PASSED,0.943033771099252,18,1.04998418611846,30,1.50990331349021e-14,7.89479592810949e-13,24,27,0.1398
ATT_T012_000433_1,CALL_T012_000433,1,ANCHOR_SEARCH,2011-02-06 00:00:00,E0018,CAL_008525,2,-1254.26089726724,3572.06739047887,FLAT_START,CONVERGED_FEASIBLE,CONVERGED,PASSED,0.943059630770466,18,1.04997423039175,30,1.50990331349021e-14,7.87814258274011e-13,24,27,0.1387
ATT_T012_000434_1,CALL_T012_000434,1,ANCHOR_SEARCH,2011-02-06 00:00:00,E0018,CAL_008525,4,-1252.9351274518,3570.56994786011,FLAT_START,CONVERGED_FEASIBLE,CONVERGED,PASSED,0.943111341518758,18,1.04995431491146,30,1.48769885299771e-14,7.83817455385361e-13,24,27,0.1699
ATT_T012_000435_1,CALL_T012_000435,1,ANCHOR_SEARCH,2011-02-06 00:00:00,E0018,CAL_008525,8,-1250.28358782093,3567.5750626226,FLAT_START,CONVERGED_FEASIBLE,CONVERGED,PASSED,0.943214728655105,18,1.04991446784611,30,1.46549439250521e-14,7.76489983422834e-13,24,27,0.1391
ATT_T012_000436_1,CALL_T012_000436,1,ANCHOR_SEARCH,2011-02-06 00:00:00,E0018,CAL_008525,16,-1244.98050855918,3561.58529214756,FLAT_START,CONVERGED_FEASIBLE,CONVERGED,PASSED,0.943421365617164,18,1.04983470931833,30,1.4210854715202e-14,7.6127992798547e-13,24,27,0.1322
ATT_T012_000437_1,CALL_T012_000437,1,ANCHOR_SEARCH,2011-02-06 00:00:00,E0018,CAL_008525,12,-1247.63204819006,3564.58017738508,FLAT_START,CONVERGED_FEASIBLE,CONVERGED,PASSED,0.943318070008843,18,1.04987459931297,30,1.48769885299771e-14,7.68829444552921e-13,24,27,0.1408
ATT_T012_000438_1,CALL_T012_000438,1,ANCHOR_SEARCH,2011-02-06 00:00:00,E0018,CAL_008525,14,-1246.30627837462,3563.08273476632,FLAT_START,CONVERGED_FEASIBLE,CONVERGED,PASSED,0.943369723528858,18,1.04985465699795,30,1.4210854715202e-14,7.65498775479045e-13,24,27,0.1332
ATT_T012_000439_1,CALL_T012_000439,1,ANCHOR_SEARCH,2011-02-06 00:00:00,E0018,CAL_008525,15,-1245.6433934669,3562.33401345694,FLAT_START,CONVERGED_FEASIBLE,CONVERGED,PASSED,0.943395546001685,18,1.04984468382866,30,1.48769885299771e-14,7.63611396337183e-13,24,27,0.1329
ATT_T012_000440_1,CALL_T012_000440,1,ANCHOR_SEARCH,2011-02-06 00:00:00,E0018,CAL_008525,14.5,-1245.97483592076,3562.70837411163,FLAT_START,CONVERGED_FEASIBLE,CONVERGED,PASSED,0.943382635122476,18,1.04984967058094,30,1.4432899320127e-14,7.64055485547033e-13,24,27,0.1322
ATT_T012_000441_1,CALL_T012_000441,1,ANCHOR_SEARCH,2011-02-06 00:00:00,E0018,CAL_008525,14.25,-1246.14055714769,3562.89555443897,FLAT_START,CONVERGED_FEASIBLE,CONVERGED,PASSED,0.943376179414973,18,1.04985216383136,30,1.4210854715202e-14,7.64499574756883e-13,24,27,0.159
ATT_T012_000442_1,CALL_T012_000442,1,EDGE_CANDIDATE_SCREEN,2011-02-06 00:00:00,E0018,CAL_008526,14.5,-1266.07520479352,3544.91239181699,FLAT_START,CONVERGED_FEASIBLE,CONVERGED,PASSED,0.942108331142719,18,1.04907662553308,30,1.46549439250521e-14,8.1423756626009e-13,24,27,0.1422
ATT_T012_000443_1,CALL_T012_000443,1,EDGE_CANDIDATE_SCREEN,2011-02-06 00:00:00,E0018,CAL_008527,14.5,-1286.23054571783,3527.06773968638,FLAT_START,CONVERGED_FEASIBLE,CONVERGED,PASSED,0.940826351062884,18,1.04829956260548,30,1.55431223447522e-14,8.69193605979035e-13,24,27,0.1529
ATT_T012_000444_1,CALL_T012_000444,1,EDGE_CANDIDATE_SCREEN,2011-02-06 00:00:00,E0018,CAL_008528,14.5,-1306.44416736331,3509.17148836927,FLAT_START,CONVERGED_FEASIBLE,CONVERGED,PASSED,0.939536410871196,18,1.04751832366207,30,1.59872115546023e-14,9.30588939240806e-13,24,27,0.1333
ATT_T012_000445_1,CALL_T012_000445,1,EDGE_CANDIDATE_SCREEN,2011-02-06 00:00:00,E0018,CAL_008529,14.5,-1326.71941537034,3491.22067578287,FLAT_START,CONVERGED_FEASIBLE,CONVERGED,PASSED,0.938238220039322,18,1.04673274736311,30,1.66533453693773e-14,9.97091298415853e-13,24,27,0.1312
ATT_T012_000446_1,CALL_T012_000446,1,EDGE_CANDIDATE_SCREEN,2011-02-06 00:00:00,E0018,CAL_008530,14.5,-1347.05967464422,3473.21230508093,FLAT_START,CONVERGED_FEASIBLE,CONVERGED,PASSED,0.936931481214396,18,1.04594266901185,30,1.765254609154e-14,1.07092112955343e-12,24,27,0.1296
ATT_T012_000447_1,CALL_T012_000447,1,EDGE_CANDIDATE_SCREEN,2011-02-06 00:00:00,E0018,CAL_008531,14.5,-1367.46837170343,3455.14334257475,FLAT_START,CONVERGED_FEASIBLE,CONVERGED,PASSED,0.935615889897454,18,1.04514792039501,30,1.85407245112401e-14,3.9102054927298e-13,25,27,0.1699
ATT_T012_000448_1,CALL_T012_000448,1,EDGE_CANDIDATE_SCREEN,2011-02-06 00:00:00,E0018,CAL_008532,14.5,-1387.9489770854,3437.01071560317,FLAT_START,CONVERGED_FEASIBLE,CONVERGED,PASSED,0.934291134107423,18,1.04434832961673,30,1.96509475358653e-14,4.2232883856741e-13,25,27,0.135
ATT_T012_000449_1,CALL_T012_000449,1,EDGE_CANDIDATE_SCREEN,2011-02-06 00:00:00,E0018,CAL_008533,14.5,-1408.50500781349,3418.81131034843,FLAT_START,CONVERGED_FEASIBLE,CONVERGED,PASSED,0.932956894029779,18,1.04354372092561,30,2.16493489801906e-14,4.56634730028327e-13,25,27,0.1423
ATT_T012_000450_1,CALL_T012_000450,1,EDGE_CANDIDATE_SCREEN,2011-02-06 00:00:00,E0018,CAL_008534,14.5,-1429.1400299292,3400.54196959427,FLAT_START,CONVERGED_FEASIBLE,CONVERGED,PASSED,0.931612841648874,18,1.04273391453437,30,2.38697950294409e-14,4.94604357470507e-13,25,27,0.1349
ATT_T012_000451_1,CALL_T012_000451,1,EDGE_CANDIDATE_SCREEN,2011-02-06 00:00:00,E0018,CAL_008535,14.5,-1449.85766109349,3382.19949042285,FLAT_START,CONVERGED_FEASIBLE,CONVERGED,PASSED,0.930258640362946,18,1.0419187264317,30,2.63122856836162e-14,5.36903854708726e-13,25,27,0.1329
ATT_T012_000452_1,CALL_T012_000452,1,EDGE_CANDIDATE_SCREEN,2011-02-06 00:00:00,E0018,CAL_008536,14.5,-1470.66157326137,3363.78062184674,FLAT_START,CONVERGED_FEASIBLE,CONVERGED,PASSED,0.928893944580676,18,1.04109796818591,30,2.89768209427166e-14,5.83200154835595e-13,25,27,0.1339
ATT_T012_000453_1,CALL_T012_000453,1,EDGE_CANDIDATE_SCREEN,2011-02-06 00:00:00,E0018,CAL_008537,14.5,-1491.55549543436,3345.28206237204,FLAT_START,CONVERGED_FEASIBLE,CONVERGED,PASSED,0.927518399298111,18,1.04027144673966,30,3.1641356201817e-14,6.34936547783127e-13,25,27,0.1336
ATT_T012_000454_1,CALL_T012_000454,1,EDGE_CANDIDATE_SCREEN,2011-02-06 00:00:00,E0018,CAL_008538,14.5,-1512.54321649513,3326.70045748873,FLAT_START,CONVERGED_FEASIBLE,CONVERGED,PASSED,0.926131639654706,18,1.03943896419544,30,3.48610029732299e-14,6.92335078156248e-13,25,27,0.2878
ATT_T012_000455_1,CALL_T012_000455,1,EDGE_CANDIDATE_SCREEN,2011-02-06 00:00:00,E0018,CAL_008539,14.5,-1533.62858812928,3308.03239708385,FLAT_START,CONVERGED_FEASIBLE,CONVERGED,PASSED,0.924733290467029,18,1.03860031759107,30,1.46549439250521e-14,8.35220781425505e-13,25,28,0.149
ATT_T012_000456_1,CALL_T012_000456,1,EDGE_CANDIDATE_SCREEN,2011-02-06 00:00:00,E0018,CAL_008540,14.5,-1554.81552783915,3289.27441277316,FLAT_START,CONVERGED_FEASIBLE,CONVERGED,PASSED,0.923322965739145,18,1.03775529866475,30,1.62092561595273e-14,9.13380482359116e-13,25,28,0.1718
ATT_T012_000457_1,CALL_T012_000457,1,EDGE_CANDIDATE_SCREEN,2011-02-06 00:00:00,E0018,CAL_008541,14.5,-1576.10802205502,3270.42297514666,FLAT_START,CONVERGED_FEASIBLE,CONVERGED,PASSED,0.921900268146964,18,1.03690369360863,30,1.79856129989275e-14,1.00042196748973e-12,25,28,0.1387
ATT_T012_000458_1,CALL_T012_000458,1,EDGE_CANDIDATE_SCREEN,2011-02-06 00:00:00,E0018,CAL_008542,14.5,-1597.51012934911,3251.47449092309,FLAT_START,CONVERGED_FEASIBLE,CONVERGED,PASSED,0.92046478849637,18,1.03604528281077,30,1.99840144432528e-14,1.0973444375395e-12,25,28,0.1358
ATT_T012_000459_1,CALL_T012_000459,1,EDGE_CANDIDATE_SCREEN,2011-02-06 00:00:00,E0018,CAL_008543,14.5,-1619.02598375812,3232.42530000821,FLAT_START,CONVERGED_FEASIBLE,CONVERGED,PASSED,0.919016105152213,18,1.03517984058412,30,2.23154827949656e-14,1.20470300402076e-12,25,28,0.1365
ATT_T012_000460_1,CALL_T012_000460,1,EDGE_CANDIDATE_SCREEN,2011-02-06 00:00:00,E0018,CAL_008544,14.5,-1640.65979822049,3213.27167245167,FLAT_START,CONVERGED_FEASIBLE,CONVERGED,PASSED,0.91755378343663,18,1.03430713488216,30,2.4757973449141e-14,4.61408689034215e-13,26,28,0.1379
ATT_T012_000461_1,CALL_T012_000461,1,EDGE_CANDIDATE_SCREEN,2011-02-06 00:00:00,E0018,CAL_008545,14.5,-1662.41586813466,3194.00980529668,FLAT_START,CONVERGED_FEASIBLE,CONVERGED,PASSED,0.916077374994545,18,1.03342692699999,30,2.76445533131664e-14,5.09259301395559e-13,26,28,0.1755
ATT_T012_000462_1,CALL_T012_000462,1,EDGE_CANDIDATE_SCREEN,2011-02-06 00:00:00,E0018,CAL_008546,14.5,-1684.29857504499,3174.63581931661,FLAT_START,CONVERGED_FEASIBLE,CONVERGED,PASSED,0.914586417124041,18,1.03253897126007,30,3.07531777821168e-14,5.63105118089879e-13,26,28,0.1431
ATT_T012_000463_1,CALL_T012_000463,1,EDGE_CANDIDATE_SCREEN,2011-02-06 00:00:00,E0018,CAL_008547,14.5,-1706.31239046253,3155.14575563232,FLAT_START,CONVERGED_FEASIBLE,CONVERGED,PASSED,0.913080432069168,18,1.03164301468167,30,3.41948691584548e-14,6.23279206024563e-13,26,28,0.1599
ATT_T012_000464_1,CALL_T012_000464,1,EDGE_CANDIDATE_SCREEN,2011-02-06 00:00:00,E0018,CAL_008548,14.5,-1728.46187982791,3135.53557220351,FLAT_START,CONVERGED_FEASIBLE,CONVERGED,PASSED,0.911558926272521,18,1.03073879663265,30,3.80806497446429e-14,6.90891788224235e-13,26,28,0.155
ATT_T012_000465_1,CALL_T012_000465,1,EDGE_CANDIDATE_SCREEN,2011-02-06 00:00:00,E0018,CAL_008549,14.5,-1750.75170662425,3115.8011401874,FLAT_START,CONVERGED_FEASIBLE,CONVERGED,PASSED,0.910021389584708,18,1.0298260484627,30,4.27435864480685e-14,7.66608998503671e-13,26,28,0.1477
ATT_T012_000466_1,CALL_T012_000466,1,EDGE_CANDIDATE_SCREEN,2011-02-06 00:00:00,E0018,CAL_008550,14.5,-1773.18663664839,3095.93824015714,FLAT_START,CONVERGED_FEASIBLE,CONVERGED,PASSED,0.908467294427504,18,1.02890449311648,30,1.87627691161651e-14,9.46132061585558e-13,26,29,0.1403
ATT_T012_000467_1,CALL_T012_000467,1,EDGE_CANDIDATE_SCREEN,2011-02-06 00:00:00,E0018,CAL_008551,14.5,-1795.77154244905,3075.94255817246,FLAT_START,CONVERGED_FEASIBLE,CONVERGED,PASSED,0.90689609490785,18,1.02797384472559,30,2.1094237467878e-14,1.05360165036927e-12,26,29,0.1381
ATT_T012_000468_1,CALL_T012_000468,1,EDGE_CANDIDATE_SCREEN,2011-02-06 00:00:00,E0018,CAL_008552,14.5,-1818.51140794115,3055.80968169433,FLAT_START,CONVERGED_FEASIBLE,CONVERGED,PASSED,0.905307225877686,18,1.02703380817744,30,2.39808173319034e-14,1.17428289314603e-12,26,29,0.1473
ATT_T012_000469_1,CALL_T012_000469,1,EDGE_CANDIDATE_SCREEN,2011-02-06 00:00:00,E0018,CAL_008553,14.5,-1841.41133320616,3035.53509533503,FLAT_START,CONVERGED_FEASIBLE,CONVERGED,PASSED,0.903700101937364,18,1.02608407865981,30,2.67563748934663e-14,1.31072930287246e-12,26,29,0.1662
ATT_T012_000470_1,CALL_T012_000470,1,EDGE_CANDIDATE_SCREEN,2011-02-06 00:00:00,E0018,CAL_008554,14.5,-1864.47653948845,3015.11417643448,FLAT_START,CONVERGED_FEASIBLE,CONVERGED,PASSED,0.902074116377041,18,1.02512434117911,30,3.03090885722668e-14,1.46516132559782e-12,26,29,0.1399
ATT_T012_000471_1,CALL_T012_000471,1,LOCAL_REENTRY_STENCIL,2011-02-06 00:00:00,E0018,CAL_008525,14.75,-1245.80911469383,3562.52119378429,FLAT_START,CONVERGED_FEASIBLE,CONVERGED,PASSED,0.943389090651377,18,1.04984717724671,30,1.4432899320127e-14,7.6350037403472e-13,24,27,0.1675
ATT_T012_000472_1,CALL_T012_000472,1,LOCAL_REENTRY_STENCIL,2011-02-06 00:00:00,E0018,CAL_008525,14.25,-1246.14055714769,3562.89555443897,FLAT_START,CONVERGED_FEASIBLE,CONVERGED,PASSED,0.943376179414973,18,1.04985216383136,30,1.4210854715202e-14,7.64499574756883e-13,24,27,0.133
ATT_T012_000473_1,CALL_T012_000473,1,ANCHOR_SEARCH,2011-02-06 00:00:00,E0019,CAL_008556,0,-1897.32420555956,3005.39864943811,FLAT_START,CONVERGED_FEASIBLE,CONVERGED,PASSED,0.900005702023192,18,1.02429340932118,30,3.5527136788005e-14,6.13953332617712e-13,27,29,0.149
ATT_T012_000474_1,CALL_T012_000474,1,ANCHOR_SEARCH,2011-02-06 00:00:00,E0019,CAL_008556,0.5,-1896.83700645812,3005.51106400816,FLAT_START,CONVERGED_FEASIBLE,CONVERGED,PASSED,0.900036047087453,18,1.02430487887177,30,3.56381590904675e-14,6.12510042685699e-13,27,29,0.1476
ATT_T012_000475_1,CALL_T012_000475,1,ANCHOR_SEARCH,2011-02-06 00:00:00,E0019,CAL_008556,1,-1896.34980735669,3005.62347857822,FLAT_START,CONVERGED_FEASIBLE,CONVERGED,PASSED,0.900066389446015,18,1.02431634754449,30,3.54161144855425e-14,6.10844708148761e-13,27,29,0.1706
ATT_T012_000476_1,CALL_T012_000476,1,ANCHOR_SEARCH,2011-02-06 00:00:00,E0019,CAL_008556,2,-1895.37540915382,3005.84830771832,FLAT_START,CONVERGED_FEASIBLE,CONVERGED,PASSED,0.900127066048718,18,1.02433928225714,30,3.530509218308e-14,6.07958128284736e-13,27,29,0.1492
ATT_T012_000477_1,CALL_T012_000477,1,ANCHOR_SEARCH,2011-02-06 00:00:00,E0019,CAL_008556,4,-1893.42661274807,3006.29796599854,FLAT_START,CONVERGED_FEASIBLE,CONVERGED,PASSED,0.900248386815193,18,1.02438514115698,30,3.48610029732299e-14,6.0240701316161e-13,27,29,0.1915
ATT_T012_000478_1,CALL_T012_000478,1,ANCHOR_SEARCH,2011-02-06 00:00:00,E0019,CAL_008556,3,-1894.40101095095,3006.07313685843,FLAT_START,CONVERGED_FEASIBLE,CONVERGED,PASSED,0.900187731836659,18,1.02436221346076,30,3.51940698806175e-14,6.05293593025635e-13,27,29,0.1475
ATT_T012_000479_1,CALL_T012_000479,1,ANCHOR_SEARCH,2011-02-06 00:00:00,E0019,CAL_008556,2.5,-1894.88821005238,3005.96072228838,FLAT_START,CONVERGED_FEASIBLE,CONVERGED,PASSED,0.900157400294199,18,1.02435074829748,30,3.50830475781549e-14,6.06514838352723e-13,27,29,0.145
ATT_T012_000480_1,CALL_T012_000480,1,ANCHOR_SEARCH,2011-02-06 00:00:00,E0019,CAL_008556,2.25,-1895.1318096031,3005.90451500335,FLAT_START,CONVERGED_FEASIBLE,CONVERGED,PASSED,0.900142233509378,18,1.02434501538696,30,3.51940698806175e-14,6.06847905260111e-13,27,29,0.1436
ATT_T012_000481_1,CALL_T012_000481,1,EDGE_CANDIDATE_SCREEN,2011-02-06 00:00:00,E0019,CAL_008557,2.5,-1881.77107976617,2949.11173833712,FLAT_START,CONVERGED_FEASIBLE,CONVERGED,PASSED,0.900169720714298,18,1.02298423042357,30,3.37507799486048e-14,5.79536418854332e-13,27,29,0.1671
ATT_T012_000482_1,CALL_T012_000482,1,EDGE_CANDIDATE_SCREEN,2011-02-06 00:00:00,E0019,CAL_008558,2.5,-1868.95283578588,2893.5581126264,FLAT_START,CONVERGED_FEASIBLE,CONVERGED,PASSED,0.900178820865508,18,1.02164369426698,30,3.1863400806742e-14,5.53890266985491e-13,27,29,0.1409
ATT_T012_000483_1,CALL_T012_000483,1,EDGE_CANDIDATE_SCREEN,2011-02-06 00:00:00,E0019,CAL_008559,2.5,-1856.42149048793,2839.24789139764,FLAT_START,CONVERGED_FEASIBLE,CONVERGED,PASSED,0.900184894292854,18,1.02032819536322,30,3.04201108747293e-14,1.48314693859675e-12,26,29,0.1794
ATT_T012_000484_1,CALL_T012_000484,1,EDGE_CANDIDATE_SCREEN,2011-02-06 00:00:00,E0019,CAL_008560,2.5,-1844.16567243546,2786.13179141452,FLAT_START,CONVERGED_FEASIBLE,CONVERGED,PASSED,0.900188120918498,18,1.01903683245893,30,2.93098878501041e-14,1.42319489526699e-12,26,29,0.1435
ATT_T012_000485_1,CALL_T012_000485,1,EDGE_CANDIDATE_SCREEN,2011-02-06 00:00:00,E0019,CAL_008561,2.5,-1832.17458695489,2734.16302910379,FLAT_START,CONVERGED_FEASIBLE,CONVERGED,PASSED,0.900188668121137,18,1.01776874501635,30,2.78665979180914e-14,1.36723965482588e-12,26,29,0.1466
ATT_T012_000486_1,CALL_T012_000486,1,EDGE_CANDIDATE_SCREEN,2011-02-06 00:00:00,E0019,CAL_008562,2.5,-1820.43797969501,2683.29716262225,FLAT_START,CONVERGED_FEASIBLE,CONVERGED,PASSED,0.900186691718225,18,1.01652311088813,30,2.68673971959288e-14,1.31450406115619e-12,26,29,0.1614
ATT_T012_000487_1,CALL_T012_000487,1,EDGE_CANDIDATE_SCREEN,2011-02-06 00:00:00,E0019,CAL_008563,2.5,-1808.94610290846,2633.49194572242,FLAT_START,CONVERGED_FEASIBLE,CONVERGED,PASSED,0.900182336860788,18,1.01529914414912,30,2.56461518688411e-14,1.26509913656037e-12,26,29,0.1486
ATT_T012_000488_1,CALL_T012_000488,1,EDGE_CANDIDATE_SCREEN,2011-02-06 00:00:00,E0019,CAL_008564,2.5,-1797.68968422114,2584.70719240053,FLAT_START,CONVERGED_FEASIBLE,CONVERGED,PASSED,0.900175738849567,18,1.01409609307287,30,2.4535928844216e-14,1.21858079182857e-12,26,29,0.1409
ATT_T012_000489_1,CALL_T012_000489,1,EDGE_CANDIDATE_SCREEN,2011-02-06 00:00:00,E0019,CAL_008565,2.5,-1786.65989767771,2536.90465140936,FLAT_START,CONVERGED_FEASIBLE,CONVERGED,PASSED,0.900167023880204,18,1.01291323824156,30,2.35367281220533e-14,1.17506004926327e-12,26,29,0.1489
ATT_T012_000490_1,CALL_T012_000490,1,LOCAL_REENTRY_STENCIL,2011-02-06 00:00:00,E0019,CAL_008556,2.75,-1894.64461050166,3006.0169295734,FLAT_START,CONVERGED_FEASIBLE,CONVERGED,PASSED,0.900172566403265,18,1.02435648098874,30,3.51940698806175e-14,6.06070749142873e-13,27,29,0.1452
ATT_T012_000491_1,CALL_T012_000491,1,LOCAL_REENTRY_STENCIL,2011-02-06 00:00:00,E0019,CAL_008556,2.25,-1895.1318096031,3005.90451500335,FLAT_START,CONVERGED_FEASIBLE,CONVERGED,PASSED,0.900142233509378,18,1.02434501538696,30,3.51940698806175e-14,6.06847905260111e-13,27,29,0.14
ATT_T012_000492_1,CALL_T012_000492,1,ANCHOR_SEARCH,2011-02-06 00:00:00,E0020,CAL_008567,0,-1778.28433237905,2489.48581695602,FLAT_START,CONVERGED_FEASIBLE,CONVERGED,PASSED,0.900005584684902,18,1.0116919530155,30,2.29816166097407e-14,1.14708242904271e-12,26,29,0.1881
ATT_T012_000493_1,CALL_T012_000493,1,ANCHOR_SEARCH,2011-02-06 00:00:00,E0020,CAL_008567,0.5,-1777.79801051353,2489.60196790573,FLAT_START,CONVERGED_FEASIBLE,CONVERGED,PASSED,0.90003573504175,18,1.01170363498651,30,2.30926389122033e-14,1.14430687148115e-12,26,29,0.1481
ATT_T012_000494_1,CALL_T012_000494,1,ANCHOR_SEARCH,2011-02-06 00:00:00,E0020,CAL_008567,1,-1777.31168864801,2489.71811885544,FLAT_START,CONVERGED_FEASIBLE,CONVERGED,PASSED,0.900065882750108,18,1.01171531607888,30,2.30926389122033e-14,1.1420864254319e-12,26,29,0.1447
ATT_T012_000495_1,CALL_T012_000495,1,ANCHOR_SEARCH,2011-02-06 00:00:00,E0020,CAL_008567,2,-1776.33904491698,2489.95042075486,FLAT_START,CONVERGED_FEASIBLE,CONVERGED,PASSED,0.900126170223934,18,1.01173867562851,30,2.29816166097407e-14,1.13631326570385e-12,26,29,0.1415
ATT_T012_000496_1,CALL_T012_000496,1,ANCHOR_SEARCH,2011-02-06 00:00:00,E0020,CAL_008567,4,-1774.3937574549,2490.4150245537,FLAT_START,CONVERGED_FEASIBLE,CONVERGED,PASSED,0.900246713418094,18,1.01178538419295,30,2.27595720048157e-14,1.12576614696991e-12,26,29,0.1411
ATT_T012_000497_1,CALL_T012_000497,1,ANCHOR_SEARCH,2011-02-06 00:00:00,E0020,CAL_008567,3,-1775.36640118594,2490.18272265428,FLAT_START,CONVERGED_FEASIBLE,CONVERGED,PASSED,0.900186447111543,18,1.011762031666,30,2.28705943072782e-14,1.13109521748811e-12,26,29,0.1409
ATT_T012_000498_1,CALL_T012_000498,1,ANCHOR_SEARCH,2011-02-06 00:00:00,E0020,CAL_008567,2.5,-1775.85272305146,2490.06657170457,FLAT_START,CONVERGED_FEASIBLE,CONVERGED,PASSED,0.900156309990694,18,1.01175035408618,30,2.26485497023532e-14,1.13387077504967e-12,26,29,0.1452
ATT_T012_000499_1,CALL_T012_000499,1,ANCHOR_SEARCH,2011-02-06 00:00:00,E0020,CAL_008567,2.25,-1776.09588398422,2490.00849622972,FLAT_START,CONVERGED_FEASIBLE,CONVERGED,PASSED,0.900141240438093,18,1.01174451496709,30,2.28705943072782e-14,1.13542508728415e-12,26,29,0.1653
ATT_T012_000500_1,CALL_T012_000500,1,EDGE_CANDIDATE_SCREEN,2011-02-06 00:00:00,E0020,CAL_008568,2.5,-1764.78945025042,2443.74485431211,FLAT_START,CONVERGED_FEASIBLE,CONVERGED,PASSED,0.900165593505144,18,1.01060290164385,30,2.18713935851156e-14,1.09279252313854e-12,26,29,0.139
ATT_T012_000501_1,CALL_T012_000501,1,EDGE_CANDIDATE_SCREEN,2011-02-06 00:00:00,E0020,CAL_008569,2.5,-1753.94203017211,2398.32690825392,FLAT_START,CONVERGED_FEASIBLE,CONVERGED,PASSED,0.900172604850703,18,1.00947412751237,30,2.09832151654155e-14,1.05404573957912e-12,26,29,0.1405
ATT_T012_000502_1,CALL_T012_000502,1,EDGE_CANDIDATE_SCREEN,2011-02-06 00:00:00,E0020,CAL_008570,2.5,-1743.30260189433,2353.77981999499,FLAT_START,CONVERGED_FEASIBLE,CONVERGED,PASSED,0.900177461496123,18,1.00836340378327,30,2.02060590481778e-14,1.01763042437142e-12,26,29,0.1401
ATT_T012_000503_1,CALL_T012_000503,1,EDGE_CANDIDATE_SCREEN,2011-02-06 00:00:00,E0020,CAL_008571,2.5,-1732.86366527248,2310.07218656941,FLAT_START,CONVERGED_FEASIBLE,CONVERGED,PASSED,0.90018027348286,18,1.0072701283113,30,1.95399252334028e-14,9.83213510608039e-13,26,29,0.1797
ATT_T012_000504_1,CALL_T012_000504,1,EDGE_CANDIDATE_SCREEN,2011-02-06 00:00:00,E0020,CAL_008572,2.5,-1722.6180601537,2267.17402855038,FLAT_START,CONVERGED_FEASIBLE,CONVERGED,PASSED,0.900181143950627,18,1.00619372335997,30,1.89848137210902e-14,9.50350909079134e-13,26,29,0.1459
ATT_T012_000505_1,CALL_T012_000505,1,EDGE_CANDIDATE_SCREEN,2011-02-06 00:00:00,E0020,CAL_008573,2.5,-1712.55894700546,2225.05670894241,FLAT_START,CONVERGED_FEASIBLE,CONVERGED,PASSED,0.900180169620457,18,1.00513363433088,30,1.80966353013901e-14,9.19819775901942e-13,26,29,0.1787
ATT_T012_000506_1,CALL_T012_000506,1,EDGE_CANDIDATE_SCREEN,2011-02-06 00:00:00,E0020,CAL_008574,2.5,-1702.67978884733,2183.69285753013,FLAT_START,CONVERGED_FEASIBLE,CONVERGED,PASSED,0.900177441239212,18,1.00408932857092,30,4.45199432874688e-14,8.02580224501526e-13,26,28,0.1389
ATT_T012_000507_1,CALL_T012_000507,1,EDGE_CANDIDATE_SCREEN,2011-02-06 00:00:00,E0020,CAL_008575,2.5,-1692.97433438476,2143.05630025943,FLAT_START,CONVERGED_FEASIBLE,CONVERGED,PASSED,0.900173043988471,18,1.00306029425153,30,4.32986979603811e-14,7.77267139540072e-13,26,28,0.1371
ATT_T012_000508_1,CALL_T012_000508,1,EDGE_CANDIDATE_SCREEN,2011-02-06 00:00:00,E0020,CAL_008576,2.5,-1683.43660225219,2103.12199326413,FLAT_START,CONVERGED_FEASIBLE,CONVERGED,PASSED,0.900167057862246,18,1.00204603931546,30,4.18554080283684e-14,7.53619389115556e-13,26,28,0.1367
ATT_T012_000509_1,CALL_T012_000509,1,LOCAL_REENTRY_STENCIL,2011-02-06 00:00:00,E0020,CAL_008567,2.75,-1775.6095621187,2490.12464717943,FLAT_START,CONVERGED_FEASIBLE,CONVERGED,PASSED,0.900171378881817,18,1.01175619298581,30,2.27595720048157e-14,1.13220544051273e-12,26,29,0.1417
ATT_T012_000510_1,CALL_T012_000510,1,LOCAL_REENTRY_STENCIL,2011-02-06 00:00:00,E0020,CAL_008567,2.25,-1776.09588398422,2490.00849622972,FLAT_START,CONVERGED_FEASIBLE,CONVERGED,PASSED,0.900141240438093,18,1.01174451496709,30,2.28705943072782e-14,1.13542508728415e-12,26,29,0.1439
ATT_T012_000511_1,CALL_T012_000511,1,ANCHOR_SEARCH,2011-02-06 00:00:00,E0021,CAL_008588,0,-1587.79469224149,1701.97513217605,FLAT_START,CONVERGED_FEASIBLE,CONVERGED,PASSED,0.900004118687392,18,1,1,3.01980662698043e-14,5.57442980664291e-13,26,28,0.1462
ATT_T012_000512_1,CALL_T012_000512,1,ANCHOR_SEARCH,2011-02-06 00:00:00,E0021,CAL_008588,0.5,-1587.30911001162,1702.0943374529,FLAT_START,CONVERGED_FEASIBLE,CONVERGED,PASSED,0.900033978085124,18,1,1,3.01980662698043e-14,5.56443779942128e-13,26,28,0.1566
ATT_T012_000513_1,CALL_T012_000513,1,ANCHOR_SEARCH,2011-02-06 00:00:00,E0021,CAL_008588,1,-1586.82352778174,1702.21354272976,FLAT_START,CONVERGED_FEASIBLE,CONVERGED,PASSED,0.90006383491722,18,1,1,2.98649993624167e-14,5.54889467707653e-13,26,28,0.1403
ATT_T012_000514_1,CALL_T012_000514,1,ANCHOR_SEARCH,2011-02-06 00:00:00,E0021,CAL_008588,2,-1585.85236332199,1702.45195328347,FLAT_START,CONVERGED_FEASIBLE,CONVERGED,PASSED,0.900123540886945,18,1,1,2.98649993624167e-14,5.52446977053478e-13,26,28,0.1406
ATT_T012_000515_1,CALL_T012_000515,1,ANCHOR_SEARCH,2011-02-06 00:00:00,E0021,CAL_008588,4,-1583.91003440249,1702.92877439089,FLAT_START,CONVERGED_FEASIBLE,CONVERGED,PASSED,0.900242922065621,18,1,1,2.94209101525666e-14,5.47339951140202e-13,26,28,0.1405
ATT_T012_000516_1,CALL_T012_000516,1,ANCHOR_SEARCH,2011-02-06 00:00:00,E0021,CAL_008588,3,-1584.88119886224,1702.69036383718,FLAT_START,CONVERGED_FEASIBLE,CONVERGED,PASSED,0.900183236601453,18,1,1,2.97539770599542e-14,5.49782441794378e-13,26,28,0.1387
ATT_T012_000517_1,CALL_T012_000517,1,ANCHOR_SEARCH,2011-02-06 00:00:00,E0021,CAL_008588,2.5,-1585.36678109212,1702.57115856032,FLAT_START,CONVERGED_FEASIBLE,CONVERGED,PASSED,0.900153390025796,18,1,1,2.96429547574917e-14,5.51114709423928e-13,26,28,0.14
ATT_T012_000518_1,CALL_T012_000518,1,ANCHOR_SEARCH,2011-02-06 00:00:00,E0021,CAL_008588,2.25,-1585.60957220705,1702.5115559219,FLAT_START,CONVERGED_FEASIBLE,CONVERGED,PASSED,0.900138465776808,18,1,1,2.97539770599542e-14,5.51891865541165e-13,26,28,0.1429
ATT_T012_000519_1,CALL_T012_000519,1,EDGE_CANDIDATE_SCREEN,2011-02-06 00:00:00,E0021,CAL_008578,2.5,-1674.06456445964,2063.88123282023,FLAT_START,CONVERGED_FEASIBLE,CONVERGED,PASSED,0.900159558286113,18,1.00104647918593,30,4.04121180963557e-14,7.31192884018128e-13,26,28,0.1385
ATT_T012_000520_1,CALL_T012_000520,1,EDGE_CANDIDATE_SCREEN,2011-02-06 00:00:00,E0021,CAL_008579,2.5,-1664.53922441949,2025.07979735485,FLAT_START,CONVERGED_FEASIBLE,CONVERGED,PASSED,0.900165600230514,18,1.00005968199,30,3.9190872769268e-14,7.08877401223162e-13,26,28,0.1372
ATT_T012_000521_1,CALL_T012_000521,1,EDGE_CANDIDATE_SCREEN,2011-02-06 00:00:00,E0021,CAL_008580,2.5,-1655.17283329455,1986.92583967504,FLAT_START,CONVERGED_FEASIBLE,CONVERGED,PASSED,0.900169984233173,18,1,1,3.78586051397178e-14,6.8800520836021e-13,26,28,0.17
ATT_T012_000522_1,CALL_T012_000522,1,EDGE_CANDIDATE_SCREEN,2011-02-06 00:00:00,E0021,CAL_008581,2.5,-1645.96005390459,1949.39761879792,FLAT_START,CONVERGED_FEASIBLE,CONVERGED,PASSED,0.900172784029653,18,1,1,3.66373598126302e-14,6.68021193916957e-13,26,28,0.1466
ATT_T012_000523_1,CALL_T012_000523,1,EDGE_CANDIDATE_SCREEN,2011-02-06 00:00:00,E0021,CAL_008582,2.5,-1636.89576875877,1912.47428864456,FLAT_START,CONVERGED_FEASIBLE,CONVERGED,PASSED,0.900174069104368,18,1,1,3.56381590904675e-14,6.48703313288479e-13,26,28,0.138
ATT_T012_000524_1,CALL_T012_000524,1,EDGE_CANDIDATE_SCREEN,2011-02-06 00:00:00,E0021,CAL_008583,2.5,-1627.97506854628,1876.13585115657,FLAT_START,CONVERGED_FEASIBLE,CONVERGED,PASSED,0.900173904960903,18,1,1,3.45279360658424e-14,6.30495655684626e-13,26,28,0.1361
ATT_T012_000525_1,CALL_T012_000525,1,EDGE_CANDIDATE_SCREEN,2011-02-06 00:00:00,E0021,CAL_008584,2.5,-1619.19324133635,1840.36311230231,FLAT_START,CONVERGED_FEASIBLE,CONVERGED,PASSED,0.900172353372511,18,1,1,3.33066907387547e-14,6.13065154198011e-13,26,28,0.1362
ATT_T012_000526_1,CALL_T012_000526,1,EDGE_CANDIDATE_SCREEN,2011-02-06 00:00:00,E0021,CAL_008585,2.5,-1610.54576243688,1805.13764076619,FLAT_START,CONVERGED_FEASIBLE,CONVERGED,PASSED,0.900169472614436,18,1,1,3.24185123190546e-14,5.96744875736022e-13,26,28,0.1368
ATT_T012_000527_1,CALL_T012_000527,1,EDGE_CANDIDATE_SCREEN,2011-02-06 00:00:00,E0021,CAL_008586,2.5,-1602.02828486523,1770.44172913142,FLAT_START,CONVERGED_FEASIBLE,CONVERGED,PASSED,0.90016531767952,18,1,1,3.14193115968919e-14,5.80646641878957e-13,26,28,0.1608
ATT_T012_000528_1,CALL_T012_000528,1,EDGE_CANDIDATE_SCREEN,2011-02-06 00:00:00,E0021,CAL_008587,2.5,-1593.63663038826,1736.25835738159,FLAT_START,CONVERGED_FEASIBLE,CONVERGED,PASSED,0.900159940478439,18,1,1,3.06421554796543e-14,5.65547608744055e-13,26,28,0.1631
ATT_T012_000529_1,CALL_T012_000529,1,LOCAL_REENTRY_STENCIL,2011-02-06 00:00:00,E0021,CAL_008588,2.75,-1585.12398997718,1702.63076119875,FLAT_START,CONVERGED_FEASIBLE,CONVERGED,PASSED,0.900168313633985,18,1,1,2.98649993624167e-14,5.50559597911615e-13,26,28,0.1486
ATT_T012_000530_1,CALL_T012_000530,1,LOCAL_REENTRY_STENCIL,2011-02-06 00:00:00,E0021,CAL_008588,2.25,-1585.60957220705,1702.5115559219,FLAT_START,CONVERGED_FEASIBLE,CONVERGED,PASSED,0.900138465776808,18,1,1,2.97539770599542e-14,5.51891865541165e-13,26,28,0.1724
ATT_T012_000531_1,CALL_T012_000531,1,ANCHOR_SEARCH,2011-02-06 00:00:00,E0022,CAL_008598,0,-1516.13957021765,1417.85849513877,FLAT_START,CONVERGED_FEASIBLE,CONVERGED,PASSED,0.900009283082084,18,1,1,2.37587727269783e-14,4.4619863359685e-13,26,28,0.1507
ATT_T012_000532_1,CALL_T012_000532,1,ANCHOR_SEARCH,2011-02-06 00:00:00,E0022,CAL_008598,0.5,-1515.65475133824,1417.98076800644,FLAT_START,CONVERGED_FEASIBLE,CONVERGED,PASSED,0.900039039503038,18,1,1,2.36477504245158e-14,4.44977388269763e-13,26,28,0.154
ATT_T012_000533_1,CALL_T012_000533,1,ANCHOR_SEARCH,2011-02-06 00:00:00,E0022,CAL_008598,1,-1515.16993245883,1418.10304087411,FLAT_START,CONVERGED_FEASIBLE,CONVERGED,PASSED,0.900068793388923,18,1,1,2.35367281220533e-14,4.4442227675745e-13,26,28,0.1913
ATT_T012_000534_1,CALL_T012_000534,1,ANCHOR_SEARCH,2011-02-06 00:00:00,E0022,CAL_008598,2,-1514.20029470001,1418.34758660945,FLAT_START,CONVERGED_FEASIBLE,CONVERGED,PASSED,0.90012829355788,18,1,1,2.34257058195908e-14,4.42090808405737e-13,26,28,0.1459
ATT_T012_000535_1,CALL_T012_000535,1,ANCHOR_SEARCH,2011-02-06 00:00:00,E0022,CAL_008598,4,-1512.26101918238,1418.83667808014,FLAT_START,CONVERGED_FEASIBLE,CONVERGED,PASSED,0.900247263501268,18,1,1,2.30926389122033e-14,4.37427871702312e-13,26,28,0.1415
ATT_T012_000536_1,CALL_T012_000536,1,ANCHOR_SEARCH,2011-02-06 00:00:00,E0022,CAL_008598,3,-1513.2306569412,1418.59213234479,FLAT_START,CONVERGED_FEASIBLE,CONVERGED,PASSED,0.900187783593736,18,1,1,2.33146835171283e-14,4.39648317751562e-13,26,28,0.1417
ATT_T012_000537_1,CALL_T012_000537,1,ANCHOR_SEARCH,2011-02-06 00:00:00,E0022,CAL_008598,2.5,-1513.7154758206,1418.46985947712,FLAT_START,CONVERGED_FEASIBLE,CONVERGED,PASSED,0.900158039842147,18,1,1,2.32036612146658e-14,4.40536496171262e-13,26,28,0.141
ATT_T012_000538_1,CALL_T012_000538,1,ANCHOR_SEARCH,2011-02-06 00:00:00,E0022,CAL_008598,2.25,-1513.95788526031,1418.40872304329,FLAT_START,CONVERGED_FEASIBLE,CONVERGED,PASSED,0.900143167016635,18,1,1,2.33146835171283e-14,4.41535696893425e-13,26,28,0.1397
ATT_T012_000539_1,CALL_T012_000539,1,EDGE_CANDIDATE_SCREEN,2011-02-06 00:00:00,E0022,CAL_008590,2.5,-1576.96287296682,1669.24938885339,FLAT_START,CONVERGED_FEASIBLE,CONVERGED,PASSED,0.900158638528489,18,1,1,2.88657986402541e-14,5.36570787801338e-13,26,28,0.1674
ATT_T012_000540_1,CALL_T012_000540,1,EDGE_CANDIDATE_SCREEN,2011-02-06 00:00:00,E0022,CAL_008591,2.5,-1568.67501409412,1636.38755672411,FLAT_START,CONVERGED_FEASIBLE,CONVERGED,PASSED,0.900162598269449,18,1,1,2.8199664825479e-14,5.22804022295986e-13,26,28,0.1457
ATT_T012_000541_1,CALL_T012_000541,1,EDGE_CANDIDATE_SCREEN,2011-02-06 00:00:00,E0022,CAL_008592,2.5,-1560.50324024588,1603.98600832374,FLAT_START,CONVERGED_FEASIBLE,CONVERGED,PASSED,0.900165318476911,18,1,1,2.73114864057789e-14,5.09925435210334e-13,26,28,0.1394
ATT_T012_000542_1,CALL_T012_000542,1,EDGE_CANDIDATE_SCREEN,2011-02-06 00:00:00,E0022,CAL_008593,2.5,-1552.44391050459,1572.03030720709,FLAT_START,CONVERGED_FEASIBLE,CONVERGED,PASSED,0.900166845486513,18,1,1,2.66453525910038e-14,4.97157870427145e-13,26,28,0.137
ATT_T012_000543_1,CALL_T012_000543,1,EDGE_CANDIDATE_SCREEN,2011-02-06 00:00:00,E0022,CAL_008594,2.5,-1544.49351726261,1540.50654551032,FLAT_START,CONVERGED_FEASIBLE,CONVERGED,PASSED,0.900167223176425,18,1,1,2.59792187762287e-14,4.84612350248881e-13,26,28,0.1367
ATT_T012_000544_1,CALL_T012_000544,1,EDGE_CANDIDATE_SCREEN,2011-02-06 00:00:00,E0022,CAL_008595,2.5,-1536.64867984882,1509.40131867994,FLAT_START,CONVERGED_FEASIBLE,CONVERGED,PASSED,0.900166493106727,18,1,1,2.53130849614536e-14,4.72955008490317e-13,26,28,0.138
ATT_T012_000545_1,CALL_T012_000545,1,EDGE_CANDIDATE_SCREEN,2011-02-06 00:00:00,E0022,CAL_008596,2.5,-1528.90613850984,1478.70170160833,FLAT_START,CONVERGED_FEASIBLE,CONVERGED,PASSED,0.900164694649517,18,1,1,2.46469511466785e-14,4.61741755941603e-13,26,28,0.1592
ATT_T012_000546_1,CALL_T012_000546,1,EDGE_CANDIDATE_SCREEN,2011-02-06 00:00:00,E0022,CAL_008597,2.5,-1521.26274872317,1448.39522608477,FLAT_START,CONVERGED_FEASIBLE,CONVERGED,PASSED,0.90016186511042,18,1,1,2.40918396343659e-14,4.51194637207664e-13,26,28,0.1391
ATT_T012_000547_1,CALL_T012_000547,1,LOCAL_REENTRY_STENCIL,2011-02-06 00:00:00,E0022,CAL_008598,2.75,-1513.4730663809,1418.53099591096,FLAT_START,CONVERGED_FEASIBLE,CONVERGED,PASSED,0.900172912034489,18,1,1,2.33146835171283e-14,4.3998138465895e-13,26,28,0.1376
ATT_T012_000548_1,CALL_T012_000548,1,LOCAL_REENTRY_STENCIL,2011-02-06 00:00:00,E0022,CAL_008598,2.25,-1513.95788526031,1418.40872304329,FLAT_START,CONVERGED_FEASIBLE,CONVERGED,PASSED,0.900143167016635,18,1,1,2.33146835171283e-14,4.41535696893425e-13,26,28,0.1614
ATT_T012_000549_1,CALL_T012_000549,1,ANCHOR_SEARCH,2011-02-06 00:00:00,E0023,CAL_008600,0,-1508.68548429932,1388.30262022736,FLAT_START,CONVERGED_FEASIBLE,CONVERGED,PASSED,0.900004546665624,18,1,1,2.33146835171283e-14,4.35984581770299e-13,26,28,0.1508
ATT_T012_000550_1,CALL_T012_000550,1,ANCHOR_SEARCH,2011-02-06 00:00:00,E0023,CAL_008600,0.5,-1508.20136555979,1388.42763641046,FLAT_START,CONVERGED_FEASIBLE,CONVERGED,PASSED,0.900034292876667,18,1,1,2.29816166097407e-14,4.34985381048136e-13,26,28,0.1438
ATT_T012_000551_1,CALL_T012_000551,1,ANCHOR_SEARCH,2011-02-06 00:00:00,E0023,CAL_008600,1,-1507.71724682026,1388.55265259356,FLAT_START,CONVERGED_FEASIBLE,CONVERGED,PASSED,0.900064036557423,18,1,1,2.29816166097407e-14,4.33875158023511e-13,26,28,0.2118
ATT_T012_000552_1,CALL_T012_000552,1,ANCHOR_SEARCH,2011-02-06 00:00:00,E0023,CAL_008600,2,-1506.74900934121,1388.80268495976,FLAT_START,CONVERGED_FEASIBLE,CONVERGED,PASSED,0.900123516330461,18,1,1,2.28705943072782e-14,1.2445600106048e-12,25,28,0.1411
ATT_T012_000553_1,CALL_T012_000553,1,ANCHOR_SEARCH,2011-02-06 00:00:00,E0023,CAL_008600,4,-1504.81253438309,1389.30274969217,FLAT_START,CONVERGED_FEASIBLE,CONVERGED,PASSED,0.900242445539314,18,1,1,2.27595720048157e-14,1.23312471345116e-12,25,28,0.1568
ATT_T012_000554_1,CALL_T012_000554,1,ANCHOR_SEARCH,2011-02-06 00:00:00,E0023,CAL_008600,3,-1505.78077186215,1389.05271732597,FLAT_START,CONVERGED_FEASIBLE,CONVERGED,PASSED,0.900182985989504,18,1,1,2.26485497023532e-14,1.23867582857429e-12,25,28,0.1425
ATT_T012_000555_1,CALL_T012_000555,1,ANCHOR_SEARCH,2011-02-06 00:00:00,E0023,CAL_008600,2.5,-1506.26489060168,1388.92770114287,FLAT_START,CONVERGED_FEASIBLE,CONVERGED,PASSED,0.900153252423935,18,1,1,2.29816166097407e-14,1.2418954753457e-12,25,28,0.1466
ATT_T012_000556_1,CALL_T012_000556,1,ANCHOR_SEARCH,2011-02-06 00:00:00,E0023,CAL_008600,2.25,-1506.50694997144,1388.86519305131,FLAT_START,CONVERGED_FEASIBLE,CONVERGED,PASSED,0.900138384693223,18,1,1,2.28705943072782e-14,1.24300569837033e-12,25,28,0.1785
ATT_T012_000557_1,CALL_T012_000557,1,EDGE_CANDIDATE_SCREEN,2011-02-06 00:00:00,E0023,CAL_008601,2.5,-1498.70634100384,1359.65760655827,FLAT_START,CONVERGED_FEASIBLE,CONVERGED,PASSED,0.900157686930257,18,1,1,2.22044604925031e-14,1.21380683282268e-12,25,28,0.1593
ATT_T012_000558_1,CALL_T012_000558,1,EDGE_CANDIDATE_SCREEN,2011-02-06 00:00:00,E0023,CAL_008602,2.5,-1491.23920540125,1330.74150796891,FLAT_START,CONVERGED_FEASIBLE,CONVERGED,PASSED,0.900161085110011,18,1,1,2.18713935851156e-14,1.18716148023168e-12,25,28,0.1915
ATT_T012_000559_1,CALL_T012_000559,1,EDGE_CANDIDATE_SCREEN,2011-02-06 00:00:00,E0023,CAL_008603,2.5,-1483.86071837968,1302.16869645039,FLAT_START,CONVERGED_FEASIBLE,CONVERGED,PASSED,0.900163480295537,18,1,1,2.12052597703405e-14,1.16151532836284e-12,25,28,0.1686
ATT_T012_000560_1,CALL_T012_000560,1,EDGE_CANDIDATE_SCREEN,2011-02-06 00:00:00,E0023,CAL_008604,2.5,-1476.56820649199,1273.92881921613,FLAT_START,CONVERGED_FEASIBLE,CONVERGED,PASSED,0.900164904146637,18,1,1,2.06501482580279e-14,1.1367573549137e-12,25,28,0.1423
ATT_T012_000561_1,CALL_T012_000561,1,EDGE_CANDIDATE_SCREEN,2011-02-06 00:00:00,E0023,CAL_008605,2.5,-1469.35908412694,1246.01186361962,FLAT_START,CONVERGED_FEASIBLE,CONVERGED,PASSED,0.900165386736851,18,1,1,1.99840144432528e-14,1.11310960448918e-12,25,28,0.1376
ATT_T012_000562_1,CALL_T012_000562,1,EDGE_CANDIDATE_SCREEN,2011-02-06 00:00:00,E0023,CAL_008606,2.5,-1462.23084959049,1218.40814197935,FLAT_START,CONVERGED_FEASIBLE,CONVERGED,PASSED,0.900164956634379,18,1,1,1.98729921407903e-14,1.09001696557698e-12,25,28,0.1366
ATT_T012_000563_1,CALL_T012_000563,1,EDGE_CANDIDATE_SCREEN,2011-02-06 00:00:00,E0023,CAL_008607,2.5,-1455.18108138666,1191.10827717661,FLAT_START,CONVERGED_FEASIBLE,CONVERGED,PASSED,0.900163640978,18,1,1,1.92068583260152e-14,1.06847863889925e-12,25,28,0.1742
ATT_T012_000564_1,CALL_T012_000564,1,EDGE_CANDIDATE_SCREEN,2011-02-06 00:00:00,E0023,CAL_008608,2.5,-1448.20743468593,1164.10318897977,FLAT_START,CONVERGED_FEASIBLE,CONVERGED,PASSED,0.900161465548356,18,1,1,1.87627691161651e-14,1.04638520070921e-12,25,28,0.1905
ATT_T012_000565_1,CALL_T012_000565,1,EDGE_CANDIDATE_SCREEN,2011-02-06 00:00:00,E0023,CAL_008609,2.5,-1441.30763797016,1137.38408105161,FLAT_START,CONVERGED_FEASIBLE,CONVERGED,PASSED,0.900158454834866,18,1,1,1.84297022087776e-14,1.02617914166103e-12,25,28,0.1395
ATT_T012_000566_1,CALL_T012_000566,1,EDGE_CANDIDATE_SCREEN,2011-02-06 00:00:00,E0023,CAL_008610,2.5,-1434.47948984338,1110.94242859946,FLAT_START,CONVERGED_FEASIBLE,CONVERGED,PASSED,0.900154632098609,18,1,1,1.80966353013901e-14,1.00652819412517e-12,25,28,0.1372
ATT_T012_000567_1,CALL_T012_000567,1,LOCAL_REENTRY_STENCIL,2011-02-06 00:00:00,E0023,CAL_008600,2.75,-1506.02283123191,1388.99020923442,FLAT_START,CONVERGED_FEASIBLE,CONVERGED,PASSED,0.90016811952267,18,1,1,2.27595720048157e-14,1.2401191185063e-12,25,28,0.139
ATT_T012_000568_1,CALL_T012_000568,1,LOCAL_REENTRY_STENCIL,2011-02-06 00:00:00,E0023,CAL_008600,2.25,-1506.50694997144,1388.86519305131,FLAT_START,CONVERGED_FEASIBLE,CONVERGED,PASSED,0.900138384693223,18,1,1,2.28705943072782e-14,1.24300569837033e-12,25,28,0.1355
ATT_T012_000569_1,CALL_T012_000569,1,ANCHOR_SEARCH,2011-02-06 00:00:00,E0024,CAL_008630,0,-1314.63135173958,650.900280012606,FLAT_START,CONVERGED_FEASIBLE,CONVERGED,PASSED,0.900010596270193,18,1,1,3.28626015289046e-14,6.60249632744581e-13,25,27,0.144
ATT_T012_000570_1,CALL_T012_000570,1,ANCHOR_SEARCH,2011-02-06 00:00:00,E0024,CAL_008630,0.5,-1314.14817083573,651.02887322453,FLAT_START,CONVERGED_FEASIBLE,CONVERGED,PASSED,0.90004008403763,18,1,1,3.28626015289046e-14,6.58695320510105e-13,25,27,0.139
ATT_T012_000571_1,CALL_T012_000571,1,ANCHOR_SEARCH,2011-02-06 00:00:00,E0024,CAL_008630,1,-1313.66498993188,651.157466436454,FLAT_START,CONVERGED_FEASIBLE,CONVERGED,PASSED,0.900069569348031,18,1,1,3.25295346215171e-14,6.5714100827563e-13,25,27,0.1545
ATT_T012_000572_1,CALL_T012_000572,1,ANCHOR_SEARCH,2011-02-06 00:00:00,E0024,CAL_008630,2,-1312.69862812417,651.414652860303,FLAT_START,CONVERGED_FEASIBLE,CONVERGED,PASSED,0.900128532599983,18,1,1,3.24185123190546e-14,6.53699316899292e-13,25,27,0.1419
ATT_T012_000573_1,CALL_T012_000573,1,ANCHOR_SEARCH,2011-02-06 00:00:00,E0024,CAL_008630,4,-1310.76590450877,651.929025707999,FLAT_START,CONVERGED_FEASIBLE,CONVERGED,PASSED,0.900246429644321,18,1,1,3.21964677141295e-14,6.47926157171241e-13,25,27,0.1379
ATT_T012_000574_1,CALL_T012_000574,1,ANCHOR_SEARCH,2011-02-06 00:00:00,E0024,CAL_008630,3,-1311.73226631647,651.671839284151,FLAT_START,CONVERGED_FEASIBLE,CONVERGED,PASSED,0.900187486030573,18,1,1,3.21964677141295e-14,6.51034781640192e-13,25,27,0.2319
ATT_T012_000575_1,CALL_T012_000575,1,ANCHOR_SEARCH,2011-02-06 00:00:00,E0024,CAL_008630,2.5,-1312.21544722032,651.543246072227,FLAT_START,CONVERGED_FEASIBLE,CONVERGED,PASSED,0.900158010542666,18,1,1,3.24185123190546e-14,6.52367049269742e-13,25,27,0.2242
ATT_T012_000576_1,CALL_T012_000576,1,ANCHOR_SEARCH,2011-02-06 00:00:00,E0024,CAL_008630,2.25,-1312.45703767225,651.478949466265,FLAT_START,CONVERGED_FEASIBLE,CONVERGED,PASSED,0.900143271878206,18,1,1,3.24185123190546e-14,6.53255227689442e-13,25,27,0.1476
ATT_T012_000577_1,CALL_T012_000577,1,EDGE_CANDIDATE_SCREEN,2011-02-06 00:00:00,E0024,CAL_008612,2.5,-1427.50450648283,1084.73463327799,FLAT_START,CONVERGED_FEASIBLE,CONVERGED,PASSED,0.900161891818943,18,1,1,1.75415237890775e-14,9.86433157379452e-13,25,28,0.1387
ATT_T012_000578_1,CALL_T012_000578,1,EDGE_CANDIDATE_SCREEN,2011-02-06 00:00:00,E0024,CAL_008613,2.5,-1420.59609010764,1058.77669336499,FLAT_START,CONVERGED_FEASIBLE,CONVERGED,PASSED,0.900168250081623,18,1,1,1.70974345792274e-14,9.66782209843586e-13,25,28,0.1369
ATT_T012_000579_1,CALL_T012_000579,1,EDGE_CANDIDATE_SCREEN,2011-02-06 00:00:00,E0024,CAL_008614,2.5,-1413.75680788057,1033.07852066423,FLAT_START,CONVERGED_FEASIBLE,CONVERGED,PASSED,0.900173730225729,18,1,1,1.67643676718399e-14,9.48019440727421e-13,25,28,0.1353
ATT_T012_000580_1,CALL_T012_000580,1,EDGE_CANDIDATE_SCREEN,2011-02-06 00:00:00,E0024,CAL_008615,2.5,-1406.98460090112,1007.6323789866,FLAT_START,CONVERGED_FEASIBLE,CONVERGED,PASSED,0.900178355599638,18,1,1,1.64313007644523e-14,9.29922805426031e-13,25,28,0.16
ATT_T012_000581_1,CALL_T012_000581,1,EDGE_CANDIDATE_SCREEN,2011-02-06 00:00:00,E0024,CAL_008616,2.5,-1400.27747069489,982.430759190336,FLAT_START,CONVERGED_FEASIBLE,CONVERGED,PASSED,0.900182148435053,18,1,1,1.63202784619898e-14,9.12381281636954e-13,25,28,0.138
ATT_T012_000582_1,CALL_T012_000582,1,EDGE_CANDIDATE_SCREEN,2011-02-06 00:00:00,E0024,CAL_008617,2.5,-1393.6334766514,957.466369553551,FLAT_START,CONVERGED_FEASIBLE,CONVERGED,PASSED,0.900185129897932,18,1,1,1.58761892521397e-14,8.94950780150339e-13,25,28,0.1446
ATT_T012_000583_1,CALL_T012_000583,1,EDGE_CANDIDATE_SCREEN,2011-02-06 00:00:00,E0024,CAL_008618,2.5,-1387.05073358137,932.732126596178,FLAT_START,CONVERGED_FEASIBLE,CONVERGED,PASSED,0.900187320136475,18,1,1,1.53210777398272e-14,8.79629702410512e-13,25,28,0.1376
ATT_T012_000584_1,CALL_T012_000584,1,EDGE_CANDIDATE_SCREEN,2011-02-06 00:00:00,E0024,CAL_008619,2.5,-1380.527409387,908.221146325999,FLAT_START,CONVERGED_FEASIBLE,CONVERGED,PASSED,0.900188738326332,18,1,1,1.50990331349021e-14,8.63309423948522e-13,25,28,0.1365
ATT_T012_000585_1,CALL_T012_000585,1,EDGE_CANDIDATE_SCREEN,2011-02-06 00:00:00,E0024,CAL_008620,2.5,-1374.06172283875,883.926735885032,FLAT_START,CONVERGED_FEASIBLE,CONVERGED,PASSED,0.900189402713215,18,1,1,1.49880108324396e-14,8.48321413116082e-13,25,28,0.135
ATT_T012_000586_1,CALL_T012_000586,1,EDGE_CANDIDATE_SCREEN,2011-02-06 00:00:00,E0024,CAL_008621,2.5,-1367.6519414527,859.842385574013,FLAT_START,CONVERGED_FEASIBLE,CONVERGED,PASSED,0.900189330653074,18,1,1,1.45439216225896e-14,8.33111357678717e-13,25,28,0.1346
ATT_T012_000587_1,CALL_T012_000587,1,EDGE_CANDIDATE_SCREEN,2011-02-06 00:00:00,E0024,CAL_008622,2.5,-1361.2963794631,835.961761234098,FLAT_START,CONVERGED_FEASIBLE,CONVERGED,PASSED,0.900188538649961,18,1,1,1.4210854715202e-14,8.19011525265978e-13,25,28,0.1822
ATT_T012_000588_1,CALL_T012_000588,1,EDGE_CANDIDATE_SCREEN,2011-02-06 00:00:00,E0024,CAL_008623,2.5,-1354.9933958846,812.27869696614,FLAT_START,CONVERGED_FEASIBLE,CONVERGED,PASSED,0.900187042391838,18,1,1,3.67483821150927e-14,7.29305504876265e-13,25,27,0.1341
ATT_T012_000589_1,CALL_T012_000589,1,EDGE_CANDIDATE_SCREEN,2011-02-06 00:00:00,E0024,CAL_008624,2.5,-1348.74139265956,788.787188169113,FLAT_START,CONVERGED_FEASIBLE,CONVERGED,PASSED,0.900184856783946,18,1,1,3.61932706027801e-14,7.17537140815239e-13,25,27,0.1336
ATT_T012_000590_1,CALL_T012_000590,1,EDGE_CANDIDATE_SCREEN,2011-02-06 00:00:00,E0024,CAL_008625,2.5,-1342.53881288564,765.48138488034,FLAT_START,CONVERGED_FEASIBLE,CONVERGED,PASSED,0.900181995981048,18,1,1,3.5527136788005e-14,7.05324687544362e-13,25,27,0.1336
ATT_T012_000591_1,CALL_T012_000591,1,EDGE_CANDIDATE_SCREEN,2011-02-06 00:00:00,E0024,CAL_008626,2.5,-1336.3841391193,742.355585401225,FLAT_START,CONVERGED_FEASIBLE,CONVERGED,PASSED,0.900178473417087,18,1,1,3.48610029732299e-14,6.9422245729811e-13,25,27,0.1343
ATT_T012_000592_1,CALL_T012_000592,1,EDGE_CANDIDATE_SCREEN,2011-02-06 00:00:00,E0024,CAL_008627,2.5,-1330.2758917513,719.404230193128,FLAT_START,CONVERGED_FEASIBLE,CONVERGED,PASSED,0.90017430183354,18,1,1,3.41948691584548e-14,6.83120227051859e-13,25,27,0.1326
ATT_T012_000593_1,CALL_T012_000593,1,EDGE_CANDIDATE_SCREEN,2011-02-06 00:00:00,E0024,CAL_008628,2.5,-1324.21262745018,696.621896028923,FLAT_START,CONVERGED_FEASIBLE,CONVERGED,PASSED,0.900169493306086,18,1,1,3.37507799486048e-14,6.7257310831792e-13,25,27,0.2482
ATT_T012_000594_1,CALL_T012_000594,1,EDGE_CANDIDATE_SCREEN,2011-02-06 00:00:00,E0024,CAL_008629,2.5,-1318.19293767022,674.003290386626,FLAT_START,CONVERGED_FEASIBLE,CONVERGED,PASSED,0.900164059269758,18,1,1,3.29736238313671e-14,6.62248034188906e-13,25,27,0.2618
ATT_T012_000595_1,CALL_T012_000595,1,LOCAL_REENTRY_STENCIL,2011-02-06 00:00:00,E0024,CAL_008630,2.75,-1311.9738567684,651.607542678189,FLAT_START,CONVERGED_FEASIBLE,CONVERGED,PASSED,0.900172748593431,18,1,1,3.24185123190546e-14,6.51256826245117e-13,25,27,0.2566
ATT_T012_000596_1,CALL_T012_000596,1,LOCAL_REENTRY_STENCIL,2011-02-06 00:00:00,E0024,CAL_008630,2.25,-1312.45703767225,651.478949466265,FLAT_START,CONVERGED_FEASIBLE,CONVERGED,PASSED,0.900143271878206,18,1,1,3.24185123190546e-14,6.53255227689442e-13,25,27,0.2246
ATT_T012_000597_1,CALL_T012_000597,1,ANCHOR_SEARCH,2011-02-06 00:00:00,E0025,CAL_008650,0,-1198.20222612222,228.885582247358,FLAT_START,CONVERGED_FEASIBLE,CONVERGED,PASSED,0.900006521555187,18,1,1,2.38697950294409e-14,5.01265695618258e-13,25,27,0.2606
ATT_T012_000598_1,CALL_T012_000598,1,ANCHOR_SEARCH,2011-02-06 00:00:00,E0025,CAL_008650,0.5,-1197.72030040434,229.018802375142,FLAT_START,CONVERGED_FEASIBLE,CONVERGED,PASSED,0.900035869059,18,1,1,2.37587727269783e-14,5.00044450291171e-13,25,27,0.2701
ATT_T012_000599_1,CALL_T012_000599,1,ANCHOR_SEARCH,2011-02-06 00:00:00,E0025,CAL_008650,1,-1197.23837468646,229.152022502925,FLAT_START,CONVERGED_FEASIBLE,CONVERGED,PASSED,0.900065214147191,18,1,1,2.36477504245158e-14,4.9871218266162e-13,25,27,0.2594
ATT_T012_000600_1,CALL_T012_000600,1,ANCHOR_SEARCH,2011-02-06 00:00:00,E0025,CAL_008650,2,-1196.2745232507,229.418462758492,FLAT_START,CONVERGED_FEASIBLE,CONVERGED,PASSED,0.900123897078904,18,1,1,2.37587727269783e-14,4.9649173661237e-13,25,27,0.2976
ATT_T012_000601_1,CALL_T012_000601,1,ANCHOR_SEARCH,2011-02-06 00:00:00,E0025,CAL_008650,4,-1194.34682037919,229.951343269626,FLAT_START,CONVERGED_FEASIBLE,CONVERGED,PASSED,0.900241233979002,18,1,1,2.33146835171283e-14,4.91717777606482e-13,25,27,0.2275
ATT_T012_000602_1,CALL_T012_000602,1,ANCHOR_SEARCH,2011-02-06 00:00:00,E0025,CAL_008650,3,-1195.31067181495,229.684903014059,FLAT_START,CONVERGED_FEASIBLE,CONVERGED,PASSED,0.900182570354712,18,1,1,2.34257058195908e-14,4.94493335168045e-13,25,27,0.1511
ATT_T012_000603_1,CALL_T012_000603,1,ANCHOR_SEARCH,2011-02-06 00:00:00,E0025,CAL_008650,2.5,-1195.79259753282,229.551682886276,FLAT_START,CONVERGED_FEASIBLE,CONVERGED,PASSED,0.900153234923522,18,1,1,2.33146835171283e-14,4.95270491285282e-13,25,27,0.1407
ATT_T012_000604_1,CALL_T012_000604,1,ANCHOR_SEARCH,2011-02-06 00:00:00,E0025,CAL_008650,2.25,-1196.03356039176,229.485072822384,FLAT_START,CONVERGED_FEASIBLE,CONVERGED,PASSED,0.900138566302925,18,1,1,2.35367281220533e-14,4.9604764740252e-13,25,27,0.1379
ATT_T012_000605_1,CALL_T012_000605,1,EDGE_CANDIDATE_SCREEN,2011-02-06 00:00:00,E0025,CAL_008632,2.5,-1300.16069189021,607.104757137948,FLAT_START,CONVERGED_FEASIBLE,CONVERGED,PASSED,0.900157078645711,18,1,1,3.13082892944294e-14,6.32938146338802e-13,25,27,0.1636
ATT_T012_000606_1,CALL_T012_000606,1,EDGE_CANDIDATE_SCREEN,2011-02-06 00:00:00,E0025,CAL_008633,2.5,-1294.07759231594,585.099057413484,FLAT_START,CONVERGED_FEASIBLE,CONVERGED,PASSED,0.900162118804408,18,1,1,3.08642000845794e-14,6.22502049907325e-13,25,27,0.1373
ATT_T012_000607_1,CALL_T012_000607,1,EDGE_CANDIDATE_SCREEN,2011-02-06 00:00:00,E0025,CAL_008634,2.5,-1288.03445648762,563.237927111632,FLAT_START,CONVERGED_FEASIBLE,CONVERGED,PASSED,0.900166490377066,18,1,1,3.01980662698043e-14,6.13398221105399e-13,25,27,0.1352
ATT_T012_000608_1,CALL_T012_000608,1,EDGE_CANDIDATE_SCREEN,2011-02-06 00:00:00,E0025,CAL_008635,2.5,-1282.02998035715,541.516648819754,FLAT_START,CONVERGED_FEASIBLE,CONVERGED,PASSED,0.900170204841078,18,1,1,2.96429547574917e-14,6.03961325396085e-13,25,27,0.1332
ATT_T012_000609_1,CALL_T012_000609,1,EDGE_CANDIDATE_SCREEN,2011-02-06 00:00:00,E0025,CAL_008636,2.5,-1276.06288821205,519.930607629693,FLAT_START,CONVERGED_FEASIBLE,CONVERGED,PASSED,0.900173273089636,18,1,1,2.91988655476416e-14,5.95190563501546e-13,25,27,0.1338
ATT_T012_000610_1,CALL_T012_000610,1,EDGE_CANDIDATE_SCREEN,2011-02-06 00:00:00,E0025,CAL_008637,2.5,-1270.13193149552,498.475286869375,FLAT_START,CONVERGED_FEASIBLE,CONVERGED,PASSED,0.900175705451369,18,1,1,2.85327317328665e-14,5.86641846211933e-13,25,27,0.1318
ATT_T012_000611_1,CALL_T012_000611,1,EDGE_CANDIDATE_SCREEN,2011-02-06 00:00:00,E0025,CAL_008638,2.5,-1264.23588767064,477.14626399402,FLAT_START,CONVERGED_FEASIBLE,CONVERGED,PASSED,0.90017751170885,18,1,1,2.8199664825479e-14,5.78426195829707e-13,25,27,0.1535
ATT_T012_000612_1,CALL_T012_000612,1,EDGE_CANDIDATE_SCREEN,2011-02-06 00:00:00,E0025,CAL_008639,2.5,-1258.37355912639,455.939206628643,FLAT_START,CONVERGED_FEASIBLE,CONVERGED,PASSED,0.900178701116064,18,1,1,2.76445533131664e-14,5.70099523145018e-13,25,27,0.1554
ATT_T012_000613_1,CALL_T012_000613,1,EDGE_CANDIDATE_SCREEN,2011-02-06 00:00:00,E0025,CAL_008640,2.5,-1252.54377212332,434.849868753926,FLAT_START,CONVERGED_FEASIBLE,CONVERGED,PASSED,0.90017928241487,18,1,1,2.70894418008538e-14,5.62216939670179e-13,25,27,0.1479
ATT_T012_000614_1,CALL_T012_000614,1,EDGE_CANDIDATE_SCREEN,2011-02-06 00:00:00,E0025,CAL_008641,2.5,-1246.74537577671,413.874087028012,FLAT_START,CONVERGED_FEASIBLE,CONVERGED,PASSED,0.900179263850507,18,1,1,2.68673971959288e-14,5.54556400800266e-13,25,27,0.134
ATT_T012_000615_1,CALL_T012_000615,1,EDGE_CANDIDATE_SCREEN,2011-02-06 00:00:00,E0025,CAL_008642,2.5,-1240.97724107548,393.007777237089,FLAT_START,CONVERGED_FEASIBLE,CONVERGED,PASSED,0.900178653186187,18,1,1,2.63122856836162e-14,5.47117906535277e-13,25,27,0.1333
ATT_T012_000616_1,CALL_T012_000616,1,EDGE_CANDIDATE_SCREEN,2011-02-06 00:00:00,E0025,CAL_008643,2.5,-1235.23825993467,372.246930868051,FLAT_START,CONVERGED_FEASIBLE,CONVERGED,PASSED,0.900177457716829,18,1,1,2.60902410786912e-14,5.39679412270289e-13,25,27,0.1321
ATT_T012_000617_1,CALL_T012_000617,1,EDGE_CANDIDATE_SCREEN,2011-02-06 00:00:00,E0025,CAL_008644,2.5,-1229.52734428007,351.587611796796,FLAT_START,CONVERGED_FEASIBLE,CONVERGED,PASSED,0.90017568428195,18,1,1,2.55351295663786e-14,5.33018074122538e-13,25,27,0.1336
ATT_T012_000618_1,CALL_T012_000618,1,EDGE_CANDIDATE_SCREEN,2011-02-06 00:00:00,E0025,CAL_008645,2.5,-1223.84342516296,331.025953086091,FLAT_START,CONVERGED_FEASIBLE,CONVERGED,PASSED,0.900173339277772,18,1,1,2.50910403565285e-14,5.26245713672324e-13,25,27,0.161
ATT_T012_000619_1,CALL_T012_000619,1,EDGE_CANDIDATE_SCREEN,2011-02-06 00:00:00,E0025,CAL_008646,2.5,-1218.18545190366,310.558153887189,FLAT_START,CONVERGED_FEASIBLE,CONVERGED,PASSED,0.900170428668566,18,1,1,2.50910403565285e-14,5.19473353222111e-13,25,27,0.2269
ATT_T012_000620_1,CALL_T012_000620,1,EDGE_CANDIDATE_SCREEN,2011-02-06 00:00:00,E0025,CAL_008647,2.5,-1212.55239126221,290.180476439678,FLAT_START,CONVERGED_FEASIBLE,CONVERGED,PASSED,0.90016695799726,18,1,1,2.44249065417534e-14,5.13367126586672e-13,25,27,0.144
ATT_T012_000621_1,CALL_T012_000621,1,EDGE_CANDIDATE_SCREEN,2011-02-06 00:00:00,E0025,CAL_008648,2.5,-1206.94322663467,269.889243164296,FLAT_START,CONVERGED_FEASIBLE,CONVERGED,PASSED,0.900162932395364,18,1,1,2.42028619368284e-14,5.06927833043846e-13,25,27,0.137
ATT_T012_000622_1,CALL_T012_000622,1,EDGE_CANDIDATE_SCREEN,2011-02-06 00:00:00,E0025,CAL_008649,2.5,-1201.35695727382,249.680833843684,FLAT_START,CONVERGED_FEASIBLE,CONVERGED,PASSED,0.900158356592205,18,1,1,2.38697950294409e-14,5.00710584105946e-13,25,27,0.1328
ATT_T012_000623_1,CALL_T012_000623,1,LOCAL_REENTRY_STENCIL,2011-02-06 00:00:00,E0025,CAL_008650,2.75,-1195.55163467388,229.618292950167,FLAT_START,CONVERGED_FEASIBLE,CONVERGED,PASSED,0.900167902940761,18,1,1,2.34257058195908e-14,4.94604357470507e-13,25,27,0.2147
ATT_T012_000624_1,CALL_T012_000624,1,LOCAL_REENTRY_STENCIL,2011-02-06 00:00:00,E0025,CAL_008650,2.25,-1196.03356039176,229.485072822384,FLAT_START,CONVERGED_FEASIBLE,CONVERGED,PASSED,0.900138566302925,18,1,1,2.35367281220533e-14,4.9604764740252e-13,25,27,0.1579
ATT_T012_000625_1,CALL_T012_000625,1,ANCHOR_SEARCH,2011-02-06 00:00:00,E0026,CAL_008661,0,-1136.76833777137,12.2641649818097,FLAT_START,CONVERGED_FEASIBLE,CONVERGED,PASSED,0.900003060418066,18,1,1,2.04281036531029e-14,4.45088410572225e-13,25,27,0.1454
ATT_T012_000626_1,CALL_T012_000626,1,ANCHOR_SEARCH,2011-02-06 00:00:00,E0026,CAL_008661,0.5,-1136.28740051482,12.4009105677169,FLAT_START,CONVERGED_FEASIBLE,CONVERGED,PASSED,0.900032338682042,18,1,1,2.04281036531029e-14,4.43756142942675e-13,25,27,0.1382
ATT_T012_000627_1,CALL_T012_000627,1,ANCHOR_SEARCH,2011-02-06 00:00:00,E0026,CAL_008661,1,-1135.80646325828,12.5376561536241,FLAT_START,CONVERGED_FEASIBLE,CONVERGED,PASSED,0.900061614551586,18,1,1,2.02060590481778e-14,4.430900091279e-13,25,27,0.1376
ATT_T012_000628_1,CALL_T012_000628,1,ANCHOR_SEARCH,2011-02-06 00:00:00,E0026,CAL_008661,2,-1134.84458874518,12.8111473254386,FLAT_START,CONVERGED_FEASIBLE,CONVERGED,PASSED,0.900120159109542,18,1,1,2.02060590481778e-14,4.40980585381112e-13,25,27,0.1358
ATT_T012_000629_1,CALL_T012_000629,1,ANCHOR_SEARCH,2011-02-06 00:00:00,E0026,CAL_008661,4,-1132.92083971899,13.3581296690675,FLAT_START,CONVERGED_FEASIBLE,CONVERGED,PASSED,0.900237219516031,18,1,1,1.99840144432528e-14,4.36650715585074e-13,25,27,0.1593
ATT_T012_000630_1,CALL_T012_000630,1,ANCHOR_SEARCH,2011-02-06 00:00:00,E0026,CAL_008661,3,-1133.88271423209,13.084638497253,FLAT_START,CONVERGED_FEASIBLE,CONVERGED,PASSED,0.900178694096251,18,1,1,2.02060590481778e-14,4.38427072424474e-13,25,27,0.136
ATT_T012_000631_1,CALL_T012_000631,1,ANCHOR_SEARCH,2011-02-06 00:00:00,E0026,CAL_008661,2.5,-1134.36365148864,12.9478929113458,FLAT_START,CONVERGED_FEASIBLE,CONVERGED,PASSED,0.900149427799032,18,1,1,2.03170813506404e-14,4.39759340054025e-13,25,27,0.1671
ATT_T012_000632_1,CALL_T012_000632,1,ANCHOR_SEARCH,2011-02-06 00:00:00,E0026,CAL_008661,2.75,-1134.12318286036,13.0162657042994,FLAT_START,CONVERGED_FEASIBLE,CONVERGED,PASSED,0.900164061246642,18,1,1,2.00950367457153e-14,4.39537295449099e-13,25,27,0.1418
ATT_T012_000633_1,CALL_T012_000633,1,EDGE_CANDIDATE_SCREEN,2011-02-06 00:00:00,E0026,CAL_008652,2.75,-1184.34351004404,189.642269522766,FLAT_START,CONVERGED_FEASIBLE,CONVERGED,PASSED,0.900164936439209,18,1,1,2.28705943072782e-14,4.83391104921793e-13,25,27,0.1822
ATT_T012_000634_1,CALL_T012_000634,1,EDGE_CANDIDATE_SCREEN,2011-02-06 00:00:00,E0026,CAL_008653,2.75,-1178.69391540742,169.77251996478,FLAT_START,CONVERGED_FEASIBLE,CONVERGED,PASSED,0.900167065120294,18,1,1,2.26485497023532e-14,4.77728967496205e-13,25,27,0.1388
ATT_T012_000635_1,CALL_T012_000635,1,EDGE_CANDIDATE_SCREEN,2011-02-06 00:00:00,E0026,CAL_008654,2.75,-1173.06389850834,149.971625743659,FLAT_START,CONVERGED_FEASIBLE,CONVERGED,PASSED,0.900168628500024,18,1,1,2.20934381900406e-14,4.72621941582929e-13,25,27,0.1541
ATT_T012_000636_1,CALL_T012_000636,1,EDGE_CANDIDATE_SCREEN,2011-02-06 00:00:00,E0026,CAL_008655,2.75,-1167.45250459348,130.236228970785,FLAT_START,CONVERGED_FEASIBLE,CONVERGED,PASSED,0.900169630918524,18,1,1,2.17603712826531e-14,4.67403893367191e-13,25,27,0.1352
ATT_T012_000637_1,CALL_T012_000637,1,EDGE_CANDIDATE_SCREEN,2011-02-06 00:00:00,E0026,CAL_008656,2.75,-1161.85879087069,110.563013825302,FLAT_START,CONVERGED_FEASIBLE,CONVERGED,PASSED,0.900170076336639,18,1,1,2.1538326677728e-14,4.6251891205884e-13,25,27,0.1691
ATT_T012_000638_1,CALL_T012_000638,1,EDGE_CANDIDATE_SCREEN,2011-02-06 00:00:00,E0026,CAL_008657,2.75,-1156.28182584941,90.9487042342428,FLAT_START,CONVERGED_FEASIBLE,CONVERGED,PASSED,0.900169968342203,18,1,1,2.1316282072803e-14,4.56856774633252e-13,25,27,0.1372
ATT_T012_000639_1,CALL_T012_000639,1,EDGE_CANDIDATE_SCREEN,2011-02-06 00:00:00,E0026,CAL_008658,2.75,-1150.72068869662,71.3900616075174,FLAT_START,CONVERGED_FEASIBLE,CONVERGED,PASSED,0.900169310155778,18,1,1,2.08721928629529e-14,4.52637927139676e-13,25,27,0.1351
ATT_T012_000640_1,CALL_T012_000640,1,EDGE_CANDIDATE_SCREEN,2011-02-06 00:00:00,E0026,CAL_008659,2.75,-1145.17446860751,51.8838826243436,FLAT_START,CONVERGED_FEASIBLE,CONVERGED,PASSED,0.900168104635852,18,1,1,2.06501482580279e-14,4.48086012738713e-13,25,27,0.1335
ATT_T012_000641_1,CALL_T012_000641,1,EDGE_CANDIDATE_SCREEN,2011-02-06 00:00:00,E0026,CAL_008660,2.75,-1139.64226418969,32.4269970677994,FLAT_START,CONVERGED_FEASIBLE,CONVERGED,PASSED,0.900166354283516,18,1,1,2.04281036531029e-14,4.4353409833775e-13,25,27,0.1348
ATT_T012_000642_1,CALL_T012_000642,1,LOCAL_REENTRY_STENCIL,2011-02-06 00:00:00,E0026,CAL_008661,3,-1133.88271423209,13.084638497253,FLAT_START,CONVERGED_FEASIBLE,CONVERGED,PASSED,0.900178694096251,18,1,1,2.02060590481778e-14,4.38427072424474e-13,25,27,0.1582
ATT_T012_000643_1,CALL_T012_000643,1,LOCAL_REENTRY_STENCIL,2011-02-06 00:00:00,E0026,CAL_008661,2.5,-1134.36365148864,12.9478929113458,FLAT_START,CONVERGED_FEASIBLE,CONVERGED,PASSED,0.900149427799032,18,1,1,2.03170813506404e-14,4.39759340054025e-13,25,27,0.1466
ATT_T012_000644_1,CALL_T012_000644,1,ANCHOR_SEARCH,2011-02-06 00:00:00,E0027,CAL_008663,0,-1131.22801991011,-7.09016579294389,FLAT_START,CONVERGED_FEASIBLE,CONVERGED,PASSED,0.900002358750714,18,1,1,2.03170813506404e-14,4.41091607683575e-13,25,27,0.1553
ATT_T012_000645_1,CALL_T012_000645,1,ANCHOR_SEARCH,2011-02-06 00:00:00,E0027,CAL_008663,0.5,-1130.74775250169,-6.95108590074555,FLAT_START,CONVERGED_FEASIBLE,CONVERGED,PASSED,0.900031630926258,18,1,1,2.00950367457153e-14,4.39759340054025e-13,25,27,0.1374
ATT_T012_000646_1,CALL_T012_000646,1,ANCHOR_SEARCH,2011-02-06 00:00:00,E0027,CAL_008663,1,-1130.26748509328,-6.81200600854722,FLAT_START,CONVERGED_FEASIBLE,CONVERGED,PASSED,0.900060900710512,18,1,1,2.00950367457153e-14,4.38760139331862e-13,25,27,0.1571
ATT_T012_000647_1,CALL_T012_000647,1,ANCHOR_SEARCH,2011-02-06 00:00:00,E0027,CAL_008663,2,-1129.30695027645,-6.53384622415054,FLAT_START,CONVERGED_FEASIBLE,CONVERGED,PASSED,0.900119433107299,18,1,1,2.00950367457153e-14,4.36539693282612e-13,25,27,0.1902
ATT_T012_000648_1,CALL_T012_000648,1,ANCHOR_SEARCH,2011-02-06 00:00:00,E0027,CAL_008663,4,-1127.38588064279,-5.97752665535719,FLAT_START,CONVERGED_FEASIBLE,CONVERGED,PASSED,0.900236469229077,18,1,1,1.98729921407903e-14,4.32764934998886e-13,25,27,0.1406
ATT_T012_000649_1,CALL_T012_000649,1,ANCHOR_SEARCH,2011-02-06 00:00:00,E0027,CAL_008663,3,-1128.34641545962,-6.25568643975387,FLAT_START,CONVERGED_FEASIBLE,CONVERGED,PASSED,0.900177955945386,18,1,1,1.98729921407903e-14,4.34541291838286e-13,25,27,0.1363
ATT_T012_000650_1,CALL_T012_000650,1,ANCHOR_SEARCH,2011-02-06 00:00:00,E0027,CAL_008663,2.5,-1128.82668286803,-6.39476633195221,FLAT_START,CONVERGED_FEASIBLE,CONVERGED,PASSED,0.900148695720911,18,1,1,1.99840144432528e-14,4.35873559467836e-13,25,27,0.172
ATT_T012_000651_1,CALL_T012_000651,1,ANCHOR_SEARCH,2011-02-06 00:00:00,E0027,CAL_008663,2.75,-1128.58654916383,-6.32522638585304,FLAT_START,CONVERGED_FEASIBLE,CONVERGED,PASSED,0.900163326131757,18,1,1,1.99840144432528e-14,4.35318447955524e-13,25,27,0.1368
ATT_T012_000652_1,CALL_T012_000652,1,EDGE_CANDIDATE_SCREEN,2011-02-06 00:00:00,E0027,CAL_008664,2.75,-1123.00042362856,-25.6151035312859,FLAT_START,CONVERGED_FEASIBLE,CONVERGED,PASSED,0.900165661853036,18,1,1,1.97619698383278e-14,4.31210622764411e-13,25,27,0.1354
ATT_T012_000653_1,CALL_T012_000653,1,EDGE_CANDIDATE_SCREEN,2011-02-06 00:00:00,E0027,CAL_008665,2.75,-1117.42560029977,-44.8659521634549,FLAT_START,CONVERGED_FEASIBLE,CONVERGED,PASSED,0.900167446459804,18,1,1,1.95399252334028e-14,4.27102797573298e-13,25,27,0.1332
ATT_T012_000654_1,CALL_T012_000654,1,EDGE_CANDIDATE_SCREEN,2011-02-06 00:00:00,E0027,CAL_008666,2.75,-1111.86119828222,-64.0808141691194,FLAT_START,CONVERGED_FEASIBLE,CONVERGED,PASSED,0.900168681847559,18,1,1,1.92068583260152e-14,4.2321701698711e-13,25,27,0.1579
ATT_T012_000655_1,CALL_T012_000655,1,EDGE_CANDIDATE_SCREEN,2011-02-06 00:00:00,E0027,CAL_008667,2.75,-1106.3063431402,-83.262709129008,FLAT_START,CONVERGED_FEASIBLE,CONVERGED,PASSED,0.900169369563766,18,1,1,1.89848137210902e-14,4.18998169493534e-13,25,27,0.1427
ATT_T012_000656_1,CALL_T012_000656,1,EDGE_CANDIDATE_SCREEN,2011-02-06 00:00:00,E0027,CAL_008668,2.75,-1100.76016633976,-102.414636244128,FLAT_START,CONVERGED_FEASIBLE,CONVERGED,PASSED,0.900169510810091,18,1,1,1.86517468137026e-14,4.15889545024584e-13,25,27,0.1631
ATT_T012_000657_1,CALL_T012_000657,1,EDGE_CANDIDATE_SCREEN,2011-02-06 00:00:00,E0027,CAL_008669,2.75,-1095.22180469863,-121.539576235163,FLAT_START,CONVERGED_FEASIBLE,CONVERGED,PASSED,0.900169106444182,18,1,1,1.86517468137026e-14,4.12780920555633e-13,25,27,0.1389
ATT_T012_000658_1,CALL_T012_000658,1,EDGE_CANDIDATE_SCREEN,2011-02-06 00:00:00,E0027,CAL_008670,2.75,-1089.69039984323,-140.640493217546,FLAT_START,CONVERGED_FEASIBLE,CONVERGED,PASSED,0.90016815698097,18,1,1,1.84297022087776e-14,4.09228206876833e-13,25,27,0.1599
ATT_T012_000659_1,CALL_T012_000659,1,EDGE_CANDIDATE_SCREEN,2011-02-06 00:00:00,E0027,CAL_008671,2.75,-1084.16509767198,-159.720336554746,FLAT_START,CONVERGED_FEASIBLE,CONVERGED,PASSED,0.900166662593513,18,1,1,1.83186799063151e-14,4.06119582407882e-13,25,27,0.134
ATT_T012_000660_1,CALL_T012_000660,1,EDGE_CANDIDATE_SCREEN,2011-02-06 00:00:00,E0027,CAL_008672,2.75,-1078.64504782419,-178.782042692249,FLAT_START,CONVERGED_FEASIBLE,CONVERGED,PASSED,0.900164623113383,18,1,1,1.80966353013901e-14,4.03233002543857e-13,25,27,0.1559
ATT_T012_000661_1,CALL_T012_000661,1,LOCAL_REENTRY_STENCIL,2011-02-06 00:00:00,E0027,CAL_008663,3,-1128.34641545962,-6.25568643975387,FLAT_START,CONVERGED_FEASIBLE,CONVERGED,PASSED,0.900177955945386,18,1,1,1.98729921407903e-14,4.34541291838286e-13,25,27,0.1348
ATT_T012_000662_1,CALL_T012_000662,1,LOCAL_REENTRY_STENCIL,2011-02-06 00:00:00,E0027,CAL_008663,2.5,-1128.82668286803,-6.39476633195221,FLAT_START,CONVERGED_FEASIBLE,CONVERGED,PASSED,0.900148695720911,18,1,1,1.99840144432528e-14,4.35873559467836e-13,25,27,0.1339
ATT_T012_000663_1,CALL_T012_000663,1,ANCHOR_SEARCH,2011-02-06 00:00:00,E0028,CAL_008674,0,-1075.64804982967,-198.527405680989,FLAT_START,CONVERGED_FEASIBLE,CONVERGED,PASSED,0.900009370428737,18,1,1,1.80966353013901e-14,4.0556447089557e-13,25,27,0.2092
ATT_T012_000664_1,CALL_T012_000664,1,ANCHOR_SEARCH,2011-02-06 00:00:00,E0028,CAL_008674,0.5,-1075.16875158872,-198.38502170639,FLAT_START,CONVERGED_FEASIBLE,CONVERGED,PASSED,0.900038581934309,18,1,1,1.79856129989275e-14,4.04565270173407e-13,25,27,0.1447
ATT_T012_000665_1,CALL_T012_000665,1,ANCHOR_SEARCH,2011-02-06 00:00:00,E0028,CAL_008674,1,-1074.68945334777,-198.242637731791,FLAT_START,CONVERGED_FEASIBLE,CONVERGED,PASSED,0.900067791067082,18,1,1,1.77635683940025e-14,4.03566069451244e-13,25,27,0.1411
ATT_T012_000666_1,CALL_T012_000666,1,ANCHOR_SEARCH,2011-02-06 00:00:00,E0028,CAL_008674,2,-1073.73085686587,-197.957869782593,FLAT_START,CONVERGED_FEASIBLE,CONVERGED,PASSED,0.900126202216352,18,1,1,1.7874590696465e-14,4.01678690309382e-13,25,27,0.1602
ATT_T012_000667_1,CALL_T012_000667,1,ANCHOR_SEARCH,2011-02-06 00:00:00,E0028,CAL_008674,4,-1071.81366390207,-197.388333884197,FLAT_START,CONVERGED_FEASIBLE,CONVERGED,PASSED,0.900242996064657,18,1,1,1.765254609154e-14,3.98014954328119e-13,25,27,0.136
ATT_T012_000668_1,CALL_T012_000668,1,ANCHOR_SEARCH,2011-02-06 00:00:00,E0028,CAL_008674,3,-1072.77226038397,-197.673101833395,FLAT_START,CONVERGED_FEASIBLE,CONVERGED,PASSED,0.900184603880795,18,1,1,1.7874590696465e-14,3.99791311167519e-13,25,27,0.1368
ATT_T012_000669_1,CALL_T012_000669,1,ANCHOR_SEARCH,2011-02-06 00:00:00,E0028,CAL_008674,2.5,-1073.25155862492,-197.815485807994,FLAT_START,CONVERGED_FEASIBLE,CONVERGED,PASSED,0.900155404233912,18,1,1,1.7874590696465e-14,4.00568467284756e-13,25,27,0.1741
ATT_T012_000670_1,CALL_T012_000670,1,ANCHOR_SEARCH,2011-02-06 00:00:00,E0028,CAL_008674,2.25,-1073.4912077454,-197.886677795294,FLAT_START,CONVERGED_FEASIBLE,CONVERGED,PASSED,0.900140803521499,18,1,1,1.7874590696465e-14,4.01123578797069e-13,25,27,0.1375
ATT_T012_000671_1,CALL_T012_000671,1,EDGE_CANDIDATE_SCREEN,2011-02-06 00:00:00,E0028,CAL_008675,2.5,-1067.61762968905,-216.780627329021,FLAT_START,CONVERGED_FEASIBLE,CONVERGED,PASSED,0.900160236216799,18,1,1,1.75415237890775e-14,3.97570865118269e-13,25,27,0.136
ATT_T012_000672_1,CALL_T012_000672,1,EDGE_CANDIDATE_SCREEN,2011-02-06 00:00:00,E0028,CAL_008676,2.5,-1061.98737790798,-235.733390674556,FLAT_START,CONVERGED_FEASIBLE,CONVERGED,PASSED,0.900164514563484,18,1,1,1.7430501486615e-14,3.95128374464093e-13,25,27,0.1547
ATT_T012_000673_1,CALL_T012_000673,1,EDGE_CANDIDATE_SCREEN,2011-02-06 00:00:00,E0028,CAL_008677,2.5,-1056.35994287687,-254.676672171423,FLAT_START,CONVERGED_FEASIBLE,CONVERGED,PASSED,0.900168239269191,18,1,1,1.72084568816899e-14,3.92241794600068e-13,25,27,0.1354
ATT_T012_000674_1,CALL_T012_000674,1,EDGE_CANDIDATE_SCREEN,2011-02-06 00:00:00,E0028,CAL_008678,2.5,-1050.73446590934,-273.613362361698,FLAT_START,CONVERGED_FEASIBLE,CONVERGED,PASSED,0.90017140998102,18,1,1,1.70974345792274e-14,3.89466237038505e-13,25,27,0.1374
ATT_T012_000675_1,CALL_T012_000675,1,EDGE_CANDIDATE_SCREEN,2011-02-06 00:00:00,E0028,CAL_008679,2.5,-1045.11008951284,-292.546347768742,FLAT_START,CONVERGED_FEASIBLE,CONVERGED,PASSED,0.9001740259968,18,1,1,1.68753899743024e-14,3.8746783559418e-13,25,27,0.2017
ATT_T012_000676_1,CALL_T012_000676,1,EDGE_CANDIDATE_SCREEN,2011-02-06 00:00:00,E0028,CAL_008680,2.5,-1039.48595686557,-311.478512658038,FLAT_START,CONVERGED_FEASIBLE,CONVERGED,PASSED,0.900176086263474,18,1,1,1.67643676718399e-14,3.85247389544929e-13,25,27,0.1435
ATT_T012_000677_1,CALL_T012_000677,1,EDGE_CANDIDATE_SCREEN,2011-02-06 00:00:00,E0028,CAL_008681,2.5,-1033.86121129427,-330.412740795092,FLAT_START,CONVERGED_FEASIBLE,CONVERGED,PASSED,0.900177589374997,18,1,1,1.66533453693773e-14,3.82915921193216e-13,25,27,0.1332
ATT_T012_000678_1,CALL_T012_000678,1,EDGE_CANDIDATE_SCREEN,2011-02-06 00:00:00,E0028,CAL_008682,2.5,-1028.23499575214,-349.351917202692,FLAT_START,CONVERGED_FEASIBLE,CONVERGED,PASSED,0.90017853356976,18,1,1,1.65423230669148e-14,3.81472631261204e-13,25,27,0.1534
ATT_T012_000679_1,CALL_T012_000679,1,EDGE_CANDIDATE_SCREEN,2011-02-06 00:00:00,E0028,CAL_008683,2.5,-1022.60645229641,-368.298929919801,FLAT_START,CONVERGED_FEASIBLE,CONVERGED,PASSED,0.900178916727512,18,1,1,1.62092561595273e-14,3.79807296724266e-13,25,27,0.1436
ATT_T012_000680_1,CALL_T012_000680,1,EDGE_CANDIDATE_SCREEN,2011-02-06 00:00:00,E0028,CAL_008684,2.5,-1016.97472156462,-387.256671764342,FLAT_START,CONVERGED_FEASIBLE,CONVERGED,PASSED,0.900178736365791,18,1,1,1.63202784619898e-14,3.78252984489791e-13,25,27,0.1369
ATT_T012_000681_1,CALL_T012_000681,1,EDGE_CANDIDATE_SCREEN,2011-02-06 00:00:00,E0028,CAL_008685,2.5,-1011.33894224914,-406.228042102197,FLAT_START,CONVERGED_FEASIBLE,CONVERGED,PASSED,0.900177989635846,18,1,1,1.59872115546023e-14,3.76809694557778e-13,25,27,0.134
ATT_T012_000682_1,CALL_T012_000682,1,EDGE_CANDIDATE_SCREEN,2011-02-06 00:00:00,E0028,CAL_008686,2.5,-1005.69825056909,-425.215948624692,FLAT_START,CONVERGED_FEASIBLE,CONVERGED,PASSED,0.900176673318035,18,1,1,1.59872115546023e-14,3.75477426928228e-13,25,27,0.1333
ATT_T012_000683_1,CALL_T012_000683,1,EDGE_CANDIDATE_SCREEN,2011-02-06 00:00:00,E0028,CAL_008687,2.5,-1000.05177973915,-444.223309136906,FLAT_START,CONVERGED_FEASIBLE,CONVERGED,PASSED,0.900174783816702,18,1,1,1.57651669496772e-14,3.74145159298678e-13,25,27,0.1332
ATT_T012_000684_1,CALL_T012_000684,1,EDGE_CANDIDATE_SCREEN,2011-02-06 00:00:00,E0028,CAL_008688,2.5,-994.398659434356,-463.253053359145,FLAT_START,CONVERGED_FEASIBLE,CONVERGED,PASSED,0.900172317154499,18,1,1,1.57651669496772e-14,3.73479025483903e-13,25,27,0.1514
ATT_T012_000685_1,CALL_T012_000685,1,EDGE_CANDIDATE_SCREEN,2011-02-06 00:00:00,E0028,CAL_008689,2.5,-988.738015250351,-482.30812474395,FLAT_START,CONVERGED_FEASIBLE,CONVERGED,PASSED,0.900169268966164,18,1,1,1.56541446472147e-14,3.7247982476174e-13,25,27,0.1368
ATT_T012_000686_1,CALL_T012_000686,1,EDGE_CANDIDATE_SCREEN,2011-02-06 00:00:00,E0028,CAL_008690,2.5,-983.068968158263,-501.391482311059,FLAT_START,CONVERGED_FEASIBLE,CONVERGED,PASSED,0.900165634491715,18,1,1,1.55431223447522e-14,3.7203573555189e-13,25,27,0.1322
ATT_T012_000687_1,CALL_T012_000687,1,EDGE_CANDIDATE_SCREEN,2011-02-06 00:00:00,E0028,CAL_008691,2.5,-977.390633953547,-520.506102502763,FLAT_START,CONVERGED_FEASIBLE,CONVERGED,PASSED,0.900161408569057,18,1,1,1.54321000422897e-14,3.7159164634204e-13,25,27,0.1344
ATT_T012_000688_1,CALL_T012_000688,1,EDGE_CANDIDATE_SCREEN,2011-02-06 00:00:00,E0028,CAL_008692,2.5,-971.702122698013,-539.654981062157,FLAT_START,CONVERGED_FEASIBLE,CONVERGED,PASSED,0.900156585625977,18,1,1,1.53210777398272e-14,3.71702668644502e-13,25,27,0.1337
ATT_T012_000689_1,CALL_T012_000689,1,LOCAL_REENTRY_STENCIL,2011-02-06 00:00:00,E0028,CAL_008674,2.75,-1073.01190950445,-197.744293820695,FLAT_START,CONVERGED_FEASIBLE,CONVERGED,PASSED,0.900170004353655,18,1,1,1.77635683940025e-14,4.00346422679831e-13,25,27,0.1352
ATT_T012_000690_1,CALL_T012_000690,1,LOCAL_REENTRY_STENCIL,2011-02-06 00:00:00,E0028,CAL_008674,2.25,-1073.4912077454,-197.886677795294,FLAT_START,CONVERGED_FEASIBLE,CONVERGED,PASSED,0.900140803521499,18,1,1,1.7874590696465e-14,4.01123578797069e-13,25,27,0.1335
ATT_T012_000691_1,CALL_T012_000691,1,ANCHOR_SEARCH,2011-02-06 00:00:00,E0029,CAL_008713,0,-847.422670005197,-952.165005248359,FLAT_START,CONVERGED_FEASIBLE,CONVERGED,PASSED,0.900001660688011,18,1,1,2.03170813506404e-14,4.13780121277796e-13,25,27,0.1791
ATT_T012_000692_1,CALL_T012_000692,1,ANCHOR_SEARCH,2011-02-06 00:00:00,E0029,CAL_008713,0.5,-846.94483961249,-952.017770348266,FLAT_START,CONVERGED_FEASIBLE,CONVERGED,PASSED,0.900030655239049,18,1,1,2.00950367457153e-14,4.13002965160558e-13,25,27,0.1547
ATT_T012_000693_1,CALL_T012_000693,1,ANCHOR_SEARCH,2011-02-06 00:00:00,E0029,CAL_008713,1,-846.467009219783,-951.870535448172,FLAT_START,CONVERGED_FEASIBLE,CONVERGED,PASSED,0.900059647479076,18,1,1,2.03170813506404e-14,4.11892742135933e-13,25,27,0.1893
ATT_T012_000694_1,CALL_T012_000694,1,ANCHOR_SEARCH,2011-02-06 00:00:00,E0029,CAL_008713,2,-845.511348434369,-951.576065647985,FLAT_START,CONVERGED_FEASIBLE,CONVERGED,PASSED,0.900117625028126,18,1,1,1.99840144432528e-14,4.10338429901458e-13,25,27,0.1384
ATT_T012_000695_1,CALL_T012_000695,1,ANCHOR_SEARCH,2011-02-06 00:00:00,E0029,CAL_008713,4,-843.600026863541,-950.987126047611,FLAT_START,CONVERGED_FEASIBLE,CONVERGED,PASSED,0.900233552416375,18,1,1,1.99840144432528e-14,4.06674693920195e-13,25,27,0.1343
ATT_T012_000696_1,CALL_T012_000696,1,ANCHOR_SEARCH,2011-02-06 00:00:00,E0029,CAL_008713,3,-844.555687648955,-951.281595847798,FLAT_START,CONVERGED_FEASIBLE,CONVERGED,PASSED,0.900175593339211,18,1,1,1.99840144432528e-14,4.0867309536452e-13,25,27,0.1356
ATT_T012_000697_1,CALL_T012_000697,1,ANCHOR_SEARCH,2011-02-06 00:00:00,E0029,CAL_008713,2.5,-845.033518041662,-951.428830747892,FLAT_START,CONVERGED_FEASIBLE,CONVERGED,PASSED,0.900146610338161,18,1,1,2.02060590481778e-14,4.09006162271908e-13,25,27,0.1596
ATT_T012_000698_1,CALL_T012_000698,1,ANCHOR_SEARCH,2011-02-06 00:00:00,E0029,CAL_008713,2.75,-844.794602845309,-951.355213297845,FLAT_START,CONVERGED_FEASIBLE,CONVERGED,PASSED,0.900161102127277,18,1,1,1.98729921407903e-14,4.0911718457437e-13,25,27,0.1371
ATT_T012_000699_1,CALL_T012_000699,1,EDGE_CANDIDATE_SCREEN,2011-02-06 00:00:00,E0029,CAL_008694,2.75,-959.890718841856,-577.826774926441,FLAT_START,CONVERGED_FEASIBLE,CONVERGED,PASSED,0.900171471240281,18,1,1,1.57651669496772e-14,3.7025937871249e-13,25,27,0.1359
ATT_T012_000700_1,CALL_T012_000700,1,EDGE_CANDIDATE_SCREEN,2011-02-06 00:00:00,E0029,CAL_008695,2.75,-953.998604955527,-596.948811144699,FLAT_START,CONVERGED_FEASIBLE,CONVERGED,PASSED,0.900176646891971,18,1,1,1.57651669496772e-14,3.7025937871249e-13,25,27,0.1352
ATT_T012_000701_1,CALL_T012_000701,1,EDGE_CANDIDATE_SCREEN,2011-02-06 00:00:00,E0029,CAL_008696,2.75,-948.093684302361,-616.112409943727,FLAT_START,CONVERGED_FEASIBLE,CONVERGED,PASSED,0.90018122773612,18,1,1,1.57651669496772e-14,3.70592445619877e-13,25,27,0.1328
ATT_T012_000702_1,CALL_T012_000702,1,EDGE_CANDIDATE_SCREEN,2011-02-06 00:00:00,E0029,CAL_008697,2.75,-942.175012659744,-635.320635666706,FLAT_START,CONVERGED_FEASIBLE,CONVERGED,PASSED,0.900185208467756,18,1,1,1.62092561595273e-14,3.70925512527265e-13,25,27,0.1326
ATT_T012_000703_1,CALL_T012_000703,1,EDGE_CANDIDATE_SCREEN,2011-02-06 00:00:00,E0029,CAL_008698,2.75,-936.241637202822,-654.576580574194,FLAT_START,CONVERGED_FEASIBLE,CONVERGED,PASSED,0.900188583341009,18,1,1,1.62092561595273e-14,3.7114755713219e-13,25,27,0.3304
ATT_T012_000704_1,CALL_T012_000704,1,EDGE_CANDIDATE_SCREEN,2011-02-06 00:00:00,E0029,CAL_008699,2.75,-930.292595875517,-673.8833668854,FLAT_START,CONVERGED_FEASIBLE,CONVERGED,PASSED,0.900191346158553,18,1,1,1.60982338570648e-14,3.7203573555189e-13,25,27,0.1378
ATT_T012_000705_1,CALL_T012_000705,1,EDGE_CANDIDATE_SCREEN,2011-02-06 00:00:00,E0029,CAL_008700,2.75,-924.326916749099,-693.244148859856,FLAT_START,CONVERGED_FEASIBLE,CONVERGED,PASSED,0.900193490260308,18,1,1,1.63202784619898e-14,3.73145958576515e-13,25,27,0.1353
ATT_T012_000706_1,CALL_T012_000706,1,EDGE_CANDIDATE_SCREEN,2011-02-06 00:00:00,E0029,CAL_008701,2.75,-918.343617367382,-712.662114922486,FLAT_START,CONVERGED_FEASIBLE,CONVERGED,PASSED,0.900195008511346,18,1,1,1.67643676718399e-14,3.73923114693753e-13,25,27,0.1335
ATT_T012_000707_1,CALL_T012_000707,1,EDGE_CANDIDATE_SCREEN,2011-02-06 00:00:00,E0029,CAL_008702,2.75,-912.34170407758,-732.14048983522,FLAT_START,CONVERGED_FEASIBLE,CONVERGED,PASSED,0.900195893288976,18,1,1,1.67643676718399e-14,3.75699471533153e-13,25,27,0.1328
ATT_T012_000708_1,CALL_T012_000708,1,EDGE_CANDIDATE_SCREEN,2011-02-06 00:00:00,E0029,CAL_008703,2.75,-906.32017134583,-751.682536918376,FLAT_START,CONVERGED_FEASIBLE,CONVERGED,PASSED,0.900196136468979,18,1,1,1.69864122767649e-14,3.77253783767628e-13,25,27,0.1335
ATT_T012_000709_1,CALL_T012_000709,1,EDGE_CANDIDATE_SCREEN,2011-02-06 00:00:00,E0029,CAL_008704,2.75,-900.27800105634,-771.291560325169,FLAT_START,CONVERGED_FEASIBLE,CONVERGED,PASSED,0.90019572941094,18,1,1,1.72084568816899e-14,3.78919118304566e-13,25,27,0.1565
ATT_T012_000710_1,CALL_T012_000710,1,EDGE_CANDIDATE_SCREEN,2011-02-06 00:00:00,E0029,CAL_008705,2.75,-894.214161793098,-790.970907372832,FLAT_START,CONVERGED_FEASIBLE,CONVERGED,PASSED,0.900194662942638,18,1,1,1.73194791841524e-14,3.81028542051354e-13,25,27,0.1354
ATT_T012_000711_1,CALL_T012_000711,1,EDGE_CANDIDATE_SCREEN,2011-02-06 00:00:00,E0029,CAL_008706,2.75,-888.127608103016,-810.723970933969,FLAT_START,CONVERGED_FEASIBLE,CONVERGED,PASSED,0.900192927343458,18,1,1,1.75415237890775e-14,3.83693077310454e-13,25,27,0.1332
ATT_T012_000712_1,CALL_T012_000712,1,EDGE_CANDIDATE_SCREEN,2011-02-06 00:00:00,E0029,CAL_008707,2.75,-882.017279739364,-830.554191891904,FLAT_START,CONVERGED_FEASIBLE,CONVERGED,PASSED,0.900190512326767,18,1,1,1.77635683940025e-14,3.86468634872017e-13,25,27,0.1342
ATT_T012_000713_1,CALL_T012_000713,1,EDGE_CANDIDATE_SCREEN,2011-02-06 00:00:00,E0029,CAL_008708,2.75,-875.882100884262,-850.465061663951,FLAT_START,CONVERGED_FEASIBLE,CONVERGED,PASSED,0.900187407021204,18,1,1,1.83186799063151e-14,3.89355214736042e-13,25,27,0.1329
ATT_T012_000714_1,CALL_T012_000714,1,EDGE_CANDIDATE_SCREEN,2011-02-06 00:00:00,E0029,CAL_008709,2.75,-869.720979348993,-870.4601247967,FLAT_START,CONVERGED_FEASIBLE,CONVERGED,PASSED,0.90018359995083,18,1,1,1.85407245112401e-14,3.92685883809918e-13,25,27,0.1336
ATT_T012_000715_1,CALL_T012_000715,1,EDGE_CANDIDATE_SCREEN,2011-02-06 00:00:00,E0029,CAL_008710,2.75,-863.532805750808,-890.54298163759,FLAT_START,CONVERGED_FEASIBLE,CONVERGED,PASSED,0.900179079014073,18,1,1,1.88737914186277e-14,3.96349619791181e-13,25,27,0.1336
ATT_T012_000716_1,CALL_T012_000716,1,EDGE_CANDIDATE_SCREEN,2011-02-06 00:00:00,E0029,CAL_008711,2.75,-857.316452664843,-910.717291087231,FLAT_START,CONVERGED_FEASIBLE,CONVERGED,PASSED,0.900173831461416,18,1,1,1.93178806284777e-14,3.99902333469981e-13,25,27,0.1573
ATT_T012_000717_1,CALL_T012_000717,1,EDGE_CANDIDATE_SCREEN,2011-02-06 00:00:00,E0029,CAL_008712,2.75,-851.070773749717,-930.986773437148,FLAT_START,CONVERGED_FEASIBLE,CONVERGED,PASSED,0.900167843871742,18,1,1,1.96509475358653e-14,4.04343225568482e-13,25,27,0.1559
ATT_T012_000718_1,CALL_T012_000718,1,LOCAL_REENTRY_STENCIL,2011-02-06 00:00:00,E0029,CAL_008713,3,-844.555687648955,-951.281595847798,FLAT_START,CONVERGED_FEASIBLE,CONVERGED,PASSED,0.900175593339211,18,1,1,1.99840144432528e-14,4.0867309536452e-13,25,27,0.1343
ATT_T012_000719_1,CALL_T012_000719,1,LOCAL_REENTRY_STENCIL,2011-02-06 00:00:00,E0029,CAL_008713,2.5,-845.033518041662,-951.428830747892,FLAT_START,CONVERGED_FEASIBLE,CONVERGED,PASSED,0.900146610338161,18,1,1,2.02060590481778e-14,4.09006162271908e-13,25,27,0.1353
ATT_T012_000720_1,CALL_T012_000720,1,ANCHOR_SEARCH,2011-02-06 00:00:00,E0030,CAL_008724,0,-781.271463302282,-1160.10559644911,FLAT_START,CONVERGED_FEASIBLE,CONVERGED,PASSED,0.90000539629615,18,1,1,2.63122856836162e-14,4.8194781498978e-13,25,27,0.1394
ATT_T012_000721_1,CALL_T012_000721,1,ANCHOR_SEARCH,2011-02-06 00:00:00,E0030,CAL_008724,0.5,-780.794992661174,-1159.95401898323,FLAT_START,CONVERGED_FEASIBLE,CONVERGED,PASSED,0.90003433729977,18,1,1,2.60902410786912e-14,4.81170658872543e-13,25,27,0.1378
ATT_T012_000722_1,CALL_T012_000722,1,ANCHOR_SEARCH,2011-02-06 00:00:00,E0030,CAL_008724,1,-780.318522020067,-1159.80244151735,FLAT_START,CONVERGED_FEASIBLE,CONVERGED,PASSED,0.900063276009246,18,1,1,2.60902410786912e-14,4.80282480452843e-13,25,27,0.1616
ATT_T012_000723_1,CALL_T012_000723,1,ANCHOR_SEARCH,2011-02-06 00:00:00,E0030,CAL_008724,2,-779.365580737852,-1159.49928658559,FLAT_START,CONVERGED_FEASIBLE,CONVERGED,PASSED,0.900121146547765,18,1,1,2.59792187762287e-14,4.78284079008517e-13,25,27,0.137
ATT_T012_000724_1,CALL_T012_000724,1,ANCHOR_SEARCH,2011-02-06 00:00:00,E0030,CAL_008724,4,-777.459698173422,-1158.89297672207,FLAT_START,CONVERGED_FEASIBLE,CONVERGED,PASSED,0.900236860117046,18,1,1,2.57571741713036e-14,4.74176253817404e-13,25,27,0.1348
ATT_T012_000725_1,CALL_T012_000725,1,ANCHOR_SEARCH,2011-02-06 00:00:00,E0030,CAL_008724,3,-778.412639455637,-1159.19613165383,FLAT_START,CONVERGED_FEASIBLE,CONVERGED,PASSED,0.900179007915701,18,1,1,2.57571741713036e-14,4.7617465526173e-13,25,27,0.1371
ATT_T012_000726_1,CALL_T012_000726,1,ANCHOR_SEARCH,2011-02-06 00:00:00,E0030,CAL_008724,2.5,-778.889110096744,-1159.34770911971,FLAT_START,CONVERGED_FEASIBLE,CONVERGED,PASSED,0.900150078377806,18,1,1,2.59792187762287e-14,4.77284878286355e-13,25,27,0.1355
ATT_T012_000727_1,CALL_T012_000727,1,ANCHOR_SEARCH,2011-02-06 00:00:00,E0030,CAL_008724,2.25,-779.127345417298,-1159.42349785265,FLAT_START,CONVERGED_FEASIBLE,CONVERGED,PASSED,0.900135612749335,18,1,1,2.62012633811537e-14,4.77728967496205e-13,25,27,0.1351
ATT_T012_000728_1,CALL_T012_000728,1,EDGE_CANDIDATE_SCREEN,2011-02-06 00:00:00,E0030,CAL_008715,2.5,-838.585386503935,-971.697632465153,FLAT_START,CONVERGED_FEASIBLE,CONVERGED,PASSED,0.90015038302784,18,1,1,2.04281036531029e-14,4.13669098975333e-13,25,27,0.1377
ATT_T012_000729_1,CALL_T012_000729,1,EDGE_CANDIDATE_SCREEN,2011-02-06 00:00:00,E0030,CAL_008716,2.5,-832.098270261536,-992.089320748188,FLAT_START,CONVERGED_FEASIBLE,CONVERGED,PASSED,0.900153432622438,18,1,1,2.09832151654155e-14,4.19109191795997e-13,25,27,0.1596
ATT_T012_000730_1,CALL_T012_000730,1,EDGE_CANDIDATE_SCREEN,2011-02-06 00:00:00,E0030,CAL_008717,2.5,-825.57773114782,-1012.5860709336,FLAT_START,CONVERGED_FEASIBLE,CONVERGED,PASSED,0.900155747258292,18,1,1,2.1538326677728e-14,4.24438262314197e-13,25,27,0.1336
ATT_T012_000731_1,CALL_T012_000731,1,EDGE_CANDIDATE_SCREEN,2011-02-06 00:00:00,E0030,CAL_008718,2.5,-819.022509223416,-1033.19184353174,FLAT_START,CONVERGED_FEASIBLE,CONVERGED,PASSED,0.900157312751028,18,1,1,2.19824158875781e-14,4.30766533554561e-13,25,27,0.1322
ATT_T012_000732_1,CALL_T012_000732,1,EDGE_CANDIDATE_SCREEN,2011-02-06 00:00:00,E0030,CAL_008719,2.5,-812.431320486235,-1053.910674692,FLAT_START,CONVERGED_FEASIBLE,CONVERGED,PASSED,0.90015811414712,18,1,1,2.26485497023532e-14,4.37205827097387e-13,25,27,0.134
ATT_T012_000733_1,CALL_T012_000733,1,EDGE_CANDIDATE_SCREEN,2011-02-06 00:00:00,E0030,CAL_008720,2.5,-805.80285578657,-1074.74667961314,FLAT_START,CONVERGED_FEASIBLE,CONVERGED,PASSED,0.900158135692745,18,1,1,2.30926389122033e-14,4.44089209850063e-13,25,27,0.1331
ATT_T012_000734_1,CALL_T012_000734,1,EDGE_CANDIDATE_SCREEN,2011-02-06 00:00:00,E0030,CAL_008721,2.5,-799.135779703232,-1095.70405607606,FLAT_START,CONVERGED_FEASIBLE,CONVERGED,PASSED,0.900157360800767,18,1,1,2.37587727269783e-14,4.51305659510126e-13,25,27,0.1337
ATT_T012_000735_1,CALL_T012_000735,1,EDGE_CANDIDATE_SCREEN,2011-02-06 00:00:00,E0030,CAL_008722,2.5,-792.428729378586,-1116.78708810575,FLAT_START,CONVERGED_FEASIBLE,CONVERGED,PASSED,0.900155772015716,18,1,1,2.43138842392909e-14,4.59632332194815e-13,25,27,0.1571
ATT_T012_000736_1,CALL_T012_000736,1,EDGE_CANDIDATE_SCREEN,2011-02-06 00:00:00,E0030,CAL_008723,2.5,-785.680313310199,-1138.00014976963,FLAT_START,CONVERGED_FEASIBLE,CONVERGED,PASSED,0.900153350976659,18,1,1,2.4980018054066e-14,4.67959004879503e-13,25,27,0.1369
ATT_T012_000737_1,CALL_T012_000737,1,LOCAL_REENTRY_STENCIL,2011-02-06 00:00:00,E0030,CAL_008724,2.75,-778.650874776191,-1159.27192038677,FLAT_START,CONVERGED_FEASIBLE,CONVERGED,PASSED,0.900164543433241,18,1,1,2.60902410786912e-14,4.7661874447158e-13,25,27,0.1425
ATT_T012_000738_1,CALL_T012_000738,1,LOCAL_REENTRY_STENCIL,2011-02-06 00:00:00,E0030,CAL_008724,2.25,-779.127345417298,-1159.42349785265,FLAT_START,CONVERGED_FEASIBLE,CONVERGED,PASSED,0.900135612749335,18,1,1,2.62012633811537e-14,4.77728967496205e-13,25,27,0.1336
ATT_T012_000739_1,CALL_T012_000739,1,ANCHOR_SEARCH,2011-02-06 00:00:00,E0031,CAL_008726,0,-773.111951514699,-1179.6536626321,FLAT_START,CONVERGED_FEASIBLE,CONVERGED,PASSED,0.900108587495065,18,1,1,2.69784194983913e-14,4.87498930112906e-13,25,27,0.1394
ATT_T012_000740_1,CALL_T012_000740,1,ANCHOR_SEARCH,2011-02-06 00:00:00,E0031,CAL_008726,0.5,-772.650534525668,-1179.46106366472,FLAT_START,CONVERGED_FEASIBLE,CONVERGED,PASSED,0.90013741354236,18,1,1,2.66453525910038e-14,4.86943818600594e-13,25,27,0.1374
ATT_T012_000741_1,CALL_T012_000741,1,ANCHOR_SEARCH,2011-02-06 00:00:00,E0031,CAL_008726,1,-772.189117536638,-1179.26846469735,FLAT_START,CONVERGED_FEASIBLE,CONVERGED,PASSED,0.90016623733232,18,1,1,2.66453525910038e-14,4.85833595575969e-13,25,27,0.1361
ATT_T012_000742_1,CALL_T012_000742,1,ANCHOR_SEARCH,2011-02-06 00:00:00,E0031,CAL_008726,0.75,-772.419826031153,-1179.36476418104,FLAT_START,CONVERGED_FEASIBLE,CONVERGED,PASSED,0.900151825719476,18,1,1,2.66453525910038e-14,4.86499729390744e-13,25,27,0.1602
ATT_T012_000743_1,CALL_T012_000743,1,EDGE_CANDIDATE_SCREEN,2011-02-06 00:00:00,E0031,CAL_008727,0.75,-764.223365175388,-1199.0013507127,FLAT_START,CONVERGED_FEASIBLE,CONVERGED,PASSED,0.900254644760301,18,1,1,2.74225087082414e-14,4.92383911421257e-13,25,27,0.1583
ATT_T012_000744_1,CALL_T012_000744,1,EDGE_CANDIDATE_SCREEN,2011-02-06 00:00:00,E0031,CAL_008728,0.75,-755.988446640682,-1218.73007183192,FLAT_START,CONVERGED_FEASIBLE,CONVERGED,PASSED,0.900357114604531,18,1,1,2.80886425230165e-14,4.99267294173933e-13,25,27,0.1355
ATT_T012_000745_1,CALL_T012_000745,1,EDGE_CANDIDATE_SCREEN,2011-02-06 00:00:00,E0031,CAL_008729,0.75,-747.71353585361,-1238.55460397714,FLAT_START,CONVERGED_FEASIBLE,CONVERGED,PASSED,0.900459240389282,18,1,1,2.88657986402541e-14,5.07149877648772e-13,25,27,0.1337
ATT_T012_000746_1,CALL_T012_000746,1,EDGE_CANDIDATE_SCREEN,2011-02-06 00:00:00,E0031,CAL_008730,0.75,-739.397071055045,-1258.47868871668,FLAT_START,CONVERGED_FEASIBLE,CONVERGED,PASSED,0.900561026811191,18,1,1,2.96429547574917e-14,5.14810416518685e-13,25,27,0.1345
ATT_T012_000747_1,CALL_T012_000747,1,EDGE_CANDIDATE_SCREEN,2011-02-06 00:00:00,E0031,CAL_008731,0.75,-731.037462036423,-1278.5061357763,FLAT_START,CONVERGED_FEASIBLE,CONVERGED,PASSED,0.900662478113513,18,1,1,3.04201108747293e-14,5.23581178413224e-13,25,27,0.1327
ATT_T012_000748_1,CALL_T012_000748,1,EDGE_CANDIDATE_SCREEN,2011-02-06 00:00:00,E0031,CAL_008732,0.75,-722.63308883309,-1298.6408261696,FLAT_START,CONVERGED_FEASIBLE,CONVERGED,PASSED,0.900763598072041,18,1,1,3.13082892944294e-14,5.33129096425e-13,25,27,0.1541
ATT_T012_000749_1,CALL_T012_000749,1,EDGE_CANDIDATE_SCREEN,2011-02-06 00:00:00,E0031,CAL_008733,0.75,-714.182300372342,-1318.88671543699,FLAT_START,CONVERGED_FEASIBLE,CONVERGED,PASSED,0.900864389979741,18,1,1,3.23074900165921e-14,5.43232125949089e-13,25,27,0.1344
ATT_T012_000750_1,CALL_T012_000750,1,EDGE_CANDIDATE_SCREEN,2011-02-06 00:00:00,E0031,CAL_008734,0.75,-705.683413073642,-1339.24783699916,FLAT_START,CONVERGED_FEASIBLE,CONVERGED,PASSED,0.900671710148138,33,1,1,3.34177130412172e-14,5.54001289287953e-13,25,27,0.1334
ATT_T012_000751_1,CALL_T012_000751,1,LOCAL_REENTRY_STENCIL,2011-02-06 00:00:00,E0031,CAL_008726,1,-772.189117536638,-1179.26846469735,FLAT_START,CONVERGED_FEASIBLE,CONVERGED,PASSED,0.90016623733232,18,1,1,2.66453525910038e-14,4.85833595575969e-13,25,27,0.1351
ATT_T012_000752_1,CALL_T012_000752,1,LOCAL_REENTRY_STENCIL,2011-02-06 00:00:00,E0031,CAL_008726,0.5,-772.650534525668,-1179.46106366472,FLAT_START,CONVERGED_FEASIBLE,CONVERGED,PASSED,0.90013741354236,18,1,1,2.66453525910038e-14,4.86943818600594e-13,25,27,0.1353
ATT_T012_000753_1,CALL_T012_000753,1,ANCHOR_SEARCH,2011-02-06 00:00:00,E0032,CAL_008736,0,-697.82683488094,-1360.01720408093,FLAT_START,CONVERGED_FEASIBLE,CONVERGED,PASSED,0.900003397253508,33,1,1,3.46389583683049e-14,5.75428593663219e-13,25,27,0.1393
ATT_T012_000754_1,CALL_T012_000754,1,ANCHOR_SEARCH,2011-02-06 00:00:00,E0032,CAL_008736,0.5,-697.621174267062,-1359.56145885397,FLAT_START,CONVERGED_FEASIBLE,CONVERGED,PASSED,0.900024891856373,33,1,1,3.46389583683049e-14,5.74540415243519e-13,25,27,0.1594
ATT_T012_000755_1,CALL_T012_000755,1,ANCHOR_SEARCH,2011-02-06 00:00:00,E0032,CAL_008736,1,-697.415513653185,-1359.105713627,FLAT_START,CONVERGED_FEASIBLE,CONVERGED,PASSED,0.900046385133886,33,1,1,3.45279360658424e-14,5.73319169916431e-13,25,27,0.1402
ATT_T012_000756_1,CALL_T012_000756,1,ANCHOR_SEARCH,2011-02-06 00:00:00,E0032,CAL_008736,2,-697.00419242543,-1358.19422317308,FLAT_START,CONVERGED_FEASIBLE,CONVERGED,PASSED,0.900089367713746,33,1,1,3.43058914609173e-14,5.71653835379493e-13,25,27,0.1376
ATT_T012_000757_1,CALL_T012_000757,1,ANCHOR_SEARCH,2011-02-06 00:00:00,E0032,CAL_008736,4,-696.18154996992,-1356.37124226523,FLAT_START,CONVERGED_FEASIBLE,CONVERGED,PASSED,0.900175316979044,33,1,1,3.40838468559923e-14,5.67657032490843e-13,25,27,0.1376
ATT_T012_000758_1,CALL_T012_000758,1,ANCHOR_SEARCH,2011-02-06 00:00:00,E0032,CAL_008736,3,-696.592871197675,-1357.28273271915,FLAT_START,CONVERGED_FEASIBLE,CONVERGED,PASSED,0.900132344994872,33,1,1,3.43058914609173e-14,5.6932236702778e-13,25,27,0.1376
ATT_T012_000759_1,CALL_T012_000759,1,ANCHOR_SEARCH,2011-02-06 00:00:00,E0032,CAL_008736,3.5,-696.387210583797,-1356.82698749219,FLAT_START,CONVERGED_FEASIBLE,CONVERGED,PASSED,0.900153831648966,33,1,1,3.41948691584548e-14,5.68545210910543e-13,25,27,0.1396
ATT_T012_000760_1,CALL_T012_000760,1,ANCHOR_SEARCH,2011-02-06 00:00:00,E0032,CAL_008736,3.25,-696.490040890736,-1357.05486010567,FLAT_START,CONVERGED_FEASIBLE,CONVERGED,PASSED,0.900143088487435,33,1,1,3.40838468559923e-14,5.68989300120393e-13,25,27,0.1363
ATT_T012_000761_1,CALL_T012_000761,1,EDGE_CANDIDATE_SCREEN,2011-02-06 00:00:00,E0032,CAL_008737,3.5,-680.173844326752,-1364.14346753449,FLAT_START,CONVERGED_FEASIBLE,CONVERGED,PASSED,0.900160029905753,33,1,1,3.35287353436797e-14,5.59441382108616e-13,25,27,0.1564
ATT_T012_000762_1,CALL_T012_000762,1,EDGE_CANDIDATE_SCREEN,2011-02-06 00:00:00,E0032,CAL_008738,3.5,-664.074900838792,-1371.40831290122,FLAT_START,CONVERGED_FEASIBLE,CONVERGED,PASSED,0.900165493680704,33,1,1,3.26405569239796e-14,5.51003687121465e-13,25,27,0.1349
ATT_T012_000763_1,CALL_T012_000763,1,EDGE_CANDIDATE_SCREEN,2011-02-06 00:00:00,E0032,CAL_008739,3.5,-648.08674659244,-1378.62316326616,FLAT_START,CONVERGED_FEASIBLE,CONVERGED,PASSED,0.900170241917825,33,1,1,3.2085445411667e-14,5.43121103646627e-13,25,27,0.1363
ATT_T012_000764_1,CALL_T012_000764,1,EDGE_CANDIDATE_SCREEN,2011-02-06 00:00:00,E0032,CAL_008740,3.5,-632.205831423826,-1385.78962068423,FLAT_START,CONVERGED_FEASIBLE,CONVERGED,PASSED,0.900174292656873,33,1,1,3.14193115968919e-14,5.35904653986563e-13,25,27,0.1325
ATT_T012_000765_1,CALL_T012_000765,1,EDGE_CANDIDATE_SCREEN,2011-02-06 00:00:00,E0032,CAL_008741,3.5,-616.428685090898,-1392.90925114462,FLAT_START,CONVERGED_FEASIBLE,CONVERGED,PASSED,0.900177663074077,33,1,1,3.06421554796543e-14,5.29354338141275e-13,25,27,0.1326
ATT_T012_000766_1,CALL_T012_000766,1,EDGE_CANDIDATE_SCREEN,2011-02-06 00:00:00,E0032,CAL_008742,3.5,-600.751913965643,-1399.98358606355,FLAT_START,CONVERGED_FEASIBLE,CONVERGED,PASSED,0.90018036952049,33,1,1,3.01980662698043e-14,5.22804022295986e-13,25,27,0.1321
ATT_T012_000767_1,CALL_T012_000767,1,EDGE_CANDIDATE_SCREEN,2011-02-06 00:00:00,E0032,CAL_008743,3.5,-585.172197853305,-1407.01412371954,FLAT_START,CONVERGED_FEASIBLE,CONVERGED,PASSED,0.900182427558128,33,1,1,2.94209101525666e-14,5.17030862567935e-13,25,27,0.1361
ATT_T012_000768_1,CALL_T012_000768,1,EDGE_CANDIDATE_SCREEN,2011-02-06 00:00:00,E0032,CAL_008744,3.5,-569.686286931959,-1414.00233063454,FLAT_START,CONVERGED_FEASIBLE,CONVERGED,PASSED,0.900183851994021,33,1,1,2.91988655476416e-14,5.11590769747272e-13,25,27,0.1559
ATT_T012_000769_1,CALL_T012_000769,1,EDGE_CANDIDATE_SCREEN,2011-02-06 00:00:00,E0032,CAL_008745,3.5,-554.290998806173,-1420.94964290343,FLAT_START,CONVERGED_FEASIBLE,CONVERGED,PASSED,0.900184656912315,33,1,1,2.88657986402541e-14,5.06816810741384e-13,25,27,0.1334
ATT_T012_000770_1,CALL_T012_000770,1,EDGE_CANDIDATE_SCREEN,2011-02-06 00:00:00,E0032,CAL_008746,3.5,-538.983215668786,-1427.85746747489,FLAT_START,CONVERGED_FEASIBLE,CONVERGED,PASSED,0.900184855704528,33,1,1,2.8421709430404e-14,5.02375918642883e-13,25,27,0.132
ATT_T012_000771_1,CALL_T012_000771,1,EDGE_CANDIDATE_SCREEN,2011-02-06 00:00:00,E0032,CAL_008747,3.5,-523.759881565186,-1434.72718338585,FLAT_START,CONVERGED_FEASIBLE,CONVERGED,PASSED,0.900184461098086,33,1,1,2.80886425230165e-14,4.98157071149308e-13,25,27,0.1341
ATT_T012_000772_1,CALL_T012_000772,1,EDGE_CANDIDATE_SCREEN,2011-02-06 00:00:00,E0032,CAL_008748,3.5,-508.617999754719,-1441.56014295222,FLAT_START,CONVERGED_FEASIBLE,CONVERGED,PASSED,0.900183485183221,33,1,1,2.77555756156289e-14,4.94382312865582e-13,25,27,0.1345
ATT_T012_000773_1,CALL_T012_000773,1,EDGE_CANDIDATE_SCREEN,2011-02-06 00:00:00,E0032,CAL_008749,3.5,-493.554630164159,-1448.35767291803,FLAT_START,CONVERGED_FEASIBLE,CONVERGED,PASSED,0.900181939438349,33,1,1,2.72004641033163e-14,4.90940621489244e-13,25,27,0.1325
ATT_T012_000774_1,CALL_T012_000774,1,EDGE_CANDIDATE_SCREEN,2011-02-06 00:00:00,E0032,CAL_008750,3.5,-478.566886928427,-1455.12107556526,FLAT_START,CONVERGED_FEASIBLE,CONVERGED,PASSED,0.900179834753984,33,1,1,2.72004641033163e-14,4.87720974717831e-13,25,27,0.1545
ATT_T012_000775_1,CALL_T012_000775,1,EDGE_CANDIDATE_SCREEN,2011-02-06 00:00:00,E0032,CAL_008751,3.5,-463.651936013954,-1461.85162978623,FLAT_START,CONVERGED_FEASIBLE,CONVERGED,PASSED,0.900177181455313,33,1,1,2.64233079860787e-14,4.84723372551343e-13,25,27,0.1358
ATT_T012_000776_1,CALL_T012_000776,1,EDGE_CANDIDATE_SCREEN,2011-02-06 00:00:00,E0032,CAL_008752,3.5,-448.806992920345,-1468.55059212085,FLAT_START,CONVERGED_FEASIBLE,CONVERGED,PASSED,0.900173989323462,33,1,1,2.66453525910038e-14,4.82391904199631e-13,25,27,0.1328
ATT_T012_000777_1,CALL_T012_000777,1,EDGE_CANDIDATE_SCREEN,2011-02-06 00:00:00,E0032,CAL_008753,3.5,-434.029320456189,-1475.21919776027,FLAT_START,CONVERGED_FEASIBLE,CONVERGED,PASSED,0.900170267615559,33,1,1,2.64233079860787e-14,4.79949413545455e-13,25,27,0.1364
ATT_T012_000778_1,CALL_T012_000778,1,EDGE_CANDIDATE_SCREEN,2011-02-06 00:00:00,E0032,CAL_008754,3.5,-419.316226585056,-1481.85866151887,FLAT_START,CONVERGED_FEASIBLE,CONVERGED,PASSED,0.900166025083641,33,1,1,2.60902410786912e-14,4.78173056706055e-13,25,27,0.1927
ATT_T012_000779_1,CALL_T012_000779,1,EDGE_CANDIDATE_SCREEN,2011-02-06 00:00:00,E0032,CAL_008755,3.5,-404.665062337926,-1488.47017877636,FLAT_START,CONVERGED_FEASIBLE,CONVERGED,PASSED,0.900161269992479,33,1,1,2.57571741713036e-14,4.7617465526173e-13,25,27,0.1358
ATT_T012_000780_1,CALL_T012_000780,1,LOCAL_REENTRY_STENCIL,2011-02-06 00:00:00,E0032,CAL_008736,3.75,-696.284380276858,-1356.59911487871,FLAT_START,CONVERGED_FEASIBLE,CONVERGED,PASSED,0.900164574479492,33,1,1,3.40838468559923e-14,5.68323166305618e-13,25,27,0.1896
ATT_T012_000781_1,CALL_T012_000781,1,LOCAL_REENTRY_STENCIL,2011-02-06 00:00:00,E0032,CAL_008736,3.25,-696.490040890736,-1357.05486010567,FLAT_START,CONVERGED_FEASIBLE,CONVERGED,PASSED,0.900143088487435,33,1,1,3.40838468559923e-14,5.68989300120393e-13,25,27,0.1766
ATT_T012_000782_1,CALL_T012_000782,1,ANCHOR_SEARCH,2011-02-06 00:00:00,E0033,CAL_008757,0,-391.51284408557,-1498.24514298019,FLAT_START,CONVERGED_FEASIBLE,CONVERGED,PASSED,0.900006020028448,33,1,1,2.59792187762287e-14,4.80282480452843e-13,25,27,0.1456
ATT_T012_000783_1,CALL_T012_000783,1,ANCHOR_SEARCH,2011-02-06 00:00:00,E0033,CAL_008757,0.5,-391.314002987643,-1497.78638136696,FLAT_START,CONVERGED_FEASIBLE,CONVERGED,PASSED,0.900027451302457,33,1,1,2.57571741713036e-14,4.79838391242993e-13,25,27,0.1394
ATT_T012_000784_1,CALL_T012_000784,1,ANCHOR_SEARCH,2011-02-06 00:00:00,E0033,CAL_008757,1,-391.115161889717,-1497.32761975373,FLAT_START,CONVERGED_FEASIBLE,CONVERGED,PASSED,0.900048881267078,33,1,1,2.59792187762287e-14,4.79061235125755e-13,25,27,0.1357
ATT_T012_000785_1,CALL_T012_000785,1,ANCHOR_SEARCH,2011-02-06 00:00:00,E0033,CAL_008757,2,-390.717479693863,-1496.41009652726,FLAT_START,CONVERGED_FEASIBLE,CONVERGED,PASSED,0.900091737269021,33,1,1,2.58681964737661e-14,4.77395900588817e-13,25,27,0.1376
ATT_T012_000786_1,CALL_T012_000786,1,ANCHOR_SEARCH,2011-02-06 00:00:00,E0033,CAL_008757,4,-389.922115302156,-1494.57505007433,FLAT_START,CONVERGED_FEASIBLE,CONVERGED,PASSED,0.900177433569818,33,1,1,2.55351295663786e-14,4.74065231514942e-13,25,27,0.1594
ATT_T012_000787_1,CALL_T012_000787,1,ANCHOR_SEARCH,2011-02-06 00:00:00,E0033,CAL_008757,3,-390.31979749801,-1495.4925733008,FLAT_START,CONVERGED_FEASIBLE,CONVERGED,PASSED,0.900134588036021,33,1,1,2.56461518688411e-14,4.7573056605188e-13,25,27,0.1391
ATT_T012_000788_1,CALL_T012_000788,1,ANCHOR_SEARCH,2011-02-06 00:00:00,E0033,CAL_008757,3.5,-390.120956400083,-1495.03381168757,FLAT_START,CONVERGED_FEASIBLE,CONVERGED,PASSED,0.900156011456961,33,1,1,2.55351295663786e-14,4.74731365329717e-13,25,27,0.1365
ATT_T012_000789_1,CALL_T012_000789,1,ANCHOR_SEARCH,2011-02-06 00:00:00,E0033,CAL_008757,3.25,-390.220376949046,-1495.26319249418,FLAT_START,CONVERGED_FEASIBLE,CONVERGED,PASSED,0.900145299910015,33,1,1,2.56461518688411e-14,4.7528647684203e-13,25,27,0.1358
ATT_T012_000790_1,CALL_T012_000790,1,EDGE_CANDIDATE_SCREEN,2011-02-06 00:00:00,E0033,CAL_008758,3.5,-375.498785213731,-1501.3715009992,FLAT_START,CONVERGED_FEASIBLE,CONVERGED,PASSED,0.900160441889379,33,1,1,2.55351295663786e-14,4.73288075397704e-13,25,27,0.1341
ATT_T012_000791_1,CALL_T012_000791,1,EDGE_CANDIDATE_SCREEN,2011-02-06 00:00:00,E0033,CAL_008759,3.5,-360.934178342545,-1507.68424020319,FLAT_START,CONVERGED_FEASIBLE,CONVERGED,PASSED,0.900164341385159,33,1,1,2.50910403565285e-14,4.71622740860766e-13,25,27,0.1327
ATT_T012_000792_1,CALL_T012_000792,1,EDGE_CANDIDATE_SCREEN,2011-02-06 00:00:00,E0033,CAL_008760,3.5,-346.424590987924,-1513.9731322919,FLAT_START,CONVERGED_FEASIBLE,CONVERGED,PASSED,0.900167718591343,33,1,1,2.50910403565285e-14,4.70512517836141e-13,25,27,0.1326
ATT_T012_000793_1,CALL_T012_000793,1,EDGE_CANDIDATE_SCREEN,2011-02-06 00:00:00,E0033,CAL_008761,3.5,-331.967514241855,-1520.23926470159,FLAT_START,CONVERGED_FEASIBLE,CONVERGED,PASSED,0.900170581705593,33,1,1,2.4980018054066e-14,4.69180250206591e-13,25,27,0.1553
ATT_T012_000794_1,CALL_T012_000794,1,EDGE_CANDIDATE_SCREEN,2011-02-06 00:00:00,E0033,CAL_008762,3.5,-317.560473264398,-1526.48371010244,FLAT_START,CONVERGED_FEASIBLE,CONVERGED,PASSED,0.900172938490741,33,1,1,2.48689957516035e-14,4.68403094089354e-13,25,27,0.1348
ATT_T012_000795_1,CALL_T012_000795,1,EDGE_CANDIDATE_SCREEN,2011-02-06 00:00:00,E0033,CAL_008763,3.5,-303.201025509131,-1532.70752716761,FLAT_START,CONVERGED_FEASIBLE,CONVERGED,PASSED,0.900174796288503,33,1,1,2.4757973449141e-14,4.67514915669653e-13,25,27,0.1319
ATT_T012_000796_1,CALL_T012_000796,1,EDGE_CANDIDATE_SCREEN,2011-02-06 00:00:00,E0033,CAL_008764,3.5,-288.88675899374,-1538.91176132287,FLAT_START,CONVERGED_FEASIBLE,CONVERGED,PASSED,0.900176162032395,33,1,1,2.46469511466785e-14,4.67514915669653e-13,25,27,0.1344
ATT_T012_000797_1,CALL_T012_000797,1,EDGE_CANDIDATE_SCREEN,2011-02-06 00:00:00,E0033,CAL_008765,3.5,-274.615290613065,-1545.09744547776,FLAT_START,CONVERGED_FEASIBLE,CONVERGED,PASSED,0.900177042259898,33,1,1,2.4535928844216e-14,4.66959804157341e-13,25,27,0.1331
ATT_T012_000798_1,CALL_T012_000798,1,EDGE_CANDIDATE_SCREEN,2011-02-06 00:00:00,E0033,CAL_008766,3.5,-260.384264491997,-1551.26560073949,FLAT_START,CONVERGED_FEASIBLE,CONVERGED,PASSED,0.900177443123896,33,1,1,2.46469511466785e-14,4.67181848762266e-13,25,27,0.1315
ATT_T012_000799_1,CALL_T012_000799,1,EDGE_CANDIDATE_SCREEN,2011-02-06 00:00:00,E0033,CAL_008767,3.5,-246.191350375747,-1557.41723711066,FLAT_START,CONVERGED_FEASIBLE,CONVERGED,PASSED,0.900177370403431,33,1,1,2.4535928844216e-14,4.66848781854878e-13,25,27,0.1327
ATT_T012_000800_1,CALL_T012_000800,1,EDGE_CANDIDATE_SCREEN,2011-02-06 00:00:00,E0033,CAL_008768,3.5,-232.034242055053,-1563.55335417181,FLAT_START,CONVERGED_FEASIBLE,CONVERGED,PASSED,0.900176829513798,33,1,1,2.44249065417534e-14,4.67181848762266e-13,25,27,0.1538
ATT_T012_000801_1,CALL_T012_000801,1,EDGE_CANDIDATE_SCREEN,2011-02-06 00:00:00,E0033,CAL_008769,3.5,-217.910655824023,-1569.67494174984,FLAT_START,CONVERGED_FEASIBLE,CONVERGED,PASSED,0.900175825516005,33,1,1,2.46469511466785e-14,4.67514915669653e-13,25,27,0.1412
ATT_T012_000802_1,CALL_T012_000802,1,EDGE_CANDIDATE_SCREEN,2011-02-06 00:00:00,E0033,CAL_008770,3.5,-203.818328968357,-1575.78298057328,FLAT_START,CONVERGED_FEASIBLE,CONVERGED,PASSED,0.90017436312564,33,1,1,2.4757973449141e-14,4.68514116391816e-13,25,27,0.1349
ATT_T012_000803_1,CALL_T012_000803,1,EDGE_CANDIDATE_SCREEN,2011-02-06 00:00:00,E0033,CAL_008771,3.5,-189.755018281762,-1581.87844291527,FLAT_START,CONVERGED_FEASIBLE,CONVERGED,PASSED,0.900172446721155,33,1,1,2.4980018054066e-14,4.69069227904129e-13,25,27,0.1336
ATT_T012_000804_1,CALL_T012_000804,1,EDGE_CANDIDATE_SCREEN,2011-02-06 00:00:00,E0033,CAL_008772,3.5,-175.718498608458,-1587.96229322534,FLAT_START,CONVERGED_FEASIBLE,CONVERGED,PASSED,0.900170080351585,33,1,1,2.48689957516035e-14,4.69735361718904e-13,25,27,0.1332
ATT_T012_000805_1,CALL_T012_000805,1,EDGE_CANDIDATE_SCREEN,2011-02-06 00:00:00,E0033,CAL_008773,3.5,-161.706561409726,-1594.03548875067,FLAT_START,CONVERGED_FEASIBLE,CONVERGED,PASSED,0.900167267743748,33,1,1,2.50910403565285e-14,4.70845584743529e-13,25,27,0.1329
ATT_T012_000806_1,CALL_T012_000806,1,EDGE_CANDIDATE_SCREEN,2011-02-06 00:00:00,E0033,CAL_008774,3.5,-147.717013352486,-1600.09898014788,FLAT_START,CONVERGED_FEASIBLE,CONVERGED,PASSED,0.900164012308921,33,1,1,2.52020626589911e-14,4.71844785465692e-13,25,27,0.1529
ATT_T012_000807_1,CALL_T012_000807,1,EDGE_CANDIDATE_SCREEN,2011-02-06 00:00:00,E0033,CAL_008775,3.5,-133.747674917982,-1606.15371208601,FLAT_START,CONVERGED_FEASIBLE,CONVERGED,PASSED,0.900160317149021,33,1,1,2.52020626589911e-14,4.73288075397704e-13,25,27,0.1361
ATT_T012_000808_1,CALL_T012_000808,1,EDGE_CANDIDATE_SCREEN,2011-02-06 00:00:00,E0033,CAL_008776,3.5,-119.796379028652,-1612.20062384175,FLAT_START,CONVERGED_FEASIBLE,CONVERGED,PASSED,0.900156185062303,33,1,1,2.54241072639161e-14,4.74620343027254e-13,25,27,0.1473
ATT_T012_000809_1,CALL_T012_000809,1,LOCAL_REENTRY_STENCIL,2011-02-06 00:00:00,E0033,CAL_008757,3.75,-390.02153585112,-1494.80443088095,FLAT_START,CONVERGED_FEASIBLE,CONVERGED,PASSED,0.900166722676887,33,1,1,2.56461518688411e-14,4.74287276119867e-13,25,27,0.1642
ATT_T012_000810_1,CALL_T012_000810,1,LOCAL_REENTRY_STENCIL,2011-02-06 00:00:00,E0033,CAL_008757,3.25,-390.220376949046,-1495.26319249418,FLAT_START,CONVERGED_FEASIBLE,CONVERGED,PASSED,0.900145299910015,33,1,1,2.56461518688411e-14,4.7528647684203e-13,25,27,0.1374
ATT_T012_000811_1,CALL_T012_000811,1,ANCHOR_SEARCH,2011-02-06 00:00:00,E0034,CAL_008778,0,-107.252857376825,-1621.45198118007,FLAT_START,CONVERGED_FEASIBLE,CONVERGED,PASSED,0.900001915667444,33,1,1,2.58681964737661e-14,4.82280881897168e-13,25,27,0.1384
ATT_T012_000812_1,CALL_T012_000812,1,ANCHOR_SEARCH,2011-02-06 00:00:00,E0034,CAL_008778,0.5,-107.059006211128,-1620.99108886558,FLAT_START,CONVERGED_FEASIBLE,CONVERGED,PASSED,0.900023306143689,33,1,1,2.59792187762287e-14,4.81170658872543e-13,25,27,0.1734
ATT_T012_000813_1,CALL_T012_000813,1,ANCHOR_SEARCH,2011-02-06 00:00:00,E0034,CAL_008778,1,-106.865155045431,-1620.53019655109,FLAT_START,CONVERGED_FEASIBLE,CONVERGED,PASSED,0.900044695319594,33,1,1,2.58681964737661e-14,4.8017145815038e-13,25,27,0.1389
ATT_T012_000814_1,CALL_T012_000814,1,ANCHOR_SEARCH,2011-02-06 00:00:00,E0034,CAL_008778,2,-106.477452714036,-1619.6084119221,FLAT_START,CONVERGED_FEASIBLE,CONVERGED,PASSED,0.900087469771242,33,1,1,2.58681964737661e-14,4.78506123613442e-13,25,27,0.136
ATT_T012_000815_1,CALL_T012_000815,1,ANCHOR_SEARCH,2011-02-06 00:00:00,E0034,CAL_008778,4,-105.702048051247,-1617.76484266413,FLAT_START,CONVERGED_FEASIBLE,CONVERGED,PASSED,0.900173003079924,33,1,1,2.57571741713036e-14,4.7528647684203e-13,25,27,0.1346
ATT_T012_000816_1,CALL_T012_000816,1,ANCHOR_SEARCH,2011-02-06 00:00:00,E0034,CAL_008778,3,-106.089750382642,-1618.68662729312,FLAT_START,CONVERGED_FEASIBLE,CONVERGED,PASSED,0.900130239024112,33,1,1,2.56461518688411e-14,4.76840789076505e-13,25,27,0.1367
ATT_T012_000817_1,CALL_T012_000817,1,ANCHOR_SEARCH,2011-02-06 00:00:00,E0034,CAL_008778,3.5,-105.895899216945,-1618.22573497863,FLAT_START,CONVERGED_FEASIBLE,CONVERGED,PASSED,0.900151621701543,33,1,1,2.55351295663786e-14,4.7617465526173e-13,25,27,0.1349
ATT_T012_000818_1,CALL_T012_000818,1,ANCHOR_SEARCH,2011-02-06 00:00:00,E0034,CAL_008778,3.25,-105.992824799793,-1618.45618113587,FLAT_START,CONVERGED_FEASIBLE,CONVERGED,PASSED,0.900140930525222,33,1,1,2.57571741713036e-14,4.76285677564192e-13,25,27,0.1352
ATT_T012_000819_1,CALL_T012_000819,1,EDGE_CANDIDATE_SCREEN,2011-02-06 00:00:00,E0034,CAL_008779,3.5,-91.9343908150429,-1624.09794111768,FLAT_START,CONVERGED_FEASIBLE,CONVERGED,PASSED,0.900153661526392,33,1,1,2.57571741713036e-14,4.7750692289128e-13,25,27,0.133
ATT_T012_000820_1,CALL_T012_000820,1,EDGE_CANDIDATE_SCREEN,2011-02-06 00:00:00,E0034,CAL_008780,3.5,-77.9865187926682,-1629.96441179969,FLAT_START,CONVERGED_FEASIBLE,CONVERGED,PASSED,0.900155265499838,33,1,1,2.57571741713036e-14,4.7928327973068e-13,25,27,0.134
ATT_T012_000821_1,CALL_T012_000821,1,EDGE_CANDIDATE_SCREEN,2011-02-06 00:00:00,E0034,CAL_008781,3.5,-64.0501416396643,-1635.82604774319,FLAT_START,CONVERGED_FEASIBLE,CONVERGED,PASSED,0.900156436555639,33,1,1,2.59792187762287e-14,4.80726569662693e-13,25,27,0.1342
ATT_T012_000822_1,CALL_T012_000822,1,EDGE_CANDIDATE_SCREEN,2011-02-06 00:00:00,E0034,CAL_008782,3.5,-50.1231248735551,-1641.68374671083,FLAT_START,CONVERGED_FEASIBLE,CONVERGED,PASSED,0.900157177340558,33,1,1,2.62012633811537e-14,4.82391904199631e-13,25,27,0.1333
ATT_T012_000823_1,CALL_T012_000823,1,EDGE_CANDIDATE_SCREEN,2011-02-06 00:00:00,E0034,CAL_008783,3.5,-36.20333972816,-1647.53840406102,FLAT_START,CONVERGED_FEASIBLE,CONVERGED,PASSED,0.900157490218497,33,1,1,2.64233079860787e-14,4.84390305643956e-13,25,27,0.1327
ATT_T012_000824_1,CALL_T012_000824,1,EDGE_CANDIDATE_SCREEN,2011-02-06 00:00:00,E0034,CAL_008784,3.5,-22.2886618496359,-1653.39091329634,FLAT_START,CONVERGED_FEASIBLE,CONVERGED,PASSED,0.900157377274227,33,1,1,2.66453525910038e-14,4.86166662483356e-13,25,27,0.1332
ATT_T012_000825_1,CALL_T012_000825,1,EDGE_CANDIDATE_SCREEN,2011-02-06 00:00:00,E0034,CAL_008785,3.5,-8.37696999824169,-1659.24216660957,FLAT_START,CONVERGED_FEASIBLE,CONVERGED,PASSED,0.900156840316726,33,1,1,2.67563748934663e-14,4.88276086230144e-13,25,27,0.1339
ATT_T012_000826_1,CALL_T012_000826,1,LOCAL_REENTRY_STENCIL,2011-02-06 00:00:00,E0034,CAL_008778,3.75,-105.798973634096,-1617.99528882138,FLAT_START,CONVERGED_FEASIBLE,CONVERGED,PASSED,0.900162312553101,33,1,1,2.55351295663786e-14,4.75508521446955e-13,25,27,0.1678
ATT_T012_000827_1,CALL_T012_000827,1,LOCAL_REENTRY_STENCIL,2011-02-06 00:00:00,E0034,CAL_008778,3.25,-105.992824799793,-1618.45618113587,FLAT_START,CONVERGED_FEASIBLE,CONVERGED,PASSED,0.900140930525222,33,1,1,2.57571741713036e-14,4.76285677564192e-13,25,27,0.1413
ATT_T012_000828_1,CALL_T012_000828,1,ANCHOR_SEARCH,2011-02-06 00:00:00,E0035,CAL_008798,0,157.860461386359,-1732.03003871287,FLAT_START,CONVERGED_FEASIBLE,CONVERGED,PASSED,0.900004746107036,33,1,1,2.96429547574917e-14,5.27355936696949e-13,25,27,0.1387
ATT_T012_000829_1,CALL_T012_000829,1,ANCHOR_SEARCH,2011-02-06 00:00:00,E0035,CAL_008798,0.5,158.052001854018,-1731.56818132227,FLAT_START,CONVERGED_FEASIBLE,CONVERGED,PASSED,0.900026110229938,33,1,1,2.95319324550292e-14,5.26689802882174e-13,25,27,0.1724
ATT_T012_000830_1,CALL_T012_000830,1,ANCHOR_SEARCH,2011-02-06 00:00:00,E0035,CAL_008798,1,158.243542321676,-1731.10632393168,FLAT_START,CONVERGED_FEASIBLE,CONVERGED,PASSED,0.900047473057185,33,1,1,2.95319324550292e-14,5.25690602160012e-13,25,27,0.1365
ATT_T012_000831_1,CALL_T012_000831,1,ANCHOR_SEARCH,2011-02-06 00:00:00,E0035,CAL_008798,2,158.626623256993,-1730.18260915048,FLAT_START,CONVERGED_FEASIBLE,CONVERGED,PASSED,0.900090194825574,33,1,1,2.90878432451791e-14,5.24025267623074e-13,25,27,0.1362
ATT_T012_000832_1,CALL_T012_000832,1,ANCHOR_SEARCH,2011-02-06 00:00:00,E0035,CAL_008798,4,159.392785127627,-1728.33517958809,FLAT_START,CONVERGED_FEASIBLE,CONVERGED,PASSED,0.900175622823918,33,1,1,2.89768209427166e-14,5.20361531641811e-13,25,27,0.1356
ATT_T012_000833_1,CALL_T012_000833,1,ANCHOR_SEARCH,2011-02-06 00:00:00,E0035,CAL_008798,3,159.00970419231,-1729.25889436929,FLAT_START,CONVERGED_FEASIBLE,CONVERGED,PASSED,0.900132911413914,33,1,1,2.90878432451791e-14,5.22248910783674e-13,25,27,0.1367
ATT_T012_000834_1,CALL_T012_000834,1,ANCHOR_SEARCH,2011-02-06 00:00:00,E0035,CAL_008798,3.5,159.201244659969,-1728.79703697869,FLAT_START,CONVERGED_FEASIBLE,CONVERGED,PASSED,0.900154267766101,33,1,1,2.90878432451791e-14,5.21693799271361e-13,25,27,0.1356
ATT_T012_000835_1,CALL_T012_000835,1,ANCHOR_SEARCH,2011-02-06 00:00:00,E0035,CAL_008798,3.25,159.10547442614,-1729.02796567399,FLAT_START,CONVERGED_FEASIBLE,CONVERGED,PASSED,0.900143589751817,33,1,1,2.90878432451791e-14,5.21804821573824e-13,25,27,0.1357
ATT_T012_000836_1,CALL_T012_000836,1,EDGE_CANDIDATE_SCREEN,2011-02-06 00:00:00,E0035,CAL_008787,3.5,5.52220300108598,-1665.06360733581,FLAT_START,CONVERGED_FEASIBLE,CONVERGED,PASSED,0.900156849664302,33,1,1,2.69784194983913e-14,4.90607554581857e-13,25,27,0.1572
ATT_T012_000837_1,CALL_T012_000837,1,EDGE_CANDIDATE_SCREEN,2011-02-06 00:00:00,E0035,CAL_008788,3.5,19.4487483217491,-1670.83919317225,FLAT_START,CONVERGED_FEASIBLE,CONVERGED,PASSED,0.900158698176829,33,1,1,2.69784194983913e-14,4.92828000631107e-13,25,27,0.1345
ATT_T012_000838_1,CALL_T012_000838,1,EDGE_CANDIDATE_SCREEN,2011-02-06 00:00:00,E0035,CAL_008789,3.5,33.3777522773606,-1676.6157986483,FLAT_START,CONVERGED_FEASIBLE,CONVERGED,PASSED,0.900160127648316,33,1,1,2.70894418008538e-14,4.9515946898282e-13,25,27,0.1326
ATT_T012_000839_1,CALL_T012_000839,1,EDGE_CANDIDATE_SCREEN,2011-02-06 00:00:00,E0035,CAL_008790,3.5,47.3113378589753,-1682.39430420607,FLAT_START,CONVERGED_FEASIBLE,CONVERGED,PASSED,0.900161139402073,33,1,1,2.73114864057789e-14,4.97712981939458e-13,25,27,0.1349
ATT_T012_000840_1,CALL_T012_000840,1,EDGE_CANDIDATE_SCREEN,2011-02-06 00:00:00,E0035,CAL_008791,3.5,61.2516308508822,-1688.17559144609,FLAT_START,CONVERGED_FEASIBLE,CONVERGED,PASSED,0.900161734497229,33,1,1,2.77555756156289e-14,4.99933427988708e-13,25,27,0.1318
ATT_T012_000841_1,CALL_T012_000841,1,EDGE_CANDIDATE_SCREEN,2011-02-06 00:00:00,E0035,CAL_008792,3.5,75.200761129095,-1693.96054366579,FLAT_START,CONVERGED_FEASIBLE,CONVERGED,PASSED,0.900161913730284,33,1,1,2.78665979180914e-14,5.03042052457658e-13,25,27,0.1341
ATT_T012_000842_1,CALL_T012_000842,1,EDGE_CANDIDATE_SCREEN,2011-02-06 00:00:00,E0035,CAL_008793,3.5,89.16086396515,-1699.75004640022,FLAT_START,CONVERGED_FEASIBLE,CONVERGED,PASSED,0.900161677636317,33,1,1,2.8199664825479e-14,5.05928632321684e-13,25,27,0.1535
ATT_T012_000843_1,CALL_T012_000843,1,EDGE_CANDIDATE_SCREEN,2011-02-06 00:00:00,E0035,CAL_008794,3.5,103.134081336911,-1705.54498796567,FLAT_START,CONVERGED_FEASIBLE,CONVERGED,PASSED,0.900161026489824,33,1,1,2.83106871279415e-14,5.08260100673397e-13,25,27,0.1347
ATT_T012_000844_1,CALL_T012_000844,1,EDGE_CANDIDATE_SCREEN,2011-02-06 00:00:00,E0035,CAL_008795,3.5,117.122563248094,-1711.34626000689,FLAT_START,CONVERGED_FEASIBLE,CONVERGED,PASSED,0.900159960305214,33,1,1,2.8421709430404e-14,5.11701792049735e-13,25,27,0.1351
ATT_T012_000845_1,CALL_T012_000845,1,EDGE_CANDIDATE_SCREEN,2011-02-06 00:00:00,E0035,CAL_008796,3.5,131.128469058246,-1717.15475804866,FLAT_START,CONVERGED_FEASIBLE,CONVERGED,PASSED,0.900158478836957,33,1,1,2.87547763377916e-14,5.14699394216223e-13,25,27,0.1324
ATT_T012_000846_1,CALL_T012_000846,1,EDGE_CANDIDATE_SCREEN,2011-02-06 00:00:00,E0035,CAL_008797,3.5,145.153968824941,-1722.97138205241,FLAT_START,CONVERGED_FEASIBLE,CONVERGED,PASSED,0.900156581579378,33,1,1,2.88657986402541e-14,5.18141085592561e-13,25,27,0.1317
ATT_T012_000847_1,CALL_T012_000847,1,LOCAL_REENTRY_STENCIL,2011-02-06 00:00:00,E0035,CAL_008798,3.75,159.297014893798,-1728.56610828339,FLAT_START,CONVERGED_FEASIBLE,CONVERGED,PASSED,0.900164945456792,33,1,1,2.91988655476416e-14,5.21027665456586e-13,25,27,0.1445
ATT_T012_000848_1,CALL_T012_000848,1,LOCAL_REENTRY_STENCIL,2011-02-06 00:00:00,E0035,CAL_008798,3.25,159.10547442614,-1729.02796567399,FLAT_START,CONVERGED_FEASIBLE,CONVERGED,PASSED,0.900143589751817,33,1,1,2.90878432451791e-14,5.21804821573824e-13,25,27,0.1342
ATT_T012_000849_1,CALL_T012_000849,1,ANCHOR_SEARCH,2011-02-06 00:00:00,E0036,CAL_008800,0,171.931708827728,-1737.86563509029,FLAT_START,CONVERGED_FEASIBLE,CONVERGED,PASSED,0.900002021600344,33,1,1,2.98649993624167e-14,5.30797628073287e-13,25,27,0.1635
ATT_T012_000850_1,CALL_T012_000850,1,ANCHOR_SEARCH,2011-02-06 00:00:00,E0036,CAL_008800,0.5,172.118113566643,-1737.40168113427,FLAT_START,CONVERGED_FEASIBLE,CONVERGED,PASSED,0.900023384491516,33,1,1,2.98649993624167e-14,5.30575583468362e-13,25,27,0.1363
ATT_T012_000851_1,CALL_T012_000851,1,ANCHOR_SEARCH,2011-02-06 00:00:00,E0036,CAL_008800,1,172.304518305559,-1736.93772717824,FLAT_START,CONVERGED_FEASIBLE,CONVERGED,PASSED,0.900044746087974,33,1,1,2.96429547574917e-14,5.29465360443737e-13,25,27,0.1347
ATT_T012_000852_1,CALL_T012_000852,1,ANCHOR_SEARCH,2011-02-06 00:00:00,E0036,CAL_008800,2,172.677327783389,-1736.0098192662,FLAT_START,CONVERGED_FEASIBLE,CONVERGED,PASSED,0.900087465397602,33,1,1,2.96429547574917e-14,5.27689003604337e-13,25,27,0.1372
ATT_T012_000853_1,CALL_T012_000853,1,ANCHOR_SEARCH,2011-02-06 00:00:00,E0036,CAL_008800,4,173.422946739051,-1734.1540034421,FLAT_START,CONVERGED_FEASIBLE,CONVERGED,PASSED,0.900172888489697,33,1,1,2.93098878501041e-14,5.23914245320611e-13,25,27,0.1353
ATT_T012_000854_1,CALL_T012_000854,1,ANCHOR_SEARCH,2011-02-06 00:00:00,E0036,CAL_008800,3,173.05013726122,-1735.08191135415,FLAT_START,CONVERGED_FEASIBLE,CONVERGED,PASSED,0.90013017953094,33,1,1,2.95319324550292e-14,5.25579579857549e-13,25,27,0.135
ATT_T012_000855_1,CALL_T012_000855,1,ANCHOR_SEARCH,2011-02-06 00:00:00,E0036,CAL_008800,3.5,173.236542000135,-1734.61795739813,FLAT_START,CONVERGED_FEASIBLE,CONVERGED,PASSED,0.900151534657034,33,1,1,2.93098878501041e-14,5.25024468345237e-13,25,27,0.137
ATT_T012_000856_1,CALL_T012_000856,1,ANCHOR_SEARCH,2011-02-06 00:00:00,E0036,CAL_008800,3.25,173.143339630678,-1734.84993437614,FLAT_START,CONVERGED_FEASIBLE,CONVERGED,PASSED,0.900140857255679,33,1,1,2.94209101525666e-14,5.25357535252624e-13,25,27,0.1389
ATT_T012_000857_1,CALL_T012_000857,1,EDGE_CANDIDATE_SCREEN,2011-02-06 00:00:00,E0036,CAL_008801,3.5,187.354247166696,-1740.29008738321,FLAT_START,CONVERGED_FEASIBLE,CONVERGED,PASSED,0.90015560468403,33,1,1,2.96429547574917e-14,5.28244115116649e-13,25,27,0.1421
ATT_T012_000858_1,CALL_T012_000858,1,EDGE_CANDIDATE_SCREEN,2011-02-06 00:00:00,E0036,CAL_008802,3.5,201.498320781711,-1745.9728115311,FLAT_START,CONVERGED_FEASIBLE,CONVERGED,PASSED,0.90015927016456,33,1,1,2.98649993624167e-14,5.31463761888062e-13,25,27,0.135
ATT_T012_000859_1,CALL_T012_000859,1,EDGE_CANDIDATE_SCREEN,2011-02-06 00:00:00,E0036,CAL_008803,3.5,215.670997374049,-1751.66702761791,FLAT_START,CONVERGED_FEASIBLE,CONVERGED,PASSED,0.900162530649262,33,1,1,3.01980662698043e-14,5.35127497869325e-13,25,27,0.1333
ATT_T012_000860_1,CALL_T012_000860,1,EDGE_CANDIDATE_SCREEN,2011-02-06 00:00:00,E0036,CAL_008804,3.5,229.874529251719,-1757.37364056292,FLAT_START,CONVERGED_FEASIBLE,CONVERGED,PASSED,0.900165385432115,33,1,1,3.03090885722668e-14,5.39013278455514e-13,25,27,0.1336
ATT_T012_000861_1,CALL_T012_000861,1,EDGE_CANDIDATE_SCREEN,2011-02-06 00:00:00,E0036,CAL_008805,3.5,244.111187961891,-1763.09356301523,FLAT_START,CONVERGED_FEASIBLE,CONVERGED,PASSED,0.900167833548853,33,1,1,3.05311331771918e-14,5.42788036739239e-13,25,27,0.1354
ATT_T012_000862_1,CALL_T012_000862,1,EDGE_CANDIDATE_SCREEN,2011-02-06 00:00:00,E0036,CAL_008806,3.5,258.383265776613,-1768.82771595065,FLAT_START,CONVERGED_FEASIBLE,CONVERGED,PASSED,0.900169873775021,33,1,1,3.09752223870419e-14,5.4634075041804e-13,25,27,0.154
ATT_T012_000863_1,CALL_T012_000863,1,EDGE_CANDIDATE_SCREEN,2011-02-06 00:00:00,E0036,CAL_008807,3.5,272.693077206334,-1774.57702927981,FLAT_START,CONVERGED_FEASIBLE,CONVERGED,PASSED,0.90017150462368,33,1,1,3.11972669919669e-14,5.50448575609153e-13,25,27,0.1357
ATT_T012_000864_1,CALL_T012_000864,1,EDGE_CANDIDATE_SCREEN,2011-02-06 00:00:00,E0036,CAL_008808,3.5,287.042960543414,-1780.34244246831,FLAT_START,CONVERGED_FEASIBLE,CONVERGED,PASSED,0.900172724342743,33,1,1,3.14193115968919e-14,5.54445378497803e-13,25,27,0.132
ATT_T012_000865_1,CALL_T012_000865,1,EDGE_CANDIDATE_SCREEN,2011-02-06 00:00:00,E0036,CAL_008809,3.5,301.435279437847,-1786.12490516978,FLAT_START,CONVERGED_FEASIBLE,CONVERGED,PASSED,0.900173530911938,33,1,1,3.1641356201817e-14,5.58664225991379e-13,25,27,0.1349
ATT_T012_000866_1,CALL_T012_000866,1,EDGE_CANDIDATE_SCREEN,2011-02-06 00:00:00,E0036,CAL_008810,3.5,315.872424507542,-1791.92537787285,FLAT_START,CONVERGED_FEASIBLE,CONVERGED,PASSED,0.900173922039388,33,1,1,3.2085445411667e-14,5.63327162694804e-13,25,27,0.1334
ATT_T012_000867_1,CALL_T012_000867,1,EDGE_CANDIDATE_SCREEN,2011-02-06 00:00:00,E0036,CAL_008811,3.5,330.356814985533,-1797.74483256301,FLAT_START,CONVERGED_FEASIBLE,CONVERGED,PASSED,0.900173895157809,33,1,1,3.24185123190546e-14,5.67323965583455e-13,25,27,0.1361
ATT_T012_000868_1,CALL_T012_000868,1,EDGE_CANDIDATE_SCREEN,2011-02-06 00:00:00,E0036,CAL_008812,3.5,344.890900406632,-1803.58425340018,FLAT_START,CONVERGED_FEASIBLE,CONVERGED,PASSED,0.900173447420306,33,1,1,3.26405569239796e-14,5.72319969194268e-13,25,27,0.1348
ATT_T012_000869_1,CALL_T012_000869,1,EDGE_CANDIDATE_SCREEN,2011-02-06 00:00:00,E0036,CAL_008813,3.5,359.477162336097,-1809.44463741332,FLAT_START,CONVERGED_FEASIBLE,CONVERGED,PASSED,0.900172575695758,33,1,1,3.30846461338297e-14,5.76982905897694e-13,25,27,0.155
ATT_T012_000870_1,CALL_T012_000870,1,EDGE_CANDIDATE_SCREEN,2011-02-06 00:00:00,E0036,CAL_008814,3.5,374.118116142995,-1815.32699521287,FLAT_START,CONVERGED_FEASIBLE,CONVERGED,PASSED,0.900171276563785,33,1,1,3.34177130412172e-14,5.81978909508507e-13,25,27,0.1333
ATT_T012_000871_1,CALL_T012_000871,1,EDGE_CANDIDATE_SCREEN,2011-02-06 00:00:00,E0036,CAL_008815,3.5,388.816312821073,-1821.23235172235,FLAT_START,CONVERGED_FEASIBLE,CONVERGED,PASSED,0.900169546309283,33,1,1,3.39728245535298e-14,5.86752868514395e-13,25,27,0.1337
ATT_T012_000872_1,CALL_T012_000872,1,EDGE_CANDIDATE_SCREEN,2011-02-06 00:00:00,E0036,CAL_008816,3.5,403.574340860023,-1827.16174693019,FLAT_START,CONVERGED_FEASIBLE,CONVERGED,PASSED,0.900167380916506,33,1,1,3.41948691584548e-14,5.92081939032596e-13,25,27,0.1461
ATT_T012_000873_1,CALL_T012_000873,1,EDGE_CANDIDATE_SCREEN,2011-02-06 00:00:00,E0036,CAL_008817,3.5,418.3948281702,-1833.11623666303,FLAT_START,CONVERGED_FEASIBLE,CONVERGED,PASSED,0.900164776062692,33,1,1,3.44169137633799e-14,5.97077942643409e-13,25,27,0.1486
ATT_T012_000874_1,CALL_T012_000874,1,EDGE_CANDIDATE_SCREEN,2011-02-06 00:00:00,E0036,CAL_008818,3.5,433.28044406395,-1839.09689338175,FLAT_START,CONVERGED_FEASIBLE,CONVERGED,PASSED,0.900161727111204,33,1,1,3.47499806707674e-14,6.0285110237146e-13,25,27,0.1344
ATT_T012_000875_1,CALL_T012_000875,1,EDGE_CANDIDATE_SCREEN,2011-02-06 00:00:00,E0036,CAL_008819,3.5,448.233901296861,-1845.10480700161,FLAT_START,CONVERGED_FEASIBLE,CONVERGED,PASSED,0.900158229104177,33,1,1,3.54161144855425e-14,6.08180172889661e-13,25,27,0.1666
ATT_T012_000876_1,CALL_T012_000876,1,LOCAL_REENTRY_STENCIL,2011-02-06 00:00:00,E0036,CAL_008800,3.75,173.329744369593,-1734.38598042011,FLAT_START,CONVERGED_FEASIBLE,CONVERGED,PASSED,0.900162211735031,33,1,1,2.93098878501041e-14,5.24469356832924e-13,25,27,0.1365
ATT_T012_000877_1,CALL_T012_000877,1,LOCAL_REENTRY_STENCIL,2011-02-06 00:00:00,E0036,CAL_008800,3.25,173.143339630678,-1734.84993437614,FLAT_START,CONVERGED_FEASIBLE,CONVERGED,PASSED,0.900140857255679,33,1,1,2.94209101525666e-14,5.25357535252624e-13,25,27,0.1354
ATT_T012_000878_1,CALL_T012_000878,1,ANCHOR_SEARCH,2011-02-06 00:00:00,E0037,CAL_008821,0,477.049232525598,-1860.23113956258,FLAT_START,CONVERGED_FEASIBLE,CONVERGED,PASSED,0.900009323000421,33,1,1,3.64153152077051e-14,6.26942942005826e-13,25,27,0.1381
ATT_T012_000879_1,CALL_T012_000879,1,ANCHOR_SEARCH,2011-02-06 00:00:00,E0037,CAL_008821,0.5,477.229695234543,-1859.76484222109,FLAT_START,CONVERGED_FEASIBLE,CONVERGED,PASSED,0.900030668369095,33,1,1,3.61932706027801e-14,6.25832718981201e-13,25,27,0.1374
ATT_T012_000880_1,CALL_T012_000880,1,ANCHOR_SEARCH,2011-02-06 00:00:00,E0037,CAL_008821,1,477.410157943489,-1859.2985448796,FLAT_START,CONVERGED_FEASIBLE,CONVERGED,PASSED,0.900052012445246,33,1,1,3.61932706027801e-14,6.24500451351651e-13,25,27,0.1363
ATT_T012_000881_1,CALL_T012_000881,1,ANCHOR_SEARCH,2011-02-06 00:00:00,E0037,CAL_008821,2,477.77108336138,-1858.36595019662,FLAT_START,CONVERGED_FEASIBLE,CONVERGED,PASSED,0.900094696720832,33,1,1,3.60822483003176e-14,6.22391027604863e-13,25,27,0.1362
ATT_T012_000882_1,CALL_T012_000882,1,ANCHOR_SEARCH,2011-02-06 00:00:00,E0037,CAL_008821,4,478.492934197162,-1856.50076083067,FLAT_START,CONVERGED_FEASIBLE,CONVERGED,PASSED,0.900180049771128,33,1,1,3.59712259978551e-14,6.18394224716212e-13,25,27,0.1349
ATT_T012_000883_1,CALL_T012_000883,1,ANCHOR_SEARCH,2011-02-06 00:00:00,E0037,CAL_008821,3,478.132008779271,-1857.43335551364,FLAT_START,CONVERGED_FEASIBLE,CONVERGED,PASSED,0.90013737582889,33,1,1,3.61932706027801e-14,6.20614670765463e-13,25,27,0.1354
ATT_T012_000884_1,CALL_T012_000884,1,ANCHOR_SEARCH,2011-02-06 00:00:00,E0037,CAL_008821,3.5,478.312471488216,-1856.96705817215,FLAT_START,CONVERGED_FEASIBLE,CONVERGED,PASSED,0.90015871344563,33,1,1,3.59712259978551e-14,6.19726492345762e-13,25,27,0.2412
ATT_T012_000885_1,CALL_T012_000885,1,ANCHOR_SEARCH,2011-02-06 00:00:00,E0037,CAL_008821,3.25,478.222240133744,-1857.2002068429,FLAT_START,CONVERGED_FEASIBLE,CONVERGED,PASSED,0.900148044798679,33,1,1,3.60822483003176e-14,6.19837514648225e-13,25,27,0.2493
ATT_T012_000886_1,CALL_T012_000886,1,EDGE_CANDIDATE_SCREEN,2011-02-06 00:00:00,E0037,CAL_008822,3.5,493.482103711782,-1862.83788925179,FLAT_START,CONVERGED_FEASIBLE,CONVERGED,PASSED,0.900162732963109,33,1,1,3.63042929052426e-14,6.25499652073813e-13,25,27,0.2799
ATT_T012_000887_1,CALL_T012_000887,1,EDGE_CANDIDATE_SCREEN,2011-02-06 00:00:00,E0037,CAL_008823,3.5,508.728126802765,-1868.73828452073,FLAT_START,CONVERGED_FEASIBLE,CONVERGED,PASSED,0.900166330340435,33,1,1,3.68594044175552e-14,6.30828722592014e-13,25,27,0.2416
ATT_T012_000888_1,CALL_T012_000888,1,EDGE_CANDIDATE_SCREEN,2011-02-06 00:00:00,E0037,CAL_008824,3.5,524.053459262916,-1874.66937347444,FLAT_START,CONVERGED_FEASIBLE,CONVERGED,PASSED,0.900169500957525,33,1,1,3.71924713249427e-14,6.36712904622527e-13,25,27,0.2907
ATT_T012_000889_1,CALL_T012_000889,1,EDGE_CANDIDATE_SCREEN,2011-02-06 00:00:00,E0037,CAL_008825,3.5,539.46107432753,-1880.63230679091,FLAT_START,CONVERGED_FEASIBLE,CONVERGED,PASSED,0.900172239861378,33,1,1,3.75255382323303e-14,6.42819131257966e-13,25,27,0.2418
ATT_T012_000890_1,CALL_T012_000890,1,EDGE_CANDIDATE_SCREEN,2011-02-06 00:00:00,E0037,CAL_008826,3.5,554.954002450102,-1886.62825729229,FLAT_START,CONVERGED_FEASIBLE,CONVERGED,PASSED,0.900174541756836,33,1,1,3.80806497446429e-14,6.49036380195867e-13,25,27,0.2475
ATT_T012_000891_1,CALL_T012_000891,1,EDGE_CANDIDATE_SCREEN,2011-02-06 00:00:00,E0037,CAL_008827,3.5,570.535333875014,-1892.65842094053,FLAT_START,CONVERGED_FEASIBLE,CONVERGED,PASSED,0.900176400996748,33,1,1,3.84137166520304e-14,6.55475673738692e-13,25,27,0.1683
ATT_T012_000892_1,CALL_T012_000892,1,EDGE_CANDIDATE_SCREEN,2011-02-06 00:00:00,E0037,CAL_008828,3.5,586.208221303121,-1898.72401786896,FLAT_START,CONVERGED_FEASIBLE,CONVERGED,PASSED,0.900177811571497,33,1,1,3.88578058618805e-14,6.62248034188906e-13,25,27,0.1596
ATT_T012_000893_1,CALL_T012_000893,1,EDGE_CANDIDATE_SCREEN,2011-02-06 00:00:00,E0037,CAL_008829,3.5,601.975882655375,-1904.8262934519,FLAT_START,CONVERGED_FEASIBLE,CONVERGED,PASSED,0.900178767097862,33,1,1,3.93018950717305e-14,6.68798350034194e-13,25,27,0.1366
ATT_T012_000894_1,CALL_T012_000894,1,EDGE_CANDIDATE_SCREEN,2011-02-06 00:00:00,E0037,CAL_008830,3.5,617.841603939857,-1910.96651941422,FLAT_START,CONVERGED_FEASIBLE,CONVERGED,PASSED,0.900179260807177,33,1,1,3.99680288865056e-14,6.75570710484408e-13,25,27,0.1335
ATT_T012_000895_1,CALL_T012_000895,1,EDGE_CANDIDATE_SCREEN,2011-02-06 00:00:00,E0037,CAL_008831,3.5,633.808742227945,-1917.14599498312,FLAT_START,CONVERGED_FEASIBLE,CONVERGED,PASSED,0.900179285532769,33,1,1,4.01900734914307e-14,6.82898182446934e-13,25,27,0.1343
ATT_T012_000896_1,CALL_T012_000896,1,EDGE_CANDIDATE_SCREEN,2011-02-06 00:00:00,E0037,CAL_008832,3.5,649.880728745586,-1923.36604808452,FLAT_START,CONVERGED_FEASIBLE,CONVERGED,PASSED,0.900178833696615,33,1,1,4.08562073062058e-14,6.90114632106997e-13,25,27,0.1329
ATT_T012_000897_1,CALL_T012_000897,1,EDGE_CANDIDATE_SCREEN,2011-02-06 00:00:00,E0037,CAL_008833,3.5,666.061072086039,-1929.62803658645,FLAT_START,CONVERGED_FEASIBLE,CONVERGED,PASSED,0.90017789729519,33,1,1,4.14113188185183e-14,6.97553126371986e-13,25,27,0.1336
ATT_T012_000898_1,CALL_T012_000898,1,EDGE_CANDIDATE_SCREEN,2011-02-06 00:00:00,E0037,CAL_008834,3.5,682.353361550769,-1935.93334959196,FLAT_START,CONVERGED_FEASIBLE,CONVERGED,PASSED,0.900176467884476,33,1,1,4.17443857259059e-14,7.04991620636974e-13,25,27,0.1317
ATT_T012_000899_1,CALL_T012_000899,1,EDGE_CANDIDATE_SCREEN,2011-02-06 00:00:00,E0037,CAL_008835,3.5,698.761270625576,-1942.28340878448,FLAT_START,CONVERGED_FEASIBLE,CONVERGED,PASSED,0.900174536564056,33,1,1,4.22994972382185e-14,7.12985226414276e-13,25,27,0.1542
ATT_T012_000900_1,CALL_T012_000900,1,EDGE_CANDIDATE_SCREEN,2011-02-06 00:00:00,E0037,CAL_008836,3.5,715.288560599441,-1948.67966982831,FLAT_START,CONVERGED_FEASIBLE,CONVERGED,PASSED,0.900172093960276,33,1,1,4.2854608750531e-14,7.21089854494039e-13,25,27,10.3445
ATT_T012_000901_1,CALL_T012_000901,1,EDGE_CANDIDATE_SCREEN,2011-02-06 00:00:00,E0037,CAL_008837,3.5,731.939084334004,-1955.1236238275,FLAT_START,CONVERGED_FEASIBLE,CONVERGED,PASSED,0.900169130208398,33,1,1,4.32986979603811e-14,7.29416527178728e-13,25,27,0.1883
ATT_T012_000902_1,CALL_T012_000902,1,EDGE_CANDIDATE_SCREEN,2011-02-06 00:00:00,E0037,CAL_008838,3.5,748.716790192071,-1961.61679884618,FLAT_START,CONVERGED_FEASIBLE,CONVERGED,PASSED,0.900165634933707,33,1,1,4.38538094726937e-14,7.38409333678192e-13,25,27,0.1406
ATT_T012_000903_1,CALL_T012_000903,1,EDGE_CANDIDATE_SCREEN,2011-02-06 00:00:00,E0037,CAL_008839,3.5,765.625726134033,-1968.16076149398,FLAT_START,CONVERGED_FEASIBLE,CONVERGED,PASSED,0.900161597231418,33,1,1,1.69864122767649e-14,8.24895707296491e-13,25,28,0.1376
ATT_T012_000904_1,CALL_T012_000904,1,LOCAL_REENTRY_STENCIL,2011-02-06 00:00:00,E0037,CAL_008821,3.75,478.402702842689,-1856.73390950141,FLAT_START,CONVERGED_FEASIBLE,CONVERGED,PASSED,0.900169381769771,33,1,1,3.58602036953926e-14,6.18838313926062e-13,25,27,0.1718
ATT_T012_000905_1,CALL_T012_000905,1,LOCAL_REENTRY_STENCIL,2011-02-06 00:00:00,E0037,CAL_008821,3.25,478.222240133744,-1857.2002068429,FLAT_START,CONVERGED_FEASIBLE,CONVERGED,PASSED,0.900148044798679,33,1,1,3.60822483003176e-14,6.19837514648225e-13,25,27,0.1375
ATT_T012_000906_1,CALL_T012_000906,1,ANCHOR_SEARCH,2011-02-06 00:00:00,E0038,CAL_008841,0,781.406805028985,-1978.02119997037,FLAT_START,CONVERGED_FEASIBLE,CONVERGED,PASSED,0.900007657721967,33,1,1,1.73194791841524e-14,8.44546654832357e-13,25,28,0.1427
ATT_T012_000907_1,CALL_T012_000907,1,ANCHOR_SEARCH,2011-02-06 00:00:00,E0038,CAL_008841,0.5,781.58097289809,-1977.55251505129,FLAT_START,CONVERGED_FEASIBLE,CONVERGED,PASSED,0.900028996872234,33,1,1,1.73194791841524e-14,8.43436431807731e-13,25,28,0.1401
ATT_T012_000908_1,CALL_T012_000908,1,ANCHOR_SEARCH,2011-02-06 00:00:00,E0038,CAL_008841,1,781.755140767195,-1977.08383013221,FLAT_START,CONVERGED_FEASIBLE,CONVERGED,PASSED,0.900050334729177,33,1,1,1.72084568816899e-14,8.42326208783106e-13,25,28,0.139
ATT_T012_000909_1,CALL_T012_000909,1,ANCHOR_SEARCH,2011-02-06 00:00:00,E0038,CAL_008841,2,782.103476505406,-1976.14646029406,FLAT_START,CONVERGED_FEASIBLE,CONVERGED,PASSED,0.900093006563949,33,1,1,1.70974345792274e-14,8.39328606616618e-13,25,28,0.1381
ATT_T012_000910_1,CALL_T012_000910,1,ANCHOR_SEARCH,2011-02-06 00:00:00,E0038,CAL_008841,4,782.800147981827,-1974.27172061774,FLAT_START,CONVERGED_FEASIBLE,CONVERGED,PASSED,0.900178334723033,33,1,1,1.70974345792274e-14,8.33555446888568e-13,25,28,0.1591
ATT_T012_000911_1,CALL_T012_000911,1,ANCHOR_SEARCH,2011-02-06 00:00:00,E0038,CAL_008841,3,782.451812243617,-1975.2090904559,FLAT_START,CONVERGED_FEASIBLE,CONVERGED,PASSED,0.900135673227996,33,1,1,1.70974345792274e-14,8.3633100445013e-13,25,28,0.1387
ATT_T012_000912_1,CALL_T012_000912,1,ANCHOR_SEARCH,2011-02-06 00:00:00,E0038,CAL_008841,3.5,782.625980112722,-1974.74040553682,FLAT_START,CONVERGED_FEASIBLE,CONVERGED,PASSED,0.900157004621534,33,1,1,1.70974345792274e-14,8.3499873682058e-13,25,28,0.1371
ATT_T012_000913_1,CALL_T012_000913,1,ANCHOR_SEARCH,2011-02-06 00:00:00,E0038,CAL_008841,3.25,782.538896178169,-1974.97474799636,FLAT_START,CONVERGED_FEASIBLE,CONVERGED,PASSED,0.900146339086283,33,1,1,1.72084568816899e-14,8.35664870635355e-13,25,28,0.138
ATT_T012_000914_1,CALL_T012_000914,1,EDGE_CANDIDATE_SCREEN,2011-02-06 00:00:00,E0038,CAL_008842,3.5,799.774130899346,-1981.11282495982,FLAT_START,CONVERGED_FEASIBLE,CONVERGED,PASSED,0.900162396134023,33,1,1,1.7430501486615e-14,8.44546654832357e-13,25,28,0.1352
ATT_T012_000915_1,CALL_T012_000915,1,EDGE_CANDIDATE_SCREEN,2011-02-06 00:00:00,E0038,CAL_008843,3.5,817.062303017929,-1987.53727767005,FLAT_START,CONVERGED_FEASIBLE,CONVERGED,PASSED,0.900167304136617,33,1,1,1.75415237890775e-14,8.54649684356446e-13,25,28,0.1342
ATT_T012_000916_1,CALL_T012_000916,1,EDGE_CANDIDATE_SCREEN,2011-02-06 00:00:00,E0038,CAL_008844,3.5,834.49488444291,-1994.01539428145,FLAT_START,CONVERGED_FEASIBLE,CONVERGED,PASSED,0.90017171868864,33,1,1,1.77635683940025e-14,8.64752713880534e-13,25,28,0.134
ATT_T012_000917_1,CALL_T012_000917,1,EDGE_CANDIDATE_SCREEN,2011-02-06 00:00:00,E0038,CAL_008845,3.5,852.076381132179,-2000.54884925174,FLAT_START,CONVERGED_FEASIBLE,CONVERGED,PASSED,0.900175629301559,33,1,1,1.80966353013901e-14,8.75521877219398e-13,25,28,0.1602
ATT_T012_000918_1,CALL_T012_000918,1,EDGE_CANDIDATE_SCREEN,2011-02-06 00:00:00,E0038,CAL_008846,3.5,869.811422119937,-2007.139362775,FLAT_START,CONVERGED_FEASIBLE,CONVERGED,PASSED,0.900179024915717,33,1,1,1.82076576038526e-14,8.86068995953337e-13,25,28,0.1373
ATT_T012_000919_1,CALL_T012_000919,1,EDGE_CANDIDATE_SCREEN,2011-02-06 00:00:00,E0038,CAL_008847,3.5,887.704764843174,-2013.78870276103,FLAT_START,CONVERGED_FEASIBLE,CONVERGED,PASSED,0.900181893875651,33,1,1,1.86517468137026e-14,8.97504293106977e-13,25,28,0.1353
ATT_T012_000920_1,CALL_T012_000920,1,EDGE_CANDIDATE_SCREEN,2011-02-06 00:00:00,E0038,CAL_008848,3.5,905.761300715299,-2020.49868690658,FLAT_START,CONVERGED_FEASIBLE,CONVERGED,PASSED,0.900184223903907,33,1,1,1.87627691161651e-14,9.08717545655691e-13,25,28,0.1346
ATT_T012_000921_1,CALL_T012_000921,1,EDGE_CANDIDATE_SCREEN,2011-02-06 00:00:00,E0038,CAL_008849,3.5,923.98606096127,-2027.27118486371,FLAT_START,CONVERGED_FEASIBLE,CONVERGED,PASSED,0.900186002073265,33,1,1,1.90958360235527e-14,9.20374887414255e-13,25,28,0.1328
ATT_T012_000922_1,CALL_T012_000922,1,EDGE_CANDIDATE_SCREEN,2011-02-06 00:00:00,E0038,CAL_008850,3.5,942.384222729539,-2034.10812051108,FLAT_START,CONVERGED_FEASIBLE,CONVERGED,PASSED,0.900187214777256,33,1,1,1.92068583260152e-14,9.32476318382669e-13,25,28,0.1334
ATT_T012_000923_1,CALL_T012_000923,1,EDGE_CANDIDATE_SCREEN,2011-02-06 00:00:00,E0038,CAL_008851,3.5,960.96111549711,-2041.01147433413,FLAT_START,CONVERGED_FEASIBLE,CONVERGED,PASSED,0.900187847698881,33,1,1,1.96509475358653e-14,9.45021838560933e-13,25,28,0.1335
ATT_T012_000924_1,CALL_T012_000924,1,EDGE_CANDIDATE_SCREEN,2011-02-06 00:00:00,E0038,CAL_008852,3.5,979.722227785094,-2047.98328592062,FLAT_START,CONVERGED_FEASIBLE,CONVERGED,PASSED,0.900187885777399,33,1,1,1.99840144432528e-14,9.57789403344123e-13,25,28,0.1646
ATT_T012_000925_1,CALL_T012_000925,1,EDGE_CANDIDATE_SCREEN,2011-02-06 00:00:00,E0038,CAL_008853,3.5,998.67321420329,-2055.02565657849,FLAT_START,CONVERGED_FEASIBLE,CONVERGED,PASSED,0.900187313173062,33,1,1,2.03170813506404e-14,9.71223101942087e-13,25,28,0.1349
ATT_T012_000926_1,CALL_T012_000926,1,EDGE_CANDIDATE_SCREEN,2011-02-06 00:00:00,E0038,CAL_008854,3.5,1017.81990284359,-2062.14075208329,FLAT_START,CONVERGED_FEASIBLE,CONVERGED,PASSED,0.900186113229675,33,1,1,2.07611705604904e-14,9.84989867447439e-13,25,28,0.134
ATT_T012_000927_1,CALL_T012_000927,1,EDGE_CANDIDATE_SCREEN,2011-02-06 00:00:00,E0038,CAL_008855,3.5,1037.16830304334,-2069.33080556317,FLAT_START,CONVERGED_FEASIBLE,CONVERGED,PASSED,0.900184268434805,33,1,1,2.09832151654155e-14,9.98645610650328e-13,25,28,0.1483
ATT_T012_000928_1,CALL_T012_000928,1,EDGE_CANDIDATE_SCREEN,2011-02-06 00:00:00,E0038,CAL_008856,3.5,1056.72461354119,-2076.59812052963,FLAT_START,CONVERGED_FEASIBLE,CONVERGED,PASSED,0.900181760377507,33,1,1,2.1316282072803e-14,1.01352259918031e-12,25,28,0.1367
ATT_T012_000929_1,CALL_T012_000929,1,EDGE_CANDIDATE_SCREEN,2011-02-06 00:00:00,E0038,CAL_008857,3.5,1076.49523104965,-2083.94507406318,FLAT_START,CONVERGED_FEASIBLE,CONVERGED,PASSED,0.900178569703387,33,1,1,2.1538326677728e-14,1.02862163231521e-12,25,28,0.1355
ATT_T012_000930_1,CALL_T012_000930,1,EDGE_CANDIDATE_SCREEN,2011-02-06 00:00:00,E0038,CAL_008858,3.5,1096.48675927012,-2091.37412016342,FLAT_START,CONVERGED_FEASIBLE,CONVERGED,PASSED,0.900174676066815,33,1,1,2.22044604925031e-14,1.0440537323575e-12,25,28,0.1724
ATT_T012_000931_1,CALL_T012_000931,1,EDGE_CANDIDATE_SCREEN,2011-02-06 00:00:00,E0038,CAL_008859,3.5,1116.706018378,-2098.88779327378,FLAT_START,CONVERGED_FEASIBLE,CONVERGED,PASSED,0.900170058080089,33,1,1,2.25375273998907e-14,1.0600409439121e-12,25,28,0.1461
ATT_T012_000932_1,CALL_T012_000932,1,EDGE_CANDIDATE_SCREEN,2011-02-06 00:00:00,E0038,CAL_008860,3.5,1137.16005500764,-2106.48871199203,FLAT_START,CONVERGED_FEASIBLE,CONVERGED,PASSED,0.900164693259345,33,1,1,2.28705943072782e-14,1.07669428928148e-12,25,28,0.1354
ATT_T012_000933_1,CALL_T012_000933,1,LOCAL_REENTRY_STENCIL,2011-02-06 00:00:00,E0038,CAL_008841,3.75,782.713064047274,-1974.50606307728,FLAT_START,CONVERGED_FEASIBLE,CONVERGED,PASSED,0.900167669833775,33,1,1,1.73194791841524e-14,8.33999536098418e-13,25,28,0.1384
ATT_T012_000934_1,CALL_T012_000934,1,LOCAL_REENTRY_STENCIL,2011-02-06 00:00:00,E0038,CAL_008841,3.25,782.538896178169,-1974.97474799636,FLAT_START,CONVERGED_FEASIBLE,CONVERGED,PASSED,0.900146339086283,33,1,1,1.72084568816899e-14,8.35664870635355e-13,25,28,0.138
ATT_T012_000935_1,CALL_T012_000935,1,ANCHOR_SEARCH,2011-02-06 00:00:00,E0039,CAL_008871,0,1354.29676394379,-2188.59431210178,FLAT_START,CONVERGED_FEASIBLE,CONVERGED,PASSED,0.900008468381949,33,1,1,2.76445533131664e-14,4.45421477479613e-13,26,28,0.1478
ATT_T012_000936_1,CALL_T012_000936,1,ANCHOR_SEARCH,2011-02-06 00:00:00,E0039,CAL_008871,0.5,1354.4660739744,-2188.12385050554,FLAT_START,CONVERGED_FEASIBLE,CONVERGED,PASSED,0.900029819939945,33,1,1,2.77555756156289e-14,4.44533299059913e-13,26,28,0.1672
ATT_T012_000937_1,CALL_T012_000937,1,ANCHOR_SEARCH,2011-02-06 00:00:00,E0039,CAL_008871,1,1354.635384005,-2187.6533889093,FLAT_START,CONVERGED_FEASIBLE,CONVERGED,PASSED,0.900051170197515,33,1,1,2.75335310107039e-14,4.44311254454988e-13,26,28,0.1512
ATT_T012_000938_1,CALL_T012_000938,1,ANCHOR_SEARCH,2011-02-06 00:00:00,E0039,CAL_008871,2,1354.97400406621,-2186.71246571682,FLAT_START,CONVERGED_FEASIBLE,CONVERGED,PASSED,0.900093866812244,33,1,1,2.75335310107039e-14,4.42423875313125e-13,26,28,0.1471
ATT_T012_000939_1,CALL_T012_000939,1,ANCHOR_SEARCH,2011-02-06 00:00:00,E0039,CAL_008871,4,1355.65124418864,-2184.83061933186,FLAT_START,CONVERGED_FEASIBLE,CONVERGED,PASSED,0.900179244446138,33,1,1,2.72004641033163e-14,1.26576527037514e-12,25,28,0.1416
ATT_T012_000940_1,CALL_T012_000940,1,ANCHOR_SEARCH,2011-02-06 00:00:00,E0039,CAL_008871,3,1355.31262412743,-2185.77154252434,FLAT_START,CONVERGED_FEASIBLE,CONVERGED,PASSED,0.900136558227873,33,1,1,2.74225087082414e-14,4.41202629986037e-13,26,28,0.1453
ATT_T012_000941_1,CALL_T012_000941,1,ANCHOR_SEARCH,2011-02-06 00:00:00,E0039,CAL_008871,3.5,1355.48193415803,-2185.3010809281,FLAT_START,CONVERGED_FEASIBLE,CONVERGED,PASSED,0.900157901986567,33,1,1,2.73114864057789e-14,4.40647518473725e-13,26,28,0.1437
ATT_T012_000942_1,CALL_T012_000942,1,ANCHOR_SEARCH,2011-02-06 00:00:00,E0039,CAL_008871,3.25,1355.39727914273,-2185.53631172622,FLAT_START,CONVERGED_FEASIBLE,CONVERGED,PASSED,0.900147230269624,33,1,1,2.74225087082414e-14,4.40980585381112e-13,26,28,0.1429
ATT_T012_000943_1,CALL_T012_000943,1,EDGE_CANDIDATE_SCREEN,2011-02-06 00:00:00,E0039,CAL_008862,3.5,1157.82214789912,-2114.16714623808,FLAT_START,CONVERGED_FEASIBLE,CONVERGED,PASSED,0.900158560617263,33,1,1,2.32036612146658e-14,1.09356967925578e-12,25,28,0.1493
ATT_T012_000944_1,CALL_T012_000944,1,EDGE_CANDIDATE_SCREEN,2011-02-06 00:00:00,E0039,CAL_008863,3.5,1178.69740975007,-2121.67974928824,FLAT_START,CONVERGED_FEASIBLE,CONVERGED,PASSED,0.900161477306831,33,1,1,2.36477504245158e-14,1.11033404692762e-12,25,28,0.1392
ATT_T012_000945_1,CALL_T012_000945,1,EDGE_CANDIDATE_SCREEN,2011-02-06 00:00:00,E0039,CAL_008864,3.5,1199.82500585834,-2129.28316255792,FLAT_START,CONVERGED_FEASIBLE,CONVERGED,PASSED,0.900163704328439,33,1,1,2.40918396343659e-14,1.12809761532162e-12,25,28,0.1383
ATT_T012_000946_1,CALL_T012_000946,1,EDGE_CANDIDATE_SCREEN,2011-02-06 00:00:00,E0039,CAL_008865,3.5,1221.21281653622,-2136.98022201911,FLAT_START,CONVERGED_FEASIBLE,CONVERGED,PASSED,0.900165218871669,33,1,1,2.4535928844216e-14,1.14575016141316e-12,25,28,0.1707
ATT_T012_000947_1,CALL_T012_000947,1,EDGE_CANDIDATE_SCREEN,2011-02-06 00:00:00,E0039,CAL_008866,3.5,1242.86899768544,-2144.77386282315,FLAT_START,CONVERGED_FEASIBLE,CONVERGED,PASSED,0.900165996890841,33,1,1,2.4980018054066e-14,1.16451293052933e-12,25,28,0.1371
ATT_T012_000948_1,CALL_T012_000948,1,EDGE_CANDIDATE_SCREEN,2011-02-06 00:00:00,E0039,CAL_008867,3.5,1264.80199398669,-2152.66712404729,FLAT_START,CONVERGED_FEASIBLE,CONVERGED,PASSED,0.900166013036232,33,1,1,2.52020626589911e-14,1.1838308111578e-12,25,28,0.1371
ATT_T012_000949_1,CALL_T012_000949,1,EDGE_CANDIDATE_SCREEN,2011-02-06 00:00:00,E0039,CAL_008868,3.5,1287.02055282881,-2160.66315370762,FLAT_START,CONVERGED_FEASIBLE,CONVERGED,PASSED,0.900165240580618,33,1,1,2.58681964737661e-14,1.20337073639121e-12,25,28,0.1467
ATT_T012_000950_1,CALL_T012_000950,1,EDGE_CANDIDATE_SCREEN,2011-02-06 00:00:00,E0039,CAL_008869,3.5,1309.53373902739,-2168.76521405599,FLAT_START,CONVERGED_FEASIBLE,CONVERGED,PASSED,0.900163651340792,33,1,1,2.63122856836162e-14,1.22435395155662e-12,25,28,0.1376
ATT_T012_000951_1,CALL_T012_000951,1,EDGE_CANDIDATE_SCREEN,2011-02-06 00:00:00,E0039,CAL_008870,3.5,1332.35095038607,-2176.97668718017,FLAT_START,CONVERGED_FEASIBLE,CONVERGED,PASSED,0.900161215593671,33,1,1,2.67563748934663e-14,1.24578125593189e-12,25,28,0.135
ATT_T012_000952_1,CALL_T012_000952,1,LOCAL_REENTRY_STENCIL,2011-02-06 00:00:00,E0039,CAL_008871,3.75,1355.56658917333,-2185.06585012998,FLAT_START,CONVERGED_FEASIBLE,CONVERGED,PASSED,0.90016857337873,33,1,1,2.74225087082414e-14,1.26731958260962e-12,25,28,0.1572
ATT_T012_000953_1,CALL_T012_000953,1,LOCAL_REENTRY_STENCIL,2011-02-06 00:00:00,E0039,CAL_008871,3.25,1355.39727914273,-2185.53631172622,FLAT_START,CONVERGED_FEASIBLE,CONVERGED,PASSED,0.900147230269624,33,1,1,2.74225087082414e-14,4.40980585381112e-13,26,28,0.1399
ATT_T012_000954_1,CALL_T012_000954,1,ANCHOR_SEARCH,2011-02-06 00:00:00,E0040,CAL_008873,0,1377.75163425552,-2197.03526635193,FLAT_START,CONVERGED_FEASIBLE,CONVERGED,PASSED,0.900004235185737,33,1,1,2.8421709430404e-14,4.53970194769227e-13,26,28,0.1437
ATT_T012_000955_1,CALL_T012_000955,1,ANCHOR_SEARCH,2011-02-06 00:00:00,E0040,CAL_008873,0.5,1377.91667409865,-2196.5632898163,FLAT_START,CONVERGED_FEASIBLE,CONVERGED,PASSED,0.900025587952288,33,1,1,2.83106871279415e-14,4.53082016349526e-13,26,28,0.1419
ATT_T012_000956_1,CALL_T012_000956,1,ANCHOR_SEARCH,2011-02-06 00:00:00,E0040,CAL_008873,1,1378.08171394177,-2196.09131328068,FLAT_START,CONVERGED_FEASIBLE,CONVERGED,PASSED,0.900046939417601,33,1,1,2.80886425230165e-14,4.52304860232289e-13,26,28,0.1399
ATT_T012_000957_1,CALL_T012_000957,1,ANCHOR_SEARCH,2011-02-06 00:00:00,E0040,CAL_008873,2,1378.41179362803,-2195.14736020943,FLAT_START,CONVERGED_FEASIBLE,CONVERGED,PASSED,0.900089638445381,33,1,1,2.78665979180914e-14,4.50750547997814e-13,26,28,0.1386
ATT_T012_000958_1,CALL_T012_000958,1,ANCHOR_SEARCH,2011-02-06 00:00:00,E0040,CAL_008873,4,1379.07195300053,-2193.25945406693,FLAT_START,CONVERGED_FEASIBLE,CONVERGED,PASSED,0.900175020895654,33,1,1,2.78665979180914e-14,4.48197035041176e-13,26,28,0.1391
ATT_T012_000959_1,CALL_T012_000959,1,ANCHOR_SEARCH,2011-02-06 00:00:00,E0040,CAL_008873,3,1378.74187331428,-2194.20340713818,FLAT_START,CONVERGED_FEASIBLE,CONVERGED,PASSED,0.900132332270819,33,1,1,2.79776202205539e-14,4.49640324973188e-13,26,28,0.1442
ATT_T012_000960_1,CALL_T012_000960,1,ANCHOR_SEARCH,2011-02-06 00:00:00,E0040,CAL_008873,3.5,1378.90691315741,-2193.73143060255,FLAT_START,CONVERGED_FEASIBLE,CONVERGED,PASSED,0.900153677233203,33,1,1,2.80886425230165e-14,4.48752146553488e-13,26,28,0.1425
ATT_T012_000961_1,CALL_T012_000961,1,ANCHOR_SEARCH,2011-02-06 00:00:00,E0040,CAL_008873,3.25,1378.82439323584,-2193.96741887037,FLAT_START,CONVERGED_FEASIBLE,CONVERGED,PASSED,0.900143004914516,33,1,1,2.79776202205539e-14,4.48863168855951e-13,26,28,0.1415
ATT_T012_000962_1,CALL_T012_000962,1,EDGE_CANDIDATE_SCREEN,2011-02-06 00:00:00,E0040,CAL_008874,3.5,1402.60515494911,-2202.01818600767,FLAT_START,CONVERGED_FEASIBLE,CONVERGED,PASSED,0.900158259726229,33,1,1,2.8421709430404e-14,4.56634730028327e-13,26,28,0.1383
ATT_T012_000963_1,CALL_T012_000963,1,EDGE_CANDIDATE_SCREEN,2011-02-06 00:00:00,E0040,CAL_008875,3.5,1426.64267492406,-2210.42357955242,FLAT_START,CONVERGED_FEASIBLE,CONVERGED,PASSED,0.900162014218236,33,1,1,2.91988655476416e-14,4.65294469620403e-13,26,28,0.1382
ATT_T012_000964_1,CALL_T012_000964,1,EDGE_CANDIDATE_SCREEN,2011-02-06 00:00:00,E0040,CAL_008876,3.5,1451.0305527494,-2218.95148555342,FLAT_START,CONVERGED_FEASIBLE,CONVERGED,PASSED,0.900164907607883,33,1,1,2.96429547574917e-14,4.74176253817404e-13,26,28,0.1363
ATT_T012_000965_1,CALL_T012_000965,1,EDGE_CANDIDATE_SCREEN,2011-02-06 00:00:00,E0040,CAL_008877,3.5,1475.78030177691,-2227.60592997726,FLAT_START,CONVERGED_FEASIBLE,CONVERGED,PASSED,0.900166904875793,33,1,1,3.01980662698043e-14,4.83391104921793e-13,26,28,0.1593
ATT_T012_000966_1,CALL_T012_000966,1,EDGE_CANDIDATE_SCREEN,2011-02-06 00:00:00,E0040,CAL_008878,3.5,1500.90389150717,-2236.39109829578,FLAT_START,CONVERGED_FEASIBLE,CONVERGED,PASSED,0.90016796896473,33,1,1,3.09752223870419e-14,4.92605956026182e-13,26,28,0.1392
ATT_T012_000967_1,CALL_T012_000967,1,EDGE_CANDIDATE_SCREEN,2011-02-06 00:00:00,E0040,CAL_008879,3.5,1526.41377144152,-2245.31134382657,FLAT_START,CONVERGED_FEASIBLE,CONVERGED,PASSED,0.900168060650897,33,1,1,3.14193115968919e-14,5.02597963247808e-13,26,28,0.1359
ATT_T012_000968_1,CALL_T012_000968,1,EDGE_CANDIDATE_SCREEN,2011-02-06 00:00:00,E0040,CAL_008880,3.5,1552.32289642349,-2254.37119659427,FLAT_START,CONVERGED_FEASIBLE,CONVERGED,PASSED,0.900167138405595,33,1,1,3.21964677141295e-14,5.13145081981747e-13,26,28,0.1491
ATT_T012_000969_1,CALL_T012_000969,1,EDGE_CANDIDATE_SCREEN,2011-02-06 00:00:00,E0040,CAL_008881,3.5,1578.6447535799,-2263.57537275134,FLAT_START,CONVERGED_FEASIBLE,CONVERGED,PASSED,0.90016515824642,33,1,1,3.28626015289046e-14,5.24136289925536e-13,26,28,0.1389
ATT_T012_000970_1,CALL_T012_000970,1,EDGE_CANDIDATE_SCREEN,2011-02-06 00:00:00,E0040,CAL_008882,3.5,1605.39339098147,-2272.9287846,FLAT_START,CONVERGED_FEASIBLE,CONVERGED,PASSED,0.900162073577115,33,1,1,3.38618022510673e-14,5.35016475566863e-13,26,28,0.1384
ATT_T012_000971_1,CALL_T012_000971,1,LOCAL_REENTRY_STENCIL,2011-02-06 00:00:00,E0040,CAL_008873,3.75,1378.98943307897,-2193.49544233474,FLAT_START,CONVERGED_FEASIBLE,CONVERGED,PASSED,0.900164349226907,33,1,1,2.77555756156289e-14,4.48197035041176e-13,26,28,0.1608
ATT_T012_000972_1,CALL_T012_000972,1,LOCAL_REENTRY_STENCIL,2011-02-06 00:00:00,E0040,CAL_008873,3.25,1378.82439323584,-2193.96741887037,FLAT_START,CONVERGED_FEASIBLE,CONVERGED,PASSED,0.900143004914516,33,1,1,2.79776202205539e-14,4.48863168855951e-13,26,28,0.1418
ATT_T012_000973_1,CALL_T012_000973,1,ANCHOR_SEARCH,2011-02-06 00:00:00,E0041,CAL_008894,0,1929.68816567884,-2387.24861819961,FLAT_START,CONVERGED_FEASIBLE,CONVERGED,PASSED,0.90000305495991,33,1.01005363730265,13,4.47419878923938e-14,7.01216862353249e-13,26,28,0.1456
ATT_T012_000974_1,CALL_T012_000974,1,ANCHOR_SEARCH,2011-02-06 00:00:00,E0041,CAL_008894,0.5,1929.84925905493,-2386.77528013418,FLAT_START,CONVERGED_FEASIBLE,CONVERGED,PASSED,0.900024442633973,33,1.0100680991782,13,4.48530101948563e-14,6.99995617026161e-13,26,28,0.1435
ATT_T012_000975_1,CALL_T012_000975,1,ANCHOR_SEARCH,2011-02-06 00:00:00,E0041,CAL_008894,1,1930.01035243101,-2386.30194206876,FLAT_START,CONVERGED_FEASIBLE,CONVERGED,PASSED,0.900045828994926,33,1.01008256033227,13,4.46309655899313e-14,6.99107438606461e-13,26,28,0.1401
ATT_T012_000976_1,CALL_T012_000976,1,ANCHOR_SEARCH,2011-02-06 00:00:00,E0041,CAL_008894,2,1930.33253918318,-2385.35526593791,FLAT_START,CONVERGED_FEASIBLE,CONVERGED,PASSED,0.900088597778391,33,1.01011148047638,13,4.44089209850063e-14,6.96886992557211e-13,26,28,0.1412
ATT_T012_000977_1,CALL_T012_000977,1,ANCHOR_SEARCH,2011-02-06 00:00:00,E0041,CAL_008894,4,1930.97691268753,-2383.4619136762,FLAT_START,CONVERGED_FEASIBLE,CONVERGED,PASSED,0.900174119597759,33,1.01016931211159,13,4.41868763800812e-14,6.9244610045871e-13,26,28,0.1417
ATT_T012_000978_1,CALL_T012_000978,1,ANCHOR_SEARCH,2011-02-06 00:00:00,E0041,CAL_008894,3,1930.65472593536,-2384.40858980705,FLAT_START,CONVERGED_FEASIBLE,CONVERGED,PASSED,0.900131361312077,33,1.01014039773587,13,4.44089209850063e-14,6.94888591112885e-13,26,28,0.1628
ATT_T012_000979_1,CALL_T012_000979,1,ANCHOR_SEARCH,2011-02-06 00:00:00,E0041,CAL_008894,3.5,1930.81581931144,-2383.93525174163,FLAT_START,CONVERGED_FEASIBLE,CONVERGED,PASSED,0.900152741110808,33,1.01015485528415,13,4.42978986825437e-14,6.93556323483335e-13,26,28,0.1407
ATT_T012_000980_1,CALL_T012_000980,1,ANCHOR_SEARCH,2011-02-06 00:00:00,E0041,CAL_008894,3.25,1930.7352726234,-2384.17192077434,FLAT_START,CONVERGED_FEASIBLE,CONVERGED,PASSED,0.900142051375429,33,1.01014762660012,13,4.45199432874688e-14,6.94111434995648e-13,26,28,0.1392
ATT_T012_000981_1,CALL_T012_000981,1,EDGE_CANDIDATE_SCREEN,2011-02-06 00:00:00,E0041,CAL_008884,3.5,1632.55582288357,-2282.42702055235,FLAT_START,CONVERGED_FEASIBLE,CONVERGED,PASSED,0.900157834665783,33,1,1,3.45279360658424e-14,5.4678483962789e-13,26,28,0.1413
ATT_T012_000982_1,CALL_T012_000982,1,EDGE_CANDIDATE_SCREEN,2011-02-06 00:00:00,E0041,CAL_008885,3.5,1660.07968525008,-2291.79434643508,FLAT_START,CONVERGED_FEASIBLE,CONVERGED,PASSED,0.90016280522565,33,1.00053659712339,13,3.51940698806175e-14,5.58664225991379e-13,26,28,0.1392
ATT_T012_000983_1,CALL_T012_000983,1,EDGE_CANDIDATE_SCREEN,2011-02-06 00:00:00,E0041,CAL_008886,3.5,1688.06825695998,-2301.31982904023,FLAT_START,CONVERGED_FEASIBLE,CONVERGED,PASSED,0.900166710174208,33,1.00154346209913,13,3.61932706027801e-14,5.70876679262255e-13,26,28,0.1396
ATT_T012_000984_1,CALL_T012_000984,1,EDGE_CANDIDATE_SCREEN,2011-02-06 00:00:00,E0041,CAL_008887,3.5,1716.53778031501,-2311.00899618695,FLAT_START,CONVERGED_FEASIBLE,CONVERGED,PASSED,0.900169498576921,33,1.00256461545942,13,3.68594044175552e-14,5.83755266347907e-13,26,28,0.1593
ATT_T012_000985_1,CALL_T012_000985,1,EDGE_CANDIDATE_SCREEN,2011-02-06 00:00:00,E0041,CAL_008888,3.5,1745.50520977371,-2320.86761806608,FLAT_START,CONVERGED_FEASIBLE,CONVERGED,PASSED,0.900171116290772,33,1.00360052882583,13,3.78586051397178e-14,5.97411009550797e-13,26,28,0.1415
ATT_T012_000986_1,CALL_T012_000986,1,EDGE_CANDIDATE_SCREEN,2011-02-06 00:00:00,E0041,CAL_008889,3.5,1774.98825247543,-2330.90172103186,FLAT_START,CONVERGED_FEASIBLE,CONVERGED,PASSED,0.900171505739534,33,1.00465169244352,13,3.8968828164343e-14,6.11843908870924e-13,26,28,0.1373
ATT_T012_000987_1,CALL_T012_000987,1,EDGE_CANDIDATE_SCREEN,2011-02-06 00:00:00,E0041,CAL_008890,3.5,1805.00541154107,-2341.11760233868,FLAT_START,CONVERGED_FEASIBLE,CONVERGED,PASSED,0.9001706056706,33,1.00571861616064,13,3.96349619791181e-14,6.26498852795976e-13,26,28,0.1502
ATT_T012_000988_1,CALL_T012_000988,1,EDGE_CANDIDATE_SCREEN,2011-02-06 00:00:00,E0041,CAL_008891,3.5,1835.57603237598,-2351.52184589959,FLAT_START,CONVERGED_FEASIBLE,CONVERGED,PASSED,0.900168350891654,33,1.00680183046946,13,4.08562073062058e-14,6.4170890823334e-13,26,28,0.139
ATT_T012_000989_1,CALL_T012_000989,1,EDGE_CANDIDATE_SCREEN,2011-02-06 00:00:00,E0041,CAL_008892,3.5,1866.72035222111,-2362.12133915022,FLAT_START,CONVERGED_FEASIBLE,CONVERGED,PASSED,0.90016467198527,33,1.00790188761348,13,4.18554080283684e-14,6.5847327590518e-13,26,28,0.1363
ATT_T012_000990_1,CALL_T012_000990,1,EDGE_CANDIDATE_SCREEN,2011-02-06 00:00:00,E0041,CAL_008893,3.5,1898.45955322205,-2372.9232911101,FLAT_START,CONVERGED_FEASIBLE,CONVERGED,PASSED,0.90015949499931,33,1.00901936276582,13,4.31876756579186e-14,6.7568173278687e-13,26,28,0.1699
ATT_T012_000991_1,CALL_T012_000991,1,LOCAL_REENTRY_STENCIL,2011-02-06 00:00:00,E0041,CAL_008894,3.75,1930.89636599948,-2383.69858270892,FLAT_START,CONVERGED_FEASIBLE,CONVERGED,PASSED,0.900163430518242,33,1.01016208378797,13,4.42978986825437e-14,6.92779167366098e-13,26,28,0.1413
ATT_T012_000992_1,CALL_T012_000992,1,LOCAL_REENTRY_STENCIL,2011-02-06 00:00:00,E0041,CAL_008894,3.25,1930.7352726234,-2384.17192077434,FLAT_START,CONVERGED_FEASIBLE,CONVERGED,PASSED,0.900142051375429,33,1.01014762660012,13,4.45199432874688e-14,6.94111434995648e-13,26,28,0.1432
ATT_T012_000993_1,CALL_T012_000993,1,ANCHOR_SEARCH,2011-02-06 00:00:00,E0042,CAL_008896,0,1962.45506393643,-2398.01522052104,FLAT_START,CONVERGED_FEASIBLE,CONVERGED,PASSED,0.90001031272711,33,1.01120633716064,13,4.6074255521944e-14,7.19202475352176e-13,26,28,0.1594
ATT_T012_000994_1,CALL_T012_000994,1,ANCHOR_SEARCH,2011-02-06 00:00:00,E0042,CAL_008896,0.5,1962.61114497395,-2397.54020608997,FLAT_START,CONVERGED_FEASIBLE,CONVERGED,PASSED,0.900031702652396,33,1.01122060028562,13,4.59632332194815e-14,7.18425319234939e-13,26,28,0.1456
ATT_T012_000995_1,CALL_T012_000995,1,ANCHOR_SEARCH,2011-02-06 00:00:00,E0042,CAL_008896,1,1962.76722601147,-2397.06519165889,FLAT_START,CONVERGED_FEASIBLE,CONVERGED,PASSED,0.900053091263053,33,1.01123486269762,13,4.5852210917019e-14,7.17093051605389e-13,26,28,0.1427
ATT_T012_000996_1,CALL_T012_000996,1,ANCHOR_SEARCH,2011-02-06 00:00:00,E0042,CAL_008896,2,1963.0793880865,-2396.11516279675,FLAT_START,CONVERGED_FEASIBLE,CONVERGED,PASSED,0.900095864541369,33,1.01126338538312,13,4.55191440096314e-14,7.14761583253676e-13,26,28,0.1421
ATT_T012_000997_1,CALL_T012_000997,1,ANCHOR_SEARCH,2011-02-06 00:00:00,E0042,CAL_008896,4,1963.70371223658,-2394.21510507246,FLAT_START,CONVERGED_FEASIBLE,CONVERGED,PASSED,0.900181395332239,33,1.0113204222031,13,4.54081217071689e-14,7.10431713457638e-13,26,28,0.1454
ATT_T012_000998_1,CALL_T012_000998,1,ANCHOR_SEARCH,2011-02-06 00:00:00,E0042,CAL_008896,3,1963.39155016154,-2395.1651339346,FLAT_START,CONVERGED_FEASIBLE,CONVERGED,PASSED,0.900138632563839,33,1.01129190521799,13,4.56301663120939e-14,7.12541137204425e-13,26,28,0.141
ATT_T012_000999_1,CALL_T012_000999,1,ANCHOR_SEARCH,2011-02-06 00:00:00,E0042,CAL_008896,3.5,1963.54763119906,-2394.69011950353,FLAT_START,CONVERGED_FEASIBLE,CONVERGED,PASSED,0.900160014604686,33,1.01130616406671,13,4.55191440096314e-14,7.11763981087188e-13,26,28,0.1413
ATT_T012_001000_1,CALL_T012_001000,1,ANCHOR_SEARCH,2011-02-06 00:00:00,E0042,CAL_008896,3.25,1963.4695906803,-2394.92762671907,FLAT_START,CONVERGED_FEASIBLE,CONVERGED,PASSED,0.900149323748438,33,1.0112990347314,13,4.56301663120939e-14,7.11986025692113e-13,26,28,0.1429
ATT_T012_001001_1,CALL_T012_001001,1,EDGE_CANDIDATE_SCREEN,2011-02-06 00:00:00,E0042,CAL_008897,3.5,1996.96425654429,-2405.67021023986,FLAT_START,CONVERGED_FEASIBLE,CONVERGED,PASSED,0.900165889142624,33,1.01247765426035,13,4.68514116391816e-14,7.30748794808278e-13,26,28,0.1409
ATT_T012_001002_1,CALL_T012_001002,1,EDGE_CANDIDATE_SCREEN,2011-02-06 00:00:00,E0042,CAL_008898,3.5,2031.05537165326,-2416.87192595267,FLAT_START,CONVERGED_FEASIBLE,CONVERGED,PASSED,0.900170284603026,33,1.0136687564154,13,4.80726569662693e-14,7.50732809251531e-13,26,28,0.1389
ATT_T012_001003_1,CALL_T012_001003,1,EDGE_CANDIDATE_SCREEN,2011-02-06 00:00:00,E0042,CAL_008899,3.5,2065.84695878185,-2428.30380393514,FLAT_START,CONVERGED_FEASIBLE,CONVERGED,PASSED,0.900173115518649,33,1.01488016282946,13,4.94049245958195e-14,7.71382957509559e-13,26,28,0.1362
ATT_T012_001004_1,CALL_T012_001004,1,EDGE_CANDIDATE_SCREEN,2011-02-06 00:00:00,E0042,CAL_008900,3.5,2101.36629690434,-2439.97480755834,FLAT_START,CONVERGED_FEASIBLE,CONVERGED,PASSED,0.900174290387762,33,1.01611259647783,13,5.09592368302947e-14,7.943645741193e-13,26,28,0.1365
ATT_T012_001005_1,CALL_T012_001005,1,EDGE_CANDIDATE_SCREEN,2011-02-06 00:00:00,E0042,CAL_008901,3.5,2137.64204476004,-2451.89435355882,FLAT_START,CONVERGED_FEASIBLE,CONVERGED,PASSED,0.900173711191795,33,1.01736681278817,13,5.26245713672324e-14,8.17568235333965e-13,26,28,0.1371
ATT_T012_001006_1,CALL_T012_001006,1,EDGE_CANDIDATE_SCREEN,2011-02-06 00:00:00,E0042,CAL_008902,3.5,2174.7043303433,-2464.07234144346,FLAT_START,CONVERGED_FEASIBLE,CONVERGED,PASSED,0.90017127286803,33,1.01864360153895,13,2.14273043752655e-14,9.36029032061469e-13,26,29,0.1398
ATT_T012_001007_1,CALL_T012_001007,1,EDGE_CANDIDATE_SCREEN,2011-02-06 00:00:00,E0042,CAL_008903,3.5,2212.58484742857,-2476.51918520576,FLAT_START,CONVERGED_FEASIBLE,CONVERGED,PASSED,0.900166862733137,33,1.01994378889232,13,2.20934381900406e-14,9.65894031423886e-13,26,29,0.1378
ATT_T012_001008_1,CALL_T012_001008,1,EDGE_CANDIDATE_SCREEN,2011-02-06 00:00:00,E0042,CAL_008904,3.5,2251.3169597846,-2489.24584756873,FLAT_START,CONVERGED_FEASIBLE,CONVERGED,PASSED,0.900160359850801,33,1.0212682395721,13,2.27595720048157e-14,9.97535387625703e-13,26,29,0.1379
ATT_T012_001009_1,CALL_T012_001009,1,LOCAL_REENTRY_STENCIL,2011-02-06 00:00:00,E0042,CAL_008896,3.75,1963.62567171782,-2394.452612288,FLAT_START,CONVERGED_FEASIBLE,CONVERGED,PASSED,0.900170705132611,33,1.01131329322394,13,4.54081217071689e-14,7.10875802667488e-13,26,28,0.1399
ATT_T012_001010_1,CALL_T012_001010,1,LOCAL_REENTRY_STENCIL,2011-02-06 00:00:00,E0042,CAL_008896,3.25,1963.4695906803,-2394.92762671907,FLAT_START,CONVERGED_FEASIBLE,CONVERGED,PASSED,0.900149323748438,33,1.0112990347314,13,4.56301663120939e-14,7.11986025692113e-13,26,28,0.1703
ATT_T012_001011_1,CALL_T012_001011,1,ANCHOR_SEARCH,2011-02-06 00:00:00,E0043,CAL_008935,0,2612.45840272839,-1537.88808499482,FLAT_START,CONVERGED_FEASIBLE,CONVERGED,PASSED,0.941225839674224,33,1.04999739469084,13,1.41379175746743e-14,1.72972747236599e-13,25,27,0.1428
ATT_T012_001012_1,CALL_T012_001012,1,ANCHOR_SEARCH,2011-02-06 00:00:00,E0043,CAL_008935,0.5,2611.98406816645,-1537.72994985214,FLAT_START,CONVERGED_FEASIBLE,CONVERGED,PASSED,0.941225960202954,33,1.04998187004042,13,1.41248953318569e-14,1.72639680329212e-13,25,27,0.151
ATT_T012_001013_1,CALL_T012_001013,1,ANCHOR_SEARCH,2011-02-06 00:00:00,E0043,CAL_008935,1,2611.50973360451,-1537.57181470947,FLAT_START,CONVERGED_FEASIBLE,CONVERGED,PASSED,0.941226080474386,33,1.04996634472764,13,1.41248953318569e-14,1.72750702631674e-13,25,27,0.1421
ATT_T012_001014_1,CALL_T012_001014,1,ANCHOR_SEARCH,2011-02-06 00:00:00,E0043,CAL_008935,2,2610.56106448063,-1537.25554442411,FLAT_START,CONVERGED_FEASIBLE,CONVERGED,PASSED,0.941226320245292,33,1.04993529211475,13,1.40858384065248e-14,1.72306613421824e-13,25,27,0.1371
ATT_T012_001015_1,CALL_T012_001015,1,ANCHOR_SEARCH,2011-02-06 00:00:00,E0043,CAL_008935,4,2608.66372623287,-1536.6230038534,FLAT_START,CONVERGED_FEASIBLE,CONVERGED,PASSED,0.94122679669881,33,1.04987317893798,13,1.40207764810845e-14,1.71973546514437e-13,25,27,0.1356
ATT_T012_001016_1,CALL_T012_001016,1,ANCHOR_SEARCH,2011-02-06 00:00:00,E0043,CAL_008935,8,2604.86904973736,-1535.35792271199,FLAT_START,CONVERGED_FEASIBLE,CONVERGED,PASSED,0.941227737248965,33,1.04974892076683,13,1.38273196715451e-14,1.71307412699662e-13,25,27,0.1651
ATT_T012_001017_1,CALL_T012_001017,1,ANCHOR_SEARCH,2011-02-06 00:00:00,E0043,CAL_008935,6,2606.76638798511,-1535.99046328269,FLAT_START,CONVERGED_FEASIBLE,CONVERGED,PASSED,0.94122726903372,33,1.04981105515663,13,1.39687569273209e-14,1.71529457304587e-13,25,27,0.1364
ATT_T012_001018_1,CALL_T012_001018,1,ANCHOR_SEARCH,2011-02-06 00:00:00,E0043,CAL_008935,5,2607.71505710899,-1536.30673356805,FLAT_START,CONVERGED_FEASIBLE,CONVERGED,PASSED,0.941227033381157,33,1.04984211837312,13,1.39947633506815e-14,1.71418435002124e-13,25,27,0.1352
ATT_T012_001019_1,CALL_T012_001019,1,ANCHOR_SEARCH,2011-02-06 00:00:00,E0043,CAL_008935,4.5,2608.18939167093,-1536.46486871073,FLAT_START,CONVERGED_FEASIBLE,CONVERGED,PASSED,0.941226915168698,33,1.04985764898697,13,1.40077690798378e-14,1.71751501909512e-13,25,27,0.1614
ATT_T012_001020_1,CALL_T012_001020,1,ANCHOR_SEARCH,2011-02-06 00:00:00,E0043,CAL_008935,4.75,2607.95222438996,-1536.38580113939,FLAT_START,CONVERGED_FEASIBLE,CONVERGED,PASSED,0.941226974307107,33,1.0498498837629,13,1.40077690798378e-14,1.72084568816899e-13,25,27,0.1383
ATT_T012_001021_1,CALL_T012_001021,1,EDGE_CANDIDATE_SCREEN,2011-02-06 00:00:00,E0043,CAL_008906,4.75,2297.07359726754,-2468.88236652091,FLAT_START,CONVERGED_FEASIBLE,CONVERGED,PASSED,0.901589759598796,33,1.02341282715452,13,2.09832151654155e-14,9.25703957932456e-13,26,29,0.1407
ATT_T012_001022_1,CALL_T012_001022,1,EDGE_CANDIDATE_SCREEN,2011-02-06 00:00:00,E0043,CAL_008907,4.75,2308.71980700814,-2433.94895638801,FLAT_START,CONVERGED_FEASIBLE,CONVERGED,PASSED,0.903156492292018,33,1.02444719605073,13,4.74065231514942e-14,7.44737604918555e-13,26,28,0.1608
ATT_T012_001023_1,CALL_T012_001023,1,EDGE_CANDIDATE_SCREEN,2011-02-06 00:00:00,E0043,CAL_008908,4.75,2320.27848971119,-2399.27808814373,FLAT_START,CONVERGED_FEASIBLE,CONVERGED,PASSED,0.904704530954479,33,1.02547010869848,13,4.21884749357559e-14,6.66244837077556e-13,26,28,0.1422
ATT_T012_001024_1,CALL_T012_001024,1,EDGE_CANDIDATE_SCREEN,2011-02-06 00:00:00,E0043,CAL_008909,4.75,2331.75236938159,-2364.86159099405,FLAT_START,CONVERGED_FEASIBLE,CONVERGED,PASSED,0.906234477145972,33,1.02648192760263,13,3.74145159298678e-14,5.96966920340947e-13,26,28,0.1392
ATT_T012_001025_1,CALL_T012_001025,1,EDGE_CANDIDATE_SCREEN,2011-02-06 00:00:00,E0043,CAL_008910,4.75,2343.14410454985,-2330.69149053888,FLAT_START,CONVERGED_FEASIBLE,CONVERGED,PASSED,0.90774691098327,33,1.02748300304975,13,3.34177130412172e-14,5.35904653986563e-13,26,28,0.1372
ATT_T012_001026_1,CALL_T012_001026,1,EDGE_CANDIDATE_SCREEN,2011-02-06 00:00:00,E0043,CAL_008911,4.75,2354.45629096585,-2296.76000069183,FLAT_START,CONVERGED_FEASIBLE,CONVERGED,PASSED,0.909242392210482,33,1.02847367369782,13,2.98649993624167e-14,4.8150372577993e-13,26,28,0.1633
ATT_T012_001027_1,CALL_T012_001027,1,EDGE_CANDIDATE_SCREEN,2011-02-06 00:00:00,E0043,CAL_008912,4.75,2365.69146418414,-2263.05951592546,FLAT_START,CONVERGED_FEASIBLE,CONVERGED,PASSED,0.910721461206526,33,1.02945426713273,13,2.64233079860787e-14,1.24644738974666e-12,25,28,0.1366
ATT_T012_001028_1,CALL_T012_001028,1,EDGE_CANDIDATE_SCREEN,2011-02-06 00:00:00,E0043,CAL_008913,4.75,2376.85210204646,-2229.58260382505,FLAT_START,CONVERGED_FEASIBLE,CONVERGED,PASSED,0.912184639934239,33,1.03042510039399,13,2.37587727269783e-14,1.12654330308715e-12,25,28,0.1348
ATT_T012_001029_1,CALL_T012_001029,1,EDGE_CANDIDATE_SCREEN,2011-02-06 00:00:00,E0043,CAL_008914,4.75,2387.94062706669,-2196.32199793451,FLAT_START,CONVERGED_FEASIBLE,CONVERGED,PASSED,0.913632432835228,33,1.03138648047166,13,2.1316282072803e-14,1.01985087042067e-12,25,28,0.1621
ATT_T012_001030_1,CALL_T012_001030,1,EDGE_CANDIDATE_SCREEN,2011-02-06 00:00:00,E0043,CAL_008915,4.75,2398.95940872362,-2163.27059087932,FLAT_START,CONVERGED_FEASIBLE,CONVERGED,PASSED,0.915065327674213,33,1.03233870477639,13,1.89848137210902e-14,9.24260668000443e-13,25,28,0.136
ATT_T012_001031_1,CALL_T012_001031,1,EDGE_CANDIDATE_SCREEN,2011-02-06 00:00:00,E0043,CAL_008916,4.75,2409.91076566618,-2130.42142775181,FLAT_START,CONVERGED_FEASIBLE,CONVERGED,PASSED,0.916483796336398,33,1.03328206158455,13,4.49640324973188e-14,7.59170504238682e-13,25,27,0.1441
ATT_T012_001032_1,CALL_T012_001032,1,EDGE_CANDIDATE_SCREEN,2011-02-06 00:00:00,E0043,CAL_008917,4.75,2420.7969678357,-2097.7676997452,FLAT_START,CONVERGED_FEASIBLE,CONVERGED,PASSED,0.917888295580581,33,1.03421683045961,13,4.04121180963557e-14,6.91002810526697e-13,25,27,0.1584
ATT_T012_001033_1,CALL_T012_001033,1,EDGE_CANDIDATE_SCREEN,2011-02-06 00:00:00,E0043,CAL_008918,4.75,2431.62023850964,-2065.30273802342,FLAT_START,CONVERGED_FEASIBLE,CONVERGED,PASSED,0.919279267752166,33,1.03514328265218,13,3.63042929052426e-14,6.29052365752614e-13,25,27,0.1353
ATT_T012_001034_1,CALL_T012_001034,1,EDGE_CANDIDATE_SCREEN,2011-02-06 00:00:00,E0043,CAL_008919,4.75,2442.38275627082,-2033.02000781435,FLAT_START,CONVERGED_FEASIBLE,CONVERGED,PASSED,0.92065714145713,33,1.03606168147901,13,3.27515792264421e-14,5.73985303731206e-13,25,27,0.1335
ATT_T012_001035_1,CALL_T012_001035,1,EDGE_CANDIDATE_SCREEN,2011-02-06 00:00:00,E0043,CAL_008920,4.75,2453.08665690598,-2000.9131027149,FLAT_START,CONVERGED_FEASIBLE,CONVERGED,PASSED,0.922022332200716,33,1.0369722826831,13,2.97539770599542e-14,5.24691401437849e-13,25,27,0.135
ATT_T012_001036_1,CALL_T012_001036,1,EDGE_CANDIDATE_SCREEN,2011-02-06 00:00:00,E0043,CAL_008921,4.75,2463.73403523745,-1968.9757391968,FLAT_START,CONVERGED_FEASIBLE,CONVERGED,PASSED,0.923375242992672,33,1.03787533477582,13,2.69784194983913e-14,4.80393502755305e-13,25,27,0.168
ATT_T012_001037_1,CALL_T012_001037,1,EDGE_CANDIDATE_SCREEN,2011-02-06 00:00:00,E0043,CAL_008922,4.75,2474.32694689146,-1937.20175130259,FLAT_START,CONVERGED_FEASIBLE,CONVERGED,PASSED,0.924716264921259,33,1.03877107936207,13,2.50910403565285e-14,4.404254738688e-13,25,27,0.1428
ATT_T012_001038_1,CALL_T012_001038,1,EDGE_CANDIDATE_SCREEN,2011-02-06 00:00:00,E0043,CAL_008923,4.75,2484.86741000623,-1905.58508552201,FLAT_START,CONVERGED_FEASIBLE,CONVERGED,PASSED,0.926045777698026,33,1.03965975144976,13,2.34257058195908e-14,4.04787314778332e-13,25,27,0.1496
ATT_T012_001039_1,CALL_T012_001039,1,EDGE_CANDIDATE_SCREEN,2011-02-06 00:00:00,E0043,CAL_008924,4.75,2495.35740688324,-1874.11979583898,FLAT_START,CONVERGED_FEASIBLE,CONVERGED,PASSED,0.927364150175202,33,1.04054157974436,13,2.16493489801906e-14,3.72590847064203e-13,25,27,0.146
ATT_T012_001040_1,CALL_T012_001040,1,EDGE_CANDIDATE_SCREEN,2011-02-06 00:00:00,E0043,CAL_008925,4.75,2505.79888558449,-1842.80003894046,FLAT_START,CONVERGED_FEASIBLE,CONVERGED,PASSED,0.92867174083742,33,1.04141678692961,13,2.02060590481778e-14,3.43725048423948e-13,25,27,0.1452
ATT_T012_001041_1,CALL_T012_001041,1,EDGE_CANDIDATE_SCREEN,2011-02-06 00:00:00,E0043,CAL_008926,4.75,2516.19376147876,-1811.62006957846,FLAT_START,CONVERGED_FEASIBLE,CONVERGED,PASSED,0.92996889826937,33,1.04228558993503,13,1.90958360235527e-14,3.1730174043787e-13,25,27,0.146
ATT_T012_001042_1,CALL_T012_001042,1,EDGE_CANDIDATE_SCREEN,2011-02-06 00:00:00,E0043,CAL_008927,4.75,2526.54391873953,-1780.57423607693,FLAT_START,CONVERGED_FEASIBLE,CONVERGED,PASSED,0.931255961600859,33,1.04314820019127,13,1.79856129989275e-14,2.93876034618279e-13,25,27,0.1703
ATT_T012_001043_1,CALL_T012_001043,1,EDGE_CANDIDATE_SCREEN,2011-02-06 00:00:00,E0043,CAL_008928,4.75,2536.85121179714,-1749.65697597589,FLAT_START,CONVERGED_FEASIBLE,CONVERGED,PASSED,0.932533260930674,33,1.04400482387376,13,1.70974345792274e-14,2.72559752545476e-13,25,27,0.1489
ATT_T012_001044_1,CALL_T012_001044,1,EDGE_CANDIDATE_SCREEN,2011-02-06 00:00:00,E0043,CAL_008929,4.75,2547.11746674773,-1718.86281180522,FLAT_START,CONVERGED_FEASIBLE,CONVERGED,PASSED,0.933801117730519,33,1.04485566213559,13,1.62092561595273e-14,2.53463916521923e-13,25,27,0.1493
ATT_T012_001045_1,CALL_T012_001045,1,EDGE_CANDIDATE_SCREEN,2011-02-06 00:00:00,E0043,CAL_008930,4.75,2557.34448272137,-1688.18634698103,FLAT_START,CONVERGED_FEASIBLE,CONVERGED,PASSED,0.93505984523024,33,1.04570091133007,13,1.53210777398272e-14,2.36033415035308e-13,25,27,0.1463
ATT_T012_001046_1,CALL_T012_001046,1,EDGE_CANDIDATE_SCREEN,2011-02-06 00:00:00,E0043,CAL_008931,4.75,2567.53403321146,-1657.6222618178,FLAT_START,CONVERGED_FEASIBLE,CONVERGED,PASSED,0.936309748785448,33,1.0465407632237,13,1.46549439250521e-14,2.20379270388094e-13,25,27,0.146
ATT_T012_001047_1,CALL_T012_001047,1,EDGE_CANDIDATE_SCREEN,2011-02-06 00:00:00,E0043,CAL_008932,4.75,2577.68786736791,-1627.16530964975,FLAT_START,CONVERGED_FEASIBLE,CONVERGED,PASSED,0.937551126228607,33,1.04737540520004,13,1.3988810110277e-14,2.06501482580279e-13,25,27,0.1448
ATT_T012_001048_1,CALL_T012_001048,1,EDGE_CANDIDATE_SCREEN,2011-02-06 00:00:00,E0043,CAL_008933,4.75,2587.80771125577,-1596.81031305517,FLAT_START,CONVERGED_FEASIBLE,CONVERGED,PASSED,0.938784268204534,33,1.04820502045504,13,1.39188123616491e-14,1.93622895494627e-13,25,27,0.1655
ATT_T012_001049_1,CALL_T012_001049,1,EDGE_CANDIDATE_SCREEN,2011-02-06 00:00:00,E0043,CAL_008934,4.75,2597.89526908171,-1566.55216017781,FLAT_START,CONVERGED_FEASIBLE,CONVERGED,PASSED,0.940009458491263,33,1.04902978818434,13,1.39188123616491e-14,1.82409642945913e-13,25,27,0.1464
ATT_T012_001050_1,CALL_T012_001050,1,LOCAL_REENTRY_STENCIL,2011-02-06 00:00:00,E0043,CAL_008935,5,2607.71505710899,-1536.30673356805,FLAT_START,CONVERGED_FEASIBLE,CONVERGED,PASSED,0.941227033381157,33,1.04984211837312,13,1.39947633506815e-14,1.71418435002124e-13,25,27,0.1572
ATT_T012_001051_1,CALL_T012_001051,1,LOCAL_REENTRY_STENCIL,2011-02-06 00:00:00,E0043,CAL_008935,4.5,2608.18939167093,-1536.46486871073,FLAT_START,CONVERGED_FEASIBLE,CONVERGED,PASSED,0.941226915168698,33,1.04985764898697,13,1.40077690798378e-14,1.71751501909512e-13,25,27,0.1656
ATT_T012_001052_1,CALL_T012_001052,1,ANCHOR_SEARCH,2011-02-06 00:00:00,E0044,CAL_008941,0,2499.51607849138,-1239.01596897201,FLAT_START,CONVERGED_INFEASIBLE,CONVERGED,PASSED,0.950604471776421,33,1.05005183018024,13,9.27817041674936e-15,3.19744231092045e-13,24,27,0.1525
ATT_T012_001053_1,CALL_T012_001053,1,ANCHOR_SEARCH,2011-02-06 00:00:00,E0044,CAL_008941,0.5,2499.04836059637,-1239.19271729786,FLAT_START,CONVERGED_INFEASIBLE,CONVERGED,PASSED,0.950592709287878,33,1.05003164997203,13,9.26521898382212e-15,3.19744231092045e-13,24,27,0.1469
ATT_T012_001054_1,CALL_T012_001054,1,ANCHOR_SEARCH,2011-02-06 00:00:00,E0044,CAL_008941,1,2498.58064270137,-1239.36946562371,FLAT_START,CONVERGED_INFEASIBLE,CONVERGED,PASSED,0.950580946308649,33,1.05001146889586,13,9.26521898382212e-15,3.19300141882195e-13,24,27,0.1696
ATT_T012_001055_1,CALL_T012_001055,1,ANCHOR_SEARCH,2011-02-06 00:00:00,E0044,CAL_008941,2,2497.64520691136,-1239.72296227542,FLAT_START,CONVERGED_FEASIBLE,CONVERGED,PASSED,0.950557418877925,33,1.04997110413927,13,9.22638084743502e-15,3.18411963462495e-13,24,27,0.1605
ATT_T012_001056_1,CALL_T012_001056,1,ANCHOR_SEARCH,2011-02-06 00:00:00,E0044,CAL_008941,4,2495.77433533133,-1240.42995557882,FLAT_START,CONVERGED_FEASIBLE,CONVERGED,PASSED,0.95051035812596,33,1.04989036420633,13,9.21344022728786e-15,3.17523785042795e-13,24,27,0.1549
ATT_T012_001057_1,CALL_T012_001057,1,ANCHOR_SEARCH,2011-02-06 00:00:00,E0044,CAL_008941,8,2492.03259217129,-1241.84394218564,FLAT_START,CONVERGED_FEASIBLE,CONVERGED,PASSED,0.950416213048336,33,1.04972884263963,13,9.23193170549681e-15,3.15303338993544e-13,24,27,0.1533
ATT_T012_001058_1,CALL_T012_001058,1,ANCHOR_SEARCH,2011-02-06 00:00:00,E0044,CAL_008941,6,2493.90346375131,-1241.13694888223,FLAT_START,CONVERGED_FEASIBLE,CONVERGED,PASSED,0.950463289517205,33,1.0498096103752,13,9.16170517978267e-15,3.16191517413245e-13,24,27,0.1484
ATT_T012_001059_1,CALL_T012_001059,1,ANCHOR_SEARCH,2011-02-06 00:00:00,E0044,CAL_008941,5,2494.83889954132,-1240.78345223053,FLAT_START,CONVERGED_FEASIBLE,CONVERGED,PASSED,0.950486824803889,33,1.04984998902843,13,9.27037264317996e-15,3.1685765122802e-13,24,27,0.1505
ATT_T012_001060_1,CALL_T012_001060,1,ANCHOR_SEARCH,2011-02-06 00:00:00,E0044,CAL_008941,4.5,2495.30661743633,-1240.60670390468,FLAT_START,CONVERGED_FEASIBLE,CONVERGED,PASSED,0.950498591710475,33,1.04987017705175,13,9.20050233887724e-15,3.17523785042795e-13,24,27,0.1709
ATT_T012_001061_1,CALL_T012_001061,1,ANCHOR_SEARCH,2011-02-06 00:00:00,E0044,CAL_008941,4.75,2495.07275848883,-1240.6950780676,FLAT_START,CONVERGED_FEASIBLE,CONVERGED,PASSED,0.950492708318573,33,1.04986008314869,13,9.20050233887724e-15,3.17523785042795e-13,24,27,0.1478
ATT_T012_001062_1,CALL_T012_001062,1,EDGE_CANDIDATE_SCREEN,2011-02-06 00:00:00,E0044,CAL_008937,5,2583.64979248624,-1475.79809070933,FLAT_START,CONVERGED_FEASIBLE,CONVERGED,PASSED,0.943134341873272,33,1.04981823988283,13,1.27733634766125e-14,4.50306458787963e-13,24,27,0.145
ATT_T012_001063_1,CALL_T012_001063,1,EDGE_CANDIDATE_SCREEN,2011-02-06 00:00:00,E0044,CAL_008938,5,2560.33219699424,-1414.0942152833,FLAT_START,CONVERGED_FEASIBLE,CONVERGED,PASSED,0.945081644383018,33,1.04983432577918,13,1.17212686392219e-14,4.09228206876833e-13,24,27,0.144
ATT_T012_001064_1,CALL_T012_001064,1,EDGE_CANDIDATE_SCREEN,2011-02-06 00:00:00,E0044,CAL_008939,5,2537.78457277908,-1354.42786605779,FLAT_START,CONVERGED_FEASIBLE,CONVERGED,PASSED,0.946953107097645,33,1.04984459477449,13,1.07461850348116e-14,3.73701070088828e-13,24,27,0.1459
ATT_T012_001065_1,CALL_T012_001065,1,EDGE_CANDIDATE_SCREEN,2011-02-06 00:00:00,E0044,CAL_008940,5,2515.96613232999,-1296.69110962752,FLAT_START,CONVERGED_FEASIBLE,CONVERGED,PASSED,0.948753402642857,33,1.04984963981123,13,9.91485144550262e-15,3.43503003819023e-13,24,27,0.1504
ATT_T012_001066_1,CALL_T012_001066,1,EDGE_CANDIDATE_SCREEN,2011-02-06 00:00:00,E0044,CAL_008942,5,2474.36747114011,-1186.61120842886,FLAT_START,CONVERGED_FEASIBLE,CONVERGED,PASSED,0.952157326616987,33,1.0498461137019,13,2.29255006074785e-14,2.66897615119888e-13,24,26,0.1827
ATT_T012_001067_1,CALL_T012_001067,1,EDGE_CANDIDATE_SCREEN,2011-02-06 00:00:00,E0044,CAL_008943,5,2454.51880199562,-1134.08693298698,FLAT_START,CONVERGED_FEASIBLE,CONVERGED,PASSED,0.953768553905263,33,1.0498384350905,13,2.14075256909279e-14,2.4802382370126e-13,24,26,0.1494
ATT_T012_001068_1,CALL_T012_001068,1,EDGE_CANDIDATE_SCREEN,2011-02-06 00:00:00,E0044,CAL_008944,5,2435.26201156757,-1083.12890868792,FLAT_START,CONVERGED_FEASIBLE,CONVERGED,PASSED,0.955323874889293,33,1.0498273303569,13,1.99748809644432e-14,2.31370478331883e-13,24,26,0.1445
ATT_T012_001069_1,CALL_T012_001069,1,EDGE_CANDIDATE_SCREEN,2011-02-06 00:00:00,E0044,CAL_008945,5,2416.56820910375,-1033.66068376472,FLAT_START,CONVERGED_FEASIBLE,CONVERGED,PASSED,0.956826406403424,33,1.04981313770163,13,1.88231102639556e-14,2.16493489801906e-13,24,26,0.1723
ATT_T012_001070_1,CALL_T012_001070,1,LOCAL_REENTRY_STENCIL,2011-02-06 00:00:00,E0044,CAL_008941,5.25,2494.60504059382,-1240.87182639345,FLAT_START,CONVERGED_FEASIBLE,CONVERGED,PASSED,0.950480941166416,33,1.04983989469096,13,9.1875671937436e-15,3.1685765122802e-13,24,27,0.1452
ATT_T012_001071_1,CALL_T012_001071,1,LOCAL_REENTRY_STENCIL,2011-02-06 00:00:00,E0044,CAL_008941,4.75,2495.07275848883,-1240.6950780676,FLAT_START,CONVERGED_FEASIBLE,CONVERGED,PASSED,0.950492708318573,33,1.04986008314869,13,9.20050233887724e-15,3.17523785042795e-13,24,27,0.1458
ATT_T012_001072_1,CALL_T012_001072,1,ANCHOR_SEARCH,2011-02-06 00:00:00,E0045,CAL_008950,0,2339.50702175662,-807.737250685384,FLAT_START,CONVERGED_INFEASIBLE,CONVERGED,PASSED,0.963696319684599,33,1.05002250286369,13,1.45579581640157e-14,1.65423230669148e-13,24,26,0.1491
ATT_T012_001073_1,CALL_T012_001073,1,ANCHOR_SEARCH,2011-02-06 00:00:00,E0045,CAL_008950,0.5,2339.03673345177,-807.907041469354,FLAT_START,CONVERGED_INFEASIBLE,CONVERGED,PASSED,0.96368503738164,33,1.0500022931682,13,1.44713389763988e-14,1.65867319878998e-13,24,26,0.1668
ATT_T012_001074_1,CALL_T012_001074,1,ANCHOR_SEARCH,2011-02-06 00:00:00,E0045,CAL_008950,1,2338.56644514692,-808.076832253323,FLAT_START,CONVERGED_FEASIBLE,CONVERGED,PASSED,0.963673754616878,33,1.0499820826003,13,1.44457105719047e-14,1.64979141459298e-13,24,26,0.1568
ATT_T012_001075_1,CALL_T012_001075,1,ANCHOR_SEARCH,2011-02-06 00:00:00,E0045,CAL_008950,2,2337.62586853722,-808.416413821263,FLAT_START,CONVERGED_FEASIBLE,CONVERGED,PASSED,0.963651187701759,33,1.04994165884685,13,1.44200900423193e-14,1.64535052249448e-13,24,26,0.177
ATT_T012_001076_1,CALL_T012_001076,1,ANCHOR_SEARCH,2011-02-06 00:00:00,E0045,CAL_008950,4,2335.74471531782,-809.095576957141,FLAT_START,CONVERGED_FEASIBLE,CONVERGED,PASSED,0.963606048327784,33,1.04986080086665,13,1.43688727763584e-14,1.64090963039598e-13,24,26,0.147
ATT_T012_001077_1,CALL_T012_001077,1,ANCHOR_SEARCH,2011-02-06 00:00:00,E0045,CAL_008950,8,2331.98240887902,-810.453903228899,FLAT_START,CONVERGED_FEASIBLE,CONVERGED,PASSED,0.963515747394085,33,1.04969904299098,13,1.42537514823755e-14,1.62536650805123e-13,24,26,0.144
ATT_T012_001078_1,CALL_T012_001078,1,ANCHOR_SEARCH,2011-02-06 00:00:00,E0045,CAL_008950,6,2333.86356209842,-809.77474009302,FLAT_START,CONVERGED_FEASIBLE,CONVERGED,PASSED,0.963560901559588,33,1.04977992891679,13,1.4304896245382e-14,1.63424829224823e-13,24,26,0.1449
ATT_T012_001079_1,CALL_T012_001079,1,ANCHOR_SEARCH,2011-02-06 00:00:00,E0045,CAL_008950,5,2334.80413870812,-809.435158525081,FLAT_START,CONVERGED_FEASIBLE,CONVERGED,PASSED,0.963583475868156,33,1.04982036663832,13,1.43432761249442e-14,1.63868918434673e-13,24,26,0.1447
ATT_T012_001080_1,CALL_T012_001080,1,ANCHOR_SEARCH,2011-02-06 00:00:00,E0045,CAL_008950,4.5,2335.27442701297,-809.265367741111,FLAT_START,CONVERGED_FEASIBLE,CONVERGED,PASSED,0.963594762329063,33,1.04984058418908,13,1.4356073447736e-14,1.64090963039598e-13,24,26,0.1445
ATT_T012_001081_1,CALL_T012_001081,1,ANCHOR_SEARCH,2011-02-06 00:00:00,E0045,CAL_008950,4.25,2335.50957116539,-809.180472349126,FLAT_START,CONVERGED_FEASIBLE,CONVERGED,PASSED,0.963600405386194,33,1.04985069263701,13,1.4356073447736e-14,1.64313007644523e-13,24,26,0.1656
ATT_T012_001082_1,CALL_T012_001082,1,EDGE_CANDIDATE_SCREEN,2011-02-06 00:00:00,E0045,CAL_008947,4.5,2382.32261975971,-939.579948402253,FLAT_START,CONVERGED_FEASIBLE,CONVERGED,PASSED,0.959679703436886,33,1.04982658178111,13,1.67729127408555e-14,1.92512672470002e-13,24,26,0.1472
ATT_T012_001083_1,CALL_T012_001083,1,EDGE_CANDIDATE_SCREEN,2011-02-06 00:00:00,E0045,CAL_008948,4.5,2366.22791956694,-895.000677998011,FLAT_START,CONVERGED_FEASIBLE,CONVERGED,PASSED,0.961024396353529,33,1.04983387050525,13,1.58595125909039e-14,1.82298620643451e-13,24,26,0.1458
ATT_T012_001084_1,CALL_T012_001084,1,EDGE_CANDIDATE_SCREEN,2011-02-06 00:00:00,E0045,CAL_008949,4.5,2350.55131514357,-851.57945366705,FLAT_START,CONVERGED_FEASIBLE,CONVERGED,PASSED,0.96232875047732,33,1.04983846578691,13,1.50691625178008e-14,1.72306613421824e-13,24,26,0.1463
ATT_T012_001085_1,CALL_T012_001085,1,EDGE_CANDIDATE_SCREEN,2011-02-06 00:00:00,E0045,CAL_008951,4.5,2320.37991994475,-768.010404916145,FLAT_START,CONVERGED_FEASIBLE,CONVERGED,PASSED,0.96482429916343,33,1.04984042317656,13,1.35966063503287e-14,1.56097357262297e-13,24,26,0.1412
ATT_T012_001086_1,CALL_T012_001086,1,EDGE_CANDIDATE_SCREEN,2011-02-06 00:00:00,E0045,CAL_008952,4.5,2305.85142946343,-727.769238695274,FLAT_START,CONVERGED_FEASIBLE,CONVERGED,PASSED,0.966019109371925,33,1.04983816300588,13,1.30710270857159e-14,1.49213974509621e-13,24,26,0.1419
ATT_T012_001087_1,CALL_T012_001087,1,EDGE_CANDIDATE_SCREEN,2011-02-06 00:00:00,E0045,CAL_008953,4.5,2291.67349447134,-688.499044767103,FLAT_START,CONVERGED_FEASIBLE,CONVERGED,PASSED,0.967180831889939,33,1.04983396840463,13,1.23880148851071e-14,1.4255263636187e-13,24,26,0.1639
ATT_T012_001088_1,CALL_T012_001088,1,EDGE_CANDIDATE_SCREEN,2011-02-06 00:00:00,E0045,CAL_008954,4.5,2277.83149540038,-650.159329697628,FLAT_START,CONVERGED_FEASIBLE,CONVERGED,PASSED,0.968311004718263,33,1.04982799006619,13,1.192664060218e-14,1.35891298214119e-13,24,26,0.1444
ATT_T012_001089_1,CALL_T012_001089,1,EDGE_CANDIDATE_SCREEN,2011-02-06 00:00:00,E0045,CAL_008955,4.5,2264.31159737011,-612.71177348904,FLAT_START,CONVERGED_FEASIBLE,CONVERGED,PASSED,0.969411072655518,33,1.04982036598258,13,1.14055576584681e-14,1.30784272300843e-13,24,26,0.1421
ATT_T012_001090_1,CALL_T012_001090,1,LOCAL_REENTRY_STENCIL,2011-02-06 00:00:00,E0045,CAL_008950,4.75,2335.03928286054,-809.350263133096,FLAT_START,CONVERGED_FEASIBLE,CONVERGED,PASSED,0.963589119156386,33,1.04983047552286,13,1.42716837939519e-14,1.63424829224823e-13,24,26,0.1424
ATT_T012_001091_1,CALL_T012_001091,1,LOCAL_REENTRY_STENCIL,2011-02-06 00:00:00,E0045,CAL_008950,4.25,2335.50957116539,-809.180472349126,FLAT_START,CONVERGED_FEASIBLE,CONVERGED,PASSED,0.963600405386194,33,1.04985069263701,13,1.4356073447736e-14,1.64313007644523e-13,24,26,0.1427
ATT_T012_001092_1,CALL_T012_001092,1,ANCHOR_SEARCH,2011-02-06 00:00:00,E0046,CAL_008961,0,2196.22768002658,-404.952520692021,FLAT_START,CONVERGED_INFEASIBLE,CONVERGED,PASSED,0.975527707096664,33,1.05001133644594,13,9.25623478910203e-15,3.1863400806742e-13,23,26,0.1548
ATT_T012_001093_1,CALL_T012_001093,1,ANCHOR_SEARCH,2011-02-06 00:00:00,E0046,CAL_008961,0.5,2195.75551856453,-405.11703073353,FLAT_START,CONVERGED_FEASIBLE,CONVERGED,PASSED,0.975516801092904,33,1.04999109181209,13,9.16792543894007e-15,3.18411963462495e-13,23,26,0.1648
ATT_T012_001094_1,CALL_T012_001094,1,ANCHOR_SEARCH,2011-02-06 00:00:00,E0046,CAL_008961,1,2195.28335710248,-405.281540775038,FLAT_START,CONVERGED_FEASIBLE,CONVERGED,PASSED,0.975505894648456,33,1.0499708463003,13,9.15513359704448e-15,3.1818991885757e-13,23,26,0.1454
ATT_T012_001095_1,CALL_T012_001095,1,ANCHOR_SEARCH,2011-02-06 00:00:00,E0046,CAL_008961,2,2194.33903417839,-405.610560858056,FLAT_START,CONVERGED_FEASIBLE,CONVERGED,PASSED,0.975484080437313,33,1.04993035264252,13,9.21823632840109e-15,3.1730174043787e-13,23,26,0.1373
ATT_T012_001096_1,CALL_T012_001096,1,ANCHOR_SEARCH,2011-02-06 00:00:00,E0046,CAL_008961,4,2192.4503883302,-406.26860102409,FLAT_START,CONVERGED_FEASIBLE,CONVERGED,PASSED,0.975440446724763,33,1.04984935478737,13,9.09122217297576e-15,3.1596947280832e-13,23,26,0.1396
ATT_T012_001097_1,CALL_T012_001097,1,ANCHOR_SEARCH,2011-02-06 00:00:00,E0046,CAL_008961,3,2193.3947112543,-405.939580941073,FLAT_START,CONVERGED_FEASIBLE,CONVERGED,PASSED,0.975462264462871,33,1.04988985547181,13,9.1167771319129e-15,3.1641356201817e-13,23,26,0.1442
ATT_T012_001098_1,CALL_T012_001098,1,ANCHOR_SEARCH,2011-02-06 00:00:00,E0046,CAL_008961,3.5,2192.92254979225,-406.104090982582,FLAT_START,CONVERGED_FEASIBLE,CONVERGED,PASSED,0.975451355814299,33,1.04986960556885,13,9.10399804166793e-15,3.1596947280832e-13,23,26,0.1457
ATT_T012_001099_1,CALL_T012_001099,1,ANCHOR_SEARCH,2011-02-06 00:00:00,E0046,CAL_008961,3.75,2192.68646906122,-406.186346003336,FLAT_START,CONVERGED_FEASIBLE,CONVERGED,PASSED,0.975445901324654,33,1.04985948028793,13,9.18026939775867e-15,3.15525383598469e-13,23,26,0.1434
ATT_T012_001100_1,CALL_T012_001100,1,EDGE_CANDIDATE_SCREEN,2011-02-06 00:00:00,E0046,CAL_008957,4,2239.22660199072,-540.521350755682,FLAT_START,CONVERGED_FEASIBLE,CONVERGED,PASSED,0.971532639944597,33,1.0498380775693,13,1.04916901882623e-14,1.21014309684142e-13,24,26,0.1694
ATT_T012_001101_1,CALL_T012_001101,1,EDGE_CANDIDATE_SCREEN,2011-02-06 00:00:00,E0046,CAL_008958,4,2227.16126799808,-505.892548247262,FLAT_START,CONVERGED_FEASIBLE,CONVERGED,PASSED,0.972545083253635,33,1.04984307442821,13,1.01462479829414e-14,3.49498208151999e-13,23,26,0.1453
ATT_T012_001102_1,CALL_T012_001102,1,EDGE_CANDIDATE_SCREEN,2011-02-06 00:00:00,E0046,CAL_008959,4,2215.34982554161,-471.992441676282,FLAT_START,CONVERGED_FEASIBLE,CONVERGED,PASSED,0.973533195071286,33,1.04984655509338,13,9.82830576140797e-15,3.37285754881123e-13,23,26,0.1425
ATT_T012_001103_1,CALL_T012_001103,1,EDGE_CANDIDATE_SCREEN,2011-02-06 00:00:00,E0046,CAL_008960,4,2203.78260067968,-438.793265792843,FLAT_START,CONVERGED_FEASIBLE,CONVERGED,PASSED,0.974497994826336,33,1.04984861812737,13,9.45941005312598e-15,3.26183524634871e-13,23,26,0.1418
ATT_T012_001104_1,CALL_T012_001104,1,EDGE_CANDIDATE_SCREEN,2011-02-06 00:00:00,E0046,CAL_008962,4,2181.34442387626,-374.393291979541,FLAT_START,CONVERGED_FEASIBLE,CONVERGED,PASSED,0.976361463485369,33,1.04984884963327,13,8.73665988395638e-15,3.05977465586693e-13,23,26,0.1421
ATT_T012_001105_1,CALL_T012_001105,1,EDGE_CANDIDATE_SCREEN,2011-02-06 00:00:00,E0046,CAL_008963,4,2170.4563568045,-343.143371790277,FLAT_START,CONVERGED_FEASIBLE,CONVERGED,PASSED,0.977261909774974,33,1.04984718107855,13,8.50625755774246e-15,2.96651592179842e-13,23,26,0.1304
ATT_T012_001106_1,CALL_T012_001106,1,EDGE_CANDIDATE_SCREEN,2011-02-06 00:00:00,E0046,CAL_008964,4,2159.77822620811,-312.495991800061,FLAT_START,CONVERGED_FEASIBLE,CONVERGED,PASSED,0.978142605371189,33,1.0498444218899,13,8.1773149787763e-15,2.87547763377916e-13,23,26,0.1489
ATT_T012_001107_1,CALL_T012_001107,1,EDGE_CANDIDATE_SCREEN,2011-02-06 00:00:00,E0046,CAL_008965,4,2149.30243800242,-282.42935617139,FLAT_START,CONVERGED_FEASIBLE,CONVERGED,PASSED,0.979004328077776,33,1.0498406396409,13,7.95961000618513e-15,2.79332112995689e-13,23,26,0.128
ATT_T012_001108_1,CALL_T012_001108,1,LOCAL_REENTRY_STENCIL,2011-02-06 00:00:00,E0046,CAL_008961,4.25,2192.21430759918,-406.350856044844,FLAT_START,CONVERGED_FEASIBLE,CONVERGED,PASSED,0.975434992014621,33,1.04983922906714,13,9.09122217297576e-15,3.15747428203395e-13,23,26,0.1288
ATT_T012_001109_1,CALL_T012_001109,1,LOCAL_REENTRY_STENCIL,2011-02-06 00:00:00,E0046,CAL_008961,3.75,2192.68646906122,-406.186346003336,FLAT_START,CONVERGED_FEASIBLE,CONVERGED,PASSED,0.975445901324654,33,1.04985948028793,13,9.18026939775867e-15,3.15525383598469e-13,23,26,0.1291
ATT_T012_001110_1,CALL_T012_001110,1,ANCHOR_SEARCH,2011-02-06 00:00:00,E0047,CAL_008970,0,2104.58785621422,-139.306478884184,FLAT_START,CONVERGED_INFEASIBLE,CONVERGED,PASSED,0.983135279113421,33,1.05000596103702,13,1.93510760497717e-14,2.25153229393982e-13,23,25,0.1318
ATT_T012_001111_1,CALL_T012_001111,1,ANCHOR_SEARCH,2011-02-06 00:00:00,E0047,CAL_008970,0.5,2104.11450729408,-139.467540362503,FLAT_START,CONVERGED_FEASIBLE,CONVERGED,PASSED,0.983124604205965,33,1.0499856898981,13,1.93510760497717e-14,2.24709140184132e-13,23,25,0.1402
ATT_T012_001112_1,CALL_T012_001112,1,ANCHOR_SEARCH,2011-02-06 00:00:00,E0047,CAL_008970,1,2103.64115837393,-139.628601840821,FLAT_START,CONVERGED_FEASIBLE,CONVERGED,PASSED,0.98311392886985,33,1.04996541787695,13,1.93256603933846e-14,2.25375273998907e-13,23,25,0.1459
ATT_T012_001113_1,CALL_T012_001113,1,ANCHOR_SEARCH,2011-02-06 00:00:00,E0047,CAL_008970,2,2102.69446053364,-139.950724797459,FLAT_START,CONVERGED_FEASIBLE,CONVERGED,PASSED,0.983092576911465,33,1.04992487118755,13,1.92621495110541e-14,2.23376872554581e-13,23,25,0.148
ATT_T012_001114_1,CALL_T012_001114,1,ANCHOR_SEARCH,2011-02-06 00:00:00,E0047,CAL_008970,4,2100.80106485307,-140.594970710733,FLAT_START,CONVERGED_FEASIBLE,CONVERGED,PASSED,0.983049867848832,33,1.04984376721753,13,1.91098750631166e-14,2.22932783344731e-13,23,25,0.1354
ATT_T012_001115_1,CALL_T012_001115,1,ANCHOR_SEARCH,2011-02-06 00:00:00,E0047,CAL_008970,3,2101.74776269335,-140.272847754096,FLAT_START,CONVERGED_FEASIBLE,CONVERGED,PASSED,0.983071223237911,33,1.04988432096801,13,1.92367565287506e-14,2.23376872554581e-13,23,25,0.1414
ATT_T012_001116_1,CALL_T012_001116,1,ANCHOR_SEARCH,2011-02-06 00:00:00,E0047,CAL_008970,3.5,2101.27441377321,-140.433909232415,FLAT_START,CONVERGED_FEASIBLE,CONVERGED,PASSED,0.983060545757834,33,1.04986404453419,13,1.92240624870376e-14,2.23154827949656e-13,23,25,0.1449
ATT_T012_001117_1,CALL_T012_001117,1,ANCHOR_SEARCH,2011-02-06 00:00:00,E0047,CAL_008970,3.75,2101.03773931314,-140.514439971574,FLAT_START,CONVERGED_FEASIBLE,CONVERGED,PASSED,0.983055206856952,33,1.04985390598622,13,1.91098750631166e-14,2.23154827949656e-13,23,25,0.1436
ATT_T012_001118_1,CALL_T012_001118,1,EDGE_CANDIDATE_SCREEN,2011-02-06 00:00:00,E0047,CAL_008967,4,2129.20564148933,-224.07412300889,FLAT_START,CONVERGED_FEASIBLE,CONVERGED,PASSED,0.980673134029644,33,1.04983930000127,13,7.57808544961975e-15,2.64233079860787e-13,23,26,0.1548
ATT_T012_001119_1,CALL_T012_001119,1,EDGE_CANDIDATE_SCREEN,2011-02-06 00:00:00,E0047,CAL_008968,4,2119.57218457173,-195.762036985563,FLAT_START,CONVERGED_FEASIBLE,CONVERGED,PASSED,0.981481114433905,33,1.04984171059201,13,7.31084179945337e-15,2.57793786317961e-13,23,26,0.1767
ATT_T012_001120_1,CALL_T012_001120,1,EDGE_CANDIDATE_SCREEN,2011-02-06 00:00:00,E0047,CAL_008969,4,2110.10589868344,-167.941255444425,FLAT_START,CONVERGED_FEASIBLE,CONVERGED,PASSED,0.98227316321689,33,1.0498431827124,13,1.96310665646286e-14,2.28927987677707e-13,23,25,0.1425
ATT_T012_001121_1,CALL_T012_001121,1,EDGE_CANDIDATE_SCREEN,2011-02-06 00:00:00,E0047,CAL_008971,4,2091.65220590923,-113.707085743923,FLAT_START,CONVERGED_FEASIBLE,CONVERGED,PASSED,0.983811788368166,33,1.04984351167064,13,1.8702732723441e-14,2.17159623616681e-13,23,25,0.1434
ATT_T012_001122_1,CALL_T012_001122,1,EDGE_CANDIDATE_SCREEN,2011-02-06 00:00:00,E0047,CAL_008972,4,2082.65407352193,-87.262176052867,FLAT_START,CONVERGED_FEASIBLE,CONVERGED,PASSED,0.984559458995098,33,1.04984246058075,13,1.8219521785674e-14,2.1271873151818e-13,23,25,0.144
ATT_T012_001123_1,CALL_T012_001123,1,EDGE_CANDIDATE_SCREEN,2011-02-06 00:00:00,E0047,CAL_008973,4,2073.80163606193,-61.2454540155662,FLAT_START,CONVERGED_FEASIBLE,CONVERGED,PASSED,0.985293389632647,33,1.04984065562098,13,1.77363611888486e-14,2.07611705604904e-13,23,25,0.1432
ATT_T012_001124_1,CALL_T012_001124,1,EDGE_CANDIDATE_SCREEN,2011-02-06 00:00:00,E0047,CAL_008974,4,2065.09006721856,-35.6427354274916,FLAT_START,CONVERGED_FEASIBLE,CONVERGED,PASSED,0.986014067264201,33,1.04983813582898,13,1.73041712685004e-14,2.03614902716254e-13,23,25,0.1416
ATT_T012_001125_1,CALL_T012_001125,1,EDGE_CANDIDATE_SCREEN,2011-02-06 00:00:00,E0047,CAL_008975,4,2056.51473532089,-10.4404081173451,FLAT_START,CONVERGED_FEASIBLE,CONVERGED,PASSED,0.986721957255877,33,1.04983493779133,13,1.69483644816104e-14,1.98507876802978e-13,23,25,0.1403
ATT_T012_001126_1,CALL_T012_001126,1,LOCAL_REENTRY_STENCIL,2011-02-06 00:00:00,E0047,CAL_008970,4.25,2100.56439039299,-140.675501449893,FLAT_START,CONVERGED_FEASIBLE,CONVERGED,PASSED,0.98304452873347,33,1.04983362822811,13,1.91098750631166e-14,2.23820961764432e-13,23,25,0.1457
ATT_T012_001127_1,CALL_T012_001127,1,LOCAL_REENTRY_STENCIL,2011-02-06 00:00:00,E0047,CAL_008970,3.75,2101.03773931314,-140.514439971574,FLAT_START,CONVERGED_FEASIBLE,CONVERGED,PASSED,0.983055206856952,33,1.04985390598622,13,1.91098750631166e-14,2.23154827949656e-13,23,25,0.1478
ATT_T012_001128_1,CALL_T012_001128,1,ANCHOR_SEARCH,2011-02-06 00:00:00,E0048,CAL_008977,0,2055.862251275,3.913023579425,FLAT_START,CONVERGED_FEASIBLE,CONVERGED,PASSED,0.98717328184446,33,1.04999555689346,13,1.69230048704808e-14,1.98285832198053e-13,23,25,0.1386
ATT_T012_001129_1,CALL_T012_001129,1,ANCHOR_SEARCH,2011-02-06 00:00:00,E0048,CAL_008977,0.5,2055.38867419837,3.75263420168374,FLAT_START,CONVERGED_FEASIBLE,CONVERGED,PASSED,0.987162693250931,33,1.04997527015636,13,1.68211669347446e-14,1.98507876802978e-13,23,25,0.1353
ATT_T012_001130_1,CALL_T012_001130,1,ANCHOR_SEARCH,2011-02-06 00:00:00,E0048,CAL_008977,1,2054.91509712174,3.59224482394248,FLAT_START,CONVERGED_FEASIBLE,CONVERGED,PASSED,0.987152104233581,33,1.04995498253473,13,1.68849795856683e-14,1.98063787593128e-13,23,25,0.1322
ATT_T012_001131_1,CALL_T012_001131,1,ANCHOR_SEARCH,2011-02-06 00:00:00,E0048,CAL_008977,2,2053.96794296849,3.27146606845996,FLAT_START,CONVERGED_FEASIBLE,CONVERGED,PASSED,0.987130924927245,33,1.04991440463753,13,1.68469713611812e-14,1.96731519963578e-13,23,25,0.1312
ATT_T012_001132_1,CALL_T012_001132,1,ANCHOR_SEARCH,2011-02-06 00:00:00,E0048,CAL_008977,4,2052.07363466197,2.62990855749492,FLAT_START,CONVERGED_FEASIBLE,CONVERGED,PASSED,0.987088561226799,33,1.04983323822445,13,1.67710065570973e-14,1.95621296938953e-13,23,25,0.1681
ATT_T012_001133_1,CALL_T012_001133,1,ANCHOR_SEARCH,2011-02-06 00:00:00,E0048,CAL_008977,3,2053.02078881523,2.95068731297744,FLAT_START,CONVERGED_FEASIBLE,CONVERGED,PASSED,0.987109743925101,33,1.04987382320104,13,1.67320085484059e-14,1.96509475358653e-13,23,25,0.1357
ATT_T012_001134_1,CALL_T012_001134,1,ANCHOR_SEARCH,2011-02-06 00:00:00,E0048,CAL_008977,3.5,2052.5472117386,2.79029793523618,FLAT_START,CONVERGED_FEASIBLE,CONVERGED,PASSED,0.987099152787991,33,1.0498535311553,13,1.67065510811929e-14,1.96509475358653e-13,23,25,0.1339
ATT_T012_001135_1,CALL_T012_001135,1,ANCHOR_SEARCH,2011-02-06 00:00:00,E0048,CAL_008977,3.75,2052.31042320029,2.71010324636555,FLAT_START,CONVERGED_FEASIBLE,CONVERGED,PASSED,0.987093857060408,33,1.04984338480052,13,1.67065510811929e-14,1.96509475358653e-13,23,25,0.1343
ATT_T012_001136_1,CALL_T012_001136,1,EDGE_CANDIDATE_SCREEN,2011-02-06 00:00:00,E0048,CAL_008978,3.75,2050.98517447529,6.62312682579055,FLAT_START,CONVERGED_FEASIBLE,CONVERGED,PASSED,0.987203582829733,33,1.04984300609181,13,1.66429395599085e-14,1.96065386148803e-13,23,25,0.1335
ATT_T012_001137_1,CALL_T012_001137,1,EDGE_CANDIDATE_SCREEN,2011-02-06 00:00:00,E0048,CAL_008979,3.75,2049.65992575029,10.5361504052155,FLAT_START,CONVERGED_FEASIBLE,CONVERGED,PASSED,0.987313272605155,33,1.04984261035277,13,1.65920836869747e-14,1.95177207729103e-13,23,25,0.1412
ATT_T012_001138_1,CALL_T012_001138,1,LOCAL_REENTRY_STENCIL,2011-02-06 00:00:00,E0048,CAL_008977,4,2052.07363466197,2.62990855749492,FLAT_START,CONVERGED_FEASIBLE,CONVERGED,PASSED,0.987088561226799,33,1.04983323822445,13,1.67710065570973e-14,1.95621296938953e-13,23,25,0.1308
ATT_T012_001139_1,CALL_T012_001139,1,LOCAL_REENTRY_STENCIL,2011-02-06 00:00:00,E0048,CAL_008977,3.5,2052.5472117386,2.79029793523618,FLAT_START,CONVERGED_FEASIBLE,CONVERGED,PASSED,0.987099152787991,33,1.0498535311553,13,1.67065510811929e-14,1.96509475358653e-13,23,25,0.1619
ATT_T012_001140_1,CALL_T012_001140,1,ANCHOR_SEARCH,2011-02-06 00:00:00,E0049,CAL_008987,0,2005.04992770573,156.687808814135,FLAT_START,CONVERGED_INFEASIBLE,CONVERGED,PASSED,0.991440960956029,33,1.05000414527065,13,1.47361196880837e-14,1.74749104076e-13,23,25,0.1383
ATT_T012_001141_1,CALL_T012_001141,1,ANCHOR_SEARCH,2011-02-06 00:00:00,E0049,CAL_008987,0.5,2004.5754093857,156.530225934504,FLAT_START,CONVERGED_FEASIBLE,CONVERGED,PASSED,0.991430519995922,33,1.04998384194948,13,1.47234434031347e-14,1.74527059471075e-13,23,25,0.1342
ATT_T012_001142_1,CALL_T012_001142,1,ANCHOR_SEARCH,2011-02-06 00:00:00,E0049,CAL_008987,1,2004.10089106566,156.372643054872,FLAT_START,CONVERGED_FEASIBLE,CONVERGED,PASSED,0.991420078618758,33,1.04996353774086,13,1.46216835989067e-14,1.7430501486615e-13,23,25,0.1626
ATT_T012_001143_1,CALL_T012_001143,1,ANCHOR_SEARCH,2011-02-06 00:00:00,E0049,CAL_008987,2,2003.1518544256,156.057477295609,FLAT_START,CONVERGED_FEASIBLE,CONVERGED,PASSED,0.991399194613089,33,1.04992292666086,13,1.45961872269456e-14,1.74082970261225e-13,23,25,0.1324
ATT_T012_001144_1,CALL_T012_001144,1,ANCHOR_SEARCH,2011-02-06 00:00:00,E0049,CAL_008987,4,2001.25378114546,155.427145777083,FLAT_START,CONVERGED_FEASIBLE,CONVERGED,PASSED,0.991357421595171,33,1.04984169384702,13,1.45197478256447e-14,1.72972747236599e-13,23,25,0.1312
ATT_T012_001145_1,CALL_T012_001145,1,ANCHOR_SEARCH,2011-02-06 00:00:00,E0049,CAL_008987,3,2002.20281778553,155.742311536346,FLAT_START,CONVERGED_FEASIBLE,CONVERGED,PASSED,0.991378308938674,33,1.04988231202986,13,1.45579581640157e-14,1.73416836446449e-13,23,25,0.1541
ATT_T012_001146_1,CALL_T012_001146,1,ANCHOR_SEARCH,2011-02-06 00:00:00,E0049,CAL_008987,3.5,2001.7282994655,155.584728656715,FLAT_START,CONVERGED_FEASIBLE,CONVERGED,PASSED,0.99136786547558,33,1.04986200338247,13,1.45452192967634e-14,1.738609256563e-13,23,25,0.1351
ATT_T012_001147_1,CALL_T012_001147,1,ANCHOR_SEARCH,2011-02-06 00:00:00,E0049,CAL_008987,3.75,2001.49104030548,155.505937216899,FLAT_START,CONVERGED_FEASIBLE,CONVERGED,PASSED,0.991362643587543,33,1.04985184872576,13,1.45324825154766e-14,1.73194791841524e-13,23,25,0.1326
ATT_T012_001148_1,CALL_T012_001148,1,EDGE_CANDIDATE_SCREEN,2011-02-06 00:00:00,E0049,CAL_008981,4,2048.09035853919,14.3914312823054,FLAT_START,CONVERGED_FEASIBLE,CONVERGED,PASSED,0.987418263211704,33,1.04983205078936,13,1.64530934278086e-14,1.94733118519252e-13,23,25,0.1308
ATT_T012_001149_1,CALL_T012_001149,1,EDGE_CANDIDATE_SCREEN,2011-02-06 00:00:00,E0049,CAL_008982,4,2040.00199969893,38.7473413765613,FLAT_START,CONVERGED_FEASIBLE,CONVERGED,PASSED,0.988101831656354,33,1.04983527192461,13,1.6147120702349e-14,1.90736315630602e-13,23,25,0.1563
ATT_T012_001150_1,CALL_T012_001150,1,EDGE_CANDIDATE_SCREEN,2011-02-06 00:00:00,E0049,CAL_008983,4,2032.03139595237,62.7486637811096,FLAT_START,CONVERGED_FEASIBLE,CONVERGED,PASSED,0.98877409139857,33,1.04983780785398,13,1.57660465032422e-14,1.87183601951801e-13,23,25,0.1272
ATT_T012_001151_1,CALL_T012_001151,1,EDGE_CANDIDATE_SCREEN,2011-02-06 00:00:00,E0049,CAL_008984,4,2024.17480641181,86.4066631697339,FLAT_START,CONVERGED_FEASIBLE,CONVERGED,PASSED,0.989435422877539,33,1.0498396896031,13,1.54732355398452e-14,1.83186799063151e-13,23,25,0.1286
ATT_T012_001152_1,CALL_T012_001152,1,EDGE_CANDIDATE_SCREEN,2011-02-06 00:00:00,E0049,CAL_008985,4,2016.42863070114,109.732181103553,FLAT_START,CONVERGED_FEASIBLE,CONVERGED,PASSED,0.990086190835929,33,1.04984094640719,13,1.51173896368671e-14,1.79856129989275e-13,23,25,0.1552
ATT_T012_001153_1,CALL_T012_001153,1,EDGE_CANDIDATE_SCREEN,2011-02-06 00:00:00,E0049,CAL_008986,4,2008.78940211137,132.735656641285,FLAT_START,CONVERGED_FEASIBLE,CONVERGED,PASSED,0.990726745147829,33,1.04984160582544,13,1.48630006005881e-14,1.765254609154e-13,23,25,0.1287
ATT_T012_001154_1,CALL_T012_001154,1,EDGE_CANDIDATE_SCREEN,2011-02-06 00:00:00,E0049,CAL_008988,4,1993.81854942685,177.816339783595,FLAT_START,CONVERGED_FEASIBLE,CONVERGED,PASSED,0.991978542596338,33,1.04984123498934,13,1.42655018534801e-14,1.69864122767649e-13,23,25,0.1279
ATT_T012_001155_1,CALL_T012_001155,1,EDGE_CANDIDATE_SCREEN,2011-02-06 00:00:00,E0049,CAL_008989,4,1986.48060394752,199.912582532078,FLAT_START,CONVERGED_FEASIBLE,CONVERGED,PASSED,0.99259041789041,33,1.04984025238928,13,1.39730510458565e-14,1.67643676718399e-13,23,25,0.1281
ATT_T012_001156_1,CALL_T012_001156,1,EDGE_CANDIDATE_SCREEN,2011-02-06 00:00:00,E0049,CAL_008990,4,1979.23695163387,221.724886856092,FLAT_START,CONVERGED_FEASIBLE,CONVERGED,PASSED,0.992962695713269,25,1.04983876788787,13,1.36559970625019e-14,1.64313007644523e-13,23,25,0.1271
ATT_T012_001157_1,CALL_T012_001157,1,LOCAL_REENTRY_STENCIL,2011-02-06 00:00:00,E0049,CAL_008987,4.25,2001.01652198545,155.348354337267,FLAT_START,CONVERGED_FEASIBLE,CONVERGED,PASSED,0.991352199498459,33,1.04983153874624,13,1.45070152327757e-14,1.72750702631674e-13,23,25,0.1336
ATT_T012_001158_1,CALL_T012_001158,1,LOCAL_REENTRY_STENCIL,2011-02-06 00:00:00,E0049,CAL_008987,3.75,2001.49104030548,155.505937216899,FLAT_START,CONVERGED_FEASIBLE,CONVERGED,PASSED,0.991362643587543,33,1.04985184872576,13,1.45324825154766e-14,1.73194791841524e-13,23,25,0.1298
ATT_T012_001159_1,CALL_T012_001159,1,ANCHOR_SEARCH,2011-02-06 00:00:00,E0050,CAL_009000,0,1916.6409373703,427.066187812971,FLAT_START,CONVERGED_INFEASIBLE,CONVERGED,PASSED,0.993502140235831,25,1.05001653768131,13,1.17098599238645e-14,1.4299672557172e-13,23,25,0.1573
ATT_T012_001160_1,CALL_T012_001160,1,ANCHOR_SEARCH,2011-02-06 00:00:00,E0050,CAL_009000,0.5,1916.16535394484,426.911849206553,FLAT_START,CONVERGED_FEASIBLE,CONVERGED,PASSED,0.993500106011948,25,1.04999620331015,13,1.17098599238645e-14,1.43218770176645e-13,23,25,0.1346
ATT_T012_001161_1,CALL_T012_001161,1,ANCHOR_SEARCH,2011-02-06 00:00:00,E0050,CAL_009000,1,1915.68977051939,426.757510600135,FLAT_START,CONVERGED_FEASIBLE,CONVERGED,PASSED,0.99349807169394,25,1.04997586804642,13,1.17621517840098e-14,1.41886502547095e-13,23,25,0.1319
ATT_T012_001162_1,CALL_T012_001162,1,ANCHOR_SEARCH,2011-02-06 00:00:00,E0050,CAL_009000,2,1914.73860366847,426.448833387299,FLAT_START,CONVERGED_FEASIBLE,CONVERGED,PASSED,0.993494002775509,25,1.04993519484084,13,1.16589607213882e-14,1.4210854715202e-13,23,25,0.13
ATT_T012_001163_1,CALL_T012_001163,1,ANCHOR_SEARCH,2011-02-06 00:00:00,E0050,CAL_009000,4,1912.83626996665,425.831478961628,FLAT_START,CONVERGED_FEASIBLE,CONVERGED,PASSED,0.993485863808724,25,1.04985383771431,13,1.16081037962728e-14,1.4166445794217e-13,23,25,0.1306
ATT_T012_001164_1,CALL_T012_001164,1,ANCHOR_SEARCH,2011-02-06 00:00:00,E0050,CAL_009000,8,1909.031602563,424.596770110285,FLAT_START,CONVERGED_FEASIBLE,CONVERGED,PASSED,0.993469581353338,25,1.04969108057671,13,1.13927763209876e-14,1.3988810110277e-13,23,25,0.1296
ATT_T012_001165_1,CALL_T012_001165,1,ANCHOR_SEARCH,2011-02-06 00:00:00,E0050,CAL_009000,6,1910.93393626482,425.214124535956,FLAT_START,CONVERGED_FEASIBLE,CONVERGED,PASSED,0.993477723334869,25,1.04977246629512,13,1.15572897066324e-14,1.4077627952247e-13,23,25,0.1294
ATT_T012_001166_1,CALL_T012_001166,1,ANCHOR_SEARCH,2011-02-06 00:00:00,E0050,CAL_009000,5,1911.88510311573,425.522801748792,FLAT_START,CONVERGED_FEASIBLE,CONVERGED,PASSED,0.993481793760218,25,1.04981315379171,13,1.15826913617716e-14,1.41442413337245e-13,23,25,0.1531
ATT_T012_001167_1,CALL_T012_001167,1,ANCHOR_SEARCH,2011-02-06 00:00:00,E0050,CAL_009000,4.5,1912.36068654119,425.67714035521,FLAT_START,CONVERGED_FEASIBLE,CONVERGED,PASSED,0.993483828831572,25,1.0498334961997,13,1.15953962360308e-14,1.4166445794217e-13,23,25,0.1313
ATT_T012_001168_1,CALL_T012_001168,1,ANCHOR_SEARCH,2011-02-06 00:00:00,E0050,CAL_009000,4.25,1912.59847825392,425.754309658419,FLAT_START,CONVERGED_FEASIBLE,CONVERGED,PASSED,0.993484846331922,25,1.04984366706867,13,1.15953962360308e-14,1.41442413337245e-13,23,25,0.1289
ATT_T012_001169_1,CALL_T012_001169,1,EDGE_CANDIDATE_SCREEN,2011-02-06 00:00:00,E0050,CAL_008992,4.25,1964.94931762351,264.438925965609,FLAT_START,CONVERGED_FEASIBLE,CONVERGED,PASSED,0.993071897956201,25,1.04983042001006,13,1.32355467906145e-14,1.59428026336172e-13,23,25,0.1301
ATT_T012_001170_1,CALL_T012_001170,1,EDGE_CANDIDATE_SCREEN,2011-02-06 00:00:00,E0050,CAL_008993,4.25,1958.14247654824,285.413722034157,FLAT_START,CONVERGED_FEASIBLE,CONVERGED,PASSED,0.993125991530927,25,1.04983368418737,13,1.29561469132168e-14,1.56319401867222e-13,23,25,0.1276
ATT_T012_001171_1,CALL_T012_001171,1,EDGE_CANDIDATE_SCREEN,2011-02-06 00:00:00,E0050,CAL_008994,4.25,1951.41538628577,306.142771651971,FLAT_START,CONVERGED_FEASIBLE,CONVERGED,PASSED,0.993179332899926,25,1.0498364547825,13,1.27650982206857e-14,1.54098955817972e-13,23,25,0.1279
ATT_T012_001172_1,CALL_T012_001172,1,EDGE_CANDIDATE_SCREEN,2011-02-06 00:00:00,E0050,CAL_008995,4.25,1944.76564653629,326.633471171993,FLAT_START,CONVERGED_FEASIBLE,CONVERGED,PASSED,0.993231945626262,25,1.04983874995354,13,1.25999614105642e-14,1.52100554373646e-13,23,25,0.1264
ATT_T012_001173_1,CALL_T012_001173,1,EDGE_CANDIDATE_SCREEN,2011-02-06 00:00:00,E0050,CAL_008996,4.25,1938.19093518351,346.892976030287,FLAT_START,CONVERGED_FEASIBLE,CONVERGED,PASSED,0.99328385241252,25,1.04984058691934,13,1.24099474378392e-14,1.49436019114546e-13,23,25,0.1513
ATT_T012_001174_1,CALL_T012_001174,1,EDGE_CANDIDATE_SCREEN,2011-02-06 00:00:00,E0050,CAL_008997,4.25,1931.68900482289,366.928211443839,FLAT_START,CONVERGED_FEASIBLE,CONVERGED,PASSED,0.993335075141929,25,1.04984198201179,13,1.21548190763129e-14,1.48547840694846e-13,23,25,0.1277
ATT_T012_001175_1,CALL_T012_001175,1,EDGE_CANDIDATE_SCREEN,2011-02-06 00:00:00,E0050,CAL_008998,4.25,1925.25767946563,386.745882567226,FLAT_START,CONVERGED_FEASIBLE,CONVERGED,PASSED,0.993385634917213,25,1.04984295072473,13,1.19898384423613e-14,1.4521717162097e-13,23,25,0.1269
ATT_T012_001176_1,CALL_T012_001176,1,EDGE_CANDIDATE_SCREEN,2011-02-06 00:00:00,E0050,CAL_008999,4.25,1918.89485140764,406.352484140495,FLAT_START,CONVERGED_FEASIBLE,CONVERGED,PASSED,0.99343555209728,25,1.04984350775969,13,1.17480617396935e-14,1.43662859386495e-13,23,25,0.129
ATT_T012_001177_1,CALL_T012_001177,1,EDGE_CANDIDATE_SCREEN,2011-02-06 00:00:00,E0050,CAL_009001,4.25,1906.36658008907,444.957460089279,FLAT_START,CONVERGED_FEASIBLE,CONVERGED,PASSED,0.993533536594632,25,1.04984344189424,13,1.1443117577123e-14,1.3988810110277e-13,23,25,0.1525
ATT_T012_001178_1,CALL_T012_001178,1,EDGE_CANDIDATE_SCREEN,2011-02-06 00:00:00,E0050,CAL_009002,4.25,1900.19723678552,463.967852169502,FLAT_START,CONVERGED_FEASIBLE,CONVERGED,PASSED,0.993581641213663,25,1.04984284480703,13,1.1239603124673e-14,1.38111744263369e-13,23,25,0.1285
ATT_T012_001179_1,CALL_T012_001179,1,EDGE_CANDIDATE_SCREEN,2011-02-06 00:00:00,E0050,CAL_009003,4.25,1894.08858544134,482.791226298728,FLAT_START,CONVERGED_FEASIBLE,CONVERGED,PASSED,0.993629177901446,25,1.04984188774092,13,1.10741007640258e-14,1.36335387423969e-13,23,25,0.1301
ATT_T012_001180_1,CALL_T012_001180,1,EDGE_CANDIDATE_SCREEN,2011-02-06 00:00:00,E0050,CAL_009004,4.25,1888.03881794031,501.433154058299,FLAT_START,CONVERGED_FEASIBLE,CONVERGED,PASSED,0.993676163782458,25,1.04984058202601,13,1.09471118315538e-14,1.34336985979644e-13,23,25,0.1481
ATT_T012_001181_1,CALL_T012_001181,1,EDGE_CANDIDATE_SCREEN,2011-02-06 00:00:00,E0050,CAL_009005,4.25,1882.04617862723,519.899045374712,FLAT_START,CONVERGED_FEASIBLE,CONVERGED,PASSED,0.993722615419647,25,1.04983893841956,13,1.08204124585056e-14,1.33004718350094e-13,23,25,0.1319
ATT_T012_001182_1,CALL_T012_001182,1,EDGE_CANDIDATE_SCREEN,2011-02-06 00:00:00,E0050,CAL_009006,4.25,1876.10896209187,538.194155348159,FLAT_START,CONVERGED_FEASIBLE,CONVERGED,PASSED,0.99376854883949,25,1.049836967135,13,1.06940129367188e-14,1.31228361510694e-13,23,25,0.1325
ATT_T012_001183_1,CALL_T012_001183,1,EDGE_CANDIDATE_SCREEN,2011-02-06 00:00:00,E0050,CAL_009007,4.25,1870.22551105549,556.323590765066,FLAT_START,CONVERGED_FEASIBLE,CONVERGED,PASSED,0.993813979555778,25,1.04983467786917,13,1.04765533335943e-14,1.29896093881143e-13,23,25,0.1322
ATT_T012_001184_1,CALL_T012_001184,1,EDGE_CANDIDATE_SCREEN,2011-02-06 00:00:00,E0050,CAL_009008,4.25,1864.39421435417,574.292316312301,FLAT_START,CONVERGED_FEASIBLE,CONVERGED,PASSED,0.993858922592201,25,1.04983207982793,13,1.03623500287997e-14,1.27897692436818e-13,23,25,0.1432
ATT_T012_001185_1,CALL_T012_001185,1,EDGE_CANDIDATE_SCREEN,2011-02-06 00:00:00,E0050,CAL_009009,4.25,1858.61350501359,592.105160509671,FLAT_START,CONVERGED_FEASIBLE,CONVERGED,PASSED,0.993903392503802,25,1.04982918175021,13,1.02483962917222e-14,1.27009514017118e-13,23,25,0.129
ATT_T012_001186_1,CALL_T012_001186,1,EDGE_CANDIDATE_SCREEN,2011-02-06 00:00:00,E0050,CAL_009010,4.25,1852.88185841013,609.766821376292,FLAT_START,CONVERGED_FEASIBLE,CONVERGED,PASSED,0.993947403397369,25,1.04982599193055,13,1.00442975964863e-14,1.25455201782643e-13,23,25,0.1499
ATT_T012_001187_1,CALL_T012_001187,1,LOCAL_REENTRY_STENCIL,2011-02-06 00:00:00,E0050,CAL_009000,4.5,1912.36068654119,425.67714035521,FLAT_START,CONVERGED_FEASIBLE,CONVERGED,PASSED,0.993483828831572,25,1.0498334961997,13,1.15953962360308e-14,1.4166445794217e-13,23,25,0.1322
ATT_T012_001188_1,CALL_T012_001188,1,LOCAL_REENTRY_STENCIL,2011-02-06 00:00:00,E0050,CAL_009000,4,1912.83626996665,425.831478961628,FLAT_START,CONVERGED_FEASIBLE,CONVERGED,PASSED,0.993485863808724,25,1.04985383771431,13,1.16081037962728e-14,1.4166445794217e-13,23,25,0.1297
ATT_T012_001189_1,CALL_T012_001189,1,COMBINED_REPAIRED_GEOMETRY_FINAL_VERIFICATION,2011-02-06 00:00:00,E0000,CAL_008259,4,1847.04620720882,628.59375,FLAT_START,CONVERGED_FEASIBLE,CONVERGED,PASSED,0.993995086168311,25,1.04983288444565,13,9.92983598906844e-15,1.23678844943242e-13,23,25,0.169
ATT_T012_001190_1,CALL_T012_001190,1,COMBINED_REPAIRED_GEOMETRY_FINAL_VERIFICATION,2011-02-06 00:00:00,E0000,CAL_008260,4,1841.58552385852,645.91620886105,FLAT_START,CONVERGED_FEASIBLE,CONVERGED,PASSED,0.994038591843305,25,1.0498353701314,13,9.84098582803183e-15,1.22568621918617e-13,23,25,0.1684
ATT_T012_001191_1,CALL_T012_001191,1,COMBINED_REPAIRED_GEOMETRY_FINAL_VERIFICATION,2011-02-06 00:00:00,E0000,CAL_008261,4,1836.16690650727,663.105225350299,FLAT_START,CONVERGED_FEASIBLE,CONVERGED,PASSED,0.994081685826996,25,1.04983754222537,13,9.7459648838643e-15,1.21902488103842e-13,23,25,0.1326
ATT_T012_001192_1,CALL_T012_001192,1,COMBINED_REPAIRED_GEOMETRY_FINAL_VERIFICATION,2011-02-06 00:00:00,E0000,CAL_008262,4,1830.78905501122,680.164923802902,FLAT_START,CONVERGED_FEASIBLE,CONVERGED,PASSED,0.994124380416053,25,1.04983940864572,13,9.63850079324675e-15,1.20348175869367e-13,23,25,0.1334
ATT_T012_001193_1,CALL_T012_001193,1,COMBINED_REPAIRED_GEOMETRY_FINAL_VERIFICATION,2011-02-06 00:00:00,E0000,CAL_008263,4,1825.45070104389,697.099327622508,FLAT_START,CONVERGED_FEASIBLE,CONVERGED,PASSED,0.99416668755903,25,1.04984097693825,13,9.45941005312598e-15,1.19237952844742e-13,23,25,0.1304
ATT_T012_001194_1,CALL_T012_001194,1,COMBINED_REPAIRED_GEOMETRY_FINAL_VERIFICATION,2011-02-06 00:00:00,E0000,CAL_008264,4,1820.15060678753,713.912363432498,FLAT_START,CONVERGED_FEASIBLE,CONVERGED,PASSED,0.994208618870988,25,1.04984225429272,13,9.37041551418984e-15,1.18349774425042e-13,23,25,0.1311
ATT_T012_001195_1,CALL_T012_001195,1,COMBINED_REPAIRED_GEOMETRY_FINAL_VERIFICATION,2011-02-06 00:00:00,E0000,CAL_008265,4,1814.88756367794,730.607865057737,FLAT_START,CONVERGED_FEASIBLE,CONVERGED,PASSED,0.994250185647447,25,1.04984324755822,13,9.2815844217145e-15,1.17017506795491e-13,23,25,0.1326
ATT_T012_001196_1,CALL_T012_001196,1,COMBINED_REPAIRED_GEOMETRY_FINAL_VERIFICATION,2011-02-06 00:00:00,E0000,CAL_008266,4,1809.66039119988,747.189577345797,FLAT_START,CONVERGED_FEASIBLE,CONVERGED,PASSED,0.994291398877712,25,1.04984396325772,13,9.19292151384487e-15,1.15907283770866e-13,23,25,0.1324
ATT_T012_001197_1,CALL_T012_001197,1,COMBINED_REPAIRED_GEOMETRY_FINAL_VERIFICATION,2011-02-06 00:00:00,E0000,CAL_008267,4,1804.46793573041,763.661159836106,FLAT_START,CONVERGED_FEASIBLE,CONVERGED,PASSED,0.994332269257604,25,1.0498444076017,13,9.11706231654801e-15,1.15241149956091e-13,23,25,0.1635
ATT_T012_001198_1,CALL_T012_001198,1,COMBINED_REPAIRED_GEOMETRY_FINAL_VERIFICATION,2011-02-06 00:00:00,E0000,CAL_008268,4,1799.30906942763,780.026190285026,FLAT_START,CONVERGED_FEASIBLE,CONVERGED,PASSED,0.994372807201634,25,1.04984458650111,13,8.95090418262362e-15,1.14575016141316e-13,23,25,0.1307
ATT_T012_001199_1,CALL_T012_001199,1,COMBINED_REPAIRED_GEOMETRY_FINAL_VERIFICATION,2011-02-06 00:00:00,E0000,CAL_008269,4,1794.18268916255,796.288168054384,FLAT_START,CONVERGED_FEASIBLE,CONVERGED,PASSED,0.994413022854635,25,1.0498445055796,13,8.86818059442429e-15,1.13020703906841e-13,23,25,0.1293
ATT_T012_001200_1,CALL_T012_001200,1,COMBINED_REPAIRED_GEOMETRY_FINAL_VERIFICATION,2011-02-06 00:00:00,E0000,CAL_008270,4,1789.08771549162,812.45051737063,FLAT_START,CONVERGED_FEASIBLE,CONVERGED,PASSED,0.994452926102905,25,1.04984417018501,13,8.79829857487928e-15,1.12576614696991e-13,23,25,0.1296
ATT_T012_001201_1,CALL_T012_001201,1,COMBINED_REPAIRED_GEOMETRY_FINAL_VERIFICATION,2011-02-06 00:00:00,E0000,CAL_008271,4,1784.02309166801,828.516590461348,FLAT_START,CONVERGED_FEASIBLE,CONVERGED,PASSED,0.994492526584868,25,1.04984358540026,13,8.72852452859505e-15,1.11688436277291e-13,23,25,0.1302
ATT_T012_001202_1,CALL_T012_001202,1,COMBINED_REPAIRED_GEOMETRY_FINAL_VERIFICATION,2011-02-06 00:00:00,E0000,CAL_008272,4,1778.98778268953,844.489670575539,FLAT_START,CONVERGED_FEASIBLE,CONVERGED,PASSED,0.994531833701286,25,1.04984275605364,13,8.64620707138887e-15,1.10800257857591e-13,23,25,0.1313
ATT_T012_001203_1,CALL_T012_001203,1,COMBINED_REPAIRED_GEOMETRY_FINAL_VERIFICATION,2011-02-06 00:00:00,E0000,CAL_008273,4,1773.98077438119,860.37297489373,FLAT_START,CONVERGED_FEASIBLE,CONVERGED,PASSED,0.994570856625047,25,1.04984168672851,13,8.58299384467821e-15,1.10134124042816e-13,23,25,0.15
ATT_T012_001204_1,CALL_T012_001204,1,COMBINED_REPAIRED_GEOMETRY_FINAL_VERIFICATION,2011-02-06 00:00:00,E0000,CAL_008274,4,1769.00107251083,876.169657333661,FLAT_START,CONVERGED_FEASIBLE,CONVERGED,PASSED,0.994609604310551,25,1.04984038177244,13,8.42332849041523e-15,1.09245945623115e-13,23,25,0.1331
ATT_T012_001205_1,CALL_T012_001205,1,COMBINED_REPAIRED_GEOMETRY_FINAL_VERIFICATION,2011-02-06 00:00:00,E0000,CAL_008275,4,1764.04770193579,891.882811256991,FLAT_START,CONVERGED_FEASIBLE,CONVERGED,PASSED,0.994648085502713,25,1.04983884530591,13,8.44426611737178e-15,1.0857981180834e-13,23,25,0.13
ATT_T012_001206_1,CALL_T012_001206,1,COMBINED_REPAIRED_GEOMETRY_FINAL_VERIFICATION,2011-02-06 00:00:00,E0000,CAL_008276,4,1759.11970577925,907.515472082223,FLAT_START,CONVERGED_FEASIBLE,CONVERGED,PASSED,0.994686308745607,25,1.04983708123041,13,8.27698070613705e-15,1.06581410364015e-13,23,25,0.1312
ATT_T012_001207_1,CALL_T012_001207,1,COMBINED_REPAIRED_GEOMETRY_FINAL_VERIFICATION,2011-02-06 00:00:00,E0000,CAL_008277,4,1754.21614463455,923.070619808742,FLAT_START,CONVERGED_FEASIBLE,CONVERGED,PASSED,0.994724282390763,25,1.04983509323623,13,8.23253778911473e-15,1.06581410364015e-13,23,25,0.13
ATT_T012_001208_1,CALL_T012_001208,1,COMBINED_REPAIRED_GEOMETRY_FINAL_VERIFICATION,2011-02-06 00:00:00,E0000,CAL_008278,4,1749.33609579611,938.551181456654,FLAT_START,CONVERGED_FEASIBLE,CONVERGED,PASSED,0.994762014605149,25,1.04983288480963,13,8.16912946887445e-15,1.06137321154165e-13,23,25,0.1294
ATT_T012_001209_1,CALL_T012_001209,1,COMBINED_REPAIRED_GEOMETRY_FINAL_VERIFICATION,2011-02-06 00:00:00,E0001,CAL_008279,4,1744.48019328258,953.960424306478,FLAT_START,CONVERGED_FEASIBLE,CONVERGED,PASSED,0.994799519536412,25,1.04983052403235,13,8.11214568882814e-15,1.06137321154165e-13,23,25,0.1336
ATT_T012_001210_1,CALL_T012_001210,1,COMBINED_REPAIRED_GEOMETRY_FINAL_VERIFICATION,2011-02-06 00:00:00,E0001,CAL_008280,4,1739.76035144163,969.331316948672,FLAT_START,CONVERGED_FEASIBLE,CONVERGED,PASSED,0.994837260925718,25,1.04983277675423,13,8.04892550849339e-15,1.04805053524615e-13,23,25,0.1543
ATT_T012_001211_1,CALL_T012_001211,1,COMBINED_REPAIRED_GEOMETRY_FINAL_VERIFICATION,2011-02-06 00:00:00,E0001,CAL_008281,4,1735.05999653892,984.638747372057,FLAT_START,CONVERGED_FEASIBLE,CONVERGED,PASSED,0.994874788917836,25,1.04983479872758,13,7.98580776474742e-15,1.03472785895065e-13,23,25,0.1298
ATT_T012_001212_1,CALL_T012_001212,1,COMBINED_REPAIRED_GEOMETRY_FINAL_VERIFICATION,2011-02-06 00:00:00,E0001,CAL_008282,4,1730.37829656194,999.88542515368,FLAT_START,CONVERGED_FEASIBLE,CONVERGED,PASSED,0.994912110989226,25,1.04983659343231,13,7.85115224513757e-15,1.03472785895065e-13,23,25,0.1305
ATT_T012_001213_1,CALL_T012_001213,1,COMBINED_REPAIRED_GEOMETRY_FINAL_VERIFICATION,2011-02-06 00:00:00,E0001,CAL_008283,4,1725.71443175079,1015.07401996803,FLAT_START,CONVERGED_FEASIBLE,CONVERGED,PASSED,0.994949234471848,25,1.04983816416572,13,7.80020875229326e-15,1.03028696685215e-13,23,25,0.1303
ATT_T012_001214_1,CALL_T012_001214,1,COMBINED_REPAIRED_GEOMETRY_FINAL_VERIFICATION,2011-02-06 00:00:00,E0001,CAL_008284,4,1721.06759399292,1030.20716355816,FLAT_START,CONVERGED_FEASIBLE,CONVERGED,PASSED,0.994986166559387,25,1.04983951404789,13,7.74932800687893e-15,1.02584607475364e-13,23,25,0.1306
ATT_T012_001215_1,CALL_T012_001215,1,COMBINED_REPAIRED_GEOMETRY_FINAL_VERIFICATION,2011-02-06 00:00:00,E0001,CAL_008285,4,1716.43698623459,1045.28745165254,FLAT_START,CONVERGED_FEASIBLE,CONVERGED,PASSED,0.995022914313271,25,1.04984064602692,13,7.69851125301937e-15,1.01696429055664e-13,23,25,0.1282
ATT_T012_001216_1,CALL_T012_001216,1,COMBINED_REPAIRED_GEOMETRY_FINAL_VERIFICATION,2011-02-06 00:00:00,E0001,CAL_008286,4,1711.82182190781,1060.31744583106,FLAT_START,CONVERGED_FEASIBLE,CONVERGED,PASSED,0.995059484668484,25,1.04984156288371,13,7.6541000884692e-15,1.01696429055664e-13,23,25,0.1295
ATT_T012_001217_1,CALL_T012_001217,1,COMBINED_REPAIRED_GEOMETRY_FINAL_VERIFICATION,2011-02-06 00:00:00,E0001,CAL_008287,4,1707.22132437206,1075.29967534332,FLAT_START,CONVERGED_FEASIBLE,CONVERGED,PASSED,0.995095884439184,25,1.04984226723652,13,7.60340678239947e-15,1.01252339845814e-13,23,25,0.1428
ATT_T012_001218_1,CALL_T012_001218,1,COMBINED_REPAIRED_GEOMETRY_FINAL_VERIFICATION,2011-02-06 00:00:00,E0001,CAL_008288,4,1702.63472636978,1090.2366388819,FLAT_START,CONVERGED_FEASIBLE,CONVERGED,PASSED,0.995132120324146,25,1.0498427615453,13,7.55910566682889e-15,1.00586206031039e-13,23,25,0.1308
ATT_T012_001219_1,CALL_T012_001219,1,COMBINED_REPAIRED_GEOMETRY_FINAL_VERIFICATION,2011-02-06 00:00:00,E0001,CAL_008289,4,1698.06126949479,1105.13080631337,FLAT_START,CONVERGED_FEASIBLE,CONVERGED,PASSED,0.995168198912028,25,1.0498430481157,13,7.50854051039781e-15,9.9253938401489e-14,23,25,0.1286
ATT_T012_001220_1,CALL_T012_001220,1,COMBINED_REPAIRED_GEOMETRY_FINAL_VERIFICATION,2011-02-06 00:00:00,E0001,CAL_008290,4,1693.50020367295,1119.98462036983,FLAT_START,CONVERGED_FEASIBLE,CONVERGED,PASSED,0.995204126686479,25,1.04984312910282,13,7.47697292048693e-15,1.00364161426114e-13,23,25,0.1296
ATT_T012_001221_1,CALL_T012_001221,1,COMBINED_REPAIRED_GEOMETRY_FINAL_VERIFICATION,2011-02-06 00:00:00,E0001,CAL_008291,4,1688.95078665416,1134.80049830323,FLAT_START,CONVERGED_FEASIBLE,CONVERGED,PASSED,0.995239910031087,25,1.04984300651479,13,7.43282512554627e-15,9.96980276113391e-14,23,25,0.1302
ATT_T012_001222_1,CALL_T012_001222,1,COMBINED_REPAIRED_GEOMETRY_FINAL_VERIFICATION,2011-02-06 00:00:00,E0001,CAL_008292,4,1684.41228351492,1149.58083350519,FLAT_START,CONVERGED_FEASIBLE,CONVERGED,PASSED,0.995275555234192,25,1.04984268221603,13,7.30446719176524e-15,9.9475983006414e-14,23,25,0.1323
ATT_T012_001223_1,CALL_T012_001223,1,COMBINED_REPAIRED_GEOMETRY_FINAL_VERIFICATION,2011-02-06 00:00:00,E0001,CAL_008293,4,1679.88396617092,1164.32799709456,FLAT_START,CONVERGED_FEASIBLE,CONVERGED,PASSED,0.99531106849355,25,1.04984215793033,13,7.26624125773829e-15,9.88098491916389e-14,23,25,0.1514
ATT_T012_001224_1,CALL_T012_001224,1,COMBINED_REPAIRED_GEOMETRY_FINAL_VERIFICATION,2011-02-06 00:00:00,E0001,CAL_008294,4,1675.36511289872,1179.04433947497,FLAT_START,CONVERGED_FEASIBLE,CONVERGED,PASSED,0.995346455920878,25,1.04984143524373,13,7.22169195847104e-15,9.85878045867139e-14,23,25,0.1303
ATT_T012_001225_1,CALL_T012_001225,1,COMBINED_REPAIRED_GEOMETRY_FINAL_VERIFICATION,2011-02-06 00:00:00,E0001,CAL_008295,4,1670.855007866,1193.73219186475,FLAT_START,CONVERGED_FEASIBLE,CONVERGED,PASSED,0.995381723546271,25,1.04984051560719,13,7.18354835230554e-15,9.76996261670138e-14,23,25,0.128
ATT_T012_001226_1,CALL_T012_001226,1,COMBINED_REPAIRED_GEOMETRY_FINAL_VERIFICATION,2011-02-06 00:00:00,E0001,CAL_008296,4,1666.35294066964,1208.39386780119,FLAT_START,CONVERGED_FEASIBLE,CONVERGED,PASSED,0.995416877322503,25,1.04983940033897,13,7.15179175027539e-15,9.81437153768638e-14,23,25,0.129
ATT_T012_001227_1,CALL_T012_001227,1,COMBINED_REPAIRED_GEOMETRY_FINAL_VERIFICATION,2011-02-06 00:00:00,E0001,CAL_008297,4,1661.85820588101,1223.03166462137,FLAT_START,CONVERGED_FEASIBLE,CONVERGED,PASSED,0.995451923129227,25,1.04983809062697,13,7.11372005317821e-15,9.76996261670138e-14,23,25,0.1284
ATT_T012_001228_1,CALL_T012_001228,1,COMBINED_REPAIRED_GEOMETRY_FINAL_VERIFICATION,2011-02-06 00:00:00,E0001,CAL_008298,4,1657.37010259783,1237.64786492162,FLAT_START,CONVERGED_FEASIBLE,CONVERGED,PASSED,0.995486866777066,25,1.04983658753073,13,7.06935382718321e-15,9.70334923522387e-14,23,25,0.1293
ATT_T012_001229_1,CALL_T012_001229,1,COMBINED_REPAIRED_GEOMETRY_FINAL_VERIFICATION,2011-02-06 00:00:00,E0002,CAL_008299,4,1652.88398884552,1252.24267206079,FLAT_START,CONVERGED_FEASIBLE,CONVERGED,PASSED,0.995521694743363,25,1.04983471303272,13,7.0376976723965e-15,9.70334923522387e-14,23,25,0.1318
ATT_T012_001230_1,CALL_T012_001230,1,COMBINED_REPAIRED_GEOMETRY_FINAL_VERIFICATION,2011-02-06 00:00:00,E0002,CAL_008300,4,1648.48617102473,1266.86497425968,FLAT_START,CONVERGED_FEASIBLE,CONVERGED,PASSED,0.995556841080332,25,1.04983642708349,13,7.00607029187053e-15,9.63673585374636e-14,23,25,0.1334
ATT_T012_001231_1,CALL_T012_001231,1,COMBINED_REPAIRED_GEOMETRY_FINAL_VERIFICATION,2011-02-06 00:00:00,E0002,CAL_008301,4,1644.09223883394,1281.47435712936,FLAT_START,CONVERGED_FEASIBLE,CONVERGED,PASSED,0.995591906317892,25,1.04983794697595,13,6.97447207705623e-15,9.65894031423886e-14,23,25,0.129
ATT_T012_001232_1,CALL_T012_001232,1,COMBINED_REPAIRED_GEOMETRY_FINAL_VERIFICATION,2011-02-06 00:00:00,E0002,CAL_008302,4,1639.70151869422,1296.07306025211,FLAT_START,CONVERGED_FEASIBLE,CONVERGED,PASSED,0.995626896060267,25,1.04983927375502,13,6.94921477188552e-15,9.68114477473137e-14,23,25,0.131
ATT_T012_001233_1,CALL_T012_001233,1,COMBINED_REPAIRED_GEOMETRY_FINAL_VERIFICATION,2011-02-06 00:00:00,E0002,CAL_008303,4,1635.31333898792,1310.66331668911,FLAT_START,CONVERGED_FEASIBLE,CONVERGED,PASSED,0.995661815864457,25,1.04984040834384,13,6.9176700634804e-15,9.57012247226885e-14,23,25,0.1308
ATT_T012_001234_1,CALL_T012_001234,1,COMBINED_REPAIRED_GEOMETRY_FINAL_VERIFICATION,2011-02-06 00:00:00,E0002,CAL_008304,4,1630.92702964791,1325.24735434618,FLAT_START,CONVERGED_FEASIBLE,CONVERGED,PASSED,0.995696671243842,25,1.04984135154504,13,6.80883715457789e-15,9.59232693276135e-14,23,25,0.1304
ATT_T012_001235_1,CALL_T012_001235,1,COMBINED_REPAIRED_GEOMETRY_FINAL_VERIFICATION,2011-02-06 00:00:00,E0002,CAL_008305,4,1626.54192174778,1339.82739733643,FLAT_START,CONVERGED_FEASIBLE,CONVERGED,PASSED,0.995731467671716,25,1.04984210404182,13,6.86096622036457e-15,9.54791801177635e-14,23,25,0.129
ATT_T012_001236_1,CALL_T012_001236,1,COMBINED_REPAIRED_GEOMETRY_FINAL_VERIFICATION,2011-02-06 00:00:00,E0002,CAL_008306,4,1622.15734709345,1354.40566733798,FLAT_START,CONVERGED_FEASIBLE,CONVERGED,PASSED,0.995766210584784,25,1.04984266639884,13,6.75141183551974e-15,9.54791801177635e-14,23,25,0.1608
ATT_T012_001237_1,CALL_T012_001237,1,COMBINED_REPAIRED_GEOMETRY_FINAL_VERIFICATION,2011-02-06 00:00:00,E0002,CAL_008307,4,1617.7726378158,1368.98438494852,FLAT_START,CONVERGED_FEASIBLE,CONVERGED,PASSED,0.995800905386599,25,1.04984303906308,13,6.72591821766496e-15,9.54791801177635e-14,23,25,0.1336
ATT_T012_001238_1,CALL_T012_001238,1,COMBINED_REPAIRED_GEOMETRY_FINAL_VERIFICATION,2011-02-06 00:00:00,E0002,CAL_008308,4,1613.3871259637,1383.56577103848,FLAT_START,CONVERGED_FEASIBLE,CONVERGED,PASSED,0.995835557450962,25,1.04984322236433,13,6.78551805897783e-15,9.54791801177635e-14,23,25,0.1293
ATT_T012_001239_1,CALL_T012_001239,1,COMBINED_REPAIRED_GEOMETRY_FINAL_VERIFICATION,2011-02-06 00:00:00,E0002,CAL_008309,4,1609.00014309685,1398.15204810458,FLAT_START,CONVERGED_FEASIBLE,CONVERGED,PASSED,0.995870172125279,25,1.04984321651577,13,6.76668467292768e-15,9.57012247226885e-14,23,25,0.1279
ATT_T012_001240_1,CALL_T012_001240,1,COMBINED_REPAIRED_GEOMETRY_FINAL_VERIFICATION,2011-02-06 00:00:00,E0002,CAL_008310,4,1604.61101987817,1412.74544162541,FLAT_START,CONVERGED_FEASIBLE,CONVERGED,PASSED,0.995904754733883,25,1.04984302161417,13,6.64954604677751e-15,9.57012247226885e-14,23,25,0.1281
ATT_T012_001241_1,CALL_T012_001241,1,COMBINED_REPAIRED_GEOMETRY_FINAL_VERIFICATION,2011-02-06 00:00:00,E0002,CAL_008311,4,1600.21908566481,1427.34818142095,FLAT_START,CONVERGED_FEASIBLE,CONVERGED,PASSED,0.995939310581331,25,1.04984263764011,13,6.62412558017718e-15,9.43689570931383e-14,23,25,0.1276
ATT_T012_001242_1,CALL_T012_001242,1,COMBINED_REPAIRED_GEOMETRY_FINAL_VERIFICATION,2011-02-06 00:00:00,E0002,CAL_008312,4,1595.82366809767,1441.96250301772,FLAT_START,CONVERGED_FEASIBLE,CONVERGED,PASSED,0.995973844955667,25,1.04984206445796,13,6.61142238991071e-15,9.48130463029884e-14,23,25,0.1262
ATT_T012_001243_1,CALL_T012_001243,1,COMBINED_REPAIRED_GEOMETRY_FINAL_VERIFICATION,2011-02-06 00:00:00,E0002,CAL_008313,4,1591.4240926885,1456.59064902127,FLAT_START,CONVERGED_FEASIBLE,CONVERGED,PASSED,0.99600836313167,25,1.04984130181573,13,6.58603023129179e-15,9.52571355128384e-14,23,25,0.1601
ATT_T012_001244_1,CALL_T012_001244,1,COMBINED_REPAIRED_GEOMETRY_FINAL_VERIFICATION,2011-02-06 00:00:00,E0002,CAL_008314,4,1587.01968240442,1471.23487049793,FLAT_START,CONVERGED_FEASIBLE,CONVERGED,PASSED,0.996042870374079,25,1.04984034934474,13,6.56699866476061e-15,9.57012247226885e-14,23,25,0.1312
ATT_T012_001245_1,CALL_T012_001245,1,COMBINED_REPAIRED_GEOMETRY_FINAL_VERIFICATION,2011-02-06 00:00:00,E0002,CAL_008315,4,1582.60975724896,1485.8974283676,FLAT_START,CONVERGED_FEASIBLE,CONVERGED,PASSED,0.996077371940811,25,1.0498392065592,13,6.54797796170091e-15,9.52571355128384e-14,23,25,0.1309
ATT_T012_001246_1,CALL_T012_001246,1,COMBINED_REPAIRED_GEOMETRY_FINAL_VERIFICATION,2011-02-06 00:00:00,E0002,CAL_008316,4,1578.19363383933,1500.58059480934,FLAT_START,CONVERGED_FEASIBLE,CONVERGED,PASSED,0.996111873086161,25,1.04983787285558,13,6.44154006648207e-15,9.50350909079134e-14,23,25,0.1272
ATT_T012_001247_1,CALL_T012_001247,1,COMBINED_REPAIRED_GEOMETRY_FINAL_VERIFICATION,2011-02-06 00:00:00,E0002,CAL_008317,4,1573.77062497923,1515.28665468179,FLAT_START,CONVERGED_FEASIBLE,CONVERGED,PASSED,0.996146379064008,25,1.04983634751183,13,6.42228274751253e-15,9.54791801177635e-14,23,25,0.1282
ATT_T012_001248_1,CALL_T012_001248,1,COMBINED_REPAIRED_GEOMETRY_FINAL_VERIFICATION,2011-02-06 00:00:00,E0002,CAL_008318,4,1569.34003922667,1530.01790696008,FLAT_START,CONVERGED_FEASIBLE,CONVERGED,PASSED,0.99618089513101,25,1.04983462968647,13,6.40303518796947e-15,9.54791801177635e-14,23,25,0.1287
ATT_T012_001249_1,CALL_T012_001249,1,COMBINED_REPAIRED_GEOMETRY_FINAL_VERIFICATION,2011-02-06 00:00:00,E0003,CAL_008319,4,1564.89278900371,1544.76969568522,FLAT_START,CONVERGED_FEASIBLE,CONVERGED,PASSED,0.996215377389081,25,1.04983230737478,13,6.47832987261135e-15,9.59232693276135e-14,23,25,0.1644
ATT_T012_001250_1,CALL_T012_001250,1,COMBINED_REPAIRED_GEOMETRY_FINAL_VERIFICATION,2011-02-06 00:00:00,E0003,CAL_008320,4,1560.52057528099,1559.62223913376,FLAT_START,CONVERGED_FEASIBLE,CONVERGED,PASSED,0.996250375972479,25,1.04983391879545,13,6.37738710929802e-15,9.54791801177635e-14,23,25,0.1304
ATT_T012_001251_1,CALL_T012_001251,1,COMBINED_REPAIRED_GEOMETRY_FINAL_VERIFICATION,2011-02-06 00:00:00,E0003,CAL_008321,4,1556.13824135094,1574.50916123545,FLAT_START,CONVERGED_FEASIBLE,CONVERGED,PASSED,0.996285405853276,25,1.04983534255477,13,6.36456970128825e-15,9.54791801177635e-14,23,25,0.1278
ATT_T012_001252_1,CALL_T012_001252,1,COMBINED_REPAIRED_GEOMETRY_FINAL_VERIFICATION,2011-02-06 00:00:00,E0003,CAL_008322,4,1551.74508216062,1589.43285707664,FLAT_START,CONVERGED_FEASIBLE,CONVERGED,PASSED,0.996320472415841,25,1.04983657784558,13,6.35816266681345e-15,9.63673585374636e-14,23,25,0.1284
ATT_T012_001253_1,CALL_T012_001253,1,COMBINED_REPAIRED_GEOMETRY_FINAL_VERIFICATION,2011-02-06 00:00:00,E0003,CAL_008323,4,1547.34038586334,1604.39574482226,FLAT_START,CONVERGED_FEASIBLE,CONVERGED,PASSED,0.996355581066835,25,1.0498376237388,13,6.66133814775094e-15,9.63673585374636e-14,23,25,0.1279
ATT_T012_001254_1,CALL_T012_001254,1,COMBINED_REPAIRED_GEOMETRY_FINAL_VERIFICATION,2011-02-06 00:00:00,E0003,CAL_008324,4,1542.92343334428,1619.40026732731,FLAT_START,CONVERGED_FEASIBLE,CONVERGED,PASSED,0.996390737238576,25,1.04983847918178,13,6.66133814775094e-15,9.72555369571637e-14,23,25,0.1285
ATT_T012_001255_1,CALL_T012_001255,1,COMBINED_REPAIRED_GEOMETRY_FINAL_VERIFICATION,2011-02-06 00:00:00,E0003,CAL_008325,4,1538.49349773647,1634.44889378106,FLAT_START,CONVERGED_FEASIBLE,CONVERGED,PASSED,0.996425946392423,25,1.04983914299649,13,6.66133814775094e-15,9.68114477473137e-14,23,25,0.1277
ATT_T012_001256_1,CALL_T012_001256,1,COMBINED_REPAIRED_GEOMETRY_FINAL_VERIFICATION,2011-02-06 00:00:00,E0003,CAL_008326,4,1534.04984392625,1649.54412138709,FLAT_START,CONVERGED_FEASIBLE,CONVERGED,PASSED,0.996461214022194,25,1.04983961387753,13,6.43929354282591e-15,9.76996261670138e-14,23,25,0.1282
ATT_T012_001257_1,CALL_T012_001257,1,COMBINED_REPAIRED_GEOMETRY_FINAL_VERIFICATION,2011-02-06 00:00:00,E0003,CAL_008327,4,1529.59172804735,1664.68847708174,FLAT_START,CONVERGED_FEASIBLE,CONVERGED,PASSED,0.996496545657635,25,1.04983989038991,13,6.66133814775094e-15,9.74775815620887e-14,23,25,0.1315
ATT_T012_001258_1,CALL_T012_001258,1,COMBINED_REPAIRED_GEOMETRY_FINAL_VERIFICATION,2011-02-06 00:00:00,E0003,CAL_008328,4,1525.11839696308,1679.8845192934,FLAT_START,CONVERGED_FEASIBLE,CONVERGED,PASSED,0.996531946867934,25,1.04983997096668,13,6.66133814775094e-15,9.76996261670138e-14,23,25,0.1287
ATT_T012_001259_1,CALL_T012_001259,1,COMBINED_REPAIRED_GEOMETRY_FINAL_VERIFICATION,2011-02-06 00:00:00,E0003,CAL_008329,4,1520.62908773548,1695.13483974558,FLAT_START,CONVERGED_FEASIBLE,CONVERGED,PASSED,0.996567423265279,25,1.04983985390639,13,6.66133814775094e-15,9.85878045867139e-14,23,25,0.1301
ATT_T012_001260_1,CALL_T012_001260,1,COMBINED_REPAIRED_GEOMETRY_FINAL_VERIFICATION,2011-02-06 00:00:00,E0003,CAL_008330,4,1516.12302708095,1710.44206530625,FLAT_START,CONVERGED_FEASIBLE,CONVERGED,PASSED,0.996602980508487,25,1.04983953737026,13,7.105427357601e-15,9.81437153768638e-14,23,25,0.1294
ATT_T012_001261_1,CALL_T012_001261,1,COMBINED_REPAIRED_GEOMETRY_FINAL_VERIFICATION,2011-02-06 00:00:00,E0003,CAL_008331,4,1511.59943081129,1725.80885988665,FLAT_START,CONVERGED_FEASIBLE,CONVERGED,PASSED,0.996638624306679,25,1.04983901937923,13,7.105427357601e-15,9.85878045867139e-14,23,25,0.1303
ATT_T012_001262_1,CALL_T012_001262,1,COMBINED_REPAIRED_GEOMETRY_FINAL_VERIFICATION,2011-02-06 00:00:00,E0003,CAL_008332,4,1507.05750325935,1741.23792639244,FLAT_START,CONVERGED_FEASIBLE,CONVERGED,PASSED,0.996674360423035,25,1.04983829781074,13,6.88338275267597e-15,9.9253938401489e-14,23,25,0.1287
ATT_T012_001263_1,CALL_T012_001263,1,COMBINED_REPAIRED_GEOMETRY_FINAL_VERIFICATION,2011-02-06 00:00:00,E0003,CAL_008333,4,1502.49643668828,1756.7320087303,FLAT_START,CONVERGED_FEASIBLE,CONVERGED,PASSED,0.996710194678611,25,1.04983737039533,13,6.88338275267597e-15,9.9253938401489e-14,23,25,0.1633
ATT_T012_001264_1,CALL_T012_001264,1,COMBINED_REPAIRED_GEOMETRY_FINAL_VERIFICATION,2011-02-06 00:00:00,E0003,CAL_008334,4,1497.91541068352,1772.29389387349,FLAT_START,CONVERGED_FEASIBLE,CONVERGED,PASSED,0.996746132956245,25,1.04983623471293,13,7.32747196252603e-15,9.96980276113391e-14,23,25,0.1355
ATT_T012_001265_1,CALL_T012_001265,1,COMBINED_REPAIRED_GEOMETRY_FINAL_VERIFICATION,2011-02-06 00:00:00,E0003,CAL_008335,4,1493.31359152647,1787.92641398961,FLAT_START,CONVERGED_FEASIBLE,CONVERGED,PASSED,0.996782181204531,25,1.04983488818898,13,7.32747196252603e-15,1.00808250635964e-13,23,25,0.1304
ATT_T012_001266_1,CALL_T012_001266,1,COMBINED_REPAIRED_GEOMETRY_FINAL_VERIFICATION,2011-02-06 00:00:00,E0003,CAL_008336,4,1488.69013154867,1803.63244863425,FLAT_START,CONVERGED_FEASIBLE,CONVERGED,PASSED,0.996818345441902,25,1.04983332809025,13,6.88338275267597e-15,1.01030295240889e-13,23,25,0.129
ATT_T012_001267_1,CALL_T012_001267,1,COMBINED_REPAIRED_GEOMETRY_FINAL_VERIFICATION,2011-02-06 00:00:00,E0003,CAL_008337,4,1484.04416846559,1819.41492701432,FLAT_START,CONVERGED_FEASIBLE,CONVERGED,PASSED,0.996854631760787,25,1.04983155152046,13,7.105427357601e-15,1.01696429055664e-13,23,25,0.1599
ATT_T012_001268_1,CALL_T012_001268,1,COMBINED_REPAIRED_GEOMETRY_FINAL_VERIFICATION,2011-02-06 00:00:00,E0003,CAL_008338,4,1479.37482468864,1835.27683032497,FLAT_START,CONVERGED_FEASIBLE,CONVERGED,PASSED,0.996891046331889,25,1.04982955541549,13,7.32747196252603e-15,1.02140518265514e-13,23,25,0.1304
ATT_T012_001269_1,CALL_T012_001269,1,COMBINED_REPAIRED_GEOMETRY_FINAL_VERIFICATION,2011-02-06 00:00:00,E0004,CAL_008339,3.75,1474.86030320224,1851.43741055075,FLAT_START,CONVERGED_FEASIBLE,CONVERGED,PASSED,0.996928851873443,25,1.0498368785499,13,7.54951656745106e-15,1.02806652080289e-13,23,25,0.1327
ATT_T012_001270_1,CALL_T012_001270,1,COMBINED_REPAIRED_GEOMETRY_FINAL_VERIFICATION,2011-02-06 00:00:00,E0004,CAL_008340,3.75,1469.96276646905,1868.49683130344,FLAT_START,CONVERGED_FEASIBLE,CONVERGED,PASSED,0.996968285398941,25,1.04983917247521,13,7.7715611723761e-15,1.03028696685215e-13,23,25,0.1565
ATT_T012_001271_1,CALL_T012_001271,1,COMBINED_REPAIRED_GEOMETRY_FINAL_VERIFICATION,2011-02-06 00:00:00,E0004,CAL_008341,3.75,1465.03728194463,1885.65360163323,FLAT_START,CONVERGED_FEASIBLE,CONVERGED,PASSED,0.997007880837634,25,1.04984123671716,13,7.54951656745106e-15,1.0413891970984e-13,23,25,0.1303
ATT_T012_001272_1,CALL_T012_001272,1,COMBINED_REPAIRED_GEOMETRY_FINAL_VERIFICATION,2011-02-06 00:00:00,E0004,CAL_008342,3.75,1460.08285297628,1902.91119314605,FLAT_START,CONVERGED_FEASIBLE,CONVERGED,PASSED,0.997047645254049,25,1.04984306795215,13,7.54951656745106e-15,1.0502709812954e-13,23,25,0.13
ATT_T012_001273_1,CALL_T012_001273,1,COMBINED_REPAIRED_GEOMETRY_FINAL_VERIFICATION,2011-02-06 00:00:00,E0004,CAL_008343,3.75,1455.09846229161,1920.27314927175,FLAT_START,CONVERGED_FEASIBLE,CONVERGED,PASSED,0.997087585824512,25,1.04984466265438,13,7.99360577730113e-15,1.05249142734465e-13,23,25,0.16
ATT_T012_001274_1,CALL_T012_001274,1,COMBINED_REPAIRED_GEOMETRY_FINAL_VERIFICATION,2011-02-06 00:00:00,E0004,CAL_008344,3.75,1450.08307109272,1937.74308841918,FLAT_START,CONVERGED_FEASIBLE,CONVERGED,PASSED,0.997127709842628,25,1.04984601708912,13,8.65973959207622e-15,1.06137321154165e-13,23,25,0.1318
ATT_T012_001275_1,CALL_T012_001275,1,COMBINED_REPAIRED_GEOMETRY_FINAL_VERIFICATION,2011-02-06 00:00:00,E0004,CAL_008345,3.75,1445.03561811536,1955.32470725353,FLAT_START,CONVERGED_FEASIBLE,CONVERGED,PASSED,0.997168024724944,25,1.04984712730547,13,8.21565038222616e-15,1.0724754417879e-13,23,25,0.1296
ATT_T012_001276_1,CALL_T012_001276,1,COMBINED_REPAIRED_GEOMETRY_FINAL_VERIFICATION,2011-02-06 00:00:00,E0004,CAL_008346,3.75,1439.95501865162,1973.02178410045,FLAT_START,CONVERGED_FEASIBLE,CONVERGED,PASSED,0.997208538016782,25,1.04984798912878,13,8.43769498715119e-15,1.08357767203415e-13,23,25,0.1542
ATT_T012_001277_1,CALL_T012_001277,1,COMBINED_REPAIRED_GEOMETRY_FINAL_VERIFICATION,2011-02-06 00:00:00,E0004,CAL_008347,3.75,1434.84016353424,1990.83818248399,FLAT_START,CONVERGED_FEASIBLE,CONVERGED,PASSED,0.997249257398265,25,1.04984859815247,13,8.43769498715119e-15,1.0946799022804e-13,23,25,0.1325
ATT_T012_001278_1,CALL_T012_001278,1,COMBINED_REPAIRED_GEOMETRY_FINAL_VERIFICATION,2011-02-06 00:00:00,E0004,CAL_008348,3.75,1429.68991808041,2008.7778548056,FLAT_START,CONVERGED_FEASIBLE,CONVERGED,PASSED,0.997290190690547,25,1.04984894972959,13,8.43769498715119e-15,1.10134124042816e-13,23,25,0.1812
ATT_T012_001279_1,CALL_T012_001279,1,COMBINED_REPAIRED_GEOMETRY_FINAL_VERIFICATION,2011-02-06 00:00:00,E0004,CAL_008349,3.75,1424.50312099285,2026.84484617208,FLAT_START,CONVERGED_FEASIBLE,CONVERGED,PASSED,0.997331345862251,25,1.04984903896364,13,8.88178419700125e-15,1.11910480882216e-13,23,25,0.1633
ATT_T012_001280_1,CALL_T012_001280,1,COMBINED_REPAIRED_GEOMETRY_FINAL_VERIFICATION,2011-02-06 00:00:00,E0004,CAL_008350,3.75,1419.27858321569,2045.0432983807,FLAT_START,CONVERGED_FEASIBLE,CONVERGED,PASSED,0.997372731036134,25,1.04984886069902,13,8.65973959207622e-15,1.14352971536391e-13,23,25,0.179
ATT_T012_001281_1,CALL_T012_001281,1,COMBINED_REPAIRED_GEOMETRY_FINAL_VERIFICATION,2011-02-06 00:00:00,E0004,CAL_008351,3.75,1414.01508674278,2063.37745407027,FLAT_START,CONVERGED_FEASIBLE,CONVERGED,PASSED,0.997414354495988,25,1.04984840951085,13,8.65973959207622e-15,1.16351372980716e-13,23,25,0.1322
ATT_T012_001282_1,CALL_T012_001282,1,COMBINED_REPAIRED_GEOMETRY_FINAL_VERIFICATION,2011-02-06 00:00:00,E0004,CAL_008352,3.75,1408.71138337573,2081.85166104719,FLAT_START,CONVERGED_FEASIBLE,CONVERGED,PASSED,0.997456224693783,25,1.0498476796942,13,8.88178419700125e-15,1.19237952844742e-13,23,25,0.1671
ATT_T012_001283_1,CALL_T012_001283,1,COMBINED_REPAIRED_GEOMETRY_FINAL_VERIFICATION,2011-02-06 00:00:00,E0004,CAL_008353,3.75,1403.36619342882,2100.47037679655,FLAT_START,CONVERGED_FEASIBLE,CONVERGED,PASSED,0.997498350257083,25,1.04984666525268,13,9.76996261670138e-15,1.21458398893992e-13,23,25,0.1321
ATT_T012_001284_1,CALL_T012_001284,1,COMBINED_REPAIRED_GEOMETRY_FINAL_VERIFICATION,2011-02-06 00:00:00,E0004,CAL_008354,3.75,1397.97820437791,2119.23817318846,FLAT_START,CONVERGED_FEASIBLE,CONVERGED,PASSED,0.997540739996735,25,1.04984535988637,13,9.54791801177635e-15,1.24567023362943e-13,23,25,0.1299
ATT_T012_001285_1,CALL_T012_001285,1,COMBINED_REPAIRED_GEOMETRY_FINAL_VERIFICATION,2011-02-06 00:00:00,E0004,CAL_008355,3.75,1392.54606945005,2138.15974139066,FLAT_START,CONVERGED_FEASIBLE,CONVERGED,PASSED,0.997583402914845,25,1.04984375697906,13,9.54791801177635e-15,1.26787469412193e-13,23,25,0.1276
ATT_T012_001286_1,CALL_T012_001286,1,COMBINED_REPAIRED_GEOMETRY_FINAL_VERIFICATION,2011-02-06 00:00:00,E0004,CAL_008356,3.75,1387.06840615057,2157.23989699911,FLAT_START,CONVERGED_FEASIBLE,CONVERGED,PASSED,0.99762634821307,25,1.0498418495847,13,1.04360964314765e-14,1.30784272300843e-13,23,25,0.1575
ATT_T012_001287_1,CALL_T012_001287,1,COMBINED_REPAIRED_GEOMETRY_FINAL_VERIFICATION,2011-02-06 00:00:00,E0004,CAL_008357,3.75,1381.54379472405,2176.48358539892,FLAT_START,CONVERGED_FEASIBLE,CONVERGED,PASSED,0.997669585301234,25,1.04983963041305,13,1.04360964314765e-14,1.33004718350094e-13,23,25,0.1306
ATT_T012_001288_1,CALL_T012_001288,1,COMBINED_REPAIRED_GEOMETRY_FINAL_VERIFICATION,2011-02-06 00:00:00,E0004,CAL_008358,3.75,1375.97077654531,2195.89588736887,FLAT_START,CONVERGED_FEASIBLE,CONVERGED,PASSED,0.99771312380628,25,1.04983709181454,13,1.08801856413265e-14,1.36113342819044e-13,23,25,0.1298
ATT_T012_001289_1,CALL_T012_001289,1,COMBINED_REPAIRED_GEOMETRY_FINAL_VERIFICATION,2011-02-06 00:00:00,E0004,CAL_008359,3.75,1370.3478524365,2215.4820249434,FLAT_START,CONVERGED_FEASIBLE,CONVERGED,PASSED,0.997756973581592,25,1.04983422576419,13,1.06581410364015e-14,1.39221967287995e-13,23,25,0.1645
ATT_T012_001290_1,CALL_T012_001290,1,COMBINED_REPAIRED_GEOMETRY_FINAL_VERIFICATION,2011-02-06 00:00:00,E0005,CAL_008360,0,1370.34785243587,2215.4820249456,FLAT_START,CONVERGED_FEASIBLE,CONVERGED,PASSED,0.997756973581596,25,1.04983422576419,13,1.04360964314765e-14,1.3944401189292e-13,23,25,0.1342
ATT_T012_001291_1,CALL_T012_001291,1,COMBINED_REPAIRED_GEOMETRY_FINAL_VERIFICATION,2011-02-06 00:00:00,E0005,CAL_008361,0,1363.67346323705,2227.74160476223,FLAT_START,CONVERGED_FEASIBLE,CONVERGED,PASSED,0.997774475880535,25,1.0497072378281,13,1.08801856413265e-14,1.4077627952247e-13,23,25,0.1326
ATT_T012_001292_1,CALL_T012_001292,1,COMBINED_REPAIRED_GEOMETRY_FINAL_VERIFICATION,2011-02-06 00:00:00,E0005,CAL_008362,0,1356.97335076267,2240.04843332933,FLAT_START,CONVERGED_FEASIBLE,CONVERGED,PASSED,0.997792010554081,25,1.0495795633443,13,1.08801856413265e-14,1.42330591756945e-13,23,25,0.1308
ATT_T012_001293_1,CALL_T012_001293,1,COMBINED_REPAIRED_GEOMETRY_FINAL_VERIFICATION,2011-02-06 00:00:00,E0005,CAL_008363,0,1350.24633948454,2252.40466986798,FLAT_START,CONVERGED_FEASIBLE,CONVERGED,PASSED,0.997809580298235,25,1.0494511775863,13,1.08801856413265e-14,1.4477308241112e-13,23,25,0.1324
ATT_T012_001294_1,CALL_T012_001294,1,COMBINED_REPAIRED_GEOMETRY_FINAL_VERIFICATION,2011-02-06 00:00:00,E0005,CAL_008364,0,1343.49123618739,2264.812506087,FLAT_START,CONVERGED_FEASIBLE,CONVERGED,PASSED,0.997827187829299,25,1.04932205534002,13,1.13242748511766e-14,1.45883305435746e-13,23,25,0.1311
ATT_T012_001295_1,CALL_T012_001295,1,COMBINED_REPAIRED_GEOMETRY_FINAL_VERIFICATION,2011-02-06 00:00:00,E0005,CAL_008365,0,1336.7068290744,2277.274167826,FLAT_START,CONVERGED_FEASIBLE,CONVERGED,PASSED,0.99784483588554,25,1.04919217088254,13,1.13242748511766e-14,1.47659662275146e-13,23,25,0.1289
ATT_T012_001296_1,CALL_T012_001296,1,COMBINED_REPAIRED_GEOMETRY_FINAL_VERIFICATION,2011-02-06 00:00:00,E0005,CAL_008366,0,1329.89188684507,2289.79191674914,FLAT_START,CONVERGED_FEASIBLE,CONVERGED,PASSED,0.997862527228881,25,1.04906149796006,13,1.15463194561016e-14,1.49658063719471e-13,23,25,0.1338
ATT_T012_001297_1,CALL_T012_001297,1,COMBINED_REPAIRED_GEOMETRY_FINAL_VERIFICATION,2011-02-06 00:00:00,E0005,CAL_008367,0,1323.04515774475,2302.36805209095,FLAT_START,CONVERGED_FEASIBLE,CONVERGED,PASSED,0.997872504426012,22,1.04903874942755,30,1.13242748511766e-14,1.51434420558871e-13,23,25,0.131
ATT_T012_001298_1,CALL_T012_001298,1,COMBINED_REPAIRED_GEOMETRY_FINAL_VERIFICATION,2011-02-06 00:00:00,E0005,CAL_008368,0,1316.16536858415,2315.00491245726,FLAT_START,CONVERGED_FEASIBLE,CONVERGED,PASSED,0.997875284863377,22,1.04930688638124,30,1.13242748511766e-14,1.53432822003197e-13,23,25,0.1315
ATT_T012_001299_1,CALL_T012_001299,1,COMBINED_REPAIRED_GEOMETRY_FINAL_VERIFICATION,2011-02-06 00:00:00,E0005,CAL_008369,0,1309.25122372716,2327.70487768447,FLAT_START,CONVERGED_FEASIBLE,CONVERGED,PASSED,0.997878073340701,22,1.0495760992242,30,1.17683640610267e-14,1.55653268052447e-13,23,25,0.1451
ATT_T012_001300_1,CALL_T012_001300,1,COMBINED_REPAIRED_GEOMETRY_FINAL_VERIFICATION,2011-02-06 00:00:00,E0006,CAL_008370,5,1302.30140404663,2340.47037075757,FLAT_START,CONVERGED_FEASIBLE,CONVERGED,PASSED,0.997880870306543,22,1.04984643570521,30,1.19904086659517e-14,1.57207580286922e-13,23,25,0.1346
ATT_T012_001301_1,CALL_T012_001301,1,COMBINED_REPAIRED_GEOMETRY_FINAL_VERIFICATION,2011-02-06 00:00:00,E0006,CAL_008371,5,1302.3014040438,2340.47037075875,FLAT_START,CONVERGED_FEASIBLE,CONVERGED,PASSED,0.997880870306542,22,1.04984643570521,30,1.17683640610267e-14,1.57207580286922e-13,23,25,0.1384
ATT_T012_001302_1,CALL_T012_001302,1,COMBINED_REPAIRED_GEOMETRY_FINAL_VERIFICATION,2011-02-06 00:00:00,E0006,CAL_008372,5,1288.83835407754,2346.07465882056,FLAT_START,CONVERGED_FEASIBLE,CONVERGED,PASSED,0.99787696355187,22,1.04984747290073,30,1.19904086659517e-14,1.56985535681997e-13,23,25,0.1508
ATT_T012_001303_1,CALL_T012_001303,1,COMBINED_REPAIRED_GEOMETRY_FINAL_VERIFICATION,2011-02-06 00:00:00,E0006,CAL_008373,5,1275.4530797713,2351.64657106827,FLAT_START,CONVERGED_FEASIBLE,CONVERGED,PASSED,0.997873070792073,22,1.04984829498978,30,1.19904086659517e-14,1.55653268052447e-13,23,25,0.1302
ATT_T012_001304_1,CALL_T012_001304,1,COMBINED_REPAIRED_GEOMETRY_FINAL_VERIFICATION,2011-02-06 00:00:00,E0006,CAL_008374,5,1262.1428877365,2357.1872286836,FLAT_START,CONVERGED_FEASIBLE,CONVERGED,PASSED,0.997859086816132,25,1.04984890523489,30,1.15463194561016e-14,1.54765089632747e-13,23,25,0.1864
ATT_T012_001305_1,CALL_T012_001305,1,COMBINED_REPAIRED_GEOMETRY_FINAL_VERIFICATION,2011-02-06 00:00:00,E0006,CAL_008375,5,1248.90513746477,2362.69773083571,FLAT_START,CONVERGED_FEASIBLE,CONVERGED,PASSED,0.997834357283307,25,1.04984930672329,30,1.13242748511766e-14,1.54543045027822e-13,23,25,0.1324
ATT_T012_001306_1,CALL_T012_001306,1,COMBINED_REPAIRED_GEOMETRY_FINAL_VERIFICATION,2011-02-06 00:00:00,E0006,CAL_008376,5,1235.7372390643,2368.17915562355,FLAT_START,CONVERGED_FEASIBLE,CONVERGED,PASSED,0.997809705222472,25,1.04984950237235,30,1.11022302462516e-14,1.53654866608122e-13,23,25,0.1281
ATT_T012_001307_1,CALL_T012_001307,1,COMBINED_REPAIRED_GEOMETRY_FINAL_VERIFICATION,2011-02-06 00:00:00,E0006,CAL_008377,5,1222.63665107445,2373.6325609855,FLAT_START,CONVERGED_FEASIBLE,CONVERGED,PASSED,0.997785126568796,25,1.0498494949346,30,1.11022302462516e-14,1.53210777398272e-13,23,25,0.1543
ATT_T012_001308_1,CALL_T012_001308,1,COMBINED_REPAIRED_GEOMETRY_FINAL_VERIFICATION,2011-02-06 00:00:00,E0006,CAL_008378,5,1209.60087835468,2379.05898557822,FLAT_START,CONVERGED_FEASIBLE,CONVERGED,PASSED,0.997760617303049,25,1.04984928700249,30,1.11022302462516e-14,1.53210777398272e-13,23,25,0.1543
ATT_T012_001309_1,CALL_T012_001309,1,COMBINED_REPAIRED_GEOMETRY_FINAL_VERIFICATION,2011-02-06 00:00:00,E0006,CAL_008379,5,1196.62747004375,2384.45944962613,FLAT_START,CONVERGED_FEASIBLE,CONVERGED,PASSED,0.99773617344891,25,1.04984888101291,30,1.11022302462516e-14,1.52322598978571e-13,23,25,0.1312
ATT_T012_001310_1,CALL_T012_001310,1,COMBINED_REPAIRED_GEOMETRY_FINAL_VERIFICATION,2011-02-06 00:00:00,E0006,CAL_008380,5,1183.71401758555,2389.83495574322,FLAT_START,CONVERGED_FEASIBLE,CONVERGED,PASSED,0.997711791070339,25,1.04984827925139,30,1.06581410364015e-14,1.52100554373646e-13,23,25,0.1283
ATT_T012_001311_1,CALL_T012_001311,1,COMBINED_REPAIRED_GEOMETRY_FINAL_VERIFICATION,2011-02-06 00:00:00,E0007,CAL_008381,5.5,1170.67168606405,2394.72181422358,FLAT_START,CONVERGED_FEASIBLE,CONVERGED,PASSED,0.997685424019835,25,1.04983268186157,30,1.11022302462516e-14,1.51434420558871e-13,23,25,0.1315
ATT_T012_001312_1,CALL_T012_001312,1,COMBINED_REPAIRED_GEOMETRY_FINAL_VERIFICATION,2011-02-06 00:00:00,E0007,CAL_008382,5.5,1158.49390245318,2399.89429343322,FLAT_START,CONVERGED_FEASIBLE,CONVERGED,PASSED,0.997662655838826,25,1.04983456094637,30,1.08801856413265e-14,1.50546242139171e-13,23,25,0.131
ATT_T012_001313_1,CALL_T012_001313,1,COMBINED_REPAIRED_GEOMETRY_FINAL_VERIFICATION,2011-02-06 00:00:00,E0007,CAL_008383,5.5,1146.36529487672,2405.04588526107,FLAT_START,CONVERGED_FEASIBLE,CONVERGED,PASSED,0.997639933832832,25,1.04983625621754,30,1.08801856413265e-14,1.50990331349021e-13,23,25,0.1299
ATT_T012_001314_1,CALL_T012_001314,1,COMBINED_REPAIRED_GEOMETRY_FINAL_VERIFICATION,2011-02-06 00:00:00,E0007,CAL_008384,5.5,1134.28372969503,2410.17749596454,FLAT_START,CONVERGED_FEASIBLE,CONVERGED,PASSED,0.997617254440627,25,1.049837769695,30,1.06581410364015e-14,1.50768286744096e-13,23,25,0.1635
ATT_T012_001315_1,CALL_T012_001315,1,COMBINED_REPAIRED_GEOMETRY_FINAL_VERIFICATION,2011-02-06 00:00:00,E0007,CAL_008385,5.5,1122.24710405968,2415.29001872258,FLAT_START,CONVERGED_FEASIBLE,CONVERGED,PASSED,0.99759461412672,25,1.04983910327049,30,1.08801856413265e-14,1.50102152929321e-13,23,25,0.1317
ATT_T012_001316_1,CALL_T012_001316,1,COMBINED_REPAIRED_GEOMETRY_FINAL_VERIFICATION,2011-02-06 00:00:00,E0007,CAL_008386,5.5,1110.25334437848,2420.3843342876,FLAT_START,CONVERGED_FEASIBLE,CONVERGED,PASSED,0.997572009379143,25,1.04984025871044,30,1.08801856413265e-14,1.48991929904696e-13,23,25,0.128
ATT_T012_001317_1,CALL_T012_001317,1,COMBINED_REPAIRED_GEOMETRY_FINAL_VERIFICATION,2011-02-06 00:00:00,E0007,CAL_008387,5.5,1098.3004048164,2425.46131162227,FLAT_START,CONVERGED_FEASIBLE,CONVERGED,PASSED,0.997549436707267,25,1.04984123765864,30,1.06581410364015e-14,1.49213974509621e-13,23,25,0.1306
ATT_T012_001318_1,CALL_T012_001318,1,COMBINED_REPAIRED_GEOMETRY_FINAL_VERIFICATION,2011-02-06 00:00:00,E0007,CAL_008388,5.5,1086.38626583542,2430.52180851965,FLAT_START,CONVERGED_FEASIBLE,CONVERGED,PASSED,0.997526892639637,25,1.04984204163872,30,1.04360964314765e-14,1.49436019114546e-13,23,25,0.1552
ATT_T012_001319_1,CALL_T012_001319,1,COMBINED_REPAIRED_GEOMETRY_FINAL_VERIFICATION,2011-02-06 00:00:00,E0007,CAL_008389,5.5,1074.5089327711,2435.56667220784,FLAT_START,CONVERGED_FEASIBLE,CONVERGED,PASSED,0.997504373721835,25,1.04984267205646,30,1.06581410364015e-14,1.49213974509621e-13,23,25,0.1302
ATT_T012_001320_1,CALL_T012_001320,1,COMBINED_REPAIRED_GEOMETRY_FINAL_VERIFICATION,2011-02-06 00:00:00,E0007,CAL_008390,5.5,1062.66643444354,2440.59673993993,FLAT_START,CONVERGED_FEASIBLE,CONVERGED,PASSED,0.997481876514361,25,1.04984313020193,30,1.06581410364015e-14,1.48991929904696e-13,23,25,0.1333
ATT_T012_001321_1,CALL_T012_001321,1,COMBINED_REPAIRED_GEOMETRY_FINAL_VERIFICATION,2011-02-06 00:00:00,E0007,CAL_008391,5.5,1050.8568218008,2445.61283957024,FLAT_START,CONVERGED_FEASIBLE,CONVERGED,PASSED,0.997459397590539,25,1.04984341725144,30,1.04360964314765e-14,1.48769885299771e-13,23,25,0.1567
ATT_T012_001322_1,CALL_T012_001322,1,COMBINED_REPAIRED_GEOMETRY_FINAL_VERIFICATION,2011-02-06 00:00:00,E0007,CAL_008392,5.5,1039.0781665925,2450.61579011766,FLAT_START,CONVERGED_FEASIBLE,CONVERGED,PASSED,0.99743693353443,25,1.04984353426933,30,1.08801856413265e-14,1.48547840694846e-13,23,25,0.1302
ATT_T012_001323_1,CALL_T012_001323,1,COMBINED_REPAIRED_GEOMETRY_FINAL_VERIFICATION,2011-02-06 00:00:00,E0007,CAL_008393,5.5,1027.32856007182,2455.60640231702,FLAT_START,CONVERGED_FEASIBLE,CONVERGED,PASSED,0.997414480938764,25,1.04984348220965,30,1.11022302462516e-14,1.48769885299771e-13,23,25,0.131
ATT_T012_001324_1,CALL_T012_001324,1,COMBINED_REPAIRED_GEOMETRY_FINAL_VERIFICATION,2011-02-06 00:00:00,E0007,CAL_008394,5.5,1015.60611172388,2460.58547915918,FLAT_START,CONVERGED_FEASIBLE,CONVERGED,PASSED,0.997392036402884,25,1.04984326191761,30,1.08801856413265e-14,1.48547840694846e-13,23,25,0.1537
ATT_T012_001325_1,CALL_T012_001325,1,COMBINED_REPAIRED_GEOMETRY_FINAL_VERIFICATION,2011-02-06 00:00:00,E0007,CAL_008395,5.5,1003.90894801868,2465.55381642072,FLAT_START,CONVERGED_FEASIBLE,CONVERGED,PASSED,0.997369596530691,25,1.04984287413094,30,1.06581410364015e-14,1.48325796089921e-13,23,25,0.1316
ATT_T012_001326_1,CALL_T012_001326,1,COMBINED_REPAIRED_GEOMETRY_FINAL_VERIFICATION,2011-02-06 00:00:00,E0007,CAL_008396,5.5,992.235211186828,2470.51220318394,FLAT_START,CONVERGED_FEASIBLE,CONVERGED,PASSED,0.9973471579286,25,1.04984231948105,30,1.06581410364015e-14,1.49436019114546e-13,23,25,0.1345
ATT_T012_001327_1,CALL_T012_001327,1,COMBINED_REPAIRED_GEOMETRY_FINAL_VERIFICATION,2011-02-06 00:00:00,E0007,CAL_008397,5.5,980.583058016351,2475.46142234792,FLAT_START,CONVERGED_FEASIBLE,CONVERGED,PASSED,0.997324717203499,25,1.0498415984941,30,1.08801856413265e-14,1.48991929904696e-13,23,25,0.1329
ATT_T012_001328_1,CALL_T012_001328,1,COMBINED_REPAIRED_GEOMETRY_FINAL_VERIFICATION,2011-02-06 00:00:00,E0007,CAL_008398,5.5,968.95065866879,2480.40225113139,FLAT_START,CONVERGED_FEASIBLE,CONVERGED,PASSED,0.997302270960701,25,1.04984071159186,30,1.08801856413265e-14,1.49213974509621e-13,23,25,0.1622
ATT_T012_001329_1,CALL_T012_001329,1,COMBINED_REPAIRED_GEOMETRY_FINAL_VERIFICATION,2011-02-06 00:00:00,E0007,CAL_008399,5.5,957.33619551306,2485.33546156801,FLAT_START,CONVERGED_FEASIBLE,CONVERGED,PASSED,0.997279815801902,25,1.04983965909252,30,1.08801856413265e-14,1.48547840694846e-13,23,25,0.1324
ATT_T012_001330_1,CALL_T012_001330,1,COMBINED_REPAIRED_GEOMETRY_FINAL_VERIFICATION,2011-02-06 00:00:00,E0007,CAL_008400,5.5,945.737861975404,2490.2618209949,FLAT_START,CONVERGED_FEASIBLE,CONVERGED,PASSED,0.997257348323132,25,1.04983844121128,30,1.11022302462516e-14,1.49213974509621e-13,23,25,0.1312
ATT_T012_001331_1,CALL_T012_001331,1,COMBINED_REPAIRED_GEOMETRY_FINAL_VERIFICATION,2011-02-06 00:00:00,E0008,CAL_008401,5.25,934.214398021899,2495.42139107605,FLAT_START,CONVERGED_FEASIBLE,CONVERGED,PASSED,0.997235807692861,25,1.04984427420702,30,1.06581410364015e-14,1.48991929904696e-13,23,25,0.1605
ATT_T012_001332_1,CALL_T012_001332,1,COMBINED_REPAIRED_GEOMETRY_FINAL_VERIFICATION,2011-02-06 00:00:00,E0008,CAL_008402,5.25,922.663666060694,2500.42718951255,FLAT_START,CONVERGED_FEASIBLE,CONVERGED,PASSED,0.997213656098856,25,1.04984543909121,30,1.08801856413265e-14,1.48547840694846e-13,23,25,0.1352
ATT_T012_001333_1,CALL_T012_001333,1,COMBINED_REPAIRED_GEOMETRY_FINAL_VERIFICATION,2011-02-06 00:00:00,E0008,CAL_008403,5.25,911.122567688417,2505.42881299247,FLAT_START,CONVERGED_FEASIBLE,CONVERGED,PASSED,0.997191479595088,25,1.04984643610796,30,1.08801856413265e-14,1.48547840694846e-13,23,25,0.1306
ATT_T012_001334_1,CALL_T012_001334,1,COMBINED_REPAIRED_GEOMETRY_FINAL_VERIFICATION,2011-02-06 00:00:00,E0008,CAL_008404,5.25,899.589335024055,2510.42702767124,FLAT_START,CONVERGED_FEASIBLE,CONVERGED,PASSED,0.997169274780981,25,1.04984726543623,30,1.08801856413265e-14,1.49436019114546e-13,23,25,0.1595
ATT_T012_001335_1,CALL_T012_001335,1,COMBINED_REPAIRED_GEOMETRY_FINAL_VERIFICATION,2011-02-06 00:00:00,E0008,CAL_008405,5.25,888.062204989495,2515.42259762283,FLAT_START,CONVERGED_FEASIBLE,CONVERGED,PASSED,0.997147038238461,25,1.0498479271517,30,1.11022302462516e-14,1.49658063719471e-13,23,25,0.1315
ATT_T012_001336_1,CALL_T012_001336,1,COMBINED_REPAIRED_GEOMETRY_FINAL_VERIFICATION,2011-02-06 00:00:00,E0008,CAL_008406,5.25,876.539418230303,2520.41628530747,FLAT_START,CONVERGED_FEASIBLE,CONVERGED,PASSED,0.997124766529851,25,1.04984842122686,30,1.08801856413265e-14,1.49658063719471e-13,23,25,0.1307
ATT_T012_001337_1,CALL_T012_001337,1,COMBINED_REPAIRED_GEOMETRY_FINAL_VERIFICATION,2011-02-06 00:00:00,E0008,CAL_008407,5.25,865.019218040405,2525.40885203765,FLAT_START,CONVERGED_FEASIBLE,CONVERGED,PASSED,0.997102456195718,25,1.04984874753078,30,1.11022302462516e-14,1.50324197534246e-13,23,25,0.1572
ATT_T012_001338_1,CALL_T012_001338,1,COMBINED_REPAIRED_GEOMETRY_FINAL_VERIFICATION,2011-02-06 00:00:00,E0008,CAL_008408,5.25,853.49984929021,2530.40105844265,FLAT_START,CONVERGED_FEASIBLE,CONVERGED,PASSED,0.997080103752707,25,1.04984890582891,30,1.08801856413265e-14,1.50324197534246e-13,23,25,0.1331
ATT_T012_001339_1,CALL_T012_001339,1,COMBINED_REPAIRED_GEOMETRY_FINAL_VERIFICATION,2011-02-06 00:00:00,E0008,CAL_008409,5.25,841.979557356763,2535.39366493219,FLAT_START,CONVERGED_FEASIBLE,CONVERGED,PASSED,0.99705770569134,25,1.0498488957826,30,1.11022302462516e-14,1.50546242139171e-13,23,25,0.1316
ATT_T012_001340_1,CALL_T012_001340,1,COMBINED_REPAIRED_GEOMETRY_FINAL_VERIFICATION,2011-02-06 00:00:00,E0008,CAL_008410,5.25,830.456587054565,2540.38743215978,FLAT_START,CONVERGED_FEASIBLE,CONVERGED,PASSED,0.997035258473772,25,1.0498487169486,30,1.15463194561016e-14,1.50768286744096e-13,23,25,0.133
ATT_T012_001341_1,CALL_T012_001341,1,COMBINED_REPAIRED_GEOMETRY_FINAL_VERIFICATION,2011-02-06 00:00:00,E0008,CAL_008411,5.25,818.929181565656,2545.38312148641,FLAT_START,CONVERGED_FEASIBLE,CONVERGED,PASSED,0.997012758531521,25,1.04984836877836,30,1.11022302462516e-14,1.51212375953946e-13,23,25,0.1613
ATT_T012_001342_1,CALL_T012_001342,1,COMBINED_REPAIRED_GEOMETRY_FINAL_VERIFICATION,2011-02-06 00:00:00,E0008,CAL_008412,5.25,807.395581367589,2550.38149544509,FLAT_START,CONVERGED_FEASIBLE,CONVERGED,PASSED,0.996990202263151,25,1.04984785061719,30,1.11022302462516e-14,1.51656465163796e-13,23,25,0.1367
ATT_T012_001343_1,CALL_T012_001343,1,COMBINED_REPAIRED_GEOMETRY_FINAL_VERIFICATION,2011-02-06 00:00:00,E0008,CAL_008413,5.25,795.854023157897,2555.38331820705,FLAT_START,CONVERGED_FEASIBLE,CONVERGED,PASSED,0.996967586031906,25,1.04984716170329,30,1.13242748511766e-14,1.51434420558871e-13,23,25,0.1308
ATT_T012_001344_1,CALL_T012_001344,1,COMBINED_REPAIRED_GEOMETRY_FINAL_VERIFICATION,2011-02-06 00:00:00,E0008,CAL_008414,5.25,784.302738773651,2560.38935604988,FLAT_START,CONVERGED_FEASIBLE,CONVERGED,PASSED,0.996944906163311,25,1.04984630116661,30,1.15463194561016e-14,1.51878509768721e-13,23,25,0.1604
ATT_T012_001345_1,CALL_T012_001345,1,COMBINED_REPAIRED_GEOMETRY_FINAL_VERIFICATION,2011-02-06 00:00:00,E0008,CAL_008415,5.25,772.73995410471,2565.40037782857,FLAT_START,CONVERGED_FEASIBLE,CONVERGED,PASSED,0.996922158942706,25,1.04984526802765,30,1.15463194561016e-14,1.52988732793347e-13,23,25,0.1405
ATT_T012_001346_1,CALL_T012_001346,1,COMBINED_REPAIRED_GEOMETRY_FINAL_VERIFICATION,2011-02-06 00:00:00,E0008,CAL_008416,5.25,761.163887999228,2570.41715544978,FLAT_START,CONVERGED_FEASIBLE,CONVERGED,PASSED,0.996899340612732,25,1.04984406119597,30,1.13242748511766e-14,1.53432822003197e-13,23,25,0.1402
ATT_T012_001347_1,CALL_T012_001347,1,COMBINED_REPAIRED_GEOMETRY_FINAL_VERIFICATION,2011-02-06 00:00:00,E0008,CAL_008417,5.25,749.572751159979,2575.44046435021,FLAT_START,CONVERGED_FEASIBLE,CONVERGED,PASSED,0.996876447370765,25,1.04984267946866,30,1.17683640610267e-14,1.53210777398272e-13,23,25,0.1565
ATT_T012_001348_1,CALL_T012_001348,1,COMBINED_REPAIRED_GEOMETRY_FINAL_VERIFICATION,2011-02-06 00:00:00,E0008,CAL_008418,5.25,737.964745030051,2580.47108397944,FLAT_START,CONVERGED_FEASIBLE,CONVERGED,PASSED,0.996853475366275,25,1.04984112152858,30,1.15463194561016e-14,1.53432822003197e-13,23,25,0.1315
ATT_T012_001349_1,CALL_T012_001349,1,COMBINED_REPAIRED_GEOMETRY_FINAL_VERIFICATION,2011-02-06 00:00:00,E0008,CAL_008419,5.25,726.3380606664,2585.50979828817,FLAT_START,CONVERGED_FEASIBLE,CONVERGED,PASSED,0.996830420698131,25,1.04983938594252,30,1.15463194561016e-14,1.54543045027822e-13,23,25,0.1314
ATT_T012_001350_1,CALL_T012_001350,1,COMBINED_REPAIRED_GEOMETRY_FINAL_VERIFICATION,2011-02-06 00:00:00,E0008,CAL_008420,5.25,714.690877599775,2590.55739622225,FLAT_START,CONVERGED_FEASIBLE,CONVERGED,PASSED,0.996807279411823,25,1.04983747115909,30,1.17683640610267e-14,1.55431223447522e-13,23,25,0.1337
ATT_T012_001351_1,CALL_T012_001351,1,COMBINED_REPAIRED_GEOMETRY_FINAL_VERIFICATION,2011-02-06 00:00:00,E0009,CAL_008421,5.25,703.019122035903,2595.59638946284,FLAT_START,CONVERGED_FEASIBLE,CONVERGED,PASSED,0.99678398312278,25,1.0498348526993,30,1.17683640610267e-14,1.55209178842597e-13,23,25,0.139
ATT_T012_001352_1,CALL_T012_001352,1,COMBINED_REPAIRED_GEOMETRY_FINAL_VERIFICATION,2011-02-06 00:00:00,E0009,CAL_008422,5.25,691.342748106001,2600.81207289796,FLAT_START,CONVERGED_FEASIBLE,CONVERGED,PASSED,0.996761174714104,25,1.0498367945873,30,1.17683640610267e-14,1.55653268052447e-13,23,25,0.1362
ATT_T012_001353_1,CALL_T012_001353,1,COMBINED_REPAIRED_GEOMETRY_FINAL_VERIFICATION,2011-02-06 00:00:00,E0009,CAL_008423,5.25,679.638613556231,2606.0401566387,FLAT_START,CONVERGED_FEASIBLE,CONVERGED,PASSED,0.996738265301085,25,1.04983856098305,30,1.15570230763467e-14,1.56097357262297e-13,23,25,0.1363
ATT_T012_001354_1,CALL_T012_001354,1,COMBINED_REPAIRED_GEOMETRY_FINAL_VERIFICATION,2011-02-06 00:00:00,E0009,CAL_008424,5.25,667.904830028221,2611.28148419002,FLAT_START,CONVERGED_FEASIBLE,CONVERGED,PASSED,0.996715250725472,25,1.04984015043878,30,1.19904086659517e-14,1.56541446472147e-13,23,25,0.1365
ATT_T012_001355_1,CALL_T012_001355,1,COMBINED_REPAIRED_GEOMETRY_FINAL_VERIFICATION,2011-02-06 00:00:00,E0009,CAL_008425,5.25,656.139490527942,2616.53690738121,FLAT_START,CONVERGED_FEASIBLE,CONVERGED,PASSED,0.996692126758712,25,1.04984156138018,30,1.19904086659517e-14,1.57651669496772e-13,23,25,0.1377
ATT_T012_001356_1,CALL_T012_001356,1,COMBINED_REPAIRED_GEOMETRY_FINAL_VERIFICATION,2011-02-06 00:00:00,E0009,CAL_008426,5.25,644.340668150099,2621.80728693564,FLAT_START,CONVERGED_FEASIBLE,CONVERGED,PASSED,0.996668889098639,25,1.04984279210355,30,1.18288991420426e-14,1.58095758706622e-13,23,25,0.136
ATT_T012_001357_1,CALL_T012_001357,1,COMBINED_REPAIRED_GEOMETRY_FINAL_VERIFICATION,2011-02-06 00:00:00,E0009,CAL_008427,5.25,632.506414775571,2627.09349305264,FLAT_START,CONVERGED_FEASIBLE,CONVERGED,PASSED,0.996645533366047,25,1.04984384077268,30,1.24344978758018e-14,1.58539847916472e-13,23,25,0.1559
ATT_T012_001358_1,CALL_T012_001358,1,COMBINED_REPAIRED_GEOMETRY_FINAL_VERIFICATION,2011-02-06 00:00:00,E0009,CAL_008428,5.25,620.634759739893,2632.39640600222,FLAT_START,CONVERGED_FEASIBLE,CONVERGED,PASSED,0.996622055101149,25,1.04984470541557,30,1.26565424807268e-14,1.58983937126322e-13,23,25,0.1295
ATT_T012_001359_1,CALL_T012_001359,1,COMBINED_REPAIRED_GEOMETRY_FINAL_VERIFICATION,2011-02-06 00:00:00,E0009,CAL_008429,5.25,608.723708470814,2637.71691673372,FLAT_START,CONVERGED_FEASIBLE,CONVERGED,PASSED,0.996598449759925,25,1.04984538392092,30,1.19904086659517e-14,1.60760293965723e-13,23,25,0.1307
ATT_T012_001360_1,CALL_T012_001360,1,COMBINED_REPAIRED_GEOMETRY_FINAL_VERIFICATION,2011-02-06 00:00:00,E0009,CAL_008430,5.25,596.771241092838,2643.05592749908,FLAT_START,CONVERGED_FEASIBLE,CONVERGED,PASSED,0.996574712710326,25,1.04984587403435,30,1.24344978758018e-14,1.60982338570648e-13,23,25,0.1295
ATT_T012_001361_1,CALL_T012_001361,1,COMBINED_REPAIRED_GEOMETRY_FINAL_VERIFICATION,2011-02-06 00:00:00,E0009,CAL_008431,5.25,584.775310996628,2648.41435249191,FLAT_START,CONVERGED_FEASIBLE,CONVERGED,PASSED,0.996550839228354,25,1.04984617335444,30,1.21096482214204e-14,1.61870516990348e-13,23,25,0.1317
ATT_T012_001362_1,CALL_T012_001362,1,COMBINED_REPAIRED_GEOMETRY_FINAL_VERIFICATION,2011-02-06 00:00:00,E0009,CAL_008432,5.25,572.733843371014,2653.79311850322,FLAT_START,CONVERGED_FEASIBLE,CONVERGED,PASSED,0.996526824493999,25,1.04984627932841,30,1.28785870856518e-14,1.62758695410048e-13,23,25,0.1455
ATT_T012_001363_1,CALL_T012_001363,1,COMBINED_REPAIRED_GEOMETRY_FINAL_VERIFICATION,2011-02-06 00:00:00,E0009,CAL_008433,5.25,560.644733695306,2659.19316559485,FLAT_START,CONVERGED_FEASIBLE,CONVERGED,PASSED,0.996502663587021,25,1.04984618924765,30,1.24344978758018e-14,1.63424829224823e-13,23,25,0.1477
ATT_T012_001364_1,CALL_T012_001364,1,COMBINED_REPAIRED_GEOMETRY_FINAL_VERIFICATION,2011-02-06 00:00:00,E0009,CAL_008434,5.25,548.505846189476,2664.6154477918,FLAT_START,CONVERGED_FEASIBLE,CONVERGED,PASSED,0.996478351482577,25,1.04984590024288,30,1.26565424807268e-14,1.64757096854373e-13,23,25,0.1318
ATT_T012_001365_1,CALL_T012_001365,1,COMBINED_REPAIRED_GEOMETRY_FINAL_VERIFICATION,2011-02-06 00:00:00,E0009,CAL_008435,5.25,536.315012219694,2670.06093379441,FLAT_START,CONVERGED_FEASIBLE,CONVERGED,PASSED,0.996453883046681,25,1.04984540927905,30,1.26565424807268e-14,1.65423230669148e-13,23,25,0.1336
ATT_T012_001366_1,CALL_T012_001366,1,COMBINED_REPAIRED_GEOMETRY_FINAL_VERIFICATION,2011-02-06 00:00:00,E0009,CAL_008436,5.25,524.070028656571,2675.53060771175,FLAT_START,CONVERGED_FEASIBLE,CONVERGED,PASSED,0.996429253031486,25,1.04984471314997,30,1.26565424807268e-14,1.65423230669148e-13,23,25,0.1294
ATT_T012_001367_1,CALL_T012_001367,1,COMBINED_REPAIRED_GEOMETRY_FINAL_VERIFICATION,2011-02-06 00:00:00,E0009,CAL_008437,5.25,511.768656183357,2681.02546981731,FLAT_START,CONVERGED_FEASIBLE,CONVERGED,PASSED,0.996404456070379,25,1.04984380847251,30,1.28785870856518e-14,1.66755498298699e-13,23,25,0.1318
ATT_T012_001368_1,CALL_T012_001368,1,COMBINED_REPAIRED_GEOMETRY_FINAL_VERIFICATION,2011-02-06 00:00:00,E0009,CAL_008438,5.25,499.408617551215,2686.54653732835,FLAT_START,CONVERGED_FEASIBLE,CONVERGED,PASSED,0.996379486672889,25,1.04984269168058,30,1.26746756115562e-14,1.68087765928249e-13,23,25,0.1301
ATT_T012_001369_1,CALL_T012_001369,1,COMBINED_REPAIRED_GEOMETRY_FINAL_VERIFICATION,2011-02-06 00:00:00,E0009,CAL_008439,5.25,486.987595778532,2692.09484521023,FLAT_START,CONVERGED_FEASIBLE,CONVERGED,PASSED,0.996354339219372,25,1.04984135901868,30,1.28785870856518e-14,1.68753899743024e-13,23,25,0.1306
ATT_T012_001370_1,CALL_T012_001370,1,COMBINED_REPAIRED_GEOMETRY_FINAL_VERIFICATION,2011-02-06 00:00:00,E0009,CAL_008440,5.25,474.503232291127,2697.67144700718,FLAT_START,CONVERGED_FEASIBLE,CONVERGED,PASSED,0.996329007955494,25,1.04983980653506,30,1.31006316905768e-14,1.69864122767649e-13,23,25,0.1522
ATT_T012_001371_1,CALL_T012_001371,1,COMBINED_REPAIRED_GEOMETRY_FINAL_VERIFICATION,2011-02-06 00:00:00,E0010,CAL_008441,5.5,461.953125,2702.97387549599,FLAT_START,CONVERGED_FEASIBLE,CONVERGED,PASSED,0.996302542933931,25,1.04982981660446,30,1.33226762955019e-14,1.70086167372574e-13,23,25,0.1344
ATT_T012_001372_1,CALL_T012_001372,1,COMBINED_REPAIRED_GEOMETRY_FINAL_VERIFICATION,2011-02-06 00:00:00,E0010,CAL_008442,5.5,449.335667505172,2708.77516119342,FLAT_START,CONVERGED_FEASIBLE,CONVERGED,PASSED,0.996277341840875,25,1.04983228348725,30,1.31006316905768e-14,1.71862524211974e-13,23,25,0.1332
ATT_T012_001373_1,CALL_T012_001373,1,COMBINED_REPAIRED_GEOMETRY_FINAL_VERIFICATION,2011-02-06 00:00:00,E0010,CAL_008443,5.5,436.645501029612,2714.60987720517,FLAT_START,CONVERGED_FEASIBLE,CONVERGED,PASSED,0.996251937617744,25,1.04983454158452,30,1.31515179294948e-14,1.72972747236599e-13,23,25,0.1304
ATT_T012_001374_1,CALL_T012_001374,1,COMBINED_REPAIRED_GEOMETRY_FINAL_VERIFICATION,2011-02-06 00:00:00,E0010,CAL_008444,5.5,423.880045412545,2720.47920984391,FLAT_START,CONVERGED_FEASIBLE,CONVERGED,PASSED,0.996226323916931,25,1.04983658686704,30,1.35447209004269e-14,1.73638881051374e-13,23,25,0.1282
ATT_T012_001375_1,CALL_T012_001375,1,COMBINED_REPAIRED_GEOMETRY_FINAL_VERIFICATION,2011-02-06 00:00:00,E0010,CAL_008445,5.5,411.036666710428,2726.38437015071,FLAT_START,CONVERGED_FEASIBLE,CONVERGED,PASSED,0.996200494221992,25,1.04983841508224,30,1.35447209004269e-14,1.74971148680925e-13,23,25,0.1514
ATT_T012_001376_1,CALL_T012_001376,1,COMBINED_REPAIRED_GEOMETRY_FINAL_VERIFICATION,2011-02-06 00:00:00,E0010,CAL_008446,5.5,398.112674837379,2732.32659497988,FLAT_START,CONVERGED_FEASIBLE,CONVERGED,PASSED,0.996174441840396,25,1.04984002174501,30,1.35447209004269e-14,1.76303416310475e-13,23,25,0.132
ATT_T012_001377_1,CALL_T012_001377,1,COMBINED_REPAIRED_GEOMETRY_FINAL_VERIFICATION,2011-02-06 00:00:00,E0010,CAL_008447,5.5,385.105321115302,2738.30714812541,FLAT_START,CONVERGED_FEASIBLE,CONVERGED,PASSED,0.99614815989596,25,1.04984140212817,30,1.35988459723717e-14,1.77191594730175e-13,23,25,0.1296
ATT_T012_001378_1,CALL_T012_001378,1,COMBINED_REPAIRED_GEOMETRY_FINAL_VERIFICATION,2011-02-06 00:00:00,E0010,CAL_008448,5.5,372.011795728756,2744.32732149116,FLAT_START,CONVERGED_FEASIBLE,CONVERGED,PASSED,0.996121641320923,25,1.04984255125218,30,1.4432899320127e-14,1.7874590696465e-13,23,25,0.1289
ATT_T012_001379_1,CALL_T012_001379,1,COMBINED_REPAIRED_GEOMETRY_FINAL_VERIFICATION,2011-02-06 00:00:00,E0010,CAL_008449,5.5,358.829225079308,2750.3884363073,FLAT_START,CONVERGED_FEASIBLE,CONVERGED,PASSED,0.996094878847661,25,1.04984346387438,30,1.46549439250521e-14,1.8052226380405e-13,23,25,0.1294
ATT_T012_001380_1,CALL_T012_001380,1,COMBINED_REPAIRED_GEOMETRY_FINAL_VERIFICATION,2011-02-06 00:00:00,E0010,CAL_008450,5.5,345.554669033826,2756.49184439549,FLAT_START,CONVERGED_FEASIBLE,CONVERGED,PASSED,0.996067865000006,25,1.04984413447745,30,1.4432899320127e-14,1.80966353013901e-13,23,25,0.1282
ATT_T012_001381_1,CALL_T012_001381,1,COMBINED_REPAIRED_GEOMETRY_FINAL_VERIFICATION,2011-02-06 00:00:00,E0010,CAL_008451,5.5,332.185118060866,2762.63892948551,FLAT_START,CONVERGED_FEASIBLE,CONVERGED,PASSED,0.996040592084155,25,1.0498445572573,30,1.46549439250521e-14,1.82964754458226e-13,23,25,0.1271
ATT_T012_001382_1,CALL_T012_001382,1,COMBINED_REPAIRED_GEOMETRY_FINAL_VERIFICATION,2011-02-06 00:00:00,E0010,CAL_008452,5.5,318.717490248928,2768.83110858622,FLAT_START,CONVERGED_FEASIBLE,CONVERGED,PASSED,0.99601305217914,25,1.04984472611014,30,1.4432899320127e-14,1.83408843668076e-13,23,25,0.1485
ATT_T012_001383_1,CALL_T012_001383,1,COMBINED_REPAIRED_GEOMETRY_FINAL_VERIFICATION,2011-02-06 00:00:00,E0010,CAL_008453,5.5,305.148628200053,2775.06983341385,FLAT_START,CONVERGED_FEASIBLE,CONVERGED,PASSED,0.995985237126843,25,1.04984463461882,30,1.46549439250521e-14,1.85851334322251e-13,23,25,0.1317
ATT_T012_001384_1,CALL_T012_001384,1,COMBINED_REPAIRED_GEOMETRY_FINAL_VERIFICATION,2011-02-06 00:00:00,E0010,CAL_008454,5.5,291.475295791775,2781.35659188074,FLAT_START,CONVERGED_FEASIBLE,CONVERGED,PASSED,0.995957138521507,25,1.04984427603829,30,1.46549439250521e-14,1.86961557346876e-13,23,25,0.1292
ATT_T012_001385_1,CALL_T012_001385,1,COMBINED_REPAIRED_GEOMETRY_FINAL_VERIFICATION,2011-02-06 00:00:00,E0010,CAL_008455,5.5,277.694174800097,2787.69290964811,FLAT_START,CONVERGED_FEASIBLE,CONVERGED,PASSED,0.99592874769874,25,1.04984364328024,30,1.48769885299771e-14,1.88959958791202e-13,23,25,0.1272
ATT_T012_001386_1,CALL_T012_001386,1,COMBINED_REPAIRED_GEOMETRY_FINAL_VERIFICATION,2011-02-06 00:00:00,E0010,CAL_008456,5.5,263.801861375655,2794.0803517462,FLAT_START,CONVERGED_FEASIBLE,CONVERGED,PASSED,0.99590005572396,25,1.04984272889672,30,1.49694956791919e-14,1.89626092605977e-13,23,25,0.1288
ATT_T012_001387_1,CALL_T012_001387,1,COMBINED_REPAIRED_GEOMETRY_FINAL_VERIFICATION,2011-02-06 00:00:00,E0010,CAL_008457,5.5,249.794862364815,2800.5205242658,FLAT_START,CONVERGED_FEASIBLE,CONVERGED,PASSED,0.995871053380258,25,1.04984152506285,30,1.53210777398272e-14,1.91846538655227e-13,23,25,0.1287
ATT_T012_001388_1,CALL_T012_001388,1,COMBINED_REPAIRED_GEOMETRY_FINAL_VERIFICATION,2011-02-06 00:00:00,E0010,CAL_008458,5.5,235.669591466877,2807.01507612509,FLAT_START,CONVERGED_FEASIBLE,CONVERGED,PASSED,0.995841731155637,25,1.04984002355835,30,1.53210777398272e-14,1.93844940099552e-13,23,25,0.1272
ATT_T012_001389_1,CALL_T012_001389,1,COMBINED_REPAIRED_GEOMETRY_FINAL_VERIFICATION,2011-02-06 00:00:00,E0010,CAL_008459,5.5,221.422365218081,2813.56570091609,FLAT_START,CONVERGED_FEASIBLE,CONVERGED,PASSED,0.995812079229598,25,1.049838215748,30,1.57651669496772e-14,1.95177207729103e-13,23,25,0.1527
ATT_T012_001390_1,CALL_T012_001390,1,COMBINED_REPAIRED_GEOMETRY_FINAL_VERIFICATION,2011-02-06 00:00:00,E0010,CAL_008460,5.5,207.049398792466,2820.17413883543,FLAT_START,CONVERGED_FEASIBLE,CONVERGED,PASSED,0.995782087459016,25,1.04983609256086,30,1.57651669496772e-14,1.96731519963578e-13,23,25,0.1372
ATT_T012_001391_1,CALL_T012_001391,1,COMBINED_REPAIRED_GEOMETRY_FINAL_VERIFICATION,2011-02-06 00:00:00,E0011,CAL_008461,5.25,192.515367814776,2827.09866595618,FLAT_START,CONVERGED_FEASIBLE,CONVERGED,PASSED,0.995752431943595,25,1.04984016813298,30,1.58050456929375e-14,1.98729921407903e-13,23,25,0.1311
ATT_T012_001392_1,CALL_T012_001392,1,COMBINED_REPAIRED_GEOMETRY_FINAL_VERIFICATION,2011-02-06 00:00:00,E0011,CAL_008462,5.25,177.855040629832,2834.00274712087,FLAT_START,CONVERGED_FEASIBLE,CONVERGED,PASSED,0.995722186215406,25,1.04984178903876,30,1.62092561595273e-14,2.00728322852228e-13,23,25,0.129
ATT_T012_001393_1,CALL_T012_001393,1,COMBINED_REPAIRED_GEOMETRY_FINAL_VERIFICATION,2011-02-06 00:00:00,E0011,CAL_008463,5.25,163.054394911153,2840.9729093855,FLAT_START,CONVERGED_FEASIBLE,CONVERGED,PASSED,0.995691567281212,25,1.04984310362357,30,1.6087660535192e-14,2.02726724296554e-13,23,25,0.1276
ATT_T012_001394_1,CALL_T012_001394,1,COMBINED_REPAIRED_GEOMETRY_FINAL_VERIFICATION,2011-02-06 00:00:00,E0011,CAL_008464,5.25,148.109119240279,2848.01118315379,FLAT_START,CONVERGED_FEASIBLE,CONVERGED,PASSED,0.995660563492693,25,1.0498441018922,30,1.64313007644523e-14,2.05613304160579e-13,23,25,0.1271
ATT_T012_001395_1,CALL_T012_001395,1,COMBINED_REPAIRED_GEOMETRY_FINAL_VERIFICATION,2011-02-06 00:00:00,E0011,CAL_008465,5.25,133.014773021568,2855.11965966371,FLAT_START,CONVERGED_FEASIBLE,CONVERGED,PASSED,0.995629162789718,25,1.04984477331243,30,1.64818011910758e-14,2.08055794814754e-13,23,25,0.1278
ATT_T012_001396_1,CALL_T012_001396,1,COMBINED_REPAIRED_GEOMETRY_FINAL_VERIFICATION,2011-02-06 00:00:00,E0011,CAL_008466,5.25,117.766780753196,2862.30049368544,FLAT_START,CONVERGED_FEASIBLE,CONVERGED,PASSED,0.995597352680536,25,1.04984510678552,30,1.67463501814295e-14,2.0961010704923e-13,23,25,0.1321
ATT_T012_001397_1,CALL_T012_001397,1,COMBINED_REPAIRED_GEOMETRY_FINAL_VERIFICATION,2011-02-06 00:00:00,E0011,CAL_008467,5.25,102.360426012982,2869.5559063537,FLAT_START,CONVERGED_FEASIBLE,CONVERGED,PASSED,0.995565120220853,25,1.04984509061479,30,1.6899567482075e-14,2.12052597703405e-13,23,25,0.1299
ATT_T012_001398_1,CALL_T012_001398,1,COMBINED_REPAIRED_GEOMETRY_FINAL_VERIFICATION,2011-02-06 00:00:00,E0011,CAL_008468,5.25,86.7908451424022,2876.88818814213,FLAT_START,CONVERGED_FEASIBLE,CONVERGED,PASSED,0.995532451991709,25,1.04984471247201,30,1.70651653051119e-14,2.14273043752655e-13,23,25,0.1297
ATT_T012_001399_1,CALL_T012_001399,1,COMBINED_REPAIRED_GEOMETRY_FINAL_VERIFICATION,2011-02-06 00:00:00,E0011,CAL_008469,5.25,71.0530206103044,2884.29970198862,FLAT_START,CONVERGED_FEASIBLE,CONVERGED,PASSED,0.995499334076082,25,1.04984395936161,30,1.73468572798327e-14,2.16493489801906e-13,23,25,0.1285
ATT_T012_001400_1,CALL_T012_001400,1,COMBINED_REPAIRED_GEOMETRY_FINAL_VERIFICATION,2011-02-06 00:00:00,E0011,CAL_008470,5.25,55.1417740366016,2891.79288658064,FLAT_START,CONVERGED_FEASIBLE,CONVERGED,PASSED,0.995465752034117,25,1.04984281758227,30,1.75243932646216e-14,2.19158025061006e-13,23,25,0.128
ATT_T012_001401_1,CALL_T012_001401,1,COMBINED_REPAIRED_GEOMETRY_FINAL_VERIFICATION,2011-02-06 00:00:00,E0012,CAL_008471,5,38.9986237614481,2899.65556965409,FLAT_START,CONVERGED_FEASIBLE,CONVERGED,PASSED,0.995432387216484,25,1.04984827626749,30,1.7708548015888e-14,2.21600515715181e-13,23,25,0.1323
ATT_T012_001402_1,CALL_T012_001402,1,COMBINED_REPAIRED_GEOMETRY_FINAL_VERIFICATION,2011-02-06 00:00:00,E0012,CAL_008472,5,30.8519741370595,2903.53209604526,FLAT_START,CONVERGED_FEASIBLE,CONVERGED,PASSED,0.995415226361086,25,1.04984841899315,30,1.79856129989275e-14,2.23598917159507e-13,23,25,0.1503
ATT_T012_001403_1,CALL_T012_001403,1,COMBINED_REPAIRED_GEOMETRY_FINAL_VERIFICATION,2011-02-06 00:00:00,E0012,CAL_008473,5,22.7053245126709,2907.40862243643,FLAT_START,CONVERGED_FEASIBLE,CONVERGED,PASSED,0.995398039102919,25,1.04984846037008,30,1.79955099787116e-14,2.24487095579207e-13,23,25,0.13
ATT_T012_001404_1,CALL_T012_001404,1,COMBINED_REPAIRED_GEOMETRY_FINAL_VERIFICATION,2011-02-06 00:00:00,E0012,CAL_008474,5,14.4629254505393,2911.33071052959,FLAT_START,CONVERGED_FEASIBLE,CONVERGED,PASSED,0.995380622915115,25,1.04984839890416,30,1.82076576038526e-14,2.26041407813682e-13,23,25,0.1286
ATT_T012_001405_1,CALL_T012_001405,1,COMBINED_REPAIRED_GEOMETRY_FINAL_VERIFICATION,2011-02-06 00:00:00,E0012,CAL_008475,5,6.22052638840775,2915.25279862274,FLAT_START,CONVERGED_FEASIBLE,CONVERGED,PASSED,0.995363179591624,25,1.04984823331612,30,1.84115740540497e-14,2.27151630838307e-13,23,25,0.1312
ATT_T012_001406_1,CALL_T012_001406,1,COMBINED_REPAIRED_GEOMETRY_FINAL_VERIFICATION,2011-02-06 00:00:00,E0013,CAL_008476,5.25,1.29855520562654,2917.29829108221,FLAT_START,CONVERGED_FEASIBLE,CONVERGED,PASSED,0.99535182850478,25,1.049840101073,30,1.83539410215611e-14,2.28261853862932e-13,23,25,0.131
ATT_T012_001407_1,CALL_T012_001407,1,COMBINED_REPAIRED_GEOMETRY_FINAL_VERIFICATION,2011-02-06 00:00:00,E0013,CAL_008477,5.25,-10.4088179516265,2922.93396434881,FLAT_START,CONVERGED_FEASIBLE,CONVERGED,PASSED,0.995327183831816,25,1.04984134302826,30,1.88737914186277e-14,2.30260255307257e-13,23,25,0.1298
ATT_T012_001408_1,CALL_T012_001408,1,COMBINED_REPAIRED_GEOMETRY_FINAL_VERIFICATION,2011-02-06 00:00:00,E0013,CAL_008478,5.25,-27.3149042645038,2931.07218437448,FLAT_START,CONVERGED_FEASIBLE,CONVERGED,PASSED,0.995291498323413,25,1.04984276274934,30,1.88737914186277e-14,2.33590924381133e-13,23,25,0.1295
ATT_T012_001409_1,CALL_T012_001409,1,COMBINED_REPAIRED_GEOMETRY_FINAL_VERIFICATION,2011-02-06 00:00:00,E0013,CAL_008479,5.25,-44.4327767998843,2939.31235365353,FLAT_START,CONVERGED_FEASIBLE,CONVERGED,PASSED,0.99469014526047,18,1.04984374876014,30,1.91420540931121e-14,2.36255459640233e-13,23,25,0.1517
ATT_T012_001410_1,CALL_T012_001410,1,COMBINED_REPAIRED_GEOMETRY_FINAL_VERIFICATION,2011-02-06 00:00:00,E0013,CAL_008480,5.25,-61.7690973282291,2947.65767901649,FLAT_START,CONVERGED_FEASIBLE,CONVERGED,PASSED,0.99399704990277,18,1.04984428253833,30,1.94770240436992e-14,2.40030217923959e-13,23,25,0.1422
ATT_T012_001411_1,CALL_T012_001411,1,COMBINED_REPAIRED_GEOMETRY_FINAL_VERIFICATION,2011-02-06 00:00:00,E0013,CAL_008481,5.25,-79.3307661583945,2956.11148212106,FLAT_START,CONVERGED_FEASIBLE,CONVERGED,PASSED,0.993293488438924,18,1.04984434447027,30,1.97138897209755e-14,2.43138842392909e-13,23,25,0.131
ATT_T012_001412_1,CALL_T012_001412,1,COMBINED_REPAIRED_GEOMETRY_FINAL_VERIFICATION,2011-02-06 00:00:00,E0013,CAL_008482,5.25,-97.1249337277771,2964.67720503133,FLAT_START,CONVERGED_FEASIBLE,CONVERGED,PASSED,0.992579109657617,18,1.04984391378034,30,2.00663837965359e-14,2.4669155607171e-13,23,25,0.1275
ATT_T012_001413_1,CALL_T012_001413,1,COMBINED_REPAIRED_GEOMETRY_FINAL_VERIFICATION,2011-02-06 00:00:00,E0013,CAL_008483,5.25,-115.159012855445,2973.35841611621,FLAT_START,CONVERGED_FEASIBLE,CONVERGED,PASSED,0.991853547937685,18,1.04984296845498,30,2.04189801757501e-14,2.50910403565285e-13,23,25,0.1295
ATT_T012_001414_1,CALL_T012_001414,1,COMBINED_REPAIRED_GEOMETRY_FINAL_VERIFICATION,2011-02-06 00:00:00,E0014,CAL_008484,5.25,-133.430989766786,2982.12046496269,FLAT_START,CONVERGED_FEASIBLE,CONVERGED,PASSED,0.991116423697933,18,1.04984058085775,30,2.06740672939371e-14,2.54685161849011e-13,23,25,0.1312
ATT_T012_001415_1,CALL_T012_001415,1,COMBINED_REPAIRED_GEOMETRY_FINAL_VERIFICATION,2011-02-06 00:00:00,E0014,CAL_008485,5.25,-152.014638291673,2991.22343667895,FLAT_START,CONVERGED_FEASIBLE,CONVERGED,PASSED,0.990367284682437,18,1.0498427538925,30,2.10679994349528e-14,2.58459920132736e-13,23,25,0.1495
ATT_T012_001416_1,CALL_T012_001416,1,COMBINED_REPAIRED_GEOMETRY_FINAL_VERIFICATION,2011-02-06 00:00:00,E0014,CAL_008486,5.25,-170.865692733679,3000.45739389556,FLAT_START,CONVERGED_FEASIBLE,CONVERGED,PASSED,0.989605647309203,18,1.04984439359469,30,7.87906743235829e-15,2.87769807982841e-13,23,26,0.1336
ATT_T012_001417_1,CALL_T012_001417,1,COMBINED_REPAIRED_GEOMETRY_FINAL_VERIFICATION,2011-02-06 00:00:00,E0014,CAL_008487,5.25,-189.992900875731,3009.82662160642,FLAT_START,CONVERGED_FEASIBLE,CONVERGED,PASSED,0.988831073696562,18,1.04984547360466,30,7.99072609950004e-15,2.92876833896116e-13,23,26,0.1328
ATT_T012_001418_1,CALL_T012_001418,1,COMBINED_REPAIRED_GEOMETRY_FINAL_VERIFICATION,2011-02-06 00:00:00,E0014,CAL_008488,5.25,-209.405354083785,3019.33557310534,FLAT_START,CONVERGED_FEASIBLE,CONVERGED,PASSED,0.988043106694954,18,1.04984596588381,30,8.09706781290797e-15,2.98205904414317e-13,23,26,0.1317
ATT_T012_001419_1,CALL_T012_001419,1,COMBINED_REPAIRED_GEOMETRY_FINAL_VERIFICATION,2011-02-06 00:00:00,E0014,CAL_008489,5.25,-229.112505149511,3028.98887872609,FLAT_START,CONVERGED_FEASIBLE,CONVERGED,PASSED,0.987241268779376,18,1.0498458405952,30,8.22774937429599e-15,3.03534974932518e-13,23,26,0.1307
ATT_T012_001420_1,CALL_T012_001420,1,COMBINED_REPAIRED_GEOMETRY_FINAL_VERIFICATION,2011-02-06 00:00:00,E0014,CAL_008490,5.25,-249.124187240206,3038.79135512477,FLAT_START,CONVERGED_FEASIBLE,CONVERGED,PASSED,0.986425060864614,18,1.04984506597421,30,8.46159347909921e-15,3.08864045450719e-13,23,26,0.1346
ATT_T012_001421_1,CALL_T012_001421,1,COMBINED_REPAIRED_GEOMETRY_FINAL_VERIFICATION,2011-02-06 00:00:00,E0014,CAL_008491,5.25,-269.45063403567,3048.74801514357,FLAT_START,CONVERGED_FEASIBLE,CONVERGED,PASSED,0.985593961037006,18,1.04984360818829,30,8.59190868016896e-15,3.14415160573844e-13,23,26,0.1328
ATT_T012_001422_1,CALL_T012_001422,1,COMBINED_REPAIRED_GEOMETRY_FINAL_VERIFICATION,2011-02-06 00:00:00,E0014,CAL_008492,5.25,-290.10250114019,3058.86407829923,FLAT_START,CONVERGED_FEASIBLE,CONVERGED,PASSED,0.984747423195721,18,1.04984143118477,30,8.72892168564281e-15,3.20632409511745e-13,23,26,0.1563
ATT_T012_001423_1,CALL_T012_001423,1,COMBINED_REPAIRED_GEOMETRY_FINAL_VERIFICATION,2011-02-06 00:00:00,E0014,CAL_008493,5.25,-311.090888865339,3069.14498194289,FLAT_START,CONVERGED_FEASIBLE,CONVERGED,PASSED,0.983884875595872,18,1.04983849652573,30,8.97995822576396e-15,3.27293747659496e-13,23,26,0.13
ATT_T012_001424_1,CALL_T012_001424,1,COMBINED_REPAIRED_GEOMETRY_FINAL_VERIFICATION,2011-02-06 00:00:00,E0015,CAL_008494,5.25,-332.400155425513,3079.51243541235,FLAT_START,CONVERGED_FEASIBLE,CONVERGED,PASSED,0.983006018198988,18,1.0498328744938,30,9.1226902473917e-15,3.33733041202322e-13,23,26,0.1322
ATT_T012_001425_1,CALL_T012_001425,1,COMBINED_REPAIRED_GEOMETRY_FINAL_VERIFICATION,2011-02-06 00:00:00,E0015,CAL_008495,5.25,-354.2281798869,3090.53847727451,FLAT_START,CONVERGED_FEASIBLE,CONVERGED,PASSED,0.982108088643935,18,1.04983722035385,30,9.29021241677424e-15,3.41504602374698e-13,23,26,0.1313
ATT_T012_001426_1,CALL_T012_001426,1,COMBINED_REPAIRED_GEOMETRY_FINAL_VERIFICATION,2011-02-06 00:00:00,E0015,CAL_008496,5.25,-376.438455326714,3101.75760648168,FLAT_START,CONVERGED_FEASIBLE,CONVERGED,PASSED,0.98119191335304,18,1.04984081691426,30,9.58210750141727e-15,3.49498208151999e-13,23,26,0.1479
ATT_T012_001427_1,CALL_T012_001427,1,COMBINED_REPAIRED_GEOMETRY_FINAL_VERIFICATION,2011-02-06 00:00:00,E0015,CAL_008497,5.25,-399.044584809355,3113.17669438209,FLAT_START,CONVERGED_FEASIBLE,CONVERGED,PASSED,0.980256780199425,18,1.0498436180482,30,9.75576156781208e-15,3.57713858534225e-13,23,26,0.1338
ATT_T012_001428_1,CALL_T012_001428,1,COMBINED_REPAIRED_GEOMETRY_FINAL_VERIFICATION,2011-02-06 00:00:00,E0015,CAL_008498,5.25,-422.060783459567,3124.8029214955,FLAT_START,CONVERGED_FEASIBLE,CONVERGED,PASSED,0.979301940807586,18,1.04984557425829,30,1.00534970772086e-14,3.65929508916452e-13,23,26,0.1516
ATT_T012_001429_1,CALL_T012_001429,1,COMBINED_REPAIRED_GEOMETRY_FINAL_VERIFICATION,2011-02-06 00:00:00,E0015,CAL_008499,5.25,-445.501914097095,3136.64379551334,FLAT_START,CONVERGED_FEASIBLE,CONVERGED,PASSED,0.978326608169201,18,1.04984663239823,30,1.02513956057534e-14,3.75477426928228e-13,23,26,0.138
ATT_T012_001430_1,CALL_T012_001430,1,COMBINED_REPAIRED_GEOMETRY_FINAL_VERIFICATION,2011-02-06 00:00:00,E0015,CAL_008500,5.25,-469.383525372321,3148.70717056234,FLAT_START,CONVERGED_FEASIBLE,CONVERGED,PASSED,0.977329954067532,18,1.04984673536781,30,1.05788279204604e-14,3.84803300335079e-13,23,26,0.1329
ATT_T012_001431_1,CALL_T012_001431,1,COMBINED_REPAIRED_GEOMETRY_FINAL_VERIFICATION,2011-02-06 00:00:00,E0015,CAL_008501,5.25,-493.721892611762,3161.00126783685,FLAT_START,CONVERGED_FEASIBLE,CONVERGED,PASSED,0.976311106291995,18,1.04984582177843,30,1.09245959726557e-14,3.95017352161631e-13,23,26,0.1331
ATT_T012_001432_1,CALL_T012_001432,1,COMBINED_REPAIRED_GEOMETRY_FINAL_VERIFICATION,2011-02-06 00:00:00,E0015,CAL_008502,5.25,-518.534061601211,3173.53469771515,FLAT_START,CONVERGED_FEASIBLE,CONVERGED,PASSED,0.975269145622534,18,1.04984382558562,30,1.12646696924885e-14,1.35225164399344e-13,24,26,0.1323
ATT_T012_001433_1,CALL_T012_001433,1,COMBINED_REPAIRED_GEOMETRY_FINAL_VERIFICATION,2011-02-06 00:00:00,E0015,CAL_008503,5.25,-543.837895556484,3186.3164834859,FLAT_START,CONVERGED_FEASIBLE,CONVERGED,PASSED,0.974203102561069,18,1.04984067568507,30,1.15098849033714e-14,1.3899992268307e-13,24,26,0.1322
ATT_T012_001434_1,CALL_T012_001434,1,COMBINED_REPAIRED_GEOMETRY_FINAL_VERIFICATION,2011-02-06 00:00:00,E0016,CAL_008504,5.5,-569.459191096381,3198.87529376078,FLAT_START,CONVERGED_FEASIBLE,CONVERGED,PASSED,0.973115615376544,18,1.04982608122166,30,1.18974352577734e-14,1.43218770176645e-13,24,26,0.1343
ATT_T012_001435_1,CALL_T012_001435,1,COMBINED_REPAIRED_GEOMETRY_FINAL_VERIFICATION,2011-02-06 00:00:00,E0016,CAL_008505,5.5,-596.048532268633,3212.79075803294,FLAT_START,CONVERGED_FEASIBLE,CONVERGED,PASSED,0.97199359216341,18,1.04983328977169,30,1.22970376121135e-14,1.47659662275146e-13,24,26,0.1585
ATT_T012_001436_1,CALL_T012_001436,1,COMBINED_REPAIRED_GEOMETRY_FINAL_VERIFICATION,2011-02-06 00:00:00,E0016,CAL_008506,5.5,-623.206646924209,3227.00388846519,FLAT_START,CONVERGED_FEASIBLE,CONVERGED,PASSED,0.970843528052742,18,1.04983933629113,30,1.26096656894183e-14,1.52766688188422e-13,24,26,0.144
ATT_T012_001437_1,CALL_T012_001437,1,COMBINED_REPAIRED_GEOMETRY_FINAL_VERIFICATION,2011-02-06 00:00:00,E0016,CAL_008507,5.5,-650.956254434451,3241.52657518292,FLAT_START,CONVERGED_FEASIBLE,CONVERGED,PASSED,0.96966416322289,18,1.04984413107234,30,1.31681285666262e-14,1.58317803311547e-13,24,26,0.1348
ATT_T012_001438_1,CALL_T012_001438,1,COMBINED_REPAIRED_GEOMETRY_FINAL_VERIFICATION,2011-02-06 00:00:00,E0016,CAL_008508,5.5,-679.32125895443,3256.37132836505,FLAT_START,CONVERGED_FEASIBLE,CONVERGED,PASSED,0.968454162184259,18,1.04984757669397,30,1.35349417768644e-14,1.63868918434673e-13,24,26,0.134
ATT_T012_001439_1,CALL_T012_001439,1,COMBINED_REPAIRED_GEOMETRY_FINAL_VERIFICATION,2011-02-06 00:00:00,E0016,CAL_008509,5.5,-708.326828534514,3271.55131964691,FLAT_START,CONVERGED_FEASIBLE,CONVERGED,PASSED,0.967212107922158,18,1.04984956726683,30,1.40368747181394e-14,1.70530256582424e-13,24,26,0.1354
ATT_T012_001440_1,CALL_T012_001440,1,COMBINED_REPAIRED_GEOMETRY_FINAL_VERIFICATION,2011-02-06 00:00:00,E0016,CAL_008510,5.5,-737.999480643382,3287.08042687851,FLAT_START,CONVERGED_FEASIBLE,CONVERGED,PASSED,0.965936495481903,18,1.04984998759454,30,1.45751990873102e-14,1.77191594730175e-13,24,26,0.1322
ATT_T012_001441_1,CALL_T012_001441,1,COMBINED_REPAIRED_GEOMETRY_FINAL_VERIFICATION,2011-02-06 00:00:00,E0016,CAL_008511,5.5,-768.367174714585,3302.97328255846,FLAT_START,CONVERGED_FEASIBLE,CONVERGED,PASSED,0.964625724932688,18,1.0498487122376,30,1.52285879610822e-14,1.84741111297626e-13,24,26,0.1551
ATT_T012_001442_1,CALL_T012_001442,1,COMBINED_REPAIRED_GEOMETRY_FINAL_VERIFICATION,2011-02-06 00:00:00,E0016,CAL_008512,5.5,-799.459412399346,3319.24532630114,FLAT_START,CONVERGED_FEASIBLE,CONVERGED,PASSED,0.963278093638027,18,1.04984560446831,30,1.58512056498203e-14,1.93622895494627e-13,24,26,0.136
ATT_T012_001443_1,CALL_T012_001443,1,COMBINED_REPAIRED_GEOMETRY_FINAL_VERIFICATION,2011-02-06 00:00:00,E0016,CAL_008513,5.5,-831.307346285229,3335.91286173424,FLAT_START,CONVERGED_FEASIBLE,CONVERGED,PASSED,0.961891787750755,18,1.0498405151018,30,1.64986761925866e-14,2.02282635086704e-13,24,26,0.1323
ATT_T012_001444_1,CALL_T012_001444,1,COMBINED_REPAIRED_GEOMETRY_FINAL_VERIFICATION,2011-02-06 00:00:00,E0017,CAL_008514,6.25,-863.269558913477,3351.60751384611,FLAT_START,CONVERGED_FEASIBLE,CONVERGED,PASSED,0.960482144569195,18,1.04980592799119,30,1.71589979494233e-14,2.1183055309848e-13,24,26,0.1379
ATT_T012_001445_1,CALL_T012_001445,1,COMBINED_REPAIRED_GEOMETRY_FINAL_VERIFICATION,2011-02-06 00:00:00,E0017,CAL_008515,6.25,-897.049947715613,3370.10554728679,FLAT_START,CONVERGED_FEASIBLE,CONVERGED,PASSED,0.959008322598206,18,1.04981814802745,30,1.80295711959471e-14,2.24709140184132e-13,24,26,0.1333
ATT_T012_001446_1,CALL_T012_001446,1,COMBINED_REPAIRED_GEOMETRY_FINAL_VERIFICATION,2011-02-06 00:00:00,E0017,CAL_008516,6.25,-931.727388632335,3389.09480361157,FLAT_START,CONVERGED_FEASIBLE,CONVERGED,PASSED,0.957488147698502,18,1.04982835618845,30,1.88737914186277e-14,2.48689957516035e-13,24,26,0.133
ATT_T012_001447_1,CALL_T012_001447,1,COMBINED_REPAIRED_GEOMETRY_FINAL_VERIFICATION,2011-02-06 00:00:00,E0017,CAL_008517,6.25,-967.34359238944,3408.59812348121,FLAT_START,CONVERGED_FEASIBLE,CONVERGED,PASSED,0.955919121763282,18,1.04983635326653,30,1.99032492385078e-14,2.77333711551364e-13,24,26,0.131
ATT_T012_001448_1,CALL_T012_001448,1,COMBINED_REPAIRED_GEOMETRY_FINAL_VERIFICATION,2011-02-06 00:00:00,E0017,CAL_008518,6.25,-1003.94285305296,3428.63976218535,FLAT_START,CONVERGED_FEASIBLE,CONVERGED,PASSED,0.954298563408944,18,1.04984191913088,30,2.1316282072803e-14,3.10418357685194e-13,24,26,0.1356
ATT_T012_001449_1,CALL_T012_001449,1,COMBINED_REPAIRED_GEOMETRY_FINAL_VERIFICATION,2011-02-06 00:00:00,E0017,CAL_008519,6.25,-1041.5722521332,3449.24550140925,FLAT_START,CONVERGED_FEASIBLE,CONVERGED,PASSED,0.952623590579611,18,1.04984481021943,30,2.35367281220533e-14,3.49720252756924e-13,24,26,0.1325
ATT_T012_001450_1,CALL_T012_001450,1,COMBINED_REPAIRED_GEOMETRY_FINAL_VERIFICATION,2011-02-06 00:00:00,E0017,CAL_008520,6.25,-1080.28188233319,3470.44277175773,FLAT_START,CONVERGED_FEASIBLE,CONVERGED,PASSED,0.950891101103208,18,1.04984475668165,30,2.53130849614536e-14,3.96460642093643e-13,24,26,0.131
ATT_T012_001451_1,CALL_T012_001451,1,COMBINED_REPAIRED_GEOMETRY_FINAL_VERIFICATION,2011-02-06 00:00:00,E0017,CAL_008521,6.25,-1120.1250931849,3492.26078726477,FLAT_START,CONVERGED_FEASIBLE,CONVERGED,PASSED,0.949097750907454,18,1.0498414591159,30,2.8199664825479e-14,4.52082815627364e-13,24,26,0.1665
ATT_T012_001452_1,CALL_T012_001452,1,COMBINED_REPAIRED_GEOMETRY_FINAL_VERIFICATION,2011-02-06 00:00:00,E0017,CAL_008522,6.25,-1161.15876111323,3514.7306932797,FLAT_START,CONVERGED_FEASIBLE,CONVERGED,PASSED,0.947239929554959,18,1.04983458483476,30,1.17683640610267e-14,5.70432590052405e-13,24,27,0.1342
ATT_T012_001453_1,CALL_T012_001453,1,COMBINED_REPAIRED_GEOMETRY_FINAL_VERIFICATION,2011-02-06 00:00:00,E0017,CAL_008523,6.25,-1203.44358680992,3537.88572930821,FLAT_START,CONVERGED_FEASIBLE,CONVERGED,PASSED,0.94531373269805,18,1.04982376357926,30,1.33226762955019e-14,6.59472476627343e-13,24,27,0.1347
ATT_T012_001454_1,CALL_T012_001454,1,COMBINED_REPAIRED_GEOMETRY_FINAL_VERIFICATION,2011-02-06 00:00:00,E0018,CAL_008524,14.5,-1247.04442318939,3561.76140859992,FLAT_START,CONVERGED_FEASIBLE,CONVERGED,PASSED,0.943314930982398,18,1.04980858258681,30,1.46549439250521e-14,7.66942065411058e-13,24,27,0.1426
ATT_T012_001455_1,CALL_T012_001455,1,COMBINED_REPAIRED_GEOMETRY_FINAL_VERIFICATION,2011-02-06 00:00:00,E0018,CAL_008525,14.5,-1247.04442319208,3561.76140859754,FLAT_START,CONVERGED_FEASIBLE,CONVERGED,PASSED,0.943314930982228,18,1.0498085825867,30,1.4432899320127e-14,7.66608998503671e-13,24,27,0.1358
ATT_T012_001456_1,CALL_T012_001456,1,COMBINED_REPAIRED_GEOMETRY_FINAL_VERIFICATION,2011-02-06 00:00:00,E0018,CAL_008526,14.5,-1267.2294002125,3543.89051797125,FLAT_START,CONVERGED_FEASIBLE,CONVERGED,PASSED,0.942035032205418,18,1.04903217862391,30,1.48769885299771e-14,8.17013123821653e-13,24,27,15.1129
ATT_T012_001457_1,CALL_T012_001457,1,COMBINED_REPAIRED_GEOMETRY_FINAL_VERIFICATION,2011-02-06 00:00:00,E0018,CAL_008527,14.5,-1287.46958067739,3525.97075264388,FLAT_START,CONVERGED_FEASIBLE,CONVERGED,PASSED,0.940747404493077,18,1.0482517307074,30,1.53210777398272e-14,8.73301431170148e-13,24,27,0.1759
ATT_T012_001458_1,CALL_T012_001458,1,COMBINED_REPAIRED_GEOMETRY_FINAL_VERIFICATION,2011-02-06 00:00:00,E0018,CAL_008528,14.5,-1307.76828718354,3507.9991709344,FLAT_START,CONVERGED_FEASIBLE,CONVERGED,PASSED,0.939451762070303,18,1.04746707980671,30,1.57651669496772e-14,9.34918809036844e-13,24,27,0.1548
ATT_T012_001459_1,CALL_T012_001459,1,COMBINED_REPAIRED_GEOMETRY_FINAL_VERIFICATION,2011-02-06 00:00:00,E0018,CAL_008529,14.5,-1328.12887945404,3489.9727982918,FLAT_START,CONVERGED_FEASIBLE,CONVERGED,PASSED,0.938147812589258,18,1.04667806366262,30,1.68753899743024e-14,1.00230934663159e-12,24,27,0.1323
ATT_T012_001460_1,CALL_T012_001460,1,COMBINED_REPAIRED_GEOMETRY_FINAL_VERIFICATION,2011-02-06 00:00:00,E0018,CAL_008530,14.5,-1348.55475664224,3471.88862525524,FLAT_START,CONVERGED_FEASIBLE,CONVERGED,PASSED,0.936835256818417,18,1.04588451663254,30,1.75415237890775e-14,1.07669428928148e-12,24,27,0.1321
ATT_T012_001461_1,CALL_T012_001461,1,COMBINED_REPAIRED_GEOMETRY_FINAL_VERIFICATION,2011-02-06 00:00:00,E0018,CAL_008531,14.5,-1369.0493596898,3453.74360536636,FLAT_START,CONVERGED_FEASIBLE,CONVERGED,PASSED,0.935513788318078,18,1.04508626952975,30,1.86517468137026e-14,3.93463039927155e-13,25,27,0.1424
ATT_T012_001462_1,CALL_T012_001462,1,COMBINED_REPAIRED_GEOMETRY_FINAL_VERIFICATION,2011-02-06 00:00:00,E0018,CAL_008532,14.5,-1389.61617374262,3435.53465303032,FLAT_START,CONVERGED_FEASIBLE,CONVERGED,PASSED,0.934183093101256,18,1.044283149456,30,1.99840144432528e-14,4.24660306919122e-13,25,27,0.1344
ATT_T012_001463_1,CALL_T012_001463,1,COMBINED_REPAIRED_GEOMETRY_FINAL_VERIFICATION,2011-02-06 00:00:00,E0018,CAL_008533,14.5,-1410.25873062821,3417.2586413224,FLAT_START,CONVERGED_FEASIBLE,CONVERGED,PASSED,0.932842849279067,18,1.04347497962716,30,2.17603712826531e-14,4.5985437679974e-13,25,27,0.1322
ATT_T012_001464_1,CALL_T012_001464,1,COMBINED_REPAIRED_GEOMETRY_FINAL_VERIFICATION,2011-02-06 00:00:00,E0018,CAL_008534,14.5,-1430.98061139857,3398.91239973672,FLAT_START,CONVERGED_FEASIBLE,CONVERGED,PASSED,0.931492726689609,18,1.04266157919138,30,2.39808173319034e-14,4.98379115754233e-13,25,27,0.1549
ATT_T012_001465_1,CALL_T012_001465,1,COMBINED_REPAIRED_GEOMETRY_FINAL_VERIFICATION,2011-02-06 00:00:00,E0018,CAL_008535,14.5,-1451.78544894238,3380.49271187347,FLAT_START,CONVERGED_FEASIBLE,CONVERGED,PASSED,0.930132386509296,18,1.04184276303941,30,2.64233079860787e-14,5.41233724504764e-13,25,27,0.137
ATT_T012_001466_1,CALL_T012_001466,1,COMBINED_REPAIRED_GEOMETRY_FINAL_VERIFICATION,2011-02-06 00:00:00,E0018,CAL_008536,14.5,-1472.67693067097,3361.99631306088,FLAT_START,CONVERGED_FEASIBLE,CONVERGED,PASSED,0.928761480845544,18,1.04101834160656,30,2.91988655476416e-14,5.87974113841483e-13,25,27,0.1343
ATT_T012_001467_1,CALL_T012_001467,1,COMBINED_REPAIRED_GEOMETRY_FINAL_VERIFICATION,2011-02-06 00:00:00,E0018,CAL_008537,14.5,-1493.6588012823,3343.41988790813,FLAT_START,CONVERGED_FEASIBLE,CONVERGED,PASSED,0.927379652309579,18,1.04018812066574,30,3.2085445411667e-14,6.40487662906253e-13,25,27,0.1436
ATT_T012_001468_1,CALL_T012_001468,1,COMBINED_REPAIRED_GEOMETRY_FINAL_VERIFICATION,2011-02-06 00:00:00,E0018,CAL_008538,14.5,-1514.7348656075,3324.76006778512,FLAT_START,CONVERGED_FEASIBLE,CONVERGED,PASSED,0.925986533568117,18,1.03935190111105,30,3.530509218308e-14,6.98552327094148e-13,25,27,0.1373
ATT_T012_001469_1,CALL_T012_001469,1,COMBINED_REPAIRED_GEOMETRY_FINAL_VERIFICATION,2011-02-06 00:00:00,E0018,CAL_008539,14.5,-1535.908991545,3306.01342822474,FLAT_START,CONVERGED_FEASIBLE,CONVERGED,PASSED,0.924581746872437,18,1.03850947873138,30,1.47659662275146e-14,8.42992342597881e-13,25,28,0.1386
ATT_T012_001470_1,CALL_T012_001470,1,COMBINED_REPAIRED_GEOMETRY_FINAL_VERIFICATION,2011-02-06 00:00:00,E0018,CAL_008540,14.5,-1557.18511308703,3287.17648624336,FLAT_START,CONVERGED_FEASIBLE,CONVERGED,PASSED,0.923164903563843,18,1.03766064397335,30,1.65423230669148e-14,9.22484311161043e-13,25,28,0.1406
ATT_T012_001471_1,CALL_T012_001471,1,COMBINED_REPAIRED_GEOMETRY_FINAL_VERIFICATION,2011-02-06 00:00:00,E0018,CAL_008541,14.5,-1578.56723344389,3268.24569757469,FLAT_START,CONVERGED_FEASIBLE,CONVERGED,PASSED,0.92173560355278,18,1.03680518169277,30,1.82076576038526e-14,1.01108010852613e-12,25,28,0.1608
ATT_T012_001472_1,CALL_T012_001472,1,COMBINED_REPAIRED_GEOMETRY_FINAL_VERIFICATION,2011-02-06 00:00:00,E0018,CAL_008542,14.5,-1600.05942827147,3249.21745381232,FLAT_START,CONVERGED_FEASIBLE,CONVERGED,PASSED,0.920293434771392,18,1.03594287089419,30,2.02060590481778e-14,1.10944586850792e-12,25,28,0.1349
ATT_T012_001473_1,CALL_T012_001473,1,COMBINED_REPAIRED_GEOMETRY_FINAL_VERIFICATION,2011-02-06 00:00:00,E0018,CAL_008543,14.5,-1621.66584900781,3230.08807945564,FLAT_START,CONVERGED_FEASIBLE,CONVERGED,PASSED,0.918837972596585,18,1.03507348445754,30,2.25375273998907e-14,1.2188028364335e-12,25,28,0.1377
ATT_T012_001474_1,CALL_T012_001474,1,COMBINED_REPAIRED_GEOMETRY_FINAL_VERIFICATION,2011-02-06 00:00:00,E0018,CAL_008544,14.5,-1643.39072632479,3210.85382885389,FLAT_START,CONVERGED_FEASIBLE,CONVERGED,PASSED,0.917368779242035,18,1.03419678885109,30,2.50910403565285e-14,4.67070826459803e-13,26,28,0.1414
ATT_T012_001475_1,CALL_T012_001475,1,COMBINED_REPAIRED_GEOMETRY_FINAL_VERIFICATION,2011-02-06 00:00:00,E0018,CAL_008545,14.5,-1665.2383737014,3191.51088304255,FLAT_START,CONVERGED_FEASIBLE,CONVERGED,PASSED,0.915885403116934,18,1.03331254382977,30,2.79776202205539e-14,5.1592063954331e-13,26,28,0.1387
ATT_T012_001476_1,CALL_T012_001476,1,COMBINED_REPAIRED_GEOMETRY_FINAL_VERIFICATION,2011-02-06 00:00:00,E0018,CAL_008546,14.5,-1687.21319112518,3172.05534646624,FLAT_START,CONVERGED_FEASIBLE,CONVERGED,PASSED,0.914387378149176,18,1.03242050211804,30,3.10862446895044e-14,5.70765656959793e-13,26,28,0.143
ATT_T012_001477_1,CALL_T012_001477,1,COMBINED_REPAIRED_GEOMETRY_FINAL_VERIFICATION,2011-02-06 00:00:00,E0018,CAL_008547,14.5,-1709.31966892902,3152.48324358174,FLAT_START,CONVERGED_FEASIBLE,CONVERGED,PASSED,0.912874223070472,18,1.0315204090761,30,3.47499806707674e-14,6.31938945616639e-13,26,28,0.1727
ATT_T012_001478_1,CALL_T012_001478,1,COMBINED_REPAIRED_GEOMETRY_FINAL_VERIFICATION,2011-02-06 00:00:00,E0018,CAL_008548,14.5,-1731.56239177078,3132.7905153347,FLAT_START,CONVERGED_FEASIBLE,CONVERGED,PASSED,0.911345440660704,18,1.03061200234845,30,3.88578058618805e-14,7.00661750840936e-13,26,28,0.1382
ATT_T012_001479_1,CALL_T012_001479,1,COMBINED_REPAIRED_GEOMETRY_FINAL_VERIFICATION,2011-02-06 00:00:00,E0018,CAL_008549,14.5,-1753.94604276352,3112.97301550285,FLAT_START,CONVERGED_FEASIBLE,CONVERGED,PASSED,0.909800516948596,18,1.02969501149348,30,4.34097202628436e-14,7.78155317959772e-13,26,28,0.1372
ATT_T012_001480_1,CALL_T012_001480,1,COMBINED_REPAIRED_GEOMETRY_FINAL_VERIFICATION,2011-02-06 00:00:00,E0018,CAL_008550,14.5,-1776.47540776465,3093.02650689858,FLAT_START,CONVERGED_FEASIBLE,CONVERGED,PASSED,0.908238920365438,18,1.02876915759288,30,1.89848137210902e-14,9.61120072417998e-13,26,29,0.1674
ATT_T012_001481_1,CALL_T012_001481,1,COMBINED_REPAIRED_GEOMETRY_FINAL_VERIFICATION,2011-02-06 00:00:00,E0018,CAL_008551,14.5,-1799.15537983283,3072.94665742302,FLAT_START,CONVERGED_FEASIBLE,CONVERGED,PASSED,0.90666010084898,18,1.02783415283952,30,2.14273043752655e-14,1.0706990849485e-12,26,29,0.1418
ATT_T012_001482_1,CALL_T012_001482,1,COMBINED_REPAIRED_GEOMETRY_FINAL_VERIFICATION,2011-02-06 00:00:00,E0018,CAL_008552,14.5,-1821.99096386172,3052.72903596352,FLAT_START,CONVERGED_FEASIBLE,CONVERGED,PASSED,0.905063488892405,18,1.02688970010197,30,2.40918396343659e-14,1.19415588528682e-12,26,29,0.1394
ATT_T012_001483_1,CALL_T012_001483,1,COMBINED_REPAIRED_GEOMETRY_FINAL_VERIFICATION,2011-02-06 00:00:00,E0018,CAL_008553,14.5,-1844.98728140043,3032.36910812581,FLAT_START,CONVERGED_FEASIBLE,CONVERGED,PASSED,0.903448494536098,18,1.02593549246449,30,2.72004641033163e-14,1.33337785257481e-12,26,29,0.1403
ATT_T012_001484_1,CALL_T012_001484,1,COMBINED_REPAIRED_GEOMETRY_FINAL_VERIFICATION,2011-02-06 00:00:00,E0018,CAL_008554,14.5,-1868.14957567106,3011.86223179172,FLAT_START,CONVERGED_FEASIBLE,CONVERGED,PASSED,0.901814506296495,18,1.02497121274026,30,3.06421554796543e-14,5.3357318563485e-13,27,29,0.1404
ATT_T012_001485_1,CALL_T012_001485,1,COMBINED_REPAIRED_GEOMETRY_FINAL_VERIFICATION,2011-02-06 00:00:00,E0019,CAL_008555,2.5,-1891.48321679327,2991.20365249356,FLAT_START,CONVERGED_FEASIBLE,CONVERGED,PASSED,0.900160890027744,18,1.02399653295628,30,3.46389583683049e-14,5.99409410995122e-13,27,29,0.1463
ATT_T012_001486_1,CALL_T012_001486,1,COMBINED_REPAIRED_GEOMETRY_FINAL_VERIFICATION,2011-02-06 00:00:00,E0019,CAL_008556,2.5,-1891.48321679285,2991.20365249172,FLAT_START,CONVERGED_FEASIBLE,CONVERGED,PASSED,0.900160890027744,18,1.02399653295623,30,3.47499806707674e-14,5.99187366390197e-13,27,29,0.1734
ATT_T012_001487_1,CALL_T012_001487,1,COMBINED_REPAIRED_GEOMETRY_FINAL_VERIFICATION,2011-02-06 00:00:00,E0019,CAL_008557,2.5,-1878.74152404534,2935.98179597969,FLAT_START,CONVERGED_FEASIBLE,CONVERGED,PASSED,0.90017213427842,18,1.02266785996651,30,3.33066907387547e-14,5.73430192218893e-13,27,29,0.1441
ATT_T012_001488_1,CALL_T012_001488,1,COMBINED_REPAIRED_GEOMETRY_FINAL_VERIFICATION,2011-02-06 00:00:00,E0019,CAL_008558,2.5,-1866.29016290188,2882.01822205988,FLAT_START,CONVERGED_FEASIBLE,CONVERGED,PASSED,0.900180345352539,18,1.02136458792828,30,3.15303338993544e-14,5.4900528567714e-13,27,29,0.1414
ATT_T012_001489_1,CALL_T012_001489,1,COMBINED_REPAIRED_GEOMETRY_FINAL_VERIFICATION,2011-02-06 00:00:00,E0019,CAL_008559,2.5,-1854.11748884777,2829.26246399035,FLAT_START,CONVERGED_FEASIBLE,CONVERGED,PASSED,0.900185706071759,18,1.02008579137419,30,3.03090885722668e-14,1.47137857453572e-12,26,29,0.1396
ATT_T012_001490_1,CALL_T012_001490,1,COMBINED_REPAIRED_GEOMETRY_FINAL_VERIFICATION,2011-02-06 00:00:00,E0019,CAL_008560,2.5,-1842.21245591858,2777.66664911596,FLAT_START,CONVERGED_FEASIBLE,CONVERGED,PASSED,0.900188386375737,18,1.01883058731035,30,2.90878432451791e-14,1.41364697725521e-12,26,29,0.1424
ATT_T012_001491_1,CALL_T012_001491,1,COMBINED_REPAIRED_GEOMETRY_FINAL_VERIFICATION,2011-02-06 00:00:00,E0019,CAL_008561,2.5,-1830.56457840507,2727.18533289945,FLAT_START,CONVERGED_FEASIBLE,CONVERGED,PASSED,0.90018854434337,18,1.01759813275702,30,2.77555756156289e-14,1.35957911595597e-12,26,29,0.14
ATT_T012_001492_1,CALL_T012_001492,1,COMBINED_REPAIRED_GEOMETRY_FINAL_VERIFICATION,2011-02-06 00:00:00,E0019,CAL_008562,2.5,-1819.16389545533,2677.77534550879,FLAT_START,CONVERGED_FEASIBLE,CONVERGED,PASSED,0.900186327122082,18,1.01638762245772,30,2.65343302885412e-14,1.30895294603306e-12,26,29,0.1396
ATT_T012_001493_1,CALL_T012_001493,1,COMBINED_REPAIRED_GEOMETRY_FINAL_VERIFICATION,2011-02-06 00:00:00,E0019,CAL_008563,2.5,-1808.00093832131,2629.39564986549,FLAT_START,CONVERGED_FEASIBLE,CONVERGED,PASSED,0.900181871774427,18,1.01519828674333,30,2.55351295663786e-14,1.26110233367172e-12,26,29,0.1623
ATT_T012_001494_1,CALL_T012_001494,1,COMBINED_REPAIRED_GEOMETRY_FINAL_VERIFICATION,2011-02-06 00:00:00,E0019,CAL_008564,2.5,-1797.06670002211,2582.00721016662,FLAT_START,CONVERGED_FEASIBLE,CONVERGED,PASSED,0.900175306050226,18,1.01402938953912,30,2.46469511466785e-14,1.21580523426701e-12,26,29,0.1406
ATT_T012_001495_1,CALL_T012_001495,1,COMBINED_REPAIRED_GEOMETRY_FINAL_VERIFICATION,2011-02-06 00:00:00,E0019,CAL_008565,2.5,-1786.35260721824,2535.57286998936,FLAT_START,CONVERGED_FEASIBLE,CONVERGED,PASSED,0.900166749091588,18,1.01288022650367,30,2.36477504245158e-14,1.17372778163372e-12,26,29,0.1433
ATT_T012_001496_1,CALL_T012_001496,1,COMBINED_REPAIRED_GEOMETRY_FINAL_VERIFICATION,2011-02-06 00:00:00,E0020,CAL_008566,2.5,-1775.85049411186,2490.05723917594,FLAT_START,CONVERGED_FEASIBLE,CONVERGED,PASSED,0.900156312077325,18,1.01175012328961,30,2.28705943072782e-14,1.13398179735213e-12,26,29,0.1411
ATT_T012_001497_1,CALL_T012_001497,1,COMBINED_REPAIRED_GEOMETRY_FINAL_VERIFICATION,2011-02-06 00:00:00,E0020,CAL_008567,2.5,-1775.8504941109,2490.05723917193,FLAT_START,CONVERGED_FEASIBLE,CONVERGED,PASSED,0.900156312077326,18,1.01175012328951,30,2.27595720048157e-14,1.13353770814228e-12,26,29,0.1403
ATT_T012_001498_1,CALL_T012_001498,1,COMBINED_REPAIRED_GEOMETRY_FINAL_VERIFICATION,2011-02-06 00:00:00,E0020,CAL_008568,2.5,-1764.71908452832,2443.4502343428,FLAT_START,CONVERGED_FEASIBLE,CONVERGED,PASSED,0.900165645668665,18,1.01059559130495,30,2.18713935851156e-14,1.09223741162623e-12,26,29,0.1391
ATT_T012_001499_1,CALL_T012_001499,1,COMBINED_REPAIRED_GEOMETRY_FINAL_VERIFICATION,2011-02-06 00:00:00,E0020,CAL_008569,2.5,-1753.80485706801,2397.75256701909,FLAT_START,CONVERGED_FEASIBLE,CONVERGED,PASSED,0.900172680217408,18,1.00945982975694,30,2.1094237467878e-14,1.05337960576435e-12,26,29,0.1635
ATT_T012_001500_1,CALL_T012_001500,1,COMBINED_REPAIRED_GEOMETRY_FINAL_VERIFICATION,2011-02-06 00:00:00,E0020,CAL_008570,2.5,-1743.09990239371,2352.93112095703,FLAT_START,CONVERGED_FEASIBLE,CONVERGED,PASSED,0.900177534543734,18,1.0083422078715,30,2.03170813506404e-14,1.01718633516157e-12,26,29,0.1388
ATT_T012_001501_1,CALL_T012_001501,1,COMBINED_REPAIRED_GEOMETRY_FINAL_VERIFICATION,2011-02-06 00:00:00,E0020,CAL_008571,2.5,-1732.59667416874,2308.9542997853,FLAT_START,CONVERGED_FEASIBLE,CONVERGED,PASSED,0.900180319955271,18,1.00724212073811,30,1.94289029309402e-14,9.82547376793264e-13,26,29,0.1384
ATT_T012_001502_1,CALL_T012_001502,1,COMBINED_REPAIRED_GEOMETRY_FINAL_VERIFICATION,2011-02-06 00:00:00,E0020,CAL_008572,2.5,-1722.2879681421,2265.79193943898,FLAT_START,CONVERGED_FEASIBLE,CONVERGED,PASSED,0.900181140778659,18,1.0061589879506,30,1.88737914186277e-14,9.49351708356971e-13,26,29,0.1408
ATT_T012_001503_1,CALL_T012_001503,1,COMBINED_REPAIRED_GEOMETRY_FINAL_VERIFICATION,2011-02-06 00:00:00,E0020,CAL_008573,2.5,-1712.16690265774,2223.41522655229,FLAT_START,CONVERGED_FEASIBLE,CONVERGED,PASSED,0.900180094848121,18,1.00509225233221,30,1.80966353013901e-14,9.18487508272392e-13,26,29,0.1431
ATT_T012_001504_1,CALL_T012_001504,1,COMBINED_REPAIRED_GEOMETRY_FINAL_VERIFICATION,2011-02-06 00:00:00,E0020,CAL_008574,2.5,-1702.22690047513,2181.79662234142,FLAT_START,CONVERGED_FEASIBLE,CONVERGED,PASSED,0.900177273955057,18,1.00404137873852,30,4.47419878923938e-14,8.005818230572e-13,26,28,0.1389
ATT_T012_001505_1,CALL_T012_001505,1,COMBINED_REPAIRED_GEOMETRY_FINAL_VERIFICATION,2011-02-06 00:00:00,E0020,CAL_008575,2.5,-1692.46167179905,2140.90979155085,FLAT_START,CONVERGED_FEASIBLE,CONVERGED,PASSED,0.900172764261598,18,1.0030058529329,30,4.29656310529936e-14,7.76156916515447e-13,26,28,0.1628
ATT_T012_001506_1,CALL_T012_001506,1,COMBINED_REPAIRED_GEOMETRY_FINAL_VERIFICATION,2011-02-06 00:00:00,E0020,CAL_008576,2.5,-1682.86519842576,2100.72953607351,FLAT_START,CONVERGED_FEASIBLE,CONVERGED,PASSED,0.900166646682634,18,1.00198518052942,30,4.17443857259059e-14,7.52176099183544e-13,26,28,0.1376
ATT_T012_001507_1,CALL_T012_001507,1,COMBINED_REPAIRED_GEOMETRY_FINAL_VERIFICATION,2011-02-06 00:00:00,E0021,CAL_008577,2.5,-1673.41067434923,2061.21761400837,FLAT_START,CONVERGED_FEASIBLE,CONVERGED,PASSED,0.900160023965962,18,1.00097882924559,30,4.05231403988182e-14,7.29638571783653e-13,26,28,0.1382
ATT_T012_001508_1,CALL_T012_001508,1,COMBINED_REPAIRED_GEOMETRY_FINAL_VERIFICATION,2011-02-06 00:00:00,E0021,CAL_008578,2.5,-1673.41067434825,2061.21761400436,FLAT_START,CONVERGED_FEASIBLE,CONVERGED,PASSED,0.900160023965963,18,1.00097882924549,30,4.03010957938932e-14,7.2952754948119e-13,26,28,0.1377
ATT_T012_001509_1,CALL_T012_001509,1,COMBINED_REPAIRED_GEOMETRY_FINAL_VERIFICATION,2011-02-06 00:00:00,E0021,CAL_008579,2.5,-1663.95575853332,2022.70305134549,FLAT_START,CONVERGED_FEASIBLE,CONVERGED,PASSED,0.900165918485961,18,1,1,3.90798504668055e-14,7.0743411129115e-13,26,28,0.1377
ATT_T012_001510_1,CALL_T012_001510,1,COMBINED_REPAIRED_GEOMETRY_FINAL_VERIFICATION,2011-02-06 00:00:00,E0021,CAL_008580,2.5,-1654.65861646777,1984.83117943873,FLAT_START,CONVERGED_FEASIBLE,CONVERGED,PASSED,0.900170180081618,18,1,1,3.77475828372553e-14,6.86672940730659e-13,26,28,0.1377
ATT_T012_001511_1,CALL_T012_001511,1,COMBINED_REPAIRED_GEOMETRY_FINAL_VERIFICATION,2011-02-06 00:00:00,E0021,CAL_008581,2.5,-1645.51395043103,1947.58041804003,FLAT_START,CONVERGED_FEASIBLE,CONVERGED,PASSED,0.900172881427366,18,1,1,3.64153152077051e-14,6.67133015497257e-13,26,28,0.156
ATT_T012_001512_1,CALL_T012_001512,1,COMBINED_REPAIRED_GEOMETRY_FINAL_VERIFICATION,2011-02-06 00:00:00,E0021,CAL_008582,2.5,-1636.51668076769,1910.93007519293,FLAT_START,CONVERGED_FEASIBLE,CONVERGED,PASSED,0.900174091006718,18,1,1,3.5527136788005e-14,6.48148201776166e-13,26,28,0.1386
ATT_T012_001513_1,CALL_T012_001513,1,COMBINED_REPAIRED_GEOMETRY_FINAL_VERIFICATION,2011-02-06 00:00:00,E0021,CAL_008583,2.5,-1627.66193446323,1874.86030069179,FLAT_START,CONVERGED_FEASIBLE,CONVERGED,PASSED,0.900173873378811,18,1,1,3.45279360658424e-14,6.29940544172314e-13,26,28,0.1366
ATT_T012_001514_1,CALL_T012_001514,1,COMBINED_REPAIRED_GEOMETRY_FINAL_VERIFICATION,2011-02-06 00:00:00,E0021,CAL_008584,2.5,-1618.94503442385,1839.35204241327,FLAT_START,CONVERGED_FEASIBLE,CONVERGED,PASSED,0.900172289425394,18,1,1,3.36397576461422e-14,6.12621064988161e-13,26,28,0.1376
ATT_T012_001515_1,CALL_T012_001515,1,COMBINED_REPAIRED_GEOMETRY_FINAL_VERIFICATION,2011-02-06 00:00:00,E0021,CAL_008585,2.5,-1610.3614894101,1804.38700531105,FLAT_START,CONVERGED_FEASIBLE,CONVERGED,PASSED,0.9001693965799,18,1,1,3.25295346215171e-14,5.96300786526172e-13,26,28,0.1386
ATT_T012_001516_1,CALL_T012_001516,1,COMBINED_REPAIRED_GEOMETRY_FINAL_VERIFICATION,2011-02-06 00:00:00,E0021,CAL_008586,2.5,-1601.90698457815,1769.94761288558,FLAT_START,CONVERGED_FEASIBLE,CONVERGED,PASSED,0.900165249040036,18,1,1,3.1641356201817e-14,5.80313574971569e-13,26,28,0.1363
ATT_T012_001517_1,CALL_T012_001517,1,COMBINED_REPAIRED_GEOMETRY_FINAL_VERIFICATION,2011-02-06 00:00:00,E0021,CAL_008587,2.5,-1593.577372586,1736.01697095546,FLAT_START,CONVERGED_FEASIBLE,CONVERGED,PASSED,0.900159897965212,18,1,1,3.06421554796543e-14,5.65436586441592e-13,26,28,0.1362
ATT_T012_001518_1,CALL_T012_001518,1,COMBINED_REPAIRED_GEOMETRY_FINAL_VERIFICATION,2011-02-06 00:00:00,E0021,CAL_008588,2.5,-1585.36866522568,1702.57883357104,FLAT_START,CONVERGED_FEASIBLE,CONVERGED,PASSED,0.90015339166003,18,1,1,2.98649993624167e-14,5.5122573172639e-13,26,28,0.1584
ATT_T012_001519_1,CALL_T012_001519,1,COMBINED_REPAIRED_GEOMETRY_FINAL_VERIFICATION,2011-02-06 00:00:00,E0022,CAL_008589,2.5,-1585.3686652242,1702.57883356504,FLAT_START,CONVERGED_FEASIBLE,CONVERGED,PASSED,0.900153391660028,18,1,1,2.97539770599542e-14,5.5122573172639e-13,26,28,0.1387
ATT_T012_001520_1,CALL_T012_001520,1,COMBINED_REPAIRED_GEOMETRY_FINAL_VERIFICATION,2011-02-06 00:00:00,E0022,CAL_008590,2.5,-1576.96132971015,1669.24326975284,FLAT_START,CONVERGED_FEASIBLE,CONVERGED,PASSED,0.900158639378121,18,1,1,2.87547763377916e-14,5.36570787801338e-13,26,28,0.1525
ATT_T012_001521_1,CALL_T012_001521,1,COMBINED_REPAIRED_GEOMETRY_FINAL_VERIFICATION,2011-02-06 00:00:00,E0022,CAL_008591,2.5,-1568.67385464852,1636.38295945631,FLAT_START,CONVERGED_FEASIBLE,CONVERGED,PASSED,0.900162598738902,18,1,1,2.8199664825479e-14,5.22915044598449e-13,26,28,0.1363
ATT_T012_001522_1,CALL_T012_001522,1,COMBINED_REPAIRED_GEOMETRY_FINAL_VERIFICATION,2011-02-06 00:00:00,E0022,CAL_008592,2.5,-1560.50245923545,1603.98291157292,FLAT_START,CONVERGED_FEASIBLE,CONVERGED,PASSED,0.900165318680566,18,1,1,2.72004641033163e-14,5.09481346000484e-13,26,28,0.1427
ATT_T012_001523_1,CALL_T012_001523,1,COMBINED_REPAIRED_GEOMETRY_FINAL_VERIFICATION,2011-02-06 00:00:00,E0022,CAL_008593,2.5,-1552.44350272203,1572.02869032604,FLAT_START,CONVERGED_FEASIBLE,CONVERGED,PASSED,0.900166845534667,18,1,1,2.66453525910038e-14,4.96713781217295e-13,26,28,0.1496
ATT_T012_001524_1,CALL_T012_001524,1,COMBINED_REPAIRED_GEOMETRY_FINAL_VERIFICATION,2011-02-06 00:00:00,E0022,CAL_008594,2.5,-1544.49347766308,1540.50638849593,FLAT_START,CONVERGED_FEASIBLE,CONVERGED,PASSED,0.900167223175507,18,1,1,2.58681964737661e-14,4.84945417156268e-13,26,28,0.1656
ATT_T012_001525_1,CALL_T012_001525,1,COMBINED_REPAIRED_GEOMETRY_FINAL_VERIFICATION,2011-02-06 00:00:00,E0022,CAL_008595,2.5,-1536.64900354401,1509.40260214982,FLAT_START,CONVERGED_FEASIBLE,CONVERGED,PASSED,0.900166493159504,18,1,1,2.52020626589911e-14,4.72621941582929e-13,26,28,0.1433
ATT_T012_001526_1,CALL_T012_001526,1,COMBINED_REPAIRED_GEOMETRY_FINAL_VERIFICATION,2011-02-06 00:00:00,E0022,CAL_008596,2.5,-1528.90682076243,1478.70440677868,FLAT_START,CONVERGED_FEASIBLE,CONVERGED,PASSED,0.900164694855281,18,1,1,2.4535928844216e-14,4.61963800546528e-13,26,28,0.1407
ATT_T012_001527_1,CALL_T012_001527,1,COMBINED_REPAIRED_GEOMETRY_FINAL_VERIFICATION,2011-02-06 00:00:00,E0022,CAL_008597,2.5,-1521.26378494144,1448.3993347492,FLAT_START,CONVERGED_FEASIBLE,CONVERGED,PASSED,0.900161865565175,18,1,1,2.37587727269783e-14,4.50972592602739e-13,26,28,0.1365
ATT_T012_001528_1,CALL_T012_001528,1,COMBINED_REPAIRED_GEOMETRY_FINAL_VERIFICATION,2011-02-06 00:00:00,E0022,CAL_008598,2.5,-1513.71686155338,1418.47535398646,FLAT_START,CONVERGED_FEASIBLE,CONVERGED,PASSED,0.900158040638778,18,1,1,2.34257058195908e-14,4.40980585381112e-13,26,28,0.1392
ATT_T012_001529_1,CALL_T012_001529,1,COMBINED_REPAIRED_GEOMETRY_FINAL_VERIFICATION,2011-02-06 00:00:00,E0023,CAL_008599,2.5,-1506.26312083474,1388.92084781142,FLAT_START,CONVERGED_FEASIBLE,CONVERGED,PASSED,0.900153253579104,18,1,1,2.27595720048157e-14,1.24156240843831e-12,25,28,0.152
ATT_T012_001530_1,CALL_T012_001530,1,COMBINED_REPAIRED_GEOMETRY_FINAL_VERIFICATION,2011-02-06 00:00:00,E0023,CAL_008600,2.5,-1506.26312083406,1388.92084780878,FLAT_START,CONVERGED_FEASIBLE,CONVERGED,PASSED,0.900153253579104,18,1,1,2.27595720048157e-14,1.24178445304324e-12,25,28,0.1367
ATT_T012_001531_1,CALL_T012_001531,1,COMBINED_REPAIRED_GEOMETRY_FINAL_VERIFICATION,2011-02-06 00:00:00,E0023,CAL_008601,2.5,-1498.70500097004,1359.65241734629,FLAT_START,CONVERGED_FEASIBLE,CONVERGED,PASSED,0.90015768762781,18,1,1,2.20934381900406e-14,1.21413989973007e-12,25,28,0.1342
ATT_T012_001532_1,CALL_T012_001532,1,COMBINED_REPAIRED_GEOMETRY_FINAL_VERIFICATION,2011-02-06 00:00:00,E0023,CAL_008602,2.5,-1491.23828990402,1330.73796275296,FLAT_START,CONVERGED_FEASIBLE,CONVERGED,PASSED,0.900161085466622,18,1,1,2.16493489801906e-14,1.1873835248366e-12,25,28,0.1346
ATT_T012_001533_1,CALL_T012_001533,1,COMBINED_REPAIRED_GEOMETRY_FINAL_VERIFICATION,2011-02-06 00:00:00,E0023,CAL_008603,2.5,-1483.86022237899,1302.16677571322,FLAT_START,CONVERGED_FEASIBLE,CONVERGED,PASSED,0.90016348042431,18,1,1,2.12052597703405e-14,1.16129328375791e-12,25,28,0.1346
ATT_T012_001534_1,CALL_T012_001534,1,COMBINED_REPAIRED_GEOMETRY_FINAL_VERIFICATION,2011-02-06 00:00:00,E0023,CAL_008604,2.5,-1476.56812509981,1273.9285040291,FLAT_START,CONVERGED_FEASIBLE,CONVERGED,PASSED,0.900164904157282,18,1,1,2.05391259555654e-14,1.13709042182109e-12,25,28,0.1365
ATT_T012_001535_1,CALL_T012_001535,1,COMBINED_REPAIRED_GEOMETRY_FINAL_VERIFICATION,2011-02-06 00:00:00,E0023,CAL_008605,2.5,-1469.35941260224,1246.01313562333,FLAT_START,CONVERGED_FEASIBLE,CONVERGED,PASSED,0.90016538673586,18,1,1,2.02060590481778e-14,1.11288755988426e-12,25,28,0.1351
ATT_T012_001536_1,CALL_T012_001536,1,COMBINED_REPAIRED_GEOMETRY_FINAL_VERIFICATION,2011-02-06 00:00:00,E0023,CAL_008606,2.5,-1462.23158333448,1218.4109833652,FLAT_START,CONVERGED_FEASIBLE,CONVERGED,PASSED,0.900164956725182,18,1,1,1.96509475358653e-14,1.09012798787944e-12,25,28,0.1681
ATT_T012_001537_1,CALL_T012_001537,1,COMBINED_REPAIRED_GEOMETRY_FINAL_VERIFICATION,2011-02-06 00:00:00,E0023,CAL_008607,2.5,-1455.1822159382,1191.11267066913,FLAT_START,CONVERGED_FEASIBLE,CONVERGED,PASSED,0.900163641261126,18,1,1,1.92068583260152e-14,1.0680345496894e-12,25,28,0.1359
ATT_T012_001538_1,CALL_T012_001538,1,COMBINED_REPAIRED_GEOMETRY_FINAL_VERIFICATION,2011-02-06 00:00:00,E0023,CAL_008608,2.5,-1448.20896571722,1164.10911781972,FLAT_START,CONVERGED_FEASIBLE,CONVERGED,PASSED,0.900161466121571,18,1,1,1.87627691161651e-14,1.04705133452399e-12,25,28,0.1383
ATT_T012_001539_1,CALL_T012_001539,1,COMBINED_REPAIRED_GEOMETRY_FINAL_VERIFICATION,2011-02-06 00:00:00,E0023,CAL_008609,2.5,-1441.30956128253,1137.39152897987,FLAT_START,CONVERGED_FEASIBLE,CONVERGED,PASSED,0.900158455793321,18,1,1,1.83186799063151e-14,1.02595709705611e-12,25,28,0.1348
ATT_T012_001540_1,CALL_T012_001540,1,COMBINED_REPAIRED_GEOMETRY_FINAL_VERIFICATION,2011-02-06 00:00:00,E0023,CAL_008610,2.5,-1434.48180136333,1110.95137984158,FLAT_START,CONVERGED_FEASIBLE,CONVERGED,PASSED,0.900154633534971,18,1,1,1.7874590696465e-14,1.00619512721778e-12,25,28,0.1347
ATT_T012_001541_1,CALL_T012_001541,1,COMBINED_REPAIRED_GEOMETRY_FINAL_VERIFICATION,2011-02-06 00:00:00,E0024,CAL_008611,2.5,-1434.48180136231,1110.95137983762,FLAT_START,CONVERGED_FEASIBLE,CONVERGED,PASSED,0.900154633534971,18,1,1,1.7874590696465e-14,1.0064171718227e-12,25,28,0.1371
ATT_T012_001542_1,CALL_T012_001542,1,COMBINED_REPAIRED_GEOMETRY_FINAL_VERIFICATION,2011-02-06 00:00:00,E0024,CAL_008612,2.5,-1427.50242608326,1084.72681630747,FLAT_START,CONVERGED_FEASIBLE,CONVERGED,PASSED,0.900161893857872,18,1,1,1.75415237890775e-14,9.86433157379452e-13,25,28,0.1365
ATT_T012_001543_1,CALL_T012_001543,1,COMBINED_REPAIRED_GEOMETRY_FINAL_VERIFICATION,2011-02-06 00:00:00,E0024,CAL_008613,2.5,-1420.59430393219,1058.76998192308,FLAT_START,CONVERGED_FEASIBLE,CONVERGED,PASSED,0.900168251618747,18,1,1,1.70974345792274e-14,9.66893232146049e-13,25,28,0.1347
ATT_T012_001544_1,CALL_T012_001544,1,COMBINED_REPAIRED_GEOMETRY_FINAL_VERIFICATION,2011-02-06 00:00:00,E0024,CAL_008614,2.5,-1413.75531298487,1033.07290368765,FLAT_START,CONVERGED_FEASIBLE,CONVERGED,PASSED,0.90017373133478,18,1,1,1.68753899743024e-14,9.47908418424959e-13,25,28,0.1346
ATT_T012_001545_1,CALL_T012_001545,1,COMBINED_REPAIRED_GEOMETRY_FINAL_VERIFICATION,2011-02-06 00:00:00,E0024,CAL_008615,2.5,-1406.98339442848,1007.62784574155,FLAT_START,CONVERGED_FEASIBLE,CONVERGED,PASSED,0.90017835635249,18,1,1,1.64313007644523e-14,9.30033827728494e-13,25,28,0.1368
ATT_T012_001546_1,CALL_T012_001546,1,COMBINED_REPAIRED_GEOMETRY_FINAL_VERIFICATION,2011-02-06 00:00:00,E0024,CAL_008616,2.5,-1400.27654987375,982.427299262813,FLAT_START,CONVERGED_FEASIBLE,CONVERGED,PASSED,0.900182148901813,18,1,1,1.58761892521397e-14,9.12492303939416e-13,25,28,0.1346
ATT_T012_001547_1,CALL_T012_001547,1,COMBINED_REPAIRED_GEOMETRY_FINAL_VERIFICATION,2011-02-06 00:00:00,E0024,CAL_008617,2.5,-1393.63283879284,957.463972840104,FLAT_START,CONVERGED_FEASIBLE,CONVERGED,PASSED,0.900185130147029,18,1,1,1.58761892521397e-14,8.95505891662651e-13,25,28,0.1347
ATT_T012_001548_1,CALL_T012_001548,1,COMBINED_REPAIRED_GEOMETRY_FINAL_VERIFICATION,2011-02-06 00:00:00,E0024,CAL_008618,2.5,-1387.05037607675,932.730783295039,FLAT_START,CONVERGED_FEASIBLE,CONVERGED,PASSED,0.900187320234738,18,1,1,1.54321000422897e-14,8.79185613200661e-13,25,28,0.143
ATT_T012_001549_1,CALL_T012_001549,1,COMBINED_REPAIRED_GEOMETRY_FINAL_VERIFICATION,2011-02-06 00:00:00,E0024,CAL_008619,2.5,-1380.52732970572,908.220846928583,FLAT_START,CONVERGED_FEASIBLE,CONVERGED,PASSED,0.900188738339071,18,1,1,1.50990331349021e-14,8.63309423948522e-13,25,28,0.1685
ATT_T012_001550_1,CALL_T012_001550,1,COMBINED_REPAIRED_GEOMETRY_FINAL_VERIFICATION,2011-02-06 00:00:00,E0024,CAL_008620,2.5,-1374.06191852606,883.927471167795,FLAT_START,CONVERGED_FEASIBLE,CONVERGED,PASSED,0.900189402704298,18,1,1,1.47659662275146e-14,8.48099368511157e-13,25,28,0.1359
ATT_T012_001551_1,CALL_T012_001551,1,COMBINED_REPAIRED_GEOMETRY_FINAL_VERIFICATION,2011-02-06 00:00:00,E0024,CAL_008621,2.5,-1367.65241012766,859.844146590658,FLAT_START,CONVERGED_FEASIBLE,CONVERGED,PASSED,0.900189330684994,18,1,1,1.4432899320127e-14,8.33000335376255e-13,25,28,0.1355
ATT_T012_001552_1,CALL_T012_001552,1,COMBINED_REPAIRED_GEOMETRY_FINAL_VERIFICATION,2011-02-06 00:00:00,E0024,CAL_008622,2.5,-1361.29711881653,835.964539308093,FLAT_START,CONVERGED_FEASIBLE,CONVERGED,PASSED,0.900188538783911,18,1,1,1.40998324127395e-14,8.1867845835859e-13,25,28,0.1638
ATT_T012_001553_1,CALL_T012_001553,1,COMBINED_REPAIRED_GEOMETRY_FINAL_VERIFICATION,2011-02-06 00:00:00,E0024,CAL_008623,2.5,-1354.99440367723,812.282483683554,FLAT_START,CONVERGED_FEASIBLE,CONVERGED,PASSED,0.900187042687774,18,1,1,3.68594044175552e-14,7.29305504876265e-13,25,27,0.1336
ATT_T012_001554_1,CALL_T012_001554,1,COMBINED_REPAIRED_GEOMETRY_FINAL_VERIFICATION,2011-02-06 00:00:00,E0024,CAL_008624,2.5,-1348.74266672019,788.791975371747,FLAT_START,CONVERGED_FEASIBLE,CONVERGED,PASSED,0.900184857300654,18,1,1,3.61932706027801e-14,7.16982029302926e-13,25,27,0.133
ATT_T012_001555_1,CALL_T012_001555,1,COMBINED_REPAIRED_GEOMETRY_FINAL_VERIFICATION,2011-02-06 00:00:00,E0024,CAL_008625,2.5,-1342.54035110935,765.487164659139,FLAT_START,CONVERGED_FEASIBLE,CONVERGED,PASSED,0.900181996776199,18,1,1,3.54161144855425e-14,7.05657754451749e-13,25,27,0.1332
ATT_T012_001556_1,CALL_T012_001556,1,COMBINED_REPAIRED_GEOMETRY_FINAL_VERIFICATION,2011-02-06 00:00:00,E0024,CAL_008626,2.5,-1336.38593946581,742.362350089966,FLAT_START,CONVERGED_FEASIBLE,CONVERGED,PASSED,0.900178474547304,18,1,1,3.48610029732299e-14,6.93889390390723e-13,25,27,0.1356
ATT_T012_001557_1,CALL_T012_001557,1,COMBINED_REPAIRED_GEOMETRY_FINAL_VERIFICATION,2011-02-06 00:00:00,E0024,CAL_008627,2.5,-1330.27795224335,719.411972362363,FLAT_START,CONVERGED_FEASIBLE,CONVERGED,PASSED,0.90017430335445,18,1,1,3.40838468559923e-14,6.83120227051859e-13,25,27,0.1319
ATT_T012_001558_1,CALL_T012_001558,1,COMBINED_REPAIRED_GEOMETRY_FINAL_VERIFICATION,2011-02-06 00:00:00,E0024,CAL_008628,2.5,-1324.21494617198,696.630608480178,FLAT_START,CONVERGED_FEASIBLE,CONVERGED,PASSED,0.900169495272374,18,1,1,3.35287353436797e-14,6.7257310831792e-13,25,27,0.1335
ATT_T012_001559_1,CALL_T012_001559,1,COMBINED_REPAIRED_GEOMETRY_FINAL_VERIFICATION,2011-02-06 00:00:00,E0024,CAL_008629,2.5,-1318.19551276595,674.012966146829,FLAT_START,CONVERGED_FEASIBLE,CONVERGED,PASSED,0.900164061735223,18,1,1,3.29736238313671e-14,6.62581101096293e-13,25,27,0.1561
ATT_T012_001560_1,CALL_T012_001560,1,COMBINED_REPAIRED_GEOMETRY_FINAL_VERIFICATION,2011-02-06 00:00:00,E0024,CAL_008630,2.5,-1312.21827689276,651.553878388373,FLAT_START,CONVERGED_FEASIBLE,CONVERGED,PASSED,0.90015801356027,18,1,1,3.26405569239796e-14,6.52033982362354e-13,25,27,0.1332
ATT_T012_001561_1,CALL_T012_001561,1,COMBINED_REPAIRED_GEOMETRY_FINAL_VERIFICATION,2011-02-06 00:00:00,E0025,CAL_008631,2.5,-1306.28189539985,629.248298393655,FLAT_START,CONVERGED_FEASIBLE,CONVERGED,PASSED,0.900151360970283,18,1,1,3.1863400806742e-14,6.42486064350578e-13,25,27,0.137
ATT_T012_001562_1,CALL_T012_001562,1,COMBINED_REPAIRED_GEOMETRY_FINAL_VERIFICATION,2011-02-06 00:00:00,E0025,CAL_008632,2.5,-1300.63789994954,608.831064118688,FLAT_START,CONVERGED_FEASIBLE,CONVERGED,PASSED,0.900156656160819,18,1,1,3.13082892944294e-14,6.33049168641264e-13,25,27,0.1335
ATT_T012_001563_1,CALL_T012_001563,1,COMBINED_REPAIRED_GEOMETRY_FINAL_VERIFICATION,2011-02-06 00:00:00,E0025,CAL_008633,2.5,-1295.03196246522,588.551505080074,FLAT_START,CONVERGED_FEASIBLE,CONVERGED,PASSED,0.900161370458442,18,1,1,3.06421554796543e-14,6.23945339839338e-13,25,27,0.1333
ATT_T012_001564_1,CALL_T012_001564,1,COMBINED_REPAIRED_GEOMETRY_FINAL_VERIFICATION,2011-02-06 00:00:00,E0025,CAL_008634,2.5,-1289.46285394591,568.405175349217,FLAT_START,CONVERGED_FEASIBLE,CONVERGED,PASSED,0.9001655143416,18,1,1,3.03090885722668e-14,6.15174577944799e-13,25,27,0.1317
ATT_T012_001565_1,CALL_T012_001565,1,COMBINED_REPAIRED_GEOMETRY_FINAL_VERIFICATION,2011-02-06 00:00:00,E0025,CAL_008635,2.5,-1283.92937263386,548.387727550244,FLAT_START,CONVERGED_FEASIBLE,CONVERGED,PASSED,0.90016909777037,18,1,1,2.97539770599542e-14,6.07180972167498e-13,25,27,0.1551
ATT_T012_001566_1,CALL_T012_001566,1,COMBINED_REPAIRED_GEOMETRY_FINAL_VERIFICATION,2011-02-06 00:00:00,E0025,CAL_008636,2.5,-1278.43034288427,528.494908771246,FLAT_START,CONVERGED_FEASIBLE,CONVERGED,PASSED,0.900172130204434,18,1,1,2.93098878501041e-14,5.98743277180347e-13,25,27,0.1344
ATT_T012_001567_1,CALL_T012_001567,1,COMBINED_REPAIRED_GEOMETRY_FINAL_VERIFICATION,2011-02-06 00:00:00,E0025,CAL_008637,2.5,-1272.9646140779,508.722556630696,FLAT_START,CONVERGED_FEASIBLE,CONVERGED,PASSED,0.900174620620042,18,1,1,2.87547763377916e-14,5.90749671403046e-13,25,27,0.1391
ATT_T012_001568_1,CALL_T012_001568,1,COMBINED_REPAIRED_GEOMETRY_FINAL_VERIFICATION,2011-02-06 00:00:00,E0025,CAL_008638,2.5,-1267.53105957438,489.066595490962,FLAT_START,CONVERGED_FEASIBLE,CONVERGED,PASSED,0.900176577526033,18,1,1,2.8421709430404e-14,5.8297811023067e-13,25,27,0.1341
ATT_T012_001569_1,CALL_T012_001569,1,COMBINED_REPAIRED_GEOMETRY_FINAL_VERIFICATION,2011-02-06 00:00:00,E0025,CAL_008639,2.5,-1262.12857570405,469.523032811228,FLAT_START,CONVERGED_FEASIBLE,CONVERGED,PASSED,0.900178008978948,18,1,1,2.8199664825479e-14,5.75206549058294e-13,25,27,0.1359
ATT_T012_001570_1,CALL_T012_001570,1,COMBINED_REPAIRED_GEOMETRY_FINAL_VERIFICATION,2011-02-06 00:00:00,E0025,CAL_008640,2.5,-1256.75608079629,450.087955632557,FLAT_START,CONVERGED_FEASIBLE,CONVERGED,PASSED,0.900178922597282,18,1,1,2.76445533131664e-14,5.67768054793305e-13,25,27,0.1332
ATT_T012_001571_1,CALL_T012_001571,1,COMBINED_REPAIRED_GEOMETRY_FINAL_VERIFICATION,2011-02-06 00:00:00,E0025,CAL_008641,2.5,-1251.4125142425,430.757527188199,FLAT_START,CONVERGED_FEASIBLE,CONVERGED,PASSED,0.900179325574921,18,1,1,2.69784194983913e-14,5.60884672040629e-13,25,27,0.1334
ATT_T012_001572_1,CALL_T012_001572,1,COMBINED_REPAIRED_GEOMETRY_FINAL_VERIFICATION,2011-02-06 00:00:00,E0025,CAL_008642,2.5,-1246.09683559192,411.527983632598,FLAT_START,CONVERGED_FEASIBLE,CONVERGED,PASSED,0.900179224693791,18,1,1,2.67563748934663e-14,5.53668222380566e-13,25,27,0.1566
ATT_T012_001573_1,CALL_T012_001573,1,COMBINED_REPAIRED_GEOMETRY_FINAL_VERIFICATION,2011-02-06 00:00:00,E0025,CAL_008643,2.5,-1240.80802367848,392.395630882894,FLAT_START,CONVERGED_FEASIBLE,CONVERGED,PASSED,0.900178626335773,18,1,1,2.63122856836162e-14,5.47006884232815e-13,25,27,0.1341
ATT_T012_001574_1,CALL_T012_001574,1,COMBINED_REPAIRED_GEOMETRY_FINAL_VERIFICATION,2011-02-06 00:00:00,E0025,CAL_008644,2.5,-1235.54507577715,373.356841566991,FLAT_START,CONVERGED_FEASIBLE,CONVERGED,PASSED,0.900177536493894,18,1,1,2.59792187762287e-14,5.40456568387526e-13,25,27,0.1319
ATT_T012_001575_1,CALL_T012_001575,1,COMBINED_REPAIRED_GEOMETRY_FINAL_VERIFICATION,2011-02-06 00:00:00,E0025,CAL_008645,2.5,-1230.30700678823,354.408052072602,FLAT_START,CONVERGED_FEASIBLE,CONVERGED,PASSED,0.900175960782853,18,1,1,2.56461518688411e-14,5.340172748447e-13,25,27,0.1327
ATT_T012_001576_1,CALL_T012_001576,1,COMBINED_REPAIRED_GEOMETRY_FINAL_VERIFICATION,2011-02-06 00:00:00,E0025,CAL_008646,2.5,-1225.09284844801,335.545759691905,FLAT_START,CONVERGED_FEASIBLE,CONVERGED,PASSED,0.900173904448884,18,1,1,2.54241072639161e-14,5.27689003604337e-13,25,27,0.1356
ATT_T012_001577_1,CALL_T012_001577,1,COMBINED_REPAIRED_GEOMETRY_FINAL_VERIFICATION,2011-02-06 00:00:00,E0025,CAL_008647,2.5,-1219.90164856449,316.766519856726,FLAT_START,CONVERGED_FEASIBLE,CONVERGED,PASSED,0.900171372378998,18,1,1,2.4980018054066e-14,5.21693799271361e-13,25,27,0.1342
ATT_T012_001578_1,CALL_T012_001578,1,COMBINED_REPAIRED_GEOMETRY_FINAL_VERIFICATION,2011-02-06 00:00:00,E0025,CAL_008648,2.5,-1214.73247027678,298.066943459392,FLAT_START,CONVERGED_FEASIBLE,CONVERGED,PASSED,0.900168369109636,18,1,1,2.46469511466785e-14,5.15698594938385e-13,25,27,0.1542
ATT_T012_001579_1,CALL_T012_001579,1,COMBINED_REPAIRED_GEOMETRY_FINAL_VERIFICATION,2011-02-06 00:00:00,E0025,CAL_008649,2.5,-1209.58439133689,279.44369425463,FLAT_START,CONVERGED_FEASIBLE,CONVERGED,PASSED,0.900164898834735,18,1,1,2.43138842392909e-14,5.09925435210334e-13,25,27,0.1354
ATT_T012_001580_1,CALL_T012_001580,1,COMBINED_REPAIRED_GEOMETRY_FINAL_VERIFICATION,2011-02-06 00:00:00,E0025,CAL_008650,2.5,-1204.45650341274,260.893486338081,FLAT_START,CONVERGED_FEASIBLE,CONVERGED,PASSED,0.900160965413245,18,1,1,2.39808173319034e-14,5.04596364692134e-13,25,27,0.1346
ATT_T012_001581_1,CALL_T012_001581,1,COMBINED_REPAIRED_GEOMETRY_FINAL_VERIFICATION,2011-02-06 00:00:00,E0026,CAL_008651,2.75,-1199.34791141113,242.413081697362,FLAT_START,CONVERGED_FEASIBLE,CONVERGED,PASSED,0.900156572376121,18,1,1,2.37587727269783e-14,4.9960036108132e-13,25,27,0.135
ATT_T012_001582_1,CALL_T012_001582,1,COMBINED_REPAIRED_GEOMETRY_FINAL_VERIFICATION,2011-02-06 00:00:00,E0026,CAL_008652,2.75,-1192.78658958816,219.33676741692,FLAT_START,CONVERGED_FEASIBLE,CONVERGED,PASSED,0.900160713330934,18,1,1,2.32036612146658e-14,4.92050844513869e-13,25,27,0.1341
ATT_T012_001583_1,CALL_T012_001583,1,COMBINED_REPAIRED_GEOMETRY_FINAL_VERIFICATION,2011-02-06 00:00:00,E0026,CAL_008653,2.75,-1186.24904199379,196.34406762538,FLAT_START,CONVERGED_FEASIBLE,CONVERGED,PASSED,0.900164092263401,18,1,1,2.28705943072782e-14,4.85278484063656e-13,25,27,0.1479
ATT_T012_001584_1,CALL_T012_001584,1,COMBINED_REPAIRED_GEOMETRY_FINAL_VERIFICATION,2011-02-06 00:00:00,E0026,CAL_008654,2.75,-1179.73414919134,173.431045239182,FLAT_START,CONVERGED_FEASIBLE,CONVERGED,PASSED,0.900166715253801,18,1,1,2.24265050974282e-14,4.79061235125755e-13,25,27,0.1345
ATT_T012_001585_1,CALL_T012_001585,1,COMBINED_REPAIRED_GEOMETRY_FINAL_VERIFICATION,2011-02-06 00:00:00,E0026,CAL_008655,2.75,-1173.24080636787,150.593814606688,FLAT_START,CONVERGED_FEASIBLE,CONVERGED,PASSED,0.90016858786654,18,1,1,2.23154827949656e-14,4.72843986187854e-13,25,27,0.1367
ATT_T012_001586_1,CALL_T012_001586,1,COMBINED_REPAIRED_GEOMETRY_FINAL_VERIFICATION,2011-02-06 00:00:00,E0026,CAL_008656,2.75,-1166.76792255157,127.828538755858,FLAT_START,CONVERGED_FEASIBLE,CONVERGED,PASSED,0.900169715158862,18,1,1,2.19824158875781e-14,4.66737759552416e-13,25,27,0.1325
ATT_T012_001587_1,CALL_T012_001587,1,COMBINED_REPAIRED_GEOMETRY_FINAL_VERIFICATION,2011-02-06 00:00:00,E0026,CAL_008657,2.75,-1160.31441984847,105.131426709758,FLAT_START,CONVERGED_FEASIBLE,CONVERGED,PASSED,0.90017010168881,18,1,1,2.14273043752655e-14,4.60631532916977e-13,25,27,0.1425
ATT_T012_001588_1,CALL_T012_001588,1,COMBINED_REPAIRED_GEOMETRY_FINAL_VERIFICATION,2011-02-06 00:00:00,E0026,CAL_008658,2.75,-1153.87923269725,82.4987308655587,FLAT_START,CONVERGED_FEASIBLE,CONVERGED,PASSED,0.900169751522451,18,1,1,2.12052597703405e-14,4.54858373188927e-13,25,27,0.1321
ATT_T012_001589_1,CALL_T012_001589,1,COMBINED_REPAIRED_GEOMETRY_FINAL_VERIFICATION,2011-02-06 00:00:00,E0026,CAL_008659,2.75,-1147.46130714088,59.9267444330522,FLAT_START,CONVERGED_FEASIBLE,CONVERGED,PASSED,0.900168668240398,18,1,1,2.08721928629529e-14,4.49751347275651e-13,25,27,0.1331
ATT_T012_001590_1,CALL_T012_001590,1,COMBINED_REPAIRED_GEOMETRY_FINAL_VERIFICATION,2011-02-06 00:00:00,E0026,CAL_008660,2.75,-1141.05960011417,37.4117989288615,FLAT_START,CONVERGED_FEASIBLE,CONVERGED,PASSED,0.900166854943616,18,1,1,2.05391259555654e-14,4.44755343664838e-13,25,27,0.1334
ATT_T012_001591_1,CALL_T012_001591,1,COMBINED_REPAIRED_GEOMETRY_FINAL_VERIFICATION,2011-02-06 00:00:00,E0026,CAL_008661,2.75,-1134.67307874609,14.950261722631,FLAT_START,CONVERGED_FEASIBLE,CONVERGED,PASSED,0.900164314258563,18,1,1,2.03170813506404e-14,4.40092406961412e-13,25,27,0.154
ATT_T012_001592_1,CALL_T012_001592,1,COMBINED_REPAIRED_GEOMETRY_FINAL_VERIFICATION,2011-02-06 00:00:00,E0027,CAL_008662,2.75,-1130.63792158219,0.758524539545363,FLAT_START,CONVERGED_FEASIBLE,CONVERGED,PASSED,0.900162331122866,18,1,1,1.99840144432528e-14,4.36872760189999e-13,25,27,0.1347
ATT_T012_001593_1,CALL_T012_001593,1,COMBINED_REPAIRED_GEOMETRY_FINAL_VERIFICATION,2011-02-06 00:00:00,E0027,CAL_008663,2.75,-1128.18610884364,-7.70801746915756,FLAT_START,CONVERGED_FEASIBLE,CONVERGED,PASSED,0.900163511769029,18,1,1,1.98729921407903e-14,4.34985381048136e-13,25,27,0.1479
ATT_T012_001594_1,CALL_T012_001594,1,COMBINED_REPAIRED_GEOMETRY_FINAL_VERIFICATION,2011-02-06 00:00:00,E0027,CAL_008664,2.75,-1121.51557843696,-30.7425359788743,FLAT_START,CONVERGED_FEASIBLE,CONVERGED,PASSED,0.900166190575256,18,1,1,1.96509475358653e-14,4.30211422042248e-13,25,27,0.133
ATT_T012_001595_1,CALL_T012_001595,1,COMBINED_REPAIRED_GEOMETRY_FINAL_VERIFICATION,2011-02-06 00:00:00,E0027,CAL_008665,2.75,-1114.85854427407,-53.7304495774032,FLAT_START,CONVERGED_FEASIBLE,CONVERGED,PASSED,0.900168084247697,18,1,1,1.94289029309402e-14,4.2499337382651e-13,25,27,0.133
ATT_T012_001596_1,CALL_T012_001596,1,COMBINED_REPAIRED_GEOMETRY_FINAL_VERIFICATION,2011-02-06 00:00:00,E0027,CAL_008666,2.75,-1108.21395445618,-76.6753906568192,FLAT_START,CONVERGED_FEASIBLE,CONVERGED,PASSED,0.900169194944677,18,1,1,1.89848137210902e-14,4.20774526332934e-13,25,27,0.1331
ATT_T012_001597_1,CALL_T012_001597,1,COMBINED_REPAIRED_GEOMETRY_FINAL_VERIFICATION,2011-02-06 00:00:00,E0027,CAL_008667,2.75,-1101.58076479805,-99.5809649730147,FLAT_START,CONVERGED_FEASIBLE,CONVERGED,PASSED,0.900169524324805,18,1,1,1.87627691161651e-14,4.16222611931971e-13,25,27,0.1677
ATT_T012_001598_1,CALL_T012_001598,1,COMBINED_REPAIRED_GEOMETRY_FINAL_VERIFICATION,2011-02-06 00:00:00,E0027,CAL_008668,2.75,-1094.95793816184,-122.450753945954,FLAT_START,CONVERGED_FEASIBLE,CONVERGED,PASSED,0.90016907354939,18,1,1,1.86517468137026e-14,4.12669898253171e-13,25,27,0.1345
ATT_T012_001599_1,CALL_T012_001599,1,COMBINED_REPAIRED_GEOMETRY_FINAL_VERIFICATION,2011-02-06 00:00:00,E0027,CAL_008669,2.75,-1088.3444438003,-145.288316927791,FLAT_START,CONVERGED_FEASIBLE,CONVERGED,PASSED,0.90016784328419,18,1,1,1.83186799063151e-14,4.08451050759595e-13,25,27,0.1326
ATT_T012_001600_1,CALL_T012_001600,1,COMBINED_REPAIRED_GEOMETRY_FINAL_VERIFICATION,2011-02-06 00:00:00,E0027,CAL_008670,2.75,-1081.73925670835,-168.097193441938,FLAT_START,CONVERGED_FEASIBLE,CONVERGED,PASSED,0.900165833700472,18,1,1,1.80966353013901e-14,4.0467629247587e-13,25,27,0.1332
ATT_T012_001601_1,CALL_T012_001601,1,COMBINED_REPAIRED_GEOMETRY_FINAL_VERIFICATION,2011-02-06 00:00:00,E0027,CAL_008671,2.75,-1075.14135698219,-190.880905396127,FLAT_START,CONVERGED_FEASIBLE,CONVERGED,PASSED,0.900163044475404,18,1,1,1.77635683940025e-14,4.01456645704457e-13,25,27,0.1332
ATT_T012_001602_1,CALL_T012_001602,1,COMBINED_REPAIRED_GEOMETRY_FINAL_VERIFICATION,2011-02-06 00:00:00,E0027,CAL_008672,2.75,-1068.54972918515,-213.642959272404,FLAT_START,CONVERGED_FEASIBLE,CONVERGED,PASSED,0.900159474791762,18,1,1,1.765254609154e-14,3.98236998933044e-13,25,27,0.133
ATT_T012_001603_1,CALL_T012_001603,1,COMBINED_REPAIRED_GEOMETRY_FINAL_VERIFICATION,2011-02-06 00:00:00,E0028,CAL_008673,2.5,-1068.54972918457,-213.642959274386,FLAT_START,CONVERGED_FEASIBLE,CONVERGED,PASSED,0.900159474791761,18,1,1,1.765254609154e-14,3.98459043537969e-13,25,27,0.1374
ATT_T012_001604_1,CALL_T012_001604,1,COMBINED_REPAIRED_GEOMETRY_FINAL_VERIFICATION,2011-02-06 00:00:00,E0028,CAL_008674,2.5,-1063.77872573275,-229.703288875841,FLAT_START,CONVERGED_FEASIBLE,CONVERGED,PASSED,0.900163213132238,18,1,1,1.73194791841524e-14,3.95905530581331e-13,25,27,0.1332
ATT_T012_001605_1,CALL_T012_001605,1,COMBINED_REPAIRED_GEOMETRY_FINAL_VERIFICATION,2011-02-06 00:00:00,E0028,CAL_008675,2.5,-1059.01156364704,-245.750687527528,FLAT_START,CONVERGED_FEASIBLE,CONVERGED,PASSED,0.900166552999854,18,1,1,1.73194791841524e-14,3.93352017624693e-13,25,27,0.1337
ATT_T012_001606_1,CALL_T012_001606,1,COMBINED_REPAIRED_GEOMETRY_FINAL_VERIFICATION,2011-02-06 00:00:00,E0028,CAL_008676,2.5,-1054.24751299442,-261.787612357203,FLAT_START,CONVERGED_FEASIBLE,CONVERGED,PASSED,0.900169494788091,18,1,1,1.73194791841524e-14,3.91686683087755e-13,25,27,0.1337
ATT_T012_001607_1,CALL_T012_001607,1,COMBINED_REPAIRED_GEOMETRY_FINAL_VERIFICATION,2011-02-06 00:00:00,E0028,CAL_008677,2.5,-1049.48584574134,-277.816514098552,FLAT_START,CONVERGED_FEASIBLE,CONVERGED,PASSED,0.900172038642783,18,1,1,1.69864122767649e-14,3.89022147828655e-13,25,27,0.1322
ATT_T012_001608_1,CALL_T012_001608,1,COMBINED_REPAIRED_GEOMETRY_FINAL_VERIFICATION,2011-02-06 00:00:00,E0028,CAL_008678,2.5,-1044.72583530832,-293.839838590483,FLAT_START,CONVERGED_FEASIBLE,CONVERGED,PASSED,0.900174184461897,18,1,1,1.68753899743024e-14,3.87689880199105e-13,25,27,0.1343
ATT_T012_001609_1,CALL_T012_001609,1,COMBINED_REPAIRED_GEOMETRY_FINAL_VERIFICATION,2011-02-06 00:00:00,E0028,CAL_008679,2.5,-1039.96675612604,-309.860028271459,FLAT_START,CONVERGED_FEASIBLE,CONVERGED,PASSED,0.900175931894993,18,1,1,1.67643676718399e-14,3.85469434149854e-13,25,27,0.1338
ATT_T012_001610_1,CALL_T012_001610,1,COMBINED_REPAIRED_GEOMETRY_FINAL_VERIFICATION,2011-02-06 00:00:00,E0028,CAL_008680,2.5,-1035.20788319274,-325.879523669431,FLAT_START,CONVERGED_FEASIBLE,CONVERGED,PASSED,0.90017728034234,18,1,1,1.66533453693773e-14,3.84137166520304e-13,25,27,0.1619
ATT_T012_001611_1,CALL_T012_001611,1,COMBINED_REPAIRED_GEOMETRY_FINAL_VERIFICATION,2011-02-06 00:00:00,E0028,CAL_008681,2.5,-1030.44849163233,-341.900764889297,FLAT_START,CONVERGED_FEASIBLE,CONVERGED,PASSED,0.90017822895371,18,1,1,1.66533453693773e-14,3.82249787378441e-13,25,27,0.1358
ATT_T012_001612_1,CALL_T012_001612,1,COMBINED_REPAIRED_GEOMETRY_FINAL_VERIFICATION,2011-02-06 00:00:00,E0028,CAL_008682,2.5,-1025.68785625269,-357.926193099806,FLAT_START,CONVERGED_FEASIBLE,CONVERGED,PASSED,0.900178776626823,18,1,1,1.63202784619898e-14,3.81139564353816e-13,25,27,0.1405
ATT_T012_001613_1,CALL_T012_001613,1,COMBINED_REPAIRED_GEOMETRY_FINAL_VERIFICATION,2011-02-06 00:00:00,E0028,CAL_008683,2.5,-1020.92525110354,-373.95825202185,FLAT_START,CONVERGED_FEASIBLE,CONVERGED,PASSED,0.900178922005459,18,1,1,1.60982338570648e-14,3.79252185211953e-13,25,27,0.1341
ATT_T012_001614_1,CALL_T012_001614,1,COMBINED_REPAIRED_GEOMETRY_FINAL_VERIFICATION,2011-02-06 00:00:00,E0028,CAL_008684,2.5,-1016.15994903334,-389.99938942005,FLAT_START,CONVERGED_FEASIBLE,CONVERGED,PASSED,0.900178663477211,18,1,1,1.60982338570648e-14,3.78030939884866e-13,25,27,0.1639
ATT_T012_001615_1,CALL_T012_001615,1,COMBINED_REPAIRED_GEOMETRY_FINAL_VERIFICATION,2011-02-06 00:00:00,E0028,CAL_008685,2.5,-1011.39122124461,-406.052058599597,FLAT_START,CONVERGED_FEASIBLE,CONVERGED,PASSED,0.900177999170902,18,1,1,1.59872115546023e-14,3.76809694557778e-13,25,27,0.1353
ATT_T012_001616_1,CALL_T012_001616,1,COMBINED_REPAIRED_GEOMETRY_FINAL_VERIFICATION,2011-02-06 00:00:00,E0028,CAL_008686,2.5,-1006.61833684716,-422.118719910275,FLAT_START,CONVERGED_FEASIBLE,CONVERGED,PASSED,0.90017692695363,18,1,1,1.60982338570648e-14,3.75699471533153e-13,25,27,0.1325
ATT_T012_001617_1,CALL_T012_001617,1,COMBINED_REPAIRED_GEOMETRY_FINAL_VERIFICATION,2011-02-06 00:00:00,E0028,CAL_008687,2.5,-1001.84056240858,-438.201842259646,FLAT_START,CONVERGED_FEASIBLE,CONVERGED,PASSED,0.900175444427451,18,1,1,1.58761892521397e-14,3.74478226206065e-13,25,27,0.1338
ATT_T012_001618_1,CALL_T012_001618,1,COMBINED_REPAIRED_GEOMETRY_FINAL_VERIFICATION,2011-02-06 00:00:00,E0028,CAL_008688,2.5,-997.057161501379,-454.303904637367,FLAT_START,CONVERGED_FEASIBLE,CONVERGED,PASSED,0.900173548925685,18,1,1,1.57651669496772e-14,3.7381209239129e-13,25,27,0.1323
ATT_T012_001619_1,CALL_T012_001619,1,COMBINED_REPAIRED_GEOMETRY_FINAL_VERIFICATION,2011-02-06 00:00:00,E0028,CAL_008689,2.5,-992.267394246262,-470.427397652659,FLAT_START,CONVERGED_FEASIBLE,CONVERGED,PASSED,0.900171237508848,18,1,1,1.58761892521397e-14,3.73256980878978e-13,25,27,0.1342
ATT_T012_001620_1,CALL_T012_001620,1,COMBINED_REPAIRED_GEOMETRY_FINAL_VERIFICATION,2011-02-06 00:00:00,E0028,CAL_008690,2.5,-987.470516850907,-486.574825086962,FLAT_START,CONVERGED_FEASIBLE,CONVERGED,PASSED,0.900168506960177,18,1,1,1.56541446472147e-14,3.72590847064203e-13,25,27,0.1538
ATT_T012_001621_1,CALL_T012_001621,1,COMBINED_REPAIRED_GEOMETRY_FINAL_VERIFICATION,2011-02-06 00:00:00,E0028,CAL_008691,2.5,-982.66578114358,-502.74870546385,FLAT_START,CONVERGED_FEASIBLE,CONVERGED,PASSED,0.900165353780757,18,1,1,1.55431223447522e-14,3.71924713249427e-13,25,27,0.1348
ATT_T012_001622_1,CALL_T012_001622,1,COMBINED_REPAIRED_GEOMETRY_FINAL_VERIFICATION,2011-02-06 00:00:00,E0028,CAL_008692,2.5,-977.852434101011,-518.951573638317,FLAT_START,CONVERGED_FEASIBLE,CONVERGED,PASSED,0.900161774184234,18,1,1,1.55431223447522e-14,3.7159164634204e-13,25,27,0.1337
ATT_T012_001623_1,CALL_T012_001623,1,COMBINED_REPAIRED_GEOMETRY_FINAL_VERIFICATION,2011-02-06 00:00:00,E0029,CAL_008693,2.75,-973.029717369827,-535.185982407738,FLAT_START,CONVERGED_FEASIBLE,CONVERGED,PASSED,0.90015776409109,18,1,1,1.55431223447522e-14,3.7114755713219e-13,25,27,0.1346
ATT_T012_001624_1,CALL_T012_001624,1,COMBINED_REPAIRED_GEOMETRY_FINAL_VERIFICATION,2011-02-06 00:00:00,E0029,CAL_008694,2.75,-966.403648161375,-556.689968554832,FLAT_START,CONVERGED_FEASIBLE,CONVERGED,PASSED,0.900165049647459,18,1,1,1.55431223447522e-14,3.7070346792234e-13,25,27,0.133
ATT_T012_001625_1,CALL_T012_001625,1,COMBINED_REPAIRED_GEOMETRY_FINAL_VERIFICATION,2011-02-06 00:00:00,E0029,CAL_008695,2.75,-959.764202814829,-578.237365097927,FLAT_START,CONVERGED_FEASIBLE,CONVERGED,PASSED,0.900171588705346,18,1,1,1.56541446472147e-14,3.70481423317415e-13,25,27,0.1332
ATT_T012_001626_1,CALL_T012_001626,1,COMBINED_REPAIRED_GEOMETRY_FINAL_VERIFICATION,2011-02-06 00:00:00,E0029,CAL_008696,2.75,-953.110326343881,-599.831595848372,FLAT_START,CONVERGED_FEASIBLE,CONVERGED,PASSED,0.900177374806001,18,1,1,1.58761892521397e-14,3.70148356410027e-13,25,27,0.1333
ATT_T012_001627_1,CALL_T012_001627,1,COMBINED_REPAIRED_GEOMETRY_FINAL_VERIFICATION,2011-02-06 00:00:00,E0029,CAL_008697,2.75,-946.44095476461,-621.476113818019,FLAT_START,CONVERGED_FEASIBLE,CONVERGED,PASSED,0.900182400935216,18,1,1,1.58761892521397e-14,3.70370401014952e-13,25,27,0.1557
ATT_T012_001628_1,CALL_T012_001628,1,COMBINED_REPAIRED_GEOMETRY_FINAL_VERIFICATION,2011-02-06 00:00:00,E0029,CAL_008698,2.75,-939.755014399781,-643.174403477018,FLAT_START,CONVERGED_FEASIBLE,CONVERGED,PASSED,0.90018665951016,18,1,1,1.59872115546023e-14,3.70592445619877e-13,25,27,0.1329
ATT_T012_001629_1,CALL_T012_001629,1,COMBINED_REPAIRED_GEOMETRY_FINAL_VERIFICATION,2011-02-06 00:00:00,E0029,CAL_008699,2.75,-933.051421170086,-664.929983054007,FLAT_START,CONVERGED_FEASIBLE,CONVERGED,PASSED,0.900190142365244,18,1,1,1.60982338570648e-14,3.71702668644502e-13,25,27,0.1326
ATT_T012_001630_1,CALL_T012_001630,1,COMBINED_REPAIRED_GEOMETRY_FINAL_VERIFICATION,2011-02-06 00:00:00,E0029,CAL_008700,2.75,-926.329079871356,-686.746406881804,FLAT_START,CONVERGED_FEASIBLE,CONVERGED,PASSED,0.900192840736995,18,1,1,1.63202784619898e-14,3.72368802459278e-13,25,27,0.133
ATT_T012_001631_1,CALL_T012_001631,1,COMBINED_REPAIRED_GEOMETRY_FINAL_VERIFICATION,2011-02-06 00:00:00,E0029,CAL_008701,2.75,-919.58688343671,-708.627267792022,FLAT_START,CONVERGED_FEASIBLE,CONVERGED,PASSED,0.900194745247877,18,1,1,1.65423230669148e-14,3.73701070088828e-13,25,27,0.1326
ATT_T012_001632_1,CALL_T012_001632,1,COMBINED_REPAIRED_GEOMETRY_FINAL_VERIFICATION,2011-02-06 00:00:00,E0029,CAL_008702,2.75,-912.823712182534,-730.576199562114,FLAT_START,CONVERGED_FEASIBLE,CONVERGED,PASSED,0.900195845889039,18,1,1,1.65423230669148e-14,3.75366404625765e-13,25,27,0.1446
ATT_T012_001633_1,CALL_T012_001633,1,COMBINED_REPAIRED_GEOMETRY_FINAL_VERIFICATION,2011-02-06 00:00:00,E0029,CAL_008703,2.75,-906.03843303719,-752.596879418507,FLAT_START,CONVERGED_FEASIBLE,CONVERGED,PASSED,0.900196132001904,18,1,1,1.69864122767649e-14,3.77142761465166e-13,25,27,0.1564
ATT_T012_001634_1,CALL_T012_001634,1,COMBINED_REPAIRED_GEOMETRY_FINAL_VERIFICATION,2011-02-06 00:00:00,E0029,CAL_008704,2.75,-899.229898751274,-774.693030599602,FLAT_START,CONVERGED_FEASIBLE,CONVERGED,PASSED,0.900195592258578,18,1,1,1.69864122767649e-14,3.79252185211953e-13,25,27,0.1352
ATT_T012_001635_1,CALL_T012_001635,1,COMBINED_REPAIRED_GEOMETRY_FINAL_VERIFICATION,2011-02-06 00:00:00,E0029,CAL_008705,2.75,-892.396947088212,-796.868424982566,FLAT_START,CONVERGED_FEASIBLE,CONVERGED,PASSED,0.900194214640999,18,1,1,1.7430501486615e-14,3.82027742773516e-13,25,27,0.1332
ATT_T012_001636_1,CALL_T012_001636,1,COMBINED_REPAIRED_GEOMETRY_FINAL_VERIFICATION,2011-02-06 00:00:00,E0029,CAL_008706,2.75,-885.538399993954,-819.126885777991,FLAT_START,CONVERGED_FEASIBLE,CONVERGED,PASSED,0.900191986418783,18,1,1,1.75415237890775e-14,3.84914322637542e-13,25,27,0.1328
ATT_T012_001637_1,CALL_T012_001637,1,COMBINED_REPAIRED_GEOMETRY_FINAL_VERIFICATION,2011-02-06 00:00:00,E0029,CAL_008707,2.75,-878.653062744439,-841.472290296671,FLAT_START,CONVERGED_FEASIBLE,CONVERGED,PASSED,0.900188894125675,18,1,1,1.79856129989275e-14,3.8791192480403e-13,25,27,0.1334
ATT_T012_001638_1,CALL_T012_001638,1,COMBINED_REPAIRED_GEOMETRY_FINAL_VERIFICATION,2011-02-06 00:00:00,E0029,CAL_008708,2.75,-871.73972306948,-863.908572792914,FLAT_START,CONVERGED_FEASIBLE,CONVERGED,PASSED,0.900184923534561,18,1,1,1.84297022087776e-14,3.91575660785293e-13,25,27,0.1339
ATT_T012_001639_1,CALL_T012_001639,1,COMBINED_REPAIRED_GEOMETRY_FINAL_VERIFICATION,2011-02-06 00:00:00,E0029,CAL_008709,2.75,-864.797150251639,-886.439727389003,FLAT_START,CONVERGED_FEASIBLE,CONVERGED,PASSED,0.900180059630946,18,1,1,1.87627691161651e-14,3.95461441371481e-13,25,27,0.1336
ATT_T012_001640_1,CALL_T012_001640,1,COMBINED_REPAIRED_GEOMETRY_FINAL_VERIFICATION,2011-02-06 00:00:00,E0029,CAL_008710,2.75,-857.824094198629,-909.069811085617,FLAT_START,CONVERGED_FEASIBLE,CONVERGED,PASSED,0.90017428658482,18,1,1,1.92068583260152e-14,3.99569266562594e-13,25,27,0.1559
ATT_T012_001641_1,CALL_T012_001641,1,COMBINED_REPAIRED_GEOMETRY_FINAL_VERIFICATION,2011-02-06 00:00:00,E0029,CAL_008711,2.75,-850.819284487658,-931.802946863253,FLAT_START,CONVERGED_FEASIBLE,CONVERGED,PASSED,0.900167587720828,18,1,1,1.95399252334028e-14,4.0467629247587e-13,25,27,0.134
ATT_T012_001642_1,CALL_T012_001642,1,COMBINED_REPAIRED_GEOMETRY_FINAL_VERIFICATION,2011-02-06 00:00:00,E0029,CAL_008712,2.75,-843.781429380127,-954.643326879892,FLAT_START,CONVERGED_FEASIBLE,CONVERGED,PASSED,0.900159945486645,18,1,1,1.99840144432528e-14,4.09894340691608e-13,25,27,0.1322
ATT_T012_001643_1,CALL_T012_001643,1,COMBINED_REPAIRED_GEOMETRY_FINAL_VERIFICATION,2011-02-06 00:00:00,E0029,CAL_008713,2.75,-836.709214804967,-977.595215770447,FLAT_START,CONVERGED_FEASIBLE,CONVERGED,PASSED,0.90015134141946,18,1,1,2.06501482580279e-14,4.15556478117196e-13,25,27,0.1335
ATT_T012_001644_1,CALL_T012_001644,1,COMBINED_REPAIRED_GEOMETRY_FINAL_VERIFICATION,2011-02-06 00:00:00,E0030,CAL_008714,2.5,-836.709214804744,-977.595215771169,FLAT_START,CONVERGED_FEASIBLE,CONVERGED,PASSED,0.900151341419459,18,1,1,2.05391259555654e-14,4.15445455814734e-13,25,27,0.1373
ATT_T012_001645_1,CALL_T012_001645,1,COMBINED_REPAIRED_GEOMETRY_FINAL_VERIFICATION,2011-02-06 00:00:00,E0030,CAL_008715,2.5,-830.477535345547,-997.18396064076,FLAT_START,CONVERGED_FEASIBLE,CONVERGED,PASSED,0.900154078337415,18,1,1,2.1094237467878e-14,4.20552481728009e-13,25,27,0.1353
ATT_T012_001646_1,CALL_T012_001646,1,COMBINED_REPAIRED_GEOMETRY_FINAL_VERIFICATION,2011-02-06 00:00:00,E0030,CAL_008716,2.5,-824.214783125712,-1016.87038004328,FLAT_START,CONVERGED_FEASIBLE,CONVERGED,PASSED,0.900156135714853,18,1,1,2.14273043752655e-14,4.25992574548673e-13,25,27,0.1544
ATT_T012_001647_1,CALL_T012_001647,1,COMBINED_REPAIRED_GEOMETRY_FINAL_VERIFICATION,2011-02-06 00:00:00,E0030,CAL_008717,2.5,-817.919764001185,-1036.65822766717,FLAT_START,CONVERGED_FEASIBLE,CONVERGED,PASSED,0.900157500879675,18,1,1,2.20934381900406e-14,4.31876756579186e-13,25,27,0.1353
ATT_T012_001648_1,CALL_T012_001648,1,COMBINED_REPAIRED_GEOMETRY_FINAL_VERIFICATION,2011-02-06 00:00:00,E0030,CAL_008718,2.5,-811.591261608975,-1056.5513270442,FLAT_START,CONVERGED_FEASIBLE,CONVERGED,PASSED,0.900158160468067,18,1,1,2.26485497023532e-14,4.37982983214624e-13,25,27,0.1465
ATT_T012_001649_1,CALL_T012_001649,1,COMBINED_REPAIRED_GEOMETRY_FINAL_VERIFICATION,2011-02-06 00:00:00,E0030,CAL_008719,2.5,-805.228036355613,-1076.55357472911,FLAT_START,CONVERGED_FEASIBLE,CONVERGED,PASSED,0.900158100397154,18,1,1,2.32036612146658e-14,4.44755343664838e-13,25,27,0.1355
ATT_T012_001650_1,CALL_T012_001650,1,COMBINED_REPAIRED_GEOMETRY_FINAL_VERIFICATION,2011-02-06 00:00:00,E0030,CAL_008720,2.5,-798.82882436977,-1096.66894359201,FLAT_START,CONVERGED_FEASIBLE,CONVERGED,PASSED,0.900157305836016,18,1,1,2.37587727269783e-14,4.51971793324901e-13,25,27,0.1327
ATT_T012_001651_1,CALL_T012_001651,1,COMBINED_REPAIRED_GEOMETRY_FINAL_VERIFICATION,2011-02-06 00:00:00,E0030,CAL_008721,2.5,-792.392336417262,-1116.90148622894,FLAT_START,CONVERGED_FEASIBLE,CONVERGED,PASSED,0.900155761174955,18,1,1,2.4535928844216e-14,4.59632332194815e-13,25,27,0.1404
ATT_T012_001652_1,CALL_T012_001652,1,COMBINED_REPAIRED_GEOMETRY_FINAL_VERIFICATION,2011-02-06 00:00:00,E0030,CAL_008722,2.5,-785.917256776376,-1137.25533849719,FLAT_START,CONVERGED_FEASIBLE,CONVERGED,PASSED,0.900153449992917,18,1,1,2.52020626589911e-14,4.67625937972116e-13,25,27,0.1341
ATT_T012_001653_1,CALL_T012_001653,1,COMBINED_REPAIRED_GEOMETRY_FINAL_VERIFICATION,2011-02-06 00:00:00,E0030,CAL_008723,2.5,-779.402242071318,-1157.73472318227,FLAT_START,CONVERGED_FEASIBLE,CONVERGED,PASSED,0.900150355022945,18,1,1,2.57571741713036e-14,4.76729766774042e-13,25,27,0.1556
ATT_T012_001654_1,CALL_T012_001654,1,COMBINED_REPAIRED_GEOMETRY_FINAL_VERIFICATION,2011-02-06 00:00:00,E0030,CAL_008724,2.5,-772.845920061481,-1178.34395380372,FLAT_START,CONVERGED_FEASIBLE,CONVERGED,PASSED,0.900146458115557,18,1,1,2.67563748934663e-14,4.86166662483356e-13,25,27,0.1335
ATT_T012_001655_1,CALL_T012_001655,1,COMBINED_REPAIRED_GEOMETRY_FINAL_VERIFICATION,2011-02-06 00:00:00,E0031,CAL_008725,0.75,-772.845920061209,-1178.34395380458,FLAT_START,CONVERGED_FEASIBLE,CONVERGED,PASSED,0.900146458115557,18,1,1,2.68673971959288e-14,4.86055640180894e-13,25,27,0.1351
ATT_T012_001656_1,CALL_T012_001656,1,COMBINED_REPAIRED_GEOMETRY_FINAL_VERIFICATION,2011-02-06 00:00:00,E0031,CAL_008726,0.75,-765.605473274084,-1195.69017949457,FLAT_START,CONVERGED_FEASIBLE,CONVERGED,PASSED,0.90023736498146,18,1,1,2.72004641033163e-14,4.91828799908944e-13,25,27,0.132
ATT_T012_001657_1,CALL_T012_001657,1,COMBINED_REPAIRED_GEOMETRY_FINAL_VERIFICATION,2011-02-06 00:00:00,E0031,CAL_008727,0.75,-758.332239260098,-1213.11495484505,FLAT_START,CONVERGED_FEASIBLE,CONVERGED,PASSED,0.90032803498822,18,1,1,2.78665979180914e-14,4.97157870427145e-13,25,27,0.1353
ATT_T012_001658_1,CALL_T012_001658,1,COMBINED_REPAIRED_GEOMETRY_FINAL_VERIFICATION,2011-02-06 00:00:00,E0031,CAL_008728,0.75,-751.024879334514,-1230.62148699616,FLAT_START,CONVERGED_FEASIBLE,CONVERGED,PASSED,0.900418474449197,18,1,1,2.85327317328665e-14,5.03930230877359e-13,25,27,0.1466
ATT_T012_001659_1,CALL_T012_001659,1,COMBINED_REPAIRED_GEOMETRY_FINAL_VERIFICATION,2011-02-06 00:00:00,E0031,CAL_008729,0.75,-743.682031774045,-1248.21303828241,FLAT_START,CONVERGED_FEASIBLE,CONVERGED,PASSED,0.900508689379101,18,1,1,2.90878432451791e-14,5.10924635932497e-13,25,27,0.1582
ATT_T012_001660_1,CALL_T012_001660,1,COMBINED_REPAIRED_GEOMETRY_FINAL_VERIFICATION,2011-02-06 00:00:00,E0031,CAL_008730,0.75,-736.302310731823,-1265.89292883215,FLAT_START,CONVERGED_FEASIBLE,CONVERGED,PASSED,0.900598685486807,18,1,1,2.98649993624167e-14,5.18252107895023e-13,25,27,0.1338
ATT_T012_001661_1,CALL_T012_001661,1,COMBINED_REPAIRED_GEOMETRY_FINAL_VERIFICATION,2011-02-06 00:00:00,E0031,CAL_008731,0.75,-728.884305116009,-1283.66453925409,FLAT_START,CONVERGED_FEASIBLE,CONVERGED,PASSED,0.900688468167367,18,1,1,3.08642000845794e-14,5.25801624462474e-13,25,27,0.1332
ATT_T012_001662_1,CALL_T012_001662,1,COMBINED_REPAIRED_GEOMETRY_FINAL_VERIFICATION,2011-02-06 00:00:00,E0031,CAL_008732,0.75,-721.426577430319,-1301.53131341511,FLAT_START,CONVERGED_FEASIBLE,CONVERGED,PASSED,0.900778042493183,18,1,1,3.1641356201817e-14,5.3446136405455e-13,25,27,0.1329
ATT_T012_001663_1,CALL_T012_001663,1,COMBINED_REPAIRED_GEOMETRY_FINAL_VERIFICATION,2011-02-06 00:00:00,E0031,CAL_008733,0.75,-713.927662574343,-1319.49676131442,FLAT_START,CONVERGED_FEASIBLE,CONVERGED,PASSED,0.900867413204295,18,1,1,3.24185123190546e-14,5.43232125949089e-13,25,27,0.1353
ATT_T012_001664_1,CALL_T012_001664,1,COMBINED_REPAIRED_GEOMETRY_FINAL_VERIFICATION,2011-02-06 00:00:00,E0031,CAL_008734,0.75,-706.386066601435,-1337.56446205928,FLAT_START,CONVERGED_FEASIBLE,CONVERGED,PASSED,0.900724620081266,33,1,1,3.33066907387547e-14,5.53446177775641e-13,25,27,0.1375
ATT_T012_001665_1,CALL_T012_001665,1,COMBINED_REPAIRED_GEOMETRY_FINAL_VERIFICATION,2011-02-06 00:00:00,E0032,CAL_008735,3.5,-698.800265432768,-1355.7380669458,FLAT_START,CONVERGED_FEASIBLE,CONVERGED,PASSED,0.900152849265097,33,1,1,3.43058914609173e-14,5.69988500842555e-13,25,27,0.1559
ATT_T012_001666_1,CALL_T012_001666,1,COMBINED_REPAIRED_GEOMETRY_FINAL_VERIFICATION,2011-02-06 00:00:00,E0032,CAL_008736,3.5,-698.800265430693,-1355.73806694673,FLAT_START,CONVERGED_FEASIBLE,CONVERGED,PASSED,0.900152849265097,33,1,1,3.41948691584548e-14,5.70099523145018e-13,25,27,0.1338
ATT_T012_001667_1,CALL_T012_001667,1,COMBINED_REPAIRED_GEOMETRY_FINAL_VERIFICATION,2011-02-06 00:00:00,E0032,CAL_008737,3.5,-682.460434062562,-1363.11161591886,FLAT_START,CONVERGED_FEASIBLE,CONVERGED,PASSED,0.900159198121202,33,1,1,3.33066907387547e-14,5.60884672040629e-13,25,27,0.1331
ATT_T012_001668_1,CALL_T012_001668,1,COMBINED_REPAIRED_GEOMETRY_FINAL_VERIFICATION,2011-02-06 00:00:00,E0032,CAL_008738,3.5,-666.235917967144,-1370.43312746225,FLAT_START,CONVERGED_FEASIBLE,CONVERGED,PASSED,0.900164800134021,33,1,1,3.26405569239796e-14,5.52002887843628e-13,25,27,0.1344
ATT_T012_001669_1,CALL_T012_001669,1,COMBINED_REPAIRED_GEOMETRY_FINAL_VERIFICATION,2011-02-06 00:00:00,E0032,CAL_008739,3.5,-650.123055275257,-1377.70425404018,FLAT_START,CONVERGED_FEASIBLE,CONVERGED,PASSED,0.90016967459728,33,1,1,3.2085445411667e-14,5.44120304368789e-13,25,27,0.1321
ATT_T012_001670_1,CALL_T012_001670,1,COMBINED_REPAIRED_GEOMETRY_FINAL_VERIFICATION,2011-02-06 00:00:00,E0032,CAL_008740,3.5,-634.118268131565,-1384.92661020371,FLAT_START,CONVERGED_FEASIBLE,CONVERGED,PASSED,0.900173839883635,33,1,1,3.14193115968919e-14,5.36792832406263e-13,25,27,0.1325
ATT_T012_001671_1,CALL_T012_001671,1,COMBINED_REPAIRED_GEOMETRY_FINAL_VERIFICATION,2011-02-06 00:00:00,E0032,CAL_008741,3.5,-618.218059225944,-1392.10177415683,FLAT_START,CONVERGED_FEASIBLE,CONVERGED,PASSED,0.9001773134862,33,1,1,3.09752223870419e-14,5.29909449653587e-13,25,27,0.1335
ATT_T012_001672_1,CALL_T012_001672,1,COMBINED_REPAIRED_GEOMETRY_FINAL_VERIFICATION,2011-02-06 00:00:00,E0032,CAL_008742,3.5,-602.419008459905,-1399.23128926087,FLAT_START,CONVERGED_FEASIBLE,CONVERGED,PASSED,0.900180112057666,33,1,1,3.01980662698043e-14,5.23692200715686e-13,25,27,0.1697
ATT_T012_001673_1,CALL_T012_001673,1,COMBINED_REPAIRED_GEOMETRY_FINAL_VERIFICATION,2011-02-06 00:00:00,E0032,CAL_008743,3.5,-586.717769740997,-1406.31666548102,FLAT_START,CONVERGED_FEASIBLE,CONVERGED,PASSED,0.90018225144715,33,1,1,2.96429547574917e-14,5.1769699638271e-13,25,27,0.1328
ATT_T012_001674_1,CALL_T012_001674,1,COMBINED_REPAIRED_GEOMETRY_FINAL_VERIFICATION,2011-02-06 00:00:00,E0032,CAL_008744,3.5,-571.111067898514,-1413.35938077815,FLAT_START,CONVERGED_FEASIBLE,CONVERGED,PASSED,0.900183746734927,33,1,1,2.91988655476416e-14,5.12256903562047e-13,25,27,0.1331
ATT_T012_001675_1,CALL_T012_001675,1,COMBINED_REPAIRED_GEOMETRY_FINAL_VERIFICATION,2011-02-06 00:00:00,E0032,CAL_008745,3.5,-555.595695714171,-1420.3608824488,FLAT_START,CONVERGED_FEASIBLE,CONVERGED,PASSED,0.900184612265158,33,1,1,2.87547763377916e-14,5.07038855346309e-13,25,27,0.1585
ATT_T012_001676_1,CALL_T012_001676,1,COMBINED_REPAIRED_GEOMETRY_FINAL_VERIFICATION,2011-02-06 00:00:00,E0032,CAL_008746,3.5,-540.168511061748,-1427.32258841589,FLAT_START,CONVERGED_FEASIBLE,CONVERGED,PASSED,0.900184861676748,33,1,1,2.8421709430404e-14,5.02597963247808e-13,25,27,0.1352
ATT_T012_001677_1,CALL_T012_001677,1,COMBINED_REPAIRED_GEOMETRY_FINAL_VERIFICATION,2011-02-06 00:00:00,E0032,CAL_008747,3.5,-524.826434150024,-1434.24588847292,FLAT_START,CONVERGED_FEASIBLE,CONVERGED,PASSED,0.90018450793244,33,1,1,2.80886425230165e-14,4.98379115754233e-13,25,27,0.1459
ATT_T012_001678_1,CALL_T012_001678,1,COMBINED_REPAIRED_GEOMETRY_FINAL_VERIFICATION,2011-02-06 00:00:00,E0032,CAL_008748,3.5,-509.566444863611,-1441.13214548393,FLAT_START,CONVERGED_FEASIBLE,CONVERGED,PASSED,0.900183563346239,33,1,1,2.77555756156289e-14,4.94937424377895e-13,25,27,0.1619
ATT_T012_001679_1,CALL_T012_001679,1,COMBINED_REPAIRED_GEOMETRY_FINAL_VERIFICATION,2011-02-06 00:00:00,E0032,CAL_008749,3.5,-494.385580196557,-1447.98269654164,FLAT_START,CONVERGED_FEASIBLE,CONVERGED,PASSED,0.90018203960929,33,1,1,2.73114864057789e-14,4.91162666094169e-13,25,27,0.1363
ATT_T012_001680_1,CALL_T012_001680,1,COMBINED_REPAIRED_GEOMETRY_FINAL_VERIFICATION,2011-02-06 00:00:00,E0032,CAL_008750,3.5,-479.280931773885,-1454.79885408587,FLAT_START,CONVERGED_FEASIBLE,CONVERGED,PASSED,0.900179947814263,33,1,1,2.69784194983913e-14,4.87943019322756e-13,25,27,0.1329
ATT_T012_001681_1,CALL_T012_001681,1,COMBINED_REPAIRED_GEOMETRY_FINAL_VERIFICATION,2011-02-06 00:00:00,E0032,CAL_008751,3.5,-464.249643456412,-1461.5819069844,FLAT_START,CONVERGED_FEASIBLE,CONVERGED,PASSED,0.90017729847836,33,1,1,2.67563748934663e-14,4.85167461761193e-13,25,27,0.1335
ATT_T012_001682_1,CALL_T012_001682,1,COMBINED_REPAIRED_GEOMETRY_FINAL_VERIFICATION,2011-02-06 00:00:00,E0032,CAL_008752,3.5,-449.288909024495,-1468.33312157821,FLAT_START,CONVERGED_FEASIBLE,CONVERGED,PASSED,0.900174101565005,33,1,1,2.64233079860787e-14,4.82613948804556e-13,25,27,0.1328
ATT_T012_001683_1,CALL_T012_001683,1,COMBINED_REPAIRED_GEOMETRY_FINAL_VERIFICATION,2011-02-06 00:00:00,E0032,CAL_008753,3.5,-434.395969936485,-1475.05374269297,FLAT_START,CONVERGED_FEASIBLE,CONVERGED,PASSED,0.900170366504293,33,1,1,2.60902410786912e-14,4.80393502755305e-13,25,27,0.1325
ATT_T012_001684_1,CALL_T012_001684,1,COMBINED_REPAIRED_GEOMETRY_FINAL_VERIFICATION,2011-02-06 00:00:00,E0032,CAL_008754,3.5,-419.568113157926,-1481.74499461872,FLAT_START,CONVERGED_FEASIBLE,CONVERGED,PASSED,0.90016610221227,33,1,1,2.58681964737661e-14,4.7839510131098e-13,25,27,0.1329
ATT_T012_001685_1,CALL_T012_001685,1,COMBINED_REPAIRED_GEOMETRY_FINAL_VERIFICATION,2011-02-06 00:00:00,E0032,CAL_008755,3.5,-404.8026690577,-1488.40808205919,FLAT_START,CONVERGED_FEASIBLE,CONVERGED,PASSED,0.900161317109099,33,1,1,2.57571741713036e-14,4.7617465526173e-13,25,27,0.1544
ATT_T012_001686_1,CALL_T012_001686,1,COMBINED_REPAIRED_GEOMETRY_FINAL_VERIFICATION,2011-02-06 00:00:00,E0033,CAL_008756,3.5,-390.097009367906,-1495.04419105243,FLAT_START,CONVERGED_FEASIBLE,CONVERGED,PASSED,0.900156019136181,33,1,1,2.56461518688411e-14,4.74731365329717e-13,25,27,0.1388
ATT_T012_001687_1,CALL_T012_001687,1,COMBINED_REPAIRED_GEOMETRY_FINAL_VERIFICATION,2011-02-06 00:00:00,E0033,CAL_008757,3.5,-390.097009367476,-1495.04419105262,FLAT_START,CONVERGED_FEASIBLE,CONVERGED,PASSED,0.900156019136182,33,1,1,2.55351295663786e-14,4.74842387632179e-13,25,27,0.1349
ATT_T012_001688_1,CALL_T012_001688,1,COMBINED_REPAIRED_GEOMETRY_FINAL_VERIFICATION,2011-02-06 00:00:00,E0033,CAL_008758,3.5,-375.476966298823,-1501.38095797395,FLAT_START,CONVERGED_FEASIBLE,CONVERGED,PASSED,0.900160448113909,33,1,1,2.55351295663786e-14,4.73066030792779e-13,25,27,0.1375
ATT_T012_001689_1,CALL_T012_001689,1,COMBINED_REPAIRED_GEOMETRY_FINAL_VERIFICATION,2011-02-06 00:00:00,E0033,CAL_008759,3.5,-360.914479167398,-1507.6927784189,FLAT_START,CONVERGED_FEASIBLE,CONVERGED,PASSED,0.900164346313252,33,1,1,2.52020626589911e-14,4.71511718558304e-13,25,27,0.1339
ATT_T012_001690_1,CALL_T012_001690,1,COMBINED_REPAIRED_GEOMETRY_FINAL_VERIFICATION,2011-02-06 00:00:00,E0033,CAL_008760,3.5,-346.407003544972,-1513.98075521928,FLAT_START,CONVERGED_FEASIBLE,CONVERGED,PASSED,0.900167722378349,33,1,1,2.52020626589911e-14,4.70512517836141e-13,25,27,0.1339
ATT_T012_001691_1,CALL_T012_001691,1,COMBINED_REPAIRED_GEOMETRY_FINAL_VERIFICATION,2011-02-06 00:00:00,E0033,CAL_008761,3.5,-331.952030888679,-1520.24597565311,FLAT_START,CONVERGED_FEASIBLE,CONVERGED,PASSED,0.900170584504106,33,1,1,2.4980018054066e-14,4.69402294811516e-13,25,27,0.1568
ATT_T012_001692_1,CALL_T012_001692,1,COMBINED_REPAIRED_GEOMETRY_FINAL_VERIFICATION,2011-02-06 00:00:00,E0033,CAL_008762,3.5,-317.547086718768,-1526.48951223443,FLAT_START,CONVERGED_FEASIBLE,CONVERGED,PASSED,0.900172940450741,33,1,1,2.4757973449141e-14,4.68514116391816e-13,25,27,0.1363
ATT_T012_001693_1,CALL_T012_001693,1,COMBINED_REPAIRED_GEOMETRY_FINAL_VERIFICATION,2011-02-06 00:00:00,E0033,CAL_008763,3.5,-303.189728844307,-1532.71242348232,FLAT_START,CONVERGED_FEASIBLE,CONVERGED,PASSED,0.900174797557491,33,1,1,2.4535928844216e-14,4.68181049484429e-13,25,27,0.1342
ATT_T012_001694_1,CALL_T012_001694,1,COMBINED_REPAIRED_GEOMETRY_FINAL_VERIFICATION,2011-02-06 00:00:00,E0033,CAL_008764,3.5,-288.877545634024,-1538.91575467042,FLAT_START,CONVERGED_FEASIBLE,CONVERGED,PASSED,0.900176162755524,33,1,1,2.46469511466785e-14,4.67625937972116e-13,25,27,0.1333
ATT_T012_001695_1,CALL_T012_001695,1,COMBINED_REPAIRED_GEOMETRY_FINAL_VERIFICATION,2011-02-06 00:00:00,E0033,CAL_008765,3.5,-274.608154329596,-1545.10053855791,FLAT_START,CONVERGED_FEASIBLE,CONVERGED,PASSED,0.900177042580101,33,1,1,2.46469511466785e-14,4.67292871064728e-13,25,27,0.1332
ATT_T012_001696_1,CALL_T012_001696,1,COMBINED_REPAIRED_GEOMETRY_FINAL_VERIFICATION,2011-02-06 00:00:00,E0033,CAL_008766,3.5,-260.379199398789,-1551.26779610341,FLAT_START,CONVERGED_FEASIBLE,CONVERGED,PASSED,0.90017744318201,33,1,1,2.44249065417534e-14,4.66848781854878e-13,25,27,0.1439
ATT_T012_001697_1,CALL_T012_001697,1,COMBINED_REPAIRED_GEOMETRY_FINAL_VERIFICATION,2011-02-06 00:00:00,E0033,CAL_008767,3.5,-246.188350925961,-1557.41853716252,FLAT_START,CONVERGED_FEASIBLE,CONVERGED,PASSED,0.900177370338314,33,1,1,2.43138842392909e-14,4.67070826459803e-13,25,27,0.1354
ATT_T012_001698_1,CALL_T012_001698,1,COMBINED_REPAIRED_GEOMETRY_FINAL_VERIFICATION,2011-02-06 00:00:00,E0033,CAL_008768,3.5,-232.033303037496,-1563.55376117029,FLAT_START,CONVERGED_FEASIBLE,CONVERGED,PASSED,0.900176829462445,33,1,1,2.46469511466785e-14,4.67070826459803e-13,25,27,0.1548
ATT_T012_001699_1,CALL_T012_001699,1,COMBINED_REPAIRED_GEOMETRY_FINAL_VERIFICATION,2011-02-06 00:00:00,E0033,CAL_008769,3.5,-217.911772359876,-1569.67445780958,FLAT_START,CONVERGED_FEASIBLE,CONVERGED,PASSED,0.900175825613663,33,1,1,2.4757973449141e-14,4.67625937972116e-13,25,27,0.136
ATT_T012_001700_1,CALL_T012_001700,1,COMBINED_REPAIRED_GEOMETRY_FINAL_VERIFICATION,2011-02-06 00:00:00,E0033,CAL_008770,3.5,-203.821496508115,-1575.78160766616,FLAT_START,CONVERGED_FEASIBLE,CONVERGED,PASSED,0.900174363505915,33,1,1,2.46469511466785e-14,4.68514116391816e-13,25,27,0.133
ATT_T012_001701_1,CALL_T012_001701,1,COMBINED_REPAIRED_GEOMETRY_FINAL_VERIFICATION,2011-02-06 00:00:00,E0033,CAL_008771,3.5,-189.760232602397,-1581.87618287169,FLAT_START,CONVERGED_FEASIBLE,CONVERGED,PASSED,0.900172447516114,33,1,1,2.4980018054066e-14,4.68847183299204e-13,25,27,0.1333
ATT_T012_001702_1,CALL_T012_001702,1,COMBINED_REPAIRED_GEOMETRY_FINAL_VERIFICATION,2011-02-06 00:00:00,E0033,CAL_008772,3.5,-175.725755810794,-1587.95914773531,FLAT_START,CONVERGED_FEASIBLE,CONVERGED,PASSED,0.900170081691866,33,1,1,2.48689957516035e-14,4.69846384021366e-13,25,27,0.1322
ATT_T012_001703_1,CALL_T012_001703,1,COMBINED_REPAIRED_GEOMETRY_FINAL_VERIFICATION,2011-02-06 00:00:00,E0033,CAL_008773,3.5,-161.715857916017,-1594.0314593649,FLAT_START,CONVERGED_FEASIBLE,CONVERGED,PASSED,0.900167269758655,33,1,1,2.50910403565285e-14,4.71067629348454e-13,25,27,0.1333
ATT_T012_001704_1,CALL_T012_001704,1,COMBINED_REPAIRED_GEOMETRY_FINAL_VERIFICATION,2011-02-06 00:00:00,E0033,CAL_008774,3.5,-147.728345904208,-1600.0940682787,FLAT_START,CONVERGED_FEASIBLE,CONVERGED,PASSED,0.900164015126525,33,1,1,2.52020626589911e-14,4.71844785465692e-13,25,27,0.1534
ATT_T012_001705_1,CALL_T012_001705,1,COMBINED_REPAIRED_GEOMETRY_FINAL_VERIFICATION,2011-02-06 00:00:00,E0033,CAL_008775,3.5,-133.761040573815,-1606.14791900829,FLAT_START,CONVERGED_FEASIBLE,CONVERGED,PASSED,0.900160320896254,33,1,1,2.53130849614536e-14,4.73288075397704e-13,25,27,0.1356
ATT_T012_001706_1,CALL_T012_001706,1,COMBINED_REPAIRED_GEOMETRY_FINAL_VERIFICATION,2011-02-06 00:00:00,E0033,CAL_008776,3.5,-119.811775162677,-1612.19395069364,FLAT_START,CONVERGED_FEASIBLE,CONVERGED,PASSED,0.900156189865053,33,1,1,2.54241072639161e-14,4.74398298422329e-13,25,27,0.1334
ATT_T012_001707_1,CALL_T012_001707,1,COMBINED_REPAIRED_GEOMETRY_FINAL_VERIFICATION,2011-02-06 00:00:00,E0034,CAL_008777,3.5,-105.878393991593,-1618.23309767102,FLAT_START,CONVERGED_FEASIBLE,CONVERGED,PASSED,0.900151624531804,33,1,1,2.56461518688411e-14,4.7617465526173e-13,25,27,0.1364
ATT_T012_001708_1,CALL_T012_001708,1,COMBINED_REPAIRED_GEOMETRY_FINAL_VERIFICATION,2011-02-06 00:00:00,E0034,CAL_008778,3.5,-105.878393991418,-1618.2330976711,FLAT_START,CONVERGED_FEASIBLE,CONVERGED,PASSED,0.900151624531804,33,1,1,2.56461518688411e-14,4.76063632959267e-13,25,27,0.133
ATT_T012_001709_1,CALL_T012_001709,1,COMBINED_REPAIRED_GEOMETRY_FINAL_VERIFICATION,2011-02-06 00:00:00,E0034,CAL_008779,3.5,-91.9202159825073,-1624.10390304788,FLAT_START,CONVERGED_FEASIBLE,CONVERGED,PASSED,0.900153663376335,33,1,1,2.58681964737661e-14,4.77395900588817e-13,25,27,0.1341
ATT_T012_001710_1,CALL_T012_001710,1,COMBINED_REPAIRED_GEOMETRY_FINAL_VERIFICATION,2011-02-06 00:00:00,E0034,CAL_008780,3.5,-77.9756711002876,-1629.96897433576,FLAT_START,CONVERGED_FEASIBLE,CONVERGED,PASSED,0.900155266578931,33,1,1,2.59792187762287e-14,4.79172257428218e-13,25,27,0.1332
ATT_T012_001711_1,CALL_T012_001711,1,COMBINED_REPAIRED_GEOMETRY_FINAL_VERIFICATION,2011-02-06 00:00:00,E0034,CAL_008781,3.5,-64.0426183454405,-1635.82921203841,FLAT_START,CONVERGED_FEASIBLE,CONVERGED,PASSED,0.900156437071574,33,1,1,2.60902410786912e-14,4.80726569662693e-13,25,27,0.156
ATT_T012_001712_1,CALL_T012_001712,1,COMBINED_REPAIRED_GEOMETRY_FINAL_VERIFICATION,2011-02-06 00:00:00,E0034,CAL_008782,3.5,-50.1189237446514,-1641.68551370435,FLAT_START,CONVERGED_FEASIBLE,CONVERGED,PASSED,0.900157177499393,33,1,1,2.60902410786912e-14,4.82613948804556e-13,25,27,0.1463
ATT_T012_001713_1,CALL_T012_001713,1,COMBINED_REPAIRED_GEOMETRY_FINAL_VERIFICATION,2011-02-06 00:00:00,E0034,CAL_008783,3.5,-36.2024590395379,-1647.53877447838,FLAT_START,CONVERGED_FEASIBLE,CONVERGED,PASSED,0.900157490224802,33,1,1,2.60902410786912e-14,4.84168261039031e-13,25,27,0.1334
ATT_T012_001714_1,CALL_T012_001714,1,COMBINED_REPAIRED_GEOMETRY_FINAL_VERIFICATION,2011-02-06 00:00:00,E0034,CAL_008784,3.5,-22.2911003830027,-1653.38988764995,FLAT_START,CONVERGED_FEASIBLE,CONVERGED,PASSED,0.900157377331224,33,1,1,2.65343302885412e-14,4.86166662483356e-13,25,27,0.1334
ATT_T012_001715_1,CALL_T012_001715,1,COMBINED_REPAIRED_GEOMETRY_FINAL_VERIFICATION,2011-02-06 00:00:00,E0034,CAL_008785,3.5,-8.38272704130711,-1659.23974519902,FLAT_START,CONVERGED_FEASIBLE,CONVERGED,PASSED,0.900156840626428,33,1,1,2.67563748934663e-14,4.88498130835069e-13,25,27,0.133
ATT_T012_001716_1,CALL_T012_001716,1,COMBINED_REPAIRED_GEOMETRY_FINAL_VERIFICATION,2011-02-06 00:00:00,E0035,CAL_008786,3.5,1.34887917528948,-1663.33285578012,FLAT_START,CONVERGED_FEASIBLE,CONVERGED,PASSED,0.900156213869363,33,1,1,2.69784194983913e-14,4.90274487674469e-13,25,27,0.1358
ATT_T012_001717_1,CALL_T012_001717,1,COMBINED_REPAIRED_GEOMETRY_FINAL_VERIFICATION,2011-02-06 00:00:00,E0035,CAL_008787,3.5,5.52966584102887,-1665.06670230816,FLAT_START,CONVERGED_FEASIBLE,CONVERGED,PASSED,0.900156850767396,33,1,1,2.67563748934663e-14,4.90607554581857e-13,25,27,0.1574
ATT_T012_001718_1,CALL_T012_001718,1,COMBINED_REPAIRED_GEOMETRY_FINAL_VERIFICATION,2011-02-06 00:00:00,E0035,CAL_008788,3.5,19.4541027000829,-1670.8414137281,FLAT_START,CONVERGED_FEASIBLE,CONVERGED,PASSED,0.900158698806813,33,1,1,2.73114864057789e-14,4.92716978328644e-13,25,27,0.1353
ATT_T012_001719_1,CALL_T012_001719,1,COMBINED_REPAIRED_GEOMETRY_FINAL_VERIFICATION,2011-02-06 00:00:00,E0035,CAL_008789,3.5,33.380997821851,-1676.61714463327,FLAT_START,CONVERGED_FEASIBLE,CONVERGED,PASSED,0.90016012793263,33,1,1,2.72004641033163e-14,4.95492535890207e-13,25,27,0.1331
ATT_T012_001720_1,CALL_T012_001720,1,COMBINED_REPAIRED_GEOMETRY_FINAL_VERIFICATION,2011-02-06 00:00:00,E0035,CAL_008790,3.5,47.3124738759698,-1682.3947753325,FLAT_START,CONVERGED_FEASIBLE,CONVERGED,PASSED,0.900161139467549,33,1,1,2.75335310107039e-14,4.97935026544383e-13,25,27,0.1335
ATT_T012_001721_1,CALL_T012_001721,1,COMBINED_REPAIRED_GEOMETRY_FINAL_VERIFICATION,2011-02-06 00:00:00,E0035,CAL_008791,3.5,61.2506563248874,-1688.17518729284,FLAT_START,CONVERGED_FEASIBLE,CONVERGED,PASSED,0.900161734470178,33,1,1,2.77555756156289e-14,5.00044450291171e-13,25,27,0.1358
ATT_T012_001722_1,CALL_T012_001722,1,COMBINED_REPAIRED_GEOMETRY_FINAL_VERIFICATION,2011-02-06 00:00:00,E0035,CAL_008792,3.5,75.1976747221566,-1693.95926367798,FLAT_START,CONVERGED_FEASIBLE,CONVERGED,PASSED,0.900161913736578,33,1,1,2.77555756156289e-14,5.02931030155196e-13,25,27,0.1449
ATT_T012_001723_1,CALL_T012_001723,1,COMBINED_REPAIRED_GEOMETRY_FINAL_VERIFICATION,2011-02-06 00:00:00,E0035,CAL_008793,3.5,89.1556640160365,-1699.74788988891,FLAT_START,CONVERGED_FEASIBLE,CONVERGED,PASSED,0.900161677801467,33,1,1,2.80886425230165e-14,5.05817610019221e-13,25,27,0.1548
ATT_T012_001724_1,CALL_T012_001724,1,COMBINED_REPAIRED_GEOMETRY_FINAL_VERIFICATION,2011-02-06 00:00:00,E0035,CAL_008794,3.5,103.126765860098,-1705.54195410743,FLAT_START,CONVERGED_FEASIBLE,CONVERGED,PASSED,0.900161026939065,33,1,1,2.8421709430404e-14,5.08593167580784e-13,25,27,0.1343
ATT_T012_001725_1,CALL_T012_001725,1,COMBINED_REPAIRED_GEOMETRY_FINAL_VERIFICATION,2011-02-06 00:00:00,E0035,CAL_008795,3.5,117.113129932549,-1711.34234784329,FLAT_START,CONVERGED_FEASIBLE,CONVERGED,PASSED,0.900159961163586,33,1,1,2.85327317328665e-14,5.11590769747272e-13,25,27,0.1327
ATT_T012_001726_1,CALL_T012_001726,1,COMBINED_REPAIRED_GEOMETRY_FINAL_VERIFICATION,2011-02-06 00:00:00,E0035,CAL_008796,3.5,131.116915266013,-1717.14996648569,FLAT_START,CONVERGED_FEASIBLE,CONVERGED,PASSED,0.900158480229385,33,1,1,2.88657986402541e-14,5.14699394216223e-13,25,27,0.1337
ATT_T012_001727_1,CALL_T012_001727,1,COMBINED_REPAIRED_GEOMETRY_FINAL_VERIFICATION,2011-02-06 00:00:00,E0035,CAL_008797,3.5,145.140291589519,-1722.96570985982,FLAT_START,CONVERGED_FEASIBLE,CONVERGED,PASSED,0.90015658363075,33,1,1,2.89768209427166e-14,5.18141085592561e-13,25,27,0.1325
ATT_T012_001728_1,CALL_T012_001728,1,COMBINED_REPAIRED_GEOMETRY_FINAL_VERIFICATION,2011-02-06 00:00:00,E0035,CAL_008798,3.5,159.185440684488,-1728.7904827892,FLAT_START,CONVERGED_FEASIBLE,CONVERGED,PASSED,0.90015427060135,33,1,1,2.89768209427166e-14,5.21360732363974e-13,25,27,0.132
ATT_T012_001729_1,CALL_T012_001729,1,COMBINED_REPAIRED_GEOMETRY_FINAL_VERIFICATION,2011-02-06 00:00:00,E0036,CAL_008799,3.5,173.2545577558,-1734.62519566431,FLAT_START,CONVERGED_FEASIBLE,CONVERGED,PASSED,0.900151540113326,33,1,1,2.95319324550292e-14,5.24802423740311e-13,25,27,0.1349
ATT_T012_001730_1,CALL_T012_001730,1,COMBINED_REPAIRED_GEOMETRY_FINAL_VERIFICATION,2011-02-06 00:00:00,E0036,CAL_008800,3.5,173.254557756527,-1734.6251956646,FLAT_START,CONVERGED_FEASIBLE,CONVERGED,PASSED,0.900151540113326,33,1,1,2.95319324550292e-14,5.25135490647699e-13,25,27,0.1694
ATT_T012_001731_1,CALL_T012_001731,1,COMBINED_REPAIRED_GEOMETRY_FINAL_VERIFICATION,2011-02-06 00:00:00,E0036,CAL_008801,3.5,187.370376135171,-1740.29656758693,FLAT_START,CONVERGED_FEASIBLE,CONVERGED,PASSED,0.900155609098585,33,1,1,2.98649993624167e-14,5.28133092814187e-13,25,27,0.1328
ATT_T012_001732_1,CALL_T012_001732,1,COMBINED_REPAIRED_GEOMETRY_FINAL_VERIFICATION,2011-02-06 00:00:00,E0036,CAL_008802,3.5,201.512559438206,-1745.97853225621,FLAT_START,CONVERGED_FEASIBLE,CONVERGED,PASSED,0.900159273647159,33,1,1,2.97539770599542e-14,5.3179682879545e-13,25,27,0.1339
ATT_T012_001733_1,CALL_T012_001733,1,COMBINED_REPAIRED_GEOMETRY_FINAL_VERIFICATION,2011-02-06 00:00:00,E0036,CAL_008803,3.5,215.683341895863,-1751.67198732853,FLAT_START,CONVERGED_FEASIBLE,CONVERGED,PASSED,0.900162533309627,33,1,1,3.00870439673417e-14,5.35127497869325e-13,25,27,0.1667
ATT_T012_001734_1,CALL_T012_001734,1,COMBINED_REPAIRED_GEOMETRY_FINAL_VERIFICATION,2011-02-06 00:00:00,E0036,CAL_008804,3.5,229.884975515138,-1757.37783760225,FLAT_START,CONVERGED_FEASIBLE,CONVERGED,PASSED,0.900165387379979,33,1,1,3.04201108747293e-14,5.38902256153051e-13,25,27,0.1342
ATT_T012_001735_1,CALL_T012_001735,1,COMBINED_REPAIRED_GEOMETRY_FINAL_VERIFICATION,2011-02-06 00:00:00,E0036,CAL_008805,3.5,244.119731539617,-1763.0969956045,FLAT_START,CONVERGED_FEASIBLE,CONVERGED,PASSED,0.90016783489403,33,1,1,3.07531777821168e-14,5.42565992134314e-13,25,27,0.1325
ATT_T012_001736_1,CALL_T012_001736,1,COMBINED_REPAIRED_GEOMETRY_FINAL_VERIFICATION,2011-02-06 00:00:00,E0036,CAL_008806,3.5,258.38990193499,-1768.830382188,FLAT_START,CONVERGED_FEASIBLE,CONVERGED,PASSED,0.900169874627476,33,1,1,3.08642000845794e-14,5.46895861930352e-13,25,27,0.1328
ATT_T012_001737_1,CALL_T012_001737,1,COMBINED_REPAIRED_GEOMETRY_FINAL_VERIFICATION,2011-02-06 00:00:00,E0036,CAL_008807,3.5,272.697800902382,-1774.5789271391,FLAT_START,CONVERGED_FEASIBLE,CONVERGED,PASSED,0.900171505093605,33,1,1,3.13082892944294e-14,5.50226531004228e-13,25,27,0.1338
ATT_T012_001738_1,CALL_T012_001738,1,COMBINED_REPAIRED_GEOMETRY_FINAL_VERIFICATION,2011-02-06 00:00:00,E0036,CAL_008808,3.5,287.045766421644,-1780.34356979784,FLAT_START,CONVERGED_FEASIBLE,CONVERGED,PASSED,0.900172724540622,33,1,1,3.15303338993544e-14,5.54223333892878e-13,25,27,0.1354
ATT_T012_001739_1,CALL_T012_001739,1,COMBINED_REPAIRED_GEOMETRY_FINAL_VERIFICATION,2011-02-06 00:00:00,E0036,CAL_008809,3.5,301.436161826879,-1786.12525969093,FLAT_START,CONVERGED_FEASIBLE,CONVERGED,PASSED,0.900173530948621,33,1,1,3.1863400806742e-14,5.58775248293841e-13,25,27,0.1363
ATT_T012_001740_1,CALL_T012_001740,1,COMBINED_REPAIRED_GEOMETRY_FINAL_VERIFICATION,2011-02-06 00:00:00,E0036,CAL_008810,3.5,315.871377416494,-1791.92495717865,FLAT_START,CONVERGED_FEASIBLE,CONVERGED,PASSED,0.900173922026166,33,1,1,3.23074900165921e-14,5.62994095787417e-13,25,27,0.155
ATT_T012_001741_1,CALL_T012_001741,1,COMBINED_REPAIRED_GEOMETRY_FINAL_VERIFICATION,2011-02-06 00:00:00,E0036,CAL_008811,3.5,330.353832100201,-1797.74363411657,FLAT_START,CONVERGED_FEASIBLE,CONVERGED,PASSED,0.900173895206486,33,1,1,3.24185123190546e-14,5.6754601018838e-13,25,27,0.1419
ATT_T012_001742_1,CALL_T012_001742,1,COMBINED_REPAIRED_GEOMETRY_FINAL_VERIFICATION,2011-02-06 00:00:00,E0036,CAL_008812,3.5,344.885975085441,-1803.58227453309,FLAT_START,CONVERGED_FEASIBLE,CONVERGED,PASSED,0.900173447643273,33,1,1,3.28626015289046e-14,5.72764058404118e-13,25,27,0.1335
ATT_T012_001743_1,CALL_T012_001743,1,COMBINED_REPAIRED_GEOMETRY_FINAL_VERIFICATION,2011-02-06 00:00:00,E0036,CAL_008813,3.5,359.470287605816,-1809.44187532391,FLAT_START,CONVERGED_FEASIBLE,CONVERGED,PASSED,0.900172576206068,33,1,1,3.30846461338297e-14,5.76982905897694e-13,25,27,0.1323
ATT_T012_001744_1,CALL_T012_001744,1,COMBINED_REPAIRED_GEOMETRY_FINAL_VERIFICATION,2011-02-06 00:00:00,E0036,CAL_008814,3.5,374.109284694223,-1815.32344696442,FLAT_START,CONVERGED_FEASIBLE,CONVERGED,PASSED,0.90017127747523,33,1,1,3.35287353436797e-14,5.81756864903582e-13,25,27,0.1329
ATT_T012_001745_1,CALL_T012_001745,1,COMBINED_REPAIRED_GEOMETRY_FINAL_VERIFICATION,2011-02-06 00:00:00,E0036,CAL_008815,3.5,388.805517003476,-1821.22801424114,FLAT_START,CONVERGED_FEASIBLE,CONVERGED,PASSED,0.90016954773647,33,1,1,3.36397576461422e-14,5.8697491311932e-13,25,27,0.1332
ATT_T012_001746_1,CALL_T012_001746,1,COMBINED_REPAIRED_GEOMETRY_FINAL_VERIFICATION,2011-02-06 00:00:00,E0036,CAL_008816,3.5,403.561572677323,-1827.15661700354,FLAT_START,CONVERGED_FEASIBLE,CONVERGED,PASSED,0.90016738297494,33,1,1,3.39728245535298e-14,5.91970916730133e-13,25,27,0.1542
ATT_T012_001747_1,CALL_T012_001747,1,COMBINED_REPAIRED_GEOMETRY_FINAL_VERIFICATION,2011-02-06 00:00:00,E0036,CAL_008817,3.5,418.380079274908,-1833.11031093712,FLAT_START,CONVERGED_FEASIBLE,CONVERGED,PASSED,0.90016477886885,33,1,1,3.45279360658424e-14,5.97522031853259e-13,25,27,0.1342
ATT_T012_001748_1,CALL_T012_001748,1,COMBINED_REPAIRED_GEOMETRY_FINAL_VERIFICATION,2011-02-06 00:00:00,E0036,CAL_008818,3.5,433.263705751831,-1839.09016835944,FLAT_START,CONVERGED_FEASIBLE,CONVERGED,PASSED,0.90016173078262,33,1,1,3.49720252756924e-14,6.02740080068997e-13,25,27,0.1341
ATT_T012_001749_1,CALL_T012_001749,1,COMBINED_REPAIRED_GEOMETRY_FINAL_VERIFICATION,2011-02-06 00:00:00,E0036,CAL_008819,3.5,448.215164501128,-1845.09727904011,FLAT_START,CONVERGED_FEASIBLE,CONVERGED,PASSED,0.900158233759527,33,1,1,3.50830475781549e-14,6.08291195192123e-13,25,27,0.1328
ATT_T012_001750_1,CALL_T012_001750,1,COMBINED_REPAIRED_GEOMETRY_FINAL_VERIFICATION,2011-02-06 00:00:00,E0037,CAL_008820,3.5,463.237213457635,-1851.13275104623,FLAT_START,CONVERGED_FEASIBLE,CONVERGED,PASSED,0.900154282513836,33,1,1,3.5527136788005e-14,6.14175377222637e-13,25,27,0.1366
ATT_T012_001751_1,CALL_T012_001751,1,COMBINED_REPAIRED_GEOMETRY_FINAL_VERIFICATION,2011-02-06 00:00:00,E0037,CAL_008821,3.5,478.331297236243,-1856.97434396425,FLAT_START,CONVERGED_FEASIBLE,CONVERGED,PASSED,0.90015871870662,33,1,1,3.59712259978551e-14,6.19393425438375e-13,25,27,0.1336
ATT_T012_001752_1,CALL_T012_001752,1,COMBINED_REPAIRED_GEOMETRY_FINAL_VERIFICATION,2011-02-06 00:00:00,E0037,CAL_008822,3.5,493.498895856279,-1862.84438801474,FLAT_START,CONVERGED_FEASIBLE,CONVERGED,PASSED,0.900162737168997,33,1,1,3.63042929052426e-14,6.25166585166426e-13,25,27,0.1556
ATT_T012_001753_1,CALL_T012_001753,1,COMBINED_REPAIRED_GEOMETRY_FINAL_VERIFICATION,2011-02-06 00:00:00,E0037,CAL_008823,3.5,508.742875102961,-1868.74399229123,FLAT_START,CONVERGED_FEASIBLE,CONVERGED,PASSED,0.900166333606133,33,1,1,3.67483821150927e-14,6.30828722592014e-13,25,27,0.1343
ATT_T012_001754_1,CALL_T012_001754,1,COMBINED_REPAIRED_GEOMETRY_FINAL_VERIFICATION,2011-02-06 00:00:00,E0037,CAL_008824,3.5,524.066153086792,-1874.67428613776,FLAT_START,CONVERGED_FEASIBLE,CONVERGED,PASSED,0.900169503399004,33,1,1,3.71924713249427e-14,6.3682392692499e-13,25,27,0.1351
ATT_T012_001755_1,CALL_T012_001755,1,COMBINED_REPAIRED_GEOMETRY_FINAL_VERIFICATION,2011-02-06 00:00:00,E0037,CAL_008825,3.5,539.471702644483,-1880.63642007808,FLAT_START,CONVERGED_FEASIBLE,CONVERGED,PASSED,0.900172241595751,33,1,1,3.75255382323303e-14,6.42708108955503e-13,25,27,0.1342
ATT_T012_001756_1,CALL_T012_001756,1,COMBINED_REPAIRED_GEOMETRY_FINAL_VERIFICATION,2011-02-06 00:00:00,E0037,CAL_008826,3.5,554.962553823274,-1886.63156677711,FLAT_START,CONVERGED_FEASIBLE,CONVERGED,PASSED,0.900174542902449,33,1,1,3.78586051397178e-14,6.49147402498329e-13,25,27,0.1328
ATT_T012_001757_1,CALL_T012_001757,1,COMBINED_REPAIRED_GEOMETRY_FINAL_VERIFICATION,2011-02-06 00:00:00,E0037,CAL_008827,3.5,570.541796453275,-1892.66092203646,FLAT_START,CONVERGED_FEASIBLE,CONVERGED,PASSED,0.900176401673273,33,1,1,3.83026943495679e-14,6.55475673738692e-13,25,27,0.1328
ATT_T012_001758_1,CALL_T012_001758,1,COMBINED_REPAIRED_GEOMETRY_FINAL_VERIFICATION,2011-02-06 00:00:00,E0037,CAL_008828,3.5,586.212582812699,-1898.7257058259,FLAT_START,CONVERGED_FEASIBLE,CONVERGED,PASSED,0.900177811900026,33,1,1,3.88578058618805e-14,6.62025989583981e-13,25,27,0.1352
ATT_T012_001759_1,CALL_T012_001759,1,COMBINED_REPAIRED_GEOMETRY_FINAL_VERIFICATION,2011-02-06 00:00:00,E0037,CAL_008829,3.5,601.978130391111,-1904.82716335282,FLAT_START,CONVERGED_FEASIBLE,CONVERGED,PASSED,0.900178767201002,33,1,1,3.93018950717305e-14,6.69020394639119e-13,25,27,0.1543
ATT_T012_001760_1,CALL_T012_001760,1,COMBINED_REPAIRED_GEOMETRY_FINAL_VERIFICATION,2011-02-06 00:00:00,E0037,CAL_008830,3.5,617.84172475608,-1910.96656617156,FLAT_START,CONVERGED_FEASIBLE,CONVERGED,PASSED,0.900179260809154,33,1,1,3.97459842815806e-14,6.75459688181945e-13,25,27,0.1442
ATT_T012_001761_1,CALL_T012_001761,1,COMBINED_REPAIRED_GEOMETRY_FINAL_VERIFICATION,2011-02-06 00:00:00,E0037,CAL_008831,3.5,633.806722528939,-1917.14521333519,FLAT_START,CONVERGED_FEASIBLE,CONVERGED,PASSED,0.900179285559527,33,1,1,4.03010957938932e-14,6.83120227051859e-13,25,27,0.1345
ATT_T012_001762_1,CALL_T012_001762,1,COMBINED_REPAIRED_GEOMETRY_FINAL_VERIFICATION,2011-02-06 00:00:00,E0037,CAL_008832,3.5,649.876554475656,-1923.3644325916,FLAT_START,CONVERGED_FEASIBLE,CONVERGED,PASSED,0.900178833875924,33,1,1,4.05231403988182e-14,6.9022565440946e-13,25,27,0.1334
ATT_T012_001763_1,CALL_T012_001763,1,COMBINED_REPAIRED_GEOMETRY_FINAL_VERIFICATION,2011-02-06 00:00:00,E0037,CAL_008833,3.5,666.054728719137,-1929.62558162677,FLAT_START,CONVERGED_FEASIBLE,CONVERGED,PASSED,0.900177897756755,33,1,1,4.11892742135933e-14,6.97775170976911e-13,25,27,0.1352
ATT_T012_001764_1,CALL_T012_001764,1,COMBINED_REPAIRED_GEOMETRY_FINAL_VERIFICATION,2011-02-06 00:00:00,E0037,CAL_008834,3.5,682.344834079672,-1935.93004935755,FLAT_START,CONVERGED_FEASIBLE,CONVERGED,PASSED,0.900176468760051,33,1,1,4.16333634234434e-14,7.05102642939437e-13,25,27,0.1334
ATT_T012_001765_1,CALL_T012_001765,1,COMBINED_REPAIRED_GEOMETRY_FINAL_VERIFICATION,2011-02-06 00:00:00,E0037,CAL_008835,3.5,698.750543550606,-1942.27925727678,FLAT_START,CONVERGED_FEASIBLE,CONVERGED,PASSED,0.900174537987559,33,1,1,4.22994972382185e-14,7.13207271019201e-13,25,27,0.1328
ATT_T012_001766_1,CALL_T012_001766,1,COMBINED_REPAIRED_GEOMETRY_FINAL_VERIFICATION,2011-02-06 00:00:00,E0037,CAL_008836,3.5,715.275617916687,-1948.67466085361,FLAT_START,CONVERGED_FEASIBLE,CONVERGED,PASSED,0.900172096067913,33,1,1,4.27435864480685e-14,7.21089854494039e-13,25,27,0.1564
ATT_T012_001767_1,CALL_T012_001767,1,COMBINED_REPAIRED_GEOMETRY_FINAL_VERIFICATION,2011-02-06 00:00:00,E0037,CAL_008837,3.5,731.923909523052,-1955.1177509922,FLAT_START,CONVERGED_FEASIBLE,CONVERGED,PASSED,0.900169133138784,33,1,1,4.32986979603811e-14,7.29749594086115e-13,25,27,0.1355
ATT_T012_001768_1,CALL_T012_001768,1,COMBINED_REPAIRED_GEOMETRY_FINAL_VERIFICATION,2011-02-06 00:00:00,E0037,CAL_008838,3.5,748.699366203199,-1961.61005555183,FLAT_START,CONVERGED_FEASIBLE,CONVERGED,PASSED,0.900165638828,33,1,1,4.41868763800812e-14,7.38409333678192e-13,25,27,0.1343
ATT_T012_001769_1,CALL_T012_001769,1,COMBINED_REPAIRED_GEOMETRY_FINAL_VERIFICATION,2011-02-06 00:00:00,E0037,CAL_008839,3.5,765.606035374859,-1968.15314093211,FLAT_START,CONVERGED_FEASIBLE,CONVERGED,PASSED,0.900161602233452,33,1,1,1.67643676718399e-14,8.25006729598954e-13,25,28,0.134
ATT_T012_001770_1,CALL_T012_001770,1,COMBINED_REPAIRED_GEOMETRY_FINAL_VERIFICATION,2011-02-06 00:00:00,E0038,CAL_008840,3.5,782.648068312177,-1974.74861372632,FLAT_START,CONVERGED_FEASIBLE,CONVERGED,PASSED,0.900157011902222,33,1,1,1.72084568816899e-14,8.34887714518118e-13,25,28,0.1364
ATT_T012_001771_1,CALL_T012_001771,1,COMBINED_REPAIRED_GEOMETRY_FINAL_VERIFICATION,2011-02-06 00:00:00,E0038,CAL_008841,3.5,782.648068313161,-1974.74861372669,FLAT_START,CONVERGED_FEASIBLE,CONVERGED,PASSED,0.900157011902223,33,1,1,1.70974345792274e-14,8.35109759123043e-13,25,28,0.1357
ATT_T012_001772_1,CALL_T012_001772,1,COMBINED_REPAIRED_GEOMETRY_FINAL_VERIFICATION,2011-02-06 00:00:00,E0038,CAL_008842,3.5,799.794434113977,-1981.12036983162,FLAT_START,CONVERGED_FEASIBLE,CONVERGED,PASSED,0.900162402208275,33,1,1,1.7430501486615e-14,8.44768699437282e-13,25,28,0.1582
ATT_T012_001773_1,CALL_T012_001773,1,COMBINED_REPAIRED_GEOMETRY_FINAL_VERIFICATION,2011-02-06 00:00:00,E0038,CAL_008843,3.5,817.080806671646,-1987.54415380754,FLAT_START,CONVERGED_FEASIBLE,CONVERGED,PASSED,0.900167309106588,33,1,1,1.765254609154e-14,8.54094572844133e-13,25,28,0.1361
ATT_T012_001774_1,CALL_T012_001774,1,COMBINED_REPAIRED_GEOMETRY_FINAL_VERIFICATION,2011-02-06 00:00:00,E0038,CAL_008844,3.5,834.511573503855,-1994.02159609864,FLAT_START,CONVERGED_FEASIBLE,CONVERGED,PASSED,0.900171722658373,33,1,1,1.80966353013901e-14,8.64530669275609e-13,25,28,0.1358
ATT_T012_001775_1,CALL_T012_001775,1,COMBINED_REPAIRED_GEOMETRY_FINAL_VERIFICATION,2011-02-06 00:00:00,E0038,CAL_008845,3.5,852.091240099461,-2000.55437098834,FLAT_START,CONVERGED_FEASIBLE,CONVERGED,PASSED,0.900175632377093,33,1,1,1.80966353013901e-14,8.75299832614473e-13,25,28,0.1348
ATT_T012_001776_1,CALL_T012_001776,1,COMBINED_REPAIRED_GEOMETRY_FINAL_VERIFICATION,2011-02-06 00:00:00,E0038,CAL_008846,3.5,869.824435010818,-2007.14419849168,FLAT_START,CONVERGED_FEASIBLE,CONVERGED,PASSED,0.900179027205198,33,1,1,1.84297022087776e-14,8.86068995953337e-13,25,28,0.1908
ATT_T012_001777_1,CALL_T012_001777,1,COMBINED_REPAIRED_GEOMETRY_FINAL_VERIFICATION,2011-02-06 00:00:00,E0038,CAL_008847,3.5,887.715915179705,-2013.79284633442,FLAT_START,CONVERGED_FEASIBLE,CONVERGED,PASSED,0.900181895489455,33,1,1,1.86517468137026e-14,8.96727136989739e-13,25,28,0.1445
ATT_T012_001778_1,CALL_T012_001778,1,COMBINED_REPAIRED_GEOMETRY_FINAL_VERIFICATION,2011-02-06 00:00:00,E0038,CAL_008848,3.5,905.770571510374,-2020.5021320241,FLAT_START,CONVERGED_FEASIBLE,CONVERGED,PASSED,0.90018422495476,33,1,1,1.88737914186277e-14,9.08384478748303e-13,25,28,0.1579
ATT_T012_001779_1,CALL_T012_001779,1,COMBINED_REPAIRED_GEOMETRY_FINAL_VERIFICATION,2011-02-06 00:00:00,E0038,CAL_008849,3.5,923.993434704073,-2027.27392501817,FLAT_START,CONVERGED_FEASIBLE,CONVERGED,PASSED,0.900186002676372,33,1,1,1.92068583260152e-14,9.20041820506867e-13,25,28,0.1628
ATT_T012_001780_1,CALL_T012_001780,1,COMBINED_REPAIRED_GEOMETRY_FINAL_VERIFICATION,2011-02-06 00:00:00,E0038,CAL_008850,3.5,942.389681370353,-2034.11014899505,FLAT_START,CONVERGED_FEASIBLE,CONVERGED,PASSED,0.900187215050437,33,1,1,1.94289029309402e-14,9.32365296080206e-13,25,28,0.1498
ATT_T012_001781_1,CALL_T012_001781,1,COMBINED_REPAIRED_GEOMETRY_FINAL_VERIFICATION,2011-02-06 00:00:00,E0038,CAL_008851,3.5,960.964640431463,-2041.01278423399,FLAT_START,CONVERGED_FEASIBLE,CONVERGED,PASSED,0.900187847762706,33,1,1,1.97619698383278e-14,9.45354905468321e-13,25,28,0.1358
ATT_T012_001782_1,CALL_T012_001782,1,COMBINED_REPAIRED_GEOMETRY_FINAL_VERIFICATION,2011-02-06 00:00:00,E0038,CAL_008852,3.5,979.723799837202,-2047.98387011047,FLAT_START,CONVERGED_FEASIBLE,CONVERGED,PASSED,0.900187885755339,33,1,1,1.98729921407903e-14,9.5767838104166e-13,25,28,0.1357
ATT_T012_001783_1,CALL_T012_001783,1,COMBINED_REPAIRED_GEOMETRY_FINAL_VERIFICATION,2011-02-06 00:00:00,E0038,CAL_008853,3.5,998.67281360877,-2055.02550771368,FLAT_START,CONVERGED_FEASIBLE,CONVERGED,PASSED,0.900187313191641,33,1,1,2.03170813506404e-14,9.70890035034699e-13,25,28,0.1356
ATT_T012_001784_1,CALL_T012_001784,1,COMBINED_REPAIRED_GEOMETRY_FINAL_VERIFICATION,2011-02-06 00:00:00,E0038,CAL_008854,3.5,1017.8175092314,-2062.13986259376,FLAT_START,CONVERGED_FEASIBLE,CONVERGED,PASSED,0.900186113418629,33,1,1,2.07611705604904e-14,9.84656800540051e-13,25,28,0.1587
ATT_T012_001785_1,CALL_T012_001785,1,COMBINED_REPAIRED_GEOMETRY_FINAL_VERIFICATION,2011-02-06 00:00:00,E0038,CAL_008855,3.5,1037.16389541691,-2069.32916764638,FLAT_START,CONVERGED_FEASIBLE,CONVERGED,PASSED,0.900184268927249,33,1,1,2.07611705604904e-14,9.99089699860178e-13,25,28,0.1604
ATT_T012_001786_1,CALL_T012_001786,1,COMBINED_REPAIRED_GEOMETRY_FINAL_VERIFICATION,2011-02-06 00:00:00,E0038,CAL_008856,3.5,1056.71817025872,-2076.59572614328,FLAT_START,CONVERGED_FEASIBLE,CONVERGED,PASSED,0.900181761310114,33,1,1,2.1316282072803e-14,1.01341157687784e-12,25,28,0.1802
ATT_T012_001787_1,CALL_T012_001787,1,COMBINED_REPAIRED_GEOMETRY_FINAL_VERIFICATION,2011-02-06 00:00:00,E0038,CAL_008857,3.5,1076.48672980349,-2083.94191491753,FLAT_START,CONVERGED_FEASIBLE,CONVERGED,PASSED,0.900178571216568,33,1,1,2.16493489801906e-14,1.02839958771028e-12,25,28,0.1375
ATT_T012_001788_1,CALL_T012_001788,1,COMBINED_REPAIRED_GEOMETRY_FINAL_VERIFICATION,2011-02-06 00:00:00,E0038,CAL_008858,3.5,1096.47617706522,-2091.37018771328,FLAT_START,CONVERGED_FEASIBLE,CONVERGED,PASSED,0.900174678304915,33,1,1,2.20934381900406e-14,1.04394271005503e-12,25,28,0.1367
ATT_T012_001789_1,CALL_T012_001789,1,COMBINED_REPAIRED_GEOMETRY_FINAL_VERIFICATION,2011-02-06 00:00:00,E0038,CAL_008859,3.5,1116.69333150941,-2098.88307871016,FLAT_START,CONVERGED_FEASIBLE,CONVERGED,PASSED,0.900170061191591,33,1,1,2.24265050974282e-14,1.05992992160964e-12,25,28,0.135
ATT_T012_001790_1,CALL_T012_001790,1,COMBINED_REPAIRED_GEOMETRY_FINAL_VERIFICATION,2011-02-06 00:00:00,E0038,CAL_008860,3.5,1137.14523903687,-2106.48320623337,FLAT_START,CONVERGED_FEASIBLE,CONVERGED,PASSED,0.900164697397081,33,1,1,2.28705943072782e-14,1.07669428928148e-12,25,28,0.1722
ATT_T012_001791_1,CALL_T012_001791,1,COMBINED_REPAIRED_GEOMETRY_FINAL_VERIFICATION,2011-02-06 00:00:00,E0039,CAL_008861,3.5,1157.83918249416,-2114.17327665942,FLAT_START,CONVERGED_FEASIBLE,CONVERGED,PASSED,0.900158563288342,33,1,1,2.32036612146658e-14,1.09401376846563e-12,25,28,0.1394
ATT_T012_001792_1,CALL_T012_001792,1,COMBINED_REPAIRED_GEOMETRY_FINAL_VERIFICATION,2011-02-06 00:00:00,E0039,CAL_008862,3.5,1157.83918249904,-2114.17327666117,FLAT_START,CONVERGED_FEASIBLE,CONVERGED,PASSED,0.900158563288342,33,1,1,2.30926389122033e-14,1.09401376846563e-12,25,28,0.1759
ATT_T012_001793_1,CALL_T012_001793,1,COMBINED_REPAIRED_GEOMETRY_FINAL_VERIFICATION,2011-02-06 00:00:00,E0039,CAL_008863,3.5,1178.71142738713,-2121.68479396475,FLAT_START,CONVERGED_FEASIBLE,CONVERGED,PASSED,0.900161479025861,33,1,1,2.37587727269783e-14,1.11055609153254e-12,25,28,0.1393
ATT_T012_001794_1,CALL_T012_001794,1,COMBINED_REPAIRED_GEOMETRY_FINAL_VERIFICATION,2011-02-06 00:00:00,E0039,CAL_008864,3.5,1199.83597006435,-2129.28710836364,FLAT_START,CONVERGED_FEASIBLE,CONVERGED,PASSED,0.900163705295319,33,1,1,2.40918396343659e-14,1.1278755707167e-12,25,28,0.1362
ATT_T012_001795_1,CALL_T012_001795,1,COMBINED_REPAIRED_GEOMETRY_FINAL_VERIFICATION,2011-02-06 00:00:00,E0039,CAL_008865,3.5,1221.22068970409,-2136.98305541998,FLAT_START,CONVERGED_FEASIBLE,CONVERGED,PASSED,0.900165219292482,33,1,1,2.4535928844216e-14,1.14575016141316e-12,25,28,0.135
ATT_T012_001796_1,CALL_T012_001796,1,COMBINED_REPAIRED_GEOMETRY_FINAL_VERIFICATION,2011-02-06 00:00:00,E0039,CAL_008866,3.5,1242.87374102938,-2144.77556986091,FLAT_START,CONVERGED_FEASIBLE,CONVERGED,PASSED,0.900165996978192,33,1,1,2.48689957516035e-14,1.16451293052933e-12,25,28,0.1343
ATT_T012_001797_1,CALL_T012_001797,1,COMBINED_REPAIRED_GEOMETRY_FINAL_VERIFICATION,2011-02-06 00:00:00,E0039,CAL_008867,3.5,1264.80356750044,-2152.66769032447,FLAT_START,CONVERGED_FEASIBLE,CONVERGED,PASSED,0.9001660130096,33,1,1,2.53130849614536e-14,1.18360876655288e-12,25,28,0.1357
ATT_T012_001798_1,CALL_T012_001798,1,COMBINED_REPAIRED_GEOMETRY_FINAL_VERIFICATION,2011-02-06 00:00:00,E0039,CAL_008868,3.5,1287.01891524192,-2160.66256437178,FLAT_START,CONVERGED_FEASIBLE,CONVERGED,PASSED,0.900165240666728,33,1,1,2.57571741713036e-14,1.20359278099613e-12,25,28,0.1347
ATT_T012_001799_1,CALL_T012_001799,1,COMBINED_REPAIRED_GEOMETRY_FINAL_VERIFICATION,2011-02-06 00:00:00,E0039,CAL_008869,3.5,1309.52884775932,-2168.7634537832,FLAT_START,CONVERGED_FEASIBLE,CONVERGED,PASSED,0.900163651774012,33,1,1,2.62012633811537e-14,1.22435395155662e-12,25,28,0.1676
ATT_T012_001800_1,CALL_T012_001800,1,COMBINED_REPAIRED_GEOMETRY_FINAL_VERIFICATION,2011-02-06 00:00:00,E0039,CAL_008870,3.5,1332.34276149808,-2176.97374015775,FLAT_START,CONVERGED_FEASIBLE,CONVERGED,PASSED,0.900161216616429,33,1,1,2.68673971959288e-14,1.24578125593189e-12,25,28,0.1399
ATT_T012_001801_1,CALL_T012_001801,1,COMBINED_REPAIRED_GEOMETRY_FINAL_VERIFICATION,2011-02-06 00:00:00,E0039,CAL_008871,3.5,1355.47040230269,-2185.29693083637,FLAT_START,CONVERGED_FEASIBLE,CONVERGED,PASSED,0.90015790384979,33,1,1,2.74225087082414e-14,4.40314451566337e-13,26,28,0.1384
ATT_T012_001802_1,CALL_T012_001802,1,COMBINED_REPAIRED_GEOMETRY_FINAL_VERIFICATION,2011-02-06 00:00:00,E0040,CAL_008872,3.5,1378.92188283237,-2193.73666516958,FLAT_START,CONVERGED_FEASIBLE,CONVERGED,PASSED,0.900153680404749,33,1,1,2.77555756156289e-14,4.48641124251026e-13,26,28,0.1673
ATT_T012_001803_1,CALL_T012_001803,1,COMBINED_REPAIRED_GEOMETRY_FINAL_VERIFICATION,2011-02-06 00:00:00,E0040,CAL_008873,3.5,1378.9218828379,-2193.73666517151,FLAT_START,CONVERGED_FEASIBLE,CONVERGED,PASSED,0.90015368040475,33,1,1,2.79776202205539e-14,4.48641124251026e-13,26,28,0.1457
ATT_T012_001804_1,CALL_T012_001804,1,COMBINED_REPAIRED_GEOMETRY_FINAL_VERIFICATION,2011-02-06 00:00:00,E0040,CAL_008874,3.5,1402.61743766918,-2202.0224810055,FLAT_START,CONVERGED_FEASIBLE,CONVERGED,PASSED,0.900158261874194,33,1,1,2.8421709430404e-14,4.57078819238177e-13,26,28,0.1376
ATT_T012_001805_1,CALL_T012_001805,1,COMBINED_REPAIRED_GEOMETRY_FINAL_VERIFICATION,2011-02-06 00:00:00,E0040,CAL_008875,3.5,1426.65223221559,-2210.42692152767,FLAT_START,CONVERGED_FEASIBLE,CONVERGED,PASSED,0.90016201553254,33,1,1,2.88657986402541e-14,4.65072425015478e-13,26,28,0.1963
ATT_T012_001806_1,CALL_T012_001806,1,COMBINED_REPAIRED_GEOMETRY_FINAL_VERIFICATION,2011-02-06 00:00:00,E0040,CAL_008876,3.5,1451.03734488803,-2218.95386061534,FLAT_START,CONVERGED_FEASIBLE,CONVERGED,PASSED,0.900164908285581,33,1,1,2.96429547574917e-14,4.73954209212479e-13,26,28,0.1424
ATT_T012_001807_1,CALL_T012_001807,1,COMBINED_REPAIRED_GEOMETRY_FINAL_VERIFICATION,2011-02-06 00:00:00,E0040,CAL_008877,3.5,1475.78428773285,-2227.60732377864,FLAT_START,CONVERGED_FEASIBLE,CONVERGED,PASSED,0.900166905121485,33,1,1,3.03090885722668e-14,4.83280082619331e-13,26,28,0.1394
ATT_T012_001808_1,CALL_T012_001808,1,COMBINED_REPAIRED_GEOMETRY_FINAL_VERIFICATION,2011-02-06 00:00:00,E0040,CAL_008878,3.5,1500.90502889352,-2236.39149601485,FLAT_START,CONVERGED_FEASIBLE,CONVERGED,PASSED,0.900167968990996,33,1,1,3.09752223870419e-14,4.9293902293357e-13,26,28,0.1825
ATT_T012_001809_1,CALL_T012_001809,1,COMBINED_REPAIRED_GEOMETRY_FINAL_VERIFICATION,2011-02-06 00:00:00,E0040,CAL_008879,3.5,1526.41201645982,-2245.31073014796,FLAT_START,CONVERGED_FEASIBLE,CONVERGED,PASSED,0.900168060678759,33,1,1,3.15303338993544e-14,5.02820007852733e-13,26,28,0.1442
ATT_T012_001810_1,CALL_T012_001810,1,COMBINED_REPAIRED_GEOMETRY_FINAL_VERIFICATION,2011-02-06 00:00:00,E0040,CAL_008880,3.5,1552.31820380643,-2254.36955568901,FLAT_START,CONVERGED_FEASIBLE,CONVERGED,PASSED,0.900167138665008,33,1,1,3.2085445411667e-14,5.13034059679285e-13,26,28,0.1383
ATT_T012_001811_1,CALL_T012_001811,1,COMBINED_REPAIRED_GEOMETRY_FINAL_VERIFICATION,2011-02-06 00:00:00,E0040,CAL_008881,3.5,1578.63707653097,-2263.5726882557,FLAT_START,CONVERGED_FEASIBLE,CONVERGED,PASSED,0.900165158976795,33,1,1,3.29736238313671e-14,5.23914245320611e-13,26,28,0.1848
ATT_T012_001812_1,CALL_T012_001812,1,COMBINED_REPAIRED_GEOMETRY_FINAL_VERIFICATION,2011-02-06 00:00:00,E0040,CAL_008882,3.5,1605.38268111136,-2272.92503959332,FLAT_START,CONVERGED_FEASIBLE,CONVERGED,PASSED,0.900162075027872,33,1,1,3.35287353436797e-14,5.35127497869325e-13,26,28,0.1443
ATT_T012_001813_1,CALL_T012_001813,1,COMBINED_REPAIRED_GEOMETRY_FINAL_VERIFICATION,2011-02-06 00:00:00,E0041,CAL_008883,3.5,1632.56965541142,-2282.43172824178,FLAT_START,CONVERGED_FEASIBLE,CONVERGED,PASSED,0.900157837446233,33,1,1,3.45279360658424e-14,5.4678483962789e-13,26,28,0.1389
ATT_T012_001814_1,CALL_T012_001814,1,COMBINED_REPAIRED_GEOMETRY_FINAL_VERIFICATION,2011-02-06 00:00:00,E0041,CAL_008884,3.5,1632.56965541238,-2282.43172824211,FLAT_START,CONVERGED_FEASIBLE,CONVERGED,PASSED,0.900157837446233,33,1,1,3.45279360658424e-14,5.47006884232815e-13,26,28,0.19
ATT_T012_001815_1,CALL_T012_001815,1,COMBINED_REPAIRED_GEOMETRY_FINAL_VERIFICATION,2011-02-06 00:00:00,E0041,CAL_008885,3.5,1660.09062524446,-2291.79806969496,FLAT_START,CONVERGED_FEASIBLE,CONVERGED,PASSED,0.900162806978096,33,1.00053699125666,13,3.51940698806175e-14,5.58664225991379e-13,26,28,0.1451
ATT_T012_001816_1,CALL_T012_001816,1,COMBINED_REPAIRED_GEOMETRY_FINAL_VERIFICATION,2011-02-06 00:00:00,E0041,CAL_008886,3.5,1688.07625558275,-2301.32255124924,FLAT_START,CONVERGED_FEASIBLE,CONVERGED,PASSED,0.900166711125004,33,1.00154374942201,13,3.59712259978551e-14,5.71209746169643e-13,26,28,0.1381
ATT_T012_001817_1,CALL_T012_001817,1,COMBINED_REPAIRED_GEOMETRY_FINAL_VERIFICATION,2011-02-06 00:00:00,E0041,CAL_008887,3.5,1716.54278702205,-2311.01070014317,FLAT_START,CONVERGED_FEASIBLE,CONVERGED,PASSED,0.900169498962639,33,1.00256479477535,13,3.69704267200177e-14,5.83977310952832e-13,26,28,0.1952
ATT_T012_001818_1,CALL_T012_001818,1,COMBINED_REPAIRED_GEOMETRY_FINAL_VERIFICATION,2011-02-06 00:00:00,E0041,CAL_008888,3.5,1745.50717223913,-2320.86828596119,FLAT_START,CONVERGED_FEASIBLE,CONVERGED,PASSED,0.900171116358831,33,1.00360059890075,13,3.80806497446429e-14,5.97633054155722e-13,26,28,0.1446
ATT_T012_001819_1,CALL_T012_001819,1,COMBINED_REPAIRED_GEOMETRY_FINAL_VERIFICATION,2011-02-06 00:00:00,E0041,CAL_008889,3.5,1774.98711651247,-2330.90133442422,FLAT_START,CONVERGED_FEASIBLE,CONVERGED,PASSED,0.900171505748881,33,1.00465165200455,13,3.88578058618805e-14,6.11621864265999e-13,26,28,0.1359
ATT_T012_001820_1,CALL_T012_001820,1,COMBINED_REPAIRED_GEOMETRY_FINAL_VERIFICATION,2011-02-06 00:00:00,E0041,CAL_008890,3.5,1805.00112101844,-2341.11614212488,FLAT_START,CONVERGED_FEASIBLE,CONVERGED,PASSED,0.900170605892434,33,1.00571846389482,13,3.97459842815806e-14,6.26387830493513e-13,26,28,0.1931
ATT_T012_001821_1,CALL_T012_001821,1,COMBINED_REPAIRED_GEOMETRY_FINAL_VERIFICATION,2011-02-06 00:00:00,E0041,CAL_008891,3.5,1835.56852912934,-2351.51929228427,FLAT_START,CONVERGED_FEASIBLE,CONVERGED,PASSED,0.900168351610204,33,1.00680156502235,13,4.07451850037432e-14,6.41819930535803e-13,26,28,0.1488
ATT_T012_001822_1,CALL_T012_001822,1,COMBINED_REPAIRED_GEOMETRY_FINAL_VERIFICATION,2011-02-06 00:00:00,E0041,CAL_008892,3.5,1866.70957595935,-2362.11767161423,FLAT_START,CONVERGED_FEASIBLE,CONVERGED,PASSED,0.900164673498623,33,1.00790150758771,13,4.18554080283684e-14,6.58251231300255e-13,26,28,0.1389
ATT_T012_001823_1,CALL_T012_001823,1,COMBINED_REPAIRED_GEOMETRY_FINAL_VERIFICATION,2011-02-06 00:00:00,E0041,CAL_008893,3.5,1898.44544142799,-2372.91848837667,FLAT_START,CONVERGED_FEASIBLE,CONVERGED,PASSED,0.900159497620308,33,1.0090188667196,13,4.30766533554561e-14,6.75348665879483e-13,26,28,0.1679
ATT_T012_001824_1,CALL_T012_001824,1,COMBINED_REPAIRED_GEOMETRY_FINAL_VERIFICATION,2011-02-06 00:00:00,E0041,CAL_008894,3.5,1930.79830713656,-2383.92929174056,FLAT_START,CONVERGED_FEASIBLE,CONVERGED,PASSED,0.900152745167999,33,1.01015424172965,13,4.41868763800812e-14,6.93556323483335e-13,26,28,0.1393
ATT_T012_001825_1,CALL_T012_001825,1,COMBINED_REPAIRED_GEOMETRY_FINAL_VERIFICATION,2011-02-06 00:00:00,E0042,CAL_008895,3.5,1930.79830713772,-2383.92929174095,FLAT_START,CONVERGED_FEASIBLE,CONVERGED,PASSED,0.900152745167998,33,1.01015424172969,13,4.42978986825437e-14,6.93556323483335e-13,26,28,0.1409
ATT_T012_001826_1,CALL_T012_001826,1,COMBINED_REPAIRED_GEOMETRY_FINAL_VERIFICATION,2011-02-06 00:00:00,E0042,CAL_008896,3.5,1963.1543521851,-2394.56089522629,FLAT_START,CONVERGED_FEASIBLE,CONVERGED,PASSED,0.900159936203935,33,1.01129235342172,13,4.55191440096314e-14,7.11319891877338e-13,26,28,0.1982
ATT_T012_001827_1,CALL_T012_001827,1,COMBINED_REPAIRED_GEOMETRY_FINAL_VERIFICATION,2011-02-06 00:00:00,E0042,CAL_008897,3.5,1996.15197761002,-2405.40331026688,FLAT_START,CONVERGED_FEASIBLE,CONVERGED,PASSED,0.90016576476526,33,1.0124492246474,13,4.68514116391816e-14,7.30082660993503e-13,26,28,0.1431
ATT_T012_001828_1,CALL_T012_001828,1,COMBINED_REPAIRED_GEOMETRY_FINAL_VERIFICATION,2011-02-06 00:00:00,E0042,CAL_008898,3.5,2029.81563559646,-2416.46457140229,FLAT_START,CONVERGED_FEASIBLE,CONVERGED,PASSED,0.900170152935764,33,1.01362551258287,13,4.81836792687318e-14,7.50066675436756e-13,26,28,0.1381
ATT_T012_001829_1,CALL_T012_001829,1,COMBINED_REPAIRED_GEOMETRY_FINAL_VERIFICATION,2011-02-06 00:00:00,E0042,CAL_008899,3.5,2064.1709826175,-2427.75310887942,FLAT_START,CONVERGED_FEASIBLE,CONVERGED,PASSED,0.900173017339899,33,1.01482190319527,13,4.9515946898282e-14,7.70716823694784e-13,26,28,0.1385
ATT_T012_001830_1,CALL_T012_001830,1,COMBINED_REPAIRED_GEOMETRY_FINAL_VERIFICATION,2011-02-06 00:00:00,E0042,CAL_008900,3.5,2099.24495560545,-2439.27777368062,FLAT_START,CONVERGED_FEASIBLE,CONVERGED,PASSED,0.900174268711333,33,1.01603911289148,13,5.08482145278322e-14,7.92921284187287e-13,26,28,0.1368
ATT_T012_001831_1,CALL_T012_001831,1,COMBINED_REPAIRED_GEOMETRY_FINAL_VERIFICATION,2011-02-06 00:00:00,E0042,CAL_008901,3.5,2135.06585395722,-2451.04786446913,FLAT_START,CONVERGED_FEASIBLE,CONVERGED,PASSED,0.900173811421871,33,1.01727789028093,13,5.24025267623074e-14,8.16235967704415e-13,26,28,0.1361
ATT_T012_001832_1,CALL_T012_001832,1,COMBINED_REPAIRED_GEOMETRY_FINAL_VERIFICATION,2011-02-06 00:00:00,E0042,CAL_008902,3.5,2171.66342790232,-2463.07315662521,FLAT_START,CONVERGED_FEASIBLE,CONVERGED,PASSED,0.900171542966451,33,1.01853901806146,13,2.1316282072803e-14,9.33697563709757e-13,26,29,0.1607
ATT_T012_001833_1,CALL_T012_001833,1,COMBINED_REPAIRED_GEOMETRY_FINAL_VERIFICATION,2011-02-06 00:00:00,E0042,CAL_008903,3.5,2209.06897381751,-2475.36393356475,FLAT_START,CONVERGED_FEASIBLE,CONVERGED,PASSED,0.900167353400134,33,1.01982331503897,13,2.19824158875781e-14,9.63340518467248e-13,26,29,0.1672
ATT_T012_001834_1,CALL_T012_001834,1,COMBINED_REPAIRED_GEOMETRY_FINAL_VERIFICATION,2011-02-06 00:00:00,E0042,CAL_008904,3.5,2247.31543713438,-2487.93102055286,FLAT_START,CONVERGED_FEASIBLE,CONVERGED,PASSED,0.900161124720462,33,1.02113163829132,13,2.25375273998907e-14,9.94093696249365e-13,26,29,0.1416
ATT_T012_001835_1,CALL_T012_001835,1,COMBINED_REPAIRED_GEOMETRY_FINAL_VERIFICATION,2011-02-06 00:00:00,E0043,CAL_008905,4.75,2286.43752355529,-2500.78582124736,FLAT_START,CONVERGED_FEASIBLE,CONVERGED,PASSED,0.900152730191144,33,1.02246488548949,13,2.36477504245158e-14,1.02740038698812e-12,26,29,0.1438
ATT_T012_001836_1,CALL_T012_001836,1,COMBINED_REPAIRED_GEOMETRY_FINAL_VERIFICATION,2011-02-06 00:00:00,E0043,CAL_008906,4.75,2298.11003382462,-2465.77352131448,FLAT_START,CONVERGED_FEASIBLE,CONVERGED,PASSED,0.901729474473463,33,1.02350503126184,13,2.06501482580279e-14,9.16267062223142e-13,26,29,0.1402
ATT_T012_001837_1,CALL_T012_001837,1,COMBINED_REPAIRED_GEOMETRY_FINAL_VERIFICATION,2011-02-06 00:00:00,E0043,CAL_008907,4.75,2309.69271742995,-2431.03066111901,FLAT_START,CONVERGED_FEASIBLE,CONVERGED,PASSED,0.903287057364941,33,1.02453343686769,13,4.68514116391816e-14,7.37632177560954e-13,26,28,0.1381
ATT_T012_001838_1,CALL_T012_001838,1,COMBINED_REPAIRED_GEOMETRY_FINAL_VERIFICATION,2011-02-06 00:00:00,E0043,CAL_008908,4.75,2321.18835142812,-2396.54891073496,FLAT_START,CONVERGED_FEASIBLE,CONVERGED,PASSED,0.904826097314068,33,1.02555047446474,13,4.16333634234434e-14,6.60471677349506e-13,26,28,0.1949
ATT_T012_001839_1,CALL_T012_001839,1,COMBINED_REPAIRED_GEOMETRY_FINAL_VERIFICATION,2011-02-06 00:00:00,E0043,CAL_008909,4.75,2332.59964496551,-2362.32014393721,FLAT_START,CONVERGED_FEASIBLE,CONVERGED,PASSED,0.906347190446573,33,1.02655650350314,13,3.71924713249427e-14,5.92303983637521e-13,26,28,0.1445
ATT_T012_001840_1,CALL_T012_001840,1,COMBINED_REPAIRED_GEOMETRY_FINAL_VERIFICATION,2011-02-06 00:00:00,E0043,CAL_008910,4.75,2343.92924207123,-2328.33642982334,FLAT_START,CONVERGED_FEASIBLE,CONVERGED,PASSED,0.907850911687733,33,1.02755187134296,13,3.30846461338297e-14,5.31907851097912e-13,26,28,0.1386
ATT_T012_001841_1,CALL_T012_001841,1,COMBINED_REPAIRED_GEOMETRY_FINAL_VERIFICATION,2011-02-06 00:00:00,E0043,CAL_008911,4.75,2355.17972433622,-2294.59002477743,FLAT_START,CONVERGED_FEASIBLE,CONVERGED,PASSED,0.90933781581856,33,1.02853691383658,13,2.95319324550292e-14,4.7839510131098e-13,26,28,0.1362
ATT_T012_001842_1,CALL_T012_001842,1,COMBINED_REPAIRED_GEOMETRY_FINAL_VERIFICATION,2011-02-06 00:00:00,E0043,CAL_008912,4.75,2366.35361348446,-2261.07336475761,FLAT_START,CONVERGED_FEASIBLE,CONVERGED,PASSED,0.910808438470079,33,1.0295119558786,13,2.64233079860787e-14,1.23911991778414e-12,25,28,0.1352
ATT_T012_001843_1,CALL_T012_001843,1,COMBINED_REPAIRED_GEOMETRY_FINAL_VERIFICATION,2011-02-06 00:00:00,E0043,CAL_008913,4.75,2377.45337384188,-2227.77905789046,FLAT_START,CONVERGED_FEASIBLE,CONVERGED,PASSED,0.912263297060161,33,1.0304773119252,13,2.35367281220533e-14,1.12065912105663e-12,25,28,0.1409
ATT_T012_001844_1,CALL_T012_001844,1,COMBINED_REPAIRED_GEOMETRY_FINAL_VERIFICATION,2011-02-06 00:00:00,E0043,CAL_008914,4.75,2388.48141470838,-2194.69987735598,FLAT_START,CONVERGED_FEASIBLE,CONVERGED,PASSED,0.913702891676935,33,1.03143328648522,13,2.09832151654155e-14,1.01540997832217e-12,25,28,0.1793
ATT_T012_001845_1,CALL_T012_001845,1,COMBINED_REPAIRED_GEOMETRY_FINAL_VERIFICATION,2011-02-06 00:00:00,E0043,CAL_008915,4.75,2399.44009263804,-2161.82875454795,FLAT_START,CONVERGED_FEASIBLE,CONVERGED,PASSED,0.915127705912458,33,1.03238017458476,13,1.90958360235527e-14,9.20263865111792e-13,25,28,0.1805
ATT_T012_001846_1,CALL_T012_001846,1,COMBINED_REPAIRED_GEOMETRY_FINAL_VERIFICATION,2011-02-06 00:00:00,E0043,CAL_008916,4.75,2410.33171363234,-2129.15877249537,FLAT_START,CONVERGED_FEASIBLE,CONVERGED,PASSED,0.916538207650121,33,1.03331826220711,13,4.46309655899313e-14,7.56616991282044e-13,25,27,0.1344
ATT_T012_001847_1,CALL_T012_001847,1,COMBINED_REPAIRED_GEOMETRY_FINAL_VERIFICATION,2011-02-06 00:00:00,E0043,CAL_008917,4.75,2421.15853525085,-2096.6831595312,FLAT_START,CONVERGED_FEASIBLE,CONVERGED,PASSED,0.917934849808445,33,1.03424782670943,13,4.01900734914307e-14,6.88782364477447e-13,25,27,0.1351
ATT_T012_001848_1,CALL_T012_001848,1,COMBINED_REPAIRED_GEOMETRY_FINAL_VERIFICATION,2011-02-06 00:00:00,E0043,CAL_008918,4.75,2431.92276864381,-2064.39528319563,FLAT_START,CONVERGED_FEASIBLE,CONVERGED,PASSED,0.919318071045388,33,1.03516913721815,13,3.63042929052426e-14,6.27498053518138e-13,25,27,0.1337
ATT_T012_001849_1,CALL_T012_001849,1,COMBINED_REPAIRED_GEOMETRY_FINAL_VERIFICATION,2011-02-06 00:00:00,E0043,CAL_008919,4.75,2442.6265805106,-2032.2886443615,FLAT_START,CONVERGED_FEASIBLE,CONVERGED,PASSED,0.920688296424153,33,1.03608245500385,13,3.26405569239796e-14,5.73097125311506e-13,25,27,0.1329
ATT_T012_001850_1,CALL_T012_001850,1,COMBINED_REPAIRED_GEOMETRY_FINAL_VERIFICATION,2011-02-06 00:00:00,E0043,CAL_008920,4.75,2453.27209498796,-2000.35687157048,FLAT_START,CONVERGED_FEASIBLE,CONVERGED,PASSED,0.922045938044247,33,1.03698803383736,13,2.94209101525666e-14,5.24136289925536e-13,25,27,0.1608
ATT_T012_001851_1,CALL_T012_001851,1,COMBINED_REPAIRED_GEOMETRY_FINAL_VERIFICATION,2011-02-06 00:00:00,E0043,CAL_008921,4.75,2463.86139547169,-1968.59371556882,FLAT_START,CONVERGED_FEASIBLE,CONVERGED,PASSED,0.923391395639556,33,1.0378861203281,13,2.69784194983913e-14,4.79838391242993e-13,25,27,0.1334
ATT_T012_001852_1,CALL_T012_001852,1,COMBINED_REPAIRED_GEOMETRY_FINAL_VERIFICATION,2011-02-06 00:00:00,E0043,CAL_008922,4.75,2474.39652637526,-1936.99304403228,FLAT_START,CONVERGED_FEASIBLE,CONVERGED,PASSED,0.924725057145628,33,1.03877695424582,13,2.4980018054066e-14,4.40536496171262e-13,25,27,0.1324
ATT_T012_001853_1,CALL_T012_001853,1,COMBINED_REPAIRED_GEOMETRY_FINAL_VERIFICATION,2011-02-06 00:00:00,E0043,CAL_008923,4.75,2484.87949482864,-1905.54883647045,FLAT_START,CONVERGED_FEASIBLE,CONVERGED,PASSED,0.926047299238142,33,1.03966076882665,13,2.34257058195908e-14,4.04787314778332e-13,25,27,0.1337
ATT_T012_001854_1,CALL_T012_001854,1,COMBINED_REPAIRED_GEOMETRY_FINAL_VERIFICATION,2011-02-06 00:00:00,E0043,CAL_008924,4.75,2495.31227232051,-1874.25517930075,FLAT_START,CONVERGED_FEASIBLE,CONVERGED,PASSED,0.927358487844356,33,1.04053779106464,13,2.18713935851156e-14,3.72812891669128e-13,25,27,0.1334
ATT_T012_001855_1,CALL_T012_001855,1,COMBINED_REPAIRED_GEOMETRY_FINAL_VERIFICATION,2011-02-06 00:00:00,E0043,CAL_008925,4.75,2505.69679628685,-1843.10626108345,FLAT_START,CONVERGED_FEASIBLE,CONVERGED,PASSED,0.92865897862926,33,1.04140824198944,13,2.04281036531029e-14,3.43614026121486e-13,25,27,0.1335
ATT_T012_001856_1,CALL_T012_001856,1,COMBINED_REPAIRED_GEOMETRY_FINAL_VERIFICATION,2011-02-06 00:00:00,E0043,CAL_008926,4.75,2516.03497164878,-1812.09636790893,FLAT_START,CONVERGED_FEASIBLE,CONVERGED,PASSED,0.929949117457966,33,1.04227233693111,13,1.89848137210902e-14,3.17634807345257e-13,25,27,0.1327
ATT_T012_001857_1,CALL_T012_001857,1,COMBINED_REPAIRED_GEOMETRY_FINAL_VERIFICATION,2011-02-06 00:00:00,E0043,CAL_008927,4.75,2526.32867230222,-1781.21987892913,FLAT_START,CONVERGED_FEASIBLE,CONVERGED,PASSED,0.931229240835824,33,1.04313028577278,13,1.79856129989275e-14,2.93987056920741e-13,25,27,0.1368
ATT_T012_001858_1,CALL_T012_001858,1,COMBINED_REPAIRED_GEOMETRY_FINAL_VERIFICATION,2011-02-06 00:00:00,E0043,CAL_008928,4.75,2536.57974256223,-1750.4712620254,FLAT_START,CONVERGED_FEASIBLE,CONVERGED,PASSED,0.932499676327616,33,1.04398229319188,13,1.69864122767649e-14,2.73225886360251e-13,25,27,0.1345
ATT_T012_001859_1,CALL_T012_001859,1,COMBINED_REPAIRED_GEOMETRY_FINAL_VERIFICATION,2011-02-06 00:00:00,E0043,CAL_008929,4.75,2546.78999856423,-1719.84506960537,FLAT_START,CONVERGED_FEASIBLE,CONVERGED,PASSED,0.933760742957093,33,1.04482855889062,13,1.63202784619898e-14,2.53908005731773e-13,25,27,0.1336
ATT_T012_001860_1,CALL_T012_001860,1,COMBINED_REPAIRED_GEOMETRY_FINAL_VERIFICATION,2011-02-06 00:00:00,E0043,CAL_008930,4.75,2556.96122962461,-1689.3359345217,FLAT_START,CONVERGED_FEASIBLE,CONVERGED,PASSED,0.935012751588039,33,1.04566927781637,13,1.55431223447522e-14,2.36477504245158e-13,25,27,0.1355
ATT_T012_001861_1,CALL_T012_001861,1,COMBINED_REPAIRED_GEOMETRY_FINAL_VERIFICATION,2011-02-06 00:00:00,E0043,CAL_008931,4.75,2567.09519956299,-1658.93856610595,FLAT_START,CONVERGED_FEASIBLE,CONVERGED,PASSED,0.936256005287978,33,1.04650464037251,13,1.46549439250521e-14,2.21267448807794e-13,25,27,0.1334
ATT_T012_001862_1,CALL_T012_001862,1,COMBINED_REPAIRED_GEOMETRY_FINAL_VERIFICATION,2011-02-06 00:00:00,E0043,CAL_008932,4.75,2577.19364798824,-1628.64774631112,FLAT_START,CONVERGED_FEASIBLE,CONVERGED,PASSED,0.937490799675535,33,1.04733483262032,13,1.3988810110277e-14,2.07056594092592e-13,25,27,0.1329
ATT_T012_001863_1,CALL_T012_001863,1,COMBINED_REPAIRED_GEOMETRY_FINAL_VERIFICATION,2011-02-06 00:00:00,E0043,CAL_008933,4.75,2587.25829155033,-1598.45832595659,FLAT_START,CONVERGED_FEASIBLE,CONVERGED,PASSED,0.938717423252438,33,1.0481600364724,13,1.39188123616491e-14,1.94289029309402e-13,25,27,0.1622
ATT_T012_001864_1,CALL_T012_001864,1,COMBINED_REPAIRED_GEOMETRY_FINAL_VERIFICATION,2011-02-06 00:00:00,E0043,CAL_008934,4.75,2597.29082516005,-1568.36522106955,FLAT_START,CONVERGED_FEASIBLE,CONVERGED,PASSED,0.939936157721052,33,1.0489804298782,13,1.39318889929284e-14,1.82742709853301e-13,25,27,0.1368
ATT_T012_001865_1,CALL_T012_001865,1,COMBINED_REPAIRED_GEOMETRY_FINAL_VERIFICATION,2011-02-06 00:00:00,E0043,CAL_008935,4.75,2607.29292317846,-1538.36340931711,FLAT_START,CONVERGED_FEASIBLE,CONVERGED,PASSED,0.941147278288289,33,1.04979618700192,13,1.40077690798378e-14,1.72417635724287e-13,25,27,0.1352
ATT_T012_001866_1,CALL_T012_001866,1,COMBINED_REPAIRED_GEOMETRY_FINAL_VERIFICATION,2011-02-06 00:00:00,E0044,CAL_008936,5,2607.29292318006,-1538.36340931232,FLAT_START,CONVERGED_FEASIBLE,CONVERGED,PASSED,0.941147278288482,33,1.04979618700205,13,1.40077690798378e-14,1.72639680329212e-13,25,27,0.1353
ATT_T012_001867_1,CALL_T012_001867,1,COMBINED_REPAIRED_GEOMETRY_FINAL_VERIFICATION,2011-02-06 00:00:00,E0044,CAL_008937,5,2582.85892675642,-1473.70527284186,FLAT_START,CONVERGED_FEASIBLE,CONVERGED,PASSED,0.943200589473393,33,1.04981887722585,13,1.28263872516957e-14,4.48974191158413e-13,24,27,0.1335
ATT_T012_001868_1,CALL_T012_001868,1,COMBINED_REPAIRED_GEOMETRY_FINAL_VERIFICATION,2011-02-06 00:00:00,E0044,CAL_008938,5,2559.24897018462,-1411.22774081589,FLAT_START,CONVERGED_FEASIBLE,CONVERGED,PASSED,0.945171810728996,33,1.0498349374694,13,1.1617125932131e-14,4.07673894642357e-13,24,27,0.1314
ATT_T012_001869_1,CALL_T012_001869,1,COMBINED_REPAIRED_GEOMETRY_FINAL_VERIFICATION,2011-02-06 00:00:00,E0044,CAL_008939,5,2536.41863895687,-1350.81328193675,FLAT_START,CONVERGED_FEASIBLE,CONVERGED,PASSED,0.94706611944986,33,1.0498450512372,13,1.0694229047602e-14,3.72368802459278e-13,24,27,0.1529
ATT_T012_001870_1,CALL_T012_001870,1,COMBINED_REPAIRED_GEOMETRY_FINAL_VERIFICATION,2011-02-06 00:00:00,E0044,CAL_008940,5,2514.32663415971,-1292.35260950667,FLAT_START,CONVERGED_FEASIBLE,CONVERGED,PASSED,0.948888263040005,33,1.04984982602683,13,9.87599389224151e-15,3.41726646979623e-13,24,27,0.1322
ATT_T012_001871_1,CALL_T012_001871,1,COMBINED_REPAIRED_GEOMETRY_FINAL_VERIFICATION,2011-02-06 00:00:00,E0044,CAL_008941,5,2492.93450353485,-1235.74396975106,FLAT_START,CONVERGED_FEASIBLE,CONVERGED,PASSED,0.950642603209561,33,1.04984980282803,13,9.13585427898865e-15,3.14859249783694e-13,24,27,0.1303
ATT_T012_001872_1,CALL_T012_001872,1,COMBINED_REPAIRED_GEOMETRY_FINAL_VERIFICATION,2011-02-06 00:00:00,E0044,CAL_008942,5,2472.20639991537,-1180.89250258357,FLAT_START,CONVERGED_FEASIBLE,CONVERGED,PASSED,0.95233315484234,33,1.04984546428562,13,2.27578499092874e-14,2.64899213675562e-13,24,26,0.1323
ATT_T012_001873_1,CALL_T012_001873,1,COMBINED_REPAIRED_GEOMETRY_FINAL_VERIFICATION,2011-02-06 00:00:00,E0044,CAL_008943,5,2452.10886384352,-1127.70966636132,FLAT_START,CONVERGED_FEASIBLE,CONVERGED,PASSED,0.953963620203662,33,1.04983724173572,13,2.12531286119934e-14,2.4580337765201e-13,24,26,0.1277
ATT_T012_001874_1,CALL_T012_001874,1,COMBINED_REPAIRED_GEOMETRY_FINAL_VERIFICATION,2011-02-06 00:00:00,E0044,CAL_008944,5,2432.61062759209,-1076.1127192791,FLAT_START,CONVERGED_FEASIBLE,CONVERGED,PASSED,0.955537419134891,33,1.0498255212891,13,1.99032105326303e-14,2.29594121492482e-13,24,26,0.1313
ATT_T012_001875_1,CALL_T012_001875,1,COMBINED_REPAIRED_GEOMETRY_FINAL_VERIFICATION,2011-02-06 00:00:00,E0044,CAL_008945,5,2413.68243817033,-1026.02425100108,FLAT_START,CONVERGED_FEASIBLE,CONVERGED,PASSED,0.957057715778908,33,1.04981064910499,13,1.8572737320718e-14,2.15161222172355e-13,24,26,0.1305
ATT_T012_001876_1,CALL_T012_001876,1,COMBINED_REPAIRED_GEOMETRY_FINAL_VERIFICATION,2011-02-06 00:00:00,E0045,CAL_008946,4.5,2396.25377339824,-978.166604733646,FLAT_START,CONVERGED_FEASIBLE,CONVERGED,PASSED,0.958511187627528,33,1.049818154305,13,1.75760086934378e-14,2.01838545876853e-13,24,26,0.1554
ATT_T012_001877_1,CALL_T012_001877,1,COMBINED_REPAIRED_GEOMETRY_FINAL_VERIFICATION,2011-02-06 00:00:00,E0045,CAL_008947,4.5,2379.77967522138,-932.536473790147,FLAT_START,CONVERGED_FEASIBLE,CONVERGED,PASSED,0.959892539815665,33,1.04982790746405,13,1.65730828996228e-14,1.90736315630602e-13,24,26,0.1296
ATT_T012_001878_1,CALL_T012_001878,1,COMBINED_REPAIRED_GEOMETRY_FINAL_VERIFICATION,2011-02-06 00:00:00,E0045,CAL_008948,4.5,2363.74163623353,-888.114144189114,FLAT_START,CONVERGED_FEASIBLE,CONVERGED,PASSED,0.961231619422686,33,1.04983476370075,13,1.57439511771187e-14,1.8052226380405e-13,24,26,0.1286
ATT_T012_001879_1,CALL_T012_001879,1,COMBINED_REPAIRED_GEOMETRY_FINAL_VERIFICATION,2011-02-06 00:00:00,E0045,CAL_008949,4.5,2348.12022111378,-844.845783773625,FLAT_START,CONVERGED_FEASIBLE,CONVERGED,PASSED,0.962530552336808,33,1.04983895829285,13,1.49538685663224e-14,1.70530256582424e-13,24,26,0.1299
ATT_T012_001880_1,CALL_T012_001880,1,COMBINED_REPAIRED_GEOMETRY_FINAL_VERIFICATION,2011-02-06 00:00:00,E0045,CAL_008950,4.5,2332.89711509025,-802.680664095274,FLAT_START,CONVERGED_FEASIBLE,CONVERGED,PASSED,0.963791324496107,33,1.04984070550833,13,1.42665346128551e-14,1.62536650805123e-13,24,26,0.1298
ATT_T012_001881_1,CALL_T012_001881,1,COMBINED_REPAIRED_GEOMETRY_FINAL_VERIFICATION,2011-02-06 00:00:00,E0045,CAL_008951,4.5,2318.05504396101,-761.570938887331,FLAT_START,CONVERGED_FEASIBLE,CONVERGED,PASSED,0.965015793337018,33,1.04984020071424,13,1.3579371048886e-14,1.54765089632747e-13,24,26,0.1283
ATT_T012_001882_1,CALL_T012_001882,1,COMBINED_REPAIRED_GEOMETRY_FINAL_VERIFICATION,2011-02-06 00:00:00,E0045,CAL_008952,4.5,2303.57770086153,-721.471441224325,FLAT_START,CONVERGED_FEASIBLE,CONVERGED,PASSED,0.966205698128871,33,1.04983762224693,13,1.28830801329641e-14,1.47659662275146e-13,24,26,0.1293
ATT_T012_001883_1,CALL_T012_001883,1,COMBINED_REPAIRED_GEOMETRY_FINAL_VERIFICATION,2011-02-06 00:00:00,E0045,CAL_008953,4.5,2289.44967912476,-682.339497557349,FLAT_START,CONVERGED_FEASIBLE,CONVERGED,PASSED,0.967362669319804,33,1.0498331330738,13,1.23839643024168e-14,1.41442413337245e-13,24,26,0.1619
ATT_T012_001884_1,CALL_T012_001884,1,COMBINED_REPAIRED_GEOMETRY_FINAL_VERIFICATION,2011-02-06 00:00:00,E0045,CAL_008954,4.5,2275.65641065061,-644.134757009065,FLAT_START,CONVERGED_FEASIBLE,CONVERGED,PASSED,0.968488237003495,33,1.04982688227262,13,1.18500462740935e-14,1.35003119794419e-13,24,26,0.1321
ATT_T012_001885_1,CALL_T012_001885,1,COMBINED_REPAIRED_GEOMETRY_FINAL_VERIFICATION,2011-02-06 00:00:00,E0045,CAL_008955,4.5,2262.18410926418,-606.81903448677,FLAT_START,CONVERGED_FEASIBLE,CONVERGED,PASSED,0.969583838602421,33,1.04981900635056,13,1.13416767436566e-14,1.29674049276218e-13,24,26,0.1302
ATT_T012_001886_1,CALL_T012_001886,1,COMBINED_REPAIRED_GEOMETRY_FINAL_VERIFICATION,2011-02-06 00:00:00,E0046,CAL_008956,4,2249.80523969754,-570.883175482723,FLAT_START,CONVERGED_FEASIBLE,CONVERGED,PASSED,0.970642361644963,33,1.04983249147089,13,1.08717211464903e-14,1.24789067967868e-13,24,26,0.1301
ATT_T012_001887_1,CALL_T012_001887,1,COMBINED_REPAIRED_GEOMETRY_FINAL_VERIFICATION,2011-02-06 00:00:00,E0046,CAL_008957,4,2237.51384584202,-535.60555692399,FLAT_START,CONVERGED_FEASIBLE,CONVERGED,PASSED,0.971676554298237,33,1.04983887592966,13,1.05146751563488e-14,1.19682042054592e-13,24,26,0.1289
ATT_T012_001888_1,CALL_T012_001888,1,COMBINED_REPAIRED_GEOMETRY_FINAL_VERIFICATION,2011-02-06 00:00:00,E0046,CAL_008958,4,2225.48570296266,-501.083496899238,FLAT_START,CONVERGED_FEASIBLE,CONVERGED,PASSED,0.972685438034569,33,1.04984365298654,13,1.01079941884983e-14,3.47943895917524e-13,23,26,0.1274
ATT_T012_001889_1,CALL_T012_001889,1,COMBINED_REPAIRED_GEOMETRY_FINAL_VERIFICATION,2011-02-06 00:00:00,E0046,CAL_008959,4,2213.71066900467,-467.287886623535,FLAT_START,CONVERGED_FEASIBLE,CONVERGED,PASSED,0.97367008686801,33,1.04984692825152,13,9.70175490527837e-15,3.35731442646647e-13,23,26,0.1488
ATT_T012_001890_1,CALL_T012_001890,1,COMBINED_REPAIRED_GEOMETRY_FINAL_VERIFICATION,2011-02-06 00:00:00,E0046,CAL_008960,4,2202.17909984613,-434.191046432722,FLAT_START,CONVERGED_FEASIBLE,CONVERGED,PASSED,0.974631515807155,33,1.04984879942501,13,9.42124981947648e-15,3.25295346215171e-13,23,26,0.1286
ATT_T012_001891_1,CALL_T012_001891,1,COMBINED_REPAIRED_GEOMETRY_FINAL_VERIFICATION,2011-02-06 00:00:00,E0046,CAL_008961,4,2190.8818187794,-401.766638191669,FLAT_START,CONVERGED_FEASIBLE,CONVERGED,PASSED,0.975570684901152,33,1.04984935696425,13,9.05291403259065e-15,3.14637205178769e-13,23,26,0.1305
ATT_T012_001892_1,CALL_T012_001892,1,COMBINED_REPAIRED_GEOMETRY_FINAL_VERIFICATION,2011-02-06 00:00:00,E0046,CAL_008962,4,2179.8100882043,-369.989584050803,FLAT_START,CONVERGED_FEASIBLE,CONVERGED,PASSED,0.976488502955804,33,1.04984868468627,13,8.79829857487928e-15,3.04867242562068e-13,23,26,0.1298
ATT_T012_001893_1,CALL_T012_001893,1,COMBINED_REPAIRED_GEOMETRY_FINAL_VERIFICATION,2011-02-06 00:00:00,E0046,CAL_008963,4,2168.95558334772,-338.835991018524,FLAT_START,CONVERGED_FEASIBLE,CONVERGED,PASSED,0.977385830950978,33,1.04984686031396,13,8.55773534799282e-15,2.94875235340442e-13,23,26,0.1286
ATT_T012_001894_1,CALL_T012_001894,1,COMBINED_REPAIRED_GEOMETRY_FINAL_VERIFICATION,2011-02-06 00:00:00,E0046,CAL_008964,4,2158.31036784219,-308.283080869051,FLAT_START,CONVERGED_FEASIBLE,CONVERGED,PASSED,0.978263485187115,33,1.04984395597146,13,8.15165001126892e-15,2.86659584958215e-13,23,26,0.1282
ATT_T012_001895_1,CALL_T012_001895,1,COMBINED_REPAIRED_GEOMETRY_FINAL_VERIFICATION,2011-02-06 00:00:00,E0046,CAL_008965,4,2147.86687101162,-278.309124950045,FLAT_START,CONVERGED_FEASIBLE,CONVERGED,PASSED,0.979122240185721,33,1.04984003863397,13,8.02366598314005e-15,2.78221889971064e-13,23,26,0.1281
ATT_T012_001896_1,CALL_T012_001896,1,COMBINED_REPAIRED_GEOMETRY_FINAL_VERIFICATION,2011-02-06 00:00:00,E0047,CAL_008966,4,2137.6577350742,-248.914261154429,FLAT_START,CONVERGED_FEASIBLE,CONVERGED,PASSED,0.979962613145254,33,1.04983642380702,13,7.74297238725487e-15,2.70006239588838e-13,23,26,0.1527
ATT_T012_001897_1,CALL_T012_001897,1,COMBINED_REPAIRED_GEOMETRY_FINAL_VERIFICATION,2011-02-06 00:00:00,E0047,CAL_008967,4,2127.88112853556,-220.181467962348,FLAT_START,CONVERGED_FEASIBLE,CONVERGED,PASSED,0.980784340712887,33,1.049839686159,13,7.5527812234166e-15,2.63344901441087e-13,23,26,0.128
ATT_T012_001898_1,CALL_T012_001898,1,COMBINED_REPAIRED_GEOMETRY_FINAL_VERIFICATION,2011-02-06 00:00:00,E0047,CAL_008968,4,2118.27713802829,-191.955981749556,FLAT_START,CONVERGED_FEASIBLE,CONVERGED,PASSED,0.981589583195809,33,1.0498419643799,13,7.28534955588124e-15,2.56683563293336e-13,23,26,0.1275
ATT_T012_001899_1,CALL_T012_001899,1,COMBINED_REPAIRED_GEOMETRY_FINAL_VERIFICATION,2011-02-06 00:00:00,E0047,CAL_008969,4,2108.83980721466,-164.220297237595,FLAT_START,CONVERGED_FEASIBLE,CONVERGED,PASSED,0.982378954698265,33,1.04984331242389,13,1.95673658495972e-14,2.27595720048157e-13,23,25,0.1406
ATT_T012_001900_1,CALL_T012_001900,1,COMBINED_REPAIRED_GEOMETRY_FINAL_VERIFICATION,2011-02-06 00:00:00,E0047,CAL_008970,4,2099.56343461621,-136.957658162326,FLAT_START,CONVERGED_FEASIBLE,CONVERGED,PASSED,0.98315304028716,33,1.04984378072262,13,1.90461502244715e-14,2.21822560320106e-13,23,25,0.1269
ATT_T012_001901_1,CALL_T012_001901,1,COMBINED_REPAIRED_GEOMETRY_FINAL_VERIFICATION,2011-02-06 00:00:00,E0047,CAL_008971,4,2090.44255981492,-110.152016720132,FLAT_START,CONVERGED_FEASIBLE,CONVERGED,PASSED,0.983912397719852,33,1.04984341644254,13,1.85376962885344e-14,2.16937579011756e-13,23,25,0.1254
ATT_T012_001902_1,CALL_T012_001902,1,COMBINED_REPAIRED_GEOMETRY_FINAL_VERIFICATION,2011-02-06 00:00:00,E0047,CAL_008972,4,2081.47195053416,-83.7879955996655,FLAT_START,CONVERGED_FEASIBLE,CONVERGED,PASSED,0.984657559049943,33,1.04984226372058,13,1.81687116040747e-14,2.1183055309848e-13,23,25,0.1257
ATT_T012_001903_1,CALL_T012_001903,1,COMBINED_REPAIRED_GEOMETRY_FINAL_VERIFICATION,2011-02-06 00:00:00,E0047,CAL_008973,4,2072.64659053522,-57.8508524106805,FLAT_START,CONVERGED_FEASIBLE,CONVERGED,PASSED,0.985389032121118,33,1.04984036388066,13,1.76102510875061e-14,2.07167616395054e-13,23,25,0.1591
ATT_T012_001904_1,CALL_T012_001904,1,COMBINED_REPAIRED_GEOMETRY_FINAL_VERIFICATION,2011-02-06 00:00:00,E0047,CAL_008974,4,2063.96166826995,-32.3264463346922,FLAT_START,CONVERGED_FEASIBLE,CONVERGED,PASSED,0.986107301958049,33,1.04983775563258,13,1.72532551622122e-14,2.02504679691629e-13,23,25,0.127
ATT_T012_001905_1,CALL_T012_001905,1,COMBINED_REPAIRED_GEOMETRY_FINAL_VERIFICATION,2011-02-06 00:00:00,E0047,CAL_008975,4,2055.41256623457,-7.20120683673595,FLAT_START,CONVERGED_FEASIBLE,CONVERGED,PASSED,0.986812832062581,33,1.04983447525484,13,1.68211669347446e-14,1.98729921407903e-13,23,25,0.1249
ATT_T012_001906_1,CALL_T012_001906,1,COMBINED_REPAIRED_GEOMETRY_FINAL_VERIFICATION,2011-02-06 00:00:00,E0048,CAL_008976,3.75,2052.61852472885,1.80038077435995,FLAT_START,CONVERGED_FEASIBLE,CONVERGED,PASSED,0.987068342215902,33,1.04984347040398,13,1.67192789005155e-14,1.96287430753728e-13,23,25,0.1264
ATT_T012_001907_1,CALL_T012_001907,1,COMBINED_REPAIRED_GEOMETRY_FINAL_VERIFICATION,2011-02-06 00:00:00,E0048,CAL_008977,3.75,2051.29707170231,5.70219690474173,FLAT_START,CONVERGED_FEASIBLE,CONVERGED,PASSED,0.987177762114685,33,1.04984309675364,13,1.66556581734117e-14,1.95843341543878e-13,23,25,0.1247
ATT_T012_001908_1,CALL_T012_001908,1,COMBINED_REPAIRED_GEOMETRY_FINAL_VERIFICATION,2011-02-06 00:00:00,E0048,CAL_008978,3.75,2049.97561867576,9.6040130351235,FLAT_START,CONVERGED_FEASIBLE,CONVERGED,PASSED,0.987287146218991,33,1.04984270616809,13,1.66047948595093e-14,1.95399252334028e-13,23,25,0.1247
ATT_T012_001909_1,CALL_T012_001909,1,COMBINED_REPAIRED_GEOMETRY_FINAL_VERIFICATION,2011-02-06 00:00:00,E0048,CAL_008979,3.75,2048.65416564922,13.5058291655053,FLAT_START,CONVERGED_FEASIBLE,CONVERGED,PASSED,0.987396494556181,33,1.04984229865703,13,1.64658651109214e-14,1.95177207729103e-13,23,25,0.163
ATT_T012_001910_1,CALL_T012_001910,1,COMBINED_REPAIRED_GEOMETRY_FINAL_VERIFICATION,2011-02-06 00:00:00,E0049,CAL_008980,4,2047.05287742838,17.5155256948091,FLAT_START,CONVERGED_FEASIBLE,CONVERGED,PASSED,0.987506021240943,33,1.04983250052025,13,1.6402024666993e-14,1.94289029309402e-13,23,25,0.1325
ATT_T012_001911_1,CALL_T012_001911,1,COMBINED_REPAIRED_GEOMETRY_FINAL_VERIFICATION,2011-02-06 00:00:00,E0049,CAL_008981,4,2047.05287742784,17.5155256964612,FLAT_START,CONVERGED_FEASIBLE,CONVERGED,PASSED,0.987506021240989,33,1.04983250052025,13,1.65031581076942e-14,1.94289029309402e-13,23,25,0.1277
ATT_T012_001912_1,CALL_T012_001912,1,COMBINED_REPAIRED_GEOMETRY_FINAL_VERIFICATION,2011-02-06 00:00:00,E0049,CAL_008982,4,2038.98910836953,41.7973902976968,FLAT_START,CONVERGED_FEASIBLE,CONVERGED,PASSED,0.988187335903729,33,1.04983562928298,13,1.60962298276214e-14,1.89848137210902e-13,23,25,0.1254
ATT_T012_001913_1,CALL_T012_001913,1,COMBINED_REPAIRED_GEOMETRY_FINAL_VERIFICATION,2011-02-06 00:00:00,E0049,CAL_008983,4,2031.04273641236,65.7257452071399,FLAT_START,CONVERGED_FEASIBLE,CONVERGED,PASSED,0.9888573837181,33,1.04983807834624,13,1.58042109615002e-14,1.86295423532101e-13,23,25,0.1257
ATT_T012_001914_1,CALL_T012_001914,1,COMBINED_REPAIRED_GEOMETRY_FINAL_VERIFICATION,2011-02-06 00:00:00,E0049,CAL_008984,4,2023.2100320415,89.311820852335,FLAT_START,CONVERGED_FEASIBLE,CONVERGED,PASSED,0.989516543631223,33,1.04983987849227,13,1.54478231040563e-14,1.82964754458226e-13,23,25,0.1264
ATT_T012_001915_1,CALL_T012_001915,1,COMBINED_REPAIRED_GEOMETRY_FINAL_VERIFICATION,2011-02-06 00:00:00,E0049,CAL_008985,4,2015.48740582651,112.566425834485,FLAT_START,CONVERGED_FEASIBLE,CONVERGED,PASSED,0.990165178960433,33,1.04984105872662,13,1.50791791820103e-14,1.791899961745e-13,23,25,0.126
ATT_T012_001916_1,CALL_T012_001916,1,COMBINED_REPAIRED_GEOMETRY_FINAL_VERIFICATION,2011-02-06 00:00:00,E0049,CAL_008986,4,2007.87140159768,135.499967476059,FLAT_START,CONVERGED_FEASIBLE,CONVERGED,PASSED,0.99080363821745,33,1.04984164639167,13,1.47365183009484e-14,1.76303416310475e-13,23,25,0.1484
ATT_T012_001917_1,CALL_T012_001917,1,COMBINED_REPAIRED_GEOMETRY_FINAL_VERIFICATION,2011-02-06 00:00:00,E0049,CAL_008987,4,2000.35869001055,158.122471199532,FLAT_START,CONVERGED_FEASIBLE,CONVERGED,PASSED,0.991432255881272,33,1.04984166727176,13,1.44942847423958e-14,1.73416836446449e-13,23,25,0.1287
ATT_T012_001918_1,CALL_T012_001918,1,COMBINED_REPAIRED_GEOMETRY_FINAL_VERIFICATION,2011-02-06 00:00:00,E0049,CAL_008988,4,1992.94606247286,180.443598814678,FLAT_START,CONVERGED_FEASIBLE,CONVERGED,PASSED,0.992051353123506,33,1.04984114569078,13,1.42655018534801e-14,1.69642078162724e-13,23,25,0.1244
ATT_T012_001919_1,CALL_T012_001919,1,COMBINED_REPAIRED_GEOMETRY_FINAL_VERIFICATION,2011-02-06 00:00:00,E0049,CAL_008989,4,1985.63042541021,202.472665786034,FLAT_START,CONVERGED_FEASIBLE,CONVERGED,PASSED,0.992661238489529,33,1.04984010460261,13,1.39475840988554e-14,1.66977542903624e-13,23,25,0.1255
ATT_T012_001920_1,CALL_T012_001920,1,COMBINED_REPAIRED_GEOMETRY_FINAL_VERIFICATION,2011-02-06 00:00:00,E0049,CAL_008990,4,1978.40879484836,224.218657546841,FLAT_START,CONVERGED_FEASIBLE,CONVERGED,PASSED,0.992969103860702,25,1.04983856567521,13,1.37187811285636e-14,1.63646873829748e-13,23,25,0.1275
ATT_T012_001921_1,CALL_T012_001921,1,COMBINED_REPAIRED_GEOMETRY_FINAL_VERIFICATION,2011-02-06 00:00:00,E0050,CAL_008991,4.25,1971.01178819953,245.757854585016,FLAT_START,CONVERGED_FEASIBLE,CONVERGED,PASSED,0.993023618014603,25,1.04982712146571,13,1.34008851517494e-14,1.61426427780498e-13,23,25,0.1287
ATT_T012_001922_1,CALL_T012_001922,1,COMBINED_REPAIRED_GEOMETRY_FINAL_VERIFICATION,2011-02-06 00:00:00,E0050,CAL_008992,4.25,1964.1448706647,266.917771985713,FLAT_START,CONVERGED_FEASIBLE,CONVERGED,PASSED,0.993078297144978,25,1.04983082997192,13,1.32228447798214e-14,1.58983937126322e-13,23,25,0.1254
ATT_T012_001923_1,CALL_T012_001923,1,COMBINED_REPAIRED_GEOMETRY_FINAL_VERIFICATION,2011-02-06 00:00:00,E0050,CAL_008993,4.25,1957.3599216088,287.825109355459,FLAT_START,CONVERGED_FEASIBLE,CONVERGED,PASSED,0.993132202716397,25,1.04983402972743,13,1.29306432188009e-14,1.56763491077072e-13,23,25,0.1291
ATT_T012_001924_1,CALL_T012_001924,1,COMBINED_REPAIRED_GEOMETRY_FINAL_VERIFICATION,2011-02-06 00:00:00,E0050,CAL_008994,4.25,1950.65446687281,308.487490639048,FLAT_START,CONVERGED_FEASIBLE,CONVERGED,PASSED,0.99318535909348,25,1.04983673973533,13,1.2739665591313e-14,1.53654866608122e-13,23,25,0.1253
ATT_T012_001925_1,CALL_T012_001925,1,COMBINED_REPAIRED_GEOMETRY_FINAL_VERIFICATION,2011-02-06 00:00:00,E0050,CAL_008995,4.25,1944.02611387673,328.912288401425,FLAT_START,CONVERGED_FEASIBLE,CONVERGED,PASSED,0.993237789740894,25,1.04983897801112,13,1.25619125841709e-14,1.51656465163796e-13,23,25,0.1253
ATT_T012_001926_1,CALL_T012_001926,1,COMBINED_REPAIRED_GEOMETRY_FINAL_VERIFICATION,2011-02-06 00:00:00,E0050,CAL_008996,4.25,1937.47254797257,349.106635065491,FLAT_START,CONVERGED_FEASIBLE,CONVERGED,PASSED,0.993289517266739,25,1.04984076163826,13,1.23074932511075e-14,1.49213974509621e-13,23,25,0.126
ATT_T012_001927_1,CALL_T012_001927,1,COMBINED_REPAIRED_GEOMETRY_FINAL_VERIFICATION,2011-02-06 00:00:00,E0050,CAL_008997,4.25,1930.99152898389,369.077433575496,FLAT_START,CONVERGED_FEASIBLE,CONVERGED,PASSED,0.993340563463472,25,1.04984210682008,13,1.21421126748114e-14,1.46993528460371e-13,23,25,0.1269
ATT_T012_001928_1,CALL_T012_001928,1,COMBINED_REPAIRED_GEOMETRY_FINAL_VERIFICATION,2011-02-06 00:00:00,E0050,CAL_008998,4.25,1924.58088792023,388.831367521038,FLAT_START,CONVERGED_FEASIBLE,CONVERGED,PASSED,0.993390949346566,25,1.04984302892832,13,1.19010992009622e-14,1.4521717162097e-13,23,25,0.1253
ATT_T012_001929_1,CALL_T012_001929,1,COMBINED_REPAIRED_GEOMETRY_FINAL_VERIFICATION,2011-02-06 00:00:00,E0050,CAL_008999,4.25,1918.23852385627,408.37491075392,FLAT_START,CONVERGED_FEASIBLE,CONVERGED,PASSED,0.993440695191032,25,1.04984354254849,13,1.18253085119192e-14,1.4255263636187e-13,23,25,0.126
ATT_T012_001930_1,CALL_T012_001930,1,COMBINED_REPAIRED_GEOMETRY_FINAL_VERIFICATION,2011-02-06 00:00:00,E0050,CAL_009000,4.25,1911.96240096571,427.714336527907,FLAT_START,CONVERGED_FEASIBLE,CONVERGED,PASSED,0.993489820565947,25,1.04984366152231,13,1.15826913617716e-14,1.4166445794217e-13,23,25,0.1616
ATT_T012_001931_1,CALL_T012_001931,1,COMBINED_REPAIRED_GEOMETRY_FINAL_VERIFICATION,2011-02-06 00:00:00,E0050,CAL_009001,4.25,1905.75054570092,446.855726189473,FLAT_START,CONVERGED_FEASIBLE,CONVERGED,PASSED,0.993538344367117,25,1.04984339898754,13,1.14304456355485e-14,1.3899992268307e-13,23,25,0.1265
ATT_T012_001932_1,CALL_T012_001932,1,COMBINED_REPAIRED_GEOMETRY_FINAL_VERIFICATION,2011-02-06 00:00:00,E0050,CAL_009002,4.25,1899.60104410979,465.804977445764,FLAT_START,CONVERGED_FEASIBLE,CONVERGED,PASSED,0.993586284847992,25,1.04984276741512,13,1.13038819920555e-14,1.37445610448594e-13,23,25,0.1253
ATT_T012_001933_1,CALL_T012_001933,1,COMBINED_REPAIRED_GEOMETRY_FINAL_VERIFICATION,2011-02-06 00:00:00,E0050,CAL_009003,4.25,1893.51203928183,484.567812234265,FLAT_START,CONVERGED_FEASIBLE,CONVERGED,PASSED,0.99363365964894,25,1.04984177864413,13,1.10613891246498e-14,1.36113342819044e-13,23,25,0.1245
ATT_T012_001934_1,CALL_T012_001934,1,COMBINED_REPAIRED_GEOMETRY_FINAL_VERIFICATION,2011-02-06 00:00:00,E0050,CAL_009004,4.25,1887.48172891603,503.149784217117,FLAT_START,CONVERGED_FEASIBLE,CONVERGED,PASSED,0.993680485824993,25,1.04984044391449,13,1.09344286978131e-14,1.34114941374719e-13,23,25,0.1239
ATT_T012_001935_1,CALL_T012_001935,1,COMBINED_REPAIRED_GEOMETRY_FINAL_VERIFICATION,2011-02-06 00:00:00,E0050,CAL_009005,4.25,1881.50836300371,521.556285921523,FLAT_START,CONVERGED_FEASIBLE,CONVERGED,PASSED,0.993726779872137,25,1.04983877389764,13,1.08077588392361e-14,1.32116539930394e-13,23,25,0.1266
ATT_T012_001936_1,CALL_T012_001936,1,COMBINED_REPAIRED_GEOMETRY_FINAL_VERIFICATION,2011-02-06 00:00:00,E0050,CAL_009006,4.25,1875.59024161953,539.792555546334,FLAT_START,CONVERGED_FEASIBLE,CONVERGED,PASSED,0.993772557752263,25,1.04983677872537,13,1.05909981328024e-14,1.31006316905768e-13,23,25,0.1252
ATT_T012_001937_1,CALL_T012_001937,1,COMBINED_REPAIRED_GEOMETRY_FINAL_VERIFICATION,2011-02-06 00:00:00,E0050,CAL_009007,4.25,1869.72571281487,557.863683453636,FLAT_START,CONVERGED_FEASIBLE,CONVERGED,PASSED,0.99381783491684,25,1.04983446801682,13,1.04765533335943e-14,1.29674049276218e-13,23,25,0.1283
ATT_T012_001938_1,CALL_T012_001938,1,COMBINED_REPAIRED_GEOMETRY_FINAL_VERIFICATION,2011-02-06 00:00:00,E0050,CAL_009008,4.25,1863.91317060759,575.774618362974,FLAT_START,CONVERGED_FEASIBLE,CONVERGED,PASSED,0.99386262632939,25,1.04983185090386,13,1.02611672349993e-14,1.28119737041743e-13,23,25,0.1268
ATT_T012_001939_1,CALL_T012_001939,1,COMBINED_REPAIRED_GEOMETRY_FINAL_VERIFICATION,2011-02-06 00:00:00,E0050,CAL_009009,4.25,1858.15105306304,593.530173264773,FLAT_START,CONVERGED_FEASIBLE,CONVERGED,PASSED,0.99390694648685,25,1.04982893605501,13,1.01462479829414e-14,1.26787469412193e-13,23,25,0.1239
ATT_T012_001940_1,CALL_T012_001940,1,COMBINED_REPAIRED_GEOMETRY_FINAL_VERIFICATION,2011-02-06 00:00:00,E0050,CAL_009010,4.25,1852.43784046106,611.135031068478,FLAT_START,CONVERGED_FEASIBLE,CONVERGED,PASSED,0.993950809439868,25,1.04982573169779,13,1.00315673403093e-14,1.25011112572793e-13,23,25,0.1253
