attempt_id,logical_call_id,attempt_index,phase,timestamp,edge_id,calibration_id,d_kw,p13_abs_kw,p30_abs_kw,initialization,solver_status,primary_power_flow_status,replay_status,vmin_pu,vmin_bus,vmax_pu,vmax_bus,maximum_residual,primary_replay_voltage_difference_pu,primary_iterations,replay_iterations,runtime_ms
ATT_T016_000001_1,CALL_T016_000001,1,CONFIGURATION_CONTROL,2011-05-11 17:30:00,,,0,638.359375,874.0625,FLAT_START,CONVERGED_FEASIBLE,CONVERGED,PASSED,0.987849352130669,25,1,1,4.44089209850063e-15,9.11493103217254e-14,21,23,0.1924
ATT_T016_000002_1,CALL_T016_000002,1,CONFIGURATION_CONTROL,2011-05-11 17:30:00,,,0,2237.1875,0,FLAT_START,CONVERGED_FEASIBLE,CONVERGED,PASSED,0.981251906043556,33,1.04999981490899,13,9.86635563321565e-15,3.48387985127374e-13,23,26,0.1601
ATT_T016_000003_1,CALL_T016_000003,1,CONFIGURATION_CONTROL,2011-05-11 17:30:00,,,0,-960.46875,0,FLAT_START,CONVERGED_FEASIBLE,CONVERGED,PASSED,0.900006461248465,18,1,1,1.4432899320127e-14,3.37840866393435e-13,25,27,0.1581
ATT_T016_000004_1,CALL_T016_000004,1,CONFIGURATION_CONTROL,2011-05-11 17:30:00,,,0,2237.34375,0,FLAT_START,CONVERGED_INFEASIBLE,CONVERGED,PASSED,0.98125370346986,33,1.05000578617905,13,9.86635563321565e-15,3.48165940522449e-13,23,26,0.1378
ATT_T016_000005_1,CALL_T016_000005,1,ANCHOR_SEARCH,2011-05-11 17:30:00,E0000,CAL_011266,0,1900.17439581141,1033.08669489578,FLAT_START,CONVERGED_INFEASIBLE,CONVERGED,PASSED,0.992627751931539,25,1.05000352730146,13,1.22183893135781e-14,1.60316204755873e-13,23,25,0.1475
ATT_T016_000006_1,CALL_T016_000006,1,ANCHOR_SEARCH,2011-05-11 17:30:00,E0000,CAL_011266,0.5,1899.69718027562,1032.9374791714,FLAT_START,CONVERGED_FEASIBLE,CONVERGED,PASSED,0.992625755173351,25,1.04998321794779,13,1.22962212168643e-14,1.60094160150948e-13,23,25,0.1705
ATT_T016_000007_1,CALL_T016_000007,1,ANCHOR_SEARCH,2011-05-11 17:30:00,E0000,CAL_011266,1,1899.21996473983,1032.78826344703,FLAT_START,CONVERGED_FEASIBLE,CONVERGED,PASSED,0.992623758322504,25,1.04996290770046,13,1.22835983693714e-14,1.59650070941098e-13,23,25,0.1346
ATT_T016_000008_1,CALL_T016_000008,1,ANCHOR_SEARCH,2011-05-11 17:30:00,E0000,CAL_011266,2,1898.26553366825,1032.48983199827,FLAT_START,CONVERGED_FEASIBLE,CONVERGED,PASSED,0.992619764342794,25,1.04992228452445,13,1.22583608133351e-14,1.58983937126322e-13,23,25,0.1341
ATT_T016_000009_1,CALL_T016_000009,1,ANCHOR_SEARCH,2011-05-11 17:30:00,E0000,CAL_011266,4,1896.3566715251,1031.89296910076,FLAT_START,CONVERGED_FEASIBLE,CONVERGED,PASSED,0.992611775271049,25,1.04984102744409,13,1.21040089067008e-14,1.58539847916472e-13,23,25,0.1339
ATT_T016_000010_1,CALL_T016_000010,1,ANCHOR_SEARCH,2011-05-11 17:30:00,E0000,CAL_011266,3,1897.31110259668,1032.19140054952,FLAT_START,CONVERGED_FEASIBLE,CONVERGED,PASSED,0.992615769992334,25,1.0498816577726,13,1.21421126748114e-14,1.58317803311547e-13,23,25,0.1318
ATT_T016_000011_1,CALL_T016_000011,1,ANCHOR_SEARCH,2011-05-11 17:30:00,E0000,CAL_011266,3.5,1896.83388706089,1032.04218482514,FLAT_START,CONVERGED_FEASIBLE,CONVERGED,PASSED,0.992613772678049,25,1.04986134305548,13,1.21294088406533e-14,1.58761892521397e-13,23,25,0.1329
ATT_T016_000012_1,CALL_T016_000012,1,ANCHOR_SEARCH,2011-05-11 17:30:00,E0000,CAL_011266,3.75,1896.59527929299,1031.96757696295,FLAT_START,CONVERGED_FEASIBLE,CONVERGED,PASSED,0.992612773986139,25,1.04985118536158,13,1.2116707581914e-14,1.58539847916472e-13,23,25,0.152
ATT_T016_000013_1,CALL_T016_000013,1,EDGE_CANDIDATE_SCREEN,2011-05-11 17:30:00,E0000,CAL_011257,4,1940.94521630465,889.291736048397,FLAT_START,CONVERGED_FEASIBLE,CONVERGED,PASSED,0.99225939907003,25,1.04983094202984,13,1.31720604625836e-14,1.68309810533174e-13,23,25,0.1354
ATT_T016_000014_1,CALL_T016_000014,1,EDGE_CANDIDATE_SCREEN,2011-05-11 17:30:00,E0000,CAL_011258,4,1935.84936733117,905.589068707701,FLAT_START,CONVERGED_FEASIBLE,CONVERGED,PASSED,0.992299930121429,25,1.04983309132787,13,1.30706071501991e-14,1.68087765928249e-13,23,25,0.1312
ATT_T016_000015_1,CALL_T016_000015,1,EDGE_CANDIDATE_SCREEN,2011-05-11 17:30:00,E0000,CAL_011259,4,1930.79158367625,921.764662445281,FLAT_START,CONVERGED_FEASIBLE,CONVERGED,PASSED,0.99234009184384,25,1.04983496900895,13,1.29693106070833e-14,1.66533453693773e-13,23,25,0.1409
ATT_T016_000016_1,CALL_T016_000016,1,EDGE_CANDIDATE_SCREEN,2011-05-11 17:30:00,E0000,CAL_011260,4,1925.77067854995,937.822312803455,FLAT_START,CONVERGED_FEASIBLE,CONVERGED,PASSED,0.992379895302475,25,1.04983658171111,13,1.28555439983239e-14,1.65201186064223e-13,23,25,0.1314
ATT_T016_000017_1,CALL_T016_000017,1,EDGE_CANDIDATE_SCREEN,2011-05-11 17:30:00,E0000,CAL_011261,4,1920.78549356122,953.765724500385,FLAT_START,CONVERGED_FEASIBLE,CONVERGED,PASSED,0.992419351257362,25,1.0498379357607,13,1.26761266607791e-14,1.64090963039598e-13,23,25,0.1307
ATT_T016_000018_1,CALL_T016_000018,1,EDGE_CANDIDATE_SCREEN,2011-05-11 17:30:00,E0000,CAL_011262,4,1915.83489754928,969.598515167515,FLAT_START,CONVERGED_FEASIBLE,CONVERGED,PASSED,0.992458470176075,25,1.04983903718572,13,1.26538107572951e-14,1.62980740014973e-13,23,25,0.1301
ATT_T016_000019_1,CALL_T016_000019,1,EDGE_CANDIDATE_SCREEN,2011-05-11 17:30:00,E0000,CAL_011263,4,1910.91778546193,985.32421893692,FLAT_START,CONVERGED_FEASIBLE,CONVERGED,PASSED,0.992497262245896,25,1.04983989172842,13,1.24858835587771e-14,1.62314606200198e-13,23,25,0.1512
ATT_T016_000020_1,CALL_T016_000020,1,EDGE_CANDIDATE_SCREEN,2011-05-11 17:30:00,E0000,CAL_011264,4,1906.03307727833,1000.94628988644,FLAT_START,CONVERGED_FEASIBLE,CONVERGED,PASSED,0.992535737385441,25,1.0498405048572,13,1.22947566598166e-14,1.61648472385423e-13,23,25,0.1325
ATT_T016_000021_1,CALL_T016_000021,1,EDGE_CANDIDATE_SCREEN,2011-05-11 17:30:00,E0000,CAL_011265,4,1901.17971697389,1016.46810535009,FLAT_START,CONVERGED_FEASIBLE,CONVERGED,PASSED,0.992573905255775,25,1.04984088177784,13,1.22835983693714e-14,1.59650070941098e-13,23,25,0.1302
ATT_T016_000022_1,CALL_T016_000022,1,EDGE_CANDIDATE_SCREEN,2011-05-11 17:30:00,E0000,CAL_011267,4,1891.5629299522,1047.22411441197,FLAT_START,CONVERGED_FEASIBLE,CONVERGED,PASSED,0.992649356608683,25,1.04984094656772,13,1.20278715675945e-14,1.57429624891847e-13,23,25,0.1318
ATT_T016_000023_1,CALL_T016_000023,1,EDGE_CANDIDATE_SCREEN,2011-05-11 17:30:00,E0000,CAL_011268,4,1886.79750239769,1062.46470700485,FLAT_START,CONVERGED_FEASIBLE,CONVERGED,PASSED,0.992686658219118,25,1.04984064362795,13,1.19391649783784e-14,1.56319401867222e-13,23,25,0.1306
ATT_T016_000024_1,CALL_T016_000024,1,EDGE_CANDIDATE_SCREEN,2011-05-11 17:30:00,E0000,CAL_011269,4,1882.05941923887,1077.6178478865,FLAT_START,CONVERGED_FEASIBLE,CONVERGED,PASSED,0.992723688835161,25,1.0498401228804,13,1.18505907206681e-14,1.55431223447522e-13,23,25,0.1654
ATT_T016_000025_1,CALL_T016_000025,1,EDGE_CANDIDATE_SCREEN,2011-05-11 17:30:00,E0000,CAL_011270,4,1877.34773023255,1092.68657608525,FLAT_START,CONVERGED_FEASIBLE,CONVERGED,PASSED,0.992760456980947,25,1.04983938836552,13,1.17747775172401e-14,1.55209178842597e-13,23,25,0.1316
ATT_T016_000026_1,CALL_T016_000026,1,EDGE_CANDIDATE_SCREEN,2011-05-11 17:30:00,E0000,CAL_011271,4,1872.66150369032,1107.67387128828,FLAT_START,CONVERGED_FEASIBLE,CONVERGED,PASSED,0.992796970980533,25,1.04983844391658,13,1.16208140336861e-14,1.54098955817972e-13,23,25,0.1589
ATT_T016_000027_1,CALL_T016_000027,1,EDGE_CANDIDATE_SCREEN,2011-05-11 17:30:00,E0000,CAL_011272,4,1867.99982568276,1122.58265638672,FLAT_START,CONVERGED_FEASIBLE,CONVERGED,PASSED,0.99283323896615,25,1.04983729316715,13,1.15445929435603e-14,1.53432822003197e-13,23,25,0.1314
ATT_T016_000028_1,CALL_T016_000028,1,EDGE_CANDIDATE_SCREEN,2011-05-11 17:30:00,E0000,CAL_011273,4,1863.3617992711,1137.41579993296,FLAT_START,CONVERGED_FEASIBLE,CONVERGED,PASSED,0.992869268886125,25,1.04983593955825,13,1.14557923133444e-14,1.52322598978571e-13,23,25,0.1552
ATT_T016_000029_1,CALL_T016_000029,1,EDGE_CANDIDATE_SCREEN,2011-05-11 17:30:00,E0000,CAL_011274,4,1858.74654376478,1152.17611851492,FLAT_START,CONVERGED_FEASIBLE,CONVERGED,PASSED,0.992905068512493,25,1.04983438634504,13,1.13924466719521e-14,1.51656465163796e-13,23,25,0.1494
ATT_T016_000030_1,CALL_T016_000030,1,EDGE_CANDIDATE_SCREEN,2011-05-11 17:30:00,E0000,CAL_011275,4,1854.15319400377,1166.86637905155,FLAT_START,CONVERGED_FEASIBLE,CONVERGED,PASSED,0.992940645448321,25,1.04983263660314,13,1.12268558651756e-14,1.50990331349021e-13,23,25,0.1628
ATT_T016_000031_1,CALL_T016_000031,1,LOCAL_REENTRY_STENCIL,2011-05-11 17:30:00,E0000,CAL_011266,4.25,1896.1180637572,1031.81836123857,FLAT_START,CONVERGED_FEASIBLE,CONVERGED,PASSED,0.992610776532778,25,1.04983086930301,13,1.21953147933715e-14,1.58539847916472e-13,23,25,0.1575
ATT_T016_000032_1,CALL_T016_000032,1,LOCAL_REENTRY_STENCIL,2011-05-11 17:30:00,E0000,CAL_011266,3.75,1896.59527929299,1031.96757696295,FLAT_START,CONVERGED_FEASIBLE,CONVERGED,PASSED,0.992612773986139,25,1.04985118536158,13,1.2116707581914e-14,1.58539847916472e-13,23,25,0.1398
ATT_T016_000033_1,CALL_T016_000033,1,ANCHOR_SEARCH,2011-05-11 17:30:00,E0001,CAL_011287,0,1805.27345106872,1340.23099194965,FLAT_START,CONVERGED_INFEASIBLE,CONVERGED,PASSED,0.993373164847164,25,1.05000419149038,13,1.06435394801639e-14,1.45439216225896e-13,23,25,0.1449
ATT_T016_000034_1,CALL_T016_000034,1,ANCHOR_SEARCH,2011-05-11 17:30:00,E0001,CAL_011287,0.5,1804.79526299992,1340.0849228877,FLAT_START,CONVERGED_FEASIBLE,CONVERGED,PASSED,0.993371185589501,25,1.04998384102836,13,1.05401044666587e-14,1.45883305435746e-13,23,25,0.1379
ATT_T016_000035_1,CALL_T016_000035,1,ANCHOR_SEARCH,2011-05-11 17:30:00,E0001,CAL_011287,1,1804.31707493113,1339.93885382574,FLAT_START,CONVERGED_FEASIBLE,CONVERGED,PASSED,0.993369206239644,25,1.04996348966606,13,1.05273883424529e-14,1.44995127016045e-13,23,25,0.1332
ATT_T016_000036_1,CALL_T016_000036,1,ANCHOR_SEARCH,2011-05-11 17:30:00,E0001,CAL_011287,2,1803.36069879353,1339.64671570184,FLAT_START,CONVERGED_FEASIBLE,CONVERGED,PASSED,0.993365247263313,25,1.04992278424017,13,1.05931164260914e-14,1.4521717162097e-13,23,25,0.1332
ATT_T016_000037_1,CALL_T016_000037,1,ANCHOR_SEARCH,2011-05-11 17:30:00,E0001,CAL_011287,4,1801.44794651834,1339.06243945402,FLAT_START,CONVERGED_FEASIBLE,CONVERGED,PASSED,0.993357328203923,25,1.04984136258031,13,1.05427444976852e-14,1.4432899320127e-13,23,25,0.1338
ATT_T016_000038_1,CALL_T016_000038,1,ANCHOR_SEARCH,2011-05-11 17:30:00,E0001,CAL_011287,3,1802.40432265594,1339.35457757793,FLAT_START,CONVERGED_FEASIBLE,CONVERGED,PASSED,0.993361287918098,25,1.04988207521187,13,1.05679240254707e-14,1.44106948596345e-13,23,25,0.1595
ATT_T016_000039_1,CALL_T016_000039,1,ANCHOR_SEARCH,2011-05-11 17:30:00,E0001,CAL_011287,3.5,1801.92613458714,1339.20850851598,FLAT_START,CONVERGED_FEASIBLE,CONVERGED,PASSED,0.993359308107135,25,1.04986171934655,13,1.04638520070921e-14,1.44106948596345e-13,23,25,0.1341
ATT_T016_000040_1,CALL_T016_000040,1,ANCHOR_SEARCH,2011-05-11 17:30:00,E0001,CAL_011287,3.75,1801.68704055274,1339.135473985,FLAT_START,CONVERGED_FEASIBLE,CONVERGED,PASSED,0.993358318167061,25,1.04985154107605,13,1.04511536725375e-14,1.44551037806195e-13,23,25,0.133
ATT_T016_000041_1,CALL_T016_000041,1,EDGE_CANDIDATE_SCREEN,2011-05-11 17:30:00,E0001,CAL_011277,4,1845.1181795322,1196.09866526707,FLAT_START,CONVERGED_FEASIBLE,CONVERGED,PASSED,0.993011612328619,25,1.04983264513223,13,1.10995324234633e-14,1.49213974509621e-13,23,25,0.1336
ATT_T016_000042_1,CALL_T016_000042,1,EDGE_CANDIDATE_SCREEN,2011-05-11 17:30:00,E0001,CAL_011278,4,1840.68151191507,1210.62303813121,FLAT_START,CONVERGED_FEASIBLE,CONVERGED,PASSED,0.993046959416577,25,1.04983439243483,13,1.10359742748494e-14,1.48991929904696e-13,23,25,0.1317
ATT_T016_000043_1,CALL_T016_000043,1,EDGE_CANDIDATE_SCREEN,2011-05-11 17:30:00,E0001,CAL_011279,4,1836.26233267637,1225.0901590777,FLAT_START,CONVERGED_FEASIBLE,CONVERGED,PASSED,0.993082116486826,25,1.04983593819632,13,1.09724867746781e-14,1.48325796089921e-13,23,25,0.132
ATT_T016_000044_1,CALL_T016_000044,1,EDGE_CANDIDATE_SCREEN,2011-05-11 17:30:00,E0001,CAL_011280,4,1831.85986941886,1239.5025567128,FLAT_START,CONVERGED_FEASIBLE,CONVERGED,PASSED,0.993117090381576,25,1.04983728529548,13,1.09217484693872e-14,1.47437617670221e-13,23,25,0.1288
ATT_T016_000045_1,CALL_T016_000045,1,EDGE_CANDIDATE_SCREEN,2011-05-11 17:30:00,E0001,CAL_011281,4,1827.47336065145,1253.86272393919,FLAT_START,CONVERGED_FEASIBLE,CONVERGED,PASSED,0.993151887816205,25,1.04983843645512,13,1.08583912631388e-14,1.46771483855446e-13,23,25,0.1581
ATT_T016_000046_1,CALL_T016_000046,1,EDGE_CANDIDATE_SCREEN,2011-05-11 17:30:00,E0001,CAL_011282,4,1823.10205523578,1268.17311976759,FLAT_START,CONVERGED_FEASIBLE,CONVERGED,PASSED,0.993186515384812,25,1.04983939424654,13,1.08077588392361e-14,1.46993528460371e-13,23,25,0.1318
ATT_T016_000047_1,CALL_T016_000047,1,EDGE_CANDIDATE_SCREEN,2011-05-11 17:30:00,E0001,CAL_011283,4,1818.74521184749,1282.4361710807,FLAT_START,CONVERGED_FEASIBLE,CONVERGED,PASSED,0.993220979565592,25,1.04984016109374,13,1.07445360854451e-14,1.46105350040671e-13,23,25,0.131
ATT_T016_000048_1,CALL_T016_000048,1,EDGE_CANDIDATE_SCREEN,2011-05-11 17:30:00,E0001,CAL_011284,4,1814.40209845102,1296.65427435218,FLAT_START,CONVERGED_FEASIBLE,CONVERGED,PASSED,0.993255286726027,25,1.04984073927739,13,1.06940129367188e-14,1.45661260830821e-13,23,25,0.1276
ATT_T016_000049_1,CALL_T016_000049,1,EDGE_CANDIDATE_SCREEN,2011-05-11 17:30:00,E0001,CAL_011285,4,1810.07199178753,1310.82979732336,FLAT_START,CONVERGED_FEASIBLE,CONVERGED,PASSED,0.993289443127913,25,1.04984113093855,13,1.05528235183448e-14,1.4521717162097e-13,23,25,0.129
ATT_T016_000050_1,CALL_T016_000050,1,EDGE_CANDIDATE_SCREEN,2011-05-11 17:30:00,E0001,CAL_011286,4,1805.75417687476,1324.96508064038,FLAT_START,CONVERGED_FEASIBLE,CONVERGED,PASSED,0.993323454932243,25,1.04984133808215,13,1.05019649190164e-14,1.4477308241112e-13,23,25,0.1303
ATT_T016_000051_1,CALL_T016_000051,1,EDGE_CANDIDATE_SCREEN,2011-05-11 17:30:00,E0001,CAL_011288,4,1797.15260083373,1353.12416498487,FLAT_START,CONVERGED_FEASIBLE,CONVERGED,PASSED,0.993391068916365,25,1.04984120617536,13,1.0400390472937e-14,1.4432899320127e-13,23,25,0.1303
ATT_T016_000052_1,CALL_T016_000052,1,EDGE_CANDIDATE_SCREEN,2011-05-11 17:30:00,E0001,CAL_011289,4,1792.86744677804,1367.15252605591,FLAT_START,CONVERGED_FEASIBLE,CONVERGED,PASSED,0.993424682955938,25,1.0498408704827,13,1.04421569766223e-14,1.4344081478157e-13,23,25,0.1325
ATT_T016_000053_1,CALL_T016_000053,1,EDGE_CANDIDATE_SCREEN,2011-05-11 17:30:00,E0001,CAL_011290,4,1788.59179769107,1381.14977059496,FLAT_START,CONVERGED_FEASIBLE,CONVERGED,PASSED,0.993458176126301,25,1.0498403569935,13,1.03243373115698e-14,1.4344081478157e-13,23,25,0.1287
ATT_T016_000054_1,CALL_T016_000054,1,EDGE_CANDIDATE_SCREEN,2011-05-11 17:30:00,E0001,CAL_011291,4,1784.32497284502,1395.11812710894,FLAT_START,CONVERGED_FEASIBLE,CONVERGED,PASSED,0.993491554152615,25,1.04983966707714,13,1.01717652584186e-14,1.43218770176645e-13,23,25,0.1442
ATT_T016_000055_1,CALL_T016_000055,1,EDGE_CANDIDATE_SCREEN,2011-05-11 17:30:00,E0001,CAL_011292,4,1780.06629700203,1409.05980613223,FLAT_START,CONVERGED_FEASIBLE,CONVERGED,PASSED,0.99352482268564,25,1.04983880198351,13,1.01334937578217e-14,1.4255263636187e-13,23,25,0.1311
ATT_T016_000056_1,CALL_T016_000056,1,EDGE_CANDIDATE_SCREEN,2011-05-11 17:30:00,E0001,CAL_011293,4,1775.81509997911,1422.97700165113,FLAT_START,CONVERGED_FEASIBLE,CONVERGED,PASSED,0.99355798730574,25,1.04983776284514,13,1.01851995819657e-14,1.41442413337245e-13,23,25,0.1304
ATT_T016_000057_1,CALL_T016_000057,1,EDGE_CANDIDATE_SCREEN,2011-05-11 17:30:00,E0001,CAL_011294,4,1771.57071621969,1436.87189250622,FLAT_START,CONVERGED_FEASIBLE,CONVERGED,PASSED,0.993591053526777,25,1.0498365506791,13,1.01347005407217e-14,1.41442413337245e-13,23,25,0.129
ATT_T016_000058_1,CALL_T016_000058,1,EDGE_CANDIDATE_SCREEN,2011-05-11 17:30:00,E0001,CAL_011295,4,1767.3324843714,1450.74664377489,FLAT_START,CONVERGED_FEASIBLE,CONVERGED,PASSED,0.993624026799921,25,1.04983516638884,13,1.0096860794188e-14,1.4122036873232e-13,23,25,0.1734
ATT_T016_000059_1,CALL_T016_000059,1,LOCAL_REENTRY_STENCIL,2011-05-11 17:30:00,E0001,CAL_011287,4.25,1801.20885248394,1338.98940492305,FLAT_START,CONVERGED_FEASIBLE,CONVERGED,PASSED,0.99335633821772,25,1.04983118385932,13,1.04511536725375e-14,1.43662859386495e-13,23,25,0.1357
ATT_T016_000060_1,CALL_T016_000060,1,LOCAL_REENTRY_STENCIL,2011-05-11 17:30:00,E0001,CAL_011287,3.75,1801.68704055274,1339.135473985,FLAT_START,CONVERGED_FEASIBLE,CONVERGED,PASSED,0.993358318167061,25,1.04985154107605,13,1.04511536725375e-14,1.44551037806195e-13,23,25,0.1626
ATT_T016_000061_1,CALL_T016_000061,1,ANCHOR_SEARCH,2011-05-11 17:30:00,E0002,CAL_011307,0,1721.35647522349,1618.17590053356,FLAT_START,CONVERGED_INFEASIBLE,CONVERGED,PASSED,0.994034519635013,25,1.05000680263449,13,9.65064197981957e-15,1.41886502547095e-13,23,25,0.138
ATT_T016_000062_1,CALL_T016_000062,1,ANCHOR_SEARCH,2011-05-11 17:30:00,E0002,CAL_011307,0.5,1720.87743043376,1618.0326661472,FLAT_START,CONVERGED_FEASIBLE,CONVERGED,PASSED,0.994032555361849,25,1.04998641358877,13,9.63787135122526e-15,1.41886502547095e-13,23,25,0.1491
ATT_T016_000063_1,CALL_T016_000063,1,ANCHOR_SEARCH,2011-05-11 17:30:00,E0002,CAL_011307,1,1720.39838564404,1617.88943176084,FLAT_START,CONVERGED_FEASIBLE,CONVERGED,PASSED,0.994030590996831,25,1.04996602363651,13,9.71433251227491e-15,1.4166445794217e-13,23,25,0.1521
ATT_T016_000064_1,CALL_T016_000064,1,ANCHOR_SEARCH,2011-05-11 17:30:00,E0002,CAL_011307,2,1719.44029606459,1617.60296298811,FLAT_START,CONVERGED_FEASIBLE,CONVERGED,PASSED,0.994026661991197,25,1.04992524101194,13,9.70168542528214e-15,1.4166445794217e-13,23,25,0.158
ATT_T016_000065_1,CALL_T016_000065,1,ANCHOR_SEARCH,2011-05-11 17:30:00,E0002,CAL_011307,4,1717.52411690568,1617.03002544267,FLAT_START,CONVERGED_FEASIBLE,CONVERGED,PASSED,0.994018802877275,25,1.04984366487967,13,9.65113090157745e-15,1.41442413337245e-13,23,25,0.1889
ATT_T016_000066_1,CALL_T016_000066,1,ANCHOR_SEARCH,2011-05-11 17:30:00,E0002,CAL_011307,3,1718.48220648513,1617.31649421539,FLAT_START,CONVERGED_FEASIBLE,CONVERGED,PASSED,0.994022732618037,25,1.04988445475995,13,9.57406443330972e-15,1.4122036873232e-13,23,25,0.1454
ATT_T016_000067_1,CALL_T016_000067,1,ANCHOR_SEARCH,2011-05-11 17:30:00,E0002,CAL_011307,3.5,1718.00316169541,1617.17325982903,FLAT_START,CONVERGED_FEASIBLE,CONVERGED,PASSED,0.994020767793611,25,1.0498640602734,13,9.65113090157745e-15,1.4077627952247e-13,23,25,0.1351
ATT_T016_000068_1,CALL_T016_000068,1,ANCHOR_SEARCH,2011-05-11 17:30:00,E0002,CAL_011307,3.75,1717.76363930054,1617.10164263585,FLAT_START,CONVERGED_FEASIBLE,CONVERGED,PASSED,0.994019785346932,25,1.04985386268994,13,9.65113090157745e-15,1.40554234917545e-13,23,25,0.1327
ATT_T016_000069_1,CALL_T016_000069,1,EDGE_CANDIDATE_SCREEN,2011-05-11 17:30:00,E0002,CAL_011297,4,1758.94204992307,1478.50850475729,FLAT_START,CONVERGED_FEASIBLE,CONVERGED,PASSED,0.993690147971357,25,1.04983537955311,13,9.91713358486607e-15,1.4122036873232e-13,23,25,0.1337
ATT_T016_000070_1,CALL_T016_000070,1,EDGE_CANDIDATE_SCREEN,2011-05-11 17:30:00,E0002,CAL_011298,4,1754.79475120358,1492.37906959498,FLAT_START,CONVERGED_FEASIBLE,CONVERGED,PASSED,0.993723256390939,25,1.04983697508215,13,9.90443433500102e-15,1.4166445794217e-13,23,25,0.1735
ATT_T016_000071_1,CALL_T016_000071,1,EDGE_CANDIDATE_SCREEN,2011-05-11 17:30:00,E0002,CAL_011299,4,1750.65036146405,1506.2399054023,FLAT_START,CONVERGED_FEASIBLE,CONVERGED,PASSED,0.993756297055174,25,1.04983839846054,13,9.86635563321565e-15,1.4077627952247e-13,23,25,0.1358
ATT_T016_000072_1,CALL_T016_000072,1,EDGE_CANDIDATE_SCREEN,2011-05-11 17:30:00,E0002,CAL_011300,4,1746.50824700203,1520.09313158554,FLAT_START,CONVERGED_FEASIBLE,CONVERGED,PASSED,0.993789275189436,25,1.04983965051411,13,9.84098582803183e-15,1.40998324127395e-13,23,25,0.1325
ATT_T016_000073_1,CALL_T016_000073,1,EDGE_CANDIDATE_SCREEN,2011-05-11 17:30:00,E0002,CAL_011301,4,1742.36777550352,1533.9408629073,FLAT_START,CONVERGED_FEASIBLE,CONVERGED,PASSED,0.993822195980194,25,1.04984073196161,13,9.80295536264934e-15,1.40554234917545e-13,23,25,0.1319
ATT_T016_000074_1,CALL_T016_000074,1,EDGE_CANDIDATE_SCREEN,2011-05-11 17:30:00,E0002,CAL_011302,4,1738.22831565643,1547.78521077937,FLAT_START,CONVERGED_FEASIBLE,CONVERGED,PASSED,0.993855064578327,25,1.04984164341559,13,9.79028505572049e-15,1.4122036873232e-13,23,25,0.1643
ATT_T016_000075_1,CALL_T016_000075,1,EDGE_CANDIDATE_SCREEN,2011-05-11 17:30:00,E0002,CAL_011303,4,1734.08923676528,1561.62828455127,FLAT_START,CONVERGED_FEASIBLE,CONVERGED,PASSED,0.993887886102391,25,1.04984238538326,13,9.75229385727802e-15,1.40554234917545e-13,23,25,0.1341
ATT_T016_000076_1,CALL_T016_000076,1,EDGE_CANDIDATE_SCREEN,2011-05-11 17:30:00,E0002,CAL_011304,4,1729.94990836672,1575.47219279614,FLAT_START,CONVERGED_FEASIBLE,CONVERGED,PASSED,0.993920665641843,25,1.0498429582671,13,9.63787135122526e-15,1.4033219031262e-13,23,25,0.1298
ATT_T016_000077_1,CALL_T016_000077,1,EDGE_CANDIDATE_SCREEN,2011-05-11 17:30:00,E0002,CAL_011305,4,1725.80969984537,1589.3190445956,FLAT_START,CONVERGED_FEASIBLE,CONVERGED,PASSED,0.993953408260227,25,1.0498433623654,13,9.70168542528214e-15,1.40554234917545e-13,23,25,0.1322
ATT_T016_000078_1,CALL_T016_000078,1,EDGE_CANDIDATE_SCREEN,2011-05-11 17:30:00,E0002,CAL_011306,4,1721.66798004945,1603.17095082527,FLAT_START,CONVERGED_FEASIBLE,CONVERGED,PASSED,0.993986118998324,25,1.04984359787262,13,9.66376443231814e-15,1.4077627952247e-13,23,25,0.1294
ATT_T016_000079_1,CALL_T016_000079,1,EDGE_CANDIDATE_SCREEN,2011-05-11 17:30:00,E0002,CAL_011308,4,1713.37747703307,1630.89838677898,FLAT_START,CONVERGED_FEASIBLE,CONVERGED,PASSED,0.994051464901677,25,1.04984356337398,13,9.53581770795096e-15,1.4166445794217e-13,23,25,0.1383
ATT_T016_000080_1,CALL_T016_000080,1,EDGE_CANDIDATE_SCREEN,2011-05-11 17:30:00,E0002,CAL_011309,4,1709.22742535491,1644.77815883666,FLAT_START,CONVERGED_FEASIBLE,CONVERGED,PASSED,0.994084110062657,25,1.04984329323948,13,9.5103356940376e-15,1.4122036873232e-13,23,25,0.1552
ATT_T016_000081_1,CALL_T016_000081,1,EDGE_CANDIDATE_SCREEN,2011-05-11 17:30:00,E0002,CAL_011310,4,1705.07332470864,1658.67147259425,FLAT_START,CONVERGED_FEASIBLE,CONVERGED,PASSED,0.994116743340926,25,1.04984285425645,13,9.57540206160694e-15,1.4077627952247e-13,23,25,0.1319
ATT_T016_000082_1,CALL_T016_000082,1,EDGE_CANDIDATE_SCREEN,2011-05-11 17:30:00,E0002,CAL_011311,4,1700.91453545296,1672.58046732041,FLAT_START,CONVERGED_FEASIBLE,CONVERGED,PASSED,0.994149369709826,25,1.04984224610122,13,9.55018700253309e-15,1.40998324127395e-13,23,25,0.1316
ATT_T016_000083_1,CALL_T016_000083,1,EDGE_CANDIDATE_SCREEN,2011-05-11 17:30:00,E0002,CAL_011312,4,1696.75041507173,1686.50729189861,FLAT_START,CONVERGED_FEASIBLE,CONVERGED,PASSED,0.994181994138358,25,1.04984146834574,13,9.44668671562294e-15,1.4122036873232e-13,23,25,0.1328
ATT_T016_000084_1,CALL_T016_000084,1,EDGE_CANDIDATE_SCREEN,2011-05-11 17:30:00,E0002,CAL_011313,4,1692.58031777411,1700.45410616453,FLAT_START,CONVERGED_FEASIBLE,CONVERGED,PASSED,0.994214621594211,25,1.04984052045696,13,9.43396663334474e-15,1.4210854715202e-13,23,25,0.1346
ATT_T016_000085_1,CALL_T016_000085,1,EDGE_CANDIDATE_SCREEN,2011-05-11 17:30:00,E0002,CAL_011314,4,1688.40359409042,1714.42308225767,FLAT_START,CONVERGED_FEASIBLE,CONVERGED,PASSED,0.994247257046789,25,1.04983940179621,13,9.54791801177635e-15,1.4166445794217e-13,23,25,0.138
ATT_T016_000086_1,CALL_T016_000086,1,EDGE_CANDIDATE_SCREEN,2011-05-11 17:30:00,E0002,CAL_011315,4,1684.21959046315,1728.4164059892,FLAT_START,CONVERGED_FEASIBLE,CONVERGED,PASSED,0.994279905470235,25,1.04983811161824,13,9.54791801177635e-15,1.4255263636187e-13,23,25,0.1311
ATT_T016_000087_1,CALL_T016_000087,1,LOCAL_REENTRY_STENCIL,2011-05-11 17:30:00,E0002,CAL_011307,4.25,1717.28459451082,1616.95840824949,FLAT_START,CONVERGED_FEASIBLE,CONVERGED,PASSED,0.994017820384638,25,1.04983346684259,13,9.63850079324675e-15,1.4033219031262e-13,23,25,0.1536
ATT_T016_000088_1,CALL_T016_000088,1,LOCAL_REENTRY_STENCIL,2011-05-11 17:30:00,E0002,CAL_011307,3.75,1717.76363930054,1617.10164263585,FLAT_START,CONVERGED_FEASIBLE,CONVERGED,PASSED,0.994019785346932,25,1.04985386268994,13,9.65113090157745e-15,1.40554234917545e-13,23,25,0.1344
ATT_T016_000089_1,CALL_T016_000089,1,ANCHOR_SEARCH,2011-05-11 17:30:00,E0003,CAL_011325,0,1646.2016554207,1871.8604691047,FLAT_START,CONVERGED_INFEASIBLE,CONVERGED,PASSED,0.994627266251941,25,1.05000616996192,13,1.04360964314765e-14,1.47437617670221e-13,23,25,0.1402
ATT_T016_000090_1,CALL_T016_000090,1,ANCHOR_SEARCH,2011-05-11 17:30:00,E0003,CAL_011325,0.5,1645.7219012913,1871.71962885717,FLAT_START,CONVERGED_FEASIBLE,CONVERGED,PASSED,0.994625314558425,25,1.04998574448904,13,1.04360964314765e-14,1.46771483855446e-13,23,25,0.134
ATT_T016_000091_1,CALL_T016_000091,1,ANCHOR_SEARCH,2011-05-11 17:30:00,E0003,CAL_011325,1,1645.2421471619,1871.57878860963,FLAT_START,CONVERGED_FEASIBLE,CONVERGED,PASSED,0.994623362773293,25,1.04996531810377,13,1.04360964314765e-14,1.46771483855446e-13,23,25,0.1306
ATT_T016_000092_1,CALL_T016_000092,1,ANCHOR_SEARCH,2011-05-11 17:30:00,E0003,CAL_011325,2,1644.28263890311,1871.29710811456,FLAT_START,CONVERGED_FEASIBLE,CONVERGED,PASSED,0.994619458928142,25,1.04992446259562,13,1.04360964314765e-14,1.46549439250521e-13,23,25,0.1344
ATT_T016_000093_1,CALL_T016_000093,1,ANCHOR_SEARCH,2011-05-11 17:30:00,E0003,CAL_011325,4,1642.36362238552,1870.73374712442,FLAT_START,CONVERGED_FEASIBLE,CONVERGED,PASSED,0.994611650138029,25,1.04984274062594,13,1.04360964314765e-14,1.45883305435746e-13,23,25,0.134
ATT_T016_000094_1,CALL_T016_000094,1,ANCHOR_SEARCH,2011-05-11 17:30:00,E0003,CAL_011325,3,1643.32313064431,1871.01542761949,FLAT_START,CONVERGED_FEASIBLE,CONVERGED,PASSED,0.994615554716412,25,1.04988360343663,13,1.02140518265514e-14,1.46327394645596e-13,23,25,0.1582
ATT_T016_000095_1,CALL_T016_000095,1,ANCHOR_SEARCH,2011-05-11 17:30:00,E0003,CAL_011325,3.5,1642.84337651491,1870.87458737196,FLAT_START,CONVERGED_FEASIBLE,CONVERGED,PASSED,0.994613602473057,25,1.0498631724878,13,1.04360964314765e-14,1.46327394645596e-13,23,25,0.1383
ATT_T016_000096_1,CALL_T016_000096,1,ANCHOR_SEARCH,2011-05-11 17:30:00,E0003,CAL_011325,3.75,1642.60349945022,1870.80416724819,FLAT_START,CONVERGED_FEASIBLE,CONVERGED,PASSED,0.994612626317003,25,1.04985295667101,13,1.02140518265514e-14,1.46327394645596e-13,23,25,0.14
ATT_T016_000097_1,CALL_T016_000097,1,EDGE_CANDIDATE_SCREEN,2011-05-11 17:30:00,E0003,CAL_011317,4,1675.88253014067,1756.55591308959,FLAT_START,CONVERGED_FEASIBLE,CONVERGED,PASSED,0.994345665376482,25,1.04983800574967,13,9.76996261670138e-15,1.42330591756945e-13,23,25,0.1374
ATT_T016_000098_1,CALL_T016_000098,1,EDGE_CANDIDATE_SCREEN,2011-05-11 17:30:00,E0003,CAL_011318,4,1671.73346427085,1770.68917058544,FLAT_START,CONVERGED_FEASIBLE,CONVERGED,PASSED,0.994378746467795,25,1.04983919468297,13,9.35771524253852e-15,1.43662859386495e-13,23,25,0.1369
ATT_T016_000099_1,CALL_T016_000099,1,EDGE_CANDIDATE_SCREEN,2011-05-11 17:30:00,E0003,CAL_011319,4,1667.57410869133,1784.85747864965,FLAT_START,CONVERGED_FEASIBLE,CONVERGED,PASSED,0.994411864972221,25,1.04984021503688,13,1.02140518265514e-14,1.42774680966795e-13,23,25,0.1474
ATT_T016_000100_1,CALL_T016_000100,1,EDGE_CANDIDATE_SCREEN,2011-05-11 17:30:00,E0003,CAL_011320,4,1663.40378912831,1799.06313410885,FLAT_START,CONVERGED_FEASIBLE,CONVERGED,PASSED,0.994445026005194,25,1.04984106594498,13,9.99200722162641e-15,1.43218770176645e-13,23,25,0.1558
ATT_T016_000101_1,CALL_T016_000101,1,EDGE_CANDIDATE_SCREEN,2011-05-11 17:30:00,E0003,CAL_011321,4,1659.22182439924,1813.30845732355,FLAT_START,CONVERGED_FEASIBLE,CONVERGED,PASSED,0.994478234708128,25,1.04984174643018,13,1.02140518265514e-14,1.44551037806195e-13,23,25,0.1326
ATT_T016_000102_1,CALL_T016_000102,1,EDGE_CANDIDATE_SCREEN,2011-05-11 17:30:00,E0003,CAL_011322,4,1655.02752595399,1827.59579375087,FLAT_START,CONVERGED_FEASIBLE,CONVERGED,PASSED,0.994511496251628,25,1.04984225540295,13,1.02140518265514e-14,1.44551037806195e-13,23,25,0.13
ATT_T016_000103_1,CALL_T016_000103,1,EDGE_CANDIDATE_SCREEN,2011-05-11 17:30:00,E0003,CAL_011323,4,1650.82019740607,1841.92751554156,FLAT_START,CONVERGED_FEASIBLE,CONVERGED,PASSED,0.994544815838741,25,1.04984259165956,13,9.76996261670138e-15,1.4477308241112e-13,23,25,0.1309
ATT_T016_000104_1,CALL_T016_000104,1,EDGE_CANDIDATE_SCREEN,2011-05-11 17:30:00,E0003,CAL_011324,4,1646.59913405304,1856.30602317353,FLAT_START,CONVERGED_FEASIBLE,CONVERGED,PASSED,0.994578198708253,25,1.04984275388001,13,9.99200722162641e-15,1.44995127016045e-13,23,25,0.1331
ATT_T016_000105_1,CALL_T016_000105,1,EDGE_CANDIDATE_SCREEN,2011-05-11 17:30:00,E0003,CAL_011326,4,1638.11293958397,1885.21314958573,FLAT_START,CONVERGED_FEASIBLE,CONVERGED,PASSED,0.994645175448406,25,1.04984255033818,13,1.04360964314765e-14,1.46549439250521e-13,23,25,0.13
ATT_T016_000106_1,CALL_T016_000106,1,EDGE_CANDIDATE_SCREEN,2011-05-11 17:30:00,E0003,CAL_011327,4,1633.84635300247,1899.74672622123,FLAT_START,CONVERGED_FEASIBLE,CONVERGED,PASSED,0.994678780005639,25,1.04984218133432,13,1.04360964314765e-14,1.46771483855446e-13,23,25,0.1303
ATT_T016_000107_1,CALL_T016_000107,1,EDGE_CANDIDATE_SCREEN,2011-05-11 17:30:00,E0003,CAL_011328,4,1629.56311963872,1914.33700797237,FLAT_START,CONVERGED_FEASIBLE,CONVERGED,PASSED,0.994712469225416,25,1.0498416318059,13,1.06581410364015e-14,1.47215573065296e-13,23,25,0.1562
ATT_T016_000108_1,CALL_T016_000108,1,EDGE_CANDIDATE_SCREEN,2011-05-11 17:30:00,E0003,CAL_011329,4,1625.26248558941,1928.98656291355,FLAT_START,CONVERGED_FEASIBLE,CONVERGED,PASSED,0.994746248576429,25,1.04984089981555,13,1.11022302462516e-14,1.48547840694846e-13,23,25,15.3738
ATT_T016_000109_1,CALL_T016_000109,1,EDGE_CANDIDATE_SCREEN,2011-05-11 17:30:00,E0003,CAL_011330,4,1620.94368548996,1943.69799816038,FLAT_START,CONVERGED_FEASIBLE,CONVERGED,PASSED,0.994780123584026,25,1.04983998329385,13,1.06581410364015e-14,1.49213974509621e-13,23,25,0.1907
ATT_T016_000110_1,CALL_T016_000110,1,EDGE_CANDIDATE_SCREEN,2011-05-11 17:30:00,E0003,CAL_011331,4,1616.60594193795,1958.47396183391,FLAT_START,CONVERGED_FEASIBLE,CONVERGED,PASSED,0.99481409983393,25,1.049838880036,13,1.13242748511766e-14,1.49213974509621e-13,23,25,0.1438
ATT_T016_000111_1,CALL_T016_000111,1,EDGE_CANDIDATE_SCREEN,2011-05-11 17:30:00,E0003,CAL_011332,4,1612.24846489904,1973.31714508422,FLAT_START,CONVERGED_FEASIBLE,CONVERGED,PASSED,0.994848182976043,25,1.04983758769827,13,1.11022302462516e-14,1.50768286744096e-13,23,25,0.1279
ATT_T016_000112_1,CALL_T016_000112,1,EDGE_CANDIDATE_SCREEN,2011-05-11 17:30:00,E0003,CAL_011333,4,1607.87045109445,1988.23028417676,FLAT_START,CONVERGED_FEASIBLE,CONVERGED,PASSED,0.994882378728346,25,1.04983610379422,13,1.11022302462516e-14,1.51656465163796e-13,23,25,0.1556
ATT_T016_000113_1,CALL_T016_000113,1,EDGE_CANDIDATE_SCREEN,2011-05-11 17:30:00,E0003,CAL_011334,4,1603.47108336905,2003.21616264505,FLAT_START,CONVERGED_FEASIBLE,CONVERGED,PASSED,0.994916692880879,25,1.04983442569066,13,1.11022302462516e-14,1.52100554373646e-13,23,25,0.1284
ATT_T016_000114_1,CALL_T016_000114,1,EDGE_CANDIDATE_SCREEN,2011-05-11 17:30:00,E0003,CAL_011335,4,1599.04953003879,2018.27761351351,FLAT_START,CONVERGED_FEASIBLE,CONVERGED,PASSED,0.994951131299826,25,1.04983255060343,13,1.15463194561016e-14,1.52988732793347e-13,23,25,0.1285
ATT_T016_000115_1,CALL_T016_000115,1,LOCAL_REENTRY_STENCIL,2011-05-11 17:30:00,E0003,CAL_011325,4.25,1642.12374532082,1870.66332700066,FLAT_START,CONVERGED_FEASIBLE,CONVERGED,PASSED,0.994610673936135,25,1.04983252435258,13,1.04360964314765e-14,1.45439216225896e-13,23,25,0.128
ATT_T016_000116_1,CALL_T016_000116,1,LOCAL_REENTRY_STENCIL,2011-05-11 17:30:00,E0003,CAL_011325,3.75,1642.60349945022,1870.80416724819,FLAT_START,CONVERGED_FEASIBLE,CONVERGED,PASSED,0.994612626317003,25,1.04985295667101,13,1.02140518265514e-14,1.46327394645596e-13,23,25,0.1274
ATT_T016_000117_1,CALL_T016_000117,1,ANCHOR_SEARCH,2011-05-11 17:30:00,E0004,CAL_011347,0,1548.63519911718,2208.41014112705,FLAT_START,CONVERGED_INFEASIBLE,CONVERGED,PASSED,0.995398581597927,25,1.05000548974943,13,1.35447209004269e-14,1.72750702631674e-13,23,25,0.1351
ATT_T016_000118_1,CALL_T016_000118,1,ANCHOR_SEARCH,2011-05-11 17:30:00,E0004,CAL_011347,0.5,1548.1545335158,2208.27244370641,FLAT_START,CONVERGED_FEASIBLE,CONVERGED,PASSED,0.995396645672869,25,1.04998501457115,13,1.33226762955019e-14,1.72084568816899e-13,23,25,0.1297
ATT_T016_000119_1,CALL_T016_000119,1,ANCHOR_SEARCH,2011-05-11 17:30:00,E0004,CAL_011347,1,1547.67386791442,2208.13474628577,FLAT_START,CONVERGED_FEASIBLE,CONVERGED,PASSED,0.995394709656428,25,1.04996453847249,13,1.35447209004269e-14,1.72084568816899e-13,23,25,0.1535
ATT_T016_000120_1,CALL_T016_000120,1,ANCHOR_SEARCH,2011-05-11 17:30:00,E0004,CAL_011347,2,1546.71253671166,2207.85935144449,FLAT_START,CONVERGED_FEASIBLE,CONVERGED,PASSED,0.995390837349361,25,1.04992358351358,13,1.31006316905768e-14,1.71862524211974e-13,23,25,0.1292
ATT_T016_000121_1,CALL_T016_000121,1,ANCHOR_SEARCH,2011-05-11 17:30:00,E0004,CAL_011347,4,1544.78987430615,2207.30856176193,FLAT_START,CONVERGED_FEASIBLE,CONVERGED,PASSED,0.995383091638226,25,1.04984166254641,13,1.33226762955019e-14,1.71196390397199e-13,23,25,0.1324
ATT_T016_000122_1,CALL_T016_000122,1,ANCHOR_SEARCH,2011-05-11 17:30:00,E0004,CAL_011347,3,1545.75120550891,2207.58395660321,FLAT_START,CONVERGED_FEASIBLE,CONVERGED,PASSED,0.995386964676653,25,1.04988262487185,13,1.33226762955019e-14,1.71418435002124e-13,23,25,0.1339
ATT_T016_000123_1,CALL_T016_000123,1,ANCHOR_SEARCH,2011-05-11 17:30:00,E0004,CAL_011347,3.5,1545.27053990753,2207.44625918257,FLAT_START,CONVERGED_FEASIBLE,CONVERGED,PASSED,0.995385028203159,25,1.04986214416965,13,1.35447209004269e-14,1.71196390397199e-13,23,25,0.1289
ATT_T016_000124_1,CALL_T016_000124,1,ANCHOR_SEARCH,2011-05-11 17:30:00,E0004,CAL_011347,3.75,1545.03020710684,2207.37741047225,FLAT_START,CONVERGED_FEASIBLE,CONVERGED,PASSED,0.995384059932123,25,1.04985190347316,13,1.33226762955019e-14,1.71196390397199e-13,23,25,0.1284
ATT_T016_000125_1,CALL_T016_000125,1,EDGE_CANDIDATE_SCREEN,2011-05-11 17:30:00,E0004,CAL_011337,4,1590.20902478335,2048.76221298714,FLAT_START,CONVERGED_FEASIBLE,CONVERGED,PASSED,0.995021025556424,25,1.04983245385781,13,1.17683640610267e-14,1.54765089632747e-13,23,25,0.1302
ATT_T016_000126_1,CALL_T016_000126,1,EDGE_CANDIDATE_SCREEN,2011-05-11 17:30:00,E0004,CAL_011338,4,1585.79532554847,2064.1692800707,FLAT_START,CONVERGED_FEASIBLE,CONVERGED,PASSED,0.995056444334941,25,1.04983424900862,13,1.22124532708767e-14,1.54987134237672e-13,23,25,0.1554
ATT_T016_000127_1,CALL_T016_000127,1,EDGE_CANDIDATE_SCREEN,2011-05-11 17:30:00,E0004,CAL_011339,4,1581.35566115575,2079.66698471414,FLAT_START,CONVERGED_FEASIBLE,CONVERGED,PASSED,0.995092020308685,25,1.04983585827034,13,1.22124532708767e-14,1.56541446472147e-13,23,25,0.1295
ATT_T016_000128_1,CALL_T016_000128,1,EDGE_CANDIDATE_SCREEN,2011-05-11 17:30:00,E0004,CAL_011340,4,1576.8891195225,2095.25851075903,FLAT_START,CONVERGED_FEASIBLE,CONVERGED,PASSED,0.99512775997848,25,1.04983727880158,13,1.19904086659517e-14,1.58317803311547e-13,23,25,0.1252
ATT_T016_000129_1,CALL_T016_000129,1,EDGE_CANDIDATE_SCREEN,2011-05-11 17:30:00,E0004,CAL_011341,4,1572.39476925032,2110.94710947305,FLAT_START,CONVERGED_FEASIBLE,CONVERGED,PASSED,0.995163669954971,25,1.04983850759285,13,1.19904086659517e-14,1.58317803311547e-13,23,25,0.128
ATT_T016_000130_1,CALL_T016_000130,1,EDGE_CANDIDATE_SCREEN,2011-05-11 17:30:00,E0004,CAL_011342,4,1567.87165878097,2126.73610249661,FLAT_START,CONVERGED_FEASIBLE,CONVERGED,PASSED,0.995199756963837,25,1.04983954146076,13,1.26565424807268e-14,1.60538249360798e-13,23,25,0.1353
ATT_T016_000131_1,CALL_T016_000131,1,EDGE_CANDIDATE_SCREEN,2011-05-11 17:30:00,E0004,CAL_011343,4,1563.31881551955,2142.62888490355,FLAT_START,CONVERGED_FEASIBLE,CONVERGED,PASSED,0.995236027851168,25,1.04984037704184,13,1.26565424807268e-14,1.60982338570648e-13,23,25,0.1271
ATT_T016_000132_1,CALL_T016_000132,1,EDGE_CANDIDATE_SCREEN,2011-05-11 17:30:00,E0004,CAL_011344,4,1558.73524492323,2158.6289283822,FLAT_START,CONVERGED_FEASIBLE,CONVERGED,PASSED,0.995272489589028,25,1.04984101078594,13,1.24344978758018e-14,1.63424829224823e-13,23,25,0.1231
ATT_T016_000133_1,CALL_T016_000133,1,EDGE_CANDIDATE_SCREEN,2011-05-11 17:30:00,E0004,CAL_011345,4,1554.11992955359,2174.73978454336,FLAT_START,CONVERGED_FEASIBLE,CONVERGED,PASSED,0.995309149281208,25,1.04984143894933,13,1.28785870856518e-14,1.65645275274073e-13,23,25,0.1524
ATT_T016_000134_1,CALL_T016_000134,1,EDGE_CANDIDATE_SCREEN,2011-05-11 17:30:00,E0004,CAL_011346,4,1549.47182809062,2190.96508836225,FLAT_START,CONVERGED_FEASIBLE,CONVERGED,PASSED,0.995346014169173,25,1.04984165758731,13,1.33226762955019e-14,1.68531855138099e-13,23,25,0.127
ATT_T016_000135_1,CALL_T016_000135,1,EDGE_CANDIDATE_SCREEN,2011-05-11 17:30:00,E0004,CAL_011348,4,1540.07297599457,2223.77401734586,FLAT_START,CONVERGED_FEASIBLE,CONVERGED,PASSED,0.995420389223894,25,1.04984144945619,13,1.35447209004269e-14,1.738609256563e-13,23,25,0.1243
ATT_T016_000136_1,CALL_T016_000136,1,EDGE_CANDIDATE_SCREEN,2011-05-11 17:30:00,E0004,CAL_011349,4,1535.32001385842,2240.36536228811,FLAT_START,CONVERGED_FEASIBLE,CONVERGED,PASSED,0.99545791461855,25,1.04984101372044,13,1.37667655053519e-14,1.774136393351e-13,23,25,0.1259
ATT_T016_000137_1,CALL_T016_000137,1,EDGE_CANDIDATE_SCREEN,2011-05-11 17:30:00,E0004,CAL_011350,4,1530.52984034629,2257.08660238984,FLAT_START,CONVERGED_FEASIBLE,CONVERGED,PASSED,0.995495675678276,25,1.049840350508,13,1.4210854715202e-14,1.8052226380405e-13,23,25,0.1249
ATT_T016_000138_1,CALL_T016_000138,1,EDGE_CANDIDATE_SCREEN,2011-05-11 17:30:00,E0004,CAL_011351,4,1525.70127844042,2273.94184631153,FLAT_START,CONVERGED_FEASIBLE,CONVERGED,PASSED,0.995533680430003,25,1.0498394547429,13,1.4210854715202e-14,1.83852932877926e-13,23,25,0.1269
ATT_T016_000139_1,CALL_T016_000139,1,EDGE_CANDIDATE_SCREEN,2011-05-11 17:30:00,E0004,CAL_011352,4,1520.8331203911,2290.93530999079,FLAT_START,CONVERGED_FEASIBLE,CONVERGED,PASSED,0.995571937078909,25,1.04983832109406,13,1.4432899320127e-14,1.87405646556726e-13,23,25,0.1297
ATT_T016_000140_1,CALL_T016_000140,1,EDGE_CANDIDATE_SCREEN,2011-05-11 17:30:00,E0004,CAL_011353,4,1515.92412639497,2308.07132125624,FLAT_START,CONVERGED_FEASIBLE,CONVERGED,PASSED,0.99561045401612,25,1.04983694396426,13,1.46549439250521e-14,1.90958360235527e-13,23,25,0.1507
ATT_T016_000141_1,CALL_T016_000141,1,EDGE_CANDIDATE_SCREEN,2011-05-11 17:30:00,E0004,CAL_011354,4,1510.97302321382,2325.35432464867,FLAT_START,CONVERGED_FEASIBLE,CONVERGED,PASSED,0.995649239826718,25,1.04983531747855,13,1.53210777398272e-14,1.94955163124177e-13,23,25,0.1274
ATT_T016_000142_1,CALL_T016_000142,1,EDGE_CANDIDATE_SCREEN,2011-05-11 17:30:00,E0004,CAL_011355,4,1505.97850273074,2342.78888646131,FLAT_START,CONVERGED_FEASIBLE,CONVERGED,PASSED,0.995688303298065,25,1.04983343547192,13,1.53210777398272e-14,1.98507876802978e-13,23,25,0.1274
ATT_T016_000143_1,CALL_T016_000143,1,EDGE_CANDIDATE_SCREEN,2011-05-11 17:30:00,E0004,CAL_011356,4,1500.93922043985,2360.3797000118,FLAT_START,CONVERGED_FEASIBLE,CONVERGED,PASSED,0.99572765342848,25,1.04983129147626,13,1.55431223447522e-14,2.02726724296554e-13,23,25,0.1242
ATT_T016_000144_1,CALL_T016_000144,1,LOCAL_REENTRY_STENCIL,2011-05-11 17:30:00,E0004,CAL_011347,4.25,1544.54954150546,2207.23971305161,FLAT_START,CONVERGED_FEASIBLE,CONVERGED,PASSED,0.995382123321467,25,1.04983142138937,13,1.35447209004269e-14,1.71862524211974e-13,23,25,0.1272
ATT_T016_000145_1,CALL_T016_000145,1,LOCAL_REENTRY_STENCIL,2011-05-11 17:30:00,E0004,CAL_011347,3.75,1545.03020710684,2207.37741047225,FLAT_START,CONVERGED_FEASIBLE,CONVERGED,PASSED,0.995384059932123,25,1.04985190347316,13,1.33226762955019e-14,1.71196390397199e-13,23,25,0.1272
ATT_T016_000146_1,CALL_T016_000146,1,ANCHOR_SEARCH,2011-05-11 17:30:00,E0005,CAL_011358,0,1499.01473544668,2378.03722714333,FLAT_START,CONVERGED_FEASIBLE,CONVERGED,PASSED,0.995776880389347,25,1.0499525646965,13,1.64313007644523e-14,2.07167616395054e-13,23,25,0.1559
ATT_T016_000147_1,CALL_T016_000147,1,ANCHOR_SEARCH,2011-05-11 17:30:00,E0005,CAL_011358,0.5,1498.54258641259,2377.87268143659,FLAT_START,CONVERGED_FEASIBLE,CONVERGED,PASSED,0.995774890964868,25,1.04993209798228,13,1.59872115546023e-14,2.07167616395054e-13,23,25,0.1357
ATT_T016_000148_1,CALL_T016_000148,1,ANCHOR_SEARCH,2011-05-11 17:30:00,E0005,CAL_011358,1,1498.0704373785,2377.70813572984,FLAT_START,CONVERGED_FEASIBLE,CONVERGED,PASSED,0.995772901447895,25,1.04991163035461,13,1.59872115546023e-14,2.07167616395054e-13,23,25,0.1302
ATT_T016_000149_1,CALL_T016_000149,1,ANCHOR_SEARCH,2011-05-11 17:30:00,E0005,CAL_011358,2,1497.12613931032,2377.37904431636,FLAT_START,CONVERGED_FEASIBLE,CONVERGED,PASSED,0.995768922136424,25,1.04987069235844,13,1.59872115546023e-14,2.06723527185204e-13,23,25,0.1298
ATT_T016_000150_1,CALL_T016_000150,1,ANCHOR_SEARCH,2011-05-11 17:30:00,E0005,CAL_011358,4,1495.23754317396,2376.72086148938,FLAT_START,CONVERGED_FEASIBLE,CONVERGED,PASSED,0.995760962403125,25,1.04978880539981,13,1.57651669496772e-14,2.05835348765504e-13,23,25,0.1281
ATT_T016_000151_1,CALL_T016_000151,1,ANCHOR_SEARCH,2011-05-11 17:30:00,E0005,CAL_011358,3,1496.18184124214,2377.04995290287,FLAT_START,CONVERGED_FEASIBLE,CONVERGED,PASSED,0.995764942454859,25,1.04982975070712,13,1.62092561595273e-14,2.06501482580279e-13,23,25,0.1276
ATT_T016_000152_1,CALL_T016_000152,1,ANCHOR_SEARCH,2011-05-11 17:30:00,E0005,CAL_011358,2.5,1496.65399027623,2377.21449860961,FLAT_START,CONVERGED_FEASIBLE,CONVERGED,PASSED,0.995766932341908,25,1.04985022198973,13,1.57651669496772e-14,2.06501482580279e-13,23,25,0.1274
ATT_T016_000153_1,CALL_T016_000153,1,ANCHOR_SEARCH,2011-05-11 17:30:00,E0005,CAL_011358,2.75,1496.41791575918,2377.13222575624,FLAT_START,CONVERGED_FEASIBLE,CONVERGED,PASSED,0.995765937409951,25,1.04983998646267,13,1.59872115546023e-14,2.06279437975354e-13,23,25,0.1484
ATT_T016_000154_1,CALL_T016_000154,1,EDGE_CANDIDATE_SCREEN,2011-05-11 17:30:00,E0005,CAL_011359,2.75,1490.60342868736,2393.81637090365,FLAT_START,CONVERGED_FEASIBLE,CONVERGED,PASSED,0.995799909023722,25,1.04979664996913,13,1.62092561595273e-14,2.10276240864005e-13,23,25,0.13
ATT_T016_000155_1,CALL_T016_000155,1,EDGE_CANDIDATE_SCREEN,2011-05-11 17:30:00,E0005,CAL_011360,2.75,1484.74284734393,2410.63277939751,FLAT_START,CONVERGED_FEASIBLE,CONVERGED,PASSED,0.995834091610966,25,1.04975272512156,13,1.62092561595273e-14,2.14717132962505e-13,23,25,0.1312
ATT_T016_000156_1,CALL_T016_000156,1,EDGE_CANDIDATE_SCREEN,2011-05-11 17:30:00,E0005,CAL_011361,2.75,1478.8347180124,2427.58562254591,FLAT_START,CONVERGED_FEASIBLE,CONVERGED,PASSED,0.995868492366162,25,1.04970819547538,13,1.68753899743024e-14,2.17603712826531e-13,23,25,0.1264
ATT_T016_000157_1,CALL_T016_000157,1,EDGE_CANDIDATE_SCREEN,2011-05-11 17:30:00,E0005,CAL_011362,2.75,1472.87754868603,2444.67918152732,FLAT_START,CONVERGED_FEASIBLE,CONVERGED,PASSED,0.99590311864159,25,1.04966304401647,13,1.73194791841524e-14,2.22266649529956e-13,23,25,0.1375
ATT_T016_000158_1,CALL_T016_000158,1,EDGE_CANDIDATE_SCREEN,2011-05-11 17:30:00,E0005,CAL_011363,2.75,1466.86980741951,2461.9178521204,FLAT_START,CONVERGED_FEASIBLE,CONVERGED,PASSED,0.995937977954114,25,1.04961725313644,13,1.70974345792274e-14,2.26263452418607e-13,23,25,0.1357
ATT_T016_000159_1,CALL_T016_000159,1,EDGE_CANDIDATE_SCREEN,2011-05-11 17:30:00,E0005,CAL_011364,2.75,1460.80992060605,2479.30614964755,FLAT_START,CONVERGED_FEASIBLE,CONVERGED,PASSED,0.995973077992242,25,1.0495708046065,13,1.75415237890775e-14,2.31370478331883e-13,23,25,0.1265
ATT_T016_000160_1,CALL_T016_000160,1,EDGE_CANDIDATE_SCREEN,2011-05-11 17:30:00,E0005,CAL_011365,2.75,1454.69627117582,2496.84871414457,FLAT_START,CONVERGED_FEASIBLE,CONVERGED,PASSED,0.996008426623461,25,1.04952367955005,13,1.77635683940025e-14,2.35589325825458e-13,23,25,0.1495
ATT_T016_000161_1,CALL_T016_000161,1,EDGE_CANDIDATE_SCREEN,2011-05-11 17:30:00,E0005,CAL_011366,2.75,1448.52719671088,2514.55031576942,FLAT_START,CONVERGED_FEASIBLE,CONVERGED,PASSED,0.99604403190187,25,1.04952695577415,30,1.79856129989275e-14,2.40252262528884e-13,23,25,0.1301
ATT_T016_000162_1,CALL_T016_000162,1,LOCAL_REENTRY_STENCIL,2011-05-11 17:30:00,E0005,CAL_011358,3,1496.18184124214,2377.04995290287,FLAT_START,CONVERGED_FEASIBLE,CONVERGED,PASSED,0.995764942454859,25,1.04982975070712,13,1.62092561595273e-14,2.06501482580279e-13,23,25,0.128
ATT_T016_000163_1,CALL_T016_000163,1,LOCAL_REENTRY_STENCIL,2011-05-11 17:30:00,E0005,CAL_011358,2.5,1496.65399027623,2377.21449860961,FLAT_START,CONVERGED_FEASIBLE,CONVERGED,PASSED,0.995766932341908,25,1.04985022198973,13,1.57651669496772e-14,2.06501482580279e-13,23,25,0.1254
ATT_T016_000164_1,CALL_T016_000164,1,ANCHOR_SEARCH,2011-05-11 17:30:00,E0006,CAL_011370,0,1420.09318568397,2543.56544093086,FLAT_START,CONVERGED_FEASIBLE,CONVERGED,PASSED,0.996044851318479,25,1.04999726429474,30,1.84297022087776e-14,2.44027020812609e-13,23,25,0.1302
ATT_T016_000165_1,CALL_T016_000165,1,ANCHOR_SEARCH,2011-05-11 17:30:00,E0006,CAL_011370,0.5,1419.90231846756,2543.10330490576,FLAT_START,CONVERGED_FEASIBLE,CONVERGED,PASSED,0.996042821918723,25,1.04998256599452,30,1.86517468137026e-14,2.43804976207684e-13,23,25,0.1622
ATT_T016_000166_1,CALL_T016_000166,1,ANCHOR_SEARCH,2011-05-11 17:30:00,E0006,CAL_011370,1,1419.71145125115,2542.64116888065,FLAT_START,CONVERGED_FEASIBLE,CONVERGED,PASSED,0.996040792444812,25,1.0499678672132,30,1.86517468137026e-14,2.42694753183059e-13,23,25,0.1786
ATT_T016_000167_1,CALL_T016_000167,1,ANCHOR_SEARCH,2011-05-11 17:30:00,E0006,CAL_011370,2,1419.32971681832,2541.71689683044,FLAT_START,CONVERGED_FEASIBLE,CONVERGED,PASSED,0.9960367332745,25,1.04993846820714,30,1.82076576038526e-14,2.42916797787984e-13,23,25,0.1339
ATT_T016_000168_1,CALL_T016_000168,1,ANCHOR_SEARCH,2011-05-11 17:30:00,E0006,CAL_011370,4,1418.56624795267,2539.86835273003,FLAT_START,CONVERGED_FEASIBLE,CONVERGED,PASSED,0.996028614043761,25,1.04987966442013,30,1.82076576038526e-14,2.42250663973209e-13,23,25,0.1299
ATT_T016_000169_1,CALL_T016_000169,1,ANCHOR_SEARCH,2011-05-11 17:30:00,E0006,CAL_011370,8,1417.03931022137,2536.1712645292,FLAT_START,CONVERGED_FEASIBLE,CONVERGED,PASSED,0.996012372020574,25,1.04976203373748,30,1.79856129989275e-14,2.40252262528884e-13,23,25,0.1272
ATT_T016_000170_1,CALL_T016_000170,1,ANCHOR_SEARCH,2011-05-11 17:30:00,E0006,CAL_011370,6,1417.80277908702,2538.01980862961,FLAT_START,CONVERGED_FEASIBLE,CONVERGED,PASSED,0.996020493625905,25,1.04982085293111,30,1.79856129989275e-14,2.41362485553509e-13,23,25,0.127
ATT_T016_000171_1,CALL_T016_000171,1,ANCHOR_SEARCH,2011-05-11 17:30:00,E0006,CAL_011370,5,1418.18451351985,2538.94408067982,FLAT_START,CONVERGED_FEASIBLE,CONVERGED,PASSED,0.996024553983245,25,1.04985025963853,30,1.84297022087776e-14,2.41584530158434e-13,23,25,0.1276
ATT_T016_000172_1,CALL_T016_000172,1,ANCHOR_SEARCH,2011-05-11 17:30:00,E0006,CAL_011370,5.5,1417.99364630343,2538.48194465472,FLAT_START,CONVERGED_FEASIBLE,CONVERGED,PASSED,0.996022523841681,25,1.04983555652557,30,1.79856129989275e-14,2.41806574763359e-13,23,25,0.1291
ATT_T016_000173_1,CALL_T016_000173,1,ANCHOR_SEARCH,2011-05-11 17:30:00,E0006,CAL_011370,5.25,1418.08907991164,2538.71301266727,FLAT_START,CONVERGED_FEASIBLE,CONVERGED,PASSED,0.996023538921739,25,1.04984290814224,30,1.82076576038526e-14,2.41806574763359e-13,23,25,0.1464
ATT_T016_000174_1,CALL_T016_000174,1,EDGE_CANDIDATE_SCREEN,2011-05-11 17:30:00,E0006,CAL_011368,5.25,1442.89370138696,2528.4684335867,FLAT_START,CONVERGED_FEASIBLE,CONVERGED,PASSED,0.996069531647832,25,1.04984244439434,30,1.86517468137026e-14,2.43582931602759e-13,23,25,0.134
ATT_T016_000175_1,CALL_T016_000175,1,EDGE_CANDIDATE_SCREEN,2011-05-11 17:30:00,E0006,CAL_011369,5.25,1430.45517256592,2533.60568159026,FLAT_START,CONVERGED_FEASIBLE,CONVERGED,PASSED,0.996046491223863,25,1.0498427654821,30,1.82076576038526e-14,2.42916797787984e-13,23,25,0.1328
ATT_T016_000176_1,CALL_T016_000176,1,EDGE_CANDIDATE_SCREEN,2011-05-11 17:30:00,E0006,CAL_011371,5.25,1405.792925183,2543.79145861855,FLAT_START,CONVERGED_FEASIBLE,CONVERGED,PASSED,0.996000670791072,25,1.04984287507647,30,1.82076576038526e-14,2.40696351738734e-13,23,25,0.1295
ATT_T016_000177_1,CALL_T016_000177,1,EDGE_CANDIDATE_SCREEN,2011-05-11 17:30:00,E0006,CAL_011372,5.25,1393.56425950643,2548.84203085559,FLAT_START,CONVERGED_FEASIBLE,CONVERGED,PASSED,0.995977882935163,25,1.04984266883927,30,1.77635683940025e-14,2.39586128714109e-13,23,25,0.1317
ATT_T016_000178_1,CALL_T016_000178,1,EDGE_CANDIDATE_SCREEN,2011-05-11 17:30:00,E0006,CAL_011373,5.25,1381.40068126709,2553.8657212715,FLAT_START,CONVERGED_FEASIBLE,CONVERGED,PASSED,0.995955171508247,25,1.0498422918424,30,1.82076576038526e-14,2.38697950294409e-13,23,25,0.14
ATT_T016_000179_1,CALL_T016_000179,1,EDGE_CANDIDATE_SCREEN,2011-05-11 17:30:00,E0006,CAL_011374,5.25,1369.29983407359,2558.86350308159,FLAT_START,CONVERGED_FEASIBLE,CONVERGED,PASSED,0.99593253271281,25,1.04984174635924,30,1.77635683940025e-14,2.37809771874709e-13,23,25,0.1271
ATT_T016_000180_1,CALL_T016_000180,1,EDGE_CANDIDATE_SCREEN,2011-05-11 17:30:00,E0006,CAL_011375,5.25,1357.25940479212,2563.83633163536,FLAT_START,CONVERGED_FEASIBLE,CONVERGED,PASSED,0.995909962796966,25,1.04984103452879,30,1.75415237890775e-14,2.36921593455008e-13,23,25,0.1479
ATT_T016_000181_1,CALL_T016_000181,1,EDGE_CANDIDATE_SCREEN,2011-05-11 17:30:00,E0006,CAL_011376,5.25,1345.27712164641,2568.78514520118,FLAT_START,CONVERGED_FEASIBLE,CONVERGED,PASSED,0.995887458051896,25,1.04984015835952,30,1.75415237890775e-14,2.36477504245158e-13,23,25,0.1291
ATT_T016_000182_1,CALL_T016_000182,1,EDGE_CANDIDATE_SCREEN,2011-05-11 17:30:00,E0006,CAL_011377,5.25,1333.35075238016,2573.71086572523,FLAT_START,CONVERGED_FEASIBLE,CONVERGED,PASSED,0.995865014809348,25,1.04983911973293,30,1.73194791841524e-14,2.35811370430383e-13,23,25,0.1255
ATT_T016_000183_1,CALL_T016_000183,1,LOCAL_REENTRY_STENCIL,2011-05-11 17:30:00,E0006,CAL_011370,5.5,1417.99364630343,2538.48194465472,FLAT_START,CONVERGED_FEASIBLE,CONVERGED,PASSED,0.996022523841681,25,1.04983555652557,30,1.79856129989275e-14,2.41806574763359e-13,23,25,0.1255
ATT_T016_000184_1,CALL_T016_000184,1,LOCAL_REENTRY_STENCIL,2011-05-11 17:30:00,E0006,CAL_011370,5,1418.18451351985,2538.94408067982,FLAT_START,CONVERGED_FEASIBLE,CONVERGED,PASSED,0.996024553983245,25,1.04985025963853,30,1.84297022087776e-14,2.41584530158434e-13,23,25,0.1249
ATT_T016_000185_1,CALL_T016_000185,1,ANCHOR_SEARCH,2011-05-11 17:30:00,E0007,CAL_011390,0,1184.8314723823,2642.13709844354,FLAT_START,CONVERGED_INFEASIBLE,CONVERGED,PASSED,0.995603782878118,25,1.05000421699797,30,1.68753899743024e-14,2.31814567541733e-13,23,25,0.1299
ATT_T016_000186_1,CALL_T016_000186,1,ANCHOR_SEARCH,2011-05-11 17:30:00,E0007,CAL_011390,0.5,1184.63662324972,2641.67662714635,FLAT_START,CONVERGED_FEASIBLE,CONVERGED,PASSED,0.995601733042699,25,1.04998950306951,30,1.66533453693773e-14,2.31148433726958e-13,23,25,0.13
ATT_T016_000187_1,CALL_T016_000187,1,ANCHOR_SEARCH,2011-05-11 17:30:00,E0007,CAL_011390,1,1184.44177411714,2641.21615584917,FLAT_START,CONVERGED_FEASIBLE,CONVERGED,PASSED,0.995599683131822,25,1.04997478865783,30,1.68753899743024e-14,2.31592522936808e-13,23,25,0.1524
ATT_T016_000188_1,CALL_T016_000188,1,ANCHOR_SEARCH,2011-05-11 17:30:00,E0007,CAL_011390,2,1184.05207585197,2640.2952132548,FLAT_START,CONVERGED_FEASIBLE,CONVERGED,PASSED,0.995595583083675,25,1.04994535838462,30,1.66533453693773e-14,2.30926389122033e-13,23,25,0.1285
ATT_T016_000189_1,CALL_T016_000189,1,ANCHOR_SEARCH,2011-05-11 17:30:00,E0007,CAL_011390,4,1183.27267932164,2638.45332806605,FLAT_START,CONVERGED_FEASIBLE,CONVERGED,PASSED,0.995587382081647,25,1.04988649203768,30,1.64313007644523e-14,2.29372076887557e-13,23,25,0.1282
ATT_T016_000190_1,CALL_T016_000190,1,ANCHOR_SEARCH,2011-05-11 17:30:00,E0007,CAL_011390,8,1181.71388626099,2634.76955768857,FLAT_START,CONVERGED_FEASIBLE,CONVERGED,PASSED,0.995570976453362,25,1.0497687361326,30,1.66533453693773e-14,2.28039809258007e-13,23,25,0.1264
ATT_T016_000191_1,CALL_T016_000191,1,ANCHOR_SEARCH,2011-05-11 17:30:00,E0007,CAL_011390,6,1182.49328279132,2636.61144287731,FLAT_START,CONVERGED_FEASIBLE,CONVERGED,PASSED,0.995579179871664,25,1.04982761795455,30,1.64313007644523e-14,2.29372076887557e-13,23,25,0.127
ATT_T016_000192_1,CALL_T016_000192,1,ANCHOR_SEARCH,2011-05-11 17:30:00,E0007,CAL_011390,5,1182.88298105648,2637.53238547168,FLAT_START,CONVERGED_FEASIBLE,CONVERGED,PASSED,0.995583281127673,25,1.0498570559633,30,1.66533453693773e-14,2.29816166097407e-13,23,25,0.1308
ATT_T016_000193_1,CALL_T016_000193,1,ANCHOR_SEARCH,2011-05-11 17:30:00,E0007,CAL_011390,5.5,1182.6881319239,2637.07191417449,FLAT_START,CONVERGED_FEASIBLE,CONVERGED,PASSED,0.995581230537426,25,1.04984233720074,30,1.64313007644523e-14,2.29816166097407e-13,23,25,0.127
ATT_T016_000194_1,CALL_T016_000194,1,ANCHOR_SEARCH,2011-05-11 17:30:00,E0007,CAL_011390,5.25,1182.78555649019,2637.30214982309,FLAT_START,CONVERGED_FEASIBLE,CONVERGED,PASSED,0.995582255841988,25,1.04984969664248,30,1.62092561595273e-14,2.29594121492482e-13,23,25,0.1481
ATT_T016_000195_1,CALL_T016_000195,1,EDGE_CANDIDATE_SCREEN,2011-05-11 17:30:00,E0007,CAL_011379,5.25,1309.6555749997,2583.6169077498,FLAT_START,CONVERGED_FEASIBLE,CONVERGED,PASSED,0.995820666198935,25,1.04983981093968,30,1.73194791841524e-14,2.34479102800833e-13,23,25,0.1279
ATT_T016_000196_1,CALL_T016_000196,1,EDGE_CANDIDATE_SCREEN,2011-05-11 17:30:00,E0007,CAL_011380,5.25,1297.92272152945,2588.58168261277,FLAT_START,CONVERGED_FEASIBLE,CONVERGED,PASSED,0.995798827715688,25,1.04984152959876,30,1.66533453693773e-14,2.33812968986058e-13,23,25,0.1252
ATT_T016_000197_1,CALL_T016_000197,1,EDGE_CANDIDATE_SCREEN,2011-05-11 17:30:00,E0007,CAL_011381,5.25,1286.23566445312,2593.52707866172,FLAT_START,CONVERGED_FEASIBLE,CONVERGED,PASSED,0.995777032300589,25,1.04984307953688,30,1.68753899743024e-14,2.32702745961433e-13,23,25,0.124
ATT_T016_000198_1,CALL_T016_000198,1,EDGE_CANDIDATE_SCREEN,2011-05-11 17:30:00,E0007,CAL_011382,5.25,1274.59236628349,2598.45395806248,FLAT_START,CONVERGED_FEASIBLE,CONVERGED,PASSED,0.995755276543136,25,1.04984446255713,30,1.68753899743024e-14,2.32480701356508e-13,23,25,0.1257
ATT_T016_000199_1,CALL_T016_000199,1,EDGE_CANDIDATE_SCREEN,2011-05-11 17:30:00,E0007,CAL_011383,5.25,1262.99081804517,2603.36317091604,FLAT_START,CONVERGED_FEASIBLE,CONVERGED,PASSED,0.995733557056804,25,1.04984568034594,30,1.64313007644523e-14,2.32036612146658e-13,23,25,0.1354
ATT_T016_000200_1,CALL_T016_000200,1,EDGE_CANDIDATE_SCREEN,2011-05-11 17:30:00,E0007,CAL_011384,5.25,1251.42903781926,2608.25555587443,FLAT_START,CONVERGED_FEASIBLE,CONVERGED,PASSED,0.995711870476919,25,1.04984673447563,30,1.68753899743024e-14,2.31592522936808e-13,23,25,0.1253
ATT_T016_000201_1,CALL_T016_000201,1,EDGE_CANDIDATE_SCREEN,2011-05-11 17:30:00,E0007,CAL_011385,5.25,1239.90506932609,2613.13194074037,FLAT_START,CONVERGED_FEASIBLE,CONVERGED,PASSED,0.995690213458568,25,1.04984762640673,30,1.64313007644523e-14,2.31370478331883e-13,23,25,0.148
ATT_T016_000202_1,CALL_T016_000202,1,EDGE_CANDIDATE_SCREEN,2011-05-11 17:30:00,E0007,CAL_011386,5.25,1228.41698054368,2617.9931430519,FLAT_START,CONVERGED_FEASIBLE,CONVERGED,PASSED,0.995668582674527,25,1.04984835749023,30,1.62092561595273e-14,2.31592522936808e-13,23,25,0.126
ATT_T016_000203_1,CALL_T016_000203,1,EDGE_CANDIDATE_SCREEN,2011-05-11 17:30:00,E0007,CAL_011387,5.25,1216.9628623599,2622.83997065275,FLAT_START,CONVERGED_FEASIBLE,CONVERGED,PASSED,0.995646974813213,25,1.04984892896957,30,1.66533453693773e-14,2.30260255307257e-13,23,25,0.1253
ATT_T016_000204_1,CALL_T016_000204,1,EDGE_CANDIDATE_SCREEN,2011-05-11 17:30:00,E0007,CAL_011388,5.25,1205.5408272562,2627.67322224928,FLAT_START,CONVERGED_FEASIBLE,CONVERGED,PASSED,0.995625386576659,25,1.04984934198255,30,1.66533453693773e-14,2.30038210702332e-13,23,25,0.1254
ATT_T016_000205_1,CALL_T016_000205,1,EDGE_CANDIDATE_SCREEN,2011-05-11 17:30:00,E0007,CAL_011389,5.25,1194.14900802089,2632.49368795495,FLAT_START,CONVERGED_FEASIBLE,CONVERGED,PASSED,0.995603814678503,25,1.04984959756302,30,1.64313007644523e-14,2.29816166097407e-13,23,25,0.1253
ATT_T016_000206_1,CALL_T016_000206,1,EDGE_CANDIDATE_SCREEN,2011-05-11 17:30:00,E0007,CAL_011391,5.25,1171.44864231498,2642.09938236874,FLAT_START,CONVERGED_FEASIBLE,CONVERGED,PASSED,0.995560706797984,25,1.04984964005149,30,1.64313007644523e-14,2.29150032282632e-13,23,25,0.1244
ATT_T016_000207_1,CALL_T016_000207,1,EDGE_CANDIDATE_SCREEN,2011-05-11 17:30:00,E0007,CAL_011392,5.25,1160.13645175166,2646.88615308026,FLAT_START,CONVERGED_FEASIBLE,CONVERGED,PASSED,0.995539164283005,25,1.04984942852098,30,1.66533453693773e-14,2.29594121492482e-13,23,25,0.1272
ATT_T016_000208_1,CALL_T016_000208,1,EDGE_CANDIDATE_SCREEN,2011-05-11 17:30:00,E0007,CAL_011393,5.25,1148.84718647523,2651.66322292162,FLAT_START,CONVERGED_FEASIBLE,CONVERGED,PASSED,0.995517625037249,25,1.04984906268341,30,1.66533453693773e-14,2.28705943072782e-13,23,25,0.1447
ATT_T016_000209_1,CALL_T016_000209,1,EDGE_CANDIDATE_SCREEN,2011-05-11 17:30:00,E0007,CAL_011394,5.25,1137.57906241304,2656.43134682589,FLAT_START,CONVERGED_FEASIBLE,CONVERGED,PASSED,0.995496085802625,25,1.04984854307375,30,1.64313007644523e-14,2.28705943072782e-13,23,25,0.1254
ATT_T016_000210_1,CALL_T016_000210,1,EDGE_CANDIDATE_SCREEN,2011-05-11 17:30:00,E0007,CAL_011395,5.25,1126.33030859744,2661.19127418074,FLAT_START,CONVERGED_FEASIBLE,CONVERGED,PASSED,0.995474543320798,25,1.04984787013039,30,1.66533453693773e-14,2.29150032282632e-13,23,25,0.1258
ATT_T016_000211_1,CALL_T016_000211,1,EDGE_CANDIDATE_SCREEN,2011-05-11 17:30:00,E0007,CAL_011396,5.25,1115.09916603583,2665.94374930656,FLAT_START,CONVERGED_FEASIBLE,CONVERGED,PASSED,0.99545299433122,25,1.0498470441959,30,1.68753899743024e-14,2.28927987677707e-13,23,25,0.1252
ATT_T016_000212_1,CALL_T016_000212,1,EDGE_CANDIDATE_SCREEN,2011-05-11 17:30:00,E0007,CAL_011397,5.25,1103.88388659655,2670.68951192796,FLAT_START,CONVERGED_FEASIBLE,CONVERGED,PASSED,0.995431435569167,25,1.04984606551764,30,1.66533453693773e-14,2.28927987677707e-13,23,25,0.1387
ATT_T016_000213_1,CALL_T016_000213,1,LOCAL_REENTRY_STENCIL,2011-05-11 17:30:00,E0007,CAL_011390,5.5,1182.6881319239,2637.07191417449,FLAT_START,CONVERGED_FEASIBLE,CONVERGED,PASSED,0.995581230537426,25,1.04984233720074,30,1.64313007644523e-14,2.29816166097407e-13,23,25,0.1278
ATT_T016_000214_1,CALL_T016_000214,1,LOCAL_REENTRY_STENCIL,2011-05-11 17:30:00,E0007,CAL_011390,5,1182.88298105648,2637.53238547168,FLAT_START,CONVERGED_FEASIBLE,CONVERGED,PASSED,0.995583281127673,25,1.0498570559633,30,1.66533453693773e-14,2.29816166097407e-13,23,25,0.1268
ATT_T016_000215_1,CALL_T016_000215,1,ANCHOR_SEARCH,2011-05-11 17:30:00,E0008,CAL_011407,0,994.422324657673,2723.56195556071,FLAT_START,CONVERGED_INFEASIBLE,CONVERGED,PASSED,0.995239166238992,25,1.05000565208357,30,1.70974345792274e-14,2.32480701356508e-13,23,25,0.1537
ATT_T016_000216_1,CALL_T016_000216,1,ANCHOR_SEARCH,2011-05-11 17:30:00,E0008,CAL_011407,0.5,994.224169852519,2723.1028970969,FLAT_START,CONVERGED_FEASIBLE,CONVERGED,PASSED,0.995237098808536,25,1.04999092295953,30,1.70974345792274e-14,2.32036612146658e-13,23,25,0.1302
ATT_T016_000217_1,CALL_T016_000217,1,ANCHOR_SEARCH,2011-05-11 17:30:00,E0008,CAL_011407,1,994.026015047364,2722.64383863309,FLAT_START,CONVERGED_FEASIBLE,CONVERGED,PASSED,0.995235031301437,25,1.04997619335007,30,1.73194791841524e-14,2.31814567541733e-13,23,25,0.1271
ATT_T016_000218_1,CALL_T016_000218,1,ANCHOR_SEARCH,2011-05-11 17:30:00,E0008,CAL_011407,2,993.629705437056,2721.72572170548,FLAT_START,CONVERGED_FEASIBLE,CONVERGED,PASSED,0.995230896057286,25,1.04994673267475,30,1.73194791841524e-14,2.31814567541733e-13,23,25,0.1274
ATT_T016_000219_1,CALL_T016_000219,1,ANCHOR_SEARCH,2011-05-11 17:30:00,E0008,CAL_011407,4,992.837086216438,2719.88948785024,FLAT_START,CONVERGED_FEASIBLE,CONVERGED,PASSED,0.995222624649009,25,1.04988780549732,30,1.73194791841524e-14,2.30260255307257e-13,23,25,0.1349
ATT_T016_000220_1,CALL_T016_000220,1,ANCHOR_SEARCH,2011-05-11 17:30:00,E0008,CAL_011407,8,991.251847775204,2716.21702013977,FLAT_START,CONVERGED_FEASIBLE,CONVERGED,PASSED,0.995206078151238,25,1.04976992782602,30,1.70974345792274e-14,2.29372076887557e-13,23,25,0.1294
ATT_T016_000221_1,CALL_T016_000221,1,ANCHOR_SEARCH,2011-05-11 17:30:00,E0008,CAL_011407,6,992.044466995821,2718.05325399501,FLAT_START,CONVERGED_FEASIBLE,CONVERGED,PASSED,0.995214352013785,25,1.04982887054862,30,1.68753899743024e-14,2.29816166097407e-13,23,25,0.1295
ATT_T016_000222_1,CALL_T016_000222,1,ANCHOR_SEARCH,2011-05-11 17:30:00,E0008,CAL_011407,5,992.44077660613,2718.97137092262,FLAT_START,CONVERGED_FEASIBLE,CONVERGED,PASSED,0.995218488484789,25,1.04985833899454,30,1.70974345792274e-14,2.30482299912182e-13,23,25,0.166
ATT_T016_000223_1,CALL_T016_000223,1,ANCHOR_SEARCH,2011-05-11 17:30:00,E0008,CAL_011407,5.5,992.242621800975,2718.51231245882,FLAT_START,CONVERGED_FEASIBLE,CONVERGED,PASSED,0.995216420287638,25,1.04984360501449,30,1.73194791841524e-14,2.29816166097407e-13,23,25,0.1287
ATT_T016_000224_1,CALL_T016_000224,1,ANCHOR_SEARCH,2011-05-11 17:30:00,E0008,CAL_011407,5.25,992.341699203553,2718.74184169072,FLAT_START,CONVERGED_FEASIBLE,CONVERGED,PASSED,0.995217454395801,25,1.04985097206524,30,1.68753899743024e-14,2.29816166097407e-13,23,25,0.1287
ATT_T016_000225_1,CALL_T016_000225,1,EDGE_CANDIDATE_SCREEN,2011-05-11 17:30:00,E0008,CAL_011399,5.5,1081.38133009336,2680.0351580963,FLAT_START,CONVERGED_FEASIBLE,CONVERGED,PASSED,0.995387512350948,25,1.0498388610837,30,1.64313007644523e-14,2.28705943072782e-13,23,25,0.1518
ATT_T016_000226_1,CALL_T016_000226,1,EDGE_CANDIDATE_SCREEN,2011-05-11 17:30:00,E0008,CAL_011400,5.5,1070.22330863786,2684.85157199939,FLAT_START,CONVERGED_FEASIBLE,CONVERGED,PASSED,0.995366236666442,25,1.04983999562962,30,1.64313007644523e-14,2.29150032282632e-13,23,25,0.1487
ATT_T016_000227_1,CALL_T016_000227,1,EDGE_CANDIDATE_SCREEN,2011-05-11 17:30:00,E0008,CAL_011401,5.5,1059.07317073067,2689.66458293075,FLAT_START,CONVERGED_FEASIBLE,CONVERGED,PASSED,0.995344935909089,25,1.04984097542406,30,1.68753899743024e-14,2.29372076887557e-13,23,25,0.1269
ATT_T016_000228_1,CALL_T016_000228,1,EDGE_CANDIDATE_SCREEN,2011-05-11 17:30:00,E0008,CAL_011402,5.5,1047.92921134011,2694.47492687554,FLAT_START,CONVERGED_FEASIBLE,CONVERGED,PASSED,0.995323606807321,25,1.04984180059685,30,1.70974345792274e-14,2.28927987677707e-13,23,25,0.1266
ATT_T016_000229_1,CALL_T016_000229,1,EDGE_CANDIDATE_SCREEN,2011-05-11 17:30:00,E0008,CAL_011403,5.5,1036.78972920498,2699.28333819137,FLAT_START,CONVERGED_FEASIBLE,CONVERGED,PASSED,0.995302246072073,25,1.04984247118272,30,1.68753899743024e-14,2.29372076887557e-13,23,25,0.158
ATT_T016_000230_1,CALL_T016_000230,1,EDGE_CANDIDATE_SCREEN,2011-05-11 17:30:00,E0008,CAL_011404,5.5,1025.6530257944,2704.09055005732,FLAT_START,CONVERGED_FEASIBLE,CONVERGED,PASSED,0.995280850394745,25,1.04984298712117,30,1.73194791841524e-14,2.28261853862932e-13,23,25,0.1878
ATT_T016_000231_1,CALL_T016_000231,1,EDGE_CANDIDATE_SCREEN,2011-05-11 17:30:00,E0008,CAL_011405,5.5,1014.51740427121,2708.89729492135,FLAT_START,CONVERGED_FEASIBLE,CONVERGED,PASSED,0.995259416445136,25,1.04984334825636,30,1.68753899743024e-14,2.29594121492482e-13,23,25,0.1321
ATT_T016_000232_1,CALL_T016_000232,1,EDGE_CANDIDATE_SCREEN,2011-05-11 17:30:00,E0008,CAL_011406,5.5,1003.38116845748,2713.70430494686,FLAT_START,CONVERGED_FEASIBLE,CONVERGED,PASSED,0.995237940869343,25,1.0498435543367,30,1.70974345792274e-14,2.29150032282632e-13,23,25,0.126
ATT_T016_000233_1,CALL_T016_000233,1,EDGE_CANDIDATE_SCREEN,2011-05-11 17:30:00,E0008,CAL_011408,5.5,981.100066341092,2723.32205039014,FLAT_START,CONVERGED_FEASIBLE,CONVERGED,PASSED,0.995194851292302,25,1.04984349984531,30,1.70974345792274e-14,2.30038210702332e-13,23,25,0.1251
ATT_T016_000234_1,CALL_T016_000234,1,EDGE_CANDIDATE_SCREEN,2011-05-11 17:30:00,E0008,CAL_011409,5.5,969.951801672958,2728.13425272881,FLAT_START,CONVERGED_FEASIBLE,CONVERGED,PASSED,0.995173230445427,25,1.0498432382873,30,1.68753899743024e-14,2.30260255307257e-13,23,25,0.1281
ATT_T016_000235_1,CALL_T016_000235,1,EDGE_CANDIDATE_SCREEN,2011-05-11 17:30:00,E0008,CAL_011410,5.5,958.796123908383,2732.94965496639,FLAT_START,CONVERGED_FEASIBLE,CONVERGED,PASSED,0.995151554276677,25,1.04984281970039,30,1.73194791841524e-14,2.31148433726958e-13,23,25,0.1637
ATT_T016_000236_1,CALL_T016_000236,1,EDGE_CANDIDATE_SCREEN,2011-05-11 17:30:00,E0008,CAL_011411,5.5,947.631324632284,2737.76899454851,FLAT_START,CONVERGED_FEASIBLE,CONVERGED,PASSED,0.995129819281006,25,1.04984224334527,30,1.75415237890775e-14,2.30704344517108e-13,23,25,0.1284
ATT_T016_000237_1,CALL_T016_000237,1,EDGE_CANDIDATE_SCREEN,2011-05-11 17:30:00,E0008,CAL_011412,5.5,936.45568985323,2742.59301132787,FLAT_START,CONVERGED_FEASIBLE,CONVERGED,PASSED,0.995108021916324,25,1.04984150838236,30,1.70974345792274e-14,2.31592522936808e-13,23,25,0.1277
ATT_T016_000238_1,CALL_T016_000238,1,EDGE_CANDIDATE_SCREEN,2011-05-11 17:30:00,E0008,CAL_011413,5.5,925.26749894674,2747.42244802034,FLAT_START,CONVERGED_FEASIBLE,CONVERGED,PASSED,0.995086158601119,25,1.04984061387051,30,1.75415237890775e-14,2.31592522936808e-13,23,25,0.1251
ATT_T016_000239_1,CALL_T016_000239,1,EDGE_CANDIDATE_SCREEN,2011-05-11 17:30:00,E0008,CAL_011414,5.5,914.065023589926,2752.25805066485,FLAT_START,CONVERGED_FEASIBLE,CONVERGED,PASSED,0.995064225712027,25,1.04983955876567,30,1.73194791841524e-14,2.32480701356508e-13,23,25,0.1577
ATT_T016_000240_1,CALL_T016_000240,1,EDGE_CANDIDATE_SCREEN,2011-05-11 17:30:00,E0008,CAL_011415,5.5,902.846526686089,2757.10056908758,FLAT_START,CONVERGED_FEASIBLE,CONVERGED,PASSED,0.995042219581334,25,1.04983834191936,30,1.73194791841524e-14,2.33146835171283e-13,23,25,0.1259
ATT_T016_000241_1,CALL_T016_000241,1,EDGE_CANDIDATE_SCREEN,2011-05-11 17:30:00,E0008,CAL_011416,5.5,891.610261277825,2761.95075737115,FLAT_START,CONVERGED_FEASIBLE,CONVERGED,PASSED,0.995020136494428,25,1.04983696207698,30,1.70974345792274e-14,2.34035013590983e-13,23,25,0.125
ATT_T016_000242_1,CALL_T016_000242,1,EDGE_CANDIDATE_SCREEN,2011-05-11 17:30:00,E0008,CAL_011417,5.5,880.354469447199,2766.80937432933,FLAT_START,CONVERGED_FEASIBLE,CONVERGED,PASSED,0.994997972687183,25,1.04983541787602,30,1.73194791841524e-14,2.34701147405758e-13,23,25,0.1242
ATT_T016_000243_1,CALL_T016_000243,1,LOCAL_REENTRY_STENCIL,2011-05-11 17:30:00,E0008,CAL_011407,5.75,992.143544398398,2718.28278322691,FLAT_START,CONVERGED_FEASIBLE,CONVERGED,PASSED,0.9952153861603,25,1.04983623784229,30,1.70974345792274e-14,2.29816166097407e-13,23,25,0.1272
ATT_T016_000244_1,CALL_T016_000244,1,LOCAL_REENTRY_STENCIL,2011-05-11 17:30:00,E0008,CAL_011407,5.25,992.341699203553,2718.74184169072,FLAT_START,CONVERGED_FEASIBLE,CONVERGED,PASSED,0.995217454395801,25,1.04985097206524,30,1.68753899743024e-14,2.29816166097407e-13,23,25,0.1253
ATT_T016_000245_1,CALL_T016_000245,1,ANCHOR_SEARCH,2011-05-11 17:30:00,E0009,CAL_011428,0,756.989816477106,2827.32267127205,FLAT_START,CONVERGED_INFEASIBLE,CONVERGED,PASSED,0.994774703896731,25,1.05000370901613,30,1.88737914186277e-14,2.44027020812609e-13,23,25,0.1312
ATT_T016_000246_1,CALL_T016_000246,1,ANCHOR_SEARCH,2011-05-11 17:30:00,E0009,CAL_011428,0.5,756.787380932584,2826.86548438432,FLAT_START,CONVERGED_FEASIBLE,CONVERGED,PASSED,0.994772612987414,25,1.04998895745445,30,1.82076576038526e-14,2.44471110022459e-13,23,25,0.1627
ATT_T016_000247_1,CALL_T016_000247,1,ANCHOR_SEARCH,2011-05-11 17:30:00,E0009,CAL_011428,1,756.584945388062,2826.40829749659,FLAT_START,CONVERGED_FEASIBLE,CONVERGED,PASSED,0.994770521999778,25,1.04997420540396,30,1.86517468137026e-14,2.44027020812609e-13,23,25,0.1294
ATT_T016_000248_1,CALL_T016_000248,1,ANCHOR_SEARCH,2011-05-11 17:30:00,E0009,CAL_011428,2,756.180074299018,2825.49392372112,FLAT_START,CONVERGED_FEASIBLE,CONVERGED,PASSED,0.994766339789524,25,1.04994469983637,30,1.82076576038526e-14,2.43138842392909e-13,23,25,0.1275
ATT_T016_000249_1,CALL_T016_000249,1,ANCHOR_SEARCH,2011-05-11 17:30:00,E0009,CAL_011428,4,755.370332120931,2823.66517617019,FLAT_START,CONVERGED_FEASIBLE,CONVERGED,PASSED,0.994757974428926,25,1.04988568283356,30,1.86517468137026e-14,2.42694753183059e-13,23,25,0.1269
ATT_T016_000250_1,CALL_T016_000250,1,ANCHOR_SEARCH,2011-05-11 17:30:00,E0009,CAL_011428,8,753.750847764756,2820.00768106834,FLAT_START,CONVERGED_FEASIBLE,CONVERGED,PASSED,0.994741239945991,25,1.04976762534808,30,1.84297022087776e-14,2.41362485553509e-13,23,25,0.1266
ATT_T016_000251_1,CALL_T016_000251,1,ANCHOR_SEARCH,2011-05-11 17:30:00,E0009,CAL_011428,6,754.560589942843,2821.83642861927,FLAT_START,CONVERGED_FEASIBLE,CONVERGED,PASSED,0.994749607814545,25,1.04982665800503,30,1.82076576038526e-14,2.42250663973209e-13,23,25,0.1282
ATT_T016_000252_1,CALL_T016_000252,1,ANCHOR_SEARCH,2011-05-11 17:30:00,E0009,CAL_011428,5,754.965461031887,2822.75080239473,FLAT_START,CONVERGED_FEASIBLE,CONVERGED,PASSED,0.994753791278483,25,1.04985617139768,30,1.82076576038526e-14,2.42694753183059e-13,23,25,0.1263
ATT_T016_000253_1,CALL_T016_000253,1,ANCHOR_SEARCH,2011-05-11 17:30:00,E0009,CAL_011428,5.5,754.763025487365,2822.293615507,FLAT_START,CONVERGED_FEASIBLE,CONVERGED,PASSED,0.994751699585704,25,1.04984141494597,30,1.88737914186277e-14,2.42028619368284e-13,23,25,0.1518
ATT_T016_000254_1,CALL_T016_000254,1,ANCHOR_SEARCH,2011-05-11 17:30:00,E0009,CAL_011428,5.25,754.864243259626,2822.52220895086,FLAT_START,CONVERGED_FEASIBLE,CONVERGED,PASSED,0.994752745441891,25,1.04984879323298,30,1.88737914186277e-14,2.42694753183059e-13,23,25,0.1275
ATT_T016_000255_1,CALL_T016_000255,1,EDGE_CANDIDATE_SCREEN,2011-05-11 17:30:00,E0009,CAL_011419,5.25,857.845239238093,2776.92375773603,FLAT_START,CONVERGED_FEASIBLE,CONVERGED,PASSED,0.994954753802393,25,1.04984259853246,30,1.77635683940025e-14,2.35367281220533e-13,23,25,0.1285
ATT_T016_000256_1,CALL_T016_000256,1,EDGE_CANDIDATE_SCREEN,2011-05-11 17:30:00,E0009,CAL_011420,5.25,846.532700786135,2781.93278127301,FLAT_START,CONVERGED_FEASIBLE,CONVERGED,PASSED,0.994932739201795,25,1.04984395501905,30,1.70974345792274e-14,2.35811370430383e-13,23,25,0.1262
ATT_T016_000257_1,CALL_T016_000257,1,EDGE_CANDIDATE_SCREEN,2011-05-11 17:30:00,E0009,CAL_011421,5.25,835.192074436063,2786.95424171293,FLAT_START,CONVERGED_FEASIBLE,CONVERGED,PASSED,0.994910626545233,25,1.04984514825845,30,1.82076576038526e-14,2.36255459640233e-13,23,25,0.1245
ATT_T016_000258_1,CALL_T016_000258,1,EDGE_CANDIDATE_SCREEN,2011-05-11 17:30:00,E0009,CAL_011422,5.25,823.821521505809,2791.98895319683,FLAT_START,CONVERGED_FEASIBLE,CONVERGED,PASSED,0.99488841180987,25,1.04984617680419,30,1.79856129989275e-14,2.37143638059933e-13,23,25,0.1243
ATT_T016_000259_1,CALL_T016_000259,1,EDGE_CANDIDATE_SCREEN,2011-05-11 17:30:00,E0009,CAL_011423,5.25,812.419184454203,2797.03773821626,FLAT_START,CONVERGED_FEASIBLE,CONVERGED,PASSED,0.994866090904552,25,1.04984703909145,30,1.82076576038526e-14,2.38031816479634e-13,23,25,0.1256
ATT_T016_000260_1,CALL_T016_000260,1,EDGE_CANDIDATE_SCREEN,2011-05-11 17:30:00,E0009,CAL_011424,5.25,800.98318562964,2802.1014281674,FLAT_START,CONVERGED_FEASIBLE,CONVERGED,PASSED,0.994843659666595,25,1.04984773343431,30,1.82076576038526e-14,2.38919994899334e-13,23,25,0.15
ATT_T016_000261_1,CALL_T016_000261,1,EDGE_CANDIDATE_SCREEN,2011-05-11 17:30:00,E0009,CAL_011425,5.25,789.511625991349,2807.18086391722,FLAT_START,CONVERGED_FEASIBLE,CONVERGED,PASSED,0.994821113858462,25,1.0498482580228,30,1.82076576038526e-14,2.39808173319034e-13,23,25,0.1268
ATT_T016_000262_1,CALL_T016_000262,1,EDGE_CANDIDATE_SCREEN,2011-05-11 17:30:00,E0009,CAL_011426,5.25,778.002583801381,2812.27689638265,FLAT_START,CONVERGED_FEASIBLE,CONVERGED,PASSED,0.994798449164326,25,1.04984861091967,30,1.84297022087776e-14,2.39808173319034e-13,23,25,0.126
ATT_T016_000263_1,CALL_T016_000263,1,EDGE_CANDIDATE_SCREEN,2011-05-11 17:30:00,E0009,CAL_011427,5.25,766.454113285312,2817.39038712363,FLAT_START,CONVERGED_FEASIBLE,CONVERGED,PASSED,0.994775661186527,25,1.04984879005709,30,1.84297022087776e-14,2.41584530158434e-13,23,25,0.1416
ATT_T016_000264_1,CALL_T016_000264,1,EDGE_CANDIDATE_SCREEN,2011-05-11 17:30:00,E0009,CAL_011429,5.25,743.230975723653,2827.67324654928,FLAT_START,CONVERGED_FEASIBLE,CONVERGED,PASSED,0.994729697357918,25,1.04984861810719,30,1.86517468137026e-14,2.42694753183059e-13,23,25,0.1268
ATT_T016_000265_1,CALL_T016_000265,1,EDGE_CANDIDATE_SCREEN,2011-05-11 17:30:00,E0009,CAL_011430,5.25,731.552284413826,2832.84439711822,FLAT_START,CONVERGED_FEASIBLE,CONVERGED,PASSED,0.994706512268851,25,1.04984826219746,30,1.84297022087776e-14,2.43804976207684e-13,23,25,0.125
ATT_T016_000266_1,CALL_T016_000266,1,EDGE_CANDIDATE_SCREEN,2011-05-11 17:30:00,E0009,CAL_011431,5.25,719.826113317959,2838.03657102926,FLAT_START,CONVERGED_FEASIBLE,CONVERGED,PASSED,0.994683185411568,25,1.04984772287503,30,1.86517468137026e-14,2.45137243837235e-13,23,25,0.1253
ATT_T016_000267_1,CALL_T016_000267,1,EDGE_CANDIDATE_SCREEN,2011-05-11 17:30:00,E0009,CAL_011432,5.25,708.05037514714,2843.25069250283,FLAT_START,CONVERGED_FEASIBLE,CONVERGED,PASSED,0.994659711921347,25,1.04984699736012,30,1.90958360235527e-14,2.4580337765201e-13,23,25,0.1553
ATT_T016_000268_1,CALL_T016_000268,1,EDGE_CANDIDATE_SCREEN,2011-05-11 17:30:00,E0009,CAL_011433,5.25,696.222949762706,2848.48770030475,FLAT_START,CONVERGED_FEASIBLE,CONVERGED,PASSED,0.994636086827452,25,1.04984608271697,30,1.90958360235527e-14,2.4713564528156e-13,23,25,0.1261
ATT_T016_000269_1,CALL_T016_000269,1,EDGE_CANDIDATE_SCREEN,2011-05-11 17:30:00,E0009,CAL_011434,5.25,684.341682555699,2853.74854846378,FLAT_START,CONVERGED_FEASIBLE,CONVERGED,PASSED,0.99461230504856,25,1.04984497584874,30,1.90958360235527e-14,2.48245868306185e-13,23,25,0.1232
ATT_T016_000270_1,CALL_T016_000270,1,EDGE_CANDIDATE_SCREEN,2011-05-11 17:30:00,E0009,CAL_011435,5.25,672.404382776021,2859.03420701145,FLAT_START,CONVERGED_FEASIBLE,CONVERGED,PASSED,0.994588361387991,25,1.04984367349203,30,1.93178806284777e-14,2.4980018054066e-13,23,25,0.1251
ATT_T016_000271_1,CALL_T016_000271,1,EDGE_CANDIDATE_SCREEN,2011-05-11 17:30:00,E0009,CAL_011436,5.25,660.408821808441,2864.34566274537,FLAT_START,CONVERGED_FEASIBLE,CONVERGED,PASSED,0.994564250528764,25,1.04984217221107,30,1.93178806284777e-14,2.50466314355435e-13,23,25,0.1256
ATT_T016_000272_1,CALL_T016_000272,1,EDGE_CANDIDATE_SCREEN,2011-05-11 17:30:00,E0009,CAL_011437,5.25,648.352731392405,2869.68392001754,FLAT_START,CONVERGED_FEASIBLE,CONVERGED,PASSED,0.994539967028441,25,1.04984046839158,30,1.90958360235527e-14,2.52020626589911e-13,23,25,0.1246
ATT_T016_000273_1,CALL_T016_000273,1,LOCAL_REENTRY_STENCIL,2011-05-11 17:30:00,E0009,CAL_011428,5.5,754.763025487365,2822.293615507,FLAT_START,CONVERGED_FEASIBLE,CONVERGED,PASSED,0.994751699585704,25,1.04984141494597,30,1.88737914186277e-14,2.42028619368284e-13,23,25,0.1276
ATT_T016_000274_1,CALL_T016_000274,1,LOCAL_REENTRY_STENCIL,2011-05-11 17:30:00,E0009,CAL_011428,5,754.965461031887,2822.75080239473,FLAT_START,CONVERGED_FEASIBLE,CONVERGED,PASSED,0.994753791278483,25,1.04985617139768,30,1.82076576038526e-14,2.42694753183059e-13,23,25,0.1492
ATT_T016_000275_1,CALL_T016_000275,1,ANCHOR_SEARCH,2011-05-11 17:30:00,E0010,CAL_011448,0,513.074502005819,2936.88844446584,FLAT_START,CONVERGED_INFEASIBLE,CONVERGED,PASSED,0.994286520243602,25,1.0500043669306,30,7.99360577730113e-15,2.95763413760142e-13,23,26,0.1321
ATT_T016_000276_1,CALL_T016_000276,1,ANCHOR_SEARCH,2011-05-11 17:30:00,E0010,CAL_011448,0.5,512.867328711986,2936.43338488038,FLAT_START,CONVERGED_FEASIBLE,CONVERGED,PASSED,0.994284402989142,25,1.04998958803862,30,7.7715611723761e-15,2.95541369155217e-13,23,26,0.1445
ATT_T016_000277_1,CALL_T016_000277,1,ANCHOR_SEARCH,2011-05-11 17:30:00,E0010,CAL_011448,1,512.660155418153,2935.97832529491,FLAT_START,CONVERGED_FEASIBLE,CONVERGED,PASSED,0.994282285654359,25,1.04997480865341,30,7.99360577730113e-15,2.94653190735517e-13,23,26,0.1313
ATT_T016_000278_1,CALL_T016_000278,1,ANCHOR_SEARCH,2011-05-11 17:30:00,E0010,CAL_011448,2,512.245808830488,2935.06820612398,FLAT_START,CONVERGED_FEASIBLE,CONVERGED,PASSED,0.9942780507438,25,1.04994524840314,30,7.33284500697584e-15,2.94653190735517e-13,23,26,0.1299
ATT_T016_000279_1,CALL_T016_000279,1,ANCHOR_SEARCH,2011-05-11 17:30:00,E0010,CAL_011448,4,511.417115655156,2933.24796778213,FLAT_START,CONVERGED_FEASIBLE,CONVERGED,PASSED,0.994269579958539,25,1.04988612198201,30,2.1094237467878e-14,2.68229882749438e-13,23,25,0.1309
ATT_T016_000280_1,CALL_T016_000280,1,ANCHOR_SEARCH,2011-05-11 17:30:00,E0010,CAL_011448,8,509.759729304494,2929.60749109842,FLAT_START,CONVERGED_FEASIBLE,CONVERGED,PASSED,0.994252634529996,25,1.0497678454477,30,2.08721928629529e-14,2.66009436700188e-13,23,25,0.1272
ATT_T016_000281_1,CALL_T016_000281,1,ANCHOR_SEARCH,2011-05-11 17:30:00,E0010,CAL_011448,6,510.588422479825,2931.42772944028,FLAT_START,CONVERGED_FEASIBLE,CONVERGED,PASSED,0.994261107887407,25,1.04982698766443,30,2.1094237467878e-14,2.66897615119888e-13,23,25,0.1303
ATT_T016_000282_1,CALL_T016_000282,1,ANCHOR_SEARCH,2011-05-11 17:30:00,E0010,CAL_011448,5,511.002769067491,2932.3378486112,FLAT_START,CONVERGED_FEASIBLE,CONVERGED,PASSED,0.994265344083733,25,1.04985655581044,30,2.08721928629529e-14,2.67563748934663e-13,23,25,0.1291
ATT_T016_000283_1,CALL_T016_000283,1,ANCHOR_SEARCH,2011-05-11 17:30:00,E0010,CAL_011448,5.5,510.795595773658,2931.88278902574,FLAT_START,CONVERGED_FEASIBLE,CONVERGED,PASSED,0.994263226025762,25,1.04984177198426,30,2.1094237467878e-14,2.67563748934663e-13,23,25,0.1277
ATT_T016_000284_1,CALL_T016_000284,1,ANCHOR_SEARCH,2011-05-11 17:30:00,E0010,CAL_011448,5.25,510.899182420574,2932.11031881847,FLAT_START,CONVERGED_FEASIBLE,CONVERGED,PASSED,0.994264285064795,25,1.04984916395906,30,2.08721928629529e-14,2.67119659724813e-13,23,25,0.1285
ATT_T016_000285_1,CALL_T016_000285,1,EDGE_CANDIDATE_SCREEN,2011-05-11 17:30:00,E0010,CAL_011439,5.25,623.999009647607,2880.61977892649,FLAT_START,CONVERGED_FEASIBLE,CONVERGED,PASSED,0.994491228232628,25,1.04984053464578,30,1.97619698383278e-14,2.53796983429311e-13,23,25,0.1275
ATT_T016_000286_1,CALL_T016_000286,1,EDGE_CANDIDATE_SCREEN,2011-05-11 17:30:00,E0010,CAL_011440,5.25,611.744504593014,2886.19884210316,FLAT_START,CONVERGED_FEASIBLE,CONVERGED,PASSED,0.994466859793654,25,1.04984231826657,30,1.95399252334028e-14,2.55573340268711e-13,23,25,0.1249
ATT_T016_000287_1,CALL_T016_000287,1,EDGE_CANDIDATE_SCREEN,2011-05-11 17:30:00,E0010,CAL_011441,5.25,599.418061894658,2891.81065606475,FLAT_START,CONVERGED_FEASIBLE,CONVERGED,PASSED,0.994442294441159,25,1.0498439055139,30,1.95399252334028e-14,2.56905607898261e-13,23,25,0.1278
ATT_T016_000288_1,CALL_T016_000288,1,EDGE_CANDIDATE_SCREEN,2011-05-11 17:30:00,E0010,CAL_011442,5.25,587.017151965648,2897.45637244692,FLAT_START,CONVERGED_FEASIBLE,CONVERGED,PASSED,0.994417526023197,25,1.04984529250541,30,1.97619698383278e-14,2.58015830922886e-13,23,25,0.1385
ATT_T016_000289_1,CALL_T016_000289,1,EDGE_CANDIDATE_SCREEN,2011-05-11 17:30:00,E0010,CAL_011443,5.25,574.539191735985,2903.1371672344,FLAT_START,CONVERGED_FEASIBLE,CONVERGED,PASSED,0.994392548223908,25,1.0498464751478,30,2.02060590481778e-14,2.59570143157362e-13,23,25,0.1283
ATT_T016_000290_1,CALL_T016_000290,1,EDGE_CANDIDATE_SCREEN,2011-05-11 17:30:00,E0010,CAL_011444,5.25,561.981542314349,2908.85424182547,FLAT_START,CONVERGED_FEASIBLE,CONVERGED,PASSED,0.994367354556487,25,1.0498474491282,30,2.04281036531029e-14,2.61346499996762e-13,23,25,0.1259
ATT_T016_000291_1,CALL_T016_000291,1,EDGE_CANDIDATE_SCREEN,2011-05-11 17:30:00,E0010,CAL_011445,5.25,549.341506559494,2914.60882413765,FLAT_START,CONVERGED_FEASIBLE,CONVERGED,PASSED,0.994341938355828,25,1.04984820990501,30,2.02060590481778e-14,2.62012633811537e-13,23,25,0.1272
ATT_T016_000292_1,CALL_T016_000292,1,EDGE_CANDIDATE_SCREEN,2011-05-11 17:30:00,E0010,CAL_011446,5.25,536.616326556257,2920.40216975677,FLAT_START,CONVERGED_FEASIBLE,CONVERGED,PASSED,0.994316292770835,25,1.04984875269821,30,2.1094237467878e-14,2.64011035255862e-13,23,25,0.1258
ATT_T016_000293_1,CALL_T016_000293,1,EDGE_CANDIDATE_SCREEN,2011-05-11 17:30:00,E0010,CAL_011447,5.25,523.803180990955,2926.23556313188,FLAT_START,CONVERGED_FEASIBLE,CONVERGED,PASSED,0.994290410756363,25,1.04984907247903,30,2.06501482580279e-14,2.65343302885412e-13,23,25,0.125
ATT_T016_000294_1,CALL_T016_000294,1,EDGE_CANDIDATE_SCREEN,2011-05-11 17:30:00,E0010,CAL_011449,5.25,497.901374429907,2938.02778277275,FLAT_START,CONVERGED_FEASIBLE,CONVERGED,PASSED,0.994237908237203,25,1.04984902157868,30,7.54951656745106e-15,2.95097279945367e-13,23,26,0.1582
ATT_T016_000295_1,CALL_T016_000295,1,EDGE_CANDIDATE_SCREEN,2011-05-11 17:30:00,E0010,CAL_011450,5.25,484.806728670406,2943.98933369977,FLAT_START,CONVERGED_FEASIBLE,CONVERGED,PASSED,0.994211272594105,25,1.04984863949489,30,7.54951656745106e-15,2.97539770599542e-13,23,26,0.1361
ATT_T016_000296_1,CALL_T016_000296,1,EDGE_CANDIDATE_SCREEN,2011-05-11 17:30:00,E0010,CAL_011451,5.25,471.612141774163,2949.99638445835,FLAT_START,CONVERGED_FEASIBLE,CONVERGED,PASSED,0.994184370225741,25,1.04984801156816,30,7.99360577730113e-15,2.99316127438942e-13,23,26,0.129
ATT_T016_000297_1,CALL_T016_000297,1,EDGE_CANDIDATE_SCREEN,2011-05-11 17:30:00,E0010,CAL_011452,5.25,458.314432136055,2956.05038352608,FLAT_START,CONVERGED_FEASIBLE,CONVERGED,PASSED,0.994157192981901,25,1.04984713134876,30,7.7715611723761e-15,3.01092484278342e-13,23,26,0.1292
ATT_T016_000298_1,CALL_T016_000298,1,EDGE_CANDIDATE_SCREEN,2011-05-11 17:30:00,E0010,CAL_011453,5.25,444.910336556641,2962.1528165277,FLAT_START,CONVERGED_FEASIBLE,CONVERGED,PASSED,0.994129732461236,25,1.04984599206207,30,7.6634672273822e-15,3.02868841117743e-13,23,26,0.1269
ATT_T016_000299_1,CALL_T016_000299,1,EDGE_CANDIDATE_SCREEN,2011-05-11 17:30:00,E0010,CAL_011454,5.25,431.396506737988,2968.30520783042,FLAT_START,CONVERGED_FEASIBLE,CONVERGED,PASSED,0.994101980000027,25,1.04984458659314,30,7.7715611723761e-15,3.05089287166993e-13,23,26,0.1286
ATT_T016_000300_1,CALL_T016_000300,1,EDGE_CANDIDATE_SCREEN,2011-05-11 17:30:00,E0010,CAL_011455,5.25,417.769505624083,2974.50912221002,FLAT_START,CONVERGED_FEASIBLE,CONVERGED,PASSED,0.994073926660396,25,1.04984290747012,30,7.99360577730113e-15,3.07753822426093e-13,23,26,0.1457
ATT_T016_000301_1,CALL_T016_000301,1,EDGE_CANDIDATE_SCREEN,2011-05-11 17:30:00,E0010,CAL_011456,5.25,404.025803576998,2980.76616659169,FLAT_START,CONVERGED_FEASIBLE,CONVERGED,PASSED,0.994045563217907,25,1.04984094684686,30,8.21565038222616e-15,3.09752223870419e-13,23,26,0.2072
ATT_T016_000302_1,CALL_T016_000302,1,EDGE_CANDIDATE_SCREEN,2011-05-11 17:30:00,E0010,CAL_011457,5.25,390.161774379427,2987.07799186997,FLAT_START,CONVERGED_FEASIBLE,CONVERGED,PASSED,0.994016880148524,25,1.04983869648427,30,7.99360577730113e-15,3.12638803734444e-13,23,26,0.141
ATT_T016_000303_1,CALL_T016_000303,1,LOCAL_REENTRY_STENCIL,2011-05-11 17:30:00,E0010,CAL_011448,5.5,510.795595773658,2931.88278902574,FLAT_START,CONVERGED_FEASIBLE,CONVERGED,PASSED,0.994263226025762,25,1.04984177198426,30,2.1094237467878e-14,2.67563748934663e-13,23,25,0.1293
ATT_T016_000304_1,CALL_T016_000304,1,LOCAL_REENTRY_STENCIL,2011-05-11 17:30:00,E0010,CAL_011448,5,511.002769067491,2932.3378486112,FLAT_START,CONVERGED_FEASIBLE,CONVERGED,PASSED,0.994265344083733,25,1.04985655581044,30,2.08721928629529e-14,2.67563748934663e-13,23,25,0.1263
ATT_T016_000305_1,CALL_T016_000305,1,ANCHOR_SEARCH,2011-05-11 17:30:00,E0011,CAL_011465,0,276.394847667869,3045.90338335373,FLAT_START,CONVERGED_FEASIBLE,CONVERGED,PASSED,0.993800496169036,25,1.04999846454877,30,9.10382880192628e-15,3.37729844090973e-13,23,26,0.1346
ATT_T016_000306_1,CALL_T016_000306,1,ANCHOR_SEARCH,2011-05-11 17:30:00,E0011,CAL_011465,0.5,276.183038919497,3045.45046277116,FLAT_START,CONVERGED_FEASIBLE,CONVERGED,PASSED,0.993798351547904,25,1.04998365414296,30,8.88178419700125e-15,3.37729844090973e-13,23,26,0.1311
ATT_T016_000307_1,CALL_T016_000307,1,ANCHOR_SEARCH,2011-05-11 17:30:00,E0011,CAL_011465,1,275.971230171125,3044.9975421886,FLAT_START,CONVERGED_FEASIBLE,CONVERGED,PASSED,0.993796206844226,25,1.04996884323863,30,8.65973959207622e-15,3.36841665671272e-13,23,26,0.1289
ATT_T016_000308_1,CALL_T016_000308,1,ANCHOR_SEARCH,2011-05-11 17:30:00,E0011,CAL_011465,2,275.547612674381,3044.09170102346,FLAT_START,CONVERGED_FEASIBLE,CONVERGED,PASSED,0.993791917189206,25,1.04993921993424,30,8.65973959207622e-15,3.36841665671272e-13,23,26,0.1302
ATT_T016_000309_1,CALL_T016_000309,1,ANCHOR_SEARCH,2011-05-11 17:30:00,E0011,CAL_011465,4,274.700377680892,3042.28001869319,FLAT_START,CONVERGED_FEASIBLE,CONVERGED,PASSED,0.993783336888326,25,1.04987996734136,30,9.10382880192628e-15,3.35287353436797e-13,23,26,0.131
ATT_T016_000310_1,CALL_T016_000310,1,ANCHOR_SEARCH,2011-05-11 17:30:00,E0011,CAL_011465,8,273.005907693915,3038.65665403265,FLAT_START,CONVERGED_FEASIBLE,CONVERGED,PASSED,0.993766172321697,25,1.04976143820936,30,8.88178419700125e-15,3.33510996597397e-13,23,26,0.1302
ATT_T016_000311_1,CALL_T016_000311,1,ANCHOR_SEARCH,2011-05-11 17:30:00,E0011,CAL_011465,6,273.853142687404,3040.46833636292,FLAT_START,CONVERGED_FEASIBLE,CONVERGED,PASSED,0.993774755265965,25,1.04982070676732,30,9.32587340685131e-15,3.34843264226947e-13,23,26,0.1305
ATT_T016_000312_1,CALL_T016_000312,1,ANCHOR_SEARCH,2011-05-11 17:30:00,E0011,CAL_011465,5,274.276760184148,3041.37417752806,FLAT_START,CONVERGED_FEASIBLE,CONVERGED,PASSED,0.993779046242357,25,1.04985033805216,30,8.88178419700125e-15,3.34843264226947e-13,23,26,0.1293
ATT_T016_000313_1,CALL_T016_000313,1,ANCHOR_SEARCH,2011-05-11 17:30:00,E0011,CAL_011465,5.5,274.064951435776,3040.92125694549,FLAT_START,CONVERGED_FEASIBLE,CONVERGED,PASSED,0.993776900795468,25,1.04983552265922,30,8.6210248745808e-15,3.35509398041722e-13,23,26,0.1304
ATT_T016_000314_1,CALL_T016_000314,1,ANCHOR_SEARCH,2011-05-11 17:30:00,E0011,CAL_011465,5.25,274.170855809962,3041.14771723677,FLAT_START,CONVERGED_FEASIBLE,CONVERGED,PASSED,0.993777973529239,25,1.04984293041805,30,8.88178419700125e-15,3.34399175017097e-13,23,26,0.1686
ATT_T016_000315_1,CALL_T016_000315,1,EDGE_CANDIDATE_SCREEN,2011-05-11 17:30:00,E0011,CAL_011459,5.25,361.985116249804,3000.08129343338,FLAT_START,CONVERGED_FEASIBLE,CONVERGED,PASSED,0.993958906382011,25,1.04983798868611,30,8.43769498715119e-15,3.17079695832945e-13,23,26,0.1366
ATT_T016_000316_1,CALL_T016_000316,1,EDGE_CANDIDATE_SCREEN,2011-05-11 17:30:00,E0011,CAL_011460,5.25,347.710658217207,3006.75675753447,FLAT_START,CONVERGED_FEASIBLE,CONVERGED,PASSED,0.993929694333585,25,1.04983955552799,30,8.21565038222616e-15,3.20188320301895e-13,23,26,0.1353
ATT_T016_000317_1,CALL_T016_000317,1,EDGE_CANDIDATE_SCREEN,2011-05-11 17:30:00,E0011,CAL_011461,5.25,333.297509165985,3013.49708062453,FLAT_START,CONVERGED_FEASIBLE,CONVERGED,PASSED,0.993900120397027,25,1.04984083808847,30,8.65973959207622e-15,3.23518989375771e-13,23,26,0.1324
ATT_T016_000318_1,CALL_T016_000318,1,EDGE_CANDIDATE_SCREEN,2011-05-11 17:30:00,E0011,CAL_011462,5.25,318.741410153244,3020.30425440231,FLAT_START,CONVERGED_FEASIBLE,CONVERGED,PASSED,0.993870173266695,25,1.04984182699951,30,8.43769498715119e-15,3.25739435425021e-13,23,26,0.1607
ATT_T016_000319_1,CALL_T016_000319,1,EDGE_CANDIDATE_SCREEN,2011-05-11 17:30:00,E0011,CAL_011463,5.25,304.037973343238,3027.18033084345,FLAT_START,CONVERGED_FEASIBLE,CONVERGED,PASSED,0.993839841236245,25,1.04984251238852,30,8.88178419700125e-15,3.29070104498896e-13,23,26,0.129
ATT_T016_000320_1,CALL_T016_000320,1,EDGE_CANDIDATE_SCREEN,2011-05-11 17:30:00,E0011,CAL_011464,5.25,289.182676269518,3034.12742488374,FLAT_START,CONVERGED_FEASIBLE,CONVERGED,PASSED,0.993809112179337,25,1.04984288385043,30,8.88178419700125e-15,3.32178728967847e-13,23,26,0.1299
ATT_T016_000321_1,CALL_T016_000321,1,EDGE_CANDIDATE_SCREEN,2011-05-11 17:30:00,E0011,CAL_011466,5.25,258.997701857145,3048.24345735392,FLAT_START,CONVERGED_FEASIBLE,CONVERGED,PASSED,0.993746412257262,25,1.04984264053035,30,8.88178419700125e-15,3.38395977905748e-13,23,26,0.1268
ATT_T016_000322_1,CALL_T016_000322,1,EDGE_CANDIDATE_SCREEN,2011-05-11 17:30:00,E0011,CAL_011467,5.25,243.65825066533,3055.41696653568,FLAT_START,CONVERGED_FEASIBLE,CONVERGED,PASSED,0.993714414849958,25,1.04984200199852,30,9.32587340685131e-15,3.41726646979623e-13,23,26,0.1269
ATT_T016_000323_1,CALL_T016_000323,1,LOCAL_REENTRY_STENCIL,2011-05-11 17:30:00,E0011,CAL_011465,5.5,274.064951435776,3040.92125694549,FLAT_START,CONVERGED_FEASIBLE,CONVERGED,PASSED,0.993776900795468,25,1.04983552265922,30,8.6210248745808e-15,3.35509398041722e-13,23,26,0.1292
ATT_T016_000324_1,CALL_T016_000324,1,LOCAL_REENTRY_STENCIL,2011-05-11 17:30:00,E0011,CAL_011465,5,274.276760184148,3041.37417752806,FLAT_START,CONVERGED_FEASIBLE,CONVERGED,PASSED,0.993779046242357,25,1.04985033805216,30,8.88178419700125e-15,3.34843264226947e-13,23,26,0.1446
ATT_T016_000325_1,CALL_T016_000325,1,ANCHOR_SEARCH,2011-05-11 17:30:00,E0012,CAL_011474,0,133.196508745456,3113.6658601096,FLAT_START,CONVERGED_INFEASIBLE,CONVERGED,PASSED,0.993501645392767,25,1.05000362550212,30,9.99200722162641e-15,3.71480624039577e-13,23,26,0.1373
ATT_T016_000326_1,CALL_T016_000326,1,ANCHOR_SEARCH,2011-05-11 17:30:00,E0012,CAL_011474,0.5,132.981671456174,3113.21436820587,FLAT_START,CONVERGED_FEASIBLE,CONVERGED,PASSED,0.993499482890421,25,1.04998879374703,30,9.99200722162641e-15,3.71702668644502e-13,23,26,0.1321
ATT_T016_000327_1,CALL_T016_000327,1,ANCHOR_SEARCH,2011-05-11 17:30:00,E0012,CAL_011474,1,132.766834166892,3112.76287630214,FLAT_START,CONVERGED_FEASIBLE,CONVERGED,PASSED,0.993497320304003,25,1.04997396148963,30,9.99200722162641e-15,3.71036534829727e-13,23,26,0.1301
ATT_T016_000328_1,CALL_T016_000328,1,ANCHOR_SEARCH,2011-05-11 17:30:00,E0012,CAL_011474,2,132.337159588328,3111.85989249468,FLAT_START,CONVERGED_FEASIBLE,CONVERGED,PASSED,0.993492994878918,25,1.04994429546777,30,9.76996261670138e-15,3.71258579434652e-13,23,26,0.1286
ATT_T016_000329_1,CALL_T016_000329,1,ANCHOR_SEARCH,2011-05-11 17:30:00,E0012,CAL_011474,4,131.477810431201,3110.05392487976,FLAT_START,CONVERGED_FEASIBLE,CONVERGED,PASSED,0.993484343019565,25,1.0498849573945,30,9.99200722162641e-15,3.70148356410027e-13,23,26,0.1288
ATT_T016_000330_1,CALL_T016_000330,1,ANCHOR_SEARCH,2011-05-11 17:30:00,E0012,CAL_011474,8,129.759112116945,3106.44198964992,FLAT_START,CONVERGED_FEASIBLE,CONVERGED,PASSED,0.993467035262575,25,1.04976625711985,30,9.99200722162641e-15,3.67261776546002e-13,23,26,0.1301
ATT_T016_000331_1,CALL_T016_000331,1,ANCHOR_SEARCH,2011-05-11 17:30:00,E0012,CAL_011474,6,130.618461274073,3108.24795726484,FLAT_START,CONVERGED_FEASIBLE,CONVERGED,PASSED,0.993475689814265,25,1.04982561127948,30,9.76996261670138e-15,3.68594044175552e-13,23,26,0.1521
ATT_T016_000332_1,CALL_T016_000332,1,ANCHOR_SEARCH,2011-05-11 17:30:00,E0012,CAL_011474,5,131.048135852637,3109.1509410723,FLAT_START,CONVERGED_FEASIBLE,CONVERGED,PASSED,0.993480016585186,25,1.04985528534239,30,9.61474332364761e-15,3.69038133385402e-13,23,26,0.1317
ATT_T016_000333_1,CALL_T016_000333,1,ANCHOR_SEARCH,2011-05-11 17:30:00,E0012,CAL_011474,5.5,130.833298563355,3108.69944916857,FLAT_START,CONVERGED_FEASIBLE,CONVERGED,PASSED,0.993477853241797,25,1.0498404485623,30,9.60886492985198e-15,3.68594044175552e-13,23,26,0.1307
ATT_T016_000334_1,CALL_T016_000334,1,ANCHOR_SEARCH,2011-05-11 17:30:00,E0012,CAL_011474,5.25,130.940717207996,3108.92519512043,FLAT_START,CONVERGED_FEASIBLE,CONVERGED,PASSED,0.993478934924009,25,1.04984786701519,30,9.99200722162641e-15,3.68594044175552e-13,23,26,0.1297
ATT_T016_000335_1,CALL_T016_000335,1,EDGE_CANDIDATE_SCREEN,2011-05-11 17:30:00,E0012,CAL_011469,5.25,212.40076966288,3070.16335529656,FLAT_START,CONVERGED_FEASIBLE,CONVERGED,PASSED,0.993649328921695,25,1.04984307524111,30,9.32587340685131e-15,3.48165940522449e-13,23,26,0.1369
ATT_T016_000336_1,CALL_T016_000336,1,EDGE_CANDIDATE_SCREEN,2011-05-11 17:30:00,E0012,CAL_011470,5.25,196.501408063438,3077.7288857504,FLAT_START,CONVERGED_FEASIBLE,CONVERGED,PASSED,0.993616276254998,25,1.04984479576335,30,9.32587340685131e-15,3.52828877225875e-13,23,26,0.1285
ATT_T016_000337_1,CALL_T016_000337,1,EDGE_CANDIDATE_SCREEN,2011-05-11 17:30:00,E0012,CAL_011471,5.25,180.411758108724,3085.38496275468,FLAT_START,CONVERGED_FEASIBLE,CONVERGED,PASSED,0.993582727276534,25,1.04984615052679,30,9.54791801177635e-15,3.5704772471945e-13,23,26,0.1288
ATT_T016_000338_1,CALL_T016_000338,1,EDGE_CANDIDATE_SCREEN,2011-05-11 17:30:00,E0012,CAL_011472,5.25,164.125887740821,3093.1344090117,FLAT_START,CONVERGED_FEASIBLE,CONVERGED,PASSED,0.993548665566008,25,1.04984712464209,30,9.42151812220778e-15,3.60156349188401e-13,23,26,0.1492
ATT_T016_000339_1,CALL_T016_000339,1,EDGE_CANDIDATE_SCREEN,2011-05-11 17:30:00,E0012,CAL_011473,5.25,147.637658801444,3100.98014529429,FLAT_START,CONVERGED_FEASIBLE,CONVERGED,PASSED,0.993514074041414,25,1.04984770235955,30,9.54791801177635e-15,3.64819285891826e-13,23,26,0.1296
ATT_T016_000340_1,CALL_T016_000340,1,EDGE_CANDIDATE_SCREEN,2011-05-11 17:30:00,E0012,CAL_011475,5.25,114.028482581586,3116.97268968859,FLAT_START,CONVERGED_FEASIBLE,CONVERGED,PASSED,0.993443229701059,25,1.0498476009728,30,9.76996261670138e-15,3.73701070088828e-13,23,26,0.1398
ATT_T016_000341_1,CALL_T016_000341,1,EDGE_CANDIDATE_SCREEN,2011-05-11 17:30:00,E0012,CAL_011476,5.25,96.8941372904626,3125.12587309133,FLAT_START,CONVERGED_FEASIBLE,CONVERGED,PASSED,0.993406939086191,25,1.04984688556178,30,1.02140518265514e-14,3.78586051397178e-13,23,26,0.1281
ATT_T016_000342_1,CALL_T016_000342,1,EDGE_CANDIDATE_SCREEN,2011-05-11 17:30:00,E0012,CAL_011477,5.25,79.5306148695388,3133.38810782572,FLAT_START,CONVERGED_FEASIBLE,CONVERGED,PASSED,0.993370042977192,25,1.04984570101009,30,1.00501632384443e-14,3.83471032705529e-13,23,26,0.1267
ATT_T016_000343_1,CALL_T016_000343,1,LOCAL_REENTRY_STENCIL,2011-05-11 17:30:00,E0012,CAL_011474,5.5,130.833298563355,3108.69944916857,FLAT_START,CONVERGED_FEASIBLE,CONVERGED,PASSED,0.993477853241797,25,1.0498404485623,30,9.60886492985198e-15,3.68594044175552e-13,23,26,0.1276
ATT_T016_000344_1,CALL_T016_000344,1,LOCAL_REENTRY_STENCIL,2011-05-11 17:30:00,E0012,CAL_011474,5,131.048135852637,3109.1509410723,FLAT_START,CONVERGED_FEASIBLE,CONVERGED,PASSED,0.993480016585186,25,1.04985528534239,30,9.61474332364761e-15,3.69038133385402e-13,23,26,0.1267
ATT_T016_000345_1,CALL_T016_000345,1,ANCHOR_SEARCH,2011-05-11 17:30:00,E0013,CAL_011479,0,46.3305816731519,3155.03941390792,FLAT_START,CONVERGED_FEASIBLE,CONVERGED,PASSED,0.993214230333327,18,1.04999879886019,30,1.0444418402013e-14,3.96127575186256e-13,23,26,0.1596
ATT_T016_000346_1,CALL_T016_000346,1,ANCHOR_SEARCH,2011-05-11 17:30:00,E0013,CAL_011479,0.5,46.1149333133764,3154.58830883709,FLAT_START,CONVERGED_FEASIBLE,CONVERGED,PASSED,0.993199244424269,18,1.04998395291963,30,1.04502967392563e-14,3.95683485976406e-13,23,26,0.1332
ATT_T016_000347_1,CALL_T016_000347,1,ANCHOR_SEARCH,2011-05-11 17:30:00,E0013,CAL_011479,1,45.899284953601,3154.13720376626,FLAT_START,CONVERGED_FEASIBLE,CONVERGED,PASSED,0.993184257965786,18,1.04996910647457,30,1.06581410364015e-14,3.95461441371481e-13,23,26,0.1287
ATT_T016_000348_1,CALL_T016_000348,1,ANCHOR_SEARCH,2011-05-11 17:30:00,E0013,CAL_011479,2,45.4679882340501,3153.23499362461,FLAT_START,CONVERGED_FEASIBLE,CONVERGED,PASSED,0.993154283400335,18,1.04993941207077,30,1.04326656364226e-14,3.95461441371481e-13,23,26,0.1298
ATT_T016_000349_1,CALL_T016_000349,1,ANCHOR_SEARCH,2011-05-11 17:30:00,E0013,CAL_011479,4,44.6053947949482,3151.4305733413,FLAT_START,CONVERGED_FEASIBLE,CONVERGED,PASSED,0.993094327674048,18,1.04988001720722,30,1.03974387698405e-14,3.94129173741931e-13,23,26,0.13
ATT_T016_000350_1,CALL_T016_000350,1,ANCHOR_SEARCH,2011-05-11 17:30:00,E0013,CAL_011479,8,42.8802079167445,3147.82173277468,FLAT_START,CONVERGED_FEASIBLE,CONVERGED,PASSED,0.992974389828289,18,1.04976120324632,30,1.02450248323482e-14,3.9279690611238e-13,23,26,0.1294
ATT_T016_000351_1,CALL_T016_000351,1,ANCHOR_SEARCH,2011-05-11 17:30:00,E0013,CAL_011479,6,43.7428013558464,3149.62615305799,FLAT_START,CONVERGED_FEASIBLE,CONVERGED,PASSED,0.993034363151142,18,1.0498206142667,30,1.06581410364015e-14,3.92574861507455e-13,23,26,0.1316
ATT_T016_000352_1,CALL_T016_000352,1,ANCHOR_SEARCH,2011-05-11 17:30:00,E0013,CAL_011479,5,44.1740980753973,3150.52836319965,FLAT_START,CONVERGED_FEASIBLE,CONVERGED,PASSED,0.99306434651238,18,1.04985031674676,30,1.06581410364015e-14,3.93907129137006e-13,23,26,0.1558
ATT_T016_000353_1,CALL_T016_000353,1,ANCHOR_SEARCH,2011-05-11 17:30:00,E0013,CAL_011479,5.5,43.9584497156218,3150.07725812882,FLAT_START,CONVERGED_FEASIBLE,CONVERGED,PASSED,0.993049355106733,18,1.0498354657592,30,1.04360964314765e-14,3.93018950717305e-13,23,26,0.1309
ATT_T016_000354_1,CALL_T016_000354,1,ANCHOR_SEARCH,2011-05-11 17:30:00,E0013,CAL_011479,5.25,44.0662738955096,3150.30281066423,FLAT_START,CONVERGED_FEASIBLE,CONVERGED,PASSED,0.993056850878296,18,1.0498428913161,30,1.08801856413265e-14,3.93685084532081e-13,23,26,0.1294
ATT_T016_000355_1,CALL_T016_000355,1,EDGE_CANDIDATE_SCREEN,2011-05-11 17:30:00,E0013,CAL_011480,5.25,25.9575973314839,3158.95956637654,FLAT_START,CONVERGED_FEASIBLE,CONVERGED,PASSED,0.992331814175502,18,1.049841234816,30,1.06581410364015e-14,3.98792110445356e-13,23,26,0.1355
ATT_T016_000356_1,CALL_T016_000356,1,EDGE_CANDIDATE_SCREEN,2011-05-11 17:30:00,E0013,CAL_011481,5.25,7.58781375429672,3167.74114289614,FLAT_START,CONVERGED_FEASIBLE,CONVERGED,PASSED,0.991594728316252,18,1.04983903161047,30,1.08801856413265e-14,4.04787314778332e-13,23,26,0.131
ATT_T016_000357_1,CALL_T016_000357,1,LOCAL_REENTRY_STENCIL,2011-05-11 17:30:00,E0013,CAL_011479,5.5,43.9584497156218,3150.07725812882,FLAT_START,CONVERGED_FEASIBLE,CONVERGED,PASSED,0.993049355106733,18,1.0498354657592,30,1.04360964314765e-14,3.93018950717305e-13,23,26,0.1288
ATT_T016_000358_1,CALL_T016_000358,1,LOCAL_REENTRY_STENCIL,2011-05-11 17:30:00,E0013,CAL_011479,5,44.1740980753973,3150.52836319965,FLAT_START,CONVERGED_FEASIBLE,CONVERGED,PASSED,0.99306434651238,18,1.04985031674676,30,1.06581410364015e-14,3.93907129137006e-13,23,26,0.1276
ATT_T016_000359_1,CALL_T016_000359,1,ANCHOR_SEARCH,2011-05-11 17:30:00,E0014,CAL_011487,0,-86.5653231399501,3219.50877384504,FLAT_START,CONVERGED_FEASIBLE,CONVERGED,PASSED,0.987869242287327,18,1.04999999125018,30,1.17801493699295e-14,1.46771483855446e-13,24,26,0.1605
ATT_T016_000360_1,CALL_T016_000360,1,ANCHOR_SEARCH,2011-05-11 17:30:00,E0014,CAL_011487,0.5,-86.7849300872172,3219.05958258431,FLAT_START,CONVERGED_FEASIBLE,CONVERGED,PASSED,0.987853932330737,18,1.04998512217897,30,1.19904086659517e-14,1.46327394645596e-13,24,26,0.1371
ATT_T016_000361_1,CALL_T016_000361,1,ANCHOR_SEARCH,2011-05-11 17:30:00,E0014,CAL_011487,1,-87.0045370344843,3218.61039132359,FLAT_START,CONVERGED_FEASIBLE,CONVERGED,PASSED,0.98783862179965,18,1.04997025259865,30,1.17683640610267e-14,1.46549439250521e-13,24,26,0.1424
ATT_T016_000362_1,CALL_T016_000362,1,ANCHOR_SEARCH,2011-05-11 17:30:00,E0014,CAL_011487,2,-87.4437509290185,3217.71200880214,FLAT_START,CONVERGED_FEASIBLE,CONVERGED,PASSED,0.987807999013762,18,1.0499405119105,30,1.19904086659517e-14,1.46771483855446e-13,24,26,0.1449
ATT_T016_000363_1,CALL_T016_000363,1,ANCHOR_SEARCH,2011-05-11 17:30:00,E0014,CAL_011487,4,-88.3221787180869,3215.91524375924,FLAT_START,CONVERGED_FEASIBLE,CONVERGED,PASSED,0.987746746545569,18,1.04988102442291,30,1.17683640610267e-14,1.46327394645596e-13,24,26,0.1332
ATT_T016_000364_1,CALL_T016_000364,1,ANCHOR_SEARCH,2011-05-11 17:30:00,E0014,CAL_011487,8,-90.0790342962238,3212.32171367343,FLAT_START,CONVERGED_FEASIBLE,CONVERGED,PASSED,0.987624214011039,18,1.04976202499229,30,1.17683640610267e-14,1.44995127016045e-13,24,26,0.1564
ATT_T016_000365_1,CALL_T016_000365,1,ANCHOR_SEARCH,2011-05-11 17:30:00,E0014,CAL_011487,6,-89.2006065071554,3214.11847871634,FLAT_START,CONVERGED_FEASIBLE,CONVERGED,PASSED,0.987685484879184,18,1.04982152878448,30,1.17683640610267e-14,1.45883305435746e-13,24,26,0.2075
ATT_T016_000366_1,CALL_T016_000366,1,ANCHOR_SEARCH,2011-05-11 17:30:00,E0014,CAL_011487,5,-88.7613926126212,3215.01686123779,FLAT_START,CONVERGED_FEASIBLE,CONVERGED,PASSED,0.987716116862373,18,1.04985127762273,30,1.17153868940398e-14,1.46105350040671e-13,24,26,0.1364
ATT_T016_000367_1,CALL_T016_000367,1,ANCHOR_SEARCH,2011-05-11 17:30:00,E0014,CAL_011487,5.5,-88.9809995598883,3214.56766997706,FLAT_START,CONVERGED_FEASIBLE,CONVERGED,PASSED,0.987700801158306,18,1.04983640345839,30,1.19904086659517e-14,1.45883305435746e-13,24,26,0.1339
ATT_T016_000368_1,CALL_T016_000368,1,ANCHOR_SEARCH,2011-05-11 17:30:00,E0014,CAL_011487,5.25,-88.8711960862547,3214.79226560742,FLAT_START,CONVERGED_FEASIBLE,CONVERGED,PASSED,0.987708459082218,18,1.04984384060426,30,1.17683640610267e-14,1.45439216225896e-13,24,26,0.1336
ATT_T016_000369_1,CALL_T016_000369,1,EDGE_CANDIDATE_SCREEN,2011-05-11 17:30:00,E0014,CAL_011483,5.25,-11.1241788703141,3176.7822093068,FLAT_START,CONVERGED_FEASIBLE,CONVERGED,PASSED,0.990843354756543,18,1.04983880908382,30,1.08801856413265e-14,1.36557432028894e-13,24,26,0.133
ATT_T016_000370_1,CALL_T016_000370,1,EDGE_CANDIDATE_SCREEN,2011-05-11 17:30:00,E0014,CAL_011484,5.25,-30.1117381552139,3186.06511459725,FLAT_START,CONVERGED_FEASIBLE,CONVERGED,PASSED,0.990080446953852,18,1.04984092592675,30,1.13242748511766e-14,1.3899992268307e-13,24,26,0.1315
ATT_T016_000371_1,CALL_T016_000371,1,EDGE_CANDIDATE_SCREEN,2011-05-11 17:30:00,E0014,CAL_011485,5.25,-49.3921379518468,3195.49118787969,FLAT_START,CONVERGED_FEASIBLE,CONVERGED,PASSED,0.989303991661041,18,1.04984248991752,30,1.13242748511766e-14,1.40998324127395e-13,24,26,0.1542
ATT_T016_000372_1,CALL_T016_000372,1,EDGE_CANDIDATE_SCREEN,2011-05-11 17:30:00,E0014,CAL_011486,5.25,-68.9752112954442,3205.06523646681,FLAT_START,CONVERGED_FEASIBLE,CONVERGED,PASSED,0.988513499620589,18,1.04984347185471,30,1.15463194561016e-14,1.4299672557172e-13,24,26,0.1332
ATT_T016_000373_1,CALL_T016_000373,1,EDGE_CANDIDATE_SCREEN,2011-05-11 17:30:00,E0014,CAL_011488,5.25,-109.090756927078,3224.67748916267,FLAT_START,CONVERGED_FEASIBLE,CONVERGED,PASSED,0.986888334458951,18,1.04984356295561,30,1.18745946420642e-14,1.48547840694846e-13,24,26,0.1307
ATT_T016_000374_1,CALL_T016_000374,1,LOCAL_REENTRY_STENCIL,2011-05-11 17:30:00,E0014,CAL_011487,5.5,-88.9809995598883,3214.56766997706,FLAT_START,CONVERGED_FEASIBLE,CONVERGED,PASSED,0.987700801158306,18,1.04983640345839,30,1.19904086659517e-14,1.45883305435746e-13,24,26,0.1305
ATT_T016_000375_1,CALL_T016_000375,1,LOCAL_REENTRY_STENCIL,2011-05-11 17:30:00,E0014,CAL_011487,5,-88.7613926126212,3215.01686123779,FLAT_START,CONVERGED_FEASIBLE,CONVERGED,PASSED,0.987716116862373,18,1.04985127762273,30,1.17153868940398e-14,1.46105350040671e-13,24,26,0.1302
ATT_T016_000376_1,CALL_T016_000376,1,ANCHOR_SEARCH,2011-05-11 17:30:00,E0015,CAL_011494,0,-235.982742970908,3293.53368211762,FLAT_START,CONVERGED_INFEASIBLE,CONVERGED,PASSED,0.981773901440618,18,1.0500085284036,30,1.37337732208795e-14,1.67865721323324e-13,24,26,0.1363
ATT_T016_000377_1,CALL_T016_000377,1,ANCHOR_SEARCH,2011-05-11 17:30:00,E0015,CAL_011494,0.5,-236.205588195505,3293.08608854542,FLAT_START,CONVERGED_FEASIBLE,CONVERGED,PASSED,0.98175826359905,18,1.04999363111766,30,1.3988810110277e-14,1.67865721323324e-13,24,26,0.135
ATT_T016_000378_1,CALL_T016_000378,1,ANCHOR_SEARCH,2011-05-11 17:30:00,E0015,CAL_011494,1,-236.428433420102,3292.63849497322,FLAT_START,CONVERGED_FEASIBLE,CONVERGED,PASSED,0.9817426251557,18,1.04997873331729,30,1.37667655053519e-14,1.67643676718399e-13,24,26,0.1564
ATT_T016_000379_1,CALL_T016_000379,1,ANCHOR_SEARCH,2011-05-11 17:30:00,E0015,CAL_011494,2,-236.874123869296,3291.74330782882,FLAT_START,CONVERGED_FEASIBLE,CONVERGED,PASSED,0.981711346463416,18,1.04994893617306,30,1.35870151791913e-14,1.67865721323324e-13,24,26,0.1332
ATT_T016_000380_1,CALL_T016_000380,1,ANCHOR_SEARCH,2011-05-11 17:30:00,E0015,CAL_011494,4,-237.765504767684,3289.95293354002,FLAT_START,CONVERGED_FEASIBLE,CONVERGED,PASSED,0.981648781854832,18,1.04988933570933,30,1.37667655053519e-14,1.66977542903624e-13,24,26,0.1323
ATT_T016_000381_1,CALL_T016_000381,1,ANCHOR_SEARCH,2011-05-11 17:30:00,E0015,CAL_011494,8,-239.548266564459,3286.37218496243,FLAT_START,CONVERGED_FEASIBLE,CONVERGED,PASSED,0.981523623728155,18,1.04977011007035,30,1.34866109830387e-14,1.66311409088848e-13,24,26,0.1399
ATT_T016_000382_1,CALL_T016_000382,1,ANCHOR_SEARCH,2011-05-11 17:30:00,E0015,CAL_011494,6,-238.656885666072,3288.16255925123,FLAT_START,CONVERGED_FEASIBLE,CONVERGED,PASSED,0.981586207611026,18,1.04982972700943,30,1.35447209004269e-14,1.66533453693773e-13,24,26,0.1348
ATT_T016_000383_1,CALL_T016_000383,1,ANCHOR_SEARCH,2011-05-11 17:30:00,E0015,CAL_011494,5,-238.211195216878,3289.05774639563,FLAT_START,CONVERGED_FEASIBLE,CONVERGED,PASSED,0.981617495937572,18,1.04985953238909,30,1.37667655053519e-14,1.67199587508549e-13,24,26,0.1309
ATT_T016_000384_1,CALL_T016_000384,1,ANCHOR_SEARCH,2011-05-11 17:30:00,E0015,CAL_011494,5.5,-238.434040441475,3288.61015282343,FLAT_START,CONVERGED_FEASIBLE,CONVERGED,PASSED,0.98160185207549,18,1.04984462995671,30,1.35279195653229e-14,1.66533453693773e-13,24,26,0.1308
ATT_T016_000385_1,CALL_T016_000385,1,ANCHOR_SEARCH,2011-05-11 17:30:00,E0015,CAL_011494,5.25,-238.322617829176,3288.83394960953,FLAT_START,CONVERGED_FEASIBLE,CONVERGED,PASSED,0.981609674081824,18,1.04985208123726,30,1.35447209004269e-14,1.66533453693773e-13,24,26,0.1558
ATT_T016_000386_1,CALL_T016_000386,1,EDGE_CANDIDATE_SCREEN,2011-05-11 17:30:00,E0015,CAL_011490,5.5,-150.765377487218,3244.96220053012,FLAT_START,CONVERGED_FEASIBLE,CONVERGED,PASSED,0.985190552178344,18,1.04983850546971,30,1.23337546022033e-14,1.53210777398272e-13,24,26,0.1308
ATT_T016_000387_1,CALL_T016_000387,1,EDGE_CANDIDATE_SCREEN,2011-05-11 17:30:00,E0015,CAL_011491,5.5,-172.104039844112,3255.58616678181,FLAT_START,CONVERGED_FEASIBLE,CONVERGED,PASSED,0.984320628686817,18,1.04984116500235,30,1.26451722717011e-14,1.56985535681997e-13,24,26,0.1297
ATT_T016_000388_1,CALL_T016_000388,1,EDGE_CANDIDATE_SCREEN,2011-05-11 17:30:00,E0015,CAL_011492,5.5,-193.819299594119,3266.39763110287,FLAT_START,CONVERGED_FEASIBLE,CONVERGED,PASSED,0.983433003994249,18,1.04984310212165,30,1.28785870856518e-14,1.59650070941098e-13,24,26,0.1305
ATT_T016_000389_1,CALL_T016_000389,1,EDGE_CANDIDATE_SCREEN,2011-05-11 17:30:00,E0015,CAL_011493,5.5,-215.924611837023,3277.40329243833,FLAT_START,CONVERGED_FEASIBLE,CONVERGED,PASSED,0.982526987158908,18,1.04984427283553,30,1.31810933450562e-14,1.63202784619898e-13,24,26,0.1295
ATT_T016_000390_1,CALL_T016_000390,1,EDGE_CANDIDATE_SCREEN,2011-05-11 17:30:00,E0015,CAL_011495,5.5,-261.362293663026,3300.02553511694,FLAT_START,CONVERGED_FEASIBLE,CONVERGED,PASSED,0.980656835164338,18,1.04984412283959,30,1.38690160084269e-14,1.70308211977499e-13,24,26,0.1287
ATT_T016_000391_1,CALL_T016_000391,1,EDGE_CANDIDATE_SCREEN,2011-05-11 17:30:00,E0015,CAL_011496,5.5,-284.724762276271,3311.65710198613,FLAT_START,CONVERGED_FEASIBLE,CONVERGED,PASSED,0.979691132875363,18,1.04984269709181,30,1.41232249451843e-14,1.74527059471075e-13,24,26,0.1328
ATT_T016_000392_1,CALL_T016_000392,1,EDGE_CANDIDATE_SCREEN,2011-05-11 17:30:00,E0015,CAL_011497,5.5,-308.537560431026,3323.51287624803,FLAT_START,CONVERGED_FEASIBLE,CONVERGED,PASSED,0.978703898988946,18,1.04984029425805,30,1.46163085415941e-14,1.7785772854495e-13,24,26,0.1319
ATT_T016_000393_1,CALL_T016_000393,1,EDGE_CANDIDATE_SCREEN,2011-05-11 17:30:00,E0015,CAL_011498,5.5,-332.817569462757,3335.60126268151,FLAT_START,CONVERGED_FEASIBLE,CONVERGED,PASSED,0.977694241694136,18,1.04983685147269,30,1.4875771584631e-14,1.82520665248376e-13,24,26,0.1298
ATT_T016_000394_1,CALL_T016_000394,1,LOCAL_REENTRY_STENCIL,2011-05-11 17:30:00,E0015,CAL_011494,5.75,-238.545463053773,3288.38635603733,FLAT_START,CONVERGED_FEASIBLE,CONVERGED,PASSED,0.981594029918559,18,1.04983717854744,30,1.35447209004269e-14,1.66977542903624e-13,24,26,0.1529
ATT_T016_000395_1,CALL_T016_000395,1,LOCAL_REENTRY_STENCIL,2011-05-11 17:30:00,E0015,CAL_011494,5.25,-238.322617829176,3288.83394960953,FLAT_START,CONVERGED_FEASIBLE,CONVERGED,PASSED,0.981609674081824,18,1.04985208123726,30,1.35447209004269e-14,1.66533453693773e-13,24,26,0.131
ATT_T016_000396_1,CALL_T016_000396,1,ANCHOR_SEARCH,2011-05-11 17:30:00,E0016,CAL_011504,0,-488.186688180813,3421.34640931781,FLAT_START,CONVERGED_INFEASIBLE,CONVERGED,PASSED,0.971256913591187,18,1.0500138795234,30,1.78828866217353e-14,2.17159623616681e-13,24,26,0.1366
ATT_T016_000397_1,CALL_T016_000397,1,ANCHOR_SEARCH,2011-05-11 17:30:00,E0016,CAL_011504,0.5,-488.415529336242,3420.90185141879,FLAT_START,CONVERGED_FEASIBLE,CONVERGED,PASSED,0.971240667924956,18,1.049998927716,30,1.78828866217353e-14,2.17381668221606e-13,24,26,0.1334
ATT_T016_000398_1,CALL_T016_000398,1,ANCHOR_SEARCH,2011-05-11 17:30:00,E0016,CAL_011504,1,-488.644370491671,3420.45729351977,FLAT_START,CONVERGED_FEASIBLE,CONVERGED,PASSED,0.971224421603715,18,1.04998397538335,30,1.78592099575618e-14,2.1627144519698e-13,24,26,0.1556
ATT_T016_000399_1,CALL_T016_000399,1,ANCHOR_SEARCH,2011-05-11 17:30:00,E0016,CAL_011504,2,-489.102052802529,3419.56817772173,FLAT_START,CONVERGED_FEASIBLE,CONVERGED,PASSED,0.971191926995928,18,1.04995406914211,30,1.79856129989275e-14,2.17381668221606e-13,24,26,0.1349
ATT_T016_000400_1,CALL_T016_000400,1,ANCHOR_SEARCH,2011-05-11 17:30:00,E0016,CAL_011504,4,-490.017417424245,3417.78994612564,FLAT_START,CONVERGED_FEASIBLE,CONVERGED,PASSED,0.971126929917207,18,1.04989425035448,30,1.77025966441889e-14,2.1627144519698e-13,24,26,0.1309
ATT_T016_000401_1,CALL_T016_000401,1,ANCHOR_SEARCH,2011-05-11 17:30:00,E0016,CAL_011504,8,-491.848146667677,3414.23348293347,FLAT_START,CONVERGED_FEASIBLE,CONVERGED,PASSED,0.970996904291767,18,1.04977458754761,30,1.76312364984324e-14,2.15161222172355e-13,24,26,0.14
ATT_T016_000402_1,CALL_T016_000402,1,ANCHOR_SEARCH,2011-05-11 17:30:00,E0016,CAL_011504,6,-490.932782045961,3416.01171452956,FLAT_START,CONVERGED_FEASIBLE,CONVERGED,PASSED,0.971061922350621,18,1.04983442315736,30,1.76787983577833e-14,2.1627144519698e-13,24,26,0.1484
ATT_T016_000403_1,CALL_T016_000403,1,ANCHOR_SEARCH,2011-05-11 17:30:00,E0016,CAL_011504,5,-490.475099735103,3416.9008303276,FLAT_START,CONVERGED_FEASIBLE,CONVERGED,PASSED,0.971094427445172,18,1.0498643378073,30,1.77882507267948e-14,2.15605311382205e-13,24,26,0.1327
ATT_T016_000404_1,CALL_T016_000404,1,ANCHOR_SEARCH,2011-05-11 17:30:00,E0016,CAL_011504,5.5,-490.703940890532,3416.45627242858,FLAT_START,CONVERGED_FEASIBLE,CONVERGED,PASSED,0.971078175225745,18,1.0498493807452,30,1.76728505899157e-14,2.16049400592055e-13,24,26,0.1308
ATT_T016_000405_1,CALL_T016_000405,1,ANCHOR_SEARCH,2011-05-11 17:30:00,E0016,CAL_011504,5.25,-490.589520312818,3416.67855137809,FLAT_START,CONVERGED_FEASIBLE,CONVERGED,PASSED,0.971086301417417,18,1.04985685934197,30,1.77882507267948e-14,2.1582735598713e-13,24,26,0.1528
ATT_T016_000406_1,CALL_T016_000406,1,EDGE_CANDIDATE_SCREEN,2011-05-11 17:30:00,E0016,CAL_011500,5.5,-383.137831622031,3361.08541346011,FLAT_START,CONVERGED_FEASIBLE,CONVERGED,PASSED,0.9755968331241,18,1.04983797895811,30,1.57651669496772e-14,1.92290627865077e-13,24,26,0.1309
ATT_T016_000407_1,CALL_T016_000407,1,EDGE_CANDIDATE_SCREEN,2011-05-11 17:30:00,E0016,CAL_011501,5.5,-409.166150471512,3374.48378197973,FLAT_START,CONVERGED_FEASIBLE,CONVERGED,PASSED,0.974509170631901,18,1.04984260734601,30,1.60676317645809e-14,1.97619698383278e-13,24,26,0.1306
ATT_T016_000408_1,CALL_T016_000408,1,EDGE_CANDIDATE_SCREEN,2011-05-11 17:30:00,E0016,CAL_011502,5.5,-435.754764136578,3388.17056852828,FLAT_START,CONVERGED_FEASIBLE,CONVERGED,PASSED,0.973394332137958,18,1.04984610865743,30,1.66533511517879e-14,2.03614902716254e-13,24,26,0.1293
ATT_T016_000409_1,CALL_T016_000409,1,EDGE_CANDIDATE_SCREEN,2011-05-11 17:30:00,E0016,CAL_011503,5.5,-462.926144475796,3402.15734074652,FLAT_START,CONVERGED_FEASIBLE,CONVERGED,PASSED,0.972251097945006,18,1.04984839738973,30,1.72583459998801e-14,2.08943973234454e-13,24,26,0.1412
ATT_T016_000410_1,CALL_T016_000410,1,EDGE_CANDIDATE_SCREEN,2011-05-11 17:30:00,E0016,CAL_011505,5.5,-519.113059320239,3431.08018418561,FLAT_START,CONVERGED_FEASIBLE,CONVERGED,PASSED,0.969874192376506,18,1.04984895792101,30,1.83361659840743e-14,2.22932783344731e-13,24,26,0.1294
ATT_T016_000411_1,CALL_T016_000411,1,EDGE_CANDIDATE_SCREEN,2011-05-11 17:30:00,E0016,CAL_011506,5.5,-548.179747667795,3446.04258741947,FLAT_START,CONVERGED_FEASIBLE,CONVERGED,PASSED,0.968637692835236,18,1.04984701931899,30,1.89259650949936e-14,2.30704344517108e-13,24,26,0.1296
ATT_T016_000412_1,CALL_T016_000412,1,EDGE_CANDIDATE_SCREEN,2011-05-11 17:30:00,E0016,CAL_011507,5.5,-577.931688274346,3461.35773192518,FLAT_START,CONVERGED_FEASIBLE,CONVERGED,PASSED,0.967367128302948,18,1.04984344566497,30,1.96486454621735e-14,2.38475905689484e-13,24,26,0.1304
ATT_T016_000413_1,CALL_T016_000413,1,EDGE_CANDIDATE_SCREEN,2011-05-11 17:30:00,E0016,CAL_011508,5.5,-608.398098132225,3477.04065747662,FLAT_START,CONVERGED_FEASIBLE,CONVERGED,PASSED,0.966060851299631,18,1.04983810702575,30,2.02980105856006e-14,2.4713564528156e-13,24,26,0.1299
ATT_T016_000414_1,CALL_T016_000414,1,LOCAL_REENTRY_STENCIL,2011-05-11 17:30:00,E0016,CAL_011504,5.75,-490.818361468247,3416.23399347907,FLAT_START,CONVERGED_FEASIBLE,CONVERGED,PASSED,0.97107004887015,18,1.049841902017,30,1.77823422758121e-14,2.1538326677728e-13,24,26,0.1309
ATT_T016_000415_1,CALL_T016_000415,1,LOCAL_REENTRY_STENCIL,2011-05-11 17:30:00,E0016,CAL_011504,5.25,-490.589520312818,3416.67855137809,FLAT_START,CONVERGED_FEASIBLE,CONVERGED,PASSED,0.971086301417417,18,1.04985685934197,30,1.77882507267948e-14,2.1582735598713e-13,24,26,0.132
ATT_T016_000416_1,CALL_T016_000416,1,ANCHOR_SEARCH,2011-05-11 17:30:00,E0017,CAL_011514,0,-808.468022034156,3590.20143416341,FLAT_START,CONVERGED_INFEASIBLE,CONVERGED,PASSED,0.957468471105822,18,1.05002942447719,30,9.83997055607131e-15,3.574918139293e-13,24,27,0.141
ATT_T016_000417_1,CALL_T016_000417,1,ANCHOR_SEARCH,2011-05-11 17:30:00,E0017,CAL_011514,0.5,-808.704922479057,3589.76111816415,FLAT_START,CONVERGED_INFEASIBLE,CONVERGED,PASSED,0.957451367353085,18,1.0500143898403,30,9.83394771719485e-15,3.5793590313915e-13,24,27,0.1353
ATT_T016_000418_1,CALL_T016_000418,1,ANCHOR_SEARCH,2011-05-11 17:30:00,E0017,CAL_011514,1,-808.941822923958,3589.32080216489,FLAT_START,CONVERGED_FEASIBLE,CONVERGED,PASSED,0.957434262863647,18,1.04999935466069,30,9.83997055607131e-15,3.574918139293e-13,24,27,0.1581
ATT_T016_000419_1,CALL_T016_000419,1,ANCHOR_SEARCH,2011-05-11 17:30:00,E0017,CAL_011514,2,-809.41562381376,3588.44017016636,FLAT_START,CONVERGED_FEASIBLE,CONVERGED,PASSED,0.95740005167433,18,1.04996928267312,30,9.82792608647372e-15,3.5704772471945e-13,24,27,0.1369
ATT_T016_000420_1,CALL_T016_000420,1,ANCHOR_SEARCH,2011-05-11 17:30:00,E0017,CAL_011514,4,-810.363225593364,3586.67890616932,FLAT_START,CONVERGED_FEASIBLE,CONVERGED,PASSED,0.957331620451606,18,1.0499091321831,30,9.80986846548823e-15,3.5704772471945e-13,24,27,0.1356
ATT_T016_000421_1,CALL_T016_000421,1,ANCHOR_SEARCH,2011-05-11 17:30:00,E0017,CAL_011514,8,-812.258429152573,3583.15637817523,FLAT_START,CONVERGED_FEASIBLE,CONVERGED,PASSED,0.957194722611136,18,1.04978880513161,30,9.77378614527577e-15,3.557154570899e-13,24,27,0.1407
ATT_T016_000422_1,CALL_T016_000422,1,ANCHOR_SEARCH,2011-05-11 17:30:00,E0017,CAL_011514,6,-811.310827372969,3584.91764217227,FLAT_START,CONVERGED_FEASIBLE,CONVERGED,PASSED,0.95726317743232,18,1.04984897300373,30,9.79182179819695e-15,3.557154570899e-13,24,27,0.136
ATT_T016_000423_1,CALL_T016_000423,1,ANCHOR_SEARCH,2011-05-11 17:30:00,E0017,CAL_011514,5,-810.837026483166,3585.79827417079,FLAT_START,CONVERGED_FEASIBLE,CONVERGED,PASSED,0.957297400416867,18,1.04987905367979,30,9.79783613314659e-15,3.56381590904675e-13,24,27,0.1337
ATT_T016_000424_1,CALL_T016_000424,1,ANCHOR_SEARCH,2011-05-11 17:30:00,E0017,CAL_011514,5.5,-811.073926928068,3585.35795817153,FLAT_START,CONVERGED_FEASIBLE,CONVERGED,PASSED,0.957280289293361,18,1.04986401361338,30,9.79783613314659e-15,3.5615954629975e-13,24,27,0.1342
ATT_T016_000425_1,CALL_T016_000425,1,ANCHOR_SEARCH,2011-05-11 17:30:00,E0017,CAL_011514,5.75,-811.192377150518,3585.1378001719,FLAT_START,CONVERGED_FEASIBLE,CONVERGED,PASSED,0.957271733455038,18,1.04985649337646,30,9.80385168965943e-15,3.56381590904675e-13,24,27,0.1579
ATT_T016_000426_1,CALL_T016_000426,1,EDGE_CANDIDATE_SCREEN,2011-05-11 17:30:00,E0017,CAL_011510,6,-672.427385095494,3510.19505811876,FLAT_START,CONVERGED_FEASIBLE,CONVERGED,PASSED,0.96330044200903,18,1.04982645505869,30,2.18790807135852e-14,2.67563748934663e-13,24,26,0.1302
ATT_T016_000427_1,CALL_T016_000427,1,EDGE_CANDIDATE_SCREEN,2011-05-11 17:30:00,E0017,CAL_011511,6,-705.770535849766,3528.13446359423,FLAT_START,CONVERGED_FEASIBLE,CONVERGED,PASSED,0.961861455296809,18,1.04983523981467,30,2.28399213433101e-14,2.79332112995689e-13,24,26,0.1306
ATT_T016_000428_1,CALL_T016_000428,1,EDGE_CANDIDATE_SCREEN,2011-05-11 17:30:00,E0017,CAL_011512,6,-740.004014639502,3546.55288665722,FLAT_START,CONVERGED_FEASIBLE,CONVERGED,PASSED,0.960377234951326,18,1.04984205218728,30,2.38548313748838e-14,2.93098878501041e-13,24,26,0.1525
ATT_T016_000429_1,CALL_T016_000429,1,EDGE_CANDIDATE_SCREEN,2011-05-11 17:30:00,E0017,CAL_011513,6,-775.169392615774,3565.4726935724,FLAT_START,CONVERGED_FEASIBLE,CONVERGED,PASSED,0.958845346540763,18,1.04984670047888,30,2.49301045244179e-14,3.07309733216243e-13,24,26,0.1307
ATT_T016_000430_1,CALL_T016_000430,1,EDGE_CANDIDATE_SCREEN,2011-05-11 17:30:00,E0017,CAL_011515,6,-848.475268223078,3604.91299229958,FLAT_START,CONVERGED_FEASIBLE,CONVERGED,PASSED,0.955627919933826,18,1.04984863570281,30,1.03116189233263e-14,3.75699471533153e-13,24,27,0.1302
ATT_T016_000431_1,CALL_T016_000431,1,EDGE_CANDIDATE_SCREEN,2011-05-11 17:30:00,E0017,CAL_011516,6,-886.712681319541,3625.48562692927,FLAT_START,CONVERGED_FEASIBLE,CONVERGED,PASSED,0.953936552458416,18,1.04984542942755,30,1.08738910225679e-14,3.98348021235506e-13,24,27,0.1521
ATT_T016_000432_1,CALL_T016_000432,1,EDGE_CANDIDATE_SCREEN,2011-05-11 17:30:00,E0017,CAL_011517,6,-926.076296907085,3646.6641851948,FLAT_START,CONVERGED_FEASIBLE,CONVERGED,PASSED,0.95218581843304,18,1.04983906684015,30,1.15759801587402e-14,4.41202629986037e-13,24,27,0.1339
ATT_T016_000433_1,CALL_T016_000433,1,EDGE_CANDIDATE_SCREEN,2011-05-11 17:30:00,E0017,CAL_011518,6,-966.622881277309,3668.47920870663,FLAT_START,CONVERGED_FEASIBLE,CONVERGED,PASSED,0.950372202623676,18,1.04982922886707,30,1.26565424807268e-14,4.95492535890207e-13,24,27,0.1312
ATT_T016_000434_1,CALL_T016_000434,1,LOCAL_REENTRY_STENCIL,2011-05-11 17:30:00,E0017,CAL_011514,6.25,-811.429277595419,3584.69748417264,FLAT_START,CONVERGED_FEASIBLE,CONVERGED,PASSED,0.957254621225198,18,1.04984145249517,30,9.79783613314659e-15,3.56381590904675e-13,24,27,0.1337
ATT_T016_000435_1,CALL_T016_000435,1,LOCAL_REENTRY_STENCIL,2011-05-11 17:30:00,E0017,CAL_011514,5.75,-811.192377150518,3585.1378001719,FLAT_START,CONVERGED_FEASIBLE,CONVERGED,PASSED,0.957271733455038,18,1.04985649337646,30,9.80385168965943e-15,3.56381590904675e-13,24,27,0.1317
ATT_T016_000436_1,CALL_T016_000436,1,ANCHOR_SEARCH,2011-05-11 17:30:00,E0018,CAL_011525,0,-1296.76542335145,3863.35795686783,FLAT_START,CONVERGED_INFEASIBLE,CONVERGED,PASSED,0.935406484848545,18,1.05007463792633,30,2.77555756156289e-14,4.86610751693206e-13,25,27,0.1433
ATT_T016_000437_1,CALL_T016_000437,1,ANCHOR_SEARCH,2011-05-11 17:30:00,E0018,CAL_011525,0.5,-1297.01429354385,3862.92429383351,FLAT_START,CONVERGED_INFEASIBLE,CONVERGED,PASSED,0.935387910955269,18,1.05005944012092,30,2.79776202205539e-14,4.87276885507981e-13,25,27,0.1382
ATT_T016_000438_1,CALL_T016_000438,1,ANCHOR_SEARCH,2011-05-11 17:30:00,E0018,CAL_011525,1,-1297.26316373625,3862.49063079919,FLAT_START,CONVERGED_INFEASIBLE,CONVERGED,PASSED,0.935369336165167,18,1.05004424173622,30,2.75335310107039e-14,4.87498930112906e-13,25,27,0.1605
ATT_T016_000439_1,CALL_T016_000439,1,ANCHOR_SEARCH,2011-05-11 17:30:00,E0018,CAL_011525,2,-1297.76090412106,3861.62330473056,FLAT_START,CONVERGED_INFEASIBLE,CONVERGED,PASSED,0.935332183894027,18,1.0500138432287,30,2.73114864057789e-14,4.88498130835069e-13,25,27,0.1393
ATT_T016_000440_1,CALL_T016_000440,1,ANCHOR_SEARCH,2011-05-11 17:30:00,E0018,CAL_011525,4,-1298.75638489067,3859.88865259329,FLAT_START,CONVERGED_FEASIBLE,CONVERGED,PASSED,0.935257868584768,18,1.04995303925948,30,2.79776202205539e-14,4.89164264649844e-13,25,27,0.136
ATT_T016_000441_1,CALL_T016_000441,1,ANCHOR_SEARCH,2011-05-11 17:30:00,E0018,CAL_011525,8,-1300.74734642989,3856.41934831875,FLAT_START,CONVERGED_FEASIBLE,CONVERGED,PASSED,0.935109194872481,18,1.04983140349042,30,2.77555756156289e-14,4.92050844513869e-13,25,27,0.1374
ATT_T016_000442_1,CALL_T016_000442,1,ANCHOR_SEARCH,2011-05-11 17:30:00,E0018,CAL_011525,6,-1299.75186566028,3858.15400045602,FLAT_START,CONVERGED_FEASIBLE,CONVERGED,PASSED,0.935183538913383,18,1.04989222601471,30,2.77555756156289e-14,4.90607554581857e-13,25,27,0.1371
ATT_T016_000443_1,CALL_T016_000443,1,ANCHOR_SEARCH,2011-05-11 17:30:00,E0018,CAL_011525,7,-1300.24960604508,3857.28667438738,FLAT_START,CONVERGED_FEASIBLE,CONVERGED,PASSED,0.935146368689584,18,1.04986181591275,30,2.77555756156289e-14,4.91273688396632e-13,25,27,0.1355
ATT_T016_000444_1,CALL_T016_000444,1,ANCHOR_SEARCH,2011-05-11 17:30:00,E0018,CAL_011525,7.5,-1300.49847623748,3856.85301135306,FLAT_START,CONVERGED_FEASIBLE,CONVERGED,PASSED,0.935127782230253,18,1.04984660999166,30,2.79776202205539e-14,4.91495733001557e-13,25,27,0.1566
ATT_T016_000445_1,CALL_T016_000445,1,ANCHOR_SEARCH,2011-05-11 17:30:00,E0018,CAL_011525,7.25,-1300.37404114128,3857.06984287022,FLAT_START,CONVERGED_FEASIBLE,CONVERGED,PASSED,0.935137075572217,18,1.04985421302472,30,2.79776202205539e-14,4.91828799908944e-13,25,27,0.1396
ATT_T016_000446_1,CALL_T016_000446,1,EDGE_CANDIDATE_SCREEN,2011-05-11 17:30:00,E0018,CAL_011520,7.5,-1053.79052876371,3715.27245341696,FLAT_START,CONVERGED_FEASIBLE,CONVERGED,PASSED,0.946436040928134,18,1.04979383668733,30,1.48769885299771e-14,6.43152198165353e-13,24,27,0.1357
ATT_T016_000447_1,CALL_T016_000447,1,EDGE_CANDIDATE_SCREEN,2011-05-11 17:30:00,E0018,CAL_011521,7.5,-1099.77666114242,3741.66293798047,FLAT_START,CONVERGED_FEASIBLE,CONVERGED,PASSED,0.944359691025859,18,1.04981377253157,30,1.66533453693773e-14,2.50910403565285e-13,25,27,0.1353
ATT_T016_000448_1,CALL_T016_000448,1,EDGE_CANDIDATE_SCREEN,2011-05-11 17:30:00,E0018,CAL_011522,7.5,-1147.34610019934,3768.9620493036,FLAT_START,CONVERGED_FEASIBLE,CONVERGED,PASSED,0.942196945284398,18,1.04982959956526,30,1.88737914186277e-14,2.92987856198579e-13,25,27,0.1458
ATT_T016_000449_1,CALL_T016_000449,1,EDGE_CANDIDATE_SCREEN,2011-05-11 17:30:00,E0018,CAL_011523,7.5,-1196.58967976588,3797.22191503226,FLAT_START,CONVERGED_FEASIBLE,CONVERGED,PASSED,0.939941840627559,18,1.0498407742107,30,2.1316282072803e-14,3.44280159936261e-13,25,27,0.1341
ATT_T016_000450_1,CALL_T016_000450,1,EDGE_CANDIDATE_SCREEN,2011-05-11 17:30:00,E0018,CAL_011524,7.5,-1247.60527055986,3826.49870113506,FLAT_START,CONVERGED_FEASIBLE,CONVERGED,PASSED,0.937587844206593,18,1.0498466788054,30,2.39808173319034e-14,4.0956127378422e-13,25,27,0.1338
ATT_T016_000451_1,CALL_T016_000451,1,EDGE_CANDIDATE_SCREEN,2011-05-11 17:30:00,E0018,CAL_011526,7.5,-1355.38341371591,3888.35033501066,FLAT_START,CONVERGED_FEASIBLE,CONVERGED,PASSED,0.932553757616125,18,1.04983976497341,30,3.26405569239796e-14,5.97077942643409e-13,25,27,0.1581
ATT_T016_000452_1,CALL_T016_000452,1,EDGE_CANDIDATE_SCREEN,2011-05-11 17:30:00,E0018,CAL_011527,7.5,-1412.3835899149,3921.06155015937,FLAT_START,CONVERGED_FEASIBLE,CONVERGED,PASSED,0.929857054311099,18,1.04982522518144,30,3.84137166520304e-14,7.32969240857528e-13,25,27,0.1351
ATT_T016_000453_1,CALL_T016_000453,1,EDGE_CANDIDATE_SCREEN,2011-05-11 17:30:00,E0018,CAL_011528,7.5,-1471.63288910993,3955.06349019921,FLAT_START,CONVERGED_FEASIBLE,CONVERGED,PASSED,0.927028025630239,18,1.04980193677318,30,1.77635683940025e-14,1.0073053502424e-12,25,28,0.1353
ATT_T016_000454_1,CALL_T016_000454,1,LOCAL_REENTRY_STENCIL,2011-05-11 17:30:00,E0018,CAL_011525,7.75,-1300.62291133369,3856.63617983591,FLAT_START,CONVERGED_FEASIBLE,CONVERGED,PASSED,0.93511848866368,18,1.04983900681356,30,2.77555756156289e-14,4.91828799908944e-13,25,27,0.1351
ATT_T016_000455_1,CALL_T016_000455,1,LOCAL_REENTRY_STENCIL,2011-05-11 17:30:00,E0018,CAL_011525,7.25,-1300.37404114128,3857.06984287022,FLAT_START,CONVERGED_FEASIBLE,CONVERGED,PASSED,0.935137075572217,18,1.04985421302472,30,2.79776202205539e-14,4.91828799908944e-13,25,27,0.1328
ATT_T016_000456_1,CALL_T016_000456,1,ANCHOR_SEARCH,2011-05-11 17:30:00,E0019,CAL_011530,0,-1529.54363463268,3996.94452902377,FLAT_START,CONVERGED_FEASIBLE,CONVERGED,PASSED,0.924342454230271,18,1.04999820006775,30,2.16493489801906e-14,1.25177646026486e-12,25,28,0.1407
ATT_T016_000457_1,CALL_T016_000457,1,ANCHOR_SEARCH,2011-05-11 17:30:00,E0019,CAL_011530,0.5,-1529.08432119404,3996.74696595768,FLAT_START,CONVERGED_INFEASIBLE,CONVERGED,PASSED,0.924365499687332,18,1.05000021376058,30,2.18713935851156e-14,1.24966703651808e-12,25,28,0.1613
ATT_T016_000458_1,CALL_T016_000458,1,ANCHOR_SEARCH,2011-05-11 17:30:00,E0019,CAL_011530,1,-1528.6250077554,3996.54940289159,FLAT_START,CONVERGED_INFEASIBLE,CONVERGED,PASSED,0.924388543439464,18,1.05000222694274,30,2.16493489801906e-14,1.24777965737621e-12,25,28,0.1402
ATT_T016_000459_1,CALL_T016_000459,1,ANCHOR_SEARCH,2011-05-11 17:30:00,E0019,CAL_011530,2,-1527.70638087811,3996.15427675941,FLAT_START,CONVERGED_INFEASIBLE,CONVERGED,PASSED,0.924434625830234,18,1.05000625177536,30,2.14273043752655e-14,1.24333876527771e-12,25,28,0.1382
ATT_T016_000460_1,CALL_T016_000460,1,ANCHOR_SEARCH,2011-05-11 17:30:00,E0019,CAL_011530,4,-1525.86912712354,3995.36402449505,FLAT_START,CONVERGED_INFEASIBLE,CONVERGED,PASSED,0.924526770166805,18,1.05001429531631,30,2.14273043752655e-14,1.2347900479881e-12,25,28,0.1385
ATT_T016_000461_1,CALL_T016_000461,1,ANCHOR_SEARCH,2011-05-11 17:30:00,E0019,CAL_011530,8,-1522.1946196144,3993.78351996634,FLAT_START,CONVERGED_INFEASIBLE,CONVERGED,PASSED,0.924710977132073,18,1.05003035792068,30,2.1094237467878e-14,1.21802568031626e-12,25,28,0.1374
ATT_T016_000462_1,CALL_T016_000462,1,ANCHOR_SEARCH,2011-05-11 17:30:00,E0019,CAL_011530,16,-1514.84560459613,3990.62251090891,FLAT_START,CONVERGED_INFEASIBLE,CONVERGED,PASSED,0.925079064805796,18,1.05006238537612,30,2.07611705604904e-14,1.18483001187997e-12,25,28,0.1359
ATT_T016_000463_1,CALL_T016_000463,1,ANCHOR_SEARCH,2011-05-11 17:30:00,E0019,CAL_011530,32,-1500.14757455958,3984.30049279405,FLAT_START,CONVERGED_INFEASIBLE,CONVERGED,PASSED,0.925813939701411,18,1.05012605052214,30,1.96509475358653e-14,1.12199138868618e-12,25,28,0.1378
ATT_T016_000464_1,CALL_T016_000464,1,ANCHOR_SEARCH,2011-05-11 17:30:00,E0019,CAL_011530,64,-1470.75151448647,3971.65645656432,FLAT_START,CONVERGED_INFEASIBLE,CONVERGED,PASSED,0.927278523941463,18,1.05025183164593,30,1.79856129989275e-14,1.00652819412517e-12,25,28,0.1582
ATT_T016_000465_1,CALL_T016_000465,1,ANCHOR_SEARCH,2011-05-11 17:30:00,E0019,CAL_011530,128,-1411.95939434027,3946.36838410488,FLAT_START,CONVERGED_INFEASIBLE,CONVERGED,PASSED,0.930187314828984,18,1.05049727485297,30,3.94129173741931e-14,7.35522753814166e-13,25,27,0.1382
ATT_T016_000466_1,CALL_T016_000466,1,ANCHOR_SEARCH,2011-05-11 17:30:00,E0019,CAL_011530,256,-1294.37515404786,3895.79223918599,FLAT_START,CONVERGED_INFEASIBLE,CONVERGED,PASSED,0.935925579804339,18,1.050964283212,30,2.8421709430404e-14,4.87609952415369e-13,25,27,0.1361
ATT_T016_000467_1,CALL_T016_000467,1,ANCHOR_SEARCH,2011-05-11 17:30:00,E0019,CAL_011530,512,-1059.20667346304,3794.63994934821,FLAT_START,CONVERGED_INFEASIBLE,CONVERGED,PASSED,0.947101165038612,18,1.05180723476434,30,1.64313007644523e-14,2.3037127760972e-13,25,27,0.1436
ATT_T016_000468_1,CALL_T016_000468,1,ANCHOR_SEARCH,2011-05-11 17:30:00,E0019,CAL_011530,1024,-588.869712293396,3592.33536967264,FLAT_START,CONVERGED_INFEASIBLE,CONVERGED,PASSED,0.968362401258444,18,1.05315984037047,30,2.45047625216929e-14,2.91100477056716e-13,24,26,0.1364
ATT_T016_000469_1,CALL_T016_000469,1,ANCHOR_SEARCH,2011-05-11 17:30:00,E0019,CAL_011530,2048,351.804210045888,3187.72621032151,FLAT_START,CONVERGED_INFEASIBLE,CONVERGED,PASSED,0.994499608305945,25,1.05472422361342,30,1.17683640610267e-14,1.44106948596345e-13,24,26,0.1318
ATT_T016_000470_1,CALL_T016_000470,1,ANCHOR_SEARCH,2011-05-11 17:30:00,E0020,CAL_011561,0,-1688.46096619059,2809.22729492257,FLAT_START,CONVERGED_FEASIBLE,CONVERGED,PASSED,0.90000891793576,18,1.01495286550917,30,2.1094237467878e-14,1.08724140801542e-12,26,29,0.168
ATT_T016_000471_1,CALL_T016_000471,1,ANCHOR_SEARCH,2011-05-11 17:30:00,E0020,CAL_011561,0.5,-1687.97347649091,2809.3384425393,FLAT_START,CONVERGED_FEASIBLE,CONVERGED,PASSED,0.900038942920314,18,1.01496431333423,30,2.12052597703405e-14,1.08524300657109e-12,26,29,0.1446
ATT_T016_000472_1,CALL_T016_000472,1,ANCHOR_SEARCH,2011-05-11 17:30:00,E0020,CAL_011561,1,-1687.48598679123,2809.44959015602,FLAT_START,CONVERGED_FEASIBLE,CONVERGED,PASSED,0.90006896528115,18,1.01497576029727,30,2.1094237467878e-14,1.0822454044046e-12,26,29,0.1422
ATT_T016_000473_1,CALL_T016_000473,1,ANCHOR_SEARCH,2011-05-11 17:30:00,E0020,CAL_011561,2,-1686.51100739186,2809.67188538947,FLAT_START,CONVERGED_FEASIBLE,CONVERGED,PASSED,0.900129002134203,18,1.01499865163807,30,2.1094237467878e-14,1.07747144539871e-12,26,29,0.1474
ATT_T016_000474_1,CALL_T016_000474,1,ANCHOR_SEARCH,2011-05-11 17:30:00,E0020,CAL_011561,4,-1684.56104859313,2810.11647585638,FLAT_START,CONVERGED_FEASIBLE,CONVERGED,PASSED,0.900249044383614,18,1.01504442398402,30,2.06501482580279e-14,1.0680345496894e-12,26,29,0.1432
ATT_T016_000475_1,CALL_T016_000475,1,ANCHOR_SEARCH,2011-05-11 17:30:00,E0020,CAL_011561,3,-1685.5360279925,2809.89418062292,FLAT_START,CONVERGED_FEASIBLE,CONVERGED,PASSED,0.900189028499999,18,1.01502153953313,30,2.08721928629529e-14,1.0724754417879e-12,26,29,0.1414
ATT_T016_000476_1,CALL_T016_000476,1,ANCHOR_SEARCH,2011-05-11 17:30:00,E0020,CAL_011561,2.5,-1686.02351769218,2809.7830330062,FLAT_START,CONVERGED_FEASIBLE,CONVERGED,PASSED,0.90015901662769,18,1.01501009601622,30,2.09832151654155e-14,1.07491793244208e-12,26,29,0.1415
ATT_T016_000477_1,CALL_T016_000477,1,ANCHOR_SEARCH,2011-05-11 17:30:00,E0020,CAL_011561,2.25,-1686.26726254202,2809.72745919784,FLAT_START,CONVERGED_FEASIBLE,CONVERGED,PASSED,0.900144009708633,18,1.01500437393481,30,2.08721928629529e-14,1.07636122237409e-12,26,29,0.1649
ATT_T016_000478_1,CALL_T016_000478,1,EDGE_CANDIDATE_SCREEN,2011-05-11 17:30:00,E0020,CAL_011552,2.5,-1794.52570468031,3285.66996704793,FLAT_START,CONVERGED_FEASIBLE,CONVERGED,PASSED,0.900167946882225,18,1.02651413597068,30,3.13082892944294e-14,5.60440582830779e-13,27,29,0.1411
ATT_T016_000479_1,CALL_T016_000479,1,EDGE_CANDIDATE_SCREEN,2011-05-11 17:30:00,E0020,CAL_011553,2.5,-1781.40248209766,3228.11195524226,FLAT_START,CONVERGED_FEASIBLE,CONVERGED,PASSED,0.900178075531957,18,1.02514253023792,30,2.98649993624167e-14,5.34572386357013e-13,27,29,0.1428
ATT_T016_000480_1,CALL_T016_000480,1,EDGE_CANDIDATE_SCREEN,2011-05-11 17:30:00,E0020,CAL_011554,2.5,-1768.57107589169,3171.83384022628,FLAT_START,CONVERGED_FEASIBLE,CONVERGED,PASSED,0.900185029444343,18,1.02379624968027,30,2.85327317328665e-14,1.42896805499504e-12,26,29,0.1387
ATT_T016_000481_1,CALL_T016_000481,1,EDGE_CANDIDATE_SCREEN,2011-05-11 17:30:00,E0020,CAL_011555,2.5,-1756.01996899488,3116.78510853015,FLAT_START,CONVERGED_FEASIBLE,CONVERGED,PASSED,0.900188995727995,18,1.02247438791357,30,2.72004641033163e-14,1.36790578864066e-12,26,29,0.1401
ATT_T016_000482_1,CALL_T016_000482,1,EDGE_CANDIDATE_SCREEN,2011-05-11 17:30:00,E0020,CAL_011556,2.5,-1743.7382256655,3062.91779635935,FLAT_START,CONVERGED_FEASIBLE,CONVERGED,PASSED,0.900190148516429,18,1.02117607918384,30,2.59792187762287e-14,1.31039623596507e-12,26,29,0.1386
ATT_T016_000483_1,CALL_T016_000483,1,EDGE_CANDIDATE_SCREEN,2011-05-11 17:30:00,E0020,CAL_011557,2.5,-1731.71545492501,3010.18632923227,FLAT_START,CONVERGED_FEASIBLE,CONVERGED,PASSED,0.90018864997913,18,1.01990049606295,30,2.48689957516035e-14,1.25743859769045e-12,26,29,0.1616
ATT_T016_000484_1,CALL_T016_000484,1,EDGE_CANDIDATE_SCREEN,2011-05-11 17:30:00,E0020,CAL_011558,2.5,-1719.94177671446,2958.54737354352,FLAT_START,CONVERGED_FEASIBLE,CONVERGED,PASSED,0.900184651243041,18,1.01864684729873,30,2.37587727269783e-14,1.20736753927986e-12,26,29,0.1413
ATT_T016_000485_1,CALL_T016_000485,1,EDGE_CANDIDATE_SCREEN,2011-05-11 17:30:00,E0020,CAL_011559,2.5,-1708.40779053684,2907.95969903016,FLAT_START,CONVERGED_FEASIBLE,CONVERGED,PASSED,0.900178293233364,18,1.01741437580741,30,2.26485497023532e-14,1.16051612764068e-12,26,29,0.1396
ATT_T016_000486_1,CALL_T016_000486,1,EDGE_CANDIDATE_SCREEN,2011-05-11 17:30:00,E0020,CAL_011560,2.5,-1697.10454637464,2858.38405121706,FLAT_START,CONVERGED_FEASIBLE,CONVERGED,PASSED,0.90016970744157,18,1.01620235679769,30,2.16493489801906e-14,1.11655129586552e-12,26,29,0.1454
ATT_T016_000487_1,CALL_T016_000487,1,LOCAL_REENTRY_STENCIL,2011-05-11 17:30:00,E0020,CAL_011561,2.75,-1685.77977284234,2809.83860681456,FLAT_START,CONVERGED_FEASIBLE,CONVERGED,PASSED,0.900174022891452,18,1.01501581788232,30,2.08721928629529e-14,1.07402975402238e-12,26,29,0.1429
ATT_T016_000488_1,CALL_T016_000488,1,LOCAL_REENTRY_STENCIL,2011-05-11 17:30:00,E0020,CAL_011561,2.25,-1686.26726254202,2809.72745919784,FLAT_START,CONVERGED_FEASIBLE,CONVERGED,PASSED,0.900144009708633,18,1.01500437393481,30,2.08721928629529e-14,1.07636122237409e-12,26,29,0.1399
ATT_T016_000489_1,CALL_T016_000489,1,ANCHOR_SEARCH,2011-05-11 17:30:00,E0021,CAL_011572,0,-1584.14757280108,2366.96486289458,FLAT_START,CONVERGED_FEASIBLE,CONVERGED,PASSED,0.900009056746346,18,1.00397181481399,30,3.71924713249427e-14,6.8889338677991e-13,26,28,0.1652
ATT_T016_000490_1,CALL_T016_000490,1,ANCHOR_SEARCH,2011-05-11 17:30:00,E0021,CAL_011572,0.5,-1583.66092602252,2367.07964491805,FLAT_START,CONVERGED_FEASIBLE,CONVERGED,PASSED,0.900038918259265,18,1.00398346256751,30,3.70814490224802e-14,6.87117029940509e-13,26,28,0.1441
ATT_T016_000491_1,CALL_T016_000491,1,ANCHOR_SEARCH,2011-05-11 17:30:00,E0021,CAL_011572,1,-1583.17427924395,2367.19442694153,FLAT_START,CONVERGED_FEASIBLE,CONVERGED,PASSED,0.900068777196087,18,1.00399510945718,30,3.66373598126302e-14,6.85784762310959e-13,26,28,0.1407
ATT_T016_000492_1,CALL_T016_000492,1,ANCHOR_SEARCH,2011-05-11 17:30:00,E0021,CAL_011572,2,-1582.20098568682,2367.42399098847,FLAT_START,CONVERGED_FEASIBLE,CONVERGED,PASSED,0.900128487343898,18,1.00401840064577,30,3.65263375101677e-14,6.82232048632159e-13,26,28,0.1508
ATT_T016_000493_1,CALL_T016_000493,1,ANCHOR_SEARCH,2011-05-11 17:30:00,E0021,CAL_011572,4,-1580.25439857256,2367.88311908236,FLAT_START,CONVERGED_FEASIBLE,CONVERGED,PASSED,0.90024787675341,18,1.00406497266529,30,3.63042929052426e-14,6.76236844299183e-13,26,28,0.142
ATT_T016_000494_1,CALL_T016_000494,1,ANCHOR_SEARCH,2011-05-11 17:30:00,E0021,CAL_011572,3,-1581.22769212969,2367.65355503542,FLAT_START,CONVERGED_FEASIBLE,CONVERGED,PASSED,0.9001881871947,18,1.00404168838129,30,3.65263375101677e-14,6.79678535675521e-13,26,28,0.1398
ATT_T016_000495_1,CALL_T016_000495,1,ANCHOR_SEARCH,2011-05-11 17:30:00,E0021,CAL_011572,2.5,-1581.71433890826,2367.53877301194,FLAT_START,CONVERGED_FEASIBLE,CONVERGED,PASSED,0.900158338556118,18,1.00403004494507,30,3.64153152077051e-14,6.80788758700146e-13,26,28,0.1393
ATT_T016_000496_1,CALL_T016_000496,1,ANCHOR_SEARCH,2011-05-11 17:30:00,E0021,CAL_011572,2.25,-1581.95766229754,2367.48138200021,FLAT_START,CONVERGED_FEASIBLE,CONVERGED,PASSED,0.900143413271751,18,1.00402422290332,30,3.66373598126302e-14,6.81343870212459e-13,26,28,0.1636
ATT_T016_000497_1,CALL_T016_000497,1,EDGE_CANDIDATE_SCREEN,2011-05-11 17:30:00,E0021,CAL_011563,2.5,-1674.69682888584,2761.76103745253,FLAT_START,CONVERGED_FEASIBLE,CONVERGED,PASSED,0.900168297955588,18,1.01383447110974,30,2.02060590481778e-14,1.03406172513587e-12,26,29,0.1415
ATT_T016_000498_1,CALL_T016_000498,1,EDGE_CANDIDATE_SCREEN,2011-05-11 17:30:00,E0021,CAL_011564,2.5,-1663.58547970613,2714.65172433702,FLAT_START,CONVERGED_FEASIBLE,CONVERGED,PASSED,0.900175210051102,18,1.01267731298552,30,1.93178806284777e-14,9.95314941576453e-13,26,29,0.1391
ATT_T016_000499_1,CALL_T016_000499,1,EDGE_CANDIDATE_SCREEN,2011-05-11 17:30:00,E0021,CAL_011565,2.5,-1652.68572051506,2668.43949931276,FLAT_START,CONVERGED_FEASIBLE,CONVERGED,PASSED,0.900179874800469,18,1.01153843426414,30,1.84297022087776e-14,9.5901064867121e-13,26,29,0.1398
ATT_T016_000500_1,CALL_T016_000500,1,EDGE_CANDIDATE_SCREEN,2011-05-11 17:30:00,E0021,CAL_011566,2.5,-1641.98995079808,2623.09213811839,FLAT_START,CONVERGED_FEASIBLE,CONVERGED,PASSED,0.900182406182738,18,1.01041722798879,30,1.77635683940025e-14,9.24704757210293e-13,26,29,0.1411
ATT_T016_000501_1,CALL_T016_000501,1,EDGE_CANDIDATE_SCREEN,2011-05-11 17:30:00,E0021,CAL_011567,2.5,-1631.49091290645,2578.57887015704,FLAT_START,CONVERGED_FEASIBLE,CONVERGED,PASSED,0.900182911055068,18,1.0093131116128,30,4.36317648677687e-14,8.03579425223688e-13,26,28,0.1361
ATT_T016_000502_1,CALL_T016_000502,1,EDGE_CANDIDATE_SCREEN,2011-05-11 17:30:00,E0021,CAL_011568,2.5,-1621.18167260733,2534.87029603343,FLAT_START,CONVERGED_FEASIBLE,CONVERGED,PASSED,0.900181489648631,18,1.00822552573678,30,4.20774526332934e-14,7.76489983422834e-13,26,28,0.1594
ATT_T016_000503_1,CALL_T016_000503,1,EDGE_CANDIDATE_SCREEN,2011-05-11 17:30:00,E0021,CAL_011569,2.5,-1611.05560093643,2491.93831061391,FLAT_START,CONVERGED_FEASIBLE,CONVERGED,PASSED,0.900178236025875,18,1.00715393292276,30,4.05231403988182e-14,7.50843831553993e-13,26,28,0.1392
ATT_T016_000504_1,CALL_T016_000504,1,EDGE_CANDIDATE_SCREEN,2011-05-11 17:30:00,E0021,CAL_011570,2.5,-1601.10635725257,2449.75603118185,FLAT_START,CONVERGED_FEASIBLE,CONVERGED,PASSED,0.900173238500863,18,1.00609781657945,30,3.90798504668055e-14,7.26307902709777e-13,26,28,0.1379
ATT_T016_000505_1,CALL_T016_000505,1,EDGE_CANDIDATE_SCREEN,2011-05-11 17:30:00,E0021,CAL_011571,2.5,-1591.32787340196,2408.29773029837,FLAT_START,CONVERGED_FEASIBLE,CONVERGED,PASSED,0.900166580027236,18,1.00505667991391,30,3.77475828372553e-14,7.02993219192649e-13,26,28,0.137
ATT_T016_000506_1,CALL_T016_000506,1,LOCAL_REENTRY_STENCIL,2011-05-11 17:30:00,E0021,CAL_011572,2.75,-1581.47101551897,2367.59616402368,FLAT_START,CONVERGED_FEASIBLE,CONVERGED,PASSED,0.900173263197075,18,1.00403586677105,30,3.65263375101677e-14,6.80455691792758e-13,26,28,0.1385
ATT_T016_000507_1,CALL_T016_000507,1,LOCAL_REENTRY_STENCIL,2011-05-11 17:30:00,E0021,CAL_011572,2.25,-1581.95766229754,2367.48138200021,FLAT_START,CONVERGED_FEASIBLE,CONVERGED,PASSED,0.900143413271751,18,1.00402422290332,30,3.66373598126302e-14,6.81343870212459e-13,26,28,0.1377
ATT_T016_000508_1,CALL_T016_000508,1,ANCHOR_SEARCH,2011-05-11 17:30:00,E0022,CAL_011582,0,-1501.39923530179,2026.50212498356,FLAT_START,CONVERGED_FEASIBLE,CONVERGED,PASSED,0.900015408642574,18,1,1,2.76445533131664e-14,5.24913446042774e-13,26,28,0.1426
ATT_T016_000509_1,CALL_T016_000509,1,ANCHOR_SEARCH,2011-05-11 17:30:00,E0022,CAL_011582,0.5,-1500.91337957599,2026.6202106038,FLAT_START,CONVERGED_FEASIBLE,CONVERGED,PASSED,0.90004514551669,18,1,1,2.75335310107039e-14,5.23692200715686e-13,26,28,0.1436
ATT_T016_000510_1,CALL_T016_000510,1,ANCHOR_SEARCH,2011-05-11 17:30:00,E0022,CAL_011582,1,-1500.42752385019,2026.73829622404,FLAT_START,CONVERGED_FEASIBLE,CONVERGED,PASSED,0.900074879851195,18,1,1,2.73114864057789e-14,5.22248910783674e-13,26,28,0.1395
ATT_T016_000511_1,CALL_T016_000511,1,ANCHOR_SEARCH,2011-05-11 17:30:00,E0022,CAL_011582,2,-1499.45581239859,2026.97446746452,FLAT_START,CONVERGED_FEASIBLE,CONVERGED,PASSED,0.900134340903766,18,1,1,2.74225087082414e-14,5.19806420129498e-13,26,28,0.1413
ATT_T016_000512_1,CALL_T016_000512,1,ANCHOR_SEARCH,2011-05-11 17:30:00,E0022,CAL_011582,4,-1497.51238949539,2027.44680994547,FLAT_START,CONVERGED_FEASIBLE,CONVERGED,PASSED,0.900253232559958,18,1,1,2.72004641033163e-14,5.14921438821148e-13,26,28,0.1508
ATT_T016_000513_1,CALL_T016_000513,1,ANCHOR_SEARCH,2011-05-11 17:30:00,E0022,CAL_011582,3,-1498.48410094699,2027.21063870499,FLAT_START,CONVERGED_FEASIBLE,CONVERGED,PASSED,0.900193791805089,18,1,1,2.73114864057789e-14,5.17141884870398e-13,26,28,0.1418
ATT_T016_000514_1,CALL_T016_000514,1,ANCHOR_SEARCH,2011-05-11 17:30:00,E0022,CAL_011582,2.5,-1498.96995667279,2027.09255308475,FLAT_START,CONVERGED_FEASIBLE,CONVERGED,PASSED,0.900164067623034,18,1,1,2.72004641033163e-14,5.18696197104873e-13,26,28,0.1418
ATT_T016_000515_1,CALL_T016_000515,1,ANCHOR_SEARCH,2011-05-11 17:30:00,E0022,CAL_011582,2.25,-1499.21288453569,2027.03351027464,FLAT_START,CONVERGED_FEASIBLE,CONVERGED,PASSED,0.90014920458059,18,1,1,2.73114864057789e-14,5.18918241709798e-13,26,28,0.1603
ATT_T016_000516_1,CALL_T016_000516,1,EDGE_CANDIDATE_SCREEN,2011-05-11 17:30:00,E0022,CAL_011574,2.5,-1571.9215377767,2327.24716389826,FLAT_START,CONVERGED_FEASIBLE,CONVERGED,PASSED,0.900165328368237,18,1.0030171105483,30,3.51940698806175e-14,6.58584298207643e-13,26,28,0.1414
ATT_T016_000517_1,CALL_T016_000517,1,EDGE_CANDIDATE_SCREEN,2011-05-11 17:30:00,E0022,CAL_011575,2.5,-1562.28736978843,2287.60799639465,FLAT_START,CONVERGED_FEASIBLE,CONVERGED,PASSED,0.90017056370941,18,1.00201764848578,30,3.40838468559923e-14,6.3815619455454e-13,26,28,0.139
ATT_T016_000518_1,CALL_T016_000518,1,EDGE_CANDIDATE_SCREEN,2011-05-11 17:30:00,E0022,CAL_011576,2.5,-1552.81034448783,2248.61538242076,FLAT_START,CONVERGED_FEASIBLE,CONVERGED,PASSED,0.900174122213057,18,1.00103163613451,30,3.30846461338297e-14,6.18505247018675e-13,26,28,0.1379
ATT_T016_000519_1,CALL_T016_000519,1,EDGE_CANDIDATE_SCREEN,2011-05-11 17:30:00,E0022,CAL_011577,2.5,-1543.48523948139,2210.24783477273,FLAT_START,CONVERGED_FEASIBLE,CONVERGED,PASSED,0.900176076829548,18,1.00005865122833,30,3.2085445411667e-14,5.9974247790251e-13,26,28,0.138
ATT_T016_000520_1,CALL_T016_000520,1,EDGE_CANDIDATE_SCREEN,2011-05-11 17:30:00,E0022,CAL_011578,2.5,-1534.30704403791,2172.4847371178,FLAT_START,CONVERGED_FEASIBLE,CONVERGED,PASSED,0.900176496347348,18,1,1,3.06421554796543e-14,5.81978909508507e-13,26,28,0.1383
ATT_T016_000521_1,CALL_T016_000521,1,EDGE_CANDIDATE_SCREEN,2011-05-11 17:30:00,E0022,CAL_011579,2.5,-1525.2709481414,2135.30629895306,FLAT_START,CONVERGED_FEASIBLE,CONVERGED,PASSED,0.900175445653825,18,1,1,2.99760216648792e-14,5.64992497231742e-13,26,28,0.1363
ATT_T016_000522_1,CALL_T016_000522,1,EDGE_CANDIDATE_SCREEN,2011-05-11 17:30:00,E0022,CAL_011580,2.5,-1516.37233220935,2098.693513302,FLAT_START,CONVERGED_FEASIBLE,CONVERGED,PASSED,0.900172985977181,18,1,1,2.89768209427166e-14,5.48672218769752e-13,26,28,0.1401
ATT_T016_000523_1,CALL_T016_000523,1,EDGE_CANDIDATE_SCREEN,2011-05-11 17:30:00,E0022,CAL_011581,2.5,-1507.60675742964,2062.62811695627,FLAT_START,CONVERGED_FEASIBLE,CONVERGED,PASSED,0.900169175111031,18,1,1,2.79776202205539e-14,5.33462163332388e-13,26,28,0.1387
ATT_T016_000524_1,CALL_T016_000524,1,LOCAL_REENTRY_STENCIL,2011-05-11 17:30:00,E0022,CAL_011582,2.75,-1498.72702880989,2027.15159589487,FLAT_START,CONVERGED_FEASIBLE,CONVERGED,PASSED,0.900178930031176,18,1,1,2.72004641033163e-14,5.18252107895023e-13,26,28,0.1555
ATT_T016_000525_1,CALL_T016_000525,1,LOCAL_REENTRY_STENCIL,2011-05-11 17:30:00,E0022,CAL_011582,2.25,-1499.21288453569,2027.03351027464,FLAT_START,CONVERGED_FEASIBLE,CONVERGED,PASSED,0.90014920458059,18,1,1,2.73114864057789e-14,5.18918241709798e-13,26,28,0.1405
ATT_T016_000526_1,CALL_T016_000526,1,ANCHOR_SEARCH,2011-05-11 17:30:00,E0023,CAL_011584,0,-1492.88710456879,1991.47950794514,FLAT_START,CONVERGED_FEASIBLE,CONVERGED,PASSED,0.900009116963172,18,1,1,2.68673971959288e-14,5.10591569025109e-13,26,28,0.1454
ATT_T016_000527_1,CALL_T016_000527,1,ANCHOR_SEARCH,2011-05-11 17:30:00,E0023,CAL_011584,0.5,-1492.40196853861,1991.60051634247,FLAT_START,CONVERGED_FEASIBLE,CONVERGED,PASSED,0.900038841694327,18,1,1,2.67563748934663e-14,5.09370323698022e-13,26,28,0.1424
ATT_T016_000528_1,CALL_T016_000528,1,ANCHOR_SEARCH,2011-05-11 17:30:00,E0023,CAL_011584,1,-1491.91683250844,1991.7215247398,FLAT_START,CONVERGED_FEASIBLE,CONVERGED,PASSED,0.900068563891315,18,1,1,2.67563748934663e-14,5.08482145278322e-13,26,28,0.1606
ATT_T016_000529_1,CALL_T016_000529,1,ANCHOR_SEARCH,2011-05-11 17:30:00,E0023,CAL_011584,2,-1490.94656044808,1991.96354153447,FLAT_START,CONVERGED_FEASIBLE,CONVERGED,PASSED,0.900128000685184,18,1,1,2.64233079860787e-14,5.05817610019221e-13,26,28,0.1402
ATT_T016_000530_1,CALL_T016_000530,1,ANCHOR_SEARCH,2011-05-11 17:30:00,E0023,CAL_011584,4,-1489.00601632738,1992.44757512379,FLAT_START,CONVERGED_FEASIBLE,CONVERGED,PASSED,0.900246843889219,18,1,1,2.64233079860787e-14,5.01043651013333e-13,26,28,0.1416
ATT_T016_000531_1,CALL_T016_000531,1,ANCHOR_SEARCH,2011-05-11 17:30:00,E0023,CAL_011584,3,-1489.97628838773,1992.20555832913,FLAT_START,CONVERGED_FEASIBLE,CONVERGED,PASSED,0.90018742734956,18,1,1,2.63122856836162e-14,5.03153074760121e-13,26,28,0.1516
ATT_T016_000532_1,CALL_T016_000532,1,ANCHOR_SEARCH,2011-05-11 17:30:00,E0023,CAL_011584,2.5,-1490.46142441791,1992.0845499318,FLAT_START,CONVERGED_FEASIBLE,CONVERGED,PASSED,0.90015771528326,18,1,1,2.65343302885412e-14,5.04596364692134e-13,26,28,0.1418
ATT_T016_000533_1,CALL_T016_000533,1,ANCHOR_SEARCH,2011-05-11 17:30:00,E0023,CAL_011584,2.25,-1490.703992433,1992.02404573313,FLAT_START,CONVERGED_FEASIBLE,CONVERGED,PASSED,0.900142858300731,18,1,1,2.65343302885412e-14,5.05151476204446e-13,26,28,0.1409
ATT_T016_000534_1,CALL_T016_000534,1,EDGE_CANDIDATE_SCREEN,2011-05-11 17:30:00,E0023,CAL_011585,2.5,-1481.81741981122,1957.42978074061,FLAT_START,CONVERGED_FEASIBLE,CONVERGED,PASSED,0.900162896666881,18,1,1,2.57571741713036e-14,4.90496532279394e-13,26,28,0.1603
ATT_T016_000535_1,CALL_T016_000535,1,EDGE_CANDIDATE_SCREEN,2011-05-11 17:30:00,E0023,CAL_011586,2.5,-1473.29586838728,1923.26593988392,FLAT_START,CONVERGED_FEASIBLE,CONVERGED,PASSED,0.900166725980983,18,1,1,2.4980018054066e-14,4.7750692289128e-13,26,28,0.1381
ATT_T016_000536_1,CALL_T016_000536,1,EDGE_CANDIDATE_SCREEN,2011-05-11 17:30:00,E0023,CAL_011587,2.5,-1464.89291558332,1889.57757399388,FLAT_START,CONVERGED_FEASIBLE,CONVERGED,PASSED,0.900169254200823,18,1,1,2.43138842392909e-14,4.64739358108091e-13,26,28,0.1425
ATT_T016_000537_1,CALL_T016_000537,1,EDGE_CANDIDATE_SCREEN,2011-05-11 17:30:00,E0023,CAL_011588,2.5,-1456.60484902719,1856.34979976044,FLAT_START,CONVERGED_FEASIBLE,CONVERGED,PASSED,0.900170529591233,18,1,1,2.33146835171283e-14,4.52193837929826e-13,26,28,0.138
ATT_T016_000538_1,CALL_T016_000538,1,EDGE_CANDIDATE_SCREEN,2011-05-11 17:30:00,E0023,CAL_011589,2.5,-1448.42809170259,1823.56827653021,FLAT_START,CONVERGED_FEASIBLE,CONVERGED,PASSED,0.900170597861331,18,1,1,2.28705943072782e-14,4.40536496171262e-13,26,28,0.1372
ATT_T016_000539_1,CALL_T016_000539,1,EDGE_CANDIDATE_SCREEN,2011-05-11 17:30:00,E0023,CAL_011590,2.5,-1440.35919549722,1791.21918044017,FLAT_START,CONVERGED_FEASIBLE,CONVERGED,PASSED,0.900169502308885,18,1,1,2.22044604925031e-14,1.23756560554966e-12,25,28,0.1343
ATT_T016_000540_1,CALL_T016_000540,1,EDGE_CANDIDATE_SCREEN,2011-05-11 17:30:00,E0023,CAL_011591,2.5,-1432.39483510879,1759.2891799861,FLAT_START,CONVERGED_FEASIBLE,CONVERGED,PASSED,0.900167283955081,18,1,1,2.1538326677728e-14,1.20770060618725e-12,25,28,0.1569
ATT_T016_000541_1,CALL_T016_000541,1,EDGE_CANDIDATE_SCREEN,2011-05-11 17:30:00,E0023,CAL_011592,2.5,-1424.53180228566,1727.76541293288,FLAT_START,CONVERGED_FEASIBLE,CONVERGED,PASSED,0.90016398167044,18,1,1,2.09832151654155e-14,1.17861276294207e-12,25,28,0.1374
ATT_T016_000542_1,CALL_T016_000542,1,EDGE_CANDIDATE_SCREEN,2011-05-11 17:30:00,E0023,CAL_011593,2.5,-1416.76700038081,1696.63546448057,FLAT_START,CONVERGED_FEASIBLE,CONVERGED,PASSED,0.900159632292484,18,1,1,2.05391259555654e-14,1.15085718732644e-12,25,28,0.1363
ATT_T016_000543_1,CALL_T016_000543,1,LOCAL_REENTRY_STENCIL,2011-05-11 17:30:00,E0023,CAL_011584,2.75,-1490.21885640282,1992.14505413046,FLAT_START,CONVERGED_FEASIBLE,CONVERGED,PASSED,0.900172571632844,18,1,1,2.64233079860787e-14,5.03597163969971e-13,26,28,0.1389
ATT_T016_000544_1,CALL_T016_000544,1,LOCAL_REENTRY_STENCIL,2011-05-11 17:30:00,E0023,CAL_011584,2.25,-1490.703992433,1992.02404573313,FLAT_START,CONVERGED_FEASIBLE,CONVERGED,PASSED,0.900142858300731,18,1,1,2.65343302885412e-14,5.05151476204446e-13,26,28,0.1369
ATT_T016_000545_1,CALL_T016_000545,1,ANCHOR_SEARCH,2011-05-11 17:30:00,E0024,CAL_011604,0,-1337.5017170002,1375.93212408077,FLAT_START,CONVERGED_FEASIBLE,CONVERGED,PASSED,0.900009289744859,18,1,1,1.55431223447522e-14,9.10049813285241e-13,25,28,0.1428
ATT_T016_000546_1,CALL_T016_000546,1,ANCHOR_SEARCH,2011-05-11 17:30:00,E0024,CAL_011604,0.5,-1337.01731628656,1376.05604320208,FLAT_START,CONVERGED_FEASIBLE,CONVERGED,PASSED,0.900038795105386,18,1,1,1.57651669496772e-14,9.07940389538453e-13,25,28,0.161
ATT_T016_000547_1,CALL_T016_000547,1,ANCHOR_SEARCH,2011-05-11 17:30:00,E0024,CAL_011604,1,-1336.53291557292,1376.17996232339,FLAT_START,CONVERGED_FEASIBLE,CONVERGED,PASSED,0.900068297993443,18,1,1,1.56541446472147e-14,9.05719943489203e-13,25,28,0.141
ATT_T016_000548_1,CALL_T016_000548,1,ANCHOR_SEARCH,2011-05-11 17:30:00,E0024,CAL_011604,2,-1335.56411414564,1376.427800566,FLAT_START,CONVERGED_FEASIBLE,CONVERGED,PASSED,0.900127296354437,18,1,1,1.55431223447522e-14,9.01501095995627e-13,25,28,0.1387
ATT_T016_000549_1,CALL_T016_000549,1,ANCHOR_SEARCH,2011-05-11 17:30:00,E0024,CAL_011604,4,-1333.62651129109,1376.92347705124,FLAT_START,CONVERGED_FEASIBLE,CONVERGED,PASSED,0.90024526343196,18,1,1,1.55431223447522e-14,8.93285445613401e-13,25,28,0.1377
ATT_T016_000550_1,CALL_T016_000550,1,ANCHOR_SEARCH,2011-05-11 17:30:00,E0024,CAL_011604,3,-1334.59531271836,1376.67563880862,FLAT_START,CONVERGED_FEASIBLE,CONVERGED,PASSED,0.900186284832418,18,1,1,1.55431223447522e-14,8.97060203897126e-13,25,28,0.1515
ATT_T016_000551_1,CALL_T016_000551,1,ANCHOR_SEARCH,2011-05-11 17:30:00,E0024,CAL_011604,2.5,-1335.079713432,1376.55171968731,FLAT_START,CONVERGED_FEASIBLE,CONVERGED,PASSED,0.900156791828518,18,1,1,1.54321000422897e-14,8.99613716853764e-13,25,28,0.1396
ATT_T016_000552_1,CALL_T016_000552,1,ANCHOR_SEARCH,2011-05-11 17:30:00,E0024,CAL_011604,2.25,-1335.32191378882,1376.48976012666,FLAT_START,CONVERGED_FEASIBLE,CONVERGED,PASSED,0.900142044400286,18,1,1,1.55431223447522e-14,9.00168828366077e-13,25,28,0.1386
ATT_T016_000553_1,CALL_T016_000553,1,EDGE_CANDIDATE_SCREEN,2011-05-11 17:30:00,E0024,CAL_011595,2.5,-1401.30942573531,1635.44412922938,FLAT_START,CONVERGED_FEASIBLE,CONVERGED,PASSED,0.900159071976658,18,1,1,1.95399252334028e-14,1.09778852674935e-12,25,28,0.1614
ATT_T016_000554_1,CALL_T016_000554,1,EDGE_CANDIDATE_SCREEN,2011-05-11 17:30:00,E0024,CAL_011596,2.5,-1393.61143871056,1605.35264400091,FLAT_START,CONVERGED_FEASIBLE,CONVERGED,PASSED,0.900162776575969,18,1,1,1.90958360235527e-14,1.07180930797313e-12,25,28,0.1362
ATT_T016_000555_1,CALL_T016_000555,1,EDGE_CANDIDATE_SCREEN,2011-05-11 17:30:00,E0024,CAL_011597,2.5,-1386.00432282341,1575.61637468617,FLAT_START,CONVERGED_FEASIBLE,CONVERGED,PASSED,0.900165419654788,18,1,1,1.85407245112401e-14,1.04782849064122e-12,25,28,0.1397
ATT_T016_000556_1,CALL_T016_000556,1,EDGE_CANDIDATE_SCREEN,2011-05-11 17:30:00,E0024,CAL_011598,2.5,-1378.48534002015,1546.224618214,FLAT_START,CONVERGED_FEASIBLE,CONVERGED,PASSED,0.900167034457582,18,1,1,1.80966353013901e-14,1.02362562870439e-12,25,28,0.1482
ATT_T016_000557_1,CALL_T016_000557,1,EDGE_CANDIDATE_SCREEN,2011-05-11 17:30:00,E0024,CAL_011599,2.5,-1371.05184187143,1517.16702185551,FLAT_START,CONVERGED_FEASIBLE,CONVERGED,PASSED,0.900167652565636,18,1,1,1.75415237890775e-14,1.00142116821189e-12,25,28,0.135
ATT_T016_000558_1,CALL_T016_000558,1,EDGE_CANDIDATE_SCREEN,2011-05-11 17:30:00,E0024,CAL_011600,2.5,-1363.70126558193,1488.43356762581,FLAT_START,CONVERGED_FEASIBLE,CONVERGED,PASSED,0.900167303981554,18,1,1,1.73194791841524e-14,9.79105685416926e-13,25,28,0.1363
ATT_T016_000559_1,CALL_T016_000559,1,EDGE_CANDIDATE_SCREEN,2011-05-11 17:30:00,E0024,CAL_011601,2.5,-1356.43113020261,1460.0145574778,FLAT_START,CONVERGED_FEASIBLE,CONVERGED,PASSED,0.900166017208535,18,1,1,1.66533453693773e-14,9.58233492553973e-13,25,28,0.1552
ATT_T016_000560_1,CALL_T016_000560,1,EDGE_CANDIDATE_SCREEN,2011-05-11 17:30:00,E0024,CAL_011602,2.5,-1349.23903303356,1431.90059924059,FLAT_START,CONVERGED_FEASIBLE,CONVERGED,PASSED,0.900163819324806,18,1,1,1.63202784619898e-14,9.38138455808257e-13,25,28,0.137
ATT_T016_000561_1,CALL_T016_000561,1,EDGE_CANDIDATE_SCREEN,2011-05-11 17:30:00,E0024,CAL_011603,2.5,-1342.12264620582,1404.0825932582,FLAT_START,CONVERGED_FEASIBLE,CONVERGED,PASSED,0.900160736053539,18,1,1,1.59872115546023e-14,9.18265463667467e-13,25,28,0.1355
ATT_T016_000562_1,CALL_T016_000562,1,LOCAL_REENTRY_STENCIL,2011-05-11 17:30:00,E0024,CAL_011604,2.75,-1334.83751307518,1376.61367924797,FLAT_START,CONVERGED_FEASIBLE,CONVERGED,PASSED,0.900171538639205,18,1,1,1.54321000422897e-14,8.98614516131602e-13,25,28,0.1354
ATT_T016_000563_1,CALL_T016_000563,1,LOCAL_REENTRY_STENCIL,2011-05-11 17:30:00,E0024,CAL_011604,2.25,-1335.32191378882,1376.48976012666,FLAT_START,CONVERGED_FEASIBLE,CONVERGED,PASSED,0.900142044400286,18,1,1,1.55431223447522e-14,9.00168828366077e-13,25,28,0.1367
ATT_T016_000564_1,CALL_T016_000564,1,ANCHOR_SEARCH,2011-05-11 17:30:00,E0025,CAL_011624,0,-1211.26587162676,897.314369215645,FLAT_START,CONVERGED_FEASIBLE,CONVERGED,PASSED,0.90001149191114,18,1,1,2.75335310107039e-14,5.77426995107544e-13,25,27,0.1384
ATT_T016_000565_1,CALL_T016_000565,1,ANCHOR_SEARCH,2011-05-11 17:30:00,E0025,CAL_011624,0.5,-1210.78240498838,897.441883958224,FLAT_START,CONVERGED_FEASIBLE,CONVERGED,PASSED,0.900040831787869,18,1,1,2.77555756156289e-14,5.76094727477994e-13,25,27,0.1379
ATT_T016_000566_1,CALL_T016_000566,1,ANCHOR_SEARCH,2011-05-11 17:30:00,E0025,CAL_011624,1,-1210.29893835,897.569398700804,FLAT_START,CONVERGED_FEASIBLE,CONVERGED,PASSED,0.900070169239357,18,1,1,2.75335310107039e-14,5.74318370638593e-13,25,27,0.1749
ATT_T016_000567_1,CALL_T016_000567,1,ANCHOR_SEARCH,2011-05-11 17:30:00,E0025,CAL_011624,2,-1209.33200507325,897.824428185963,FLAT_START,CONVERGED_FEASIBLE,CONVERGED,PASSED,0.900128836868824,18,1,1,2.74225087082414e-14,5.71653835379493e-13,25,27,0.1381
ATT_T016_000568_1,CALL_T016_000568,1,ANCHOR_SEARCH,2011-05-11 17:30:00,E0025,CAL_011624,4,-1207.39813851973,898.33448715628,FLAT_START,CONVERGED_FEASIBLE,CONVERGED,PASSED,0.900246143049195,18,1,1,2.70894418008538e-14,5.66546809466217e-13,25,27,0.1361
ATT_T016_000569_1,CALL_T016_000569,1,ANCHOR_SEARCH,2011-05-11 17:30:00,E0025,CAL_011624,3,-1208.36507179649,898.079457671121,FLAT_START,CONVERGED_FEASIBLE,CONVERGED,PASSED,0.900187494803963,18,1,1,2.74225087082414e-14,5.69100322422855e-13,25,27,0.1609
ATT_T016_000570_1,CALL_T016_000570,1,ANCHOR_SEARCH,2011-05-11 17:30:00,E0025,CAL_011624,2.5,-1208.84853843487,897.951942928542,FLAT_START,CONVERGED_FEASIBLE,CONVERGED,PASSED,0.900158167047907,18,1,1,2.74225087082414e-14,5.70432590052405e-13,25,27,0.1386
ATT_T016_000571_1,CALL_T016_000571,1,ANCHOR_SEARCH,2011-05-11 17:30:00,E0025,CAL_011624,2.25,-1209.09027175406,897.888185557252,FLAT_START,CONVERGED_FEASIBLE,CONVERGED,PASSED,0.900143502261278,18,1,1,2.73114864057789e-14,5.71209746169643e-13,25,27,0.1367
ATT_T016_000572_1,CALL_T016_000572,1,EDGE_CANDIDATE_SCREEN,2011-05-11 17:30:00,E0025,CAL_011606,2.5,-1327.88189226088,1349.26176220952,FLAT_START,CONVERGED_FEASIBLE,CONVERGED,PASSED,0.900164362280751,18,1,1,1.49880108324396e-14,8.80517880830212e-13,25,28,0.1667
ATT_T016_000573_1,CALL_T016_000573,1,EDGE_CANDIDATE_SCREEN,2011-05-11 17:30:00,E0025,CAL_011607,2.5,-1320.75249756479,1322.23097017977,FLAT_START,CONVERGED_FEASIBLE,CONVERGED,PASSED,0.900170979444574,18,1,1,1.48769885299771e-14,8.61644089411584e-13,25,28,0.138
ATT_T016_000574_1,CALL_T016_000574,1,EDGE_CANDIDATE_SCREEN,2011-05-11 17:30:00,E0025,CAL_011608,2.5,-1313.69402295487,1295.46906859329,FLAT_START,CONVERGED_FEASIBLE,CONVERGED,PASSED,0.900176667832729,18,1,1,1.4432899320127e-14,8.44102565622507e-13,25,28,0.1362
ATT_T016_000575_1,CALL_T016_000575,1,EDGE_CANDIDATE_SCREEN,2011-05-11 17:30:00,E0025,CAL_011609,2.5,-1306.70435615423,1268.96804884347,FLAT_START,CONVERGED_FEASIBLE,CONVERGED,PASSED,0.900181451931166,18,1,1,1.4210854715202e-14,8.26894108740817e-13,25,28,0.1428
ATT_T016_000576_1,CALL_T016_000576,1,EDGE_CANDIDATE_SCREEN,2011-05-11 17:30:00,E0025,CAL_011610,2.5,-1299.78144663069,1242.72013642609,FLAT_START,CONVERGED_FEASIBLE,CONVERGED,PASSED,0.900185355053863,18,1,1,1.36557432028894e-14,8.10351785673902e-13,25,28,0.1362
ATT_T016_000577_1,CALL_T016_000577,1,EDGE_CANDIDATE_SCREEN,2011-05-11 17:30:00,E0025,CAL_011611,2.5,-1292.92330298216,1216.71778102625,FLAT_START,CONVERGED_FEASIBLE,CONVERGED,PASSED,0.90018839939611,18,1,1,3.56381590904675e-14,7.20090653771877e-13,25,27,0.134
ATT_T016_000578_1,CALL_T016_000578,1,EDGE_CANDIDATE_SCREEN,2011-05-11 17:30:00,E0025,CAL_011612,2.5,-1286.12799044379,1190.95364706652,FLAT_START,CONVERGED_FEASIBLE,CONVERGED,PASSED,0.90019060608433,18,1,1,3.49720252756924e-14,7.05768776754212e-13,25,27,0.1343
ATT_T016_000579_1,CALL_T016_000579,1,EDGE_CANDIDATE_SCREEN,2011-05-11 17:30:00,E0025,CAL_011613,2.5,-1279.39362850985,1165.42060469069,FLAT_START,CONVERGED_FEASIBLE,CONVERGED,PASSED,0.900191995223769,18,1,1,3.41948691584548e-14,6.9244610045871e-13,25,27,0.1583
ATT_T016_000580_1,CALL_T016_000580,1,EDGE_CANDIDATE_SCREEN,2011-05-11 17:30:00,E0025,CAL_011614,2.5,-1272.71838866411,1140.11172115839,FLAT_START,CONVERGED_FEASIBLE,CONVERGED,PASSED,0.900192585942718,18,1,1,3.34177130412172e-14,6.79567513373058e-13,25,27,0.1364
ATT_T016_000581_1,CALL_T016_000581,1,EDGE_CANDIDATE_SCREEN,2011-05-11 17:30:00,E0025,CAL_011615,2.5,-1266.10049221257,1115.02025262822,FLAT_START,CONVERGED_FEASIBLE,CONVERGED,PASSED,0.900192396434555,18,1,1,3.26405569239796e-14,6.66910970892332e-13,25,27,0.1322
ATT_T016_000582_1,CALL_T016_000582,1,EDGE_CANDIDATE_SCREEN,2011-05-11 17:30:00,E0025,CAL_011616,2.5,-1259.53820821301,1090.13963630754,FLAT_START,CONVERGED_FEASIBLE,CONVERGED,PASSED,0.900191443997324,18,1,1,3.19744231092045e-14,6.54809539923917e-13,25,27,0.1338
ATT_T016_000583_1,CALL_T016_000583,1,EDGE_CANDIDATE_SCREEN,2011-05-11 17:30:00,E0025,CAL_011617,2.5,-1253.02985149598,1065.4634829491,FLAT_START,CONVERGED_FEASIBLE,CONVERGED,PASSED,0.900189745071052,18,1,1,3.14193115968919e-14,6.43041175862891e-13,25,27,0.134
ATT_T016_000584_1,CALL_T016_000584,1,EDGE_CANDIDATE_SCREEN,2011-05-11 17:30:00,E0025,CAL_011618,2.5,-1246.5737807722,1040.98556967555,FLAT_START,CONVERGED_FEASIBLE,CONVERGED,PASSED,0.900187315272951,18,1,1,3.06421554796543e-14,6.31827923314177e-13,25,27,0.1513
ATT_T016_000585_1,CALL_T016_000585,1,EDGE_CANDIDATE_SCREEN,2011-05-11 17:30:00,E0025,CAL_011619,2.5,-1240.16839682182,1016.69983311386,FLAT_START,CONVERGED_FEASIBLE,CONVERGED,PASSED,0.900184169430614,18,1,1,2.99760216648792e-14,6.20281603858075e-13,25,27,0.1329
ATT_T016_000586_1,CALL_T016_000586,1,EDGE_CANDIDATE_SCREEN,2011-05-11 17:30:00,E0025,CAL_011620,2.5,-1233.81214076096,992.600362823191,FLAT_START,CONVERGED_FEASIBLE,CONVERGED,PASSED,0.900180321613333,18,1,1,2.95319324550292e-14,6.09401418216748e-13,25,27,0.1515
ATT_T016_000587_1,CALL_T016_000587,1,EDGE_CANDIDATE_SCREEN,2011-05-11 17:30:00,E0025,CAL_011621,2.5,-1227.50349238157,968.681395000312,FLAT_START,CONVERGED_FEASIBLE,CONVERGED,PASSED,0.900175785161633,18,1,1,2.90878432451791e-14,5.9974247790251e-13,25,27,0.1337
ATT_T016_000588_1,CALL_T016_000588,1,EDGE_CANDIDATE_SCREEN,2011-05-11 17:30:00,E0025,CAL_011622,2.5,-1221.24096856043,944.937306447686,FLAT_START,CONVERGED_FEASIBLE,CONVERGED,PASSED,0.900170572715141,18,1,1,2.8421709430404e-14,5.89639448378421e-13,25,27,0.1344
ATT_T016_000589_1,CALL_T016_000589,1,EDGE_CANDIDATE_SCREEN,2011-05-11 17:30:00,E0025,CAL_011623,2.5,-1215.02312173393,921.362608790388,FLAT_START,CONVERGED_FEASIBLE,CONVERGED,PASSED,0.90016469623885,18,1,1,2.78665979180914e-14,5.79869485761719e-13,25,27,0.1335
ATT_T016_000590_1,CALL_T016_000590,1,LOCAL_REENTRY_STENCIL,2011-05-11 17:30:00,E0025,CAL_011624,2.75,-1208.60680511568,898.015700299832,FLAT_START,CONVERGED_FEASIBLE,CONVERGED,PASSED,0.900172831228779,18,1,1,2.74225087082414e-14,5.6932236702778e-13,25,27,0.1361
ATT_T016_000591_1,CALL_T016_000591,1,LOCAL_REENTRY_STENCIL,2011-05-11 17:30:00,E0025,CAL_011624,2.25,-1209.09027175406,897.888185557252,FLAT_START,CONVERGED_FEASIBLE,CONVERGED,PASSED,0.900143502261278,18,1,1,2.73114864057789e-14,5.71209746169643e-13,25,27,0.134
ATT_T016_000592_1,CALL_T016_000592,1,ANCHOR_SEARCH,2011-05-11 17:30:00,E0026,CAL_011644,0,-1090.76235890484,457.243184822976,FLAT_START,CONVERGED_FEASIBLE,CONVERGED,PASSED,0.900007332462299,18,1,1,1.96509475358653e-14,4.2899017671516e-13,25,27,0.1613
ATT_T016_000593_1,CALL_T016_000593,1,ANCHOR_SEARCH,2011-05-11 17:30:00,E0026,CAL_011644,0.5,-1090.28018101678,457.375489336376,FLAT_START,CONVERGED_FEASIBLE,CONVERGED,PASSED,0.900036526502904,18,1,1,1.96509475358653e-14,4.28213020597923e-13,25,27,0.1385
ATT_T016_000594_1,CALL_T016_000594,1,ANCHOR_SEARCH,2011-05-11 17:30:00,E0026,CAL_011644,1,-1089.79800312872,457.507793849776,FLAT_START,CONVERGED_FEASIBLE,CONVERGED,PASSED,0.900065718160833,18,1,1,1.94289029309402e-14,4.26880752968373e-13,25,27,0.1374
ATT_T016_000595_1,CALL_T016_000595,1,ANCHOR_SEARCH,2011-05-11 17:30:00,E0026,CAL_011644,2,-1088.8336473526,457.772402876577,FLAT_START,CONVERGED_FEASIBLE,CONVERGED,PASSED,0.900124094330809,18,1,1,1.96509475358653e-14,4.2499337382651e-13,25,27,0.1469
ATT_T016_000596_1,CALL_T016_000596,1,ANCHOR_SEARCH,2011-05-11 17:30:00,E0026,CAL_011644,4,-1086.90493580036,458.301620930178,FLAT_START,CONVERGED_FEASIBLE,CONVERGED,PASSED,0.90024081810223,18,1,1,1.92068583260152e-14,4.20885548635397e-13,25,27,0.1358
ATT_T016_000597_1,CALL_T016_000597,1,ANCHOR_SEARCH,2011-05-11 17:30:00,E0026,CAL_011644,3,-1087.86929157648,458.037011903377,FLAT_START,CONVERGED_FEASIBLE,CONVERGED,PASSED,0.900182460976514,18,1,1,1.94289029309402e-14,4.22883950079722e-13,25,27,0.1373
ATT_T016_000598_1,CALL_T016_000598,1,ANCHOR_SEARCH,2011-05-11 17:30:00,E0026,CAL_011644,2.5,-1088.35146946454,457.904707389977,FLAT_START,CONVERGED_FEASIBLE,CONVERGED,PASSED,0.900153278843927,18,1,1,1.92068583260152e-14,4.23994173104347e-13,25,27,0.1359
ATT_T016_000599_1,CALL_T016_000599,1,ANCHOR_SEARCH,2011-05-11 17:30:00,E0026,CAL_011644,2.25,-1088.59255840857,457.838555133277,FLAT_START,CONVERGED_FEASIBLE,CONVERGED,PASSED,0.900138686884968,18,1,1,1.94289029309402e-14,4.2454928461666e-13,25,27,0.1592
ATT_T016_000600_1,CALL_T016_000600,1,EDGE_CANDIDATE_SCREEN,2011-05-11 17:30:00,E0026,CAL_011626,2.5,-1196.38522758518,851.628912188677,FLAT_START,CONVERGED_FEASIBLE,CONVERGED,PASSED,0.900157102065726,18,1,1,2.62012633811537e-14,5.51780843238703e-13,25,27,0.1354
ATT_T016_000601_1,CALL_T016_000601,1,EDGE_CANDIDATE_SCREEN,2011-05-11 17:30:00,E0026,CAL_011627,2.5,-1190.09063644612,828.68855600861,FLAT_START,CONVERGED_FEASIBLE,CONVERGED,PASSED,0.900162483806547,18,1,1,2.58681964737661e-14,5.42677014436777e-13,25,27,0.1364
ATT_T016_000602_1,CALL_T016_000602,1,EDGE_CANDIDATE_SCREEN,2011-05-11 17:30:00,E0026,CAL_011628,2.5,-1183.8371335902,805.897944240714,FLAT_START,CONVERGED_FEASIBLE,CONVERGED,PASSED,0.900167154310795,18,1,1,2.53130849614536e-14,5.33906252542238e-13,25,27,0.1384
ATT_T016_000603_1,CALL_T016_000603,1,EDGE_CANDIDATE_SCREEN,2011-05-11 17:30:00,E0026,CAL_011629,2.5,-1177.62337471038,783.252177618071,FLAT_START,CONVERGED_FEASIBLE,CONVERGED,PASSED,0.900171125660969,18,1,1,2.48689957516035e-14,5.25246512950162e-13,25,27,0.1343
ATT_T016_000604_1,CALL_T016_000604,1,EDGE_CANDIDATE_SCREEN,2011-05-11 17:30:00,E0026,CAL_011630,2.5,-1171.44804456575,760.746462803893,FLAT_START,CONVERGED_FEASIBLE,CONVERGED,PASSED,0.90017440932153,18,1,1,2.4535928844216e-14,5.17141884870398e-13,25,27,0.133
ATT_T016_000605_1,CALL_T016_000605,1,EDGE_CANDIDATE_SCREEN,2011-05-11 17:30:00,E0026,CAL_011631,2.5,-1165.30985576991,738.376107976037,FLAT_START,CONVERGED_FEASIBLE,CONVERGED,PASSED,0.900177016159498,18,1,1,2.38697950294409e-14,5.09148279093097e-13,25,27,0.1537
ATT_T016_000606_1,CALL_T016_000606,1,EDGE_CANDIDATE_SCREEN,2011-05-11 17:30:00,E0026,CAL_011632,2.5,-1159.20754762461,716.136518576017,FLAT_START,CONVERGED_FEASIBLE,CONVERGED,PASSED,0.900178956463891,18,1,1,2.35367281220533e-14,5.01043651013333e-13,25,27,0.1352
ATT_T016_000607_1,CALL_T016_000607,1,EDGE_CANDIDATE_SCREEN,2011-05-11 17:30:00,E0026,CAL_011633,2.5,-1153.13988499606,694.023193213917,FLAT_START,CONVERGED_FEASIBLE,CONVERGED,PASSED,0.900180239964047,18,1,1,2.33146835171283e-14,4.9382720135327e-13,25,27,0.1352
ATT_T016_000608_1,CALL_T016_000608,1,EDGE_CANDIDATE_SCREEN,2011-05-11 17:30:00,E0026,CAL_011634,2.5,-1147.10565723185,672.031719721097,FLAT_START,CONVERGED_FEASIBLE,CONVERGED,PASSED,0.900180875846898,18,1,1,2.28705943072782e-14,4.86277684785819e-13,25,27,0.1333
ATT_T016_000609_1,CALL_T016_000609,1,EDGE_CANDIDATE_SCREEN,2011-05-11 17:30:00,E0026,CAL_011635,2.5,-1141.10367711626,650.157771342959,FLAT_START,CONVERGED_FEASIBLE,CONVERGED,PASSED,0.900180872773231,18,1,1,2.23154827949656e-14,4.7883919052083e-13,25,27,0.1331
ATT_T016_000610_1,CALL_T016_000610,1,EDGE_CANDIDATE_SCREEN,2011-05-11 17:30:00,E0026,CAL_011636,2.5,-1135.13277986206,628.397103064458,FLAT_START,CONVERGED_FEASIBLE,CONVERGED,PASSED,0.900180238892989,18,1,1,2.19824158875781e-14,4.72288874675542e-13,25,27,0.133
ATT_T016_000611_1,CALL_T016_000611,1,EDGE_CANDIDATE_SCREEN,2011-05-11 17:30:00,E0026,CAL_011637,2.5,-1129.19182213676,606.745548061403,FLAT_START,CONVERGED_FEASIBLE,CONVERGED,PASSED,0.900178981859661,18,1,1,2.16493489801906e-14,4.65516514225328e-13,25,27,0.1344
ATT_T016_000612_1,CALL_T016_000612,1,EDGE_CANDIDATE_SCREEN,2011-05-11 17:30:00,E0026,CAL_011638,2.5,-1123.27968112159,585.199014270941,FLAT_START,CONVERGED_FEASIBLE,CONVERGED,PASSED,0.900177108843794,18,1,1,2.12052597703405e-14,4.58744153775115e-13,25,27,0.1569
ATT_T016_000613_1,CALL_T016_000613,1,EDGE_CANDIDATE_SCREEN,2011-05-11 17:30:00,E0026,CAL_011639,2.5,-1117.39525360144,563.753481074929,FLAT_START,CONVERGED_FEASIBLE,CONVERGED,PASSED,0.900174626545664,18,1,1,2.1094237467878e-14,4.52193837929826e-13,25,27,0.1342
ATT_T016_000614_1,CALL_T016_000614,1,EDGE_CANDIDATE_SCREEN,2011-05-11 17:30:00,E0026,CAL_011640,2.5,-1111.53745508418,542.404996090222,FLAT_START,CONVERGED_FEASIBLE,CONVERGED,PASSED,0.900171541207146,18,1,1,2.06501482580279e-14,4.46753745109163e-13,25,27,0.1334
ATT_T016_000615_1,CALL_T016_000615,1,EDGE_CANDIDATE_SCREEN,2011-05-11 17:30:00,E0026,CAL_011641,2.5,-1105.70521894768,521.149672060158,FLAT_START,CONVERGED_FEASIBLE,CONVERGED,PASSED,0.900167858622821,18,1,1,2.02060590481778e-14,4.40314451566337e-13,25,27,0.1421
ATT_T016_000616_1,CALL_T016_000616,1,EDGE_CANDIDATE_SCREEN,2011-05-11 17:30:00,E0026,CAL_011642,2.5,-1099.89749561319,499.983683841815,FLAT_START,CONVERGED_FEASIBLE,CONVERGED,PASSED,0.900163584150327,18,1,1,1.98729921407903e-14,4.34763336443211e-13,25,27,0.1334
ATT_T016_000617_1,CALL_T016_000617,1,EDGE_CANDIDATE_SCREEN,2011-05-11 17:30:00,E0026,CAL_011643,2.5,-1094.11325174347,478.903265483854,FLAT_START,CONVERGED_FEASIBLE,CONVERGED,PASSED,0.900158722720019,18,1,1,1.96509475358653e-14,4.29212221320086e-13,25,27,0.1337
ATT_T016_000618_1,CALL_T016_000618,1,LOCAL_REENTRY_STENCIL,2011-05-11 17:30:00,E0026,CAL_011644,2.75,-1088.11038052051,457.970859646677,FLAT_START,CONVERGED_FEASIBLE,CONVERGED,PASSED,0.900167870207754,18,1,1,1.90958360235527e-14,4.2321701698711e-13,25,27,0.1333
ATT_T016_000619_1,CALL_T016_000619,1,LOCAL_REENTRY_STENCIL,2011-05-11 17:30:00,E0026,CAL_011644,2.25,-1088.59255840857,457.838555133277,FLAT_START,CONVERGED_FEASIBLE,CONVERGED,PASSED,0.900138686884968,18,1,1,1.94289029309402e-14,4.2454928461666e-13,25,27,0.1556
ATT_T016_000620_1,CALL_T016_000620,1,ANCHOR_SEARCH,2011-05-11 17:30:00,E0027,CAL_011646,0,-1085.0220350498,436.322830996292,FLAT_START,CONVERGED_FEASIBLE,CONVERGED,PASSED,0.900001342048684,18,1,1,1.94289029309402e-14,4.23772128499422e-13,25,27,0.1402
ATT_T016_000621_1,CALL_T016_000621,1,ANCHOR_SEARCH,2011-05-11 17:30:00,E0027,CAL_011646,0.5,-1084.54117525769,436.459848733582,FLAT_START,CONVERGED_FEASIBLE,CONVERGED,PASSED,0.900030529746838,18,1,1,1.90958360235527e-14,4.22661905474797e-13,25,27,0.149
ATT_T016_000622_1,CALL_T016_000622,1,ANCHOR_SEARCH,2011-05-11 17:30:00,E0027,CAL_011646,1,-1084.06031546558,436.596866470872,FLAT_START,CONVERGED_FEASIBLE,CONVERGED,PASSED,0.900059715067101,18,1,1,1.92068583260152e-14,4.21440660147709e-13,25,27,0.138
ATT_T016_000623_1,CALL_T016_000623,1,ANCHOR_SEARCH,2011-05-11 17:30:00,E0027,CAL_011646,2,-1083.09859588136,436.870901945452,FLAT_START,CONVERGED_FEASIBLE,CONVERGED,PASSED,0.900118078576093,18,1,1,1.89848137210902e-14,4.19997370215697e-13,25,27,0.1361
ATT_T016_000624_1,CALL_T016_000624,1,ANCHOR_SEARCH,2011-05-11 17:30:00,E0027,CAL_011646,4,-1081.17515671292,437.418972894611,FLAT_START,CONVERGED_FEASIBLE,CONVERGED,PASSED,0.900234777082882,18,1,1,1.89848137210902e-14,4.15778522722121e-13,25,27,0.1356
ATT_T016_000625_1,CALL_T016_000625,1,ANCHOR_SEARCH,2011-05-11 17:30:00,E0027,CAL_011646,3,-1082.13687629714,437.144937420031,FLAT_START,CONVERGED_FEASIBLE,CONVERGED,PASSED,0.900176432579931,18,1,1,1.89848137210902e-14,4.17332834956596e-13,25,27,0.1579
ATT_T016_000626_1,CALL_T016_000626,1,ANCHOR_SEARCH,2011-05-11 17:30:00,E0027,CAL_011646,2.5,-1082.61773608925,437.007919682742,FLAT_START,CONVERGED_FEASIBLE,CONVERGED,PASSED,0.900147256765889,18,1,1,1.90958360235527e-14,4.18665102586147e-13,25,27,0.1375
ATT_T016_000627_1,CALL_T016_000627,1,ANCHOR_SEARCH,2011-05-11 17:30:00,E0027,CAL_011646,2.75,-1082.3773061932,437.076428551387,FLAT_START,CONVERGED_FEASIBLE,CONVERGED,PASSED,0.900161844969846,18,1,1,1.88737914186277e-14,4.18443057981222e-13,25,27,0.135
ATT_T016_000628_1,CALL_T016_000628,1,EDGE_CANDIDATE_SCREEN,2011-05-11 17:30:00,E0027,CAL_011647,2.75,-1076.45300313368,416.28525805082,FLAT_START,CONVERGED_FEASIBLE,CONVERGED,PASSED,0.900167589829972,18,1,1,1.85407245112401e-14,4.12003764438396e-13,25,27,0.1339
ATT_T016_000629_1,CALL_T016_000629,1,EDGE_CANDIDATE_SCREEN,2011-05-11 17:30:00,E0027,CAL_011648,2.75,-1070.55029306449,395.569867526222,FLAT_START,CONVERGED_FEASIBLE,CONVERGED,PASSED,0.900172714433226,18,1,1,1.83186799063151e-14,4.0734082773497e-13,25,27,0.1345
ATT_T016_000630_1,CALL_T016_000630,1,EDGE_CANDIDATE_SCREEN,2011-05-11 17:30:00,E0027,CAL_011649,2.75,-1064.6681638996,374.92670509093,FLAT_START,CONVERGED_FEASIBLE,CONVERGED,PASSED,0.900177224339749,18,1,1,1.80966353013901e-14,4.02233801821694e-13,25,27,0.1319
ATT_T016_000631_1,CALL_T016_000631,1,EDGE_CANDIDATE_SCREEN,2011-05-11 17:30:00,E0027,CAL_011650,2.75,-1058.80561684717,354.352265513821,FLAT_START,CONVERGED_FEASIBLE,CONVERGED,PASSED,0.900181124689321,18,1,1,1.79856129989275e-14,3.97015753605956e-13,25,27,0.133
ATT_T016_000632_1,CALL_T016_000632,1,EDGE_CANDIDATE_SCREEN,2011-05-11 17:30:00,E0027,CAL_011651,2.75,-1052.96166570093,333.843087732434,FLAT_START,CONVERGED_FEASIBLE,CONVERGED,PASSED,0.900184420209066,18,1,1,1.765254609154e-14,3.92685883809918e-13,25,27,0.1564
ATT_T016_000633_1,CALL_T016_000633,1,EDGE_CANDIDATE_SCREEN,2011-05-11 17:30:00,E0027,CAL_011652,2.75,-1047.13533614903,313.395752427507,FLAT_START,CONVERGED_FEASIBLE,CONVERGED,PASSED,0.900187115220536,18,1,1,1.7430501486615e-14,3.87800902501567e-13,25,27,0.1337
ATT_T016_000634_1,CALL_T016_000634,1,EDGE_CANDIDATE_SCREEN,2011-05-11 17:30:00,E0027,CAL_011653,2.75,-1041.32566509939,293.006879655185,FLAT_START,CONVERGED_FEASIBLE,CONVERGED,PASSED,0.900189213646199,18,1,1,1.69864122767649e-14,3.83471032705529e-13,25,27,0.1351
ATT_T016_000635_1,CALL_T016_000635,1,EDGE_CANDIDATE_SCREEN,2011-05-11 17:30:00,E0027,CAL_011654,2.75,-1035.53170002041,272.673126533308,FLAT_START,CONVERGED_FEASIBLE,CONVERGED,PASSED,0.900190719015352,18,1,1,1.67643676718399e-14,3.78919118304566e-13,25,27,0.1355
ATT_T016_000636_1,CALL_T016_000636,1,EDGE_CANDIDATE_SCREEN,2011-05-11 17:30:00,E0027,CAL_011655,2.75,-1029.7524982961,252.391184978305,FLAT_START,CONVERGED_FEASIBLE,CONVERGED,PASSED,0.900191634469468,18,1,1,1.66533453693773e-14,3.74922315415915e-13,25,27,0.1365
ATT_T016_000637_1,CALL_T016_000637,1,EDGE_CANDIDATE_SCREEN,2011-05-11 17:30:00,E0027,CAL_011656,2.75,-1023.98712659471,232.157779489341,FLAT_START,CONVERGED_FEASIBLE,CONVERGED,PASSED,0.900191962766991,18,1,1,1.64313007644523e-14,3.70814490224802e-13,25,27,0.1335
ATT_T016_000638_1,CALL_T016_000638,1,EDGE_CANDIDATE_SCREEN,2011-05-11 17:30:00,E0027,CAL_011657,2.75,-1018.23466024987,211.969664976492,FLAT_START,CONVERGED_FEASIBLE,CONVERGED,PASSED,0.90019170628759,18,1,1,1.62092561595273e-14,3.66706665033689e-13,25,27,0.1534
ATT_T016_000639_1,CALL_T016_000639,1,EDGE_CANDIDATE_SCREEN,2011-05-11 17:30:00,E0027,CAL_011658,2.75,-1012.49418265339,191.823624629795,FLAT_START,CONVERGED_FEASIBLE,CONVERGED,PASSED,0.900190867035884,18,1,1,1.59872115546023e-14,3.63153951354889e-13,25,27,0.1326
ATT_T016_000640_1,CALL_T016_000640,1,EDGE_CANDIDATE_SCREEN,2011-05-11 17:30:00,E0027,CAL_011659,2.75,-1006.76478465885,171.716467826158,FLAT_START,CONVERGED_FEASIBLE,CONVERGED,PASSED,0.900189446644652,18,1,1,1.56541446472147e-14,3.59823282281013e-13,25,27,0.1329
ATT_T016_000641_1,CALL_T016_000641,1,EDGE_CANDIDATE_SCREEN,2011-05-11 17:30:00,E0027,CAL_011660,2.75,-1001.04556399514,151.645028071151,FLAT_START,CONVERGED_FEASIBLE,CONVERGED,PASSED,0.900187446377521,18,1,1,1.55431223447522e-14,3.557154570899e-13,25,27,0.1406
ATT_T016_000642_1,CALL_T016_000642,1,EDGE_CANDIDATE_SCREEN,2011-05-11 17:30:00,E0027,CAL_011661,2.75,-995.33562468909,131.606160972831,FLAT_START,CONVERGED_FEASIBLE,CONVERGED,PASSED,0.900184867131159,18,1,1,1.54321000422897e-14,3.52495810318487e-13,25,27,0.1344
ATT_T016_000643_1,CALL_T016_000643,1,EDGE_CANDIDATE_SCREEN,2011-05-11 17:30:00,E0027,CAL_011662,2.75,-989.634076496479,111.596742244784,FLAT_START,CONVERGED_FEASIBLE,CONVERGED,PASSED,0.900181709436961,18,1,1,1.53210777398272e-14,3.49276163547074e-13,25,27,0.1322
ATT_T016_000644_1,CALL_T016_000644,1,EDGE_CANDIDATE_SCREEN,2011-05-11 17:30:00,E0027,CAL_011663,2.75,-983.940034340541,91.6136657356748,FLAT_START,CONVERGED_FEASIBLE,CONVERGED,PASSED,0.900177973462243,18,1,1,1.49880108324396e-14,3.46500605985511e-13,25,27,0.1358
ATT_T016_000645_1,CALL_T016_000645,1,EDGE_CANDIDATE_SCREEN,2011-05-11 17:30:00,E0027,CAL_011664,2.75,-978.252617757299,71.6538414826061,FLAT_START,CONVERGED_FEASIBLE,CONVERGED,PASSED,0.900173659010939,18,1,1,1.47659662275146e-14,3.43614026121486e-13,25,27,0.1546
ATT_T016_000646_1,CALL_T016_000646,1,EDGE_CANDIDATE_SCREEN,2011-05-11 17:30:00,E0027,CAL_011665,2.75,-972.570950346927,51.7141937856941,FLAT_START,CONVERGED_FEASIBLE,CONVERGED,PASSED,0.900168765523815,18,1,1,1.45439216225896e-14,3.40394379350073e-13,25,27,0.1462
ATT_T016_000647_1,CALL_T016_000647,1,LOCAL_REENTRY_STENCIL,2011-05-11 17:30:00,E0027,CAL_011646,3,-1082.13687629714,437.144937420031,FLAT_START,CONVERGED_FEASIBLE,CONVERGED,PASSED,0.900176432579931,18,1,1,1.89848137210902e-14,4.17332834956596e-13,25,27,0.1379
ATT_T016_000648_1,CALL_T016_000648,1,LOCAL_REENTRY_STENCIL,2011-05-11 17:30:00,E0027,CAL_011646,2.5,-1082.61773608925,437.007919682742,FLAT_START,CONVERGED_FEASIBLE,CONVERGED,PASSED,0.900147256765889,18,1,1,1.90958360235527e-14,4.18665102586147e-13,25,27,0.1337
ATT_T016_000649_1,CALL_T016_000649,1,ANCHOR_SEARCH,2011-05-11 17:30:00,E0028,CAL_011667,0,-968.089372448408,26.0778113661152,FLAT_START,CONVERGED_FEASIBLE,CONVERGED,PASSED,0.900004066548777,18,1,1,1.48769885299771e-14,3.41615624677161e-13,25,27,0.1405
ATT_T016_000650_1,CALL_T016_000650,1,ANCHOR_SEARCH,2011-05-11 17:30:00,E0028,CAL_011667,0.5,-967.60944470809,26.2180588761586,FLAT_START,CONVERGED_FEASIBLE,CONVERGED,PASSED,0.900033124340125,18,1,1,1.45439216225896e-14,3.40616423954998e-13,25,27,10.123
ATT_T016_000651_1,CALL_T016_000651,1,ANCHOR_SEARCH,2011-05-11 17:30:00,E0028,CAL_011667,1,-967.129516967772,26.3583063862021,FLAT_START,CONVERGED_FEASIBLE,CONVERGED,PASSED,0.900062179790535,18,1,1,1.45439216225896e-14,3.40172334745148e-13,25,27,0.1658
ATT_T016_000652_1,CALL_T016_000652,1,ANCHOR_SEARCH,2011-05-11 17:30:00,E0028,CAL_011667,2,-966.169661487137,26.6388014062889,FLAT_START,CONVERGED_FEASIBLE,CONVERGED,PASSED,0.90012028367062,18,1,1,1.43218770176645e-14,3.38284955603285e-13,25,27,0.1397
ATT_T016_000653_1,CALL_T016_000653,1,ANCHOR_SEARCH,2011-05-11 17:30:00,E0028,CAL_011667,4,-964.249950525865,27.1997914464627,FLAT_START,CONVERGED_FEASIBLE,CONVERGED,PASSED,0.900236463362376,18,1,1,1.4210854715202e-14,3.35287353436797e-13,25,27,0.1374
ATT_T016_000654_1,CALL_T016_000654,1,ANCHOR_SEARCH,2011-05-11 17:30:00,E0028,CAL_011667,3,-965.209806006501,26.9192964263758,FLAT_START,CONVERGED_FEASIBLE,CONVERGED,PASSED,0.900178378193184,18,1,1,1.4432899320127e-14,3.37063710276198e-13,25,27,0.1368
ATT_T016_000655_1,CALL_T016_000655,1,ANCHOR_SEARCH,2011-05-11 17:30:00,E0028,CAL_011667,2.5,-965.689733746819,26.7790489163324,FLAT_START,CONVERGED_FEASIBLE,CONVERGED,PASSED,0.900149332101333,18,1,1,1.45439216225896e-14,3.37285754881123e-13,25,27,0.136
ATT_T016_000656_1,CALL_T016_000656,1,ANCHOR_SEARCH,2011-05-11 17:30:00,E0028,CAL_011667,2.75,-965.44976987666,26.8491726713541,FLAT_START,CONVERGED_FEASIBLE,CONVERGED,PASSED,0.900163855439584,18,1,1,1.45439216225896e-14,3.37063710276198e-13,25,27,0.1363
ATT_T016_000657_1,CALL_T016_000657,1,EDGE_CANDIDATE_SCREEN,2011-05-11 17:30:00,E0028,CAL_011668,2.75,-964.000254238068,21.8889222913693,FLAT_START,CONVERGED_FEASIBLE,CONVERGED,PASSED,0.900164380579419,18,1,1,1.4432899320127e-14,3.3628655415896e-13,25,27,0.1366
ATT_T016_000658_1,CALL_T016_000658,1,EDGE_CANDIDATE_SCREEN,2011-05-11 17:30:00,E0028,CAL_011669,2.75,-962.550738599476,16.9286719113845,FLAT_START,CONVERGED_FEASIBLE,CONVERGED,PASSED,0.90016486900522,18,1,1,1.4432899320127e-14,3.35731442646647e-13,25,27,0.1597
ATT_T016_000659_1,CALL_T016_000659,1,EDGE_CANDIDATE_SCREEN,2011-05-11 17:30:00,E0028,CAL_011670,2.75,-961.101222960884,11.9684215313997,FLAT_START,CONVERGED_FEASIBLE,CONVERGED,PASSED,0.900165320689195,18,1,1,1.4432899320127e-14,3.3495428652941e-13,25,27,0.1346
ATT_T016_000660_1,CALL_T016_000660,1,EDGE_CANDIDATE_SCREEN,2011-05-11 17:30:00,E0028,CAL_011671,2.75,-959.465185194568,6.36989141831933,FLAT_START,CONVERGED_FEASIBLE,CONVERGED,PASSED,0.900165786322618,18,1,1,1.4210854715202e-14,3.34621219622022e-13,25,27,0.1331
ATT_T016_000661_1,CALL_T016_000661,1,LOCAL_REENTRY_STENCIL,2011-05-11 17:30:00,E0028,CAL_011667,3,-965.209806006501,26.9192964263758,FLAT_START,CONVERGED_FEASIBLE,CONVERGED,PASSED,0.900178378193184,18,1,1,1.4432899320127e-14,3.37063710276198e-13,25,27,0.1432
ATT_T016_000662_1,CALL_T016_000662,1,LOCAL_REENTRY_STENCIL,2011-05-11 17:30:00,E0028,CAL_011667,2.5,-965.689733746819,26.7790489163324,FLAT_START,CONVERGED_FEASIBLE,CONVERGED,PASSED,0.900149332101333,18,1,1,1.45439216225896e-14,3.37285754881123e-13,25,27,0.1331
ATT_T016_000663_1,CALL_T016_000663,1,ANCHOR_SEARCH,2011-05-11 17:30:00,E0029,CAL_011673,0,-957.919809270883,-8.61489524969049,FLAT_START,CONVERGED_FEASIBLE,CONVERGED,PASSED,0.900008782523982,18,1,1,1.43218770176645e-14,3.36397576461422e-13,25,27,0.1406
ATT_T016_000664_1,CALL_T016_000664,1,ANCHOR_SEARCH,2011-05-11 17:30:00,E0029,CAL_011673,0.5,-957.440355361346,-8.4730363457418,FLAT_START,CONVERGED_FEASIBLE,CONVERGED,PASSED,0.900037829027818,18,1,1,1.4210854715202e-14,3.35620420344185e-13,25,27,0.1599
ATT_T016_000665_1,CALL_T016_000665,1,ANCHOR_SEARCH,2011-05-11 17:30:00,E0029,CAL_011673,1,-956.960901451809,-8.33117744179312,FLAT_START,CONVERGED_FEASIBLE,CONVERGED,PASSED,0.900066873194689,18,1,1,1.43218770176645e-14,3.34843264226947e-13,25,27,0.1377
ATT_T016_000666_1,CALL_T016_000666,1,ANCHOR_SEARCH,2011-05-11 17:30:00,E0029,CAL_011673,2,-956.001993632734,-8.04745963389575,FLAT_START,CONVERGED_FEASIBLE,CONVERGED,PASSED,0.900124954519608,18,1,1,1.4210854715202e-14,3.33510996597397e-13,25,27,0.1373
ATT_T016_000667_1,CALL_T016_000667,1,ANCHOR_SEARCH,2011-05-11 17:30:00,E0029,CAL_011673,4,-954.084177994586,-7.48002401810101,FLAT_START,CONVERGED_FEASIBLE,CONVERGED,PASSED,0.900241089148639,18,1,1,1.3988810110277e-14,9.87321335799152e-13,24,27,0.1368
ATT_T016_000668_1,CALL_T016_000668,1,ANCHOR_SEARCH,2011-05-11 17:30:00,E0029,CAL_011673,3,-955.04308581366,-7.76374182599838,FLAT_START,CONVERGED_FEASIBLE,CONVERGED,PASSED,0.900183026502879,18,1,1,1.40998324127395e-14,9.92206317107502e-13,24,27,0.1347
ATT_T016_000669_1,CALL_T016_000669,1,ANCHOR_SEARCH,2011-05-11 17:30:00,E0029,CAL_011673,2.5,-955.522539723197,-7.90560072994706,FLAT_START,CONVERGED_FEASIBLE,CONVERGED,PASSED,0.900153991678692,18,1,1,1.40998324127395e-14,3.32511795875234e-13,25,27,0.1369
ATT_T016_000670_1,CALL_T016_000670,1,ANCHOR_SEARCH,2011-05-11 17:30:00,E0029,CAL_011673,2.25,-955.762266677966,-7.97653018192141,FLAT_START,CONVERGED_FEASIBLE,CONVERGED,PASSED,0.900139473391044,18,1,1,1.4210854715202e-14,3.33177929690009e-13,25,27,0.1343
ATT_T016_000671_1,CALL_T016_000671,1,EDGE_CANDIDATE_SCREEN,2011-05-11 17:30:00,E0029,CAL_011674,2.5,-949.669993399359,-27.6860032116003,FLAT_START,CONVERGED_FEASIBLE,CONVERGED,PASSED,0.900158865944684,18,1,1,1.3988810110277e-14,9.86544179681914e-13,24,27,0.1559
ATT_T016_000672_1,CALL_T016_000672,1,EDGE_CANDIDATE_SCREEN,2011-05-11 17:30:00,E0029,CAL_011675,2.5,-943.820271611096,-47.4568593441286,FLAT_START,CONVERGED_FEASIBLE,CONVERGED,PASSED,0.900163147076072,18,1,1,1.38777878078145e-14,9.79438752324313e-13,24,27,0.1314
ATT_T016_000673_1,CALL_T016_000673,1,EDGE_CANDIDATE_SCREEN,2011-05-11 17:30:00,E0029,CAL_011676,2.5,-937.972481882317,-67.221185513098,FLAT_START,CONVERGED_FEASIBLE,CONVERGED,PASSED,0.900166834659833,18,1,1,1.38777878078145e-14,9.72777414176562e-13,24,27,0.1316
ATT_T016_000674_1,CALL_T016_000674,1,EDGE_CANDIDATE_SCREEN,2011-05-11 17:30:00,E0029,CAL_011677,2.5,-932.125732914838,-86.9819941229985,FLAT_START,CONVERGED_FEASIBLE,CONVERGED,PASSED,0.900169927907757,18,1,1,1.35447209004269e-14,9.66449142936199e-13,24,27,0.1307
ATT_T016_000675_1,CALL_T016_000675,1,EDGE_CANDIDATE_SCREEN,2011-05-11 17:30:00,E0029,CAL_011678,2.5,-926.279134044746,-106.742295434613,FLAT_START,CONVERGED_FEASIBLE,CONVERGED,PASSED,0.900172425654609,18,1,1,1.33226762955019e-14,9.60120871695835e-13,24,27,0.13
ATT_T016_000676_1,CALL_T016_000676,1,EDGE_CANDIDATE_SCREEN,2011-05-11 17:30:00,E0029,CAL_011679,2.5,-920.431794699587,-126.505099399607,FLAT_START,CONVERGED_FEASIBLE,CONVERGED,PASSED,0.900174326355764,18,1,1,1.32116539930394e-14,9.54347711967785e-13,24,27,0.13
ATT_T016_000677_1,CALL_T016_000677,1,EDGE_CANDIDATE_SCREEN,2011-05-11 17:30:00,E0029,CAL_011680,2.5,-914.582823855676,-146.273417494723,FLAT_START,CONVERGED_FEASIBLE,CONVERGED,PASSED,0.900175628084324,18,1,1,1.29896093881143e-14,9.49462730659434e-13,24,27,0.1319
ATT_T016_000678_1,CALL_T016_000678,1,EDGE_CANDIDATE_SCREEN,2011-05-11 17:30:00,E0029,CAL_011681,2.5,-908.731329494815,-166.050264557947,FLAT_START,CONVERGED_FEASIBLE,CONVERGED,PASSED,0.900176328527707,18,1,1,1.29896093881143e-14,9.44466727048621e-13,24,27,0.1549
ATT_T016_000679_1,CALL_T016_000679,1,EDGE_CANDIDATE_SCREEN,2011-05-11 17:30:00,E0029,CAL_011682,2.5,-902.876418059729,-185.838660629026,FLAT_START,CONVERGED_FEASIBLE,CONVERGED,PASSED,0.900176424983696,18,1,1,1.27675647831893e-14,9.39914812647658e-13,24,27,0.1356
ATT_T016_000680_1,CALL_T016_000680,1,EDGE_CANDIDATE_SCREEN,2011-05-11 17:30:00,E0029,CAL_011683,2.5,-897.017193907505,-205.641632796742,FLAT_START,CONVERGED_FEASIBLE,CONVERGED,PASSED,0.900175914355932,18,1,1,1.29896093881143e-14,9.35473920549157e-13,24,27,0.1459
ATT_T016_000681_1,CALL_T016_000681,1,EDGE_CANDIDATE_SCREEN,2011-05-11 17:30:00,E0029,CAL_011684,2.5,-891.15275876032,-225.462217055324,FLAT_START,CONVERGED_FEASIBLE,CONVERGED,PASSED,0.900174793148855,18,1,1,1.26565424807268e-14,9.31810184567894e-13,24,27,0.1384
ATT_T016_000682_1,CALL_T016_000682,1,EDGE_CANDIDATE_SCREEN,2011-05-11 17:30:00,E0029,CAL_011685,2.5,-885.28221115275,-245.303460172441,FLAT_START,CONVERGED_FEASIBLE,CONVERGED,PASSED,0.900173057462068,18,1,1,1.24344978758018e-14,9.28701560098943e-13,24,27,0.1332
ATT_T016_000683_1,CALL_T016_000683,1,EDGE_CANDIDATE_SCREEN,2011-05-11 17:30:00,E0029,CAL_011686,2.5,-879.404645874924,-265.16842157122,FLAT_START,CONVERGED_FEASIBLE,CONVERGED,PASSED,0.900170702984111,18,1,1,1.24344978758018e-14,9.2548191332753e-13,24,27,0.1365
ATT_T016_000684_1,CALL_T016_000684,1,EDGE_CANDIDATE_SCREEN,2011-05-11 17:30:00,E0029,CAL_011687,2.5,-873.519153410797,-285.060175228768,FLAT_START,CONVERGED_FEASIBLE,CONVERGED,PASSED,0.900167724985629,18,1,1,1.25455201782643e-14,9.23372489580743e-13,24,27,0.1564
ATT_T016_000685_1,CALL_T016_000685,1,EDGE_CANDIDATE_SCREEN,2011-05-11 17:30:00,E0029,CAL_011688,2.5,-867.624819370794,-304.981811593729,FLAT_START,CONVERGED_FEASIBLE,CONVERGED,PASSED,0.900164118311927,18,1,1,1.25455201782643e-14,9.20818976624105e-13,24,27,0.1355
ATT_T016_000686_1,CALL_T016_000686,1,EDGE_CANDIDATE_SCREEN,2011-05-11 17:30:00,E0029,CAL_011689,2.5,-861.720723918059,-324.936439525425,FLAT_START,CONVERGED_FEASIBLE,CONVERGED,PASSED,0.900159877374871,18,1,1,1.25455201782643e-14,9.19597731297017e-13,24,27,0.1369
ATT_T016_000687_1,CALL_T016_000687,1,EDGE_CANDIDATE_SCREEN,2011-05-11 17:30:00,E0029,CAL_011690,2.5,-855.805941187556,-344.927188257198,FLAT_START,CONVERGED_FEASIBLE,CONVERGED,PASSED,0.900154996144139,18,1,1,1.26565424807268e-14,9.18376485969929e-13,24,27,0.15
ATT_T016_000688_1,CALL_T016_000688,1,LOCAL_REENTRY_STENCIL,2011-05-11 17:30:00,E0029,CAL_011673,2.75,-955.282812768429,-7.83467127797272,FLAT_START,CONVERGED_FEASIBLE,CONVERGED,PASSED,0.900168509382615,18,1,1,1.40998324127395e-14,9.92428361712427e-13,24,27,0.138
ATT_T016_000689_1,CALL_T016_000689,1,LOCAL_REENTRY_STENCIL,2011-05-11 17:30:00,E0029,CAL_011673,2.25,-955.762266677966,-7.97653018192141,FLAT_START,CONVERGED_FEASIBLE,CONVERGED,PASSED,0.900139473391044,18,1,1,1.4210854715202e-14,3.33177929690009e-13,25,27,0.1396
ATT_T016_000690_1,CALL_T016_000690,1,ANCHOR_SEARCH,2011-05-11 17:30:00,E0030,CAL_011692,0,-846.15678237856,-385.585336303593,FLAT_START,CONVERGED_FEASIBLE,CONVERGED,PASSED,0.900011235506912,18,1,1,1.29896093881143e-14,9.26370091747231e-13,24,27,0.166
ATT_T016_000691_1,CALL_T016_000691,1,ANCHOR_SEARCH,2011-05-11 17:30:00,E0030,CAL_011692,0.5,-845.678833254159,-385.438487284243,FLAT_START,CONVERGED_FEASIBLE,CONVERGED,PASSED,0.900040169368357,18,1,1,1.27675647831893e-14,9.2459373490783e-13,24,27,0.1447
ATT_T016_000692_1,CALL_T016_000692,1,ANCHOR_SEARCH,2011-05-11 17:30:00,E0030,CAL_011692,1,-845.200884129757,-385.291638264893,FLAT_START,CONVERGED_FEASIBLE,CONVERGED,PASSED,0.900069100925948,18,1,1,1.28785870856518e-14,9.22262266556118e-13,24,27,0.1477
ATT_T016_000693_1,CALL_T016_000693,1,ANCHOR_SEARCH,2011-05-11 17:30:00,E0030,CAL_011692,2,-844.244985880955,-384.997940226194,FLAT_START,CONVERGED_FEASIBLE,CONVERGED,PASSED,0.900126957131582,18,1,1,1.28785870856518e-14,9.18487508272392e-13,24,27,0.1386
ATT_T016_000694_1,CALL_T016_000694,1,ANCHOR_SEARCH,2011-05-11 17:30:00,E0030,CAL_011692,4,-842.333189383349,-384.410544148795,FLAT_START,CONVERGED_FEASIBLE,CONVERGED,PASSED,0.900242641918772,18,1,1,1.25455201782643e-14,9.10604924797553e-13,24,27,0.1377
ATT_T016_000695_1,CALL_T016_000695,1,ANCHOR_SEARCH,2011-05-11 17:30:00,E0030,CAL_011692,3,-843.289087632152,-384.704242187495,FLAT_START,CONVERGED_FEASIBLE,CONVERGED,PASSED,0.900184804127847,18,1,1,1.25455201782643e-14,9.14601727686204e-13,24,27,0.1364
ATT_T016_000696_1,CALL_T016_000696,1,ANCHOR_SEARCH,2011-05-11 17:30:00,E0030,CAL_011692,2.5,-843.767036756553,-384.851091206844,FLAT_START,CONVERGED_FEASIBLE,CONVERGED,PASSED,0.900155881780634,18,1,1,1.26565424807268e-14,9.16378084525604e-13,24,27,0.1364
ATT_T016_000697_1,CALL_T016_000697,1,ANCHOR_SEARCH,2011-05-11 17:30:00,E0030,CAL_011692,2.25,-844.006011318754,-384.924515716519,FLAT_START,CONVERGED_FEASIBLE,CONVERGED,PASSED,0.900141419743869,18,1,1,1.27675647831893e-14,9.17710352155154e-13,24,27,0.1716
ATT_T016_000698_1,CALL_T016_000698,1,EDGE_CANDIDATE_SCREEN,2011-05-11 17:30:00,E0030,CAL_011693,2.5,-837.634589751019,-404.810350653798,FLAT_START,CONVERGED_FEASIBLE,CONVERGED,PASSED,0.900161663055165,18,1,1,1.26565424807268e-14,9.15822973013292e-13,24,27,0.1388
ATT_T016_000699_1,CALL_T016_000699,1,EDGE_CANDIDATE_SCREEN,2011-05-11 17:30:00,E0030,CAL_011694,2.5,-831.48874676064,-424.81320997807,FLAT_START,CONVERGED_FEASIBLE,CONVERGED,PASSED,0.900166806116687,18,1,1,1.28785870856518e-14,9.15378883803442e-13,24,27,0.1365
ATT_T016_000700_1,CALL_T016_000700,1,EDGE_CANDIDATE_SCREEN,2011-05-11 17:30:00,E0030,CAL_011695,2.5,-825.328524585706,-444.862869197209,FLAT_START,CONVERGED_FEASIBLE,CONVERGED,PASSED,0.90017130521948,18,1,1,1.31006316905768e-14,9.15711950710829e-13,24,27,0.1316
ATT_T016_000701_1,CALL_T016_000701,1,EDGE_CANDIDATE_SCREEN,2011-05-11 17:30:00,E0030,CAL_011696,2.5,-819.152931029096,-464.962557612633,FLAT_START,CONVERGED_FEASIBLE,CONVERGED,PASSED,0.900175154142017,18,1,1,1.29896093881143e-14,9.16600129130529e-13,24,27,0.1337
ATT_T016_000702_1,CALL_T016_000702,1,EDGE_CANDIDATE_SCREEN,2011-05-11 17:30:00,E0030,CAL_011697,2.5,-812.960964240848,-485.115535942824,FLAT_START,CONVERGED_FEASIBLE,CONVERGED,PASSED,0.900178346175445,18,1,1,1.32116539930394e-14,9.18154441365004e-13,24,27,0.1319
ATT_T016_000703_1,CALL_T016_000703,1,EDGE_CANDIDATE_SCREEN,2011-05-11 17:30:00,E0030,CAL_011698,2.5,-806.751612049726,-505.325098498894,FLAT_START,CONVERGED_FEASIBLE,CONVERGED,PASSED,0.900180874111256,18,1,1,1.35447209004269e-14,9.20263865111792e-13,24,27,0.1324
ATT_T016_000704_1,CALL_T016_000704,1,EDGE_CANDIDATE_SCREEN,2011-05-11 17:30:00,E0030,CAL_011699,2.5,-800.523851280788,-525.59457540569,FLAT_START,CONVERGED_FEASIBLE,CONVERGED,PASSED,0.900182730228097,18,1,1,1.35447209004269e-14,9.22928400370893e-13,24,27,0.1335
ATT_T016_000705_1,CALL_T016_000705,1,EDGE_CANDIDATE_SCREEN,2011-05-11 17:30:00,E0030,CAL_011700,2.5,-794.276647057962,-545.927334871686,FLAT_START,CONVERGED_FEASIBLE,CONVERGED,PASSED,0.900183906277688,18,1,1,1.36557432028894e-14,9.25592935629993e-13,24,27,0.1313
ATT_T016_000706_1,CALL_T016_000706,1,EDGE_CANDIDATE_SCREEN,2011-05-11 17:30:00,E0030,CAL_011701,2.5,-788.0089520906,-566.32678551106,FLAT_START,CONVERGED_FEASIBLE,CONVERGED,PASSED,0.900184393469801,18,1,1,1.37667655053519e-14,9.29145649308794e-13,24,27,0.1318
ATT_T016_000707_1,CALL_T016_000707,1,EDGE_CANDIDATE_SCREEN,2011-05-11 17:30:00,E0030,CAL_011702,2.5,-781.719705942898,-586.796378721482,FLAT_START,CONVERGED_FEASIBLE,CONVERGED,PASSED,0.900184182456272,18,1,1,1.40998324127395e-14,9.34252675222069e-13,24,27,0.1367
ATT_T016_000708_1,CALL_T016_000708,1,EDGE_CANDIDATE_SCREEN,2011-05-11 17:30:00,E0030,CAL_011703,2.5,-775.407834285103,-607.339611121227,FLAT_START,CONVERGED_FEASIBLE,CONVERGED,PASSED,0.900183263313978,18,1,1,1.4210854715202e-14,9.38915611925495e-13,24,27,0.1316
ATT_T016_000709_1,CALL_T016_000709,1,EDGE_CANDIDATE_SCREEN,2011-05-11 17:30:00,E0030,CAL_011704,2.5,-769.072248125315,-627.960027049429,FLAT_START,CONVERGED_FEASIBLE,CONVERGED,PASSED,0.900181625526747,18,1,1,1.43218770176645e-14,9.44466727048621e-13,24,27,0.1312
ATT_T016_000710_1,CALL_T016_000710,1,EDGE_CANDIDATE_SCREEN,2011-05-11 17:30:00,E0030,CAL_011705,2.5,-762.711843020675,-648.661221133403,FLAT_START,CONVERGED_FEASIBLE,CONVERGED,PASSED,0.900179257966141,18,1,1,1.46549439250521e-14,9.50572953684059e-13,24,27,0.1323
ATT_T016_000711_1,CALL_T016_000711,1,EDGE_CANDIDATE_SCREEN,2011-05-11 17:30:00,E0030,CAL_011706,2.5,-756.325498266699,-669.446840927146,FLAT_START,CONVERGED_FEASIBLE,CONVERGED,PASSED,0.900176148871053,18,1,1,1.48769885299771e-14,9.5767838104166e-13,24,27,0.1447
ATT_T016_000712_1,CALL_T016_000712,1,EDGE_CANDIDATE_SCREEN,2011-05-11 17:30:00,E0030,CAL_011707,2.5,-749.912076063412,-690.320589625302,FLAT_START,CONVERGED_FEASIBLE,CONVERGED,PASSED,0.900172285826056,18,1,1,1.50990331349021e-14,9.65671986818961e-13,24,27,0.1347
ATT_T016_000713_1,CALL_T016_000713,1,EDGE_CANDIDATE_SCREEN,2011-05-11 17:30:00,E0030,CAL_011708,2.5,-743.470420656927,-711.286228857064,FLAT_START,CONVERGED_FEASIBLE,CONVERGED,PASSED,0.900167655738447,18,1,1,1.55431223447522e-14,9.74664793318425e-13,24,27,0.1325
ATT_T016_000714_1,CALL_T016_000714,1,EDGE_CANDIDATE_SCREEN,2011-05-11 17:30:00,E0030,CAL_011709,2.5,-736.999357455028,-732.347581564686,FLAT_START,CONVERGED_FEASIBLE,CONVERGED,PASSED,0.900162244813904,18,1,1,1.56541446472147e-14,9.84323733632664e-13,24,27,0.1623
ATT_T016_000715_1,CALL_T016_000715,1,EDGE_CANDIDATE_SCREEN,2011-05-11 17:30:00,E0030,CAL_011710,2.5,-730.497692115255,-753.508534971491,FLAT_START,CONVERGED_FEASIBLE,CONVERGED,PASSED,0.900156038530684,18,1,1,1.59872115546023e-14,9.94870852366603e-13,24,27,0.1336
ATT_T016_000716_1,CALL_T016_000716,1,LOCAL_REENTRY_STENCIL,2011-05-11 17:30:00,E0030,CAL_011692,2.75,-843.528062194353,-384.777666697169,FLAT_START,CONVERGED_FEASIBLE,CONVERGED,PASSED,0.900170343241938,18,1,1,1.26565424807268e-14,9.15045816896054e-13,24,27,0.1346
ATT_T016_000717_1,CALL_T016_000717,1,LOCAL_REENTRY_STENCIL,2011-05-11 17:30:00,E0030,CAL_011692,2.25,-844.006011318754,-384.924515716519,FLAT_START,CONVERGED_FEASIBLE,CONVERGED,PASSED,0.900141419743869,18,1,1,1.27675647831893e-14,9.17710352155154e-13,24,27,0.1322
ATT_T016_000718_1,CALL_T016_000718,1,ANCHOR_SEARCH,2011-05-11 17:30:00,E0031,CAL_011712,0,-726.353955225919,-775.507288741257,FLAT_START,CONVERGED_FEASIBLE,CONVERGED,PASSED,0.900004912998556,18,1,1,1.66533453693773e-14,3.4028335704761e-13,25,27,0.1404
ATT_T016_000719_1,CALL_T016_000719,1,ANCHOR_SEARCH,2011-05-11 17:30:00,E0031,CAL_011712,0.5,-725.877383992581,-775.356027842296,FLAT_START,CONVERGED_FEASIBLE,CONVERGED,PASSED,0.90003373957377,18,1,1,1.66533453693773e-14,3.39617223232835e-13,25,27,0.1397
ATT_T016_000720_1,CALL_T016_000720,1,ANCHOR_SEARCH,2011-05-11 17:30:00,E0031,CAL_011712,1,-725.400812759242,-775.204766943336,FLAT_START,CONVERGED_FEASIBLE,CONVERGED,PASSED,0.900062563876302,18,1,1,1.65423230669148e-14,3.38618022510673e-13,25,27,0.1619
ATT_T016_000721_1,CALL_T016_000721,1,ANCHOR_SEARCH,2011-05-11 17:30:00,E0031,CAL_011712,2,-724.447670292565,-774.902245145415,FLAT_START,CONVERGED_FEASIBLE,CONVERGED,PASSED,0.900120205665286,18,1,1,1.63202784619898e-14,3.37285754881123e-13,25,27,0.1419
ATT_T016_000722_1,CALL_T016_000722,1,ANCHOR_SEARCH,2011-05-11 17:30:00,E0031,CAL_011712,4,-722.541385359212,-774.297201549574,FLAT_START,CONVERGED_FEASIBLE,CONVERGED,PASSED,0.900235461992699,18,1,1,1.63202784619898e-14,3.34621219622022e-13,25,27,0.1372
ATT_T016_000723_1,CALL_T016_000723,1,ANCHOR_SEARCH,2011-05-11 17:30:00,E0031,CAL_011712,3,-723.494527825889,-774.599723347494,FLAT_START,CONVERGED_FEASIBLE,CONVERGED,PASSED,0.900177838369441,18,1,1,1.63202784619898e-14,3.36064509554035e-13,25,27,0.1374
ATT_T016_000724_1,CALL_T016_000724,1,ANCHOR_SEARCH,2011-05-11 17:30:00,E0031,CAL_011712,2.5,-723.971099059227,-774.750984246455,FLAT_START,CONVERGED_FEASIBLE,CONVERGED,PASSED,0.900149023152721,18,1,1,1.64313007644523e-14,3.36619621066347e-13,25,27,0.1371
ATT_T016_000725_1,CALL_T016_000725,1,ANCHOR_SEARCH,2011-05-11 17:30:00,E0031,CAL_011712,2.75,-723.732813442558,-774.675353796975,FLAT_START,CONVERGED_FEASIBLE,CONVERGED,PASSED,0.90016343104489,18,1,1,1.64313007644523e-14,3.36175531856497e-13,25,27,0.1373
ATT_T016_000726_1,CALL_T016_000726,1,EDGE_CANDIDATE_SCREEN,2011-05-11 17:30:00,E0031,CAL_011713,2.75,-717.010333378097,-795.855583700611,FLAT_START,CONVERGED_FEASIBLE,CONVERGED,PASSED,0.900167472237508,18,1,1,1.66533453693773e-14,3.40505401652536e-13,25,27,0.1456
ATT_T016_000727_1,CALL_T016_000727,1,EDGE_CANDIDATE_SCREEN,2011-05-11 17:30:00,E0031,CAL_011714,2.75,-710.254280907547,-817.141588745653,FLAT_START,CONVERGED_FEASIBLE,CONVERGED,PASSED,0.900170736689673,18,1,1,1.70974345792274e-14,3.44835271448574e-13,25,27,0.1651
ATT_T016_000728_1,CALL_T016_000728,1,EDGE_CANDIDATE_SCREEN,2011-05-11 17:30:00,E0031,CAL_011715,2.75,-703.463367029715,-838.537430132923,FLAT_START,CONVERGED_FEASIBLE,CONVERGED,PASSED,0.90017320980442,18,1,1,1.765254609154e-14,3.49276163547074e-13,25,27,0.1352
ATT_T016_000729_1,CALL_T016_000729,1,EDGE_CANDIDATE_SCREEN,2011-05-11 17:30:00,E0031,CAL_011716,2.75,-696.636278729732,-860.047244722114,FLAT_START,CONVERGED_FEASIBLE,CONVERGED,PASSED,0.900174876182124,18,1,1,1.79856129989275e-14,3.54605234065275e-13,25,27,0.1351
ATT_T016_000730_1,CALL_T016_000730,1,EDGE_CANDIDATE_SCREEN,2011-05-11 17:30:00,E0031,CAL_011717,2.75,-689.77167788611,-881.675248475261,FLAT_START,CONVERGED_FEASIBLE,CONVERGED,PASSED,0.90017571958842,18,1,1,1.86517468137026e-14,3.59934304583476e-13,25,27,0.1337
ATT_T016_000731_1,CALL_T016_000731,1,EDGE_CANDIDATE_SCREEN,2011-05-11 17:30:00,E0031,CAL_011718,2.75,-682.868200139274,-903.425740021623,FLAT_START,CONVERGED_FEASIBLE,CONVERGED,PASSED,0.900175722920175,18,1,1,1.89848137210902e-14,3.66151553521377e-13,25,27,0.1336
ATT_T016_000732_1,CALL_T016_000732,1,EDGE_CANDIDATE_SCREEN,2011-05-11 17:30:00,E0031,CAL_011719,2.75,-675.924453719419,-925.303104350689,FLAT_START,CONVERGED_FEASIBLE,CONVERGED,PASSED,0.900174868169401,18,1,1,1.96509475358653e-14,3.7247982476174e-13,25,27,0.134
ATT_T016_000733_1,CALL_T016_000733,1,EDGE_CANDIDATE_SCREEN,2011-05-11 17:30:00,E0031,CAL_011720,2.75,-668.939018231465,-947.311816640381,FLAT_START,CONVERGED_FEASIBLE,CONVERGED,PASSED,0.900173136384985,18,1,1,2.02060590481778e-14,3.79474229816879e-13,25,27,0.1537
ATT_T016_000734_1,CALL_T016_000734,1,EDGE_CANDIDATE_SCREEN,2011-05-11 17:30:00,E0031,CAL_011721,2.75,-661.910443394729,-969.456446227904,FLAT_START,CONVERGED_FEASIBLE,CONVERGED,PASSED,0.900170507632089,18,1,1,2.06501482580279e-14,3.86912724081867e-13,25,27,0.1403
ATT_T016_000735_1,CALL_T016_000735,1,EDGE_CANDIDATE_SCREEN,2011-05-11 17:30:00,E0031,CAL_011722,2.75,-654.837247734838,-991.741660731091,FLAT_START,CONVERGED_FEASIBLE,CONVERGED,PASSED,0.90016696094909,18,1,1,2.1538326677728e-14,3.94906329859168e-13,25,27,0.1361
ATT_T016_000736_1,CALL_T016_000736,1,LOCAL_REENTRY_STENCIL,2011-05-11 17:30:00,E0031,CAL_011712,3,-723.494527825889,-774.599723347494,FLAT_START,CONVERGED_FEASIBLE,CONVERGED,PASSED,0.900177838369441,18,1,1,1.63202784619898e-14,3.36064509554035e-13,25,27,0.1358
ATT_T016_000737_1,CALL_T016_000737,1,LOCAL_REENTRY_STENCIL,2011-05-11 17:30:00,E0031,CAL_011712,2.5,-723.971099059227,-774.750984246455,FLAT_START,CONVERGED_FEASIBLE,CONVERGED,PASSED,0.900149023152721,18,1,1,1.64313007644523e-14,3.36619621066347e-13,25,27,0.1359
ATT_T016_000738_1,CALL_T016_000738,1,ANCHOR_SEARCH,2011-05-11 17:30:00,E0032,CAL_011724,0,-647.785757690071,-1011.26135292824,FLAT_START,CONVERGED_FEASIBLE,CONVERGED,PASSED,0.900209976652123,18,1,1,2.20934381900406e-14,4.01567668006919e-13,25,27,0.1421
ATT_T016_000739_1,CALL_T016_000739,1,EDGE_CANDIDATE_SCREEN,2011-05-11 17:30:00,E0032,CAL_011725,0,-638.086979564662,-1029.99962545585,FLAT_START,CONVERGED_FEASIBLE,CONVERGED,PASSED,0.900410845564512,18,1,1,2.25375273998907e-14,4.03899136358632e-13,25,27,0.1376
ATT_T016_000740_1,CALL_T016_000740,1,EDGE_CANDIDATE_SCREEN,2011-05-11 17:30:00,E0032,CAL_011726,0,-628.360465583549,-1048.79148432354,FLAT_START,CONVERGED_FEASIBLE,CONVERGED,PASSED,0.900611382273407,18,1,1,2.28705943072782e-14,4.0689673852512e-13,25,27,0.1595
ATT_T016_000741_1,CALL_T016_000741,1,EDGE_CANDIDATE_SCREEN,2011-05-11 17:30:00,E0032,CAL_011727,0,-618.60460860902,-1067.64003456001,FLAT_START,CONVERGED_FEASIBLE,CONVERGED,PASSED,0.900811611155134,18,1,1,2.33146835171283e-14,4.10227407598995e-13,25,27,0.135
ATT_T016_000742_1,CALL_T016_000742,1,EDGE_CANDIDATE_SCREEN,2011-05-11 17:30:00,E0032,CAL_011728,0,-608.817782824596,-1086.54841728178,FLAT_START,CONVERGED_FEASIBLE,CONVERGED,PASSED,0.901011556301057,18,1,1,2.38697950294409e-14,4.14002165882721e-13,25,27,0.137
ATT_T016_000743_1,CALL_T016_000743,1,EDGE_CANDIDATE_SCREEN,2011-05-11 17:30:00,E0032,CAL_011729,0,-598.998342609842,-1105.51981186711,FLAT_START,CONVERGED_FEASIBLE,CONVERGED,PASSED,0.901211241524559,18,1,1,2.42028619368284e-14,4.18332035678759e-13,25,27,0.1364
ATT_T016_000744_1,CALL_T016_000744,1,EDGE_CANDIDATE_SCREEN,2011-05-11 17:30:00,E0032,CAL_011730,0,-589.144621387816,-1124.5574381827,FLAT_START,CONVERGED_FEASIBLE,CONVERGED,PASSED,0.901410690367421,18,1,1,2.48689957516035e-14,4.23105994684647e-13,25,27,0.1396
ATT_T016_000745_1,CALL_T016_000745,1,EDGE_CANDIDATE_SCREEN,2011-05-11 17:30:00,E0032,CAL_011731,0,-579.2549304434,-1143.66455886678,FLAT_START,CONVERGED_FEASIBLE,CONVERGED,PASSED,0.901139816686712,33,1,1,2.54241072639161e-14,4.29545288227473e-13,25,27,0.1441
ATT_T016_000746_1,CALL_T016_000746,1,EDGE_CANDIDATE_SCREEN,2011-05-11 17:30:00,E0032,CAL_011732,0,-569.327557710645,-1162.84448167193,FLAT_START,CONVERGED_FEASIBLE,CONVERGED,PASSED,0.900574692453333,33,1,1,2.60902410786912e-14,4.4264591991805e-13,25,27,0.1631
ATT_T016_000747_1,CALL_T016_000747,1,LOCAL_REENTRY_STENCIL,2011-05-11 17:30:00,E0032,CAL_011724,0.25,-647.563735045245,-1011.14643580513,FLAT_START,CONVERGED_FEASIBLE,CONVERGED,PASSED,0.900224152659241,18,1,1,2.18713935851156e-14,4.01123578797069e-13,25,27,0.1379
ATT_T016_000748_1,CALL_T016_000748,1,ANCHOR_SEARCH,2011-05-11 17:30:00,E0033,CAL_011734,0,-559.360766526699,-1182.10056187058,FLAT_START,CONVERGED_FEASIBLE,CONVERGED,PASSED,0.900005964340383,33,1,1,2.69784194983913e-14,4.56856774633252e-13,25,27,0.1412
ATT_T016_000749_1,CALL_T016_000749,1,ANCHOR_SEARCH,2011-05-11 17:30:00,E0033,CAL_011734,0.5,-559.156001001188,-1181.64441378107,FLAT_START,CONVERGED_FEASIBLE,CONVERGED,PASSED,0.900027307575028,33,1,1,2.67563748934663e-14,4.56079618516014e-13,25,27,0.1403
ATT_T016_000750_1,CALL_T016_000750,1,ANCHOR_SEARCH,2011-05-11 17:30:00,E0033,CAL_011734,1,-558.951235475676,-1181.18826569156,FLAT_START,CONVERGED_FEASIBLE,CONVERGED,PASSED,0.900048649510228,33,1,1,2.67563748934663e-14,4.55413484701239e-13,25,27,0.1386
ATT_T016_000751_1,CALL_T016_000751,1,ANCHOR_SEARCH,2011-05-11 17:30:00,E0033,CAL_011734,2,-558.541704424654,-1180.27596951255,FLAT_START,CONVERGED_FEASIBLE,CONVERGED,PASSED,0.900091329483162,33,1,1,2.66453525910038e-14,4.53637127861839e-13,25,27,0.1453
ATT_T016_000752_1,CALL_T016_000752,1,ANCHOR_SEARCH,2011-05-11 17:30:00,E0033,CAL_011734,4,-557.722642322608,-1178.45137715451,FLAT_START,CONVERGED_FEASIBLE,CONVERGED,PASSED,0.900176673845183,33,1,1,2.65343302885412e-14,4.50750547997814e-13,25,27,0.1728
ATT_T016_000753_1,CALL_T016_000753,1,ANCHOR_SEARCH,2011-05-11 17:30:00,E0033,CAL_011734,3,-558.132173373631,-1179.36367333353,FLAT_START,CONVERGED_FEASIBLE,CONVERGED,PASSED,0.900134004260906,33,1,1,2.65343302885412e-14,4.52082815627364e-13,25,27,0.1397
ATT_T016_000754_1,CALL_T016_000754,1,ANCHOR_SEARCH,2011-05-11 17:30:00,E0033,CAL_011734,3.5,-557.92740784812,-1178.90752524402,FLAT_START,CONVERGED_FEASIBLE,CONVERGED,PASSED,0.90015533970212,33,1,1,2.64233079860787e-14,4.51416681812589e-13,25,27,0.1363
ATT_T016_000755_1,CALL_T016_000755,1,ANCHOR_SEARCH,2011-05-11 17:30:00,E0033,CAL_011734,3.25,-558.029790610875,-1179.13559928878,FLAT_START,CONVERGED_FEASIBLE,CONVERGED,PASSED,0.900144672143796,33,1,1,2.66453525910038e-14,4.51860771022439e-13,25,27,0.136
ATT_T016_000756_1,CALL_T016_000756,1,EDGE_CANDIDATE_SCREEN,2011-05-11 17:30:00,E0033,CAL_011735,3.5,-541.161467445468,-1186.43377971314,FLAT_START,CONVERGED_FEASIBLE,CONVERGED,PASSED,0.900161715372112,33,1,1,2.60902410786912e-14,4.44533299059913e-13,25,27,0.1343
ATT_T016_000757_1,CALL_T016_000757,1,EDGE_CANDIDATE_SCREEN,2011-05-11 17:30:00,E0033,CAL_011736,3.5,-524.514472660629,-1193.90663932541,FLAT_START,CONVERGED_FEASIBLE,CONVERGED,PASSED,0.900167321645058,33,1,1,2.54241072639161e-14,4.38427072424474e-13,25,27,0.1336
ATT_T016_000758_1,CALL_T016_000758,1,EDGE_CANDIDATE_SCREEN,2011-05-11 17:30:00,E0033,CAL_011737,3.5,-507.982653205699,-1201.32779656844,FLAT_START,CONVERGED_FEASIBLE,CONVERGED,PASSED,0.900172178496345,33,1,1,2.48689957516035e-14,4.32098801184111e-13,25,27,0.1353
ATT_T016_000759_1,CALL_T016_000759,1,EDGE_CANDIDATE_SCREEN,2011-05-11 17:30:00,E0033,CAL_011738,3.5,-491.562325634644,-1208.69890494638,FLAT_START,CONVERGED_FEASIBLE,CONVERGED,PASSED,0.900176304946071,33,1,1,2.4535928844216e-14,4.26658708363448e-13,25,27,0.1712
ATT_T016_000760_1,CALL_T016_000760,1,EDGE_CANDIDATE_SCREEN,2011-05-11 17:30:00,E0033,CAL_011739,3.5,-475.24988975946,-1216.02158058874,FLAT_START,CONVERGED_FEASIBLE,CONVERGED,PASSED,0.900179719102285,33,1,1,2.37587727269783e-14,4.21884749357559e-13,25,27,0.1361
ATT_T016_000761_1,CALL_T016_000761,1,EDGE_CANDIDATE_SCREEN,2011-05-11 17:30:00,E0033,CAL_011740,3.5,-459.041825206289,-1223.29740379635,FLAT_START,CONVERGED_FEASIBLE,CONVERGED,PASSED,0.900182438201712,33,1,1,2.36477504245158e-14,4.17332834956596e-13,25,27,0.1335
ATT_T016_000762_1,CALL_T016_000762,1,EDGE_CANDIDATE_SCREEN,2011-05-11 17:30:00,E0033,CAL_011741,3.5,-442.934688104139,-1230.52792052779,FLAT_START,CONVERGED_FEASIBLE,CONVERGED,PASSED,0.900184478648119,33,1,1,2.34257058195908e-14,4.12780920555633e-13,25,27,0.1372
ATT_T016_000763_1,CALL_T016_000763,1,EDGE_CANDIDATE_SCREEN,2011-05-11 17:30:00,E0033,CAL_011742,3.5,-426.925107899307,-1237.71464382941,FLAT_START,CONVERGED_FEASIBLE,CONVERGED,PASSED,0.900185856048457,33,1,1,2.27595720048157e-14,4.08562073062058e-13,25,27,0.1359
ATT_T016_000764_1,CALL_T016_000764,1,EDGE_CANDIDATE_SCREEN,2011-05-11 17:30:00,E0033,CAL_011743,3.5,-411.009784288914,-1244.85905521185,FLAT_START,CONVERGED_FEASIBLE,CONVERGED,PASSED,0.90018658524693,33,1,1,2.25375273998907e-14,4.05231403988182e-13,25,27,0.1349
ATT_T016_000765_1,CALL_T016_000765,1,EDGE_CANDIDATE_SCREEN,2011-05-11 17:30:00,E0033,CAL_011744,3.5,-395.185484267365,-1251.96260597593,FLAT_START,CONVERGED_FEASIBLE,CONVERGED,PASSED,0.900186680357099,33,1,1,2.20934381900406e-14,4.01900734914307e-13,25,27,0.1333
ATT_T016_000766_1,CALL_T016_000766,1,EDGE_CANDIDATE_SCREEN,2011-05-11 17:30:00,E0033,CAL_011745,3.5,-379.449039279819,-1259.02671849042,FLAT_START,CONVERGED_FEASIBLE,CONVERGED,PASSED,0.900186154792156,33,1,1,2.18713935851156e-14,3.99236199655206e-13,25,27,0.1343
ATT_T016_000767_1,CALL_T016_000767,1,EDGE_CANDIDATE_SCREEN,2011-05-11 17:30:00,E0033,CAL_011746,3.5,-363.797342477112,-1266.05278742432,FLAT_START,CONVERGED_FEASIBLE,CONVERGED,PASSED,0.900185021293462,33,1,1,2.17603712826531e-14,3.96460642093643e-13,25,27,0.1338
ATT_T016_000768_1,CALL_T016_000768,1,EDGE_CANDIDATE_SCREEN,2011-05-11 17:30:00,E0033,CAL_011747,3.5,-348.227346066802,-1273.04218093598,FLAT_START,CONVERGED_FEASIBLE,CONVERGED,PASSED,0.900183291957458,33,1,1,2.14273043752655e-14,3.94129173741931e-13,25,27,0.1348
ATT_T016_000769_1,CALL_T016_000769,1,EDGE_CANDIDATE_SCREEN,2011-05-11 17:30:00,E0033,CAL_011748,3.5,-332.736058755332,-1279.99624182134,FLAT_START,CONVERGED_FEASIBLE,CONVERGED,PASSED,0.900180978261038,33,1,1,2.12052597703405e-14,3.91797705390218e-13,25,27,0.1735
ATT_T016_000770_1,CALL_T016_000770,1,EDGE_CANDIDATE_SCREEN,2011-05-11 17:30:00,E0033,CAL_011749,3.5,-317.320543276506,-1286.91628862336,FLAT_START,CONVERGED_FEASIBLE,CONVERGED,PASSED,0.900178091085477,33,1,1,2.09832151654155e-14,3.9013237085328e-13,25,27,0.1407
ATT_T016_000771_1,CALL_T016_000771,1,EDGE_CANDIDATE_SCREEN,2011-05-11 17:30:00,E0033,CAL_011750,3.5,-301.977914001739,-1293.80361670481,FLAT_START,CONVERGED_FEASIBLE,CONVERGED,PASSED,0.90017464073899,33,1,1,2.09832151654155e-14,3.88133969408955e-13,25,27,0.1574
ATT_T016_000772_1,CALL_T016_000772,1,EDGE_CANDIDATE_SCREEN,2011-05-11 17:30:00,E0033,CAL_011751,3.5,-286.705334627752,-1300.65949928628,FLAT_START,CONVERGED_FEASIBLE,CONVERGED,PASSED,0.900170636978,33,1,1,2.05391259555654e-14,3.86912724081867e-13,25,27,0.1906
ATT_T016_000773_1,CALL_T016_000773,1,EDGE_CANDIDATE_SCREEN,2011-05-11 17:30:00,E0033,CAL_011752,3.5,-271.500015937582,-1307.4851884512,FLAT_START,CONVERGED_FEASIBLE,CONVERGED,PASSED,0.900166089027191,33,1,1,2.06501482580279e-14,3.85469434149854e-13,25,27,0.1379
ATT_T016_000774_1,CALL_T016_000774,1,EDGE_CANDIDATE_SCREEN,2011-05-11 17:30:00,E0033,CAL_011753,3.5,-256.359213630981,-1314.28191611988,FLAT_START,CONVERGED_FEASIBLE,CONVERGED,PASSED,0.900161005598395,33,1,1,2.02060590481778e-14,3.84581255730154e-13,25,27,0.1344
ATT_T016_000775_1,CALL_T016_000775,1,LOCAL_REENTRY_STENCIL,2011-05-11 17:30:00,E0033,CAL_011734,3.75,-557.825025085364,-1178.67945119927,FLAT_START,CONVERGED_FEASIBLE,CONVERGED,PASSED,0.900166006935907,33,1,1,2.64233079860787e-14,4.51083614905201e-13,25,27,0.1711
ATT_T016_000776_1,CALL_T016_000776,1,LOCAL_REENTRY_STENCIL,2011-05-11 17:30:00,E0033,CAL_011734,3.25,-558.029790610875,-1179.13559928878,FLAT_START,CONVERGED_FEASIBLE,CONVERGED,PASSED,0.900144672143796,33,1,1,2.66453525910038e-14,4.51860771022439e-13,25,27,0.1384
ATT_T016_000777_1,CALL_T016_000777,1,ANCHOR_SEARCH,2011-05-11 17:30:00,E0034,CAL_011755,0,-242.713584899028,-1324.24393162042,FLAT_START,CONVERGED_FEASIBLE,CONVERGED,PASSED,0.900006453542435,33,1,1,2.05391259555654e-14,3.88133969408955e-13,25,27,0.1425
ATT_T016_000778_1,CALL_T016_000778,1,ANCHOR_SEARCH,2011-05-11 17:30:00,E0034,CAL_011755,0.5,-242.515350266573,-1323.78490762269,FLAT_START,CONVERGED_FEASIBLE,CONVERGED,PASSED,0.900027735105586,33,1,1,2.05391259555654e-14,3.8791192480403e-13,25,27,0.1673
ATT_T016_000779_1,CALL_T016_000779,1,ANCHOR_SEARCH,2011-05-11 17:30:00,E0034,CAL_011755,1,-242.317115634118,-1323.32588362495,FLAT_START,CONVERGED_FEASIBLE,CONVERGED,PASSED,0.900049015384372,33,1,1,2.02060590481778e-14,3.86801701779405e-13,25,27,0.1398
ATT_T016_000780_1,CALL_T016_000780,1,ANCHOR_SEARCH,2011-05-11 17:30:00,E0034,CAL_011755,2,-241.920646369208,-1322.40783562949,FLAT_START,CONVERGED_FEASIBLE,CONVERGED,PASSED,0.900091572089692,33,1,1,2.04281036531029e-14,3.85358411847392e-13,25,27,0.1363
ATT_T016_000781_1,CALL_T016_000781,1,ANCHOR_SEARCH,2011-05-11 17:30:00,E0034,CAL_011755,4,-241.127707839387,-1320.57173963855,FLAT_START,CONVERGED_FEASIBLE,CONVERGED,PASSED,0.900176670097222,33,1,1,2.00950367457153e-14,3.83026943495679e-13,25,27,0.1609
ATT_T016_000782_1,CALL_T016_000782,1,ANCHOR_SEARCH,2011-05-11 17:30:00,E0034,CAL_011755,3,-241.524177104298,-1321.48978763402,FLAT_START,CONVERGED_FEASIBLE,CONVERGED,PASSED,0.90013412366008,33,1,1,2.04281036531029e-14,3.84026144217842e-13,25,27,0.1394
ATT_T016_000783_1,CALL_T016_000783,1,ANCHOR_SEARCH,2011-05-11 17:30:00,E0034,CAL_011755,3.5,-241.325942471842,-1321.03076363628,FLAT_START,CONVERGED_FEASIBLE,CONVERGED,PASSED,0.900155397520201,33,1,1,2.02060590481778e-14,3.84026144217842e-13,25,27,0.1435
ATT_T016_000784_1,CALL_T016_000784,1,ANCHOR_SEARCH,2011-05-11 17:30:00,E0034,CAL_011755,3.25,-241.42505978807,-1321.26027563515,FLAT_START,CONVERGED_FEASIBLE,CONVERGED,PASSED,0.900144760750542,33,1,1,2.03170813506404e-14,3.83915121915379e-13,25,27,0.1399
ATT_T016_000785_1,CALL_T016_000785,1,EDGE_CANDIDATE_SCREEN,2011-05-11 17:30:00,E0034,CAL_011756,3.5,-226.220163562515,-1327.55436271786,FLAT_START,CONVERGED_FEASIBLE,CONVERGED,PASSED,0.900159263174953,33,1,1,2.00950367457153e-14,3.82471831983366e-13,25,27,0.1411
ATT_T016_000786_1,CALL_T016_000786,1,EDGE_CANDIDATE_SCREEN,2011-05-11 17:30:00,E0034,CAL_011757,3.5,-211.174221334011,-1334.05212066153,FLAT_START,CONVERGED_FEASIBLE,CONVERGED,PASSED,0.900162576803412,33,1,1,2.02060590481778e-14,3.82138765075979e-13,25,27,0.1362
ATT_T016_000787_1,CALL_T016_000787,1,EDGE_CANDIDATE_SCREEN,2011-05-11 17:30:00,E0034,CAL_011758,3.5,-196.18548260844,-1340.52517463452,FLAT_START,CONVERGED_FEASIBLE,CONVERGED,PASSED,0.900165347375829,33,1,1,1.98729921407903e-14,3.81361608958741e-13,25,27,0.1377
ATT_T016_000788_1,CALL_T016_000788,1,EDGE_CANDIDATE_SCREEN,2011-05-11 17:30:00,E0034,CAL_011759,3.5,-181.251351554972,-1346.97464567533,FLAT_START,CONVERGED_FEASIBLE,CONVERGED,PASSED,0.90016758339224,33,1,1,1.98729921407903e-14,3.80806497446429e-13,25,27,0.1715
ATT_T016_000789_1,CALL_T016_000789,1,EDGE_CANDIDATE_SCREEN,2011-05-11 17:30:00,E0034,CAL_011760,3.5,-166.369267800377,-1353.40163950969,FLAT_START,CONVERGED_FEASIBLE,CONVERGED,PASSED,0.900169292897755,33,1,1,1.97619698383278e-14,3.80695475143966e-13,25,27,0.1526
ATT_T016_000790_1,CALL_T016_000790,1,EDGE_CANDIDATE_SCREEN,2011-05-11 17:30:00,E0034,CAL_011761,3.5,-151.536704589525,-1359.80724734498,FLAT_START,CONVERGED_FEASIBLE,CONVERGED,PASSED,0.900170483496953,33,1,1,1.98729921407903e-14,3.80473430539041e-13,25,27,0.1455
ATT_T016_000791_1,CALL_T016_000791,1,EDGE_CANDIDATE_SCREEN,2011-05-11 17:30:00,E0034,CAL_011762,3.5,-136.751166992937,-1366.19254664433,FLAT_START,CONVERGED_FEASIBLE,CONVERGED,PASSED,0.900171162367449,33,1,1,1.96509475358653e-14,3.80473430539041e-13,25,27,0.1746
ATT_T016_000792_1,CALL_T016_000792,1,EDGE_CANDIDATE_SCREEN,2011-05-11 17:30:00,E0034,CAL_011763,3.5,-122.010190158584,-1372.55860188156,FLAT_START,CONVERGED_FEASIBLE,CONVERGED,PASSED,0.90017133627267,33,1,1,1.96509475358653e-14,3.80695475143966e-13,25,27,0.1463
ATT_T016_000793_1,CALL_T016_000793,1,EDGE_CANDIDATE_SCREEN,2011-05-11 17:30:00,E0034,CAL_011764,3.5,-107.311337605239,-1378.90646527826,FLAT_START,CONVERGED_FEASIBLE,CONVERGED,PASSED,0.900171011573857,33,1,1,1.97619698383278e-14,3.80806497446429e-13,25,27,0.1462
ATT_T016_000794_1,CALL_T016_000794,1,EDGE_CANDIDATE_SCREEN,2011-05-11 17:30:00,E0034,CAL_011765,3.5,-92.6521995547888,-1385.237177524,FLAT_START,CONVERGED_FEASIBLE,CONVERGED,PASSED,0.900170194241353,33,1,1,1.97619698383278e-14,3.81361608958741e-13,25,27,0.1765
ATT_T016_000795_1,CALL_T016_000795,1,EDGE_CANDIDATE_SCREEN,2011-05-11 17:30:00,E0034,CAL_011766,3.5,-78.0303913010068,-1391.55176848074,FLAT_START,CONVERGED_FEASIBLE,CONVERGED,PASSED,0.900168889865202,33,1,1,1.97619698383278e-14,3.82027742773516e-13,25,27,0.1515
ATT_T016_000796_1,CALL_T016_000796,1,EDGE_CANDIDATE_SCREEN,2011-05-11 17:30:00,E0034,CAL_011767,3.5,-63.4435516123759,-1397.85125787266,FLAT_START,CONVERGED_FEASIBLE,CONVERGED,PASSED,0.900167103665072,33,1,1,1.98729921407903e-14,3.83026943495679e-13,25,27,0.1502
ATT_T016_000797_1,CALL_T016_000797,1,EDGE_CANDIDATE_SCREEN,2011-05-11 17:30:00,E0034,CAL_011768,3.5,-48.8893411666178,-1404.13665596215,FLAT_START,CONVERGED_FEASIBLE,CONVERGED,PASSED,0.900164840499557,33,1,1,1.99840144432528e-14,3.83693077310454e-13,25,27,0.176
ATT_T016_000798_1,CALL_T016_000798,1,EDGE_CANDIDATE_SCREEN,2011-05-11 17:30:00,E0034,CAL_011769,3.5,-34.365441014683,-1410.40896421324,FLAT_START,CONVERGED_FEASIBLE,CONVERGED,PASSED,0.900162104874864,33,1,1,1.99840144432528e-14,3.84581255730154e-13,25,27,0.1463
ATT_T016_000799_1,CALL_T016_000799,1,EDGE_CANDIDATE_SCREEN,2011-05-11 17:30:00,E0034,CAL_011770,3.5,-19.8695510719999,-1416.6691759431,FLAT_START,CONVERGED_FEASIBLE,CONVERGED,PASSED,0.900158900952915,33,1,1,2.00950367457153e-14,3.85469434149854e-13,25,27,0.1476
ATT_T016_000800_1,CALL_T016_000800,1,EDGE_CANDIDATE_SCREEN,2011-05-11 17:30:00,E0034,CAL_011771,3.5,-5.39938863486328,-1422.91827696277,FLAT_START,CONVERGED_FEASIBLE,CONVERGED,PASSED,0.900155232558895,33,1,1,2.04281036531029e-14,3.86801701779405e-13,25,27,0.1717
ATT_T016_000801_1,CALL_T016_000801,1,LOCAL_REENTRY_STENCIL,2011-05-11 17:30:00,E0034,CAL_011755,3.75,-241.226825155615,-1320.80125163742,FLAT_START,CONVERGED_FEASIBLE,CONVERGED,PASSED,0.900166033969086,33,1,1,2.02060590481778e-14,3.83360010403067e-13,25,27,0.1599
ATT_T016_000802_1,CALL_T016_000802,1,LOCAL_REENTRY_STENCIL,2011-05-11 17:30:00,E0034,CAL_011755,3.25,-241.42505978807,-1321.26027563515,FLAT_START,CONVERGED_FEASIBLE,CONVERGED,PASSED,0.900144760750542,33,1,1,2.03170813506404e-14,3.83915121915379e-13,25,27,0.1532
ATT_T016_000803_1,CALL_T016_000803,1,ANCHOR_SEARCH,2011-05-11 17:30:00,E0035,CAL_011773,0,7.67821689000674,-1432.30259165888,FLAT_START,CONVERGED_FEASIBLE,CONVERGED,PASSED,0.900005362915384,33,1,1,2.06501482580279e-14,3.9279690611238e-13,25,27,0.186
ATT_T016_000804_1,CALL_T016_000804,1,ANCHOR_SEARCH,2011-05-11 17:30:00,E0035,CAL_011773,0.5,7.87261012338503,-1431.84192771324,FLAT_START,CONVERGED_FEASIBLE,CONVERGED,PASSED,0.900026610039484,33,1,1,2.07611705604904e-14,3.92019749995143e-13,25,27,0.1521
ATT_T016_000805_1,CALL_T016_000805,1,ANCHOR_SEARCH,2011-05-11 17:30:00,E0035,CAL_011773,1,8.06700335676332,-1431.38126376759,FLAT_START,CONVERGED_FEASIBLE,CONVERGED,PASSED,0.900047855886586,33,1,1,2.04281036531029e-14,3.91353616180368e-13,25,27,0.1523
ATT_T016_000806_1,CALL_T016_000806,1,ANCHOR_SEARCH,2011-05-11 17:30:00,E0035,CAL_011773,2,8.4557898235199,-1430.4599358763,FLAT_START,CONVERGED_FEASIBLE,CONVERGED,PASSED,0.900090343750629,33,1,1,2.03170813506404e-14,3.9013237085328e-13,25,27,0.1836
ATT_T016_000807_1,CALL_T016_000807,1,ANCHOR_SEARCH,2011-05-11 17:30:00,E0035,CAL_011773,4,9.23336275703306,-1428.61728009372,FLAT_START,CONVERGED_FEASIBLE,CONVERGED,PASSED,0.900175304163919,33,1,1,2.03170813506404e-14,3.87245790989255e-13,25,27,0.1567
ATT_T016_000808_1,CALL_T016_000808,1,ANCHOR_SEARCH,2011-05-11 17:30:00,E0035,CAL_011773,3,8.84457629027648,-1429.53860798501,FLAT_START,CONVERGED_FEASIBLE,CONVERGED,PASSED,0.900132826509184,33,1,1,2.05391259555654e-14,3.88578058618805e-13,25,27,0.1573
ATT_T016_000809_1,CALL_T016_000809,1,ANCHOR_SEARCH,2011-05-11 17:30:00,E0035,CAL_011773,3.5,9.03896952365477,-1429.07794403937,FLAT_START,CONVERGED_FEASIBLE,CONVERGED,PASSED,0.900154065974425,33,1,1,2.05391259555654e-14,3.88133969408955e-13,25,27,0.1823
ATT_T016_000810_1,CALL_T016_000810,1,ANCHOR_SEARCH,2011-05-11 17:30:00,E0035,CAL_011773,3.25,8.94177290696563,-1429.30827601219,FLAT_START,CONVERGED_FEASIBLE,CONVERGED,PASSED,0.900143446401286,33,1,1,2.05391259555654e-14,3.8835601401388e-13,25,27,0.1558
ATT_T016_000811_1,CALL_T016_000811,1,EDGE_CANDIDATE_SCREEN,2011-05-11 17:30:00,E0035,CAL_011774,3.5,23.4981650612351,-1435.17950635866,FLAT_START,CONVERGED_FEASIBLE,CONVERGED,PASSED,0.900155054100502,33,1,1,2.03170813506404e-14,3.89022147828655e-13,25,27,0.1503
ATT_T016_000812_1,CALL_T016_000812,1,EDGE_CANDIDATE_SCREEN,2011-05-11 17:30:00,E0035,CAL_011775,3.5,37.9367489346686,-1441.27237086672,FLAT_START,CONVERGED_FEASIBLE,CONVERGED,PASSED,0.900155580235744,33,1,1,2.05391259555654e-14,3.90687482365593e-13,25,27,0.1864
ATT_T016_000813_1,CALL_T016_000813,1,EDGE_CANDIDATE_SCREEN,2011-05-11 17:30:00,E0035,CAL_011776,3.5,52.356959889322,-1447.35748228031,FLAT_START,CONVERGED_FEASIBLE,CONVERGED,PASSED,0.900155647968961,33,1,1,2.08721928629529e-14,3.92130772297605e-13,25,27,0.148
ATT_T016_000814_1,CALL_T016_000814,1,LOCAL_REENTRY_STENCIL,2011-05-11 17:30:00,E0035,CAL_011773,3.75,9.13616614034392,-1428.84761206655,FLAT_START,CONVERGED_FEASIBLE,CONVERGED,PASSED,0.900164685228627,33,1,1,2.04281036531029e-14,3.87689880199105e-13,25,27,0.1756
ATT_T016_000815_1,CALL_T016_000815,1,LOCAL_REENTRY_STENCIL,2011-05-11 17:30:00,E0035,CAL_011773,3.25,8.94177290696563,-1429.30827601219,FLAT_START,CONVERGED_FEASIBLE,CONVERGED,PASSED,0.900143446401286,33,1,1,2.05391259555654e-14,3.8835601401388e-13,25,27,0.1551
ATT_T016_000816_1,CALL_T016_000816,1,ANCHOR_SEARCH,2011-05-11 17:30:00,E0036,CAL_011797,0,339.198336379551,-1569.94194529981,FLAT_START,CONVERGED_FEASIBLE,CONVERGED,PASSED,0.900003703493359,33,1,1,2.46469511466785e-14,4.45199432874688e-13,25,27,0.1581
ATT_T016_000817_1,CALL_T016_000817,1,ANCHOR_SEARCH,2011-05-11 17:30:00,E0036,CAL_011797,0.5,339.389654269196,-1569.479995665,FLAT_START,CONVERGED_FEASIBLE,CONVERGED,PASSED,0.900024919945492,33,1,1,2.44249065417534e-14,4.4442227675745e-13,25,27,0.1867
ATT_T016_000818_1,CALL_T016_000818,1,ANCHOR_SEARCH,2011-05-11 17:30:00,E0036,CAL_011797,1,339.580972158841,-1569.01804603019,FLAT_START,CONVERGED_FEASIBLE,CONVERGED,PASSED,0.900046135125951,33,1,1,2.44249065417534e-14,4.439781875476e-13,25,27,0.157
ATT_T016_000819_1,CALL_T016_000819,1,ANCHOR_SEARCH,2011-05-11 17:30:00,E0036,CAL_011797,2,339.96360793813,-1568.09414676057,FLAT_START,CONVERGED_FEASIBLE,CONVERGED,PASSED,0.900088561672678,33,1,1,2.43138842392909e-14,4.42312853010662e-13,25,27,0.1555
ATT_T016_000820_1,CALL_T016_000820,1,ANCHOR_SEARCH,2011-05-11 17:30:00,E0036,CAL_011797,4,340.728879496709,-1566.24634822132,FLAT_START,CONVERGED_FEASIBLE,CONVERGED,PASSED,0.900173399515176,33,1,1,2.42028619368284e-14,4.39204228541712e-13,25,27,0.1479
ATT_T016_000821_1,CALL_T016_000821,1,ANCHOR_SEARCH,2011-05-11 17:30:00,E0036,CAL_011797,3,340.34624371742,-1567.17024749095,FLAT_START,CONVERGED_FEASIBLE,CONVERGED,PASSED,0.9001309831352,33,1,1,2.43138842392909e-14,4.4086956307865e-13,25,27,0.1481
ATT_T016_000822_1,CALL_T016_000822,1,ANCHOR_SEARCH,2011-05-11 17:30:00,E0036,CAL_011797,3.5,340.537561607065,-1566.70829785613,FLAT_START,CONVERGED_FEASIBLE,CONVERGED,PASSED,0.900152191960402,33,1,1,2.43138842392909e-14,4.40203429263875e-13,25,27,0.148
ATT_T016_000823_1,CALL_T016_000823,1,ANCHOR_SEARCH,2011-05-11 17:30:00,E0036,CAL_011797,3.25,340.441902662242,-1566.93927267354,FLAT_START,CONVERGED_FEASIBLE,CONVERGED,PASSED,0.900141587706618,33,1,1,2.4535928844216e-14,4.40314451566337e-13,25,27,0.1772
ATT_T016_000824_1,CALL_T016_000824,1,EDGE_CANDIDATE_SCREEN,2011-05-11 17:30:00,E0036,CAL_011778,3.5,66.7646672821801,-1453.32439528929,FLAT_START,CONVERGED_FEASIBLE,CONVERGED,PASSED,0.900159680060998,33,1,1,2.08721928629529e-14,3.93352017624693e-13,25,27,0.1636
ATT_T016_000825_1,CALL_T016_000825,1,EDGE_CANDIDATE_SCREEN,2011-05-11 17:30:00,E0036,CAL_011779,3.5,81.1786840286661,-1459.29400551827,FLAT_START,CONVERGED_FEASIBLE,CONVERGED,PASSED,0.900163258766159,33,1,1,2.09832151654155e-14,3.94795307556706e-13,25,27,0.1616
ATT_T016_000826_1,CALL_T016_000826,1,EDGE_CANDIDATE_SCREEN,2011-05-11 17:30:00,E0036,CAL_011780,3.5,95.5796989732592,-1465.25823101024,FLAT_START,CONVERGED_FEASIBLE,CONVERGED,PASSED,0.900166384507971,33,1,1,2.12052597703405e-14,3.96460642093643e-13,25,27,0.1567
ATT_T016_000827_1,CALL_T016_000827,1,EDGE_CANDIDATE_SCREEN,2011-05-11 17:30:00,E0036,CAL_011781,3.5,109.96992041234,-1471.21798633805,FLAT_START,CONVERGED_FEASIBLE,CONVERGED,PASSED,0.900169060472103,33,1,1,2.12052597703405e-14,3.98792110445356e-13,25,27,0.1499
ATT_T016_000828_1,CALL_T016_000828,1,EDGE_CANDIDATE_SCREEN,2011-05-11 17:30:00,E0036,CAL_011782,3.5,124.351550047214,-1477.17418334322,FLAT_START,CONVERGED_FEASIBLE,CONVERGED,PASSED,0.900171289546839,33,1,1,2.1316282072803e-14,4.00346422679831e-13,25,27,0.1474
ATT_T016_000829_1,CALL_T016_000829,1,EDGE_CANDIDATE_SCREEN,2011-05-11 17:30:00,E0036,CAL_011783,3.5,138.726784334697,-1483.12773169521,FLAT_START,CONVERGED_FEASIBLE,CONVERGED,PASSED,0.900173074327377,33,1,1,2.1538326677728e-14,4.02344824124157e-13,25,27,0.1703
ATT_T016_000830_1,CALL_T016_000830,1,EDGE_CANDIDATE_SCREEN,2011-05-11 17:30:00,E0036,CAL_011784,3.5,153.097815830903,-1489.07953944801,FLAT_START,CONVERGED_FEASIBLE,CONVERGED,PASSED,0.900174417119704,33,1,1,2.18713935851156e-14,4.04454247870945e-13,25,27,0.1587
ATT_T016_000831_1,CALL_T016_000831,1,EDGE_CANDIDATE_SCREEN,2011-05-11 17:30:00,E0036,CAL_011785,3.5,167.46683452995,-1495.03051359456,FLAT_START,CONVERGED_FEASIBLE,CONVERGED,PASSED,0.900175319944061,33,1,1,2.19824158875781e-14,4.0645264931527e-13,25,27,0.1497
ATT_T016_000832_1,CALL_T016_000832,1,EDGE_CANDIDATE_SCREEN,2011-05-11 17:30:00,E0036,CAL_011786,3.5,181.836029199375,-1500.9815606198,FLAT_START,CONVERGED_FEASIBLE,CONVERGED,PASSED,0.900175784538013,33,1,1,2.20934381900406e-14,4.0867309536452e-13,25,27,0.1486
ATT_T016_000833_1,CALL_T016_000833,1,EDGE_CANDIDATE_SCREEN,2011-05-11 17:30:00,E0036,CAL_011787,3.5,196.207588713936,-1506.93358705306,FLAT_START,CONVERGED_FEASIBLE,CONVERGED,PASSED,0.900175812359116,33,1,1,2.22044604925031e-14,4.1133763062362e-13,25,27,0.1519
ATT_T016_000834_1,CALL_T016_000834,1,EDGE_CANDIDATE_SCREEN,2011-05-11 17:30:00,E0036,CAL_011788,3.5,210.583703389571,-1512.88750002057,FLAT_START,CONVERGED_FEASIBLE,CONVERGED,PASSED,0.900175404587203,33,1,1,2.23154827949656e-14,4.13669098975333e-13,25,27,0.1649
ATT_T016_000835_1,CALL_T016_000835,1,EDGE_CANDIDATE_SCREEN,2011-05-11 17:30:00,E0036,CAL_011789,3.5,224.966566319208,-1518.84420779862,FLAT_START,CONVERGED_FEASIBLE,CONVERGED,PASSED,0.900174562126285,33,1,1,2.25375273998907e-14,4.15778522722121e-13,25,27,0.1646
ATT_T016_000836_1,CALL_T016_000836,1,EDGE_CANDIDATE_SCREEN,2011-05-11 17:30:00,E0036,CAL_011790,3.5,239.358374712187,-1524.80462036837,FLAT_START,CONVERGED_FEASIBLE,CONVERGED,PASSED,0.900173285606076,33,1,1,2.27595720048157e-14,4.18776124888609e-13,25,27,0.1501
ATT_T016_000837_1,CALL_T016_000837,1,EDGE_CANDIDATE_SCREEN,2011-05-11 17:30:00,E0036,CAL_011791,3.5,253.761331239015,-1530.76964997271,FLAT_START,CONVERGED_FEASIBLE,CONVERGED,PASSED,0.900171575383147,33,1,1,2.29816166097407e-14,4.21329637845247e-13,25,27,0.1482
ATT_T016_000838_1,CALL_T016_000838,1,EDGE_CANDIDATE_SCREEN,2011-05-11 17:30:00,E0036,CAL_011792,3.5,268.177645383206,-1536.74021167615,FLAT_START,CONVERGED_FEASIBLE,CONVERGED,PASSED,0.900169431541708,33,1,1,2.32036612146658e-14,4.2410519540681e-13,25,27,0.1476
ATT_T016_000839_1,CALL_T016_000839,1,EDGE_CANDIDATE_SCREEN,2011-05-11 17:30:00,E0036,CAL_011793,3.5,282.609534801997,-1542.71722392841,FLAT_START,CONVERGED_FEASIBLE,CONVERGED,PASSED,0.90016685389402,33,1,1,2.34257058195908e-14,4.27324842178223e-13,25,27,0.1466
ATT_T016_000840_1,CALL_T016_000840,1,EDGE_CANDIDATE_SCREEN,2011-05-11 17:30:00,E0036,CAL_011794,3.5,297.059226697684,-1548.70160913229,FLAT_START,CONVERGED_FEASIBLE,CONVERGED,PASSED,0.900163841980451,33,1,1,2.36477504245158e-14,4.30211422042248e-13,25,27,0.1474
ATT_T016_000841_1,CALL_T016_000841,1,EDGE_CANDIDATE_SCREEN,2011-05-11 17:30:00,E0036,CAL_011795,3.5,311.528959201446,-1554.69429421684,FLAT_START,CONVERGED_FEASIBLE,CONVERGED,PASSED,0.900160395069149,33,1,1,2.37587727269783e-14,4.33542091116124e-13,25,27,0.1675
ATT_T016_000842_1,CALL_T016_000842,1,EDGE_CANDIDATE_SCREEN,2011-05-11 17:30:00,E0036,CAL_011796,3.5,326.020982771436,-1560.69621121636,FLAT_START,CONVERGED_FEASIBLE,CONVERGED,PASSED,0.900156512155366,33,1,1,2.39808173319034e-14,4.36983782492462e-13,25,27,0.1488
ATT_T016_000843_1,CALL_T016_000843,1,LOCAL_REENTRY_STENCIL,2011-05-11 17:30:00,E0036,CAL_011797,3.75,340.633220551887,-1566.47732303873,FLAT_START,CONVERGED_FEASIBLE,CONVERGED,PASSED,0.90016279589658,33,1,1,2.40918396343659e-14,4.39648317751562e-13,25,27,0.1517
ATT_T016_000844_1,CALL_T016_000844,1,LOCAL_REENTRY_STENCIL,2011-05-11 17:30:00,E0036,CAL_011797,3.25,340.441902662242,-1566.93927267354,FLAT_START,CONVERGED_FEASIBLE,CONVERGED,PASSED,0.900141587706618,33,1,1,2.4535928844216e-14,4.40314451566337e-13,25,27,0.1492
ATT_T016_000845_1,CALL_T016_000845,1,ANCHOR_SEARCH,2011-05-11 17:30:00,E0037,CAL_011799,0,353.767533382273,-1575.74319743186,FLAT_START,CONVERGED_FEASIBLE,CONVERGED,PASSED,0.900008088873727,33,1,1,2.46469511466785e-14,4.48197035041176e-13,25,27,0.1502
ATT_T016_000846_1,CALL_T016_000846,1,ANCHOR_SEARCH,2011-05-11 17:30:00,E0037,CAL_011799,0.5,353.952502117918,-1575.27866910459,FLAT_START,CONVERGED_FEASIBLE,CONVERGED,PASSED,0.900029304169399,33,1,1,2.48689957516035e-14,4.47752945831326e-13,25,27,0.1459
ATT_T016_000847_1,CALL_T016_000847,1,ANCHOR_SEARCH,2011-05-11 17:30:00,E0037,CAL_011799,1,354.137470853562,-1574.81414077732,FLAT_START,CONVERGED_FEASIBLE,CONVERGED,PASSED,0.900050518194397,33,1,1,2.46469511466785e-14,4.46753745109163e-13,25,27,0.1716
ATT_T016_000848_1,CALL_T016_000848,1,ANCHOR_SEARCH,2011-05-11 17:30:00,E0037,CAL_011799,2,354.507408324852,-1573.88508412279,FLAT_START,CONVERGED_FEASIBLE,CONVERGED,PASSED,0.900092942433194,33,1,1,2.46469511466785e-14,4.45421477479613e-13,25,27,0.1624
ATT_T016_000849_1,CALL_T016_000849,1,ANCHOR_SEARCH,2011-05-11 17:30:00,E0037,CAL_011799,4,355.247283267431,-1572.02697081372,FLAT_START,CONVERGED_FEASIBLE,CONVERGED,PASSED,0.900177775671802,33,1,1,2.4535928844216e-14,4.42756942220512e-13,25,27,0.1547
ATT_T016_000850_1,CALL_T016_000850,1,ANCHOR_SEARCH,2011-05-11 17:30:00,E0037,CAL_011799,3,354.877345796141,-1572.95602746825,FLAT_START,CONVERGED_FEASIBLE,CONVERGED,PASSED,0.900135361591777,33,1,1,2.4535928844216e-14,4.43756142942675e-13,25,27,0.1506
ATT_T016_000851_1,CALL_T016_000851,1,ANCHOR_SEARCH,2011-05-11 17:30:00,E0037,CAL_011799,3.5,355.062314531786,-1572.49149914099,FLAT_START,CONVERGED_FEASIBLE,CONVERGED,PASSED,0.900156569266506,33,1,1,2.44249065417534e-14,4.430900091279e-13,25,27,0.1547
ATT_T016_000852_1,CALL_T016_000852,1,ANCHOR_SEARCH,2011-05-11 17:30:00,E0037,CAL_011799,3.25,354.969830163964,-1572.72376330462,FLAT_START,CONVERGED_FEASIBLE,CONVERGED,PASSED,0.900145965587833,33,1,1,2.44249065417534e-14,4.43645120640213e-13,25,27,0.1523
ATT_T016_000853_1,CALL_T016_000853,1,EDGE_CANDIDATE_SCREEN,2011-05-11 17:30:00,E0037,CAL_011800,3.5,369.65804647208,-1578.30331711705,FLAT_START,CONVERGED_FEASIBLE,CONVERGED,PASSED,0.900160526089382,33,1,1,2.4757973449141e-14,4.46309655899313e-13,25,27,0.1737
ATT_T016_000854_1,CALL_T016_000854,1,EDGE_CANDIDATE_SCREEN,2011-05-11 17:30:00,E0037,CAL_011801,3.5,384.282615331204,-1584.12661755415,FLAT_START,CONVERGED_FEASIBLE,CONVERGED,PASSED,0.900164061959457,33,1,1,2.48689957516035e-14,4.49529302670726e-13,25,27,0.1516
ATT_T016_000855_1,CALL_T016_000855,1,EDGE_CANDIDATE_SCREEN,2011-05-11 17:30:00,E0037,CAL_011802,3.5,398.93834099892,-1589.9623242002,FLAT_START,CONVERGED_FEASIBLE,CONVERGED,PASSED,0.900167176240224,33,1,1,2.4980018054066e-14,4.53082016349526e-13,25,27,0.1378
ATT_T016_000856_1,CALL_T016_000856,1,EDGE_CANDIDATE_SCREEN,2011-05-11 17:30:00,E0037,CAL_011803,3.5,413.627562773423,-1595.81136853129,FLAT_START,CONVERGED_FEASIBLE,CONVERGED,PASSED,0.900169868027078,33,1,1,2.53130849614536e-14,4.56745752330789e-13,25,27,0.1357
ATT_T016_000857_1,CALL_T016_000857,1,EDGE_CANDIDATE_SCREEN,2011-05-11 17:30:00,E0037,CAL_011804,3.5,428.352640887181,-1601.67469035925,FLAT_START,CONVERGED_FEASIBLE,CONVERGED,PASSED,0.900172136145434,33,1,1,2.56461518688411e-14,4.60409488312052e-13,25,27,0.1345
ATT_T016_000858_1,CALL_T016_000858,1,EDGE_CANDIDATE_SCREEN,2011-05-11 17:30:00,E0037,CAL_011805,3.5,443.115958060812,-1607.55323845036,FLAT_START,CONVERGED_FEASIBLE,CONVERGED,PASSED,0.900173979148474,33,1,1,2.57571741713036e-14,4.63962201990853e-13,25,27,0.1343
ATT_T016_000859_1,CALL_T016_000859,1,EDGE_CANDIDATE_SCREEN,2011-05-11 17:30:00,E0037,CAL_011806,3.5,457.919921087242,-1613.4479711562,FLAT_START,CONVERGED_FEASIBLE,CONVERGED,PASSED,0.900175395314512,33,1,1,2.62012633811537e-14,4.67847982577041e-13,25,27,0.1344
ATT_T016_000860_1,CALL_T016_000860,1,EDGE_CANDIDATE_SCREEN,2011-05-11 17:30:00,E0037,CAL_011807,3.5,472.766962448425,-1619.35985705731,FLAT_START,CONVERGED_FEASIBLE,CONVERGED,PASSED,0.900176382643982,33,1,1,2.64233079860787e-14,4.71733763163229e-13,25,27,0.1503
ATT_T016_000861_1,CALL_T016_000861,1,EDGE_CANDIDATE_SCREEN,2011-05-11 17:30:00,E0037,CAL_011808,3.5,487.659541967,-1625.28987562097,FLAT_START,CONVERGED_FEASIBLE,CONVERGED,PASSED,0.900176938856021,33,1,1,2.67563748934663e-14,4.75841588354342e-13,25,27,0.138
ATT_T016_000862_1,CALL_T016_000862,1,EDGE_CANDIDATE_SCREEN,2011-05-11 17:30:00,E0037,CAL_011809,3.5,502.600148495344,-1631.23901787364,FLAT_START,CONVERGED_FEASIBLE,CONVERGED,PASSED,0.900177061384662,33,1,1,2.68673971959288e-14,4.79949413545455e-13,25,27,0.145
ATT_T016_000863_1,CALL_T016_000863,1,EDGE_CANDIDATE_SCREEN,2011-05-11 17:30:00,E0037,CAL_011810,3.5,517.591301644552,-1637.20828708953,FLAT_START,CONVERGED_FEASIBLE,CONVERGED,PASSED,0.900176747374608,33,1,1,2.74225087082414e-14,4.83835194131643e-13,25,27,0.1423
ATT_T016_000864_1,CALL_T016_000864,1,EDGE_CANDIDATE_SCREEN,2011-05-11 17:30:00,E0037,CAL_011811,3.5,532.635553555987,-1643.19869949591,FLAT_START,CONVERGED_FEASIBLE,CONVERGED,PASSED,0.900175993676587,33,1,1,2.76445533131664e-14,4.88609153137531e-13,25,27,0.1505
ATT_T016_000865_1,CALL_T016_000865,1,EDGE_CANDIDATE_SCREEN,2011-05-11 17:30:00,E0037,CAL_011812,3.5,547.735490718139,-1649.21128499662,FLAT_START,CONVERGED_FEASIBLE,CONVERGED,PASSED,0.900174796842278,33,1,1,2.76445533131664e-14,4.93272089840957e-13,25,27,0.1518
ATT_T016_000866_1,CALL_T016_000866,1,EDGE_CANDIDATE_SCREEN,2011-05-11 17:30:00,E0037,CAL_011813,3.5,562.893735831647,-1655.24708791467,FLAT_START,CONVERGED_FEASIBLE,CONVERGED,PASSED,0.900173153118781,33,1,1,2.8199664825479e-14,4.97601959636995e-13,25,27,0.1752
ATT_T016_000867_1,CALL_T016_000867,1,EDGE_CANDIDATE_SCREEN,2011-05-11 17:30:00,E0037,CAL_011814,3.5,578.112949725448,-1661.30716775523,FLAT_START,CONVERGED_FEASIBLE,CONVERGED,PASSED,0.900171058442631,33,1,1,2.8421709430404e-14,5.02708985550271e-13,25,27,0.1519
ATT_T016_000868_1,CALL_T016_000868,1,EDGE_CANDIDATE_SCREEN,2011-05-11 17:30:00,E0037,CAL_011815,3.5,593.395833327152,-1667.39259999021,FLAT_START,CONVERGED_FEASIBLE,CONVERGED,PASSED,0.900168508433341,33,1,1,2.89768209427166e-14,5.07371922253697e-13,25,27,0.1494
ATT_T016_000869_1,CALL_T016_000869,1,EDGE_CANDIDATE_SCREEN,2011-05-11 17:30:00,E0037,CAL_011816,3.5,608.745129690863,-1673.50447686568,FLAT_START,CONVERGED_FEASIBLE,CONVERGED,PASSED,0.900165498386444,33,1,1,2.91988655476416e-14,5.12478948166972e-13,25,27,0.1504
ATT_T016_000870_1,CALL_T016_000870,1,EDGE_CANDIDATE_SCREEN,2011-05-11 17:30:00,E0037,CAL_011817,3.5,624.163626085841,-1679.64390823362,FLAT_START,CONVERGED_FEASIBLE,CONVERGED,PASSED,0.900162023266028,33,1,1,2.93098878501041e-14,5.17808018685173e-13,25,27,0.1522
ATT_T016_000871_1,CALL_T016_000871,1,LOCAL_REENTRY_STENCIL,2011-05-11 17:30:00,E0037,CAL_011799,3.75,355.154798899608,-1572.25923497735,FLAT_START,CONVERGED_FEASIBLE,CONVERGED,PASSED,0.90016717262782,33,1,1,2.4535928844216e-14,4.42756942220512e-13,25,27,0.1563
ATT_T016_000872_1,CALL_T016_000872,1,LOCAL_REENTRY_STENCIL,2011-05-11 17:30:00,E0037,CAL_011799,3.25,354.969830163964,-1572.72376330462,FLAT_START,CONVERGED_FEASIBLE,CONVERGED,PASSED,0.900145965587833,33,1,1,2.44249065417534e-14,4.43645120640213e-13,25,27,0.1911
ATT_T016_000873_1,CALL_T016_000873,1,ANCHOR_SEARCH,2011-05-11 17:30:00,E0038,CAL_011837,0,950.029295907546,-1808.83502656734,FLAT_START,CONVERGED_FEASIBLE,CONVERGED,PASSED,0.900007650273059,33,1,1,3.84137166520304e-14,6.53477272294367e-13,25,27,0.158
ATT_T016_000874_1,CALL_T016_000874,1,ANCHOR_SEARCH,2011-05-11 17:30:00,E0038,CAL_011837,0.5,950.208652717456,-1808.368302736,FLAT_START,CONVERGED_FEASIBLE,CONVERGED,PASSED,0.900028847564797,33,1,1,3.80806497446429e-14,6.52478071572204e-13,25,27,0.1549
ATT_T016_000875_1,CALL_T016_000875,1,ANCHOR_SEARCH,2011-05-11 17:30:00,E0038,CAL_011837,1,950.388009527365,-1807.90157890466,FLAT_START,CONVERGED_FEASIBLE,CONVERGED,PASSED,0.90005004358595,33,1,1,3.81916720471054e-14,6.51478870850042e-13,25,27,0.1567
ATT_T016_000876_1,CALL_T016_000876,1,ANCHOR_SEARCH,2011-05-11 17:30:00,E0038,CAL_011837,2,950.746723147185,-1806.96813124199,FLAT_START,CONVERGED_FEASIBLE,CONVERGED,PASSED,0.900092431817336,33,1,1,3.80806497446429e-14,6.49591491708179e-13,25,27,0.1622
ATT_T016_000877_1,CALL_T016_000877,1,ANCHOR_SEARCH,2011-05-11 17:30:00,E0038,CAL_011837,4,951.464150386824,-1805.10123591663,FLAT_START,CONVERGED_FEASIBLE,CONVERGED,PASSED,0.900177193042249,33,1,1,3.78586051397178e-14,6.45261621912141e-13,25,27,0.1911
ATT_T016_000878_1,CALL_T016_000878,1,ANCHOR_SEARCH,2011-05-11 17:30:00,E0038,CAL_011837,3,951.105436767004,-1806.03468357931,FLAT_START,CONVERGED_FEASIBLE,CONVERGED,PASSED,0.900134814968882,33,1,1,3.78586051397178e-14,6.47149001054004e-13,25,27,0.1466
ATT_T016_000879_1,CALL_T016_000879,1,ANCHOR_SEARCH,2011-05-11 17:30:00,E0038,CAL_011837,3.5,951.284793576914,-1805.56795974797,FLAT_START,CONVERGED_FEASIBLE,CONVERGED,PASSED,0.900156004640233,33,1,1,3.77475828372553e-14,6.46593889541691e-13,25,27,0.1453
ATT_T016_000880_1,CALL_T016_000880,1,ANCHOR_SEARCH,2011-05-11 17:30:00,E0038,CAL_011837,3.25,951.195115171959,-1805.80132166364,FLAT_START,CONVERGED_FEASIBLE,CONVERGED,PASSED,0.900145409963238,33,1,1,3.79696274421804e-14,6.46704911844154e-13,25,27,0.1439
ATT_T016_000881_1,CALL_T016_000881,1,EDGE_CANDIDATE_SCREEN,2011-05-11 17:30:00,E0038,CAL_011819,3.5,655.179005088804,-1691.77777794656,FLAT_START,CONVERGED_FEASIBLE,CONVERGED,PASSED,0.900162197016713,33,1,1,3.00870439673417e-14,5.28022070511724e-13,25,27,0.139
ATT_T016_000882_1,CALL_T016_000882,1,EDGE_CANDIDATE_SCREEN,2011-05-11 17:30:00,E0038,CAL_011820,3.5,670.8183335701,-1697.78779902797,FLAT_START,CONVERGED_FEASIBLE,CONVERGED,PASSED,0.900165880487264,33,1,1,3.04201108747293e-14,5.33129096425e-13,25,27,0.1437
ATT_T016_000883_1,CALL_T016_000883,1,EDGE_CANDIDATE_SCREEN,2011-05-11 17:30:00,E0038,CAL_011821,3.5,686.535804026379,-1703.82784920669,FLAT_START,CONVERGED_FEASIBLE,CONVERGED,PASSED,0.900169123401069,33,1,1,3.06421554796543e-14,5.38458166943201e-13,25,27,0.1398
ATT_T016_000884_1,CALL_T016_000884,1,EDGE_CANDIDATE_SCREEN,2011-05-11 17:30:00,E0038,CAL_011822,3.5,702.334415810972,-1709.89908110107,FLAT_START,CONVERGED_FEASIBLE,CONVERGED,PASSED,0.900171920933419,33,1,1,3.11972669919669e-14,5.43898259763864e-13,25,27,0.1404
ATT_T016_000885_1,CALL_T016_000885,1,EDGE_CANDIDATE_SCREEN,2011-05-11 17:30:00,E0038,CAL_011823,3.5,718.217224176168,-1716.00266881078,FLAT_START,CONVERGED_FEASIBLE,CONVERGED,PASSED,0.900174267913734,33,1,1,3.15303338993544e-14,5.49782441794378e-13,25,27,0.1404
ATT_T016_000886_1,CALL_T016_000886,1,EDGE_CANDIDATE_SCREEN,2011-05-11 17:30:00,E0038,CAL_011824,3.5,734.187342816961,-1722.13980889442,FLAT_START,CONVERGED_FEASIBLE,CONVERGED,PASSED,0.900176158816029,33,1,1,3.1863400806742e-14,5.55444579219966e-13,25,27,0.1403
ATT_T016_000887_1,CALL_T016_000887,1,EDGE_CANDIDATE_SCREEN,2011-05-11 17:30:00,E0038,CAL_011825,3.5,750.247946504498,-1728.31172138142,FLAT_START,CONVERGED_FEASIBLE,CONVERGED,PASSED,0.900177587748759,33,1,1,3.24185123190546e-14,5.61328761250479e-13,25,27,0.14
ATT_T016_000888_1,CALL_T016_000888,1,EDGE_CANDIDATE_SCREEN,2011-05-11 17:30:00,E0038,CAL_011826,3.5,766.402273814221,-1734.51965082056,FLAT_START,CONVERGED_FEASIBLE,CONVERGED,PASSED,0.900178548444,33,1,1,3.28626015289046e-14,5.6754601018838e-13,25,27,0.1381
ATT_T016_000889_1,CALL_T016_000889,1,EDGE_CANDIDATE_SCREEN,2011-05-11 17:30:00,E0038,CAL_011827,3.5,782.65362995389,-1740.76486736662,FLAT_START,CONVERGED_FEASIBLE,CONVERGED,PASSED,0.900179034245949,33,1,1,3.29736238313671e-14,5.73652236823818e-13,25,27,0.1417
ATT_T016_000890_1,CALL_T016_000890,1,EDGE_CANDIDATE_SCREEN,2011-05-11 17:30:00,E0038,CAL_011828,3.5,799.00538969703,-1747.04866790779,FLAT_START,CONVERGED_FEASIBLE,CONVERGED,PASSED,0.9001790380987,33,1,1,3.36397576461422e-14,5.79869485761719e-13,25,27,0.1776
ATT_T016_000891_1,CALL_T016_000891,1,EDGE_CANDIDATE_SCREEN,2011-05-11 17:30:00,E0038,CAL_011829,3.5,815.461000427565,-1753.3723772356,FLAT_START,CONVERGED_FEASIBLE,CONVERGED,PASSED,0.900178552533261,33,1,1,3.38618022510673e-14,5.86752868514395e-13,25,27,0.1413
ATT_T016_000892_1,CALL_T016_000892,1,EDGE_CANDIDATE_SCREEN,2011-05-11 17:30:00,E0038,CAL_011830,3.5,832.023985301791,-1759.73734926008,FLAT_START,CONVERGED_FEASIBLE,CONVERGED,PASSED,0.900177569653784,33,1,1,3.45279360658424e-14,5.93525228964609e-13,25,27,0.1415
ATT_T016_000893_1,CALL_T016_000893,1,EDGE_CANDIDATE_SCREEN,2011-05-11 17:30:00,E0038,CAL_011831,3.5,848.697946534128,-1766.14496827241,FLAT_START,CONVERGED_FEASIBLE,CONVERGED,PASSED,0.90017608112295,33,1,1,3.49720252756924e-14,6.00297589414822e-13,25,27,0.1613
ATT_T016_000894_1,CALL_T016_000894,1,EDGE_CANDIDATE_SCREEN,2011-05-11 17:30:00,E0038,CAL_011832,3.5,865.486568813471,-1772.59665025781,FLAT_START,CONVERGED_FEASIBLE,CONVERGED,PASSED,0.900174078146478,33,1,1,3.530509218308e-14,6.07847105982273e-13,25,27,0.1403
ATT_T016_000895_1,CALL_T016_000895,1,EDGE_CANDIDATE_SCREEN,2011-05-11 17:30:00,E0038,CAL_011833,3.5,882.393622857367,-1779.09384426136,FLAT_START,CONVERGED_FEASIBLE,CONVERGED,PASSED,0.900171551456717,33,1,1,3.58602036953926e-14,6.14730488734949e-13,25,27,0.1516
ATT_T016_000896_1,CALL_T016_000896,1,EDGE_CANDIDATE_SCREEN,2011-05-11 17:30:00,E0038,CAL_011834,3.5,899.422969111614,-1785.63803380971,FLAT_START,CONVERGED_FEASIBLE,CONVERGED,PASSED,0.900168491295243,33,1,1,3.64153152077051e-14,6.22391027604863e-13,25,27,0.1626
ATT_T016_000897_1,CALL_T016_000897,1,EDGE_CANDIDATE_SCREEN,2011-05-11 17:30:00,E0038,CAL_011835,3.5,916.578561603375,-1792.2307383918,FLAT_START,CONVERGED_FEASIBLE,CONVERGED,PASSED,0.900164887394441,33,1,1,3.68594044175552e-14,6.29940544172314e-13,25,27,0.1397
ATT_T016_000898_1,CALL_T016_000898,1,EDGE_CANDIDATE_SCREEN,2011-05-11 17:30:00,E0038,CAL_011836,3.5,933.864451956331,-1798.87351500182,FLAT_START,CONVERGED_FEASIBLE,CONVERGED,PASSED,0.900160728957997,33,1,1,3.73034936274053e-14,6.3815619455454e-13,25,27,0.1398
ATT_T016_000899_1,CALL_T016_000899,1,LOCAL_REENTRY_STENCIL,2011-05-11 17:30:00,E0038,CAL_011837,3.75,951.374471981869,-1805.3345978323,FLAT_START,CONVERGED_FEASIBLE,CONVERGED,PASSED,0.900166598999895,33,1,1,3.77475828372553e-14,6.46038778029379e-13,25,27,0.1371
ATT_T016_000900_1,CALL_T016_000900,1,LOCAL_REENTRY_STENCIL,2011-05-11 17:30:00,E0038,CAL_011837,3.25,951.195115171959,-1805.80132166364,FLAT_START,CONVERGED_FEASIBLE,CONVERGED,PASSED,0.900145409963238,33,1,1,3.79696274421804e-14,6.46704911844154e-13,25,27,0.163
ATT_T016_000901_1,CALL_T016_000901,1,ANCHOR_SEARCH,2011-05-11 17:30:00,E0039,CAL_011858,0,1353.83275634693,-1957.61208417887,FLAT_START,CONVERGED_FEASIBLE,CONVERGED,PASSED,0.900007456768182,33,1,1,2.03170813506404e-14,9.735545702938e-13,25,28,0.1465
ATT_T016_000902_1,CALL_T016_000902,1,ANCHOR_SEARCH,2011-05-11 17:30:00,E0039,CAL_011858,0.5,1354.00531880283,-1957.14280579794,FLAT_START,CONVERGED_FEASIBLE,CONVERGED,PASSED,0.900028661560089,33,1,1,2.02060590481778e-14,9.72111280361787e-13,25,28,0.1433
ATT_T016_000903_1,CALL_T016_000903,1,ANCHOR_SEARCH,2011-05-11 17:30:00,E0039,CAL_011858,1,1354.17788125874,-1956.673527417,FLAT_START,CONVERGED_FEASIBLE,CONVERGED,PASSED,0.900049865076866,33,1,1,2.00950367457153e-14,9.70223901219924e-13,25,28,0.1699
ATT_T016_000904_1,CALL_T016_000904,1,ANCHOR_SEARCH,2011-05-11 17:30:00,E0039,CAL_011858,2,1354.52300617055,-1955.73497065513,FLAT_START,CONVERGED_FEASIBLE,CONVERGED,PASSED,0.900092268285868,33,1,1,2.02060590481778e-14,9.67226299053436e-13,25,28,0.1416
ATT_T016_000905_1,CALL_T016_000905,1,ANCHOR_SEARCH,2011-05-11 17:30:00,E0039,CAL_011858,4,1355.21325599417,-1953.8578571314,FLAT_START,CONVERGED_FEASIBLE,CONVERGED,PASSED,0.900177059411536,33,1,1,1.99840144432528e-14,9.61342117022923e-13,25,28,0.1427
ATT_T016_000906_1,CALL_T016_000906,1,ANCHOR_SEARCH,2011-05-11 17:30:00,E0039,CAL_011858,3,1354.86813108236,-1954.79641389327,FLAT_START,CONVERGED_FEASIBLE,CONVERGED,PASSED,0.900134666396865,33,1,1,1.99840144432528e-14,9.64561763794336e-13,25,28,0.1708
ATT_T016_000907_1,CALL_T016_000907,1,ANCHOR_SEARCH,2011-05-11 17:30:00,E0039,CAL_011858,3.5,1355.04069353826,-1954.32713551233,FLAT_START,CONVERGED_FEASIBLE,CONVERGED,PASSED,0.900155863541137,33,1,1,1.98729921407903e-14,9.63007451559861e-13,25,28,0.1415
ATT_T016_000908_1,CALL_T016_000908,1,ANCHOR_SEARCH,2011-05-11 17:30:00,E0039,CAL_011858,3.25,1354.95441231031,-1954.5617747028,FLAT_START,CONVERGED_FEASIBLE,CONVERGED,PASSED,0.900145265128248,33,1,1,2.00950367457153e-14,9.63784607677098e-13,25,28,0.1456
ATT_T016_000909_1,CALL_T016_000909,1,EDGE_CANDIDATE_SCREEN,2011-05-11 17:30:00,E0039,CAL_011839,3.5,986.458804610692,-1818.79266697621,FLAT_START,CONVERGED_FEASIBLE,CONVERGED,PASSED,0.900156436433544,33,1,1,3.8746783559418e-14,6.62581101096293e-13,25,27,0.18
ATT_T016_000910_1,CALL_T016_000910,1,EDGE_CANDIDATE_SCREEN,2011-05-11 17:30:00,E0039,CAL_011840,3.5,1004.26447655547,-1825.34014626497,FLAT_START,CONVERGED_FEASIBLE,CONVERGED,PASSED,0.9001616718477,33,1,1,3.95239396766556e-14,6.7124084068837e-13,25,27,0.1399
ATT_T016_000911_1,CALL_T016_000911,1,EDGE_CANDIDATE_SCREEN,2011-05-11 17:30:00,E0039,CAL_011841,3.5,1022.21779432094,-1831.94191768918,FLAT_START,CONVERGED_FEASIBLE,CONVERGED,PASSED,0.9001663980516,33,1,1,4.00790511889682e-14,6.79789557977983e-13,25,27,0.1373
ATT_T016_000912_1,CALL_T016_000912,1,EDGE_CANDIDATE_SCREEN,2011-05-11 17:30:00,E0039,CAL_011842,3.5,1040.32337103382,-1838.59967758199,FLAT_START,CONVERGED_FEASIBLE,CONVERGED,PASSED,0.90017060434895,33,1,1,4.04121180963557e-14,6.88560319872522e-13,25,27,0.1604
ATT_T016_000913_1,CALL_T016_000913,1,EDGE_CANDIDATE_SCREEN,2011-05-11 17:30:00,E0039,CAL_011843,3.5,1058.58594518802,-1845.31516837644,FLAT_START,CONVERGED_FEASIBLE,CONVERGED,PASSED,0.900174279458557,33,1,1,4.13002965160558e-14,6.97331081767061e-13,25,27,0.1386
ATT_T016_000914_1,CALL_T016_000914,1,EDGE_CANDIDATE_SCREEN,2011-05-11 17:30:00,E0039,CAL_011844,3.5,1077.0103860655,-1852.09018059874,FLAT_START,CONVERGED_FEASIBLE,CONVERGED,PASSED,0.900177411489211,33,1,1,4.17443857259059e-14,7.0654593287145e-13,25,27,0.135
ATT_T016_000915_1,CALL_T016_000915,1,EDGE_CANDIDATE_SCREEN,2011-05-11 17:30:00,E0039,CAL_011845,3.5,1095.60169940769,-1858.92655495385,FLAT_START,CONVERGED_FEASIBLE,CONVERGED,PASSED,0.900179987913032,33,1,1,4.25215418431435e-14,7.16093850883226e-13,25,27,0.1612
ATT_T016_000916_1,CALL_T016_000916,1,EDGE_CANDIDATE_SCREEN,2011-05-11 17:30:00,E0039,CAL_011846,3.5,1114.36503335205,-1865.82618450839,FLAT_START,CONVERGED_FEASIBLE,CONVERGED,PASSED,0.900181995537189,33,1,1,4.2854608750531e-14,7.26085858104852e-13,25,27,0.1399
ATT_T016_000917_1,CALL_T016_000917,1,EDGE_CANDIDATE_SCREEN,2011-05-11 17:30:00,E0039,CAL_011847,3.5,1133.30568464929,-1872.79101697688,FLAT_START,CONVERGED_FEASIBLE,CONVERGED,PASSED,0.900183420473901,33,1,1,4.36317648677687e-14,7.35966843024016e-13,25,27,0.1362
ATT_T016_000918_1,CALL_T016_000918,1,EDGE_CANDIDATE_SCREEN,2011-05-11 17:30:00,E0039,CAL_011848,3.5,1152.4291051777,-1879.82305711714,FLAT_START,CONVERGED_FEASIBLE,CONVERGED,PASSED,0.900184248108513,33,1,1,1.67643676718399e-14,8.24118551179254e-13,25,28,0.1407
ATT_T016_000919_1,CALL_T016_000919,1,EDGE_CANDIDATE_SCREEN,2011-05-11 17:30:00,E0039,CAL_011849,3.5,1171.74090877209,-1886.92436924144,FLAT_START,CONVERGED_FEASIBLE,CONVERGED,PASSED,0.900184463066008,33,1,1,1.68753899743024e-14,8.36108959845205e-13,25,28,0.1655
ATT_T016_000920_1,CALL_T016_000920,1,EDGE_CANDIDATE_SCREEN,2011-05-11 17:30:00,E0039,CAL_011850,3.5,1191.24687838631,-1894.0970798503,FLAT_START,CONVERGED_FEASIBLE,CONVERGED,PASSED,0.900184049174659,33,1,1,1.72084568816899e-14,8.4821039081362e-13,25,28,0.1411
ATT_T016_000921_1,CALL_T016_000921,1,EDGE_CANDIDATE_SCREEN,2011-05-11 17:30:00,E0039,CAL_011851,3.5,1210.95297360913,-1901.34338039621,FLAT_START,CONVERGED_FEASIBLE,CONVERGED,PASSED,0.900182989428224,33,1,1,1.765254609154e-14,8.61088977899271e-13,25,28,0.1376
ATT_T016_000922_1,CALL_T016_000922,1,EDGE_CANDIDATE_SCREEN,2011-05-11 17:30:00,E0039,CAL_011852,3.5,1230.86533855491,-1908.66553018517,FLAT_START,CONVERGED_FEASIBLE,CONVERGED,PASSED,0.900181265945392,33,1,1,1.80966353013901e-14,8.74078587287386e-13,25,28,0.1685
ATT_T016_000923_1,CALL_T016_000923,1,EDGE_CANDIDATE_SCREEN,2011-05-11 17:30:00,E0039,CAL_011853,3.5,1250.99031015197,-1916.06585942448,FLAT_START,CONVERGED_FEASIBLE,CONVERGED,PASSED,0.900178859926769,33,1,1,1.82076576038526e-14,8.87845352792738e-13,25,28,0.1387
ATT_T016_000924_1,CALL_T016_000924,1,EDGE_CANDIDATE_SCREEN,2011-05-11 17:30:00,E0039,CAL_011854,3.5,1271.33442685288,-1923.5467724257,FLAT_START,CONVERGED_FEASIBLE,CONVERGED,PASSED,0.900175751609157,33,1,1,1.86517468137026e-14,9.01723140600552e-13,25,28,0.138
ATT_T016_000925_1,CALL_T016_000925,1,EDGE_CANDIDATE_SCREEN,2011-05-11 17:30:00,E0039,CAL_011855,3.5,1291.90443779291,-1931.11075097237,FLAT_START,CONVERGED_FEASIBLE,CONVERGED,PASSED,0.900171920216943,33,1,1,1.88737914186277e-14,9.16600129130529e-13,25,28,0.1645
ATT_T016_000926_1,CALL_T016_000926,1,EDGE_CANDIDATE_SCREEN,2011-05-11 17:30:00,E0039,CAL_011856,3.5,1312.70731242452,-1938.76035786278,FLAT_START,CONVERGED_FEASIBLE,CONVERGED,PASSED,0.900167343910395,33,1,1,1.92068583260152e-14,9.31477117660506e-13,25,28,0.1589
ATT_T016_000927_1,CALL_T016_000927,1,EDGE_CANDIDATE_SCREEN,2011-05-11 17:30:00,E0039,CAL_011857,3.5,1333.75025065768,-1946.49824063875,FLAT_START,CONVERGED_FEASIBLE,CONVERGED,PASSED,0.900161999730648,33,1,1,1.97619698383278e-14,9.46909217702796e-13,25,28,0.1406
ATT_T016_000928_1,CALL_T016_000928,1,LOCAL_REENTRY_STENCIL,2011-05-11 17:30:00,E0039,CAL_011858,3.75,1355.12697476622,-1954.09249632186,FLAT_START,CONVERGED_FEASIBLE,CONVERGED,PASSED,0.900166461635557,33,1,1,1.98729921407903e-14,9.61897228535236e-13,25,28,0.1669
ATT_T016_000929_1,CALL_T016_000929,1,LOCAL_REENTRY_STENCIL,2011-05-11 17:30:00,E0039,CAL_011858,3.25,1354.95441231031,-1954.5617747028,FLAT_START,CONVERGED_FEASIBLE,CONVERGED,PASSED,0.900145265128248,33,1,1,2.00950367457153e-14,9.63784607677098e-13,25,28,0.1429
ATT_T016_000930_1,CALL_T016_000930,1,ANCHOR_SEARCH,2011-05-11 17:30:00,E0040,CAL_011860,0,1375.30315090317,-1965.24490975844,FLAT_START,CONVERGED_FEASIBLE,CONVERGED,PASSED,0.9000109890545,33,1,1,2.06501482580279e-14,9.8943075954594e-13,25,28,0.1462
ATT_T016_000931_1,CALL_T016_000931,1,ANCHOR_SEARCH,2011-05-11 17:30:00,E0040,CAL_011860,0.5,1375.47063445534,-1964.77379484703,FLAT_START,CONVERGED_FEASIBLE,CONVERGED,PASSED,0.900032194772242,33,1,1,2.05391259555654e-14,9.87876447311464e-13,25,28,0.1711
ATT_T016_000932_1,CALL_T016_000932,1,ANCHOR_SEARCH,2011-05-11 17:30:00,E0040,CAL_011860,1,1375.6381180075,-1964.30267993562,FLAT_START,CONVERGED_FEASIBLE,CONVERGED,PASSED,0.900053399214179,33,1,1,2.06501482580279e-14,9.86433157379452e-13,25,28,0.1492
ATT_T016_000933_1,CALL_T016_000933,1,ANCHOR_SEARCH,2011-05-11 17:30:00,E0040,CAL_011860,2,1375.97308511184,-1963.3604501128,FLAT_START,CONVERGED_FEASIBLE,CONVERGED,PASSED,0.90009580427148,33,1,1,2.03170813506404e-14,9.83435555212964e-13,25,28,0.1533
ATT_T016_000934_1,CALL_T016_000934,1,ANCHOR_SEARCH,2011-05-11 17:30:00,E0040,CAL_011860,4,1376.64301932051,-1961.47599046716,FLAT_START,CONVERGED_FEASIBLE,CONVERGED,PASSED,0.900180599085672,33,1,1,2.03170813506404e-14,9.76885239367675e-13,25,28,0.1727
ATT_T016_000935_1,CALL_T016_000935,1,ANCHOR_SEARCH,2011-05-11 17:30:00,E0040,CAL_011860,3,1376.30805221617,-1962.41822028998,FLAT_START,CONVERGED_FEASIBLE,CONVERGED,PASSED,0.900138204228084,33,1,1,2.05391259555654e-14,9.80215908441551e-13,25,28,0.1477
ATT_T016_000936_1,CALL_T016_000936,1,ANCHOR_SEARCH,2011-05-11 17:30:00,E0040,CAL_011860,3.5,1376.47553576834,-1961.94710537857,FLAT_START,CONVERGED_FEASIBLE,CONVERGED,PASSED,0.90015940229415,33,1,1,2.03170813506404e-14,9.78661596207075e-13,25,28,0.142
ATT_T016_000937_1,CALL_T016_000937,1,ANCHOR_SEARCH,2011-05-11 17:30:00,E0040,CAL_011860,3.25,1376.39179399226,-1962.18266283427,FLAT_START,CONVERGED_FEASIBLE,CONVERGED,PASSED,0.900148803420448,33,1,1,2.05391259555654e-14,9.79438752324313e-13,25,28,0.1643
ATT_T016_000938_1,CALL_T016_000938,1,EDGE_CANDIDATE_SCREEN,2011-05-11 17:30:00,E0040,CAL_011861,3.5,1398.20370278182,-1969.67157027102,FLAT_START,CONVERGED_FEASIBLE,CONVERGED,PASSED,0.900162234459401,33,1,1,2.06501482580279e-14,9.94426763156753e-13,25,28,0.1429
ATT_T016_000939_1,CALL_T016_000939,1,EDGE_CANDIDATE_SCREEN,2011-05-11 17:30:00,E0040,CAL_011862,3.5,1420.19768251204,-1977.49053282621,FLAT_START,CONVERGED_FEASIBLE,CONVERGED,PASSED,0.900164339106045,33,1,1,2.1094237467878e-14,1.01152419773598e-12,25,28,0.1396
ATT_T016_000940_1,CALL_T016_000940,1,EDGE_CANDIDATE_SCREEN,2011-05-11 17:30:00,E0040,CAL_011863,3.5,1442.46579514469,-1985.40695090903,FLAT_START,CONVERGED_FEASIBLE,CONVERGED,PASSED,0.900165691870847,33,1,1,2.16493489801906e-14,1.0289546992226e-12,25,28,0.1389
ATT_T016_000941_1,CALL_T016_000941,1,EDGE_CANDIDATE_SCREEN,2011-05-11 17:30:00,E0040,CAL_011864,3.5,1465.01665415158,-1993.42388664895,FLAT_START,CONVERGED_FEASIBLE,CONVERGED,PASSED,0.90016626706795,33,1,1,2.19824158875781e-14,1.04694031222152e-12,25,28,0.1654
ATT_T016_000942_1,CALL_T016_000942,1,EDGE_CANDIDATE_SCREEN,2011-05-11 17:30:00,E0040,CAL_011865,3.5,1487.8591803971,-2001.54451145494,FLAT_START,CONVERGED_FEASIBLE,CONVERGED,PASSED,0.900166037614653,33,1,1,2.24265050974282e-14,1.06592512594261e-12,25,28,0.1446
ATT_T016_000943_1,CALL_T016_000943,1,EDGE_CANDIDATE_SCREEN,2011-05-11 17:30:00,E0040,CAL_011866,3.5,1511.00261704111,-2009.77211131352,FLAT_START,CONVERGED_FEASIBLE,CONVERGED,PASSED,0.900164974952137,33,1,1,2.27595720048157e-14,1.08524300657109e-12,25,28,0.1401
ATT_T016_000944_1,CALL_T016_000944,1,EDGE_CANDIDATE_SCREEN,2011-05-11 17:30:00,E0040,CAL_011867,3.5,1534.45654529197,-2018.11009238902,FLAT_START,CONVERGED_FEASIBLE,CONVERGED,PASSED,0.900163048960721,33,1,1,2.32036612146658e-14,1.10533804331681e-12,25,28,0.1759
ATT_T016_000945_1,CALL_T016_000945,1,EDGE_CANDIDATE_SCREEN,2011-05-11 17:30:00,E0040,CAL_011868,3.5,1558.23090106741,-2026.56198694663,FLAT_START,CONVERGED_FEASIBLE,CONVERGED,PASSED,0.900160227869252,33,1,1,2.36477504245158e-14,1.12632125848222e-12,25,28,0.1407
ATT_T016_000946_1,CALL_T016_000946,1,LOCAL_REENTRY_STENCIL,2011-05-11 17:30:00,E0040,CAL_011860,3.75,1376.55927754442,-1961.71154792286,FLAT_START,CONVERGED_FEASIBLE,CONVERGED,PASSED,0.900170000849216,33,1,1,2.03170813506404e-14,9.77884440089838e-13,25,28,0.1419
ATT_T016_000947_1,CALL_T016_000947,1,LOCAL_REENTRY_STENCIL,2011-05-11 17:30:00,E0040,CAL_011860,3.25,1376.39179399226,-1962.18266283427,FLAT_START,CONVERGED_FEASIBLE,CONVERGED,PASSED,0.900148803420448,33,1,1,2.05391259555654e-14,9.79438752324313e-13,25,28,0.1422
ATT_T016_000948_1,CALL_T016_000948,1,ANCHOR_SEARCH,2011-05-11 17:30:00,E0041,CAL_011870,0,1581.16360776055,-2038.42926400019,FLAT_START,CONVERGED_FEASIBLE,CONVERGED,PASSED,0.90000800079616,33,1,1,2.4535928844216e-14,1.1607381722456e-12,25,28,0.1476
ATT_T016_000949_1,CALL_T016_000949,1,ANCHOR_SEARCH,2011-05-11 17:30:00,E0041,CAL_011870,0.5,1581.32720312881,-2037.95678484141,FLAT_START,CONVERGED_FEASIBLE,CONVERGED,PASSED,0.900029215641258,33,1,1,2.4535928844216e-14,1.15862874849881e-12,25,28,0.1434
ATT_T016_000950_1,CALL_T016_000950,1,ANCHOR_SEARCH,2011-05-11 17:30:00,E0041,CAL_011870,1,1581.49079849707,-2037.48430568262,FLAT_START,CONVERGED_FEASIBLE,CONVERGED,PASSED,0.900050429206758,33,1,1,2.4535928844216e-14,1.15685239165941e-12,25,28,0.1663
ATT_T016_000951_1,CALL_T016_000951,1,ANCHOR_SEARCH,2011-05-11 17:30:00,E0041,CAL_011870,2,1581.81798923359,-2036.53934736506,FLAT_START,CONVERGED_FEASIBLE,CONVERGED,PASSED,0.900092852499812,33,1,1,2.44249065417534e-14,1.153632744888e-12,25,28,0.1448
ATT_T016_000952_1,CALL_T016_000952,1,ANCHOR_SEARCH,2011-05-11 17:30:00,E0041,CAL_011870,4,1582.47237070663,-2034.64943072993,FLAT_START,CONVERGED_FEASIBLE,CONVERGED,PASSED,0.900177683740064,33,1,1,2.43138842392909e-14,1.14630527292547e-12,25,28,0.1545
ATT_T016_000953_1,CALL_T016_000953,1,ANCHOR_SEARCH,2011-05-11 17:30:00,E0041,CAL_011870,3,1582.14517997011,-2035.59438904749,FLAT_START,CONVERGED_FEASIBLE,CONVERGED,PASSED,0.900135270677018,33,1,1,2.43138842392909e-14,1.14963594199935e-12,25,28,0.1426
ATT_T016_000954_1,CALL_T016_000954,1,ANCHOR_SEARCH,2011-05-11 17:30:00,E0041,CAL_011870,3.5,1582.30877533837,-2035.12190988871,FLAT_START,CONVERGED_FEASIBLE,CONVERGED,PASSED,0.900156477847705,33,1,1,2.42028619368284e-14,1.14797060746241e-12,25,28,0.146
ATT_T016_000955_1,CALL_T016_000955,1,ANCHOR_SEARCH,2011-05-11 17:30:00,E0041,CAL_011870,3.25,1582.22697765424,-2035.3581494681,FLAT_START,CONVERGED_FEASIBLE,CONVERGED,PASSED,0.900145874422166,33,1,1,2.40918396343659e-14,1.14841469667226e-12,25,28,0.1444
ATT_T016_000956_1,CALL_T016_000956,1,EDGE_CANDIDATE_SCREEN,2011-05-11 17:30:00,E0041,CAL_011871,3.5,1606.67067735849,-2043.55719059561,FLAT_START,CONVERGED_FEASIBLE,CONVERGED,PASSED,0.900160809812339,33,1,1,2.4757973449141e-14,1.16950893414014e-12,25,28,0.1646
ATT_T016_000957_1,CALL_T016_000957,1,EDGE_CANDIDATE_SCREEN,2011-05-11 17:30:00,E0041,CAL_011872,3.5,1631.3795490019,-2052.11260913768,FLAT_START,CONVERGED_FEASIBLE,CONVERGED,PASSED,0.900164283302015,33,1,1,2.52020626589911e-14,1.19226850614496e-12,25,28,0.1442
ATT_T016_000958_1,CALL_T016_000958,1,EDGE_CANDIDATE_SCREEN,2011-05-11 17:30:00,E0041,CAL_011873,3.5,1656.44670113417,-2060.79208188918,FLAT_START,CONVERGED_FEASIBLE,CONVERGED,PASSED,0.900166864250273,33,1,1,2.58681964737661e-14,1.21569421196455e-12,25,28,0.1429
ATT_T016_000959_1,CALL_T016_000959,1,EDGE_CANDIDATE_SCREEN,2011-05-11 17:30:00,E0041,CAL_011874,3.5,1681.88388580538,-2069.599677984,FLAT_START,CONVERGED_FEASIBLE,CONVERGED,PASSED,0.900168516624314,33,1,1,2.64233079860787e-14,1.24000809620384e-12,25,28,0.1435
ATT_T016_000960_1,CALL_T016_000960,1,EDGE_CANDIDATE_SCREEN,2011-05-11 17:30:00,E0041,CAL_011875,3.5,1707.70331904115,-2078.53962720705,FLAT_START,CONVERGED_FEASIBLE,CONVERGED,PASSED,0.900169202302655,33,1,1,2.69784194983913e-14,1.26554322577022e-12,25,28,0.1394
ATT_T016_000961_1,CALL_T016_000961,1,EDGE_CANDIDATE_SCREEN,2011-05-11 17:30:00,E0041,CAL_011876,3.5,1733.91770503714,-2087.61632837155,FLAT_START,CONVERGED_FEASIBLE,CONVERGED,PASSED,0.900168880943746,33,1,1,2.76445533131664e-14,4.49085213460876e-13,26,28,0.1432
ATT_T016_000962_1,CALL_T016_000962,1,EDGE_CANDIDATE_SCREEN,2011-05-11 17:30:00,E0041,CAL_011877,3.5,1760.54026185968,-2096.83435821782,FLAT_START,CONVERGED_FEASIBLE,CONVERGED,PASSED,0.900167509844774,33,1.00031253226683,13,2.8199664825479e-14,4.58855176077577e-13,26,28,0.1418
ATT_T016_000963_1,CALL_T016_000963,1,EDGE_CANDIDATE_SCREEN,2011-05-11 17:30:00,E0041,CAL_011878,3.5,1787.58474876374,-2106.19848087218,FLAT_START,CONVERGED_FEASIBLE,CONVERGED,PASSED,0.900165043789828,33,1.00128081141351,13,2.88657986402541e-14,4.69291272509054e-13,26,28,0.1425
ATT_T016_000964_1,CALL_T016_000964,1,EDGE_CANDIDATE_SCREEN,2011-05-11 17:30:00,E0041,CAL_011879,3.5,1815.06549524887,-2115.71365790745,FLAT_START,CONVERGED_FEASIBLE,CONVERGED,PASSED,0.900161434886519,33,1.00226191598322,13,2.95319324550292e-14,4.8017145815038e-13,26,28,0.1441
ATT_T016_000965_1,CALL_T016_000965,1,LOCAL_REENTRY_STENCIL,2011-05-11 17:30:00,E0041,CAL_011870,3.75,1582.3905730225,-2034.88567030932,FLAT_START,CONVERGED_FEASIBLE,CONVERGED,PASSED,0.900167080953662,33,1,1,2.40918396343659e-14,1.14719345134517e-12,25,28,0.1414
ATT_T016_000966_1,CALL_T016_000966,1,LOCAL_REENTRY_STENCIL,2011-05-11 17:30:00,E0041,CAL_011870,3.25,1582.22697765424,-2035.3581494681,FLAT_START,CONVERGED_FEASIBLE,CONVERGED,PASSED,0.900145874422166,33,1,1,2.40918396343659e-14,1.14841469667226e-12,25,28,0.142
ATT_T016_000967_1,CALL_T016_000967,1,ANCHOR_SEARCH,2011-05-11 17:30:00,E0042,CAL_011881,0,1841.85226440619,-2128.69241316208,FLAT_START,CONVERGED_FEASIBLE,CONVERGED,PASSED,0.900008047385567,33,1.00315408861132,13,3.07531777821168e-14,4.9649173661237e-13,26,28,0.1481
ATT_T016_000968_1,CALL_T016_000968,1,ANCHOR_SEARCH,2011-05-11 17:30:00,E0042,CAL_011881,0.5,1842.01165452796,-2128.21849883535,FLAT_START,CONVERGED_FEASIBLE,CONVERGED,PASSED,0.900029277638963,33,1.0031685369182,13,3.07531777821168e-14,4.95936625100057e-13,26,28,0.1475
ATT_T016_000969_1,CALL_T016_000969,1,ANCHOR_SEARCH,2011-05-11 17:30:00,E0042,CAL_011881,1,1842.17104464974,-2127.74458450862,FLAT_START,CONVERGED_FEASIBLE,CONVERGED,PASSED,0.900050506607117,33,1.00318298450921,13,3.05311331771918e-14,4.9515946898282e-13,26,28,0.1473
ATT_T016_000970_1,CALL_T016_000970,1,ANCHOR_SEARCH,2011-05-11 17:30:00,E0042,CAL_011881,2,1842.48982489329,-2126.79675585516,FLAT_START,CONVERGED_FEASIBLE,CONVERGED,PASSED,0.900092960688551,33,1.00321187754407,13,3.04201108747293e-14,4.93716179050807e-13,26,28,0.1455
ATT_T016_000971_1,CALL_T016_000971,1,ANCHOR_SEARCH,2011-05-11 17:30:00,E0042,CAL_011881,4,1843.12738538039,-2124.90109854823,FLAT_START,CONVERGED_FEASIBLE,CONVERGED,PASSED,0.900177853437904,33,1.00326965502809,13,3.03090885722668e-14,4.90385509976932e-13,26,28,0.1782
ATT_T016_000972_1,CALL_T016_000972,1,ANCHOR_SEARCH,2011-05-11 17:30:00,E0042,CAL_011881,3,1842.80860513684,-2125.8489272017,FLAT_START,CONVERGED_FEASIBLE,CONVERGED,PASSED,0.900135409631578,33,1.00324076771674,13,3.03090885722668e-14,4.92050844513869e-13,26,28,0.1461
ATT_T016_000973_1,CALL_T016_000973,1,ANCHOR_SEARCH,2011-05-11 17:30:00,E0042,CAL_011881,3.5,1842.96799525861,-2125.37501287496,FLAT_START,CONVERGED_FEASIBLE,CONVERGED,PASSED,0.900156632176722,33,1.00325521173003,13,3.03090885722668e-14,4.91273688396632e-13,26,28,0.1443
ATT_T016_000974_1,CALL_T016_000974,1,ANCHOR_SEARCH,2011-05-11 17:30:00,E0042,CAL_011881,3.25,1842.88830019772,-2125.61197003833,FLAT_START,CONVERGED_FEASIBLE,CONVERGED,PASSED,0.900146021064658,33,1.00324798981279,13,3.01980662698043e-14,4.91717777606482e-13,26,28,0.1435
ATT_T016_000975_1,CALL_T016_000975,1,EDGE_CANDIDATE_SCREEN,2011-05-11 17:30:00,E0042,CAL_011882,3.5,1871.23309354437,-2134.88132488881,FLAT_START,CONVERGED_FEASIBLE,CONVERGED,PASSED,0.900161883967404,33,1.00426314504126,13,3.10862446895044e-14,5.02820007852733e-13,26,28,0.1652
ATT_T016_000976_1,CALL_T016_000976,1,EDGE_CANDIDATE_SCREEN,2011-05-11 17:30:00,E0042,CAL_011883,3.5,1899.97262170387,-2144.54720041674,FLAT_START,CONVERGED_FEASIBLE,CONVERGED,PASSED,0.900166043411971,33,1.00528499467871,13,3.17523785042795e-14,5.14255305006373e-13,26,28,0.1436
ATT_T016_000977_1,CALL_T016_000977,1,EDGE_CANDIDATE_SCREEN,2011-05-11 17:30:00,E0042,CAL_011884,3.5,1929.20311542183,-2154.37820085383,FLAT_START,CONVERGED_FEASIBLE,CONVERGED,PASSED,0.900169058626893,33,1.00632121605589,13,3.26405569239796e-14,5.27022869789562e-13,26,28,0.1413
ATT_T016_000978_1,CALL_T016_000978,1,EDGE_CANDIDATE_SCREEN,2011-05-11 17:30:00,E0042,CAL_011885,3.5,1958.94183241521,-2164.38013043399,FLAT_START,CONVERGED_FEASIBLE,CONVERGED,PASSED,0.900170874469693,33,1.00737228223996,13,3.36397576461422e-14,5.40123501480139e-13,26,28,0.1403
ATT_T016_000979_1,CALL_T016_000979,1,EDGE_CANDIDATE_SCREEN,2011-05-11 17:30:00,E0042,CAL_011886,3.5,1989.20679337097,-2174.55904999845,FLAT_START,CONVERGED_FEASIBLE,CONVERGED,PASSED,0.90017143231156,33,1.00843868486738,13,3.44169137633799e-14,5.53668222380566e-13,26,28,0.1406
ATT_T016_000980_1,CALL_T016_000980,1,EDGE_CANDIDATE_SCREEN,2011-05-11 17:30:00,E0042,CAL_011887,3.5,2020.01682567842,-2184.9212917041,FLAT_START,CONVERGED_FEASIBLE,CONVERGED,PASSED,0.900170669791388,33,1.00952093511601,13,3.530509218308e-14,5.67879077095768e-13,26,28,0.1409
ATT_T016_000981_1,CALL_T016_000981,1,EDGE_CANDIDATE_SCREEN,2011-05-11 17:30:00,E0042,CAL_011888,3.5,2051.39161018148,-2195.47347474758,FLAT_START,CONVERGED_FEASIBLE,CONVERGED,PASSED,0.90016852054947,33,1.01061956473813,13,3.61932706027801e-14,5.83311177138057e-13,26,28,0.1625
ATT_T016_000982_1,CALL_T016_000982,1,EDGE_CANDIDATE_SCREEN,2011-05-11 17:30:00,E0042,CAL_011889,3.5,2083.35173119804,-2206.22252218807,FLAT_START,CONVERGED_FEASIBLE,CONVERGED,PASSED,0.900164913938966,33,1.01173512715866,13,3.71924713249427e-14,5.99187366390197e-13,26,28,0.144
ATT_T016_000983_1,CALL_T016_000983,1,EDGE_CANDIDATE_SCREEN,2011-05-11 17:30:00,E0042,CAL_011890,3.5,2115.9187300762,-2217.17567895973,FLAT_START,CONVERGED_FEASIBLE,CONVERGED,PASSED,0.900159774712989,33,1.01286819864358,13,3.84137166520304e-14,6.15840711759574e-13,26,28,0.1403
ATT_T016_000984_1,CALL_T016_000984,1,LOCAL_REENTRY_STENCIL,2011-05-11 17:30:00,E0042,CAL_011881,3.75,1843.0476903195,-2125.1380557116,FLAT_START,CONVERGED_FEASIBLE,CONVERGED,PASSED,0.900167242967795,33,1.00326243346845,13,3.01980662698043e-14,4.91162666094169e-13,26,28,0.1438
ATT_T016_000985_1,CALL_T016_000985,1,LOCAL_REENTRY_STENCIL,2011-05-11 17:30:00,E0042,CAL_011881,3.25,1842.88830019772,-2125.61197003833,FLAT_START,CONVERGED_FEASIBLE,CONVERGED,PASSED,0.900146021064658,33,1.00324798981279,13,3.01980662698043e-14,4.91717777606482e-13,26,28,0.1399
ATT_T016_000986_1,CALL_T016_000986,1,ANCHOR_SEARCH,2011-05-11 17:30:00,E0043,CAL_011902,0,2517.3367915988,-2351.63591162961,FLAT_START,CONVERGED_FEASIBLE,CONVERGED,PASSED,0.900000018298503,33,1.02654862243211,13,2.16493489801906e-14,9.74775815620887e-13,26,29,0.1491
ATT_T016_000987_1,CALL_T016_000987,1,ANCHOR_SEARCH,2011-05-11 17:30:00,E0043,CAL_011902,0.5,2517.49126864854,-2351.16037315472,FLAT_START,CONVERGED_FEASIBLE,CONVERGED,PASSED,0.900021306039993,33,1.02656245465802,13,2.16493489801906e-14,9.735545702938e-13,26,29,0.1679
ATT_T016_000988_1,CALL_T016_000988,1,ANCHOR_SEARCH,2011-05-11 17:30:00,E0043,CAL_011902,1,2517.64574569828,-2350.68483467982,FLAT_START,CONVERGED_FEASIBLE,CONVERGED,PASSED,0.900042592478838,33,1.02657628620332,13,2.1538326677728e-14,9.72111280361787e-13,26,29,0.1465
ATT_T016_000989_1,CALL_T016_000989,1,ANCHOR_SEARCH,2011-05-11 17:30:00,E0043,CAL_011902,2,2517.95469979775,-2349.73375773004,FLAT_START,CONVERGED_FEASIBLE,CONVERGED,PASSED,0.900085161449471,33,1.02660394725251,13,2.1538326677728e-14,9.69335722800224e-13,26,29,0.1524
ATT_T016_000990_1,CALL_T016_000990,1,ANCHOR_SEARCH,2011-05-11 17:30:00,E0043,CAL_011902,4,2518.57260799671,-2347.83160383046,FLAT_START,CONVERGED_FEASIBLE,CONVERGED,PASSED,0.900170283768655,33,1.02665926118808,13,2.1538326677728e-14,9.63118473862323e-13,26,29,0.1581
ATT_T016_000991_1,CALL_T016_000991,1,ANCHOR_SEARCH,2011-05-11 17:30:00,E0043,CAL_011902,3,2518.26365389723,-2348.78268078025,FLAT_START,CONVERGED_FEASIBLE,CONVERGED,PASSED,0.900127725212159,33,1.02663160558049,13,2.14273043752655e-14,9.66116076028811e-13,26,29,0.1456
ATT_T016_000992_1,CALL_T016_000992,1,ANCHOR_SEARCH,2011-05-11 17:30:00,E0043,CAL_011902,3.5,2518.41813094697,-2348.30714230535,FLAT_START,CONVERGED_FEASIBLE,CONVERGED,PASSED,0.900149005141071,33,1.02664543372428,13,2.14273043752655e-14,9.64561763794336e-13,26,29,0.1463
ATT_T016_000993_1,CALL_T016_000993,1,ANCHOR_SEARCH,2011-05-11 17:30:00,E0043,CAL_011902,3.75,2518.49536947184,-2348.06937306791,FLAT_START,CONVERGED_FEASIBLE,CONVERGED,PASSED,0.900159644617516,33,1.02665234754117,13,2.1316282072803e-14,9.63895629979561e-13,26,29,0.1431
ATT_T016_000994_1,CALL_T016_000994,1,EDGE_CANDIDATE_SCREEN,2011-05-11 17:30:00,E0043,CAL_011892,3.75,2149.15800960405,-2228.09139289863,FLAT_START,CONVERGED_FEASIBLE,CONVERGED,PASSED,0.900163644888846,33,1.01402521506069,13,3.96349619791181e-14,6.33160190943727e-13,26,28,0.1665
ATT_T016_000995_1,CALL_T016_000995,1,EDGE_CANDIDATE_SCREEN,2011-05-11 17:30:00,E0043,CAL_011893,3.75,2182.7781993942,-2239.01279674841,FLAT_START,CONVERGED_FEASIBLE,CONVERGED,PASSED,0.900170838064998,33,1.01519358270397,13,4.06341627012807e-14,6.51034781640192e-13,26,28,0.1566
ATT_T016_000996_1,CALL_T016_000996,1,EDGE_CANDIDATE_SCREEN,2011-05-11 17:30:00,E0043,CAL_011894,3.75,2217.06134633857,-2250.14955996594,FLAT_START,CONVERGED_FEASIBLE,CONVERGED,PASSED,0.900176590760209,33,1.01638099973313,13,4.18554080283684e-14,6.69686528453894e-13,26,28,0.142
ATT_T016_000997_1,CALL_T016_000997,1,EDGE_CANDIDATE_SCREEN,2011-05-11 17:30:00,E0043,CAL_011895,3.75,2252.03263433142,-2261.50986345325,FLAT_START,CONVERGED_FEASIBLE,CONVERGED,PASSED,0.900180821360214,33,1.0175881305303,13,4.30766533554561e-14,6.89670542897147e-13,26,28,0.1393
ATT_T016_000998_1,CALL_T016_000998,1,EDGE_CANDIDATE_SCREEN,2011-05-11 17:30:00,E0043,CAL_011896,3.75,2287.7184824897,-2273.10228937028,FLAT_START,CONVERGED_FEASIBLE,CONVERGED,PASSED,0.900183442561333,33,1.01881566837513,13,4.45199432874688e-14,7.105427357601e-13,26,28,0.1413
ATT_T016_000999_1,CALL_T016_000999,1,EDGE_CANDIDATE_SCREEN,2011-05-11 17:30:00,E0043,CAL_011897,3.75,2324.14662297973,-2284.93584641655,FLAT_START,CONVERGED_FEASIBLE,CONVERGED,PASSED,0.900184360923006,33,1.02006433708966,13,4.5852210917019e-14,7.32858218555066e-13,26,28,0.1415
ATT_T016_001000_1,CALL_T016_001000,1,EDGE_CANDIDATE_SCREEN,2011-05-11 17:30:00,E0043,CAL_011898,3.75,2361.34618478074,-2297.01999704151,FLAT_START,CONVERGED_FEASIBLE,CONVERGED,PASSED,0.900183476379355,33,1.02133489279603,13,4.74065231514942e-14,7.56283924374657e-13,26,28,0.1684
ATT_T016_001001_1,CALL_T016_001001,1,EDGE_CANDIDATE_SCREEN,2011-05-11 17:30:00,E0043,CAL_011899,3.75,2399.34778392114,-2309.36468675744,FLAT_START,CONVERGED_FEASIBLE,CONVERGED,PASSED,0.900180681705519,33,1.02262812579624,13,4.89608353859694e-14,7.81708031638573e-13,26,28,0.1433
ATT_T016_001002_1,CALL_T016_001002,1,EDGE_CANDIDATE_SCREEN,2011-05-11 17:30:00,E0043,CAL_011900,3.75,2438.18362077924,-2321.98037574728,FLAT_START,CONVERGED_FEASIBLE,CONVERGED,PASSED,0.900175861933939,33,1.02394486258405,13,5.04041253179821e-14,8.09241562649277e-13,26,28,0.1427
ATT_T016_001003_1,CALL_T016_001003,1,EDGE_CANDIDATE_SCREEN,2011-05-11 17:30:00,E0043,CAL_011901,3.75,2477.88758510278,-2334.87807297985,FLAT_START,CONVERGED_FEASIBLE,CONVERGED,PASSED,0.900168893715141,33,1.02528596799989,13,2.06501482580279e-14,9.29478716216181e-13,26,29,0.1464
ATT_T016_001004_1,CALL_T016_001004,1,LOCAL_REENTRY_STENCIL,2011-05-11 17:30:00,E0043,CAL_011902,4,2518.57260799671,-2347.83160383046,FLAT_START,CONVERGED_FEASIBLE,CONVERGED,PASSED,0.900170283768655,33,1.02665926118808,13,2.1538326677728e-14,9.63118473862323e-13,26,29,0.1472
ATT_T016_001005_1,CALL_T016_001005,1,LOCAL_REENTRY_STENCIL,2011-05-11 17:30:00,E0043,CAL_011902,3.5,2518.41813094697,-2348.30714230535,FLAT_START,CONVERGED_FEASIBLE,CONVERGED,PASSED,0.900149005141071,33,1.02664543372428,13,2.14273043752655e-14,9.64561763794336e-13,26,29,0.145
ATT_T016_001006_1,CALL_T016_001006,1,ANCHOR_SEARCH,2011-05-11 17:30:00,E0044,CAL_011923,0,2958.73085671812,-1930.63985772179,FLAT_START,CONVERGED_FEASIBLE,CONVERGED,PASSED,0.922059428458182,33,1.0499990405423,13,1.94289029309402e-14,8.24451618086641e-13,25,28,0.1709
ATT_T016_001007_1,CALL_T016_001007,1,ANCHOR_SEARCH,2011-05-11 17:30:00,E0044,CAL_011923,0.5,2958.38576240347,-1930.27804297085,FLAT_START,CONVERGED_FEASIBLE,CONVERGED,PASSED,0.9220691405163,33,1.04999176029895,13,1.92068583260152e-14,8.24118551179254e-13,25,28,0.1439
ATT_T016_001008_1,CALL_T016_001008,1,ANCHOR_SEARCH,2011-05-11 17:30:00,E0044,CAL_011923,1,2958.04066808882,-1929.91622821991,FLAT_START,CONVERGED_FEASIBLE,CONVERGED,PASSED,0.922078852080471,33,1.04998447962908,13,1.95399252334028e-14,8.23119350457091e-13,25,28,0.1428
ATT_T016_001009_1,CALL_T016_001009,1,ANCHOR_SEARCH,2011-05-11 17:30:00,E0044,CAL_011923,2,2957.35047945953,-1929.19259871803,FLAT_START,CONVERGED_FEASIBLE,CONVERGED,PASSED,0.922098273727115,33,1.04996991700983,13,1.93178806284777e-14,8.21231971315228e-13,25,28,0.142
ATT_T016_001010_1,CALL_T016_001010,1,ANCHOR_SEARCH,2011-05-11 17:30:00,E0044,CAL_011923,4,2955.97010220094,-1927.74533971427,FLAT_START,CONVERGED_FEASIBLE,CONVERGED,PASSED,0.92213711109459,33,1.04994078665312,13,1.90958360235527e-14,8.18012324543815e-13,25,28,0.1447
ATT_T016_001011_1,CALL_T016_001011,1,ANCHOR_SEARCH,2011-05-11 17:30:00,E0044,CAL_011923,8,2953.20934768376,-1924.85082170675,FLAT_START,CONVERGED_FEASIBLE,CONVERGED,PASSED,0.922214762134159,33,1.04988250546655,13,1.90958360235527e-14,8.10906897186214e-13,25,28,0.1442
ATT_T016_001012_1,CALL_T016_001012,1,ANCHOR_SEARCH,2011-05-11 17:30:00,E0044,CAL_011923,16,2947.68783864939,-1919.06178569171,FLAT_START,CONVERGED_FEASIBLE,CONVERGED,PASSED,0.922369969494627,33,1.04976586119747,13,1.86517468137026e-14,7.98139332403025e-13,25,28,0.1624
ATT_T016_001013_1,CALL_T016_001013,1,ANCHOR_SEARCH,2011-05-11 17:30:00,E0044,CAL_011923,12,2950.44859316657,-1921.95630369923,FLAT_START,CONVERGED_FEASIBLE,CONVERGED,PASSED,0.922292381594857,33,1.04982419698166,13,1.88737914186277e-14,8.04578625945851e-13,25,28,0.1465
ATT_T016_001014_1,CALL_T016_001014,1,ANCHOR_SEARCH,2011-05-11 17:30:00,E0044,CAL_011923,10,2951.82897042516,-1923.40356270299,FLAT_START,CONVERGED_FEASIBLE,CONVERGED,PASSED,0.922253575810745,33,1.04985335463646,13,1.88737914186277e-14,8.07909295019726e-13,25,28,0.1572
ATT_T016_001015_1,CALL_T016_001015,1,ANCHOR_SEARCH,2011-05-11 17:30:00,E0044,CAL_011923,11,2951.13878179587,-1922.67993320111,FLAT_START,CONVERGED_FEASIBLE,CONVERGED,PASSED,0.92227297968922,33,1.04983877666215,13,1.90958360235527e-14,8.05910893575401e-13,25,28,0.1453
ATT_T016_001016_1,CALL_T016_001016,1,ANCHOR_SEARCH,2011-05-11 17:30:00,E0044,CAL_011923,10.5,2951.48387611052,-1923.04174795205,FLAT_START,CONVERGED_FEASIBLE,CONVERGED,PASSED,0.922263277996605,33,1.04984606586258,13,1.88737914186277e-14,8.07132138902489e-13,25,28,0.144
ATT_T016_001017_1,CALL_T016_001017,1,ANCHOR_SEARCH,2011-05-11 17:30:00,E0044,CAL_011923,10.25,2951.65642326784,-1923.22265532752,FLAT_START,CONVERGED_FEASIBLE,CONVERGED,PASSED,0.922258426965332,33,1.04984971030283,13,1.87627691161651e-14,8.07687250414801e-13,25,28,0.1422
ATT_T016_001018_1,CALL_T016_001018,1,EDGE_CANDIDATE_SCREEN,2011-05-11 17:30:00,E0044,CAL_011904,10.25,2531.69109533823,-2323.78025183557,FLAT_START,CONVERGED_FEASIBLE,CONVERGED,PASSED,0.901313131247411,33,1.02756392006464,13,5.02931030155196e-14,8.04689648248313e-13,26,28,0.1645
ATT_T016_001019_1,CALL_T016_001019,1,EDGE_CANDIDATE_SCREEN,2011-05-11 17:30:00,E0044,CAL_011905,10.25,2553.16574297461,-2303.29800563327,FLAT_START,CONVERGED_FEASIBLE,CONVERGED,PASSED,0.902415659323251,33,1.02873203334798,13,4.67403893367191e-14,7.54618589837719e-13,26,28,0.1451
ATT_T016_001020_1,CALL_T016_001020,1,EDGE_CANDIDATE_SCREEN,2011-05-11 17:30:00,E0044,CAL_011906,10.25,2574.68973048221,-2282.76869968838,FLAT_START,CONVERGED_FEASIBLE,CONVERGED,PASSED,0.90351714542357,33,1.02989960820627,13,4.35207425653061e-14,7.07878200501e-13,26,28,0.1442
ATT_T016_001021_1,CALL_T016_001021,1,EDGE_CANDIDATE_SCREEN,2011-05-11 17:30:00,E0044,CAL_011907,10.25,2596.26651812939,-2262.18903364088,FLAT_START,CONVERGED_FEASIBLE,CONVERGED,PASSED,0.904617771734299,33,1.03106683389096,13,4.07451850037432e-14,6.64579502540619e-13,26,28,0.1451
ATT_T016_001022_1,CALL_T016_001022,1,EDGE_CANDIDATE_SCREEN,2011-05-11 17:30:00,E0044,CAL_011908,10.25,2617.89959930874,-2241.55567553729,FLAT_START,CONVERGED_FEASIBLE,CONVERGED,PASSED,0.90571771978586,33,1.03223389935711,13,3.78586051397178e-14,6.24944540561501e-13,26,28,0.1441
ATT_T016_001023_1,CALL_T016_001023,1,EDGE_CANDIDATE_SCREEN,2011-05-11 17:30:00,E0044,CAL_011909,10.25,2639.59250286141,-2220.86525961373,FLAT_START,CONVERGED_FEASIBLE,CONVERGED,PASSED,0.906817170578579,33,1.03340099339007,13,3.530509218308e-14,5.8741900232917e-13,26,28,0.1412
ATT_T016_001024_1,CALL_T016_001024,1,EDGE_CANDIDATE_SCREEN,2011-05-11 17:30:00,E0044,CAL_011910,10.25,2661.34879544956,-2200.11438403312,FLAT_START,CONVERGED_FEASIBLE,CONVERGED,PASSED,0.907916304707185,33,1.03456830473183,13,3.29736238313671e-14,5.52891066263328e-13,26,28,0.1441
ATT_T016_001025_1,CALL_T016_001025,1,EDGE_CANDIDATE_SCREEN,2011-05-11 17:30:00,E0044,CAL_011911,10.25,2683.17208398016,-2179.29960857341,FLAT_START,CONVERGED_FEASIBLE,CONVERGED,PASSED,0.909015302484565,33,1.03573602220719,13,3.07531777821168e-14,5.21027665456586e-13,26,28,0.1664
ATT_T016_001026_1,CALL_T016_001026,1,EDGE_CANDIDATE_SCREEN,2011-05-11 17:30:00,E0044,CAL_011912,10.25,2705.0660180839,-2158.41745226319,FLAT_START,CONVERGED_FEASIBLE,CONVERGED,PASSED,0.910114344064964,33,1.03690433484991,13,2.88657986402541e-14,4.91162666094169e-13,26,28,0.1418
ATT_T016_001027_1,CALL_T016_001027,1,EDGE_CANDIDATE_SCREEN,2011-05-11 17:30:00,E0044,CAL_011913,10.25,2727.03429265289,-2137.46439096129,FLAT_START,CONVERGED_FEASIBLE,CONVERGED,PASSED,0.911213609566834,33,1.03807343202906,13,2.69784194983913e-14,4.63629135083465e-13,26,28,0.142
ATT_T016_001028_1,CALL_T016_001028,1,EDGE_CANDIDATE_SCREEN,2011-05-11 17:30:00,E0044,CAL_011914,10.25,2749.08065044104,-2116.43685487655,FLAT_START,CONVERGED_FEASIBLE,CONVERGED,PASSED,0.912313279195494,33,1.03924350357574,13,2.57571741713036e-14,1.25732757538799e-12,25,28,0.1409
ATT_T016_001029_1,CALL_T016_001029,1,EDGE_CANDIDATE_SCREEN,2011-05-11 17:30:00,E0044,CAL_011915,10.25,2771.2088847311,-2095.33122602407,FLAT_START,CONVERGED_FEASIBLE,CONVERGED,PASSED,0.913413533365805,33,1.04041473991039,13,2.46469511466785e-14,1.19027010470063e-12,25,28,0.139
ATT_T016_001030_1,CALL_T016_001030,1,EDGE_CANDIDATE_SCREEN,2011-05-11 17:30:00,E0044,CAL_011916,10.25,2793.42284207263,-2074.14383561372,FLAT_START,CONVERGED_FEASIBLE,CONVERGED,PASSED,0.914514552825034,33,1.04158733217079,13,2.35367281220533e-14,1.12865272683393e-12,25,28,0.1392
ATT_T016_001031_1,CALL_T016_001031,1,EDGE_CANDIDATE_SCREEN,2011-05-11 17:30:00,E0044,CAL_011917,10.25,2815.72642509521,-2052.87096136697,FLAT_START,CONVERGED_FEASIBLE,CONVERGED,PASSED,0.915616518776102,33,1.04276147234104,13,2.29816166097407e-14,1.07114317415835e-12,25,28,0.1602
ATT_T016_001032_1,CALL_T016_001032,1,EDGE_CANDIDATE_SCREEN,2011-05-11 17:30:00,E0044,CAL_011918,10.25,2838.12359540143,-2031.50882475757,FLAT_START,CONVERGED_FEASIBLE,CONVERGED,PASSED,0.91671961300138,33,1.04393735338168,13,2.18713935851156e-14,1.01818553588373e-12,25,28,0.1434
ATT_T016_001033_1,CALL_T016_001033,1,EDGE_CANDIDATE_SCREEN,2011-05-11 17:30:00,E0044,CAL_011919,10.25,2860.61837654444,-2010.05358817164,FLAT_START,CONVERGED_FEASIBLE,CONVERGED,PASSED,0.917824017987254,33,1.04511516936109,13,2.1094237467878e-14,9.68780611287912e-13,25,28,0.1645
ATT_T016_001034_1,CALL_T016_001034,1,EDGE_CANDIDATE_SCREEN,2011-05-11 17:30:00,E0044,CAL_011920,10.25,2883.21485709503,-1988.50135198227,FLAT_START,CONVERGED_FEASIBLE,CONVERGED,PASSED,0.918929917049607,33,1.04629511558842,13,2.04281036531029e-14,9.23594534185668e-13,25,28,0.1424
ATT_T016_001035_1,CALL_T016_001035,1,EDGE_CANDIDATE_SCREEN,2011-05-11 17:30:00,E0044,CAL_011921,10.25,2905.91719380334,-1966.84815153397,FLAT_START,CONVERGED_FEASIBLE,CONVERGED,PASSED,0.920037494460443,33,1.04747738874828,13,1.98729921407903e-14,8.81628103854837e-13,25,28,0.1404
ATT_T016_001036_1,CALL_T016_001036,1,EDGE_CANDIDATE_SCREEN,2011-05-11 17:30:00,E0044,CAL_011922,10.25,2928.72961486081,-1945.08995403143,FLAT_START,CONVERGED_FEASIBLE,CONVERGED,PASSED,0.921146935575827,33,1.0486621870373,13,1.94289029309402e-14,8.42992342597881e-13,25,28,0.1387
ATT_T016_001037_1,CALL_T016_001037,1,LOCAL_REENTRY_STENCIL,2011-05-11 17:30:00,E0044,CAL_011923,10.5,2951.48387611052,-1923.04174795205,FLAT_START,CONVERGED_FEASIBLE,CONVERGED,PASSED,0.922263277996605,33,1.04984606586258,13,1.88737914186277e-14,8.07132138902489e-13,25,28,0.1619
ATT_T016_001038_1,CALL_T016_001038,1,LOCAL_REENTRY_STENCIL,2011-05-11 17:30:00,E0044,CAL_011923,10,2951.82897042516,-1923.40356270299,FLAT_START,CONVERGED_FEASIBLE,CONVERGED,PASSED,0.922253575810745,33,1.04985335463646,13,1.88737914186277e-14,8.07909295019726e-13,25,28,0.1427
ATT_T016_001039_1,CALL_T016_001039,1,ANCHOR_SEARCH,2011-05-11 17:30:00,E0045,CAL_011928,0,2821.12621781421,-1582.52881892629,FLAT_START,CONVERGED_INFEASIBLE,CONVERGED,PASSED,0.933506452337339,33,1.05011388756724,13,2.48579692943351e-14,3.16191517413245e-13,25,27,0.1469
ATT_T016_001040_1,CALL_T016_001040,1,ANCHOR_SEARCH,2011-05-11 17:30:00,E0045,CAL_011928,0.5,2820.66122802127,-1582.71262450963,FLAT_START,CONVERGED_INFEASIBLE,CONVERGED,PASSED,0.933494153178829,33,1.0500938117559,13,2.48449613152401e-14,3.16302539715707e-13,25,27,0.1425
ATT_T016_001041_1,CALL_T016_001041,1,ANCHOR_SEARCH,2011-05-11 17:30:00,E0045,CAL_011928,1,2820.19623822834,-1582.89643009297,FLAT_START,CONVERGED_INFEASIBLE,CONVERGED,PASSED,0.933481853494013,33,1.05007373508706,13,2.48319542778943e-14,3.1596947280832e-13,25,27,0.1433
ATT_T016_001042_1,CALL_T016_001042,1,ANCHOR_SEARCH,2011-05-11 17:30:00,E0045,CAL_011928,2,2819.26625864247,-1583.26404125964,FLAT_START,CONVERGED_INFEASIBLE,CONVERGED,PASSED,0.933457252545232,33,1.05003357917648,13,2.47162582681919e-14,3.16302539715707e-13,25,27,0.1416
ATT_T016_001043_1,CALL_T016_001043,1,ANCHOR_SEARCH,2011-05-11 17:30:00,E0045,CAL_011928,4,2817.40629947073,-1583.99926359299,FLAT_START,CONVERGED_FEASIBLE,CONVERGED,PASSED,0.933408044329499,33,1.04995325706103,13,2.46510492855359e-14,3.16080495110782e-13,25,27,0.1435
ATT_T016_001044_1,CALL_T016_001044,1,ANCHOR_SEARCH,2011-05-11 17:30:00,E0045,CAL_011928,8,2813.68638112725,-1585.46970825969,FLAT_START,CONVERGED_FEASIBLE,CONVERGED,PASSED,0.933309602612649,33,1.04979257163162,13,2.44946414401984e-14,3.1641356201817e-13,25,27,0.1475
ATT_T016_001045_1,CALL_T016_001045,1,ANCHOR_SEARCH,2011-05-11 17:30:00,E0045,CAL_011928,6,2815.54634029899,-1584.73448592634,FLAT_START,CONVERGED_FEASIBLE,CONVERGED,PASSED,0.933358827686513,33,1.04987292121478,13,2.46499554733772e-14,3.1641356201817e-13,25,27,0.1418
ATT_T016_001046_1,CALL_T016_001046,1,ANCHOR_SEARCH,2011-05-11 17:30:00,E0045,CAL_011928,7,2814.61636071312,-1585.10209709302,FLAT_START,CONVERGED_FEASIBLE,CONVERGED,PASSED,0.933334216203667,33,1.04983274814069,13,2.45467625870719e-14,3.1641356201817e-13,25,27,0.1401
ATT_T016_001047_1,CALL_T016_001047,1,ANCHOR_SEARCH,2011-05-11 17:30:00,E0045,CAL_011928,6.5,2815.08135050605,-1584.91829150968,FLAT_START,CONVERGED_FEASIBLE,CONVERGED,PASSED,0.933346522208583,33,1.04985283510706,13,2.46369627416403e-14,3.16191517413245e-13,25,27,0.1406
ATT_T016_001048_1,CALL_T016_001048,1,ANCHOR_SEARCH,2011-05-11 17:30:00,E0045,CAL_011928,6.75,2814.84885560958,-1585.01019430135,FLAT_START,CONVERGED_FEASIBLE,CONVERGED,PASSED,0.933340369272002,33,1.04984279173122,13,2.45337309060718e-14,3.16524584320632e-13,25,27,0.141
ATT_T016_001049_1,CALL_T016_001049,1,EDGE_CANDIDATE_SCREEN,2011-05-11 17:30:00,E0045,CAL_011925,6.75,2915.69172625491,-1840.12162611374,FLAT_START,CONVERGED_FEASIBLE,CONVERGED,PASSED,0.924991558834624,33,1.04977802639708,13,1.55431223447522e-14,6.5270011617713e-13,25,28,0.1435
ATT_T016_001050_1,CALL_T016_001050,1,EDGE_CANDIDATE_SCREEN,2011-05-11 17:30:00,E0045,CAL_011926,6.75,2880.57756662849,-1751.29012536552,FLAT_START,CONVERGED_FEASIBLE,CONVERGED,PASSED,0.927924965318515,33,1.04981250616659,13,1.27675647831893e-14,5.22470955388599e-13,25,28,0.1639
ATT_T016_001051_1,CALL_T016_001051,1,EDGE_CANDIDATE_SCREEN,2011-05-11 17:30:00,E0045,CAL_011927,6.75,2846.99767600672,-1666.3400052251,FLAT_START,CONVERGED_FEASIBLE,CONVERGED,PASSED,0.93070373340302,33,1.04983349079255,13,1.07591795801232e-14,4.2454928461666e-13,25,28,0.1396
ATT_T016_001052_1,CALL_T016_001052,1,EDGE_CANDIDATE_SCREEN,2011-05-11 17:30:00,E0045,CAL_011929,6.75,2784.0369375774,-1507.06246754807,FLAT_START,CONVERGED_FEASIBLE,CONVERGED,PASSED,0.935846047420755,33,1.0498419634768,13,2.19083463207135e-14,2.63677968348475e-13,25,27,0.1495
ATT_T016_001053_1,CALL_T016_001053,1,EDGE_CANDIDATE_SCREEN,2011-05-11 17:30:00,E0045,CAL_011930,6.75,2754.4758176896,-1432.27899924441,FLAT_START,CONVERGED_FEASIBLE,CONVERGED,PASSED,0.938230786001814,33,1.04983234430491,13,1.96613776104954e-14,2.34035013590983e-13,25,27,0.1388
ATT_T016_001054_1,CALL_T016_001054,1,EDGE_CANDIDATE_SCREEN,2011-05-11 17:30:00,E0045,CAL_011931,6.75,2726.08660979355,-1360.46022387602,FLAT_START,CONVERGED_FEASIBLE,CONVERGED,PASSED,0.940503594773438,33,1.04981508977399,13,1.77384893571892e-14,2.09166017839379e-13,25,27,0.1379
ATT_T016_001055_1,CALL_T016_001055,1,EDGE_CANDIDATE_SCREEN,2011-05-11 17:30:00,E0045,CAL_011932,6.75,2698.79690444328,-1291.42296064567,FLAT_START,CONVERGED_FEASIBLE,CONVERGED,PASSED,0.942672600587898,33,1.04979120041665,13,1.61039335083217e-14,1.88515869581352e-13,25,27,0.1377
ATT_T016_001056_1,CALL_T016_001056,1,EDGE_CANDIDATE_SCREEN,2011-05-11 17:30:00,E0045,CAL_011933,6.75,2672.54011706598,-1224.99876447046,FLAT_START,CONVERGED_FEASIBLE,CONVERGED,PASSED,0.944745154351691,33,1.04976154474028,13,1.46070292820582e-14,1.70530256582424e-13,25,27,0.158
ATT_T016_001057_1,CALL_T016_001057,1,LOCAL_REENTRY_STENCIL,2011-05-11 17:30:00,E0045,CAL_011928,7,2814.61636071312,-1585.10209709302,FLAT_START,CONVERGED_FEASIBLE,CONVERGED,PASSED,0.933334216203667,33,1.04983274814069,13,2.45467625870719e-14,3.1641356201817e-13,25,27,0.1401
ATT_T016_001058_1,CALL_T016_001058,1,LOCAL_REENTRY_STENCIL,2011-05-11 17:30:00,E0045,CAL_011928,6.5,2815.08135050605,-1584.91829150968,FLAT_START,CONVERGED_FEASIBLE,CONVERGED,PASSED,0.933346522208583,33,1.04985283510706,13,2.46369627416403e-14,3.16191517413245e-13,25,27,0.1513
ATT_T016_001059_1,CALL_T016_001059,1,ANCHOR_SEARCH,2011-05-11 17:30:00,E0046,CAL_011939,0,2550.73672726873,-880.935614493424,FLAT_START,CONVERGED_INFEASIBLE,CONVERGED,PASSED,0.955429480922168,33,1.05004229495803,13,9.58681961252577e-15,3.22408766351145e-13,24,27,0.1414
ATT_T016_001060_1,CALL_T016_001060,1,ANCHOR_SEARCH,2011-05-11 17:30:00,E0046,CAL_011939,0.5,2550.26783913713,-881.109234538471,FLAT_START,CONVERGED_INFEASIBLE,CONVERGED,PASSED,0.955417988247604,33,1.05002218494194,13,9.5015832715443e-15,3.21964677141295e-13,24,27,0.1384
ATT_T016_001061_1,CALL_T016_001061,1,ANCHOR_SEARCH,2011-05-11 17:30:00,E0046,CAL_011939,1,2549.79895100552,-881.282854583518,FLAT_START,CONVERGED_INFEASIBLE,CONVERGED,PASSED,0.955406495100196,33,1.05000207406421,13,9.57406443330972e-15,3.2129854332652e-13,24,27,0.136
ATT_T016_001062_1,CALL_T016_001062,1,ANCHOR_SEARCH,2011-05-11 17:30:00,E0046,CAL_011939,2,2548.86117474232,-881.630094673611,FLAT_START,CONVERGED_FEASIBLE,CONVERGED,PASSED,0.955383507386647,33,1.04996184972343,13,9.47584660239885e-15,3.21520587931445e-13,24,27,0.1379
ATT_T016_001063_1,CALL_T016_001063,1,ANCHOR_SEARCH,2011-05-11 17:30:00,E0046,CAL_011939,4,2546.98562221591,-882.324574853799,FLAT_START,CONVERGED_FEASIBLE,CONVERGED,PASSED,0.955337526283237,33,1.04988139069789,13,9.53581770795096e-15,3.2041036490682e-13,24,27,0.1642
ATT_T016_001064_1,CALL_T016_001064,1,ANCHOR_SEARCH,2011-05-11 17:30:00,E0046,CAL_011939,8,2543.23451716309,-883.713535214174,FLAT_START,CONVERGED_FEASIBLE,CONVERGED,PASSED,0.955245541360127,33,1.04972043124932,13,9.44668671562294e-15,3.17523785042795e-13,24,27,0.141
ATT_T016_001065_1,CALL_T016_001065,1,ANCHOR_SEARCH,2011-05-11 17:30:00,E0046,CAL_011939,6,2545.1100696895,-883.019055033986,FLAT_START,CONVERGED_FEASIBLE,CONVERGED,PASSED,0.955291537608784,33,1.04980091787524,13,9.4115551319778e-15,3.1818991885757e-13,24,27,0.1411
ATT_T016_001066_1,CALL_T016_001066,1,ANCHOR_SEARCH,2011-05-11 17:30:00,E0046,CAL_011939,5,2546.0478459527,-882.671814943893,FLAT_START,CONVERGED_FEASIBLE,CONVERGED,PASSED,0.955314532892588,33,1.04984115601159,13,9.42440764166466e-15,3.19744231092045e-13,24,27,0.1392
ATT_T016_001067_1,CALL_T016_001067,1,ANCHOR_SEARCH,2011-05-11 17:30:00,E0046,CAL_011939,4.5,2546.51673408431,-882.498194898846,FLAT_START,CONVERGED_FEASIBLE,CONVERGED,PASSED,0.955326029824533,33,1.04986127378595,13,9.52307511223575e-15,3.1996627569697e-13,24,27,0.1371
ATT_T016_001068_1,CALL_T016_001068,1,ANCHOR_SEARCH,2011-05-11 17:30:00,E0046,CAL_011939,4.75,2546.2822900185,-882.585004921369,FLAT_START,CONVERGED_FEASIBLE,CONVERGED,PASSED,0.955320281417718,33,1.04985121500657,13,9.49759946614281e-15,3.1952218648712e-13,24,27,0.1384
ATT_T016_001069_1,CALL_T016_001069,1,EDGE_CANDIDATE_SCREEN,2011-05-11 17:30:00,E0046,CAL_011935,5,2626.90739562257,-1101.04569658134,FLAT_START,CONVERGED_FEASIBLE,CONVERGED,PASSED,0.94861531278424,33,1.04981558920574,13,1.24651971110868e-14,4.22550883172335e-13,24,27,0.16
ATT_T016_001070_1,CALL_T016_001070,1,EDGE_CANDIDATE_SCREEN,2011-05-11 17:30:00,E0046,CAL_011936,5,2605.69702998542,-1043.76378128443,FLAT_START,CONVERGED_FEASIBLE,CONVERGED,PASSED,0.950386408886922,33,1.04982865973905,13,1.15975801712294e-14,3.9146463848283e-13,24,27,0.1392
ATT_T016_001071_1,CALL_T016_001071,1,EDGE_CANDIDATE_SCREEN,2011-05-11 17:30:00,E0046,CAL_011937,5,2585.17380275894,-988.337590915208,FLAT_START,CONVERGED_FEASIBLE,CONVERGED,PASSED,0.952090698393909,33,1.04983697101913,13,1.08205815480998e-14,3.64597241286901e-13,24,27,0.1405
ATT_T016_001072_1,CALL_T016_001072,1,EDGE_CANDIDATE_SCREEN,2011-05-11 17:30:00,E0046,CAL_011938,5,2565.3018766869,-934.67034134875,FLAT_START,CONVERGED_FEASIBLE,CONVERGED,PASSED,0.953732178678986,33,1.04984099567808,13,1.01334937578217e-14,3.40838468559923e-13,24,27,0.1379
ATT_T016_001073_1,CALL_T016_001073,1,EDGE_CANDIDATE_SCREEN,2011-05-11 17:30:00,E0046,CAL_011940,5,2527.38053300206,-832.257811830899,FLAT_START,CONVERGED_FEASIBLE,CONVERGED,PASSED,0.956841160562015,33,1.04983782998255,13,2.38277373268518e-14,2.71782596428238e-13,24,26,0.1367
ATT_T016_001074_1,CALL_T016_001074,1,EDGE_CANDIDATE_SCREEN,2011-05-11 17:30:00,E0046,CAL_011941,5,2509.27080539837,-783.349655300726,FLAT_START,CONVERGED_FEASIBLE,CONVERGED,PASSED,0.958315204651122,33,1.04983135642036,13,2.24180016227134e-14,2.57127652503186e-13,24,26,0.1367
ATT_T016_001075_1,CALL_T016_001075,1,EDGE_CANDIDATE_SCREEN,2011-05-11 17:30:00,E0046,CAL_011942,5,2491.69141044356,-735.873745172692,FLAT_START,CONVERGED_FEASIBLE,CONVERGED,PASSED,0.959739575553023,33,1.04982203953618,13,2.11968296999797e-14,2.42472708578134e-13,24,26,0.1355
ATT_T016_001076_1,CALL_T016_001076,1,EDGE_CANDIDATE_SCREEN,2011-05-11 17:30:00,E0046,CAL_011943,5,2474.61682558569,-689.761153796852,FLAT_START,CONVERGED_FEASIBLE,CONVERGED,PASSED,0.961116972417103,33,1.04981015285389,13,2.01522729888748e-14,2.30260255307257e-13,24,26,0.1611
ATT_T016_001077_1,CALL_T016_001077,1,LOCAL_REENTRY_STENCIL,2011-05-11 17:30:00,E0046,CAL_011939,5.25,2545.8134018869,-882.758624966416,FLAT_START,CONVERGED_FEASIBLE,CONVERGED,PASSED,0.955308784249136,33,1.04983109680097,13,9.42440764166466e-15,3.19300141882195e-13,24,27,0.1426
ATT_T016_001078_1,CALL_T016_001078,1,LOCAL_REENTRY_STENCIL,2011-05-11 17:30:00,E0046,CAL_011939,4.75,2546.2822900185,-882.585004921369,FLAT_START,CONVERGED_FEASIBLE,CONVERGED,PASSED,0.955320281417718,33,1.04985121500657,13,9.49759946614281e-15,3.1952218648712e-13,24,27,0.1397
ATT_T016_001079_1,CALL_T016_001079,1,ANCHOR_SEARCH,2011-05-11 17:30:00,E0047,CAL_011949,0,2390.59655297797,-439.907037240042,FLAT_START,CONVERGED_INFEASIBLE,CONVERGED,PASSED,0.968577164426326,33,1.0500207787953,13,1.53853602073474e-14,1.774136393351e-13,24,26,0.1415
ATT_T016_001080_1,CALL_T016_001080,1,ANCHOR_SEARCH,2011-05-11 17:30:00,E0047,CAL_011949,0.5,2390.12532107522,-440.074191342097,FLAT_START,CONVERGED_INFEASIBLE,CONVERGED,PASSED,0.968566120850654,33,1.05000063414152,13,1.53725803432013e-14,1.7696955012525e-13,24,26,0.1397
ATT_T016_001081_1,CALL_T016_001081,1,ANCHOR_SEARCH,2011-05-11 17:30:00,E0047,CAL_011949,1,2389.65408917248,-440.241345444152,FLAT_START,CONVERGED_FEASIBLE,CONVERGED,PASSED,0.968555076828045,33,1.04998048862075,13,1.53470263361619e-14,1.77191594730175e-13,24,26,0.1375
ATT_T016_001082_1,CALL_T016_001082,1,ANCHOR_SEARCH,2011-05-11 17:30:00,E0047,CAL_011949,2,2388.71162536698,-440.575653648263,FLAT_START,CONVERGED_FEASIBLE,CONVERGED,PASSED,0.968532987441833,33,1.04994019497782,13,1.54224187461261e-14,1.76303416310475e-13,24,26,0.1632
ATT_T016_001083_1,CALL_T016_001083,1,ANCHOR_SEARCH,2011-05-11 17:30:00,E0047,CAL_011949,4,2386.826697756,-441.244270056484,FLAT_START,CONVERGED_FEASIBLE,CONVERGED,PASSED,0.968488803304138,33,1.04985959728368,13,1.52576478876279e-14,1.75859327100625e-13,24,26,0.1391
ATT_T016_001084_1,CALL_T016_001084,1,ANCHOR_SEARCH,2011-05-11 17:30:00,E0047,CAL_011949,8,2383.05684253403,-442.581502872926,FLAT_START,CONVERGED_FEASIBLE,CONVERGED,PASSED,0.968400413557326,33,1.04969836024049,13,1.51301304691905e-14,1.74082970261225e-13,24,26,0.1403
ATT_T016_001085_1,CALL_T016_001085,1,ANCHOR_SEARCH,2011-05-11 17:30:00,E0047,CAL_011949,6,2384.94177014501,-441.912886464705,FLAT_START,CONVERGED_FEASIBLE,CONVERGED,PASSED,0.968444612010288,33,1.04977898570665,13,1.52066172573563e-14,1.7519319328585e-13,24,26,0.1426
ATT_T016_001086_1,CALL_T016_001086,1,ANCHOR_SEARCH,2011-05-11 17:30:00,E0047,CAL_011949,5,2385.8842339505,-441.578578260594,FLAT_START,CONVERGED_FEASIBLE,CONVERGED,PASSED,0.968466708551917,33,1.04981929323092,13,1.52321286550929e-14,1.7519319328585e-13,24,26,0.1437
ATT_T016_001087_1,CALL_T016_001087,1,ANCHOR_SEARCH,2011-05-11 17:30:00,E0047,CAL_011949,4.5,2386.35546585325,-441.411424158539,FLAT_START,CONVERGED_FEASIBLE,CONVERGED,PASSED,0.968477756151681,33,1.04983944569119,13,1.53335676860531e-14,1.75415237890775e-13,24,26,0.1355
ATT_T016_001088_1,CALL_T016_001088,1,ANCHOR_SEARCH,2011-05-11 17:30:00,E0047,CAL_011949,4.25,2386.59108180462,-441.327847107512,FLAT_START,CONVERGED_FEASIBLE,CONVERGED,PASSED,0.96848327978382,33,1.0498495215959,13,1.52448872944694e-14,1.756372824957e-13,24,26,0.1387
ATT_T016_001089_1,CALL_T016_001089,1,EDGE_CANDIDATE_SCREEN,2011-05-11 17:30:00,E0047,CAL_011945,4.25,2443.52521171291,-601.83350050175,FLAT_START,CONVERGED_FEASIBLE,CONVERGED,PASSED,0.963744074901161,33,1.04983539236357,13,1.81824443459515e-14,2.08721928629529e-13,24,26,0.1435
ATT_T016_001090_1,CALL_T016_001090,1,EDGE_CANDIDATE_SCREEN,2011-05-11 17:30:00,E0047,CAL_011946,4.25,2428.73998291353,-560.15177439388,FLAT_START,CONVERGED_FEASIBLE,CONVERGED,PASSED,0.964981481043492,33,1.04984216681184,13,1.7406087768693e-14,1.99174010617753e-13,24,26,0.138
ATT_T016_001091_1,CALL_T016_001091,1,EDGE_CANDIDATE_SCREEN,2011-05-11 17:30:00,E0047,CAL_011947,4.25,2414.33337876289,-519.537446641508,FLAT_START,CONVERGED_FEASIBLE,CONVERGED,PASSED,0.966182664790212,33,1.04984666313846,13,1.6681100944993e-14,1.91624494050302e-13,24,26,0.1335
ATT_T016_001092_1,CALL_T016_001092,1,EDGE_CANDIDATE_SCREEN,2011-05-11 17:30:00,E0047,CAL_011948,4.25,2400.28892723014,-479.944080176471,FLAT_START,CONVERGED_FEASIBLE,CONVERGED,PASSED,0.96734938262093,33,1.04984906025229,13,1.59064452971426e-14,1.82742709853301e-13,24,26,0.1326
ATT_T016_001093_1,CALL_T016_001093,1,EDGE_CANDIDATE_SCREEN,2011-05-11 17:30:00,E0047,CAL_011950,4.25,2373.22515705128,-403.647347041782,FLAT_START,CONVERGED_FEASIBLE,CONVERGED,PASSED,0.969585899046479,33,1.04984819664587,13,1.46471881845282e-14,1.69197988952874e-13,24,26,0.1382
ATT_T016_001094_1,CALL_T016_001094,1,EDGE_CANDIDATE_SCREEN,2011-05-11 17:30:00,E0047,CAL_011951,4.25,2360.17726947132,-366.863440362086,FLAT_START,CONVERGED_FEASIBLE,CONVERGED,PASSED,0.970658688628543,33,1.04984522224911,13,1.40750053751868e-14,1.62980740014973e-13,24,26,0.1373
ATT_T016_001095_1,CALL_T016_001095,1,EDGE_CANDIDATE_SCREEN,2011-05-11 17:30:00,E0047,CAL_011952,4.25,2347.43428316497,-330.93909504251,FLAT_START,CONVERGED_FEASIBLE,CONVERGED,PASSED,0.971703009404542,33,1.04984072381532,13,1.36300013122722e-14,1.56985535681997e-13,24,26,0.1607
ATT_T016_001096_1,CALL_T016_001096,1,EDGE_CANDIDATE_SCREEN,2011-05-11 17:30:00,E0047,CAL_011953,4.25,2334.98375984766,-295.839245736587,FLAT_START,CONVERGED_FEASIBLE,CONVERGED,PASSED,0.972720141454641,33,1.04983481638271,13,1.30327132115841e-14,1.50768286744096e-13,24,26,0.1434
ATT_T016_001097_1,CALL_T016_001097,1,LOCAL_REENTRY_STENCIL,2011-05-11 17:30:00,E0047,CAL_011949,4.5,2386.35546585325,-441.411424158539,FLAT_START,CONVERGED_FEASIBLE,CONVERGED,PASSED,0.968477756151681,33,1.04983944569119,13,1.53335676860531e-14,1.75415237890775e-13,24,26,0.1664
ATT_T016_001098_1,CALL_T016_001098,1,LOCAL_REENTRY_STENCIL,2011-05-11 17:30:00,E0047,CAL_011949,4,2386.826697756,-441.244270056484,FLAT_START,CONVERGED_FEASIBLE,CONVERGED,PASSED,0.968488803304138,33,1.04985959728368,13,1.52576478876279e-14,1.75859327100625e-13,24,26,0.1415
ATT_T016_001099_1,CALL_T016_001099,1,ANCHOR_SEARCH,2011-05-11 17:30:00,E0048,CAL_011958,0,2282.39822800806,-131.200587826821,FLAT_START,CONVERGED_INFEASIBLE,CONVERGED,PASSED,0.977516322119766,33,1.05000925367476,13,1.11758937605185e-14,1.30562227695918e-13,24,26,0.1452
ATT_T016_001100_1,CALL_T016_001100,1,ANCHOR_SEARCH,2011-05-11 17:30:00,E0048,CAL_011958,0.5,2281.92550726758,-131.363483810563,FLAT_START,CONVERGED_FEASIBLE,CONVERGED,PASSED,0.977505562145978,33,1.04998907990117,13,1.11758937605185e-14,1.30562227695918e-13,24,26,0.1396
ATT_T016_001101_1,CALL_T016_001101,1,ANCHOR_SEARCH,2011-05-11 17:30:00,E0048,CAL_011958,1,2281.4527865271,-131.526379794306,FLAT_START,CONVERGED_FEASIBLE,CONVERGED,PASSED,0.977494801740363,33,1.04996890525591,13,1.11504289974338e-14,1.30118138486068e-13,24,26,0.1621
ATT_T016_001102_1,CALL_T016_001102,1,ANCHOR_SEARCH,2011-05-11 17:30:00,E0048,CAL_011958,2,2280.50734504614,-131.852171761791,FLAT_START,CONVERGED_FEASIBLE,CONVERGED,PASSED,0.977473279633474,33,1.04992855334999,13,1.1124975193284e-14,1.29674049276218e-13,24,26,0.1383
ATT_T016_001103_1,CALL_T016_001103,1,ANCHOR_SEARCH,2011-05-11 17:30:00,E0048,CAL_011958,4,2278.61646208421,-132.503755696761,FLAT_START,CONVERGED_FEASIBLE,CONVERGED,PASSED,0.977430230235821,33,1.04984783907382,13,1.10868152001673e-14,1.29229960066368e-13,24,26,0.137
ATT_T016_001104_1,CALL_T016_001104,1,ANCHOR_SEARCH,2011-05-11 17:30:00,E0048,CAL_011958,3,2279.56190356518,-132.177963729276,FLAT_START,CONVERGED_FEASIBLE,CONVERGED,PASSED,0.977451755798745,33,1.04988819795622,13,1.11122524243447e-14,1.29452004671293e-13,24,26,0.1372
ATT_T016_001105_1,CALL_T016_001105,1,ANCHOR_SEARCH,2011-05-11 17:30:00,E0048,CAL_011958,3.5,2279.0891828247,-132.340859713018,FLAT_START,CONVERGED_FEASIBLE,CONVERGED,PASSED,0.97744099323333,33,1.04986801895115,13,1.10868152001673e-14,1.29452004671293e-13,24,26,0.1384
ATT_T016_001106_1,CALL_T016_001106,1,ANCHOR_SEARCH,2011-05-11 17:30:00,E0048,CAL_011958,3.75,2278.85282245446,-132.422307704889,FLAT_START,CONVERGED_FEASIBLE,CONVERGED,PASSED,0.97743561178859,33,1.04985792912152,13,1.10868152001673e-14,1.29007915461443e-13,24,26,0.1359
ATT_T016_001107_1,CALL_T016_001107,1,EDGE_CANDIDATE_SCREEN,2011-05-11 17:30:00,E0048,CAL_011955,4,2311.57625261488,-228.152378994799,FLAT_START,CONVERGED_FEASIBLE,CONVERGED,PASSED,0.974679640663904,33,1.0498421823816,13,1.22056701953695e-14,1.41442413337245e-13,24,26,0.1351
ATT_T016_001108_1,CALL_T016_001108,1,EDGE_CANDIDATE_SCREEN,2011-05-11 17:30:00,E0048,CAL_011956,4,2300.35841923063,-195.598460953594,FLAT_START,CONVERGED_FEASIBLE,CONVERGED,PASSED,0.975618379367825,33,1.04984531397881,13,1.1786286799356e-14,1.37223565843669e-13,24,26,0.1567
ATT_T016_001109_1,CALL_T016_001109,1,EDGE_CANDIDATE_SCREEN,2011-05-11 17:30:00,E0048,CAL_011957,4,2289.37478234963,-163.724176270422,FLAT_START,CONVERGED_FEASIBLE,CONVERGED,PASSED,0.976534936687191,33,1.04984717211188,13,1.14684698349469e-14,1.33448807559944e-13,24,26,0.1351
ATT_T016_001110_1,CALL_T016_001110,1,EDGE_CANDIDATE_SCREEN,2011-05-11 17:30:00,E0048,CAL_011959,4,2268.07500644607,-101.912671739251,FLAT_START,CONVERGED_FEASIBLE,CONVERGED,PASSED,0.978305128641623,33,1.04984739110562,13,1.08077588392361e-14,1.25455201782643e-13,24,26,0.1336
ATT_T016_001111_1,CALL_T016_001111,1,EDGE_CANDIDATE_SCREEN,2011-05-11 17:30:00,E0048,CAL_011960,4,2257.74236557037,-71.9275638583581,FLAT_START,CONVERGED_FEASIBLE,CONVERGED,PASSED,0.979160454811715,33,1.04984589889484,13,1.04511536725375e-14,1.22346577313692e-13,24,26,0.1357
ATT_T016_001112_1,CALL_T016_001112,1,EDGE_CANDIDATE_SCREEN,2011-05-11 17:30:00,E0048,CAL_011961,4,2247.61086777501,-42.5261689929775,FLAT_START,CONVERGED_FEASIBLE,CONVERGED,PASSED,0.979996988939012,33,1.04984342802772,13,1.01207424892776e-14,3.574918139293e-13,23,26,0.1328
ATT_T016_001113_1,CALL_T016_001113,1,EDGE_CANDIDATE_SCREEN,2011-05-11 17:30:00,E0048,CAL_011962,4,2237.67319730443,-13.6872569732921,FLAT_START,CONVERGED_FEASIBLE,CONVERGED,PASSED,0.980815471273987,33,1.04984003939976,13,9.87904534693768e-15,3.48387985127374e-13,23,26,0.132
ATT_T016_001114_1,CALL_T016_001114,1,LOCAL_REENTRY_STENCIL,2011-05-11 17:30:00,E0048,CAL_011958,4.25,2278.38010171397,-132.585203688632,FLAT_START,CONVERGED_FEASIBLE,CONVERGED,PASSED,0.977424848575017,33,1.04983774880802,13,1.10868152001673e-14,1.29229960066368e-13,24,26,0.1571
ATT_T016_001115_1,CALL_T016_001115,1,LOCAL_REENTRY_STENCIL,2011-05-11 17:30:00,E0048,CAL_011958,3.75,2278.85282245446,-132.422307704889,FLAT_START,CONVERGED_FEASIBLE,CONVERGED,PASSED,0.97743561178859,33,1.04985792912152,13,1.10868152001673e-14,1.29007915461443e-13,24,26,0.1366
ATT_T016_001116_1,CALL_T016_001116,1,ANCHOR_SEARCH,2011-05-11 17:30:00,E0049,CAL_011964,0,2234.48408693276,7.93568864450346,FLAT_START,CONVERGED_FEASIBLE,CONVERGED,PASSED,0.981476866230232,33,1.0499998010842,13,9.80295536264934e-15,3.45279360658424e-13,23,26,0.1478
ATT_T016_001117_1,CALL_T016_001117,1,ANCHOR_SEARCH,2011-05-11 17:30:00,E0049,CAL_011964,0.5,2234.01079659761,7.77445509137907,FLAT_START,CONVERGED_FEASIBLE,CONVERGED,PASSED,0.981466221221583,33,1.04997961283341,13,9.70175490527837e-15,3.45057316053499e-13,23,26,0.1373
ATT_T016_001118_1,CALL_T016_001118,1,ANCHOR_SEARCH,2011-05-11 17:30:00,E0049,CAL_011964,1,2233.53750626246,7.61322153825467,FLAT_START,CONVERGED_FEASIBLE,CONVERGED,PASSED,0.981455575787041,33,1.04995942370866,13,9.76495429024466e-15,3.44391182238724e-13,23,26,0.1318
ATT_T016_001119_1,CALL_T016_001119,1,ANCHOR_SEARCH,2011-05-11 17:30:00,E0049,CAL_011964,2,2232.59092559216,7.29075443200588,FLAT_START,CONVERGED_FEASIBLE,CONVERGED,PASSED,0.981434283640096,33,1.04991904283688,13,9.75229385727802e-15,3.43503003819023e-13,23,26,0.1329
ATT_T016_001120_1,CALL_T016_001120,1,ANCHOR_SEARCH,2011-05-11 17:30:00,E0049,CAL_011964,4,2230.69776425156,6.6458202195083,FLAT_START,CONVERGED_FEASIBLE,CONVERGED,PASSED,0.981391694233547,33,1.04983827060142,13,9.63787135122526e-15,3.42614825399323e-13,23,26,0.1325
ATT_T016_001121_1,CALL_T016_001121,1,ANCHOR_SEARCH,2011-05-11 17:30:00,E0049,CAL_011964,3,2231.64434492186,6.96828732575709,FLAT_START,CONVERGED_FEASIBLE,CONVERGED,PASSED,0.981412989789049,33,1.04987865846806,13,9.65064197981957e-15,3.43280959214098e-13,23,26,0.1594
ATT_T016_001122_1,CALL_T016_001122,1,ANCHOR_SEARCH,2011-05-11 17:30:00,E0049,CAL_011964,3.5,2231.17105458671,6.8070537726327,FLAT_START,CONVERGED_FEASIBLE,CONVERGED,PASSED,0.981402342224376,33,1.04985846497202,13,9.63787135122526e-15,3.43503003819023e-13,23,26,0.1382
ATT_T016_001123_1,CALL_T016_001123,1,ANCHOR_SEARCH,2011-05-11 17:30:00,E0049,CAL_011964,3.75,2230.93440941913,6.7264369960705,FLAT_START,CONVERGED_FEASIBLE,CONVERGED,PASSED,0.981397018282234,33,1.04984836789605,13,9.72698295531248e-15,3.42392780794398e-13,23,26,0.1439
ATT_T016_001124_1,CALL_T016_001124,1,EDGE_CANDIDATE_SCREEN,2011-05-11 17:30:00,E0049,CAL_011965,3.75,2228.2309963519,14.6621256405739,FLAT_START,CONVERGED_FEASIBLE,CONVERGED,PASSED,0.981621854791825,33,1.04984827635812,13,9.66376443231814e-15,3.39728245535298e-13,23,26,0.1331
ATT_T016_001125_1,CALL_T016_001125,1,EDGE_CANDIDATE_SCREEN,2011-05-11 17:30:00,E0049,CAL_011966,3.75,2225.87142052552,21.5885030107971,FLAT_START,CONVERGED_FEASIBLE,CONVERGED,PASSED,0.981817971011903,33,1.04984813804558,13,9.5103356940376e-15,3.38395977905748e-13,23,26,0.131
ATT_T016_001126_1,CALL_T016_001126,1,EDGE_CANDIDATE_SCREEN,2011-05-11 17:30:00,E0049,CAL_011967,3.75,2223.51184469913,28.5148803810205,FLAT_START,CONVERGED_FEASIBLE,CONVERGED,PASSED,0.982013971676641,33,1.04984794534277,13,9.45941005312598e-15,3.36175531856497e-13,23,26,0.1296
ATT_T016_001127_1,CALL_T016_001127,1,EDGE_CANDIDATE_SCREEN,2011-05-11 17:30:00,E0049,CAL_011968,3.75,2221.15226887275,35.4412577512437,FLAT_START,CONVERGED_FEASIBLE,CONVERGED,PASSED,0.982209856945452,33,1.04984769830627,13,9.40853628727117e-15,3.34399175017097e-13,23,26,0.1292
ATT_T016_001128_1,CALL_T016_001128,1,LOCAL_REENTRY_STENCIL,2011-05-11 17:30:00,E0049,CAL_011964,4,2230.69776425156,6.6458202195083,FLAT_START,CONVERGED_FEASIBLE,CONVERGED,PASSED,0.981391694233547,33,1.04983827060142,13,9.63787135122526e-15,3.42614825399323e-13,23,26,0.1366
ATT_T016_001129_1,CALL_T016_001129,1,LOCAL_REENTRY_STENCIL,2011-05-11 17:30:00,E0049,CAL_011964,3.5,2231.17105458671,6.8070537726327,FLAT_START,CONVERGED_FEASIBLE,CONVERGED,PASSED,0.981402342224376,33,1.04985846497202,13,9.63787135122526e-15,3.43503003819023e-13,23,26,0.1305
ATT_T016_001130_1,CALL_T016_001130,1,ANCHOR_SEARCH,2011-05-11 17:30:00,E0050,CAL_011974,0,2178.31262085413,174.630386836012,FLAT_START,CONVERGED_INFEASIBLE,CONVERGED,PASSED,0.986174594385734,33,1.05000669497373,13,8.34055047249649e-15,3.00426350463567e-13,23,26,0.136
ATT_T016_001131_1,CALL_T016_001131,1,ANCHOR_SEARCH,2011-05-11 17:30:00,E0050,CAL_011974,0.5,2177.8386551234,174.471149635305,FLAT_START,CONVERGED_FEASIBLE,CONVERGED,PASSED,0.986164083542062,33,1.04998648932224,13,8.34055047249649e-15,3.00426350463567e-13,23,26,0.1348
ATT_T016_001132_1,CALL_T016_001132,1,ANCHOR_SEARCH,2011-05-11 17:30:00,E0050,CAL_011974,1,2177.36468939266,174.311912434598,FLAT_START,CONVERGED_FEASIBLE,CONVERGED,PASSED,0.986153572279204,33,1.04996628279397,13,8.34055047249649e-15,2.99538172043867e-13,23,26,0.1328
ATT_T016_001133_1,CALL_T016_001133,1,ANCHOR_SEARCH,2011-05-11 17:30:00,E0050,CAL_011974,2,2176.41675793119,173.993438033183,FLAT_START,CONVERGED_FEASIBLE,CONVERGED,PASSED,0.986132548495761,33,1.0499258671067,13,8.31511140012545e-15,2.99094082834017e-13,23,26,0.135
ATT_T016_001134_1,CALL_T016_001134,1,ANCHOR_SEARCH,2011-05-11 17:30:00,E0050,CAL_011974,4,2174.52089500825,173.356489230354,FLAT_START,CONVERGED_FEASIBLE,CONVERGED,PASSED,0.986090495896754,33,1.04984502520644,13,8.27698070613705e-15,2.97761815204467e-13,23,26,0.1549
ATT_T016_001135_1,CALL_T016_001135,1,ANCHOR_SEARCH,2011-05-11 17:30:00,E0050,CAL_011974,3,2175.46882646972,173.674963631769,FLAT_START,CONVERGED_FEASIBLE,CONVERGED,PASSED,0.986111523035059,33,1.04988544791112,13,8.28968719269229e-15,2.98649993624167e-13,23,26,0.1358
ATT_T016_001136_1,CALL_T016_001136,1,ANCHOR_SEARCH,2011-05-11 17:30:00,E0050,CAL_011974,3.5,2174.99486073899,173.515726431061,FLAT_START,CONVERGED_FEASIBLE,CONVERGED,PASSED,0.986101009675629,33,1.04986523699746,13,8.30239742975467e-15,2.98205904414317e-13,23,26,0.1322
ATT_T016_001137_1,CALL_T016_001137,1,ANCHOR_SEARCH,2011-05-11 17:30:00,E0050,CAL_011974,3.75,2174.75787787362,173.436107830708,FLAT_START,CONVERGED_FEASIBLE,CONVERGED,PASSED,0.986095752838625,33,1.04985513121163,13,8.28968719269229e-15,2.98427949019242e-13,23,26,0.132
ATT_T016_001138_1,CALL_T016_001138,1,EDGE_CANDIDATE_SCREEN,2011-05-11 17:30:00,E0050,CAL_011970,4,2209.43644987568,69.4311727637786,FLAT_START,CONVERGED_FEASIBLE,CONVERGED,PASSED,0.98316788941066,33,1.04984047154738,13,9.15497582109401e-15,3.23741033980696e-13,23,26,0.1334
ATT_T016_001139_1,CALL_T016_001139,1,EDGE_CANDIDATE_SCREEN,2011-05-11 17:30:00,E0050,CAL_011971,4,2200.48174088174,96.0846505502297,FLAT_START,CONVERGED_FEASIBLE,CONVERGED,PASSED,0.983919880834805,33,1.04984278588798,13,8.87453877121601e-15,3.17079695832945e-13,23,26,0.1304
ATT_T016_001140_1,CALL_T016_001140,1,EDGE_CANDIDATE_SCREEN,2011-05-11 17:30:00,E0050,CAL_011972,4,2191.68103910442,122.279729528893,FLAT_START,CONVERGED_FEASIBLE,CONVERGED,PASSED,0.98465729525057,33,1.04984428785019,13,8.70951432369267e-15,3.11084491499969e-13,23,26,0.1297
ATT_T016_001141_1,CALL_T016_001141,1,EDGE_CANDIDATE_SCREEN,2011-05-11 17:30:00,E0050,CAL_011973,4,2183.02909888916,148.032023265459,FLAT_START,CONVERGED_FEASIBLE,CONVERGED,PASSED,0.985380664493167,33,1.04984502076912,13,8.42970234350473e-15,3.03979064142368e-13,23,26,0.1568
ATT_T016_001142_1,CALL_T016_001142,1,EDGE_CANDIDATE_SCREEN,2011-05-11 17:30:00,E0050,CAL_011975,4,2166.1516109096,198.267463776035,FLAT_START,CONVERGED_FEASIBLE,CONVERGED,PASSED,0.986787273717141,33,1.0498443391483,13,8.12480180692669e-15,2.91988655476416e-13,23,26,0.1318
ATT_T016_001143_1,CALL_T016_001143,1,EDGE_CANDIDATE_SCREEN,2011-05-11 17:30:00,E0050,CAL_011976,4,2157.91662770327,222.77869491828,FLAT_START,CONVERGED_FEASIBLE,CONVERGED,PASSED,0.987471460456577,33,1.04984299818724,13,7.88302325162108e-15,2.8599345114344e-13,23,26,0.142
ATT_T016_001144_1,CALL_T016_001144,1,EDGE_CANDIDATE_SCREEN,2011-05-11 17:30:00,E0050,CAL_011977,4,2149.81151383215,246.90337308111,FLAT_START,CONVERGED_FEASIBLE,CONVERGED,PASSED,0.988143498098458,33,1.04984103568941,13,7.83475792737111e-15,2.8066438062524e-13,23,26,0.1314
ATT_T016_001145_1,CALL_T016_001145,1,EDGE_CANDIDATE_SCREEN,2011-05-11 17:30:00,E0050,CAL_011978,4,2141.83201537761,270.654159951925,FLAT_START,CONVERGED_FEASIBLE,CONVERGED,PASSED,0.988803809259041,33,1.04983848294857,13,7.61607381044009e-15,2.76001443921814e-13,23,26,0.1311
ATT_T016_001146_1,CALL_T016_001146,1,LOCAL_REENTRY_STENCIL,2011-05-11 17:30:00,E0050,CAL_011974,4.25,2174.28391214288,173.276870630001,FLAT_START,CONVERGED_FEASIBLE,CONVERGED,PASSED,0.986085238850012,33,1.04983491898188,13,8.36880084681376e-15,2.97095681389692e-13,23,26,0.1336
ATT_T016_001147_1,CALL_T016_001147,1,LOCAL_REENTRY_STENCIL,2011-05-11 17:30:00,E0050,CAL_011974,3.75,2174.75787787362,173.436107830708,FLAT_START,CONVERGED_FEASIBLE,CONVERGED,PASSED,0.986095752838625,33,1.04985513121163,13,8.28968719269229e-15,2.98427949019242e-13,23,26,0.1317
ATT_T016_001148_1,CALL_T016_001148,1,ANCHOR_SEARCH,2011-05-11 17:30:00,E0051,CAL_011983,0,2108.08990570302,385.277863945829,FLAT_START,CONVERGED_INFEASIBLE,CONVERGED,PASSED,0.991001417638283,25,1.0500008067978,13,1.92494522044998e-14,2.32924790566358e-13,23,25,0.1381
ATT_T016_001149_1,CALL_T016_001149,1,ANCHOR_SEARCH,2011-05-11 17:30:00,E0051,CAL_011983,0.5,2107.61507381939,385.121228438082,FLAT_START,CONVERGED_FEASIBLE,CONVERGED,PASSED,0.990999378384849,25,1.04998057727659,13,1.92367565287506e-14,2.33146835171283e-13,23,25,0.1342
ATT_T016_001150_1,CALL_T016_001150,1,ANCHOR_SEARCH,2011-05-11 17:30:00,E0051,CAL_011983,1,2107.14024193576,384.964592930336,FLAT_START,CONVERGED_FEASIBLE,CONVERGED,PASSED,0.990997339037336,25,1.04996034687473,13,1.92113700825999e-14,2.32036612146658e-13,23,25,0.132
ATT_T016_001151_1,CALL_T016_001151,1,ANCHOR_SEARCH,2011-05-11 17:30:00,E0051,CAL_011983,2,2106.19057816849,384.651321914843,FLAT_START,CONVERGED_FEASIBLE,CONVERGED,PASSED,0.990993260060036,25,1.04991988342864,13,1.91606169026691e-14,2.31592522936808e-13,23,25,0.1334
ATT_T016_001152_1,CALL_T016_001152,1,ANCHOR_SEARCH,2011-05-11 17:30:00,E0051,CAL_011983,4,2104.29125063397,384.024779883857,FLAT_START,CONVERGED_FEASIBLE,CONVERGED,PASSED,0.99098510097608,25,1.04983894596423,13,1.90845368068201e-14,2.31148433726958e-13,23,25,0.1324
ATT_T016_001153_1,CALL_T016_001153,1,ANCHOR_SEARCH,2011-05-11 17:30:00,E0051,CAL_011983,3,2105.24091440123,384.33805089935,FLAT_START,CONVERGED_FEASIBLE,CONVERGED,PASSED,0.990989180706309,25,1.04987941645874,13,1.91225693690443e-14,2.31370478331883e-13,23,25,0.1319
ATT_T016_001154_1,CALL_T016_001154,1,ANCHOR_SEARCH,2011-05-11 17:30:00,E0051,CAL_011983,3.5,2104.7660825176,384.181415391603,FLAT_START,CONVERGED_FEASIBLE,CONVERGED,PASSED,0.990987140888262,25,1.04985918165211,13,1.91098901803989e-14,2.31148433726958e-13,23,25,0.153
ATT_T016_001155_1,CALL_T016_001155,1,ANCHOR_SEARCH,2011-05-11 17:30:00,E0051,CAL_011983,3.75,2104.52866657578,384.10309763773,FLAT_START,CONVERGED_FEASIBLE,CONVERGED,PASSED,0.990986120943938,25,1.04984906391833,13,1.90972126585503e-14,2.30926389122033e-13,23,25,0.1352
ATT_T016_001156_1,CALL_T016_001156,1,EDGE_CANDIDATE_SCREEN,2011-05-11 17:30:00,E0051,CAL_011980,3.75,2126.62418946778,317.121741331157,FLAT_START,CONVERGED_FEASIBLE,CONVERGED,PASSED,0.990096572057392,33,1.04984722155593,13,7.36356258038831e-15,2.66231481305113e-13,23,26,0.1343
ATT_T016_001157_1,CALL_T016_001157,1,EDGE_CANDIDATE_SCREEN,2011-05-11 17:30:00,E0051,CAL_011981,3.75,2119.15373229075,339.768019330281,FLAT_START,CONVERGED_FEASIBLE,CONVERGED,PASSED,0.990724149458886,33,1.04984838135699,13,7.13275092674005e-15,2.61790589206612e-13,23,26,0.1313
ATT_T016_001158_1,CALL_T016_001158,1,EDGE_CANDIDATE_SCREEN,2011-05-11 17:30:00,E0051,CAL_011982,3.75,2111.7896763913,362.091747737762,FLAT_START,CONVERGED_FEASIBLE,CONVERGED,PASSED,0.990929498641305,25,1.04984898724139,13,1.93892115658267e-14,2.35145236615608e-13,23,25,0.1303
ATT_T016_001159_1,CALL_T016_001159,1,EDGE_CANDIDATE_SCREEN,2011-05-11 17:30:00,E0051,CAL_011984,3.75,2097.3674718617,405.811863575037,FLAT_START,CONVERGED_FEASIBLE,CONVERGED,PASSED,0.991041833773307,25,1.04984863467982,13,1.87281299211913e-14,2.26929586233382e-13,23,25,0.1292
ATT_T016_001160_1,CALL_T016_001160,1,EDGE_CANDIDATE_SCREEN,2011-05-11 17:30:00,E0051,CAL_011985,3.75,2090.3029794917,427.227481701516,FLAT_START,CONVERGED_FEASIBLE,CONVERGED,PASSED,0.991096667175141,25,1.04984772148981,13,1.84491344522319e-14,2.23820961764432e-13,23,25,0.1318
ATT_T016_001161_1,CALL_T016_001161,1,EDGE_CANDIDATE_SCREEN,2011-05-11 17:30:00,E0051,CAL_011986,3.75,2083.33218928392,448.359046902663,FLAT_START,CONVERGED_FEASIBLE,CONVERGED,PASSED,0.991150649987808,25,1.04984634506698,13,1.81052376980675e-14,2.20934381900406e-13,23,25,0.1534
ATT_T016_001162_1,CALL_T016_001162,1,EDGE_CANDIDATE_SCREEN,2011-05-11 17:30:00,E0051,CAL_011987,3.75,2076.4522082966,469.215328971508,FLAT_START,CONVERGED_FEASIBLE,CONVERGED,PASSED,0.991203809904403,25,1.04984452496153,13,1.77745154627959e-14,2.17381668221606e-13,23,25,0.1301
ATT_T016_001163_1,CALL_T016_001163,1,EDGE_CANDIDATE_SCREEN,2011-05-11 17:30:00,E0051,CAL_011988,3.75,2069.66024578664,489.80478789149,FLAT_START,CONVERGED_FEASIBLE,CONVERGED,PASSED,0.991256173531098,25,1.04984227962659,13,1.75204529084183e-14,2.14273043752655e-13,23,25,0.1538
ATT_T016_001164_1,CALL_T016_001164,1,LOCAL_REENTRY_STENCIL,2011-05-11 17:30:00,E0051,CAL_011983,4,2104.29125063397,384.024779883857,FLAT_START,CONVERGED_FEASIBLE,CONVERGED,PASSED,0.99098510097608,25,1.04983894596423,13,1.90845368068201e-14,2.31148433726958e-13,23,25,0.1315
ATT_T016_001165_1,CALL_T016_001165,1,LOCAL_REENTRY_STENCIL,2011-05-11 17:30:00,E0051,CAL_011983,3.5,2104.7660825176,384.181415391603,FLAT_START,CONVERGED_FEASIBLE,CONVERGED,PASSED,0.990987140888262,25,1.04985918165211,13,1.91098901803989e-14,2.31148433726958e-13,23,25,0.1283
ATT_T016_001166_1,CALL_T016_001166,1,ANCHOR_SEARCH,2011-05-11 17:30:00,E0052,CAL_011998,0,2011.10988971551,683.65491743502,FLAT_START,CONVERGED_INFEASIBLE,CONVERGED,PASSED,0.991760380052664,25,1.05000776733131,13,1.53335676860531e-14,1.91180404840452e-13,23,25,0.1355
ATT_T016_001167_1,CALL_T016_001167,1,ANCHOR_SEARCH,2011-05-11 17:30:00,E0052,CAL_011998,0.5,2010.63388226771,683.501891588719,FLAT_START,CONVERGED_FEASIBLE,CONVERGED,PASSED,0.991758361544882,25,1.04998750256367,13,1.53997178426121e-14,1.90958360235527e-13,23,25,0.1526
ATT_T016_001168_1,CALL_T016_001168,1,ANCHOR_SEARCH,2011-05-11 17:30:00,E0052,CAL_011998,1,2010.1578748199,683.348865742418,FLAT_START,CONVERGED_FEASIBLE,CONVERGED,PASSED,0.991756342943763,25,1.04996723690959,13,1.52955195326417e-14,1.90958360235527e-13,23,25,0.1366
ATT_T016_001169_1,CALL_T016_001169,1,ANCHOR_SEARCH,2011-05-11 17:30:00,E0052,CAL_011998,2,2009.2058599243,683.042814049817,FLAT_START,CONVERGED_FEASIBLE,CONVERGED,PASSED,0.991752305461478,25,1.04992670294173,13,1.52574901028306e-14,1.90292226420752e-13,23,25,0.1311
ATT_T016_001170_1,CALL_T016_001170,1,ANCHOR_SEARCH,2011-05-11 17:30:00,E0052,CAL_011998,4,2007.30183013309,682.430710664613,FLAT_START,CONVERGED_FEASIBLE,CONVERGED,PASSED,0.991744229376456,25,1.04984562436437,13,1.51941497096307e-14,1.88959958791202e-13,23,25,0.1291
ATT_T016_001171_1,CALL_T016_001171,1,ANCHOR_SEARCH,2011-05-11 17:30:00,E0052,CAL_011998,3,2008.25384502869,682.736762357215,FLAT_START,CONVERGED_FEASIBLE,CONVERGED,PASSED,0.991748267605734,25,1.04988616542693,13,1.52321476208802e-14,1.90070181815827e-13,23,25,0.1298
ATT_T016_001172_1,CALL_T016_001172,1,ANCHOR_SEARCH,2011-05-11 17:30:00,E0052,CAL_011998,3.5,2007.77783758089,682.583736510914,FLAT_START,CONVERGED_FEASIBLE,CONVERGED,PASSED,0.991746248537791,25,1.04986589533917,13,1.52068135647989e-14,1.89626092605977e-13,23,25,0.1323
ATT_T016_001173_1,CALL_T016_001173,1,ANCHOR_SEARCH,2011-05-11 17:30:00,E0052,CAL_011998,3.75,2007.53983385699,682.507223587764,FLAT_START,CONVERGED_FEASIBLE,CONVERGED,PASSED,0.991745238968798,25,1.04985575996266,13,1.52068135647989e-14,1.89626092605977e-13,23,25,0.1304
ATT_T016_001174_1,CALL_T016_001174,1,EDGE_CANDIDATE_SCREEN,2011-05-11 17:30:00,E0052,CAL_011990,4,2056.26567068847,530.122108289217,FLAT_START,CONVERGED_FEASIBLE,CONVERGED,PASSED,0.99135808156816,25,1.04983294313597,13,1.69864179457949e-14,2.08721928629529e-13,23,25,0.1515
ATT_T016_001175_1,CALL_T016_001175,1,EDGE_CANDIDATE_SCREEN,2011-05-11 17:30:00,E0052,CAL_011991,4,2049.90092608559,549.920501224583,FLAT_START,CONVERGED_FEASIBLE,CONVERGED,PASSED,0.991408626545855,25,1.04983593635482,13,1.67457003851942e-14,2.04947170345804e-13,23,25,0.1317
ATT_T016_001176_1,CALL_T016_001176,1,EDGE_CANDIDATE_SCREEN,2011-05-11 17:30:00,E0052,CAL_011992,4,2043.61025139808,569.488489739892,FLAT_START,CONVERGED_FEASIBLE,CONVERGED,PASSED,0.991458479855069,25,1.04983849780734,13,1.64650755782295e-14,2.02948768901479e-13,23,25,0.1289
ATT_T016_001177_1,CALL_T016_001177,1,EDGE_CANDIDATE_SCREEN,2011-05-11 17:30:00,E0052,CAL_011993,4,2037.39141944072,588.833001793878,FLAT_START,CONVERGED_FEASIBLE,CONVERGED,PASSED,0.991507663052862,25,1.04984064318951,13,1.61725775387991e-14,2.00728322852228e-13,23,25,0.1323
ATT_T016_001178_1,CALL_T016_001178,1,EDGE_CANDIDATE_SCREEN,2011-05-11 17:30:00,E0052,CAL_011994,4,2031.24227525323,607.960740679944,FLAT_START,CONVERGED_FEASIBLE,CONVERGED,PASSED,0.991556196917686,25,1.04984238739081,13,1.60852181692958e-14,1.97841742988203e-13,23,25,0.1286
ATT_T016_001179_1,CALL_T016_001179,1,EDGE_CANDIDATE_SCREEN,2011-05-11 17:30:00,E0052,CAL_011995,4,2025.16073290068,626.878194978804,FLAT_START,CONVERGED_FEASIBLE,CONVERGED,PASSED,0.991604101486303,25,1.04984374453875,13,1.58042109615002e-14,1.96287430753728e-13,23,25,0.1284
ATT_T016_001180_1,CALL_T016_001180,1,EDGE_CANDIDATE_SCREEN,2011-05-11 17:30:00,E0052,CAL_011996,4,2019.14477243527,645.591648009449,FLAT_START,CONVERGED_FEASIBLE,CONVERGED,PASSED,0.991651396088665,25,1.04984472804055,13,1.5626980653487e-14,1.93400850889702e-13,23,25,0.1296
ATT_T016_001181_1,CALL_T016_001181,1,EDGE_CANDIDATE_SCREEN,2011-05-11 17:30:00,E0052,CAL_011997,4,2013.19243700965,664.107186808323,FLAT_START,CONVERGED_FEASIBLE,CONVERGED,PASSED,0.991698099380889,25,1.04984535062209,13,1.53589434549477e-14,1.91402449445377e-13,23,25,0.1476
ATT_T016_001182_1,CALL_T016_001182,1,EDGE_CANDIDATE_SCREEN,2011-05-11 17:30:00,E0052,CAL_011999,4,2001.47111306184,700.567939237689,FLAT_START,CONVERGED_FEASIBLE,CONVERGED,PASSED,0.991789803475725,25,1.04984556073776,13,1.50297146738446e-14,1.87627691161651e-13,23,25,15.7376
ATT_T016_001183_1,CALL_T016_001183,1,EDGE_CANDIDATE_SCREEN,2011-05-11 17:30:00,E0052,CAL_012000,4,1995.69850231609,718.524420281045,FLAT_START,CONVERGED_FEASIBLE,CONVERGED,PASSED,0.991834838493896,25,1.04984517063396,13,1.47741614999333e-14,1.85851334322251e-13,23,25,0.134
ATT_T016_001184_1,CALL_T016_001184,1,EDGE_CANDIDATE_SCREEN,2011-05-11 17:30:00,E0052,CAL_012001,4,1989.98226731607,736.305536995479,FLAT_START,CONVERGED_FEASIBLE,CONVERGED,PASSED,0.991879350687498,25,1.04984446439605,13,1.46347704505224e-14,1.83186799063151e-13,23,25,0.1286
ATT_T016_001185_1,CALL_T016_001185,1,EDGE_CANDIDATE_SCREEN,2011-05-11 17:30:00,E0052,CAL_012002,4,1984.32072813053,753.916515032805,FLAT_START,CONVERGED_FEASIBLE,CONVERGED,PASSED,0.991923355779499,25,1.04984345184667,13,1.43798058620448e-14,1.81410442223751e-13,23,25,0.1516
ATT_T016_001186_1,CALL_T016_001186,1,EDGE_CANDIDATE_SCREEN,2011-05-11 17:30:00,E0052,CAL_012003,4,1978.71225333111,771.362429170023,FLAT_START,CONVERGED_FEASIBLE,CONVERGED,PASSED,0.991966868983125,25,1.0498421423144,13,1.4252812385459e-14,1.79856129989275e-13,23,25,0.1253
ATT_T016_001187_1,CALL_T016_001187,1,EDGE_CANDIDATE_SCREEN,2011-05-11 17:30:00,E0052,CAL_012004,4,1973.15525794672,788.648209672591,FLAT_START,CONVERGED_FEASIBLE,CONVERGED,PASSED,0.992009905024468,25,1.04984054465865,13,1.41007134061941e-14,1.78079773149875e-13,23,25,0.1273
ATT_T016_001188_1,CALL_T016_001188,1,EDGE_CANDIDATE_SCREEN,2011-05-11 17:30:00,E0052,CAL_012005,4,1967.64820151219,805.778648364302,FLAT_START,CONVERGED_FEASIBLE,CONVERGED,PASSED,0.99205247816394,25,1.04983866729288,13,1.3896676500357e-14,1.76303416310475e-13,23,25,0.1251
ATT_T016_001189_1,CALL_T016_001189,1,EDGE_CANDIDATE_SCREEN,2011-05-11 17:30:00,E0052,CAL_012006,4,1962.18958620602,822.758404420146,FLAT_START,CONVERGED_FEASIBLE,CONVERGED,PASSED,0.992094602216674,25,1.04983651820655,13,1.37568642281669e-14,1.74527059471075e-13,23,25,0.1264
ATT_T016_001190_1,CALL_T016_001190,1,EDGE_CANDIDATE_SCREEN,2011-05-11 17:30:00,E0052,CAL_012007,4,1956.77795507218,839.592009897548,FLAT_START,CONVERGED_FEASIBLE,CONVERGED,PASSED,0.992136290571894,25,1.04983410498569,13,1.36173278044378e-14,1.73194791841524e-13,23,25,0.1271
ATT_T016_001191_1,CALL_T016_001191,1,EDGE_CANDIDATE_SCREEN,2011-05-11 17:30:00,E0052,CAL_012008,4,1951.41189032139,856.283875020421,FLAT_START,CONVERGED_FEASIBLE,CONVERGED,PASSED,0.99217755621135,25,1.04983143483221,13,1.34136195797226e-14,1.72306613421824e-13,23,25,0.1253
ATT_T016_001192_1,CALL_T016_001192,1,LOCAL_REENTRY_STENCIL,2011-05-11 17:30:00,E0052,CAL_011998,4.25,2007.06382640918,682.354197741463,FLAT_START,CONVERGED_FEASIBLE,CONVERGED,PASSED,0.991743219760763,25,1.0498354885443,13,1.51941497096307e-14,1.89848137210902e-13,23,25,0.1497
ATT_T016_001193_1,CALL_T016_001193,1,LOCAL_REENTRY_STENCIL,2011-05-11 17:30:00,E0052,CAL_011998,3.75,2007.53983385699,682.507223587764,FLAT_START,CONVERGED_FEASIBLE,CONVERGED,PASSED,0.991745238968798,25,1.04985575996266,13,1.52068135647989e-14,1.89626092605977e-13,23,25,0.1473
