attempt_id,logical_call_id,attempt_index,phase,timestamp,edge_id,calibration_id,d_kw,p13_abs_kw,p30_abs_kw,initialization,solver_status,primary_power_flow_status,replay_status,vmin_pu,vmin_bus,vmax_pu,vmax_bus,maximum_residual,primary_replay_voltage_difference_pu,primary_iterations,replay_iterations,runtime_ms
ATT_T002_000001_1,CALL_T002_000001,1,CONFIGURATION_CONTROL,2010-07-02 17:30:00,,,0,889.53125,1223.90625,FLAT_START,CONVERGED_FEASIBLE,CONVERGED,PASSED,0.98575714363313,25,1.0010128367433,13,1.23234755733392e-14,2.28261853862932e-13,21,23,0.1944
ATT_T002_000002_1,CALL_T002_000002,1,CONFIGURATION_CONTROL,2010-07-02 17:30:00,,,0,2493.4375,0,FLAT_START,CONVERGED_FEASIBLE,CONVERGED,PASSED,0.972944311520269,33,1.04999679378466,13,1.90718626285383e-14,2.23154827949656e-13,24,26,0.1409
ATT_T002_000003_1,CALL_T002_000003,1,CONFIGURATION_CONTROL,2010-07-02 17:30:00,,,0,-714.375,0,FLAT_START,CONVERGED_FEASIBLE,CONVERGED,PASSED,0.900004572807036,18,1,1,9.99200722162641e-15,7.46847028665343e-13,24,27,0.1619
ATT_T002_000004_1,CALL_T002_000004,1,CONFIGURATION_CONTROL,2010-07-02 17:30:00,,,0,2493.75,0,FLAT_START,CONVERGED_INFEASIBLE,CONVERGED,PASSED,0.972947891240939,33,1.05000863103061,13,1.90718626285383e-14,2.23154827949656e-13,24,26,0.1352
ATT_T002_000005_1,CALL_T002_000005,1,ANCHOR_SEARCH,2010-07-02 17:30:00,E0000,CAL_000765,0,2044.80405565346,1369.76094112724,FLAT_START,CONVERGED_INFEASIBLE,CONVERGED,PASSED,0.99007614597575,25,1.05000396478369,13,6.90506064037137e-15,2.82662782069565e-13,23,26,0.1333
ATT_T002_000006_1,CALL_T002_000006,1,ANCHOR_SEARCH,2010-07-02 17:30:00,E0000,CAL_000765,0.5,2044.32641759114,1369.61308348821,FLAT_START,CONVERGED_FEASIBLE,CONVERGED,PASSED,0.990074168328763,25,1.04998375641373,13,6.89245609149799e-15,2.8244073746464e-13,23,26,0.132
ATT_T002_000007_1,CALL_T002_000007,1,ANCHOR_SEARCH,2010-07-02 17:30:00,E0000,CAL_000765,1,2043.84877952882,1369.46522584917,FLAT_START,CONVERGED_FEASIBLE,CONVERGED,PASSED,0.990072190590052,25,1.0499635471592,13,6.81522320124573e-15,2.8244073746464e-13,23,26,0.1312
ATT_T002_000008_1,CALL_T002_000008,1,ANCHOR_SEARCH,2010-07-02 17:30:00,E0000,CAL_000765,2,2042.89350340417,1369.1695105711,FLAT_START,CONVERGED_FEASIBLE,CONVERGED,PASSED,0.990068234837426,25,1.04992312599607,13,6.87985644365044e-15,2.8199664825479e-13,23,26,0.1289
ATT_T002_000009_1,CALL_T002_000009,1,ANCHOR_SEARCH,2010-07-02 17:30:00,E0000,CAL_000765,4,2040.98295115488,1368.57808001496,FLAT_START,CONVERGED_FEASIBLE,CONVERGED,PASSED,0.99006032223109,25,1.0498422730506,13,6.85467195912587e-15,2.79998246810464e-13,23,26,0.1276
ATT_T002_000010_1,CALL_T002_000010,1,ANCHOR_SEARCH,2010-07-02 17:30:00,E0000,CAL_000765,3,2041.93822727953,1368.87379529303,FLAT_START,CONVERGED_FEASIBLE,CONVERGED,PASSED,0.990064278717796,25,1.04988270129347,13,6.86726172380506e-15,2.81774603649865e-13,23,26,0.1565
ATT_T002_000011_1,CALL_T002_000011,1,ANCHOR_SEARCH,2010-07-02 17:30:00,E0000,CAL_000765,3.5,2041.4605892172,1368.725937654,FLAT_START,CONVERGED_FEASIBLE,CONVERGED,PASSED,0.990062300520332,25,1.04986248761462,13,6.85467195912587e-15,2.8066438062524e-13,23,26,0.1304
ATT_T002_000012_1,CALL_T002_000012,1,ANCHOR_SEARCH,2010-07-02 17:30:00,E0000,CAL_000765,3.75,2041.22177018604,1368.65200883448,FLAT_START,CONVERGED_FEASIBLE,CONVERGED,PASSED,0.990061311387184,25,1.04985238044327,13,6.85467195912587e-15,2.80442336020315e-13,23,26,0.1284
ATT_T002_000013_1,CALL_T002_000013,1,EDGE_CANDIDATE_SCREEN,2010-07-02 17:30:00,E0000,CAL_000756,4,2081.47216110762,1237.78207980136,FLAT_START,CONVERGED_FEASIBLE,CONVERGED,PASSED,0.989740871597728,25,1.0498337987607,13,7.2344150456505e-15,2.92654789291191e-13,23,26,0.1299
ATT_T002_000014_1,CALL_T002_000014,1,EDGE_CANDIDATE_SCREEN,2010-07-02 17:30:00,E0000,CAL_000757,4,2076.84595507196,1252.72653651796,FLAT_START,CONVERGED_FEASIBLE,CONVERGED,PASSED,0.989777584922757,25,1.04983558545643,13,7.18354835230554e-15,2.91100477056716e-13,23,26,0.1307
ATT_T002_000015_1,CALL_T002_000015,1,EDGE_CANDIDATE_SCREEN,2010-07-02 17:30:00,E0000,CAL_000758,4,2072.25401377828,1267.56030470288,FLAT_START,CONVERGED_FEASIBLE,CONVERGED,PASSED,0.98981397154187,25,1.04983714920122,13,7.22546459132362e-15,2.89990254032091e-13,23,26,0.1291
ATT_T002_000016_1,CALL_T002_000016,1,EDGE_CANDIDATE_SCREEN,2010-07-02 17:30:00,E0000,CAL_000759,4,2067.69526619261,1282.28684421512,FLAT_START,CONVERGED_FEASIBLE,CONVERGED,PASSED,0.989850041268217,25,1.0498384953601,13,7.10737865357854e-15,2.87769807982841e-13,23,26,0.1511
ATT_T002_000017_1,CALL_T002_000017,1,EDGE_CANDIDATE_SCREEN,2010-07-02 17:30:00,E0000,CAL_000760,4,2063.16866675056,1296.90953263705,FLAT_START,CONVERGED_FEASIBLE,CONVERGED,PASSED,0.989885803648779,25,1.04983962904658,13,7.04402661382193e-15,2.87103674168065e-13,23,26,0.1324
ATT_T002_000018_1,CALL_T002_000018,1,EDGE_CANDIDATE_SCREEN,2010-07-02 17:30:00,E0000,CAL_000761,4,2058.67319430891,1311.43166866108,FLAT_START,CONVERGED_FEASIBLE,CONVERGED,PASSED,0.989921267975432,25,1.04984055513325,13,7.00607029187053e-15,2.85771406538515e-13,23,26,0.1367
ATT_T002_000019_1,CALL_T002_000019,1,EDGE_CANDIDATE_SCREEN,2010-07-02 17:30:00,E0000,CAL_000762,4,2054.2078511391,1325.85647534103,FLAT_START,CONVERGED_FEASIBLE,CONVERGED,PASSED,0.989956443295518,25,1.0498412782619,13,6.95552731308039e-15,2.83550960489265e-13,23,26,0.1307
ATT_T002_000020_1,CALL_T002_000020,1,EDGE_CANDIDATE_SCREEN,2010-07-02 17:30:00,E0000,CAL_000763,4,2049.77166196051,1340.18710321515,FLAT_START,CONVERGED_FEASIBLE,CONVERGED,PASSED,0.989991338421956,25,1.04984180285295,13,6.9176700634804e-15,2.8332891588434e-13,23,26,0.1303
ATT_T002_000021_1,CALL_T002_000021,1,EDGE_CANDIDATE_SCREEN,2010-07-02 17:30:00,E0000,CAL_000764,4,2045.3636730113,1354.42663330764,FLAT_START,CONVERGED_FEASIBLE,CONVERGED,PASSED,0.990025961942917,25,1.04984213311446,13,6.81522320124573e-15,2.81774603649865e-13,23,26,0.1291
ATT_T002_000022_1,CALL_T002_000022,1,EDGE_CANDIDATE_SCREEN,2010-07-02 17:30:00,E0000,CAL_000766,4,2036.62858302027,1382.64439388302,FLAT_START,CONVERGED_FEASIBLE,CONVERGED,PASSED,0.990094427452551,25,1.04984222646965,13,6.81693267057297e-15,2.78665979180914e-13,23,26,0.1279
ATT_T002_000023_1,CALL_T002_000023,1,EDGE_CANDIDATE_SCREEN,2010-07-02 17:30:00,E0000,CAL_000767,4,2032.29967417441,1396.62846428077,FLAT_START,CONVERGED_FEASIBLE,CONVERGED,PASSED,0.99012828557527,25,1.04984199699153,13,6.76668467292768e-15,2.78443934575989e-13,23,26,0.1504
ATT_T002_000024_1,CALL_T002_000024,1,EDGE_CANDIDATE_SCREEN,2010-07-02 17:30:00,E0000,CAL_000768,4,2027.99534832484,1410.53312197588,FLAT_START,CONVERGED_FEASIBLE,CONVERGED,PASSED,0.990161904377264,25,1.049841588055,13,6.64954604677751e-15,2.76667577736589e-13,23,26,0.1316
ATT_T002_000025_1,CALL_T002_000025,1,EDGE_CANDIDATE_SCREEN,2010-07-02 17:30:00,E0000,CAL_000769,4,2023.71474655124,1424.36114161738,FLAT_START,CONVERGED_FEASIBLE,CONVERGED,PASSED,0.990195291454416,25,1.04984100292433,13,6.61142238991071e-15,2.76001443921814e-13,23,26,0.1311
ATT_T002_000026_1,CALL_T002_000026,1,EDGE_CANDIDATE_SCREEN,2010-07-02 17:30:00,E0000,CAL_000770,4,2019.45702656408,1438.11524413013,FLAT_START,CONVERGED_FEASIBLE,CONVERGED,PASSED,0.990228454227991,25,1.04984024469575,13,6.58603023129179e-15,2.75335310107039e-13,23,26,0.1283
ATT_T002_000027_1,CALL_T002_000027,1,EDGE_CANDIDATE_SCREEN,2010-07-02 17:30:00,E0000,CAL_000771,4,2015.22136198928,1451.79809902594,FLAT_START,CONVERGED_FEASIBLE,CONVERGED,PASSED,0.990261399951842,25,1.0498393163034,13,6.54797796170091e-15,2.74669176292264e-13,23,26,0.1267
ATT_T002_000028_1,CALL_T002_000028,1,EDGE_CANDIDATE_SCREEN,2010-07-02 17:30:00,E0000,CAL_000772,4,2011.00694167731,1465.41232663542,FLAT_START,CONVERGED_FEASIBLE,CONVERGED,PASSED,0.990294135719341,25,1.04983822052504,13,6.52263408727534e-15,2.72670774847938e-13,23,26,0.128
ATT_T002_000029_1,CALL_T002_000029,1,EDGE_CANDIDATE_SCREEN,2010-07-02 17:30:00,E0000,CAL_000773,4,2006.81296903544,1478.96050026496,FLAT_START,CONVERGED_FEASIBLE,CONVERGED,PASSED,0.990326668470047,25,1.04983695998742,13,6.48465530354165e-15,2.72892819452863e-13,23,26,0.1289
ATT_T002_000030_1,CALL_T002_000030,1,EDGE_CANDIDATE_SCREEN,2010-07-02 17:30:00,E0000,CAL_000774,4,2002.63866138204,1492.44514828262,FLAT_START,CONVERGED_FEASIBLE,CONVERGED,PASSED,0.990359004996111,25,1.04983553717129,13,6.47200569896872e-15,2.72448730243013e-13,23,26,0.1492
ATT_T002_000031_1,CALL_T002_000031,1,LOCAL_REENTRY_STENCIL,2010-07-02 17:30:00,E0000,CAL_000765,4.25,2040.74413212372,1368.50415119544,FLAT_START,CONVERGED_FEASIBLE,CONVERGED,PASSED,0.990059333052049,25,1.04983216543663,13,6.85467195912587e-15,2.80886425230165e-13,23,26,0.1314
ATT_T002_000032_1,CALL_T002_000032,1,LOCAL_REENTRY_STENCIL,2010-07-02 17:30:00,E0000,CAL_000765,3.75,2041.22177018604,1368.65200883448,FLAT_START,CONVERGED_FEASIBLE,CONVERGED,PASSED,0.990061311387184,25,1.04985238044327,13,6.85467195912587e-15,2.80442336020315e-13,23,26,0.1288
ATT_T002_000033_1,CALL_T002_000033,1,ANCHOR_SEARCH,2010-07-02 17:30:00,E0001,CAL_000783,0,1970.20095291009,1612.72580903434,FLAT_START,CONVERGED_INFEASIBLE,CONVERGED,PASSED,0.990660374972663,25,1.05000128306569,13,1.73683605424729e-14,2.46025422256935e-13,23,25,0.1321
ATT_T002_000034_1,CALL_T002_000034,1,ANCHOR_SEARCH,2010-07-02 17:30:00,E0001,CAL_000783,0.5,1969.72254249996,1612.58046984663,FLAT_START,CONVERGED_FEASIBLE,CONVERGED,PASSED,0.990658410894991,25,1.04998104175124,13,1.73556981457683e-14,2.46025422256935e-13,23,25,0.1299
ATT_T002_000035_1,CALL_T002_000035,1,ANCHOR_SEARCH,2010-07-02 17:30:00,E0001,CAL_000783,1,1969.24413208984,1612.43513065892,FLAT_START,CONVERGED_FEASIBLE,CONVERGED,PASSED,0.990656446725934,25,1.04996079954696,13,1.73430376089862e-14,2.4535928844216e-13,23,25,0.1286
ATT_T002_000036_1,CALL_T002_000036,1,ANCHOR_SEARCH,2010-07-02 17:30:00,E0001,CAL_000783,2,1968.28731126959,1612.1444522835,FLAT_START,CONVERGED_FEASIBLE,CONVERGED,PASSED,0.990652518113631,25,1.04992031246846,13,1.72924141427777e-14,2.45137243837235e-13,23,25,0.1259
ATT_T002_000037_1,CALL_T002_000037,1,ANCHOR_SEARCH,2010-07-02 17:30:00,E0001,CAL_000783,4,1966.37366962909,1611.56309553267,FLAT_START,CONVERGED_FEASIBLE,CONVERGED,PASSED,0.990644659792011,25,1.04983932762892,13,1.72038956332138e-14,2.43138842392909e-13,23,25,0.1498
ATT_T002_000038_1,CALL_T002_000038,1,ANCHOR_SEARCH,2010-07-02 17:30:00,E0001,CAL_000783,3,1967.33049044934,1611.85377390809,FLAT_START,CONVERGED_FEASIBLE,CONVERGED,PASSED,0.990648589135681,25,1.04987982182939,13,1.72671136757302e-14,2.44249065417534e-13,23,25,0.1267
ATT_T002_000039_1,CALL_T002_000039,1,ANCHOR_SEARCH,2010-07-02 17:30:00,E0001,CAL_000783,3.5,1966.85208003921,1611.70843472038,FLAT_START,CONVERGED_FEASIBLE,CONVERGED,PASSED,0.990646624509566,25,1.04985957517438,13,1.72291771507921e-14,2.44249065417534e-13,23,25,0.1422
ATT_T002_000040_1,CALL_T002_000040,1,ANCHOR_SEARCH,2010-07-02 17:30:00,E0001,CAL_000783,3.75,1966.61287483415,1611.63576512652,FLAT_START,CONVERGED_FEASIBLE,CONVERGED,PASSED,0.990645642162219,25,1.04984945151297,13,1.72291771507921e-14,2.43582931602759e-13,23,25,0.1292
ATT_T002_000041_1,CALL_T002_000041,1,EDGE_CANDIDATE_SCREEN,2010-07-02 17:30:00,E0001,CAL_000776,3.75,1994.65024907316,1519.34564076314,FLAT_START,CONVERGED_FEASIBLE,CONVERGED,PASSED,0.990424432297677,25,1.04984531396924,13,6.42145801779494e-15,2.70672373403613e-13,23,26,0.1287
ATT_T002_000042_1,CALL_T002_000042,1,EDGE_CANDIDATE_SCREEN,2010-07-02 17:30:00,E0001,CAL_000777,3.75,1990.60079777165,1532.67514733657,FLAT_START,CONVERGED_FEASIBLE,CONVERGED,PASSED,0.990456506411364,25,1.0498463895283,13,1.77126898167536e-14,2.4669155607171e-13,23,25,0.1304
ATT_T002_000043_1,CALL_T002_000043,1,EDGE_CANDIDATE_SCREEN,2010-07-02 17:30:00,E0001,CAL_000778,3.75,1986.56720760473,1545.95244409632,FLAT_START,CONVERGED_FEASIBLE,CONVERGED,PASSED,0.990488412915633,25,1.04984730001279,13,1.76242933125763e-14,2.45581333047085e-13,23,25,0.127
ATT_T002_000044_1,CALL_T002_000044,1,EDGE_CANDIDATE_SCREEN,2010-07-02 17:30:00,E0001,CAL_000779,3.75,1982.54877473527,1559.17984785057,FLAT_START,CONVERGED_FEASIBLE,CONVERGED,PASSED,0.990520157943317,25,1.04984804769586,13,1.7495085916501e-14,2.4580337765201e-13,23,25,0.1509
ATT_T002_000045_1,CALL_T002_000045,1,EDGE_CANDIDATE_SCREEN,2010-07-02 17:30:00,E0001,CAL_000780,3.75,1978.54480520676,1572.35964288357,FLAT_START,CONVERGED_FEASIBLE,CONVERGED,PASSED,0.990551747516259,25,1.04984863472389,13,1.74190286473853e-14,2.44471110022459e-13,23,25,0.1404
ATT_T002_000046_1,CALL_T002_000046,1,EDGE_CANDIDATE_SCREEN,2010-07-02 17:30:00,E0001,CAL_000781,3.75,1974.55461444004,1585.49408261228,FLAT_START,CONVERGED_FEASIBLE,CONVERGED,PASSED,0.990583187550222,25,1.04984906312001,13,1.73430376089862e-14,2.44249065417534e-13,23,25,0.1285
ATT_T002_000047_1,CALL_T002_000047,1,EDGE_CANDIDATE_SCREEN,2010-07-02 17:30:00,E0001,CAL_000782,3.75,1970.57752674326,1598.58539119956,FLAT_START,CONVERGED_FEASIBLE,CONVERGED,PASSED,0.990614483859642,25,1.04984933478751,13,1.72924141427777e-14,2.44249065417534e-13,23,25,0.1263
ATT_T002_000048_1,CALL_T002_000048,1,EDGE_CANDIDATE_SCREEN,2010-07-02 17:30:00,E0001,CAL_000784,3.75,1962.65999937405,1624.64737472648,FLAT_START,CONVERGED_FEASIBLE,CONVERGED,PASSED,0.990676668083373,25,1.04984941496918,13,1.71786217540176e-14,2.42694753183059e-13,23,25,0.1291
ATT_T002_000049_1,CALL_T002_000049,1,EDGE_CANDIDATE_SCREEN,2010-07-02 17:30:00,E0001,CAL_000785,3.75,1958.71824851286,1637.62236568275,FLAT_START,CONVERGED_FEASIBLE,CONVERGED,PASSED,0.990707567160565,25,1.04984922671798,13,1.71154706959856e-14,2.43138842392909e-13,23,25,0.1267
ATT_T002_000050_1,CALL_T002_000050,1,EDGE_CANDIDATE_SCREEN,2010-07-02 17:30:00,E0001,CAL_000786,3.75,1954.78697744426,1650.56286049278,FLAT_START,CONVERGED_FEASIBLE,CONVERGED,PASSED,0.990738344847483,25,1.04984888821279,13,1.69737315903329e-14,2.42916797787984e-13,23,25,0.1271
ATT_T002_000051_1,CALL_T002_000051,1,EDGE_CANDIDATE_SCREEN,2010-07-02 17:30:00,E0001,CAL_000787,3.75,1950.86554797056,1663.47095990055,FLAT_START,CONVERGED_FEASIBLE,CONVERGED,PASSED,0.990769006518117,25,1.04984840080103,13,1.70019213344259e-14,2.43138842392909e-13,23,25,0.1658
ATT_T002_000052_1,CALL_T002_000052,1,EDGE_CANDIDATE_SCREEN,2010-07-02 17:30:00,E0001,CAL_000788,3.75,1946.95332807645,1676.34874429955,FLAT_START,CONVERGED_FEASIBLE,CONVERGED,PASSED,0.990799557470713,25,1.04984776572645,13,1.69515062023242e-14,2.42250663973209e-13,23,25,0.1284
ATT_T002_000053_1,CALL_T002_000053,1,EDGE_CANDIDATE_SCREEN,2010-07-02 17:30:00,E0001,CAL_000789,3.75,1943.04969151115,1689.19827510832,FLAT_START,CONVERGED_FEASIBLE,CONVERGED,PASSED,0.990830002931621,25,1.04984698413113,13,1.68885322347436e-14,2.42028619368284e-13,23,25,0.1263
ATT_T002_000054_1,CALL_T002_000054,1,EDGE_CANDIDATE_SCREEN,2010-07-02 17:30:00,E0001,CAL_000790,3.75,1939.15401737827,1702.0215961204,FLAT_START,CONVERGED_FEASIBLE,CONVERGED,PASSED,0.990860348059042,25,1.04984605705751,13,1.67457003851942e-14,2.41806574763359e-13,23,25,0.1258
ATT_T002_000055_1,CALL_T002_000055,1,EDGE_CANDIDATE_SCREEN,2010-07-02 17:30:00,E0001,CAL_000791,3.75,1935.26568973283,1714.82073483089,FLAT_START,CONVERGED_FEASIBLE,CONVERGED,PASSED,0.990890597946681,25,1.0498449854501,13,1.6707755712972e-14,2.40918396343659e-13,23,25,0.1269
ATT_T002_000056_1,CALL_T002_000056,1,EDGE_CANDIDATE_SCREEN,2010-07-02 17:30:00,E0001,CAL_000792,3.75,1931.3840971849,1727.59770374114,FLAT_START,CONVERGED_FEASIBLE,CONVERGED,PASSED,0.990920757627309,25,1.04984377015721,13,1.66571902292393e-14,2.41584530158434e-13,23,25,0.1273
ATT_T002_000057_1,CALL_T002_000057,1,EDGE_CANDIDATE_SCREEN,2010-07-02 17:30:00,E0001,CAL_000793,3.75,1927.5086325092,1740.35450164371,FLAT_START,CONVERGED_FEASIBLE,CONVERGED,PASSED,0.99095083207624,25,1.04984241193242,13,1.66066563364695e-14,2.40918396343659e-13,23,25,0.1259
ATT_T002_000058_1,CALL_T002_000058,1,EDGE_CANDIDATE_SCREEN,2010-07-02 17:30:00,E0001,CAL_000794,3.75,1923.63869226031,1753.09311488916,FLAT_START,CONVERGED_FEASIBLE,CONVERGED,PASSED,0.990980826214729,25,1.04984091143597,13,1.65561543239354e-14,2.41140440948584e-13,23,25,0.1276
ATT_T002_000059_1,CALL_T002_000059,1,LOCAL_REENTRY_STENCIL,2010-07-02 17:30:00,E0001,CAL_000783,4,1966.37366962909,1611.56309553267,FLAT_START,CONVERGED_FEASIBLE,CONVERGED,PASSED,0.990644659792011,25,1.04983932762892,13,1.72038956332138e-14,2.43138842392909e-13,23,25,0.1304
ATT_T002_000060_1,CALL_T002_000060,1,LOCAL_REENTRY_STENCIL,2010-07-02 17:30:00,E0001,CAL_000783,3.5,1966.85208003921,1611.70843472038,FLAT_START,CONVERGED_FEASIBLE,CONVERGED,PASSED,0.990646624509566,25,1.04985957517438,13,1.72291771507921e-14,2.44249065417534e-13,23,25,0.1276
ATT_T002_000061_1,CALL_T002_000061,1,ANCHOR_SEARCH,2010-07-02 17:30:00,E0002,CAL_000805,0,1885.51783361076,1894.11501827239,FLAT_START,CONVERGED_FEASIBLE,CONVERGED,PASSED,0.991325020092098,25,1.04999831227415,13,1.68753899743024e-14,2.44693154627385e-13,23,25,0.1441
ATT_T002_000062_1,CALL_T002_000062,1,ANCHOR_SEARCH,2010-07-02 17:30:00,E0002,CAL_000805,0.5,1885.03859105745,1893.97244697409,FLAT_START,CONVERGED_FEASIBLE,CONVERGED,PASSED,0.991323070648342,25,1.04997803154301,13,1.68753899743024e-14,2.43804976207684e-13,23,25,0.1398
ATT_T002_000063_1,CALL_T002_000063,1,ANCHOR_SEARCH,2010-07-02 17:30:00,E0002,CAL_000805,1,1884.55934850414,1893.82987567579,FLAT_START,CONVERGED_FEASIBLE,CONVERGED,PASSED,0.991321121113514,25,1.04995774991575,13,1.68753899743024e-14,2.43360886997834e-13,23,25,0.1252
ATT_T002_000064_1,CALL_T002_000064,1,ANCHOR_SEARCH,2010-07-02 17:30:00,E0002,CAL_000805,2,1883.60086339753,1893.54473307919,FLAT_START,CONVERGED_FEASIBLE,CONVERGED,PASSED,0.991317221770608,25,1.04991718397243,13,1.68753899743024e-14,2.43138842392909e-13,23,25,0.156
ATT_T002_000065_1,CALL_T002_000065,1,ANCHOR_SEARCH,2010-07-02 17:30:00,E0002,CAL_000805,4,1881.6838931843,1892.97444788599,FLAT_START,CONVERGED_FEASIBLE,CONVERGED,PASSED,0.991309421991532,25,1.04983604132774,13,1.68753899743024e-14,2.42250663973209e-13,23,25,0.1275
ATT_T002_000066_1,CALL_T002_000066,1,ANCHOR_SEARCH,2010-07-02 17:30:00,E0002,CAL_000805,3,1882.64237829091,1893.25959048259,FLAT_START,CONVERGED_FEASIBLE,CONVERGED,PASSED,0.991313322063304,25,1.04987661444337,13,1.62092561595273e-14,2.43138842392909e-13,23,25,0.1345
ATT_T002_000067_1,CALL_T002_000067,1,ANCHOR_SEARCH,2010-07-02 17:30:00,E0002,CAL_000805,3.5,1882.1631357376,1893.11701918429,FLAT_START,CONVERGED_FEASIBLE,CONVERGED,PASSED,0.991311372072982,25,1.04985632833393,13,1.64313007644523e-14,2.42250663973209e-13,23,25,0.1269
ATT_T002_000068_1,CALL_T002_000068,1,ANCHOR_SEARCH,2010-07-02 17:30:00,E0002,CAL_000805,3.75,1881.92351446095,1893.04573353514,FLAT_START,CONVERGED_FEASIBLE,CONVERGED,PASSED,0.991310397043648,25,1.04984618494294,13,1.66533453693773e-14,2.42250663973209e-13,23,25,0.1537
ATT_T002_000069_1,CALL_T002_000069,1,EDGE_CANDIDATE_SCREEN,2010-07-02 17:30:00,E0002,CAL_000796,3.75,1915.97576844456,1778.58167702713,FLAT_START,CONVERGED_FEASIBLE,CONVERGED,PASSED,0.991040978182711,25,1.04984059946368,13,1.64804617216318e-14,2.40918396343659e-13,23,25,0.1294
ATT_T002_000070_1,CALL_T002_000070,1,EDGE_CANDIDATE_SCREEN,2010-07-02 17:30:00,E0002,CAL_000797,3.75,1912.18726034313,1791.31645827281,FLAT_START,CONVERGED_FEASIBLE,CONVERGED,PASSED,0.991071100131319,25,1.04984178645889,13,1.6455247113494e-14,2.41584530158434e-13,23,25,0.1275
ATT_T002_000071_1,CALL_T002_000071,1,EDGE_CANDIDATE_SCREEN,2010-07-02 17:30:00,E0002,CAL_000798,3.75,1908.40133069365,1804.04257224877,FLAT_START,CONVERGED_FEASIBLE,CONVERGED,PASSED,0.991101164516319,25,1.04984283068911,13,1.63255879762991e-14,2.41362485553509e-13,23,25,0.1508
ATT_T002_000072_1,CALL_T002_000072,1,EDGE_CANDIDATE_SCREEN,2010-07-02 17:30:00,E0002,CAL_000799,3.75,1904.61740074987,1816.76196436638,FLAT_START,CONVERGED_FEASIBLE,CONVERGED,PASSED,0.991131176068301,25,1.04984373278691,13,1.62749238170744e-14,2.41584530158434e-13,23,25,0.1309
ATT_T002_000073_1,CALL_T002_000073,1,EDGE_CANDIDATE_SCREEN,2010-07-02 17:30:00,E0002,CAL_000800,3.75,1900.83489298573,1829.47657593557,FLAT_START,CONVERGED_FEASIBLE,CONVERGED,PASSED,0.991161139485085,25,1.04984449329634,13,1.64313007644523e-14,2.40918396343659e-13,23,25,0.1285
ATT_T002_000074_1,CALL_T002_000074,1,EDGE_CANDIDATE_SCREEN,2010-07-02 17:30:00,E0002,CAL_000801,3.75,1897.05323074232,1842.18834535124,FLAT_START,CONVERGED_FEASIBLE,CONVERGED,PASSED,0.991191059434709,25,1.04984511267364,13,1.64313007644523e-14,2.41140440948584e-13,23,25,0.1272
ATT_T002_000075_1,CALL_T002_000075,1,EDGE_CANDIDATE_SCREEN,2010-07-02 17:30:00,E0002,CAL_000802,3.75,1893.27183787609,1854.89920927607,FLAT_START,CONVERGED_FEASIBLE,CONVERGED,PASSED,0.991220940558367,25,1.04984559128783,13,1.62915535401612e-14,2.42250663973209e-13,23,25,0.1539
ATT_T002_000076_1,CALL_T002_000076,1,EDGE_CANDIDATE_SCREEN,2010-07-02 17:30:00,E0002,CAL_000803,3.75,1889.49013840762,1867.61110382095,FLAT_START,CONVERGED_FEASIBLE,CONVERGED,PASSED,0.991250787473315,25,1.04984592942119,13,1.62092561595273e-14,2.41584530158434e-13,23,25,0.1265
ATT_T002_000077_1,CALL_T002_000077,1,EDGE_CANDIDATE_SCREEN,2010-07-02 17:30:00,E0002,CAL_000804,3.75,1885.70755617067,1880.3259657248,FLAT_START,CONVERGED_FEASIBLE,CONVERGED,PASSED,0.991280604775748,25,1.04984612726963,13,1.66533453693773e-14,2.42028619368284e-13,23,25,0.1273
ATT_T002_000078_1,CALL_T002_000078,1,EDGE_CANDIDATE_SCREEN,2010-07-02 17:30:00,E0002,CAL_000806,3.75,1878.1374356842,1905.77234879103,FLAT_START,CONVERGED_FEASIBLE,CONVERGED,PASSED,0.991340168839603,25,1.04984610246494,13,1.70974345792274e-14,2.42694753183059e-13,23,25,0.1548
ATT_T002_000079_1,CALL_T002_000079,1,EDGE_CANDIDATE_SCREEN,2010-07-02 17:30:00,E0002,CAL_000807,3.75,1874.34874100315,1918.50775720987,FLAT_START,CONVERGED_FEASIBLE,CONVERGED,PASSED,0.991369924713616,25,1.04984587977352,13,1.66533453693773e-14,2.43360886997834e-13,23,25,0.1332
ATT_T002_000080_1,CALL_T002_000080,1,EDGE_CANDIDATE_SCREEN,2010-07-02 17:30:00,E0002,CAL_000808,3.75,1870.55684998281,1931.25390987961,FLAT_START,CONVERGED_FEASIBLE,CONVERGED,PASSED,0.991399669205885,25,1.04984551672051,13,1.66533453693773e-14,2.43360886997834e-13,23,25,0.1305
ATT_T002_000081_1,CALL_T002_000081,1,EDGE_CANDIDATE_SCREEN,2010-07-02 17:30:00,E0002,CAL_000809,3.75,1866.76118023374,1944.01276445802,FLAT_START,CONVERGED_FEASIBLE,CONVERGED,PASSED,0.991429406849584,25,1.04984501307155,13,1.70974345792274e-14,2.43360886997834e-13,23,25,0.1313
ATT_T002_000082_1,CALL_T002_000082,1,EDGE_CANDIDATE_SCREEN,2010-07-02 17:30:00,E0002,CAL_000810,3.75,1862.96114705271,1956.78628638038,FLAT_START,CONVERGED_FEASIBLE,CONVERGED,PASSED,0.991459142173621,25,1.04984436850574,13,1.70974345792274e-14,2.44249065417534e-13,23,25,0.1265
ATT_T002_000083_1,CALL_T002_000083,1,EDGE_CANDIDATE_SCREEN,2010-07-02 17:30:00,E0002,CAL_000811,3.75,1859.15616306043,1969.57645007744,FLAT_START,CONVERGED_FEASIBLE,CONVERGED,PASSED,0.991488879705401,25,1.04984358261522,13,1.73194791841524e-14,2.44693154627385e-13,23,25,0.1256
ATT_T002_000084_1,CALL_T002_000084,1,EDGE_CANDIDATE_SCREEN,2010-07-02 17:30:00,E0002,CAL_000812,3.75,1855.34563783572,1982.38524020499,FLAT_START,CONVERGED_FEASIBLE,CONVERGED,PASSED,0.991518623973583,25,1.04984265490463,13,1.70974345792274e-14,2.45137243837235e-13,23,25,0.1267
ATT_T002_000085_1,CALL_T002_000085,1,EDGE_CANDIDATE_SCREEN,2010-07-02 17:30:00,E0002,CAL_000813,3.75,1851.52897754571,1995.21465288697,FLAT_START,CONVERGED_FEASIBLE,CONVERGED,PASSED,0.991548379510833,25,1.04984158479051,13,1.70974345792274e-14,2.46025422256935e-13,23,25,0.1265
ATT_T002_000086_1,CALL_T002_000086,1,EDGE_CANDIDATE_SCREEN,2010-07-02 17:30:00,E0002,CAL_000814,3.75,1847.70558457157,2008.06669697355,FLAT_START,CONVERGED_FEASIBLE,CONVERGED,PASSED,0.991578150856594,25,1.04984037160044,13,1.75415237890775e-14,2.45581333047085e-13,23,25,0.1361
ATT_T002_000087_1,CALL_T002_000087,1,LOCAL_REENTRY_STENCIL,2010-07-02 17:30:00,E0002,CAL_000805,4,1881.6838931843,1892.97444788599,FLAT_START,CONVERGED_FEASIBLE,CONVERGED,PASSED,0.991309421991532,25,1.04983604132774,13,1.68753899743024e-14,2.42250663973209e-13,23,25,0.1507
ATT_T002_000088_1,CALL_T002_000088,1,LOCAL_REENTRY_STENCIL,2010-07-02 17:30:00,E0002,CAL_000805,3.5,1882.1631357376,1893.11701918429,FLAT_START,CONVERGED_FEASIBLE,CONVERGED,PASSED,0.991311372072982,25,1.04985632833393,13,1.64313007644523e-14,2.42250663973209e-13,23,25,0.1277
ATT_T002_000089_1,CALL_T002_000089,1,ANCHOR_SEARCH,2010-07-02 17:30:00,E0003,CAL_000826,0,1805.33383844272,2166.56377598032,FLAT_START,CONVERGED_INFEASIBLE,CONVERGED,PASSED,0.991957131306486,25,1.0500004031668,13,6.88338275267597e-15,2.8244073746464e-13,23,26,0.1505
ATT_T002_000090_1,CALL_T002_000090,1,ANCHOR_SEARCH,2010-07-02 17:30:00,E0003,CAL_000826,0.5,1804.85381577767,2166.42385371248,FLAT_START,CONVERGED_FEASIBLE,CONVERGED,PASSED,0.991955195296548,25,1.04998008335001,13,7.32747196252603e-15,2.82662782069565e-13,23,26,0.129
ATT_T002_000091_1,CALL_T002_000091,1,ANCHOR_SEARCH,2010-07-02 17:30:00,E0003,CAL_000826,1,1804.37379311262,2166.28393144464,FLAT_START,CONVERGED_FEASIBLE,CONVERGED,PASSED,0.991953259195777,25,1.04995976263084,13,7.32747196252603e-15,2.82218692859715e-13,23,26,0.1283
ATT_T002_000092_1,CALL_T002_000092,1,ANCHOR_SEARCH,2010-07-02 17:30:00,E0003,CAL_000826,2,1803.41374778252,2166.00408690896,FLAT_START,CONVERGED_FEASIBLE,CONVERGED,PASSED,0.991949386721699,25,1.04991911848497,13,6.66133814775094e-15,2.81774603649865e-13,23,26,0.15
ATT_T002_000093_1,CALL_T002_000093,1,ANCHOR_SEARCH,2010-07-02 17:30:00,E0003,CAL_000826,4,1801.49365712232,2165.44439783759,FLAT_START,CONVERGED_FEASIBLE,CONVERGED,PASSED,0.991941640683141,25,1.04983781936014,13,6.88338275267597e-15,2.79998246810464e-13,23,26,0.1441
ATT_T002_000094_1,CALL_T002_000094,1,ANCHOR_SEARCH,2010-07-02 17:30:00,E0003,CAL_000826,3,1802.45370245242,2165.72424237327,FLAT_START,CONVERGED_FEASIBLE,CONVERGED,PASSED,0.991945513884178,25,1.04987847072835,13,7.32747196252603e-15,2.8155255904494e-13,23,26,0.1278
ATT_T002_000095_1,CALL_T002_000095,1,ANCHOR_SEARCH,2010-07-02 17:30:00,E0003,CAL_000826,3.5,1801.97367978737,2165.58432010543,FLAT_START,CONVERGED_FEASIBLE,CONVERGED,PASSED,0.991943577329104,25,1.04985814549575,13,7.105427357601e-15,2.80442336020315e-13,23,26,0.1333
ATT_T002_000096_1,CALL_T002_000096,1,ANCHOR_SEARCH,2010-07-02 17:30:00,E0003,CAL_000826,3.75,1801.73366845484,2165.51435897151,FLAT_START,CONVERGED_FEASIBLE,CONVERGED,PASSED,0.991942609017484,25,1.04984798254082,13,6.66133814775094e-15,2.8066438062524e-13,23,26,0.1351
ATT_T002_000097_1,CALL_T002_000097,1,EDGE_CANDIDATE_SCREEN,2010-07-02 17:30:00,E0003,CAL_000816,3.75,1840.09240570567,2033.91941295436,FLAT_START,CONVERGED_FEASIBLE,CONVERGED,PASSED,0.991638168133899,25,1.04984053612979,13,1.82076576038526e-14,2.47357689886485e-13,23,25,0.1284
ATT_T002_000098_1,CALL_T002_000098,1,EDGE_CANDIDATE_SCREEN,2010-07-02 17:30:00,E0003,CAL_000817,3.75,1836.30689828325,2046.90611899853,FLAT_START,CONVERGED_FEASIBLE,CONVERGED,PASSED,0.991668381536878,25,1.04984191869606,13,1.75415237890775e-14,2.4846791291111e-13,23,25,0.1262
ATT_T002_000099_1,CALL_T002_000099,1,EDGE_CANDIDATE_SCREEN,2010-07-02 17:30:00,E0003,CAL_000818,3.75,1832.5118737945,2059.92547465314,FLAT_START,CONVERGED_FEASIBLE,CONVERGED,PASSED,0.991698633557435,25,1.04984316178925,13,1.79856129989275e-14,2.48689957516035e-13,23,25,0.1489
ATT_T002_000100_1,CALL_T002_000100,1,EDGE_CANDIDATE_SCREEN,2010-07-02 17:30:00,E0003,CAL_000819,3.75,1828.70671603088,2072.97959390673,FLAT_START,CONVERGED_FEASIBLE,CONVERGED,PASSED,0.991728928885007,25,1.04984426471546,13,1.82076576038526e-14,2.49578135935735e-13,23,25,0.1267
ATT_T002_000101_1,CALL_T002_000101,1,EDGE_CANDIDATE_SCREEN,2010-07-02 17:30:00,E0003,CAL_000820,3.75,1824.89080239305,2086.07061267236,FLAT_START,CONVERGED_FEASIBLE,CONVERGED,PASSED,0.991759272235578,25,1.04984522668881,13,1.84297022087776e-14,2.50910403565285e-13,23,25,0.1258
ATT_T002_000102_1,CALL_T002_000102,1,EDGE_CANDIDATE_SCREEN,2010-07-02 17:30:00,E0003,CAL_000821,3.75,1821.06350347053,2099.20069022959,FLAT_START,CONVERGED_FEASIBLE,CONVERGED,PASSED,0.991789668354639,25,1.04984604683011,13,1.84297022087776e-14,2.51354492775135e-13,23,25,0.1254
ATT_T002_000103_1,CALL_T002_000103,1,EDGE_CANDIDATE_SCREEN,2010-07-02 17:30:00,E0003,CAL_000822,3.75,1817.22418261213,2112.37201069825,FLAT_START,CONVERGED_FEASIBLE,CONVERGED,PASSED,0.991820122020197,25,1.0498467241652,13,1.86517468137026e-14,2.52020626589911e-13,23,25,0.1259
ATT_T002_000104_1,CALL_T002_000104,1,EDGE_CANDIDATE_SCREEN,2010-07-02 17:30:00,E0003,CAL_000823,3.75,1813.37219548641,2125.58678454634,FLAT_START,CONVERGED_FEASIBLE,CONVERGED,PASSED,0.991850638045818,25,1.04984725762338,13,1.86517468137026e-14,2.52908805009611e-13,23,25,0.125
ATT_T002_000105_1,CALL_T002_000105,1,EDGE_CANDIDATE_SCREEN,2010-07-02 17:30:00,E0003,CAL_000824,3.75,1809.50688963155,2138.84725013423,FLAT_START,CONVERGED_FEASIBLE,CONVERGED,PASSED,0.991881221283726,25,1.04984764603549,13,1.88737914186277e-14,2.54463117244086e-13,23,25,0.1249
ATT_T002_000106_1,CALL_T002_000106,1,EDGE_CANDIDATE_SCREEN,2010-07-02 17:30:00,E0003,CAL_000825,3.75,1805.62760399396,2152.1556752976,FLAT_START,CONVERGED_FEASIBLE,CONVERGED,PASSED,0.991911876627938,25,1.04984788813198,13,6.43929354282591e-15,2.79110068390764e-13,23,26,0.1488
ATT_T002_000107_1,CALL_T002_000107,1,EDGE_CANDIDATE_SCREEN,2010-07-02 17:30:00,E0003,CAL_000827,3.75,1797.82440334404,2178.92563285832,FLAT_START,CONVERGED_FEASIBLE,CONVERGED,PASSED,0.991973423439645,25,1.04984792778514,13,7.105427357601e-15,2.81774603649865e-13,23,26,0.1401
ATT_T002_000108_1,CALL_T002_000108,1,EDGE_CANDIDATE_SCREEN,2010-07-02 17:30:00,E0003,CAL_000828,3.75,1793.89911894033,2192.39186314193,FLAT_START,CONVERGED_FEASIBLE,CONVERGED,PASSED,0.992004324933291,25,1.0498477222808,13,7.105427357601e-15,2.8288482667449e-13,23,26,0.128
ATT_T002_000109_1,CALL_T002_000109,1,EDGE_CANDIDATE_SCREEN,2010-07-02 17:30:00,E0003,CAL_000829,3.75,1789.95711495739,2205.91545225128,FLAT_START,CONVERGED_FEASIBLE,CONVERGED,PASSED,0.992035318592277,25,1.0498473643338,13,7.105427357601e-15,2.85327317328665e-13,23,26,0.1276
ATT_T002_000110_1,CALL_T002_000110,1,EDGE_CANDIDATE_SCREEN,2010-07-02 17:30:00,E0003,CAL_000830,3.75,1785.99768001457,2219.49884067597,FLAT_START,CONVERGED_FEASIBLE,CONVERGED,PASSED,0.992066409568907,25,1.04984685213746,13,7.32747196252603e-15,2.85771406538515e-13,23,26,0.1297
ATT_T002_000111_1,CALL_T002_000111,1,EDGE_CANDIDATE_SCREEN,2010-07-02 17:30:00,E0003,CAL_000831,3.75,1782.02009109157,2233.14450883699,FLAT_START,CONVERGED_FEASIBLE,CONVERGED,PASSED,0.992097603077489,25,1.04984618376946,13,7.105427357601e-15,2.87547763377916e-13,23,26,0.1273
ATT_T002_000112_1,CALL_T002_000112,1,EDGE_CANDIDATE_SCREEN,2010-07-02 17:30:00,E0003,CAL_000832,3.75,1778.02361296612,2246.85497901588,FLAT_START,CONVERGED_FEASIBLE,CONVERGED,PASSED,0.992128904397966,25,1.04984535718862,13,7.54951656745106e-15,2.88435941797616e-13,23,26,0.1267
ATT_T002_000113_1,CALL_T002_000113,1,EDGE_CANDIDATE_SCREEN,2010-07-02 17:30:00,E0003,CAL_000833,3.75,1774.00749763368,2260.63281734552,FLAT_START,CONVERGED_FEASIBLE,CONVERGED,PASSED,0.992160318879645,25,1.04984437023159,13,7.99360577730113e-15,2.89102075612391e-13,23,26,0.1502
ATT_T002_000114_1,CALL_T002_000114,1,EDGE_CANDIDATE_SCREEN,2010-07-02 17:30:00,E0003,CAL_000834,3.75,1769.97098370815,2274.4806358661,FLAT_START,CONVERGED_FEASIBLE,CONVERGED,PASSED,0.992191851945014,25,1.04984322060921,13,7.7715611723761e-15,2.92210700081341e-13,23,26,0.1302
ATT_T002_000115_1,CALL_T002_000115,1,LOCAL_REENTRY_STENCIL,2010-07-02 17:30:00,E0003,CAL_000826,4,1801.49365712232,2165.44439783759,FLAT_START,CONVERGED_FEASIBLE,CONVERGED,PASSED,0.991941640683141,25,1.04983781936014,13,6.88338275267597e-15,2.79998246810464e-13,23,26,0.1286
ATT_T002_000116_1,CALL_T002_000116,1,LOCAL_REENTRY_STENCIL,2010-07-02 17:30:00,E0003,CAL_000826,3.5,1801.97367978737,2165.58432010543,FLAT_START,CONVERGED_FEASIBLE,CONVERGED,PASSED,0.991943577329104,25,1.04985814549575,13,7.105427357601e-15,2.80442336020315e-13,23,26,0.1294
ATT_T002_000117_1,CALL_T002_000117,1,ANCHOR_SEARCH,2010-07-02 17:30:00,E0004,CAL_000846,0,1723.87913192914,2449.11895153746,FLAT_START,CONVERGED_INFEASIBLE,CONVERGED,PASSED,0.992600965342861,25,1.05000377936835,13,8.65973959207622e-15,3.32400773572772e-13,23,26,0.1301
ATT_T002_000118_1,CALL_T002_000118,1,ANCHOR_SEARCH,2010-07-02 17:30:00,E0004,CAL_000846,0.5,1723.39838171189,2448.98154983219,FLAT_START,CONVERGED_FEASIBLE,CONVERGED,PASSED,0.992599042099561,25,1.04998341802575,13,8.88178419700125e-15,3.32178728967847e-13,23,26,0.1293
ATT_T002_000119_1,CALL_T002_000119,1,ANCHOR_SEARCH,2010-07-02 17:30:00,E0004,CAL_000846,1,1722.91763149464,2448.84414812691,FLAT_START,CONVERGED_FEASIBLE,CONVERGED,PASSED,0.992597118765604,25,1.04996305577419,13,8.43769498715119e-15,3.32400773572772e-13,23,26,0.1505
ATT_T002_000120_1,CALL_T002_000120,1,ANCHOR_SEARCH,2010-07-02 17:30:00,E0004,CAL_000846,2,1721.95613106013,2448.56934471636,FLAT_START,CONVERGED_FEASIBLE,CONVERGED,PASSED,0.992593271825683,25,1.04992232854376,13,8.88178419700125e-15,3.31290550548147e-13,23,26,0.1289
ATT_T002_000121_1,CALL_T002_000121,1,ANCHOR_SEARCH,2010-07-02 17:30:00,E0004,CAL_000846,4,1720.03313019113,2448.01973789526,FLAT_START,CONVERGED_FEASIBLE,CONVERGED,PASSED,0.992585576857555,25,1.0498408631707,13,8.65973959207622e-15,3.30402372128447e-13,23,26,0.128
ATT_T002_000122_1,CALL_T002_000122,1,ANCHOR_SEARCH,2010-07-02 17:30:00,E0004,CAL_000846,3,1720.99463062563,2448.29454130581,FLAT_START,CONVERGED_FEASIBLE,CONVERGED,PASSED,0.992589424523025,25,1.04988159767621,13,8.43769498715119e-15,3.31068505943222e-13,23,26,0.1283
ATT_T002_000123_1,CALL_T002_000123,1,ANCHOR_SEARCH,2010-07-02 17:30:00,E0004,CAL_000846,3.5,1720.51388040838,2448.15713960054,FLAT_START,CONVERGED_FEASIBLE,CONVERGED,PASSED,0.992587500735646,25,1.04986123087825,13,8.65973959207622e-15,3.30402372128447e-13,23,26,0.1287
ATT_T002_000124_1,CALL_T002_000124,1,ANCHOR_SEARCH,2010-07-02 17:30:00,E0004,CAL_000846,3.75,1720.27350529975,2448.0884387479,FLAT_START,CONVERGED_FEASIBLE,CONVERGED,PASSED,0.99258653880794,25,1.04985104713818,13,8.88178419700125e-15,3.31290550548147e-13,23,26,0.127
ATT_T002_000125_1,CALL_T002_000125,1,EDGE_CANDIDATE_SCREEN,2010-07-02 17:30:00,E0004,CAL_000836,4,1761.64664261331,2302.41961526544,FLAT_START,CONVERGED_FEASIBLE,CONVERGED,PASSED,0.992254787881238,25,1.04983336858322,13,7.7715611723761e-15,2.94875235340442e-13,23,26,0.1293
ATT_T002_000126_1,CALL_T002_000126,1,EDGE_CANDIDATE_SCREEN,2010-07-02 17:30:00,E0004,CAL_000837,4,1757.60283548885,2316.568356358,FLAT_START,CONVERGED_FEASIBLE,CONVERGED,PASSED,0.992287129016934,25,1.04983485005429,13,7.7715611723761e-15,2.96207502969992e-13,23,26,0.162
ATT_T002_000127_1,CALL_T002_000127,1,EDGE_CANDIDATE_SCREEN,2010-07-02 17:30:00,E0004,CAL_000838,4,1753.53522371896,2330.80038672586,FLAT_START,CONVERGED_FEASIBLE,CONVERGED,PASSED,0.992319617614477,25,1.04983617596593,13,7.7715611723761e-15,2.98205904414317e-13,23,26,0.1302
ATT_T002_000128_1,CALL_T002_000128,1,EDGE_CANDIDATE_SCREEN,2010-07-02 17:30:00,E0004,CAL_000839,4,1749.44297137748,2345.11863116309,FLAT_START,CONVERGED_FEASIBLE,CONVERGED,PASSED,0.992352259664212,25,1.0498373439103,13,8.43769498715119e-15,3.00204305858642e-13,23,26,0.1291
ATT_T002_000129_1,CALL_T002_000129,1,EDGE_CANDIDATE_SCREEN,2010-07-02 17:30:00,E0004,CAL_000840,4,1745.32522482648,2359.52607643473,FLAT_START,CONVERGED_FEASIBLE,CONVERGED,PASSED,0.992385061259985,25,1.04983835133814,13,7.7715611723761e-15,3.04423153352218e-13,23,26,0.1272
ATT_T002_000130_1,CALL_T002_000130,1,EDGE_CANDIDATE_SCREEN,2010-07-02 17:30:00,E0004,CAL_000841,4,1741.1811119424,2374.02577398472,FLAT_START,CONVERGED_FEASIBLE,CONVERGED,PASSED,0.992418028604004,25,1.04983919555384,13,8.21565038222616e-15,3.08642000845794e-13,23,26,0.1594
ATT_T002_000131_1,CALL_T002_000131,1,EDGE_CANDIDATE_SCREEN,2010-07-02 17:30:00,E0004,CAL_000842,4,1737.00974131207,2388.62084274865,FLAT_START,CONVERGED_FEASIBLE,CONVERGED,PASSED,0.992451168011856,25,1.04983987371019,13,7.99360577730113e-15,3.13082892944294e-13,23,26,0.1278
ATT_T002_000132_1,CALL_T002_000132,1,EDGE_CANDIDATE_SCREEN,2010-07-02 17:30:00,E0004,CAL_000843,4,1732.81020139721,2403.31447207722,FLAT_START,CONVERGED_FEASIBLE,CONVERGED,PASSED,0.992484485917704,25,1.04984038280278,13,8.43769498715119e-15,3.1641356201817e-13,23,26,0.1285
ATT_T002_000133_1,CALL_T002_000133,1,EDGE_CANDIDATE_SCREEN,2010-07-02 17:30:00,E0004,CAL_000844,4,1728.58155966557,2418.10992477629,FLAT_START,CONVERGED_FEASIBLE,CONVERGED,PASSED,0.992517988879652,25,1.04984071966419,13,8.21565038222616e-15,3.21076498721595e-13,23,26,0.1272
ATT_T002_000134_1,CALL_T002_000134,1,EDGE_CANDIDATE_SCREEN,2010-07-02 17:30:00,E0004,CAL_000845,4,1724.32286168677,2433.01054027025,FLAT_START,CONVERGED_FEASIBLE,CONVERGED,PASSED,0.992551683585311,25,1.0498408809577,13,8.43769498715119e-15,3.26183524634871e-13,23,26,0.1352
ATT_T002_000135_1,CALL_T002_000135,1,EDGE_CANDIDATE_SCREEN,2010-07-02 17:30:00,E0004,CAL_000847,4,1715.71136408914,2463.14102032973,FLAT_START,CONVERGED_FEASIBLE,CONVERGED,PASSED,0.992619675660502,25,1.04984066260771,13,8.65973959207622e-15,3.35065308831872e-13,23,26,0.1296
ATT_T002_000136_1,CALL_T002_000136,1,EDGE_CANDIDATE_SCREEN,2010-07-02 17:30:00,E0004,CAL_000848,4,1711.3565374497,2478.37797716966,FLAT_START,CONVERGED_FEASIBLE,CONVERGED,PASSED,0.992653987105703,25,1.049840275383,13,8.65973959207622e-15,3.40172334745148e-13,23,26,0.1287
ATT_T002_000137_1,CALL_T002_000137,1,EDGE_CANDIDATE_SCREEN,2010-07-02 17:30:00,E0004,CAL_000849,4,1706.96759843445,2493.73428865693,FLAT_START,CONVERGED_FEASIBLE,CONVERGED,PASSED,0.992688518458576,25,1.04983969741273,13,9.10382880192628e-15,3.45501405263349e-13,23,26,0.1511
ATT_T002_000138_1,CALL_T002_000138,1,EDGE_CANDIDATE_SCREEN,2010-07-02 17:30:00,E0004,CAL_000850,4,1702.54346818614,2509.21372956903,FLAT_START,CONVERGED_FEASIBLE,CONVERGED,PASSED,0.99272327714509,25,1.04983892440667,13,9.32587340685131e-15,3.50608431176624e-13,23,26,0.1279
ATT_T002_000139_1,CALL_T002_000139,1,EDGE_CANDIDATE_SCREEN,2010-07-02 17:30:00,E0004,CAL_000851,4,1698.08303966808,2524.82017327948,FLAT_START,CONVERGED_FEASIBLE,CONVERGED,PASSED,0.992758270758699,25,1.04983795185943,13,9.10382880192628e-15,3.574918139293e-13,23,26,0.1292
ATT_T002_000140_1,CALL_T002_000140,1,EDGE_CANDIDATE_SCREEN,2010-07-02 17:30:00,E0004,CAL_000852,4,1693.58517645214,2540.55759599855,FLAT_START,CONVERGED_FEASIBLE,CONVERGED,PASSED,0.992793507067567,25,1.04983677504115,13,8.88178419700125e-15,3.62598839842576e-13,23,26,0.1278
ATT_T002_000141_1,CALL_T002_000141,1,EDGE_CANDIDATE_SCREEN,2010-07-02 17:30:00,E0004,CAL_000853,4,1689.04871145227,2556.43008120445,FLAT_START,CONVERGED_FEASIBLE,CONVERGED,PASSED,0.992828994022072,25,1.04983538898765,13,9.54791801177635e-15,3.68149954965702e-13,23,26,0.1278
ATT_T002_000142_1,CALL_T002_000142,1,EDGE_CANDIDATE_SCREEN,2010-07-02 17:30:00,E0004,CAL_000854,4,1684.47244560047,2572.44182427602,FLAT_START,CONVERGED_FEASIBLE,CONVERGED,PASSED,0.992864739762627,25,1.04983378849005,13,9.99200722162641e-15,3.74589248508528e-13,23,26,0.1281
ATT_T002_000143_1,CALL_T002_000143,1,LOCAL_REENTRY_STENCIL,2010-07-02 17:30:00,E0004,CAL_000846,4.25,1719.7927550825,2447.95103704262,FLAT_START,CONVERGED_FEASIBLE,CONVERGED,PASSED,0.992584614884489,25,1.04983067897578,13,8.43769498715119e-15,3.30402372128447e-13,23,26,0.128
ATT_T002_000144_1,CALL_T002_000144,1,LOCAL_REENTRY_STENCIL,2010-07-02 17:30:00,E0004,CAL_000846,3.75,1720.27350529975,2448.0884387479,FLAT_START,CONVERGED_FEASIBLE,CONVERGED,PASSED,0.99258653880794,25,1.04985104713818,13,8.88178419700125e-15,3.31290550548147e-13,23,26,0.1522
ATT_T002_000145_1,CALL_T002_000145,1,ANCHOR_SEARCH,2010-07-02 17:30:00,E0005,CAL_000860,0,1660.2055288356,2673.26020716626,FLAT_START,CONVERGED_FEASIBLE,CONVERGED,PASSED,0.993102728554442,25,1.04999767826671,13,1.11022302462516e-14,4.18109991073834e-13,23,26,0.1324
ATT_T002_000146_1,CALL_T002_000146,1,ANCHOR_SEARCH,2010-07-02 17:30:00,E0005,CAL_000860,0.5,1659.72419328553,2673.12487022291,FLAT_START,CONVERGED_FEASIBLE,CONVERGED,PASSED,0.993100815112623,25,1.04997728290967,13,1.06581410364015e-14,4.17887946468909e-13,23,26,0.1415
ATT_T002_000147_1,CALL_T002_000147,1,ANCHOR_SEARCH,2010-07-02 17:30:00,E0005,CAL_000860,1,1659.24285773545,2672.98953327955,FLAT_START,CONVERGED_FEASIBLE,CONVERGED,PASSED,0.993098901580248,25,1.04995688663825,13,1.06581410364015e-14,4.17887946468909e-13,23,26,0.1344
ATT_T002_000148_1,CALL_T002_000148,1,ANCHOR_SEARCH,2010-07-02 17:30:00,E0005,CAL_000860,2,1658.28018663531,2672.71885939285,FLAT_START,CONVERGED_FEASIBLE,CONVERGED,PASSED,0.99309507424379,25,1.0499160913519,13,1.11022302462516e-14,4.16777723444284e-13,23,26,0.1287
ATT_T002_000149_1,CALL_T002_000149,1,ANCHOR_SEARCH,2010-07-02 17:30:00,E0005,CAL_000860,4,1656.35484443502,2672.17751161943,FLAT_START,CONVERGED_FEASIBLE,CONVERGED,PASSED,0.993087418483786,25,1.04983448980203,13,1.06581410364015e-14,4.15889545024584e-13,23,26,0.1292
ATT_T002_000150_1,CALL_T002_000150,1,ANCHOR_SEARCH,2010-07-02 17:30:00,E0005,CAL_000860,3,1657.31751553516,2672.44818550614,FLAT_START,CONVERGED_FEASIBLE,CONVERGED,PASSED,0.993091246544994,25,1.04987529240678,13,1.08801856413265e-14,4.16777723444284e-13,23,26,0.1506
ATT_T002_000151_1,CALL_T002_000151,1,ANCHOR_SEARCH,2010-07-02 17:30:00,E0005,CAL_000860,3.5,1656.83617998509,2672.31284856279,FLAT_START,CONVERGED_FEASIBLE,CONVERGED,PASSED,0.993089332559696,25,1.04985489156191,13,1.04360964314765e-14,4.16333634234434e-13,23,26,0.1288
ATT_T002_000152_1,CALL_T002_000152,1,ANCHOR_SEARCH,2010-07-02 17:30:00,E0005,CAL_000860,3.75,1656.59551221005,2672.24518009111,FLAT_START,CONVERGED_FEASIBLE,CONVERGED,PASSED,0.993088375533068,25,1.04984469079635,13,1.08801856413265e-14,4.16333634234434e-13,23,26,0.1264
ATT_T002_000153_1,CALL_T002_000153,1,EDGE_CANDIDATE_SCREEN,2010-07-02 17:30:00,E0005,CAL_000856,3.75,1675.48219637765,2605.07333264419,FLAT_START,CONVERGED_FEASIBLE,CONVERGED,PASSED,0.992938469119945,25,1.04984308902361,13,1.02140518265514e-14,3.8746783559418e-13,23,26,0.1295
ATT_T002_000154_1,CALL_T002_000154,1,EDGE_CANDIDATE_SCREEN,2010-07-02 17:30:00,E0005,CAL_000857,3.75,1670.82953127439,2621.62086993365,FLAT_START,CONVERGED_FEASIBLE,CONVERGED,PASSED,0.992975483372385,25,1.04984381091031,13,9.99200722162641e-15,3.94351218346856e-13,23,26,0.1279
ATT_T002_000155_1,CALL_T002_000155,1,EDGE_CANDIDATE_SCREEN,2010-07-02 17:30:00,E0005,CAL_000858,3.75,1666.13179203024,2638.32871663947,FLAT_START,CONVERGED_FEASIBLE,CONVERGED,PASSED,0.993012799513219,25,1.04984432244421,13,9.99200722162641e-15,4.00790511889682e-13,23,26,0.1278
ATT_T002_000156_1,CALL_T002_000156,1,EDGE_CANDIDATE_SCREEN,2010-07-02 17:30:00,E0005,CAL_000859,3.75,1661.38759437098,2655.20179603224,FLAT_START,CONVERGED_FEASIBLE,CONVERGED,PASSED,0.9930504269973,25,1.04984461778633,13,1.04360964314765e-14,4.09006162271908e-13,23,26,0.1264
ATT_T002_000157_1,CALL_T002_000157,1,EDGE_CANDIDATE_SCREEN,2010-07-02 17:30:00,E0005,CAL_000861,3.75,1651.75407578858,2689.464096119,FLAT_START,CONVERGED_FEASIBLE,CONVERGED,PASSED,0.993126655093468,25,1.04984453501769,13,1.11022302462516e-14,4.23883150801885e-13,23,26,0.1482
ATT_T002_000158_1,CALL_T002_000158,1,EDGE_CANDIDATE_SCREEN,2010-07-02 17:30:00,E0005,CAL_000862,3.75,1646.86176972243,2706.86393368831,FLAT_START,CONVERGED_FEASIBLE,CONVERGED,PASSED,0.993165275927372,25,1.04984414366157,13,1.08801856413265e-14,4.32098801184111e-13,23,26,0.1305
ATT_T002_000159_1,CALL_T002_000159,1,EDGE_CANDIDATE_SCREEN,2010-07-02 17:30:00,E0005,CAL_000863,3.75,1641.91703095065,2724.45025193746,FLAT_START,CONVERGED_FEASIBLE,CONVERGED,PASSED,0.993204248571522,25,1.0498435095902,13,1.13242748511766e-14,1.47215573065296e-13,24,26,0.1311
ATT_T002_000160_1,CALL_T002_000160,1,EDGE_CANDIDATE_SCREEN,2010-07-02 17:30:00,E0005,CAL_000864,3.75,1636.9182465793,2742.22878723953,FLAT_START,CONVERGED_FEASIBLE,CONVERGED,PASSED,0.993243583863038,25,1.04984262529881,13,1.15463194561016e-14,1.49436019114546e-13,24,26,0.1289
ATT_T002_000161_1,CALL_T002_000161,1,LOCAL_REENTRY_STENCIL,2010-07-02 17:30:00,E0005,CAL_000860,4,1656.35484443502,2672.17751161943,FLAT_START,CONVERGED_FEASIBLE,CONVERGED,PASSED,0.993087418483786,25,1.04983448980203,13,1.06581410364015e-14,4.15889545024584e-13,23,26,0.1356
ATT_T002_000162_1,CALL_T002_000162,1,LOCAL_REENTRY_STENCIL,2010-07-02 17:30:00,E0005,CAL_000860,3.5,1656.83617998509,2672.31284856279,FLAT_START,CONVERGED_FEASIBLE,CONVERGED,PASSED,0.993089332559696,25,1.04985489156191,13,1.04360964314765e-14,4.16333634234434e-13,23,26,0.1292
ATT_T002_000163_1,CALL_T002_000163,1,ANCHOR_SEARCH,2010-07-02 17:30:00,E0006,CAL_000866,0,1635.47376823922,2761.22048834066,FLAT_START,CONVERGED_FEASIBLE,CONVERGED,PASSED,0.993297631333694,25,1.04999457167999,13,1.17683640610267e-14,1.52988732793347e-13,24,26,0.1318
ATT_T002_000164_1,CALL_T002_000164,1,ANCHOR_SEARCH,2010-07-02 17:30:00,E0006,CAL_000866,0.5,1635.14977175049,2760.83966518578,FLAT_START,CONVERGED_FEASIBLE,CONVERGED,PASSED,0.993295452299794,25,1.04997765178832,13,1.15463194561016e-14,1.52544643583497e-13,24,26,0.1545
ATT_T002_000165_1,CALL_T002_000165,1,ANCHOR_SEARCH,2010-07-02 17:30:00,E0006,CAL_000866,1,1634.82577526176,2760.45884203091,FLAT_START,CONVERGED_FEASIBLE,CONVERGED,PASSED,0.993293273179313,25,1.04996073127911,13,1.19904086659517e-14,1.53654866608122e-13,24,26,0.1311
ATT_T002_000166_1,CALL_T002_000166,1,ANCHOR_SEARCH,2010-07-02 17:30:00,E0006,CAL_000866,2,1634.1777822843,2759.69719572115,FLAT_START,CONVERGED_FEASIBLE,CONVERGED,PASSED,0.99328891467858,25,1.04992688840787,13,1.22124532708767e-14,1.53210777398272e-13,24,26,0.1281
ATT_T002_000167_1,CALL_T002_000167,1,ANCHOR_SEARCH,2010-07-02 17:30:00,E0006,CAL_000866,4,1632.88179632937,2758.17390310165,FLAT_START,CONVERGED_FEASIBLE,CONVERGED,PASSED,0.993280196637832,25,1.04985919525245,13,1.17683640610267e-14,1.52100554373646e-13,24,26,0.1299
ATT_T002_000168_1,CALL_T002_000168,1,ANCHOR_SEARCH,2010-07-02 17:30:00,E0006,CAL_000866,8,1630.28982441953,2755.12731786263,FLAT_START,CONVERGED_FEASIBLE,CONVERGED,PASSED,0.993262756397614,25,1.04972377927676,13,1.15463194561016e-14,1.50768286744096e-13,24,26,0.1294
ATT_T002_000169_1,CALL_T002_000169,1,ANCHOR_SEARCH,2010-07-02 17:30:00,E0006,CAL_000866,6,1631.58581037445,2756.65061048214,FLAT_START,CONVERGED_FEASIBLE,CONVERGED,PASSED,0.993271477210994,25,1.04979149220999,13,1.19904086659517e-14,1.51212375953946e-13,24,26,0.1299
ATT_T002_000170_1,CALL_T002_000170,1,ANCHOR_SEARCH,2010-07-02 17:30:00,E0006,CAL_000866,5,1632.23380335191,2757.41225679189,FLAT_START,CONVERGED_FEASIBLE,CONVERGED,PASSED,0.993275837097702,25,1.04982534496733,13,1.19904086659517e-14,1.52100554373646e-13,24,26,0.1299
ATT_T002_000171_1,CALL_T002_000171,1,ANCHOR_SEARCH,2010-07-02 17:30:00,E0006,CAL_000866,4.5,1632.55779984064,2757.79307994677,FLAT_START,CONVERGED_FEASIBLE,CONVERGED,PASSED,0.993278016911086,25,1.04984227041889,13,1.15463194561016e-14,1.52100554373646e-13,24,26,0.1507
ATT_T002_000172_1,CALL_T002_000172,1,ANCHOR_SEARCH,2010-07-02 17:30:00,E0006,CAL_000866,4.25,1632.71979808501,2757.98349152421,FLAT_START,CONVERGED_FEASIBLE,CONVERGED,PASSED,0.993279106785288,25,1.04985073291291,13,1.17683640610267e-14,1.52100554373646e-13,24,26,0.1306
ATT_T002_000173_1,CALL_T002_000173,1,EDGE_CANDIDATE_SCREEN,2010-07-02 17:30:00,E0006,CAL_000867,4.5,1622.75783066945,2766.13069167147,FLAT_START,CONVERGED_FEASIBLE,CONVERGED,PASSED,0.993273246337118,25,1.04954835647812,13,1.19904086659517e-14,1.51878509768721e-13,24,26,0.1321
ATT_T002_000174_1,CALL_T002_000174,1,EDGE_CANDIDATE_SCREEN,2010-07-02 17:30:00,E0006,CAL_000868,4.5,1612.96974844796,2774.45819022444,FLAT_START,CONVERGED_FEASIBLE,CONVERGED,PASSED,0.993268448164384,25,1.04925448279221,13,1.19904086659517e-14,1.52544643583497e-13,24,26,0.1298
ATT_T002_000175_1,CALL_T002_000175,1,EDGE_CANDIDATE_SCREEN,2010-07-02 17:30:00,E0006,CAL_000869,4.5,1603.19204327248,2782.77686020061,FLAT_START,CONVERGED_FEASIBLE,CONVERGED,PASSED,0.993263621732401,25,1.04905698909084,30,1.19904086659517e-14,1.53654866608122e-13,24,26,0.1311
ATT_T002_000176_1,CALL_T002_000176,1,EDGE_CANDIDATE_SCREEN,2010-07-02 17:30:00,E0006,CAL_000870,4.5,1593.42321159745,2791.08798078553,FLAT_START,CONVERGED_FEASIBLE,CONVERGED,PASSED,0.993258766363175,25,1.0491730792211,30,1.15463194561016e-14,1.53654866608122e-13,24,26,0.1324
ATT_T002_000177_1,CALL_T002_000177,1,EDGE_CANDIDATE_SCREEN,2010-07-02 17:30:00,E0006,CAL_000871,4.5,1583.66175530624,2799.39282654596,FLAT_START,CONVERGED_FEASIBLE,CONVERGED,PASSED,0.993253881360844,25,1.04928891692017,30,1.17683640610267e-14,1.53876911213047e-13,24,26,0.1308
ATT_T002_000178_1,CALL_T002_000178,1,EDGE_CANDIDATE_SCREEN,2010-07-02 17:30:00,E0006,CAL_000872,4.5,1573.90618078889,2807.69266821446,FLAT_START,CONVERGED_FEASIBLE,CONVERGED,PASSED,0.993248966011291,25,1.04940452018939,30,1.15463194561016e-14,1.54765089632747e-13,24,26,0.1522
ATT_T002_000179_1,CALL_T002_000179,1,EDGE_CANDIDATE_SCREEN,2010-07-02 17:30:00,E0006,CAL_000873,4.5,1564.15499802584,2815.98877346894,FLAT_START,CONVERGED_FEASIBLE,CONVERGED,PASSED,0.993244019581741,25,1.04951990688606,30,1.22124532708767e-14,1.54543045027822e-13,24,26,0.1327
ATT_T002_000180_1,CALL_T002_000180,1,EDGE_CANDIDATE_SCREEN,2010-07-02 17:30:00,E0006,CAL_000874,4.5,1554.40671967625,2824.28240770833,FLAT_START,CONVERGED_FEASIBLE,CONVERGED,PASSED,0.993239041320325,25,1.04963509473458,30,1.19904086659517e-14,1.54987134237672e-13,24,26,0.1297
ATT_T002_000181_1,CALL_T002_000181,1,EDGE_CANDIDATE_SCREEN,2010-07-02 17:30:00,E0006,CAL_000875,4.5,1544.65986016983,2832.57483482521,FLAT_START,CONVERGED_FEASIBLE,CONVERGED,PASSED,0.993234030455623,25,1.04975010133737,30,1.15463194561016e-14,1.55653268052447e-13,24,26,0.1322
ATT_T002_000182_1,CALL_T002_000182,1,LOCAL_REENTRY_STENCIL,2010-07-02 17:30:00,E0006,CAL_000866,4.75,1632.39580159628,2757.60266836933,FLAT_START,CONVERGED_FEASIBLE,CONVERGED,PASSED,0.993276927015224,25,1.04983380777036,13,1.17683640610267e-14,1.51656465163796e-13,24,26,0.145
ATT_T002_000183_1,CALL_T002_000183,1,LOCAL_REENTRY_STENCIL,2010-07-02 17:30:00,E0006,CAL_000866,4.25,1632.71979808501,2757.98349152421,FLAT_START,CONVERGED_FEASIBLE,CONVERGED,PASSED,0.993279106785288,25,1.04985073291291,13,1.17683640610267e-14,1.52100554373646e-13,24,26,0.1305
ATT_T002_000184_1,CALL_T002_000184,1,ANCHOR_SEARCH,2010-07-02 17:30:00,E0007,CAL_000890,0,1395.7773514214,2904.04003556663,FLAT_START,CONVERGED_INFEASIBLE,CONVERGED,PASSED,0.992984268278125,25,1.05000206706217,30,1.13242748511766e-14,1.52766688188422e-13,24,26,0.1697
ATT_T002_000185_1,CALL_T002_000185,1,ANCHOR_SEARCH,2010-07-02 17:30:00,E0007,CAL_000890,0.5,1395.58350447311,2903.57914147832,FLAT_START,CONVERGED_FEASIBLE,CONVERGED,PASSED,0.992982238790215,25,1.04998745718461,30,1.15463194561016e-14,1.52100554373646e-13,24,26,0.1353
ATT_T002_000186_1,CALL_T002_000186,1,ANCHOR_SEARCH,2010-07-02 17:30:00,E0007,CAL_000890,1,1395.38965752481,2903.11824739002,FLAT_START,CONVERGED_FEASIBLE,CONVERGED,PASSED,0.992980209228029,25,1.04997284683188,30,1.13242748511766e-14,1.52988732793347e-13,24,26,0.1312
ATT_T002_000187_1,CALL_T002_000187,1,ANCHOR_SEARCH,2010-07-02 17:30:00,E0007,CAL_000890,2,1395.00196362822,2902.1964592134,FLAT_START,CONVERGED_FEASIBLE,CONVERGED,PASSED,0.992976149880807,25,1.04994362470078,30,1.11022302462516e-14,1.52544643583497e-13,24,26,0.1291
ATT_T002_000188_1,CALL_T002_000188,1,ANCHOR_SEARCH,2010-07-02 17:30:00,E0007,CAL_000890,4,1394.22657583504,2900.35288286017,FLAT_START,CONVERGED_FEASIBLE,CONVERGED,PASSED,0.992968030294806,25,1.04988517473487,30,1.15463194561016e-14,1.51656465163796e-13,24,26,0.1312
ATT_T002_000189_1,CALL_T002_000189,1,ANCHOR_SEARCH,2010-07-02 17:30:00,E0007,CAL_000890,8,1392.67580024868,2896.66573015371,FLAT_START,CONVERGED_FEASIBLE,CONVERGED,PASSED,0.99295178755533,25,1.0497682519793,30,1.08801856413265e-14,1.50324197534246e-13,24,26,0.1305
ATT_T002_000190_1,CALL_T002_000190,1,ANCHOR_SEARCH,2010-07-02 17:30:00,E0007,CAL_000890,6,1393.45118804186,2898.50930650694,FLAT_START,CONVERGED_FEASIBLE,CONVERGED,PASSED,0.992959909519765,25,1.04982671716189,30,1.11022302462516e-14,1.51434420558871e-13,24,26,0.1284
ATT_T002_000191_1,CALL_T002_000191,1,ANCHOR_SEARCH,2010-07-02 17:30:00,E0007,CAL_000890,5,1393.83888193845,2899.43109468356,FLAT_START,CONVERGED_FEASIBLE,CONVERGED,PASSED,0.992963970055938,25,1.04985594689942,30,1.11022302462516e-14,1.51878509768721e-13,24,26,0.129
ATT_T002_000192_1,CALL_T002_000192,1,ANCHOR_SEARCH,2010-07-02 17:30:00,E0007,CAL_000890,5.5,1393.64503499016,2898.97020059525,FLAT_START,CONVERGED_FEASIBLE,CONVERGED,PASSED,0.992961939825017,25,1.04984133226843,30,1.08801856413265e-14,1.51656465163796e-13,24,26,0.1293
ATT_T002_000193_1,CALL_T002_000193,1,ANCHOR_SEARCH,2010-07-02 17:30:00,E0007,CAL_000890,5.25,1393.7419584643,2899.2006476394,FLAT_START,CONVERGED_FEASIBLE,CONVERGED,PASSED,0.992962954949769,25,1.04984863964337,30,1.08801856413265e-14,1.50990331349021e-13,24,26,0.1292
ATT_T002_000194_1,CALL_T002_000194,1,EDGE_CANDIDATE_SCREEN,2010-07-02 17:30:00,E0007,CAL_000877,5.25,1535.7935102423,2839.45533844302,FLAT_START,CONVERGED_FEASIBLE,CONVERGED,PASSED,0.993227407854502,25,1.04983668959735,30,1.17683640610267e-14,1.55875312657372e-13,24,26,0.1328
ATT_T002_000195_1,CALL_T002_000195,1,EDGE_CANDIDATE_SCREEN,2010-07-02 17:30:00,E0007,CAL_000878,5.25,1524.63357769314,2844.14908245648,FLAT_START,CONVERGED_FEASIBLE,CONVERGED,PASSED,0.993206854968379,25,1.04983848278696,30,1.15463194561016e-14,1.55875312657372e-13,24,26,0.1319
ATT_T002_000196_1,CALL_T002_000196,1,EDGE_CANDIDATE_SCREEN,2010-07-02 17:30:00,E0007,CAL_000879,5.25,1513.5194194728,2848.82357429427,FLAT_START,CONVERGED_FEASIBLE,CONVERGED,PASSED,0.993186348842347,25,1.04984012481564,30,1.15463194561016e-14,1.55209178842597e-13,24,26,0.1306
ATT_T002_000197_1,CALL_T002_000197,1,EDGE_CANDIDATE_SCREEN,2010-07-02 17:30:00,E0007,CAL_000880,5.25,1502.44907191428,2853.47963985298,FLAT_START,CONVERGED_FEASIBLE,CONVERGED,PASSED,0.993165886227898,25,1.04984161743939,30,1.15463194561016e-14,1.54321000422897e-13,24,26,0.1312
ATT_T002_000198_1,CALL_T002_000198,1,EDGE_CANDIDATE_SCREEN,2010-07-02 17:30:00,E0007,CAL_000881,5.25,1491.42060009706,2858.11809293875,FLAT_START,CONVERGED_FEASIBLE,CONVERGED,PASSED,0.993145463903092,25,1.04984296230791,30,1.15463194561016e-14,1.54098955817972e-13,24,26,0.1582
ATT_T002_000199_1,CALL_T002_000199,1,EDGE_CANDIDATE_SCREEN,2010-07-02 17:30:00,E0007,CAL_000882,5.25,1480.43209642205,2862.73973586663,FLAT_START,CONVERGED_FEASIBLE,CONVERGED,PASSED,0.993125078670495,25,1.04984416096708,30,1.15463194561016e-14,1.54098955817972e-13,24,26,0.1324
ATT_T002_000200_1,CALL_T002_000200,1,EDGE_CANDIDATE_SCREEN,2010-07-02 17:30:00,E0007,CAL_000883,5.25,1469.48167922526,2867.34536004365,FLAT_START,CONVERGED_FEASIBLE,CONVERGED,PASSED,0.993104727355167,25,1.04984521486127,30,1.15463194561016e-14,1.53654866608122e-13,24,26,0.1303
ATT_T002_000201_1,CALL_T002_000201,1,EDGE_CANDIDATE_SCREEN,2010-07-02 17:30:00,E0007,CAL_000884,5.25,1458.56749142811,2871.93574653648,FLAT_START,CONVERGED_FEASIBLE,CONVERGED,PASSED,0.993084406802661,25,1.04984612533551,30,1.15463194561016e-14,1.53210777398272e-13,24,26,0.1305
ATT_T002_000202_1,CALL_T002_000202,1,EDGE_CANDIDATE_SCREEN,2010-07-02 17:30:00,E0007,CAL_000885,5.25,1447.68769922193,2876.51166662475,FLAT_START,CONVERGED_FEASIBLE,CONVERGED,PASSED,0.993064113877064,25,1.0498468936375,30,1.13242748511766e-14,1.52988732793347e-13,24,26,0.1704
ATT_T002_000203_1,CALL_T002_000203,1,EDGE_CANDIDATE_SCREEN,2010-07-02 17:30:00,E0007,CAL_000886,5.25,1436.84049078496,2881.07388234062,FLAT_START,CONVERGED_FEASIBLE,CONVERGED,PASSED,0.99304384545905,25,1.04984752091947,30,1.15463194561016e-14,1.52766688188422e-13,24,26,0.1327
ATT_T002_000204_1,CALL_T002_000204,1,EDGE_CANDIDATE_SCREEN,2010-07-02 17:30:00,E0007,CAL_000887,5.25,1426.02407502957,2885.62314699569,FLAT_START,CONVERGED_FEASIBLE,CONVERGED,PASSED,0.99302359844396,25,1.04984800823992,30,1.13242748511766e-14,1.51878509768721e-13,24,26,0.1297
ATT_T002_000205_1,CALL_T002_000205,1,EDGE_CANDIDATE_SCREEN,2010-07-02 17:30:00,E0007,CAL_000888,5.25,1415.23668037807,2890.16020569593,FLAT_START,CONVERGED_FEASIBLE,CONVERGED,PASSED,0.993003369739896,25,1.04984835656517,30,1.13242748511766e-14,1.51656465163796e-13,24,26,0.1324
ATT_T002_000206_1,CALL_T002_000206,1,EDGE_CANDIDATE_SCREEN,2010-07-02 17:30:00,E0007,CAL_000889,5.25,1404.47655356498,2894.68579584538,FLAT_START,CONVERGED_FEASIBLE,CONVERGED,PASSED,0.992983156265839,25,1.04984856677089,30,1.13242748511766e-14,1.51434420558871e-13,24,26,0.1318
ATT_T002_000207_1,CALL_T002_000207,1,EDGE_CANDIDATE_SCREEN,2010-07-02 17:30:00,E0007,CAL_000891,5.25,1383.03117493983,2903.70548454822,FLAT_START,CONVERGED_FEASIBLE,CONVERGED,PASSED,0.992942762726807,25,1.04984857588075,30,1.08801856413265e-14,1.51434420558871e-13,24,26,0.1298
ATT_T002_000208_1,CALL_T002_000208,1,EDGE_CANDIDATE_SCREEN,2010-07-02 17:30:00,E0007,CAL_000892,5.25,1372.342497717,2908.20102379144,FLAT_START,CONVERGED_FEASIBLE,CONVERGED,PASSED,0.99292257653736,25,1.04984837609409,30,1.13242748511766e-14,1.50768286744096e-13,24,26,0.1309
ATT_T002_000209_1,CALL_T002_000209,1,EDGE_CANDIDATE_SCREEN,2010-07-02 17:30:00,E0007,CAL_000893,5.25,1361.67423527459,2912.68797680414,FLAT_START,CONVERGED_FEASIBLE,CONVERGED,PASSED,0.992902393325271,25,1.04984804080836,30,1.11022302462516e-14,1.50546242139171e-13,24,26,0.1532
ATT_T002_000210_1,CALL_T002_000210,1,EDGE_CANDIDATE_SCREEN,2010-07-02 17:30:00,E0007,CAL_000894,5.25,1351.02470875475,2917.16704969535,FLAT_START,CONVERGED_FEASIBLE,CONVERGED,PASSED,0.992882210035979,25,1.04984757046324,30,1.11022302462516e-14,1.51212375953946e-13,24,26,0.1307
ATT_T002_000211_1,CALL_T002_000211,1,EDGE_CANDIDATE_SCREEN,2010-07-02 17:30:00,E0007,CAL_000895,5.25,1340.39225088981,2921.63894369938,FLAT_START,CONVERGED_FEASIBLE,CONVERGED,PASSED,0.992862023614675,25,1.04984696541391,30,1.13242748511766e-14,1.50768286744096e-13,24,26,0.129
ATT_T002_000212_1,CALL_T002_000212,1,EDGE_CANDIDATE_SCREEN,2010-07-02 17:30:00,E0007,CAL_000896,5.25,1329.77520494443,2926.10435562075,FLAT_START,CONVERGED_FEASIBLE,CONVERGED,PASSED,0.992841831004461,25,1.0498462259316,30,1.13242748511766e-14,1.50990331349021e-13,24,26,0.1321
ATT_T002_000213_1,CALL_T002_000213,1,LOCAL_REENTRY_STENCIL,2010-07-02 17:30:00,E0007,CAL_000890,5.5,1393.64503499016,2898.97020059525,FLAT_START,CONVERGED_FEASIBLE,CONVERGED,PASSED,0.992961939825017,25,1.04984133226843,30,1.08801856413265e-14,1.51656465163796e-13,24,26,0.1326
ATT_T002_000214_1,CALL_T002_000214,1,LOCAL_REENTRY_STENCIL,2010-07-02 17:30:00,E0007,CAL_000890,5,1393.83888193845,2899.43109468356,FLAT_START,CONVERGED_FEASIBLE,CONVERGED,PASSED,0.992963970055938,25,1.04985594689942,30,1.11022302462516e-14,1.51878509768721e-13,24,26,0.1298
ATT_T002_000215_1,CALL_T002_000215,1,ANCHOR_SEARCH,2010-07-02 17:30:00,E0008,CAL_000907,0,1215.71863368655,2980.61100162243,FLAT_START,CONVERGED_INFEASIBLE,CONVERGED,PASSED,0.992642702108385,25,1.05000540570132,30,1.13242748511766e-14,1.51656465163796e-13,24,26,0.1562
ATT_T002_000216_1,CALL_T002_000216,1,ANCHOR_SEARCH,2010-07-02 17:30:00,E0008,CAL_000907,0.5,1215.52168066283,2980.15142626795,FLAT_START,CONVERGED_FEASIBLE,CONVERGED,PASSED,0.992640656369849,25,1.04999078233406,30,1.13242748511766e-14,1.51434420558871e-13,24,26,0.1519
ATT_T002_000217_1,CALL_T002_000217,1,ANCHOR_SEARCH,2010-07-02 17:30:00,E0008,CAL_000907,1,1215.3247276391,2979.69185091347,FLAT_START,CONVERGED_FEASIBLE,CONVERGED,PASSED,0.992638610555968,25,1.04997615848973,30,1.13242748511766e-14,1.51656465163796e-13,24,26,0.1318
ATT_T002_000218_1,CALL_T002_000218,1,ANCHOR_SEARCH,2010-07-02 17:30:00,E0008,CAL_000907,2,1214.93082159165,2978.77270020451,FLAT_START,CONVERGED_FEASIBLE,CONVERGED,PASSED,0.992634518702152,25,1.04994690936974,30,1.08801856413265e-14,1.51212375953946e-13,24,26,0.1297
ATT_T002_000219_1,CALL_T002_000219,1,ANCHOR_SEARCH,2010-07-02 17:30:00,E0008,CAL_000907,4,1214.14300949675,2976.93439878659,FLAT_START,CONVERGED_FEASIBLE,CONVERGED,PASSED,0.99262633409014,25,1.04988840540322,30,1.15463194561016e-14,1.50546242139171e-13,24,26,0.1299
ATT_T002_000220_1,CALL_T002_000220,1,ANCHOR_SEARCH,2010-07-02 17:30:00,E0008,CAL_000907,8,1212.56738530695,2973.25779595075,FLAT_START,CONVERGED_FEASIBLE,CONVERGED,PASSED,0.992609961247321,25,1.04977137455516,30,1.08801856413265e-14,1.49658063719471e-13,24,26,0.1301
ATT_T002_000221_1,CALL_T002_000221,1,ANCHOR_SEARCH,2010-07-02 17:30:00,E0008,CAL_000907,6,1213.35519740185,2975.09609736867,FLAT_START,CONVERGED_FEASIBLE,CONVERGED,PASSED,0.992618148271984,25,1.04982989379922,30,1.13242748511766e-14,1.50768286744096e-13,24,26,0.1291
ATT_T002_000222_1,CALL_T002_000222,1,ANCHOR_SEARCH,2010-07-02 17:30:00,E0008,CAL_000907,5,1213.7491034493,2976.01524807763,FLAT_START,CONVERGED_FEASIBLE,CONVERGED,PASSED,0.992622241331853,25,1.04985915055607,30,1.08801856413265e-14,1.49658063719471e-13,24,26,0.1612
ATT_T002_000223_1,CALL_T002_000223,1,ANCHOR_SEARCH,2010-07-02 17:30:00,E0008,CAL_000907,5.5,1213.55215042558,2975.55567272315,FLAT_START,CONVERGED_FEASIBLE,CONVERGED,PASSED,0.992620194839619,25,1.04984452241638,30,1.08801856413265e-14,1.50102152929321e-13,24,26,0.1329
ATT_T002_000224_1,CALL_T002_000224,1,ANCHOR_SEARCH,2010-07-02 17:30:00,E0008,CAL_000907,5.25,1213.65062693744,2975.78546040039,FLAT_START,CONVERGED_FEASIBLE,CONVERGED,PASSED,0.99262121809516,25,1.0498518365459,30,1.13242748511766e-14,1.50324197534246e-13,24,26,0.1299
ATT_T002_000225_1,CALL_T002_000225,1,EDGE_CANDIDATE_SCREEN,2010-07-02 17:30:00,E0008,CAL_000898,5.5,1308.46841026128,2934.87889536104,FLAT_START,CONVERGED_FEASIBLE,CONVERGED,PASSED,0.992800626828037,25,1.04983930286262,30,1.11022302462516e-14,1.50324197534246e-13,24,26,0.1308
ATT_T002_000226_1,CALL_T002_000226,1,EDGE_CANDIDATE_SCREEN,2010-07-02 17:30:00,E0008,CAL_000899,5.5,1297.90552383331,2939.40566643562,FLAT_START,CONVERGED_FEASIBLE,CONVERGED,PASSED,0.992780689138113,25,1.04984042667092,30,1.11022302462516e-14,1.49880108324396e-13,24,26,0.1312
ATT_T002_000227_1,CALL_T002_000227,1,EDGE_CANDIDATE_SCREEN,2010-07-02 17:30:00,E0008,CAL_000900,5.5,1287.35055433782,2943.92904467424,FLAT_START,CONVERGED_FEASIBLE,CONVERGED,PASSED,0.992760731058663,25,1.04984141440849,30,1.08801856413265e-14,1.50102152929321e-13,24,26,0.1303
ATT_T002_000228_1,CALL_T002_000228,1,EDGE_CANDIDATE_SCREEN,2010-07-02 17:30:00,E0008,CAL_000901,5.5,1276.80188686618,2948.44972215304,FLAT_START,CONVERGED_FEASIBLE,CONVERGED,PASSED,0.99274074953379,25,1.0498422662462,30,1.08801856413265e-14,1.50324197534246e-13,24,26,0.129
ATT_T002_000229_1,CALL_T002_000229,1,EDGE_CANDIDATE_SCREEN,2010-07-02 17:30:00,E0008,CAL_000902,5.5,1266.25791035657,2952.96838929959,FLAT_START,CONVERGED_FEASIBLE,CONVERGED,PASSED,0.992720741493152,25,1.04984298227143,30,1.11022302462516e-14,1.49658063719471e-13,24,26,0.1611
ATT_T002_000230_1,CALL_T002_000230,1,EDGE_CANDIDATE_SCREEN,2010-07-02 17:30:00,E0008,CAL_000903,5.5,1255.7170166083,2957.48573531531,FLAT_START,CONVERGED_FEASIBLE,CONVERGED,PASSED,0.992700703850065,25,1.04984356248806,30,1.11022302462516e-14,1.50768286744096e-13,24,26,0.1301
ATT_T002_000231_1,CALL_T002_000231,1,EDGE_CANDIDATE_SCREEN,2010-07-02 17:30:00,E0008,CAL_000904,5.5,1245.17759929993,2962.00244859627,FLAT_START,CONVERGED_FEASIBLE,CONVERGED,PASSED,0.992680633499591,25,1.04984400681642,30,1.11022302462516e-14,1.49880108324396e-13,24,26,0.1318
ATT_T002_000232_1,CALL_T002_000232,1,EDGE_CANDIDATE_SCREEN,2010-07-02 17:30:00,E0008,CAL_000905,5.5,1234.63805300972,2966.51921715296,FLAT_START,CONVERGED_FEASIBLE,CONVERGED,PASSED,0.99266052731659,25,1.04984431509306,30,1.13242748511766e-14,1.49880108324396e-13,24,26,0.1315
ATT_T002_000233_1,CALL_T002_000233,1,EDGE_CANDIDATE_SCREEN,2010-07-02 17:30:00,E0008,CAL_000906,5.5,1224.09677223739,2971.03672902953,FLAT_START,CONVERGED_FEASIBLE,CONVERGED,PASSED,0.992640382153756,25,1.0498444870704,30,1.13242748511766e-14,1.50324197534246e-13,24,26,0.1304
ATT_T002_000234_1,CALL_T002_000234,1,EDGE_CANDIDATE_SCREEN,2010-07-02 17:30:00,E0008,CAL_000908,5.5,1203.00257898014,2980.07673760386,FLAT_START,CONVERGED_FEASIBLE,CONVERGED,PASSED,0.992599962176512,25,1.04984442071383,30,1.11022302462516e-14,1.50102152929321e-13,24,26,0.1315
ATT_T002_000235_1,CALL_T002_000235,1,EDGE_CANDIDATE_SCREEN,2010-07-02 17:30:00,E0008,CAL_000909,5.5,1192.44644628767,2984.60061433562,FLAT_START,CONVERGED_FEASIBLE,CONVERGED,PASSED,0.992579680938511,25,1.04984418145989,30,1.08801856413265e-14,1.50768286744096e-13,24,26,0.1311
ATT_T002_000236_1,CALL_T002_000236,1,EDGE_CANDIDATE_SCREEN,2010-07-02 17:30:00,E0008,CAL_000910,5.5,1181.88213672914,2989.12799529902,FLAT_START,CONVERGED_FEASIBLE,CONVERGED,PASSED,0.992559347869332,25,1.0498438040652,30,1.11022302462516e-14,1.50324197534246e-13,24,26,0.1625
ATT_T002_000237_1,CALL_T002_000237,1,EDGE_CANDIDATE_SCREEN,2010-07-02 17:30:00,E0008,CAL_000911,5.5,1171.30802968835,2993.65957501619,FLAT_START,CONVERGED_FEASIBLE,CONVERGED,PASSED,0.992538959680184,25,1.04984328785303,30,1.15463194561016e-14,1.50990331349021e-13,24,26,0.1326
ATT_T002_000238_1,CALL_T002_000238,1,EDGE_CANDIDATE_SCREEN,2010-07-02 17:30:00,E0008,CAL_000912,5.5,1160.72249855391,2998.19605057855,FLAT_START,CONVERGED_FEASIBLE,CONVERGED,PASSED,0.992518513047589,25,1.04984263205825,30,1.13242748511766e-14,1.50990331349021e-13,24,26,0.13
ATT_T002_000239_1,CALL_T002_000239,1,EDGE_CANDIDATE_SCREEN,2010-07-02 17:30:00,E0008,CAL_000913,5.5,1150.12390971331,3002.73812207787,FLAT_START,CONVERGED_FEASIBLE,CONVERGED,PASSED,0.992498004611143,25,1.04984183582626,30,1.13242748511766e-14,1.50768286744096e-13,24,26,0.1292
ATT_T002_000240_1,CALL_T002_000240,1,EDGE_CANDIDATE_SCREEN,2010-07-02 17:30:00,E0008,CAL_000914,5.5,1139.510621538,3007.28649304122,FLAT_START,CONVERGED_FEASIBLE,CONVERGED,PASSED,0.992477430971236,25,1.04984089821169,30,1.15463194561016e-14,1.50768286744096e-13,24,26,0.1301
ATT_T002_000241_1,CALL_T002_000241,1,EDGE_CANDIDATE_SCREEN,2010-07-02 17:30:00,E0008,CAL_000915,5.5,1128.88098335785,3011.8418708705,FLAT_START,CONVERGED_FEASIBLE,CONVERGED,PASSED,0.99245678868671,25,1.04983981817702,30,1.13242748511766e-14,1.51434420558871e-13,24,26,0.1297
ATT_T002_000242_1,CALL_T002_000242,1,EDGE_CANDIDATE_SCREEN,2010-07-02 17:30:00,E0008,CAL_000916,5.5,1118.23333442383,3016.40496728696,FLAT_START,CONVERGED_FEASIBLE,CONVERGED,PASSED,0.992436074272471,25,1.04983859459112,30,1.13242748511766e-14,1.51434420558871e-13,24,26,0.1504
ATT_T002_000243_1,CALL_T002_000243,1,LOCAL_REENTRY_STENCIL,2010-07-02 17:30:00,E0008,CAL_000907,5.75,1213.45367391371,2975.32588504591,FLAT_START,CONVERGED_FEASIBLE,CONVERGED,PASSED,0.992619171565227,25,1.04983720816748,30,1.08801856413265e-14,1.49658063719471e-13,24,26,0.1452
ATT_T002_000244_1,CALL_T002_000244,1,LOCAL_REENTRY_STENCIL,2010-07-02 17:30:00,E0008,CAL_000907,5.25,1213.65062693744,2975.78546040039,FLAT_START,CONVERGED_FEASIBLE,CONVERGED,PASSED,0.99262121809516,25,1.0498518365459,30,1.13242748511766e-14,1.50324197534246e-13,24,26,0.1304
ATT_T002_000245_1,CALL_T002_000245,1,ANCHOR_SEARCH,2010-07-02 17:30:00,E0009,CAL_000926,0,1012.61938387212,3068.5961195961,FLAT_START,CONVERGED_INFEASIBLE,CONVERGED,PASSED,0.992249826013059,25,1.05000461679988,30,1.17683640610267e-14,1.56097357262297e-13,24,26,0.1346
ATT_T002_000246_1,CALL_T002_000246,1,ANCHOR_SEARCH,2010-07-02 17:30:00,E0009,CAL_000926,0.5,1012.41866850842,3068.13817490209,FLAT_START,CONVERGED_FEASIBLE,CONVERGED,PASSED,0.99224776053072,25,1.04998997561828,30,1.19904086659517e-14,1.55653268052447e-13,24,26,0.1326
ATT_T002_000247_1,CALL_T002_000247,1,ANCHOR_SEARCH,2010-07-02 17:30:00,E0009,CAL_000926,1,1012.21795314473,3067.68023020807,FLAT_START,CONVERGED_FEASIBLE,CONVERGED,PASSED,0.992245694971672,25,1.04997533395696,30,1.17683640610267e-14,1.55431223447522e-13,24,26,0.1322
ATT_T002_000248_1,CALL_T002_000248,1,ANCHOR_SEARCH,2010-07-02 17:30:00,E0009,CAL_000926,2,1011.81652241733,3066.76434082004,FLAT_START,CONVERGED_FEASIBLE,CONVERGED,PASSED,0.992241563623427,25,1.04994604919502,30,1.19904086659517e-14,1.54765089632747e-13,24,26,0.1298
ATT_T002_000249_1,CALL_T002_000249,1,ANCHOR_SEARCH,2010-07-02 17:30:00,E0009,CAL_000926,4,1011.01366096254,3064.93256204399,FLAT_START,CONVERGED_FEASIBLE,CONVERGED,PASSED,0.992233300006175,25,1.04988747391276,30,1.13242748511766e-14,1.55209178842597e-13,24,26,0.1764
ATT_T002_000250_1,CALL_T002_000250,1,ANCHOR_SEARCH,2010-07-02 17:30:00,E0009,CAL_000926,8,1009.40793805296,3061.26900449187,FLAT_START,CONVERGED_FEASIBLE,CONVERGED,PASSED,0.992216769087314,25,1.0497703003057,30,1.15463194561016e-14,1.54098955817972e-13,24,26,0.14
ATT_T002_000251_1,CALL_T002_000251,1,ANCHOR_SEARCH,2010-07-02 17:30:00,E0009,CAL_000926,6,1010.21079950775,3063.10078326793,FLAT_START,CONVERGED_FEASIBLE,CONVERGED,PASSED,0.99222503516093,25,1.04982889095051,30,1.17683640610267e-14,1.53654866608122e-13,24,26,0.136
ATT_T002_000252_1,CALL_T002_000252,1,ANCHOR_SEARCH,2010-07-02 17:30:00,E0009,CAL_000926,5,1010.61223023515,3064.01667265596,FLAT_START,CONVERGED_FEASIBLE,CONVERGED,PASSED,0.992229167737075,25,1.04985818339179,30,1.17683640610267e-14,1.53876911213047e-13,24,26,0.1307
ATT_T002_000253_1,CALL_T002_000253,1,ANCHOR_SEARCH,2010-07-02 17:30:00,E0009,CAL_000926,5.5,1010.41151487145,3063.55872796194,FLAT_START,CONVERGED_FEASIBLE,CONVERGED,PASSED,0.992227101487386,25,1.04984353741121,30,1.17683640610267e-14,1.54098955817972e-13,24,26,0.1294
ATT_T002_000254_1,CALL_T002_000254,1,ANCHOR_SEARCH,2010-07-02 17:30:00,E0009,CAL_000926,5.25,1010.5118725533,3063.78770030895,FLAT_START,CONVERGED_FEASIBLE,CONVERGED,PASSED,0.992228134621826,25,1.04985086046152,30,1.19904086659517e-14,1.53876911213047e-13,24,26,0.1325
ATT_T002_000255_1,CALL_T002_000255,1,EDGE_CANDIDATE_SCREEN,2010-07-02 17:30:00,E0009,CAL_000918,5.5,1096.84740968318,3025.67421419772,FLAT_START,CONVERGED_FEASIBLE,CONVERGED,PASSED,0.992394676145211,25,1.04983850613279,30,1.15463194561016e-14,1.51656465163796e-13,24,26,0.1316
ATT_T002_000256_1,CALL_T002_000256,1,EDGE_CANDIDATE_SCREEN,2010-07-02 17:30:00,E0009,CAL_000919,5.5,1086.14598793477,3030.36460538772,FLAT_START,CONVERGED_FEASIBLE,CONVERGED,PASSED,0.992374063870492,25,1.04983964449146,30,1.17683640610267e-14,1.51878509768721e-13,24,26,0.1731
ATT_T002_000257_1,CALL_T002_000257,1,EDGE_CANDIDATE_SCREEN,2010-07-02 17:30:00,E0009,CAL_000920,5.5,1075.41863372451,3035.06636267405,FLAT_START,CONVERGED_FEASIBLE,CONVERGED,PASSED,0.992353363599825,25,1.04984063999909,30,1.15463194561016e-14,1.52100554373646e-13,24,26,0.1319
ATT_T002_000258_1,CALL_T002_000258,1,EDGE_CANDIDATE_SCREEN,2010-07-02 17:30:00,E0009,CAL_000921,5.5,1064.66361264702,3039.78024623981,FLAT_START,CONVERGED_FEASIBLE,CONVERGED,PASSED,0.992332571616385,25,1.04984149143318,30,1.15463194561016e-14,1.52544643583497e-13,24,26,0.1315
ATT_T002_000259_1,CALL_T002_000259,1,EDGE_CANDIDATE_SCREEN,2010-07-02 17:30:00,E0009,CAL_000922,5.5,1053.87917288761,3044.5070238985,FLAT_START,CONVERGED_FEASIBLE,CONVERGED,PASSED,0.992311684142417,25,1.04984219746885,30,1.15463194561016e-14,1.52988732793347e-13,24,26,0.1316
ATT_T002_000260_1,CALL_T002_000260,1,EDGE_CANDIDATE_SCREEN,2010-07-02 17:30:00,E0009,CAL_000923,5.5,1043.06354404696,3049.2474716092,FLAT_START,CONVERGED_FEASIBLE,CONVERGED,PASSED,0.992290697336315,25,1.04984275667652,30,1.13242748511766e-14,1.52988732793347e-13,24,26,0.1305
ATT_T002_000261_1,CALL_T002_000261,1,EDGE_CANDIDATE_SCREEN,2010-07-02 17:30:00,E0009,CAL_000924,5.5,1032.21493594055,3054.00237400276,FLAT_START,CONVERGED_FEASIBLE,CONVERGED,PASSED,0.992269607289607,25,1.04984316751937,30,1.19904086659517e-14,1.53210777398272e-13,24,26,0.1305
ATT_T002_000262_1,CALL_T002_000262,1,EDGE_CANDIDATE_SCREEN,2010-07-02 17:30:00,E0009,CAL_000925,5.5,1021.33153737098,3058.7725249199,FLAT_START,CONVERGED_FEASIBLE,CONVERGED,PASSED,0.992248410023846,25,1.04984342835074,30,1.15463194561016e-14,1.53876911213047e-13,24,26,0.1295
ATT_T002_000263_1,CALL_T002_000263,1,EDGE_CANDIDATE_SCREEN,2010-07-02 17:30:00,E0009,CAL_000927,5.5,999.45301141844,3068.36179705499,FLAT_START,CONVERGED_FEASIBLE,CONVERGED,PASSED,0.992205677552065,25,1.04984349282564,30,1.15463194561016e-14,1.54543045027822e-13,24,26,0.1302
ATT_T002_000264_1,CALL_T002_000264,1,EDGE_CANDIDATE_SCREEN,2010-07-02 17:30:00,E0009,CAL_000928,5.5,988.454145111574,3073.18255702862,FLAT_START,CONVERGED_FEASIBLE,CONVERGED,PASSED,0.992184134009751,25,1.04984329259987,30,1.15463194561016e-14,1.54543045027822e-13,24,26,0.1305
ATT_T002_000265_1,CALL_T002_000265,1,EDGE_CANDIDATE_SCREEN,2010-07-02 17:30:00,E0009,CAL_000929,5.5,977.413007818694,3078.02184420967,FLAT_START,CONVERGED_FEASIBLE,CONVERGED,PASSED,0.992162466568785,25,1.04984293461732,30,1.15463194561016e-14,1.55431223447522e-13,24,26,0.1294
ATT_T002_000266_1,CALL_T002_000266,1,EDGE_CANDIDATE_SCREEN,2010-07-02 17:30:00,E0009,CAL_000930,5.5,966.327663783838,3082.88050703238,FLAT_START,CONVERGED_FEASIBLE,CONVERGED,PASSED,0.992140670850279,25,1.04984241663531,30,1.22124532708767e-14,1.56319401867222e-13,24,26,0.1308
ATT_T002_000267_1,CALL_T002_000267,1,EDGE_CANDIDATE_SCREEN,2010-07-02 17:30:00,E0009,CAL_000931,5.5,955.19614819604,3087.7594066657,FLAT_START,CONVERGED_FEASIBLE,CONVERGED,PASSED,0.99211874238429,25,1.04984173628122,30,1.19904086659517e-14,1.56319401867222e-13,24,26,0.1306
ATT_T002_000268_1,CALL_T002_000268,1,EDGE_CANDIDATE_SCREEN,2010-07-02 17:30:00,E0009,CAL_000932,5.5,944.016465716498,3092.65941765879,FLAT_START,CONVERGED_FEASIBLE,CONVERGED,PASSED,0.992096676605838,25,1.04984089104834,30,1.19904086659517e-14,1.56763491077072e-13,24,26,0.1296
ATT_T002_000269_1,CALL_T002_000269,1,EDGE_CANDIDATE_SCREEN,2010-07-02 17:30:00,E0009,CAL_000933,5.5,932.786588961713,3097.58142860591,FLAT_START,CONVERGED_FEASIBLE,CONVERGED,PASSED,0.992074468850786,25,1.04983987829153,30,1.19904086659517e-14,1.57651669496772e-13,24,26,0.1319
ATT_T002_000270_1,CALL_T002_000270,1,EDGE_CANDIDATE_SCREEN,2010-07-02 17:30:00,E0009,CAL_000934,5.5,921.504456940021,3102.52634283161,FLAT_START,CONVERGED_FEASIBLE,CONVERGED,PASSED,0.992052114351547,25,1.0498386952226,30,1.17683640610267e-14,1.57873714101697e-13,24,26,0.1374
ATT_T002_000271_1,CALL_T002_000271,1,EDGE_CANDIDATE_SCREEN,2010-07-02 17:30:00,E0009,CAL_000935,5.5,910.167973438856,3107.49507909764,FLAT_START,CONVERGED_FEASIBLE,CONVERGED,PASSED,0.99202960823263,25,1.04983733890539,30,1.24344978758018e-14,1.58317803311547e-13,24,26,0.1337
ATT_T002_000272_1,CALL_T002_000272,1,EDGE_CANDIDATE_SCREEN,2010-07-02 17:30:00,E0009,CAL_000936,5.5,898.77500535992,3112.48857233262,FLAT_START,CONVERGED_FEASIBLE,CONVERGED,PASSED,0.992006945506005,25,1.04983580625063,30,1.22124532708767e-14,1.58761892521397e-13,24,26,0.1317
ATT_T002_000273_1,CALL_T002_000273,1,LOCAL_REENTRY_STENCIL,2010-07-02 17:30:00,E0009,CAL_000926,5.75,1010.3111571896,3063.32975561494,FLAT_START,CONVERGED_FEASIBLE,CONVERGED,PASSED,0.992226068333754,25,1.04983621424088,30,1.17683640610267e-14,1.53876911213047e-13,24,26,0.1411
ATT_T002_000274_1,CALL_T002_000274,1,LOCAL_REENTRY_STENCIL,2010-07-02 17:30:00,E0009,CAL_000926,5.25,1010.5118725533,3063.78770030895,FLAT_START,CONVERGED_FEASIBLE,CONVERGED,PASSED,0.992228134621826,25,1.04985086046152,30,1.19904086659517e-14,1.53876911213047e-13,24,26,0.1383
ATT_T002_000275_1,CALL_T002_000275,1,ANCHOR_SEARCH,2010-07-02 17:30:00,E0010,CAL_000947,0,771.192723141811,3175.81021134406,FLAT_START,CONVERGED_INFEASIBLE,CONVERGED,PASSED,0.991772770282661,25,1.05000497304748,30,1.33226762955019e-14,1.67199587508549e-13,24,26,0.1337
ATT_T002_000276_1,CALL_T002_000276,1,ANCHOR_SEARCH,2010-07-02 17:30:00,E0010,CAL_000947,0.5,770.987500086184,3175.35426891629,FLAT_START,CONVERGED_FEASIBLE,CONVERGED,PASSED,0.991770679905707,25,1.04999030697402,30,1.28785870856518e-14,1.67865721323324e-13,24,26,0.1574
ATT_T002_000277_1,CALL_T002_000277,1,ANCHOR_SEARCH,2010-07-02 17:30:00,E0010,CAL_000947,1,770.782277030557,3174.89832648852,FLAT_START,CONVERGED_FEASIBLE,CONVERGED,PASSED,0.991768589450216,25,1.04997564041696,30,1.33226762955019e-14,1.66977542903624e-13,24,26,0.1309
ATT_T002_000278_1,CALL_T002_000278,1,ANCHOR_SEARCH,2010-07-02 17:30:00,E0010,CAL_000947,2,770.371830919303,3173.98644163299,FLAT_START,CONVERGED_FEASIBLE,CONVERGED,PASSED,0.991764408303601,25,1.04994630585189,30,1.31006316905768e-14,1.67421632113474e-13,24,26,0.1301
ATT_T002_000279_1,CALL_T002_000279,1,ANCHOR_SEARCH,2010-07-02 17:30:00,E0010,CAL_000947,4,769.550938696795,3172.16267192191,FLAT_START,CONVERGED_FEASIBLE,CONVERGED,PASSED,0.991756045067666,25,1.04988763091681,30,1.28785870856518e-14,1.65867319878998e-13,24,26,0.1307
ATT_T002_000280_1,CALL_T002_000280,1,ANCHOR_SEARCH,2010-07-02 17:30:00,E0010,CAL_000947,8,767.909154251779,3168.51513249977,FLAT_START,CONVERGED_FEASIBLE,CONVERGED,PASSED,0.991739314823612,25,1.04977025781764,30,1.28785870856518e-14,1.64979141459298e-13,24,26,0.1326
ATT_T002_000281_1,CALL_T002_000281,1,ANCHOR_SEARCH,2010-07-02 17:30:00,E0010,CAL_000947,6,768.730046474287,3170.33890221084,FLAT_START,CONVERGED_FEASIBLE,CONVERGED,PASSED,0.991747680574467,25,1.0498289482396,30,1.33226762955019e-14,1.66311409088848e-13,24,26,0.1302
ATT_T002_000282_1,CALL_T002_000282,1,ANCHOR_SEARCH,2010-07-02 17:30:00,E0010,CAL_000947,5,769.140492585541,3171.25078706638,FLAT_START,CONVERGED_FEASIBLE,CONVERGED,PASSED,0.991751862978249,25,1.04985829054614,30,1.26565424807268e-14,1.66533453693773e-13,24,26,0.1309
ATT_T002_000283_1,CALL_T002_000283,1,ANCHOR_SEARCH,2010-07-02 17:30:00,E0010,CAL_000947,5.5,768.935269529914,3170.79484463861,FLAT_START,CONVERGED_FEASIBLE,CONVERGED,PASSED,0.991749771815657,25,1.04984361963487,30,1.28785870856518e-14,1.66311409088848e-13,24,26,0.1532
ATT_T002_000284_1,CALL_T002_000284,1,ANCHOR_SEARCH,2010-07-02 17:30:00,E0010,CAL_000947,5.25,769.037881057728,3171.02281585249,FLAT_START,CONVERGED_FEASIBLE,CONVERGED,PASSED,0.991750817406777,25,1.049850955151,30,1.28785870856518e-14,1.66533453693773e-13,24,26,0.1305
ATT_T002_000285_1,CALL_T002_000285,1,EDGE_CANDIDATE_SCREEN,2010-07-02 17:30:00,E0010,CAL_000938,5.5,875.760479092222,3122.71202849956,FLAT_START,CONVERGED_FEASIBLE,CONVERGED,PASSED,0.991961446746966,25,1.04983584101104,30,1.22124532708767e-14,1.59650070941098e-13,24,26,0.1339
ATT_T002_000286_1,CALL_T002_000286,1,EDGE_CANDIDATE_SCREEN,2010-07-02 17:30:00,E0010,CAL_000939,5.5,864.182371636611,3127.92342021419,FLAT_START,CONVERGED_FEASIBLE,CONVERGED,PASSED,0.991938697138738,25,1.04983742060345,30,1.24344978758018e-14,1.60316204755873e-13,24,26,0.1299
ATT_T002_000287_1,CALL_T002_000287,1,EDGE_CANDIDATE_SCREEN,2010-07-02 17:30:00,E0010,CAL_000940,5.5,852.537146948234,3133.1650218912,FLAT_START,CONVERGED_FEASIBLE,CONVERGED,PASSED,0.991915768729516,25,1.04983882970835,30,1.22124532708767e-14,1.61426427780498e-13,24,26,0.1309
ATT_T002_000288_1,CALL_T002_000288,1,EDGE_CANDIDATE_SCREEN,2010-07-02 17:30:00,E0010,CAL_000941,5.5,840.822430327336,3138.43790240051,FLAT_START,CONVERGED_FEASIBLE,CONVERGED,PASSED,0.99189265589677,25,1.04984006503347,30,1.22124532708767e-14,1.62092561595273e-13,24,26,0.1298
ATT_T002_000289_1,CALL_T002_000289,1,EDGE_CANDIDATE_SCREEN,2010-07-02 17:30:00,E0010,CAL_000942,5.5,829.035797347646,3143.74315299429,FLAT_START,CONVERGED_FEASIBLE,CONVERGED,PASSED,0.991869352871049,25,1.04984112310675,30,1.26565424807268e-14,1.61870516990348e-13,24,26,0.1295
ATT_T002_000290_1,CALL_T002_000290,1,EDGE_CANDIDATE_SCREEN,2010-07-02 17:30:00,E0010,CAL_000943,5.5,817.174771677282,3149.08188828781,FLAT_START,CONVERGED_FEASIBLE,CONVERGED,PASSED,0.991845853729691,25,1.04984200026905,30,1.28785870856518e-14,1.62980740014973e-13,24,26,0.1625
ATT_T002_000291_1,CALL_T002_000291,1,EDGE_CANDIDATE_SCREEN,2010-07-02 17:30:00,E0010,CAL_000944,5.5,805.236822815994,3154.45524727795,FLAT_START,CONVERGED_FEASIBLE,CONVERGED,PASSED,0.991822152390249,25,1.04984269266649,30,1.24344978758018e-14,1.64090963039598e-13,24,26,0.1311
ATT_T002_000292_1,CALL_T002_000292,1,EDGE_CANDIDATE_SCREEN,2010-07-02 17:30:00,E0010,CAL_000945,5.5,793.219363744134,3159.86439440135,FLAT_START,CONVERGED_FEASIBLE,CONVERGED,PASSED,0.991798242603621,25,1.04984319624228,30,1.31006316905768e-14,1.64757096854373e-13,24,26,0.1298
ATT_T002_000293_1,CALL_T002_000293,1,EDGE_CANDIDATE_SCREEN,2010-07-02 17:30:00,E0010,CAL_000946,5.5,781.119748478503,3165.31052063461,FLAT_START,CONVERGED_FEASIBLE,CONVERGED,PASSED,0.99177411794686,25,1.04984350672809,30,1.26565424807268e-14,1.65201186064223e-13,24,26,0.1303
ATT_T002_000294_1,CALL_T002_000294,1,EDGE_CANDIDATE_SCREEN,2010-07-02 17:30:00,E0010,CAL_000948,5.5,756.663155257071,3176.31861394958,FLAT_START,CONVERGED_FEASIBLE,CONVERGED,PASSED,0.991725197416462,25,1.04984353024322,30,1.31006316905768e-14,1.67421632113474e-13,24,26,0.1302
ATT_T002_000295_1,CALL_T002_000295,1,EDGE_CANDIDATE_SCREEN,2010-07-02 17:30:00,E0010,CAL_000949,5.5,744.300567110984,3181.8831062194,FLAT_START,CONVERGED_FEASIBLE,CONVERGED,PASSED,0.991700387758239,25,1.04984323359302,30,1.31006316905768e-14,1.67643676718399e-13,24,26,0.1303
ATT_T002_000296_1,CALL_T002_000296,1,EDGE_CANDIDATE_SCREEN,2010-07-02 17:30:00,E0010,CAL_000950,5.5,731.844596763855,3187.4896305079,FLAT_START,CONVERGED_FEASIBLE,CONVERGED,PASSED,0.991675335643823,25,1.0498427244726,30,1.33226762955019e-14,1.68531855138099e-13,24,26,0.1309
ATT_T002_000297_1,CALL_T002_000297,1,EDGE_CANDIDATE_SCREEN,2010-07-02 17:30:00,E0010,CAL_000951,5.5,719.292263115985,3193.13952863007,FLAT_START,CONVERGED_FEASIBLE,CONVERGED,PASSED,0.991650033660854,25,1.04984199740716,30,1.31006316905768e-14,1.69864122767649e-13,24,26,0.1639
ATT_T002_000298_1,CALL_T002_000298,1,EDGE_CANDIDATE_SCREEN,2010-07-02 17:30:00,E0010,CAL_000952,5.5,706.640509173874,3198.83417656128,FLAT_START,CONVERGED_FEASIBLE,CONVERGED,PASSED,0.991624474172272,25,1.04984104664653,30,1.35447209004269e-14,1.71196390397199e-13,24,26,0.1355
ATT_T002_000299_1,CALL_T002_000299,1,EDGE_CANDIDATE_SCREEN,2010-07-02 17:30:00,E0010,CAL_000953,5.5,693.886198792269,3204.57498590368,FLAT_START,CONVERGED_FEASIBLE,CONVERGED,PASSED,0.99159864930634,25,1.04983986615214,30,1.31006316905768e-14,1.71418435002124e-13,24,26,0.1305
ATT_T002_000300_1,CALL_T002_000300,1,EDGE_CANDIDATE_SCREEN,2010-07-02 17:30:00,E0010,CAL_000954,5.5,681.026113272481,3210.36340541733,FLAT_START,CONVERGED_FEASIBLE,CONVERGED,PASSED,0.991572550946162,25,1.04983844958324,30,1.33226762955019e-14,1.72528658026749e-13,24,26,0.1287
ATT_T002_000301_1,CALL_T002_000301,1,EDGE_CANDIDATE_SCREEN,2010-07-02 17:30:00,E0010,CAL_000955,5.5,668.056947808802,3216.2009226197,FLAT_START,CONVERGED_FEASIBLE,CONVERGED,PASSED,0.991546170718682,25,1.0498367902823,30,1.35447209004269e-14,1.73416836446449e-13,24,26,0.1303
ATT_T002_000302_1,CALL_T002_000302,1,EDGE_CANDIDATE_SCREEN,2010-07-02 17:30:00,E0010,CAL_000956,5.5,654.975307774375,3222.08906545742,FLAT_START,CONVERGED_FEASIBLE,CONVERGED,PASSED,0.99151949998311,25,1.04983488125938,30,1.37667655053519e-14,1.7430501486615e-13,24,26,0.13
ATT_T002_000303_1,CALL_T002_000303,1,LOCAL_REENTRY_STENCIL,2010-07-02 17:30:00,E0010,CAL_000947,5.75,768.832658002101,3170.56687342473,FLAT_START,CONVERGED_FEASIBLE,CONVERGED,PASSED,0.991748726204887,25,1.04983628399774,30,1.28785870856518e-14,1.66089364483923e-13,24,26,0.1525
ATT_T002_000304_1,CALL_T002_000304,1,LOCAL_REENTRY_STENCIL,2010-07-02 17:30:00,E0010,CAL_000947,5.25,769.037881057728,3171.02281585249,FLAT_START,CONVERGED_FEASIBLE,CONVERGED,PASSED,0.991750817406777,25,1.049850955151,30,1.28785870856518e-14,1.66533453693773e-13,24,26,0.1326
ATT_T002_000305_1,CALL_T002_000305,1,ANCHOR_SEARCH,2010-07-02 17:30:00,E0011,CAL_000961,0,589.931174776254,3257.90869632303,FLAT_START,CONVERGED_FEASIBLE,CONVERGED,PASSED,0.991406005932371,25,1.04999654435178,30,1.46549439250521e-14,1.81410442223751e-13,24,26,0.1337
ATT_T002_000306_1,CALL_T002_000306,1,ANCHOR_SEARCH,2010-07-02 17:30:00,E0011,CAL_000961,0.5,589.722387676857,3257.45437490913,FLAT_START,CONVERGED_FEASIBLE,CONVERGED,PASSED,0.99140389539909,25,1.04998185633424,30,1.46549439250521e-14,1.81854531433601e-13,24,26,0.1314
ATT_T002_000307_1,CALL_T002_000307,1,ANCHOR_SEARCH,2010-07-02 17:30:00,E0011,CAL_000961,1,589.513600577461,3257.00005349524,FLAT_START,CONVERGED_FEASIBLE,CONVERGED,PASSED,0.991401784785707,25,1.04996716782953,30,1.4210854715202e-14,1.81188397618826e-13,24,26,0.1294
ATT_T002_000308_1,CALL_T002_000308,1,ANCHOR_SEARCH,2010-07-02 17:30:00,E0011,CAL_000961,2,589.096026378668,3256.09141066744,FLAT_START,CONVERGED_FEASIBLE,CONVERGED,PASSED,0.991397563318612,25,1.04993778935846,30,1.3988810110277e-14,1.81410442223751e-13,24,26,0.1298
ATT_T002_000309_1,CALL_T002_000309,1,ANCHOR_SEARCH,2010-07-02 17:30:00,E0011,CAL_000961,4,588.260877981082,3254.27412501185,FLAT_START,CONVERGED_FEASIBLE,CONVERGED,PASSED,0.991389119422926,25,1.04987902656852,30,1.3988810110277e-14,1.81188397618826e-13,24,26,0.1292
ATT_T002_000310_1,CALL_T002_000310,1,ANCHOR_SEARCH,2010-07-02 17:30:00,E0011,CAL_000961,8,586.59058118591,3250.63955370067,FLAT_START,CONVERGED_FEASIBLE,CONVERGED,PASSED,0.991372227784161,25,1.04976147758809,30,1.4432899320127e-14,1.7963408538435e-13,24,26,0.159
ATT_T002_000311_1,CALL_T002_000311,1,ANCHOR_SEARCH,2010-07-02 17:30:00,E0011,CAL_000961,6,587.425729583496,3252.45683935626,FLAT_START,CONVERGED_FEASIBLE,CONVERGED,PASSED,0.991380674244911,25,1.04982025597929,30,1.3988810110277e-14,1.79856129989275e-13,24,26,0.1334
ATT_T002_000312_1,CALL_T002_000312,1,ANCHOR_SEARCH,2010-07-02 17:30:00,E0011,CAL_000961,5,587.843303782289,3253.36548218406,FLAT_START,CONVERGED_FEASIBLE,CONVERGED,PASSED,0.991384896994235,25,1.04984964224898,30,1.4432899320127e-14,1.80300219199125e-13,24,26,0.1293
ATT_T002_000313_1,CALL_T002_000313,1,ANCHOR_SEARCH,2010-07-02 17:30:00,E0011,CAL_000961,4.5,588.052090881685,3253.81980359795,FLAT_START,CONVERGED_FEASIBLE,CONVERGED,PASSED,0.991387008248656,25,1.0498643346525,30,1.4432899320127e-14,1.80966353013901e-13,24,26,0.1301
ATT_T002_000314_1,CALL_T002_000314,1,ANCHOR_SEARCH,2010-07-02 17:30:00,E0011,CAL_000961,4.75,587.947697331987,3253.59264289101,FLAT_START,CONVERGED_FEASIBLE,CONVERGED,PASSED,0.991385952631465,25,1.04985698851168,30,1.3988810110277e-14,1.80744308408975e-13,24,26,0.129
ATT_T002_000315_1,CALL_T002_000315,1,EDGE_CANDIDATE_SCREEN,2010-07-02 17:30:00,E0011,CAL_000958,5,628.612957175043,3234.62945650951,FLAT_START,CONVERGED_FEASIBLE,CONVERGED,PASSED,0.991467630471844,25,1.04984833289639,30,1.35447209004269e-14,1.7696955012525e-13,24,26,0.1307
ATT_T002_000316_1,CALL_T002_000316,1,EDGE_CANDIDATE_SCREEN,2010-07-02 17:30:00,E0011,CAL_000959,5,615.153435941793,3240.81488891836,FLAT_START,CONVERGED_FEASIBLE,CONVERGED,PASSED,0.991440384656245,25,1.04984902302125,30,1.3988810110277e-14,1.7785772854495e-13,24,26,0.1344
ATT_T002_000317_1,CALL_T002_000317,1,EDGE_CANDIDATE_SCREEN,2010-07-02 17:30:00,E0011,CAL_000960,5,601.564873019642,3247.05962348446,FLAT_START,CONVERGED_FEASIBLE,CONVERGED,PASSED,0.991412810235497,25,1.04984946216833,30,1.4432899320127e-14,1.79412040779425e-13,24,26,0.1634
ATT_T002_000318_1,CALL_T002_000318,1,EDGE_CANDIDATE_SCREEN,2010-07-02 17:30:00,E0011,CAL_000962,5,573.984644683556,3259.73434164399,FLAT_START,CONVERGED_FEASIBLE,CONVERGED,PASSED,0.991356634361367,25,1.04984955474612,30,1.46549439250521e-14,1.82076576038526e-13,24,26,0.1315
ATT_T002_000319_1,CALL_T002_000319,1,EDGE_CANDIDATE_SCREEN,2010-07-02 17:30:00,E0011,CAL_000963,5,559.98468798062,3266.16813556669,FLAT_START,CONVERGED_FEASIBLE,CONVERGED,PASSED,0.991328011393132,25,1.04984919069096,30,1.4432899320127e-14,1.83408843668076e-13,24,26,0.1309
ATT_T002_000320_1,CALL_T002_000320,1,EDGE_CANDIDATE_SCREEN,2010-07-02 17:30:00,E0011,CAL_000964,5,545.83909619495,3272.66885727567,FLAT_START,CONVERGED_FEASIBLE,CONVERGED,PASSED,0.991299016755212,25,1.04984854063822,30,1.4432899320127e-14,1.84074977482851e-13,24,26,0.1325
ATT_T002_000321_1,CALL_T002_000321,1,EDGE_CANDIDATE_SCREEN,2010-07-02 17:30:00,E0011,CAL_000965,5,531.543396295025,3279.23856238894,FLAT_START,CONVERGED_FEASIBLE,CONVERGED,PASSED,0.991269638703836,25,1.04984759463963,30,1.46549439250521e-14,1.86073378927176e-13,24,26,0.1322
ATT_T002_000322_1,CALL_T002_000322,1,EDGE_CANDIDATE_SCREEN,2010-07-02 17:30:00,E0011,CAL_000966,5,517.092973583817,3285.87937162803,FLAT_START,CONVERGED_FEASIBLE,CONVERGED,PASSED,0.991239865065803,25,1.04984634221576,30,1.46549439250521e-14,1.87405646556726e-13,24,26,0.1307
ATT_T002_000323_1,CALL_T002_000323,1,LOCAL_REENTRY_STENCIL,2010-07-02 17:30:00,E0011,CAL_000961,5.25,587.73891023259,3253.13832147711,FLAT_START,CONVERGED_FEASIBLE,CONVERGED,PASSED,0.991383841336965,25,1.0498422958644,30,1.3988810110277e-14,1.80300219199125e-13,24,26,0.132
ATT_T002_000324_1,CALL_T002_000324,1,LOCAL_REENTRY_STENCIL,2010-07-02 17:30:00,E0011,CAL_000961,4.75,587.947697331987,3253.59264289101,FLAT_START,CONVERGED_FEASIBLE,CONVERGED,PASSED,0.991385952631465,25,1.04985698851168,30,1.3988810110277e-14,1.80744308408975e-13,24,26,0.1345
ATT_T002_000325_1,CALL_T002_000325,1,ANCHOR_SEARCH,2010-07-02 17:30:00,E0012,CAL_000972,0,428.790219944014,3332.62497979186,FLAT_START,CONVERGED_FEASIBLE,CONVERGED,PASSED,0.991075097015828,25,1.04999647142861,30,1.57651669496772e-14,1.98951966012828e-13,24,26,0.1332
ATT_T002_000326_1,CALL_T002_000326,1,ANCHOR_SEARCH,2010-07-02 17:30:00,E0012,CAL_000972,0.5,428.578169183048,3332.17217246553,FLAT_START,CONVERGED_FEASIBLE,CONVERGED,PASSED,0.991072967556228,25,1.04998176175803,30,1.59872115546023e-14,1.98729921407903e-13,24,26,0.1322
ATT_T002_000327_1,CALL_T002_000327,1,ANCHOR_SEARCH,2010-07-02 17:30:00,E0012,CAL_000972,1,428.366118422081,3331.71936513921,FLAT_START,CONVERGED_FEASIBLE,CONVERGED,PASSED,0.991070838014986,25,1.04996705159661,30,1.57651669496772e-14,1.98951966012828e-13,24,26,0.1322
ATT_T002_000328_1,CALL_T002_000328,1,ANCHOR_SEARCH,2010-07-02 17:30:00,E0012,CAL_000972,2,427.942016900148,3330.81375048656,FLAT_START,CONVERGED_FEASIBLE,CONVERGED,PASSED,0.991066578687555,25,1.04993762980111,30,1.55431223447522e-14,1.98285832198053e-13,24,26,0.1295
ATT_T002_000329_1,CALL_T002_000329,1,ANCHOR_SEARCH,2010-07-02 17:30:00,E0012,CAL_000972,4,427.093813856283,3329.00252118126,FLAT_START,CONVERGED_FEASIBLE,CONVERGED,PASSED,0.991058059052716,25,1.04987878031828,30,1.57651669496772e-14,1.97397653778353e-13,24,26,0.129
ATT_T002_000330_1,CALL_T002_000330,1,ANCHOR_SEARCH,2010-07-02 17:30:00,E0012,CAL_000972,8,425.397407768552,3325.38006257066,FLAT_START,CONVERGED_FEASIBLE,CONVERGED,PASSED,0.991041015861667,25,1.04976105777574,30,1.55431223447522e-14,1.96509475358653e-13,24,26,0.1658
ATT_T002_000331_1,CALL_T002_000331,1,ANCHOR_SEARCH,2010-07-02 17:30:00,E0012,CAL_000972,6,426.245610812417,3327.19129187596,FLAT_START,CONVERGED_FEASIBLE,CONVERGED,PASSED,0.991049538110892,25,1.0498199229774,30,1.59872115546023e-14,1.96731519963578e-13,24,26,0.1328
ATT_T002_000332_1,CALL_T002_000332,1,ANCHOR_SEARCH,2010-07-02 17:30:00,E0012,CAL_000972,5,426.66971233435,3328.09690652861,FLAT_START,CONVERGED_FEASIBLE,CONVERGED,PASSED,0.991053798745203,25,1.04984935263027,30,1.55431223447522e-14,1.97619698383278e-13,24,26,0.1305
ATT_T002_000333_1,CALL_T002_000333,1,ANCHOR_SEARCH,2010-07-02 17:30:00,E0012,CAL_000972,4.5,426.881763095317,3328.54971385493,FLAT_START,CONVERGED_FEASIBLE,CONVERGED,PASSED,0.991055928939806,25,1.04986406671986,30,1.59872115546023e-14,1.97175609173428e-13,24,26,0.1298
ATT_T002_000334_1,CALL_T002_000334,1,ANCHOR_SEARCH,2010-07-02 17:30:00,E0012,CAL_000972,4.75,426.775737714833,3328.32331019177,FLAT_START,CONVERGED_FEASIBLE,CONVERGED,PASSED,0.991054863852717,25,1.04985670973646,30,1.59872115546023e-14,1.97397653778353e-13,24,26,0.1599
ATT_T002_000335_1,CALL_T002_000335,1,EDGE_CANDIDATE_SCREEN,2010-07-02 17:30:00,E0012,CAL_000968,5,487.648834062033,3299.54023702778,FLAT_START,CONVERGED_FEASIBLE,CONVERGED,PASSED,0.991179352716826,25,1.04984632092163,30,1.46549439250521e-14,1.90292226420752e-13,24,26,0.132
ATT_T002_000336_1,CALL_T002_000336,1,EDGE_CANDIDATE_SCREEN,2010-07-02 17:30:00,E0012,CAL_000969,5,472.675388104669,3306.55233781537,FLAT_START,CONVERGED_FEASIBLE,CONVERGED,PASSED,0.991148653736524,25,1.04984756553844,30,1.50990331349021e-14,1.92512672470002e-13,24,26,0.1298
ATT_T002_000337_1,CALL_T002_000337,1,EDGE_CANDIDATE_SCREEN,2010-07-02 17:30:00,E0012,CAL_000970,5,457.524759445675,3313.64741368866,FLAT_START,CONVERGED_FEASIBLE,CONVERGED,PASSED,0.991117505009697,25,1.04984849421107,30,1.55431223447522e-14,1.93622895494627e-13,24,26,0.139
ATT_T002_000338_1,CALL_T002_000338,1,EDGE_CANDIDATE_SCREEN,2010-07-02 17:30:00,E0012,CAL_000971,5,442.191435189738,3320.82804634981,FLAT_START,CONVERGED_FEASIBLE,CONVERGED,PASSED,0.991085891789624,25,1.04984909434594,30,1.57651669496772e-14,1.95399252334028e-13,24,26,0.1343
ATT_T002_000339_1,CALL_T002_000339,1,EDGE_CANDIDATE_SCREEN,2010-07-02 17:30:00,E0012,CAL_000973,5,410.953688749292,3335.45675820686,FLAT_START,CONVERGED_FEASIBLE,CONVERGED,PASSED,0.991021209930434,25,1.04984925498772,30,1.59872115546023e-14,1.99618099827603e-13,24,26,0.1305
ATT_T002_000340_1,CALL_T002_000340,1,EDGE_CANDIDATE_SCREEN,2010-07-02 17:30:00,E0012,CAL_000974,5,395.037253655981,3342.91046307688,FLAT_START,CONVERGED_FEASIBLE,CONVERGED,PASSED,0.990988108751988,25,1.04984878653068,30,1.62092561595273e-14,2.00950367457153e-13,24,26,0.1301
ATT_T002_000341_1,CALL_T002_000341,1,EDGE_CANDIDATE_SCREEN,2010-07-02 17:30:00,E0012,CAL_000975,5,378.914077573517,3350.46098524981,FLAT_START,CONVERGED_FEASIBLE,CONVERGED,PASSED,0.990954477934741,25,1.04984793150904,30,1.59872115546023e-14,2.03170813506404e-13,24,26,0.1521
ATT_T002_000342_1,CALL_T002_000342,1,EDGE_CANDIDATE_SCREEN,2010-07-02 17:30:00,E0012,CAL_000976,5,362.577601695739,3358.11139623036,FLAT_START,CONVERGED_FEASIBLE,CONVERGED,PASSED,0.990920299485098,25,1.04984667325521,30,1.62092561595273e-14,2.05835348765504e-13,24,26,0.1292
ATT_T002_000343_1,CALL_T002_000343,1,LOCAL_REENTRY_STENCIL,2010-07-02 17:30:00,E0012,CAL_000972,5.25,426.563686953867,3327.87050286545,FLAT_START,CONVERGED_FEASIBLE,CONVERGED,PASSED,0.991052733617265,25,1.04984199540127,30,1.59872115546023e-14,1.96953564568503e-13,24,26,0.1325
ATT_T002_000344_1,CALL_T002_000344,1,LOCAL_REENTRY_STENCIL,2010-07-02 17:30:00,E0012,CAL_000972,4.75,426.775737714833,3328.32331019177,FLAT_START,CONVERGED_FEASIBLE,CONVERGED,PASSED,0.991054863852717,25,1.04985670973646,30,1.59872115546023e-14,1.97397653778353e-13,24,26,0.1319
ATT_T002_000345_1,CALL_T002_000345,1,ANCHOR_SEARCH,2010-07-02 17:30:00,E0013,CAL_000982,0,261.531865285711,3411.76345116441,FLAT_START,CONVERGED_FEASIBLE,CONVERGED,PASSED,0.990725960935711,25,1.04999846447443,30,1.79856129989275e-14,2.21822560320106e-13,24,26,0.1357
ATT_T002_000346_1,CALL_T002_000346,1,ANCHOR_SEARCH,2010-07-02 17:30:00,E0013,CAL_000982,0.5,261.316355973879,3411.31227964878,FLAT_START,CONVERGED_FEASIBLE,CONVERGED,PASSED,0.990723810778711,25,1.04998372979998,30,1.77635683940025e-14,2.21378471110256e-13,24,26,0.1321
ATT_T002_000347_1,CALL_T002_000347,1,ANCHOR_SEARCH,2010-07-02 17:30:00,E0013,CAL_000982,1,261.100846662047,3410.86110813316,FLAT_START,CONVERGED_FEASIBLE,CONVERGED,PASSED,0.990721660538309,25,1.04996899463034,30,1.82076576038526e-14,2.20934381900406e-13,24,26,0.1512
ATT_T002_000348_1,CALL_T002_000348,1,ANCHOR_SEARCH,2010-07-02 17:30:00,E0013,CAL_000982,2,260.669828038383,3409.9587651019,FLAT_START,CONVERGED_FEASIBLE,CONVERGED,PASSED,0.990717359807272,25,1.04993952280525,30,1.75415237890775e-14,2.20934381900406e-13,24,26,0.1314
ATT_T002_000349_1,CALL_T002_000349,1,ANCHOR_SEARCH,2010-07-02 17:30:00,E0013,CAL_000982,4,259.807790791055,3408.15407903939,FLAT_START,CONVERGED_FEASIBLE,CONVERGED,PASSED,0.990708757344073,25,1.04988057321073,30,1.77635683940025e-14,2.20268248085631e-13,24,26,0.1315
ATT_T002_000350_1,CALL_T002_000350,1,ANCHOR_SEARCH,2010-07-02 17:30:00,E0013,CAL_000982,8,258.083716296398,3404.54470691437,FLAT_START,CONVERGED_FEASIBLE,CONVERGED,PASSED,0.990691548411659,25,1.04976265023457,30,1.77635683940025e-14,2.18269846641306e-13,24,26,0.1288
ATT_T002_000351_1,CALL_T002_000351,1,ANCHOR_SEARCH,2010-07-02 17:30:00,E0013,CAL_000982,6,258.945753543726,3406.34939297688,FLAT_START,CONVERGED_FEASIBLE,CONVERGED,PASSED,0.990700153545681,25,1.0498216156881,30,1.77635683940025e-14,2.19824158875781e-13,24,26,0.1284
ATT_T002_000352_1,CALL_T002_000352,1,ANCHOR_SEARCH,2010-07-02 17:30:00,E0013,CAL_000982,5,259.37677216739,3407.25173600813,FLAT_START,CONVERGED_FEASIBLE,CONVERGED,PASSED,0.990704455611804,25,1.0498510954406,30,1.75415237890775e-14,2.19602114270856e-13,24,26,0.1291
ATT_T002_000353_1,CALL_T002_000353,1,ANCHOR_SEARCH,2010-07-02 17:30:00,E0013,CAL_000982,5.5,259.161262855558,3406.80056449251,FLAT_START,CONVERGED_FEASIBLE,CONVERGED,PASSED,0.990702304620477,25,1.04983635581217,30,1.77635683940025e-14,2.19158025061006e-13,24,26,0.131
ATT_T002_000354_1,CALL_T002_000354,1,ANCHOR_SEARCH,2010-07-02 17:30:00,E0013,CAL_000982,5.25,259.269017511474,3407.02615025032,FLAT_START,CONVERGED_FEASIBLE,CONVERGED,PASSED,0.990703380126574,25,1.04984372568834,30,1.77635683940025e-14,2.19824158875781e-13,24,26,0.1492
ATT_T002_000355_1,CALL_T002_000355,1,EDGE_CANDIDATE_SCREEN,2010-07-02 17:30:00,E0013,CAL_000978,5.25,329.048491541981,3373.69486512387,FLAT_START,CONVERGED_FEASIBLE,CONVERGED,PASSED,0.990849463511541,25,1.04983969977271,30,1.70974345792274e-14,2.0961010704923e-13,24,26,0.1329
ATT_T002_000356_1,CALL_T002_000356,1,EDGE_CANDIDATE_SCREEN,2010-07-02 17:30:00,E0013,CAL_000979,5.25,311.980318135017,3381.84775194796,FLAT_START,CONVERGED_FEASIBLE,CONVERGED,PASSED,0.990813908909484,25,1.04984136349218,30,1.68753899743024e-14,2.1227464230833e-13,24,26,0.1303
ATT_T002_000357_1,CALL_T002_000357,1,EDGE_CANDIDATE_SCREEN,2010-07-02 17:30:00,E0013,CAL_000980,5.25,294.666427057508,3390.11800975902,FLAT_START,CONVERGED_FEASIBLE,CONVERGED,PASSED,0.990777725255875,25,1.04984260306521,30,1.70974345792274e-14,2.14717132962505e-13,24,26,0.1378
ATT_T002_000358_1,CALL_T002_000358,1,EDGE_CANDIDATE_SCREEN,2010-07-02 17:30:00,E0013,CAL_000981,5.25,277.098778682207,3398.50947881399,FLAT_START,CONVERGED_FEASIBLE,CONVERGED,PASSED,0.990740890136919,25,1.04984339779735,30,1.73194791841524e-14,2.17159623616681e-13,24,26,0.1324
ATT_T002_000359_1,CALL_T002_000359,1,EDGE_CANDIDATE_SCREEN,2010-07-02 17:30:00,E0013,CAL_000983,5.25,241.168455768122,3415.67217392417,FLAT_START,CONVERGED_FEASIBLE,CONVERGED,PASSED,0.990665170727456,25,1.04984356334025,30,1.82076576038526e-14,2.22710738739806e-13,24,26,0.1313
ATT_T002_000360_1,CALL_T002_000360,1,EDGE_CANDIDATE_SCREEN,2010-07-02 17:30:00,E0013,CAL_000984,5.25,222.788055969189,3424.45186673425,FLAT_START,CONVERGED_FEASIBLE,CONVERGED,PASSED,0.990626236307591,25,1.04984288585809,30,1.82076576038526e-14,2.25375273998907e-13,24,26,0.1307
ATT_T002_000361_1,CALL_T002_000361,1,EDGE_CANDIDATE_SCREEN,2010-07-02 17:30:00,E0013,CAL_000985,5.25,204.118412407856,3433.36972146729,FLAT_START,CONVERGED_FEASIBLE,CONVERGED,PASSED,0.990586550032653,25,1.04984166674208,30,1.86517468137026e-14,2.28483898467857e-13,24,26,0.1505
ATT_T002_000362_1,CALL_T002_000362,1,EDGE_CANDIDATE_SCREEN,2010-07-02 17:30:00,E0013,CAL_000986,5.25,185.14973146243,3442.4304162038,FLAT_START,CONVERGED_FEASIBLE,CONVERGED,PASSED,0.990546083793303,25,1.04983987777102,30,1.86517468137026e-14,2.31370478331883e-13,24,26,0.1359
ATT_T002_000363_1,CALL_T002_000363,1,LOCAL_REENTRY_STENCIL,2010-07-02 17:30:00,E0013,CAL_000982,5.5,259.161262855558,3406.80056449251,FLAT_START,CONVERGED_FEASIBLE,CONVERGED,PASSED,0.990702304620477,25,1.04983635581217,30,1.77635683940025e-14,2.19158025061006e-13,24,26,0.1321
ATT_T002_000364_1,CALL_T002_000364,1,LOCAL_REENTRY_STENCIL,2010-07-02 17:30:00,E0013,CAL_000982,5,259.37677216739,3407.25173600813,FLAT_START,CONVERGED_FEASIBLE,CONVERGED,PASSED,0.990704455611804,25,1.0498510954406,30,1.75415237890775e-14,2.19602114270856e-13,24,26,0.1293
ATT_T002_000365_1,CALL_T002_000365,1,ANCHOR_SEARCH,2010-07-02 17:30:00,E0014,CAL_000991,0,87.3539967650357,3495.80269089684,FLAT_START,CONVERGED_FEASIBLE,CONVERGED,PASSED,0.987516633216515,18,1.04999851743552,30,2.02060590481778e-14,2.51354492775135e-13,24,26,0.133
ATT_T002_000366_1,CALL_T002_000366,1,ANCHOR_SEARCH,2010-07-02 17:30:00,E0014,CAL_000991,0.5,87.1346889563708,3495.3533535124,FLAT_START,CONVERGED_FEASIBLE,CONVERGED,PASSED,0.987501447433407,18,1.04998375358086,30,2.04281036531029e-14,2.5113244817021e-13,24,26,0.1443
ATT_T002_000367_1,CALL_T002_000367,1,ANCHOR_SEARCH,2010-07-02 17:30:00,E0014,CAL_000991,1,86.9153811477058,3494.90401612795,FLAT_START,CONVERGED_FEASIBLE,CONVERGED,PASSED,0.987486261086712,18,1.0499689892257,30,2.02060590481778e-14,2.51354492775135e-13,24,26,0.132
ATT_T002_000368_1,CALL_T002_000368,1,ANCHOR_SEARCH,2010-07-02 17:30:00,E0014,CAL_000991,2,86.4767655303759,3494.00534135907,FLAT_START,CONVERGED_FEASIBLE,CONVERGED,PASSED,0.987455886702339,18,1.04993945901369,30,2.02060590481778e-14,2.50466314355435e-13,24,26,0.1529
ATT_T002_000369_1,CALL_T002_000369,1,ANCHOR_SEARCH,2010-07-02 17:30:00,E0014,CAL_000991,4,85.5995342957161,3492.20799182129,FLAT_START,CONVERGED_FEASIBLE,CONVERGED,PASSED,0.987395131168166,18,1.04988039258167,30,2.04281036531029e-14,2.4935609133081e-13,24,26,0.1293
ATT_T002_000370_1,CALL_T002_000370,1,ANCHOR_SEARCH,2010-07-02 17:30:00,E0014,CAL_000991,8,83.8450718263965,3488.61329274574,FLAT_START,CONVERGED_FEASIBLE,CONVERGED,PASSED,0.987273593026031,18,1.04976223567571,30,2.02060590481778e-14,2.4891200212096e-13,24,26,0.1299
ATT_T002_000371_1,CALL_T002_000371,1,ANCHOR_SEARCH,2010-07-02 17:30:00,E0014,CAL_000991,6,84.7223030610563,3490.41064228352,FLAT_START,CONVERGED_FEASIBLE,CONVERGED,PASSED,0.987334366610547,18,1.04982131813662,30,2.04281036531029e-14,2.4935609133081e-13,24,26,0.1285
ATT_T002_000372_1,CALL_T002_000372,1,ANCHOR_SEARCH,2010-07-02 17:30:00,E0014,CAL_000991,5,85.1609186783862,3491.3093170524,FLAT_START,CONVERGED_FEASIBLE,CONVERGED,PASSED,0.987364750017503,18,1.04985085636095,30,1.99840144432528e-14,2.4980018054066e-13,24,26,0.1283
ATT_T002_000373_1,CALL_T002_000373,1,ANCHOR_SEARCH,2010-07-02 17:30:00,E0014,CAL_000991,5.5,84.9416108697212,3490.85997966796,FLAT_START,CONVERGED_FEASIBLE,CONVERGED,PASSED,0.987349558596089,18,1.04983608749926,30,1.99840144432528e-14,2.4935609133081e-13,24,26,0.1404
ATT_T002_000374_1,CALL_T002_000374,1,ANCHOR_SEARCH,2010-07-02 17:30:00,E0014,CAL_000991,5.25,85.0512647740537,3491.08464836018,FLAT_START,CONVERGED_FEASIBLE,CONVERGED,PASSED,0.987357154377309,18,1.04984347199272,30,1.99840144432528e-14,2.49578135935735e-13,24,26,0.1354
ATT_T002_000375_1,CALL_T002_000375,1,EDGE_CANDIDATE_SCREEN,2010-07-02 17:30:00,E0014,CAL_000988,5.25,146.153780240404,3461.262382876,FLAT_START,CONVERGED_FEASIBLE,CONVERGED,PASSED,0.989811285137311,18,1.04983989206697,30,1.95399252334028e-14,2.38697950294409e-13,24,26,0.1344
ATT_T002_000376_1,CALL_T002_000376,1,EDGE_CANDIDATE_SCREEN,2010-07-02 17:30:00,E0014,CAL_000989,5.25,126.138938037032,3471.03101405685,FLAT_START,CONVERGED_FEASIBLE,CONVERGED,PASSED,0.989009380021384,18,1.04984171347308,30,1.93178806284777e-14,2.41806574763359e-13,24,26,0.1299
ATT_T002_000377_1,CALL_T002_000377,1,EDGE_CANDIDATE_SCREEN,2010-07-02 17:30:00,E0014,CAL_000990,5.25,105.775555669528,3480.96975701178,FLAT_START,CONVERGED_FEASIBLE,CONVERGED,PASSED,0.988191540551443,18,1.0498429189525,30,2.02060590481778e-14,2.45581333047085e-13,24,26,0.1304
ATT_T002_000378_1,CALL_T002_000378,1,EDGE_CANDIDATE_SCREEN,2010-07-02 17:30:00,E0014,CAL_000992,5.25,63.9531426941932,3501.38199525467,FLAT_START,CONVERGED_FEASIBLE,CONVERGED,PASSED,0.986505578599937,18,1.04984333347914,30,2.04281036531029e-14,2.54463117244086e-13,24,26,0.1501
ATT_T002_000379_1,CALL_T002_000379,1,EDGE_CANDIDATE_SCREEN,2010-07-02 17:30:00,E0014,CAL_000993,5.25,42.4676803250427,3511.86839107541,FLAT_START,CONVERGED_FEASIBLE,CONVERGED,PASSED,0.985636137803692,18,1.04984246148486,30,2.08721928629529e-14,2.58015830922886e-13,24,26,0.1381
ATT_T002_000380_1,CALL_T002_000380,1,EDGE_CANDIDATE_SCREEN,2010-07-02 17:30:00,E0014,CAL_000994,5.25,20.5807477079754,3522.55073222223,FLAT_START,CONVERGED_FEASIBLE,CONVERGED,PASSED,0.984748121934237,18,1.04984081104077,30,2.1094237467878e-14,2.63122856836162e-13,24,26,0.133
ATT_T002_000381_1,CALL_T002_000381,1,EDGE_CANDIDATE_SCREEN,2010-07-02 17:30:00,E0014,CAL_000995,5.25,-1.722442810074,3533.43623609547,FLAT_START,CONVERGED_FEASIBLE,CONVERGED,PASSED,0.983840784007631,18,1.04983833388376,30,2.1538326677728e-14,2.67563748934663e-13,24,26,0.1596
ATT_T002_000382_1,CALL_T002_000382,1,LOCAL_REENTRY_STENCIL,2010-07-02 17:30:00,E0014,CAL_000991,5.5,84.9416108697212,3490.85997966796,FLAT_START,CONVERGED_FEASIBLE,CONVERGED,PASSED,0.987349558596089,18,1.04983608749926,30,1.99840144432528e-14,2.4935609133081e-13,24,26,0.1431
ATT_T002_000383_1,CALL_T002_000383,1,LOCAL_REENTRY_STENCIL,2010-07-02 17:30:00,E0014,CAL_000991,5,85.1609186783862,3491.3093170524,FLAT_START,CONVERGED_FEASIBLE,CONVERGED,PASSED,0.987364750017503,18,1.04985085636095,30,1.99840144432528e-14,2.4980018054066e-13,24,26,0.1295
ATT_T002_000384_1,CALL_T002_000384,1,ANCHOR_SEARCH,2010-07-02 17:30:00,E0015,CAL_000997,0,-11.129992608847,3543.97834291855,FLAT_START,CONVERGED_FEASIBLE,CONVERGED,PASSED,0.983525435244937,18,1.04999482565899,30,2.17603712826531e-14,2.72004641033163e-13,24,26,0.1456
ATT_T002_000385_1,CALL_T002_000385,1,ANCHOR_SEARCH,2010-07-02 17:30:00,E0015,CAL_000997,0.5,-11.3528219910148,3543.53074145917,FLAT_START,CONVERGED_FEASIBLE,CONVERGED,PASSED,0.983509980879032,18,1.04998004376349,30,2.22044604925031e-14,2.72004641033163e-13,24,26,0.1303
ATT_T002_000386_1,CALL_T002_000386,1,ANCHOR_SEARCH,2010-07-02 17:30:00,E0015,CAL_000997,1,-11.5756513731825,3543.08313999978,FLAT_START,CONVERGED_FEASIBLE,CONVERGED,PASSED,0.98349452592866,18,1.04996526136362,30,2.22044604925031e-14,2.72226685638088e-13,24,26,0.1301
ATT_T002_000387_1,CALL_T002_000387,1,ANCHOR_SEARCH,2010-07-02 17:30:00,E0015,CAL_000997,2,-12.0213101375181,3542.18793708101,FLAT_START,CONVERGED_FEASIBLE,CONVERGED,PASSED,0.983463614274284,18,1.04993569505059,30,2.24265050974282e-14,2.71338507218388e-13,24,26,0.1281
ATT_T002_000388_1,CALL_T002_000388,1,ANCHOR_SEARCH,2010-07-02 17:30:00,E0015,CAL_000997,4,-12.9126276661892,3540.39753124348,FLAT_START,CONVERGED_FEASIBLE,CONVERGED,PASSED,0.983401783949413,18,1.04987655637012,30,2.22044604925031e-14,2.70450328798688e-13,24,26,0.1688
ATT_T002_000389_1,CALL_T002_000389,1,ANCHOR_SEARCH,2010-07-02 17:30:00,E0015,CAL_000997,8,-14.6952627235314,3536.81671956841,FLAT_START,CONVERGED_FEASIBLE,CONVERGED,PASSED,0.983278095222403,18,1.04975825478141,30,2.22044604925031e-14,2.69562150378988e-13,24,26,0.1285
ATT_T002_000390_1,CALL_T002_000390,1,ANCHOR_SEARCH,2010-07-02 17:30:00,E0015,CAL_000997,6,-13.8039451948603,3538.60712540594,FLAT_START,CONVERGED_FEASIBLE,CONVERGED,PASSED,0.983339944266671,18,1.04981740961469,30,2.22044604925031e-14,2.69784194983913e-13,24,26,0.1271
ATT_T002_000391_1,CALL_T002_000391,1,ANCHOR_SEARCH,2010-07-02 17:30:00,E0015,CAL_000997,5,-13.3582864305247,3539.50232832471,FLAT_START,CONVERGED_FEASIBLE,CONVERGED,PASSED,0.983370865278004,18,1.04984698400196,30,2.22044604925031e-14,2.70450328798688e-13,24,26,0.1275
ATT_T002_000392_1,CALL_T002_000392,1,ANCHOR_SEARCH,2010-07-02 17:30:00,E0015,CAL_000997,4.5,-13.135457048357,3539.94992978409,FLAT_START,CONVERGED_FEASIBLE,CONVERGED,PASSED,0.98338632490617,18,1.0498617704384,30,2.17603712826531e-14,2.70228284193763e-13,24,26,0.1302
ATT_T002_000393_1,CALL_T002_000393,1,ANCHOR_SEARCH,2010-07-02 17:30:00,E0015,CAL_000997,4.75,-13.2468717394409,3539.7261290544,FLAT_START,CONVERGED_FEASIBLE,CONVERGED,PASSED,0.983378595165207,18,1.04985437728327,30,2.22044604925031e-14,2.70006239588838e-13,24,26,0.1275
ATT_T002_000394_1,CALL_T002_000394,1,EDGE_CANDIDATE_SCREEN,2010-07-02 17:30:00,E0015,CAL_000998,5,-24.4882790393716,3545.04317124326,FLAT_START,CONVERGED_FEASIBLE,CONVERGED,PASSED,0.982917751570326,18,1.04984811474076,30,2.24265050974282e-14,2.73114864057789e-13,24,26,0.1302
ATT_T002_000395_1,CALL_T002_000395,1,EDGE_CANDIDATE_SCREEN,2010-07-02 17:30:00,E0015,CAL_000999,5,-30.3129388018481,3547.94286093149,FLAT_START,CONVERGED_FEASIBLE,CONVERGED,PASSED,0.982680377017252,18,1.04984862569657,30,2.22044604925031e-14,2.74225087082414e-13,24,26,0.1289
ATT_T002_000396_1,CALL_T002_000396,1,EDGE_CANDIDATE_SCREEN,2010-07-02 17:30:00,E0015,CAL_001000,5,-36.1375985643247,3550.84255061971,FLAT_START,CONVERGED_FEASIBLE,CONVERGED,PASSED,0.982442832705586,18,1.04984908104154,30,2.19824158875781e-14,2.75779399316889e-13,24,26,0.1295
ATT_T002_000397_1,CALL_T002_000397,1,EDGE_CANDIDATE_SCREEN,2010-07-02 17:30:00,E0015,CAL_001001,5,-41.9622583268012,3553.74224030794,FLAT_START,CONVERGED_FEASIBLE,CONVERGED,PASSED,0.98220511834791,18,1.04984948069984,30,2.24265050974282e-14,2.76667577736589e-13,24,26,0.1296
ATT_T002_000398_1,CALL_T002_000398,1,LOCAL_REENTRY_STENCIL,2010-07-02 17:30:00,E0015,CAL_000997,5.25,-13.4697011216086,3539.27852759502,FLAT_START,CONVERGED_FEASIBLE,CONVERGED,PASSED,0.983363135244556,18,1.04983959059444,30,2.17603712826531e-14,2.70228284193763e-13,24,26,0.13
ATT_T002_000399_1,CALL_T002_000399,1,LOCAL_REENTRY_STENCIL,2010-07-02 17:30:00,E0015,CAL_000997,4.75,-13.2468717394409,3539.7261290544,FLAT_START,CONVERGED_FEASIBLE,CONVERGED,PASSED,0.983378595165207,18,1.04985437728327,30,2.22044604925031e-14,2.70006239588838e-13,24,26,0.1296
ATT_T002_000400_1,CALL_T002_000400,1,ANCHOR_SEARCH,2010-07-02 17:30:00,E0016,CAL_001007,0,-169.954404126131,3623.79891031535,FLAT_START,CONVERGED_INFEASIBLE,CONVERGED,PASSED,0.977010937785921,18,1.05001179566899,30,9.36328337276394e-15,3.43947093028873e-13,24,27,0.1339
ATT_T002_000401_1,CALL_T002_000401,1,ANCHOR_SEARCH,2010-07-02 17:30:00,E0016,CAL_001007,0.5,-170.179397046102,3623.35239247028,FLAT_START,CONVERGED_FEASIBLE,CONVERGED,PASSED,0.976995181585156,18,1.04999698267828,30,9.54791801177635e-15,3.43947093028873e-13,24,27,0.1613
ATT_T002_000402_1,CALL_T002_000402,1,ANCHOR_SEARCH,2010-07-02 17:30:00,E0016,CAL_001007,1,-170.404389966072,3622.90587462522,FLAT_START,CONVERGED_FEASIBLE,CONVERGED,PASSED,0.976979424773363,18,1.04998216917777,30,9.32587340685131e-15,3.44391182238724e-13,24,27,0.1344
ATT_T002_000403_1,CALL_T002_000403,1,ANCHOR_SEARCH,2010-07-02 17:30:00,E0016,CAL_001007,2,-170.854375806013,3622.01283893508,FLAT_START,CONVERGED_FEASIBLE,CONVERGED,PASSED,0.976947909316469,18,1.04995254064719,30,2.53130849614536e-14,3.11972669919669e-13,24,26,0.1295
ATT_T002_000404_1,CALL_T002_000404,1,ANCHOR_SEARCH,2010-07-02 17:30:00,E0016,CAL_001007,4,-171.754347485896,3620.22676755482,FLAT_START,CONVERGED_FEASIBLE,CONVERGED,PASSED,0.976884871067621,18,1.04989327746638,30,2.53130849614536e-14,3.11084491499969e-13,24,26,0.1364
ATT_T002_000405_1,CALL_T002_000405,1,ANCHOR_SEARCH,2010-07-02 17:30:00,E0016,CAL_001007,8,-173.55429084566,3616.65462479428,FLAT_START,CONVERGED_FEASIBLE,CONVERGED,PASSED,0.976758765216087,18,1.04977472661596,30,2.53130849614536e-14,3.09086090055644e-13,24,26,0.4711
ATT_T002_000406_1,CALL_T002_000406,1,ANCHOR_SEARCH,2010-07-02 17:30:00,E0016,CAL_001007,6,-172.654319165778,3618.44069617455,FLAT_START,CONVERGED_FEASIBLE,CONVERGED,PASSED,0.976821823035469,18,1.04983400612363,30,2.50910403565285e-14,3.09752223870419e-13,24,26,0.1408
ATT_T002_000407_1,CALL_T002_000407,1,ANCHOR_SEARCH,2010-07-02 17:30:00,E0016,CAL_001007,5,-172.204333325837,3619.33373186468,FLAT_START,CONVERGED_FEASIBLE,CONVERGED,PASSED,0.976853348274703,18,1.04986364281543,30,2.57571741713036e-14,3.10640402290119e-13,24,26,0.1336
ATT_T002_000408_1,CALL_T002_000408,1,ANCHOR_SEARCH,2010-07-02 17:30:00,E0016,CAL_001007,5.5,-172.429326245807,3618.88721401961,FLAT_START,CONVERGED_FEASIBLE,CONVERGED,PASSED,0.976837585960907,18,1.04984882472466,30,2.50910403565285e-14,3.10640402290119e-13,24,26,0.1323
ATT_T002_000409_1,CALL_T002_000409,1,ANCHOR_SEARCH,2010-07-02 17:30:00,E0016,CAL_001007,5.25,-172.316829785822,3619.11047294215,FLAT_START,CONVERGED_FEASIBLE,CONVERGED,PASSED,0.976845467194256,18,1.04985623383382,30,2.55351295663786e-14,3.10418357685194e-13,24,26,0.1311
ATT_T002_000410_1,CALL_T002_000410,1,EDGE_CANDIDATE_SCREEN,2010-07-02 17:30:00,E0016,CAL_001003,5.5,-71.8792389798568,3568.22169642114,FLAT_START,CONVERGED_FEASIBLE,CONVERGED,PASSED,0.98097671476455,18,1.0498396789359,30,2.30926389122033e-14,2.83550960489265e-13,24,26,0.136
ATT_T002_000411_1,CALL_T002_000411,1,EDGE_CANDIDATE_SCREEN,2010-07-02 17:30:00,E0016,CAL_001004,5.5,-96.2216486416235,3580.48743202259,FLAT_START,CONVERGED_FEASIBLE,CONVERGED,PASSED,0.979979414903953,18,1.04984344721117,30,2.35367281220533e-14,2.89990254032091e-13,24,26,0.132
ATT_T002_000412_1,CALL_T002_000412,1,EDGE_CANDIDATE_SCREEN,2010-07-02 17:30:00,E0016,CAL_001005,5.5,-121.080284937011,3593.01328564385,FLAT_START,CONVERGED_FEASIBLE,CONVERGED,PASSED,0.978957848439633,18,1.04984627491292,30,2.39808173319034e-14,2.96207502969992e-13,24,26,0.1307
ATT_T002_000413_1,CALL_T002_000413,1,EDGE_CANDIDATE_SCREEN,2010-07-02 17:30:00,E0016,CAL_001006,5.5,-146.475654481232,3605.80959022745,FLAT_START,CONVERGED_FEASIBLE,CONVERGED,PASSED,0.977910948544675,18,1.04984809252487,30,2.46469511466785e-14,3.03090885722668e-13,24,26,0.13
ATT_T002_000414_1,CALL_T002_000414,1,EDGE_CANDIDATE_SCREEN,2010-07-02 17:30:00,E0016,CAL_001008,5.5,-198.964002050964,3632.25759609018,FLAT_START,CONVERGED_FEASIBLE,CONVERGED,PASSED,0.975736564299907,18,1.04984838983137,30,9.49744737939408e-15,3.50386386571699e-13,24,27,0.1327
ATT_T002_000415_1,CALL_T002_000415,1,EDGE_CANDIDATE_SCREEN,2010-07-02 17:30:00,E0016,CAL_001009,5.5,-226.103592731584,3645.93278471144,FLAT_START,CONVERGED_FEASIBLE,CONVERGED,PASSED,0.974606614910487,18,1.04984669919228,30,9.99200722162641e-15,3.59490215373626e-13,24,27,0.1366
ATT_T002_000416_1,CALL_T002_000416,1,EDGE_CANDIDATE_SCREEN,2010-07-02 17:30:00,E0016,CAL_001010,5.5,-253.873300517122,3659.92547886783,FLAT_START,CONVERGED_FEASIBLE,CONVERGED,PASSED,0.973446391264533,18,1.04984365650088,30,1.02140518265514e-14,3.69038133385402e-13,24,27,0.1561
ATT_T002_000417_1,CALL_T002_000417,1,EDGE_CANDIDATE_SCREEN,2010-07-02 17:30:00,E0016,CAL_001011,5.5,-282.299708225466,3674.24907319947,FLAT_START,CONVERGED_FEASIBLE,CONVERGED,PASSED,0.972254462807594,18,1.04983915703773,30,1.06581410364015e-14,3.79030140607028e-13,24,27,0.1351
ATT_T002_000418_1,CALL_T002_000418,1,LOCAL_REENTRY_STENCIL,2010-07-02 17:30:00,E0016,CAL_001007,5.75,-172.541822705793,3618.66395509708,FLAT_START,CONVERGED_FEASIBLE,CONVERGED,PASSED,0.976829704574647,18,1.04984141548793,30,2.50910403565285e-14,3.10640402290119e-13,24,26,0.1338
ATT_T002_000419_1,CALL_T002_000419,1,LOCAL_REENTRY_STENCIL,2010-07-02 17:30:00,E0016,CAL_001007,5.25,-172.316829785822,3619.11047294215,FLAT_START,CONVERGED_FEASIBLE,CONVERGED,PASSED,0.976845467194256,18,1.04985623383382,30,2.55351295663786e-14,3.10418357685194e-13,24,26,0.1323
ATT_T002_000420_1,CALL_T002_000420,1,ANCHOR_SEARCH,2010-07-02 17:30:00,E0017,CAL_001017,0,-468.209473965077,3777.31557625618,FLAT_START,CONVERGED_INFEASIBLE,CONVERGED,PASSED,0.964459192707479,18,1.05002212127938,30,1.28982223469788e-14,4.65183447317941e-13,24,27,0.2609
ATT_T002_000421_1,CALL_T002_000421,1,ANCHOR_SEARCH,2010-07-02 17:30:00,E0017,CAL_001017,0.5,-468.441602222945,3776.87272586169,FLAT_START,CONVERGED_INFEASIBLE,CONVERGED,PASSED,0.964442698491074,18,1.05000724008208,30,1.28864881219764e-14,4.64739358108091e-13,24,27,0.181
ATT_T002_000422_1,CALL_T002_000422,1,ANCHOR_SEARCH,2010-07-02 17:30:00,E0017,CAL_001017,1,-468.673730480813,3776.4298754672,FLAT_START,CONVERGED_FEASIBLE,CONVERGED,PASSED,0.964426203597476,18,1.0499923583613,30,1.2874758161207e-14,4.6429526889824e-13,24,27,0.1396
ATT_T002_000423_1,CALL_T002_000423,1,ANCHOR_SEARCH,2010-07-02 17:30:00,E0017,CAL_001017,2,-469.137986996549,3775.54417467822,FLAT_START,CONVERGED_FEASIBLE,CONVERGED,PASSED,0.964393211778412,18,1.04996259334908,30,1.2874758161207e-14,4.6429526889824e-13,24,27,0.1338
ATT_T002_000424_1,CALL_T002_000424,1,ANCHOR_SEARCH,2010-07-02 17:30:00,E0017,CAL_001017,4,-470.06650002802,3773.77277310027,FLAT_START,CONVERGED_FEASIBLE,CONVERGED,PASSED,0.964327220010781,18,1.04990305704061,30,1.28785870856518e-14,4.62296867453915e-13,24,27,0.132
ATT_T002_000425_1,CALL_T002_000425,1,ANCHOR_SEARCH,2010-07-02 17:30:00,E0017,CAL_001017,8,-471.923526090963,3770.22996994435,FLAT_START,CONVERGED_FEASIBLE,CONVERGED,PASSED,0.964195203941275,18,1.04978395927655,30,1.27869205616874e-14,4.6074255521944e-13,24,27,0.1338
ATT_T002_000426_1,CALL_T002_000426,1,ANCHOR_SEARCH,2010-07-02 17:30:00,E0017,CAL_001017,6,-470.995013059492,3772.00137152231,FLAT_START,CONVERGED_FEASIBLE,CONVERGED,PASSED,0.964261217399949,18,1.04984351235081,30,1.28785870856518e-14,4.62296867453915e-13,24,27,0.1333
ATT_T002_000427_1,CALL_T002_000427,1,ANCHOR_SEARCH,2010-07-02 17:30:00,E0017,CAL_001017,5,-470.530756543756,3772.88707231129,FLAT_START,CONVERGED_FEASIBLE,CONVERGED,PASSED,0.964294220061055,18,1.04987328574357,30,1.28513110790683e-14,4.62740956663765e-13,24,27,0.1348
ATT_T002_000428_1,CALL_T002_000428,1,ANCHOR_SEARCH,2010-07-02 17:30:00,E0017,CAL_001017,5.5,-470.762884801624,3772.4442219168,FLAT_START,CONVERGED_FEASIBLE,CONVERGED,PASSED,0.964277719069461,18,1.04985839930919,30,1.28785870856518e-14,4.6163073363914e-13,24,27,0.1335
ATT_T002_000429_1,CALL_T002_000429,1,ANCHOR_SEARCH,2010-07-02 17:30:00,E0017,CAL_001017,5.75,-470.878948930558,3772.22279671955,FLAT_START,CONVERGED_FEASIBLE,CONVERGED,PASSED,0.964269468319449,18,1.0498509558955,30,1.28785870856518e-14,4.6207482284899e-13,24,27,0.1332
ATT_T002_000430_1,CALL_T002_000430,1,EDGE_CANDIDATE_SCREEN,2010-07-02 17:30:00,E0017,CAL_001013,6,-341.95069696574,3704.36039692828,FLAT_START,CONVERGED_FEASIBLE,CONVERGED,PASSED,0.96973970135493,18,1.04982654781921,30,1.11022302462516e-14,4.02344824124157e-13,24,27,0.1375
ATT_T002_000431_1,CALL_T002_000431,1,EDGE_CANDIDATE_SCREEN,2010-07-02 17:30:00,E0017,CAL_001014,6,-372.956359610807,3720.61259076937,FLAT_START,CONVERGED_FEASIBLE,CONVERGED,PASSED,0.968431836361823,18,1.04983337380827,30,1.14869191844401e-14,4.15889545024584e-13,24,27,0.1349
ATT_T002_000432_1,CALL_T002_000432,1,EDGE_CANDIDATE_SCREEN,2010-07-02 17:30:00,E0017,CAL_001015,6,-404.773694866918,3737.29023788204,FLAT_START,CONVERGED_FEASIBLE,CONVERGED,PASSED,0.967084210390362,18,1.04983858037994,30,1.19163437401708e-14,4.30322444344711e-13,24,27,0.1444
ATT_T002_000433_1,CALL_T002_000433,1,EDGE_CANDIDATE_SCREEN,2010-07-02 17:30:00,E0017,CAL_001016,6,-437.440038871754,3754.4129086962,FLAT_START,CONVERGED_FEASIBLE,CONVERGED,PASSED,0.965694745693281,18,1.0498420156446,30,1.22333014393042e-14,4.45865566689463e-13,24,27,0.1576
ATT_T002_000434_1,CALL_T002_000434,1,EDGE_CANDIDATE_SCREEN,2010-07-02 17:30:00,E0017,CAL_001018,6,-505.480702615767,3790.07768609194,FLAT_START,CONVERGED_FEASIBLE,CONVERGED,PASSED,0.962781240087075,18,1.04984288610958,30,1.33277367515675e-14,4.80060435847918e-13,24,27,0.3076
ATT_T002_000435_1,CALL_T002_000435,1,EDGE_CANDIDATE_SCREEN,2010-07-02 17:30:00,E0017,CAL_001019,6,-540.941851905227,3808.66530599471,FLAT_START,CONVERGED_FEASIBLE,CONVERGED,PASSED,0.961252252835064,18,1.04983993338077,30,1.38631251178971e-14,4.99378316476395e-13,24,27,0.142
ATT_T002_000436_1,CALL_T002_000436,1,EDGE_CANDIDATE_SCREEN,2010-07-02 17:30:00,E0017,CAL_001020,6,-577.42607878572,3827.78919101505,FLAT_START,CONVERGED_FEASIBLE,CONVERGED,PASSED,0.959671502564556,18,1.04983442918465,30,1.45634555937751e-14,1.783018177548e-13,25,27,0.1366
ATT_T002_000437_1,CALL_T002_000437,1,EDGE_CANDIDATE_SCREEN,2010-07-02 17:30:00,E0017,CAL_001021,6,-614.984109973841,3847.47593050346,FLAT_START,CONVERGED_FEASIBLE,CONVERGED,PASSED,0.958036025414769,18,1.04982612449546,30,1.51518005694052e-14,1.86517468137026e-13,25,27,0.1358
ATT_T002_000438_1,CALL_T002_000438,1,LOCAL_REENTRY_STENCIL,2010-07-02 17:30:00,E0017,CAL_001017,6.25,-471.111077188426,3771.77994632507,FLAT_START,CONVERGED_FEASIBLE,CONVERGED,PASSED,0.964252966310952,18,1.04983606867512,30,1.26982971794202e-14,4.61408689034215e-13,24,27,0.1698
ATT_T002_000439_1,CALL_T002_000439,1,LOCAL_REENTRY_STENCIL,2010-07-02 17:30:00,E0017,CAL_001017,5.75,-470.878948930558,3772.22279671955,FLAT_START,CONVERGED_FEASIBLE,CONVERGED,PASSED,0.964269468319449,18,1.0498509558955,30,1.28785870856518e-14,4.6207482284899e-13,24,27,0.1354
ATT_T002_000440_1,CALL_T002_000440,1,ANCHOR_SEARCH,2010-07-02 17:30:00,E0018,CAL_001028,0,-918.384348343741,4021.63982275881,FLAT_START,CONVERGED_INFEASIBLE,CONVERGED,PASSED,0.944685102638797,18,1.05005438413718,30,2.33146835171283e-14,2.96096480667529e-13,25,27,0.1378
ATT_T002_000441_1,CALL_T002_000441,1,ANCHOR_SEARCH,2010-07-02 17:30:00,E0018,CAL_001028,0.5,-918.627120751358,4021.20271686992,FLAT_START,CONVERGED_INFEASIBLE,CONVERGED,PASSED,0.944667368416622,18,1.05003937272734,30,2.30926389122033e-14,2.96318525272454e-13,25,27,0.1419
ATT_T002_000442_1,CALL_T002_000442,1,ANCHOR_SEARCH,2010-07-02 17:30:00,E0018,CAL_001028,1,-918.869893158974,4020.76561098104,FLAT_START,CONVERGED_INFEASIBLE,CONVERGED,PASSED,0.944649633392124,18,1.05002436076633,30,2.37587727269783e-14,2.96540569877379e-13,25,27,0.1367
ATT_T002_000443_1,CALL_T002_000443,1,ANCHOR_SEARCH,2010-07-02 17:30:00,E0018,CAL_001028,2,-919.355437974207,4019.89139920326,FLAT_START,CONVERGED_FEASIBLE,CONVERGED,PASSED,0.944614160935772,18,1.04999433519057,30,2.37587727269783e-14,2.96540569877379e-13,25,27,0.1535
ATT_T002_000444_1,CALL_T002_000444,1,ANCHOR_SEARCH,2010-07-02 17:30:00,E0018,CAL_001028,4,-920.326527604674,4018.14297564771,FLAT_START,CONVERGED_FEASIBLE,CONVERGED,PASSED,0.944543206390964,18,1.04993427742256,30,2.33146835171283e-14,2.96429547574917e-13,25,27,0.1484
ATT_T002_000445_1,CALL_T002_000445,1,ANCHOR_SEARCH,2010-07-02 17:30:00,E0018,CAL_001028,8,-922.268706865606,4014.64612853661,FLAT_START,CONVERGED_FEASIBLE,CONVERGED,PASSED,0.944401258751466,18,1.04981413540812,30,2.33146835171283e-14,2.97650792902004e-13,25,27,0.1376
ATT_T002_000446_1,CALL_T002_000446,1,ANCHOR_SEARCH,2010-07-02 17:30:00,E0018,CAL_001028,6,-921.29761723514,4016.39455209216,FLAT_START,CONVERGED_FEASIBLE,CONVERGED,PASSED,0.94447223899824,18,1.0498742108296,30,2.37587727269783e-14,2.97428748297079e-13,25,27,0.1348
ATT_T002_000447_1,CALL_T002_000447,1,ANCHOR_SEARCH,2010-07-02 17:30:00,E0018,CAL_001028,7,-921.783162050373,4015.52034031439,FLAT_START,CONVERGED_FEASIBLE,CONVERGED,PASSED,0.944436750481993,18,1.04984417422265,30,2.33146835171283e-14,2.97317725994617e-13,25,27,0.1355
ATT_T002_000448_1,CALL_T002_000448,1,ANCHOR_SEARCH,2010-07-02 17:30:00,E0018,CAL_001028,6.5,-921.540389642757,4015.95744620327,FLAT_START,CONVERGED_FEASIBLE,CONVERGED,PASSED,0.944454495141854,18,1.04985919280204,30,2.35367281220533e-14,2.97317725994617e-13,25,27,0.1358
ATT_T002_000449_1,CALL_T002_000449,1,ANCHOR_SEARCH,2010-07-02 17:30:00,E0018,CAL_001028,6.75,-921.661775846565,4015.73889325883,FLAT_START,CONVERGED_FEASIBLE,CONVERGED,PASSED,0.944445622912364,18,1.04985168358133,30,2.33146835171283e-14,2.97095681389692e-13,25,27,0.1365
ATT_T002_000450_1,CALL_T002_000450,1,EDGE_CANDIDATE_SCREEN,2010-07-02 17:30:00,E0018,CAL_001023,7,-695.253106756982,3889.70357984685,FLAT_START,CONVERGED_FEASIBLE,CONVERGED,PASSED,0.954514108464083,18,1.04980330551329,30,1.67067254411686e-14,2.06723527185204e-13,25,27,0.1378
ATT_T002_000451_1,CALL_T002_000451,1,EDGE_CANDIDATE_SCREEN,2010-07-02 17:30:00,E0018,CAL_001024,7,-737.564303522723,3913.20358606755,FLAT_START,CONVERGED_FEASIBLE,CONVERGED,PASSED,0.952656388271935,18,1.04981884595422,30,1.77823422758121e-14,2.19158025061006e-13,25,27,0.1548
ATT_T002_000452_1,CALL_T002_000452,1,EDGE_CANDIDATE_SCREEN,2010-07-02 17:30:00,E0018,CAL_001025,7,-781.290650835404,3937.48957919475,FLAT_START,CONVERGED_FEASIBLE,CONVERGED,PASSED,0.950724886112869,18,1.04983113963964,30,1.87167270556673e-14,2.33146835171283e-13,25,27,0.1396
ATT_T002_000453_1,CALL_T002_000453,1,EDGE_CANDIDATE_SCREEN,2010-07-02 17:30:00,E0018,CAL_001026,7,-826.511357854638,3962.60555268376,FLAT_START,CONVERGED_FEASIBLE,CONVERGED,PASSED,0.948714734597314,18,1.04983977741133,30,2.0078238367923e-14,2.48245868306185e-13,25,27,0.1367
ATT_T002_000454_1,CALL_T002_000454,1,EDGE_CANDIDATE_SCREEN,2010-07-02 17:30:00,E0018,CAL_001027,7,-873.311613379813,3988.59882113374,FLAT_START,CONVERGED_FEASIBLE,CONVERGED,PASSED,0.946620624097812,18,1.04984429682993,30,2.13419667077021e-14,2.66009436700188e-13,25,27,0.1409
ATT_T002_000455_1,CALL_T002_000455,1,EDGE_CANDIDATE_SCREEN,2010-07-02 17:30:00,E0018,CAL_001029,7,-972.024948466976,4043.4250649164,FLAT_START,CONVERGED_FEASIBLE,CONVERGED,PASSED,0.942156755120943,18,1.04983881534573,30,2.55351295663786e-14,3.40838468559923e-13,25,27,0.1384
ATT_T002_000456_1,CALL_T002_000456,1,EDGE_CANDIDATE_SCREEN,2010-07-02 17:30:00,E0018,CAL_001030,7,-1024.14383876194,4072.37234931794,FLAT_START,CONVERGED_FEASIBLE,CONVERGED,PASSED,0.939773655781796,18,1.04982754438067,30,2.88657986402541e-14,3.94573262951781e-13,25,27,0.1359
ATT_T002_000457_1,CALL_T002_000457,1,EDGE_CANDIDATE_SCREEN,2010-07-02 17:30:00,E0018,CAL_001031,7,-1078.25543070621,4102.42639752515,FLAT_START,CONVERGED_FEASIBLE,CONVERGED,PASSED,0.937279766713738,18,1.04980959091696,30,1.23234755733392e-14,5.10036457512797e-13,25,28,0.1382
ATT_T002_000458_1,CALL_T002_000458,1,EDGE_CANDIDATE_SCREEN,2010-07-02 17:30:00,E0018,CAL_001032,7,-1134.48496529181,4133.6567694729,FLAT_START,CONVERGED_FEASIBLE,CONVERGED,PASSED,0.934666605861119,18,1.0497840744902,30,1.3988810110277e-14,6.04405414605935e-13,25,28,0.1576
ATT_T002_000459_1,CALL_T002_000459,1,LOCAL_REENTRY_STENCIL,2010-07-02 17:30:00,E0018,CAL_001028,7.25,-921.904548254182,4015.30178736994,FLAT_START,CONVERGED_FEASIBLE,CONVERGED,PASSED,0.94442787785073,18,1.049836664726,30,2.35367281220533e-14,2.97206703692154e-13,25,27,0.1369
ATT_T002_000460_1,CALL_T002_000460,1,LOCAL_REENTRY_STENCIL,2010-07-02 17:30:00,E0018,CAL_001028,6.75,-921.661775846565,4015.73889325883,FLAT_START,CONVERGED_FEASIBLE,CONVERGED,PASSED,0.944445622912364,18,1.04985168358133,30,2.33146835171283e-14,2.97095681389692e-13,25,27,0.1364
ATT_T002_000461_1,CALL_T002_000461,1,ANCHOR_SEARCH,2010-07-02 17:30:00,E0019,CAL_001034,0,-1156.55031517386,4125.4341979864,FLAT_START,CONVERGED_FEASIBLE,CONVERGED,PASSED,0.933389904929373,18,1.04923593306994,30,1.45439216225896e-14,6.41042774418565e-13,25,28,0.1412
ATT_T002_000462_1,CALL_T002_000462,1,EDGE_CANDIDATE_SCREEN,2010-07-02 17:30:00,E0019,CAL_001035,0,-1182.21481241537,4110.97931112533,FLAT_START,CONVERGED_FEASIBLE,CONVERGED,PASSED,0.93184066657095,18,1.04846816916218,30,1.52100554373646e-14,6.86672940730659e-13,25,28,0.138
ATT_T002_000463_1,CALL_T002_000463,1,EDGE_CANDIDATE_SCREEN,2010-07-02 17:30:00,E0019,CAL_001036,0,-1208.08597263353,4096.40802650599,FLAT_START,CONVERGED_FEASIBLE,CONVERGED,PASSED,0.930272509634594,18,1.04769179574694,30,1.57651669496772e-14,7.38076266770804e-13,25,28,0.145
ATT_T002_000464_1,CALL_T002_000464,1,EDGE_CANDIDATE_SCREEN,2010-07-02 17:30:00,E0019,CAL_001037,0,-1234.17029097316,4081.71668590035,FLAT_START,CONVERGED_FEASIBLE,CONVERGED,PASSED,0.92868480747447,18,1.04690653376963,30,1.63202784619898e-14,7.95807864051312e-13,25,28,0.1643
ATT_T002_000465_1,CALL_T002_000465,1,EDGE_CANDIDATE_SCREEN,2010-07-02 17:30:00,E0019,CAL_001038,0,-1260.4744355371,4066.90153366608,FLAT_START,CONVERGED_FEASIBLE,CONVERGED,PASSED,0.927076909684644,18,1.0461120942628,30,1.72084568816899e-14,8.61311022504196e-13,25,28,0.1405
ATT_T002_000466_1,CALL_T002_000466,1,EDGE_CANDIDATE_SCREEN,2010-07-02 17:30:00,E0019,CAL_001039,0,-1287.00525484189,4051.95871254733,FLAT_START,CONVERGED_FEASIBLE,CONVERGED,PASSED,0.925448140828133,18,1.04530817783876,30,1.83186799063151e-14,9.35140853641769e-13,25,28,0.1387
ATT_T002_000467_1,CALL_T002_000467,1,EDGE_CANDIDATE_SCREEN,2010-07-02 17:30:00,E0019,CAL_001040,0,-1313.76978561309,4036.88425928426,FLAT_START,CONVERGED_FEASIBLE,CONVERGED,PASSED,0.92379779908351,18,1.04449447415085,30,1.94289029309402e-14,1.01896269200097e-12,25,28,0.1399
ATT_T002_000468_1,CALL_T002_000468,1,EDGE_CANDIDATE_SCREEN,2010-07-02 17:30:00,E0019,CAL_001041,0,-1340.77526093972,4021.67410002018,FLAT_START,CONVERGED_FEASIBLE,CONVERGED,PASSED,0.922125154802493,18,1.0436706613212,30,2.06501482580279e-14,1.11399778290888e-12,25,28,0.1369
ATT_T002_000469_1,CALL_T002_000469,1,EDGE_CANDIDATE_SCREEN,2010-07-02 17:30:00,E0019,CAL_001042,0,-1368.0291188089,4006.32404549468,FLAT_START,CONVERGED_FEASIBLE,CONVERGED,PASSED,0.920429448971285,18,1.04283640533234,30,2.18713935851156e-14,1.22268861701968e-12,25,28,0.1363
ATT_T002_000470_1,CALL_T002_000470,1,EDGE_CANDIDATE_SCREEN,2010-07-02 17:30:00,E0019,CAL_001043,0,-1395.5390110425,3990.82978601026,FLAT_START,CONVERGED_FEASIBLE,CONVERGED,PASSED,0.918709891567803,18,1.04199135937975,30,2.36477504245158e-14,4.69846384021366e-13,26,28,0.1599
ATT_T002_000471_1,CALL_T002_000471,1,EDGE_CANDIDATE_SCREEN,2010-07-02 17:30:00,E0019,CAL_001044,0,-1423.31281265972,3975.18688615913,FLAT_START,CONVERGED_FEASIBLE,CONVERGED,PASSED,0.916965659806114,18,1.0411351631823,30,2.55351295663786e-14,5.19917442431961e-13,26,28,0.1412
ATT_T002_000472_1,CALL_T002_000472,1,EDGE_CANDIDATE_SCREEN,2010-07-02 17:30:00,E0019,CAL_001045,0,-1451.35863169044,3959.390779296,FLAT_START,CONVERGED_FEASIBLE,CONVERGED,PASSED,0.915195896258571,18,1.04026744224721,30,2.75335310107039e-14,5.77093928200156e-13,26,28,0.1381
ATT_T002_000473_1,CALL_T002_000473,1,EDGE_CANDIDATE_SCREEN,2010-07-02 17:30:00,E0019,CAL_001046,0,-1479.68481946645,3943.43676174193,FLAT_START,CONVERGED_FEASIBLE,CONVERGED,PASSED,0.913399706845164,18,1.03938780708577,30,3.09752223870419e-14,6.42930153560428e-13,26,28,0.1375
ATT_T002_000474_1,CALL_T002_000474,1,EDGE_CANDIDATE_SCREEN,2010-07-02 17:30:00,E0019,CAL_001047,0,-1508.29998141887,3927.31998670281,FLAT_START,CONVERGED_FEASIBLE,CONVERGED,PASSED,0.911576158678562,18,1.03849585237573,30,3.530509218308e-14,7.18536341537401e-13,26,28,0.1376
ATT_T002_000475_1,CALL_T002_000475,1,EDGE_CANDIDATE_SCREEN,2010-07-02 17:30:00,E0019,CAL_001048,0,-1537.21298841254,3911.03545788566,FLAT_START,CONVERGED_FEASIBLE,CONVERGED,PASSED,0.909724277752082,18,1.03759115606592,30,4.00790511889682e-14,8.06243960482789e-13,26,28,0.1374
ATT_T002_000476_1,CALL_T002_000476,1,EDGE_CANDIDATE_SCREEN,2010-07-02 17:30:00,E0019,CAL_001049,0,-1566.43298864984,3894.57802279406,FLAT_START,CONVERGED_FEASIBLE,CONVERGED,PASSED,0.907843046456435,18,1.03667327841803,30,1.79856129989275e-14,1.00752739484733e-12,26,29,0.1394
ATT_T002_000477_1,CALL_T002_000477,1,EDGE_CANDIDATE_SCREEN,2010-07-02 17:30:00,E0019,CAL_001050,0,-1595.96942017886,3877.94236568322,FLAT_START,CONVERGED_FEASIBLE,CONVERGED,PASSED,0.905931400910228,18,1.03574176098042,30,2.07611705604904e-14,1.13775655563586e-12,26,29,0.1669
ATT_T002_000478_1,CALL_T002_000478,1,EDGE_CANDIDATE_SCREEN,2010-07-02 17:30:00,E0019,CAL_001051,0,-1625.83202404316,3861.12300015373,FLAT_START,CONVERGED_FEASIBLE,CONVERGED,PASSED,0.903988228085511,18,1.03479612548732,30,2.39808173319034e-14,1.28896893158981e-12,26,29,0.1421
ATT_T002_000479_1,CALL_T002_000479,1,EDGE_CANDIDATE_SCREEN,2010-07-02 17:30:00,E0019,CAL_001052,0,-1656.0308581131,3844.11426136141,FLAT_START,CONVERGED_FEASIBLE,CONVERGED,PASSED,0.902012362711054,18,1.03383587267744,30,2.74225087082414e-14,1.46560541480767e-12,26,29,0.142
ATT_T002_000480_1,CALL_T002_000480,1,LOCAL_REENTRY_STENCIL,2010-07-02 17:30:00,E0019,CAL_001034,0.25,-1156.42762991384,4125.21637161753,FLAT_START,CONVERGED_FEASIBLE,CONVERGED,PASSED,0.933393858600534,18,1.04923208006805,30,1.45439216225896e-14,6.4082072981364e-13,25,28,0.14
ATT_T002_000481_1,CALL_T002_000481,1,ANCHOR_SEARCH,2010-07-02 17:30:00,E0020,CAL_001054,0,-1686.57631163941,3826.91029781735,FLAT_START,CONVERGED_FEASIBLE,CONVERGED,PASSED,0.900002583930692,18,1.03286048102423,30,3.19744231092045e-14,5.9929838869266e-13,27,29,0.1617
ATT_T002_000482_1,CALL_T002_000482,1,ANCHOR_SEARCH,2010-07-02 17:30:00,E0020,CAL_001054,0.5,-1686.08838275093,3827.01950129617,FLAT_START,CONVERGED_FEASIBLE,CONVERGED,PASSED,0.900032643129779,18,1.03287161753175,30,3.19744231092045e-14,5.98077143365572e-13,27,29,0.1533
ATT_T002_000483_1,CALL_T002_000483,1,ANCHOR_SEARCH,2010-07-02 17:30:00,E0020,CAL_001054,1,-1685.60045386245,3827.12870477499,FLAT_START,CONVERGED_FEASIBLE,CONVERGED,PASSED,0.900062699686015,18,1.03288275319466,30,3.19744231092045e-14,5.96633853433559e-13,27,29,0.1649
ATT_T002_000484_1,CALL_T002_000484,1,ANCHOR_SEARCH,2010-07-02 17:30:00,E0020,CAL_001054,2,-1684.62459608549,3827.34711173263,FLAT_START,CONVERGED_FEASIBLE,CONVERGED,PASSED,0.900122804872507,18,1.03290502198739,30,3.1641356201817e-14,5.94413407384309e-13,27,29,0.1425
ATT_T002_000485_1,CALL_T002_000485,1,ANCHOR_SEARCH,2010-07-02 17:30:00,E0020,CAL_001054,4,-1682.67288053157,3827.78392564791,FLAT_START,CONVERGED_FEASIBLE,CONVERGED,PASSED,0.900242983559584,18,1.03294954944588,30,3.13082892944294e-14,5.89417403773496e-13,27,29,0.1419
ATT_T002_000486_1,CALL_T002_000486,1,ANCHOR_SEARCH,2010-07-02 17:30:00,E0020,CAL_001054,3,-1683.64873830853,3827.56551869027,FLAT_START,CONVERGED_FEASIBLE,CONVERGED,PASSED,0.900182899495316,18,1.03292728740394,30,3.15303338993544e-14,5.91748872125208e-13,27,29,0.1426
ATT_T002_000487_1,CALL_T002_000487,1,ANCHOR_SEARCH,2010-07-02 17:30:00,E0020,CAL_001054,2.5,-1684.13666719701,3827.45631521145,FLAT_START,CONVERGED_FEASIBLE,CONVERGED,PASSED,0.900152853504051,18,1.03291615511759,30,3.14193115968919e-14,5.93081139754759e-13,27,29,0.1419
ATT_T002_000488_1,CALL_T002_000488,1,ANCHOR_SEARCH,2010-07-02 17:30:00,E0020,CAL_001054,2.25,-1684.38063164125,3827.40171347204,FLAT_START,CONVERGED_FEASIBLE,CONVERGED,PASSED,0.900137829518354,18,1.03291058865798,30,3.15303338993544e-14,5.93636251267071e-13,27,29,0.141
ATT_T002_000489_1,CALL_T002_000489,1,EDGE_CANDIDATE_SCREEN,2010-07-02 17:30:00,E0020,CAL_001055,2.5,-1670.31321745329,3765.69216134655,FLAT_START,CONVERGED_FEASIBLE,CONVERGED,PASSED,0.900166724484043,18,1.0314754020958,30,2.99760216648792e-14,5.62216939670179e-13,27,29,0.1622
ATT_T002_000490_1,CALL_T002_000490,1,EDGE_CANDIDATE_SCREEN,2010-07-02 17:30:00,E0020,CAL_001056,2.5,-1656.79954237552,3705.31210265943,FLAT_START,CONVERGED_FEASIBLE,CONVERGED,PASSED,0.900177034464472,18,1.03006126988376,30,2.8199664825479e-14,1.49313894581837e-12,26,29,0.141
ATT_T002_000491_1,CALL_T002_000491,1,EDGE_CANDIDATE_SCREEN,2010-07-02 17:30:00,E0020,CAL_001057,2.5,-1643.58335397896,3646.26123556286,FLAT_START,CONVERGED_FEASIBLE,CONVERGED,PASSED,0.900183993556018,18,1.02867280479808,30,2.69784194983913e-14,1.42175160533498e-12,26,29,0.14
ATT_T002_000492_1,CALL_T002_000492,1,EDGE_CANDIDATE_SCREEN,2010-07-02 17:30:00,E0020,CAL_001058,2.5,-1630.65298809564,3588.48744372696,FLAT_START,CONVERGED_FEASIBLE,CONVERGED,PASSED,0.900187797256747,18,1.02730909594474,30,2.55351295663786e-14,1.35513822385747e-12,26,29,0.1405
ATT_T002_000493_1,CALL_T002_000493,1,EDGE_CANDIDATE_SCREEN,2010-07-02 17:30:00,E0020,CAL_001059,2.5,-1617.99736492686,3531.94122182542,FLAT_START,CONVERGED_FEASIBLE,CONVERGED,PASSED,0.900188627596496,18,1.02596927279071,30,2.44249065417534e-14,1.29363186829323e-12,26,29,0.1419
ATT_T002_000494_1,CALL_T002_000494,1,EDGE_CANDIDATE_SCREEN,2010-07-02 17:30:00,E0020,CAL_001060,2.5,-1605.60595254538,3476.57551246035,FLAT_START,CONVERGED_FEASIBLE,CONVERGED,PASSED,0.900186654179283,18,1.0246525028982,30,2.33146835171283e-14,1.23612231561765e-12,26,29,0.1401
ATT_T002_000495_1,CALL_T002_000495,1,EDGE_CANDIDATE_SCREEN,2010-07-02 17:30:00,E0020,CAL_001061,2.5,-1593.46873309272,3422.34555512959,FLAT_START,CONVERGED_FEASIBLE,CONVERGED,PASSED,0.900182035133932,18,1.02335798980918,30,2.20934381900406e-14,1.18238752122579e-12,26,29,0.1389
ATT_T002_000496_1,CALL_T002_000496,1,EDGE_CANDIDATE_SCREEN,2010-07-02 17:30:00,E0020,CAL_001062,2.5,-1581.57617144222,3369.20874621085,FLAT_START,CONVERGED_FEASIBLE,CONVERGED,PASSED,0.900174917981944,18,1.02208497106843,30,2.09832151654155e-14,1.1323164628152e-12,26,29,0.1626
ATT_T002_000497_1,CALL_T002_000497,1,EDGE_CANDIDATE_SCREEN,2010-07-02 17:30:00,E0020,CAL_001063,2.5,-1569.91918612019,3317.12450903567,FLAT_START,CONVERGED_FEASIBLE,CONVERGED,PASSED,0.900165440430707,18,1.02083271637475,30,1.99840144432528e-14,1.08557607347848e-12,26,29,0.1393
ATT_T002_000498_1,CALL_T002_000498,1,LOCAL_REENTRY_STENCIL,2010-07-02 17:30:00,E0020,CAL_001054,2.75,-1683.89270275277,3827.51091695086,FLAT_START,CONVERGED_FEASIBLE,CONVERGED,PASSED,0.900167876829678,18,1.03292172136624,30,3.15303338993544e-14,5.92415005939984e-13,27,29,0.1453
ATT_T002_000499_1,CALL_T002_000499,1,LOCAL_REENTRY_STENCIL,2010-07-02 17:30:00,E0020,CAL_001054,2.25,-1684.38063164125,3827.40171347204,FLAT_START,CONVERGED_FEASIBLE,CONVERGED,PASSED,0.900137829518354,18,1.03291058865798,30,3.15303338993544e-14,5.93636251267071e-13,27,29,0.1437
ATT_T002_000500_1,CALL_T002_000500,1,ANCHOR_SEARCH,2010-07-02 17:30:00,E0021,CAL_001073,0,-1462.98329388693,2843.15096360158,FLAT_START,CONVERGED_FEASIBLE,CONVERGED,PASSED,0.900012731693879,18,1.00924297428693,30,3.41948691584548e-14,6.69797550756357e-13,26,28,0.1425
ATT_T002_000501_1,CALL_T002_000501,1,ANCHOR_SEARCH,2010-07-02 17:30:00,E0021,CAL_001073,0.5,-1462.496219457,2843.26391713057,FLAT_START,CONVERGED_FEASIBLE,CONVERGED,PASSED,0.900042427626652,18,1.00925441201126,30,3.43058914609173e-14,6.68021193916957e-13,26,28,0.1661
ATT_T002_000502_1,CALL_T002_000502,1,ANCHOR_SEARCH,2010-07-02 17:30:00,E0021,CAL_001073,1,-1462.00914502707,2843.37687065955,FLAT_START,CONVERGED_FEASIBLE,CONVERGED,PASSED,0.900072121018146,18,1.00926584889244,30,3.41948691584548e-14,6.66799948589869e-13,26,28,0.2114
ATT_T002_000503_1,CALL_T002_000503,1,ANCHOR_SEARCH,2010-07-02 17:30:00,E0021,CAL_001073,2,-1461.03499616722,2843.60277771753,FLAT_START,CONVERGED_FEASIBLE,CONVERGED,PASSED,0.900131500179705,18,1.00928872012608,30,3.40838468559923e-14,6.64024391028306e-13,26,28,0.1398
ATT_T002_000504_1,CALL_T002_000504,1,ANCHOR_SEARCH,2010-07-02 17:30:00,E0021,CAL_001073,4,-1459.08669844751,2844.05459183347,FLAT_START,CONVERGED_FEASIBLE,CONVERGED,PASSED,0.900250228033925,18,1.00933445248371,30,3.37507799486048e-14,6.58251231300255e-13,26,28,0.1362
ATT_T002_000505_1,CALL_T002_000505,1,ANCHOR_SEARCH,2010-07-02 17:30:00,E0021,CAL_001073,3,-1460.06084730736,2843.8286847755,FLAT_START,CONVERGED_FEASIBLE,CONVERGED,PASSED,0.900190869183364,18,1.00931158798934,30,3.37507799486048e-14,6.61026788861818e-13,26,28,0.1378
ATT_T002_000506_1,CALL_T002_000506,1,ANCHOR_SEARCH,2010-07-02 17:30:00,E0021,CAL_001073,2.5,-1460.54792173729,2843.71573124651,FLAT_START,CONVERGED_FEASIBLE,CONVERGED,PASSED,0.900161185950971,18,1.00930015447891,30,3.37507799486048e-14,6.62692123398756e-13,26,28,0.1367
ATT_T002_000507_1,CALL_T002_000507,1,ANCHOR_SEARCH,2010-07-02 17:30:00,E0021,CAL_001073,2.25,-1460.79145895225,2843.65925448202,FLAT_START,CONVERGED_FEASIBLE,CONVERGED,PASSED,0.900146343382735,18,1.00929443740781,30,3.39728245535298e-14,6.63247234911069e-13,26,28,0.1494
ATT_T002_000508_1,CALL_T002_000508,1,EDGE_CANDIDATE_SCREEN,2010-07-02 17:30:00,E0021,CAL_001065,2.5,-1546.78198638387,3215.57138068879,FLAT_START,CONVERGED_FEASIBLE,CONVERGED,PASSED,0.900163547240472,18,1.01838514703463,30,1.83186799063151e-14,9.98978677557716e-13,26,29,0.165
ATT_T002_000509_1,CALL_T002_000509,1,EDGE_CANDIDATE_SCREEN,2010-07-02 17:30:00,E0021,CAL_001066,2.5,-1535.29543820043,3166.03947178356,FLAT_START,CONVERGED_FEASIBLE,CONVERGED,PASSED,0.900170843586296,18,1.01718854597903,30,1.765254609154e-14,9.57900425646585e-13,26,29,0.1412
ATT_T002_000510_1,CALL_T002_000510,1,EDGE_CANDIDATE_SCREEN,2010-07-02 17:30:00,E0021,CAL_001067,2.5,-1524.02563549741,3117.44220548985,FLAT_START,CONVERGED_FEASIBLE,CONVERGED,PASSED,0.900175748518017,18,1.01601053534206,30,1.69864122767649e-14,9.19930798204405e-13,26,29,0.1388
ATT_T002_000511_1,CALL_T002_000511,1,EDGE_CANDIDATE_SCREEN,2010-07-02 17:30:00,E0021,CAL_001068,2.5,-1512.96483192578,3069.7461782605,FLAT_START,CONVERGED_FEASIBLE,CONVERGED,PASSED,0.900178382067954,18,1.01485050161629,30,4.11892742135933e-14,7.96918087075937e-13,26,28,0.1391
ATT_T002_000512_1,CALL_T002_000512,1,EDGE_CANDIDATE_SCREEN,2010-07-02 17:30:00,E0021,CAL_001069,2.5,-1502.10562833394,3022.91948372141,FLAT_START,CONVERGED_FEASIBLE,CONVERGED,PASSED,0.900178856809976,18,1.01370785570321,30,3.96349619791181e-14,7.66497976201208e-13,26,28,0.1364
ATT_T002_000513_1,CALL_T002_000513,1,EDGE_CANDIDATE_SCREEN,2010-07-02 17:30:00,E0021,CAL_001070,2.5,-1491.44095318526,2976.93162822885,FLAT_START,CONVERGED_FEASIBLE,CONVERGED,PASSED,0.900177278376542,18,1.01258203166134,30,3.80806497446429e-14,7.38187289073267e-13,26,28,0.1378
ATT_T002_000514_1,CALL_T002_000514,1,EDGE_CANDIDATE_SCREEN,2010-07-02 17:30:00,E0021,CAL_001071,2.5,-1480.96404427945,2931.75345204886,FLAT_START,CONVERGED_FEASIBLE,CONVERGED,PASSED,0.900173745933904,18,1.01147248552952,30,3.67483821150927e-14,7.11652958784725e-13,26,28,0.1716
ATT_T002_000515_1,CALL_T002_000515,1,EDGE_CANDIDATE_SCREEN,2010-07-02 17:30:00,E0021,CAL_001072,2.5,-1470.6684316773,2887.35705572601,FLAT_START,CONVERGED_FEASIBLE,CONVERGED,PASSED,0.900168352620457,18,1.01037869422035,30,3.51940698806175e-14,6.86561918428197e-13,26,28,0.1436
ATT_T002_000516_1,CALL_T002_000516,1,LOCAL_REENTRY_STENCIL,2010-07-02 17:30:00,E0021,CAL_001073,2.75,-1460.30438452233,2843.77220801101,FLAT_START,CONVERGED_FEASIBLE,CONVERGED,PASSED,0.900176027884489,18,1.00930587133942,30,3.38618022510673e-14,6.62025989583981e-13,26,28,0.1389
ATT_T002_000517_1,CALL_T002_000517,1,LOCAL_REENTRY_STENCIL,2010-07-02 17:30:00,E0021,CAL_001073,2.25,-1460.79145895225,2843.65925448202,FLAT_START,CONVERGED_FEASIBLE,CONVERGED,PASSED,0.900146343382735,18,1.00929443740781,30,3.39728245535298e-14,6.63247234911069e-13,26,28,0.1737
ATT_T002_000518_1,CALL_T002_000518,1,ANCHOR_SEARCH,2010-07-02 17:30:00,E0022,CAL_001084,0,-1358.28473294019,2404.52776212079,FLAT_START,CONVERGED_FEASIBLE,CONVERGED,PASSED,0.900008047011385,18,1,1,2.34257058195908e-14,4.66959804157341e-13,26,28,0.1439
ATT_T002_000519_1,CALL_T002_000519,1,ANCHOR_SEARCH,2010-07-02 17:30:00,E0022,CAL_001084,0.5,-1357.79847703286,2404.64418889001,FLAT_START,CONVERGED_FEASIBLE,CONVERGED,PASSED,0.900037584807321,18,1,1,2.34257058195908e-14,4.66404692645028e-13,26,28,0.1389
ATT_T002_000520_1,CALL_T002_000520,1,ANCHOR_SEARCH,2010-07-02 17:30:00,E0022,CAL_001084,1,-1357.31222112554,2404.76061565922,FLAT_START,CONVERGED_FEASIBLE,CONVERGED,PASSED,0.900067120107112,18,1,1,2.33146835171283e-14,4.65183447317941e-13,26,28,0.137
ATT_T002_000521_1,CALL_T002_000521,1,ANCHOR_SEARCH,2010-07-02 17:30:00,E0022,CAL_001084,2,-1356.33970931089,2404.99346919766,FLAT_START,CONVERGED_FEASIBLE,CONVERGED,PASSED,0.900126183220589,18,1,1,2.34257058195908e-14,4.63296068176078e-13,26,28,0.1371
ATT_T002_000522_1,CALL_T002_000522,1,ANCHOR_SEARCH,2010-07-02 17:30:00,E0022,CAL_001084,4,-1354.39468568158,2405.45917627453,FLAT_START,CONVERGED_FEASIBLE,CONVERGED,PASSED,0.900244279519423,18,1,1,2.30926389122033e-14,4.58744153775115e-13,26,28,0.138
ATT_T002_000523_1,CALL_T002_000523,1,ANCHOR_SEARCH,2010-07-02 17:30:00,E0022,CAL_001084,3,-1355.36719749623,2405.22632273609,FLAT_START,CONVERGED_FEASIBLE,CONVERGED,PASSED,0.900185236356474,18,1,1,2.30926389122033e-14,4.60964599824365e-13,26,28,0.1371
ATT_T002_000524_1,CALL_T002_000524,1,ANCHOR_SEARCH,2010-07-02 17:30:00,E0022,CAL_001084,2.5,-1355.85345340356,2405.10989596688,FLAT_START,CONVERGED_FEASIBLE,CONVERGED,PASSED,0.900155711035439,18,1,1,2.30926389122033e-14,4.6207482284899e-13,26,28,0.1591
ATT_T002_000525_1,CALL_T002_000525,1,ANCHOR_SEARCH,2010-07-02 17:30:00,E0022,CAL_001084,2.25,-1356.09658135722,2405.05168258227,FLAT_START,CONVERGED_FEASIBLE,CONVERGED,PASSED,0.900140947439777,18,1,1,2.33146835171283e-14,4.62740956663765e-13,26,28,0.1368
ATT_T002_000526_1,CALL_T002_000526,1,EDGE_CANDIDATE_SCREEN,2010-07-02 17:30:00,E0022,CAL_001075,2.5,-1440.43544635865,2758.36623043667,FLAT_START,CONVERGED_FEASIBLE,CONVERGED,PASSED,0.900160249689819,18,1.00718654615997,30,3.14193115968919e-14,6.178391132039e-13,26,28,0.1462
ATT_T002_000527_1,CALL_T002_000527,1,EDGE_CANDIDATE_SCREEN,2010-07-02 17:30:00,E0022,CAL_001076,2.5,-1430.43755500835,2716.61007965989,FLAT_START,CONVERGED_FEASIBLE,CONVERGED,PASSED,0.900166286933492,18,1.00615044340859,30,3.03090885722668e-14,5.96966920340947e-13,26,28,0.1396
ATT_T002_000528_1,CALL_T002_000528,1,EDGE_CANDIDATE_SCREEN,2010-07-02 17:30:00,E0022,CAL_001077,2.5,-1420.60141663004,2675.52948948388,FLAT_START,CONVERGED_FEASIBLE,CONVERGED,PASSED,0.900170522339959,18,1.00512805848142,30,2.91988655476416e-14,5.76649838990306e-13,26,28,0.1373
ATT_T002_000529_1,CALL_T002_000529,1,EDGE_CANDIDATE_SCREEN,2010-07-02 17:30:00,E0022,CAL_001078,2.5,-1410.92167485044,2635.10208903835,FLAT_START,CONVERGED_FEASIBLE,CONVERGED,PASSED,0.900173033456516,18,1.00411896225856,30,2.8199664825479e-14,5.57554002966754e-13,26,28,0.1423
ATT_T002_000530_1,CALL_T002_000530,1,EDGE_CANDIDATE_SCREEN,2010-07-02 17:30:00,E0022,CAL_001079,2.5,-1401.39318919577,2595.30640915641,FLAT_START,CONVERGED_FEASIBLE,CONVERGED,PASSED,0.900173893428603,18,1.00312274095718,30,2.72004641033163e-14,5.39568389967826e-13,26,28,0.2355
ATT_T002_000531_1,CALL_T002_000531,1,EDGE_CANDIDATE_SCREEN,2010-07-02 17:30:00,E0022,CAL_001080,2.5,-1392.01102397594,2556.12183594934,FLAT_START,CONVERGED_FEASIBLE,CONVERGED,PASSED,0.900173171274064,18,1.00213899540424,30,2.64233079860787e-14,5.22581977691061e-13,26,28,0.2308
ATT_T002_000532_1,CALL_T002_000532,1,EDGE_CANDIDATE_SCREEN,2010-07-02 17:30:00,E0022,CAL_001081,2.5,-1382.7704378411,2517.52856718968,FLAT_START,CONVERGED_FEASIBLE,CONVERGED,PASSED,0.900170932137646,18,1.00116734034934,30,2.55351295663786e-14,5.06150676926609e-13,26,28,0.2417
ATT_T002_000533_1,CALL_T002_000533,1,EDGE_CANDIDATE_SCREEN,2010-07-02 17:30:00,E0022,CAL_001082,2.5,-1373.66687396355,2479.50757130579,FLAT_START,CONVERGED_FEASIBLE,CONVERGED,PASSED,0.900167237527332,18,1.00020740381477,30,2.4757973449141e-14,4.90829599186782e-13,26,28,0.2297
ATT_T002_000534_1,CALL_T002_000534,1,EDGE_CANDIDATE_SCREEN,2010-07-02 17:30:00,E0022,CAL_001083,2.5,-1364.6959508013,2442.04054880623,FLAT_START,CONVERGED_FEASIBLE,CONVERGED,PASSED,0.900162145533961,18,1,1,2.39808173319034e-14,4.75619543749417e-13,26,28,0.2392
ATT_T002_000535_1,CALL_T002_000535,1,LOCAL_REENTRY_STENCIL,2010-07-02 17:30:00,E0022,CAL_001084,2.75,-1355.6103254499,2405.16810935148,FLAT_START,CONVERGED_FEASIBLE,CONVERGED,PASSED,0.900170474007647,18,1,1,2.29816166097407e-14,4.6163073363914e-13,26,28,0.2128
ATT_T002_000536_1,CALL_T002_000536,1,LOCAL_REENTRY_STENCIL,2010-07-02 17:30:00,E0022,CAL_001084,2.25,-1356.09658135722,2405.05168258227,FLAT_START,CONVERGED_FEASIBLE,CONVERGED,PASSED,0.900140947439777,18,1,1,2.33146835171283e-14,4.62740956663765e-13,26,28,0.2179
ATT_T002_000537_1,CALL_T002_000537,1,ANCHOR_SEARCH,2010-07-02 17:30:00,E0023,CAL_001094,0,-1281.65528381315,2092.8056823789,FLAT_START,CONVERGED_FEASIBLE,CONVERGED,PASSED,0.90001127520991,18,1,1,1.7874590696465e-14,1.04816155754861e-12,25,28,0.2309
ATT_T002_000538_1,CALL_T002_000538,1,ANCHOR_SEARCH,2010-07-02 17:30:00,E0023,CAL_001094,0.5,-1281.16973947237,2092.92504189104,FLAT_START,CONVERGED_FEASIBLE,CONVERGED,PASSED,0.900040701679718,18,1,1,1.77635683940025e-14,1.04616315610429e-12,25,28,0.2455
ATT_T002_000539_1,CALL_T002_000539,1,ANCHOR_SEARCH,2010-07-02 17:30:00,E0023,CAL_001094,1,-1280.68419513159,2093.04440140318,FLAT_START,CONVERGED_FEASIBLE,CONVERGED,PASSED,0.900070125685328,18,1,1,1.765254609154e-14,1.04394271005503e-12,25,28,0.2278
ATT_T002_000540_1,CALL_T002_000540,1,ANCHOR_SEARCH,2010-07-02 17:30:00,E0023,CAL_001094,2,-1279.71310645004,2093.28312042745,FLAT_START,CONVERGED_FEASIBLE,CONVERGED,PASSED,0.900128966306231,18,1,1,1.77635683940025e-14,1.03939079565407e-12,25,28,0.2282
ATT_T002_000541_1,CALL_T002_000541,1,ANCHOR_SEARCH,2010-07-02 17:30:00,E0023,CAL_001094,4,-1277.77092908692,2093.760558476,FLAT_START,CONVERGED_FEASIBLE,CONVERGED,PASSED,0.900246618002703,18,1,1,1.73194791841524e-14,1.0298428776423e-12,25,28,0.3273
ATT_T002_000542_1,CALL_T002_000542,1,ANCHOR_SEARCH,2010-07-02 17:30:00,E0023,CAL_001094,3,-1278.74201776848,2093.52183945173,FLAT_START,CONVERGED_FEASIBLE,CONVERGED,PASSED,0.900187797077172,18,1,1,1.7430501486615e-14,1.03450581434572e-12,25,28,0.2295
ATT_T002_000543_1,CALL_T002_000543,1,ANCHOR_SEARCH,2010-07-02 17:30:00,E0023,CAL_001094,2.5,-1279.22756210926,2093.40247993959,FLAT_START,CONVERGED_FEASIBLE,CONVERGED,PASSED,0.900158382922662,18,1,1,1.765254609154e-14,1.03705932730236e-12,25,28,0.2057
ATT_T002_000544_1,CALL_T002_000544,1,ANCHOR_SEARCH,2010-07-02 17:30:00,E0023,CAL_001094,2.25,-1279.47033427965,2093.34280018352,FLAT_START,CONVERGED_FEASIBLE,CONVERGED,PASSED,0.900143674922222,18,1,1,1.765254609154e-14,1.03805852802452e-12,25,28,0.2086
ATT_T002_000545_1,CALL_T002_000545,1,EDGE_CANDIDATE_SCREEN,2010-07-02 17:30:00,E0023,CAL_001086,2.5,-1346.87274643445,2368.57733481051,FLAT_START,CONVERGED_FEASIBLE,CONVERGED,PASSED,0.900161351093802,18,1,1,2.23154827949656e-14,4.48308057343638e-13,26,28,0.2199
ATT_T002_000546_1,CALL_T002_000546,1,EDGE_CANDIDATE_SCREEN,2010-07-02 17:30:00,E0023,CAL_001087,2.5,-1338.01471375436,2332.54361147155,FLAT_START,CONVERGED_FEASIBLE,CONVERGED,PASSED,0.900165538291544,18,1,1,2.1538326677728e-14,4.34985381048136e-13,26,28,0.235
ATT_T002_000547_1,CALL_T002_000547,1,EDGE_CANDIDATE_SCREEN,2010-07-02 17:30:00,E0023,CAL_001088,2.5,-1329.27895012873,2297.00726824402,FLAT_START,CONVERGED_FEASIBLE,CONVERGED,PASSED,0.900168326971488,18,1,1,2.1094237467878e-14,1.21913590334088e-12,25,28,26.4114
ATT_T002_000548_1,CALL_T002_000548,1,EDGE_CANDIDATE_SCREEN,2010-07-02 17:30:00,E0023,CAL_001089,2.5,-1320.66163789375,2261.95277519632,FLAT_START,CONVERGED_FEASIBLE,CONVERGED,PASSED,0.900169768457168,18,1,1,2.03170813506404e-14,1.18505205648489e-12,25,28,0.209
ATT_T002_000549_1,CALL_T002_000549,1,EDGE_CANDIDATE_SCREEN,2010-07-02 17:30:00,E0023,CAL_001090,2.5,-1312.15909782722,2227.36516556557,FLAT_START,CONVERGED_FEASIBLE,CONVERGED,PASSED,0.900169911363307,18,1,1,1.97619698383278e-14,1.1527445664683e-12,25,28,0.1493
ATT_T002_000550_1,CALL_T002_000550,1,EDGE_CANDIDATE_SCREEN,2010-07-02 17:30:00,E0023,CAL_001091,2.5,-1303.76778257489,2193.2300090164,FLAT_START,CONVERGED_FEASIBLE,CONVERGED,PASSED,0.900168801747956,18,1,1,1.90958360235527e-14,1.12188036638372e-12,25,28,0.1441
ATT_T002_000551_1,CALL_T002_000551,1,EDGE_CANDIDATE_SCREEN,2010-07-02 17:30:00,E0023,CAL_001092,2.5,-1295.48427043967,2159.53338637626,FLAT_START,CONVERGED_FEASIBLE,CONVERGED,PASSED,0.900166483254585,18,1,1,1.84297022087776e-14,1.09257047853362e-12,25,28,0.1435
ATT_T002_000552_1,CALL_T002_000552,1,EDGE_CANDIDATE_SCREEN,2010-07-02 17:30:00,E0023,CAL_001093,2.5,-1287.30525951056,2126.261865752,FLAT_START,CONVERGED_FEASIBLE,CONVERGED,PASSED,0.90016299724484,18,1,1,1.79856129989275e-14,1.06414876910321e-12,25,28,0.1499
ATT_T002_000553_1,CALL_T002_000553,1,LOCAL_REENTRY_STENCIL,2010-07-02 17:30:00,E0023,CAL_001094,2.75,-1278.98478993887,2093.46215969566,FLAT_START,CONVERGED_FEASIBLE,CONVERGED,PASSED,0.900173090307622,18,1,1,1.75415237890775e-14,1.03572705967281e-12,25,28,0.1428
ATT_T002_000554_1,CALL_T002_000554,1,LOCAL_REENTRY_STENCIL,2010-07-02 17:30:00,E0023,CAL_001094,2.25,-1279.47033427965,2093.34280018352,FLAT_START,CONVERGED_FEASIBLE,CONVERGED,PASSED,0.900143674922222,18,1,1,1.765254609154e-14,1.03805852802452e-12,25,28,0.1705
ATT_T002_000555_1,CALL_T002_000555,1,ANCHOR_SEARCH,2010-07-02 17:30:00,E0024,CAL_001096,0,-1273.67582123857,2060.34590748431,FLAT_START,CONVERGED_FEASIBLE,CONVERGED,PASSED,0.900005624965728,18,1,1,1.7430501486615e-14,1.02207131646992e-12,25,28,0.147
ATT_T002_000556_1,CALL_T002_000556,1,ANCHOR_SEARCH,2010-07-02 17:30:00,E0024,CAL_001096,0.5,-1273.19101123926,2060.4682155567,FLAT_START,CONVERGED_FEASIBLE,CONVERGED,PASSED,0.900035040407414,18,1,1,1.73194791841524e-14,1.01973984811821e-12,25,28,0.1452
ATT_T002_000557_1,CALL_T002_000557,1,ANCHOR_SEARCH,2010-07-02 17:30:00,E0024,CAL_001096,1,-1272.70620123996,2060.5905236291,FLAT_START,CONVERGED_FEASIBLE,CONVERGED,PASSED,0.900064453389951,18,1,1,1.70974345792274e-14,1.01763042437142e-12,25,28,0.1419
ATT_T002_000558_1,CALL_T002_000558,1,ANCHOR_SEARCH,2010-07-02 17:30:00,E0024,CAL_001096,2,-1271.73658124134,2060.83513977388,FLAT_START,CONVERGED_FEASIBLE,CONVERGED,PASSED,0.900123271979854,18,1,1,1.69864122767649e-14,1.01330055457538e-12,25,28,0.1404
ATT_T002_000559_1,CALL_T002_000559,1,ANCHOR_SEARCH,2010-07-02 17:30:00,E0024,CAL_001096,4,-1269.79734124412,2061.32437206346,FLAT_START,CONVERGED_FEASIBLE,CONVERGED,PASSED,0.90024087967485,18,1,1,1.69864122767649e-14,1.00364161426114e-12,25,28,0.1399
ATT_T002_000560_1,CALL_T002_000560,1,ANCHOR_SEARCH,2010-07-02 17:30:00,E0024,CAL_001096,3,-1270.76696124273,2061.07975591867,FLAT_START,CONVERGED_FEASIBLE,CONVERGED,PASSED,0.900182080739975,18,1,1,1.69864122767649e-14,1.00863761787195e-12,25,28,0.2113
ATT_T002_000561_1,CALL_T002_000561,1,ANCHOR_SEARCH,2010-07-02 17:30:00,E0024,CAL_001096,2.5,-1271.25177124204,2060.95744784628,FLAT_START,CONVERGED_FEASIBLE,CONVERGED,PASSED,0.900152677588353,18,1,1,1.69864122767649e-14,1.01074704161874e-12,25,28,0.1439
ATT_T002_000562_1,CALL_T002_000562,1,ANCHOR_SEARCH,2010-07-02 17:30:00,E0024,CAL_001096,2.25,-1271.49417624169,2060.89629381008,FLAT_START,CONVERGED_FEASIBLE,CONVERGED,PASSED,0.900137975091249,18,1,1,1.69864122767649e-14,1.01163522003844e-12,25,28,0.1407
ATT_T002_000563_1,CALL_T002_000563,1,EDGE_CANDIDATE_SCREEN,2010-07-02 17:30:00,E0024,CAL_001097,2.5,-1263.13905149612,2028.79990029091,FLAT_START,CONVERGED_FEASIBLE,CONVERGED,PASSED,0.900157734687912,18,1,1,1.65423230669148e-14,9.84878845144976e-13,25,28,0.1631
ATT_T002_000564_1,CALL_T002_000564,1,EDGE_CANDIDATE_SCREEN,2010-07-02 17:30:00,E0024,CAL_001098,2.5,-1255.12308415945,1997.02586409775,FLAT_START,CONVERGED_FEASIBLE,CONVERGED,PASSED,0.900161611975719,18,1,1,1.60982338570648e-14,9.60120871695835e-13,25,28,0.1781
ATT_T002_000565_1,CALL_T002_000565,1,EDGE_CANDIDATE_SCREEN,2010-07-02 17:30:00,E0024,CAL_001099,2.5,-1247.20094925843,1965.62376494994,FLAT_START,CONVERGED_FEASIBLE,CONVERGED,PASSED,0.900164346691103,18,1,1,1.57651669496772e-14,9.35918009759007e-13,25,28,0.1829
ATT_T002_000566_1,CALL_T002_000566,1,EDGE_CANDIDATE_SCREEN,2010-07-02 17:30:00,E0024,CAL_001100,2.5,-1239.36982304138,1934.58240993901,FLAT_START,CONVERGED_FEASIBLE,CONVERGED,PASSED,0.900165974210328,18,1,1,1.52100554373646e-14,9.13047415451729e-13,25,28,0.1472
ATT_T002_000567_1,CALL_T002_000567,1,EDGE_CANDIDATE_SCREEN,2010-07-02 17:30:00,E0024,CAL_001101,2.5,-1231.62697367849,1903.89097052048,FLAT_START,CONVERGED_FEASIBLE,CONVERGED,PASSED,0.900166528141755,18,1,1,1.47659662275146e-14,8.91509088774001e-13,25,28,0.1432
ATT_T002_000568_1,CALL_T002_000568,1,EDGE_CANDIDATE_SCREEN,2010-07-02 17:30:00,E0024,CAL_001102,2.5,-1223.96975718143,1873.53896633962,FLAT_START,CONVERGED_FEASIBLE,CONVERGED,PASSED,0.900166040415114,18,1,1,1.43218770176645e-14,8.69970762096273e-13,25,28,0.1423
ATT_T002_000569_1,CALL_T002_000569,1,EDGE_CANDIDATE_SCREEN,2010-07-02 17:30:00,E0024,CAL_001103,2.5,-1216.39561352916,1843.51624987494,FLAT_START,CONVERGED_FEASIBLE,CONVERGED,PASSED,0.900164541365293,18,1,1,1.40998324127395e-14,8.49764703048095e-13,25,28,0.1412
ATT_T002_000570_1,CALL_T002_000570,1,EDGE_CANDIDATE_SCREEN,2010-07-02 17:30:00,E0024,CAL_001104,2.5,-1208.90206298781,1813.81299185059,FLAT_START,CONVERGED_FEASIBLE,CONVERGED,PASSED,0.900162059811022,18,1,1,1.36557432028894e-14,8.30335800117155e-13,25,28,0.1512
ATT_T002_000571_1,CALL_T002_000571,1,EDGE_CANDIDATE_SCREEN,2010-07-02 17:30:00,E0024,CAL_001105,2.5,-1201.48670261296,1784.41966737214,FLAT_START,CONVERGED_FEASIBLE,CONVERGED,PASSED,0.900158623128847,18,1,1,3.530509218308e-14,7.35189686906779e-13,25,27,0.1618
ATT_T002_000572_1,CALL_T002_000572,1,EDGE_CANDIDATE_SCREEN,2010-07-02 17:30:00,E0024,CAL_001106,2.5,-1194.14720292375,1755.32704274309,FLAT_START,CONVERGED_FEASIBLE,CONVERGED,PASSED,0.900154257322276,18,1,1,3.43058914609173e-14,7.18758386142326e-13,25,27,0.14
ATT_T002_000573_1,CALL_T002_000573,1,LOCAL_REENTRY_STENCIL,2010-07-02 17:30:00,E0024,CAL_001096,2.75,-1271.00936624238,2061.01860188247,FLAT_START,CONVERGED_FEASIBLE,CONVERGED,PASSED,0.900167379471238,18,1,1,1.68753899743024e-14,1.00930375168673e-12,25,28,0.1408
ATT_T002_000574_1,CALL_T002_000574,1,LOCAL_REENTRY_STENCIL,2010-07-02 17:30:00,E0024,CAL_001096,2.25,-1271.49417624169,2060.89629381008,FLAT_START,CONVERGED_FEASIBLE,CONVERGED,PASSED,0.900137975091249,18,1,1,1.69864122767649e-14,1.01163522003844e-12,25,28,0.1359
ATT_T002_000575_1,CALL_T002_000575,1,ANCHOR_SEARCH,2010-07-02 17:30:00,E0025,CAL_001126,0,-1064.59704597023,1248.51533912522,FLAT_START,CONVERGED_FEASIBLE,CONVERGED,PASSED,0.900015934613206,18,1,1,2.25375273998907e-14,4.93161067538495e-13,25,27,0.1418
ATT_T002_000576_1,CALL_T002_000576,1,ANCHOR_SEARCH,2010-07-02 17:30:00,E0025,CAL_001126,0.5,-1064.11321912755,1248.64148026167,FLAT_START,CONVERGED_FEASIBLE,CONVERGED,PASSED,0.900045068222308,18,1,1,2.23154827949656e-14,4.91828799908944e-13,25,27,0.1369
ATT_T002_000577_1,CALL_T002_000577,1,ANCHOR_SEARCH,2010-07-02 17:30:00,E0025,CAL_001126,1,-1063.62939228487,1248.76762139812,FLAT_START,CONVERGED_FEASIBLE,CONVERGED,PASSED,0.900074199449969,18,1,1,2.24265050974282e-14,4.91051643791707e-13,25,27,0.1378
ATT_T002_000578_1,CALL_T002_000578,1,ANCHOR_SEARCH,2010-07-02 17:30:00,E0025,CAL_001126,2,-1062.66173859952,1249.01990367101,FLAT_START,CONVERGED_FEASIBLE,CONVERGED,PASSED,0.900132454763116,18,1,1,2.23154827949656e-14,4.88609153137531e-13,25,27,0.1634
ATT_T002_000579_1,CALL_T002_000579,1,ANCHOR_SEARCH,2010-07-02 17:30:00,E0025,CAL_001126,4,-1060.72643122881,1249.52446821681,FLAT_START,CONVERGED_FEASIBLE,CONVERGED,PASSED,0.90024893683571,18,1,1,2.19824158875781e-14,4.84057238736568e-13,25,27,0.1363
ATT_T002_000580_1,CALL_T002_000580,1,ANCHOR_SEARCH,2010-07-02 17:30:00,E0025,CAL_001126,3,-1061.69408491416,1249.27218594391,FLAT_START,CONVERGED_FEASIBLE,CONVERGED,PASSED,0.900190700556934,18,1,1,2.20934381900406e-14,4.86277684785819e-13,25,27,0.1369
ATT_T002_000581_1,CALL_T002_000581,1,ANCHOR_SEARCH,2010-07-02 17:30:00,E0025,CAL_001126,2.5,-1062.17791175684,1249.14604480746,FLAT_START,CONVERGED_FEASIBLE,CONVERGED,PASSED,0.900161578849673,18,1,1,2.23154827949656e-14,4.87609952415369e-13,25,27,0.1337
ATT_T002_000582_1,CALL_T002_000582,1,ANCHOR_SEARCH,2010-07-02 17:30:00,E0025,CAL_001126,2.25,-1062.41982517818,1249.08297423924,FLAT_START,CONVERGED_FEASIBLE,CONVERGED,PASSED,0.90014701710384,18,1,1,2.23154827949656e-14,4.87943019322756e-13,25,27,0.1573
ATT_T002_000583_1,CALL_T002_000583,1,EDGE_CANDIDATE_SCREEN,2010-07-02 17:30:00,E0025,CAL_001108,2.5,-1186.62696148622,1726.48272101033,FLAT_START,CONVERGED_FEASIBLE,CONVERGED,PASSED,0.90016278971584,18,1,1,3.35287353436797e-14,7.02216063075412e-13,25,27,0.1433
ATT_T002_000584_1,CALL_T002_000584,1,EDGE_CANDIDATE_SCREEN,2010-07-02 17:30:00,E0025,CAL_001109,2.5,-1179.17761105583,1697.90999842189,FLAT_START,CONVERGED_FEASIBLE,CONVERGED,PASSED,0.900170287856552,18,1,1,3.26405569239796e-14,6.86117829218347e-13,25,27,0.1652
ATT_T002_000585_1,CALL_T002_000585,1,EDGE_CANDIDATE_SCREEN,2010-07-02 17:30:00,E0025,CAL_001110,2.5,-1171.80180992466,1669.61938146706,FLAT_START,CONVERGED_FEASIBLE,CONVERGED,PASSED,0.900176777979117,18,1,1,3.1863400806742e-14,6.7124084068837e-13,25,27,0.1416
ATT_T002_000586_1,CALL_T002_000586,1,EDGE_CANDIDATE_SCREEN,2010-07-02 17:30:00,E0025,CAL_001111,2.5,-1164.49736715062,1641.60246657012,FLAT_START,CONVERGED_FEASIBLE,CONVERGED,PASSED,0.900182286391825,18,1,1,3.09752223870419e-14,6.5625282985593e-13,25,27,0.1376
ATT_T002_000587_1,CALL_T002_000587,1,EDGE_CANDIDATE_SCREEN,2010-07-02 17:30:00,E0025,CAL_001112,2.5,-1157.2621555144,1613.85109457034,FLAT_START,CONVERGED_FEASIBLE,CONVERGED,PASSED,0.900186838144954,18,1,1,3.01980662698043e-14,6.42152997443191e-13,25,27,0.1367
ATT_T002_000588_1,CALL_T002_000588,1,EDGE_CANDIDATE_SCREEN,2010-07-02 17:30:00,E0025,CAL_001113,2.5,-1150.09410882557,1586.35734038938,FLAT_START,CONVERGED_FEASIBLE,CONVERGED,PASSED,0.900190457087539,18,1,1,2.96429547574917e-14,6.28497254240301e-13,25,27,0.1388
ATT_T002_000589_1,CALL_T002_000589,1,EDGE_CANDIDATE_SCREEN,2010-07-02 17:30:00,E0025,CAL_001114,2.5,-1142.99121935364,1559.1135031778,FLAT_START,CONVERGED_FEASIBLE,CONVERGED,PASSED,0.900193165920863,18,1,1,2.87547763377916e-14,6.14952533339874e-13,25,27,0.1388
ATT_T002_000590_1,CALL_T002_000590,1,EDGE_CANDIDATE_SCREEN,2010-07-02 17:30:00,E0025,CAL_001115,2.5,-1135.951535377,1532.11209691367,FLAT_START,CONVERGED_FEASIBLE,CONVERGED,PASSED,0.900194986248862,18,1,1,2.80886425230165e-14,6.02295990859147e-13,25,27,0.137
ATT_T002_000591_1,CALL_T002_000591,1,EDGE_CANDIDATE_SCREEN,2010-07-02 17:30:00,E0025,CAL_001116,2.5,-1128.97315884313,1505.34584142829,FLAT_START,CONVERGED_FEASIBLE,CONVERGED,PASSED,0.900195938625644,18,1,1,2.75335310107039e-14,5.89972515285808e-13,25,27,0.1444
ATT_T002_000592_1,CALL_T002_000592,1,EDGE_CANDIDATE_SCREEN,2010-07-02 17:30:00,E0025,CAL_001117,2.5,-1122.05424313405,1478.80765383517,FLAT_START,CONVERGED_FEASIBLE,CONVERGED,PASSED,0.900196042600285,18,1,1,2.69784194983913e-14,5.78315173527244e-13,25,27,0.1406
ATT_T002_000593_1,CALL_T002_000593,1,EDGE_CANDIDATE_SCREEN,2010-07-02 17:30:00,E0025,CAL_001118,2.5,-1115.19299093106,1452.49064034019,FLAT_START,CONVERGED_FEASIBLE,CONVERGED,PASSED,0.900195316759072,18,1,1,2.63122856836162e-14,5.66546809466217e-13,25,27,0.1376
ATT_T002_000594_1,CALL_T002_000594,1,EDGE_CANDIDATE_SCREEN,2010-07-02 17:30:00,E0025,CAL_001119,2.5,-1108.38765217349,1426.38808841204,FLAT_START,CONVERGED_FEASIBLE,CONVERGED,PASSED,0.900193778765335,18,1,1,2.59792187762287e-14,5.55222534615041e-13,25,27,0.139
ATT_T002_000595_1,CALL_T002_000595,1,EDGE_CANDIDATE_SCREEN,2010-07-02 17:30:00,E0025,CAL_001120,2.5,-1101.63652210625,1400.49345929339,FLAT_START,CONVERGED_FEASIBLE,CONVERGED,PASSED,0.900191445397022,18,1,1,2.50910403565285e-14,5.44786438183564e-13,25,27,0.1376
ATT_T002_000596_1,CALL_T002_000596,1,EDGE_CANDIDATE_SCREEN,2010-07-02 17:30:00,E0025,CAL_001121,2.5,-1094.93793941133,1374.80038083423,FLAT_START,CONVERGED_FEASIBLE,CONVERGED,PASSED,0.900188332582143,18,1,1,2.4535928844216e-14,5.34683408659475e-13,25,27,0.1373
ATT_T002_000597_1,CALL_T002_000597,1,EDGE_CANDIDATE_SCREEN,2010-07-02 17:30:00,E0025,CAL_001122,2.5,-1088.29028441887,1349.30264063017,FLAT_START,CONVERGED_FEASIBLE,CONVERGED,PASSED,0.900184455432189,18,1,1,2.42028619368284e-14,5.24580379135386e-13,25,27,0.1619
ATT_T002_000598_1,CALL_T002_000598,1,EDGE_CANDIDATE_SCREEN,2010-07-02 17:30:00,E0025,CAL_001123,2.5,-1081.69197739345,1323.99417944923,FLAT_START,CONVERGED_FEASIBLE,CONVERGED,PASSED,0.900179828273665,18,1,1,2.35367281220533e-14,5.14477349611298e-13,25,27,0.1389
ATT_T002_000599_1,CALL_T002_000599,1,EDGE_CANDIDATE_SCREEN,2010-07-02 17:30:00,E0025,CAL_001124,2.5,-1075.14147689153,1298.86908493181,FLAT_START,CONVERGED_FEASIBLE,CONVERGED,PASSED,0.900174464677829,18,1,1,2.30926389122033e-14,5.05484543111834e-13,25,27,0.1394
ATT_T002_000600_1,CALL_T002_000600,1,EDGE_CANDIDATE_SCREEN,2010-07-02 17:30:00,E0025,CAL_001125,2.5,-1068.63727818637,1273.92158554927,FLAT_START,CONVERGED_FEASIBLE,CONVERGED,PASSED,0.900168377488735,18,1,1,2.27595720048157e-14,4.96158669704982e-13,25,27,0.137
ATT_T002_000601_1,CALL_T002_000601,1,LOCAL_REENTRY_STENCIL,2010-07-02 17:30:00,E0025,CAL_001126,2.75,-1061.9359983355,1249.20911537569,FLAT_START,CONVERGED_FEASIBLE,CONVERGED,PASSED,0.900176140000682,18,1,1,2.22044604925031e-14,4.87054840903056e-13,25,27,0.1399
ATT_T002_000602_1,CALL_T002_000602,1,LOCAL_REENTRY_STENCIL,2010-07-02 17:30:00,E0025,CAL_001126,2.25,-1062.41982517818,1249.08297423924,FLAT_START,CONVERGED_FEASIBLE,CONVERGED,PASSED,0.90014701710384,18,1,1,2.23154827949656e-14,4.87943019322756e-13,25,27,0.1389
ATT_T002_000603_1,CALL_T002_000603,1,ANCHOR_SEARCH,2010-07-02 17:30:00,E0026,CAL_001146,0,-938.355375019484,782.498595468108,FLAT_START,CONVERGED_FEASIBLE,CONVERGED,PASSED,0.900010691038934,18,1,1,1.54321000422897e-14,3.5527136788005e-13,25,27,0.1746
ATT_T002_000604_1,CALL_T002_000604,1,ANCHOR_SEARCH,2010-07-02 17:30:00,E0026,CAL_001146,0.5,-937.872838542172,782.629586109238,FLAT_START,CONVERGED_FEASIBLE,CONVERGED,PASSED,0.900039670984321,18,1,1,1.53210777398272e-14,3.5438318946035e-13,25,27,0.1405
ATT_T002_000605_1,CALL_T002_000605,1,ANCHOR_SEARCH,2010-07-02 17:30:00,E0026,CAL_001146,1,-937.39030206486,782.760576750367,FLAT_START,CONVERGED_FEASIBLE,CONVERGED,PASSED,0.900068648592281,18,1,1,1.52100554373646e-14,3.54050122552962e-13,25,27,0.139
ATT_T002_000606_1,CALL_T002_000606,1,ANCHOR_SEARCH,2010-07-02 17:30:00,E0026,CAL_001146,2,-936.425229110237,783.022558032627,FLAT_START,CONVERGED_FEASIBLE,CONVERGED,PASSED,0.900126596797998,18,1,1,1.52100554373646e-14,3.52051721108637e-13,25,27,0.134
ATT_T002_000607_1,CALL_T002_000607,1,ANCHOR_SEARCH,2010-07-02 17:30:00,E0026,CAL_001146,4,-934.49508320099,783.546520597145,FLAT_START,CONVERGED_FEASIBLE,CONVERGED,PASSED,0.900242465183131,18,1,1,1.50990331349021e-14,3.48943096639687e-13,25,27,0.1342
ATT_T002_000608_1,CALL_T002_000608,1,ANCHOR_SEARCH,2010-07-02 17:30:00,E0026,CAL_001146,3,-935.460156155613,783.284539314886,FLAT_START,CONVERGED_FEASIBLE,CONVERGED,PASSED,0.900184535660232,18,1,1,1.49880108324396e-14,3.50941498084012e-13,25,27,0.1384
ATT_T002_000609_1,CALL_T002_000609,1,ANCHOR_SEARCH,2010-07-02 17:30:00,E0026,CAL_001146,2.5,-935.942692632925,783.153548673756,FLAT_START,CONVERGED_FEASIBLE,CONVERGED,PASSED,0.900155567396791,18,1,1,1.52100554373646e-14,3.512745649914e-13,25,27,0.1351
ATT_T002_000610_1,CALL_T002_000610,1,ANCHOR_SEARCH,2010-07-02 17:30:00,E0026,CAL_001146,2.25,-936.183960871581,783.088053353192,FLAT_START,CONVERGED_FEASIBLE,CONVERGED,PASSED,0.900141082389346,18,1,1,1.54321000422897e-14,3.521627434111e-13,25,27,0.1591
ATT_T002_000611_1,CALL_T002_000611,1,EDGE_CANDIDATE_SCREEN,2010-07-02 17:30:00,E0026,CAL_001128,2.5,-1049.132563915,1200.11648041295,FLAT_START,CONVERGED_FEASIBLE,CONVERGED,PASSED,0.900160671149027,18,1,1,2.12052597703405e-14,4.70068428626291e-13,25,27,0.1391
ATT_T002_000612_1,CALL_T002_000612,1,EDGE_CANDIDATE_SCREEN,2010-07-02 17:30:00,E0026,CAL_001129,2.5,-1042.54079645457,1175.83407197383,FLAT_START,CONVERGED_FEASIBLE,CONVERGED,PASSED,0.90016647514229,18,1,1,2.07611705604904e-14,4.61963800546528e-13,25,27,0.138
ATT_T002_000613_1,CALL_T002_000613,1,EDGE_CANDIDATE_SCREEN,2010-07-02 17:30:00,E0026,CAL_001130,2.5,-1035.99165970562,1151.70870432146,FLAT_START,CONVERGED_FEASIBLE,CONVERGED,PASSED,0.900171506256851,18,1,1,2.05391259555654e-14,4.53415083256914e-13,25,27,0.1411
ATT_T002_000614_1,CALL_T002_000614,1,EDGE_CANDIDATE_SCREEN,2010-07-02 17:30:00,E0026,CAL_001131,2.5,-1029.48375345407,1127.73521942044,FLAT_START,CONVERGED_FEASIBLE,CONVERGED,PASSED,0.900175777418706,18,1,1,1.99840144432528e-14,4.45421477479613e-13,25,27,0.1422
ATT_T002_000615_1,CALL_T002_000615,1,EDGE_CANDIDATE_SCREEN,2010-07-02 17:30:00,E0026,CAL_001132,2.5,-1023.01570754442,1103.90856996353,FLAT_START,CONVERGED_FEASIBLE,CONVERGED,PASSED,0.900179300887324,18,1,1,1.97619698383278e-14,4.37427871702312e-13,25,27,0.1385
ATT_T002_000616_1,CALL_T002_000616,1,EDGE_CANDIDATE_SCREEN,2010-07-02 17:30:00,E0026,CAL_001133,2.5,-1016.58618062488,1080.2238147491,FLAT_START,CONVERGED_FEASIBLE,CONVERGED,PASSED,0.900182088277607,18,1,1,1.92068583260152e-14,4.29989377437323e-13,25,27,0.1624
ATT_T002_000617_1,CALL_T002_000617,1,EDGE_CANDIDATE_SCREEN,2010-07-02 17:30:00,E0026,CAL_001134,2.5,-1010.19385893903,1056.67611422994,FLAT_START,CONVERGED_FEASIBLE,CONVERGED,PASSED,0.900184150580617,18,1,1,1.88737914186277e-14,4.23105994684647e-13,25,27,0.1423
ATT_T002_000618_1,CALL_T002_000618,1,EDGE_CANDIDATE_SCREEN,2010-07-02 17:30:00,E0026,CAL_001135,2.5,-1003.83745516155,1033.26072622434,FLAT_START,CONVERGED_FEASIBLE,CONVERGED,PASSED,0.900185498183099,18,1,1,1.84297022087776e-14,4.15556478117196e-13,25,27,0.1405
ATT_T002_000619_1,CALL_T002_000619,1,EDGE_CANDIDATE_SCREEN,2010-07-02 17:30:00,E0026,CAL_001136,2.5,-997.515707275739,1009.97300178107,FLAT_START,CONVERGED_FEASIBLE,CONVERGED,PASSED,0.900186140885872,18,1,1,1.83186799063151e-14,4.0911718457437e-13,25,27,0.1379
ATT_T002_000620_1,CALL_T002_000620,1,EDGE_CANDIDATE_SCREEN,2010-07-02 17:30:00,E0026,CAL_001137,2.5,-991.227377490542,986.808381190202,FLAT_START,CONVERGED_FEASIBLE,CONVERGED,PASSED,0.900186087921152,18,1,1,1.7874590696465e-14,4.02566868729082e-13,25,27,0.1385
ATT_T002_000621_1,CALL_T002_000621,1,EDGE_CANDIDATE_SCREEN,2010-07-02 17:30:00,E0026,CAL_001138,2.5,-984.971251195217,963.762390132144,FLAT_START,CONVERGED_FEASIBLE,CONVERGED,PASSED,0.900185347968831,18,1,1,1.765254609154e-14,3.95905530581331e-13,25,27,0.1445
ATT_T002_000622_1,CALL_T002_000622,1,EDGE_CANDIDATE_SCREEN,2010-07-02 17:30:00,E0026,CAL_001139,2.5,-978.746135949465,940.830635957653,FLAT_START,CONVERGED_FEASIBLE,CONVERGED,PASSED,0.900183929171781,18,1,1,1.70974345792274e-14,3.9013237085328e-13,25,27,0.1375
ATT_T002_000623_1,CALL_T002_000623,1,EDGE_CANDIDATE_SCREEN,2010-07-02 17:30:00,E0026,CAL_001140,2.5,-972.550860507278,918.008804091895,FLAT_START,CONVERGED_FEASIBLE,CONVERGED,PASSED,0.900181839150213,18,1,1,1.68753899743024e-14,3.83804099612917e-13,25,27,0.1636
ATT_T002_000624_1,CALL_T002_000624,1,EDGE_CANDIDATE_SCREEN,2010-07-02 17:30:00,E0026,CAL_001141,2.5,-966.384273872676,895.292654556044,FLAT_START,CONVERGED_FEASIBLE,CONVERGED,PASSED,0.900179085015135,18,1,1,1.64313007644523e-14,3.77808895279941e-13,25,27,0.1505
ATT_T002_000625_1,CALL_T002_000625,1,EDGE_CANDIDATE_SCREEN,2010-07-02 17:30:00,E0026,CAL_001142,2.5,-960.245244385662,872.678018600149,FLAT_START,CONVERGED_FEASIBLE,CONVERGED,PASSED,0.90017567338095,18,1,1,1.63202784619898e-14,3.7247982476174e-13,25,27,0.1409
ATT_T002_000626_1,CALL_T002_000626,1,EDGE_CANDIDATE_SCREEN,2010-07-02 17:30:00,E0026,CAL_001143,2.5,-954.132658836759,850.160795441327,FLAT_START,CONVERGED_FEASIBLE,CONVERGED,PASSED,0.90017161037722,18,1,1,1.58761892521397e-14,3.66817687336152e-13,25,27,0.1378
ATT_T002_000627_1,CALL_T002_000627,1,EDGE_CANDIDATE_SCREEN,2010-07-02 17:30:00,E0026,CAL_001144,2.5,-948.045421608608,827.736949101608,FLAT_START,CONVERGED_FEASIBLE,CONVERGED,PASSED,0.900166901659634,18,1,1,1.57651669496772e-14,3.61932706027801e-13,25,27,0.1453
ATT_T002_000628_1,CALL_T002_000628,1,EDGE_CANDIDATE_SCREEN,2010-07-02 17:30:00,E0026,CAL_001145,2.5,-941.982453843139,805.402505340027,FLAT_START,CONVERGED_FEASIBLE,CONVERGED,PASSED,0.900161552420219,18,1,1,1.55431223447522e-14,3.56825680114525e-13,25,27,0.1438
ATT_T002_000629_1,CALL_T002_000629,1,LOCAL_REENTRY_STENCIL,2010-07-02 17:30:00,E0026,CAL_001146,2.75,-935.701424394269,783.219043994321,FLAT_START,CONVERGED_FEASIBLE,CONVERGED,PASSED,0.900170051820398,18,1,1,1.50990331349021e-14,3.51607631898787e-13,25,27,0.1701
ATT_T002_000630_1,CALL_T002_000630,1,LOCAL_REENTRY_STENCIL,2010-07-02 17:30:00,E0026,CAL_001146,2.25,-936.183960871581,783.088053353192,FLAT_START,CONVERGED_FEASIBLE,CONVERGED,PASSED,0.900141082389346,18,1,1,1.54321000422897e-14,3.521627434111e-13,25,27,0.1411
ATT_T002_000631_1,CALL_T002_000631,1,ANCHOR_SEARCH,2010-07-02 17:30:00,E0027,CAL_001166,0,-817.01409356637,351.837736863297,FLAT_START,CONVERGED_FEASIBLE,CONVERGED,PASSED,0.90000925615348,18,1,1,1.13242748511766e-14,8.3677509365998e-13,24,27,0.1624
ATT_T002_000632_1,CALL_T002_000632,1,ANCHOR_SEARCH,2010-07-02 17:30:00,E0027,CAL_001166,0.5,-816.532901844306,351.973584302053,FLAT_START,CONVERGED_FEASIBLE,CONVERGED,PASSED,0.900038099940237,18,1,1,1.13242748511766e-14,8.34665669913193e-13,24,27,0.1447
ATT_T002_000633_1,CALL_T002_000633,1,ANCHOR_SEARCH,2010-07-02 17:30:00,E0027,CAL_001166,1,-816.051710122241,352.10943174081,FLAT_START,CONVERGED_FEASIBLE,CONVERGED,PASSED,0.900066941428711,18,1,1,1.11022302462516e-14,8.3277829077133e-13,24,27,0.1384
ATT_T002_000634_1,CALL_T002_000634,1,ANCHOR_SEARCH,2010-07-02 17:30:00,E0027,CAL_001166,2,-815.089326678112,352.381126618323,FLAT_START,CONVERGED_FEASIBLE,CONVERGED,PASSED,0.900124617512827,18,1,1,1.12132525487141e-14,8.29225577092529e-13,24,27,0.1384
ATT_T002_000635_1,CALL_T002_000635,1,ANCHOR_SEARCH,2010-07-02 17:30:00,E0027,CAL_001166,4,-813.164559789855,352.924516373349,FLAT_START,CONVERGED_FEASIBLE,CONVERGED,PASSED,0.900239942123804,18,1,1,1.08801856413265e-14,8.21676060525078e-13,24,27,0.1644
ATT_T002_000636_1,CALL_T002_000636,1,ANCHOR_SEARCH,2010-07-02 17:30:00,E0027,CAL_001166,3,-814.126943233984,352.652821495836,FLAT_START,CONVERGED_FEASIBLE,CONVERGED,PASSED,0.90018228440985,18,1,1,1.11022302462516e-14,8.25450818808804e-13,24,27,0.1386
ATT_T002_000637_1,CALL_T002_000637,1,ANCHOR_SEARCH,2010-07-02 17:30:00,E0027,CAL_001166,2.5,-814.608134956048,352.516974057079,FLAT_START,CONVERGED_FEASIBLE,CONVERGED,PASSED,0.900153452109474,18,1,1,1.12132525487141e-14,8.27227175648204e-13,24,27,0.1378
ATT_T002_000638_1,CALL_T002_000638,1,ANCHOR_SEARCH,2010-07-02 17:30:00,E0027,CAL_001166,2.25,-814.84873081708,352.449050337701,FLAT_START,CONVERGED_FEASIBLE,CONVERGED,PASSED,0.900139035098215,18,1,1,1.11022302462516e-14,8.28004331765442e-13,24,27,0.1389
ATT_T002_000639_1,CALL_T002_000639,1,EDGE_CANDIDATE_SCREEN,2010-07-02 17:30:00,E0027,CAL_001148,2.5,-923.712452962986,738.980606695259,FLAT_START,CONVERGED_FEASIBLE,CONVERGED,PASSED,0.900155068494236,18,1,1,1.45439216225896e-14,3.41837669282086e-13,25,27,0.1487
ATT_T002_000640_1,CALL_T002_000640,1,EDGE_CANDIDATE_SCREEN,2010-07-02 17:30:00,E0027,CAL_001149,2.5,-917.515463914835,717.029954853823,FLAT_START,CONVERGED_FEASIBLE,CONVERGED,PASSED,0.900160509028231,18,1,1,1.4432899320127e-14,3.3673064336881e-13,25,27,0.1427
ATT_T002_000641_1,CALL_T002_000641,1,EDGE_CANDIDATE_SCREEN,2010-07-02 17:30:00,E0027,CAL_001150,2.5,-911.339787473811,695.154795419305,FLAT_START,CONVERGED_FEASIBLE,CONVERGED,PASSED,0.900165278629603,18,1,1,1.4210854715202e-14,9.91762227897652e-13,24,27,0.1558
ATT_T002_000642_1,CALL_T002_000642,1,EDGE_CANDIDATE_SCREEN,2010-07-02 17:30:00,E0027,CAL_001151,2.5,-905.184377992249,673.351424553005,FLAT_START,CONVERGED_FEASIBLE,CONVERGED,PASSED,0.900169382726139,18,1,1,1.37667655053519e-14,9.78772618509538e-13,24,27,0.1384
ATT_T002_000643_1,CALL_T002_000643,1,EDGE_CANDIDATE_SCREEN,2010-07-02 17:30:00,E0027,CAL_001152,2.5,-899.048202829065,651.616184487462,FLAT_START,CONVERGED_FEASIBLE,CONVERGED,PASSED,0.900172826296349,18,1,1,1.36557432028894e-14,9.65894031423886e-13,24,27,0.1424
ATT_T002_000644_1,CALL_T002_000644,1,EDGE_CANDIDATE_SCREEN,2010-07-02 17:30:00,E0027,CAL_001153,2.5,-892.930241628728,629.945460972454,FLAT_START,CONVERGED_FEASIBLE,CONVERGED,PASSED,0.900175613876931,18,1,1,1.34336985979644e-14,9.53459533548084e-13,24,27,0.1386
ATT_T002_000645_1,CALL_T002_000645,1,EDGE_CANDIDATE_SCREEN,2010-07-02 17:30:00,E0027,CAL_001154,2.5,-886.829485617159,608.335680780988,FLAT_START,CONVERGED_FEASIBLE,CONVERGED,PASSED,0.900177749569586,18,1,1,1.33226762955019e-14,9.41691169487058e-13,24,27,0.1378
ATT_T002_000646_1,CALL_T002_000646,1,EDGE_CANDIDATE_SCREEN,2010-07-02 17:30:00,E0027,CAL_001155,2.5,-880.744936913526,586.783309271542,FLAT_START,CONVERGED_FEASIBLE,CONVERGED,PASSED,0.900179237047205,18,1,1,1.29896093881143e-14,9.29922805426031e-13,24,27,0.1513
ATT_T002_000647_1,CALL_T002_000647,1,EDGE_CANDIDATE_SCREEN,2010-07-02 17:30:00,E0027,CAL_001156,2.5,-874.675607856868,565.284848002914,FLAT_START,CONVERGED_FEASIBLE,CONVERGED,PASSED,0.900180079559438,18,1,1,1.28785870856518e-14,9.1882057517978e-13,24,27,0.139
ATT_T002_000648_1,CALL_T002_000648,1,EDGE_CANDIDATE_SCREEN,2010-07-02 17:30:00,E0027,CAL_001157,2.5,-868.620520346597,543.836832398134,FLAT_START,CONVERGED_FEASIBLE,CONVERGED,PASSED,0.900180279937667,18,1,1,1.25455201782643e-14,9.07940389538453e-13,24,27,0.1617
ATT_T002_000649_1,CALL_T002_000649,1,EDGE_CANDIDATE_SCREEN,2010-07-02 17:30:00,E0027,CAL_001158,2.5,-862.578705195877,522.435829454078,FLAT_START,CONVERGED_FEASIBLE,CONVERGED,PASSED,0.900179840599386,18,1,1,1.24344978758018e-14,8.97615315409439e-13,24,27,0.1374
ATT_T002_000650_1,CALL_T002_000650,1,EDGE_CANDIDATE_SCREEN,2010-07-02 17:30:00,E0027,CAL_001159,2.5,-856.549201496985,501.078435493458,FLAT_START,CONVERGED_FEASIBLE,CONVERGED,PASSED,0.90017876355201,18,1,1,1.23234755733392e-14,8.87734330490275e-13,24,27,0.1371
ATT_T002_000651_1,CALL_T002_000651,1,EDGE_CANDIDATE_SCREEN,2010-07-02 17:30:00,E0027,CAL_001160,2.5,-850.531055997732,479.761273956014,FLAT_START,CONVERGED_FEASIBLE,CONVERGED,PASSED,0.900177050396105,18,1,1,1.22124532708767e-14,8.78408457083424e-13,24,27,0.1387
ATT_T002_000652_1,CALL_T002_000652,1,EDGE_CANDIDATE_SCREEN,2010-07-02 17:30:00,E0027,CAL_001161,2.5,-844.523322488068,458.480993225794,FLAT_START,CONVERGED_FEASIBLE,CONVERGED,PASSED,0.900174702328071,18,1,1,1.18793863634892e-14,8.68860539071648e-13,24,27,0.1389
ATT_T002_000653_1,CALL_T002_000653,1,EDGE_CANDIDATE_SCREEN,2010-07-02 17:30:00,E0027,CAL_001162,2.5,-838.52506119603,437.234264491496,FLAT_START,CONVERGED_FEASIBLE,CONVERGED,PASSED,0.900171720142257,18,1,1,1.18793863634892e-14,8.59756710269721e-13,24,27,0.1373
ATT_T002_000654_1,CALL_T002_000654,1,EDGE_CANDIDATE_SCREEN,2010-07-02 17:30:00,E0027,CAL_001163,2.5,-832.535338192189,416.017779636942,FLAT_START,CONVERGED_FEASIBLE,CONVERGED,PASSED,0.90016810423254,18,1,1,1.15463194561016e-14,8.50985948375182e-13,24,27,0.1729
ATT_T002_000655_1,CALL_T002_000655,1,EDGE_CANDIDATE_SCREEN,2010-07-02 17:30:00,E0027,CAL_001164,2.5,-826.553224801794,394.828249158793,FLAT_START,CONVERGED_FEASIBLE,CONVERGED,PASSED,0.900163854593354,18,1,1,1.15463194561016e-14,8.42437231085569e-13,24,27,0.161
ATT_T002_000656_1,CALL_T002_000656,1,EDGE_CANDIDATE_SCREEN,2010-07-02 17:30:00,E0027,CAL_001165,2.5,-820.577797023804,373.662400108691,FLAT_START,CONVERGED_FEASIBLE,CONVERGED,PASSED,0.900158970820175,18,1,1,1.12132525487141e-14,8.3499873682058e-13,24,27,0.1394
ATT_T002_000657_1,CALL_T002_000657,1,LOCAL_REENTRY_STENCIL,2010-07-02 17:30:00,E0027,CAL_001166,2.75,-814.367539095016,352.584897776458,FLAT_START,CONVERGED_FEASIBLE,CONVERGED,PASSED,0.900167868546664,18,1,1,1.11022302462516e-14,8.26005930321116e-13,24,27,0.1379
ATT_T002_000658_1,CALL_T002_000658,1,LOCAL_REENTRY_STENCIL,2010-07-02 17:30:00,E0027,CAL_001166,2.25,-814.84873081708,352.449050337701,FLAT_START,CONVERGED_FEASIBLE,CONVERGED,PASSED,0.900139035098215,18,1,1,1.11022302462516e-14,8.28004331765442e-13,24,27,0.1551
ATT_T002_000659_1,CALL_T002_000659,1,ANCHOR_SEARCH,2010-07-02 17:30:00,E0028,CAL_001168,0,-804.905856006085,309.693672074802,FLAT_START,CONVERGED_FEASIBLE,CONVERGED,PASSED,0.900008057470874,18,1,1,1.11022302462516e-14,8.21342993617691e-13,24,27,0.1421
ATT_T002_000660_1,CALL_T002_000660,1,ANCHOR_SEARCH,2010-07-02 17:30:00,E0028,CAL_001168,0.5,-804.425940875472,309.833962728123,FLAT_START,CONVERGED_FEASIBLE,CONVERGED,PASSED,0.900036888501855,18,1,1,1.0991207943789e-14,8.19233569870903e-13,24,27,0.1385
ATT_T002_000661_1,CALL_T002_000661,1,ANCHOR_SEARCH,2010-07-02 17:30:00,E0028,CAL_001168,1,-803.94602574486,309.974253381443,FLAT_START,CONVERGED_FEASIBLE,CONVERGED,PASSED,0.900065717240675,18,1,1,1.08801856413265e-14,8.17679257636428e-13,24,27,0.1374
ATT_T002_000662_1,CALL_T002_000662,1,ANCHOR_SEARCH,2010-07-02 17:30:00,E0028,CAL_001168,2,-802.986195483635,310.254834688084,FLAT_START,CONVERGED_FEASIBLE,CONVERGED,PASSED,0.900123367843835,18,1,1,1.0991207943789e-14,8.14015521655165e-13,24,27,0.1385
ATT_T002_000663_1,CALL_T002_000663,1,ANCHOR_SEARCH,2010-07-02 17:30:00,E0028,CAL_001168,4,-801.066534961184,310.815997301367,FLAT_START,CONVERGED_FEASIBLE,CONVERGED,PASSED,0.900238641566248,18,1,1,1.0769163338864e-14,8.06799071995101e-13,24,27,0.1496
ATT_T002_000664_1,CALL_T002_000664,1,ANCHOR_SEARCH,2010-07-02 17:30:00,E0028,CAL_001168,3,-802.026365222409,310.535415994726,FLAT_START,CONVERGED_FEASIBLE,CONVERGED,PASSED,0.900181009284359,18,1,1,1.06581410364015e-14,8.10240763371439e-13,24,27,0.143
ATT_T002_000665_1,CALL_T002_000665,1,ANCHOR_SEARCH,2010-07-02 17:30:00,E0028,CAL_001168,2.5,-802.506280353022,310.395125341405,FLAT_START,CONVERGED_FEASIBLE,CONVERGED,PASSED,0.900152189709176,18,1,1,1.06581410364015e-14,8.12128142513302e-13,24,27,0.1621
ATT_T002_000666_1,CALL_T002_000666,1,ANCHOR_SEARCH,2010-07-02 17:30:00,E0028,CAL_001168,2.25,-802.746237918328,310.324980014745,FLAT_START,CONVERGED_FEASIBLE,CONVERGED,PASSED,0.900137779062807,18,1,1,1.0991207943789e-14,8.1334938784039e-13,24,27,0.1709
ATT_T002_000667_1,CALL_T002_000667,1,EDGE_CANDIDATE_SCREEN,2010-07-02 17:30:00,E0028,CAL_001169,2.5,-796.367295499528,289.39449808607,FLAT_START,CONVERGED_FEASIBLE,CONVERGED,PASSED,0.900156432453993,18,1,1,1.06581410364015e-14,8.04578625945851e-13,24,27,0.1461
ATT_T002_000668_1,CALL_T002_000668,1,EDGE_CANDIDATE_SCREEN,2010-07-02 17:30:00,E0028,CAL_001170,2.5,-790.231811684611,268.405847404701,FLAT_START,CONVERGED_FEASIBLE,CONVERGED,PASSED,0.90016002603215,18,1,1,1.06581410364015e-14,7.979172877981e-13,24,27,0.1384
ATT_T002_000669_1,CALL_T002_000669,1,EDGE_CANDIDATE_SCREEN,2010-07-02 17:30:00,E0028,CAL_001171,2.5,-784.0988921071,247.42596862866,FLAT_START,CONVERGED_FEASIBLE,CONVERGED,PASSED,0.900162969916596,18,1,1,1.06581410364015e-14,7.91477994255274e-13,24,27,0.1393
ATT_T002_000670_1,CALL_T002_000670,1,EDGE_CANDIDATE_SCREEN,2010-07-02 17:30:00,E0028,CAL_001172,2.5,-777.967601529646,226.451662438938,FLAT_START,CONVERGED_FEASIBLE,CONVERGED,PASSED,0.900165263168965,18,1,1,1.0325074129014e-14,7.85149723014911e-13,24,27,0.1788
ATT_T002_000671_1,CALL_T002_000671,1,EDGE_CANDIDATE_SCREEN,2010-07-02 17:30:00,E0028,CAL_001173,2.5,-771.837005707856,205.479732913284,FLAT_START,CONVERGED_FEASIBLE,CONVERGED,PASSED,0.90016690443759,18,1,1,1.02140518265514e-14,7.79154518681935e-13,24,27,0.1459
ATT_T002_000672_1,CALL_T002_000672,1,EDGE_CANDIDATE_SCREEN,2010-07-02 17:30:00,E0028,CAL_001174,2.5,-765.706170820699,184.50698557772,FLAT_START,CONVERGED_FEASIBLE,CONVERGED,PASSED,0.900167891954945,18,1,1,9.88098491916389e-15,7.73492381256347e-13,24,27,0.1476
ATT_T002_000673_1,CALL_T002_000673,1,EDGE_CANDIDATE_SCREEN,2010-07-02 17:30:00,E0028,CAL_001175,2.5,-759.574162901475,163.530225459948,FLAT_START,CONVERGED_FEASIBLE,CONVERGED,PASSED,0.900168223534523,18,1,1,9.99200722162641e-15,7.68385355343071e-13,24,27,0.1412
ATT_T002_000674_1,CALL_T002_000674,1,EDGE_CANDIDATE_SCREEN,2010-07-02 17:30:00,E0028,CAL_001176,2.5,-753.440047268584,142.546255142095,FLAT_START,CONVERGED_FEASIBLE,CONVERGED,PASSED,0.900167896567122,18,1,1,9.88098491916389e-15,7.62723217917483e-13,24,27,0.1374
ATT_T002_000675_1,CALL_T002_000675,1,EDGE_CANDIDATE_SCREEN,2010-07-02 17:30:00,E0028,CAL_001177,2.5,-747.302887955374,121.551872810306,FLAT_START,CONVERGED_FEASIBLE,CONVERGED,PASSED,0.900166908016545,18,1,1,9.88098491916389e-15,7.58393348121444e-13,24,27,0.1382
ATT_T002_000676_1,CALL_T002_000676,1,EDGE_CANDIDATE_SCREEN,2010-07-02 17:30:00,E0028,CAL_001178,2.5,-741.161747138325,100.543870298626,FLAT_START,CONVERGED_FEASIBLE,CONVERGED,PASSED,0.900165254414699,18,1,1,9.65894031423886e-15,7.54396545232794e-13,24,27,0.1647
ATT_T002_000677_1,CALL_T002_000677,1,EDGE_CANDIDATE_SCREEN,2010-07-02 17:30:00,E0028,CAL_001179,2.5,-735.015684562818,79.5190311246495,FLAT_START,CONVERGED_FEASIBLE,CONVERGED,PASSED,0.900162931856069,18,1,1,9.76996261670138e-15,7.50510764646606e-13,24,27,0.1432
ATT_T002_000678_1,CALL_T002_000678,1,EDGE_CANDIDATE_SCREEN,2010-07-02 17:30:00,E0028,CAL_001180,2.5,-728.863756965754,58.4741285143707,FLAT_START,CONVERGED_FEASIBLE,CONVERGED,PASSED,0.900159935991575,18,1,1,9.65894031423886e-15,7.46513961757955e-13,24,27,0.1377
ATT_T002_000679_1,CALL_T002_000679,1,EDGE_CANDIDATE_SCREEN,2010-07-02 17:30:00,E0028,CAL_001181,2.5,-722.705017494254,37.4059234136418,FLAT_START,CONVERGED_FEASIBLE,CONVERGED,PASSED,0.900156262021776,18,1,1,9.88098491916389e-15,7.43516359591467e-13,24,27,0.139
ATT_T002_000680_1,CALL_T002_000680,1,EDGE_CANDIDATE_SCREEN,2010-07-02 17:30:00,E0028,CAL_001182,2.5,-716.538515119689,16.3111624836385,FLAT_START,CONVERGED_FEASIBLE,CONVERGED,PASSED,0.900151904689416,18,1,1,9.76996261670138e-15,7.40407735122517e-13,24,27,0.1363
ATT_T002_000681_1,CALL_T002_000681,1,LOCAL_REENTRY_STENCIL,2010-07-02 17:30:00,E0028,CAL_001168,2.75,-802.266322787716,310.465270668065,FLAT_START,CONVERGED_FEASIBLE,CONVERGED,PASSED,0.900166599783006,18,1,1,1.08801856413265e-14,8.11462008698527e-13,24,27,0.1433
ATT_T002_000682_1,CALL_T002_000682,1,LOCAL_REENTRY_STENCIL,2010-07-02 17:30:00,E0028,CAL_001168,2.25,-802.746237918328,310.324980014745,FLAT_START,CONVERGED_FEASIBLE,CONVERGED,PASSED,0.900137779062807,18,1,1,1.0991207943789e-14,8.1334938784039e-13,24,27,0.1645
ATT_T002_000683_1,CALL_T002_000683,1,ANCHOR_SEARCH,2010-07-02 17:30:00,E0029,CAL_001184,0,-712.734557875523,-5.4931538649278,FLAT_START,CONVERGED_FEASIBLE,CONVERGED,PASSED,0.900005112265693,18,1,1,1.01030295240889e-14,7.4584782794318e-13,24,27,0.1539
ATT_T002_000684_1,CALL_T002_000684,1,ANCHOR_SEARCH,2010-07-02 17:30:00,E0029,CAL_001184,0.5,-712.255464978676,-5.35008047050802,FLAT_START,CONVERGED_FEASIBLE,CONVERGED,PASSED,0.90003384914517,18,1,1,9.99200722162641e-15,7.44626582616092e-13,24,27,0.1467
ATT_T002_000685_1,CALL_T002_000685,1,ANCHOR_SEARCH,2010-07-02 17:30:00,E0029,CAL_001184,1,-711.776372081829,-5.20700707608824,FLAT_START,CONVERGED_FEASIBLE,CONVERGED,PASSED,0.900062583759,18,1,1,9.99200722162641e-15,7.4273920347423e-13,24,27,0.1491
ATT_T002_000686_1,CALL_T002_000686,1,ANCHOR_SEARCH,2010-07-02 17:30:00,E0029,CAL_001184,2,-710.818186288135,-4.92086028724869,FLAT_START,CONVERGED_FEASIBLE,CONVERGED,PASSED,0.900120046191676,18,1,1,9.88098491916389e-15,7.39630579005279e-13,24,27,0.1432
ATT_T002_000687_1,CALL_T002_000687,1,ANCHOR_SEARCH,2010-07-02 17:30:00,E0029,CAL_001184,4,-708.901814700747,-4.34856670956958,FLAT_START,CONVERGED_FEASIBLE,CONVERGED,PASSED,0.900234943890815,18,1,1,9.65894031423886e-15,7.33191285462453e-13,24,27,0.1392
ATT_T002_000688_1,CALL_T002_000688,1,ANCHOR_SEARCH,2010-07-02 17:30:00,E0029,CAL_001184,3,-709.860000494441,-4.63471349840913,FLAT_START,CONVERGED_FEASIBLE,CONVERGED,PASSED,0.900177499567642,18,1,1,9.76996261670138e-15,7.36410932233866e-13,24,27,0.1653
ATT_T002_000689_1,CALL_T002_000689,1,ANCHOR_SEARCH,2010-07-02 17:30:00,E0029,CAL_001184,2.5,-710.339093391288,-4.77778689282891,FLAT_START,CONVERGED_FEASIBLE,CONVERGED,PASSED,0.900148774011503,18,1,1,9.65894031423886e-15,7.38298311375729e-13,24,27,0.1416
ATT_T002_000690_1,CALL_T002_000690,1,ANCHOR_SEARCH,2010-07-02 17:30:00,E0029,CAL_001184,2.75,-710.099546942865,-4.70625019561902,FLAT_START,CONVERGED_FEASIBLE,CONVERGED,PASSED,0.900163137072503,18,1,1,9.99200722162641e-15,7.37410132956029e-13,24,27,0.1332
ATT_T002_000691_1,CALL_T002_000691,1,EDGE_CANDIDATE_SCREEN,2010-07-02 17:30:00,E0029,CAL_001185,2.75,-703.806566144661,-25.7788081833601,FLAT_START,CONVERGED_FEASIBLE,CONVERGED,PASSED,0.900164737928757,18,1,1,9.99200722162641e-15,7.34634575394466e-13,24,27,0.1376
ATT_T002_000692_1,CALL_T002_000692,1,EDGE_CANDIDATE_SCREEN,2010-07-02 17:30:00,E0029,CAL_001186,2.75,-697.503607578831,-46.8847775374545,FLAT_START,CONVERGED_FEASIBLE,CONVERGED,PASSED,0.90016564958466,18,1,1,9.99200722162641e-15,7.32303107042753e-13,24,27,0.1366
ATT_T002_000693_1,CALL_T002_000693,1,EDGE_CANDIDATE_SCREEN,2010-07-02 17:30:00,E0029,CAL_001187,2.75,-691.189685092392,-68.0274604713607,FLAT_START,CONVERGED_FEASIBLE,CONVERGED,PASSED,0.900165866374094,18,1,1,9.76996261670138e-15,7.30859817110741e-13,24,27,0.1392
ATT_T002_000694_1,CALL_T002_000694,1,LOCAL_REENTRY_STENCIL,2010-07-02 17:30:00,E0029,CAL_001184,3,-709.860000494441,-4.63471349840913,FLAT_START,CONVERGED_FEASIBLE,CONVERGED,PASSED,0.900177499567642,18,1,1,9.76996261670138e-15,7.36410932233866e-13,24,27,0.1381
ATT_T002_000695_1,CALL_T002_000695,1,LOCAL_REENTRY_STENCIL,2010-07-02 17:30:00,E0029,CAL_001184,2.5,-710.339093391288,-4.77778689282891,FLAT_START,CONVERGED_FEASIBLE,CONVERGED,PASSED,0.900148774011503,18,1,1,9.65894031423886e-15,7.38298311375729e-13,24,27,0.1658
ATT_T002_000696_1,CALL_T002_000696,1,ANCHOR_SEARCH,2010-07-02 17:30:00,E0030,CAL_001207,0,-561.523822841335,-502.219513670306,FLAT_START,CONVERGED_FEASIBLE,CONVERGED,PASSED,0.900012079539751,18,1,1,1.28785870856518e-14,7.96807064773475e-13,24,27,0.1448
ATT_T002_000697_1,CALL_T002_000697,1,ANCHOR_SEARCH,2010-07-02 17:30:00,E0030,CAL_001207,0.5,-561.045652936947,-502.073385156534,FLAT_START,CONVERGED_FEASIBLE,CONVERGED,PASSED,0.900040676639701,18,1,1,1.27675647831893e-14,7.95141730236537e-13,24,27,0.14
ATT_T002_000698_1,CALL_T002_000698,1,ANCHOR_SEARCH,2010-07-02 17:30:00,E0030,CAL_001207,1,-560.567483032558,-501.927256642762,FLAT_START,CONVERGED_FEASIBLE,CONVERGED,PASSED,0.900069271512527,18,1,1,1.26565424807268e-14,7.93809462606987e-13,24,27,0.136
ATT_T002_000699_1,CALL_T002_000699,1,ANCHOR_SEARCH,2010-07-02 17:30:00,E0030,CAL_001207,2,-559.611143223781,-501.634999615218,FLAT_START,CONVERGED_FEASIBLE,CONVERGED,PASSED,0.900126454578706,18,1,1,1.27675647831893e-14,7.90811860440499e-13,24,27,0.1313
ATT_T002_000700_1,CALL_T002_000700,1,ANCHOR_SEARCH,2010-07-02 17:30:00,E0030,CAL_001207,4,-557.698463606228,-501.050485560131,FLAT_START,CONVERGED_FEASIBLE,CONVERGED,PASSED,0.90024079400647,18,1,1,1.25455201782643e-14,7.84483589200136e-13,24,27,0.1368
ATT_T002_000701_1,CALL_T002_000701,1,ANCHOR_SEARCH,2010-07-02 17:30:00,E0030,CAL_001207,3,-558.654803415005,-501.342742587675,FLAT_START,CONVERGED_FEASIBLE,CONVERGED,PASSED,0.900183628742088,18,1,1,1.26565424807268e-14,7.87592213669086e-13,24,27,0.1632
ATT_T002_000702_1,CALL_T002_000702,1,ANCHOR_SEARCH,2010-07-02 17:30:00,E0030,CAL_001207,2.5,-559.132973319393,-501.488871101446,FLAT_START,CONVERGED_FEASIBLE,CONVERGED,PASSED,0.90015504277301,18,1,1,1.25455201782643e-14,7.88813458996174e-13,24,27,0.1453
ATT_T002_000703_1,CALL_T002_000703,1,ANCHOR_SEARCH,2010-07-02 17:30:00,E0030,CAL_001207,2.25,-559.372058271587,-501.561935358332,FLAT_START,CONVERGED_FEASIBLE,CONVERGED,PASSED,0.900140748954041,18,1,1,1.26565424807268e-14,7.89701637415874e-13,24,27,0.1355
ATT_T002_000704_1,CALL_T002_000704,1,EDGE_CANDIDATE_SCREEN,2010-07-02 17:30:00,E0030,CAL_001189,2.5,-678.651765105062,-110.39278885444,FLAT_START,CONVERGED_FEASIBLE,CONVERGED,PASSED,0.900157937498985,18,1,1,9.88098491916389e-15,7.29305504876265e-13,24,27,0.1376
ATT_T002_000705_1,CALL_T002_000705,1,EDGE_CANDIDATE_SCREEN,2010-07-02 17:30:00,E0030,CAL_001190,2.5,-672.182306825141,-131.562512458031,FLAT_START,CONVERGED_FEASIBLE,CONVERGED,PASSED,0.9001641484285,18,1,1,1.01030295240889e-14,7.27973237246715e-13,24,27,0.1386
ATT_T002_000706_1,CALL_T002_000706,1,EDGE_CANDIDATE_SCREEN,2010-07-02 17:30:00,E0030,CAL_001191,2.5,-665.698562933239,-152.778982240983,FLAT_START,CONVERGED_FEASIBLE,CONVERGED,PASSED,0.900169655898494,18,1,1,1.01030295240889e-14,7.27640170339328e-13,24,27,0.1368
ATT_T002_000707_1,CALL_T002_000707,1,EDGE_CANDIDATE_SCREEN,2010-07-02 17:30:00,E0030,CAL_001192,2.5,-659.199495126063,-174.045595797473,FLAT_START,CONVERGED_FEASIBLE,CONVERGED,PASSED,0.900174453398945,18,1,1,1.0325074129014e-14,7.26974036524553e-13,24,27,0.1362
ATT_T002_000708_1,CALL_T002_000708,1,EDGE_CANDIDATE_SCREEN,2010-07-02 17:30:00,E0030,CAL_001193,2.5,-652.684055506635,-195.365782114658,FLAT_START,CONVERGED_FEASIBLE,CONVERGED,PASSED,0.900178533890623,18,1,1,1.02140518265514e-14,7.27640170339328e-13,24,27,0.1642
ATT_T002_000709_1,CALL_T002_000709,1,EDGE_CANDIDATE_SCREEN,2010-07-02 17:30:00,E0030,CAL_001194,2.5,-646.151185891045,-216.743003841173,FLAT_START,CONVERGED_FEASIBLE,CONVERGED,PASSED,0.900181889792012,18,1,1,1.0325074129014e-14,7.2819528185164e-13,24,27,0.1748
ATT_T002_000710_1,CALL_T002_000710,1,EDGE_CANDIDATE_SCREEN,2010-07-02 17:30:00,E0030,CAL_001195,2.5,-639.599817101317,-238.180759601062,FLAT_START,CONVERGED_FEASIBLE,CONVERGED,PASSED,0.900184512965315,18,1,1,1.04360964314765e-14,7.2908346027134e-13,24,27,0.1553
ATT_T002_000711_1,CALL_T002_000711,1,EDGE_CANDIDATE_SCREEN,2010-07-02 17:30:00,E0030,CAL_001196,2.5,-633.028868243355,-259.682586356495,FLAT_START,CONVERGED_FEASIBLE,CONVERGED,PASSED,0.900186394701492,18,1,1,1.06581410364015e-14,7.31192884018128e-13,24,27,0.145
ATT_T002_000712_1,CALL_T002_000712,1,EDGE_CANDIDATE_SCREEN,2010-07-02 17:30:00,E0030,CAL_001197,2.5,-626.437245968926,-281.252061822782,FLAT_START,CONVERGED_FEASIBLE,CONVERGED,PASSED,0.900187525704289,18,1,1,1.0547118733939e-14,7.33302307764916e-13,24,27,0.1401
ATT_T002_000713_1,CALL_T002_000713,1,EDGE_CANDIDATE_SCREEN,2010-07-02 17:30:00,E0030,CAL_001198,2.5,-619.823843720549,-302.892806939269,FLAT_START,CONVERGED_FEASIBLE,CONVERGED,PASSED,0.900187896073212,18,1,1,1.08801856413265e-14,7.35744798419091e-13,24,27,0.1419
ATT_T002_000714_1,CALL_T002_000714,1,EDGE_CANDIDATE_SCREEN,2010-07-02 17:30:00,E0030,CAL_001199,2.5,-613.187540958163,-324.608488399873,FLAT_START,CONVERGED_FEASIBLE,CONVERGED,PASSED,0.900187495285404,18,1,1,1.08801856413265e-14,7.39075467492967e-13,24,27,0.1654
ATT_T002_000715_1,CALL_T002_000715,1,EDGE_CANDIDATE_SCREEN,2010-07-02 17:30:00,E0030,CAL_001200,2.5,-606.527202366389,-346.40282124715,FLAT_START,CONVERGED_FEASIBLE,CONVERGED,PASSED,0.900186312176358,18,1,1,1.11022302462516e-14,7.43294314986542e-13,24,27,0.1403
ATT_T002_000716_1,CALL_T002_000716,1,EDGE_CANDIDATE_SCREEN,2010-07-02 17:30:00,E0030,CAL_001201,2.5,-599.841677041132,-368.279571533918,FLAT_START,CONVERGED_FEASIBLE,CONVERGED,PASSED,0.900184334919425,18,1,1,1.12132525487141e-14,7.47957251689968e-13,24,27,0.14
ATT_T002_000717_1,CALL_T002_000717,1,EDGE_CANDIDATE_SCREEN,2010-07-02 17:30:00,E0030,CAL_001202,2.5,-593.129797654256,-390.242559056657,FLAT_START,CONVERGED_FEASIBLE,CONVERGED,PASSED,0.900181551004036,18,1,1,1.15463194561016e-14,7.52953255300781e-13,24,27,0.1369
ATT_T002_000718_1,CALL_T002_000718,1,EDGE_CANDIDATE_SCREEN,2010-07-02 17:30:00,E0030,CAL_001203,2.5,-586.390379594991,-412.29566016506,FLAT_START,CONVERGED_FEASIBLE,CONVERGED,PASSED,0.900177947212599,18,1,1,1.17683640610267e-14,7.58726415028832e-13,24,27,0.1361
ATT_T002_000719_1,CALL_T002_000719,1,EDGE_CANDIDATE_SCREEN,2010-07-02 17:30:00,E0030,CAL_001204,2.5,-579.622220086658,-434.442810652313,FLAT_START,CONVERGED_FEASIBLE,CONVERGED,PASSED,0.900173509595968,18,1,1,1.18793863634892e-14,7.65387753176583e-13,24,27,0.1304
ATT_T002_000720_1,CALL_T002_000720,1,EDGE_CANDIDATE_SCREEN,2010-07-02 17:30:00,E0030,CAL_001205,2.5,-572.824097277278,-456.688008730875,FLAT_START,CONVERGED_FEASIBLE,CONVERGED,PASSED,0.900168223447443,18,1,1,1.22124532708767e-14,7.72382158231721e-13,24,27,0.1595
ATT_T002_000721_1,CALL_T002_000721,1,EDGE_CANDIDATE_SCREEN,2010-07-02 17:30:00,E0030,CAL_001206,2.5,-565.994769302518,-479.035318098745,FLAT_START,CONVERGED_FEASIBLE,CONVERGED,PASSED,0.900162073275188,18,1,1,1.23234755733392e-14,7.80375764009023e-13,24,27,0.1433
ATT_T002_000722_1,CALL_T002_000722,1,LOCAL_REENTRY_STENCIL,2010-07-02 17:30:00,E0030,CAL_001207,2.75,-558.893888367199,-501.415806844561,FLAT_START,CONVERGED_FEASIBLE,CONVERGED,PASSED,0.900169336035672,18,1,1,1.26565424807268e-14,7.88147325181399e-13,24,27,0.1408
ATT_T002_000723_1,CALL_T002_000723,1,LOCAL_REENTRY_STENCIL,2010-07-02 17:30:00,E0030,CAL_001207,2.25,-559.372058271587,-501.561935358332,FLAT_START,CONVERGED_FEASIBLE,CONVERGED,PASSED,0.900140748954041,18,1,1,1.26565424807268e-14,7.89701637415874e-13,24,27,0.1405
ATT_T002_000724_1,CALL_T002_000724,1,ANCHOR_SEARCH,2010-07-02 17:30:00,E0031,CAL_001209,0,-547.526445201156,-547.251216938478,FLAT_START,CONVERGED_FEASIBLE,CONVERGED,PASSED,0.900008309378933,18,1,1,1.33226762955019e-14,8.15902900797028e-13,24,27,0.1436
ATT_T002_000725_1,CALL_T002_000725,1,ANCHOR_SEARCH,2010-07-02 17:30:00,E0031,CAL_001209,0.5,-547.049695106578,-547.100520729766,FLAT_START,CONVERGED_FEASIBLE,CONVERGED,PASSED,0.900036895244887,18,1,1,1.32116539930394e-14,8.14015521655165e-13,24,27,0.1401
ATT_T002_000726_1,CALL_T002_000726,1,ANCHOR_SEARCH,2010-07-02 17:30:00,E0031,CAL_001209,1,-546.572945012001,-546.949824521054,FLAT_START,CONVERGED_FEASIBLE,CONVERGED,PASSED,0.900065478889144,18,1,1,1.33226762955019e-14,8.12683254025615e-13,24,27,0.1594
ATT_T002_000727_1,CALL_T002_000727,1,ANCHOR_SEARCH,2010-07-02 17:30:00,E0031,CAL_001209,2,-545.619444822845,-546.64843210363,FLAT_START,CONVERGED_FEASIBLE,CONVERGED,PASSED,0.900122639514455,18,1,1,1.33226762955019e-14,8.09685651859127e-13,24,27,0.1579
ATT_T002_000728_1,CALL_T002_000728,1,ANCHOR_SEARCH,2010-07-02 17:30:00,E0031,CAL_001209,4,-543.712444444534,-546.045647268782,FLAT_START,CONVERGED_FEASIBLE,CONVERGED,PASSED,0.90023693412551,18,1,1,1.29896093881143e-14,8.03468402921226e-13,24,27,0.135
ATT_T002_000729_1,CALL_T002_000729,1,ANCHOR_SEARCH,2010-07-02 17:30:00,E0031,CAL_001209,3,-544.66594463369,-546.347039686206,FLAT_START,CONVERGED_FEASIBLE,CONVERGED,PASSED,0.90017979125865,18,1,1,1.31006316905768e-14,8.06577027390176e-13,24,27,0.1348
ATT_T002_000730_1,CALL_T002_000730,1,ANCHOR_SEARCH,2010-07-02 17:30:00,E0031,CAL_001209,2.5,-545.142694728268,-546.497735894918,FLAT_START,CONVERGED_FEASIBLE,CONVERGED,PASSED,0.900151216496456,18,1,1,1.32116539930394e-14,8.07798272717264e-13,24,27,0.1356
ATT_T002_000731_1,CALL_T002_000731,1,ANCHOR_SEARCH,2010-07-02 17:30:00,E0031,CAL_001209,2.25,-545.381069775556,-546.573083999274,FLAT_START,CONVERGED_FEASIBLE,CONVERGED,PASSED,0.90013692828296,18,1,1,1.32116539930394e-14,8.08686451136964e-13,24,27,0.1363
ATT_T002_000732_1,CALL_T002_000732,1,EDGE_CANDIDATE_SCREEN,2010-07-02 17:30:00,E0031,CAL_001210,2.5,-538.005279532241,-569.078021084773,FLAT_START,CONVERGED_FEASIBLE,CONVERGED,PASSED,0.90015445524086,18,1,1,1.36557432028894e-14,8.18567436056128e-13,24,27,0.1386
ATT_T002_000733_1,CALL_T002_000733,1,EDGE_CANDIDATE_SCREEN,2010-07-02 17:30:00,E0031,CAL_001211,2.5,-530.830914384908,-591.775202996385,FLAT_START,CONVERGED_FEASIBLE,CONVERGED,PASSED,0.900156816530454,18,1,1,1.3988810110277e-14,8.30446822419617e-13,24,27,0.1781
ATT_T002_000734_1,CALL_T002_000734,1,EDGE_CANDIDATE_SCREEN,2010-07-02 17:30:00,E0031,CAL_001212,2.5,-523.618210229587,-614.593676119241,FLAT_START,CONVERGED_FEASIBLE,CONVERGED,PASSED,0.900158283037168,18,1,1,1.4210854715202e-14,8.42659275690494e-13,24,27,0.1487
ATT_T002_000735_1,CALL_T002_000735,1,EDGE_CANDIDATE_SCREEN,2010-07-02 17:30:00,E0031,CAL_001213,2.5,-516.365751379951,-637.537919189706,FLAT_START,CONVERGED_FEASIBLE,CONVERGED,PASSED,0.90015883649656,18,1,1,1.46549439250521e-14,8.56315018893383e-13,24,27,0.1375
ATT_T002_000736_1,CALL_T002_000736,1,EDGE_CANDIDATE_SCREEN,2010-07-02 17:30:00,E0031,CAL_001214,2.5,-509.072094321047,-660.612498984186,FLAT_START,CONVERGED_FEASIBLE,CONVERGED,PASSED,0.900158457669252,18,1,1,1.49880108324396e-14,8.71080985120898e-13,24,27,0.1348
ATT_T002_000737_1,CALL_T002_000737,1,EDGE_CANDIDATE_SCREEN,2010-07-02 17:30:00,E0031,CAL_001215,2.5,-501.735766467137,-683.82207424888,FLAT_START,CONVERGED_FEASIBLE,CONVERGED,PASSED,0.900157126300006,18,1,1,1.55431223447522e-14,8.86735129768113e-13,24,27,0.1356
ATT_T002_000738_1,CALL_T002_000738,1,EDGE_CANDIDATE_SCREEN,2010-07-02 17:30:00,E0031,CAL_001216,2.5,-494.355264873982,-707.171399773667,FLAT_START,CONVERGED_FEASIBLE,CONVERGED,PASSED,0.900154821074325,18,1,1,1.59872115546023e-14,9.04054608952265e-13,24,27,0.135
ATT_T002_000739_1,CALL_T002_000739,1,EDGE_CANDIDATE_SCREEN,2010-07-02 17:30:00,E0031,CAL_001217,2.5,-486.929054903066,-730.665330618042,FLAT_START,CONVERGED_FEASIBLE,CONVERGED,PASSED,0.900151519572397,18,1,1,1.67643676718399e-14,9.22262266556118e-13,24,27,0.1585
ATT_T002_000740_1,CALL_T002_000740,1,LOCAL_REENTRY_STENCIL,2010-07-02 17:30:00,E0031,CAL_001209,2.75,-544.904319680979,-546.422387790562,FLAT_START,CONVERGED_FEASIBLE,CONVERGED,PASSED,0.900165504154999,18,1,1,1.32116539930394e-14,8.07576228112339e-13,24,27,0.1412
ATT_T002_000741_1,CALL_T002_000741,1,LOCAL_REENTRY_STENCIL,2010-07-02 17:30:00,E0031,CAL_001209,2.25,-545.381069775556,-546.573083999274,FLAT_START,CONVERGED_FEASIBLE,CONVERGED,PASSED,0.90013692828296,18,1,1,1.32116539930394e-14,8.08686451136964e-13,24,27,0.1363
ATT_T002_000742_1,CALL_T002_000742,1,ANCHOR_SEARCH,2010-07-02 17:30:00,E0032,CAL_001219,0,-469.944638625045,-772.439833274167,FLAT_START,CONVERGED_FEASIBLE,CONVERGED,PASSED,0.900348457642091,18,1,1,1.7430501486615e-14,9.47575351517571e-13,24,27,0.1451
ATT_T002_000743_1,CALL_T002_000743,1,EDGE_CANDIDATE_SCREEN,2010-07-02 17:30:00,E0032,CAL_001220,0,-458.046866640775,-789.821875241909,FLAT_START,CONVERGED_FEASIBLE,CONVERGED,PASSED,0.900691346788505,18,1,1,1.75415237890775e-14,9.44688771653546e-13,24,27,0.1388
ATT_T002_000744_1,CALL_T002_000744,1,EDGE_CANDIDATE_SCREEN,2010-07-02 17:30:00,E0032,CAL_001221,0,-446.144189078858,-807.211084010011,FLAT_START,CONVERGED_FEASIBLE,CONVERGED,PASSED,0.901033274677615,18,1,1,1.765254609154e-14,9.42579347906758e-13,24,27,0.1362
ATT_T002_000745_1,CALL_T002_000745,1,EDGE_CANDIDATE_SCREEN,2010-07-02 17:30:00,E0032,CAL_001222,0,-434.234788671356,-824.610114514841,FLAT_START,CONVERGED_FEASIBLE,CONVERGED,PASSED,0.901374293351813,18,1,1,1.79856129989275e-14,9.41913214091983e-13,24,27,0.1576
ATT_T002_000746_1,CALL_T002_000746,1,EDGE_CANDIDATE_SCREEN,2010-07-02 17:30:00,E0032,CAL_001223,0,-422.316844047431,-842.021627686901,FLAT_START,CONVERGED_FEASIBLE,CONVERGED,PASSED,0.90171445427126,18,1,1,1.82076576038526e-14,9.4135810257967e-13,24,27,0.1481
ATT_T002_000747_1,CALL_T002_000747,1,EDGE_CANDIDATE_SCREEN,2010-07-02 17:30:00,E0032,CAL_001224,0,-410.388528616762,-859.448292082091,FLAT_START,CONVERGED_FEASIBLE,CONVERGED,PASSED,0.901848276199639,33,1,1,1.84297022087776e-14,9.43245481721533e-13,24,27,0.1388
ATT_T002_000748_1,CALL_T002_000748,1,EDGE_CANDIDATE_SCREEN,2010-07-02 17:30:00,E0032,CAL_001225,0,-398.44800944618,-876.892785522886,FLAT_START,CONVERGED_FEASIBLE,CONVERGED,PASSED,0.901390798841379,33,1,1,1.87627691161651e-14,9.62341317745086e-13,24,27,0.1372
ATT_T002_000749_1,CALL_T002_000749,1,EDGE_CANDIDATE_SCREEN,2010-07-02 17:30:00,E0032,CAL_001226,0,-386.493446128052,-894.357796751581,FLAT_START,CONVERGED_FEASIBLE,CONVERGED,PASSED,0.900931649289773,33,1,1,1.89848137210902e-14,9.81659198373563e-13,24,27,0.143
ATT_T002_000750_1,CALL_T002_000750,1,EDGE_CANDIDATE_SCREEN,2010-07-02 17:30:00,E0032,CAL_001227,0,-374.522989638911,-911.846027097763,FLAT_START,CONVERGED_FEASIBLE,CONVERGED,PASSED,0.900470748925818,33,1,1,1.93178806284777e-14,1.00330854735375e-12,24,27,0.1381
ATT_T002_000751_1,CALL_T002_000751,1,LOCAL_REENTRY_STENCIL,2010-07-02 17:30:00,E0032,CAL_001219,0.25,-469.738338340509,-772.298623527334,FLAT_START,CONVERGED_FEASIBLE,CONVERGED,PASSED,0.900362113585756,18,1,1,1.73194791841524e-14,9.46243083888021e-13,24,27,0.1403
ATT_T002_000752_1,CALL_T002_000752,1,ANCHOR_SEARCH,2010-07-02 17:30:00,E0033,CAL_001247,0,-46.8474764262573,-1070.06051482224,FLAT_START,CONVERGED_FEASIBLE,CONVERGED,PASSED,0.900010347576014,33,1,1,1.56541446472147e-14,9.0116802908824e-13,24,27,0.1651
ATT_T002_000753_1,CALL_T002_000753,1,ANCHOR_SEARCH,2010-07-02 17:30:00,E0033,CAL_001247,0.5,-46.6439303049346,-1069.60382129645,FLAT_START,CONVERGED_FEASIBLE,CONVERGED,PASSED,0.900031422752023,33,1,1,1.56541446472147e-14,8.99502694551302e-13,24,27,0.1383
ATT_T002_000754_1,CALL_T002_000754,1,ANCHOR_SEARCH,2010-07-02 17:30:00,E0033,CAL_001247,1,-46.4403841836119,-1069.14712777067,FLAT_START,CONVERGED_FEASIBLE,CONVERGED,PASSED,0.900052496675484,33,1,1,1.54321000422897e-14,8.97948382316827e-13,24,27,0.137
ATT_T002_000755_1,CALL_T002_000755,1,ANCHOR_SEARCH,2010-07-02 17:30:00,E0033,CAL_001247,2,-46.0332919409664,-1068.2337407191,FLAT_START,CONVERGED_FEASIBLE,CONVERGED,PASSED,0.900094640765569,33,1,1,1.55431223447522e-14,8.95283847057726e-13,24,27,0.1383
ATT_T002_000756_1,CALL_T002_000756,1,ANCHOR_SEARCH,2010-07-02 17:30:00,E0033,CAL_001247,4,-45.2191074556755,-1066.40696661596,FLAT_START,CONVERGED_FEASIBLE,CONVERGED,PASSED,0.90017891392404,33,1,1,1.52100554373646e-14,8.89399665027213e-13,24,27,0.139
ATT_T002_000757_1,CALL_T002_000757,1,ANCHOR_SEARCH,2010-07-02 17:30:00,E0033,CAL_001247,3,-45.626199698321,-1067.32035366753,FLAT_START,CONVERGED_FEASIBLE,CONVERGED,PASSED,0.900136779847883,33,1,1,1.53210777398272e-14,8.92397267193701e-13,24,27,0.1391
ATT_T002_000758_1,CALL_T002_000758,1,ANCHOR_SEARCH,2010-07-02 17:30:00,E0033,CAL_001247,3.5,-45.4226535769982,-1066.86366014174,FLAT_START,CONVERGED_FEASIBLE,CONVERGED,PASSED,0.90015784751163,33,1,1,1.55431223447522e-14,8.91064999564151e-13,24,27,0.1571
ATT_T002_000759_1,CALL_T002_000759,1,ANCHOR_SEARCH,2010-07-02 17:30:00,E0033,CAL_001247,3.25,-45.5244266376596,-1067.09200690463,FLAT_START,CONVERGED_FEASIBLE,CONVERGED,PASSED,0.900147313836186,33,1,1,1.54321000422897e-14,8.91509088774001e-13,24,27,0.1432
ATT_T002_000760_1,CALL_T002_000760,1,EDGE_CANDIDATE_SCREEN,2010-07-02 17:30:00,E0033,CAL_001229,3.5,-343.551343109038,-933.989128353953,FLAT_START,CONVERGED_FEASIBLE,CONVERGED,PASSED,0.900162489877335,33,1,1,1.89848137210902e-14,1.00086605669958e-12,24,27,0.1473
ATT_T002_000761_1,CALL_T002_000761,1,EDGE_CANDIDATE_SCREEN,2010-07-02 17:30:00,E0033,CAL_001230,3.5,-326.118195703449,-941.758998817413,FLAT_START,CONVERGED_FEASIBLE,CONVERGED,PASSED,0.900168238467365,33,1,1,1.85407245112401e-14,9.87765425009002e-13,24,27,0.1413
ATT_T002_000762_1,CALL_T002_000762,1,EDGE_CANDIDATE_SCREEN,2010-07-02 17:30:00,E0033,CAL_001231,3.5,-308.806548822685,-949.474717077764,FLAT_START,CONVERGED_FEASIBLE,CONVERGED,PASSED,0.900173188858212,33,1,1,1.82076576038526e-14,9.76108083250438e-13,24,27,0.1433
ATT_T002_000763_1,CALL_T002_000763,1,EDGE_CANDIDATE_SCREEN,2010-07-02 17:30:00,E0033,CAL_001232,3.5,-291.612527039872,-957.138010394239,FLAT_START,CONVERGED_FEASIBLE,CONVERGED,PASSED,0.900177361490587,33,1,1,1.7874590696465e-14,9.65338919911574e-13,24,27,0.1399
ATT_T002_000764_1,CALL_T002_000764,1,EDGE_CANDIDATE_SCREEN,2010-07-02 17:30:00,E0033,CAL_001233,3.5,-274.532343009992,-964.750566768407,FLAT_START,CONVERGED_FEASIBLE,CONVERGED,PASSED,0.900180775822282,33,1,1,1.765254609154e-14,9.55346912689947e-13,24,27,0.1648
ATT_T002_000765_1,CALL_T002_000765,1,EDGE_CANDIDATE_SCREEN,2010-07-02 17:30:00,E0033,CAL_001234,3.5,-257.562293829149,-972.314036566834,FLAT_START,CONVERGED_FEASIBLE,CONVERGED,PASSED,0.90018345037237,33,1,1,1.7430501486615e-14,9.46576150795408e-13,24,27,0.1513
ATT_T002_000766_1,CALL_T002_000766,1,EDGE_CANDIDATE_SCREEN,2010-07-02 17:30:00,E0033,CAL_001235,3.5,-240.698757534601,-979.830034081,FLAT_START,CONVERGED_FEASIBLE,CONVERGED,PASSED,0.900185402762847,33,1,1,1.70974345792274e-14,9.3824947811072e-13,24,27,0.1418
ATT_T002_000767_1,CALL_T002_000767,1,EDGE_CANDIDATE_SCREEN,2010-07-02 17:30:00,E0033,CAL_001236,3.5,-223.938189738202,-987.300139027758,FLAT_START,CONVERGED_FEASIBLE,CONVERGED,PASSED,0.900186649757853,33,1,1,1.69864122767649e-14,9.31033028450656e-13,24,27,0.1398
ATT_T002_000768_1,CALL_T002_000768,1,EDGE_CANDIDATE_SCREEN,2010-07-02 17:30:00,E0033,CAL_001237,3.5,-207.277120386292,-994.725897993438,FLAT_START,CONVERGED_FEASIBLE,CONVERGED,PASSED,0.900187207300619,33,1,1,1.68753899743024e-14,9.2459373490783e-13,24,27,0.1448
ATT_T002_000769_1,CALL_T002_000769,1,EDGE_CANDIDATE_SCREEN,2010-07-02 17:30:00,E0033,CAL_001238,3.5,-190.712150639442,-1002.10882582452,FLAT_START,CONVERGED_FEASIBLE,CONVERGED,PASSED,0.900187090548299,33,1,1,1.65423230669148e-14,9.18265463667467e-13,24,27,0.1422
ATT_T002_000770_1,CALL_T002_000770,1,EDGE_CANDIDATE_SCREEN,2010-07-02 17:30:00,E0033,CAL_001239,3.5,-174.239949865789,-1009.45040696772,FLAT_START,CONVERGED_FEASIBLE,CONVERGED,PASSED,0.900186313904784,33,1,1,1.63202784619898e-14,9.13380482359116e-13,24,27,0.1395
ATT_T002_000771_1,CALL_T002_000771,1,EDGE_CANDIDATE_SCREEN,2010-07-02 17:30:00,E0033,CAL_001240,3.5,-157.857252742045,-1016.752096762,FLAT_START,CONVERGED_FEASIBLE,CONVERGED,PASSED,0.900184891051653,33,1,1,1.60982338570648e-14,9.08828567958153e-13,24,27,0.1658
ATT_T002_000772_1,CALL_T002_000772,1,EDGE_CANDIDATE_SCREEN,2010-07-02 17:30:00,E0033,CAL_001241,3.5,-141.560856456561,-1024.01532268521,FLAT_START,CONVERGED_FEASIBLE,CONVERGED,PASSED,0.900182834977332,33,1,1,1.59872115546023e-14,9.04609720464578e-13,24,27,0.1495
ATT_T002_000773_1,CALL_T002_000773,1,EDGE_CANDIDATE_SCREEN,2010-07-02 17:30:00,E0033,CAL_001242,3.5,-125.347618009085,-1031.24148555754,FLAT_START,CONVERGED_FEASIBLE,CONVERGED,PASSED,0.9001801580046,33,1,1,1.59872115546023e-14,9.00945984483315e-13,24,27,0.1392
ATT_T002_000774_1,CALL_T002_000774,1,EDGE_CANDIDATE_SCREEN,2010-07-02 17:30:00,E0033,CAL_001243,3.5,-109.214451602174,-1038.43196070415,FLAT_START,CONVERGED_FEASIBLE,CONVERGED,PASSED,0.900176871816514,33,1,1,1.57651669496772e-14,8.98059404619289e-13,24,27,0.1391
ATT_T002_000775_1,CALL_T002_000775,1,EDGE_CANDIDATE_SCREEN,2010-07-02 17:30:00,E0033,CAL_001244,3.5,-93.1583261194045,-1045.58809907915,FLAT_START,CONVERGED_FEASIBLE,CONVERGED,PASSED,0.900172987480849,33,1,1,1.57651669496772e-14,8.95283847057726e-13,24,27,0.139
ATT_T002_000776_1,CALL_T002_000776,1,EDGE_CANDIDATE_SCREEN,2010-07-02 17:30:00,E0033,CAL_001245,3.5,-77.176262685809,-1052.71122835287,FLAT_START,CONVERGED_FEASIBLE,CONVERGED,PASSED,0.900168515473144,33,1,1,1.55431223447522e-14,8.93618512520788e-13,24,27,0.138
ATT_T002_000777_1,CALL_T002_000777,1,EDGE_CANDIDATE_SCREEN,2010-07-02 17:30:00,E0033,CAL_001246,3.5,-61.2653323061711,-1059.80265396448,FLAT_START,CONVERGED_FEASIBLE,CONVERGED,PASSED,0.900163465698418,33,1,1,1.54321000422897e-14,8.91731133378926e-13,24,27,0.1614
ATT_T002_000778_1,CALL_T002_000778,1,LOCAL_REENTRY_STENCIL,2010-07-02 17:30:00,E0033,CAL_001247,3.75,-45.3208805163369,-1066.63531337885,FLAT_START,CONVERGED_FEASIBLE,CONVERGED,PASSED,0.90016838087424,33,1,1,1.54321000422897e-14,8.897327319346e-13,24,27,0.1583
ATT_T002_000779_1,CALL_T002_000779,1,LOCAL_REENTRY_STENCIL,2010-07-02 17:30:00,E0033,CAL_001247,3.25,-45.5244266376596,-1067.09200690463,FLAT_START,CONVERGED_FEASIBLE,CONVERGED,PASSED,0.900147313836186,33,1,1,1.54321000422897e-14,8.91509088774001e-13,24,27,0.1345
ATT_T002_000780_1,CALL_T002_000780,1,ANCHOR_SEARCH,2010-07-02 17:30:00,E0034,CAL_001250,0,-27.1282060359076,-1078.80930722475,FLAT_START,CONVERGED_FEASIBLE,CONVERGED,PASSED,0.900004100158361,33,1,1,1.53210777398272e-14,8.99835761458689e-13,24,27,0.1453
ATT_T002_000781_1,CALL_T002_000781,1,ANCHOR_SEARCH,2010-07-02 17:30:00,E0034,CAL_001250,0.5,-26.9285471336355,-1078.35090093908,FLAT_START,CONVERGED_FEASIBLE,CONVERGED,PASSED,0.900025173436734,33,1,1,1.56541446472147e-14,8.98725538434064e-13,24,27,0.1424
ATT_T002_000782_1,CALL_T002_000782,1,ANCHOR_SEARCH,2010-07-02 17:30:00,E0034,CAL_001250,1,-26.7288882313634,-1077.89249465341,FLAT_START,CONVERGED_FEASIBLE,CONVERGED,PASSED,0.900046245464185,33,1,1,1.54321000422897e-14,8.96949181594664e-13,24,27,0.1397
ATT_T002_000783_1,CALL_T002_000783,1,ANCHOR_SEARCH,2010-07-02 17:30:00,E0034,CAL_001250,2,-26.3295704268192,-1076.97568208206,FLAT_START,CONVERGED_FEASIBLE,CONVERGED,PASSED,0.900088385767121,33,1,1,1.53210777398272e-14,8.94173624033101e-13,24,27,0.175
ATT_T002_000784_1,CALL_T002_000784,1,ANCHOR_SEARCH,2010-07-02 17:30:00,E0034,CAL_001250,4,-25.5309348177308,-1075.14205693937,FLAT_START,CONVERGED_FEASIBLE,CONVERGED,PASSED,0.900172651370779,33,1,1,1.54321000422897e-14,8.88622508909975e-13,24,27,0.154
ATT_T002_000785_1,CALL_T002_000785,1,ANCHOR_SEARCH,2010-07-02 17:30:00,E0034,CAL_001250,3,-25.930252622275,-1076.05886951072,FLAT_START,CONVERGED_FEASIBLE,CONVERGED,PASSED,0.900130521068783,33,1,1,1.53210777398272e-14,8.91287044169076e-13,24,27,0.1397
ATT_T002_000786_1,CALL_T002_000786,1,ANCHOR_SEARCH,2010-07-02 17:30:00,E0034,CAL_001250,3.5,-25.7305937200029,-1075.60046322505,FLAT_START,CONVERGED_FEASIBLE,CONVERGED,PASSED,0.900151586844638,33,1,1,1.53210777398272e-14,8.897327319346e-13,24,27,0.1693
ATT_T002_000787_1,CALL_T002_000787,1,ANCHOR_SEARCH,2010-07-02 17:30:00,E0034,CAL_001250,3.25,-25.830423171139,-1075.82966636788,FLAT_START,CONVERGED_FEASIBLE,CONVERGED,PASSED,0.900141054112937,33,1,1,1.53210777398272e-14,8.90509888051838e-13,24,27,0.1421
ATT_T002_000788_1,CALL_T002_000788,1,EDGE_CANDIDATE_SCREEN,2010-07-02 17:30:00,E0034,CAL_001249,3.5,-29.6726010015666,-1073.88352157049,FLAT_START,CONVERGED_FEASIBLE,CONVERGED,PASSED,0.900151675548471,33,1,1,1.53210777398272e-14,8.90287843446913e-13,24,27,0.1522
ATT_T002_000789_1,CALL_T002_000789,1,EDGE_CANDIDATE_SCREEN,2010-07-02 17:30:00,E0034,CAL_001251,3.5,-21.7885864384393,-1077.31740487962,FLAT_START,CONVERGED_FEASIBLE,CONVERGED,PASSED,0.900151462206321,33,1,1,1.52100554373646e-14,8.89954776539525e-13,24,27,0.1418
ATT_T002_000790_1,CALL_T002_000790,1,EDGE_CANDIDATE_SCREEN,2010-07-02 17:30:00,E0034,CAL_001252,3.5,-17.8465791568756,-1079.03434653419,FLAT_START,CONVERGED_FEASIBLE,CONVERGED,PASSED,0.900151301670176,33,1,1,1.52100554373646e-14,8.89510687329675e-13,24,27,0.1457
ATT_T002_000791_1,CALL_T002_000791,1,EDGE_CANDIDATE_SCREEN,2010-07-02 17:30:00,E0034,CAL_001253,3.5,-13.904571875312,-1080.75128818876,FLAT_START,CONVERGED_FEASIBLE,CONVERGED,PASSED,0.900151105272766,33,1,1,1.53210777398272e-14,8.897327319346e-13,24,27,0.1383
ATT_T002_000792_1,CALL_T002_000792,1,EDGE_CANDIDATE_SCREEN,2010-07-02 17:30:00,E0034,CAL_001254,3.5,-6.25347977970366,-1084.08372209453,FLAT_START,CONVERGED_FEASIBLE,CONVERGED,PASSED,0.900150621870153,33,1,1,1.54321000422897e-14,8.89510687329675e-13,24,27,0.1398
ATT_T002_000793_1,CALL_T002_000793,1,LOCAL_REENTRY_STENCIL,2010-07-02 17:30:00,E0034,CAL_001250,3.75,-25.6307642688669,-1075.37126008221,FLAT_START,CONVERGED_FEASIBLE,CONVERGED,PASSED,0.90016211926391,33,1,1,1.53210777398272e-14,8.89177620422288e-13,24,27,0.1633
ATT_T002_000794_1,CALL_T002_000794,1,LOCAL_REENTRY_STENCIL,2010-07-02 17:30:00,E0034,CAL_001250,3.25,-25.830423171139,-1075.82966636788,FLAT_START,CONVERGED_FEASIBLE,CONVERGED,PASSED,0.900141054112937,33,1,1,1.53210777398272e-14,8.90509888051838e-13,24,27,0.1369
ATT_T002_000795_1,CALL_T002_000795,1,ANCHOR_SEARCH,2010-07-02 17:30:00,E0035,CAL_001256,0,0.405300004404098,-1090.79733622147,FLAT_START,CONVERGED_FEASIBLE,CONVERGED,PASSED,0.900002670215008,33,1,1,1.55431223447522e-14,8.99502694551302e-13,24,27,0.1389
ATT_T002_000796_1,CALL_T002_000796,1,ANCHOR_SEARCH,2010-07-02 17:30:00,E0035,CAL_001256,0.5,0.600950826109329,-1090.33720498371,FLAT_START,CONVERGED_FEASIBLE,CONVERGED,PASSED,0.900023739107178,33,1,1,1.54321000422897e-14,8.97948382316827e-13,24,27,0.1381
ATT_T002_000797_1,CALL_T002_000797,1,ANCHOR_SEARCH,2010-07-02 17:30:00,E0035,CAL_001256,1,0.79660164781456,-1089.87707374594,FLAT_START,CONVERGED_FEASIBLE,CONVERGED,PASSED,0.900044806750339,33,1,1,1.53210777398272e-14,8.96394070082351e-13,24,27,0.136
ATT_T002_000798_1,CALL_T002_000798,1,ANCHOR_SEARCH,2010-07-02 17:30:00,E0035,CAL_001256,2,1.18790329122502,-1088.95681127041,FLAT_START,CONVERGED_FEASIBLE,CONVERGED,PASSED,0.900086938290436,33,1,1,1.52100554373646e-14,8.93285445613401e-13,24,27,0.1353
ATT_T002_000799_1,CALL_T002_000799,1,ANCHOR_SEARCH,2010-07-02 17:30:00,E0035,CAL_001256,4,1.97050657804595,-1087.11628631936,FLAT_START,CONVERGED_FEASIBLE,CONVERGED,PASSED,0.900171186391355,33,1,1,1.50990331349021e-14,8.87623308187813e-13,24,27,0.1634
ATT_T002_000800_1,CALL_T002_000800,1,ANCHOR_SEARCH,2010-07-02 17:30:00,E0035,CAL_001256,3,1.57920493463548,-1088.03654879489,FLAT_START,CONVERGED_FEASIBLE,CONVERGED,PASSED,0.900129064836906,33,1,1,1.52100554373646e-14,8.90842954959226e-13,24,27,0.1388
ATT_T002_000801_1,CALL_T002_000801,1,ANCHOR_SEARCH,2010-07-02 17:30:00,E0035,CAL_001256,3.5,1.77485575634071,-1087.57641755712,FLAT_START,CONVERGED_FEASIBLE,CONVERGED,PASSED,0.900150126238033,33,1,1,1.53210777398272e-14,8.89066598119825e-13,24,27,0.1366
ATT_T002_000802_1,CALL_T002_000802,1,ANCHOR_SEARCH,2010-07-02 17:30:00,E0035,CAL_001256,3.25,1.6770303454881,-1087.80648317601,FLAT_START,CONVERGED_FEASIBLE,CONVERGED,PASSED,0.900139595693457,33,1,1,1.50990331349021e-14,8.89954776539525e-13,24,27,0.1354
ATT_T002_000803_1,CALL_T002_000803,1,EDGE_CANDIDATE_SCREEN,2010-07-02 17:30:00,E0035,CAL_001257,3.5,17.4742500592387,-1094.25190303506,FLAT_START,CONVERGED_FEASIBLE,CONVERGED,PASSED,0.900154701755019,33,1,1,1.50990331349021e-14,8.88955575817363e-13,24,27,0.1391
ATT_T002_000804_1,CALL_T002_000804,1,EDGE_CANDIDATE_SCREEN,2010-07-02 17:30:00,E0035,CAL_001258,3.5,33.1151001799226,-1100.90249514255,FLAT_START,CONVERGED_FEASIBLE,CONVERGED,PASSED,0.900158702577002,33,1,1,1.52100554373646e-14,8.89066598119825e-13,24,27,0.1367
ATT_T002_000805_1,CALL_T002_000805,1,EDGE_CANDIDATE_SCREEN,2010-07-02 17:30:00,E0035,CAL_001259,3.5,48.7001022359482,-1107.52934028646,FLAT_START,CONVERGED_FEASIBLE,CONVERGED,PASSED,0.900162137738327,33,1,1,1.52100554373646e-14,8.89621709632138e-13,24,27,0.1396
ATT_T002_000806_1,CALL_T002_000806,1,EDGE_CANDIDATE_SCREEN,2010-07-02 17:30:00,E0035,CAL_001260,3.5,64.2319161701167,-1114.13356949194,FLAT_START,CONVERGED_FEASIBLE,CONVERGED,PASSED,0.900165015794827,33,1,1,1.49880108324396e-14,8.90287843446913e-13,24,27,0.1411
ATT_T002_000807_1,CALL_T002_000807,1,EDGE_CANDIDATE_SCREEN,2010-07-02 17:30:00,E0035,CAL_001261,3.5,79.7131676503289,-1120.7162992102,FLAT_START,CONVERGED_FEASIBLE,CONVERGED,PASSED,0.900167344838912,33,1,1,1.49880108324396e-14,8.91176021866613e-13,24,27,0.137
ATT_T002_000808_1,CALL_T002_000808,1,EDGE_CANDIDATE_SCREEN,2010-07-02 17:30:00,E0035,CAL_001262,3.5,95.146449921618,-1127.27863210605,FLAT_START,CONVERGED_FEASIBLE,CONVERGED,PASSED,0.900169132513797,33,1,1,1.50990331349021e-14,8.92841356403551e-13,24,27,0.139
ATT_T002_000809_1,CALL_T002_000809,1,EDGE_CANDIDATE_SCREEN,2010-07-02 17:30:00,E0035,CAL_001263,3.5,110.534325613239,-1133.82165782627,FLAT_START,CONVERGED_FEASIBLE,CONVERGED,PASSED,0.900170386026883,33,1,1,1.50990331349021e-14,8.94617713242951e-13,24,27,0.1372
ATT_T002_000810_1,CALL_T002_000810,1,EDGE_CANDIDATE_SCREEN,2010-07-02 17:30:00,E0035,CAL_001264,3.5,125.879328503574,-1140.34645375005,FLAT_START,CONVERGED_FEASIBLE,CONVERGED,PASSED,0.900171112162355,33,1,1,1.53210777398272e-14,8.96394070082351e-13,24,27,0.1395
ATT_T002_000811_1,CALL_T002_000811,1,EDGE_CANDIDATE_SCREEN,2010-07-02 17:30:00,E0035,CAL_001265,3.5,141.183965245529,-1146.85408572265,FLAT_START,CONVERGED_FEASIBLE,CONVERGED,PASSED,0.900171317293014,33,1,1,1.52100554373646e-14,8.98947583038989e-13,24,27,0.1368
ATT_T002_000812_1,CALL_T002_000812,1,EDGE_CANDIDATE_SCREEN,2010-07-02 17:30:00,E0035,CAL_001266,3.5,156.450717054986,-1153.34560877334,FLAT_START,CONVERGED_FEASIBLE,CONVERGED,PASSED,0.900171007391383,33,1,1,1.52100554373646e-14,9.0161211829809e-13,24,27,0.1599
ATT_T002_000813_1,CALL_T002_000813,1,EDGE_CANDIDATE_SCREEN,2010-07-02 17:30:00,E0035,CAL_001267,3.5,171.682041364787,-1159.82206781871,FLAT_START,CONVERGED_FEASIBLE,CONVERGED,PASSED,0.900170188040125,33,1,1,1.53210777398272e-14,9.0427665355719e-13,24,27,0.1428
ATT_T002_000814_1,CALL_T002_000814,1,EDGE_CANDIDATE_SCREEN,2010-07-02 17:30:00,E0035,CAL_001268,3.5,186.880373446677,-1166.28449835227,FLAT_START,CONVERGED_FEASIBLE,CONVERGED,PASSED,0.90016886444179,33,1,1,1.54321000422897e-14,9.0738527802614e-13,24,27,0.1375
ATT_T002_000815_1,CALL_T002_000815,1,EDGE_CANDIDATE_SCREEN,2010-07-02 17:30:00,E0035,CAL_001269,3.5,202.048128003507,-1172.73392712153,FLAT_START,CONVERGED_FEASIBLE,CONVERGED,PASSED,0.900167041427928,33,1,1,1.55431223447522e-14,9.11493103217254e-13,24,27,0.1367
ATT_T002_000816_1,CALL_T002_000816,1,EDGE_CANDIDATE_SCREEN,2010-07-02 17:30:00,E0035,CAL_001270,3.5,217.187700733966,-1179.17137279328,FLAT_START,CONVERGED_FEASIBLE,CONVERGED,PASSED,0.900164723467593,33,1,1,1.58761892521397e-14,9.14934794593592e-13,24,27,0.1364
ATT_T002_000817_1,CALL_T002_000817,1,EDGE_CANDIDATE_SCREEN,2010-07-02 17:30:00,E0035,CAL_001271,3.5,232.301469872045,-1185.59784660823,FLAT_START,CONVERGED_FEASIBLE,CONVERGED,PASSED,0.900161914675244,33,1,1,1.57651669496772e-14,9.18931597482242e-13,24,27,0.1364
ATT_T002_000818_1,CALL_T002_000818,1,EDGE_CANDIDATE_SCREEN,2010-07-02 17:30:00,E0035,CAL_001272,3.5,247.391797703357,-1192.01435302571,FLAT_START,CONVERGED_FEASIBLE,CONVERGED,PASSED,0.900158618818098,33,1,1,1.58761892521397e-14,9.23372489580743e-13,24,27,0.1361
ATT_T002_000819_1,CALL_T002_000819,1,EDGE_CANDIDATE_SCREEN,2010-07-02 17:30:00,E0035,CAL_001273,3.5,262.461032060404,-1198.42189035953,FLAT_START,CONVERGED_FEASIBLE,CONVERGED,PASSED,0.90015483932292,33,1,1,1.59872115546023e-14,9.27702359376781e-13,24,27,0.1837
ATT_T002_000820_1,CALL_T002_000820,1,LOCAL_REENTRY_STENCIL,2010-07-02 17:30:00,E0035,CAL_001256,3.75,1.87268116719333,-1087.34635193824,FLAT_START,CONVERGED_FEASIBLE,CONVERGED,PASSED,0.900160656470657,33,1,1,1.54321000422897e-14,8.88178419700125e-13,24,27,0.1399
ATT_T002_000821_1,CALL_T002_000821,1,LOCAL_REENTRY_STENCIL,2010-07-02 17:30:00,E0035,CAL_001256,3.25,1.6770303454881,-1087.80648317601,FLAT_START,CONVERGED_FEASIBLE,CONVERGED,PASSED,0.900139595693457,33,1,1,1.50990331349021e-14,8.89954776539525e-13,24,27,0.1396
ATT_T002_000822_1,CALL_T002_000822,1,ANCHOR_SEARCH,2010-07-02 17:30:00,E0036,CAL_001294,0,577.316577396513,-1331.2567324798,FLAT_START,CONVERGED_FEASIBLE,CONVERGED,PASSED,0.900007899709535,33,1,1,1.94289029309402e-14,3.62265772935189e-13,25,27,0.1409
ATT_T002_000823_1,CALL_T002_000823,1,ANCHOR_SEARCH,2010-07-02 17:30:00,E0036,CAL_001294,0.5,577.505902455534,-1330.79396253477,FLAT_START,CONVERGED_FEASIBLE,CONVERGED,PASSED,0.900028912779414,33,1,1,1.94289029309402e-14,3.61599639120413e-13,25,27,0.1404
ATT_T002_000824_1,CALL_T002_000824,1,ANCHOR_SEARCH,2010-07-02 17:30:00,E0036,CAL_001294,1,577.695227514554,-1330.33119258973,FLAT_START,CONVERGED_FEASIBLE,CONVERGED,PASSED,0.900049924610244,33,1,1,1.93178806284777e-14,3.60933505305638e-13,25,27,0.1387
ATT_T002_000825_1,CALL_T002_000825,1,ANCHOR_SEARCH,2010-07-02 17:30:00,E0036,CAL_001294,2,578.073877632595,-1329.40565269966,FLAT_START,CONVERGED_FEASIBLE,CONVERGED,PASSED,0.900091944555549,33,1,1,1.92068583260152e-14,3.59823282281013e-13,25,27,0.163
ATT_T002_000826_1,CALL_T002_000826,1,ANCHOR_SEARCH,2010-07-02 17:30:00,E0036,CAL_001294,4,578.831177868678,-1327.55457291953,FLAT_START,CONVERGED_FEASIBLE,CONVERGED,PASSED,0.900175969586298,33,1,1,1.93178806284777e-14,3.57380791626838e-13,25,27,0.14
ATT_T002_000827_1,CALL_T002_000827,1,ANCHOR_SEARCH,2010-07-02 17:30:00,E0036,CAL_001294,3,578.452527750636,-1328.4801128096,FLAT_START,CONVERGED_FEASIBLE,CONVERGED,PASSED,0.900133959547038,33,1,1,1.93178806284777e-14,3.58602036953926e-13,25,27,0.1386
ATT_T002_000828_1,CALL_T002_000828,1,ANCHOR_SEARCH,2010-07-02 17:30:00,E0036,CAL_001294,3.5,578.641852809657,-1328.01734286456,FLAT_START,CONVERGED_FEASIBLE,CONVERGED,PASSED,0.900154965185598,33,1,1,1.93178806284777e-14,3.5793590313915e-13,25,27,0.1403
ATT_T002_000829_1,CALL_T002_000829,1,ANCHOR_SEARCH,2010-07-02 17:30:00,E0036,CAL_001294,3.25,578.547190280147,-1328.24872783708,FLAT_START,CONVERGED_FEASIBLE,CONVERGED,PASSED,0.900144462521063,33,1,1,1.94289029309402e-14,3.58157947744075e-13,25,27,0.1378
ATT_T002_000830_1,CALL_T002_000830,1,EDGE_CANDIDATE_SCREEN,2010-07-02 17:30:00,E0036,CAL_001275,3.5,292.555225512635,-1210.97567198852,FLAT_START,CONVERGED_FEASIBLE,CONVERGED,PASSED,0.900155250570056,33,1,1,1.63202784619898e-14,9.3691721048117e-13,24,27,0.1392
ATT_T002_000831_1,CALL_T002_000831,1,EDGE_CANDIDATE_SCREEN,2010-07-02 17:30:00,E0036,CAL_001276,3.5,307.626333776243,-1217.14145369524,FLAT_START,CONVERGED_FEASIBLE,CONVERGED,PASSED,0.900159438389669,33,1,1,1.64313007644523e-14,9.41469124882133e-13,24,27,0.1609
ATT_T002_000832_1,CALL_T002_000832,1,EDGE_CANDIDATE_SCREEN,2010-07-02 17:30:00,E0036,CAL_001277,3.5,322.682872496092,-1223.30127481667,FLAT_START,CONVERGED_FEASIBLE,CONVERGED,PASSED,0.90016314599541,33,1,1,1.63202784619898e-14,9.46798195400333e-13,24,27,0.1406
ATT_T002_000833_1,CALL_T002_000833,1,EDGE_CANDIDATE_SCREEN,2010-07-02 17:30:00,E0036,CAL_001278,3.5,337.727152998775,-1229.45608094584,FLAT_START,CONVERGED_FEASIBLE,CONVERGED,PASSED,0.900166376944619,33,1,1,1.67643676718399e-14,9.51794199011147e-13,24,27,0.1369
ATT_T002_000834_1,CALL_T002_000834,1,EDGE_CANDIDATE_SCREEN,2010-07-02 17:30:00,E0036,CAL_001279,3.5,352.761479117117,-1235.60681461001,FLAT_START,CONVERGED_FEASIBLE,CONVERGED,PASSED,0.900169134477682,33,1,1,1.65423230669148e-14,9.56901224924422e-13,24,27,0.1366
ATT_T002_000835_1,CALL_T002_000835,1,EDGE_CANDIDATE_SCREEN,2010-07-02 17:30:00,E0036,CAL_001280,3.5,367.788148605294,-1241.75441584959,FLAT_START,CONVERGED_FEASIBLE,CONVERGED,PASSED,0.900171421522826,33,1,1,1.69864122767649e-14,9.62563362350011e-13,24,27,0.1492
ATT_T002_000836_1,CALL_T002_000836,1,EDGE_CANDIDATE_SCREEN,2010-07-02 17:30:00,E0036,CAL_001281,3.5,382.809454546065,-1247.89982279384,FLAT_START,CONVERGED_FEASIBLE,CONVERGED,PASSED,0.900173240700477,33,1,1,1.68753899743024e-14,9.68336522078062e-13,24,27,0.1378
ATT_T002_000837_1,CALL_T002_000837,1,EDGE_CANDIDATE_SCREEN,2010-07-02 17:30:00,E0036,CAL_001282,3.5,397.82768675194,-1254.04397223413,FLAT_START,CONVERGED_FEASIBLE,CONVERGED,PASSED,0.900174594327164,33,1,1,1.72084568816899e-14,9.74331726411037e-13,24,27,0.1367
ATT_T002_000838_1,CALL_T002_000838,1,EDGE_CANDIDATE_SCREEN,2010-07-02 17:30:00,E0036,CAL_001283,3.5,412.845133162104,-1260.18780019541,FLAT_START,CONVERGED_FEASIBLE,CONVERGED,PASSED,0.90017548441901,33,1,1,1.75415237890775e-14,9.80548975348938e-13,24,27,0.1743
ATT_T002_000839_1,CALL_T002_000839,1,EDGE_CANDIDATE_SCREEN,2010-07-02 17:30:00,E0036,CAL_001284,3.5,427.864081236924,-1266.33224250677,FLAT_START,CONVERGED_FEASIBLE,CONVERGED,PASSED,0.900175912694782,33,1,1,1.765254609154e-14,9.86877246589302e-13,24,27,0.1398
ATT_T002_000840_1,CALL_T002_000840,1,EDGE_CANDIDATE_SCREEN,2010-07-02 17:30:00,E0036,CAL_001285,3.5,442.886819351831,-1272.47823537164,FLAT_START,CONVERGED_FEASIBLE,CONVERGED,PASSED,0.900175880578549,33,1,1,1.75415237890775e-14,9.93982673946903e-13,24,27,0.1371
ATT_T002_000841_1,CALL_T002_000841,1,EDGE_CANDIDATE_SCREEN,2010-07-02 17:30:00,E0036,CAL_001286,3.5,457.915638192383,-1278.62671593856,FLAT_START,CONVERGED_FEASIBLE,CONVERGED,PASSED,0.900175389201911,33,1,1,1.7874590696465e-14,1.00086605669958e-12,24,27,0.1359
ATT_T002_000842_1,CALL_T002_000842,1,EDGE_CANDIDATE_SCREEN,2010-07-02 17:30:00,E0036,CAL_001287,3.5,472.95283215233,-1284.77862287314,FLAT_START,CONVERGED_FEASIBLE,CONVERGED,PASSED,0.900174439405845,33,1,1,1.79856129989275e-14,1.0081935286621e-12,24,27,0.1363
ATT_T002_000843_1,CALL_T002_000843,1,EDGE_CANDIDATE_SCREEN,2010-07-02 17:30:00,E0036,CAL_001288,3.5,488.000700736478,-1290.93489693199,FLAT_START,CONVERGED_FEASIBLE,CONVERGED,PASSED,0.900173031742147,33,1,1,1.83186799063151e-14,1.01563202292709e-12,24,27,0.1379
ATT_T002_000844_1,CALL_T002_000844,1,EDGE_CANDIDATE_SCREEN,2010-07-02 17:30:00,E0036,CAL_001289,3.5,503.061549970192,-1297.09648153935,FLAT_START,CONVERGED_FEASIBLE,CONVERGED,PASSED,0.900171166474475,33,1,1,1.83186799063151e-14,1.02340358409947e-12,24,27,0.1359
ATT_T002_000845_1,CALL_T002_000845,1,EDGE_CANDIDATE_SCREEN,2010-07-02 17:30:00,E0036,CAL_001290,3.5,518.137693817369,-1303.26432336724,FLAT_START,CONVERGED_FEASIBLE,CONVERGED,PASSED,0.900168843579013,33,1,1,1.85407245112401e-14,3.46167539078124e-13,25,27,0.1389
ATT_T002_000846_1,CALL_T002_000846,1,EDGE_CANDIDATE_SCREEN,2010-07-02 17:30:00,E0036,CAL_001291,3.5,533.231455608743,-1309.43937291974,FLAT_START,CONVERGED_FEASIBLE,CONVERGED,PASSED,0.900166062744739,33,1,1,1.85407245112401e-14,3.49054118942149e-13,25,27,0.1392
ATT_T002_000847_1,CALL_T002_000847,1,EDGE_CANDIDATE_SCREEN,2010-07-02 17:30:00,E0036,CAL_001292,3.5,548.345169482405,-1315.62258512238,FLAT_START,CONVERGED_FEASIBLE,CONVERGED,PASSED,0.900162823373312,33,1,1,1.89848137210902e-14,3.51829676503712e-13,25,27,0.1396
ATT_T002_000848_1,CALL_T002_000848,1,EDGE_CANDIDATE_SCREEN,2010-07-02 17:30:00,E0036,CAL_001293,3.5,563.481181838445,-1321.81491991723,FLAT_START,CONVERGED_FEASIBLE,CONVERGED,PASSED,0.90015912457856,33,1,1,1.90958360235527e-14,3.55160345577588e-13,25,27,0.1452
ATT_T002_000849_1,CALL_T002_000849,1,LOCAL_REENTRY_STENCIL,2010-07-02 17:30:00,E0036,CAL_001294,3.75,578.736515339167,-1327.78595789204,FLAT_START,CONVERGED_FEASIBLE,CONVERGED,PASSED,0.900165467540668,33,1,1,1.94289029309402e-14,3.5793590313915e-13,25,27,0.1442
ATT_T002_000850_1,CALL_T002_000850,1,LOCAL_REENTRY_STENCIL,2010-07-02 17:30:00,E0036,CAL_001294,3.25,578.547190280147,-1328.24872783708,FLAT_START,CONVERGED_FEASIBLE,CONVERGED,PASSED,0.900144462521063,33,1,1,1.94289029309402e-14,3.58157947744075e-13,25,27,0.1462
ATT_T002_000851_1,CALL_T002_000851,1,ANCHOR_SEARCH,2010-07-02 17:30:00,E0037,CAL_001314,0,873.373337341732,-1447.93671155817,FLAT_START,CONVERGED_FEASIBLE,CONVERGED,PASSED,0.900011588097511,33,1,1,2.42028619368284e-14,4.34652314140749e-13,25,27,0.1587
ATT_T002_000852_1,CALL_T002_000852,1,ANCHOR_SEARCH,2010-07-02 17:30:00,E0037,CAL_001314,0.5,873.556669726656,-1447.47153499316,FLAT_START,CONVERGED_FEASIBLE,CONVERGED,PASSED,0.900032589700168,33,1,1,2.40918396343659e-14,4.34097202628436e-13,25,27,0.1408
ATT_T002_000853_1,CALL_T002_000853,1,ANCHOR_SEARCH,2010-07-02 17:30:00,E0037,CAL_001314,1,873.74000211158,-1447.00635842814,FLAT_START,CONVERGED_FEASIBLE,CONVERGED,PASSED,0.900053590064887,33,1,1,2.40918396343659e-14,4.33431068813661e-13,25,27,0.1411
ATT_T002_000854_1,CALL_T002_000854,1,ANCHOR_SEARCH,2010-07-02 17:30:00,E0037,CAL_001314,2,874.106666881427,-1446.07600529811,FLAT_START,CONVERGED_FEASIBLE,CONVERGED,PASSED,0.90009558708131,33,1,1,2.40918396343659e-14,4.31765734276723e-13,25,27,0.1524
ATT_T002_000855_1,CALL_T002_000855,1,ANCHOR_SEARCH,2010-07-02 17:30:00,E0037,CAL_001314,4,874.839996421122,-1444.21529903806,FLAT_START,CONVERGED_FEASIBLE,CONVERGED,PASSED,0.90017956626765,33,1,1,2.38697950294409e-14,4.28879154412698e-13,25,27,0.1405
ATT_T002_000856_1,CALL_T002_000856,1,ANCHOR_SEARCH,2010-07-02 17:30:00,E0037,CAL_001314,3,874.473331651275,-1445.14565216809,FLAT_START,CONVERGED_FEASIBLE,CONVERGED,PASSED,0.900137579148369,33,1,1,2.38697950294409e-14,4.30544488949636e-13,25,27,0.1373
ATT_T002_000857_1,CALL_T002_000857,1,ANCHOR_SEARCH,2010-07-02 17:30:00,E0037,CAL_001314,3.5,874.656664036199,-1444.68047560307,FLAT_START,CONVERGED_FEASIBLE,CONVERGED,PASSED,0.900158573326382,33,1,1,2.39808173319034e-14,4.29989377437323e-13,25,27,0.1713
ATT_T002_000858_1,CALL_T002_000858,1,ANCHOR_SEARCH,2010-07-02 17:30:00,E0037,CAL_001314,3.25,874.564997843737,-1444.91306388558,FLAT_START,CONVERGED_FEASIBLE,CONVERGED,PASSED,0.900148076391981,33,1,1,2.39808173319034e-14,4.30211422042248e-13,25,27,0.1416
ATT_T002_000859_1,CALL_T002_000859,1,EDGE_CANDIDATE_SCREEN,2010-07-02 17:30:00,E0037,CAL_001296,3.5,593.812871334558,-1333.99613296966,FLAT_START,CONVERGED_FEASIBLE,CONVERGED,PASSED,0.900159234041266,33,1,1,1.95399252334028e-14,3.60711460700713e-13,25,27,0.1423
ATT_T002_000860_1,CALL_T002_000860,1,EDGE_CANDIDATE_SCREEN,2010-07-02 17:30:00,E0037,CAL_001297,3.5,609.052718531219,-1340.00236316819,FLAT_START,CONVERGED_FEASIBLE,CONVERGED,PASSED,0.900163058378198,33,1,1,1.96509475358653e-14,3.63931107472126e-13,25,27,0.1738
ATT_T002_000861_1,CALL_T002_000861,1,EDGE_CANDIDATE_SCREEN,2010-07-02 17:30:00,E0037,CAL_001298,3.5,624.321844603872,-1346.02013256833,FLAT_START,CONVERGED_FEASIBLE,CONVERGED,PASSED,0.900166437681719,33,1,1,1.99840144432528e-14,3.67150754243539e-13,25,27,0.1419
ATT_T002_000862_1,CALL_T002_000862,1,EDGE_CANDIDATE_SCREEN,2010-07-02 17:30:00,E0037,CAL_001299,3.5,639.622666639785,-1352.0503937769,FLAT_START,CONVERGED_FEASIBLE,CONVERGED,PASSED,0.900169371316275,33,1,1,1.99840144432528e-14,3.7025937871249e-13,25,27,0.141
ATT_T002_000863_1,CALL_T002_000863,1,EDGE_CANDIDATE_SCREEN,2010-07-02 17:30:00,E0037,CAL_001300,3.5,654.957621448733,-1358.09410717363,FLAT_START,CONVERGED_FEASIBLE,CONVERGED,PASSED,0.900171858363152,33,1,1,2.03170813506404e-14,3.73479025483903e-13,25,27,0.1709
ATT_T002_000864_1,CALL_T002_000864,1,EDGE_CANDIDATE_SCREEN,2010-07-02 17:30:00,E0037,CAL_001301,3.5,670.329167147415,-1364.15224153563,FLAT_START,CONVERGED_FEASIBLE,CONVERGED,PASSED,0.9001738976186,33,1,1,2.04281036531029e-14,3.76587649952853e-13,25,27,0.1434
ATT_T002_000865_1,CALL_T002_000865,1,EDGE_CANDIDATE_SCREEN,2010-07-02 17:30:00,E0037,CAL_001302,3.5,685.739784772389,-1370.22577467299,FLAT_START,CONVERGED_FEASIBLE,CONVERGED,PASSED,0.900175487591565,33,1,1,2.06501482580279e-14,3.80362408236579e-13,25,27,0.1424
ATT_T002_000866_1,CALL_T002_000866,1,EDGE_CANDIDATE_SCREEN,2010-07-02 17:30:00,E0037,CAL_001303,3.5,701.191979923788,-1376.31569407666,FLAT_START,CONVERGED_FEASIBLE,CONVERGED,PASSED,0.900176626501026,33,1,1,2.12052597703405e-14,3.83915121915379e-13,25,27,0.1628
ATT_T002_000867_1,CALL_T002_000867,1,EDGE_CANDIDATE_SCREEN,2010-07-02 17:30:00,E0037,CAL_001304,3.5,716.688284442232,-1382.42299757934,FLAT_START,CONVERGED_FEASIBLE,CONVERGED,PASSED,0.900177312272917,33,1,1,2.1094237467878e-14,3.87578857896642e-13,25,27,0.1433
ATT_T002_000868_1,CALL_T002_000868,1,EDGE_CANDIDATE_SCREEN,2010-07-02 17:30:00,E0037,CAL_001305,3.5,732.23125812134,-1388.54869403035,FLAT_START,CONVERGED_FEASIBLE,CONVERGED,PASSED,0.900177542536648,33,1,1,2.1316282072803e-14,3.91353616180368e-13,25,27,0.1407
ATT_T002_000869_1,CALL_T002_000869,1,EDGE_CANDIDATE_SCREEN,2010-07-02 17:30:00,E0037,CAL_001306,3.5,747.823490458404,-1394.69380398565,FLAT_START,CONVERGED_FEASIBLE,CONVERGED,PASSED,0.900177314621198,33,1,1,2.16493489801906e-14,3.95461441371481e-13,25,27,0.1618
ATT_T002_000870_1,CALL_T002_000870,1,EDGE_CANDIDATE_SCREEN,2010-07-02 17:30:00,E0037,CAL_001307,3.5,763.467602445839,-1400.85936041385,FLAT_START,CONVERGED_FEASIBLE,CONVERGED,PASSED,0.900176625550773,33,1,1,2.18713935851156e-14,3.99125177352744e-13,25,27,0.1468
ATT_T002_000871_1,CALL_T002_000871,1,EDGE_CANDIDATE_SCREEN,2010-07-02 17:30:00,E0037,CAL_001308,3.5,779.166248406116,-1407.0464094194,FLAT_START,CONVERGED_FEASIBLE,CONVERGED,PASSED,0.900175472040029,33,1,1,2.22044604925031e-14,4.03233002543857e-13,25,27,0.1408
ATT_T002_000872_1,CALL_T002_000872,1,EDGE_CANDIDATE_SCREEN,2010-07-02 17:30:00,E0037,CAL_001309,3.5,794.922117873022,-1413.25601098398,FLAT_START,CONVERGED_FEASIBLE,CONVERGED,PASSED,0.900173850488831,33,1,1,2.25375273998907e-14,4.07229805432507e-13,25,27,0.1463
ATT_T002_000873_1,CALL_T002_000873,1,EDGE_CANDIDATE_SCREEN,2010-07-02 17:30:00,E0037,CAL_001310,3.5,810.737937522171,-1419.48923972738,FLAT_START,CONVERGED_FEASIBLE,CONVERGED,PASSED,0.900171756976555,33,1,1,2.26485497023532e-14,4.11559675228546e-13,25,27,0.1449
ATT_T002_000874_1,CALL_T002_000874,1,EDGE_CANDIDATE_SCREEN,2010-07-02 17:30:00,E0037,CAL_001311,3.5,826.616473153829,-1425.74718568896,FLAT_START,CONVERGED_FEASIBLE,CONVERGED,PASSED,0.900169187255896,33,1,1,2.28705943072782e-14,4.16333634234434e-13,25,27,0.1406
ATT_T002_000875_1,CALL_T002_000875,1,EDGE_CANDIDATE_SCREEN,2010-07-02 17:30:00,E0037,CAL_001312,3.5,842.56053173123,-1432.03095513094,FLAT_START,CONVERGED_FEASIBLE,CONVERGED,PASSED,0.900166136746186,33,1,1,2.32036612146658e-14,4.20552481728009e-13,25,27,0.142
ATT_T002_000876_1,CALL_T002_000876,1,EDGE_CANDIDATE_SCREEN,2010-07-02 17:30:00,E0037,CAL_001313,3.5,858.572963477721,-1438.34167136495,FLAT_START,CONVERGED_FEASIBLE,CONVERGED,PASSED,0.900162600526192,33,1,1,2.37587727269783e-14,4.25215418431435e-13,25,27,0.1624
ATT_T002_000877_1,CALL_T002_000877,1,LOCAL_REENTRY_STENCIL,2010-07-02 17:30:00,E0037,CAL_001314,3.75,874.748330228661,-1444.44788732057,FLAT_START,CONVERGED_FEASIBLE,CONVERGED,PASSED,0.900169069951596,33,1,1,2.37587727269783e-14,4.29767332832398e-13,25,27,0.1435
ATT_T002_000878_1,CALL_T002_000878,1,LOCAL_REENTRY_STENCIL,2010-07-02 17:30:00,E0037,CAL_001314,3.25,874.564997843737,-1444.91306388558,FLAT_START,CONVERGED_FEASIBLE,CONVERGED,PASSED,0.900148076391981,33,1,1,2.39808173319034e-14,4.30211422042248e-13,25,27,0.1403
ATT_T002_000879_1,CALL_T002_000879,1,ANCHOR_SEARCH,2010-07-02 17:30:00,E0038,CAL_001335,0,1232.67092327769,-1584.34674998912,FLAT_START,CONVERGED_FEASIBLE,CONVERGED,PASSED,0.900005145929356,33,1,1,3.21964677141295e-14,5.62438984275104e-13,25,27,0.1425
ATT_T002_000880_1,CALL_T002_000880,1,ANCHOR_SEARCH,2010-07-02 17:30:00,E0038,CAL_001335,0.5,1232.84811406633,-1583.87919953792,FLAT_START,CONVERGED_FEASIBLE,CONVERGED,PASSED,0.900026146261887,33,1,1,3.2085445411667e-14,5.61439783552942e-13,25,27,0.1436
ATT_T002_000881_1,CALL_T002_000881,1,ANCHOR_SEARCH,2010-07-02 17:30:00,E0038,CAL_001335,1,1233.02530485498,-1583.41164908671,FLAT_START,CONVERGED_FEASIBLE,CONVERGED,PASSED,0.90004714535452,33,1,1,3.17523785042795e-14,5.60662627435704e-13,25,27,0.1427
ATT_T002_000882_1,CALL_T002_000882,1,ANCHOR_SEARCH,2010-07-02 17:30:00,E0038,CAL_001335,2,1233.37968643226,-1582.47654818431,FLAT_START,CONVERGED_FEASIBLE,CONVERGED,PASSED,0.900089139820892,33,1,1,3.1863400806742e-14,5.58775248293841e-13,25,27,0.1705
ATT_T002_000883_1,CALL_T002_000883,1,ANCHOR_SEARCH,2010-07-02 17:30:00,E0038,CAL_001335,4,1234.08844958683,-1580.6063463795,FLAT_START,CONVERGED_FEASIBLE,CONVERGED,PASSED,0.90017311388365,33,1,1,3.1641356201817e-14,5.55666623824891e-13,25,27,0.1412
ATT_T002_000884_1,CALL_T002_000884,1,ANCHOR_SEARCH,2010-07-02 17:30:00,E0038,CAL_001335,3,1233.73406800955,-1581.5414472819,FLAT_START,CONVERGED_FEASIBLE,CONVERGED,PASSED,0.90013112933007,33,1,1,3.17523785042795e-14,5.57665025269216e-13,25,27,0.1417
ATT_T002_000885_1,CALL_T002_000885,1,ANCHOR_SEARCH,2010-07-02 17:30:00,E0038,CAL_001335,3.5,1233.91125879819,-1581.0738968307,FLAT_START,CONVERGED_FEASIBLE,CONVERGED,PASSED,0.90015212222621,33,1,1,3.1863400806742e-14,5.56443779942128e-13,25,27,0.1406
ATT_T002_000886_1,CALL_T002_000886,1,ANCHOR_SEARCH,2010-07-02 17:30:00,E0038,CAL_001335,3.25,1233.82266340387,-1581.3076720563,FLAT_START,CONVERGED_FEASIBLE,CONVERGED,PASSED,0.900141625932991,33,1,1,3.19744231092045e-14,5.56665824547053e-13,25,27,0.1395
ATT_T002_000887_1,CALL_T002_000887,1,EDGE_CANDIDATE_SCREEN,2010-07-02 17:30:00,E0038,CAL_001316,3.5,907.00521394692,-1457.18407969914,FLAT_START,CONVERGED_FEASIBLE,CONVERGED,PASSED,0.900158650365614,33,1,1,2.4535928844216e-14,4.39426273146637e-13,25,27,0.1413
ATT_T002_000888_1,CALL_T002_000888,1,EDGE_CANDIDATE_SCREEN,2010-07-02 17:30:00,E0038,CAL_001317,3.5,923.316085182442,-1463.36552200175,FLAT_START,CONVERGED_FEASIBLE,CONVERGED,PASSED,0.900162793961811,33,1,1,2.48689957516035e-14,4.44533299059913e-13,25,27,0.1648
ATT_T002_000889_1,CALL_T002_000889,1,EDGE_CANDIDATE_SCREEN,2010-07-02 17:30:00,E0038,CAL_001318,3.5,939.707254254524,-1469.57739532406,FLAT_START,CONVERGED_FEASIBLE,CONVERGED,PASSED,0.900166475659537,33,1,1,2.4980018054066e-14,4.49196235763338e-13,25,27,0.1434
ATT_T002_000890_1,CALL_T002_000890,1,EDGE_CANDIDATE_SCREEN,2010-07-02 17:30:00,E0038,CAL_001319,3.5,956.181830930699,-1475.82087819591,FLAT_START,CONVERGED_FEASIBLE,CONVERGED,PASSED,0.900169690562547,33,1,1,2.53130849614536e-14,4.54081217071689e-13,25,27,0.1427
ATT_T002_000891_1,CALL_T002_000891,1,EDGE_CANDIDATE_SCREEN,2010-07-02 17:30:00,E0038,CAL_001320,3.5,972.742982250472,-1482.09717085189,FLAT_START,CONVERGED_FEASIBLE,CONVERGED,PASSED,0.900172433414672,33,1,1,2.57571741713036e-14,4.59188242984965e-13,25,27,0.148
ATT_T002_000892_1,CALL_T002_000892,1,EDGE_CANDIDATE_SCREEN,2010-07-02 17:30:00,E0038,CAL_001321,3.5,989.39393514394,-1488.40749622374,FLAT_START,CONVERGED_FEASIBLE,CONVERGED,PASSED,0.900174698590092,33,1,1,2.59792187762287e-14,4.64850380410553e-13,25,27,0.146
ATT_T002_000893_1,CALL_T002_000893,1,EDGE_CANDIDATE_SCREEN,2010-07-02 17:30:00,E0038,CAL_001322,3.5,1006.13797914194,-1494.75310096745,FLAT_START,CONVERGED_FEASIBLE,CONVERGED,PASSED,0.90017648008297,33,1,1,2.64233079860787e-14,4.70068428626291e-13,25,27,0.1424
ATT_T002_000894_1,CALL_T002_000894,1,EDGE_CANDIDATE_SCREEN,2010-07-02 17:30:00,E0038,CAL_001323,3.5,1022.97846918285,-1501.13525652693,FLAT_START,CONVERGED_FEASIBLE,CONVERGED,PASSED,0.900177771496403,33,1,1,2.66453525910038e-14,4.75841588354342e-13,25,27,0.1618
ATT_T002_000895_1,CALL_T002_000895,1,EDGE_CANDIDATE_SCREEN,2010-07-02 17:30:00,E0038,CAL_001324,3.5,1039.91882852128,-1507.55526023636,FLAT_START,CONVERGED_FEASIBLE,CONVERGED,PASSED,0.900178566030662,33,1,1,2.72004641033163e-14,4.81392703477468e-13,25,27,0.1448
ATT_T002_000896_1,CALL_T002_000896,1,EDGE_CANDIDATE_SCREEN,2010-07-02 17:30:00,E0038,CAL_001325,3.5,1056.9625517444,-1514.01443646332,FLAT_START,CONVERGED_FEASIBLE,CONVERGED,PASSED,0.900178856470698,33,1,1,2.74225087082414e-14,4.87720974717831e-13,25,27,0.1412
ATT_T002_000897_1,CALL_T002_000897,1,EDGE_CANDIDATE_SCREEN,2010-07-02 17:30:00,E0038,CAL_001326,3.5,1074.11320790174,-1520.51413779489,FLAT_START,CONVERGED_FEASIBLE,CONVERGED,PASSED,0.900178635172855,33,1,1,2.78665979180914e-14,4.93272089840957e-13,25,27,0.1591
ATT_T002_000898_1,CALL_T002_000898,1,EDGE_CANDIDATE_SCREEN,2010-07-02 17:30:00,E0038,CAL_001327,3.5,1091.3744437547,-1527.05574626916,FLAT_START,CONVERGED_FEASIBLE,CONVERGED,PASSED,0.90017789405078,33,1,1,2.83106871279415e-14,4.99933427988708e-13,25,27,0.1435
ATT_T002_000899_1,CALL_T002_000899,1,EDGE_CANDIDATE_SCREEN,2010-07-02 17:30:00,E0038,CAL_001328,3.5,1108.74998715247,-1533.6406746546,FLAT_START,CONVERGED_FEASIBLE,CONVERGED,PASSED,0.900176624560459,33,1,1,2.8643754035329e-14,5.06039654624146e-13,25,27,0.142
ATT_T002_000900_1,CALL_T002_000900,1,EDGE_CANDIDATE_SCREEN,2010-07-02 17:30:00,E0038,CAL_001329,3.5,1126.24365054113,-1540.27036777994,FLAT_START,CONVERGED_FEASIBLE,CONVERGED,PASSED,0.90017481768436,33,1,1,2.90878432451791e-14,5.12478948166972e-13,25,27,0.1406
ATT_T002_000901_1,CALL_T002_000901,1,EDGE_CANDIDATE_SCREEN,2010-07-02 17:30:00,E0038,CAL_001330,3.5,1143.85933461348,-1546.94630391738,FLAT_START,CONVERGED_FEASIBLE,CONVERGED,PASSED,0.900172463914614,33,1,1,2.95319324550292e-14,5.19362330919648e-13,25,27,0.1481
ATT_T002_000902_1,CALL_T002_000902,1,EDGE_CANDIDATE_SCREEN,2010-07-02 17:30:00,E0038,CAL_001331,3.5,1161.60103210724,-1553.66999622202,FLAT_START,CONVERGED_FEASIBLE,CONVERGED,PASSED,0.9001695532352,33,1,1,2.99760216648792e-14,5.26467758277249e-13,25,27,0.1435
ATT_T002_000903_1,CALL_T002_000903,1,EDGE_CANDIDATE_SCREEN,2010-07-02 17:30:00,E0038,CAL_001332,3.5,1179.47283175992,-1560.44299423063,FLAT_START,CONVERGED_FEASIBLE,CONVERGED,PASSED,0.900166075103068,33,1,1,3.04201108747293e-14,5.33462163332388e-13,25,27,0.1399
ATT_T002_000904_1,CALL_T002_000904,1,EDGE_CANDIDATE_SCREEN,2010-07-02 17:30:00,E0038,CAL_001333,3.5,1197.47892242895,-1567.26688542315,FLAT_START,CONVERGED_FEASIBLE,CONVERGED,PASSED,0.900162018428143,33,1,1,3.09752223870419e-14,5.41011679899839e-13,25,27,0.1388
ATT_T002_000905_1,CALL_T002_000905,1,EDGE_CANDIDATE_SCREEN,2010-07-02 17:30:00,E0038,CAL_001334,3.5,1215.62359738643,-1574.14329685022,FLAT_START,CONVERGED_FEASIBLE,CONVERGED,PASSED,0.900157371552154,33,1,1,3.13082892944294e-14,5.48450174164827e-13,25,27,0.1401
ATT_T002_000906_1,CALL_T002_000906,1,LOCAL_REENTRY_STENCIL,2010-07-02 17:30:00,E0038,CAL_001335,3.75,1233.99985419251,-1580.8401216051,FLAT_START,CONVERGED_FEASIBLE,CONVERGED,PASSED,0.900162618209755,33,1,1,3.1863400806742e-14,5.55888668429816e-13,25,27,0.1426
ATT_T002_000907_1,CALL_T002_000907,1,LOCAL_REENTRY_STENCIL,2010-07-02 17:30:00,E0038,CAL_001335,3.25,1233.82266340387,-1581.3076720563,FLAT_START,CONVERGED_FEASIBLE,CONVERGED,PASSED,0.900141625932991,33,1,1,3.19744231092045e-14,5.56665824547053e-13,25,27,0.1785
ATT_T002_000908_1,CALL_T002_000908,1,ANCHOR_SEARCH,2010-07-02 17:30:00,E0039,CAL_001337,0,1251.06559716203,-1591.01799496551,FLAT_START,CONVERGED_FEASIBLE,CONVERGED,PASSED,0.900011103962604,33,1,1,3.26405569239796e-14,5.6976645623763e-13,25,27,0.1444
ATT_T002_000909_1,CALL_T002_000909,1,ANCHOR_SEARCH,2010-07-02 17:30:00,E0039,CAL_001337,0.5,1251.23606854587,-1590.54795293836,FLAT_START,CONVERGED_FEASIBLE,CONVERGED,PASSED,0.900032104155775,33,1,1,3.25295346215171e-14,5.68989300120393e-13,25,27,0.1404
ATT_T002_000910_1,CALL_T002_000910,1,ANCHOR_SEARCH,2010-07-02 17:30:00,E0039,CAL_001337,1,1251.40653992971,-1590.0779109112,FLAT_START,CONVERGED_FEASIBLE,CONVERGED,PASSED,0.900053103108756,33,1,1,3.25295346215171e-14,5.68323166305618e-13,25,27,0.2018
ATT_T002_000911_1,CALL_T002_000911,1,ANCHOR_SEARCH,2010-07-02 17:30:00,E0039,CAL_001337,2,1251.74748269739,-1589.13782685689,FLAT_START,CONVERGED_FEASIBLE,CONVERGED,PASSED,0.90009509729495,33,1,1,3.25295346215171e-14,5.65991697953905e-13,25,27,0.152
ATT_T002_000912_1,CALL_T002_000912,1,ANCHOR_SEARCH,2010-07-02 17:30:00,E0039,CAL_001337,4,1252.42936823274,-1587.25765874827,FLAT_START,CONVERGED_FEASIBLE,CONVERGED,PASSED,0.900179070793856,33,1,1,3.23074900165921e-14,5.63105118089879e-13,25,27,0.1369
ATT_T002_000913_1,CALL_T002_000913,1,ANCHOR_SEARCH,2010-07-02 17:30:00,E0039,CAL_001337,3,1252.08842546506,-1588.19774280258,FLAT_START,CONVERGED_FEASIBLE,CONVERGED,PASSED,0.900137086522784,33,1,1,3.23074900165921e-14,5.64770452626817e-13,25,27,0.1333
ATT_T002_000914_1,CALL_T002_000914,1,ANCHOR_SEARCH,2010-07-02 17:30:00,E0039,CAL_001337,3.5,1252.2588968489,-1587.72770077543,FLAT_START,CONVERGED_FEASIBLE,CONVERGED,PASSED,0.900158079277815,33,1,1,3.21964677141295e-14,5.63771251904654e-13,25,27,0.138
ATT_T002_000915_1,CALL_T002_000915,1,ANCHOR_SEARCH,2010-07-02 17:30:00,E0039,CAL_001337,3.25,1252.17366115698,-1587.962721789,FLAT_START,CONVERGED_FEASIBLE,CONVERGED,PASSED,0.900147583055185,33,1,1,3.21964677141295e-14,5.64326363416967e-13,25,27,0.1382
ATT_T002_000916_1,CALL_T002_000916,1,EDGE_CANDIDATE_SCREEN,2010-07-02 17:30:00,E0039,CAL_001338,3.5,1270.80120256376,-1594.4524877778,FLAT_START,CONVERGED_FEASIBLE,CONVERGED,PASSED,0.900163513785862,33,1,1,3.28626015289046e-14,5.71431790774568e-13,25,27,0.1761
ATT_T002_000917_1,CALL_T002_000917,1,EDGE_CANDIDATE_SCREEN,2010-07-02 17:30:00,E0039,CAL_001339,3.5,1289.4957833106,-1601.23250076833,FLAT_START,CONVERGED_FEASIBLE,CONVERGED,PASSED,0.900168414362833,33,1,1,3.31956684362922e-14,5.79314374249407e-13,25,27,0.1417
ATT_T002_000918_1,CALL_T002_000918,1,EDGE_CANDIDATE_SCREEN,2010-07-02 17:30:00,E0039,CAL_001340,3.5,1308.34740564809,-1608.06946844744,FLAT_START,CONVERGED_FEASIBLE,CONVERGED,PASSED,0.900172769943,33,1,1,3.36397576461422e-14,5.87752069236558e-13,25,27,0.1383
ATT_T002_000919_1,CALL_T002_000919,1,EDGE_CANDIDATE_SCREEN,2010-07-02 17:30:00,E0039,CAL_001341,3.5,1327.36096480794,-1614.96516618175,FLAT_START,CONVERGED_FEASIBLE,CONVERGED,PASSED,0.90017656885395,33,1,1,3.41948691584548e-14,5.96078741921247e-13,25,27,0.135
ATT_T002_000920_1,CALL_T002_000920,1,EDGE_CANDIDATE_SCREEN,2010-07-02 17:30:00,E0039,CAL_001342,3.5,1346.54149025263,-1621.92141801972,FLAT_START,CONVERGED_FEASIBLE,CONVERGED,PASSED,0.900179798790728,33,1,1,3.48610029732299e-14,6.04960526118248e-13,25,27,0.1369
ATT_T002_000921_1,CALL_T002_000921,1,EDGE_CANDIDATE_SCREEN,2010-07-02 17:30:00,E0039,CAL_001343,3.5,1365.89415148875,-1628.94009879994,FLAT_START,CONVERGED_FEASIBLE,CONVERGED,PASSED,0.900182446788413,33,1,1,3.530509218308e-14,6.13842310315249e-13,25,27,0.135
ATT_T002_000922_1,CALL_T002_000922,1,EDGE_CANDIDATE_SCREEN,2010-07-02 17:30:00,E0039,CAL_001344,3.5,1385.42426415089,-1636.02313635766,FLAT_START,CONVERGED_FEASIBLE,CONVERGED,PASSED,0.900184499193022,33,1,1,3.59712259978551e-14,6.2272409451225e-13,25,27,0.1361
ATT_T002_000923_1,CALL_T002_000923,1,EDGE_CANDIDATE_SCREEN,2010-07-02 17:30:00,E0039,CAL_001345,3.5,1405.1372963717,-1643.17251383502,FLAT_START,CONVERGED_FEASIBLE,CONVERGED,PASSED,0.900185941630638,33,1,1,3.64153152077051e-14,6.32605079431414e-13,25,27,0.1416
ATT_T002_000924_1,CALL_T002_000924,1,EDGE_CANDIDATE_SCREEN,2010-07-02 17:30:00,E0039,CAL_001346,3.5,1425.03887545507,-1650.39027210113,FLAT_START,CONVERGED_FEASIBLE,CONVERGED,PASSED,0.900186758974649,33,1,1,3.71924713249427e-14,6.42264019745653e-13,25,27,0.1353
ATT_T002_000925_1,CALL_T002_000925,1,EDGE_CANDIDATE_SCREEN,2010-07-02 17:30:00,E0039,CAL_001347,3.5,1445.13479487006,-1657.67851228877,FLAT_START,CONVERGED_FEASIBLE,CONVERGED,PASSED,0.900186935310979,33,1,1,3.78586051397178e-14,6.52478071572204e-13,25,27,0.1343
ATT_T002_000926_1,CALL_T002_000926,1,EDGE_CANDIDATE_SCREEN,2010-07-02 17:30:00,E0039,CAL_001348,3.5,1465.43102158492,-1665.03939845408,FLAT_START,CONVERGED_FEASIBLE,CONVERGED,PASSED,0.900186453901173,33,1,1,3.86357612569554e-14,6.63025190306143e-13,25,27,0.1341
ATT_T002_000927_1,CALL_T002_000927,1,EDGE_CANDIDATE_SCREEN,2010-07-02 17:30:00,E0039,CAL_001349,3.5,1485.93370376136,-1672.47516036708,FLAT_START,CONVERGED_FEASIBLE,CONVERGED,PASSED,0.900185297143206,33,1,1,3.93018950717305e-14,6.7346128673762e-13,25,27,0.1413
ATT_T002_000928_1,CALL_T002_000928,1,EDGE_CANDIDATE_SCREEN,2010-07-02 17:30:00,E0039,CAL_001350,3.5,1506.64917883076,-1679.98809644078,FLAT_START,CONVERGED_FEASIBLE,CONVERGED,PASSED,0.900183446529853,33,1,1,3.96349619791181e-14,6.84563516983872e-13,25,27,0.1401
ATT_T002_000929_1,CALL_T002_000929,1,EDGE_CANDIDATE_SCREEN,2010-07-02 17:30:00,E0039,CAL_001351,3.5,1527.58398197559,-1687.58057680704,FLAT_START,CONVERGED_FEASIBLE,CONVERGED,PASSED,0.900180882604461,33,1,1,4.05231403988182e-14,6.96220858742436e-13,25,27,0.1638
ATT_T002_000930_1,CALL_T002_000930,1,EDGE_CANDIDATE_SCREEN,2010-07-02 17:30:00,E0039,CAL_001352,3.5,1548.74485504084,-1695.25504654863,FLAT_START,CONVERGED_FEASIBLE,CONVERGED,PASSED,0.900177584913946,33,1,1,4.11892742135933e-14,7.08211267408387e-13,25,27,0.1376
ATT_T002_000931_1,CALL_T002_000931,1,EDGE_CANDIDATE_SCREEN,2010-07-02 17:30:00,E0039,CAL_001353,3.5,1570.13875590174,-1703.01402909654,FLAT_START,CONVERGED_FEASIBLE,CONVERGED,PASSED,0.900173531958828,33,1,1,4.19664303308309e-14,7.20645765284189e-13,25,27,0.1364
ATT_T002_000932_1,CALL_T002_000932,1,EDGE_CANDIDATE_SCREEN,2010-07-02 17:30:00,E0039,CAL_001354,3.5,1591.77286831642,-1710.86012980327,FLAT_START,CONVERGED_FEASIBLE,CONVERGED,PASSED,0.900168701140089,33,1,1,4.27435864480685e-14,7.33413330067378e-13,25,27,0.1368
ATT_T002_000933_1,CALL_T002_000933,1,EDGE_CANDIDATE_SCREEN,2010-07-02 17:30:00,E0039,CAL_001355,3.5,1613.6546122936,-1718.79603970303,FLAT_START,CONVERGED_FEASIBLE,CONVERGED,PASSED,0.900163068702642,33,1,1,4.38538094726937e-14,7.46847028665343e-13,25,27,0.1377
ATT_T002_000934_1,CALL_T002_000934,1,LOCAL_REENTRY_STENCIL,2010-07-02 17:30:00,E0039,CAL_001337,3.75,1252.34413254082,-1587.49267976185,FLAT_START,CONVERGED_FEASIBLE,CONVERGED,PASSED,0.900168575190697,33,1,1,3.2085445411667e-14,5.63327162694804e-13,25,27,0.1389
ATT_T002_000935_1,CALL_T002_000935,1,LOCAL_REENTRY_STENCIL,2010-07-02 17:30:00,E0039,CAL_001337,3.25,1252.17366115698,-1587.962721789,FLAT_START,CONVERGED_FEASIBLE,CONVERGED,PASSED,0.900147583055185,33,1,1,3.21964677141295e-14,5.64326363416967e-13,25,27,0.1701
ATT_T002_000936_1,CALL_T002_000936,1,ANCHOR_SEARCH,2010-07-02 17:30:00,E0040,CAL_001367,0,1870.87686113841,-1813.01482729944,FLAT_START,CONVERGED_FEASIBLE,CONVERGED,PASSED,0.900004526287449,33,1,1,2.09832151654155e-14,1.03006492224722e-12,25,28,0.1475
ATT_T002_000937_1,CALL_T002_000937,1,ANCHOR_SEARCH,2010-07-02 17:30:00,E0040,CAL_001367,0.5,1871.04239655823,-1812.54302434822,FLAT_START,CONVERGED_FEASIBLE,CONVERGED,PASSED,0.900025550129922,33,1,1,2.09832151654155e-14,1.02795549850043e-12,25,28,0.1428
ATT_T002_000938_1,CALL_T002_000938,1,ANCHOR_SEARCH,2010-07-02 17:30:00,E0040,CAL_001367,1,1871.20793197805,-1812.07122139699,FLAT_START,CONVERGED_FEASIBLE,CONVERGED,PASSED,0.900046572722621,33,1,1,2.09832151654155e-14,1.02662323087088e-12,25,28,0.1425
ATT_T002_000939_1,CALL_T002_000939,1,ANCHOR_SEARCH,2010-07-02 17:30:00,E0040,CAL_001367,2,1871.5390028177,-1811.12761549454,FLAT_START,CONVERGED_FEASIBLE,CONVERGED,PASSED,0.900088614159517,33,1,1,2.08721928629529e-14,1.02395869561178e-12,25,28,0.145
ATT_T002_000940_1,CALL_T002_000940,1,ANCHOR_SEARCH,2010-07-02 17:30:00,E0040,CAL_001367,4,1872.20114449699,-1809.24040368964,FLAT_START,CONVERGED_FEASIBLE,CONVERGED,PASSED,0.900172682044986,33,1,1,2.07611705604904e-14,1.01774144667388e-12,25,28,0.1423
ATT_T002_000941_1,CALL_T002_000941,1,ANCHOR_SEARCH,2010-07-02 17:30:00,E0040,CAL_001367,3,1871.87007365734,-1810.18400959209,FLAT_START,CONVERGED_FEASIBLE,CONVERGED,PASSED,0.900130650599763,33,1,1,2.07611705604904e-14,1.02073904884037e-12,25,28,0.1618
ATT_T002_000942_1,CALL_T002_000942,1,ANCHOR_SEARCH,2010-07-02 17:30:00,E0040,CAL_001367,3.5,1872.03560907716,-1809.71220664087,FLAT_START,CONVERGED_FEASIBLE,CONVERGED,PASSED,0.900151666946651,33,1,1,2.09832151654155e-14,1.01907371430343e-12,25,28,0.1467
ATT_T002_000943_1,CALL_T002_000943,1,ANCHOR_SEARCH,2010-07-02 17:30:00,E0040,CAL_001367,3.25,1871.95284136725,-1809.94810811648,FLAT_START,CONVERGED_FEASIBLE,CONVERGED,PASSED,0.900141158929289,33,1,1,2.07611705604904e-14,1.02007291502559e-12,25,28,0.141
ATT_T002_000944_1,CALL_T002_000944,1,EDGE_CANDIDATE_SCREEN,2010-07-02 17:30:00,E0040,CAL_001357,3.5,1635.75710325983,-1726.81221300181,FLAT_START,CONVERGED_FEASIBLE,CONVERGED,PASSED,0.900156612255136,33,1,1,1.69864122767649e-14,8.39550651221543e-13,25,28,0.1446
ATT_T002_000945_1,CALL_T002_000945,1,EDGE_CANDIDATE_SCREEN,2010-07-02 17:30:00,E0040,CAL_001358,3.5,1658.08193945102,-1734.64504050273,FLAT_START,CONVERGED_FEASIBLE,CONVERGED,PASSED,0.900159773589962,33,1,1,1.70974345792274e-14,8.54760706658908e-13,25,28,0.141
ATT_T002_000946_1,CALL_T002_000946,1,EDGE_CANDIDATE_SCREEN,2010-07-02 17:30:00,E0040,CAL_001359,3.5,1680.67281478399,-1742.57120972801,FLAT_START,CONVERGED_FEASIBLE,CONVERGED,PASSED,0.900162193278565,33,1,1,1.75415237890775e-14,8.7030382900366e-13,25,28,0.1442
ATT_T002_000947_1,CALL_T002_000947,1,EDGE_CANDIDATE_SCREEN,2010-07-02 17:30:00,E0040,CAL_001360,3.5,1703.53801659539,-1750.59362834863,FLAT_START,CONVERGED_FEASIBLE,CONVERGED,PASSED,0.900163847218959,33,1,1,1.7874590696465e-14,8.86402062860725e-13,25,28,0.1586
ATT_T002_000948_1,CALL_T002_000948,1,EDGE_CANDIDATE_SCREEN,2010-07-02 17:30:00,E0040,CAL_001361,3.5,1726.68611933363,-1758.71530477077,FLAT_START,CONVERGED_FEASIBLE,CONVERGED,PASSED,0.900164710008237,33,1,1,1.83186799063151e-14,9.03499497439952e-13,25,28,0.1723
ATT_T002_000949_1,CALL_T002_000949,1,EDGE_CANDIDATE_SCREEN,2010-07-02 17:30:00,E0040,CAL_001362,3.5,1750.12599822054,-1766.93935292913,FLAT_START,CONVERGED_FEASIBLE,CONVERGED,PASSED,0.900164754870813,33,1,1,1.86517468137026e-14,9.20818976624105e-13,25,28,0.1484
ATT_T002_000950_1,CALL_T002_000950,1,EDGE_CANDIDATE_SCREEN,2010-07-02 17:30:00,E0040,CAL_001363,3.5,1773.86684367338,-1775.26899734692,FLAT_START,CONVERGED_FEASIBLE,CONVERGED,PASSED,0.900163953581825,33,1,1,1.89848137210902e-14,9.38804589623032e-13,25,28,0.1422
ATT_T002_000951_1,CALL_T002_000951,1,EDGE_CANDIDATE_SCREEN,2010-07-02 17:30:00,E0040,CAL_001364,3.5,1797.91817653775,-1783.70757848053,FLAT_START,CONVERGED_FEASIBLE,CONVERGED,PASSED,0.900162276385329,33,1,1,1.95399252334028e-14,9.58011447949048e-13,25,28,0.1391
ATT_T002_000952_1,CALL_T002_000952,1,EDGE_CANDIDATE_SCREEN,2010-07-02 17:30:00,E0040,CAL_001365,3.5,1822.28986418587,-1792.25855836765,FLAT_START,CONVERGED_FEASIBLE,CONVERGED,PASSED,0.900159691906884,33,1,1,1.97619698383278e-14,9.77329328577525e-13,25,28,0.1381
ATT_T002_000953_1,CALL_T002_000953,1,EDGE_CANDIDATE_SCREEN,2010-07-02 17:30:00,E0040,CAL_001366,3.5,1846.99213753905,-1800.92552659976,FLAT_START,CONVERGED_FEASIBLE,CONVERGED,PASSED,0.900156167060095,33,1,1,2.02060590481778e-14,9.97868454533091e-13,25,28,0.1425
ATT_T002_000954_1,CALL_T002_000954,1,LOCAL_REENTRY_STENCIL,2010-07-02 17:30:00,E0040,CAL_001367,3.75,1872.11837678708,-1809.47630516525,FLAT_START,CONVERGED_FEASIBLE,CONVERGED,PASSED,0.900162174651875,33,1,1,2.08721928629529e-14,1.01818553588373e-12,25,28,0.1702
ATT_T002_000955_1,CALL_T002_000955,1,LOCAL_REENTRY_STENCIL,2010-07-02 17:30:00,E0040,CAL_001367,3.25,1871.95284136725,-1809.94810811648,FLAT_START,CONVERGED_FEASIBLE,CONVERGED,PASSED,0.900141158929289,33,1,1,2.07611705604904e-14,1.02007291502559e-12,25,28,0.1423
ATT_T002_000956_1,CALL_T002_000956,1,ANCHOR_SEARCH,2010-07-02 17:30:00,E0041,CAL_001377,0,2112.50684677857,-1895.41290796744,FLAT_START,CONVERGED_FEASIBLE,CONVERGED,PASSED,0.900008686102505,33,1.00735506678917,13,2.62012633811537e-14,1.26132437827664e-12,25,28,0.1473
ATT_T002_000957_1,CALL_T002_000957,1,ANCHOR_SEARCH,2010-07-02 17:30:00,E0041,CAL_001377,0.5,2112.66822624196,-1894.93966736395,FLAT_START,CONVERGED_FEASIBLE,CONVERGED,PASSED,0.900029725479814,33,1.00736937050895,13,2.59792187762287e-14,1.2596590437397e-12,25,28,0.1428
ATT_T002_000958_1,CALL_T002_000958,1,ANCHOR_SEARCH,2010-07-02 17:30:00,E0041,CAL_001377,1,2112.82960570535,-1894.46642676045,FLAT_START,CONVERGED_FEASIBLE,CONVERGED,PASSED,0.900050763602015,33,1.0073836735334,13,2.60902410786912e-14,1.25754961999291e-12,25,28,0.1419
ATT_T002_000959_1,CALL_T002_000959,1,ANCHOR_SEARCH,2010-07-02 17:30:00,E0041,CAL_001377,2,2113.15236463214,-1893.51994555346,FLAT_START,CONVERGED_FEASIBLE,CONVERGED,PASSED,0.900092836081914,33,1.00741227749673,13,2.59792187762287e-14,1.25399690631411e-12,25,28,0.1434
ATT_T002_000960_1,CALL_T002_000960,1,ANCHOR_SEARCH,2010-07-02 17:30:00,E0041,CAL_001377,4,2113.79788248571,-1891.62698313949,FLAT_START,CONVERGED_FEASIBLE,CONVERGED,PASSED,0.900176965989442,33,1.007469477084,13,2.57571741713036e-14,1.24689147895651e-12,25,28,0.1789
ATT_T002_000961_1,CALL_T002_000961,1,ANCHOR_SEARCH,2010-07-02 17:30:00,E0041,CAL_001377,3,2113.47512355892,-1892.57346434648,FLAT_START,CONVERGED_FEASIBLE,CONVERGED,PASSED,0.900134903543843,33,1.00744087868,13,2.58681964737661e-14,1.25022214803039e-12,25,28,0.1377
ATT_T002_000962_1,CALL_T002_000962,1,ANCHOR_SEARCH,2010-07-02 17:30:00,E0041,CAL_001377,3.5,2113.63650302231,-1892.10022374298,FLAT_START,CONVERGED_FEASIBLE,CONVERGED,PASSED,0.900155935393581,33,1.00745517822935,13,2.57571741713036e-14,1.24855681349345e-12,25,28,0.1363
ATT_T002_000963_1,CALL_T002_000963,1,ANCHOR_SEARCH,2010-07-02 17:30:00,E0041,CAL_001377,3.25,2113.55581329062,-1892.33684404473,FLAT_START,CONVERGED_FEASIBLE,CONVERGED,PASSED,0.90014541962546,33,1.00744802854152,13,2.59792187762287e-14,1.24944499191315e-12,25,28,0.1387
ATT_T002_000964_1,CALL_T002_000964,1,EDGE_CANDIDATE_SCREEN,2010-07-02 17:30:00,E0041,CAL_001369,3.5,1897.30903656454,-1818.33053830984,FLAT_START,CONVERGED_FEASIBLE,CONVERGED,PASSED,0.900156079375384,33,1,1,2.12052597703405e-14,1.04061204098116e-12,25,28,0.1375
ATT_T002_000965_1,CALL_T002_000965,1,EDGE_CANDIDATE_SCREEN,2010-07-02 17:30:00,E0041,CAL_001370,3.5,1922.96908333379,-1827.08085378925,FLAT_START,CONVERGED_FEASIBLE,CONVERGED,PASSED,0.900159596810505,33,1.00070329985705,13,2.16493489801906e-14,1.06259445686874e-12,25,28,0.1425
ATT_T002_000966_1,CALL_T002_000966,1,EDGE_CANDIDATE_SCREEN,2010-07-02 17:30:00,E0041,CAL_001371,3.5,1948.99828205033,-1835.95705352865,FLAT_START,CONVERGED_FEASIBLE,CONVERGED,PASSED,0.900162184152088,33,1.0016328693869,13,2.22044604925031e-14,1.0857981180834e-12,25,28,0.1832
ATT_T002_000967_1,CALL_T002_000967,1,EDGE_CANDIDATE_SCREEN,2010-07-02 17:30:00,E0041,CAL_001372,3.5,1975.40870808006,-1844.96325534051,FLAT_START,CONVERGED_FEASIBLE,CONVERGED,PASSED,0.900163804209142,33,1.00257349726545,13,2.28705943072782e-14,1.11000098002023e-12,25,28,0.1425
ATT_T002_000968_1,CALL_T002_000968,1,EDGE_CANDIDATE_SCREEN,2010-07-02 17:30:00,E0041,CAL_001373,3.5,2002.21291099778,-1854.103738747,FLAT_START,CONVERGED_FEASIBLE,CONVERGED,PASSED,0.900164417643006,33,1.0035255327758,13,2.33146835171283e-14,1.13509202037676e-12,25,28,0.1407
ATT_T002_000969_1,CALL_T002_000969,1,EDGE_CANDIDATE_SCREEN,2010-07-02 17:30:00,E0041,CAL_001374,3.5,2029.42393921288,-1863.38295337753,FLAT_START,CONVERGED_FEASIBLE,CONVERGED,PASSED,0.900163982832978,33,1.00448933745057,13,2.39808173319034e-14,1.16173737296776e-12,25,28,0.1384
ATT_T002_000970_1,CALL_T002_000970,1,EDGE_CANDIDATE_SCREEN,2010-07-02 17:30:00,E0041,CAL_001375,3.5,2057.05536612083,-1872.80552788666,FLAT_START,CONVERGED_FEASIBLE,CONVERGED,PASSED,0.900162455731955,33,1.00546528566523,13,2.4535928844216e-14,1.18949294858339e-12,25,28,0.1417
ATT_T002_000971_1,CALL_T002_000971,1,EDGE_CANDIDATE_SCREEN,2010-07-02 17:30:00,E0041,CAL_001376,3.5,2085.12131789238,-1882.37627943046,FLAT_START,CONVERGED_FEASIBLE,CONVERGED,PASSED,0.900159789711237,33,1.0064537652653,13,2.53130849614536e-14,1.21802568031626e-12,25,28,0.1402
ATT_T002_000972_1,CALL_T002_000972,1,LOCAL_REENTRY_STENCIL,2010-07-02 17:30:00,E0041,CAL_001377,3.75,2113.71719275401,-1891.86360344124,FLAT_START,CONVERGED_FEASIBLE,CONVERGED,PASSED,0.900166450848234,33,1.00746232774351,13,2.58681964737661e-14,1.24755761277129e-12,25,28,0.1422
ATT_T002_000973_1,CALL_T002_000973,1,LOCAL_REENTRY_STENCIL,2010-07-02 17:30:00,E0041,CAL_001377,3.25,2113.55581329062,-1892.33684404473,FLAT_START,CONVERGED_FEASIBLE,CONVERGED,PASSED,0.90014541962546,33,1.00744802854152,13,2.59792187762287e-14,1.24944499191315e-12,25,28,0.1579
ATT_T002_000974_1,CALL_T002_000974,1,ANCHOR_SEARCH,2010-07-02 17:30:00,E0042,CAL_001379,0,2141.48658752585,-1905.29527008193,FLAT_START,CONVERGED_FEASIBLE,CONVERGED,PASSED,0.900003574873727,33,1.0083699710667,13,2.67563748934663e-14,4.49085213460876e-13,26,28,0.1447
ATT_T002_000975_1,CALL_T002_000975,1,ANCHOR_SEARCH,2010-07-02 17:30:00,E0042,CAL_001379,0.5,2141.64346442617,-1904.82051789589,FLAT_START,CONVERGED_FEASIBLE,CONVERGED,PASSED,0.900024616517884,33,1.00838409677965,13,2.66453525910038e-14,4.48641124251026e-13,26,28,0.1433
ATT_T002_000976_1,CALL_T002_000976,1,ANCHOR_SEARCH,2010-07-02 17:30:00,E0042,CAL_001379,1,2141.80034132649,-1904.34576570986,FLAT_START,CONVERGED_FEASIBLE,CONVERGED,PASSED,0.900045656905614,33,1.00839822180484,13,2.66453525910038e-14,4.47752945831326e-13,26,28,0.1386
ATT_T002_000977_1,CALL_T002_000977,1,ANCHOR_SEARCH,2010-07-02 17:30:00,E0042,CAL_001379,2,2142.11409512713,-1903.39626133779,FLAT_START,CONVERGED_FEASIBLE,CONVERGED,PASSED,0.900087733912614,33,1.00842646979236,13,2.66453525910038e-14,4.47086812016551e-13,26,28,0.1401
ATT_T002_000978_1,CALL_T002_000978,1,ANCHOR_SEARCH,2010-07-02 17:30:00,E0042,CAL_001379,4,2142.74160272842,-1901.49725259364,FLAT_START,CONVERGED_FEASIBLE,CONVERGED,PASSED,0.900171872858539,33,1.00848295751878,13,2.65343302885412e-14,1.27853283515833e-12,25,28,0.1437
ATT_T002_000979_1,CALL_T002_000979,1,ANCHOR_SEARCH,2010-07-02 17:30:00,E0042,CAL_001379,3,2142.42784892778,-1902.44675696572,FLAT_START,CONVERGED_FEASIBLE,CONVERGED,PASSED,0.900129805896375,33,1.00845471503007,13,2.64233079860787e-14,1.28208554883713e-12,25,28,0.1783
ATT_T002_000980_1,CALL_T002_000980,1,ANCHOR_SEARCH,2010-07-02 17:30:00,E0042,CAL_001379,3.5,2142.5847258281,-1901.97200477968,FLAT_START,CONVERGED_FEASIBLE,CONVERGED,PASSED,0.900150840005053,33,1.008468836618,13,2.66453525910038e-14,1.28042021430019e-12,25,28,0.1441
ATT_T002_000981_1,CALL_T002_000981,1,ANCHOR_SEARCH,2010-07-02 17:30:00,E0042,CAL_001379,3.25,2142.50628737794,-1902.2093808727,FLAT_START,CONVERGED_FEASIBLE,CONVERGED,PASSED,0.900140323107626,33,1.00846177590993,13,2.66453525910038e-14,1.28153043732482e-12,25,28,0.1401
ATT_T002_000982_1,CALL_T002_000982,1,EDGE_CANDIDATE_SCREEN,2010-07-02 17:30:00,E0042,CAL_001380,3.5,2171.89806790283,-1911.658292443,FLAT_START,CONVERGED_FEASIBLE,CONVERGED,PASSED,0.900156845249332,33,1.00949732677426,13,2.73114864057789e-14,4.55857573911089e-13,26,28,0.1782
ATT_T002_000983_1,CALL_T002_000983,1,EDGE_CANDIDATE_SCREEN,2010-07-02 17:30:00,E0042,CAL_001381,3.5,2201.6992156813,-1921.50577040519,FLAT_START,CONVERGED_FEASIBLE,CONVERGED,PASSED,0.90016172685411,33,1.01053983320308,13,2.79776202205539e-14,4.68292071786891e-13,26,28,0.1448
ATT_T002_000984_1,CALL_T002_000984,1,EDGE_CANDIDATE_SCREEN,2010-07-02 17:30:00,E0042,CAL_001382,3.5,2232.00510221036,-1931.52003401471,FLAT_START,CONVERGED_FEASIBLE,CONVERGED,PASSED,0.900165431874213,33,1.01159681290459,13,2.87547763377916e-14,4.80837591965155e-13,26,28,0.1451
ATT_T002_000985_1,CALL_T002_000985,1,EDGE_CANDIDATE_SCREEN,2010-07-02 17:30:00,E0042,CAL_001383,3.5,2262.83339546542,-1941.70692146945,FLAT_START,CONVERGED_FEASIBLE,CONVERGED,PASSED,0.900167904048868,33,1.01266874044095,13,2.95319324550292e-14,4.94160268260657e-13,26,28,0.144
ATT_T002_000986_1,CALL_T002_000986,1,EDGE_CANDIDATE_SCREEN,2010-07-02 17:30:00,E0042,CAL_001384,3.5,2294.20253980093,-1952.07252751366,FLAT_START,CONVERGED_FEASIBLE,CONVERGED,PASSED,0.900169083571576,33,1.01375610884139,13,3.04201108747293e-14,5.08038056068472e-13,26,28,0.1448
ATT_T002_000987_1,CALL_T002_000987,1,EDGE_CANDIDATE_SCREEN,2010-07-02 17:30:00,E0042,CAL_001385,3.5,2326.13180021428,-1962.62321806447,FLAT_START,CONVERGED_FEASIBLE,CONVERGED,PASSED,0.900168906841259,33,1.01485943056271,13,3.13082892944294e-14,5.22915044598449e-13,26,28,0.1427
ATT_T002_000988_1,CALL_T002_000988,1,EDGE_CANDIDATE_SCREEN,2010-07-02 17:30:00,E0042,CAL_001386,3.5,2358.64130964916,-1973.36564584281,FLAT_START,CONVERGED_FEASIBLE,CONVERGED,PASSED,0.900167306192948,33,1.01597923850936,13,3.23074900165921e-14,5.38680211548126e-13,26,28,0.1621
ATT_T002_000989_1,CALL_T002_000989,1,EDGE_CANDIDATE_SCREEN,2010-07-02 17:30:00,E0042,CAL_001387,3.5,2391.75211958538,-1984.30676709026,FLAT_START,CONVERGED_FEASIBLE,CONVERGED,PASSED,0.900164209606071,33,1.01711608711756,13,3.31956684362922e-14,5.55111512312578e-13,26,28,0.1472
ATT_T002_000990_1,CALL_T002_000990,1,EDGE_CANDIDATE_SCREEN,2010-07-02 17:30:00,E0042,CAL_001388,3.5,2425.4862541852,-1995.45385946116,FLAT_START,CONVERGED_FEASIBLE,CONVERGED,PASSED,0.900159540388235,33,1.01827055350803,13,3.44169137633799e-14,5.72653036101656e-13,26,28,0.1437
ATT_T002_000991_1,CALL_T002_000991,1,LOCAL_REENTRY_STENCIL,2010-07-02 17:30:00,E0042,CAL_001379,3.75,2142.66316427826,-1901.73462868666,FLAT_START,CONVERGED_FEASIBLE,CONVERGED,PASSED,0.900161356588682,33,1.00847589715427,13,2.64233079860787e-14,1.27919896897311e-12,25,28,0.1443
ATT_T002_000992_1,CALL_T002_000992,1,LOCAL_REENTRY_STENCIL,2010-07-02 17:30:00,E0042,CAL_001379,3.25,2142.50628737794,-1902.2093808727,FLAT_START,CONVERGED_FEASIBLE,CONVERGED,PASSED,0.900140323107626,33,1.00846177590993,13,2.66453525910038e-14,1.28153043732482e-12,25,28,0.1418
ATT_T002_000993_1,CALL_T002_000993,1,ANCHOR_SEARCH,2010-07-02 17:30:00,E0043,CAL_001390,0,2493.5843240656,-2021.24392733838,FLAT_START,CONVERGED_FEASIBLE,CONVERGED,PASSED,0.900013712505943,33,1.0205360083308,13,3.69704267200177e-14,6.16506845574349e-13,26,28,0.1498
ATT_T002_000994_1,CALL_T002_000994,1,ANCHOR_SEARCH,2010-07-02 17:30:00,E0043,CAL_001390,0.5,2493.73627870106,-2020.76757684897,FLAT_START,CONVERGED_FEASIBLE,CONVERGED,PASSED,0.900034782449142,33,1.02054973638618,13,3.69704267200177e-14,6.15396622549724e-13,26,28,0.166
ATT_T002_000995_1,CALL_T002_000995,1,ANCHOR_SEARCH,2010-07-02 17:30:00,E0043,CAL_001390,1,2493.88823333652,-2020.29122635956,FLAT_START,CONVERGED_FEASIBLE,CONVERGED,PASSED,0.900055851126868,33,1.02056346377457,13,3.69704267200177e-14,6.14397421827562e-13,26,28,0.1458
ATT_T002_000996_1,CALL_T002_000996,1,ANCHOR_SEARCH,2010-07-02 17:30:00,E0043,CAL_001390,2,2494.19214260744,-2019.33852538074,FLAT_START,CONVERGED_FEASIBLE,CONVERGED,PASSED,0.900097984686735,33,1.0205909165508,13,3.68594044175552e-14,6.12621064988161e-13,26,28,0.1426
ATT_T002_000997_1,CALL_T002_000997,1,ANCHOR_SEARCH,2010-07-02 17:30:00,E0043,CAL_001390,4,2494.79996114929,-2017.43312342309,FLAT_START,CONVERGED_FEASIBLE,CONVERGED,PASSED,0.900182236629976,33,1.02064581410379,13,3.64153152077051e-14,6.08846306704436e-13,26,28,0.1502
ATT_T002_000998_1,CALL_T002_000998,1,ANCHOR_SEARCH,2010-07-02 17:30:00,E0043,CAL_001390,3,2494.49605187837,-2018.38582440192,FLAT_START,CONVERGED_FEASIBLE,CONVERGED,PASSED,0.900140113187215,33,1.02061836666028,13,3.64153152077051e-14,6.11066752753686e-13,26,28,0.1434
ATT_T002_000999_1,CALL_T002_000999,1,ANCHOR_SEARCH,2010-07-02 17:30:00,E0043,CAL_001390,3.5,2494.64800651383,-2017.9094739125,FLAT_START,CONVERGED_FEASIBLE,CONVERGED,PASSED,0.900161175540706,33,1.02063209071523,13,3.67483821150927e-14,6.10067552031524e-13,26,28,0.1445
ATT_T002_001000_1,CALL_T002_001000,1,ANCHOR_SEARCH,2010-07-02 17:30:00,E0043,CAL_001390,3.25,2494.5720291961,-2018.14764915721,FLAT_START,CONVERGED_FEASIBLE,CONVERGED,PASSED,0.900150644522002,33,1.02062522877106,13,3.65263375101677e-14,6.10511641241374e-13,26,28,0.1419
ATT_T002_001001_1,CALL_T002_001001,1,EDGE_CANDIDATE_SCREEN,2010-07-02 17:30:00,E0043,CAL_001391,3.25,2530.06836616085,-2029.47089341451,FLAT_START,CONVERGED_FEASIBLE,CONVERGED,PASSED,0.900157123095011,33,1.02183442809423,13,3.78586051397178e-14,6.30162588777239e-13,26,28,0.1458
ATT_T002_001002_1,CALL_T002_001002,1,EDGE_CANDIDATE_SCREEN,2010-07-02 17:30:00,E0043,CAL_001392,3.25,2566.27107106016,-2041.01946730698,FLAT_START,CONVERGED_FEASIBLE,CONVERGED,PASSED,0.900162038931749,33,1.02306345213186,13,3.9190872769268e-14,6.52033982362354e-13,26,28,0.148
ATT_T002_001003_1,CALL_T002_001003,1,EDGE_CANDIDATE_SCREEN,2010-07-02 17:30:00,E0043,CAL_001393,3.25,2603.20712267811,-2052.80197700046,FLAT_START,CONVERGED_FEASIBLE,CONVERGED,PASSED,0.900165303070897,33,1.02431299418274,13,4.04121180963557e-14,6.74460487459783e-13,26,28,0.1445
ATT_T002_001004_1,CALL_T002_001004,1,EDGE_CANDIDATE_SCREEN,2010-07-02 17:30:00,E0043,CAL_001394,3.25,2640.90483206043,-2064.82745364895,FLAT_START,CONVERGED_FEASIBLE,CONVERGED,PASSED,0.90016682032606,33,1.02558377782124,13,4.19664303308309e-14,6.98330282489223e-13,26,28,0.1458
ATT_T002_001005_1,CALL_T002_001005,1,EDGE_CANDIDATE_SCREEN,2010-07-02 17:30:00,E0043,CAL_001395,3.25,2679.39392699073,-2077.10538034237,FLAT_START,CONVERGED_FEASIBLE,CONVERGED,PASSED,0.900166488793121,33,1.02687655862634,13,4.34097202628436e-14,7.24531545870377e-13,26,28,0.1414
ATT_T002_001006_1,CALL_T002_001006,1,EDGE_CANDIDATE_SCREEN,2010-07-02 17:30:00,E0043,CAL_001396,3.25,2718.70564295361,-2089.64572112354,FLAT_START,CONVERGED_FEASIBLE,CONVERGED,PASSED,0.900164199312212,33,1.02819212602969,13,4.50750547997814e-14,7.51954054578619e-13,26,28,0.1431
ATT_T002_001007_1,CALL_T002_001007,1,EDGE_CANDIDATE_SCREEN,2010-07-02 17:30:00,E0043,CAL_001397,3.25,2758.87282117391,-2102.45895226247,FLAT_START,CONVERGED_FEASIBLE,CONVERGED,PASSED,0.900159834879503,33,1.02953130529238,13,4.68514116391816e-14,7.81708031638573e-13,26,28,0.1671
ATT_T002_001008_1,CALL_T002_001008,1,EDGE_CANDIDATE_SCREEN,2010-07-02 17:30:00,E0043,CAL_001398,3.25,2799.93001438349,-2115.55609599571,FLAT_START,CONVERGED_FEASIBLE,CONVERGED,PASSED,0.900153270003464,33,1.03089495962112,13,4.86277684785819e-14,8.13238365537927e-13,26,28,0.14
ATT_T002_001009_1,CALL_T002_001009,1,LOCAL_REENTRY_STENCIL,2010-07-02 17:30:00,E0043,CAL_001390,3.5,2494.64800651383,-2017.9094739125,FLAT_START,CONVERGED_FEASIBLE,CONVERGED,PASSED,0.900161175540706,33,1.02063209071523,13,3.67483821150927e-14,6.10067552031524e-13,26,28,0.143
ATT_T002_001010_1,CALL_T002_001010,1,LOCAL_REENTRY_STENCIL,2010-07-02 17:30:00,E0043,CAL_001390,3,2494.49605187837,-2018.38582440192,FLAT_START,CONVERGED_FEASIBLE,CONVERGED,PASSED,0.900140113187215,33,1.02061836666028,13,3.64153152077051e-14,6.11066752753686e-13,26,28,0.1402
ATT_T002_001011_1,CALL_T002_001011,1,ANCHOR_SEARCH,2010-07-02 17:30:00,E0044,CAL_001400,0,2840.925895901,-2132.04503513372,FLAT_START,CONVERGED_FEASIBLE,CONVERGED,PASSED,0.900007215994425,33,1.03219608792493,13,2.00950367457153e-14,9.49795797566821e-13,26,29,0.1478
ATT_T002_001012_1,CALL_T002_001012,1,ANCHOR_SEARCH,2010-07-02 17:30:00,E0044,CAL_001400,0.5,2840.43211285198,-2131.96643296769,FLAT_START,CONVERGED_FEASIBLE,CONVERGED,PASSED,0.900004155043837,33,1.032178501524,13,2.00950367457153e-14,9.49573752961896e-13,26,29,0.1467
ATT_T002_001013_1,CALL_T002_001013,1,ANCHOR_SEARCH,2010-07-02 17:30:00,E0044,CAL_001400,1,2839.93832980297,-2131.88783080166,FLAT_START,CONVERGED_FEASIBLE,CONVERGED,PASSED,0.90000109380397,33,1.03216091434942,13,1.99840144432528e-14,9.49351708356971e-13,26,29,0.1707
ATT_T002_001014_1,CALL_T002_001014,1,ANCHOR_SEARCH,2010-07-02 17:30:00,E0044,CAL_001400,2,2838.95076370494,-2131.73062646959,FLAT_START,CONVERGED_INFEASIBLE,CONVERGED,PASSED,0.899994970456295,33,1.032125737679,13,2.02060590481778e-14,9.48907619147121e-13,26,29,0.1446
ATT_T002_001015_1,CALL_T002_001015,1,ANCHOR_SEARCH,2010-07-02 17:30:00,E0044,CAL_001400,4,2836.97563150888,-2131.41621780546,FLAT_START,CONVERGED_INFEASIBLE,CONVERGED,PASSED,0.899982720288418,33,1.03205537505081,13,2.00950367457153e-14,9.47686373820034e-13,26,29,0.155
ATT_T002_001016_1,CALL_T002_001016,1,ANCHOR_SEARCH,2010-07-02 17:30:00,E0044,CAL_001400,8,2833.02536711675,-2130.78740047721,FLAT_START,CONVERGED_INFEASIBLE,CONVERGED,PASSED,0.899958206056483,33,1.03191461262698,13,2.00950367457153e-14,9.46021039283096e-13,26,29,0.1458
ATT_T002_001017_1,CALL_T002_001017,1,ANCHOR_SEARCH,2010-07-02 17:30:00,E0044,CAL_001400,16,2825.1248383325,-2129.5297658207,FLAT_START,CONVERGED_INFEASIBLE,CONVERGED,PASSED,0.899909121959229,33,1.03163293896447,13,1.99840144432528e-14,9.42357303301833e-13,26,29,0.1454
ATT_T002_001018_1,CALL_T002_001018,1,ANCHOR_SEARCH,2010-07-02 17:30:00,E0044,CAL_001400,32,2809.32378076401,-2127.01449650767,FLAT_START,CONVERGED_INFEASIBLE,CONVERGED,PASSED,0.899810730840773,33,1.03106899521683,13,1.96509475358653e-14,9.34363697524532e-13,26,29,0.1465
ATT_T002_001019_1,CALL_T002_001019,1,ANCHOR_SEARCH,2010-07-02 17:30:00,E0044,CAL_001400,64,2777.72166562701,-2121.98395788162,FLAT_START,CONVERGED_INFEASIBLE,CONVERGED,PASSED,0.899613053767267,33,1.0299387126737,13,4.96269692007445e-14,8.27449220253129e-13,26,28,0.1625
ATT_T002_001020_1,CALL_T002_001020,1,ANCHOR_SEARCH,2010-07-02 17:30:00,E0044,CAL_001400,128,2714.51743535302,-2111.92288062952,FLAT_START,CONVERGED_INFEASIBLE,CONVERGED,PASSED,0.899214094860443,33,1.02766849170782,13,4.82947015711943e-14,8.02358179896601e-13,26,28,0.1437
ATT_T002_001021_1,CALL_T002_001021,1,ANCHOR_SEARCH,2010-07-02 17:30:00,E0044,CAL_001400,256,2588.10897480505,-2091.80072612532,FLAT_START,CONVERGED_INFEASIBLE,CONVERGED,PASSED,0.898401550015989,33,1.02308880714802,13,4.5852210917019e-14,7.56839035886969e-13,26,28,0.1523
ATT_T002_001022_1,CALL_T002_001022,1,ANCHOR_SEARCH,2010-07-02 17:30:00,E0044,CAL_001400,512,2335.2920537091,-2051.55641711692,FLAT_START,CONVERGED_INFEASIBLE,CONVERGED,PASSED,0.896716209264941,33,1.01376728536453,13,4.18554080283684e-14,6.84563516983872e-13,26,28,0.1425
ATT_T002_001023_1,CALL_T002_001023,1,ANCHOR_SEARCH,2010-07-02 17:30:00,E0044,CAL_001400,1024,1829.65821151719,-1971.06779910012,FLAT_START,CONVERGED_INFEASIBLE,CONVERGED,PASSED,0.893089173039188,33,1,1,3.61932706027801e-14,5.92970117452296e-13,26,28,0.1421
ATT_T002_001024_1,CALL_T002_001024,1,ANCHOR_SEARCH,2010-07-02 17:30:00,E0044,CAL_001400,2048,818.390527133389,-1810.09056306652,FLAT_START,CONVERGED_INFEASIBLE,CONVERGED,PASSED,0.884658468032549,33,1,1,3.26405569239796e-14,5.52224932448553e-13,26,28,0.2773
ATT_T002_001025_1,CALL_T002_001025,1,ANCHOR_SEARCH,2010-07-02 17:30:00,E0044,CAL_001400,4096,-1204.14484163422,-1488.13609099933,FLAT_START,CONVERGED_INFEASIBLE,CONVERGED,PASSED,0.843795917250167,18,1,1,2.97539770599542e-14,1.35302880011068e-12,28,31,0.1639
ATT_T002_001026_1,CALL_T002_001026,1,ANCHOR_SEARCH,2010-07-02 17:30:00,E0045,CAL_001425,0,2857.5049631555,-994.868407658643,FLAT_START,CONVERGED_INFEASIBLE,CONVERGED,PASSED,0.943205707929541,33,1.05007672676998,13,2.18202077786535e-14,2.50466314355435e-13,25,27,0.1464
ATT_T002_001027_1,CALL_T002_001027,1,ANCHOR_SEARCH,2010-07-02 17:30:00,E0045,CAL_001425,0.5,2857.03767825946,-995.046297585092,FLAT_START,CONVERGED_INFEASIBLE,CONVERGED,PASSED,0.943193928189301,33,1.05005675388146,13,2.18074102179221e-14,2.5024426975051e-13,25,27,0.1466
ATT_T002_001028_1,CALL_T002_001028,1,ANCHOR_SEARCH,2010-07-02 17:30:00,E0045,CAL_001425,1,2856.57039336342,-995.224187511541,FLAT_START,CONVERGED_INFEASIBLE,CONVERGED,PASSED,0.943182147959253,33,1.05003678014533,13,2.16967706420961e-14,2.50022225145585e-13,25,27,0.1416
ATT_T002_001029_1,CALL_T002_001029,1,ANCHOR_SEARCH,2010-07-02 17:30:00,E0045,CAL_001425,2,2855.63582357134,-995.57996736444,FLAT_START,CONVERGED_FEASIBLE,CONVERGED,PASSED,0.94315858602953,33,1.04999683012989,13,2.16582431710182e-14,2.49578135935735e-13,25,27,0.1754
ATT_T002_001030_1,CALL_T002_001030,1,ANCHOR_SEARCH,2010-07-02 17:30:00,E0045,CAL_001425,4,2853.76668398717,-996.291527070236,FLAT_START,CONVERGED_FEASIBLE,CONVERGED,PASSED,0.943111456290138,33,1.04991691992364,13,2.16922919481629e-14,2.48689957516035e-13,25,27,0.2482
ATT_T002_001031_1,CALL_T002_001031,1,ANCHOR_SEARCH,2010-07-02 17:30:00,E0045,CAL_001425,8,2850.02840481885,-997.71464648183,FLAT_START,CONVERGED_FEASIBLE,CONVERGED,PASSED,0.943017173280103,33,1.04975705878871,13,2.14529593290648e-14,2.46469511466785e-13,25,27,0.2299
ATT_T002_001032_1,CALL_T002_001032,1,ANCHOR_SEARCH,2010-07-02 17:30:00,E0045,CAL_001425,6,2851.89754440301,-997.003086776033,FLAT_START,CONVERGED_FEASIBLE,CONVERGED,PASSED,0.943064318708089,33,1.04983699614524,13,2.15170747723744e-14,2.4802382370126e-13,25,27,0.2184
ATT_T002_001033_1,CALL_T002_001033,1,ANCHOR_SEARCH,2010-07-02 17:30:00,E0045,CAL_001425,5,2852.83211419509,-996.647306923135,FLAT_START,CONVERGED_FEASIBLE,CONVERGED,PASSED,0.94308788847965,33,1.04987695973133,13,2.15683906292544e-14,2.4846791291111e-13,25,27,0.1963
ATT_T002_001034_1,CALL_T002_001034,1,ANCHOR_SEARCH,2010-07-02 17:30:00,E0045,CAL_001425,5.5,2852.36482929905,-996.825196849584,FLAT_START,CONVERGED_FEASIBLE,CONVERGED,PASSED,0.943076103839029,33,1.04985697836256,13,2.15299017850758e-14,2.48245868306185e-13,25,27,0.1623
ATT_T002_001035_1,CALL_T002_001035,1,ANCHOR_SEARCH,2010-07-02 17:30:00,E0045,CAL_001425,5.75,2852.13118685103,-996.914141812809,FLAT_START,CONVERGED_FEASIBLE,CONVERGED,PASSED,0.943070211334852,33,1.04984698735997,13,2.1628384259331e-14,2.4846791291111e-13,25,27,0.1418
ATT_T002_001036_1,CALL_T002_001036,1,EDGE_CANDIDATE_SCREEN,2010-07-02 17:30:00,E0045,CAL_001421,5.75,2968.08590617022,-1301.50636940022,FLAT_START,CONVERGED_FEASIBLE,CONVERGED,PASSED,0.933427146797063,33,1.04976855648917,13,1.24523279623733e-14,4.18109991073834e-13,25,28,0.1473
ATT_T002_001037_1,CALL_T002_001037,1,EDGE_CANDIDATE_SCREEN,2010-07-02 17:30:00,E0045,CAL_001422,5.75,2937.19610998738,-1220.36442119583,FLAT_START,CONVERGED_FEASIBLE,CONVERGED,PASSED,0.936025570900894,33,1.04980291723142,13,1.11280476079234e-14,3.71258579434652e-13,25,28,0.1487
ATT_T002_001038_1,CALL_T002_001038,1,EDGE_CANDIDATE_SCREEN,2010-07-02 17:30:00,E0045,CAL_001423,5.75,2907.63088979391,-1142.7018962834,FLAT_START,CONVERGED_FEASIBLE,CONVERGED,PASSED,0.938492226953726,33,1.04982655743147,13,2.60817358564387e-14,3.01314528883267e-13,25,27,0.1443
ATT_T002_001039_1,CALL_T002_001039,1,EDGE_CANDIDATE_SCREEN,2010-07-02 17:30:00,E0045,CAL_001424,5.75,2879.30261184156,-1068.28859654121,FLAT_START,CONVERGED_FEASIBLE,CONVERGED,PASSED,0.940837371239882,33,1.04984085181281,13,2.36648308750528e-14,2.72670774847938e-13,25,27,0.1409
ATT_T002_001040_1,CALL_T002_001040,1,EDGE_CANDIDATE_SCREEN,2010-07-02 17:30:00,E0045,CAL_001426,5.75,2826.0432747309,-928.385880846557,FLAT_START,CONVERGED_FEASIBLE,CONVERGED,PASSED,0.945199038446545,33,1.04984599200006,13,1.98096318765775e-14,2.26485497023532e-13,25,27,0.1391
ATT_T002_001041_1,CALL_T002_001041,1,EDGE_CANDIDATE_SCREEN,2010-07-02 17:30:00,E0045,CAL_001427,5.75,2800.97158781264,-862.527061018907,FLAT_START,CONVERGED_FEASIBLE,CONVERGED,PASSED,0.947231339973872,33,1.04983875837564,13,1.82079960833359e-14,2.08721928629529e-13,25,27,0.164
ATT_T002_001042_1,CALL_T002_001042,1,EDGE_CANDIDATE_SCREEN,2010-07-02 17:30:00,E0045,CAL_001428,5.75,2776.85427865159,-799.175220197698,FLAT_START,CONVERGED_FEASIBLE,CONVERGED,PASSED,0.949173895687919,33,1.04982606364201,13,1.68721541765401e-14,1.93178806284777e-13,25,27,0.142
ATT_T002_001043_1,CALL_T002_001043,1,EDGE_CANDIDATE_SCREEN,2010-07-02 17:30:00,E0045,CAL_001429,5.75,2753.63440065705,-738.180769914085,FLAT_START,CONVERGED_FEASIBLE,CONVERGED,PASSED,0.95103286028005,33,1.0498085860269,13,1.55772836384665e-14,1.7874590696465e-13,25,27,0.1387
ATT_T002_001044_1,CALL_T002_001044,1,EDGE_CANDIDATE_SCREEN,2010-07-02 17:30:00,E0045,CAL_001430,5.75,2731.25943163964,-679.405743807125,FLAT_START,CONVERGED_FEASIBLE,CONVERGED,PASSED,0.952813834502562,33,1.04978691874016,13,1.44841561186741e-14,1.67421632113474e-13,25,27,0.1379
ATT_T002_001045_1,CALL_T002_001045,1,LOCAL_REENTRY_STENCIL,2010-07-02 17:30:00,E0045,CAL_001425,6,2851.89754440301,-997.003086776033,FLAT_START,CONVERGED_FEASIBLE,CONVERGED,PASSED,0.943064318708089,33,1.04983699614524,13,2.15170747723744e-14,2.4802382370126e-13,25,27,0.1444
ATT_T002_001046_1,CALL_T002_001046,1,LOCAL_REENTRY_STENCIL,2010-07-02 17:30:00,E0045,CAL_001425,5.5,2852.36482929905,-996.825196849584,FLAT_START,CONVERGED_FEASIBLE,CONVERGED,PASSED,0.943076103839029,33,1.04985697836256,13,2.15299017850758e-14,2.48245868306185e-13,25,27,0.1404
ATT_T002_001047_1,CALL_T002_001047,1,ANCHOR_SEARCH,2010-07-02 17:30:00,E0046,CAL_001436,0,2625.63690091382,-372.147643612244,FLAT_START,CONVERGED_INFEASIBLE,CONVERGED,PASSED,0.962094935588431,33,1.05002607398193,13,1.04384583408496e-14,3.530509218308e-13,24,27,0.191
ATT_T002_001048_1,CALL_T002_001048,1,ANCHOR_SEARCH,2010-07-02 17:30:00,E0046,CAL_001436,0.5,2625.16642534668,-372.316914816888,FLAT_START,CONVERGED_INFEASIBLE,CONVERGED,PASSED,0.962083803046694,33,1.05000605860907,13,1.04384583408496e-14,3.52828877225875e-13,24,27,0.138
ATT_T002_001049_1,CALL_T002_001049,1,ANCHOR_SEARCH,2010-07-02 17:30:00,E0046,CAL_001436,1,2624.69594977953,-372.486186021531,FLAT_START,CONVERGED_FEASIBLE,CONVERGED,PASSED,0.962072670054626,33,1.04998604238254,13,1.0425766022998e-14,3.5260683262095e-13,24,27,0.1355
ATT_T002_001050_1,CALL_T002_001050,1,ANCHOR_SEARCH,2010-07-02 17:30:00,E0046,CAL_001436,2,2623.75499864525,-372.824728430819,FLAT_START,CONVERGED_FEASIBLE,CONVERGED,PASSED,0.962050402719308,33,1.04994600736807,13,1.03251114348278e-14,3.51496609596325e-13,24,27,0.1561
ATT_T002_001051_1,CALL_T002_001051,1,ANCHOR_SEARCH,2010-07-02 17:30:00,E0046,CAL_001436,4,2621.87309637668,-373.501813249394,FLAT_START,CONVERGED_FEASIBLE,CONVERGED,PASSED,0.96200586264265,33,1.04986592709086,13,1.03623500287997e-14,3.49054118942149e-13,24,27,0.1374
ATT_T002_001052_1,CALL_T002_001052,1,ANCHOR_SEARCH,2010-07-02 17:30:00,E0046,CAL_001436,8,2618.10929183953,-374.855982886543,FLAT_START,CONVERGED_FEASIBLE,CONVERGED,PASSED,0.961916760854903,33,1.04970572552214,13,1.02863526286376e-14,3.47277762102749e-13,24,27,0.1475
ATT_T002_001053_1,CALL_T002_001053,1,ANCHOR_SEARCH,2010-07-02 17:30:00,E0046,CAL_001436,6,2619.9911941081,-374.178898067968,FLAT_START,CONVERGED_FEASIBLE,CONVERGED,PASSED,0.961961315355501,33,1.04978583314424,13,1.03243373115698e-14,3.48832074337224e-13,24,27,0.1611
ATT_T002_001054_1,CALL_T002_001054,1,ANCHOR_SEARCH,2010-07-02 17:30:00,E0046,CAL_001436,5,2620.93214524239,-373.840355658681,FLAT_START,CONVERGED_FEASIBLE,CONVERGED,PASSED,0.961983589900572,33,1.04982588182661,13,1.03370051176593e-14,3.49276163547074e-13,24,27,0.1352
ATT_T002_001055_1,CALL_T002_001055,1,ANCHOR_SEARCH,2010-07-02 17:30:00,E0046,CAL_001436,4.5,2621.40262080953,-373.671084454037,FLAT_START,CONVERGED_FEASIBLE,CONVERGED,PASSED,0.961994726496962,33,1.04984590488595,13,1.02867364461938e-14,3.50164341966774e-13,24,27,0.1483
ATT_T002_001056_1,CALL_T002_001056,1,ANCHOR_SEARCH,2010-07-02 17:30:00,E0046,CAL_001436,4.25,2621.63785859311,-373.586448851715,FLAT_START,CONVERGED_FEASIBLE,CONVERGED,PASSED,0.962000294626141,33,1.0498559160952,13,1.03623500287997e-14,3.49720252756924e-13,24,27,0.1341
ATT_T002_001057_1,CALL_T002_001057,1,EDGE_CANDIDATE_SCREEN,2010-07-02 17:30:00,E0046,CAL_001432,4.5,2691.77113645073,-569.254659197213,FLAT_START,CONVERGED_FEASIBLE,CONVERGED,PASSED,0.956152991761848,33,1.04982561516599,13,1.28287219297845e-14,4.30544488949636e-13,24,27,0.1333
ATT_T002_001058_1,CALL_T002_001058,1,EDGE_CANDIDATE_SCREEN,2010-07-02 17:30:00,E0046,CAL_001433,4.5,2673.33555666809,-518.01446230664,FLAT_START,CONVERGED_FEASIBLE,CONVERGED,PASSED,0.957693749513018,33,1.04983569925379,13,1.20544944533163e-14,4.07895939247283e-13,24,27,0.1344
ATT_T002_001059_1,CALL_T002_001059,1,EDGE_CANDIDATE_SCREEN,2010-07-02 17:30:00,E0046,CAL_001434,4.5,2655.48175224018,-468.391262769777,FLAT_START,CONVERGED_FEASIBLE,CONVERGED,PASSED,0.959178863783582,33,1.04984222083111,13,1.14938331974268e-14,3.85913523359704e-13,24,27,0.1621
ATT_T002_001060_1,CALL_T002_001060,1,EDGE_CANDIDATE_SCREEN,2010-07-02 17:30:00,E0046,CAL_001435,4.5,2638.18001793071,-420.302497294656,FLAT_START,CONVERGED_FEASIBLE,CONVERGED,PASSED,0.96061153609776,33,1.04984552076692,13,1.08078033888509e-14,3.67039731941077e-13,24,27,0.1355
ATT_T002_001061_1,CALL_T002_001061,1,EDGE_CANDIDATE_SCREEN,2010-07-02 17:30:00,E0046,CAL_001437,4.5,2605.12363887081,-328.424976137795,FLAT_START,CONVERGED_FEASIBLE,CONVERGED,PASSED,0.963331176078502,33,1.04984364799971,13,9.75291591460484e-15,3.33955085807247e-13,24,27,0.1346
ATT_T002_001062_1,CALL_T002_001062,1,EDGE_CANDIDATE_SCREEN,2010-07-02 17:30:00,E0046,CAL_001438,4.5,2589.31881523658,-284.496752323484,FLAT_START,CONVERGED_FEASIBLE,CONVERGED,PASSED,0.964623427038453,33,1.04983899741721,13,9.35771524253852e-15,3.18856052672345e-13,24,27,0.1526
ATT_T002_001063_1,CALL_T002_001063,1,EDGE_CANDIDATE_SCREEN,2010-07-02 17:30:00,E0046,CAL_001439,4.5,2573.9654262173,-241.823254361325,FLAT_START,CONVERGED_FEASIBLE,CONVERGED,PASSED,0.965873840537559,33,1.04983217601015,13,8.92543533098839e-15,3.05533376376843e-13,24,27,0.1388
ATT_T002_001064_1,CALL_T002_001064,1,EDGE_CANDIDATE_SCREEN,2010-07-02 17:30:00,E0046,CAL_001440,4.5,2559.04216171665,-200.345252569191,FLAT_START,CONVERGED_FEASIBLE,CONVERGED,PASSED,0.967084612663091,33,1.04982338489542,13,2.29112189661616e-14,2.66453525910038e-13,24,26,0.1361
ATT_T002_001065_1,CALL_T002_001065,1,LOCAL_REENTRY_STENCIL,2010-07-02 17:30:00,E0046,CAL_001436,4.75,2621.16738302596,-373.755720056359,FLAT_START,CONVERGED_FEASIBLE,CONVERGED,PASSED,0.961989158255108,33,1.04983589346309,13,1.03370051176593e-14,3.49498208151999e-13,24,27,0.163
ATT_T002_001066_1,CALL_T002_001066,1,LOCAL_REENTRY_STENCIL,2010-07-02 17:30:00,E0046,CAL_001436,4.25,2621.63785859311,-373.586448851715,FLAT_START,CONVERGED_FEASIBLE,CONVERGED,PASSED,0.962000294626141,33,1.0498559160952,13,1.03623500287997e-14,3.49720252756924e-13,24,27,0.1815
ATT_T002_001067_1,CALL_T002_001067,1,ANCHOR_SEARCH,2010-07-02 17:30:00,E0047,CAL_001444,0,2509.19007603105,-45.1240964802785,FLAT_START,CONVERGED_FEASIBLE,CONVERGED,PASSED,0.971644702148152,33,1.04999880447792,13,1.98850830710367e-14,2.32702745961433e-13,24,26,0.142
ATT_T002_001068_1,CALL_T002_001068,1,ANCHOR_SEARCH,2010-07-02 17:30:00,E0047,CAL_001444,0.5,2508.71801373207,-45.2888908548176,FLAT_START,CONVERGED_FEASIBLE,CONVERGED,PASSED,0.971633875551777,33,1.04997875937031,13,1.99500814273844e-14,2.32036612146658e-13,24,26,0.1382
ATT_T002_001069_1,CALL_T002_001069,1,ANCHOR_SEARCH,2010-07-02 17:30:00,E0047,CAL_001444,1,2508.24595143309,-45.4536852293567,FLAT_START,CONVERGED_FEASIBLE,CONVERGED,PASSED,0.971623048521774,33,1.04995871340441,13,1.98469687868642e-14,2.31592522936808e-13,24,26,0.1357
ATT_T002_001070_1,CALL_T002_001070,1,ANCHOR_SEARCH,2010-07-02 17:30:00,E0047,CAL_001444,2,2507.30182683512,-45.7832739784348,FLAT_START,CONVERGED_FEASIBLE,CONVERGED,PASSED,0.971601393160706,33,1.04991861889734,13,1.98868699285981e-14,2.30926389122033e-13,24,26,0.1337
ATT_T002_001071_1,CALL_T002_001071,1,ANCHOR_SEARCH,2010-07-02 17:30:00,E0047,CAL_001444,4,2505.41357763919,-46.4424514765912,FLAT_START,CONVERGED_FEASIBLE,CONVERGED,PASSED,0.971558077233086,33,1.04983841957946,13,1.97327112664313e-14,2.30260255307257e-13,24,26,0.1352
ATT_T002_001072_1,CALL_T002_001072,1,ANCHOR_SEARCH,2010-07-02 17:30:00,E0047,CAL_001444,3,2506.35770223716,-46.112862727513,FLAT_START,CONVERGED_FEASIBLE,CONVERGED,PASSED,0.971579736064595,33,1.04987852095595,13,1.97580906938754e-14,2.31148433726958e-13,24,26,0.1604
ATT_T002_001073_1,CALL_T002_001073,1,ANCHOR_SEARCH,2010-07-02 17:30:00,E0047,CAL_001444,3.5,2505.88563993818,-46.2776571020521,FLAT_START,CONVERGED_FEASIBLE,CONVERGED,PASSED,0.971568906865787,33,1.04985847069714,13,1.97327112664313e-14,2.30704344517108e-13,24,26,0.1366
ATT_T002_001074_1,CALL_T002_001074,1,ANCHOR_SEARCH,2010-07-02 17:30:00,E0047,CAL_001444,3.75,2505.64960878868,-46.3600542893216,FLAT_START,CONVERGED_FEASIBLE,CONVERGED,PASSED,0.971563492103676,33,1.04984844524567,13,1.97327112664313e-14,2.30482299912182e-13,24,26,0.1347
ATT_T002_001075_1,CALL_T002_001075,1,EDGE_CANDIDATE_SCREEN,2010-07-02 17:30:00,E0047,CAL_001442,3.75,2531.68801316901,-120.948456156703,FLAT_START,CONVERGED_FEASIBLE,CONVERGED,PASSED,0.969403642337926,33,1.04984650878891,13,2.1271421177309e-14,2.46913600676635e-13,24,26,0.135
ATT_T002_001076_1,CALL_T002_001076,1,EDGE_CANDIDATE_SCREEN,2010-07-02 17:30:00,E0047,CAL_001443,3.75,2518.50202162763,-83.1764782066433,FLAT_START,CONVERGED_FEASIBLE,CONVERGED,PASSED,0.970499181558303,33,1.04984832056701,13,2.05094407320816e-14,2.38697950294409e-13,24,26,0.1336
ATT_T002_001077_1,CALL_T002_001077,1,EDGE_CANDIDATE_SCREEN,2010-07-02 17:30:00,E0047,CAL_001445,3.75,2493.11638944871,-10.4579772201131,FLAT_START,CONVERGED_FEASIBLE,CONVERGED,PASSED,0.972598055010128,33,1.04984701548875,13,1.90845368068201e-14,2.22710738739806e-13,24,26,0.1339
ATT_T002_001078_1,CALL_T002_001078,1,LOCAL_REENTRY_STENCIL,2010-07-02 17:30:00,E0047,CAL_001444,4,2505.41357763919,-46.4424514765912,FLAT_START,CONVERGED_FEASIBLE,CONVERGED,PASSED,0.971558077233086,33,1.04983841957946,13,1.97327112664313e-14,2.30260255307257e-13,24,26,0.1387
ATT_T002_001079_1,CALL_T002_001079,1,LOCAL_REENTRY_STENCIL,2010-07-02 17:30:00,E0047,CAL_001444,3.5,2505.88563993818,-46.2776571020521,FLAT_START,CONVERGED_FEASIBLE,CONVERGED,PASSED,0.971568906865787,33,1.04985847069714,13,1.97327112664313e-14,2.30704344517108e-13,24,26,0.1369
ATT_T002_001080_1,CALL_T002_001080,1,ANCHOR_SEARCH,2010-07-02 17:30:00,E0048,CAL_001449,0,2461.4316670202,92.9511788814061,FLAT_START,CONVERGED_INFEASIBLE,CONVERGED,PASSED,0.975610358609751,33,1.05000190178627,13,1.74443737542199e-14,2.05613304160579e-13,24,26,0.1379
ATT_T002_001081_1,CALL_T002_001081,1,ANCHOR_SEARCH,2010-07-02 17:30:00,E0048,CAL_001449,0.5,2460.95890800702,92.7883940066197,FLAT_START,CONVERGED_FEASIBLE,CONVERGED,PASSED,0.975599658973914,33,1.04998184349389,13,1.74317002829523e-14,2.05169214950729e-13,24,26,0.161
ATT_T002_001082_1,CALL_T002_001082,1,ANCHOR_SEARCH,2010-07-02 17:30:00,E0048,CAL_001449,1,2460.48614899384,92.6256091318333,FLAT_START,CONVERGED_FEASIBLE,CONVERGED,PASSED,0.975588958910971,33,1.04996178434107,13,1.74063588515281e-14,2.04947170345804e-13,24,26,0.2716
ATT_T002_001083_1,CALL_T002_001083,1,ANCHOR_SEARCH,2010-07-02 17:30:00,E0048,CAL_001449,2,2459.54063096749,92.3000393822604,FLAT_START,CONVERGED_FEASIBLE,CONVERGED,PASSED,0.975567557503592,33,1.04992166345373,13,1.7381024795035e-14,2.04725125740879e-13,24,26,0.1384
ATT_T002_001084_1,CALL_T002_001084,1,ANCHOR_SEARCH,2010-07-02 17:30:00,E0048,CAL_001449,4,2457.64959491478,91.6488998831148,FLAT_START,CONVERGED_FEASIBLE,CONVERGED,PASSED,0.97552474956165,33,1.04984141134955,13,1.73177221315058e-14,2.03170813506404e-13,24,26,0.1567
ATT_T002_001085_1,CALL_T002_001085,1,ANCHOR_SEARCH,2010-07-02 17:30:00,E0048,CAL_001449,3,2458.59511294113,91.9744696326876,FLAT_START,CONVERGED_FEASIBLE,CONVERGED,PASSED,0.975546154387269,33,1.04988153912348,13,1.73556981457683e-14,2.03836947321179e-13,24,26,0.134
ATT_T002_001086_1,CALL_T002_001086,1,ANCHOR_SEARCH,2010-07-02 17:30:00,E0048,CAL_001449,3.5,2458.12235392796,91.8116847579012,FLAT_START,CONVERGED_FEASIBLE,CONVERGED,PASSED,0.975535452188143,33,1.04986147566702,13,1.73303789362029e-14,2.04058991926104e-13,24,26,0.134
ATT_T002_001087_1,CALL_T002_001087,1,ANCHOR_SEARCH,2010-07-02 17:30:00,E0048,CAL_001449,3.75,2457.88597442137,91.730292320508,FLAT_START,CONVERGED_FEASIBLE,CONVERGED,PASSED,0.97553010092832,33,1.04985144361592,13,1.72532551622122e-14,2.04503081135954e-13,24,26,0.1331
ATT_T002_001088_1,CALL_T002_001088,1,EDGE_CANDIDATE_SCREEN,2010-07-02 17:30:00,E0048,CAL_001447,4,2480.81303711995,24.3777477377877,FLAT_START,CONVERGED_FEASIBLE,CONVERGED,PASSED,0.973597152406564,33,1.04983877459242,13,1.83593901586059e-14,2.16715534406831e-13,24,26,0.1377
ATT_T002_001089_1,CALL_T002_001089,1,EDGE_CANDIDATE_SCREEN,2010-07-02 17:30:00,E0048,CAL_001448,4,2469.09511193595,58.4088870174661,FLAT_START,CONVERGED_FEASIBLE,CONVERGED,PASSED,0.974573692265985,33,1.04984076684533,13,1.78770956340388e-14,2.09832151654155e-13,24,26,0.1385
ATT_T002_001090_1,CALL_T002_001090,1,EDGE_CANDIDATE_SCREEN,2010-07-02 17:30:00,E0048,CAL_001450,4,2446.46541230467,124.129946668912,FLAT_START,CONVERGED_FEASIBLE,CONVERGED,PASSED,0.976451454645277,33,1.04984080508051,13,1.67836625469812e-14,1.97841742988203e-13,24,26,0.1347
ATT_T002_001091_1,CALL_T002_001091,1,EDGE_CANDIDATE_SCREEN,2010-07-02 17:30:00,E0048,CAL_001451,4,2435.53206819446,155.882509547117,FLAT_START,CONVERGED_FEASIBLE,CONVERGED,PASSED,0.977354872795157,33,1.04983903728259,13,1.62875868947082e-14,1.93178806284777e-13,24,26,0.138
ATT_T002_001092_1,CALL_T002_001092,1,LOCAL_REENTRY_STENCIL,2010-07-02 17:30:00,E0048,CAL_001449,4.25,2457.41321540819,91.5675074457216,FLAT_START,CONVERGED_FEASIBLE,CONVERGED,PASSED,0.975519398088127,33,1.04983137886791,13,1.73177221315058e-14,2.04058991926104e-13,24,26,0.1504
ATT_T002_001093_1,CALL_T002_001093,1,LOCAL_REENTRY_STENCIL,2010-07-02 17:30:00,E0048,CAL_001449,3.75,2457.88597442137,91.730292320508,FLAT_START,CONVERGED_FEASIBLE,CONVERGED,PASSED,0.97553010092832,33,1.04985144361592,13,1.72532551622122e-14,2.04503081135954e-13,24,26,0.138
ATT_T002_001094_1,CALL_T002_001094,1,ANCHOR_SEARCH,2010-07-02 17:30:00,E0049,CAL_001457,0,2379.75728820826,333.146609759016,FLAT_START,CONVERGED_INFEASIBLE,CONVERGED,PASSED,0.982413626513694,33,1.0500084097732,13,1.40627397638406e-14,1.67865721323324e-13,24,26,0.1376
ATT_T002_001095_1,CALL_T002_001095,1,ANCHOR_SEARCH,2010-07-02 17:30:00,E0049,CAL_001457,0.5,2379.28350014251,332.98684471667,FLAT_START,CONVERGED_FEASIBLE,CONVERGED,PASSED,0.982403126553125,33,1.04998832700939,13,1.39603164817057e-14,1.68309810533174e-13,24,26,0.1375
ATT_T002_001096_1,CALL_T002_001096,1,ANCHOR_SEARCH,2010-07-02 17:30:00,E0049,CAL_001457,1,2378.80971207677,332.827079674323,FLAT_START,CONVERGED_FEASIBLE,CONVERGED,PASSED,0.982392626175488,33,1.04996824338122,13,1.40374355325336e-14,1.67865721323324e-13,24,26,0.1347
ATT_T002_001097_1,CALL_T002_001097,1,ANCHOR_SEARCH,2010-07-02 17:30:00,E0049,CAL_001457,2,2377.86213594527,332.50754958963,FLAT_START,CONVERGED_FEASIBLE,CONVERGED,PASSED,0.982371624168841,33,1.04992807353138,13,1.39994966060123e-14,1.66977542903624e-13,24,26,0.1601
ATT_T002_001098_1,CALL_T002_001098,1,ANCHOR_SEARCH,2010-07-02 17:30:00,E0049,CAL_001457,4,2375.96698368229,331.868489420244,FLAT_START,CONVERGED_FEASIBLE,CONVERGED,PASSED,0.982329615148868,33,1.04984772345506,13,1.39615787354928e-14,1.67421632113474e-13,24,26,0.1364
ATT_T002_001099_1,CALL_T002_001099,1,ANCHOR_SEARCH,2010-07-02 17:30:00,E0049,CAL_001457,3,2376.91455981378,332.188019504937,FLAT_START,CONVERGED_FEASIBLE,CONVERGED,PASSED,0.982350620493414,33,1.04988790022292,13,1.38839551141157e-14,1.67421632113474e-13,24,26,0.1833
ATT_T002_001100_1,CALL_T002_001100,1,ANCHOR_SEARCH,2010-07-02 17:30:00,E0049,CAL_001457,3.5,2376.44077174803,332.028254462591,FLAT_START,CONVERGED_FEASIBLE,CONVERGED,PASSED,0.982340118029802,33,1.04986781227146,13,1.38712359453645e-14,1.66977542903624e-13,24,26,0.2091
ATT_T002_001101_1,CALL_T002_001101,1,ANCHOR_SEARCH,2010-07-02 17:30:00,E0049,CAL_001457,3.75,2376.20387771516,331.948371941418,FLAT_START,CONVERGED_FEASIBLE,CONVERGED,PASSED,0.982334866641503,33,1.04985776797139,13,1.39489441541125e-14,1.67643676718399e-13,24,26,0.204
ATT_T002_001102_1,CALL_T002_001102,1,EDGE_CANDIDATE_SCREEN,2010-07-02 17:30:00,E0049,CAL_001453,4,2414.64836236861,217.15769086853,FLAT_START,CONVERGED_FEASIBLE,CONVERGED,PASSED,0.979093784549789,33,1.04984054040654,13,1.53843274427499e-14,1.83408843668076e-13,24,26,0.2444
ATT_T002_001103_1,CALL_T002_001103,1,EDGE_CANDIDATE_SCREEN,2010-07-02 17:30:00,E0049,CAL_001454,4,2404.67830765929,246.724189689204,FLAT_START,CONVERGED_FEASIBLE,CONVERGED,PASSED,0.979930819988527,33,1.04984380200191,13,1.50423505196231e-14,1.783018177548e-13,24,26,0.2018
ATT_T002_001104_1,CALL_T002_001104,1,EDGE_CANDIDATE_SCREEN,2010-07-02 17:30:00,E0049,CAL_001455,4,2394.9131273271,275.683127347317,FLAT_START,CONVERGED_FEASIBLE,CONVERGED,PASSED,0.98074862392993,33,1.04984604451681,13,1.46221116741453e-14,1.73638881051374e-13,24,26,0.2027
ATT_T002_001105_1,CALL_T002_001105,1,EDGE_CANDIDATE_SCREEN,2010-07-02 17:30:00,E0049,CAL_001456,4,2385.34512822574,304.057318100942,FLAT_START,CONVERGED_FEASIBLE,CONVERGED,PASSED,0.981547975996423,33,1.04984733188852,13,1.43189787948898e-14,1.70530256582424e-13,24,26,0.2063
ATT_T002_001106_1,CALL_T002_001106,1,EDGE_CANDIDATE_SCREEN,2010-07-02 17:30:00,E0049,CAL_001458,4,2366.77171165413,359.137346763826,FLAT_START,CONVERGED_FEASIBLE,CONVERGED,PASSED,0.983094242334898,33,1.04984727432603,13,1.359198784628e-14,1.63202784619898e-13,24,26,0.3363
ATT_T002_001107_1,CALL_T002_001107,1,EDGE_CANDIDATE_SCREEN,2010-07-02 17:30:00,E0049,CAL_001459,4,2357.75265442449,385.883633792171,FLAT_START,CONVERGED_FEASIBLE,CONVERGED,PASSED,0.983842522932559,33,1.04984603571962,13,1.33264993666298e-14,1.59650070941098e-13,24,26,0.2127
ATT_T002_001108_1,CALL_T002_001108,1,EDGE_CANDIDATE_SCREEN,2010-07-02 17:30:00,E0049,CAL_001460,4,2348.90345971151,412.126188389232,FLAT_START,CONVERGED_FEASIBLE,CONVERGED,PASSED,0.984575089007551,33,1.0498440552692,13,1.29946198451524e-14,1.56541446472147e-13,24,26,0.2028
ATT_T002_001109_1,CALL_T002_001109,1,EDGE_CANDIDATE_SCREEN,2010-07-02 17:30:00,E0049,CAL_001461,4,2340.21806307727,437.882994829122,FLAT_START,CONVERGED_FEASIBLE,CONVERGED,PASSED,0.985292541400527,33,1.04984137730275,13,1.27672027488093e-14,1.53654866608122e-13,24,26,0.2034
ATT_T002_001110_1,CALL_T002_001110,1,LOCAL_REENTRY_STENCIL,2010-07-02 17:30:00,E0049,CAL_001457,4.25,2375.73008964941,331.788606899071,FLAT_START,CONVERGED_FEASIBLE,CONVERGED,PASSED,0.982324363551891,33,1.04983767872247,13,1.38585190002091e-14,1.66977542903624e-13,24,26,0.225
ATT_T002_001111_1,CALL_T002_001111,1,LOCAL_REENTRY_STENCIL,2010-07-02 17:30:00,E0049,CAL_001457,3.75,2376.20387771516,331.948371941418,FLAT_START,CONVERGED_FEASIBLE,CONVERGED,PASSED,0.982334866641503,33,1.04985776797139,13,1.39489441541125e-14,1.67643676718399e-13,24,26,0.2092
ATT_T002_001112_1,CALL_T002_001112,1,ANCHOR_SEARCH,2010-07-02 17:30:00,E0050,CAL_001467,0,2296.02481347817,583.959083136112,FLAT_START,CONVERGED_INFEASIBLE,CONVERGED,PASSED,0.988115965371379,25,1.05000604549046,13,1.14051101735992e-14,1.39221967287995e-13,24,26,0.2181
ATT_T002_001113_1,CALL_T002_001113,1,ANCHOR_SEARCH,2010-07-02 17:30:00,E0050,CAL_001467,0.5,2295.55002038185,583.802330095687,FLAT_START,CONVERGED_FEASIBLE,CONVERGED,PASSED,0.988113937318511,25,1.0499859348277,13,1.13797860024079e-14,1.39666056497845e-13,24,26,0.2036
ATT_T002_001114_1,CALL_T002_001114,1,ANCHOR_SEARCH,2010-07-02 17:30:00,E0050,CAL_001467,1,2295.07522728552,583.645577055263,FLAT_START,CONVERGED_FEASIBLE,CONVERGED,PASSED,0.988111909172291,25,1.0499658232961,13,1.13671281744296e-14,1.3944401189292e-13,24,26,0.2238
ATT_T002_001115_1,CALL_T002_001115,1,ANCHOR_SEARCH,2010-07-02 17:30:00,E0050,CAL_001467,2,2294.12564109287,583.332070974414,FLAT_START,CONVERGED_FEASIBLE,CONVERGED,PASSED,0.988107852599756,25,1.04992559762601,13,1.13544731975207e-14,1.3899992268307e-13,24,26,0.2039
ATT_T002_001116_1,CALL_T002_001116,1,ANCHOR_SEARCH,2010-07-02 17:30:00,E0050,CAL_001467,4,2292.22646870757,582.705058812715,FLAT_START,CONVERGED_FEASIBLE,CONVERGED,PASSED,0.98809973833405,25,1.04984513585549,13,1.13038819920555e-14,1.38777878078145e-13,24,26,0.2194
ATT_T002_001117_1,CALL_T002_001117,1,ANCHOR_SEARCH,2010-07-02 17:30:00,E0050,CAL_001467,3,2293.17605490022,583.018564893565,FLAT_START,CONVERGED_FEASIBLE,CONVERGED,PASSED,0.9881037956537,25,1.0498853684794,13,1.13165254688467e-14,1.38333788868295e-13,24,26,0.2078
ATT_T002_001118_1,CALL_T002_001118,1,ANCHOR_SEARCH,2010-07-02 17:30:00,E0050,CAL_001467,3.5,2292.7012618039,582.86181185314,FLAT_START,CONVERGED_FEASIBLE,CONVERGED,PASSED,0.988101767040579,25,1.04986525260216,13,1.13165254688467e-14,1.38333788868295e-13,24,26,0.2001
ATT_T002_001119_1,CALL_T002_001119,1,ANCHOR_SEARCH,2010-07-02 17:30:00,E0050,CAL_001467,3.75,2292.46386525573,582.783435332928,FLAT_START,CONVERGED_FEASIBLE,CONVERGED,PASSED,0.988100752698991,25,1.04985519433751,13,1.13038819920555e-14,1.38111744263369e-13,24,26,18.7409
ATT_T002_001120_1,CALL_T002_001120,1,EDGE_CANDIDATE_SCREEN,2010-07-02 17:30:00,E0050,CAL_001463,4,2323.51856558394,487.923665570289,FLAT_START,CONVERGED_FEASIBLE,CONVERGED,PASSED,0.986684033076625,33,1.04984076812993,13,1.21421126748114e-14,1.48325796089921e-13,24,26,0.1451
ATT_T002_001121_1,CALL_T002_001121,1,EDGE_CANDIDATE_SCREEN,2010-07-02 17:30:00,E0050,CAL_001464,4,2315.49563525092,512.224514371022,FLAT_START,CONVERGED_FEASIBLE,CONVERGED,PASSED,0.987358688738322,33,1.04984280482773,13,1.19391649783784e-14,1.45883305435746e-13,24,26,0.1378
ATT_T002_001122_1,CALL_T002_001122,1,EDGE_CANDIDATE_SCREEN,2010-07-02 17:30:00,E0050,CAL_001465,4,2307.6090209838,536.112472124562,FLAT_START,CONVERGED_FEASIBLE,CONVERGED,PASSED,0.98797985101785,25,1.0498441893203,13,1.17495288750509e-14,1.43218770176645e-13,24,26,0.1396
ATT_T002_001123_1,CALL_T002_001123,1,EDGE_CANDIDATE_SCREEN,2010-07-02 17:30:00,E0050,CAL_001466,4,2299.85410670694,559.601520574734,FLAT_START,CONVERGED_FEASIBLE,CONVERGED,PASSED,0.988040366036249,25,1.0498449556863,13,1.14811501327038e-14,1.4033219031262e-13,24,26,0.1432
ATT_T002_001124_1,CALL_T002_001124,1,EDGE_CANDIDATE_SCREEN,2010-07-02 17:30:00,E0050,CAL_001468,4,2284.72186545298,605.435934120042,FLAT_START,CONVERGED_FEASIBLE,CONVERGED,PASSED,0.98815800879498,25,1.0498447597597,13,1.11271822248387e-14,1.35447209004269e-13,24,26,0.1348
ATT_T002_001125_1,CALL_T002_001125,1,EDGE_CANDIDATE_SCREEN,2010-07-02 17:30:00,E0050,CAL_001469,4,2277.33622804227,627.806470889609,FLAT_START,CONVERGED_FEASIBLE,CONVERGED,PASSED,0.988215216466386,25,1.04984385547169,13,1.08837253175328e-14,1.33892896769794e-13,24,26,0.1417
ATT_T002_001126_1,CALL_T002_001126,1,EDGE_CANDIDATE_SCREEN,2010-07-02 17:30:00,E0050,CAL_001470,4,2270.06565124683,649.828497763375,FLAT_START,CONVERGED_FEASIBLE,CONVERGED,PASSED,0.988271398663138,25,1.0498424493331,13,1.07319006779912e-14,1.31672450720544e-13,24,26,0.1421
ATT_T002_001127_1,CALL_T002_001127,1,EDGE_CANDIDATE_SCREEN,2010-07-02 17:30:00,E0050,CAL_001471,4,2262.90638509745,671.513373114242,FLAT_START,CONVERGED_FEASIBLE,CONVERGED,PASSED,0.988326591064582,25,1.04984056607235,13,1.04892576411753e-14,1.30118138486068e-13,24,26,0.1369
ATT_T002_001128_1,CALL_T002_001128,1,LOCAL_REENTRY_STENCIL,2010-07-02 17:30:00,E0050,CAL_001467,4.25,2291.98907215941,582.626682292503,FLAT_START,CONVERGED_FEASIBLE,CONVERGED,PASSED,0.988098723945754,25,1.0498350771561,13,1.12912414144576e-14,1.38111744263369e-13,24,26,0.1647
ATT_T002_001129_1,CALL_T002_001129,1,LOCAL_REENTRY_STENCIL,2010-07-02 17:30:00,E0050,CAL_001467,3.75,2292.46386525573,582.783435332928,FLAT_START,CONVERGED_FEASIBLE,CONVERGED,PASSED,0.988100752698991,25,1.04985519433751,13,1.13038819920555e-14,1.38111744263369e-13,24,26,0.1368
ATT_T002_001130_1,CALL_T002_001130,1,ANCHOR_SEARCH,2010-07-02 17:30:00,E0051,CAL_001475,0,2239.45781401344,756.227162886184,FLAT_START,CONVERGED_INFEASIBLE,CONVERGED,PASSED,0.988554943562507,25,1.05000157004764,13,1.00464544805881e-14,1.24344978758018e-13,24,26,0.1577
ATT_T002_001131_1,CALL_T002_001131,1,ANCHOR_SEARCH,2010-07-02 17:30:00,E0051,CAL_001475,0.5,2238.98232509951,756.07253335235,FLAT_START,CONVERGED_FEASIBLE,CONVERGED,PASSED,0.988552927650695,25,1.0499814390622,13,1.00338613219853e-14,1.23900889548167e-13,24,26,0.165
ATT_T002_001132_1,CALL_T002_001132,1,ANCHOR_SEARCH,2010-07-02 17:30:00,E0051,CAL_001475,1,2238.50683618559,755.917903818515,FLAT_START,CONVERGED_FEASIBLE,CONVERGED,PASSED,0.988550911645972,25,1.04996130720463,13,1.00086851975373e-14,1.23678844943242e-13,24,26,0.1362
ATT_T002_001133_1,CALL_T002_001133,1,ANCHOR_SEARCH,2010-07-02 17:30:00,E0051,CAL_001475,2,2237.55585835774,755.608644750846,FLAT_START,CONVERGED_FEASIBLE,CONVERGED,PASSED,0.988546879357751,25,1.04992104087274,13,1.00086851975373e-14,1.24344978758018e-13,24,26,0.1338
ATT_T002_001134_1,CALL_T002_001134,1,ANCHOR_SEARCH,2010-07-02 17:30:00,E0051,CAL_001475,4,2235.65390270204,754.990126615508,FLAT_START,CONVERGED_FEASIBLE,CONVERGED,PASSED,0.988538813665954,25,1.0498404977392,13,9.86635563321565e-15,1.23234755733392e-13,24,26,0.1602
ATT_T002_001135_1,CALL_T002_001135,1,ANCHOR_SEARCH,2010-07-02 17:30:00,E0051,CAL_001475,3,2236.60488052989,755.299385683177,FLAT_START,CONVERGED_FEASIBLE,CONVERGED,PASSED,0.988542846697769,25,1.0498807710512,13,9.87904534693768e-15,1.23456800338317e-13,24,26,0.1517
ATT_T002_001136_1,CALL_T002_001136,1,ANCHOR_SEARCH,2010-07-02 17:30:00,E0051,CAL_001475,3.5,2236.12939161596,755.144756149342,FLAT_START,CONVERGED_FEASIBLE,CONVERGED,PASSED,0.988540830228345,25,1.04986063483155,13,9.89173825162214e-15,1.23678844943242e-13,24,26,0.1363
ATT_T002_001137_1,CALL_T002_001137,1,ANCHOR_SEARCH,2010-07-02 17:30:00,E0051,CAL_001475,3.75,2235.891647159,755.067441382425,FLAT_START,CONVERGED_FEASIBLE,CONVERGED,PASSED,0.988539821958771,25,1.04985056639447,13,9.87904534693768e-15,1.23456800338317e-13,24,26,0.133
ATT_T002_001138_1,CALL_T002_001138,1,EDGE_CANDIDATE_SCREEN,2010-07-02 17:30:00,E0051,CAL_001473,4,2249.02047567796,713.88764696868,FLAT_START,CONVERGED_FEASIBLE,CONVERGED,PASSED,0.98843439383274,25,1.04983944315452,13,1.02104686169437e-14,1.26787469412193e-13,24,26,0.1345
ATT_T002_001139_1,CALL_T002_001139,1,EDGE_CANDIDATE_SCREEN,2010-07-02 17:30:00,E0051,CAL_001474,4,2242.28972289807,734.584846590563,FLAT_START,CONVERGED_FEASIBLE,CONVERGED,PASSED,0.988487031508356,25,1.0498401926709,13,9.99339490404705e-15,1.24789067967868e-13,24,26,0.1321
ATT_T002_001140_1,CALL_T002_001140,1,EDGE_CANDIDATE_SCREEN,2010-07-02 17:30:00,E0051,CAL_001476,4,2229.11003103347,775.112663076644,FLAT_START,CONVERGED_FEASIBLE,CONVERGED,PASSED,0.988589768707341,25,1.04984037789023,13,9.73963674131775e-15,1.21680443498917e-13,24,26,0.1553
ATT_T002_001141_1,CALL_T002_001141,1,EDGE_CANDIDATE_SCREEN,2010-07-02 17:30:00,E0051,CAL_001477,4,2222.65523359686,794.961294490285,FLAT_START,CONVERGED_FEASIBLE,CONVERGED,PASSED,0.988639923884459,25,1.04983985154411,13,9.53581770795096e-15,3.62820884447501e-13,23,26,0.1494
ATT_T002_001142_1,CALL_T002_001142,1,EDGE_CANDIDATE_SCREEN,2010-07-02 17:30:00,E0051,CAL_001478,4,2216.28674059264,814.544538045571,FLAT_START,CONVERGED_FEASIBLE,CONVERGED,PASSED,0.988689305358858,25,1.04983893607938,13,9.43396663334474e-15,3.58824081558851e-13,23,26,0.1316
ATT_T002_001143_1,CALL_T002_001143,1,EDGE_CANDIDATE_SCREEN,2010-07-02 17:30:00,E0051,CAL_001479,4,2210.00188174651,833.87060488944,FLAT_START,CONVERGED_FEASIBLE,CONVERGED,PASSED,0.988737938257562,25,1.04983764789716,13,9.41175976436641e-15,3.5527136788005e-13,23,26,0.143
ATT_T002_001144_1,CALL_T002_001144,1,EDGE_CANDIDATE_SCREEN,2010-07-02 17:30:00,E0051,CAL_001480,4,2203.79808161379,852.94741456587,FLAT_START,CONVERGED_FEASIBLE,CONVERGED,PASSED,0.988785846725562,25,1.04983600248071,13,9.21823632840109e-15,3.512745649914e-13,23,26,0.1347
ATT_T002_001145_1,CALL_T002_001145,1,EDGE_CANDIDATE_SCREEN,2010-07-02 17:30:00,E0051,CAL_001481,4,2197.67285514104,871.782608664001,FLAT_START,CONVERGED_FEASIBLE,CONVERGED,PASSED,0.98883305397519,25,1.04983401445092,13,9.10443170414637e-15,3.47499806707674e-13,23,26,0.1324
ATT_T002_001146_1,CALL_T002_001146,1,LOCAL_REENTRY_STENCIL,2010-07-02 17:30:00,E0051,CAL_001475,4.25,2235.41615824507,754.912811848591,FLAT_START,CONVERGED_FEASIBLE,CONVERGED,PASSED,0.988537805349892,25,1.04983042886573,13,9.85366912278418e-15,1.23012711128467e-13,24,26,0.136
ATT_T002_001147_1,CALL_T002_001147,1,LOCAL_REENTRY_STENCIL,2010-07-02 17:30:00,E0051,CAL_001475,3.75,2235.891647159,755.067441382425,FLAT_START,CONVERGED_FEASIBLE,CONVERGED,PASSED,0.988539821958771,25,1.04985056639447,13,9.87904534693768e-15,1.23456800338317e-13,24,26,0.1611
ATT_T002_001148_1,CALL_T002_001148,1,ANCHOR_SEARCH,2010-07-02 17:30:00,E0052,CAL_001492,0,2140.06916494396,1066.02421518149,FLAT_START,CONVERGED_INFEASIBLE,CONVERGED,PASSED,0.989331683372506,25,1.05000664031581,13,8.11214568882814e-15,3.1774582964772e-13,23,26,0.1364
ATT_T002_001149_1,CALL_T002_001149,1,ANCHOR_SEARCH,2010-07-02 17:30:00,E0052,CAL_001492,0.5,2139.59259676069,1065.87294467316,FLAT_START,CONVERGED_FEASIBLE,CONVERGED,PASSED,0.989329687211038,25,1.04998647147804,13,8.19330300559924e-15,3.1685765122802e-13,23,26,0.133
ATT_T002_001150_1,CALL_T002_001150,1,ANCHOR_SEARCH,2010-07-02 17:30:00,E0052,CAL_001492,1,2139.11602857741,1065.72167416483,FLAT_START,CONVERGED_FEASIBLE,CONVERGED,PASSED,0.989327690957314,25,1.04996630176209,13,8.18079994795577e-15,3.1730174043787e-13,23,26,0.1334
ATT_T002_001151_1,CALL_T002_001151,1,ANCHOR_SEARCH,2010-07-02 17:30:00,E0052,CAL_001492,2,2138.16289221086,1065.41913314816,FLAT_START,CONVERGED_FEASIBLE,CONVERGED,PASSED,0.989323698173061,25,1.04992595969524,13,8.08684547797269e-15,3.1641356201817e-13,23,26,0.1311
ATT_T002_001152_1,CALL_T002_001152,1,ANCHOR_SEARCH,2010-07-02 17:30:00,E0052,CAL_001492,4,2136.25661947777,1064.81405111483,FLAT_START,CONVERGED_FEASIBLE,CONVERGED,PASSED,0.989315711497084,25,1.04984526501896,13,8.04892550849339e-15,3.14859249783694e-13,23,26,0.1318
ATT_T002_001153_1,CALL_T002_001153,1,ANCHOR_SEARCH,2010-07-02 17:30:00,E0052,CAL_001492,3,2137.20975584432,1065.1165921315,FLAT_START,CONVERGED_FEASIBLE,CONVERGED,PASSED,0.989319705019676,25,1.04988561411447,13,8.06156142669628e-15,3.15081294388619e-13,23,26,0.1629
ATT_T002_001154_1,CALL_T002_001154,1,ANCHOR_SEARCH,2010-07-02 17:30:00,E0052,CAL_001492,3.5,2136.73318766104,1064.96532162317,FLAT_START,CONVERGED_FEASIBLE,CONVERGED,PASSED,0.989317708304535,25,1.0498654400061,13,8.04892550849339e-15,3.14637205178769e-13,23,26,0.1353
ATT_T002_001155_1,CALL_T002_001155,1,ANCHOR_SEARCH,2010-07-02 17:30:00,E0052,CAL_001492,3.75,2136.49490356941,1064.889686369,FLAT_START,CONVERGED_FEASIBLE,CONVERGED,PASSED,0.989316709912349,25,1.04985535262238,13,8.04892550849339e-15,3.14859249783694e-13,23,26,0.1319
ATT_T002_001156_1,CALL_T002_001156,1,EDGE_CANDIDATE_SCREEN,2010-07-02 17:30:00,E0052,CAL_001483,4,2185.79488730733,908.746866820961,FLAT_START,CONVERGED_FEASIBLE,CONVERGED,PASSED,0.988925868563267,25,1.04983454945803,13,8.83640281847311e-15,3.40172334745148e-13,23,26,0.1327
ATT_T002_001157_1,CALL_T002_001157,1,EDGE_CANDIDATE_SCREEN,2010-07-02 17:30:00,E0052,CAL_001484,4,2180.04300595829,926.867805761054,FLAT_START,CONVERGED_FEASIBLE,CONVERGED,PASSED,0.988971457601026,25,1.0498370363487,13,8.73486309393795e-15,3.36841665671272e-13,23,26,0.1329
ATT_T002_001158_1,CALL_T002_001158,1,EDGE_CANDIDATE_SCREEN,2010-07-02 17:30:00,E0052,CAL_001485,4,2174.35746565444,944.779741427912,FLAT_START,CONVERGED_FEASIBLE,CONVERGED,PASSED,0.989016436517584,25,1.04983917195921,13,8.7397896049249e-15,3.33733041202322e-13,23,26,0.1316
ATT_T002_001159_1,CALL_T002_001159,1,EDGE_CANDIDATE_SCREEN,2010-07-02 17:30:00,E0052,CAL_001486,4,2168.73627400454,962.488950724336,FLAT_START,CONVERGED_FEASIBLE,CONVERGED,PASSED,0.98906082420345,25,1.0498409688631,13,8.57036266554925e-15,3.30846461338297e-13,23,26,0.1289
ATT_T002_001160_1,CALL_T002_001160,1,EDGE_CANDIDATE_SCREEN,2010-07-02 17:30:00,E0052,CAL_001487,4,2163.17750285007,980.001508191991,FLAT_START,CONVERGED_FEASIBLE,CONVERGED,PASSED,0.989104638877093,25,1.04984243899284,13,8.41695553102724e-15,3.27515792264421e-13,23,26,0.1522
ATT_T002_001161_1,CALL_T002_001161,1,EDGE_CANDIDATE_SCREEN,2010-07-02 17:30:00,E0052,CAL_001488,4,2157.67928542846,997.3232949484,FLAT_START,CONVERGED_FEASIBLE,CONVERGED,PASSED,0.989147898116465,25,1.04984359367483,13,8.40651506870486e-15,3.24851257005321e-13,23,26,0.1315
ATT_T002_001162_1,CALL_T002_001162,1,EDGE_CANDIDATE_SCREEN,2010-07-02 17:30:00,E0052,CAL_001489,4,2152.23981367874,1014.46000717552,FLAT_START,CONVERGED_FEASIBLE,CONVERGED,PASSED,0.989190618888805,25,1.04984444366219,13,8.25157905384712e-15,3.2218672174622e-13,23,26,0.1409
ATT_T002_001163_1,CALL_T002_001163,1,EDGE_CANDIDATE_SCREEN,2010-07-02 17:30:00,E0052,CAL_001490,4,2146.85733568093,1031.41716418656,FLAT_START,CONVERGED_FEASIBLE,CONVERGED,PASSED,0.989232817578839,25,1.04984499916542,13,8.18814178046539e-15,3.1996627569697e-13,23,26,0.1555
ATT_T002_001164_1,CALL_T002_001164,1,EDGE_CANDIDATE_SCREEN,2010-07-02 17:30:00,E0052,CAL_001491,4,2141.53015322158,1048.20011609581,FLAT_START,CONVERGED_FEASIBLE,CONVERGED,PASSED,0.989274510015475,25,1.04984526988113,13,8.20581048286144e-15,3.1685765122802e-13,23,26,0.1349
ATT_T002_001165_1,CALL_T002_001165,1,EDGE_CANDIDATE_SCREEN,2010-07-02 17:30:00,E0052,CAL_001493,4,2131.03513681301,1081.2640024965,FLAT_START,CONVERGED_FEASIBLE,CONVERGED,PASSED,0.989356436815463,25,1.04984499332685,13,7.89577831912643e-15,3.12638803734444e-13,23,26,0.1336
ATT_T002_001166_1,CALL_T002_001166,1,EDGE_CANDIDATE_SCREEN,2010-07-02 17:30:00,E0052,CAL_001494,4,2125.86415467833,1097.5548551474,FLAT_START,CONVERGED_FEASIBLE,CONVERGED,PASSED,0.989396700278554,25,1.04984446311475,13,7.91020514084195e-15,3.09752223870419e-13,23,26,0.1321
ATT_T002_001167_1,CALL_T002_001167,1,EDGE_CANDIDATE_SCREEN,2010-07-02 17:30:00,E0052,CAL_001495,4,2120.74216761273,1113.6913519274,FLAT_START,CONVERGED_FEASIBLE,CONVERGED,PASSED,0.989436515731992,25,1.0498436822768,13,7.75568462633069e-15,3.07531777821168e-13,23,26,0.1587
ATT_T002_001168_1,CALL_T002_001168,1,EDGE_CANDIDATE_SCREEN,2010-07-02 17:30:00,E0052,CAL_001496,4,2115.66771333717,1129.67809965421,FLAT_START,CONVERGED_FEASIBLE,CONVERGED,PASSED,0.989475896579565,25,1.04984265831223,13,7.78454835601591e-15,3.05089287166993e-13,23,26,0.1347
ATT_T002_001169_1,CALL_T002_001169,1,EDGE_CANDIDATE_SCREEN,2010-07-02 17:30:00,E0052,CAL_001497,4,2110.63937093702,1145.51957482965,FLAT_START,CONVERGED_FEASIBLE,CONVERGED,PASSED,0.989514855802644,25,1.04984139834497,13,7.73441125164789e-15,3.03534974932518e-13,23,26,0.1335
ATT_T002_001170_1,CALL_T002_001170,1,EDGE_CANDIDATE_SCREEN,2010-07-02 17:30:00,E0052,CAL_001498,4,2105.65575912784,1161.22012910314,FLAT_START,CONVERGED_FEASIBLE,CONVERGED,PASSED,0.989553405978636,25,1.04983990914207,13,7.57808544961975e-15,3.01536573488193e-13,23,26,0.1336
ATT_T002_001171_1,CALL_T002_001171,1,EDGE_CANDIDATE_SCREEN,2010-07-02 17:30:00,E0052,CAL_001499,4,2100.71553459992,1176.78399448705,FLAT_START,CONVERGED_FEASIBLE,CONVERGED,PASSED,0.989591559298535,25,1.04983819713101,13,7.51485733692229e-15,3.00204305858642e-13,23,26,0.1312
ATT_T002_001172_1,CALL_T002_001172,1,EDGE_CANDIDATE_SCREEN,2010-07-02 17:30:00,E0052,CAL_001500,4,2095.81739043725,1192.2152883378,FLAT_START,CONVERGED_FEASIBLE,CONVERGED,PASSED,0.989629327583614,25,1.049836268416,13,7.46435365668987e-15,2.97317725994617e-13,23,26,0.1328
ATT_T002_001173_1,CALL_T002_001173,1,EDGE_CANDIDATE_SCREEN,2010-07-02 17:30:00,E0052,CAL_001501,4,2090.9600546067,1207.51801811532,FLAT_START,CONVERGED_FEASIBLE,CONVERGED,PASSED,0.989666722301304,25,1.04983412879326,13,7.41392158076993e-15,2.95541369155217e-13,23,26,0.1534
ATT_T002_001174_1,CALL_T002_001174,1,LOCAL_REENTRY_STENCIL,2010-07-02 17:30:00,E0052,CAL_001492,4.25,2136.01833538613,1064.73841586067,FLAT_START,CONVERGED_FEASIBLE,CONVERGED,PASSED,0.989314713058739,25,1.04983517719581,13,8.04892550849339e-15,3.14415160573844e-13,23,26,0.1366
ATT_T002_001175_1,CALL_T002_001175,1,LOCAL_REENTRY_STENCIL,2010-07-02 17:30:00,E0052,CAL_001492,3.75,2136.49490356941,1064.889686369,FLAT_START,CONVERGED_FEASIBLE,CONVERGED,PASSED,0.989316709912349,25,1.04985535262238,13,8.04892550849339e-15,3.14859249783694e-13,23,26,0.1328
