attempt_id,logical_call_id,attempt_index,phase,timestamp,edge_id,calibration_id,d_kw,p13_abs_kw,p30_abs_kw,initialization,solver_status,primary_power_flow_status,replay_status,vmin_pu,vmin_bus,vmax_pu,vmax_bus,maximum_residual,primary_replay_voltage_difference_pu,primary_iterations,replay_iterations,runtime_ms
ATT_T007_000001_1,CALL_T007_000001,1,CONFIGURATION_CONTROL,2010-12-21 12:00:00,,,0,-62.109375,-101.25,FLAT_START,CONVERGED_FEASIBLE,CONVERGED,PASSED,0.980030405867534,18,1,1,3.77475828372553e-15,7.97140131680862e-14,20,22,0.2746
ATT_T007_000002_1,CALL_T007_000002,1,CONFIGURATION_CONTROL,2010-12-21 12:00:00,,,0,1522.34375,0,FLAT_START,CONVERGED_FEASIBLE,CONVERGED,PASSED,0.999238391571902,22,1.04999497631896,13,1.11758937605185e-14,1.31228361510694e-13,22,24,0.1981
ATT_T007_000003_1,CALL_T007_000003,1,CONFIGURATION_CONTROL,2010-12-21 12:00:00,,,0,-1646.5625,0,FLAT_START,CONVERGED_FEASIBLE,CONVERGED,PASSED,0.900004940887312,18,1,1,2.38697950294409e-14,4.37538894004774e-13,26,28,0.1516
ATT_T007_000004_1,CALL_T007_000004,1,CONFIGURATION_CONTROL,2010-12-21 12:00:00,,,0,1522.5,0,FLAT_START,CONVERGED_INFEASIBLE,CONVERGED,PASSED,0.999238469348305,22,1.0500010967574,13,1.11758937605185e-14,1.30784272300843e-13,22,24,0.126
ATT_T007_000005_1,CALL_T007_000005,1,ANCHOR_SEARCH,2010-12-21 12:00:00,E0000,CAL_004490,0,1542.23483298866,-61.1074863005388,FLAT_START,CONVERGED_FEASIBLE,CONVERGED,PASSED,0.999213910943275,22,1.04999654384783,13,1.17066379089368e-14,1.38111744263369e-13,22,24,0.1991
ATT_T007_000006_1,CALL_T007_000006,1,ANCHOR_SEARCH,2010-12-21 12:00:00,E0000,CAL_004490,0.5,1541.75938724734,-61.2622485280447,FLAT_START,CONVERGED_FEASIBLE,CONVERGED,PASSED,0.9992135870054,22,1.0499759627061,13,1.17799143515248e-14,1.37667655053519e-13,22,24,0.2084
ATT_T007_000007_1,CALL_T007_000007,1,ANCHOR_SEARCH,2010-12-21 12:00:00,E0000,CAL_004490,1,1541.28394150602,-61.4170107555506,FLAT_START,CONVERGED_FEASIBLE,CONVERGED,PASSED,0.999213263052237,22,1.04995538064685,13,1.17671713781998e-14,1.37223565843669e-13,22,24,0.1377
ATT_T007_000008_1,CALL_T007_000008,1,ANCHOR_SEARCH,2010-12-21 12:00:00,E0000,CAL_004490,2,1540.33305002339,-61.7265352105625,FLAT_START,CONVERGED_FEASIBLE,CONVERGED,PASSED,0.999212615100041,22,1.04991421377534,13,1.17289579121016e-14,1.36557432028894e-13,22,24,0.1287
ATT_T007_000009_1,CALL_T007_000009,1,ANCHOR_SEARCH,2010-12-21 12:00:00,E0000,CAL_004490,4,1538.43126705812,-62.3455841205862,FLAT_START,CONVERGED_FEASIBLE,CONVERGED,PASSED,0.999211319012128,22,1.04983186901725,13,1.16716815801025e-14,1.35891298214119e-13,22,24,0.162
ATT_T007_000010_1,CALL_T007_000010,1,ANCHOR_SEARCH,2010-12-21 12:00:00,E0000,CAL_004490,3,1539.38215854075,-62.0360596655743,FLAT_START,CONVERGED_FEASIBLE,CONVERGED,PASSED,0.999211967086676,22,1.04987304323242,13,1.16168130112114e-14,1.37001521238744e-13,22,24,0.1301
ATT_T007_000011_1,CALL_T007_000011,1,ANCHOR_SEARCH,2010-12-21 12:00:00,E0000,CAL_004490,3.5,1538.90671279943,-62.1908218930803,FLAT_START,CONVERGED_FEASIBLE,CONVERGED,PASSED,0.99921164305705,22,1.04985245658392,13,1.16039905105118e-14,1.36779476633819e-13,22,24,0.13
ATT_T007_000012_1,CALL_T007_000012,1,ANCHOR_SEARCH,2010-12-21 12:00:00,E0000,CAL_004490,3.75,1538.66898992878,-62.2682030068332,FLAT_START,CONVERGED_FEASIBLE,CONVERGED,PASSED,0.999211481036501,22,1.04984216291536,13,1.16716815801025e-14,1.35891298214119e-13,22,24,0.1281
ATT_T007_000013_1,CALL_T007_000013,1,EDGE_CANDIDATE_SCREEN,2010-12-21 12:00:00,E0000,CAL_004489,3.75,1545.17637933003,-82.2595835121725,FLAT_START,CONVERGED_FEASIBLE,CONVERGED,PASSED,0.999203436686347,22,1.04984184564491,13,1.18628057512723e-14,1.38111744263369e-13,22,24,0.1855
ATT_T007_000014_1,CALL_T007_000014,1,EDGE_CANDIDATE_SCREEN,2010-12-21 12:00:00,E0000,CAL_004491,3.75,1532.21200610539,-42.4316737059702,FLAT_START,CONVERGED_FEASIBLE,CONVERGED,PASSED,0.999219446211874,22,1.04984206351945,13,1.14119492877282e-14,1.33670852164869e-13,22,24,0.1375
ATT_T007_000015_1,CALL_T007_000015,1,EDGE_CANDIDATE_SCREEN,2010-12-21 12:00:00,E0000,CAL_004492,3.75,1525.80387224015,-22.7452165831662,FLAT_START,CONVERGED_FEASIBLE,CONVERGED,PASSED,0.999227334573594,22,1.04984155807742,13,1.12459777581262e-14,1.31672450720544e-13,22,24,0.1274
ATT_T007_000016_1,CALL_T007_000016,1,EDGE_CANDIDATE_SCREEN,2010-12-21 12:00:00,E0000,CAL_004493,3.75,1519.44307093457,-3.20417003165848,FLAT_START,CONVERGED_FEASIBLE,CONVERGED,PASSED,0.999235148414084,22,1.049840656691,13,1.10741007640258e-14,1.29674049276218e-13,22,24,0.1265
ATT_T007_000017_1,CALL_T007_000017,1,LOCAL_REENTRY_STENCIL,2010-12-21 12:00:00,E0000,CAL_004490,4,1538.43126705812,-62.3455841205862,FLAT_START,CONVERGED_FEASIBLE,CONVERGED,PASSED,0.999211319012128,22,1.04983186901725,13,1.16716815801025e-14,1.35891298214119e-13,22,24,0.1802
ATT_T007_000018_1,CALL_T007_000018,1,LOCAL_REENTRY_STENCIL,2010-12-21 12:00:00,E0000,CAL_004490,3.5,1538.90671279943,-62.1908218930803,FLAT_START,CONVERGED_FEASIBLE,CONVERGED,PASSED,0.99921164305705,22,1.04985245658392,13,1.16039905105118e-14,1.36779476633819e-13,22,24,0.165
ATT_T007_000019_1,CALL_T007_000019,1,ANCHOR_SEARCH,2010-12-21 12:00:00,E0001,CAL_004502,0,1474.38799810759,149.694015079817,FLAT_START,CONVERGED_INFEASIBLE,CONVERGED,PASSED,0.999298081918073,22,1.05000507291813,13,9.7785142148956e-15,1.17239551400417e-13,22,24,0.1955
ATT_T007_000020_1,CALL_T007_000020,1,ANCHOR_SEARCH,2010-12-21 12:00:00,E0001,CAL_004502,0.5,1473.9118356121,149.5414723714,FLAT_START,CONVERGED_FEASIBLE,CONVERGED,PASSED,0.999297760191287,22,1.04998446623161,13,9.76571359149649e-15,1.16351372980716e-13,22,24,0.1462
ATT_T007_000021_1,CALL_T007_000021,1,ANCHOR_SEARCH,2010-12-21 12:00:00,E0001,CAL_004502,1,1473.43567311662,149.388929662983,FLAT_START,CONVERGED_FEASIBLE,CONVERGED,PASSED,0.99929743844929,22,1.04996385862333,13,9.84098582803183e-15,1.16795462190566e-13,22,24,0.1361
ATT_T007_000022_1,CALL_T007_000022,1,ANCHOR_SEARCH,2010-12-21 12:00:00,E0001,CAL_004502,2,1472.48334812564,149.08384424615,FLAT_START,CONVERGED_FEASIBLE,CONVERGED,PASSED,0.99929679491966,22,1.04992264064101,13,9.81562893542313e-15,1.16795462190566e-13,22,24,0.1372
ATT_T007_000023_1,CALL_T007_000023,1,ANCHOR_SEARCH,2010-12-21 12:00:00,E0001,CAL_004502,4,1470.57869814369,148.473673412482,FLAT_START,CONVERGED_FEASIBLE,CONVERGED,PASSED,0.99929550767781,22,1.04984019361036,13,9.6761923844246e-15,1.15463194561016e-13,22,24,0.1335
ATT_T007_000024_1,CALL_T007_000024,1,ANCHOR_SEARCH,2010-12-21 12:00:00,E0001,CAL_004502,3,1471.53102313467,148.778758829316,FLAT_START,CONVERGED_FEASIBLE,CONVERGED,PASSED,0.999296151329171,22,1.04988141897031,13,9.69536314440687e-15,1.16351372980716e-13,22,24,0.137
ATT_T007_000025_1,CALL_T007_000025,1,ANCHOR_SEARCH,2010-12-21 12:00:00,E0001,CAL_004502,3.5,1471.05486063918,148.626216120899,FLAT_START,CONVERGED_FEASIBLE,CONVERGED,PASSED,0.9992958295111,22,1.04986080675155,13,9.68897213631303e-15,1.16351372980716e-13,22,24,0.1712
ATT_T007_000026_1,CALL_T007_000026,1,ANCHOR_SEARCH,2010-12-21 12:00:00,E0001,CAL_004502,3.75,1470.81677939143,148.549944766691,FLAT_START,CONVERGED_FEASIBLE,CONVERGED,PASSED,0.999295668596357,22,1.04985050029626,13,9.77128574657633e-15,1.15907283770866e-13,22,24,0.1432
ATT_T007_000027_1,CALL_T007_000027,1,EDGE_CANDIDATE_SCREEN,2010-12-21 12:00:00,E0001,CAL_004495,4,1512.97197209871,16.1429489366429,FLAT_START,CONVERGED_FEASIBLE,CONVERGED,PASSED,0.999242782443269,22,1.0498325758593,13,1.08333624130316e-14,1.27675647831893e-13,22,24,0.1356
ATT_T007_000028_1,CALL_T007_000028,1,EDGE_CANDIDATE_SCREEN,2010-12-21 12:00:00,E0001,CAL_004496,4,1506.79760873885,35.4162416163811,FLAT_START,CONVERGED_FEASIBLE,CONVERGED,PASSED,0.999250507132343,22,1.04983480155931,13,1.0680172744448e-14,1.26343380202343e-13,22,24,0.1658
ATT_T007_000029_1,CALL_T007_000029,1,EDGE_CANDIDATE_SCREEN,2010-12-21 12:00:00,E0001,CAL_004497,4,1500.66482997914,54.5597278492141,FLAT_START,CONVERGED_FEASIBLE,CONVERGED,PASSED,0.999258164350028,22,1.04983663390641,13,1.05273883424529e-14,1.24344978758018e-13,22,24,0.1385
ATT_T007_000030_1,CALL_T007_000030,1,EDGE_CANDIDATE_SCREEN,2010-12-21 12:00:00,E0001,CAL_004498,4,1494.5722923098,73.5776014047129,FLAT_START,CONVERGED_FEASIBLE,CONVERGED,PASSED,0.999265756129817,22,1.04983808183922,13,1.0299525296675e-14,1.22124532708767e-13,22,24,0.1334
ATT_T007_000031_1,CALL_T007_000031,1,EDGE_CANDIDATE_SCREEN,2010-12-21 12:00:00,E0001,CAL_004499,4,1488.51868197549,92.4739631738877,FLAT_START,CONVERGED_FEASIBLE,CONVERGED,PASSED,0.999273284450661,22,1.04983915386917,13,1.01590051535011e-14,1.20570220474292e-13,22,24,0.1374
ATT_T007_000032_1,CALL_T007_000032,1,EDGE_CANDIDATE_SCREEN,2010-12-21 12:00:00,E0001,CAL_004500,4,1482.50271374066,111.252825023137,FLAT_START,CONVERGED_FEASIBLE,CONVERGED,PASSED,0.999280751239237,22,1.04983985809806,13,1.00188401317483e-14,1.18571819029967e-13,22,24,0.1405
ATT_T007_000033_1,CALL_T007_000033,1,EDGE_CANDIDATE_SCREEN,2010-12-21 12:00:00,E0001,CAL_004501,4,1476.52312970174,129.91811350202,FLAT_START,CONVERGED_FEASIBLE,CONVERGED,PASSED,0.99928815837211,22,1.04984020223466,13,9.81052858866719e-15,1.17905685215192e-13,22,24,0.1417
ATT_T007_000034_1,CALL_T007_000034,1,EDGE_CANDIDATE_SCREEN,2010-12-21 12:00:00,E0001,CAL_004503,4,1464.66821243868,166.923271246768,FLAT_START,CONVERGED_FEASIBLE,CONVERGED,PASSED,0.999302800938813,22,1.04983983919392,13,9.54219019339955e-15,1.14130926931466e-13,22,24,0.1316
ATT_T007_000035_1,CALL_T007_000035,1,EDGE_CANDIDATE_SCREEN,2010-12-21 12:00:00,E0001,CAL_004504,4,1458.79048998453,185.270598500864,FLAT_START,CONVERGED_FEASIBLE,CONVERGED,PASSED,0.999310039893441,22,1.04983914560546,13,9.34733656300251e-15,1.13020703906841e-13,22,24,0.1597
ATT_T007_000036_1,CALL_T007_000036,1,EDGE_CANDIDATE_SCREEN,2010-12-21 12:00:00,E0001,CAL_004505,4,1452.94437118108,203.519274869967,FLAT_START,CONVERGED_FEASIBLE,CONVERGED,PASSED,0.999317226237682,22,1.04983811912962,13,9.23193170549681e-15,1.11466391672366e-13,22,24,0.1375
ATT_T007_000037_1,CALL_T007_000037,1,EDGE_CANDIDATE_SCREEN,2010-12-21 12:00:00,E0001,CAL_004506,4,1447.12871844229,221.672851332143,FLAT_START,CONVERGED_FEASIBLE,CONVERGED,PASSED,0.999324361626937,22,1.04983676572799,13,9.19292151384487e-15,1.10134124042816e-13,22,24,0.1355
ATT_T007_000038_1,CALL_T007_000038,1,EDGE_CANDIDATE_SCREEN,2010-12-21 12:00:00,E0001,CAL_004507,4,1441.34241524228,239.734813126042,FLAT_START,CONVERGED_FEASIBLE,CONVERGED,PASSED,0.999331447677691,22,1.04983509105088,13,8.99550722970333e-15,1.0857981180834e-13,22,24,0.1342
ATT_T007_000039_1,CALL_T007_000039,1,EDGE_CANDIDATE_SCREEN,2010-12-21 12:00:00,E0001,CAL_004508,4,1435.5843651936,257.708582628211,FLAT_START,CONVERGED_FEASIBLE,CONVERGED,PASSED,0.999338485969118,22,1.04983310044837,13,8.89998015462721e-15,1.07469588783715e-13,22,24,0.1491
ATT_T007_000040_1,CALL_T007_000040,1,LOCAL_REENTRY_STENCIL,2010-12-21 12:00:00,E0001,CAL_004502,4.25,1470.34061689595,148.397402058274,FLAT_START,CONVERGED_FEASIBLE,CONVERGED,PASSED,0.999295346755457,22,1.04982988669382,13,9.66341566158321e-15,1.15463194561016e-13,22,24,0.1401
ATT_T007_000041_1,CALL_T007_000041,1,LOCAL_REENTRY_STENCIL,2010-12-21 12:00:00,E0001,CAL_004502,3.75,1470.81677939143,148.549944766691,FLAT_START,CONVERGED_FEASIBLE,CONVERGED,PASSED,0.999295668596357,22,1.04985050029626,13,9.77128574657633e-15,1.15907283770866e-13,22,24,0.161
ATT_T007_000042_1,CALL_T007_000042,1,ANCHOR_SEARCH,2010-12-21 12:00:00,E0002,CAL_004519,0,1378.8676815069,452.221246065804,FLAT_START,CONVERGED_INFEASIBLE,CONVERGED,PASSED,0.999416612741306,22,1.05001172277731,13,7.81293879085285e-15,9.65894031423886e-14,22,24,0.164
ATT_T007_000043_1,CALL_T007_000043,1,ANCHOR_SEARCH,2010-12-21 12:00:00,E0002,CAL_004519,0.5,1378.39042723017,452.072154297621,FLAT_START,CONVERGED_FEASIBLE,CONVERGED,PASSED,0.999416294135914,22,1.04999107727467,13,7.80020875229326e-15,9.61453139325386e-14,22,24,0.1501
ATT_T007_000044_1,CALL_T007_000044,1,ANCHOR_SEARCH,2010-12-21 12:00:00,E0002,CAL_004519,1,1377.91317295343,451.923062529439,FLAT_START,CONVERGED_FEASIBLE,CONVERGED,PASSED,0.999415975515409,22,1.04997043084373,13,7.79384520239964e-15,9.61453139325386e-14,22,24,0.139
ATT_T007_000045_1,CALL_T007_000045,1,ANCHOR_SEARCH,2010-12-21 12:00:00,E0002,CAL_004519,2,1376.95866439997,451.624878993074,FLAT_START,CONVERGED_FEASIBLE,CONVERGED,PASSED,0.999415338229056,22,1.04992913519651,13,7.76840085489941e-15,9.61453139325386e-14,22,24,0.1364
ATT_T007_000046_1,CALL_T007_000046,1,ANCHOR_SEARCH,2010-12-21 12:00:00,E0002,CAL_004519,4,1375.04964729303,451.028511920343,FLAT_START,CONVERGED_FEASIBLE,CONVERGED,PASSED,0.999414063474933,22,1.04984653275764,13,7.64367589350235e-15,9.59232693276135e-14,22,24,0.1333
ATT_T007_000047_1,CALL_T007_000047,1,ANCHOR_SEARCH,2010-12-21 12:00:00,E0002,CAL_004519,3,1376.0041558465,451.326695456708,FLAT_START,CONVERGED_FEASIBLE,CONVERGED,PASSED,0.999414700882235,22,1.04988783583478,13,7.74932800687893e-15,9.63673585374636e-14,22,24,0.1596
ATT_T007_000048_1,CALL_T007_000048,1,ANCHOR_SEARCH,2010-12-21 12:00:00,E0002,CAL_004519,3.5,1375.52690156977,451.177603688526,FLAT_START,CONVERGED_FEASIBLE,CONVERGED,PASSED,0.999414382186145,22,1.04986718476069,13,7.65010142026374e-15,9.59232693276135e-14,22,24,0.1368
ATT_T007_000049_1,CALL_T007_000049,1,ANCHOR_SEARCH,2010-12-21 12:00:00,E0002,CAL_004519,3.75,1375.2882744314,451.103057804434,FLAT_START,CONVERGED_FEASIBLE,CONVERGED,PASSED,0.999414222832429,22,1.04985685887529,13,7.73661776992258e-15,9.57012247226885e-14,22,24,0.1517
ATT_T007_000050_1,CALL_T007_000050,1,EDGE_CANDIDATE_SCREEN,2010-12-21 12:00:00,E0002,CAL_004510,4,1424.27094485504,293.467332962035,FLAT_START,CONVERGED_FEASIBLE,CONVERGED,PASSED,0.999352520564308,22,1.04983377624477,13,8.69051239751749e-15,1.0458300891969e-13,22,24,0.1611
ATT_T007_000051_1,CALL_T007_000051,1,EDGE_CANDIDATE_SCREEN,2010-12-21 12:00:00,E0002,CAL_004511,4,1418.72065999675,311.234223904414,FLAT_START,CONVERGED_FEASIBLE,CONVERGED,PASSED,0.999359509824607,22,1.04983642875138,13,8.50625755774246e-15,1.03916875104915e-13,22,24,0.1576
ATT_T007_000052_1,CALL_T007_000052,1,EDGE_CANDIDATE_SCREEN,2010-12-21 12:00:00,E0002,CAL_004512,4,1413.19291355207,328.928967642299,FLAT_START,CONVERGED_FEASIBLE,CONVERGED,PASSED,0.999366458100054,22,1.04983876211015,13,8.40421230148785e-15,1.02584607475364e-13,22,24,0.1439
ATT_T007_000053_1,CALL_T007_000053,1,EDGE_CANDIDATE_SCREEN,2010-12-21 12:00:00,E0002,CAL_004513,4,1407.6867315954,346.554681786861,FLAT_START,CONVERGED_FEASIBLE,CONVERGED,PASSED,0.999373366800343,22,1.04984078113665,13,8.22226135561774e-15,1.01474384450739e-13,22,24,0.1584
ATT_T007_000054_1,CALL_T007_000054,1,EDGE_CANDIDATE_SCREEN,2010-12-21 12:00:00,E0002,CAL_004514,4,1402.2011543299,364.114438721939,FLAT_START,CONVERGED_FEASIBLE,CONVERGED,PASSED,0.999380237307079,22,1.04984249039117,13,8.13882267328971e-15,1.00142116821189e-13,22,24,0.1362
ATT_T007_000055_1,CALL_T007_000055,1,EDGE_CANDIDATE_SCREEN,2010-12-21 12:00:00,E0002,CAL_004515,4,1396.7352353831,381.611267859024,FLAT_START,CONVERGED_FEASIBLE,CONVERGED,PASSED,0.999387070974975,22,1.04984389418642,13,8.04912889213367e-15,9.9031893796564e-14,22,24,0.1357
ATT_T007_000056_1,CALL_T007_000056,1,EDGE_CANDIDATE_SCREEN,2010-12-21 12:00:00,E0002,CAL_004516,4,1391.28804112141,399.048157831424,FLAT_START,CONVERGED_FEASIBLE,CONVERGED,PASSED,0.99939386913301,22,1.04984499659477,13,7.96599828645944e-15,9.83657599817889e-14,22,24,0.1337
ATT_T007_000057_1,CALL_T007_000057,1,EDGE_CANDIDATE_SCREEN,2010-12-21 12:00:00,E0002,CAL_004517,4,1385.85864998258,416.428058631113,FLAT_START,CONVERGED_FEASIBLE,CONVERGED,PASSED,0.999400633085548,22,1.04984580145507,13,7.88940031161711e-15,9.79216707719388e-14,22,24,0.136
ATT_T007_000058_1,CALL_T007_000058,1,EDGE_CANDIDATE_SCREEN,2010-12-21 12:00:00,E0002,CAL_004518,4,1380.44615182504,433.753883691642,FLAT_START,CONVERGED_FEASIBLE,CONVERGED,PASSED,0.999407364113411,22,1.04984631237911,13,7.80020875229326e-15,9.65894031423886e-14,22,24,0.1362
ATT_T007_000059_1,CALL_T007_000059,1,EDGE_CANDIDATE_SCREEN,2010-12-21 12:00:00,E0002,CAL_004520,4,1369.6682471966,468.254789682939,FLAT_START,CONVERGED_FEASIBLE,CONVERGED,PASSED,0.999420732406958,22,1.04984646576605,13,7.56664029716913e-15,9.50350909079134e-14,22,24,0.135
ATT_T007_000060_1,CALL_T007_000060,1,EDGE_CANDIDATE_SCREEN,2010-12-21 12:00:00,E0002,CAL_004521,4,1364.30107190562,485.435532743568,FLAT_START,CONVERGED_FEASIBLE,CONVERGED,PASSED,0.999427372125826,22,1.04984611436965,13,7.57808544961975e-15,9.41469124882133e-14,22,24,0.1596
ATT_T007_000061_1,CALL_T007_000061,1,EDGE_CANDIDATE_SCREEN,2010-12-21 12:00:00,E0002,CAL_004522,4,1358.94725075666,502.573528163114,FLAT_START,CONVERGED_FEASIBLE,CONVERGED,PASSED,0.999433983828317,22,1.0498454813287,13,7.50854051039781e-15,9.34807786734382e-14,22,24,0.1418
ATT_T007_000062_1,CALL_T007_000062,1,EDGE_CANDIDATE_SCREEN,2010-12-21 12:00:00,E0002,CAL_004523,4,1353.60592147219,519.671536158626,FLAT_START,CONVERGED_FEASIBLE,CONVERGED,PASSED,0.999440568692569,22,1.04984456920301,13,7.3427301849783e-15,9.2370555648813e-14,22,24,0.1436
ATT_T007_000063_1,CALL_T007_000063,1,EDGE_CANDIDATE_SCREEN,2010-12-21 12:00:00,E0002,CAL_004524,4,1348.276229591,536.732291926551,FLAT_START,CONVERGED_FEASIBLE,CONVERGED,PASSED,0.99944712787897,22,1.04984338035629,13,7.27897908200787e-15,9.12603326241879e-14,22,24,0.1372
ATT_T007_000064_1,CALL_T007_000064,1,EDGE_CANDIDATE_SCREEN,2010-12-21 12:00:00,E0002,CAL_004525,4,1342.95732790907,553.758507432385,FLAT_START,CONVERGED_FEASIBLE,CONVERGED,PASSED,0.999453662531021,22,1.04984191696018,13,7.21533201127617e-15,9.05941988094128e-14,22,24,0.1383
ATT_T007_000065_1,CALL_T007_000065,1,EDGE_CANDIDATE_SCREEN,2010-12-21 12:00:00,E0002,CAL_004526,4,1337.64837593026,570.752873169287,FLAT_START,CONVERGED_FEASIBLE,CONVERGED,PASSED,0.999460173776184,22,1.04984018099797,13,7.14544370845351e-15,9.03721542044877e-14,22,24,0.1369
ATT_T007_000066_1,CALL_T007_000066,1,EDGE_CANDIDATE_SCREEN,2010-12-21 12:00:00,E0002,CAL_004527,4,1332.34853932582,587.718059888127,FLAT_START,CONVERGED_FEASIBLE,CONVERGED,PASSED,0.999466662726691,22,1.04983817426804,13,7.08202425947076e-15,8.92619311798626e-14,22,24,0.1358
ATT_T007_000067_1,CALL_T007_000067,1,EDGE_CANDIDATE_SCREEN,2010-12-21 12:00:00,E0002,CAL_004528,4,1327.05698940207,604.656720301369,FLAT_START,CONVERGED_FEASIBLE,CONVERGED,PASSED,0.99947313048035,22,1.04983589838706,13,6.93675986587297e-15,8.94839757847876e-14,22,24,0.1379
ATT_T007_000068_1,CALL_T007_000068,1,LOCAL_REENTRY_STENCIL,2010-12-21 12:00:00,E0002,CAL_004519,4.25,1374.81102015467,450.953966036252,FLAT_START,CONVERGED_FEASIBLE,CONVERGED,PASSED,0.999413904113656,22,1.04983620640773,13,7.63082753727116e-15,9.57012247226885e-14,22,24,0.1495
ATT_T007_000069_1,CALL_T007_000069,1,LOCAL_REENTRY_STENCIL,2010-12-21 12:00:00,E0002,CAL_004519,3.75,1375.2882744314,451.103057804434,FLAT_START,CONVERGED_FEASIBLE,CONVERGED,PASSED,0.999414222832429,22,1.04985685887529,13,7.73661776992258e-15,9.57012247226885e-14,22,24,0.137
ATT_T007_000070_1,CALL_T007_000070,1,ANCHOR_SEARCH,2010-12-21 12:00:00,E0003,CAL_004538,0,1279.20489950906,774.984081953988,FLAT_START,CONVERGED_INFEASIBLE,CONVERGED,PASSED,0.999540229009587,22,1.05001011073114,13,6.4973099225762e-15,8.5043083686287e-14,22,24,0.142
ATT_T007_000071_1,CALL_T007_000071,1,ANCHOR_SEARCH,2010-12-21 12:00:00,E0003,CAL_004538,0.5,1278.72661358352,774.838333631769,FLAT_START,CONVERGED_FEASIBLE,CONVERGED,PASSED,0.999539913415153,22,1.04998942124226,13,6.47832987261135e-15,8.4821039081362e-14,22,24,0.1411
ATT_T007_000072_1,CALL_T007_000072,1,ANCHOR_SEARCH,2010-12-21 12:00:00,E0003,CAL_004538,1,1278.24832765798,774.692585309549,FLAT_START,CONVERGED_FEASIBLE,CONVERGED,PASSED,0.999539597805688,22,1.04996873081777,13,6.47832987261135e-15,8.43769498715119e-14,22,24,0.136
ATT_T007_000073_1,CALL_T007_000073,1,ANCHOR_SEARCH,2010-12-21 12:00:00,E0003,CAL_004538,2,1277.2917558069,774.40108866511,FLAT_START,CONVERGED_FEASIBLE,CONVERGED,PASSED,0.999538966541656,22,1.04992734716151,13,6.4593611383174e-15,8.39328606616618e-14,22,24,0.1582
ATT_T007_000074_1,CALL_T007_000074,1,ANCHOR_SEARCH,2010-12-21 12:00:00,E0003,CAL_004538,4,1275.37861210474,773.818095376233,FLAT_START,CONVERGED_FEASIBLE,CONVERGED,PASSED,0.999537703833142,22,1.04984456861675,13,6.33254573793571e-15,8.34887714518118e-14,22,24,0.1358
ATT_T007_000075_1,CALL_T007_000075,1,ANCHOR_SEARCH,2010-12-21 12:00:00,E0003,CAL_004538,3,1276.33518395582,774.109592020672,FLAT_START,CONVERGED_FEASIBLE,CONVERGED,PASSED,0.999538335217478,22,1.04988595976147,13,6.35816266681345e-15,8.43769498715119e-14,22,24,0.1368
ATT_T007_000076_1,CALL_T007_000076,1,ANCHOR_SEARCH,2010-12-21 12:00:00,E0003,CAL_004538,3.5,1275.85689803028,773.963843698452,FLAT_START,CONVERGED_FEASIBLE,CONVERGED,PASSED,0.99953801953283,22,1.04986526465725,13,6.34535195378157e-15,8.39328606616618e-14,22,24,0.1383
ATT_T007_000077_1,CALL_T007_000077,1,ANCHOR_SEARCH,2010-12-21 12:00:00,E0003,CAL_004538,3.75,1275.61775506751,773.890969537343,FLAT_START,CONVERGED_FEASIBLE,CONVERGED,PASSED,0.999537861684866,22,1.04985491675404,13,6.33894828200665e-15,8.37108160567368e-14,22,24,0.1394
ATT_T007_000078_1,CALL_T007_000078,1,EDGE_CANDIDATE_SCREEN,2010-12-21 12:00:00,E0003,CAL_004530,4,1316.59850614254,638.55139130484,FLAT_START,CONVERGED_FEASIBLE,CONVERGED,PASSED,0.999486104364443,22,1.04983566933997,13,6.81522320124573e-15,8.79296635503124e-14,22,24,0.1371
ATT_T007_000079_1,CALL_T007_000079,1,EDGE_CANDIDATE_SCREEN,2010-12-21 12:00:00,E0003,CAL_004531,4,1311.43723861297,655.488544197921,FLAT_START,CONVERGED_FEASIBLE,CONVERGED,PASSED,0.999492603261237,22,1.04983771377676,13,6.77054372355543e-15,8.72635297355373e-14,22,24,0.1706
ATT_T007_000080_1,CALL_T007_000080,1,EDGE_CANDIDATE_SCREEN,2010-12-21 12:00:00,E0003,CAL_004532,4,1306.28005480375,672.412296003902,FLAT_START,CONVERGED_FEASIBLE,CONVERGED,PASSED,0.999499086103617,22,1.04983948950862,13,6.71317813696772e-15,8.63753513158372e-14,22,24,0.1493
ATT_T007_000081_1,CALL_T007_000081,1,EDGE_CANDIDATE_SCREEN,2010-12-21 12:00:00,E0003,CAL_004533,4,1301.12616521814,689.325237525642,FLAT_START,CONVERGED_FEASIBLE,CONVERGED,PASSED,0.999505553935178,22,1.04984099795125,13,6.6622632693647e-15,8.59312621059871e-14,22,24,0.1355
ATT_T007_000082_1,CALL_T007_000082,1,EDGE_CANDIDATE_SCREEN,2010-12-21 12:00:00,E0003,CAL_004534,4,1295.97478237074,706.229952965665,FLAT_START,CONVERGED_FEASIBLE,CONVERGED,PASSED,0.999512007790073,22,1.04984224035106,13,6.61142238991071e-15,8.59312621059871e-14,22,24,0.1607
ATT_T007_000083_1,CALL_T007_000083,1,EDGE_CANDIDATE_SCREEN,2010-12-21 12:00:00,E0003,CAL_004535,4,1290.82512030539,723.129021508212,FLAT_START,CONVERGED_FEASIBLE,CONVERGED,PASSED,0.999518448693688,22,1.04984321778694,13,6.56699866476061e-15,8.5265128291212e-14,22,24,0.1339
ATT_T007_000084_1,CALL_T007_000084,1,EDGE_CANDIDATE_SCREEN,2010-12-21 12:00:00,E0003,CAL_004536,4,1285.67639411503,740.025018894774,FLAT_START,CONVERGED_FEASIBLE,CONVERGED,PASSED,0.99952487766331,22,1.04984393117172,13,6.42870077378512e-15,8.45989944764369e-14,22,24,0.1213
ATT_T007_000085_1,CALL_T007_000085,1,EDGE_CANDIDATE_SCREEN,2010-12-21 12:00:00,E0003,CAL_004537,4,1280.52781946293,756.920518995179,FLAT_START,CONVERGED_FEASIBLE,CONVERGED,PASSED,0.999531295708781,22,1.04984438125352,13,6.46568278630306e-15,8.43769498715119e-14,22,24,0.1223
ATT_T007_000086_1,CALL_T007_000086,1,EDGE_CANDIDATE_SCREEN,2010-12-21 12:00:00,E0003,CAL_004539,4,1270.22798741053,790.720322869994,FLAT_START,CONVERGED_FEASIBLE,CONVERGED,PASSED,0.999544103033265,22,1.049844493683,13,6.28775979444338e-15,8.37108160567368e-14,22,24,0.1538
ATT_T007_000087_1,CALL_T007_000087,1,EDGE_CANDIDATE_SCREEN,2010-12-21 12:00:00,E0003,CAL_004540,4,1265.0751598864,807.62977914366,FLAT_START,CONVERGED_FEASIBLE,CONVERGED,PASSED,0.999550494300487,22,1.04984415671166,13,6.25580442972309e-15,8.34887714518118e-14,22,24,0.123
ATT_T007_000088_1,CALL_T007_000088,1,EDGE_CANDIDATE_SCREEN,2010-12-21 12:00:00,E0003,CAL_004541,4,1259.919342695,824.549046273149,FLAT_START,CONVERGED_FEASIBLE,CONVERGED,PASSED,0.999556878621225,22,1.04984355780032,13,6.20473704594462e-15,8.26005930321116e-14,22,24,0.1335
ATT_T007_000089_1,CALL_T007_000089,1,EDGE_CANDIDATE_SCREEN,2010-12-21 12:00:00,E0003,CAL_004542,4,1254.75974717426,841.480712322385,FLAT_START,CONVERGED_FEASIBLE,CONVERGED,PASSED,0.99956325697759,22,1.04984269688502,13,6.1664869108741e-15,8.21565038222616e-14,22,24,0.1212
ATT_T007_000090_1,CALL_T007_000090,1,EDGE_CANDIDATE_SCREEN,2010-12-21 12:00:00,E0003,CAL_004543,4,1249.59558235372,858.427372930363,FLAT_START,CONVERGED_FEASIBLE,CONVERGED,PASSED,0.999569630347995,22,1.04984157374019,13,6.12828087709315e-15,8.19344592173366e-14,22,24,0.121
ATT_T007_000091_1,CALL_T007_000091,1,EDGE_CANDIDATE_SCREEN,2010-12-21 12:00:00,E0003,CAL_004544,4,1244.42605446797,875.391632908051,FLAT_START,CONVERGED_FEASIBLE,CONVERGED,PASSED,0.999575999707757,22,1.04984018797844,13,6.09011977460291e-15,8.17124146124115e-14,22,24,0.1209
ATT_T007_000092_1,CALL_T007_000092,1,EDGE_CANDIDATE_SCREEN,2010-12-21 12:00:00,E0003,CAL_004545,4,1239.25036646635,892.376107847244,FLAT_START,CONVERGED_FEASIBLE,CONVERGED,PASSED,0.999582366029698,22,1.04983853905016,13,5.97229191502728e-15,8.19344592173366e-14,22,24,0.1209
ATT_T007_000093_1,CALL_T007_000093,1,EDGE_CANDIDATE_SCREEN,2010-12-21 12:00:00,E0003,CAL_004546,4,1234.0677175184,909.383425743466,FLAT_START,CONVERGED_FEASIBLE,CONVERGED,PASSED,0.999588730284738,22,1.04983662624284,13,5.92722900464747e-15,8.08242361927114e-14,22,24,0.1529
ATT_T007_000094_1,CALL_T007_000094,1,EDGE_CANDIDATE_SCREEN,2010-12-21 12:00:00,E0003,CAL_004547,4,1228.87730251435,926.416228635102,FLAT_START,CONVERGED_FEASIBLE,CONVERGED,PASSED,0.999595093442486,22,1.0498344486802,13,5.99491922118064e-15,8.14903700074865e-14,22,24,0.1389
ATT_T007_000095_1,CALL_T007_000095,1,EDGE_CANDIDATE_SCREEN,2010-12-21 12:00:00,E0003,CAL_004548,4,1223.67831156008,943.47717426092,FLAT_START,CONVERGED_FEASIBLE,CONVERGED,PASSED,0.999601456471836,22,1.04983200532112,13,5.95059410298841e-15,8.08242361927114e-14,22,24,0.1536
ATT_T007_000096_1,CALL_T007_000096,1,LOCAL_REENTRY_STENCIL,2010-12-21 12:00:00,E0003,CAL_004538,4.25,1275.13946914196,773.745221215123,FLAT_START,CONVERGED_FEASIBLE,CONVERGED,PASSED,0.999537545977656,22,1.04983422024536,13,6.32614432499272e-15,8.32667268468867e-14,22,24,0.1383
ATT_T007_000097_1,CALL_T007_000097,1,LOCAL_REENTRY_STENCIL,2010-12-21 12:00:00,E0003,CAL_004538,3.75,1275.61775506751,773.890969537343,FLAT_START,CONVERGED_FEASIBLE,CONVERGED,PASSED,0.999537861684866,22,1.04985491675404,13,6.33894828200665e-15,8.37108160567368e-14,22,24,0.1539
ATT_T007_000098_1,CALL_T007_000098,1,ANCHOR_SEARCH,2010-12-21 12:00:00,E0004,CAL_004559,0,1170.58580946801,1136.03009521496,FLAT_START,CONVERGED_INFEASIBLE,CONVERGED,PASSED,0.999675324039205,22,1.05000852624983,13,5.7614050176587e-15,8.21565038222616e-14,22,24,0.1405
ATT_T007_000099_1,CALL_T007_000099,1,ANCHOR_SEARCH,2010-12-21 12:00:00,E0004,CAL_004559,0.5,1170.10646092743,1135.88788067056,FLAT_START,CONVERGED_FEASIBLE,CONVERGED,PASSED,0.999675011537177,22,1.04998778527741,13,5.67083837182831e-15,8.23785484271866e-14,22,24,0.1634
ATT_T007_000100_1,CALL_T007_000100,1,ANCHOR_SEARCH,2010-12-21 12:00:00,E0004,CAL_004559,1,1169.62711238684,1135.74566612615,FLAT_START,CONVERGED_FEASIBLE,CONVERGED,PASSED,0.999674699020186,22,1.04996704336086,13,5.65807127036916e-15,8.19344592173366e-14,22,24,0.1436
ATT_T007_000101_1,CALL_T007_000101,1,ANCHOR_SEARCH,2010-12-21 12:00:00,E0004,CAL_004559,2,1168.66841530567,1135.46123703735,FLAT_START,CONVERGED_FEASIBLE,CONVERGED,PASSED,0.999674073941306,22,1.0499255566949,13,5.63893045852409e-15,8.12683254025615e-14,22,24,0.1411
ATT_T007_000102_1,CALL_T007_000102,1,ANCHOR_SEARCH,2010-12-21 12:00:00,E0004,CAL_004559,4,1166.75102114334,1134.89237885973,FLAT_START,CONVERGED_FEASIBLE,CONVERGED,PASSED,0.999672823603913,22,1.04984257202839,13,5.60705564491487e-15,8.10462807976364e-14,22,24,0.1434
ATT_T007_000103_1,CALL_T007_000103,1,ANCHOR_SEARCH,2010-12-21 12:00:00,E0004,CAL_004559,3,1167.70971822451,1135.17680794854,FLAT_START,CONVERGED_FEASIBLE,CONVERGED,PASSED,0.999673448802552,22,1.04988406625105,13,5.62617652959978e-15,8.19344592173366e-14,22,24,0.1568
ATT_T007_000104_1,CALL_T007_000104,1,ANCHOR_SEARCH,2010-12-21 12:00:00,E0004,CAL_004559,3.5,1167.23036968392,1135.03459340413,FLAT_START,CONVERGED_FEASIBLE,CONVERGED,PASSED,0.999673136210719,22,1.04986331961213,13,5.61980156233649e-15,8.14903700074865e-14,22,24,0.1438
ATT_T007_000105_1,CALL_T007_000105,1,ANCHOR_SEARCH,2010-12-21 12:00:00,E0004,CAL_004559,3.75,1166.99069541363,1134.96348613193,FLAT_START,CONVERGED_FEASIBLE,CONVERGED,PASSED,0.999672979909187,22,1.04985294593837,13,5.61342793258781e-15,8.14903700074865e-14,22,24,0.1421
ATT_T007_000106_1,CALL_T007_000106,1,EDGE_CANDIDATE_SCREEN,2010-12-21 12:00:00,E0004,CAL_004550,4,1213.35304269114,977.815540405001,FLAT_START,CONVERGED_FEASIBLE,CONVERGED,PASSED,0.999614300211518,22,1.04983180005552,13,5.80520072875395e-15,8.06021915877864e-14,22,24,0.1483
ATT_T007_000107_1,CALL_T007_000107,1,EDGE_CANDIDATE_SCREEN,2010-12-21 12:00:00,E0004,CAL_004551,4,1208.23296738739,995.073273324111,FLAT_START,CONVERGED_FEASIBLE,CONVERGED,PASSED,0.999620773509263,22,1.04983404700471,13,5.78597245571659e-15,8.12683254025615e-14,22,24,0.1276
ATT_T007_000108_1,CALL_T007_000108,1,EDGE_CANDIDATE_SCREEN,2010-12-21 12:00:00,E0004,CAL_004552,4,1203.10037985156,1012.37317999005,FLAT_START,CONVERGED_FEASIBLE,CONVERGED,PASSED,0.999627251799283,22,1.04983603466666,13,5.84322850728383e-15,8.08242361927114e-14,22,24,0.1268
ATT_T007_000109_1,CALL_T007_000109,1,EDGE_CANDIDATE_SCREEN,2010-12-21 12:00:00,E0004,CAL_004553,4,1197.95444945325,1029.71806012674,FLAT_START,CONVERGED_FEASIBLE,CONVERGED,PASSED,0.999633736075124,22,1.04983776191515,13,5.73475128696536e-15,8.12683254025615e-14,22,24,0.1251
ATT_T007_000110_1,CALL_T007_000110,1,EDGE_CANDIDATE_SCREEN,2010-12-21 12:00:00,E0004,CAL_004554,4,1192.7943371619,1047.11074177179,FLAT_START,CONVERGED_FEASIBLE,CONVERGED,PASSED,0.99964022733394,22,1.04983922745481,13,5.70917077795051e-15,8.01581023779363e-14,22,24,0.1262
ATT_T007_000111_1,CALL_T007_000111,1,EDGE_CANDIDATE_SCREEN,2010-12-21 12:00:00,E0004,CAL_004555,4,1187.61919498303,1064.55408317656,FLAT_START,CONVERGED_FEASIBLE,CONVERGED,PASSED,0.999646726577114,22,1.04984042981877,13,5.68361068021136e-15,8.06021915877864e-14,22,24,0.1268
ATT_T007_000112_1,CALL_T007_000112,1,EDGE_CANDIDATE_SCREEN,2010-12-21 12:00:00,E0004,CAL_004556,4,1182.42816538237,1082.05097474728,FLAT_START,CONVERGED_FEASIBLE,CONVERGED,PASSED,0.999653234810876,22,1.04984136736615,13,5.67083837182831e-15,8.12683254025615e-14,22,24,0.1469
ATT_T007_000113_1,CALL_T007_000113,1,EDGE_CANDIDATE_SCREEN,2010-12-21 12:00:00,E0004,CAL_004557,4,1177.22038069687,1099.60434103015,FLAT_START,CONVERGED_FEASIBLE,CONVERGED,PASSED,0.999659753046929,22,1.04984203827918,13,5.65168968326384e-15,8.06021915877864e-14,22,24,0.1282
ATT_T007_000114_1,CALL_T007_000114,1,EDGE_CANDIDATE_SCREEN,2010-12-21 12:00:00,E0004,CAL_004558,4,1171.99496253188,1117.21714274347,FLAT_START,CONVERGED_FEASIBLE,CONVERGED,PASSED,0.999666282303086,22,1.04984244056022,13,5.62617652959978e-15,8.14903700074865e-14,22,24,0.1277
ATT_T007_000115_1,CALL_T007_000115,1,EDGE_CANDIDATE_SCREEN,2010-12-21 12:00:00,E0004,CAL_004560,4,1161.48765480431,1152.63308874109,FLAT_START,CONVERGED_FEASIBLE,CONVERGED,PASSED,0.999679377981375,22,1.04984243031596,13,5.59431511413976e-15,8.12683254025615e-14,22,24,0.1245
ATT_T007_000116_1,CALL_T007_000116,1,EDGE_CANDIDATE_SCREEN,2010-12-21 12:00:00,E0004,CAL_004561,4,1156.20394915454,1170.44235433143,FLAT_START,CONVERGED_FEASIBLE,CONVERGED,PASSED,0.999685946475504,22,1.04984201286448,13,5.5752144987169e-15,8.17124146124115e-14,22,24,0.1407
ATT_T007_000117_1,CALL_T007_000117,1,EDGE_CANDIDATE_SCREEN,2010-12-21 12:00:00,E0004,CAL_004562,4,1150.89897653233,1188.32330240857,FLAT_START,CONVERGED_FEASIBLE,CONVERGED,PASSED,0.999692530135062,22,1.04984131692062,13,5.56885036039765e-15,8.19344592173366e-14,22,24,0.1262
ATT_T007_000118_1,CALL_T007_000118,1,EDGE_CANDIDATE_SCREEN,2010-12-21 12:00:00,E0004,CAL_004563,4,1145.57179528741,1206.27910690022,FLAT_START,CONVERGED_FEASIBLE,CONVERGED,PASSED,0.999699130018232,22,1.04984033953165,13,5.54976621173164e-15,8.17124146124115e-14,22,24,0.1275
ATT_T007_000119_1,CALL_T007_000119,1,EDGE_CANDIDATE_SCREEN,2010-12-21 12:00:00,E0004,CAL_004564,4,1140.22144907377,1224.31299126755,FLAT_START,CONVERGED_FEASIBLE,CONVERGED,PASSED,0.999705747193305,22,1.04983907754065,13,5.53705038201288e-15,8.21565038222616e-14,22,24,0.1479
ATT_T007_000120_1,CALL_T007_000120,1,EDGE_CANDIDATE_SCREEN,2010-12-21 12:00:00,E0004,CAL_004565,4,1134.8469661213,1242.42823096024,FLAT_START,CONVERGED_FEASIBLE,CONVERGED,PASSED,0.999712382739396,22,1.0498375275814,13,5.5306945623249e-15,8.26005930321116e-14,22,24,0.1274
ATT_T007_000121_1,CALL_T007_000121,1,EDGE_CANDIDATE_SCREEN,2010-12-21 12:00:00,E0004,CAL_004566,4,1129.44735848495,1260.62815594726,FLAT_START,CONVERGED_FEASIBLE,CONVERGED,PASSED,0.999719037747163,22,1.04983568607291,13,5.50180780145788e-15,8.34887714518118e-14,22,24,0.1261
ATT_T007_000122_1,CALL_T007_000122,1,EDGE_CANDIDATE_SCREEN,2010-12-21 12:00:00,E0004,CAL_004567,4,1124.02162127016,1278.91615332764,FLAT_START,CONVERGED_FEASIBLE,CONVERGED,PASSED,0.999725713319548,22,1.04983354921359,13,5.51163554192922e-15,8.34887714518118e-14,22,24,0.1241
ATT_T007_000123_1,CALL_T007_000123,1,EDGE_CANDIDATE_SCREEN,2010-12-21 12:00:00,E0004,CAL_004568,4,1118.56873183316,1297.29567002583,FLAT_START,CONVERGED_FEASIBLE,CONVERGED,PASSED,0.999732410572528,22,1.04983111297504,13,5.5279080548269e-15,8.41549052665869e-14,22,24,0.1255
ATT_T007_000124_1,CALL_T007_000124,1,LOCAL_REENTRY_STENCIL,2010-12-21 12:00:00,E0004,CAL_004559,4.25,1166.51134687305,1134.82127158753,FLAT_START,CONVERGED_FEASIBLE,CONVERGED,PASSED,0.999672667294894,22,1.04983219788218,13,5.60705564491487e-15,8.14903700074865e-14,22,24,0.1424
ATT_T007_000125_1,CALL_T007_000125,1,LOCAL_REENTRY_STENCIL,2010-12-21 12:00:00,E0004,CAL_004559,3.75,1166.99069541363,1134.96348613193,FLAT_START,CONVERGED_FEASIBLE,CONVERGED,PASSED,0.999672979909187,22,1.04985294593837,13,5.61342793258781e-15,8.14903700074865e-14,22,24,0.1259
ATT_T007_000126_1,CALL_T007_000126,1,ANCHOR_SEARCH,2010-12-21 12:00:00,E0005,CAL_004579,0,1061.40688537961,1509.26549340545,FLAT_START,CONVERGED_INFEASIBLE,CONVERGED,PASSED,0.999811665587532,22,1.05001115904547,13,6.89469113538365e-15,9.28146448586631e-14,22,24,0.1553
ATT_T007_000127_1,CALL_T007_000127,1,ANCHOR_SEARCH,2010-12-21 12:00:00,E0005,CAL_004579,0.5,1060.92649207292,1509.12684900101,FLAT_START,CONVERGED_FEASIBLE,CONVERGED,PASSED,0.999811356057938,22,1.04999036288587,13,7.00465444231217e-15,9.25926002537381e-14,22,24,0.1321
ATT_T007_000128_1,CALL_T007_000128,1,ANCHOR_SEARCH,2010-12-21 12:00:00,E0005,CAL_004579,1,1060.44609876622,1508.98820459657,FLAT_START,CONVERGED_FEASIBLE,CONVERGED,PASSED,0.999811046513431,22,1.04996956577301,13,6.89469113538365e-15,9.25926002537381e-14,22,24,0.1275
ATT_T007_000129_1,CALL_T007_000129,1,ANCHOR_SEARCH,2010-12-21 12:00:00,E0005,CAL_004579,2,1059.48531215283,1508.71091578769,FLAT_START,CONVERGED_FEASIBLE,CONVERGED,PASSED,0.999810427379672,22,1.04992796868698,13,6.8673677684946e-15,9.2148511043888e-14,22,24,0.1385
ATT_T007_000130_1,CALL_T007_000130,1,ANCHOR_SEARCH,2010-12-21 12:00:00,E0005,CAL_004579,4,1057.56373892605,1508.15633816992,FLAT_START,CONVERGED_FEASIBLE,CONVERGED,PASSED,0.999809188933133,22,1.04984476307053,13,6.84613932954933e-15,9.1926466438963e-14,22,24,0.1354
ATT_T007_000131_1,CALL_T007_000131,1,ANCHOR_SEARCH,2010-12-21 12:00:00,E0005,CAL_004579,3,1058.52452553944,1508.43362697881,FLAT_START,CONVERGED_FEASIBLE,CONVERGED,PASSED,0.999809808186244,22,1.04988636778647,13,6.85826738132911e-15,9.2148511043888e-14,22,24,0.1286
ATT_T007_000132_1,CALL_T007_000132,1,ANCHOR_SEARCH,2010-12-21 12:00:00,E0005,CAL_004579,3.5,1058.04413223275,1508.29498257437,FLAT_START,CONVERGED_FEASIBLE,CONVERGED,PASSED,0.999809498567149,22,1.04986556590549,13,6.84613932954933e-15,9.17044218340379e-14,22,24,0.1274
ATT_T007_000133_1,CALL_T007_000133,1,ANCHOR_SEARCH,2010-12-21 12:00:00,E0005,CAL_004579,3.75,1057.8039355794,1508.22566037214,FLAT_START,CONVERGED_FEASIBLE,CONVERGED,PASSED,0.999809343752007,22,1.04985516460726,13,6.85220252535299e-15,9.2148511043888e-14,22,24,0.1518
ATT_T007_000134_1,CALL_T007_000134,1,EDGE_CANDIDATE_SCREEN,2010-12-21 12:00:00,E0005,CAL_004570,4,1107.6798013457,1334.50763563892,FLAT_START,CONVERGED_FEASIBLE,CONVERGED,PASSED,0.999746009670846,22,1.04983132864764,13,5.77315972805081e-15,8.45989944764369e-14,22,24,0.1377
ATT_T007_000135_1,CALL_T007_000135,1,EDGE_CANDIDATE_SCREEN,2010-12-21 12:00:00,E0005,CAL_004571,4,1102.24955846495,1353.32305299503,FLAT_START,CONVERGED_FEASIBLE,CONVERGED,PASSED,0.999752905202291,22,1.04983400328931,13,5.84220253623842e-15,8.5043083686287e-14,22,24,0.1353
ATT_T007_000136_1,CALL_T007_000136,1,EDGE_CANDIDATE_SCREEN,2010-12-21 12:00:00,E0005,CAL_004572,4,1096.78746441491,1372.24883245769,FLAT_START,CONVERGED_FEASIBLE,CONVERGED,PASSED,0.999759828882184,22,1.04983639319637,13,6.21724893790088e-15,8.63753513158372e-14,22,24,0.1272
ATT_T007_000137_1,CALL_T007_000137,1,EDGE_CANDIDATE_SCREEN,2010-12-21 12:00:00,E0005,CAL_004573,4,1091.29239874922,1391.28885629635,FLAT_START,CONVERGED_FEASIBLE,CONVERGED,PASSED,0.999766781943486,22,1.04983849415631,13,6.21724893790088e-15,8.61533067109121e-14,22,24,0.1248
ATT_T007_000138_1,CALL_T007_000138,1,EDGE_CANDIDATE_SCREEN,2010-12-21 12:00:00,E0005,CAL_004574,4,1085.76321734667,1410.44708881213,FLAT_START,CONVERGED_FEASIBLE,CONVERGED,PASSED,0.999773765638553,22,1.04984030170326,13,6.10950595925564e-15,8.77076189453874e-14,22,24,0.1235
ATT_T007_000139_1,CALL_T007_000139,1,EDGE_CANDIDATE_SCREEN,2010-12-21 12:00:00,E0005,CAL_004575,4,1080.19875137604,1429.72757992469,FLAT_START,CONVERGED_FEASIBLE,CONVERGED,PASSED,0.99978078124009,22,1.04984181110934,13,6.30785149058783e-15,8.85957973650875e-14,22,24,0.1237
ATT_T007_000140_1,CALL_T007_000140,1,EDGE_CANDIDATE_SCREEN,2010-12-21 12:00:00,E0005,CAL_004576,4,1074.59780622087,1449.13446889768,FLAT_START,CONVERGED_FEASIBLE,CONVERGED,PASSED,0.999787830042132,22,1.04984301737557,13,6.51535534245651e-15,8.88178419700125e-14,22,24,0.1786
ATT_T007_000141_1,CALL_T007_000141,1,EDGE_CANDIDATE_SCREEN,2010-12-21 12:00:00,E0005,CAL_004577,4,1068.95916036212,1468.67198821044,FLAT_START,CONVERGED_FEASIBLE,CONVERGED,PASSED,0.999794913361058,22,1.04984391522211,13,6.62300975309825e-15,8.97060203897126e-14,22,24,0.1316
ATT_T007_000142_1,CALL_T007_000142,1,EDGE_CANDIDATE_SCREEN,2010-12-21 12:00:00,E0005,CAL_004578,4,1063.2815642162,1488.34446758401,FLAT_START,CONVERGED_FEASIBLE,CONVERGED,PASSED,0.999802032536642,22,1.04984449907806,13,6.72824525930616e-15,9.08162434143378e-14,22,24,0.124
ATT_T007_000143_1,CALL_T007_000143,1,EDGE_CANDIDATE_SCREEN,2010-12-21 12:00:00,E0005,CAL_004580,4,1051.80437510266,1528.11213691087,FLAT_START,CONVERGED_FEASIBLE,CONVERGED,PASSED,0.999816383940372,22,1.04984470101315,13,6.96771373056528e-15,9.2370555648813e-14,22,24,0.1253
ATT_T007_000144_1,CALL_T007_000144,1,EDGE_CANDIDATE_SCREEN,2010-12-21 12:00:00,E0005,CAL_004581,4,1046.0021315142,1548.21651108271,FLAT_START,CONVERGED_FEASIBLE,CONVERGED,PASSED,0.999823618974952,22,1.04984430639382,13,7.32747196252603e-15,9.37028232783632e-14,22,24,0.1239
ATT_T007_000145_1,CALL_T007_000145,1,EDGE_CANDIDATE_SCREEN,2010-12-21 12:00:00,E0005,CAL_004582,4,1040.15563371993,1568.47422302793,FLAT_START,CONVERGED_FEASIBLE,CONVERGED,PASSED,0.999830895481416,22,1.04984357236187,13,7.54951656745106e-15,9.50350909079134e-14,22,24,0.1242
ATT_T007_000146_1,CALL_T007_000146,1,EDGE_CANDIDATE_SCREEN,2010-12-21 12:00:00,E0005,CAL_004583,4,1034.2634726457,1588.89015509129,FLAT_START,CONVERGED_FEASIBLE,CONVERGED,PASSED,0.999838214933498,22,1.04984249171429,13,7.59020164071296e-15,9.65894031423886e-14,22,24,0.1356
ATT_T007_000147_1,CALL_T007_000147,1,EDGE_CANDIDATE_SCREEN,2010-12-21 12:00:00,E0005,CAL_004584,4,1028.32420309796,1609.4693147689,FLAT_START,CONVERGED_FEASIBLE,CONVERGED,PASSED,0.999845578835407,22,1.0498410568813,13,7.84587640666867e-15,9.79216707719388e-14,22,24,0.1388
ATT_T007_000148_1,CALL_T007_000148,1,EDGE_CANDIDATE_SCREEN,2010-12-21 12:00:00,E0005,CAL_004585,4,1022.33634221254,1630.21684008288,FLAT_START,CONVERGED_FEASIBLE,CONVERGED,PASSED,0.999852988723163,22,1.049839259911,13,8.00165192891041e-15,1.00808250635964e-13,22,24,0.1236
ATT_T007_000149_1,CALL_T007_000149,1,EDGE_CANDIDATE_SCREEN,2010-12-21 12:00:00,E0005,CAL_004586,4,1016.29836783478,1651.13800519426,FLAT_START,CONVERGED_FEASIBLE,CONVERGED,PASSED,0.999860446165984,22,1.04983709245311,13,8.16449257971185e-15,1.03028696685215e-13,22,24,0.1224
ATT_T007_000150_1,CALL_T007_000150,1,EDGE_CANDIDATE_SCREEN,2010-12-21 12:00:00,E0005,CAL_004587,4,1010.2087168269,1672.23822626772,FLAT_START,CONVERGED_FEASIBLE,CONVERGED,PASSED,0.999867952767722,22,1.0498345457418,13,8.4431826893963e-15,1.06581410364015e-13,22,24,0.1646
ATT_T007_000151_1,CALL_T007_000151,1,EDGE_CANDIDATE_SCREEN,2010-12-21 12:00:00,E0005,CAL_004588,4,1004.06578329857,1693.52306760254,FLAT_START,CONVERGED_FEASIBLE,CONVERGED,PASSED,0.999875510168354,22,1.04983161057743,13,8.62412677274321e-15,1.10134124042816e-13,22,24,0.1259
ATT_T007_000152_1,CALL_T007_000152,1,LOCAL_REENTRY_STENCIL,2010-12-21 12:00:00,E0005,CAL_004579,4.25,1057.3235422727,1508.0870159677,FLAT_START,CONVERGED_FEASIBLE,CONVERGED,PASSED,0.999809034110528,22,1.04983436129528,13,7.105427357601e-15,9.14823772291129e-14,22,24,0.1251
ATT_T007_000153_1,CALL_T007_000153,1,LOCAL_REENTRY_STENCIL,2010-12-21 12:00:00,E0005,CAL_004579,3.75,1057.8039355794,1508.22566037214,FLAT_START,CONVERGED_FEASIBLE,CONVERGED,PASSED,0.999809343752007,22,1.04985516460726,13,6.85220252535299e-15,9.2148511043888e-14,22,24,0.124
ATT_T007_000154_1,CALL_T007_000154,1,ANCHOR_SEARCH,2010-12-21 12:00:00,E0006,CAL_004590,0,1001.71106320956,1716.10740328024,FLAT_START,CONVERGED_FEASIBLE,CONVERGED,PASSED,0.999885589870543,22,1.04999493013242,13,8.98707580277217e-15,1.15019105351166e-13,22,24,0.1312
ATT_T007_000155_1,CALL_T007_000155,1,ANCHOR_SEARCH,2010-12-21 12:00:00,E0006,CAL_004590,0.5,1001.47162361936,1715.66846287125,FLAT_START,CONVERGED_FEASIBLE,CONVERGED,PASSED,0.999885251861059,22,1.04998033250148,13,8.87334780794016e-15,1.14575016141316e-13,22,24,0.1261
ATT_T007_000156_1,CALL_T007_000156,1,ANCHOR_SEARCH,2010-12-21 12:00:00,E0006,CAL_004590,1,1001.23218402917,1715.22952246225,FLAT_START,CONVERGED_FEASIBLE,CONVERGED,PASSED,0.999884913838454,22,1.04996573437896,13,8.96898407019455e-15,1.14130926931466e-13,22,24,0.1271
ATT_T007_000157_1,CALL_T007_000157,1,ANCHOR_SEARCH,2010-12-21 12:00:00,E0006,CAL_004590,2,1000.75330484878,1714.35164164427,FLAT_START,CONVERGED_FEASIBLE,CONVERGED,PASSED,0.999884237753876,22,1.04993653665899,13,8.95090418262362e-15,1.13686837721616e-13,22,24,0.152
ATT_T007_000158_1,CALL_T007_000158,1,ANCHOR_SEARCH,2010-12-21 12:00:00,E0006,CAL_004590,4,999.795546487999,1712.59588000829,FLAT_START,CONVERGED_FEASIBLE,CONVERGED,PASSED,0.999882885427225,22,1.04987813531819,13,8.9147802307261e-15,1.12798659301916e-13,22,24,0.1256
ATT_T007_000159_1,CALL_T007_000159,1,ANCHOR_SEARCH,2010-12-21 12:00:00,E0006,CAL_004590,8,997.880029766438,1709.08435673635,FLAT_START,CONVERGED_FEASIBLE,CONVERGED,PASSED,0.999880180143706,22,1.04976130902347,13,8.85468115789508e-15,1.12354570092066e-13,22,24,0.1297
ATT_T007_000160_1,CALL_T007_000160,1,ANCHOR_SEARCH,2010-12-21 12:00:00,E0006,CAL_004590,6,998.837788127218,1710.84011837232,FLAT_START,CONVERGED_FEASIBLE,CONVERGED,PASSED,0.999881532890524,22,1.04981972610727,13,8.88471377022627e-15,1.13242748511766e-13,22,24,0.2162
ATT_T007_000161_1,CALL_T007_000161,1,ANCHOR_SEARCH,2010-12-21 12:00:00,E0006,CAL_004590,5,999.316667307609,1711.71799919031,FLAT_START,CONVERGED_FEASIBLE,CONVERGED,PASSED,0.999882209185135,22,1.04984893169667,13,8.89974279088687e-15,1.12798659301916e-13,22,24,0.132
ATT_T007_000162_1,CALL_T007_000162,1,ANCHOR_SEARCH,2010-12-21 12:00:00,E0006,CAL_004590,4.5,999.556106897804,1712.1569395993,FLAT_START,CONVERGED_FEASIBLE,CONVERGED,PASSED,0.999882547312745,22,1.04986353375339,13,8.90876424721696e-15,1.13464793116691e-13,22,24,0.1276
ATT_T007_000163_1,CALL_T007_000163,1,ANCHOR_SEARCH,2010-12-21 12:00:00,E0006,CAL_004590,4.75,999.436387102706,1711.9374693948,FLAT_START,CONVERGED_FEASIBLE,CONVERGED,PASSED,0.999882378250581,22,1.04985623278652,13,8.90876424721696e-15,1.13020703906841e-13,22,24,0.1487
ATT_T007_000164_1,CALL_T007_000164,1,EDGE_CANDIDATE_SCREEN,2010-12-21 12:00:00,E0006,CAL_004591,5,985.069068472713,1719.48998635849,FLAT_START,CONVERGED_FEASIBLE,CONVERGED,PASSED,0.999878965941203,22,1.04939811714955,30,8.88178419700125e-15,1.12798659301916e-13,22,24,0.1289
ATT_T007_000165_1,CALL_T007_000165,1,EDGE_CANDIDATE_SCREEN,2010-12-21 12:00:00,E0006,CAL_004592,5,970.905229608869,1727.216282921,FLAT_START,CONVERGED_FEASIBLE,CONVERGED,PASSED,0.999875731962192,22,1.04945015101263,30,8.76478988738274e-15,1.12354570092066e-13,22,24,0.1244
ATT_T007_000166_1,CALL_T007_000166,1,EDGE_CANDIDATE_SCREEN,2010-12-21 12:00:00,E0006,CAL_004593,5,956.822275642446,1734.89845721475,FLAT_START,CONVERGED_FEASIBLE,CONVERGED,PASSED,0.999872506738385,22,1.04950163222376,30,8.59086138640619e-15,1.12132525487141e-13,22,24,0.1244
ATT_T007_000167_1,CALL_T007_000167,1,EDGE_CANDIDATE_SCREEN,2010-12-21 12:00:00,E0006,CAL_004594,5,942.81738874769,1742.53804634827,FLAT_START,CONVERGED_FEASIBLE,CONVERGED,PASSED,0.999869289765018,22,1.04955257491303,30,8.52445375398123e-15,1.11466391672366e-13,22,24,0.1243
ATT_T007_000168_1,CALL_T007_000168,1,EDGE_CANDIDATE_SCREEN,2010-12-21 12:00:00,E0006,CAL_004595,5,928.887805907493,1750.13655753227,FLAT_START,CONVERGED_FEASIBLE,CONVERGED,PASSED,0.999866080541974,22,1.04960299279836,30,8.47024457822011e-15,1.11022302462516e-13,22,24,0.1252
ATT_T007_000169_1,CALL_T007_000169,1,EDGE_CANDIDATE_SCREEN,2010-12-21 12:00:00,E0006,CAL_004596,5,915.030816559528,1757.69546936367,FLAT_START,CONVERGED_FEASIBLE,CONVERGED,PASSED,0.99986287857348,22,1.04965289920061,30,8.42215447283678e-15,1.11244347067441e-13,22,24,0.122
ATT_T007_000170_1,CALL_T007_000170,1,EDGE_CANDIDATE_SCREEN,2010-12-21 12:00:00,E0006,CAL_004597,5,901.243760323242,1765.21623306547,FLAT_START,CONVERGED_FEASIBLE,CONVERGED,PASSED,0.99985968336781,22,1.04970230705801,30,8.37115936877866e-15,1.10578213252666e-13,22,24,0.1437
ATT_T007_000171_1,CALL_T007_000171,1,EDGE_CANDIDATE_SCREEN,2010-12-21 12:00:00,E0006,CAL_004598,5,887.524024803496,1772.70027368495,FLAT_START,CONVERGED_FEASIBLE,CONVERGED,PASSED,0.999856494436987,22,1.04975122893998,30,8.3262512807809e-15,1.10356168647741e-13,22,24,0.1258
ATT_T007_000172_1,CALL_T007_000172,1,EDGE_CANDIDATE_SCREEN,2010-12-21 12:00:00,E0006,CAL_004599,5,873.869043466792,1780.14899125206,FLAT_START,CONVERGED_FEASIBLE,CONVERGED,PASSED,0.999853311296501,22,1.04979967706029,30,8.17659660796951e-15,1.10800257857591e-13,22,24,0.1242
ATT_T007_000173_1,CALL_T007_000173,1,LOCAL_REENTRY_STENCIL,2010-12-21 12:00:00,E0006,CAL_004590,5.25,999.196947512511,1711.49852898581,FLAT_START,CONVERGED_FEASIBLE,CONVERGED,PASSED,0.999882040116406,22,1.04984163048382,13,8.79713902313556e-15,1.13908882326541e-13,22,24,0.1269
ATT_T007_000174_1,CALL_T007_000174,1,LOCAL_REENTRY_STENCIL,2010-12-21 12:00:00,E0006,CAL_004590,4.75,999.436387102706,1711.9374693948,FLAT_START,CONVERGED_FEASIBLE,CONVERGED,PASSED,0.999882378250581,22,1.04985623278652,13,8.90876424721696e-15,1.13020703906841e-13,22,24,0.1261
ATT_T007_000175_1,CALL_T007_000175,1,ANCHOR_SEARCH,2010-12-21 12:00:00,E0007,CAL_004605,0,806.321598302327,1815.6677866978,FLAT_START,CONVERGED_FEASIBLE,CONVERGED,PASSED,0.999836768386658,22,1.04999904625824,30,8.07389431116739e-15,1.10134124042816e-13,22,24,0.1391
ATT_T007_000176_1,CALL_T007_000176,1,ANCHOR_SEARCH,2010-12-21 12:00:00,E0007,CAL_004605,0.5,806.127648391507,1815.20693592793,FLAT_START,CONVERGED_FEASIBLE,CONVERGED,PASSED,0.999836440753012,22,1.04998405006742,30,7.96020279310081e-15,1.10356168647741e-13,22,24,0.1305
ATT_T007_000177_1,CALL_T007_000177,1,ANCHOR_SEARCH,2010-12-21 12:00:00,E0007,CAL_004605,1,805.933698480687,1814.74608515805,FLAT_START,CONVERGED_FEASIBLE,CONVERGED,PASSED,0.999836113106934,22,1.04996905337177,30,8.04376741711696e-15,1.09690034832965e-13,22,24,0.1494
ATT_T007_000178_1,CALL_T007_000178,1,ANCHOR_SEARCH,2010-12-21 12:00:00,E0007,CAL_004605,2,805.545798659047,1813.82438361831,FLAT_START,CONVERGED_FEASIBLE,CONVERGED,PASSED,0.99983545777748,22,1.04993905846576,30,7.96861273823645e-15,1.10356168647741e-13,22,24,0.1305
ATT_T007_000179_1,CALL_T007_000179,1,ANCHOR_SEARCH,2010-12-21 12:00:00,E0007,CAL_004605,4,804.769999015767,1811.98098053881,FLAT_START,CONVERGED_FEASIBLE,CONVERGED,PASSED,0.999834146969347,22,1.0498790625937,30,7.89918025558573e-15,1.0857981180834e-13,22,24,0.1265
ATT_T007_000180_1,CALL_T007_000180,1,ANCHOR_SEARCH,2010-12-21 12:00:00,E0007,CAL_004605,8,803.218399729207,1808.29417437983,FLAT_START,CONVERGED_FEASIBLE,CONVERGED,PASSED,0.999831524755974,22,1.04975904659955,30,7.95361009061731e-15,1.08357767203415e-13,22,24,0.1268
ATT_T007_000181_1,CALL_T007_000181,1,ANCHOR_SEARCH,2010-12-21 12:00:00,E0007,CAL_004605,6,803.994199372487,1810.13757745932,FLAT_START,CONVERGED_FEASIBLE,CONVERGED,PASSED,0.999832835962199,22,1.04981905863924,30,7.98362488619717e-15,1.0857981180834e-13,22,24,0.1265
ATT_T007_000182_1,CALL_T007_000182,1,ANCHOR_SEARCH,2010-12-21 12:00:00,E0007,CAL_004605,5,804.382099194127,1811.05927899907,FLAT_START,CONVERGED_FEASIBLE,CONVERGED,PASSED,0.999833491490654,22,1.04984906162695,30,7.99564140885283e-15,1.08801856413265e-13,22,24,0.1279
ATT_T007_000183_1,CALL_T007_000183,1,ANCHOR_SEARCH,2010-12-21 12:00:00,E0007,CAL_004605,4.5,804.576049104947,1811.52012976894,FLAT_START,CONVERGED_FEASIBLE,CONVERGED,PASSED,0.99983381923622,22,1.04986406236293,30,7.99360577730113e-15,1.08801856413265e-13,22,24,0.1272
ATT_T007_000184_1,CALL_T007_000184,1,ANCHOR_SEARCH,2010-12-21 12:00:00,E0007,CAL_004605,4.75,804.479074149537,1811.289704384,FLAT_START,CONVERGED_FEASIBLE,CONVERGED,PASSED,0.999833655364992,22,1.04985656205809,30,8.00165192891041e-15,1.0902390101819e-13,22,24,0.1478
ATT_T007_000185_1,CALL_T007_000185,1,EDGE_CANDIDATE_SCREEN,2010-12-21 12:00:00,E0007,CAL_004601,5,860.731190379959,1787.34465829162,FLAT_START,CONVERGED_FEASIBLE,CONVERGED,PASSED,0.999850254406975,22,1.04984686485845,30,8.1403015074111e-15,1.10800257857591e-13,22,24,0.1278
ATT_T007_000186_1,CALL_T007_000186,1,EDGE_CANDIDATE_SCREEN,2010-12-21 12:00:00,E0007,CAL_004602,5,846.525238339599,1793.32325985086,FLAT_START,CONVERGED_FEASIBLE,CONVERGED,PASSED,0.999846043112311,22,1.04984777970276,30,8.07690901671597e-15,1.10134124042816e-13,22,24,0.1262
ATT_T007_000187_1,CALL_T007_000187,1,EDGE_CANDIDATE_SCREEN,2010-12-21 12:00:00,E0007,CAL_004603,5,832.400279317477,1799.26777534647,FLAT_START,CONVERGED_FEASIBLE,CONVERGED,PASSED,0.99984184599358,22,1.0498484484145,30,8.01969248337114e-15,1.09245945623115e-13,22,24,0.1286
ATT_T007_000188_1,CALL_T007_000188,1,EDGE_CANDIDATE_SCREEN,2010-12-21 12:00:00,E0007,CAL_004604,5,818.353489316153,1805.17939326308,FLAT_START,CONVERGED_FEASIBLE,CONVERGED,PASSED,0.999837662350368,22,1.04984887458988,30,7.98963239348256e-15,1.0902390101819e-13,22,24,0.1268
ATT_T007_000189_1,CALL_T007_000189,1,EDGE_CANDIDATE_SCREEN,2010-12-21 12:00:00,E0007,CAL_004606,5,790.483392308828,1816.90857585856,FLAT_START,CONVERGED_FEASIBLE,CONVERGED,PASSED,0.999829332730343,22,1.04984901273154,30,8.00165192891041e-15,1.08801856413265e-13,22,24,0.1254
ATT_T007_000190_1,CALL_T007_000190,1,EDGE_CANDIDATE_SCREEN,2010-12-21 12:00:00,E0007,CAL_004607,5,776.654702240505,1822.72840600932,FLAT_START,CONVERGED_FEASIBLE,CONVERGED,PASSED,0.999825185392808,22,1.04984873092287,30,8.01367746954383e-15,1.08357767203415e-13,22,24,0.1264
ATT_T007_000191_1,CALL_T007_000191,1,EDGE_CANDIDATE_SCREEN,2010-12-21 12:00:00,E0007,CAL_004608,5,762.893410592767,1828.51987140837,FLAT_START,CONVERGED_FEASIBLE,CONVERGED,PASSED,0.999821048808439,22,1.04984821903874,30,8.03172698124517e-15,1.07913677993565e-13,22,24,0.1448
ATT_T007_000192_1,CALL_T007_000192,1,EDGE_CANDIDATE_SCREEN,2010-12-21 12:00:00,E0007,CAL_004609,5,749.196944865748,1834.2840546971,FLAT_START,CONVERGED_FEASIBLE,CONVERGED,PASSED,0.999816922314206,22,1.04984747974053,30,7.93577727954241e-15,1.0724754417879e-13,22,24,0.1285
ATT_T007_000193_1,CALL_T007_000193,1,EDGE_CANDIDATE_SCREEN,2010-12-21 12:00:00,E0007,CAL_004610,5,735.562776398022,1840.02202006743,FLAT_START,CONVERGED_FEASIBLE,CONVERGED,PASSED,0.999812805253226,22,1.04984651551781,30,8.04978985347591e-15,1.07913677993565e-13,22,24,0.1255
ATT_T007_000194_1,CALL_T007_000194,1,LOCAL_REENTRY_STENCIL,2010-12-21 12:00:00,E0007,CAL_004605,5.25,804.285124238717,1810.82885361413,FLAT_START,CONVERGED_FEASIBLE,CONVERGED,PASSED,0.999833327613206,22,1.0498415610695,30,7.99360577730113e-15,1.08801856413265e-13,22,24,0.1295
ATT_T007_000195_1,CALL_T007_000195,1,LOCAL_REENTRY_STENCIL,2010-12-21 12:00:00,E0007,CAL_004605,4.75,804.479074149537,1811.289704384,FLAT_START,CONVERGED_FEASIBLE,CONVERGED,PASSED,0.999833655364992,22,1.04985656205809,30,8.00165192891041e-15,1.0902390101819e-13,22,24,0.1249
ATT_T007_000196_1,CALL_T007_000196,1,ANCHOR_SEARCH,2010-12-21 12:00:00,E0008,CAL_004621,0,591.305083763172,1907.38829033343,FLAT_START,CONVERGED_INFEASIBLE,CONVERGED,PASSED,0.999771975217756,22,1.05000580431992,30,8.49131247093086e-15,1.0857981180834e-13,22,24,0.1388
ATT_T007_000197_1,CALL_T007_000197,1,ANCHOR_SEARCH,2010-12-21 12:00:00,E0008,CAL_004621,0.5,591.107519761779,1906.92897729709,FLAT_START,CONVERGED_FEASIBLE,CONVERGED,PASSED,0.999771644444523,22,1.04999079123694,30,8.48529131775614e-15,1.08801856413265e-13,22,24,0.1316
ATT_T007_000198_1,CALL_T007_000198,1,ANCHOR_SEARCH,2010-12-21 12:00:00,E0008,CAL_004621,1,590.909955760387,1906.46966426075,FLAT_START,CONVERGED_FEASIBLE,CONVERGED,PASSED,0.999771313658644,22,1.04997577764665,30,8.37100982370484e-15,1.08801856413265e-13,22,24,0.1529
ATT_T007_000199_1,CALL_T007_000199,1,ANCHOR_SEARCH,2010-12-21 12:00:00,E0008,CAL_004621,2,590.514827757601,1905.55103818806,FLAT_START,CONVERGED_FEASIBLE,CONVERGED,PASSED,0.999770652048949,22,1.04994574894398,30,8.35272506081954e-15,1.08357767203415e-13,22,24,0.1296
ATT_T007_000200_1,CALL_T007_000200,1,ANCHOR_SEARCH,2010-12-21 12:00:00,E0008,CAL_004621,4,589.724571752031,1903.71378604269,FLAT_START,CONVERGED_FEASIBLE,CONVERGED,PASSED,0.999769328677781,22,1.04988568544904,30,8.32227689157563e-15,1.0857981180834e-13,22,24,0.2251
ATT_T007_000201_1,CALL_T007_000201,1,ANCHOR_SEARCH,2010-12-21 12:00:00,E0008,CAL_004621,8,588.14405974089,1900.03928175196,FLAT_START,CONVERGED_FEASIBLE,CONVERGED,PASSED,0.999766681328112,22,1.04976553409076,30,8.26148100125922e-15,1.07025499573865e-13,22,24,0.1391
ATT_T007_000202_1,CALL_T007_000202,1,ANCHOR_SEARCH,2010-12-21 12:00:00,E0008,CAL_004621,6,588.93431574646,1901.87653389733,FLAT_START,CONVERGED_FEASIBLE,CONVERGED,PASSED,0.99976800510419,22,1.04982561383225,30,8.28578315589752e-15,1.07469588783715e-13,22,24,0.1444
ATT_T007_000203_1,CALL_T007_000203,1,ANCHOR_SEARCH,2010-12-21 12:00:00,E0008,CAL_004621,5,589.329443749246,1902.79515997001,FLAT_START,CONVERGED_FEASIBLE,CONVERGED,PASSED,0.999768666916292,22,1.04985565065605,30,8.30402397931671e-15,1.07469588783715e-13,22,24,0.1316
ATT_T007_000204_1,CALL_T007_000204,1,ANCHOR_SEARCH,2010-12-21 12:00:00,E0008,CAL_004621,5.5,589.131879747853,1902.33584693367,FLAT_START,CONVERGED_FEASIBLE,CONVERGED,PASSED,0.999768336016568,22,1.04984063249802,30,8.29794235770124e-15,1.0769163338864e-13,22,24,0.163
ATT_T007_000205_1,CALL_T007_000205,1,ANCHOR_SEARCH,2010-12-21 12:00:00,E0008,CAL_004621,5.25,589.230661748549,1902.56550345184,FLAT_START,CONVERGED_FEASIBLE,CONVERGED,PASSED,0.999768501468012,22,1.0498481416405,30,8.30402397931671e-15,1.0813572259849e-13,22,24,0.1302
ATT_T007_000206_1,CALL_T007_000206,1,EDGE_CANDIDATE_SCREEN,2010-12-21 12:00:00,E0008,CAL_004612,5.25,708.378813129626,1851.31639079254,FLAT_START,CONVERGED_FEASIBLE,CONVERGED,PASSED,0.999804496081716,22,1.04983987614677,30,8.08595532131319e-15,1.07469588783715e-13,22,24,0.1275
ATT_T007_000207_1,CALL_T007_000207,1,EDGE_CANDIDATE_SCREEN,2010-12-21 12:00:00,E0008,CAL_004613,5.25,694.957446298978,1857.08931410501,FLAT_START,CONVERGED_FEASIBLE,CONVERGED,PASSED,0.999800477668195,22,1.04984169415014,30,8.10405773964872e-15,1.07025499573865e-13,22,24,0.1267
ATT_T007_000208_1,CALL_T007_000208,1,EDGE_CANDIDATE_SCREEN,2010-12-21 12:00:00,E0008,CAL_004614,5.25,681.587046812597,1862.84031486864,FLAT_START,CONVERGED_FEASIBLE,CONVERGED,PASSED,0.999796465438954,22,1.04984328260743,30,8.12217316395818e-15,1.0724754417879e-13,22,24,0.1258
ATT_T007_000209_1,CALL_T007_000209,1,EDGE_CANDIDATE_SCREEN,2010-12-21 12:00:00,E0008,CAL_004615,5.25,668.265299778211,1868.57038878645,FLAT_START,CONVERGED_FEASIBLE,CONVERGED,PASSED,0.999792458776216,22,1.04984464373869,30,8.15239420445738e-15,1.0724754417879e-13,22,24,0.1289
ATT_T007_000210_1,CALL_T007_000210,1,EDGE_CANDIDATE_SCREEN,2010-12-21 12:00:00,E0008,CAL_004616,5.25,654.989921889601,1874.28051797538,FLAT_START,CONVERGED_FEASIBLE,CONVERGED,PASSED,0.99978845706549,22,1.0498457796073,30,8.17659660796951e-15,1.07469588783715e-13,22,24,0.1255
ATT_T007_000211_1,CALL_T007_000211,1,EDGE_CANDIDATE_SCREEN,2010-12-21 12:00:00,E0008,CAL_004617,5.25,641.758659786743,1879.97167167163,FLAT_START,CONVERGED_FEASIBLE,CONVERGED,PASSED,0.9997844596952,22,1.04984669212314,30,8.20082152335986e-15,1.0769163338864e-13,22,24,0.1256
ATT_T007_000212_1,CALL_T007_000212,1,EDGE_CANDIDATE_SCREEN,2010-12-21 12:00:00,E0008,CAL_004618,5.25,628.569288457867,1885.64480691799,FLAT_START,CONVERGED_FEASIBLE,CONVERGED,PASSED,0.999780466056309,22,1.0498473830455,30,8.21900486358482e-15,1.06581410364015e-13,22,24,0.1475
ATT_T007_000213_1,CALL_T007_000213,1,EDGE_CANDIDATE_SCREEN,2010-12-21 12:00:00,E0008,CAL_004619,5.25,615.419609680912,1891.30086923421,FLAT_START,CONVERGED_FEASIBLE,CONVERGED,PASSED,0.99977647554195,22,1.04984785398575,30,8.2432686974341e-15,1.07469588783715e-13,22,24,0.1248
ATT_T007_000214_1,CALL_T007_000214,1,EDGE_CANDIDATE_SCREEN,2010-12-21 12:00:00,E0008,CAL_004620,5.25,602.307450501991,1896.94079327146,FLAT_START,CONVERGED_FEASIBLE,CONVERGED,PASSED,0.999772487547059,22,1.04984810640982,30,8.27362936246039e-15,1.07913677993565e-13,22,24,0.1257
ATT_T007_000215_1,CALL_T007_000215,1,EDGE_CANDIDATE_SCREEN,2010-12-21 12:00:00,E0008,CAL_004622,5.25,576.187116574985,1908.17591459401,FLAT_START,CONVERGED_FEASIBLE,CONVERGED,PASSED,0.999764516702258,22,1.04984796085945,30,8.33445217654992e-15,1.0813572259849e-13,22,24,0.1421
ATT_T007_000216_1,CALL_T007_000216,1,EDGE_CANDIDATE_SCREEN,2010-12-21 12:00:00,E0008,CAL_004623,5.25,563.174709038593,1913.77293252564,FLAT_START,CONVERGED_FEASIBLE,CONVERGED,PASSED,0.999760532647959,22,1.04984756510909,30,8.37100982370484e-15,1.0813572259849e-13,22,24,0.1254
ATT_T007_000217_1,CALL_T007_000217,1,EDGE_CANDIDATE_SCREEN,2010-12-21 12:00:00,E0008,CAL_004624,5.25,550.191352703734,1919.35745468389,FLAT_START,CONVERGED_FEASIBLE,CONVERGED,PASSED,0.999756548703632,22,1.04984695529425,30,8.49733502383433e-15,1.0857981180834e-13,22,24,0.1237
ATT_T007_000218_1,CALL_T007_000218,1,EDGE_CANDIDATE_SCREEN,2010-12-21 12:00:00,E0008,CAL_004625,5.25,537.23497927223,1924.93037070441,FLAT_START,CONVERGED_FEASIBLE,CONVERGED,PASSED,0.999752564267779,22,1.04984613218367,30,8.53349956954922e-15,1.0857981180834e-13,22,24,0.1558
ATT_T007_000219_1,CALL_T007_000219,1,EDGE_CANDIDATE_SCREEN,2010-12-21 12:00:00,E0008,CAL_004626,5.25,524.303537238029,1930.4925630001,FLAT_START,CONVERGED_FEASIBLE,CONVERGED,PASSED,0.999748578738539,22,1.04984509641126,30,8.55763688745815e-15,1.08357767203415e-13,22,24,0.1275
ATT_T007_000220_1,CALL_T007_000220,1,EDGE_CANDIDATE_SCREEN,2010-12-21 12:00:00,E0008,CAL_004627,5.25,511.39499056424,1936.04490733012,FLAT_START,CONVERGED_FEASIBLE,CONVERGED,PASSED,0.999744591513312,22,1.04984384847725,30,8.6059769763593e-15,1.0857981180834e-13,22,24,0.1234
ATT_T007_000221_1,CALL_T007_000221,1,EDGE_CANDIDATE_SCREEN,2010-12-21 12:00:00,E0008,CAL_004628,5.25,498.507317380697,1941.58827336009,FLAT_START,CONVERGED_FEASIBLE,CONVERGED,PASSED,0.999740601988409,22,1.04984238874908,30,8.64228859362733e-15,1.0946799022804e-13,22,24,0.1241
ATT_T007_000222_1,CALL_T007_000222,1,EDGE_CANDIDATE_SCREEN,2010-12-21 12:00:00,E0008,CAL_004629,5.25,485.638508700252,1947.12352521428,FLAT_START,CONVERGED_FEASIBLE,CONVERGED,PASSED,0.999736609558679,22,1.04984071746215,30,8.67864800688193e-15,1.09690034832965e-13,22,24,0.1521
ATT_T007_000223_1,CALL_T007_000223,1,EDGE_CANDIDATE_SCREEN,2010-12-21 12:00:00,E0008,CAL_004630,5.25,472.786567152047,1952.65152202044,FLAT_START,CONVERGED_FEASIBLE,CONVERGED,PASSED,0.999732613617147,22,1.04983883472042,30,8.72112693358851e-15,1.10578213252666e-13,22,24,0.1349
ATT_T007_000224_1,CALL_T007_000224,1,LOCAL_REENTRY_STENCIL,2010-12-21 12:00:00,E0008,CAL_004621,5.5,589.131879747853,1902.33584693367,FLAT_START,CONVERGED_FEASIBLE,CONVERGED,PASSED,0.999768336016568,22,1.04984063249802,30,8.29794235770124e-15,1.0769163338864e-13,22,24,0.1261
ATT_T007_000225_1,CALL_T007_000225,1,LOCAL_REENTRY_STENCIL,2010-12-21 12:00:00,E0008,CAL_004621,5,589.329443749246,1902.79515997001,FLAT_START,CONVERGED_FEASIBLE,CONVERGED,PASSED,0.999768666916292,22,1.04985565065605,30,8.30402397931671e-15,1.07469588783715e-13,22,24,0.1518
ATT_T007_000226_1,CALL_T007_000226,1,ANCHOR_SEARCH,2010-12-21 12:00:00,E0009,CAL_004642,0,321.539766739048,2025.23206940472,FLAT_START,CONVERGED_INFEASIBLE,CONVERGED,PASSED,0.999688662408849,22,1.05000742827358,30,9.48591210636503e-15,1.17017506795491e-13,22,24,0.1324
ATT_T007_000227_1,CALL_T007_000227,1,ANCHOR_SEARCH,2010-12-21 12:00:00,E0009,CAL_004642,0.5,321.337244490206,2024.7749209182,FLAT_START,CONVERGED_FEASIBLE,CONVERGED,PASSED,0.999688327313784,22,1.04999238932274,30,9.59187075388902e-15,1.17017506795491e-13,22,24,0.1304
ATT_T007_000228_1,CALL_T007_000228,1,ANCHOR_SEARCH,2010-12-21 12:00:00,E0009,CAL_004642,1,321.134722241365,2024.31777243169,FLAT_START,CONVERGED_FEASIBLE,CONVERGED,PASSED,0.999687992205762,22,1.04997734986057,30,9.57974555064089e-15,1.17461596005342e-13,22,24,0.1527
ATT_T007_000229_1,CALL_T007_000229,1,ANCHOR_SEARCH,2010-12-21 12:00:00,E0009,CAL_004642,2,320.729677743682,2023.40347545865,FLAT_START,CONVERGED_FEASIBLE,CONVERGED,PASSED,0.999687321950843,22,1.04994726940203,30,9.56156668241778e-15,1.16129328375791e-13,22,24,0.129
ATT_T007_000230_1,CALL_T007_000230,1,ANCHOR_SEARCH,2010-12-21 12:00:00,E0009,CAL_004642,4,319.919588748316,2021.57488151259,FLAT_START,CONVERGED_FEASIBLE,CONVERGED,PASSED,0.999685981285472,22,1.0498871023469,30,9.53129255126306e-15,1.16573417585641e-13,22,24,0.1251
ATT_T007_000231_1,CALL_T007_000231,1,ANCHOR_SEARCH,2010-12-21 12:00:00,E0009,CAL_004642,8,318.299410757583,2017.91769362046,FLAT_START,CONVERGED_FEASIBLE,CONVERGED,PASSED,0.999683299332377,22,1.04976674367428,30,9.35739880126196e-15,1.15241149956091e-13,22,24,0.1285
ATT_T007_000232_1,CALL_T007_000232,1,ANCHOR_SEARCH,2010-12-21 12:00:00,E0009,CAL_004642,6,319.109499752949,2019.74628756652,FLAT_START,CONVERGED_FEASIBLE,CONVERGED,PASSED,0.999684640412673,22,1.04982692710528,30,9.49500351830897e-15,1.15463194561016e-13,22,24,0.1545
ATT_T007_000233_1,CALL_T007_000233,1,ANCHOR_SEARCH,2010-12-21 12:00:00,E0009,CAL_004642,5,319.514544250633,2020.66058453956,FLAT_START,CONVERGED_FEASIBLE,CONVERGED,PASSED,0.999685310875005,22,1.04985701574958,30,9.40629711158248e-15,1.16351372980716e-13,22,24,0.1295
ATT_T007_000234_1,CALL_T007_000234,1,ANCHOR_SEARCH,2010-12-21 12:00:00,E0009,CAL_004642,5.5,319.312022001791,2020.20343605304,FLAT_START,CONVERGED_FEASIBLE,CONVERGED,PASSED,0.999684975650323,22,1.04984197168333,30,9.4001808059971e-15,1.15463194561016e-13,22,24,0.1259
ATT_T007_000235_1,CALL_T007_000235,1,ANCHOR_SEARCH,2010-12-21 12:00:00,E0009,CAL_004642,5.25,319.413283126212,2020.4320102963,FLAT_START,CONVERGED_FEASIBLE,CONVERGED,PASSED,0.999685143264285,22,1.04984949378043,30,9.51314256284398e-15,1.15907283770866e-13,22,24,0.1264
ATT_T007_000236_1,CALL_T007_000236,1,EDGE_CANDIDATE_SCREEN,2010-12-21 12:00:00,E0009,CAL_004632,5.25,447.11007185637,1963.86080512716,FLAT_START,CONVERGED_FEASIBLE,CONVERGED,PASSED,0.999724686042358,22,1.04983897909726,30,8.90876424721696e-15,1.10578213252666e-13,22,24,0.1289
ATT_T007_000237_1,CALL_T007_000237,1,EDGE_CANDIDATE_SCREEN,2010-12-21 12:00:00,E0009,CAL_004633,5.25,434.331762696821,1969.52174896427,FLAT_START,CONVERGED_FEASIBLE,CONVERGED,PASSED,0.999720768661057,22,1.04984100183986,30,8.95090418262362e-15,1.10800257857591e-13,22,24,0.1243
ATT_T007_000238_1,CALL_T007_000238,1,EDGE_CANDIDATE_SCREEN,2010-12-21 12:00:00,E0009,CAL_004634,5.25,421.560562594716,1975.17954340387,FLAT_START,CONVERGED_FEASIBLE,CONVERGED,PASSED,0.999716844730597,22,1.04984280920712,30,8.89166662291324e-15,1.11466391672366e-13,22,24,0.1244
ATT_T007_000239_1,CALL_T007_000239,1,EDGE_CANDIDATE_SCREEN,2010-12-21 12:00:00,E0009,CAL_004635,5.25,408.79452183001,1980.83505219527,FLAT_START,CONVERGED_FEASIBLE,CONVERGED,PASSED,0.999712913640821,22,1.0498444012596,30,9.04142135926268e-15,1.11910480882216e-13,22,24,0.1777
ATT_T007_000240_1,CALL_T007_000240,1,EDGE_CANDIDATE_SCREEN,2010-12-21 12:00:00,E0009,CAL_004636,5.25,396.031693828949,1986.48913769395,FLAT_START,CONVERGED_FEASIBLE,CONVERGED,PASSED,0.999708974777123,22,1.04984577792457,30,9.08981594304276e-15,1.12576614696991e-13,22,24,0.1988
ATT_T007_000241_1,CALL_T007_000241,1,EDGE_CANDIDATE_SCREEN,2010-12-21 12:00:00,E0009,CAL_004637,5.25,383.270133976042,1992.14266138782,FLAT_START,CONVERGED_FEASIBLE,CONVERGED,PASSED,0.999705027520057,22,1.04984693899561,30,9.13222762620535e-15,1.12798659301916e-13,22,24,0.1279
ATT_T007_000242_1,CALL_T007_000242,1,EDGE_CANDIDATE_SCREEN,2010-12-21 12:00:00,E0009,CAL_004638,5.25,370.507898428562,1997.79648442246,FLAT_START,CONVERGED_FEASIBLE,CONVERGED,PASSED,0.999701071244941,22,1.04984788413215,30,9.19292151384487e-15,1.14130926931466e-13,22,24,0.155
ATT_T007_000243_1,CALL_T007_000243,1,EDGE_CANDIDATE_SCREEN,2010-12-21 12:00:00,E0009,CAL_004639,5.25,357.743042932053,2003.45146812588,FLAT_START,CONVERGED_FEASIBLE,CONVERGED,PASSED,0.999697105321452,22,1.04984861285869,30,9.23548010562066e-15,1.13908882326541e-13,22,24,0.1251
ATT_T007_000244_1,CALL_T007_000244,1,EDGE_CANDIDATE_SCREEN,2010-12-21 12:00:00,E0009,CAL_004640,5.25,344.9736216353,2009.10847453343,FLAT_START,CONVERGED_FEASIBLE,CONVERGED,PASSED,0.999693129113222,22,1.049849124564,30,9.40447466891983e-15,1.14797060746241e-13,22,24,0.1372
ATT_T007_000245_1,CALL_T007_000245,1,EDGE_CANDIDATE_SCREEN,2010-12-21 12:00:00,E0009,CAL_004641,5.25,332.19768590323,2014.76836691376,FLAT_START,CONVERGED_FEASIBLE,CONVERGED,PASSED,0.999689141977411,22,1.04984941849997,30,9.44668671562294e-15,1.15241149956091e-13,22,24,0.1538
ATT_T007_000246_1,CALL_T007_000246,1,EDGE_CANDIDATE_SCREEN,2010-12-21 12:00:00,E0009,CAL_004643,5.25,306.618455524188,2026.10027200104,FLAT_START,CONVERGED_FEASIBLE,CONVERGED,PASSED,0.999681132316777,22,1.04984934937964,30,9.56156668241778e-15,1.16795462190566e-13,22,24,0.1279
ATT_T007_000247_1,CALL_T007_000247,1,EDGE_CANDIDATE_SCREEN,2010-12-21 12:00:00,E0009,CAL_004644,5.25,293.811238944101,2031.77402217129,FLAT_START,CONVERGED_FEASIBLE,CONVERGED,PASSED,0.99967710847004,22,1.04984898413072,30,9.6222044827956e-15,1.17461596005342e-13,22,24,0.1272
ATT_T007_000248_1,CALL_T007_000248,1,EDGE_CANDIDATE_SCREEN,2010-12-21 12:00:00,E0009,CAL_004645,5.25,280.989661649027,2037.45413431009,FLAT_START,CONVERGED_FEASIBLE,CONVERGED,PASSED,0.999673071050991,22,1.04984839672377,30,9.67687904114818e-15,1.17461596005342e-13,22,24,0.1336
ATT_T007_000249_1,CALL_T007_000249,1,EDGE_CANDIDATE_SCREEN,2010-12-21 12:00:00,E0009,CAL_004646,5.25,268.151743097424,2043.14148582103,FLAT_START,CONVERGED_FEASIBLE,CONVERGED,PASSED,0.99966901937784,22,1.04984758570388,30,9.73773823831255e-15,1.18127729820117e-13,22,24,0.1551
ATT_T007_000250_1,CALL_T007_000250,1,EDGE_CANDIDATE_SCREEN,2010-12-21 12:00:00,E0009,CAL_004647,5.25,255.295492710883,2048.83695855418,FLAT_START,CONVERGED_FEASIBLE,CONVERGED,PASSED,0.999664952759609,22,1.04984654946886,30,9.79871081665838e-15,1.19237952844742e-13,22,24,0.1265
ATT_T007_000251_1,CALL_T007_000251,1,EDGE_CANDIDATE_SCREEN,2010-12-21 12:00:00,E0009,CAL_004648,5.25,242.418908628742,2054.54143935775,FLAT_START,CONVERGED_FEASIBLE,CONVERGED,PASSED,0.99966087049564,22,1.04984528626681,30,9.96672537354195e-15,1.19682042054592e-13,22,24,0.1276
ATT_T007_000252_1,CALL_T007_000252,1,EDGE_CANDIDATE_SCREEN,2010-12-21 12:00:00,E0009,CAL_004649,5.25,229.51997644789,2060.25582063642,FLAT_START,CONVERGED_FEASIBLE,CONVERGED,PASSED,0.999656771875087,22,1.04984379419342,30,9.9271129885083e-15,1.20348175869367e-13,22,24,0.1645
ATT_T007_000253_1,CALL_T007_000253,1,EDGE_CANDIDATE_SCREEN,2010-12-21 12:00:00,E0009,CAL_004650,5.25,216.596667946059,2065.98100091692,FLAT_START,CONVERGED_FEASIBLE,CONVERGED,PASSED,0.999652656176393,22,1.04984207118915,30,1.00939920524108e-14,1.21458398893992e-13,22,24,0.1286
ATT_T007_000254_1,CALL_T007_000254,1,LOCAL_REENTRY_STENCIL,2010-12-21 12:00:00,E0009,CAL_004642,5.5,319.312022001791,2020.20343605304,FLAT_START,CONVERGED_FEASIBLE,CONVERGED,PASSED,0.999684975650323,22,1.04984197168333,30,9.4001808059971e-15,1.15463194561016e-13,22,24,0.128
ATT_T007_000255_1,CALL_T007_000255,1,LOCAL_REENTRY_STENCIL,2010-12-21 12:00:00,E0009,CAL_004642,5,319.514544250633,2020.66058453956,FLAT_START,CONVERGED_FEASIBLE,CONVERGED,PASSED,0.999685310875005,22,1.04985701574958,30,9.40629711158248e-15,1.16351372980716e-13,22,24,0.1254
ATT_T007_000256_1,CALL_T007_000256,1,ANCHOR_SEARCH,2010-12-21 12:00:00,E0010,CAL_004659,0,101.057152932996,2124.09013360409,FLAT_START,CONVERGED_INFEASIBLE,CONVERGED,PASSED,0.999618880753581,22,1.05000639787198,30,1.11044851577791e-14,1.31672450720544e-13,22,24,0.1316
ATT_T007_000257_1,CALL_T007_000257,1,ANCHOR_SEARCH,2010-12-21 12:00:00,E0010,CAL_004659,0.5,100.850345555988,2123.63490760657,FLAT_START,CONVERGED_FEASIBLE,CONVERGED,PASSED,0.999618541821124,22,1.04999133355737,30,1.09873610907739e-14,1.31228361510694e-13,22,24,0.1303
ATT_T007_000258_1,CALL_T007_000258,1,ANCHOR_SEARCH,2010-12-21 12:00:00,E0010,CAL_004659,1,100.643538178981,2123.17968160906,FLAT_START,CONVERGED_FEASIBLE,CONVERGED,PASSED,0.999618202875413,22,1.04997626872724,30,1.10862267299242e-14,1.30784272300843e-13,22,24,0.1278
ATT_T007_000259_1,CALL_T007_000259,1,ANCHOR_SEARCH,2010-12-21 12:00:00,E0010,CAL_004659,2,100.229923424965,2122.26922961402,FLAT_START,CONVERGED_FEASIBLE,CONVERGED,PASSED,0.999617524944226,22,1.04994613752022,30,1.10558161096538e-14,1.30118138486068e-13,22,24,0.149
ATT_T007_000260_1,CALL_T007_000260,1,ANCHOR_SEARCH,2010-12-21 12:00:00,E0010,CAL_004659,4,99.4026939169342,2120.44832562396,FLAT_START,CONVERGED_FEASIBLE,CONVERGED,PASSED,0.99961616892276,22,1.04988586891783,30,1.10193567746362e-14,1.29674049276218e-13,22,24,0.1285
ATT_T007_000261_1,CALL_T007_000261,1,ANCHOR_SEARCH,2010-12-21 12:00:00,E0010,CAL_004659,8,97.7482349008724,2116.80651764382,FLAT_START,CONVERGED_FEASIBLE,CONVERGED,PASSED,0.999613456243217,22,1.04976530694939,30,1.09526104752392e-14,1.29452004671293e-13,22,24,0.1274
ATT_T007_000262_1,CALL_T007_000262,1,ANCHOR_SEARCH,2010-12-21 12:00:00,E0010,CAL_004659,6,98.5754644089033,2118.62742163389,FLAT_START,CONVERGED_FEASIBLE,CONVERGED,PASSED,0.999614812689113,22,1.04982559206187,30,1.09890020828673e-14,1.29452004671293e-13,22,24,0.1297
ATT_T007_000263_1,CALL_T007_000263,1,ANCHOR_SEARCH,2010-12-21 12:00:00,E0010,CAL_004659,5,98.9890791629188,2119.53787362892,FLAT_START,CONVERGED_FEASIBLE,CONVERGED,PASSED,0.999615490832463,22,1.04985573152173,30,1.10011408802703e-14,1.29896093881143e-13,22,24,0.1276
ATT_T007_000264_1,CALL_T007_000264,1,ANCHOR_SEARCH,2010-12-21 12:00:00,E0010,CAL_004659,5.5,98.782271785911,2119.08264763141,FLAT_START,CONVERGED_FEASIBLE,CONVERGED,PASSED,0.99961515176742,22,1.04984066204979,30,1.09950709672179e-14,1.29896093881143e-13,22,24,0.1285
ATT_T007_000265_1,CALL_T007_000265,1,ANCHOR_SEARCH,2010-12-21 12:00:00,E0010,CAL_004659,5.25,98.8856754744149,2119.31026063016,FLAT_START,CONVERGED_FEASIBLE,CONVERGED,PASSED,0.999615321301599,22,1.04984819685026,30,1.09950709672179e-14,1.29452004671293e-13,22,24,0.1267
ATT_T007_000266_1,CALL_T007_000266,1,EDGE_CANDIDATE_SCREEN,2010-12-21 12:00:00,E0010,CAL_004652,5.25,190.639973639638,2077.6266445005,FLAT_START,CONVERGED_FEASIBLE,CONVERGED,PASSED,0.99964443420669,22,1.04984194307211,30,1.03538435148236e-14,1.23678844943242e-13,22,24,0.147
ATT_T007_000267_1,CALL_T007_000267,1,EDGE_CANDIDATE_SCREEN,2010-12-21 12:00:00,E0010,CAL_004653,5.25,177.645825530269,2083.52983478754,FLAT_START,CONVERGED_FEASIBLE,CONVERGED,PASSED,0.999640340369459,22,1.04984354235747,30,1.04142603620335e-14,1.23678844943242e-13,22,24,0.1263
ATT_T007_000268_1,CALL_T007_000268,1,EDGE_CANDIDATE_SCREEN,2010-12-21 12:00:00,E0010,CAL_004654,5.25,164.617394898998,2089.4485994892,FLAT_START,CONVERGED_FEASIBLE,CONVERGED,PASSED,0.99963622613805,22,1.04984491050416,30,1.04990303077013e-14,1.25011112572793e-13,22,24,0.1261
ATT_T007_000269_1,CALL_T007_000269,1,EDGE_CANDIDATE_SCREEN,2010-12-21 12:00:00,E0010,CAL_004655,5.25,151.552553428004,2095.38390549188,FLAT_START,CONVERGED_FEASIBLE,CONVERGED,PASSED,0.999632090734015,22,1.04984604519358,30,1.05718597409216e-14,1.25677246387568e-13,22,24,0.1248
ATT_T007_000270_1,CALL_T007_000270,1,EDGE_CANDIDATE_SCREEN,2010-12-21 12:00:00,E0010,CAL_004656,5.25,138.44914976197,2101.33673014782,FLAT_START,CONVERGED_FEASIBLE,CONVERGED,PASSED,0.999627933364415,22,1.04984694393392,30,1.06448422279058e-14,1.27009514017118e-13,22,24,0.1403
ATT_T007_000271_1,CALL_T007_000271,1,EDGE_CANDIDATE_SCREEN,2010-12-21 12:00:00,E0010,CAL_004657,5.25,125.30500804301,2107.3080619407,FLAT_START,CONVERGED_FEASIBLE,CONVERGED,PASSED,0.999623753221169,22,1.04984760405581,30,1.07301777388511e-14,1.27897692436818e-13,22,24,0.1265
ATT_T007_000272_1,CALL_T007_000272,1,EDGE_CANDIDATE_SCREEN,2010-12-21 12:00:00,E0010,CAL_004658,5.25,112.117926412058,2113.2989011664,FLAT_START,CONVERGED_FEASIBLE,CONVERGED,PASSED,0.999619549480373,22,1.04984802270759,30,1.08157124902209e-14,1.29452004671293e-13,22,24,0.1246
ATT_T007_000273_1,CALL_T007_000273,1,EDGE_CANDIDATE_SCREEN,2010-12-21 12:00:00,E0010,CAL_004660,5.25,85.60599672713,2125.34316636097,FLAT_START,CONVERGED_FEASIBLE,CONVERGED,PASSED,0.999611067827171,22,1.04984812325211,30,1.10923118712079e-14,1.30784272300843e-13,22,24,0.1463
ATT_T007_000274_1,CALL_T007_000274,1,EDGE_CANDIDATE_SCREEN,2010-12-21 12:00:00,E0010,CAL_004661,5.25,72.2766009457745,2131.39865834446,FLAT_START,CONVERGED_FEASIBLE,CONVERGED,PASSED,0.999606788181403,22,1.04984779848308,30,1.1279118147387e-14,1.31672450720544e-13,22,24,0.129
ATT_T007_000275_1,CALL_T007_000275,1,EDGE_CANDIDATE_SCREEN,2010-12-21 12:00:00,E0010,CAL_004662,5.25,58.8951665280496,2137.47779127541,FLAT_START,CONVERGED_FEASIBLE,CONVERGED,PASSED,0.999602481469821,22,1.04984721890865,30,1.1369838727622e-14,1.32782673745169e-13,22,24,0.1265
ATT_T007_000276_1,CALL_T007_000276,1,EDGE_CANDIDATE_SCREEN,2010-12-21 12:00:00,E0010,CAL_004663,5.25,45.4593377916002,2143.58163533104,FLAT_START,CONVERGED_FEASIBLE,CONVERGED,PASSED,0.999598146778352,22,1.04984638068345,30,1.14607864439324e-14,1.33892896769794e-13,22,24,0.126
ATT_T007_000277_1,CALL_T007_000277,1,EDGE_CANDIDATE_SCREEN,2010-12-21 12:00:00,E0010,CAL_004664,5.25,31.9667232232653,2149.71127696635,FLAT_START,CONVERGED_FEASIBLE,CONVERGED,PASSED,0.99959378317247,22,1.04984527974443,30,1.15519559316417e-14,1.35225164399344e-13,22,24,0.1233
ATT_T007_000278_1,CALL_T007_000278,1,EDGE_CANDIDATE_SCREEN,2010-12-21 12:00:00,E0010,CAL_004665,5.25,18.4148936768844,2155.86781973286,FLAT_START,CONVERGED_FEASIBLE,CONVERGED,PASSED,0.999589389696323,22,1.04984391180363,30,1.17568699962478e-14,1.36557432028894e-13,22,24,0.123
ATT_T007_000279_1,CALL_T007_000279,1,EDGE_CANDIDATE_SCREEN,2010-12-21 12:00:00,E0010,CAL_004666,5.25,4.80138051664951,2162.05238512211,FLAT_START,CONVERGED_FEASIBLE,CONVERGED,PASSED,0.99958496537182,22,1.04984227234054,30,1.18537106485121e-14,1.37445610448594e-13,22,24,0.1254
ATT_T007_000280_1,CALL_T007_000280,1,LOCAL_REENTRY_STENCIL,2010-12-21 12:00:00,E0010,CAL_004659,5.5,98.782271785911,2119.08264763141,FLAT_START,CONVERGED_FEASIBLE,CONVERGED,PASSED,0.99961515176742,22,1.04984066204979,30,1.09950709672179e-14,1.29896093881143e-13,22,24,0.1605
ATT_T007_000281_1,CALL_T007_000281,1,LOCAL_REENTRY_STENCIL,2010-12-21 12:00:00,E0010,CAL_004659,5,98.9890791629188,2119.53787362892,FLAT_START,CONVERGED_FEASIBLE,CONVERGED,PASSED,0.999615490832463,22,1.04985573152173,30,1.10011408802703e-14,1.29896093881143e-13,22,24,0.1268
ATT_T007_000282_1,CALL_T007_000282,1,ANCHOR_SEARCH,2010-12-21 12:00:00,E0011,CAL_004668,0,-6.70439477485824,2173.06462523419,FLAT_START,CONVERGED_FEASIBLE,CONVERGED,PASSED,0.999584091640247,22,1.04999922094373,30,1.20603086289276e-14,1.4077627952247e-13,22,24,0.1317
ATT_T007_000283_1,CALL_T007_000283,1,ANCHOR_SEARCH,2010-12-21 12:00:00,E0011,CAL_004668,0.5,-6.91226113690539,2172.60988181694,FLAT_START,CONVERGED_FEASIBLE,CONVERGED,PASSED,0.999583751080077,22,1.04998414254653,30,1.20542168521425e-14,1.4077627952247e-13,22,24,0.1557
ATT_T007_000284_1,CALL_T007_000284,1,ANCHOR_SEARCH,2010-12-21 12:00:00,E0011,CAL_004668,1,-7.12012749895253,2172.1551383997,FLAT_START,CONVERGED_FEASIBLE,CONVERGED,PASSED,0.999583410506519,22,1.04996906363171,30,1.20420360485656e-14,1.40554234917545e-13,22,24,0.1295
ATT_T007_000285_1,CALL_T007_000285,1,ANCHOR_SEARCH,2010-12-21 12:00:00,E0011,CAL_004668,2,-7.53586022304683,2171.2456515652,FLAT_START,CONVERGED_FEASIBLE,CONVERGED,PASSED,0.999582729319236,22,1.049938904249,30,1.20298589209274e-14,1.4033219031262e-13,22,24,0.1252
ATT_T007_000286_1,CALL_T007_000286,1,ANCHOR_SEARCH,2010-12-21 12:00:00,E0011,CAL_004668,4,-8.36732567123542,2169.42667789622,FLAT_START,CONVERGED_FEASIBLE,CONVERGED,PASSED,0.999581366783973,22,1.04987857927001,30,1.19751076368907e-14,1.39221967287995e-13,22,24,0.1258
ATT_T007_000287_1,CALL_T007_000287,1,ANCHOR_SEARCH,2010-12-21 12:00:00,E0011,CAL_004668,8,-10.0302565676126,2165.78873055824,FLAT_START,CONVERGED_FEASIBLE,CONVERGED,PASSED,0.999578641070415,22,1.04975790444741,30,1.19022238517585e-14,1.38333788868295e-13,22,24,0.1265
ATT_T007_000288_1,CALL_T007_000288,1,ANCHOR_SEARCH,2010-12-21 12:00:00,E0011,CAL_004668,6,-9.198791119424,2167.60770422723,FLAT_START,CONVERGED_FEASIBLE,CONVERGED,PASSED,0.999580004034389,22,1.04981824600381,30,1.18389995762718e-14,1.38777878078145e-13,22,24,0.1273
ATT_T007_000289_1,CALL_T007_000289,1,ANCHOR_SEARCH,2010-12-21 12:00:00,E0011,CAL_004668,5,-8.78305839532971,2168.51719106172,FLAT_START,CONVERGED_FEASIBLE,CONVERGED,PASSED,0.999580685435976,22,1.049848413673,30,1.195687397851e-14,1.38777878078145e-13,22,24,0.1286
ATT_T007_000290_1,CALL_T007_000290,1,ANCHOR_SEARCH,2010-12-21 12:00:00,E0011,CAL_004668,4.5,-8.57519203328256,2168.97193447897,FLAT_START,CONVERGED_FEASIBLE,CONVERGED,PASSED,0.999581026116672,22,1.0498634967305,30,1.18635221002946e-14,1.39221967287995e-13,22,24,0.1253
ATT_T007_000291_1,CALL_T007_000291,1,ANCHOR_SEARCH,2010-12-21 12:00:00,E0011,CAL_004668,4.75,-8.67912521430614,2168.74456277035,FLAT_START,CONVERGED_FEASIBLE,CONVERGED,PASSED,0.999580855777999,22,1.0498559552665,30,1.18635221002946e-14,1.3944401189292e-13,22,24,0.1676
ATT_T007_000292_1,CALL_T007_000292,1,EDGE_CANDIDATE_SCREEN,2010-12-21 12:00:00,E0011,CAL_004669,5,-22.5269250151734,2174.79960757701,FLAT_START,CONVERGED_FEASIBLE,CONVERGED,PASSED,0.999576215850091,22,1.04984727608547,30,1.20664013205259e-14,1.40110145707695e-13,22,24,0.1955
ATT_T007_000293_1,CALL_T007_000293,1,EDGE_CANDIDATE_SCREEN,2010-12-21 12:00:00,E0011,CAL_004670,5,-36.3405998928704,2181.11393392991,FLAT_START,CONVERGED_FEASIBLE,CONVERGED,PASSED,0.999571712285936,22,1.04984585694417,30,1.21701157119871e-14,1.4210854715202e-13,22,24,0.1279
ATT_T007_000294_1,CALL_T007_000294,1,EDGE_CANDIDATE_SCREEN,2010-12-21 12:00:00,E0011,CAL_004671,5,-50.2267365515022,2187.46138306418,FLAT_START,CONVERGED_FEASIBLE,CONVERGED,PASSED,0.999567173666826,22,1.04984415088475,30,1.238614913825e-14,1.43662859386495e-13,22,24,0.1244
ATT_T007_000295_1,CALL_T007_000295,1,LOCAL_REENTRY_STENCIL,2010-12-21 12:00:00,E0011,CAL_004668,5.25,-8.88699157635328,2168.2898193531,FLAT_START,CONVERGED_FEASIBLE,CONVERGED,PASSED,0.999580515090603,22,1.04984087194998,30,1.195687397851e-14,1.3899992268307e-13,22,24,0.125
ATT_T007_000296_1,CALL_T007_000296,1,LOCAL_REENTRY_STENCIL,2010-12-21 12:00:00,E0011,CAL_004668,4.75,-8.67912521430614,2168.74456277035,FLAT_START,CONVERGED_FEASIBLE,CONVERGED,PASSED,0.999580855777999,22,1.0498559552665,30,1.18635221002946e-14,1.3944401189292e-13,22,24,0.1251
ATT_T007_000297_1,CALL_T007_000297,1,ANCHOR_SEARCH,2010-12-21 12:00:00,E0012,CAL_004683,0,-221.633314855746,2273.59089135504,FLAT_START,CONVERGED_INFEASIBLE,CONVERGED,PASSED,0.999514055362193,22,1.05001234025156,30,1.45415444598923e-14,1.66089364483923e-13,22,24,0.1552
ATT_T007_000298_1,CALL_T007_000298,1,ANCHOR_SEARCH,2010-12-21 12:00:00,E0012,CAL_004683,0.5,-221.84651547916,2273.13862429436,FLAT_START,CONVERGED_FEASIBLE,CONVERGED,PASSED,0.999513710354516,22,1.04999723130302,30,1.45354325733157e-14,1.65867319878998e-13,22,24,0.1294
ATT_T007_000299_1,CALL_T007_000299,1,ANCHOR_SEARCH,2010-12-21 12:00:00,E0012,CAL_004683,1,-222.059716102574,2272.68635723368,FLAT_START,CONVERGED_FEASIBLE,CONVERGED,PASSED,0.999513365333077,22,1.04998212183119,30,1.4523211029647e-14,1.65423230669148e-13,22,24,0.1252
ATT_T007_000300_1,CALL_T007_000300,1,ANCHOR_SEARCH,2010-12-21 12:00:00,E0012,CAL_004683,2,-222.486117349402,2271.78182311232,FLAT_START,CONVERGED_FEASIBLE,CONVERGED,PASSED,0.999512675248915,22,1.04995190131744,30,1.44926702196662e-14,1.64979141459298e-13,22,24,0.1255
ATT_T007_000301_1,CALL_T007_000301,1,ANCHOR_SEARCH,2010-12-21 12:00:00,E0012,CAL_004683,4,-223.338919843059,2269.9727548696,FLAT_START,CONVERGED_FEASIBLE,CONVERGED,PASSED,0.999511294915412,22,1.04989145400831,30,1.44499445890618e-14,1.64313007644523e-13,22,24,0.1242
ATT_T007_000302_1,CALL_T007_000302,1,ANCHOR_SEARCH,2010-12-21 12:00:00,E0012,CAL_004683,8,-225.044524830372,2266.35461838417,FLAT_START,CONVERGED_FEASIBLE,CONVERGED,PASSED,0.99950853358744,22,1.04977053425281,30,1.43585148496202e-14,1.62758695410048e-13,22,24,0.1255
ATT_T007_000303_1,CALL_T007_000303,1,ANCHOR_SEARCH,2010-12-21 12:00:00,E0012,CAL_004683,6,-224.191722336715,2268.16368662688,FLAT_START,CONVERGED_FEASIBLE,CONVERGED,PASSED,0.999509914361611,22,1.04983099832111,30,1.44133520960759e-14,1.63868918434673e-13,22,24,0.1253
ATT_T007_000304_1,CALL_T007_000304,1,ANCHOR_SEARCH,2010-12-21 12:00:00,E0012,CAL_004683,5,-223.765321089887,2269.06822074824,FLAT_START,CONVERGED_FEASIBLE,CONVERGED,PASSED,0.999510604666053,22,1.04986122721216,30,1.44316449271027e-14,1.64090963039598e-13,22,24,0.1507
ATT_T007_000305_1,CALL_T007_000305,1,ANCHOR_SEARCH,2010-12-21 12:00:00,E0012,CAL_004683,5.5,-223.978521713301,2268.61595368756,FLAT_START,CONVERGED_FEASIBLE,CONVERGED,PASSED,0.999510259520718,22,1.04984611302852,30,1.43147817203049e-14,1.64313007644523e-13,22,24,0.1304
ATT_T007_000306_1,CALL_T007_000306,1,ANCHOR_SEARCH,2010-12-21 12:00:00,E0012,CAL_004683,5.25,-223.871921401594,2268.8420872179,FLAT_START,CONVERGED_FEASIBLE,CONVERGED,PASSED,0.999510432095107,22,1.04985367018581,30,1.44194489458207e-14,1.63868918434673e-13,22,24,0.1268
ATT_T007_000307_1,CALL_T007_000307,1,EDGE_CANDIDATE_SCREEN,2010-12-21 12:00:00,E0012,CAL_004673,5.5,-78.4950308592638,2200.03441493935,FLAT_START,CONVERGED_FEASIBLE,CONVERGED,PASSED,0.99955772552138,22,1.04983026101506,30,1.2617527152137e-14,1.45883305435746e-13,22,24,0.1296
ATT_T007_000308_1,CALL_T007_000308,1,EDGE_CANDIDATE_SCREEN,2010-12-21 12:00:00,E0012,CAL_004674,5.5,-92.6186917031719,2206.69236896387,FLAT_START,CONVERGED_FEASIBLE,CONVERGED,PASSED,0.999553173884977,22,1.04983318407768,30,1.27336870728054e-14,1.47881706880071e-13,22,24,0.126
ATT_T007_000309_1,CALL_T007_000309,1,EDGE_CANDIDATE_SCREEN,2010-12-21 12:00:00,E0012,CAL_004675,5.5,-106.828476981701,2213.39092241459,FLAT_START,CONVERGED_FEASIBLE,CONVERGED,PASSED,0.999548582366706,22,1.04983582711066,30,1.28501495920026e-14,1.49213974509621e-13,22,24,0.1276
ATT_T007_000310_1,CALL_T007_000310,1,EDGE_CANDIDATE_SCREEN,2010-12-21 12:00:00,E0012,CAL_004676,5.5,-121.127361318768,2220.13147754192,FLAT_START,CONVERGED_FEASIBLE,CONVERGED,PASSED,0.999543949739103,22,1.04983818422592,30,1.32023375026224e-14,1.50324197534246e-13,22,24,0.1231
ATT_T007_000311_1,CALL_T007_000311,1,EDGE_CANDIDATE_SCREEN,2010-12-21 12:00:00,E0012,CAL_004677,5.5,-135.518384077132,2226.91546711445,FLAT_START,CONVERGED_FEASIBLE,CONVERGED,PASSED,0.999539274740114,22,1.04984024921592,30,1.33236610760789e-14,1.52322598978571e-13,22,24,0.1562
ATT_T007_000312_1,CALL_T007_000312,1,EDGE_CANDIDATE_SCREEN,2010-12-21 12:00:00,E0012,CAL_004678,5.5,-150.004652170965,2233.74435574479,FLAT_START,CONVERGED_FEASIBLE,CONVERGED,PASSED,0.9995345560716,22,1.04984201554004,30,1.34757893060572e-14,1.54987134237672e-13,22,24,0.1291
ATT_T007_000313_1,CALL_T007_000313,1,EDGE_CANDIDATE_SCREEN,2010-12-21 12:00:00,E0012,CAL_004679,5.5,-164.589342989424,2240.61964126774,FLAT_START,CONVERGED_FEASIBLE,CONVERGED,PASSED,0.999529792397763,22,1.04984347631002,30,1.36100845444549e-14,1.55875312657372e-13,22,24,0.1268
ATT_T007_000314_1,CALL_T007_000314,1,EDGE_CANDIDATE_SCREEN,2010-12-21 12:00:00,E0012,CAL_004680,5.5,-179.275707437371,2247.54285617373,FLAT_START,CONVERGED_FEASIBLE,CONVERGED,PASSED,0.9995249823435,22,1.0498446242746,30,1.38562622775485e-14,1.58539847916472e-13,22,24,0.1247
ATT_T007_000315_1,CALL_T007_000315,1,EDGE_CANDIDATE_SCREEN,2010-12-21 12:00:00,E0012,CAL_004681,5.5,-194.067073099681,2254.5155691005,FLAT_START,CONVERGED_FEASIBLE,CONVERGED,PASSED,0.999520124492679,22,1.0498454518032,30,1.4008621492687e-14,1.59872115546023e-13,22,24,0.1367
ATT_T007_000316_1,CALL_T007_000316,1,EDGE_CANDIDATE_SCREEN,2010-12-21 12:00:00,E0012,CAL_004682,5.5,-208.966847536018,2261.5393863862,FLAT_START,CONVERGED_FEASIBLE,CONVERGED,PASSED,0.999515217386324,22,1.04984595086858,30,1.41553435639707e-14,1.61870516990348e-13,22,24,0.1275
ATT_T007_000317_1,CALL_T007_000317,1,EDGE_CANDIDATE_SCREEN,2010-12-21 12:00:00,E0012,CAL_004684,5.5,-239.105673583543,2275.74695766642,FLAT_START,CONVERGED_FEASIBLE,CONVERGED,PASSED,0.999505249345407,22,1.04984592940627,30,1.46783062874734e-14,1.65867319878998e-13,22,24,0.126
ATT_T007_000318_1,CALL_T007_000318,1,EDGE_CANDIDATE_SCREEN,2010-12-21 12:00:00,E0012,CAL_004685,5.5,-254.351971815198,2282.93412774876,FLAT_START,CONVERGED_FEASIBLE,CONVERGED,PASSED,0.999500185261103,22,1.04984539066988,30,1.48486120076483e-14,1.68087765928249e-13,22,24,0.1475
ATT_T007_000319_1,CALL_T007_000319,1,EDGE_CANDIDATE_SCREEN,2010-12-21 12:00:00,E0012,CAL_004686,5.5,-269.72117968663,2290.17923796008,FLAT_START,CONVERGED_FEASIBLE,CONVERGED,PASSED,0.999495065617479,22,1.04984448701022,30,1.50194999281698e-14,1.70530256582424e-13,22,24,0.129
ATT_T007_000320_1,CALL_T007_000320,1,EDGE_CANDIDATE_SCREEN,2010-12-21 12:00:00,E0012,CAL_004687,5.5,-285.217159150859,2297.4841088415,FLAT_START,CONVERGED_FEASIBLE,CONVERGED,PASSED,0.999489888710855,22,1.04984320811763,30,1.52899782844292e-14,1.72528658026749e-13,22,24,0.1254
ATT_T007_000321_1,CALL_T007_000321,1,EDGE_CANDIDATE_SCREEN,2010-12-21 12:00:00,E0012,CAL_004688,5.5,-300.843875081281,2304.85060945128,FLAT_START,CONVERGED_FEASIBLE,CONVERGED,PASSED,0.999484652781758,22,1.04984154315715,30,1.54730052714634e-14,1.7519319328585e-13,22,24,0.126
ATT_T007_000322_1,CALL_T007_000322,1,EDGE_CANDIDATE_SCREEN,2010-12-21 12:00:00,E0012,CAL_004689,5.5,-316.605399708697,2312.28065945641,FLAT_START,CONVERGED_FEASIBLE,CONVERGED,PASSED,0.999322703033778,18,1.0498394807421,30,1.56689258787752e-14,1.78079773149875e-13,22,24,0.1245
ATT_T007_000323_1,CALL_T007_000323,1,EDGE_CANDIDATE_SCREEN,2010-12-21 12:00:00,E0012,CAL_004690,5.5,-332.505917260574,2319.77623131958,FLAT_START,CONVERGED_FEASIBLE,CONVERGED,PASSED,0.998685564193576,18,1.0498370089061,30,1.5963185952811e-14,1.8052226380405e-13,22,24,0.1253
ATT_T007_000324_1,CALL_T007_000324,1,EDGE_CANDIDATE_SCREEN,2010-12-21 12:00:00,E0012,CAL_004691,5.5,-348.549728814229,2327.33935258699,FLAT_START,CONVERGED_FEASIBLE,CONVERGED,PASSED,0.998041463595081,18,1.04983411507325,30,1.61591703241917e-14,1.82742709853301e-13,22,24,0.1385
ATT_T007_000325_1,CALL_T007_000325,1,LOCAL_REENTRY_STENCIL,2010-12-21 12:00:00,E0012,CAL_004683,5.75,-224.085122025008,2268.38982015722,FLAT_START,CONVERGED_FEASIBLE,CONVERGED,PASSED,0.999510086942886,22,1.04983855574029,30,1.44072560082161e-14,1.63646873829748e-13,22,24,0.1516
ATT_T007_000326_1,CALL_T007_000326,1,LOCAL_REENTRY_STENCIL,2010-12-21 12:00:00,E0012,CAL_004683,5.25,-223.871921401594,2268.8420872179,FLAT_START,CONVERGED_FEASIBLE,CONVERGED,PASSED,0.999510432095107,22,1.04985367018581,30,1.44194489458207e-14,1.63868918434673e-13,22,24,0.1323
ATT_T007_000327_1,CALL_T007_000327,1,ANCHOR_SEARCH,2010-12-21 12:00:00,E0013,CAL_004697,0,-445.908513933655,2380.36441673278,FLAT_START,CONVERGED_INFEASIBLE,CONVERGED,PASSED,0.994190559746007,18,1.05000229103886,30,6.44112147255814e-15,2.22044604925031e-13,22,25,0.1351
ATT_T007_000328_1,CALL_T007_000328,1,ANCHOR_SEARCH,2010-12-21 12:00:00,E0013,CAL_004697,0.5,-446.126329830268,2379.91435425358,FLAT_START,CONVERGED_FEASIBLE,CONVERGED,PASSED,0.994175170485976,18,1.04998714437004,30,6.33076631559706e-15,2.22266649529956e-13,22,25,0.1323
ATT_T007_000329_1,CALL_T007_000329,1,ANCHOR_SEARCH,2010-12-21 12:00:00,E0013,CAL_004697,1,-446.34414572688,2379.46429177438,FLAT_START,CONVERGED_FEASIBLE,CONVERGED,PASSED,0.994159780642225,18,1.04997199717107,30,6.43504505969141e-15,2.22044604925031e-13,22,25,0.1332
ATT_T007_000330_1,CALL_T007_000330,1,ANCHOR_SEARCH,2010-12-21 12:00:00,E0013,CAL_004697,2,-446.779777520105,2378.56416681598,FLAT_START,CONVERGED_FEASIBLE,CONVERGED,PASSED,0.994128999203338,18,1.04994170118247,30,6.31841825334542e-15,2.21156426505331e-13,22,25,0.1327
ATT_T007_000331_1,CALL_T007_000331,1,ANCHOR_SEARCH,2010-12-21 12:00:00,E0013,CAL_004697,4,-447.651041106556,2376.76391689919,FLAT_START,CONVERGED_FEASIBLE,CONVERGED,PASSED,0.994067429318407,18,1.04988110284122,30,6.40468928580954e-15,2.20712337295481e-13,22,25,0.1327
ATT_T007_000332_1,CALL_T007_000332,1,ANCHOR_SEARCH,2010-12-21 12:00:00,E0013,CAL_004697,8,-449.393568279457,2373.16341706559,FLAT_START,CONVERGED_FEASIBLE,CONVERGED,PASSED,0.99394426150702,18,1.04975988069168,30,6.26908999856743e-15,2.19380069665931e-13,22,25,0.1545
ATT_T007_000333_1,CALL_T007_000333,1,ANCHOR_SEARCH,2010-12-21 12:00:00,E0013,CAL_004697,6,-448.522304693006,2374.96366698239,FLAT_START,CONVERGED_FEASIBLE,CONVERGED,PASSED,0.99400585008753,18,1.04982049601201,30,6.28141238772558e-15,2.20490292690556e-13,22,25,0.1305
ATT_T007_000334_1,CALL_T007_000334,1,ANCHOR_SEARCH,2010-12-21 12:00:00,E0013,CAL_004697,5,-448.086672899781,2375.86379194079,FLAT_START,CONVERGED_FEASIBLE,CONVERGED,PASSED,0.994036640871442,18,1.04985080048781,30,6.2937412518466e-15,2.20712337295481e-13,22,25,0.1325
ATT_T007_000335_1,CALL_T007_000335,1,ANCHOR_SEARCH,2010-12-21 12:00:00,E0013,CAL_004697,5.5,-448.304488796394,2375.41372946159,FLAT_START,CONVERGED_FEASIBLE,CONVERGED,PASSED,0.994021245771633,18,1.04983564851523,30,6.28757601279582e-15,2.20268248085631e-13,22,25,0.1412
ATT_T007_000336_1,CALL_T007_000336,1,ANCHOR_SEARCH,2010-12-21 12:00:00,E0013,CAL_004697,5.25,-448.195580848087,2375.63876070119,FLAT_START,CONVERGED_FEASIBLE,CONVERGED,PASSED,0.994028943394571,18,1.04984322456785,30,6.39255933834375e-15,2.20490292690556e-13,22,25,0.1365
ATT_T007_000337_1,CALL_T007_000337,1,EDGE_CANDIDATE_SCREEN,2010-12-21 12:00:00,E0013,CAL_004693,5.25,-381.055235049079,2343.14497307172,FLAT_START,CONVERGED_FEASIBLE,CONVERGED,PASSED,0.996738399883762,18,1.04984018202968,30,1.68152293505415e-14,1.89404048001052e-13,22,24,0.1338
ATT_T007_000338_1,CALL_T007_000338,1,EDGE_CANDIDATE_SCREEN,2010-12-21 12:00:00,E0013,CAL_004694,5.25,-397.587546461098,2351.14608491667,FLAT_START,CONVERGED_FEASIBLE,CONVERGED,PASSED,0.996073267811515,18,1.04984159846834,30,1.70415405979128e-14,1.92290627865077e-13,22,24,0.1647
ATT_T007_000339_1,CALL_T007_000339,1,EDGE_CANDIDATE_SCREEN,2010-12-21 12:00:00,E0013,CAL_004695,5.25,-414.284969965572,2359.2271057523,FLAT_START,CONVERGED_FEASIBLE,CONVERGED,PASSED,0.995400150177687,18,1.04984258769759,30,1.72810056545541e-14,1.96287430753728e-13,22,24,0.135
ATT_T007_000340_1,CALL_T007_000340,1,EDGE_CANDIDATE_SCREEN,2010-12-21 12:00:00,E0013,CAL_004696,5.25,-431.152573407187,2367.39048825395,FLAT_START,CONVERGED_FEASIBLE,CONVERGED,PASSED,0.994718795490051,18,1.04984313492851,30,1.76237865331911e-14,1.99174010617753e-13,22,24,0.1424
ATT_T007_000341_1,CALL_T007_000341,1,EDGE_CANDIDATE_SCREEN,2010-12-21 12:00:00,E0013,CAL_004698,5.25,-465.419379571898,2383.97453036761,FLAT_START,CONVERGED_FEASIBLE,CONVERGED,PASSED,0.99333032424504,18,1.04984284017228,30,6.38022144416214e-15,2.24265050974282e-13,22,25,0.1394
ATT_T007_000342_1,CALL_T007_000342,1,EDGE_CANDIDATE_SCREEN,2010-12-21 12:00:00,E0013,CAL_004699,5.25,-482.829527443167,2392.40048708253,FLAT_START,CONVERGED_FEASIBLE,CONVERGED,PASSED,0.992622658648012,18,1.0498419643993,30,6.48563903494732e-15,2.29150032282632e-13,22,25,0.1331
ATT_T007_000343_1,CALL_T007_000343,1,EDGE_CANDIDATE_SCREEN,2010-12-21 12:00:00,E0013,CAL_004700,5.25,-500.431760644116,2400.91940697532,FLAT_START,CONVERGED_FEASIBLE,CONVERGED,PASSED,0.991905656981534,18,1.04984057895486,30,6.68555495913381e-15,2.32258656751583e-13,22,25,0.1287
ATT_T007_000344_1,CALL_T007_000344,1,EDGE_CANDIDATE_SCREEN,2010-12-21 12:00:00,E0013,CAL_004701,5.25,-518.232001812178,2409.53415641375,FLAT_START,CONVERGED_FEASIBLE,CONVERGED,PASSED,0.991179018885705,18,1.04983866453731,30,6.79021026637798e-15,2.37143638059933e-13,22,25,0.1573
ATT_T007_000345_1,CALL_T007_000345,1,LOCAL_REENTRY_STENCIL,2010-12-21 12:00:00,E0013,CAL_004697,5.5,-448.304488796394,2375.41372946159,FLAT_START,CONVERGED_FEASIBLE,CONVERGED,PASSED,0.994021245771633,18,1.04983564851523,30,6.28757601279582e-15,2.20268248085631e-13,22,25,0.174
ATT_T007_000346_1,CALL_T007_000346,1,LOCAL_REENTRY_STENCIL,2010-12-21 12:00:00,E0013,CAL_004697,5,-448.086672899781,2375.86379194079,FLAT_START,CONVERGED_FEASIBLE,CONVERGED,PASSED,0.994036640871442,18,1.04985080048781,30,6.2937412518466e-15,2.20712337295481e-13,22,25,0.1318
ATT_T007_000347_1,CALL_T007_000347,1,ANCHOR_SEARCH,2010-12-21 12:00:00,E0014,CAL_004707,0,-627.511388279111,2469.26766621579,FLAT_START,CONVERGED_INFEASIBLE,CONVERGED,PASSED,0.986764345547088,18,1.05000177198831,30,7.80169005656371e-15,2.72226685638088e-13,22,25,0.1505
ATT_T007_000348_1,CALL_T007_000348,1,ANCHOR_SEARCH,2010-12-21 12:00:00,E0014,CAL_004707,0.5,-627.733128069702,2468.81952397803,FLAT_START,CONVERGED_FEASIBLE,CONVERGED,PASSED,0.986748556015638,18,1.04998659072741,30,7.80786838264134e-15,2.72226685638088e-13,22,25,0.1322
ATT_T007_000349_1,CALL_T007_000349,1,ANCHOR_SEARCH,2010-12-21 12:00:00,E0014,CAL_004707,1,-627.954867860293,2468.37138174026,FLAT_START,CONVERGED_FEASIBLE,CONVERGED,PASSED,0.986732765866798,18,1.04997140892977,30,7.7955130102654e-15,2.72004641033163e-13,22,25,0.1314
ATT_T007_000350_1,CALL_T007_000350,1,ANCHOR_SEARCH,2010-12-21 12:00:00,E0014,CAL_004707,2,-628.398347441476,2467.47509726473,FLAT_START,CONVERGED_FEASIBLE,CONVERGED,PASSED,0.986701183716699,18,1.04994104372405,30,7.78933724679105e-15,2.71560551823313e-13,22,25,0.1556
ATT_T007_000351_1,CALL_T007_000351,1,ANCHOR_SEARCH,2010-12-21 12:00:00,E0014,CAL_004707,4,-629.285306603841,2465.68252831367,FLAT_START,CONVERGED_FEASIBLE,CONVERGED,PASSED,0.986638012005063,18,1.04988030686951,30,7.75847777897513e-15,2.70228284193763e-13,22,25,0.1386
ATT_T007_000352_1,CALL_T007_000352,1,ANCHOR_SEARCH,2010-12-21 12:00:00,E0014,CAL_004707,8,-631.059224928571,2462.09739041156,FLAT_START,CONVERGED_FEASIBLE,CONVERGED,PASSED,0.986511638921938,18,1.04975880737674,30,7.72148939482433e-15,2.69118061169138e-13,22,25,0.1313
ATT_T007_000353_1,CALL_T007_000353,1,ANCHOR_SEARCH,2010-12-21 12:00:00,E0014,CAL_004707,6,-630.172265766206,2463.88995936262,FLAT_START,CONVERGED_FEASIBLE,CONVERGED,PASSED,0.986574830408152,18,1.04981956142148,30,7.74614307919581e-15,2.69562150378988e-13,22,25,0.1314
ATT_T007_000354_1,CALL_T007_000354,1,ANCHOR_SEARCH,2010-12-21 12:00:00,E0014,CAL_004707,5,-629.728786185023,2464.78624383815,FLAT_START,CONVERGED_FEASIBLE,CONVERGED,PASSED,0.986606422442518,18,1.04984993521989,30,7.75230977688995e-15,2.70006239588838e-13,22,25,0.1307
ATT_T007_000355_1,CALL_T007_000355,1,ANCHOR_SEARCH,2010-12-21 12:00:00,E0014,CAL_004707,4.5,-629.507046394432,2465.23438607591,FLAT_START,CONVERGED_FEASIBLE,CONVERGED,PASSED,0.986622217532736,18,1.04986512131327,30,7.75847777897513e-15,2.70450328798688e-13,22,25,0.131
ATT_T007_000356_1,CALL_T007_000356,1,ANCHOR_SEARCH,2010-12-21 12:00:00,E0014,CAL_004707,4.75,-629.617916289728,2465.01031495703,FLAT_START,CONVERGED_FEASIBLE,CONVERGED,PASSED,0.986614320064868,18,1.04985752833372,30,7.75847777897513e-15,2.70228284193763e-13,22,25,0.1314
ATT_T007_000357_1,CALL_T007_000357,1,EDGE_CANDIDATE_SCREEN,2010-12-21 12:00:00,E0014,CAL_004703,5,-554.423716619002,2427.52546154875,FLAT_START,CONVERGED_FEASIBLE,CONVERGED,PASSED,0.989702347233622,18,1.04984612908186,30,7.11443407977377e-15,2.4669155607171e-13,22,25,0.1301
ATT_T007_000358_1,CALL_T007_000358,1,EDGE_CANDIDATE_SCREEN,2010-12-21 12:00:00,E0014,CAL_004704,5,-572.901420154646,2436.66818849419,FLAT_START,CONVERGED_FEASIBLE,CONVERGED,PASSED,0.988945375422578,18,1.04984793943889,30,7.2496798419206e-15,2.52686760404686e-13,22,25,0.1573
ATT_T007_000359_1,CALL_T007_000359,1,EDGE_CANDIDATE_SCREEN,2010-12-21 12:00:00,E0014,CAL_004705,5,-591.606702170798,2445.92352076973,FLAT_START,CONVERGED_FEASIBLE,CONVERGED,PASSED,0.988177312429478,18,1.04984919332585,30,7.37941171949348e-15,2.58015830922886e-13,22,25,0.1291
ATT_T007_000360_1,CALL_T007_000360,1,EDGE_CANDIDATE_SCREEN,2010-12-21 12:00:00,E0014,CAL_004706,5,-610.546695662273,2455.29498776545,FLAT_START,CONVERGED_FEASIBLE,CONVERGED,PASSED,0.987397789359849,18,1.04984986697637,30,7.61694934674876e-15,2.63566946046012e-13,22,25,0.1402
ATT_T007_000361_1,CALL_T007_000361,1,EDGE_CANDIDATE_SCREEN,2010-12-21 12:00:00,E0014,CAL_004708,5,-649.160624038438,2474.40107433909,FLAT_START,CONVERGED_FEASIBLE,CONVERGED,PASSED,0.9858028122332,18,1.0498493713904,30,7.90069480424313e-15,2.77111666946439e-13,22,25,0.2758
ATT_T007_000362_1,CALL_T007_000362,1,EDGE_CANDIDATE_SCREEN,2010-12-21 12:00:00,E0014,CAL_004709,5,-668.850137137989,2484.14340198336,FLAT_START,CONVERGED_FEASIBLE,CONVERGED,PASSED,0.984986542766797,18,1.04984814722829,30,8.05601697409941e-15,2.83550960489265e-13,22,25,0.1324
ATT_T007_000363_1,CALL_T007_000363,1,EDGE_CANDIDATE_SCREEN,2010-12-21 12:00:00,E0014,CAL_004710,5,-688.805544624896,2494.0172935839,FLAT_START,CONVERGED_FEASIBLE,CONVERGED,PASSED,0.984157180654491,18,1.04984623277449,30,8.32290459094672e-15,2.91100477056716e-13,22,25,0.1265
ATT_T007_000364_1,CALL_T007_000364,1,EDGE_CANDIDATE_SCREEN,2010-12-21 12:00:00,E0014,CAL_004711,5,-709.035371263115,2504.02696717511,FLAT_START,CONVERGED_FEASIBLE,CONVERGED,PASSED,0.983314274121306,18,1.04984359625637,30,8.49030309838706e-15,9.70334923522387e-14,23,25,0.1522
ATT_T007_000365_1,CALL_T007_000365,1,LOCAL_REENTRY_STENCIL,2010-12-21 12:00:00,E0014,CAL_004707,5.25,-629.839656080319,2464.56217271926,FLAT_START,CONVERGED_FEASIBLE,CONVERGED,PASSED,0.98659852466568,18,1.04984234197175,30,7.74614307919581e-15,2.69784194983913e-13,22,25,0.1283
ATT_T007_000366_1,CALL_T007_000366,1,LOCAL_REENTRY_STENCIL,2010-12-21 12:00:00,E0014,CAL_004707,4.75,-629.617916289728,2465.01031495703,FLAT_START,CONVERGED_FEASIBLE,CONVERGED,PASSED,0.986614320064868,18,1.04985752833372,30,7.75847777897513e-15,2.70228284193763e-13,22,25,0.1268
ATT_T007_000367_1,CALL_T007_000367,1,ANCHOR_SEARCH,2010-12-21 12:00:00,E0015,CAL_004717,0,-834.978591230308,2573.40172850961,FLAT_START,CONVERGED_INFEASIBLE,CONVERGED,PASSED,0.978101938198918,18,1.05000284536578,30,1.00980552667216e-14,1.17017506795491e-13,23,25,0.1578
ATT_T007_000368_1,CALL_T007_000368,1,ANCHOR_SEARCH,2010-12-21 12:00:00,E0015,CAL_004717,0.5,-835.205239162168,2572.95604845062,FLAT_START,CONVERGED_FEASIBLE,CONVERGED,PASSED,0.978085647982065,18,1.04998761933627,30,1.00980552667216e-14,1.16573417585641e-13,23,25,0.1319
ATT_T007_000369_1,CALL_T007_000369,1,ANCHOR_SEARCH,2010-12-21 12:00:00,E0015,CAL_004717,1,-835.431887094028,2572.51036839162,FLAT_START,CONVERGED_FEASIBLE,CONVERGED,PASSED,0.978069357103593,18,1.04997239276103,30,1.00918238587555e-14,1.17017506795491e-13,23,25,0.1297
ATT_T007_000370_1,CALL_T007_000370,1,ANCHOR_SEARCH,2010-12-21 12:00:00,E0015,CAL_004717,2,-835.885182957748,2571.61900827364,FLAT_START,CONVERGED_FEASIBLE,CONVERGED,PASSED,0.978036773361511,18,1.0499419379732,30,1.00793638161545e-14,1.16573417585641e-13,23,25,0.1298
ATT_T007_000371_1,CALL_T007_000371,1,ANCHOR_SEARCH,2010-12-21 12:00:00,E0015,CAL_004717,4,-836.791774685189,2569.83628803767,FLAT_START,CONVERGED_FEASIBLE,CONVERGED,PASSED,0.977971597934827,18,1.04988102184663,30,1.00482299676485e-14,1.16129328375791e-13,23,25,0.1564
ATT_T007_000372_1,CALL_T007_000372,1,ANCHOR_SEARCH,2010-12-21 12:00:00,E0015,CAL_004717,8,-838.604958140069,2566.27084756573,FLAT_START,CONVERGED_FEASIBLE,CONVERGED,PASSED,0.977841215295627,18,1.04975916337817,30,9.91439738279112e-15,1.15907283770866e-13,23,25,0.1323
ATT_T007_000373_1,CALL_T007_000373,1,ANCHOR_SEARCH,2010-12-21 12:00:00,E0015,CAL_004717,6,-837.698366412629,2568.0535678017,FLAT_START,CONVERGED_FEASIBLE,CONVERGED,PASSED,0.977906411914367,18,1.04982009698274,30,9.93323929596216e-15,1.16795462190566e-13,23,25,0.1288
ATT_T007_000374_1,CALL_T007_000374,1,ANCHOR_SEARCH,2010-12-21 12:00:00,E0015,CAL_004717,5,-837.245070548909,2568.94492791969,FLAT_START,CONVERGED_FEASIBLE,CONVERGED,PASSED,0.977939006249101,18,1.04985056050706,30,1.00357829677593e-14,1.16129328375791e-13,23,25,0.1532
ATT_T007_000375_1,CALL_T007_000375,1,ANCHOR_SEARCH,2010-12-21 12:00:00,E0015,CAL_004717,5.5,-837.471718480769,2568.49924786069,FLAT_START,CONVERGED_FEASIBLE,CONVERGED,PASSED,0.977922709412895,18,1.04983532901802,30,9.93952168464317e-15,1.16795462190566e-13,23,25,0.164
ATT_T007_000376_1,CALL_T007_000376,1,ANCHOR_SEARCH,2010-12-21 12:00:00,E0015,CAL_004717,5.25,-837.358394514839,2568.72208789019,FLAT_START,CONVERGED_FEASIBLE,CONVERGED,PASSED,0.977930857913784,18,1.04984294483082,30,1.00295608760964e-14,1.16573417585641e-13,23,25,0.1359
ATT_T007_000377_1,CALL_T007_000377,1,EDGE_CANDIDATE_SCREEN,2010-12-21 12:00:00,E0015,CAL_004713,5.25,-750.602410416192,2524.60285038853,FLAT_START,CONVERGED_FEASIBLE,CONVERGED,PASSED,0.981575606838832,18,1.04983619949493,30,8.95574679645729e-15,1.02584607475364e-13,23,25,0.1398
ATT_T007_000378_1,CALL_T007_000378,1,EDGE_CANDIDATE_SCREEN,2010-12-21 12:00:00,E0015,CAL_004714,5.25,-771.802538608986,2535.38404894815,FLAT_START,CONVERGED_FEASIBLE,CONVERGED,PASSED,0.980688717934467,18,1.04983907244333,30,9.16747639775812e-15,1.05249142734465e-13,23,25,0.1296
ATT_T007_000379_1,CALL_T007_000379,1,EDGE_CANDIDATE_SCREEN,2010-12-21 12:00:00,E0015,CAL_004715,5.25,-793.321442436648,2546.32735895278,FLAT_START,CONVERGED_FEASIBLE,CONVERGED,PASSED,0.97978601740638,18,1.0498411815501,30,9.47088609639604e-15,1.0857981180834e-13,23,25,0.1273
ATT_T007_000380_1,CALL_T007_000380,1,EDGE_CANDIDATE_SCREEN,2010-12-21 12:00:00,E0015,CAL_004716,5.25,-815.169719072368,2557.43816953153,FLAT_START,CONVERGED_FEASIBLE,CONVERGED,PASSED,0.978866931018861,18,1.04984248662908,30,9.6951719472519e-15,1.12354570092066e-13,23,25,0.1264
ATT_T007_000381_1,CALL_T007_000381,1,EDGE_CANDIDATE_SCREEN,2010-12-21 12:00:00,E0015,CAL_004718,5.25,-859.898946392919,2580.18495090834,FLAT_START,CONVERGED_FEASIBLE,CONVERGED,PASSED,0.976977169002588,18,1.04984251044373,30,1.03041990389389e-14,1.20792265079217e-13,23,25,0.159
ATT_T007_000382_1,CALL_T007_000382,1,EDGE_CANDIDATE_SCREEN,2010-12-21 12:00:00,E0015,CAL_004719,5.25,-882.803328221666,2591.83283747466,FLAT_START,CONVERGED_FEASIBLE,CONVERGED,PASSED,0.976005205240042,18,1.0498411346781,30,1.05742209223908e-14,1.29340982368831e-13,23,25,0.1317
ATT_T007_000383_1,CALL_T007_000383,1,EDGE_CANDIDATE_SCREEN,2010-12-21 12:00:00,E0015,CAL_004720,5.25,-906.083995219198,2603.67208161595,FLAT_START,CONVERGED_FEASIBLE,CONVERGED,PASSED,0.975014275769383,18,1.04983876543091,30,1.10474513158384e-14,1.40443212615082e-13,23,25,0.1324
ATT_T007_000384_1,CALL_T007_000384,1,EDGE_CANDIDATE_SCREEN,2010-12-21 12:00:00,E0015,CAL_004721,5.25,-929.75393180336,2615.70928648032,FLAT_START,CONVERGED_FEASIBLE,CONVERGED,PASSED,0.974003655927409,18,1.04983534702977,30,1.12533371745113e-14,1.53543844305659e-13,23,25,0.1288
ATT_T007_000385_1,CALL_T007_000385,1,LOCAL_REENTRY_STENCIL,2010-12-21 12:00:00,E0015,CAL_004717,5.5,-837.471718480769,2568.49924786069,FLAT_START,CONVERGED_FEASIBLE,CONVERGED,PASSED,0.977922709412895,18,1.04983532901802,30,9.93952168464317e-15,1.16795462190566e-13,23,25,0.1277
ATT_T007_000386_1,CALL_T007_000386,1,LOCAL_REENTRY_STENCIL,2010-12-21 12:00:00,E0015,CAL_004717,5,-837.245070548909,2568.94492791969,FLAT_START,CONVERGED_FEASIBLE,CONVERGED,PASSED,0.977939006249101,18,1.04985056050706,30,1.00357829677593e-14,1.16129328375791e-13,23,25,0.1283
ATT_T007_000387_1,CALL_T007_000387,1,ANCHOR_SEARCH,2010-12-21 12:00:00,E0016,CAL_004727,0,-1079.35148715535,2699.87958203747,FLAT_START,CONVERGED_INFEASIBLE,CONVERGED,PASSED,0.967639885486724,18,1.05000891627123,30,1.46549439250521e-14,2.70117261891301e-13,23,25,0.1367
ATT_T007_000388_1,CALL_T007_000388,1,ANCHOR_SEARCH,2010-12-21 12:00:00,E0016,CAL_004727,0.5,-1079.58417173254,2699.43702369382,FLAT_START,CONVERGED_FEASIBLE,CONVERGED,PASSED,0.967622954698029,18,1.04999362942029,30,1.46549439250521e-14,2.70561351101151e-13,23,25,0.1604
ATT_T007_000389_1,CALL_T007_000389,1,ANCHOR_SEARCH,2010-12-21 12:00:00,E0016,CAL_004727,1,-1079.81685630974,2698.99446535017,FLAT_START,CONVERGED_FEASIBLE,CONVERGED,PASSED,0.967606023187288,18,1.04997834201085,30,1.48769885299771e-14,2.70894418008538e-13,23,25,0.131
ATT_T007_000390_1,CALL_T007_000390,1,ANCHOR_SEARCH,2010-12-21 12:00:00,E0016,CAL_004727,2,-1080.28222546413,2698.10934866286,FLAT_START,CONVERGED_FEASIBLE,CONVERGED,PASSED,0.967572157999349,18,1.04994776551622,30,1.48769885299771e-14,2.70672373403613e-13,23,25,0.142
ATT_T007_000391_1,CALL_T007_000391,1,ANCHOR_SEARCH,2010-12-21 12:00:00,E0016,CAL_004727,4,-1081.2129637729,2696.33911528825,FLAT_START,CONVERGED_FEASIBLE,CONVERGED,PASSED,0.967504418955361,18,1.04988660582243,30,1.50990331349021e-14,2.72226685638088e-13,23,25,0.1314
ATT_T007_000392_1,CALL_T007_000392,1,ANCHOR_SEARCH,2010-12-21 12:00:00,E0016,CAL_004727,8,-1083.07444039046,2692.79864853904,FLAT_START,CONVERGED_FEASIBLE,CONVERGED,PASSED,0.96736890617681,18,1.04976425960445,30,1.48769885299771e-14,2.73225886360251e-13,23,25,0.132
ATT_T007_000393_1,CALL_T007_000393,1,ANCHOR_SEARCH,2010-12-21 12:00:00,E0016,CAL_004727,6,-1082.14370208168,2694.56888191365,FLAT_START,CONVERGED_FEASIBLE,CONVERGED,PASSED,0.967436668349578,18,1.04982543718636,30,1.50990331349021e-14,2.73114864057789e-13,23,25,0.1335
ATT_T007_000394_1,CALL_T007_000394,1,ANCHOR_SEARCH,2010-12-21 12:00:00,E0016,CAL_004727,5,-1081.67833292729,2695.45399860095,FLAT_START,CONVERGED_FEASIBLE,CONVERGED,PASSED,0.967470545098018,18,1.0498560226224,30,1.46549439250521e-14,2.72448730243013e-13,23,25,0.1327
ATT_T007_000395_1,CALL_T007_000395,1,ANCHOR_SEARCH,2010-12-21 12:00:00,E0016,CAL_004727,5.5,-1081.91101750449,2695.0114402573,FLAT_START,CONVERGED_FEASIBLE,CONVERGED,PASSED,0.967453607085226,18,1.04984073018391,30,1.48769885299771e-14,2.72670774847938e-13,23,25,0.1343
ATT_T007_000396_1,CALL_T007_000396,1,ANCHOR_SEARCH,2010-12-21 12:00:00,E0016,CAL_004727,5.25,-1081.79467521589,2695.23271942913,FLAT_START,CONVERGED_FEASIBLE,CONVERGED,PASSED,0.967462076181974,18,1.04984837647304,30,1.50990331349021e-14,2.71893618730701e-13,23,25,0.1327
ATT_T007_000397_1,CALL_T007_000397,1,EDGE_CANDIDATE_SCREEN,2010-12-21 12:00:00,E0016,CAL_004723,5.25,-978.549911013999,2640.94956185129,FLAT_START,CONVERGED_FEASIBLE,CONVERGED,PASSED,0.971915336591019,18,1.04983659305532,30,1.20532402043976e-14,1.83852932877926e-13,23,25,0.1919
ATT_T007_000398_1,CALL_T007_000398,1,EDGE_CANDIDATE_SCREEN,2010-12-21 12:00:00,E0016,CAL_004724,5.25,-1003.65388592166,2654.14851713272,FLAT_START,CONVERGED_FEASIBLE,CONVERGED,PASSED,0.970838227179799,18,1.04984130541312,30,1.25365593572848e-14,2.01394456667003e-13,23,25,0.1516
ATT_T007_000399_1,CALL_T007_000399,1,EDGE_CANDIDATE_SCREEN,2010-12-21 12:00:00,E0016,CAL_004725,5.25,-1029.21802666319,2667.58941450841,FLAT_START,CONVERGED_FEASIBLE,CONVERGED,PASSED,0.969737630733394,18,1.0498448900796,30,1.30452681745507e-14,2.22710738739806e-13,23,25,0.1304
ATT_T007_000400_1,CALL_T007_000400,1,EDGE_CANDIDATE_SCREEN,2010-12-21 12:00:00,E0016,CAL_004726,5.25,-1055.25910567765,2681.28107244929,FLAT_START,CONVERGED_FEASIBLE,CONVERGED,PASSED,0.968612585119431,18,1.04984727349536,30,1.37667655053519e-14,2.45581333047085e-13,23,25,0.1322
ATT_T007_000401_1,CALL_T007_000401,1,EDGE_CANDIDATE_SCREEN,2010-12-21 12:00:00,E0016,CAL_004728,5.25,-1108.84311410306,2709.45401851095,FLAT_START,CONVERGED_FEASIBLE,CONVERGED,PASSED,0.966285034102888,18,1.04984811370675,30,1.57651669496772e-14,3.0231372960543e-13,23,25,0.1819
ATT_T007_000402_1,CALL_T007_000402,1,EDGE_CANDIDATE_SCREEN,2010-12-21 12:00:00,E0016,CAL_004729,5.25,-1136.42367788882,2723.95509371453,FLAT_START,CONVERGED_FEASIBLE,CONVERGED,PASSED,0.965080329450733,18,1.04984639323181,30,1.75415237890775e-14,3.36952687973735e-13,23,25,0.143
ATT_T007_000403_1,CALL_T007_000403,1,EDGE_CANDIDATE_SCREEN,2010-12-21 12:00:00,E0016,CAL_004730,5.25,-1164.55655267522,2738.74655831764,FLAT_START,CONVERGED_FEASIBLE,CONVERGED,PASSED,0.963846768885061,18,1.04984311582886,30,1.88737914186277e-14,3.76254583045466e-13,23,25,0.1328
ATT_T007_000404_1,CALL_T007_000404,1,EDGE_CANDIDATE_SCREEN,2010-12-21 12:00:00,E0016,CAL_004731,5.25,-1193.26291294179,2753.83954525874,FLAT_START,CONVERGED_FEASIBLE,CONVERGED,PASSED,0.962583090480058,18,1.0498381743659,30,2.04281036531029e-14,4.20996570937859e-13,23,25,0.139
ATT_T007_000405_1,CALL_T007_000405,1,LOCAL_REENTRY_STENCIL,2010-12-21 12:00:00,E0016,CAL_004727,5.5,-1081.91101750449,2695.0114402573,FLAT_START,CONVERGED_FEASIBLE,CONVERGED,PASSED,0.967453607085226,18,1.04984073018391,30,1.48769885299771e-14,2.72670774847938e-13,23,25,0.1342
ATT_T007_000406_1,CALL_T007_000406,1,LOCAL_REENTRY_STENCIL,2010-12-21 12:00:00,E0016,CAL_004727,5,-1081.67833292729,2695.45399860095,FLAT_START,CONVERGED_FEASIBLE,CONVERGED,PASSED,0.967470545098018,18,1.0498560226224,30,1.46549439250521e-14,2.72448730243013e-13,23,25,0.1855
ATT_T007_000407_1,CALL_T007_000407,1,ANCHOR_SEARCH,2010-12-21 12:00:00,E0017,CAL_004737,0,-1378.49129384173,2860.71635564331,FLAT_START,CONVERGED_INFEASIBLE,CONVERGED,PASSED,0.954421209941945,18,1.05002264696612,30,1.53210777398272e-14,3.1730174043787e-13,24,26,0.2125
ATT_T007_000408_1,CALL_T007_000408,1,ANCHOR_SEARCH,2010-12-21 12:00:00,E0017,CAL_004737,0.5,-1378.73165898804,2860.27792138776,FLAT_START,CONVERGED_INFEASIBLE,CONVERGED,PASSED,0.954403414262933,18,1.05000727163069,30,1.54321000422897e-14,3.1730174043787e-13,24,26,0.2243
ATT_T007_000409_1,CALL_T007_000409,1,ANCHOR_SEARCH,2010-12-21 12:00:00,E0017,CAL_004737,1,-1378.97202413435,2859.83948713221,FLAT_START,CONVERGED_FEASIBLE,CONVERGED,PASSED,0.954385617773136,18,1.0499918957171,30,1.53210777398272e-14,3.1774582964772e-13,24,26,0.2327
ATT_T007_000410_1,CALL_T007_000410,1,ANCHOR_SEARCH,2010-12-21 12:00:00,E0017,CAL_004737,2,-1379.45275442697,2858.96261862111,FLAT_START,CONVERGED_FEASIBLE,CONVERGED,PASSED,0.954350022360799,18,1.0499611421552,30,1.53210777398272e-14,3.18078896555107e-13,24,26,0.2049
ATT_T007_000411_1,CALL_T007_000411,1,ANCHOR_SEARCH,2010-12-21 12:00:00,E0017,CAL_004737,4,-1380.41421501222,2857.20888159892,FLAT_START,CONVERGED_FEASIBLE,CONVERGED,PASSED,0.954278821802408,18,1.0498996280909,30,1.52100554373646e-14,3.1952218648712e-13,24,26,0.2518
ATT_T007_000412_1,CALL_T007_000412,1,ANCHOR_SEARCH,2010-12-21 12:00:00,E0017,CAL_004737,8,-1382.33713618271,2853.70140755452,FLAT_START,CONVERGED_FEASIBLE,CONVERGED,PASSED,0.954136381728812,18,1.04977657218682,30,1.57651669496772e-14,3.2174263253637e-13,24,26,0.2025
ATT_T007_000413_1,CALL_T007_000413,1,ANCHOR_SEARCH,2010-12-21 12:00:00,E0017,CAL_004737,6,-1381.37567559746,2855.45514457672,FLAT_START,CONVERGED_FEASIBLE,CONVERGED,PASSED,0.954207608260504,18,1.04983810476938,30,1.56541446472147e-14,3.2085445411667e-13,24,26,0.2001
ATT_T007_000414_1,CALL_T007_000414,1,ANCHOR_SEARCH,2010-12-21 12:00:00,E0017,CAL_004737,5,-1380.89494530484,2856.33201308782,FLAT_START,CONVERGED_FEASIBLE,CONVERGED,PASSED,0.954243216654787,18,1.04986886758753,30,1.54321000422897e-14,3.1996627569697e-13,24,26,0.2147
ATT_T007_000415_1,CALL_T007_000415,1,ANCHOR_SEARCH,2010-12-21 12:00:00,E0017,CAL_004737,5.5,-1381.13531045115,2855.89357883227,FLAT_START,CONVERGED_FEASIBLE,CONVERGED,PASSED,0.954225412863527,18,1.04985348646784,30,1.53210777398272e-14,3.20632409511745e-13,24,26,0.2248
ATT_T007_000416_1,CALL_T007_000416,1,ANCHOR_SEARCH,2010-12-21 12:00:00,E0017,CAL_004737,5.75,-1381.25549302431,2855.6743617045,FLAT_START,CONVERGED_FEASIBLE,CONVERGED,PASSED,0.954216510663492,18,1.04984579569096,30,1.56541446472147e-14,3.20743431814208e-13,24,26,0.2125
ATT_T007_000417_1,CALL_T007_000417,1,EDGE_CANDIDATE_SCREEN,2010-12-21 12:00:00,E0017,CAL_004733,5.75,-1253.16363650663,2785.44988119588,FLAT_START,CONVERGED_FEASIBLE,CONVERGED,PASSED,0.95993123814792,18,1.04982575222077,30,2.46469511466785e-14,5.33462163332388e-13,23,25,0.2174
ATT_T007_000418_1,CALL_T007_000418,1,EDGE_CANDIDATE_SCREEN,2010-12-21 12:00:00,E0017,CAL_004734,5.75,-1284.11130159174,2802.41648440267,FLAT_START,CONVERGED_FEASIBLE,CONVERGED,PASSED,0.958560108986987,18,1.04983367850741,30,2.77555756156289e-14,6.02629057766535e-13,23,25,0.1931
ATT_T007_000419_1,CALL_T007_000419,1,EDGE_CANDIDATE_SCREEN,2010-12-21 12:00:00,E0017,CAL_004735,5.75,-1315.75635329218,2819.76541958674,FLAT_START,CONVERGED_FEASIBLE,CONVERGED,PASSED,0.957151818908924,18,1.04983976435056,30,1.15463194561016e-14,7.47957251689968e-13,23,26,0.2177
ATT_T007_000420_1,CALL_T007_000420,1,EDGE_CANDIDATE_SCREEN,2010-12-21 12:00:00,E0017,CAL_004736,5.75,-1348.12761948611,2837.51249120921,FLAT_START,CONVERGED_FEASIBLE,CONVERGED,PASSED,0.955704585454181,18,1.04984385845069,30,1.33226762955019e-14,8.51652082189958e-13,23,26,0.2
ATT_T007_000421_1,CALL_T007_000421,1,EDGE_CANDIDATE_SCREEN,2010-12-21 12:00:00,E0017,CAL_004738,5.75,-1415.17204035842,2874.26861103413,FLAT_START,CONVERGED_FEASIBLE,CONVERGED,PASSED,0.952685571388868,18,1.04984539569038,30,1.82076576038526e-14,3.68705066478014e-13,24,26,0.2108
ATT_T007_000422_1,CALL_T007_000422,1,EDGE_CANDIDATE_SCREEN,2010-12-21 12:00:00,E0017,CAL_004739,5.75,-1449.91111932685,2893.31380126111,FLAT_START,CONVERGED_FEASIBLE,CONVERGED,PASSED,0.951109608597563,18,1.04984246118035,30,2.12052597703405e-14,4.25326440733897e-13,24,26,0.2098
ATT_T007_000423_1,CALL_T007_000423,1,EDGE_CANDIDATE_SCREEN,2010-12-21 12:00:00,E0017,CAL_004740,5.75,-1485.50850701259,2912.82954664614,FLAT_START,CONVERGED_FEASIBLE,CONVERGED,PASSED,0.949486315543138,18,1.04983677617981,30,2.50910403565285e-14,4.91939822211407e-13,24,26,0.1988
ATT_T007_000424_1,CALL_T007_000424,1,EDGE_CANDIDATE_SCREEN,2010-12-21 12:00:00,E0017,CAL_004741,5.75,-1522.00203869268,2932.83658982461,FLAT_START,CONVERGED_FEASIBLE,CONVERGED,PASSED,0.947813224658558,18,1.04982810394022,30,2.96429547574917e-14,5.71875879984418e-13,24,26,0.277
ATT_T007_000425_1,CALL_T007_000425,1,LOCAL_REENTRY_STENCIL,2010-12-21 12:00:00,E0017,CAL_004737,6,-1381.37567559746,2855.45514457672,FLAT_START,CONVERGED_FEASIBLE,CONVERGED,PASSED,0.954207608260504,18,1.04983810476938,30,1.56541446472147e-14,3.2085445411667e-13,24,26,0.2181
ATT_T007_000426_1,CALL_T007_000426,1,LOCAL_REENTRY_STENCIL,2010-12-21 12:00:00,E0017,CAL_004737,5.5,-1381.13531045115,2855.89357883227,FLAT_START,CONVERGED_FEASIBLE,CONVERGED,PASSED,0.954225412863527,18,1.04985348646784,30,1.53210777398272e-14,3.20632409511745e-13,24,26,0.2078
ATT_T007_000427_1,CALL_T007_000427,1,ANCHOR_SEARCH,2010-12-21 12:00:00,E0018,CAL_004747,0,-1764.61325925568,3079.23376564419,FLAT_START,CONVERGED_INFEASIBLE,CONVERGED,PASSED,0.936618291627618,18,1.05005453316213,30,3.29736238313671e-14,5.8653082390947e-13,25,27,0.2207
ATT_T007_000428_1,CALL_T007_000428,1,ANCHOR_SEARCH,2010-12-21 12:00:00,E0018,CAL_004747,0.5,-1764.86447038608,3078.80145445076,FLAT_START,CONVERGED_INFEASIBLE,CONVERGED,PASSED,0.936599202967041,18,1.05003901555163,30,3.28626015289046e-14,5.8741900232917e-13,25,27,0.2423
ATT_T007_000429_1,CALL_T007_000429,1,ANCHOR_SEARCH,2010-12-21 12:00:00,E0018,CAL_004747,1,-1765.11568151649,3078.36914325734,FLAT_START,CONVERGED_INFEASIBLE,CONVERGED,PASSED,0.936580113347613,18,1.05002349732868,30,3.28626015289046e-14,5.88640247656258e-13,25,27,0.2124
ATT_T007_000430_1,CALL_T007_000430,1,ANCHOR_SEARCH,2010-12-21 12:00:00,E0018,CAL_004747,2,-1765.61810377729,3077.50452087048,FLAT_START,CONVERGED_FEASIBLE,CONVERGED,PASSED,0.936541931231689,18,1.04999245904515,30,3.29736238313671e-14,5.89195359168571e-13,25,27,0.2137
ATT_T007_000431_1,CALL_T007_000431,1,ANCHOR_SEARCH,2010-12-21 12:00:00,E0018,CAL_004747,4,-1766.6229482989,3075.77527609678,FLAT_START,CONVERGED_FEASIBLE,CONVERGED,PASSED,0.936465555487945,18,1.0499303751256,30,3.33066907387547e-14,5.92415005939984e-13,25,27,0.2078
ATT_T007_000432_1,CALL_T007_000432,1,ANCHOR_SEARCH,2010-12-21 12:00:00,E0018,CAL_004747,8,-1768.63263734213,3072.31678654937,FLAT_START,CONVERGED_FEASIBLE,CONVERGED,PASSED,0.936312757923894,18,1.04980617786124,30,3.36397576461422e-14,5.97744076458184e-13,25,27,0.2338
ATT_T007_000433_1,CALL_T007_000433,1,ANCHOR_SEARCH,2010-12-21 12:00:00,E0018,CAL_004747,6,-1767.62779282052,3074.04603132307,FLAT_START,CONVERGED_FEASIBLE,CONVERGED,PASSED,0.936389164388108,18,1.0498682813991,30,3.34177130412172e-14,5.95301585804009e-13,25,27,0.2532
ATT_T007_000434_1,CALL_T007_000434,1,ANCHOR_SEARCH,2010-12-21 12:00:00,E0018,CAL_004747,7,-1768.13021508132,3073.18140893622,FLAT_START,CONVERGED_FEASIBLE,CONVERGED,PASSED,0.936350963077066,18,1.04983723085686,30,3.34177130412172e-14,5.95967719618784e-13,25,27,0.2149
ATT_T007_000435_1,CALL_T007_000435,1,ANCHOR_SEARCH,2010-12-21 12:00:00,E0018,CAL_004747,6.5,-1767.87900395092,3073.61372012965,FLAT_START,CONVERGED_FEASIBLE,CONVERGED,PASSED,0.936370064212788,18,1.04985275643462,30,3.35287353436797e-14,5.95967719618784e-13,25,27,0.212
ATT_T007_000436_1,CALL_T007_000436,1,ANCHOR_SEARCH,2010-12-21 12:00:00,E0018,CAL_004747,6.75,-1768.00460951612,3073.39756453293,FLAT_START,CONVERGED_FEASIBLE,CONVERGED,PASSED,0.936360513764985,18,1.04984499372241,30,3.35287353436797e-14,5.96411808828634e-13,25,27,0.205
ATT_T007_000437_1,CALL_T007_000437,1,EDGE_CANDIDATE_SCREEN,2010-12-21 12:00:00,E0018,CAL_004743,6.75,-1599.35054134525,2975.39459871457,FLAT_START,CONVERGED_FEASIBLE,CONVERGED,PASSED,0.944238531497696,18,1.04980417210604,30,1.53210777398272e-14,8.65085780787922e-13,24,27,0.2055
ATT_T007_000438_1,CALL_T007_000438,1,EDGE_CANDIDATE_SCREEN,2010-12-21 12:00:00,E0018,CAL_004744,6.75,-1639.73642647039,2998.86237842714,FLAT_START,CONVERGED_FEASIBLE,CONVERGED,PASSED,0.942370784180951,18,1.04981992667545,30,1.85407245112401e-14,1.02262642798223e-12,24,27,0.2248
ATT_T007_000439_1,CALL_T007_000439,1,EDGE_CANDIDATE_SCREEN,2010-12-21 12:00:00,E0018,CAL_004745,6.75,-1681.26933767784,3022.99668198439,FLAT_START,CONVERGED_FEASIBLE,CONVERGED,PASSED,0.94043782791518,18,1.04983223703388,30,2.23154827949656e-14,4.12336831345783e-13,25,27,0.2065
ATT_T007_000440_1,CALL_T007_000440,1,EDGE_CANDIDATE_SCREEN,2010-12-21 12:00:00,E0018,CAL_004746,6.75,-1724.0054477473,3047.83015075138,FLAT_START,CONVERGED_FEASIBLE,CONVERGED,PASSED,0.938435797898202,18,1.04984073102289,30,2.73114864057789e-14,4.94826402075432e-13,25,27,0.2136
ATT_T007_000441_1,CALL_T007_000441,1,EDGE_CANDIDATE_SCREEN,2010-12-21 12:00:00,E0018,CAL_004748,6.75,-1813.33066336998,3099.73602025296,FLAT_START,CONVERGED_FEASIBLE,CONVERGED,PASSED,0.93420744594359,18,1.04984456178503,30,4.11892742135933e-14,7.22089055216202e-13,25,27,0.2471
ATT_T007_000442_1,CALL_T007_000442,1,EDGE_CANDIDATE_SCREEN,2010-12-21 12:00:00,E0018,CAL_004749,6.75,-1860.05177607088,3126.88512884359,FLAT_START,CONVERGED_FEASIBLE,CONVERGED,PASSED,0.931971677511399,18,1.0498389168903,30,1.93178806284777e-14,9.7488683792335e-13,25,28,0.2184
ATT_T007_000443_1,CALL_T007_000443,1,EDGE_CANDIDATE_SCREEN,2010-12-21 12:00:00,E0018,CAL_004750,6.75,-1908.24081471335,3154.88723254686,FLAT_START,CONVERGED_FEASIBLE,CONVERGED,PASSED,0.929647860816666,18,1.04982747815904,30,2.42028619368284e-14,1.19648735363853e-12,25,28,0.3089
ATT_T007_000444_1,CALL_T007_000444,1,EDGE_CANDIDATE_SCREEN,2010-12-21 12:00:00,E0018,CAL_004751,6.75,-1957.97576013279,3183.78764514159,FLAT_START,CONVERGED_FEASIBLE,CONVERGED,PASSED,0.92723016798436,18,1.0498095933339,30,3.06421554796543e-14,5.18030063290098e-13,26,28,0.2207
ATT_T007_000445_1,CALL_T007_000445,1,EDGE_CANDIDATE_SCREEN,2010-12-21 12:00:00,E0018,CAL_004752,6.75,-2009.3401647095,3213.6349179682,FLAT_START,CONVERGED_FEASIBLE,CONVERGED,PASSED,0.92471223425078,18,1.04978452849104,30,3.8746783559418e-14,6.48481268683554e-13,26,28,0.2715
ATT_T007_000446_1,CALL_T007_000446,1,LOCAL_REENTRY_STENCIL,2010-12-21 12:00:00,E0018,CAL_004747,7,-1768.13021508132,3073.18140893622,FLAT_START,CONVERGED_FEASIBLE,CONVERGED,PASSED,0.936350963077066,18,1.04983723085686,30,3.34177130412172e-14,5.95967719618784e-13,25,27,0.2201
ATT_T007_000447_1,CALL_T007_000447,1,LOCAL_REENTRY_STENCIL,2010-12-21 12:00:00,E0018,CAL_004747,6.5,-1767.87900395092,3073.61372012965,FLAT_START,CONVERGED_FEASIBLE,CONVERGED,PASSED,0.936370064212788,18,1.04985275643462,30,3.35287353436797e-14,5.95967719618784e-13,25,27,0.2182
ATT_T007_000448_1,CALL_T007_000448,1,ANCHOR_SEARCH,2010-12-21 12:00:00,E0019,CAL_004754,0,-2020.72002585932,3186.01530538594,FLAT_START,CONVERGED_FEASIBLE,CONVERGED,PASSED,0.923718127100658,18,1.04885985132903,30,4.14113188185183e-14,6.87006007638047e-13,26,28,0.2684
ATT_T007_000449_1,CALL_T007_000449,1,EDGE_CANDIDATE_SCREEN,2010-12-21 12:00:00,E0019,CAL_004755,0,-2035.41179014063,3152.73943416507,FLAT_START,CONVERGED_FEASIBLE,CONVERGED,PASSED,0.922460957689765,18,1.04772712714398,30,4.45199432874688e-14,7.39630579005279e-13,26,28,0.227
ATT_T007_000450_1,CALL_T007_000450,1,EDGE_CANDIDATE_SCREEN,2010-12-21 12:00:00,E0019,CAL_004756,0,-2050.02696652754,3119.637029443,FLAT_START,CONVERGED_FEASIBLE,CONVERGED,PASSED,0.921206010606128,18,1.04659718807274,30,4.82947015711943e-14,7.970291093784e-13,26,28,0.2184
ATT_T007_000451_1,CALL_T007_000451,1,EDGE_CANDIDATE_SCREEN,2010-12-21 12:00:00,E0019,CAL_004757,0,-2064.56836130725,3086.70173516544,FLAT_START,CONVERGED_FEASIBLE,CONVERGED,PASSED,0.919953072061831,18,1.04546984133147,30,2.07611705604904e-14,9.53348511245622e-13,26,29,0.2306
ATT_T007_000452_1,CALL_T007_000452,1,EDGE_CANDIDATE_SCREEN,2010-12-21 12:00:00,E0019,CAL_004758,0,-2079.03873013746,3053.92730995056,FLAT_START,CONVERGED_FEASIBLE,CONVERGED,PASSED,0.918701929576487,18,1.04434489583852,30,2.23154827949656e-14,1.02828856540782e-12,26,29,0.2417
ATT_T007_000453_1,CALL_T007_000453,1,EDGE_CANDIDATE_SCREEN,2010-12-21 12:00:00,E0019,CAL_004759,0,-2093.44078028691,3021.3076220143,FLAT_START,CONVERGED_FEASIBLE,CONVERGED,PASSED,0.917452371825432,18,1.04322216207847,30,2.40918396343659e-14,1.10811360087837e-12,26,29,0.2478
ATT_T007_000454_1,CALL_T007_000454,1,EDGE_CANDIDATE_SCREEN,2010-12-21 12:00:00,E0019,CAL_004760,0,-2107.77717280339,2988.83664425996,FLAT_START,CONVERGED_FEASIBLE,CONVERGED,PASSED,0.916204188490416,18,1.04210145196866,30,2.62012633811537e-14,1.19459997449667e-12,26,29,0.2184
ATT_T007_000455_1,CALL_T007_000455,1,EDGE_CANDIDATE_SCREEN,2010-12-21 12:00:00,E0019,CAL_004761,0,-2122.05052461311,2956.50844952338,FLAT_START,CONVERGED_FEASIBLE,CONVERGED,PASSED,0.914957170111234,18,1.04098257872754,30,2.83106871279415e-14,1.28785870856518e-12,26,29,0.2182
ATT_T007_000456_1,CALL_T007_000456,1,EDGE_CANDIDATE_SCREEN,2010-12-21 12:00:00,E0019,CAL_004762,0,-2136.26341055497,2924.31720596524,FLAT_START,CONVERGED_FEASIBLE,CONVERGED,PASSED,0.913711107938577,18,1.03986535674494,30,3.08642000845794e-14,1.38866695920115e-12,26,29,0.2456
ATT_T007_000457_1,CALL_T007_000457,1,EDGE_CANDIDATE_SCREEN,2010-12-21 12:00:00,E0019,CAL_004763,0,-2150.41836535349,2892.25717260276,FLAT_START,CONVERGED_FEASIBLE,CONVERGED,PASSED,0.912465793787791,18,1.03874960145386,30,3.35287353436797e-14,5.36792832406263e-13,27,29,0.2621
ATT_T007_000458_1,CALL_T007_000458,1,EDGE_CANDIDATE_SCREEN,2010-12-21 12:00:00,E0019,CAL_004764,0,-2164.51788553346,2860.32269497288,FLAT_START,CONVERGED_FEASIBLE,CONVERGED,PASSED,0.911221019893321,18,1.03763512920375,30,3.63042929052426e-14,5.79980508064182e-13,27,29,0.2376
ATT_T007_000459_1,CALL_T007_000459,1,EDGE_CANDIDATE_SCREEN,2010-12-21 12:00:00,E0019,CAL_004765,0,-2178.56443127985,2828.50820091995,FLAT_START,CONVERGED_FEASIBLE,CONVERGED,PASSED,0.909976578763609,18,1.03652175713498,30,3.9190872769268e-14,6.26054763586126e-13,27,29,0.2311
ATT_T007_000460_1,CALL_T007_000460,1,EDGE_CANDIDATE_SCREEN,2010-12-21 12:00:00,E0019,CAL_004766,0,-2192.56042824568,2796.8081965008,FLAT_START,CONVERGED_FEASIBLE,CONVERGED,PASSED,0.908732263036225,18,1.03540930305431,30,4.2410519540681e-14,6.76680933509033e-13,27,29,0.2367
ATT_T007_000461_1,CALL_T007_000461,1,EDGE_CANDIDATE_SCREEN,2010-12-21 12:00:00,E0019,CAL_004767,0,-2206.50826931114,2765.21726200059,FLAT_START,CONVERGED_FEASIBLE,CONVERGED,PASSED,0.907487865332999,18,1.03429758531126,30,4.6074255521944e-14,7.30970839413203e-13,27,29,0.225
ATT_T007_000462_1,CALL_T007_000462,1,EDGE_CANDIDATE_SCREEN,2010-12-21 12:00:00,E0019,CAL_004768,0,-2220.41031629653,2733.73004805306,FLAT_START,CONVERGED_FEASIBLE,CONVERGED,PASSED,0.906243178114929,18,1.03318642267512,30,4.9960036108132e-14,7.89701637415874e-13,27,29,0.2188
ATT_T007_000463_1,CALL_T007_000463,1,EDGE_CANDIDATE_SCREEN,2010-12-21 12:00:00,E0019,CAL_004769,0,-2234.26890163186,2702.34127185902,FLAT_START,CONVERGED_FEASIBLE,CONVERGED,PASSED,0.904997993536647,18,1.0320756342124,30,5.40678612992451e-14,8.53428439029358e-13,27,29,0.2789
ATT_T007_000464_1,CALL_T007_000464,1,EDGE_CANDIDATE_SCREEN,2010-12-21 12:00:00,E0019,CAL_004770,0,-2248.08632998559,2671.04571349729,FLAT_START,CONVERGED_FEASIBLE,CONVERGED,PASSED,0.903752103300097,18,1.03096503916459,30,2.37587727269783e-14,1.03017594454968e-12,27,30,0.2621
ATT_T007_000465_1,CALL_T007_000465,1,EDGE_CANDIDATE_SCREEN,2010-12-21 12:00:00,E0019,CAL_004771,0,-2261.86487985522,2639.83821232227,FLAT_START,CONVERGED_FEASIBLE,CONVERGED,PASSED,0.902505298507826,18,1.02985445682618,30,2.59792187762287e-14,1.11433084981627e-12,27,30,0.2263
ATT_T007_000466_1,CALL_T007_000466,1,EDGE_CANDIDATE_SCREEN,2010-12-21 12:00:00,E0019,CAL_004772,0,-2275.60680512184,2608.71366344285,FLAT_START,CONVERGED_FEASIBLE,CONVERGED,PASSED,0.901257369514096,18,1.02874370642225,30,2.80886425230165e-14,1.20425891481091e-12,27,30,0.277
ATT_T007_000467_1,CALL_T007_000467,1,LOCAL_REENTRY_STENCIL,2010-12-21 12:00:00,E0019,CAL_004754,0.25,-2020.49132492859,3185.91433071445,FLAT_START,CONVERGED_FEASIBLE,CONVERGED,PASSED,0.923729818161933,18,1.04886083972967,30,4.13002965160558e-14,6.86561918428197e-13,26,28,0.2407
ATT_T007_000468_1,CALL_T007_000468,1,ANCHOR_SEARCH,2010-12-21 12:00:00,E0020,CAL_004774,0,-2289.31433656867,2577.66701427426,FLAT_START,CONVERGED_FEASIBLE,CONVERGED,PASSED,0.900008105775746,18,1.02763260698614,30,3.06421554796543e-14,1.30229160788531e-12,27,30,0.2698
ATT_T007_000469_1,CALL_T007_000469,1,ANCHOR_SEARCH,2010-12-21 12:00:00,E0020,CAL_004774,0.5,-2288.82716047916,2577.77952853031,FLAT_START,CONVERGED_FEASIBLE,CONVERGED,PASSED,0.900039044818128,18,1.02764428584576,30,3.04201108747293e-14,1.2990719611139e-12,27,30,0.2379
ATT_T007_000470_1,CALL_T007_000470,1,ANCHOR_SEARCH,2010-12-21 12:00:00,E0020,CAL_004774,1,-2288.33998438966,2577.89204278635,FLAT_START,CONVERGED_FEASIBLE,CONVERGED,PASSED,0.900069981003207,18,1.02765596378161,30,3.04201108747293e-14,1.29618538124987e-12,27,30,0.2497
ATT_T007_000471_1,CALL_T007_000471,1,ANCHOR_SEARCH,2010-12-21 12:00:00,E0020,CAL_004774,2,-2287.36563221065,2578.11707129845,FLAT_START,CONVERGED_FEASIBLE,CONVERGED,PASSED,0.900131844804402,18,1.02767931688289,30,3.03090885722668e-14,1.28996813231197e-12,27,30,0.2942
ATT_T007_000472_1,CALL_T007_000472,1,ANCHOR_SEARCH,2010-12-21 12:00:00,E0020,CAL_004774,4,-2285.41692785262,2578.56712832264,FLAT_START,CONVERGED_FEASIBLE,CONVERGED,PASSED,0.900255538151539,18,1.02772601201002,30,2.98649993624167e-14,1.27697852292386e-12,27,30,0.4463
ATT_T007_000473_1,CALL_T007_000473,1,ANCHOR_SEARCH,2010-12-21 12:00:00,E0020,CAL_004774,3,-2286.39128003164,2578.34209981054,FLAT_START,CONVERGED_FEASIBLE,CONVERGED,PASSED,0.900193697185219,18,1.02770266629177,30,2.98649993624167e-14,1.28330679416422e-12,27,30,0.2654
ATT_T007_000474_1,CALL_T007_000474,1,ANCHOR_SEARCH,2010-12-21 12:00:00,E0020,CAL_004774,2.5,-2286.87845612114,2578.2295855545,FLAT_START,CONVERGED_FEASIBLE,CONVERGED,PASSED,0.900162772421991,18,1.02769099204877,30,3.00870439673417e-14,1.28641541863317e-12,27,30,0.2737
ATT_T007_000475_1,CALL_T007_000475,1,ANCHOR_SEARCH,2010-12-21 12:00:00,E0020,CAL_004774,2.25,-2287.12204416589,2578.17332842647,FLAT_START,CONVERGED_FEASIBLE,CONVERGED,PASSED,0.900147308970038,18,1.0276851545812,30,3.01980662698043e-14,1.28808075317011e-12,27,30,0.222
ATT_T007_000476_1,CALL_T007_000476,1,EDGE_CANDIDATE_SCREEN,2010-12-21 12:00:00,E0020,CAL_004775,2.5,-2271.90720693489,2513.40549223675,FLAT_START,CONVERGED_FEASIBLE,CONVERGED,PASSED,0.900178513037162,18,1.02612631062633,30,2.87547763377916e-14,1.22468701846401e-12,27,30,0.2566
ATT_T007_000477_1,CALL_T007_000477,1,EDGE_CANDIDATE_SCREEN,2010-12-21 12:00:00,E0020,CAL_004776,2.5,-2257.34550615001,2450.35470477069,FLAT_START,CONVERGED_FEASIBLE,CONVERGED,PASSED,0.900189971059388,18,1.02459771718321,30,2.72004641033163e-14,1.16773257730074e-12,27,30,0.241
ATT_T007_000478_1,CALL_T007_000478,1,EDGE_CANDIDATE_SCREEN,2010-12-21 12:00:00,E0020,CAL_004777,2.5,-2243.17464615524,2388.99622096847,FLAT_START,CONVERGED_FEASIBLE,CONVERGED,PASSED,0.900197453601611,18,1.02310373469973,30,2.58681964737661e-14,1.11510800593351e-12,27,30,0.2895
ATT_T007_000479_1,CALL_T007_000479,1,EDGE_CANDIDATE_SCREEN,2010-12-21 12:00:00,E0020,CAL_004778,2.5,-2229.37702626916,2329.25383154385,FLAT_START,CONVERGED_FEASIBLE,CONVERGED,PASSED,0.900201242954758,18,1.02164296400438,30,2.46469511466785e-14,1.06592512594261e-12,27,30,0.2743
ATT_T007_000480_1,CALL_T007_000480,1,EDGE_CANDIDATE_SCREEN,2010-12-21 12:00:00,E0020,CAL_004779,2.5,-2215.93607173399,2271.05576936293,FLAT_START,CONVERGED_FEASIBLE,CONVERGED,PASSED,0.900201598848992,18,1.02021407865049,30,2.35367281220533e-14,1.02040598193298e-12,27,30,0.2526
ATT_T007_000481_1,CALL_T007_000481,1,EDGE_CANDIDATE_SCREEN,2010-12-21 12:00:00,E0020,CAL_004780,2.5,-2202.83615971516,2214.33438902932,FLAT_START,CONVERGED_FEASIBLE,CONVERGED,PASSED,0.900198760482006,18,1.01881582019222,30,2.23154827949656e-14,9.77773417787375e-13,27,30,0.2326
ATT_T007_000482_1,CALL_T007_000482,1,EDGE_CANDIDATE_SCREEN,2010-12-21 12:00:00,E0020,CAL_004781,2.5,-2190.06255160973,2159.02587378591,FLAT_START,CONVERGED_FEASIBLE,CONVERGED,PASSED,0.900192948341292,18,1.01744699382414,30,5.28466159721575e-14,8.40882918851094e-13,27,29,0.2289
ATT_T007_000483_1,CALL_T007_000483,1,EDGE_CANDIDATE_SCREEN,2010-12-21 12:00:00,E0020,CAL_004782,2.5,-2177.60133104477,2105.06996705383,FLAT_START,CONVERGED_FEASIBLE,CONVERGED,PASSED,0.900184365843193,18,1.01610646435188,30,5.05151476204446e-14,8.08020317322189e-13,27,29,0.2316
ATT_T007_000484_1,CALL_T007_000484,1,EDGE_CANDIDATE_SCREEN,2010-12-21 12:00:00,E0020,CAL_004783,2.5,-2165.43934701529,2052.40972622504,FLAT_START,CONVERGED_FEASIBLE,CONVERGED,PASSED,0.900173200810701,18,1.01479315246524,30,4.86277684785819e-14,7.7715611723761e-13,27,29,0.27
ATT_T007_000485_1,CALL_T007_000485,1,LOCAL_REENTRY_STENCIL,2010-12-21 12:00:00,E0020,CAL_004774,2.75,-2286.63486807639,2578.28584268252,FLAT_START,CONVERGED_FEASIBLE,CONVERGED,PASSED,0.900178235160354,18,1.02769682928561,30,3.01980662698043e-14,1.28497212870116e-12,27,30,0.2375
ATT_T007_000486_1,CALL_T007_000486,1,LOCAL_REENTRY_STENCIL,2010-12-21 12:00:00,E0020,CAL_004774,2.25,-2287.12204416589,2578.17332842647,FLAT_START,CONVERGED_FEASIBLE,CONVERGED,PASSED,0.900147308970038,18,1.0276851545812,30,3.01980662698043e-14,1.28808075317011e-12,27,30,0.2199
ATT_T007_000487_1,CALL_T007_000487,1,ANCHOR_SEARCH,2010-12-21 12:00:00,E0021,CAL_004785,0,-2156.00004211883,2000.42872530512,FLAT_START,CONVERGED_FEASIBLE,CONVERGED,PASSED,0.900006089024272,18,1.01344695734772,30,4.72955008490317e-14,7.57727214306669e-13,27,29,0.2566
ATT_T007_000488_1,CALL_T007_000488,1,ANCHOR_SEARCH,2010-12-21 12:00:00,E0021,CAL_004785,0.5,-2155.51381525815,2000.54527332078,FLAT_START,CONVERGED_FEASIBLE,CONVERGED,PASSED,0.900036802271931,18,1.01345887483552,30,4.72955008490317e-14,7.55839835164807e-13,27,29,0.2819
ATT_T007_000489_1,CALL_T007_000489,1,ANCHOR_SEARCH,2010-12-21 12:00:00,E0021,CAL_004785,1,-2155.02758839747,2000.66182133644,FLAT_START,CONVERGED_FEASIBLE,CONVERGED,PASSED,0.900067512730967,18,1.01347079139895,30,4.71844785465692e-14,7.53730411418019e-13,27,29,0.2301
ATT_T007_000490_1,CALL_T007_000490,1,ANCHOR_SEARCH,2010-12-21 12:00:00,E0021,CAL_004785,2,-2154.05513467611,2000.89491736775,FLAT_START,CONVERGED_FEASIBLE,CONVERGED,PASSED,0.900128925285995,18,1.01349462175357,30,4.68514116391816e-14,7.50177697739218e-13,27,29,0.2311
ATT_T007_000491_1,CALL_T007_000491,1,ANCHOR_SEARCH,2010-12-21 12:00:00,E0021,CAL_004785,4,-2152.1102272334,2001.36110943039,FLAT_START,CONVERGED_FEASIBLE,CONVERGED,PASSED,0.900251716963618,18,1.01354227137998,30,4.6296300126869e-14,7.4273920347423e-13,27,29,0.2241
ATT_T007_000492_1,CALL_T007_000492,1,ANCHOR_SEARCH,2010-12-21 12:00:00,E0021,CAL_004785,3,-2153.08268095475,2001.12801339907,FLAT_START,CONVERGED_FEASIBLE,CONVERGED,PASSED,0.900190326695,18,1.01351844841333,30,4.66293670342566e-14,7.46513961757955e-13,27,29,0.2184
ATT_T007_000493_1,CALL_T007_000493,1,ANCHOR_SEARCH,2010-12-21 12:00:00,E0021,CAL_004785,2.5,-2153.56890781543,2001.01146538341,FLAT_START,CONVERGED_FEASIBLE,CONVERGED,PASSED,0.900159627383398,18,1.0135065355452,30,4.67403893367191e-14,7.48512363202281e-13,27,29,0.2279
ATT_T007_000494_1,CALL_T007_000494,1,ANCHOR_SEARCH,2010-12-21 12:00:00,E0021,CAL_004785,2.25,-2153.81202124577,2000.95319137558,FLAT_START,CONVERGED_FEASIBLE,CONVERGED,PASSED,0.900144276682966,18,1.01350057876483,30,4.68514116391816e-14,7.49511563924443e-13,27,29,0.2229
ATT_T007_000495_1,CALL_T007_000495,1,EDGE_CANDIDATE_SCREEN,2010-12-21 12:00:00,E0021,CAL_004786,2.5,-2141.39358855053,1950.21723065961,FLAT_START,CONVERGED_FEASIBLE,CONVERGED,PASSED,0.90017014321611,18,1.01223815360522,30,4.46309655899313e-14,7.19424519957101e-13,27,29,0.244
ATT_T007_000496_1,CALL_T007_000496,1,EDGE_CANDIDATE_SCREEN,2010-12-21 12:00:00,E0021,CAL_004787,2.5,-2129.50172348228,1900.60553897096,FLAT_START,CONVERGED_FEASIBLE,CONVERGED,PASSED,0.900177858482351,18,1.01099478515124,30,4.2854608750531e-14,6.9244610045871e-13,27,29,0.2228
ATT_T007_000497_1,CALL_T007_000497,1,EDGE_CANDIDATE_SCREEN,2010-12-21 12:00:00,E0021,CAL_004788,2.5,-2117.88177843431,1852.12827086796,FLAT_START,CONVERGED_FEASIBLE,CONVERGED,PASSED,0.900182945605776,18,1.00977550315505,30,4.13002965160558e-14,6.67244037799719e-13,27,29,0.2323
ATT_T007_000498_1,CALL_T007_000498,1,EDGE_CANDIDATE_SCREEN,2010-12-21 12:00:00,E0021,CAL_004789,2.5,-2106.52282175784,1804.73982058678,FLAT_START,CONVERGED_FEASIBLE,CONVERGED,PASSED,0.900185564677701,18,1.00857942406988,30,3.98570065840431e-14,6.43263220467816e-13,27,29,0.2566
ATT_T007_000499_1,CALL_T007_000499,1,EDGE_CANDIDATE_SCREEN,2010-12-21 12:00:00,E0021,CAL_004790,2.5,-2095.41448519029,1758.3969327555,FLAT_START,CONVERGED_FEASIBLE,CONVERGED,PASSED,0.900185864449566,18,1.00740570526262,30,3.83026943495679e-14,6.213918268827e-13,27,29,0.2247
ATT_T007_000500_1,CALL_T007_000500,1,EDGE_CANDIDATE_SCREEN,2010-12-21 12:00:00,E0021,CAL_004791,2.5,-2084.54692772068,1713.058551644,FLAT_START,CONVERGED_FEASIBLE,CONVERGED,PASSED,0.900183983234783,18,1.0062535426254,30,3.69704267200177e-14,6.00297589414822e-13,27,29,0.218
ATT_T007_000501_1,CALL_T007_000501,1,EDGE_CANDIDATE_SCREEN,2010-12-21 12:00:00,E0021,CAL_004792,2.5,-2073.91080219548,1668.68568184696,FLAT_START,CONVERGED_FEASIBLE,CONVERGED,PASSED,0.900180049729221,18,1.00512216835223,30,3.56381590904675e-14,5.80424597274032e-13,27,29,0.2212
ATT_T007_000502_1,CALL_T007_000502,1,EDGE_CANDIDATE_SCREEN,2010-12-21 12:00:00,E0021,CAL_004793,2.5,-2063.49722442543,1625.24125940035,FLAT_START,CONVERGED_FEASIBLE,CONVERGED,PASSED,0.900174183758537,18,1.00401084886738,30,3.44169137633799e-14,5.62105917367717e-13,27,29,0.2488
ATT_T007_000503_1,CALL_T007_000503,1,EDGE_CANDIDATE_SCREEN,2010-12-21 12:00:00,E0021,CAL_004794,2.5,-2053.29774457722,1582.69003243053,FLAT_START,CONVERGED_FEASIBLE,CONVERGED,PASSED,0.900166496959658,18,1.00291888289361,30,3.33066907387547e-14,5.44453371276177e-13,27,29,0.2298
ATT_T007_000504_1,CALL_T007_000504,1,LOCAL_REENTRY_STENCIL,2010-12-21 12:00:00,E0021,CAL_004785,2.75,-2153.32579438509,2001.06973939124,FLAT_START,CONVERGED_FEASIBLE,CONVERGED,PASSED,0.90017497738738,18,1.01351249209469,30,4.67403893367191e-14,7.47957251689968e-13,27,29,0.2516
ATT_T007_000505_1,CALL_T007_000505,1,LOCAL_REENTRY_STENCIL,2010-12-21 12:00:00,E0021,CAL_004785,2.25,-2153.81202124577,2000.95319137558,FLAT_START,CONVERGED_FEASIBLE,CONVERGED,PASSED,0.900144276682966,18,1.01350057876483,30,4.68514116391816e-14,7.49511563924443e-13,27,29,0.2267
ATT_T007_000506_1,CALL_T007_000506,1,ANCHOR_SEARCH,2010-12-21 12:00:00,E0022,CAL_004796,0,-2045.73545495862,1540.41571044443,FLAT_START,CONVERGED_FEASIBLE,CONVERGED,PASSED,0.900004440059214,18,1.00178538746124,30,3.26405569239796e-14,5.3446136405455e-13,27,29,0.2486
ATT_T007_000507_1,CALL_T007_000507,1,ANCHOR_SEARCH,2010-12-21 12:00:00,E0022,CAL_004796,0.5,-2045.25007619953,1540.53574152466,FLAT_START,CONVERGED_FEASIBLE,CONVERGED,PASSED,0.900034976275902,18,1.0017975213267,30,3.25295346215171e-14,5.33018074122538e-13,27,29,0.2272
ATT_T007_000508_1,CALL_T007_000508,1,ANCHOR_SEARCH,2010-12-21 12:00:00,E0022,CAL_004796,1,-2044.76469744043,1540.65577260489,FLAT_START,CONVERGED_FEASIBLE,CONVERGED,PASSED,0.900065509757646,18,1.001809654265,30,3.23074900165921e-14,5.31463761888062e-13,27,29,0.2189
ATT_T007_000509_1,CALL_T007_000509,1,ANCHOR_SEARCH,2010-12-21 12:00:00,E0022,CAL_004796,2,-2043.79393992225,1540.89583476536,FLAT_START,CONVERGED_FEASIBLE,CONVERGED,PASSED,0.900126568519032,18,1.00183391736098,30,3.2085445411667e-14,1.47681866735638e-12,26,29,0.2152
ATT_T007_000510_1,CALL_T007_000510,1,ANCHOR_SEARCH,2010-12-21 12:00:00,E0022,CAL_004796,4,-2041.85242488588,1541.37595908628,FLAT_START,CONVERGED_FEASIBLE,CONVERGED,PASSED,0.900248653252473,18,1.0018824324365,30,3.2085445411667e-14,1.46249679033872e-12,26,29,0.2766
ATT_T007_000511_1,CALL_T007_000511,1,ANCHOR_SEARCH,2010-12-21 12:00:00,E0022,CAL_004796,3,-2042.82318240406,1541.13589692582,FLAT_START,CONVERGED_FEASIBLE,CONVERGED,PASSED,0.900187616348824,18,1.0018581767509,30,3.2085445411667e-14,1.46971323999878e-12,26,29,0.2412
ATT_T007_000512_1,CALL_T007_000512,1,ANCHOR_SEARCH,2010-12-21 12:00:00,E0022,CAL_004796,2.5,-2043.30856116316,1541.01586584559,FLAT_START,CONVERGED_FEASIBLE,CONVERGED,PASSED,0.900157093800037,18,1.00184604751909,30,3.21964677141295e-14,1.47326595367758e-12,26,29,0.2379
ATT_T007_000513_1,CALL_T007_000513,1,ANCHOR_SEARCH,2010-12-21 12:00:00,E0022,CAL_004796,2.25,-2043.5512505427,1540.95585030547,FLAT_START,CONVERGED_FEASIBLE,CONVERGED,PASSED,0.900141831501104,18,1.00183998255583,30,3.2085445411667e-14,1.47548639972683e-12,26,29,0.2271
ATT_T007_000514_1,CALL_T007_000514,1,EDGE_CANDIDATE_SCREEN,2010-12-21 12:00:00,E0022,CAL_004797,2.5,-2033.12532229036,1499.83713248681,FLAT_START,CONVERGED_FEASIBLE,CONVERGED,PASSED,0.900164515599194,18,1.00078816079352,30,3.09752223870419e-14,1.42785783197041e-12,26,29,0.2388
ATT_T007_000515_1,CALL_T007_000515,1,EDGE_CANDIDATE_SCREEN,2010-12-21 12:00:00,E0022,CAL_004798,2.5,-2023.14464459137,1459.47751106969,FLAT_START,CONVERGED_FEASIBLE,CONVERGED,PASSED,0.900169995241617,18,1,1,3.01980662698043e-14,1.38500322321988e-12,26,29,0.2313
ATT_T007_000516_1,CALL_T007_000516,1,EDGE_CANDIDATE_SCREEN,2010-12-21 12:00:00,E0022,CAL_004799,2.5,-2013.35906796573,1419.90683462166,FLAT_START,CONVERGED_FEASIBLE,CONVERGED,PASSED,0.900173635566511,18,1,1,2.90878432451791e-14,1.34425803821614e-12,26,29,0.2099
ATT_T007_000517_1,CALL_T007_000517,1,EDGE_CANDIDATE_SCREEN,2010-12-21 12:00:00,E0022,CAL_004800,2.5,-2003.76147945777,1381.09633994572,FLAT_START,CONVERGED_FEASIBLE,CONVERGED,PASSED,0.900175532819408,18,1,1,2.8421709430404e-14,1.3052892100518e-12,26,29,0.2477
ATT_T007_000518_1,CALL_T007_000518,1,EDGE_CANDIDATE_SCREEN,2010-12-21 12:00:00,E0022,CAL_004801,2.5,-1994.34509300401,1343.01858572375,FLAT_START,CONVERGED_FEASIBLE,CONVERGED,PASSED,0.900175777125315,18,1,1,2.73114864057789e-14,1.26876287254163e-12,26,29,0.2519
ATT_T007_000519_1,CALL_T007_000519,1,EDGE_CANDIDATE_SCREEN,2010-12-21 12:00:00,E0022,CAL_004802,2.5,-1985.1034305766,1305.64737626437,FLAT_START,CONVERGED_FEASIBLE,CONVERGED,PASSED,0.900174452923147,18,1,1,2.64233079860787e-14,1.23412391417332e-12,26,29,0.2227
ATT_T007_000520_1,CALL_T007_000520,1,EDGE_CANDIDATE_SCREEN,2010-12-21 12:00:00,E0022,CAL_004803,2.5,-1976.0303046113,1268.95769044612,FLAT_START,CONVERGED_FEASIBLE,CONVERGED,PASSED,0.900171639364999,18,1,1,2.58681964737661e-14,1.20048415652718e-12,26,29,0.2135
ATT_T007_000521_1,CALL_T007_000521,1,EDGE_CANDIDATE_SCREEN,2010-12-21 12:00:00,E0022,CAL_004804,2.5,-1967.11980161932,1232.92561544694,FLAT_START,CONVERGED_FEASIBLE,CONVERGED,PASSED,0.900167410683417,18,1,1,2.48689957516035e-14,1.16928688953521e-12,26,29,0.2153
ATT_T007_000522_1,CALL_T007_000522,1,EDGE_CANDIDATE_SCREEN,2010-12-21 12:00:00,E0022,CAL_004805,2.5,-1958.36626689045,1197.52828488745,FLAT_START,CONVERGED_FEASIBLE,CONVERGED,PASSED,0.900161836529573,18,1,1,2.42028619368284e-14,1.13908882326541e-12,26,29,0.2088
ATT_T007_000523_1,CALL_T007_000523,1,LOCAL_REENTRY_STENCIL,2010-12-21 12:00:00,E0022,CAL_004796,2.75,-2043.06587178361,1541.0758813857,FLAT_START,CONVERGED_FEASIBLE,CONVERGED,PASSED,0.900172355415915,18,1.00185211225077,30,3.2085445411667e-14,1.47171164144311e-12,26,29,0.2654
ATT_T007_000524_1,CALL_T007_000524,1,LOCAL_REENTRY_STENCIL,2010-12-21 12:00:00,E0022,CAL_004796,2.25,-2043.5512505427,1540.95585030547,FLAT_START,CONVERGED_FEASIBLE,CONVERGED,PASSED,0.900141831501104,18,1.00183998255583,30,3.2085445411667e-14,1.47548639972683e-12,26,29,0.3319
ATT_T007_000525_1,CALL_T007_000525,1,ANCHOR_SEARCH,2010-12-21 12:00:00,E0023,CAL_004807,0,-1952.19118399925,1162.14366564705,FLAT_START,CONVERGED_FEASIBLE,CONVERGED,PASSED,0.900003043982218,18,1,1,2.38697950294409e-14,1.12398979013051e-12,26,29,0.2265
ATT_T007_000526_1,CALL_T007_000526,1,ANCHOR_SEARCH,2010-12-21 12:00:00,E0023,CAL_004807,0.5,-1951.70660912205,1162.26690195819,FLAT_START,CONVERGED_FEASIBLE,CONVERGED,PASSED,0.900033437056099,18,1,1,2.38697950294409e-14,1.12121423256895e-12,26,29,0.2547
ATT_T007_000527_1,CALL_T007_000527,1,ANCHOR_SEARCH,2010-12-21 12:00:00,E0023,CAL_004807,1,-1951.22203424484,1162.39013826932,FLAT_START,CONVERGED_FEASIBLE,CONVERGED,PASSED,0.900063827438475,18,1,1,2.36477504245158e-14,1.11866071961231e-12,26,29,0.2131
ATT_T007_000528_1,CALL_T007_000528,1,ANCHOR_SEARCH,2010-12-21 12:00:00,E0023,CAL_004807,2,-1950.25288449043,1162.6366108916,FLAT_START,CONVERGED_FEASIBLE,CONVERGED,PASSED,0.900124600131367,18,1,1,2.35367281220533e-14,1.11322062679164e-12,26,29,0.2247
ATT_T007_000529_1,CALL_T007_000529,1,ANCHOR_SEARCH,2010-12-21 12:00:00,E0023,CAL_004807,4,-1948.31458498162,1163.12955613615,FLAT_START,CONVERGED_FEASIBLE,CONVERGED,PASSED,0.900246113248259,18,1,1,2.34257058195908e-14,1.10200737424293e-12,26,29,0.2268
ATT_T007_000530_1,CALL_T007_000530,1,ANCHOR_SEARCH,2010-12-21 12:00:00,E0023,CAL_004807,3,-1949.28373473603,1162.88308351387,FLAT_START,CONVERGED_FEASIBLE,CONVERGED,PASSED,0.900185362066195,18,1,1,2.33146835171283e-14,1.10789155627344e-12,26,29,0.2267
ATT_T007_000531_1,CALL_T007_000531,1,ANCHOR_SEARCH,2010-12-21 12:00:00,E0023,CAL_004807,2.5,-1949.76830961323,1162.75984720274,FLAT_START,CONVERGED_FEASIBLE,CONVERGED,PASSED,0.900154982443208,18,1,1,2.35367281220533e-14,1.11022302462516e-12,26,29,0.2393
ATT_T007_000532_1,CALL_T007_000532,1,ANCHOR_SEARCH,2010-12-21 12:00:00,E0023,CAL_004807,2.25,-1950.01059705183,1162.69822904717,FLAT_START,CONVERGED_FEASIBLE,CONVERGED,PASSED,0.900139791623435,18,1,1,2.35367281220533e-14,1.11166631455717e-12,26,29,0.2374
ATT_T007_000533_1,CALL_T007_000533,1,EDGE_CANDIDATE_SCREEN,2010-12-21 12:00:00,E0023,CAL_004808,2.5,-1941.02466125927,1128.37913352877,FLAT_START,CONVERGED_FEASIBLE,CONVERGED,PASSED,0.900161087463819,18,1,1,2.27595720048157e-14,1.08169029289229e-12,26,29,0.2218
ATT_T007_000534_1,CALL_T007_000534,1,EDGE_CANDIDATE_SCREEN,2010-12-21 12:00:00,E0023,CAL_004809,2.5,-1932.42985888146,1094.58369395098,FLAT_START,CONVERGED_FEASIBLE,CONVERGED,PASSED,0.900165762844628,18,1,1,2.22044604925031e-14,1.05415676188159e-12,26,29,0.2537
ATT_T007_000535_1,CALL_T007_000535,1,EDGE_CANDIDATE_SCREEN,2010-12-21 12:00:00,E0023,CAL_004810,2.5,-1923.97885751206,1061.35369125907,FLAT_START,CONVERGED_FEASIBLE,CONVERGED,PASSED,0.900169073545429,18,1,1,2.16493489801906e-14,1.02784447619797e-12,26,29,0.2152
ATT_T007_000536_1,CALL_T007_000536,1,EDGE_CANDIDATE_SCREEN,2010-12-21 12:00:00,E0023,CAL_004811,2.5,-1915.66682269457,1028.67011598938,FLAT_START,CONVERGED_FEASIBLE,CONVERGED,PASSED,0.900171080746231,18,1,1,2.09832151654155e-14,1.00297548044637e-12,26,29,0.2397
ATT_T007_000537_1,CALL_T007_000537,1,EDGE_CANDIDATE_SCREEN,2010-12-21 12:00:00,E0023,CAL_004812,2.5,-1907.48911932779,996.514742559203,FLAT_START,CONVERGED_FEASIBLE,CONVERGED,PASSED,0.900171842090721,18,1,1,2.05391259555654e-14,9.79105685416926e-13,26,29,0.2202
ATT_T007_000538_1,CALL_T007_000538,1,EDGE_CANDIDATE_SCREEN,2010-12-21 12:00:00,E0023,CAL_004813,2.5,-1899.44130120603,964.870088137679,FLAT_START,CONVERGED_FEASIBLE,CONVERGED,PASSED,0.900171411911689,18,1,1,1.98729921407903e-14,9.56124068807185e-13,26,29,0.229
ATT_T007_000539_1,CALL_T007_000539,1,EDGE_CANDIDATE_SCREEN,2010-12-21 12:00:00,E0023,CAL_004814,2.5,-1891.51910120488,933.719374055757,FLAT_START,CONVERGED_FEASIBLE,CONVERGED,PASSED,0.900169841439918,18,1,1,1.94289029309402e-14,9.34252675222069e-13,26,29,0.2208
ATT_T007_000540_1,CALL_T007_000540,1,EDGE_CANDIDATE_SCREEN,2010-12-21 12:00:00,E0023,CAL_004815,2.5,-1883.71842206664,903.0464895735,FLAT_START,CONVERGED_FEASIBLE,CONVERGED,PASSED,0.900167178997885,18,1,1,1.88737914186277e-14,9.13158437754191e-13,26,29,0.2098
ATT_T007_000541_1,CALL_T007_000541,1,EDGE_CANDIDATE_SCREEN,2010-12-21 12:00:00,E0023,CAL_004816,2.5,-1876.03532774264,872.835957837769,FLAT_START,CONVERGED_FEASIBLE,CONVERGED,PASSED,0.90016347017953,18,1,1,1.85407245112401e-14,8.93174423310938e-13,26,29,0.2329
ATT_T007_000542_1,CALL_T007_000542,1,LOCAL_REENTRY_STENCIL,2010-12-21 12:00:00,E0023,CAL_004807,2.75,-1949.52602217463,1162.8214653583,FLAT_START,CONVERGED_FEASIBLE,CONVERGED,PASSED,0.900170172590767,18,1,1,2.34257058195908e-14,1.10889075699561e-12,26,29,0.2216
ATT_T007_000543_1,CALL_T007_000543,1,LOCAL_REENTRY_STENCIL,2010-12-21 12:00:00,E0023,CAL_004807,2.25,-1950.01059705183,1162.69822904717,FLAT_START,CONVERGED_FEASIBLE,CONVERGED,PASSED,0.900139791623435,18,1,1,2.35367281220533e-14,1.11166631455717e-12,26,29,0.2104
ATT_T007_000544_1,CALL_T007_000544,1,ANCHOR_SEARCH,2010-12-21 12:00:00,E0024,CAL_004828,0,-1798.97699202017,565.871159148655,FLAT_START,CONVERGED_FEASIBLE,CONVERGED,PASSED,0.900004860570098,18,1,1,3.74145159298678e-14,6.49924558615567e-13,26,28,0.2351
ATT_T007_000545_1,CALL_T007_000545,1,ANCHOR_SEARCH,2010-12-21 12:00:00,E0024,CAL_004828,0.5,-1798.49308062668,565.996975535689,FLAT_START,CONVERGED_FEASIBLE,CONVERGED,PASSED,0.900035033418016,18,1,1,3.73034936274053e-14,6.48259224078629e-13,26,28,0.2558
ATT_T007_000546_1,CALL_T007_000546,1,ANCHOR_SEARCH,2010-12-21 12:00:00,E0024,CAL_004828,1,-1798.00916923318,566.122791922723,FLAT_START,CONVERGED_FEASIBLE,CONVERGED,PASSED,0.900065203639124,18,1,1,3.69704267200177e-14,6.46815934146616e-13,26,28,0.2345
ATT_T007_000547_1,CALL_T007_000547,1,ANCHOR_SEARCH,2010-12-21 12:00:00,E0024,CAL_004828,2,-1797.04134644619,566.374424696791,FLAT_START,CONVERGED_FEASIBLE,CONVERGED,PASSED,0.900125536203446,18,1,1,3.68594044175552e-14,6.43596287375203e-13,26,28,0.2355
ATT_T007_000548_1,CALL_T007_000548,1,ANCHOR_SEARCH,2010-12-21 12:00:00,E0024,CAL_004828,4,-1795.10570087221,566.877690244928,FLAT_START,CONVERGED_FEASIBLE,CONVERGED,PASSED,0.900246169838298,18,1,1,3.65263375101677e-14,6.37156993832377e-13,26,28,0.2132
ATT_T007_000549_1,CALL_T007_000549,1,ANCHOR_SEARCH,2010-12-21 12:00:00,E0024,CAL_004828,3,-1796.0735236592,566.62605747086,FLAT_START,CONVERGED_FEASIBLE,CONVERGED,PASSED,0.900185858268145,18,1,1,3.65263375101677e-14,6.40598685208715e-13,26,28,0.2555
ATT_T007_000550_1,CALL_T007_000550,1,ANCHOR_SEARCH,2010-12-21 12:00:00,E0024,CAL_004828,2.5,-1796.5574350527,566.500241083826,FLAT_START,CONVERGED_FEASIBLE,CONVERGED,PASSED,0.900155698547931,18,1,1,3.68594044175552e-14,6.42152997443191e-13,26,28,0.2154
ATT_T007_000551_1,CALL_T007_000551,1,ANCHOR_SEARCH,2010-12-21 12:00:00,E0024,CAL_004828,2.25,-1796.79939074945,566.437332890309,FLAT_START,CONVERGED_FEASIBLE,CONVERGED,PASSED,0.900140617703762,18,1,1,3.67483821150927e-14,6.43152198165353e-13,26,28,0.2243
ATT_T007_000552_1,CALL_T007_000552,1,EDGE_CANDIDATE_SCREEN,2010-12-21 12:00:00,E0024,CAL_004818,2.5,-1868.46935267227,843.085804256185,FLAT_START,CONVERGED_FEASIBLE,CONVERGED,PASSED,0.900158758141636,18,1,1,4.6074255521944e-14,7.86815057551848e-13,26,28,0.2206
ATT_T007_000553_1,CALL_T007_000553,1,EDGE_CANDIDATE_SCREEN,2010-12-21 12:00:00,E0024,CAL_004819,2.5,-1860.81828716212,813.658494666285,FLAT_START,CONVERGED_FEASIBLE,CONVERGED,PASSED,0.900162856163635,18,1,1,4.47419878923938e-14,7.69495578367696e-13,26,28,0.2416
ATT_T007_000554_1,CALL_T007_000554,1,EDGE_CANDIDATE_SCREEN,2010-12-21 12:00:00,E0024,CAL_004820,2.5,-1853.27822676614,784.658129775346,FLAT_START,CONVERGED_FEASIBLE,CONVERGED,PASSED,0.900165873294172,18,1,1,4.38538094726937e-14,7.53064277603244e-13,26,28,0.2207
ATT_T007_000555_1,CALL_T007_000555,1,EDGE_CANDIDATE_SCREEN,2010-12-21 12:00:00,E0024,CAL_004821,2.5,-1845.84564924937,756.07116246385,FLAT_START,CONVERGED_FEASIBLE,CONVERGED,PASSED,0.900167851560542,18,1,1,4.29656310529936e-14,7.37410132956029e-13,26,28,0.2307
ATT_T007_000556_1,CALL_T007_000556,1,EDGE_CANDIDATE_SCREEN,2010-12-21 12:00:00,E0024,CAL_004822,2.5,-1838.51716437375,727.884553295018,FLAT_START,CONVERGED_FEASIBLE,CONVERGED,PASSED,0.900168830731885,18,1,1,4.18554080283684e-14,7.22089055216202e-13,26,28,0.2073
ATT_T007_000557_1,CALL_T007_000557,1,EDGE_CANDIDATE_SCREEN,2010-12-21 12:00:00,E0024,CAL_004823,2.5,-1831.28950747936,700.085745827154,FLAT_START,CONVERGED_FEASIBLE,CONVERGED,PASSED,0.900168848450236,18,1,1,4.08562073062058e-14,7.0743411129115e-13,26,28,0.2342
ATT_T007_000558_1,CALL_T007_000558,1,EDGE_CANDIDATE_SCREEN,2010-12-21 12:00:00,E0024,CAL_004824,2.5,-1824.1595334301,672.662643327632,FLAT_START,CONVERGED_FEASIBLE,CONVERGED,PASSED,0.900167940352703,18,1,1,4.00790511889682e-14,6.93445301180873e-13,26,28,0.2133
ATT_T007_000559_1,CALL_T007_000559,1,EDGE_CANDIDATE_SCREEN,2010-12-21 12:00:00,E0024,CAL_004825,2.5,-1817.12421089967,645.603586795839,FLAT_START,CONVERGED_FEASIBLE,CONVERGED,PASSED,0.900166140185439,18,1,1,3.93018950717305e-14,6.79456491070596e-13,26,28,0.2215
ATT_T007_000560_1,CALL_T007_000560,1,EDGE_CANDIDATE_SCREEN,2010-12-21 12:00:00,E0024,CAL_004826,2.5,-1810.18061697561,618.897334209353,FLAT_START,CONVERGED_FEASIBLE,CONVERGED,PASSED,0.90016347991003,18,1,1,3.81916720471054e-14,6.67244037799719e-13,26,28,0.2219
ATT_T007_000561_1,CALL_T007_000561,1,EDGE_CANDIDATE_SCREEN,2010-12-21 12:00:00,E0024,CAL_004827,2.5,-1803.32593206071,592.533040913947,FLAT_START,CONVERGED_FEASIBLE,CONVERGED,PASSED,0.900159989802856,18,1,1,3.76365605347928e-14,6.54365450714067e-13,26,28,0.2412
ATT_T007_000562_1,CALL_T007_000562,1,LOCAL_REENTRY_STENCIL,2010-12-21 12:00:00,E0024,CAL_004828,2.75,-1796.31547935595,566.563149277343,FLAT_START,CONVERGED_FEASIBLE,CONVERGED,PASSED,0.900170778736033,18,1,1,3.68594044175552e-14,6.4126481902349e-13,26,28,0.2354
ATT_T007_000563_1,CALL_T007_000563,1,LOCAL_REENTRY_STENCIL,2010-12-21 12:00:00,E0024,CAL_004828,2.25,-1796.79939074945,566.437332890309,FLAT_START,CONVERGED_FEASIBLE,CONVERGED,PASSED,0.900140617703762,18,1,1,3.67483821150927e-14,6.43152198165353e-13,26,28,0.2153
ATT_T007_000564_1,CALL_T007_000564,1,ANCHOR_SEARCH,2010-12-21 12:00:00,E0025,CAL_004839,0,-1734.0340089301,321.34174833339,FLAT_START,CONVERGED_FEASIBLE,CONVERGED,PASSED,0.90000281533743,18,1,1,3.07531777821168e-14,5.45785638905727e-13,26,28,0.2483
ATT_T007_000565_1,CALL_T007_000565,1,ANCHOR_SEARCH,2010-12-21 12:00:00,E0025,CAL_004839,0.5,-1733.55076139413,321.470090917834,FLAT_START,CONVERGED_FEASIBLE,CONVERGED,PASSED,0.900032900625234,18,1,1,3.07531777821168e-14,5.44231326671252e-13,26,28,0.2596
ATT_T007_000566_1,CALL_T007_000566,1,ANCHOR_SEARCH,2010-12-21 12:00:00,E0025,CAL_004839,1,-1733.06751385817,321.598433502278,FLAT_START,CONVERGED_FEASIBLE,CONVERGED,PASSED,0.900062983312942,18,1,1,3.05311331771918e-14,5.43010081344164e-13,26,28,0.2259
ATT_T007_000567_1,CALL_T007_000567,1,ANCHOR_SEARCH,2010-12-21 12:00:00,E0025,CAL_004839,2,-1732.10101878623,321.855118671166,FLAT_START,CONVERGED_FEASIBLE,CONVERGED,PASSED,0.900123140890562,18,1,1,3.01980662698043e-14,5.39790434572751e-13,26,28,0.2501
ATT_T007_000568_1,CALL_T007_000568,1,ANCHOR_SEARCH,2010-12-21 12:00:00,E0025,CAL_004839,4,-1730.16802864236,322.368489008943,FLAT_START,CONVERGED_FEASIBLE,CONVERGED,PASSED,0.900243424872072,18,1,1,3.00870439673417e-14,5.34350341752088e-13,26,28,0.2194
ATT_T007_000569_1,CALL_T007_000569,1,ANCHOR_SEARCH,2010-12-21 12:00:00,E0025,CAL_004839,3,-1731.1345237143,322.111803840055,FLAT_START,CONVERGED_FEASIBLE,CONVERGED,PASSED,0.900183288075277,18,1,1,3.03090885722668e-14,5.37125899313651e-13,26,28,0.2246
ATT_T007_000570_1,CALL_T007_000570,1,ANCHOR_SEARCH,2010-12-21 12:00:00,E0025,CAL_004839,2.5,-1731.61777125026,321.983461255611,FLAT_START,CONVERGED_FEASIBLE,CONVERGED,PASSED,0.900153215781721,18,1,1,3.04201108747293e-14,5.38791233850588e-13,26,28,0.2229
ATT_T007_000571_1,CALL_T007_000571,1,ANCHOR_SEARCH,2010-12-21 12:00:00,E0025,CAL_004839,2.25,-1731.85939501825,321.919289963388,FLAT_START,CONVERGED_FEASIBLE,CONVERGED,PASSED,0.90013817866088,18,1,1,3.03090885722668e-14,5.39346345362901e-13,26,28,0.2181
ATT_T007_000572_1,CALL_T007_000572,1,EDGE_CANDIDATE_SCREEN,2010-12-21 12:00:00,E0025,CAL_004830,2.5,-1789.71654577478,540.742416073957,FLAT_START,CONVERGED_FEASIBLE,CONVERGED,PASSED,0.900159013563966,18,1,1,3.60822483003176e-14,6.29829521869851e-13,26,28,0.2231
ATT_T007_000573_1,CALL_T007_000573,1,EDGE_CANDIDATE_SCREEN,2010-12-21 12:00:00,E0025,CAL_004831,2.5,-1782.95652798452,515.288963080255,FLAT_START,CONVERGED_FEASIBLE,CONVERGED,PASSED,0.900161467207925,18,1,1,3.50830475781549e-14,6.18394224716212e-13,26,28,0.2179
ATT_T007_000574_1,CALL_T007_000574,1,EDGE_CANDIDATE_SCREEN,2010-12-21 12:00:00,E0025,CAL_004832,2.5,-1776.27814608434,490.142893196372,FLAT_START,CONVERGED_FEASIBLE,CONVERGED,PASSED,0.900163088070226,18,1,1,3.44169137633799e-14,6.06958927562573e-13,26,28,0.2294
ATT_T007_000575_1,CALL_T007_000575,1,EDGE_CANDIDATE_SCREEN,2010-12-21 12:00:00,E0025,CAL_004833,2.5,-1769.67893110263,465.294910018837,FLAT_START,CONVERGED_FEASIBLE,CONVERGED,PASSED,0.900163903079779,18,1,1,3.38618022510673e-14,5.96522831131097e-13,26,28,0.2094
ATT_T007_000576_1,CALL_T007_000576,1,EDGE_CANDIDATE_SCREEN,2010-12-21 12:00:00,E0025,CAL_004834,2.5,-1763.15649609709,440.73602600865,FLAT_START,CONVERGED_FEASIBLE,CONVERGED,PASSED,0.900163937808788,18,1,1,3.29736238313671e-14,5.85864690094695e-13,26,28,0.2165
ATT_T007_000577_1,CALL_T007_000577,1,EDGE_CANDIDATE_SCREEN,2010-12-21 12:00:00,E0025,CAL_004835,2.5,-1756.70853247201,416.457548624711,FLAT_START,CONVERGED_FEASIBLE,CONVERGED,PASSED,0.900163216542856,18,1,1,3.25295346215171e-14,5.75539615965681e-13,26,28,0.249
ATT_T007_000578_1,CALL_T007_000578,1,EDGE_CANDIDATE_SCREEN,2010-12-21 12:00:00,E0025,CAL_004836,2.5,-1750.33280648478,392.451067169794,FLAT_START,CONVERGED_FEASIBLE,CONVERGED,PASSED,0.900161762346744,18,1,1,3.2085445411667e-14,5.66102720256367e-13,26,28,0.2678
ATT_T007_000579_1,CALL_T007_000579,1,EDGE_CANDIDATE_SCREEN,2010-12-21 12:00:00,E0025,CAL_004837,2.5,-1744.02715593014,368.708440305948,FLAT_START,CONVERGED_FEASIBLE,CONVERGED,PASSED,0.90015959712607,18,1,1,3.14193115968919e-14,5.56443779942128e-13,26,28,0.2069
ATT_T007_000580_1,CALL_T007_000580,1,EDGE_CANDIDATE_SCREEN,2010-12-21 12:00:00,E0025,CAL_004838,2.5,-1737.78948699166,345.221784199138,FLAT_START,CONVERGED_FEASIBLE,CONVERGED,PASSED,0.900156741685217,18,1,1,3.09752223870419e-14,5.47339951140202e-13,26,28,0.2122
ATT_T007_000581_1,CALL_T007_000581,1,LOCAL_REENTRY_STENCIL,2010-12-21 12:00:00,E0025,CAL_004839,2.75,-1731.37614748228,322.047632547833,FLAT_START,CONVERGED_FEASIBLE,CONVERGED,PASSED,0.90016825225316,18,1,1,3.03090885722668e-14,5.38125100035813e-13,26,28,0.2178
ATT_T007_000582_1,CALL_T007_000582,1,LOCAL_REENTRY_STENCIL,2010-12-21 12:00:00,E0025,CAL_004839,2.25,-1731.85939501825,321.919289963388,FLAT_START,CONVERGED_FEASIBLE,CONVERGED,PASSED,0.90013817866088,18,1,1,3.03090885722668e-14,5.39346345362901e-13,26,28,0.275
ATT_T007_000583_1,CALL_T007_000583,1,ANCHOR_SEARCH,2010-12-21 12:00:00,E0026,CAL_004841,0,-1727.76331416574,298.305264299981,FLAT_START,CONVERGED_FEASIBLE,CONVERGED,PASSED,0.900007533350497,18,1,1,3.01980662698043e-14,5.36237720893951e-13,26,28,0.2145
ATT_T007_000584_1,CALL_T007_000584,1,ANCHOR_SEARCH,2010-12-21 12:00:00,E0026,CAL_004841,0.5,-1727.28086860904,298.436589411144,FLAT_START,CONVERGED_FEASIBLE,CONVERGED,PASSED,0.900037610009955,18,1,1,2.99760216648792e-14,5.349054532644e-13,26,28,0.2231
ATT_T007_000585_1,CALL_T007_000585,1,ANCHOR_SEARCH,2010-12-21 12:00:00,E0026,CAL_004841,1,-1726.79842305234,298.567914522306,FLAT_START,CONVERGED_FEASIBLE,CONVERGED,PASSED,0.90006768407386,18,1,1,3.00870439673417e-14,5.33129096425e-13,26,28,0.2336
ATT_T007_000586_1,CALL_T007_000586,1,ANCHOR_SEARCH,2010-12-21 12:00:00,E0026,CAL_004841,2,-1725.83353193895,298.830564744631,FLAT_START,CONVERGED_FEASIBLE,CONVERGED,PASSED,0.900127824417498,18,1,1,2.97539770599542e-14,5.31241717283137e-13,26,28,0.276
ATT_T007_000587_1,CALL_T007_000587,1,ANCHOR_SEARCH,2010-12-21 12:00:00,E0026,CAL_004841,4,-1723.90374971215,299.355865189281,FLAT_START,CONVERGED_FEASIBLE,CONVERGED,PASSED,0.900248073985495,18,1,1,2.94209101525666e-14,5.25801624462474e-13,26,28,0.2274
ATT_T007_000588_1,CALL_T007_000588,1,ANCHOR_SEARCH,2010-12-21 12:00:00,E0026,CAL_004841,3,-1724.86864082555,299.093214966956,FLAT_START,CONVERGED_FEASIBLE,CONVERGED,PASSED,0.900187954386387,18,1,1,2.96429547574917e-14,5.28577182024037e-13,26,28,0.2307
ATT_T007_000589_1,CALL_T007_000589,1,ANCHOR_SEARCH,2010-12-21 12:00:00,E0026,CAL_004841,2.5,-1725.35108638225,298.961889855794,FLAT_START,CONVERGED_FEASIBLE,CONVERGED,PASSED,0.900157890698476,18,1,1,2.95319324550292e-14,5.29798427351125e-13,26,28,0.25
ATT_T007_000590_1,CALL_T007_000590,1,ANCHOR_SEARCH,2010-12-21 12:00:00,E0026,CAL_004841,2.25,-1725.5923091606,298.896227300212,FLAT_START,CONVERGED_FEASIBLE,CONVERGED,PASSED,0.900142857882159,18,1,1,2.98649993624167e-14,5.30353538863437e-13,26,28,0.2809
ATT_T007_000591_1,CALL_T007_000591,1,EDGE_CANDIDATE_SCREEN,2010-12-21 12:00:00,E0026,CAL_004842,2.5,-1719.14533754724,276.163995950108,FLAT_START,CONVERGED_FEASIBLE,CONVERGED,PASSED,0.900161832134866,18,1,1,2.93098878501041e-14,5.21027665456586e-13,26,28,0.2223
ATT_T007_000592_1,CALL_T007_000592,1,EDGE_CANDIDATE_SCREEN,2010-12-21 12:00:00,E0026,CAL_004843,2.5,-1713.00260011809,253.597585364763,FLAT_START,CONVERGED_FEASIBLE,CONVERGED,PASSED,0.900165060031048,18,1,1,2.8643754035329e-14,5.12923037376822e-13,26,28,0.2333
ATT_T007_000593_1,CALL_T007_000593,1,EDGE_CANDIDATE_SCREEN,2010-12-21 12:00:00,E0026,CAL_004844,2.5,-1706.92099766386,231.255764705499,FLAT_START,CONVERGED_FEASIBLE,CONVERGED,PASSED,0.900167593729547,18,1,1,2.79776202205539e-14,5.04929431599521e-13,26,28,0.4395
ATT_T007_000594_1,CALL_T007_000594,1,EDGE_CANDIDATE_SCREEN,2010-12-21 12:00:00,E0026,CAL_004845,2.5,-1700.89870936213,209.131844865603,FLAT_START,CONVERGED_FEASIBLE,CONVERGED,PASSED,0.900169451641004,18,1,1,2.77555756156289e-14,4.9693582582222e-13,26,28,0.2582
ATT_T007_000595_1,CALL_T007_000595,1,EDGE_CANDIDATE_SCREEN,2010-12-21 12:00:00,E0026,CAL_004846,2.5,-1694.93396763296,187.219332333752,FLAT_START,CONVERGED_FEASIBLE,CONVERGED,PASSED,0.900170651287215,18,1,1,2.72004641033163e-14,4.89497331557232e-13,26,28,0.2226
ATT_T007_000596_1,CALL_T007_000596,1,EDGE_CANDIDATE_SCREEN,2010-12-21 12:00:00,E0026,CAL_004847,2.5,-1689.02505588402,165.511920910584,FLAT_START,CONVERGED_FEASIBLE,CONVERGED,PASSED,0.900171209341676,18,1,1,2.67563748934663e-14,4.82169859594705e-13,26,28,0.2141
ATT_T007_000597_1,CALL_T007_000597,1,EDGE_CANDIDATE_SCREEN,2010-12-21 12:00:00,E0026,CAL_004848,2.5,-1683.17030636081,144.003483810858,FLAT_START,CONVERGED_FEASIBLE,CONVERGED,PASSED,0.900171141667759,18,1,1,2.63122856836162e-14,4.75064432237104e-13,26,28,0.2315
ATT_T007_000598_1,CALL_T007_000598,1,EDGE_CANDIDATE_SCREEN,2010-12-21 12:00:00,E0026,CAL_004849,2.5,-1677.36809809584,122.688066129535,FLAT_START,CONVERGED_FEASIBLE,CONVERGED,PASSED,0.90017046335469,18,1,1,2.57571741713036e-14,4.68292071786891e-13,26,28,0.2237
ATT_T007_000599_1,CALL_T007_000599,1,EDGE_CANDIDATE_SCREEN,2010-12-21 12:00:00,E0026,CAL_004850,2.5,-1671.61685495136,101.559877651445,FLAT_START,CONVERGED_FEASIBLE,CONVERGED,PASSED,0.900169188751465,18,1,1,2.54241072639161e-14,4.6163073363914e-13,26,28,0.2149
ATT_T007_000600_1,CALL_T007_000600,1,EDGE_CANDIDATE_SCREEN,2010-12-21 12:00:00,E0026,CAL_004851,2.5,-1665.91504375045,80.6132859854691,FLAT_START,CONVERGED_FEASIBLE,CONVERGED,PASSED,0.900167331498808,18,1,1,2.50910403565285e-14,4.55413484701239e-13,26,28,0.2551
ATT_T007_000601_1,CALL_T007_000601,1,EDGE_CANDIDATE_SCREEN,2010-12-21 12:00:00,E0026,CAL_004852,2.5,-1660.26117249158,59.8428100053422,FLAT_START,CONVERGED_FEASIBLE,CONVERGED,PASSED,0.900164904559308,18,1,1,2.4535928844216e-14,4.48641124251026e-13,26,28,0.2666
ATT_T007_000602_1,CALL_T007_000602,1,EDGE_CANDIDATE_SCREEN,2010-12-21 12:00:00,E0026,CAL_004853,2.5,-1654.65378864199,39.243113580245,FLAT_START,CONVERGED_FEASIBLE,CONVERGED,PASSED,0.900161920245837,18,1,1,2.43138842392909e-14,4.430900091279e-13,26,28,0.2147
ATT_T007_000603_1,CALL_T007_000603,1,EDGE_CANDIDATE_SCREEN,2010-12-21 12:00:00,E0026,CAL_004854,2.5,-1649.09147750571,18.8089995793959,FLAT_START,CONVERGED_FEASIBLE,CONVERGED,PASSED,0.900158390248353,18,1,1,2.39808173319034e-14,4.37427871702312e-13,26,28,0.2227
ATT_T007_000604_1,CALL_T007_000604,1,LOCAL_REENTRY_STENCIL,2010-12-21 12:00:00,E0026,CAL_004841,2.75,-1725.1098636039,299.027552411375,FLAT_START,CONVERGED_FEASIBLE,CONVERGED,PASSED,0.900172922866526,18,1,1,2.96429547574917e-14,5.2913229353635e-13,26,28,0.217
ATT_T007_000605_1,CALL_T007_000605,1,LOCAL_REENTRY_STENCIL,2010-12-21 12:00:00,E0026,CAL_004841,2.25,-1725.5923091606,298.896227300212,FLAT_START,CONVERGED_FEASIBLE,CONVERGED,PASSED,0.900142857882159,18,1,1,2.98649993624167e-14,5.30353538863437e-13,26,28,0.3327
ATT_T007_000606_1,CALL_T007_000606,1,ANCHOR_SEARCH,2010-12-21 12:00:00,E0027,CAL_004860,0,-1623.96044141806,-81.711844579744,FLAT_START,CONVERGED_FEASIBLE,CONVERGED,PASSED,0.90000396483793,18,1,1,2.26485497023532e-14,1.19682042054592e-12,25,28,0.2109
ATT_T007_000607_1,CALL_T007_000607,1,ANCHOR_SEARCH,2010-12-21 12:00:00,E0027,CAL_004860,0.5,-1623.47853723703,-81.5785465666267,FLAT_START,CONVERGED_FEASIBLE,CONVERGED,PASSED,0.900033909374703,18,1,1,2.24265050974282e-14,1.19393384068189e-12,25,28,0.2413
ATT_T007_000608_1,CALL_T007_000608,1,ANCHOR_SEARCH,2010-12-21 12:00:00,E0027,CAL_004860,1,-1622.99663305599,-81.4452485535093,FLAT_START,CONVERGED_FEASIBLE,CONVERGED,PASSED,0.900063851354763,18,1,1,2.25375273998907e-14,1.19104726081787e-12,25,28,0.24
ATT_T007_000609_1,CALL_T007_000609,1,ANCHOR_SEARCH,2010-12-21 12:00:00,E0027,CAL_004860,2,-1622.03282469392,-81.1786525272747,FLAT_START,CONVERGED_FEASIBLE,CONVERGED,PASSED,0.900123727647169,18,1,1,2.23154827949656e-14,1.1856071679972e-12,25,28,0.2227
ATT_T007_000610_1,CALL_T007_000610,1,ANCHOR_SEARCH,2010-12-21 12:00:00,E0027,CAL_004860,4,-1620.10520796978,-80.6454604748054,FLAT_START,CONVERGED_FEASIBLE,CONVERGED,PASSED,0.900243449578055,18,1,1,2.20934381900406e-14,1.1740608485411e-12,25,28,0.2327
ATT_T007_000611_1,CALL_T007_000611,1,ANCHOR_SEARCH,2010-12-21 12:00:00,E0027,CAL_004860,3,-1621.06901633185,-80.91205650104,FLAT_START,CONVERGED_FEASIBLE,CONVERGED,PASSED,0.900183593719987,18,1,1,2.20934381900406e-14,1.17983400826915e-12,25,28,0.2328
ATT_T007_000612_1,CALL_T007_000612,1,ANCHOR_SEARCH,2010-12-21 12:00:00,E0027,CAL_004860,2.5,-1621.55092051289,-81.0453545141574,FLAT_START,CONVERGED_FEASIBLE,CONVERGED,PASSED,0.900153661960724,18,1,1,2.23154827949656e-14,1.18283161043564e-12,25,28,0.2184
ATT_T007_000613_1,CALL_T007_000613,1,ANCHOR_SEARCH,2010-12-21 12:00:00,E0027,CAL_004860,2.25,-1621.7918726034,-81.112003520716,FLAT_START,CONVERGED_FEASIBLE,CONVERGED,PASSED,0.90013869512327,18,1,1,2.22044604925031e-14,1.18438592267012e-12,25,28,0.2508
ATT_T007_000614_1,CALL_T007_000614,1,EDGE_CANDIDATE_SCREEN,2010-12-21 12:00:00,E0027,CAL_004856,2.5,-1643.5660702358,-1.45532575476672,FLAT_START,CONVERGED_FEASIBLE,CONVERGED,PASSED,0.900154865632701,18,1,1,2.37587727269783e-14,4.31654711974261e-13,26,28,0.2208
ATT_T007_000615_1,CALL_T007_000615,1,EDGE_CANDIDATE_SCREEN,2010-12-21 12:00:00,E0027,CAL_004857,2.5,-1638.00007995617,-21.5777111123969,FLAT_START,CONVERGED_FEASIBLE,CONVERGED,PASSED,0.90015538811404,18,1,1,2.32036612146658e-14,1.22735155372311e-12,25,28,0.2517
ATT_T007_000616_1,CALL_T007_000616,1,EDGE_CANDIDATE_SCREEN,2010-12-21 12:00:00,E0027,CAL_004858,2.5,-1632.47642834959,-41.547032046302,FLAT_START,CONVERGED_FEASIBLE,CONVERGED,PASSED,0.900155354475273,18,1,1,2.26485497023532e-14,1.21180843137836e-12,25,28,0.2065
ATT_T007_000617_1,CALL_T007_000617,1,EDGE_CANDIDATE_SCREEN,2010-12-21 12:00:00,E0027,CAL_004859,2.5,-1626.99380229507,-61.3680358027202,FLAT_START,CONVERGED_FEASIBLE,CONVERGED,PASSED,0.900154775634878,18,1,1,2.26485497023532e-14,1.19693144284838e-12,25,28,0.2511
ATT_T007_000618_1,CALL_T007_000618,1,LOCAL_REENTRY_STENCIL,2010-12-21 12:00:00,E0027,CAL_004860,2.75,-1621.30996842237,-80.9787055075987,FLAT_START,CONVERGED_FEASIBLE,CONVERGED,PASSED,0.900168628159604,18,1,1,2.20934381900406e-14,1.18094423129378e-12,25,28,0.2087
ATT_T007_000619_1,CALL_T007_000619,1,LOCAL_REENTRY_STENCIL,2010-12-21 12:00:00,E0027,CAL_004860,2.25,-1621.7918726034,-81.112003520716,FLAT_START,CONVERGED_FEASIBLE,CONVERGED,PASSED,0.90013869512327,18,1,1,2.22044604925031e-14,1.18438592267012e-12,25,28,0.2561
ATT_T007_000620_1,CALL_T007_000620,1,ANCHOR_SEARCH,2010-12-21 12:00:00,E0028,CAL_004862,0,-1613.06253084673,-120.651826755458,FLAT_START,CONVERGED_FEASIBLE,CONVERGED,PASSED,0.900007551758866,18,1,1,2.19824158875781e-14,1.16817666651059e-12,25,28,0.2237
ATT_T007_000621_1,CALL_T007_000621,1,ANCHOR_SEARCH,2010-12-21 12:00:00,E0028,CAL_004862,0.5,-1612.58144367573,-120.515609524895,FLAT_START,CONVERGED_FEASIBLE,CONVERGED,PASSED,0.900037482447294,18,1,1,2.18713935851156e-14,1.16540110894903e-12,25,28,0.2425
ATT_T007_000622_1,CALL_T007_000622,1,ANCHOR_SEARCH,2010-12-21 12:00:00,E0028,CAL_004862,1,-1612.10035650474,-120.379392294331,FLAT_START,CONVERGED_FEASIBLE,CONVERGED,PASSED,0.900067410584878,18,1,1,2.16493489801906e-14,1.162514529085e-12,25,28,0.2109
ATT_T007_000623_1,CALL_T007_000623,1,ANCHOR_SEARCH,2010-12-21 12:00:00,E0028,CAL_004862,2,-1611.13818216274,-120.106957833204,FLAT_START,CONVERGED_FEASIBLE,CONVERGED,PASSED,0.900127259209926,18,1,1,2.16493489801906e-14,1.15707443626434e-12,25,28,0.2291
ATT_T007_000624_1,CALL_T007_000624,1,ANCHOR_SEARCH,2010-12-21 12:00:00,E0028,CAL_004862,4,-1609.21383347876,-119.562088910951,FLAT_START,CONVERGED_FEASIBLE,CONVERGED,PASSED,0.900246925876412,18,1,1,2.1538326677728e-14,1.1456391391107e-12,25,28,0.2144
ATT_T007_000625_1,CALL_T007_000625,1,ANCHOR_SEARCH,2010-12-21 12:00:00,E0028,CAL_004862,3,-1610.17600782075,-119.834523372078,FLAT_START,CONVERGED_FEASIBLE,CONVERGED,PASSED,0.900187097638832,18,1,1,2.1538326677728e-14,1.15141229883875e-12,25,28,0.2265
ATT_T007_000626_1,CALL_T007_000626,1,ANCHOR_SEARCH,2010-12-21 12:00:00,E0028,CAL_004862,2.5,-1610.65709499175,-119.970740602641,FLAT_START,CONVERGED_FEASIBLE,CONVERGED,PASSED,0.900157179698596,18,1,1,2.16493489801906e-14,1.1545209233077e-12,25,28,0.2243
ATT_T007_000627_1,CALL_T007_000627,1,ANCHOR_SEARCH,2010-12-21 12:00:00,E0028,CAL_004862,2.25,-1610.89763857724,-120.038849217923,FLAT_START,CONVERGED_FEASIBLE,CONVERGED,PASSED,0.900142219772853,18,1,1,2.17603712826531e-14,1.15563114633233e-12,25,28,0.2218
ATT_T007_000628_1,CALL_T007_000628,1,EDGE_CANDIDATE_SCREEN,2010-12-21 12:00:00,E0028,CAL_004863,2.5,-1605.20138736272,-139.23901480098,FLAT_START,CONVERGED_FEASIBLE,CONVERGED,PASSED,0.90016177582029,18,1,1,2.14273043752655e-14,1.14019904629004e-12,25,28,0.2369
ATT_T007_000629_1,CALL_T007_000629,1,EDGE_CANDIDATE_SCREEN,2010-12-21 12:00:00,E0028,CAL_004864,2.5,-1599.78228278589,-158.378015641184,FLAT_START,CONVERGED_FEASIBLE,CONVERGED,PASSED,0.900165820676581,18,1,1,2.08721928629529e-14,1.12643228078468e-12,25,28,0.2042
ATT_T007_000630_1,CALL_T007_000630,1,EDGE_CANDIDATE_SCREEN,2010-12-21 12:00:00,E0028,CAL_004865,2.5,-1594.39859691085,-177.391925969924,FLAT_START,CONVERGED_FEASIBLE,CONVERGED,PASSED,0.900169324106065,18,1,1,2.07611705604904e-14,1.11399778290888e-12,25,28,0.2571
ATT_T007_000631_1,CALL_T007_000631,1,EDGE_CANDIDATE_SCREEN,2010-12-21 12:00:00,E0028,CAL_004866,2.5,-1589.04917153971,-196.284836269253,FLAT_START,CONVERGED_FEASIBLE,CONVERGED,PASSED,0.900172295457052,18,1,1,2.04281036531029e-14,1.10145226273062e-12,25,28,0.2081
ATT_T007_000632_1,CALL_T007_000632,1,EDGE_CANDIDATE_SCREEN,2010-12-21 12:00:00,E0028,CAL_004867,2.5,-1583.73287354143,-215.06074849117,FLAT_START,CONVERGED_FEASIBLE,CONVERGED,PASSED,0.900174743604464,18,1,1,2.00950367457153e-14,1.08857367564497e-12,25,28,0.2317
ATT_T007_000633_1,CALL_T007_000633,1,EDGE_CANDIDATE_SCREEN,2010-12-21 12:00:00,E0028,CAL_004868,2.5,-1578.44859380708,-233.723579747074,FLAT_START,CONVERGED_FEASIBLE,CONVERGED,PASSED,0.900176676965792,18,1,1,1.97619698383278e-14,1.07747144539871e-12,25,28,0.2119
ATT_T007_000634_1,CALL_T007_000634,1,EDGE_CANDIDATE_SCREEN,2010-12-21 12:00:00,E0028,CAL_004869,2.5,-1573.19524624423,-252.277165859656,FLAT_START,CONVERGED_FEASIBLE,CONVERGED,PASSED,0.900178103516157,18,1,1,1.96509475358653e-14,1.06592512594261e-12,25,28,0.2422
ATT_T007_000635_1,CALL_T007_000635,1,EDGE_CANDIDATE_SCREEN,2010-12-21 12:00:00,E0028,CAL_004870,2.5,-1567.97176680809,-270.725264784431,FLAT_START,CONVERGED_FEASIBLE,CONVERGED,PASSED,0.900179030802514,18,1,1,1.92068583260152e-14,1.05448982878897e-12,25,28,0.2255
ATT_T007_000636_1,CALL_T007_000636,1,EDGE_CANDIDATE_SCREEN,2010-12-21 12:00:00,E0028,CAL_004871,2.5,-1562.77711256775,-289.071559907696,FLAT_START,CONVERGED_FEASIBLE,CONVERGED,PASSED,0.900179465957049,18,1,1,1.92068583260152e-14,1.04394271005503e-12,25,28,0.2344
ATT_T007_000637_1,CALL_T007_000637,1,EDGE_CANDIDATE_SCREEN,2010-12-21 12:00:00,E0028,CAL_004872,2.5,-1557.61026080555,-307.319663227362,FLAT_START,CONVERGED_FEASIBLE,CONVERGED,PASSED,0.900179415709798,18,1,1,1.88737914186277e-14,1.03306252441371e-12,25,28,0.2077
ATT_T007_000638_1,CALL_T007_000638,1,EDGE_CANDIDATE_SCREEN,2010-12-21 12:00:00,E0028,CAL_004873,2.5,-1552.47020814783,-325.473118422787,FLAT_START,CONVERGED_FEASIBLE,CONVERGED,PASSED,0.90017888640054,18,1,1,1.85407245112401e-14,1.02284847258716e-12,25,28,0.2348
ATT_T007_000639_1,CALL_T007_000639,1,EDGE_CANDIDATE_SCREEN,2010-12-21 12:00:00,E0028,CAL_004874,2.5,-1547.35596972555,-343.535403819424,FLAT_START,CONVERGED_FEASIBLE,CONVERGED,PASSED,0.900177883989974,18,1,1,1.84297022087776e-14,1.01307850997046e-12,25,28,0.2174
ATT_T007_000640_1,CALL_T007_000640,1,EDGE_CANDIDATE_SCREEN,2010-12-21 12:00:00,E0028,CAL_004875,2.5,-1542.26657836308,-361.509935253812,FLAT_START,CONVERGED_FEASIBLE,CONVERGED,PASSED,0.900176414070235,18,1,1,1.82076576038526e-14,1.00330854735375e-12,25,28,0.2723
ATT_T007_000641_1,CALL_T007_000641,1,EDGE_CANDIDATE_SCREEN,2010-12-21 12:00:00,E0028,CAL_004876,2.5,-1537.20108379369,-379.400068844156,FLAT_START,CONVERGED_FEASIBLE,CONVERGED,PASSED,0.900174481874762,18,1,1,1.7874590696465e-14,9.94426763156753e-13,25,28,0.2302
ATT_T007_000642_1,CALL_T007_000642,1,EDGE_CANDIDATE_SCREEN,2010-12-21 12:00:00,E0028,CAL_004877,2.5,-1532.15855190043,-397.209103671515,FLAT_START,CONVERGED_FEASIBLE,CONVERGED,PASSED,0.900172092287556,18,1,1,1.77635683940025e-14,9.85322934354826e-13,25,28,0.3019
ATT_T007_000643_1,CALL_T007_000643,1,EDGE_CANDIDATE_SCREEN,2010-12-21 12:00:00,E0028,CAL_004878,2.5,-1527.1380639809,-414.940284376356,FLAT_START,CONVERGED_FEASIBLE,CONVERGED,PASSED,0.900169249851844,18,1,1,1.77635683940025e-14,9.7666319476275e-13,25,28,0.2558
ATT_T007_000644_1,CALL_T007_000644,1,EDGE_CANDIDATE_SCREEN,2010-12-21 12:00:00,E0028,CAL_004879,2.5,-1522.13871603473,-432.596803675018,FLAT_START,CONVERGED_FEASIBLE,CONVERGED,PASSED,0.900165958778185,18,1,1,1.7430501486615e-14,9.68336522078062e-13,25,28,0.2138
ATT_T007_000645_1,CALL_T007_000645,1,EDGE_CANDIDATE_SCREEN,2010-12-21 12:00:00,E0028,CAL_004880,2.5,-1517.15961807251,-450.181804800421,FLAT_START,CONVERGED_FEASIBLE,CONVERGED,PASSED,0.900162222952021,18,1,1,1.72084568816899e-14,9.60009849393373e-13,25,28,0.2296
ATT_T007_000646_1,CALL_T007_000646,1,LOCAL_REENTRY_STENCIL,2010-12-21 12:00:00,E0028,CAL_004862,2.75,-1610.41655140625,-119.902631987359,FLAT_START,CONVERGED_FEASIBLE,CONVERGED,PASSED,0.90017213898723,18,1,1,2.16493489801906e-14,1.15296661107323e-12,25,28,0.2334
ATT_T007_000647_1,CALL_T007_000647,1,LOCAL_REENTRY_STENCIL,2010-12-21 12:00:00,E0028,CAL_004862,2.25,-1610.89763857724,-120.038849217923,FLAT_START,CONVERGED_FEASIBLE,CONVERGED,PASSED,0.900142219772853,18,1,1,2.17603712826531e-14,1.15563114633233e-12,25,28,0.2084
ATT_T007_000648_1,CALL_T007_000648,1,ANCHOR_SEARCH,2010-12-21 12:00:00,E0029,CAL_004901,0,-1415.64062001044,-807.436967690504,FLAT_START,CONVERGED_FEASIBLE,CONVERGED,PASSED,0.900006006226756,18,1,1,1.4432899320127e-14,8.45656877856982e-13,25,28,0.3124
ATT_T007_000649_1,CALL_T007_000649,1,ANCHOR_SEARCH,2010-12-21 12:00:00,E0029,CAL_004901,0.5,-1415.16064777432,-807.296872535136,FLAT_START,CONVERGED_FEASIBLE,CONVERGED,PASSED,0.900035712593806,18,1,1,1.4432899320127e-14,8.43880521017581e-13,25,28,0.4632
ATT_T007_000650_1,CALL_T007_000650,1,ANCHOR_SEARCH,2010-12-21 12:00:00,E0029,CAL_004901,1,-1414.68067553821,-807.156777379768,FLAT_START,CONVERGED_FEASIBLE,CONVERGED,PASSED,0.90006541647597,18,1,1,1.43218770176645e-14,8.41993141875719e-13,25,28,0.246
ATT_T007_000651_1,CALL_T007_000651,1,ANCHOR_SEARCH,2010-12-21 12:00:00,E0029,CAL_004901,2,-1413.72073106598,-806.876587069032,FLAT_START,CONVERGED_FEASIBLE,CONVERGED,PASSED,0.900124816787937,18,1,1,1.43218770176645e-14,8.37774294382143e-13,25,28,0.2184
ATT_T007_000652_1,CALL_T007_000652,1,ANCHOR_SEARCH,2010-12-21 12:00:00,E0029,CAL_004901,4,-1411.80084212151,-806.316206447559,FLAT_START,CONVERGED_FEASIBLE,CONVERGED,PASSED,0.900243587618523,18,1,1,1.4210854715202e-14,8.30002733209767e-13,25,28,0.2305
ATT_T007_000653_1,CALL_T007_000653,1,ANCHOR_SEARCH,2010-12-21 12:00:00,E0029,CAL_004901,3,-1412.76078659374,-806.596396758296,FLAT_START,CONVERGED_FEASIBLE,CONVERGED,PASSED,0.900184207167257,18,1,1,1.4210854715202e-14,8.3366646919103e-13,25,28,0.2494
ATT_T007_000654_1,CALL_T007_000654,1,ANCHOR_SEARCH,2010-12-21 12:00:00,E0029,CAL_004901,2.5,-1413.24075882986,-806.736491913664,FLAT_START,CONVERGED_FEASIBLE,CONVERGED,PASSED,0.900154513218891,18,1,1,1.43218770176645e-14,8.36108959845205e-13,25,28,0.2117
ATT_T007_000655_1,CALL_T007_000655,1,ANCHOR_SEARCH,2010-12-21 12:00:00,E0029,CAL_004901,2.25,-1413.48074494792,-806.806539491348,FLAT_START,CONVERGED_FEASIBLE,CONVERGED,PASSED,0.900139665313773,18,1,1,1.4210854715202e-14,8.36886115962443e-13,25,28,0.2107
ATT_T007_000656_1,CALL_T007_000656,1,EDGE_CANDIDATE_SCREEN,2010-12-21 12:00:00,E0029,CAL_004882,2.5,-1507.1227510968,-485.092608932719,FLAT_START,CONVERGED_FEASIBLE,CONVERGED,PASSED,0.9001621550245,18,1,1,1.68753899743024e-14,9.43911615536308e-13,25,28,0.2452
ATT_T007_000657_1,CALL_T007_000657,1,EDGE_CANDIDATE_SCREEN,2010-12-21 12:00:00,E0029,CAL_004883,2.5,-1502.05918547793,-502.440610056838,FLAT_START,CONVERGED_FEASIBLE,CONVERGED,PASSED,0.900165793837354,18,1,1,1.67643676718399e-14,9.35918009759007e-13,25,28,0.2484
ATT_T007_000658_1,CALL_T007_000658,1,EDGE_CANDIDATE_SCREEN,2010-12-21 12:00:00,E0029,CAL_004884,2.5,-1497.01389624715,-519.725995462118,FLAT_START,CONVERGED_FEASIBLE,CONVERGED,PASSED,0.900168966890053,18,1,1,1.65423230669148e-14,9.28035426284168e-13,25,28,0.2187
ATT_T007_000659_1,CALL_T007_000659,1,EDGE_CANDIDATE_SCREEN,2010-12-21 12:00:00,E0029,CAL_004885,2.5,-1491.98602024239,-536.951722380218,FLAT_START,CONVERGED_FEASIBLE,CONVERGED,PASSED,0.900171678343045,18,1,1,1.63202784619898e-14,9.21152043531492e-13,25,28,0.2143
ATT_T007_000660_1,CALL_T007_000660,1,EDGE_CANDIDATE_SCREEN,2010-12-21 12:00:00,E0029,CAL_004886,2.5,-1486.97470553674,-554.120709550641,FLAT_START,CONVERGED_FEASIBLE,CONVERGED,PASSED,0.900173932041563,18,1,1,1.60982338570648e-14,9.13935593871429e-13,25,28,0.2079
ATT_T007_000661_1,CALL_T007_000661,1,EDGE_CANDIDATE_SCREEN,2010-12-21 12:00:00,E0029,CAL_004887,2.5,-1481.97911083571,-571.235839285743,FLAT_START,CONVERGED_FEASIBLE,CONVERGED,PASSED,0.900175731521462,18,1,1,1.59872115546023e-14,9.07163233421215e-13,25,28,0.2316
ATT_T007_000662_1,CALL_T007_000662,1,EDGE_CANDIDATE_SCREEN,2010-12-21 12:00:00,E0029,CAL_004888,2.5,-1476.99840488926,-588.299959485159,FLAT_START,CONVERGED_FEASIBLE,CONVERGED,PASSED,0.900177080014597,18,1,1,1.58761892521397e-14,9.00279850668539e-13,25,28,0.2118
ATT_T007_000663_1,CALL_T007_000663,1,EDGE_CANDIDATE_SCREEN,2010-12-21 12:00:00,E0029,CAL_004889,2.5,-1472.03176591767,-605.315885602755,FLAT_START,CONVERGED_FEASIBLE,CONVERGED,PASSED,0.900177980453763,18,1,1,1.57651669496772e-14,8.93729534823251e-13,25,28,0.2231
ATT_T007_000664_1,CALL_T007_000664,1,EDGE_CANDIDATE_SCREEN,2010-12-21 12:00:00,E0029,CAL_004890,2.5,-1467.07838105043,-622.286402569072,FLAT_START,CONVERGED_FEASIBLE,CONVERGED,PASSED,0.900178435477188,18,1,1,1.54321000422897e-14,8.87401263582888e-13,25,28,0.2209
ATT_T007_000665_1,CALL_T007_000665,1,EDGE_CANDIDATE_SCREEN,2010-12-21 12:00:00,E0029,CAL_004891,2.5,-1462.13744577725,-639.214266672151,FLAT_START,CONVERGED_FEASIBLE,CONVERGED,PASSED,0.900178447432622,18,1,1,1.52100554373646e-14,8.81850148459762e-13,25,28,0.2066
ATT_T007_000666_1,CALL_T007_000666,1,EDGE_CANDIDATE_SCREEN,2010-12-21 12:00:00,E0029,CAL_004892,2.5,-1457.20816341045,-656.102207399496,FLAT_START,CONVERGED_FEASIBLE,CONVERGED,PASSED,0.900178018381001,18,1,1,1.49880108324396e-14,8.76410055639099e-13,25,28,0.2446
ATT_T007_000667_1,CALL_T007_000667,1,EDGE_CANDIDATE_SCREEN,2010-12-21 12:00:00,E0029,CAL_004893,2.5,-1452.28974455782,-672.952929243884,FLAT_START,CONVERGED_FEASIBLE,CONVERGED,PASSED,0.900177150099715,18,1,1,1.50990331349021e-14,8.70525873608585e-13,25,28,0.2123
ATT_T007_000668_1,CALL_T007_000668,1,EDGE_CANDIDATE_SCREEN,2010-12-21 12:00:00,E0029,CAL_004894,2.5,-1447.38140660539,-689.769113475593,FLAT_START,CONVERGED_FEASIBLE,CONVERGED,PASSED,0.900175844085478,18,1,1,1.50990331349021e-14,8.65529869997772e-13,25,28,0.2234
ATT_T007_000669_1,CALL_T007_000669,1,EDGE_CANDIDATE_SCREEN,2010-12-21 12:00:00,E0029,CAL_004895,2.5,-1442.48237320921,-706.553419883586,FLAT_START,CONVERGED_FEASIBLE,CONVERGED,PASSED,0.900174101556815,18,1,1,1.49880108324396e-14,8.60644888689421e-13,25,28,0.2153
ATT_T007_000670_1,CALL_T007_000670,1,EDGE_CANDIDATE_SCREEN,2010-12-21 12:00:00,E0029,CAL_004896,2.5,-1437.59187379544,-723.308488488106,FLAT_START,CONVERGED_FEASIBLE,CONVERGED,PASSED,0.900171923456163,18,1,1,1.46549439250521e-14,8.55870929683533e-13,25,28,0.2567
ATT_T007_000671_1,CALL_T007_000671,1,EDGE_CANDIDATE_SCREEN,2010-12-21 12:00:00,E0029,CAL_004897,2.5,-1432.70914306815,-740.036941227041,FLAT_START,CONVERGED_FEASIBLE,CONVERGED,PASSED,0.9001693104516,18,1,1,1.4432899320127e-14,8.51652082189958e-13,25,28,0.224
ATT_T007_000672_1,CALL_T007_000672,1,EDGE_CANDIDATE_SCREEN,2010-12-21 12:00:00,E0029,CAL_004898,2.5,-1427.83342052409,-756.741383618409,FLAT_START,CONVERGED_FEASIBLE,CONVERGED,PASSED,0.900166262938202,18,1,1,1.45439216225896e-14,8.47433234696382e-13,25,28,0.2189
ATT_T007_000673_1,CALL_T007_000673,1,EDGE_CANDIDATE_SCREEN,2010-12-21 12:00:00,E0029,CAL_004899,2.5,-1422.96394997371,-773.42440640122,FLAT_START,CONVERGED_FEASIBLE,CONVERGED,PASSED,0.900162781039029,18,1,1,1.4432899320127e-14,8.43325409505269e-13,25,28,0.2092
ATT_T007_000674_1,CALL_T007_000674,1,EDGE_CANDIDATE_SCREEN,2010-12-21 12:00:00,E0029,CAL_004900,2.5,-1418.09997906793,-790.088587156928,FLAT_START,CONVERGED_FEASIBLE,CONVERGED,PASSED,0.900158864605747,18,1,1,1.4210854715202e-14,8.39439628919081e-13,25,28,0.2296
ATT_T007_000675_1,CALL_T007_000675,1,LOCAL_REENTRY_STENCIL,2010-12-21 12:00:00,E0029,CAL_004901,2.75,-1413.0007727118,-806.66644433598,FLAT_START,CONVERGED_FEASIBLE,CONVERGED,PASSED,0.900169360503361,18,1,1,1.43218770176645e-14,8.35109759123043e-13,25,28,0.2267
ATT_T007_000676_1,CALL_T007_000676,1,LOCAL_REENTRY_STENCIL,2010-12-21 12:00:00,E0029,CAL_004901,2.25,-1413.48074494792,-806.806539491348,FLAT_START,CONVERGED_FEASIBLE,CONVERGED,PASSED,0.900139665313773,18,1,1,1.4210854715202e-14,8.36886115962443e-13,25,28,0.2136
ATT_T007_000677_1,CALL_T007_000677,1,ANCHOR_SEARCH,2010-12-21 12:00:00,E0030,CAL_004922,0,-1315.82859436023,-1138.83862304925,FLAT_START,CONVERGED_FEASIBLE,CONVERGED,PASSED,0.900001194583294,18,1,1,1.31006316905768e-14,8.15902900797028e-13,25,28,0.2187
ATT_T007_000678_1,CALL_T007_000678,1,ANCHOR_SEARCH,2010-12-21 12:00:00,E0030,CAL_004922,0.5,-1315.34983717393,-1138.69443027355,FLAT_START,CONVERGED_FEASIBLE,CONVERGED,PASSED,0.900030801460247,18,1,1,1.27675647831893e-14,8.1423756626009e-13,25,28,0.2535
ATT_T007_000679_1,CALL_T007_000679,1,ANCHOR_SEARCH,2010-12-21 12:00:00,E0030,CAL_004922,1,-1314.87107998763,-1138.55023749784,FLAT_START,CONVERGED_FEASIBLE,CONVERGED,PASSED,0.900060405882977,18,1,1,1.28785870856518e-14,8.12572231723152e-13,25,28,0.2226
ATT_T007_000680_1,CALL_T007_000680,1,ANCHOR_SEARCH,2010-12-21 12:00:00,E0030,CAL_004922,2,-1313.91356561503,-1138.26185194643,FLAT_START,CONVERGED_FEASIBLE,CONVERGED,PASSED,0.900119607368012,18,1,1,1.28785870856518e-14,8.08686451136964e-13,25,28,0.2516
ATT_T007_000681_1,CALL_T007_000681,1,ANCHOR_SEARCH,2010-12-21 12:00:00,E0030,CAL_004922,4,-1311.99853686982,-1137.68508084361,FLAT_START,CONVERGED_FEASIBLE,CONVERGED,PASSED,0.900237980912113,18,1,1,1.26565424807268e-14,8.01470001476901e-13,25,28,0.2108
ATT_T007_000682_1,CALL_T007_000682,1,ANCHOR_SEARCH,2010-12-21 12:00:00,E0030,CAL_004922,3,-1312.95605124243,-1137.97346639502,FLAT_START,CONVERGED_FEASIBLE,CONVERGED,PASSED,0.900178799042893,18,1,1,1.26565424807268e-14,8.05133737458164e-13,25,28,0.2441
ATT_T007_000683_1,CALL_T007_000683,1,ANCHOR_SEARCH,2010-12-21 12:00:00,E0030,CAL_004922,2.5,-1313.43480842873,-1138.11765917073,FLAT_START,CONVERGED_FEASIBLE,CONVERGED,PASSED,0.900149204431441,18,1,1,1.28785870856518e-14,8.07021116600026e-13,25,28,0.2389
ATT_T007_000684_1,CALL_T007_000684,1,ANCHOR_SEARCH,2010-12-21 12:00:00,E0030,CAL_004922,2.75,-1313.19542983558,-1138.04556278287,FLAT_START,CONVERGED_FEASIBLE,CONVERGED,PASSED,0.900164002043629,18,1,1,1.28785870856518e-14,8.06132938180326e-13,25,28,0.2268
ATT_T007_000685_1,CALL_T007_000685,1,EDGE_CANDIDATE_SCREEN,2010-12-21 12:00:00,E0030,CAL_004903,2.75,-1408.019047474,-823.206707967925,FLAT_START,CONVERGED_FEASIBLE,CONVERGED,PASSED,0.900173360395268,18,1,1,1.40998324127395e-14,8.3100193393193e-13,25,28,0.22
ATT_T007_000686_1,CALL_T007_000686,1,EDGE_CANDIDATE_SCREEN,2010-12-21 12:00:00,E0030,CAL_004904,2.75,-1403.03497409866,-839.755116401241,FLAT_START,CONVERGED_FEASIBLE,CONVERGED,PASSED,0.900176915473617,18,1,1,1.38777878078145e-14,8.27449220253129e-13,25,28,0.2364
ATT_T007_000687_1,CALL_T007_000687,1,EDGE_CANDIDATE_SCREEN,2010-12-21 12:00:00,E0030,CAL_004905,2.75,-1398.05447148717,-856.29166897807,FLAT_START,CONVERGED_FEASIBLE,CONVERGED,PASSED,0.900180026391112,18,1,1,1.3988810110277e-14,8.24451618086641e-13,25,28,0.3559
ATT_T007_000688_1,CALL_T007_000688,1,EDGE_CANDIDATE_SCREEN,2010-12-21 12:00:00,E0030,CAL_004906,2.75,-1393.07677794823,-872.818894709929,FLAT_START,CONVERGED_FEASIBLE,CONVERGED,PASSED,0.900182693291314,18,1,1,1.37667655053519e-14,8.21009926710303e-13,25,28,0.2121
ATT_T007_000689_1,CALL_T007_000689,1,EDGE_CANDIDATE_SCREEN,2010-12-21 12:00:00,E0030,CAL_004907,2.75,-1388.10113350485,-889.339316916251,FLAT_START,CONVERGED_FEASIBLE,CONVERGED,PASSED,0.900184916040462,18,1,1,1.36557432028894e-14,8.18012324543815e-13,25,28,0.2125
ATT_T007_000690_1,CALL_T007_000690,1,EDGE_CANDIDATE_SCREEN,2010-12-21 12:00:00,E0030,CAL_004908,2.75,-1383.12677942972,-905.855454767375,FLAT_START,CONVERGED_FEASIBLE,CONVERGED,PASSED,0.900186694226856,18,1,1,1.35447209004269e-14,8.15680856192103e-13,25,28,0.256
ATT_T007_000691_1,CALL_T007_000691,1,EDGE_CANDIDATE_SCREEN,2010-12-21 12:00:00,E0030,CAL_004909,2.75,-1378.15295778202,-922.369824822171,FLAT_START,CONVERGED_FEASIBLE,CONVERGED,PASSED,0.900188027159864,18,1,1,1.35447209004269e-14,8.13238365537927e-13,25,28,0.2361
ATT_T007_000692_1,CALL_T007_000692,1,EDGE_CANDIDATE_SCREEN,2010-12-21 12:00:00,E0030,CAL_004910,2.75,-1373.1789109454,-938.884942562263,FLAT_START,CONVERGED_FEASIBLE,CONVERGED,PASSED,0.900188913868548,18,1,1,1.34336985979644e-14,8.11350986396064e-13,25,28,0.2169
ATT_T007_000693_1,CALL_T007_000693,1,EDGE_CANDIDATE_SCREEN,2010-12-21 12:00:00,E0030,CAL_004911,2.75,-1368.20388116626,-955.403323924873,FLAT_START,CONVERGED_FEASIBLE,CONVERGED,PASSED,0.900189353099917,18,1,1,1.35447209004269e-14,8.08908495741889e-13,25,28,0.2512
ATT_T007_000694_1,CALL_T007_000694,1,EDGE_CANDIDATE_SCREEN,2010-12-21 12:00:00,E0030,CAL_004912,2.75,-1363.22711009198,-971.927486836245,FLAT_START,CONVERGED_FEASIBLE,CONVERGED,PASSED,0.90018934331679,18,1,1,1.32116539930394e-14,8.07576228112339e-13,25,28,0.2632
ATT_T007_000695_1,CALL_T007_000695,1,EDGE_CANDIDATE_SCREEN,2010-12-21 12:00:00,E0030,CAL_004913,2.75,-1358.24783830824,-988.459952747651,FLAT_START,CONVERGED_FEASIBLE,CONVERGED,PASSED,0.900188882695275,18,1,1,1.32116539930394e-14,8.05910893575401e-13,25,28,0.2188
ATT_T007_000696_1,CALL_T007_000696,1,EDGE_CANDIDATE_SCREEN,2010-12-21 12:00:00,E0030,CAL_004914,2.75,-1353.26530487508,-1005.00324817596,FLAT_START,CONVERGED_FEASIBLE,CONVERGED,PASSED,0.900187969121846,18,1,1,1.32116539930394e-14,8.04800670550776e-13,25,28,0.2107
ATT_T007_000697_1,CALL_T007_000697,1,EDGE_CANDIDATE_SCREEN,2010-12-21 12:00:00,E0030,CAL_004915,2.75,-1348.27874686089,-1021.55990625079,FLAT_START,CONVERGED_FEASIBLE,CONVERGED,PASSED,0.900186600190023,18,1,1,1.32116539930394e-14,8.03912492131076e-13,25,28,0.2095
ATT_T007_000698_1,CALL_T007_000698,1,EDGE_CANDIDATE_SCREEN,2010-12-21 12:00:00,E0030,CAL_004916,2.75,-1343.28739887385,-1038.13246827023,FLAT_START,CONVERGED_FEASIBLE,CONVERGED,PASSED,0.900184773196635,18,1,1,1.29896093881143e-14,8.03579425223688e-13,25,28,0.2684
ATT_T007_000699_1,CALL_T007_000699,1,EDGE_CANDIDATE_SCREEN,2010-12-21 12:00:00,E0030,CAL_004917,2.75,-1338.29049259023,-1054.72348526722,FLAT_START,CONVERGED_FEASIBLE,CONVERGED,PASSED,0.900182485137665,18,1,1,1.31006316905768e-14,8.02913291408913e-13,25,28,0.2091
ATT_T007_000700_1,CALL_T007_000700,1,EDGE_CANDIDATE_SCREEN,2010-12-21 12:00:00,E0030,CAL_004918,2.75,-1333.28725627873,-1071.33551958854,FLAT_START,CONVERGED_FEASIBLE,CONVERGED,PASSED,0.900179732703663,18,1,1,1.27675647831893e-14,8.03135336013838e-13,25,28,0.2061
ATT_T007_000701_1,CALL_T007_000701,1,EDGE_CANDIDATE_SCREEN,2010-12-21 12:00:00,E0030,CAL_004919,2.75,-1328.27691432051,-1087.97114648869,FLAT_START,CONVERGED_FEASIBLE,CONVERGED,PASSED,0.900176512274715,18,1,1,1.28785870856518e-14,8.03801469828613e-13,25,28,0.2227
ATT_T007_000702_1,CALL_T007_000702,1,EDGE_CANDIDATE_SCREEN,2010-12-21 12:00:00,E0030,CAL_004920,2.75,-1323.25868672407,-1104.63295574056,FLAT_START,CONVERGED_FEASIBLE,CONVERGED,PASSED,0.90017281991496,18,1,1,1.29896093881143e-14,8.03912492131076e-13,25,28,0.274
ATT_T007_000703_1,CALL_T007_000703,1,EDGE_CANDIDATE_SCREEN,2010-12-21 12:00:00,E0030,CAL_004921,2.75,-1318.23178863437,-1121.32355326521,FLAT_START,CONVERGED_FEASIBLE,CONVERGED,PASSED,0.900168651366632,18,1,1,1.27675647831893e-14,8.05022715155701e-13,25,28,0.2096
ATT_T007_000704_1,CALL_T007_000704,1,LOCAL_REENTRY_STENCIL,2010-12-21 12:00:00,E0030,CAL_004922,3,-1312.95605124243,-1137.97346639502,FLAT_START,CONVERGED_FEASIBLE,CONVERGED,PASSED,0.900178799042893,18,1,1,1.26565424807268e-14,8.05133737458164e-13,25,28,0.217
ATT_T007_000705_1,CALL_T007_000705,1,LOCAL_REENTRY_STENCIL,2010-12-21 12:00:00,E0030,CAL_004922,2.5,-1313.43480842873,-1138.11765917073,FLAT_START,CONVERGED_FEASIBLE,CONVERGED,PASSED,0.900149204431441,18,1,1,1.28785870856518e-14,8.07021116600026e-13,25,28,0.2125
ATT_T007_000706_1,CALL_T007_000706,1,ANCHOR_SEARCH,2010-12-21 12:00:00,E0031,CAL_004924,0,-1310.63990651924,-1155.47472586483,FLAT_START,CONVERGED_FEASIBLE,CONVERGED,PASSED,0.900006209414945,18,1,1,1.29896093881143e-14,8.17124146124115e-13,25,28,0.2573
ATT_T007_000707_1,CALL_T007_000707,1,ANCHOR_SEARCH,2010-12-21 12:00:00,E0031,CAL_004924,0.5,-1310.16258414767,-1155.32585224863,FLAT_START,CONVERGED_FEASIBLE,CONVERGED,PASSED,0.900035811041594,18,1,1,1.28785870856518e-14,8.15458811587177e-13,25,28,0.2297
ATT_T007_000708_1,CALL_T007_000708,1,ANCHOR_SEARCH,2010-12-21 12:00:00,E0031,CAL_004924,1,-1309.6852617761,-1155.17697863243,FLAT_START,CONVERGED_FEASIBLE,CONVERGED,PASSED,0.900065410218202,18,1,1,1.28785870856518e-14,8.13238365537927e-13,25,28,0.2095
ATT_T007_000709_1,CALL_T007_000709,1,ANCHOR_SEARCH,2010-12-21 12:00:00,E0031,CAL_004924,2,-1308.73061703296,-1154.87923140004,FLAT_START,CONVERGED_FEASIBLE,CONVERGED,PASSED,0.900124601223539,18,1,1,1.27675647831893e-14,8.09685651859127e-13,25,28,0.2435
ATT_T007_000710_1,CALL_T007_000710,1,ANCHOR_SEARCH,2010-12-21 12:00:00,E0031,CAL_004924,4,-1306.82132754669,-1154.28373693525,FLAT_START,CONVERGED_FEASIBLE,CONVERGED,PASSED,0.900242953858378,18,1,1,1.26565424807268e-14,8.02691246803988e-13,25,28,0.2691
ATT_T007_000711_1,CALL_T007_000711,1,ANCHOR_SEARCH,2010-12-21 12:00:00,E0031,CAL_004924,3,-1307.77597228983,-1154.58148416764,FLAT_START,CONVERGED_FEASIBLE,CONVERGED,PASSED,0.900183782435438,18,1,1,1.28785870856518e-14,8.06132938180326e-13,25,28,0.222
ATT_T007_000712_1,CALL_T007_000712,1,ANCHOR_SEARCH,2010-12-21 12:00:00,E0031,CAL_004924,2.5,-1308.2532946614,-1154.73035778384,FLAT_START,CONVERGED_FEASIBLE,CONVERGED,PASSED,0.900154193053389,18,1,1,1.28785870856518e-14,8.07465205809876e-13,25,28,0.2434
ATT_T007_000713_1,CALL_T007_000713,1,ANCHOR_SEARCH,2010-12-21 12:00:00,E0031,CAL_004924,2.25,-1308.49195584718,-1154.80479459194,FLAT_START,CONVERGED_FEASIBLE,CONVERGED,PASSED,0.900139397444474,18,1,1,1.27675647831893e-14,8.08797473439427e-13,25,28,0.231
ATT_T007_000714_1,CALL_T007_000714,1,EDGE_CANDIDATE_SCREEN,2010-12-21 12:00:00,E0031,CAL_004925,2.5,-1303.05442070489,-1171.39911958183,FLAT_START,CONVERGED_FEASIBLE,CONVERGED,PASSED,0.900158712876074,18,1,1,1.26565424807268e-14,8.09130540346814e-13,25,28,0.3978
ATT_T007_000715_1,CALL_T007_000715,1,EDGE_CANDIDATE_SCREEN,2010-12-21 12:00:00,E0031,CAL_004926,2.5,-1297.84453633801,-1188.10318323739,FLAT_START,CONVERGED_FEASIBLE,CONVERGED,PASSED,0.900162760060585,18,1,1,1.27675647831893e-14,8.10018718766514e-13,25,28,0.2242
ATT_T007_000716_1,CALL_T007_000716,1,EDGE_CANDIDATE_SCREEN,2010-12-21 12:00:00,E0031,CAL_004927,2.5,-1292.62281040895,-1204.8452136105,FLAT_START,CONVERGED_FEASIBLE,CONVERGED,PASSED,0.900166330679731,18,1,1,1.26565424807268e-14,8.12239164815765e-13,25,28,0.2213
ATT_T007_000717_1,CALL_T007_000717,1,EDGE_CANDIDATE_SCREEN,2010-12-21 12:00:00,E0031,CAL_004928,2.5,-1287.38840436728,-1221.62789928295,FLAT_START,CONVERGED_FEASIBLE,CONVERGED,PASSED,0.900169420462554,18,1,1,1.25455201782643e-14,8.14459610865015e-13,25,28,0.2803
ATT_T007_000718_1,CALL_T007_000718,1,EDGE_CANDIDATE_SCREEN,2010-12-21 12:00:00,E0031,CAL_004929,2.5,-1282.14047171223,-1238.45395432693,FLAT_START,CONVERGED_FEASIBLE,CONVERGED,PASSED,0.900172024786508,18,1,1,1.28785870856518e-14,8.17235168426578e-13,25,28,0.261
ATT_T007_000719_1,CALL_T007_000719,1,EDGE_CANDIDATE_SCREEN,2010-12-21 12:00:00,E0031,CAL_004930,2.5,-1276.87815743044,-1255.32612010806,FLAT_START,CONVERGED_FEASIBLE,CONVERGED,PASSED,0.900174138669061,18,1,1,1.31006316905768e-14,8.19566636778291e-13,25,28,0.2676
ATT_T007_000720_1,CALL_T007_000720,1,EDGE_CANDIDATE_SCREEN,2010-12-21 12:00:00,E0031,CAL_004931,2.5,-1271.60059742204,-1272.24716712528,FLAT_START,CONVERGED_FEASIBLE,CONVERGED,PASSED,0.900175756758697,18,1,1,1.29896093881143e-14,8.23341395062016e-13,25,28,0.2084
ATT_T007_000721_1,CALL_T007_000721,1,EDGE_CANDIDATE_SCREEN,2010-12-21 12:00:00,E0031,CAL_004932,2.5,-1266.30691791448,-1289.21989689034,FLAT_START,CONVERGED_FEASIBLE,CONVERGED,PASSED,0.900176873325305,18,1,1,1.33226762955019e-14,8.27449220253129e-13,25,28,0.3113
ATT_T007_000722_1,CALL_T007_000722,1,EDGE_CANDIDATE_SCREEN,2010-12-21 12:00:00,E0031,CAL_004933,2.5,-1260.99623486312,-1306.24714384967,FLAT_START,CONVERGED_FEASIBLE,CONVERGED,PASSED,0.900177482249908,18,1,1,1.32116539930394e-14,8.3144602314178e-13,25,28,0.2626
ATT_T007_000723_1,CALL_T007_000723,1,EDGE_CANDIDATE_SCREEN,2010-12-21 12:00:00,E0031,CAL_004934,2.5,-1255.66765333763,-1323.33177735158,FLAT_START,CONVERGED_FEASIBLE,CONVERGED,PASSED,0.900177577013722,18,1,1,1.35447209004269e-14,8.3544282603043e-13,25,28,0.2349
ATT_T007_000724_1,CALL_T007_000724,1,EDGE_CANDIDATE_SCREEN,2010-12-21 12:00:00,E0031,CAL_004935,2.5,-1250.32026689345,-1340.47670366168,FLAT_START,CONVERGED_FEASIBLE,CONVERGED,PASSED,0.900177150686502,18,1,1,1.37667655053519e-14,8.40438829641244e-13,25,28,0.2074
ATT_T007_000725_1,CALL_T007_000725,1,EDGE_CANDIDATE_SCREEN,2010-12-21 12:00:00,E0031,CAL_004936,2.5,-1244.95315692712,-1357.68486802974,FLAT_START,CONVERGED_FEASIBLE,CONVERGED,PASSED,0.90017619591415,18,1,1,1.38777878078145e-14,8.46434033974219e-13,25,28,0.3536
ATT_T007_000726_1,CALL_T007_000726,1,EDGE_CANDIDATE_SCREEN,2010-12-21 12:00:00,E0031,CAL_004937,2.5,-1239.56539201461,-1374.95925681117,FLAT_START,CONVERGED_FEASIBLE,CONVERGED,PASSED,0.900174704905541,18,1,1,1.43218770176645e-14,8.52096171399808e-13,25,28,0.3534
ATT_T007_000727_1,CALL_T007_000727,1,EDGE_CANDIDATE_SCREEN,2010-12-21 12:00:00,E0031,CAL_004938,2.5,-1234.15602723154,-1392.30289964646,FLAT_START,CONVERGED_FEASIBLE,CONVERGED,PASSED,0.900172669418536,18,1,1,1.43218770176645e-14,8.58646487245096e-13,25,28,0.2388
ATT_T007_000728_1,CALL_T007_000728,1,EDGE_CANDIDATE_SCREEN,2010-12-21 12:00:00,E0031,CAL_004939,2.5,-1228.72410345429,-1409.71887170223,FLAT_START,CONVERGED_FEASIBLE,CONVERGED,PASSED,0.900170080745138,18,1,1,1.46549439250521e-14,8.65307825392847e-13,25,28,0.2549
ATT_T007_000729_1,CALL_T007_000729,1,EDGE_CANDIDATE_SCREEN,2010-12-21 12:00:00,E0031,CAL_004940,2.5,-1223.26864664062,-1427.21029597736,FLAT_START,CONVERGED_FEASIBLE,CONVERGED,PASSED,0.90016692969575,18,1,1,1.47659662275146e-14,8.72746319657836e-13,25,28,0.2143
ATT_T007_000730_1,CALL_T007_000730,1,EDGE_CANDIDATE_SCREEN,2010-12-21 12:00:00,E0031,CAL_004941,2.5,-1217.78866708896,-1444.78034567826,FLAT_START,CONVERGED_FEASIBLE,CONVERGED,PASSED,0.900163206582479,18,1,1,1.50990331349021e-14,8.80739925435137e-13,25,28,0.2054
ATT_T007_000731_1,CALL_T007_000731,1,EDGE_CANDIDATE_SCREEN,2010-12-21 12:00:00,E0031,CAL_004942,2.5,-1212.28315867474,-1462.43224666708,FLAT_START,CONVERGED_FEASIBLE,CONVERGED,PASSED,0.900158901201453,18,1,1,1.52100554373646e-14,8.89399665027213e-13,25,28,0.2216
ATT_T007_000732_1,CALL_T007_000732,1,EDGE_CANDIDATE_SCREEN,2010-12-21 12:00:00,E0031,CAL_004943,2.5,-1206.75109806273,-1480.16927998719,FLAT_START,CONVERGED_FEASIBLE,CONVERGED,PASSED,0.900154002814078,18,1,1,1.56541446472147e-14,8.98725538434064e-13,25,28,0.2394
ATT_T007_000733_1,CALL_T007_000733,1,LOCAL_REENTRY_STENCIL,2010-12-21 12:00:00,E0031,CAL_004924,2.75,-1308.01463347561,-1154.65592097574,FLAT_START,CONVERGED_FEASIBLE,CONVERGED,PASSED,0.900168988050354,18,1,1,1.27675647831893e-14,8.06688049692639e-13,25,28,0.2343
ATT_T007_000734_1,CALL_T007_000734,1,LOCAL_REENTRY_STENCIL,2010-12-21 12:00:00,E0031,CAL_004924,2.25,-1308.49195584718,-1154.80479459194,FLAT_START,CONVERGED_FEASIBLE,CONVERGED,PASSED,0.900139397444474,18,1,1,1.27675647831893e-14,8.08797473439427e-13,25,28,0.2093
ATT_T007_000735_1,CALL_T007_000735,1,ANCHOR_SEARCH,2010-12-21 12:00:00,E0032,CAL_004945,0,-1203.43030124258,-1498.55825812347,FLAT_START,CONVERGED_FEASIBLE,CONVERGED,PASSED,0.900012535025579,18,1,1,1.60982338570648e-14,9.17932396760079e-13,25,28,0.2281
ATT_T007_000736_1,CALL_T007_000736,1,ANCHOR_SEARCH,2010-12-21 12:00:00,E0032,CAL_004945,0.5,-1202.9545699693,-1498.40437584503,FLAT_START,CONVERGED_FEASIBLE,CONVERGED,PASSED,0.900042040465454,18,1,1,1.62092561595273e-14,9.15933995315754e-13,25,28,0.2416
ATT_T007_000737_1,CALL_T007_000737,1,ANCHOR_SEARCH,2010-12-21 12:00:00,E0032,CAL_004945,1,-1202.47883869601,-1498.25049356658,FLAT_START,CONVERGED_FEASIBLE,CONVERGED,PASSED,0.90007154348507,18,1,1,1.59872115546023e-14,9.13935593871429e-13,25,28,0.2212
ATT_T007_000738_1,CALL_T007_000738,1,ANCHOR_SEARCH,2010-12-21 12:00:00,E0032,CAL_004945,2,-1201.52737614944,-1497.9427290097,FLAT_START,CONVERGED_FEASIBLE,CONVERGED,PASSED,0.900130542265715,18,1,1,1.57651669496772e-14,9.09827768680316e-13,25,28,0.2145
ATT_T007_000739_1,CALL_T007_000739,1,ANCHOR_SEARCH,2010-12-21 12:00:00,E0032,CAL_004945,4,-1199.6244510563,-1497.32719989593,FLAT_START,CONVERGED_FEASIBLE,CONVERGED,PASSED,0.90024851080799,18,1,1,1.58761892521397e-14,9.0250029671779e-13,25,28,0.2111
ATT_T007_000740_1,CALL_T007_000740,1,ANCHOR_SEARCH,2010-12-21 12:00:00,E0032,CAL_004945,3,-1200.57591360287,-1497.63496445281,FLAT_START,CONVERGED_FEASIBLE,CONVERGED,PASSED,0.900189531371895,18,1,1,1.59872115546023e-14,9.06275055001515e-13,25,28,0.2368
ATT_T007_000741_1,CALL_T007_000741,1,ANCHOR_SEARCH,2010-12-21 12:00:00,E0032,CAL_004945,2.5,-1201.05164487616,-1497.78884673125,FLAT_START,CONVERGED_FEASIBLE,CONVERGED,PASSED,0.90016003802784,18,1,1,1.60982338570648e-14,9.08384478748303e-13,25,28,0.2149
ATT_T007_000742_1,CALL_T007_000742,1,ANCHOR_SEARCH,2010-12-21 12:00:00,E0032,CAL_004945,2.25,-1201.2895105128,-1497.86578787048,FLAT_START,CONVERGED_FEASIBLE,CONVERGED,PASSED,0.90014529044907,18,1,1,1.59872115546023e-14,9.09050612563078e-13,25,28,0.2155
ATT_T007_000743_1,CALL_T007_000743,1,EDGE_CANDIDATE_SCREEN,2010-12-21 12:00:00,E0032,CAL_004946,2.5,-1195.3163097205,-1515.51979225611,FLAT_START,CONVERGED_FEASIBLE,CONVERGED,PASSED,0.900165520371979,18,1,1,1.62092561595273e-14,9.17821374457617e-13,25,28,0.2088
ATT_T007_000744_1,CALL_T007_000744,1,EDGE_CANDIDATE_SCREEN,2010-12-21 12:00:00,E0032,CAL_004947,2.5,-1189.55196252604,-1533.34042929256,FLAT_START,CONVERGED_FEASIBLE,CONVERGED,PASSED,0.900170439437532,18,1,1,1.65423230669148e-14,9.28146448586631e-13,25,28,0.2182
ATT_T007_000745_1,CALL_T007_000745,1,EDGE_CANDIDATE_SCREEN,2010-12-21 12:00:00,E0032,CAL_004948,2.5,-1183.75749783686,-1551.25417538782,FLAT_START,CONVERGED_FEASIBLE,CONVERGED,PASSED,0.900174785076242,18,1,1,1.69864122767649e-14,9.39359701135345e-13,25,28,0.2276
ATT_T007_000746_1,CALL_T007_000746,1,EDGE_CANDIDATE_SCREEN,2010-12-21 12:00:00,E0032,CAL_004949,2.5,-1177.93178939079,-1569.26451241218,FLAT_START,CONVERGED_FEASIBLE,CONVERGED,PASSED,0.900178546565428,18,1,1,1.73194791841524e-14,9.51461132103759e-13,25,28,0.218
ATT_T007_000747_1,CALL_T007_000747,1,EDGE_CANDIDATE_SCREEN,2010-12-21 12:00:00,E0032,CAL_004950,2.5,-1172.07368917622,-1587.37498947494,FLAT_START,CONVERGED_FEASIBLE,CONVERGED,PASSED,0.900181712585475,18,1,1,1.7874590696465e-14,9.64228696886948e-13,25,28,0.2062
ATT_T007_000748_1,CALL_T007_000748,1,EDGE_CANDIDATE_SCREEN,2010-12-21 12:00:00,E0032,CAL_004951,2.5,-1166.18202645538,-1605.58922594394,FLAT_START,CONVERGED_FEASIBLE,CONVERGED,PASSED,0.900184271195962,18,1,1,1.83186799063151e-14,9.7755137318245e-13,25,28,0.226
ATT_T007_000749_1,CALL_T007_000749,1,EDGE_CANDIDATE_SCREEN,2010-12-21 12:00:00,E0032,CAL_004952,2.5,-1160.25560675226,-1623.91091457444,FLAT_START,CONVERGED_FEASIBLE,CONVERGED,PASSED,0.900186209810351,18,1,1,1.86517468137026e-14,9.92317339409965e-13,25,28,0.2359
ATT_T007_000750_1,CALL_T007_000750,1,EDGE_CANDIDATE_SCREEN,2010-12-21 12:00:00,E0032,CAL_004953,2.5,-1154.29321080322,-1642.34382475333,FLAT_START,CONVERGED_FEASIBLE,CONVERGED,PASSED,0.900187515169136,18,1,1,1.89848137210902e-14,1.00774943945225e-12,25,28,0.208
ATT_T007_000751_1,CALL_T007_000751,1,EDGE_CANDIDATE_SCREEN,2010-12-21 12:00:00,E0032,CAL_004954,2.5,-1148.29359346826,-1660.89180586501,FLAT_START,CONVERGED_FEASIBLE,CONVERGED,PASSED,0.900188173311382,18,1,1,1.97619698383278e-14,1.02406971791424e-12,25,28,0.2075
ATT_T007_000752_1,CALL_T007_000752,1,EDGE_CANDIDATE_SCREEN,2010-12-21 12:00:00,E0032,CAL_004955,2.5,-1142.25548260071,-1679.55879078569,FLAT_START,CONVERGED_FEASIBLE,CONVERGED,PASSED,0.900188169544534,18,1,1,1.99840144432528e-14,1.04172226400578e-12,25,28,0.2354
ATT_T007_000753_1,CALL_T007_000753,1,EDGE_CANDIDATE_SCREEN,2010-12-21 12:00:00,E0032,CAL_004956,2.5,-1136.17757787314,-1698.34879951316,FLAT_START,CONVERGED_FEASIBLE,CONVERGED,PASSED,0.9001874884124,18,1,1,2.06501482580279e-14,1.06015196621456e-12,25,28,0.2379
ATT_T007_000754_1,CALL_T007_000754,1,EDGE_CANDIDATE_SCREEN,2010-12-21 12:00:00,E0032,CAL_004957,2.5,-1130.05854955707,-1717.26594293944,FLAT_START,CONVERGED_FEASIBLE,CONVERGED,PASSED,0.900186113661184,18,1,1,2.1316282072803e-14,1.08002495835535e-12,25,28,0.2198
ATT_T007_000755_1,CALL_T007_000755,1,EDGE_CANDIDATE_SCREEN,2010-12-21 12:00:00,E0032,CAL_004958,2.5,-1123.89703725382,-1736.31442677424,FLAT_START,CONVERGED_FEASIBLE,CONVERGED,PASSED,0.900184028203461,18,1,1,2.19824158875781e-14,1.10145226273062e-12,25,28,0.213
ATT_T007_000756_1,CALL_T007_000756,1,EDGE_CANDIDATE_SCREEN,2010-12-21 12:00:00,E0032,CAL_004959,2.5,-1117.69164857397,-1755.49855562756,FLAT_START,CONVERGED_FEASIBLE,CONVERGED,PASSED,0.90018121407994,18,1,1,2.25375273998907e-14,1.1234346786182e-12,25,28,0.2062
ATT_T007_000757_1,CALL_T007_000757,1,EDGE_CANDIDATE_SCREEN,2010-12-21 12:00:00,E0032,CAL_004960,2.5,-1111.44095776243,-1774.82273726023,FLAT_START,CONVERGED_FEASIBLE,CONVERGED,PASSED,0.900177652418885,18,1,1,2.33146835171283e-14,1.14719345134517e-12,25,28,0.2322
ATT_T007_000758_1,CALL_T007_000758,1,EDGE_CANDIDATE_SCREEN,2010-12-21 12:00:00,E0032,CAL_004961,2.5,-1105.14350426625,-1794.29148701167,FLAT_START,CONVERGED_FEASIBLE,CONVERGED,PASSED,0.900173323393039,18,1,1,2.39808173319034e-14,1.17261755860909e-12,25,28,0.2043
ATT_T007_000759_1,CALL_T007_000759,1,EDGE_CANDIDATE_SCREEN,2010-12-21 12:00:00,E0032,CAL_004962,2.5,-1098.79779124183,-1813.90943241483,FLAT_START,CONVERGED_FEASIBLE,CONVERGED,PASSED,0.900168206173876,18,1,1,2.50910403565285e-14,1.19937393350256e-12,25,28,0.2135
ATT_T007_000760_1,CALL_T007_000760,1,EDGE_CANDIDATE_SCREEN,2010-12-21 12:00:00,E0032,CAL_004963,2.5,-1092.40228399823,-1833.68131800871,FLAT_START,CONVERGED_FEASIBLE,CONVERGED,PASSED,0.900162278883009,18,1,1,2.59792187762287e-14,1.2285727990502e-12,25,28,0.235
ATT_T007_000761_1,CALL_T007_000761,1,LOCAL_REENTRY_STENCIL,2010-12-21 12:00:00,E0032,CAL_004945,2.75,-1200.81377923951,-1497.71190559203,FLAT_START,CONVERGED_FEASIBLE,CONVERGED,PASSED,0.900174785002092,18,1,1,1.60982338570648e-14,9.0694118881629e-13,25,28,0.2058
ATT_T007_000762_1,CALL_T007_000762,1,LOCAL_REENTRY_STENCIL,2010-12-21 12:00:00,E0032,CAL_004945,2.25,-1201.2895105128,-1497.86578787048,FLAT_START,CONVERGED_FEASIBLE,CONVERGED,PASSED,0.90014529044907,18,1,1,1.59872115546023e-14,9.09050612563078e-13,25,28,0.2621
ATT_T007_000763_1,CALL_T007_000763,1,ANCHOR_SEARCH,2010-12-21 12:00:00,E0033,CAL_004965,0,-1088.33406473893,-1854.38142175091,FLAT_START,CONVERGED_FEASIBLE,CONVERGED,PASSED,0.900008460548246,18,1,1,2.70894418008538e-14,4.413136522885e-13,26,28,0.2293
ATT_T007_000764_1,CALL_T007_000764,1,ANCHOR_SEARCH,2010-12-21 12:00:00,E0033,CAL_004965,0.5,-1088.00863176975,-1854.00182540929,FLAT_START,CONVERGED_FEASIBLE,CONVERGED,PASSED,0.900033639619668,18,1,1,2.69784194983913e-14,4.40536496171262e-13,26,28,0.2147
ATT_T007_000765_1,CALL_T007_000765,1,ANCHOR_SEARCH,2010-12-21 12:00:00,E0033,CAL_004965,1,-1087.68319880058,-1853.62222906766,FLAT_START,CONVERGED_FEASIBLE,CONVERGED,PASSED,0.90005881691494,18,1,1,2.68673971959288e-14,4.39204228541712e-13,26,28,0.2528
ATT_T007_000766_1,CALL_T007_000766,1,ANCHOR_SEARCH,2010-12-21 12:00:00,E0033,CAL_004965,2,-1087.03233286223,-1852.86303638442,FLAT_START,CONVERGED_FEASIBLE,CONVERGED,PASSED,0.900109166178408,18,1,1,2.67563748934663e-14,4.37871960912162e-13,26,28,0.2148
ATT_T007_000767_1,CALL_T007_000767,1,ANCHOR_SEARCH,2010-12-21 12:00:00,E0033,CAL_004965,4,-1085.73060098553,-1851.34465101792,FLAT_START,CONVERGED_FEASIBLE,CONVERGED,PASSED,0.90020984340663,18,1,1,2.65343302885412e-14,4.34319247233361e-13,26,28,0.2477
ATT_T007_000768_1,CALL_T007_000768,1,ANCHOR_SEARCH,2010-12-21 12:00:00,E0033,CAL_004965,3,-1086.38146692388,-1852.10384370117,FLAT_START,CONVERGED_FEASIBLE,CONVERGED,PASSED,0.900159508341391,18,1,1,2.67563748934663e-14,4.35984581770299e-13,26,28,0.2184
ATT_T007_000769_1,CALL_T007_000769,1,ANCHOR_SEARCH,2010-12-21 12:00:00,E0033,CAL_004965,2.5,-1086.70689989305,-1852.48344004279,FLAT_START,CONVERGED_FEASIBLE,CONVERGED,PASSED,0.900134338147289,18,1,1,2.67563748934663e-14,4.36983782492462e-13,26,28,0.3054
ATT_T007_000770_1,CALL_T007_000770,1,ANCHOR_SEARCH,2010-12-21 12:00:00,E0033,CAL_004965,2.75,-1086.54418340847,-1852.29364187198,FLAT_START,CONVERGED_FEASIBLE,CONVERGED,PASSED,0.900146923466166,18,1,1,2.66453525910038e-14,4.36206626375224e-13,26,28,0.2262
ATT_T007_000771_1,CALL_T007_000771,1,EDGE_CANDIDATE_SCREEN,2010-12-21 12:00:00,E0033,CAL_004966,3,-1074.28810224214,-1862.47164534771,FLAT_START,CONVERGED_FEASIBLE,CONVERGED,PASSED,0.900643410880789,18,1,1,2.66453525910038e-14,1.23689947173489e-12,25,28,0.2121
ATT_T007_000772_1,CALL_T007_000772,1,EDGE_CANDIDATE_SCREEN,2010-12-21 12:00:00,E0033,CAL_004967,3,-1062.22668328704,-1872.81205949987,FLAT_START,CONVERGED_FEASIBLE,CONVERGED,PASSED,0.90112495796388,18,1,1,2.63122856836162e-14,1.21935794794581e-12,25,28,0.2084
ATT_T007_000773_1,CALL_T007_000773,1,EDGE_CANDIDATE_SCREEN,2010-12-21 12:00:00,E0033,CAL_004968,3,-1050.19525361629,-1883.12676344151,FLAT_START,CONVERGED_FEASIBLE,CONVERGED,PASSED,0.90144055655996,33,1,1,2.64233079860787e-14,1.20436993711337e-12,25,28,0.2163
ATT_T007_000774_1,CALL_T007_000774,1,EDGE_CANDIDATE_SCREEN,2010-12-21 12:00:00,E0033,CAL_004969,3,-1038.19187561893,-1893.41741831218,FLAT_START,CONVERGED_FEASIBLE,CONVERGED,PASSED,0.901253647056775,33,1,1,2.60902410786912e-14,1.20592424934785e-12,25,28,0.2482
ATT_T007_000775_1,CALL_T007_000775,1,EDGE_CANDIDATE_SCREEN,2010-12-21 12:00:00,E0033,CAL_004970,3,-1026.21462923556,-1903.68567020423,FLAT_START,CONVERGED_FEASIBLE,CONVERGED,PASSED,0.901066578214293,33,1,1,2.60902410786912e-14,1.20747856158232e-12,25,28,0.2242
ATT_T007_000776_1,CALL_T007_000776,1,EDGE_CANDIDATE_SCREEN,2010-12-21 12:00:00,E0033,CAL_004971,3,-1014.2616107022,-1913.9331512397,FLAT_START,CONVERGED_FEASIBLE,CONVERGED,PASSED,0.900879324288109,33,1,1,2.57571741713036e-14,1.20981002993403e-12,25,28,0.241
ATT_T007_000777_1,CALL_T007_000777,1,EDGE_CANDIDATE_SCREEN,2010-12-21 12:00:00,E0033,CAL_004972,3,-1002.33093131585,-1924.16148062869,FLAT_START,CONVERGED_FEASIBLE,CONVERGED,PASSED,0.900691859387873,33,1,1,2.59792187762287e-14,1.21336274361283e-12,25,28,0.2074
ATT_T007_000778_1,CALL_T007_000778,1,EDGE_CANDIDATE_SCREEN,2010-12-21 12:00:00,E0033,CAL_004973,3,-990.420716220187,-1934.37226571035,FLAT_START,CONVERGED_FEASIBLE,CONVERGED,PASSED,0.900504157464379,33,1,1,2.57571741713036e-14,1.21724852419902e-12,25,28,0.2067
ATT_T007_000779_1,CALL_T007_000779,1,EDGE_CANDIDATE_SCREEN,2010-12-21 12:00:00,E0033,CAL_004974,3,-978.529103209471,-1944.56710297831,FLAT_START,CONVERGED_FEASIBLE,CONVERGED,PASSED,0.90031619229638,33,1,1,2.58681964737661e-14,1.22180043859998e-12,25,28,0.2212
ATT_T007_000780_1,CALL_T007_000780,1,LOCAL_REENTRY_STENCIL,2010-12-21 12:00:00,E0033,CAL_004965,3.25,-1086.21875043929,-1851.91404553036,FLAT_START,CONVERGED_FEASIBLE,CONVERGED,PASSED,0.900172092773007,18,1,1,2.66453525910038e-14,4.35429470257986e-13,26,28,0.2386
ATT_T007_000781_1,CALL_T007_000781,1,LOCAL_REENTRY_STENCIL,2010-12-21 12:00:00,E0033,CAL_004965,2.75,-1086.54418340847,-1852.29364187198,FLAT_START,CONVERGED_FEASIBLE,CONVERGED,PASSED,0.900146923466166,18,1,1,2.66453525910038e-14,4.36206626375224e-13,26,28,0.2394
ATT_T007_000782_1,CALL_T007_000782,1,ANCHOR_SEARCH,2010-12-21 12:00:00,E0034,CAL_004976,0,-968.606839364061,-1957.02515714088,FLAT_START,CONVERGED_FEASIBLE,CONVERGED,PASSED,0.900001466656998,33,1,1,2.62012633811537e-14,1.24045218541369e-12,25,28,0.2145
ATT_T007_000783_1,CALL_T007_000783,1,ANCHOR_SEARCH,2010-12-21 12:00:00,E0034,CAL_004976,0.5,-968.400131862663,-1956.56988578348,FLAT_START,CONVERGED_FEASIBLE,CONVERGED,PASSED,0.900023393120865,33,1,1,2.60902410786912e-14,1.23800969475951e-12,25,28,0.2268
ATT_T007_000784_1,CALL_T007_000784,1,ANCHOR_SEARCH,2010-12-21 12:00:00,E0034,CAL_004976,1,-968.193424361266,-1956.11461442609,FLAT_START,CONVERGED_FEASIBLE,CONVERGED,PASSED,0.900045318185539,33,1,1,2.60902410786912e-14,1.23601129331519e-12,25,28,0.2358
ATT_T007_000785_1,CALL_T007_000785,1,ANCHOR_SEARCH,2010-12-21 12:00:00,E0034,CAL_004976,2,-967.78000935847,-1955.20407171129,FLAT_START,CONVERGED_FEASIBLE,CONVERGED,PASSED,0.90008916411829,33,1,1,2.60902410786912e-14,1.23168142351915e-12,25,28,0.2155
ATT_T007_000786_1,CALL_T007_000786,1,ANCHOR_SEARCH,2010-12-21 12:00:00,E0034,CAL_004976,4,-966.95317935288,-1953.38298628171,FLAT_START,CONVERGED_FEASIBLE,CONVERGED,PASSED,0.900176839204239,33,1,1,2.56461518688411e-14,1.223243728532e-12,25,28,0.2129
ATT_T007_000787_1,CALL_T007_000787,1,ANCHOR_SEARCH,2010-12-21 12:00:00,E0034,CAL_004976,3,-967.366594355675,-1954.2935289965,FLAT_START,CONVERGED_FEASIBLE,CONVERGED,PASSED,0.900133004457205,33,1,1,2.55351295663786e-14,1.22724053142065e-12,25,28,0.2078
ATT_T007_000788_1,CALL_T007_000788,1,ANCHOR_SEARCH,2010-12-21 12:00:00,E0034,CAL_004976,3.5,-967.159886854277,-1953.8382576391,FLAT_START,CONVERGED_FEASIBLE,CONVERGED,PASSED,0.900154922529585,33,1,1,2.57571741713036e-14,1.22490906306894e-12,25,28,0.256
ATT_T007_000789_1,CALL_T007_000789,1,ANCHOR_SEARCH,2010-12-21 12:00:00,E0034,CAL_004976,3.25,-967.263240604976,-1954.0658933178,FLAT_START,CONVERGED_FEASIBLE,CONVERGED,PASSED,0.900143963668126,33,1,1,2.58681964737661e-14,1.22601928609356e-12,25,28,0.2335
ATT_T007_000790_1,CALL_T007_000790,1,EDGE_CANDIDATE_SCREEN,2010-12-21 12:00:00,E0034,CAL_004977,3.5,-953.416702341861,-1960.07809523409,FLAT_START,CONVERGED_FEASIBLE,CONVERGED,PASSED,0.900157327431279,33,1,1,2.53130849614536e-14,1.21191945368082e-12,25,28,0.2085
ATT_T007_000791_1,CALL_T007_000791,1,EDGE_CANDIDATE_SCREEN,2010-12-21 12:00:00,E0034,CAL_004978,3.5,-939.746316983072,-1966.28487972591,FLAT_START,CONVERGED_FEASIBLE,CONVERGED,PASSED,0.900159214086779,33,1,1,2.48689957516035e-14,1.19970700040994e-12,25,28,0.2199
ATT_T007_000792_1,CALL_T007_000792,1,EDGE_CANDIDATE_SCREEN,2010-12-21 12:00:00,E0034,CAL_004979,3.5,-926.146087959167,-1972.4598110373,FLAT_START,CONVERGED_FEASIBLE,CONVERGED,PASSED,0.900160592808154,33,1,1,2.46469511466785e-14,1.18871579246616e-12,25,28,0.2101
ATT_T007_000793_1,CALL_T007_000793,1,EDGE_CANDIDATE_SCREEN,2010-12-21 12:00:00,E0034,CAL_004980,3.5,-912.613420774029,-1978.60406715102,FLAT_START,CONVERGED_FEASIBLE,CONVERGED,PASSED,0.900161473395966,33,1,1,2.42028619368284e-14,1.17805765142975e-12,25,28,0.2336
ATT_T007_000794_1,CALL_T007_000794,1,EDGE_CANDIDATE_SCREEN,2010-12-21 12:00:00,E0034,CAL_004981,3.5,-899.14576712809,-1984.71880507514,FLAT_START,CONVERGED_FEASIBLE,CONVERGED,PASSED,0.900161865158701,33,1,1,2.37587727269783e-14,1.16795462190566e-12,25,28,0.2146
ATT_T007_000795_1,CALL_T007_000795,1,EDGE_CANDIDATE_SCREEN,2010-12-21 12:00:00,E0034,CAL_004982,3.5,-885.740622861836,-1990.80516177677,FLAT_START,CONVERGED_FEASIBLE,CONVERGED,PASSED,0.900161776931105,33,1,1,2.36477504245158e-14,1.15862874849881e-12,25,28,0.21
ATT_T007_000796_1,CALL_T007_000796,1,EDGE_CANDIDATE_SCREEN,2010-12-21 12:00:00,E0034,CAL_004983,3.5,-872.395525965202,-1996.86425508584,FLAT_START,CONVERGED_FEASIBLE,CONVERGED,PASSED,0.900161217091493,33,1,1,2.34257058195908e-14,1.14996900890674e-12,25,28,0.227
ATT_T007_000797_1,CALL_T007_000797,1,EDGE_CANDIDATE_SCREEN,2010-12-21 12:00:00,E0034,CAL_004984,3.5,-859.108054649316,-2002.89718457058,FLAT_START,CONVERGED_FEASIBLE,CONVERGED,PASSED,0.900160193578073,33,1,1,2.32036612146658e-14,1.14197540312944e-12,25,28,0.2487
ATT_T007_000798_1,CALL_T007_000798,1,EDGE_CANDIDATE_SCREEN,2010-12-21 12:00:00,E0034,CAL_004985,3.5,-845.875825477262,-2008.90503238626,FLAT_START,CONVERGED_FEASIBLE,CONVERGED,PASSED,0.900158713904336,33,1,1,2.28705943072782e-14,1.13431486425952e-12,25,28,0.2105
ATT_T007_000799_1,CALL_T007_000799,1,LOCAL_REENTRY_STENCIL,2010-12-21 12:00:00,E0034,CAL_004976,3.75,-967.056533103579,-1953.6106219604,FLAT_START,CONVERGED_FEASIBLE,CONVERGED,PASSED,0.900165881041613,33,1,1,2.55351295663786e-14,1.22390986234677e-12,25,28,0.2246
ATT_T007_000800_1,CALL_T007_000800,1,LOCAL_REENTRY_STENCIL,2010-12-21 12:00:00,E0034,CAL_004976,3.25,-967.263240604976,-1954.0658933178,FLAT_START,CONVERGED_FEASIBLE,CONVERGED,PASSED,0.900143963668126,33,1,1,2.58681964737661e-14,1.22601928609356e-12,25,28,0.2137
ATT_T007_000801_1,CALL_T007_000801,1,ANCHOR_SEARCH,2010-12-21 12:00:00,E0035,CAL_004987,0,-834.143444060409,-2018.07576360026,FLAT_START,CONVERGED_FEASIBLE,CONVERGED,PASSED,0.900003541810891,33,1,1,2.28705943072782e-14,1.14175335852451e-12,25,28,0.2652
ATT_T007_000802_1,CALL_T007_000802,1,ANCHOR_SEARCH,2010-12-21 12:00:00,E0035,CAL_004987,0.5,-833.94156223353,-2017.61833193544,FLAT_START,CONVERGED_FEASIBLE,CONVERGED,PASSED,0.900025437452942,33,1,1,2.28705943072782e-14,1.13953291247526e-12,25,28,0.2115
ATT_T007_000803_1,CALL_T007_000803,1,ANCHOR_SEARCH,2010-12-21 12:00:00,E0035,CAL_004987,1,-833.739680406651,-2017.16090027063,FLAT_START,CONVERGED_FEASIBLE,CONVERGED,PASSED,0.900047331704681,33,1,1,2.28705943072782e-14,1.1376455333334e-12,25,28,0.2312
ATT_T007_000804_1,CALL_T007_000804,1,ANCHOR_SEARCH,2010-12-21 12:00:00,E0035,CAL_004987,2,-833.335916752892,-2016.246036941,FLAT_START,CONVERGED_FEASIBLE,CONVERGED,PASSED,0.900091116038191,33,1,1,2.27595720048157e-14,1.13342668583982e-12,25,28,0.2348
ATT_T007_000805_1,CALL_T007_000805,1,ANCHOR_SEARCH,2010-12-21 12:00:00,E0035,CAL_004987,4,-832.528389445375,-2014.41631028174,FLAT_START,CONVERGED_FEASIBLE,CONVERGED,PASSED,0.900178668032095,33,1,1,2.26485497023532e-14,1.12554410236498e-12,25,28,0.2881
ATT_T007_000806_1,CALL_T007_000806,1,ANCHOR_SEARCH,2010-12-21 12:00:00,E0035,CAL_004987,3,-832.932153099134,-2015.33117361137,FLAT_START,CONVERGED_FEASIBLE,CONVERGED,PASSED,0.900134894813352,33,1,1,2.26485497023532e-14,1.1296519275561e-12,25,28,0.2109
ATT_T007_000807_1,CALL_T007_000807,1,ANCHOR_SEARCH,2010-12-21 12:00:00,E0035,CAL_004987,3.5,-832.730271272255,-2014.87374194655,FLAT_START,CONVERGED_FEASIBLE,CONVERGED,PASSED,0.900156782117155,33,1,1,2.27595720048157e-14,1.12776454841423e-12,25,28,0.2175
ATT_T007_000808_1,CALL_T007_000808,1,ANCHOR_SEARCH,2010-12-21 12:00:00,E0035,CAL_004987,3.25,-832.831212185694,-2015.10245777896,FLAT_START,CONVERGED_FEASIBLE,CONVERGED,PASSED,0.900145838638876,33,1,1,2.25375273998907e-14,1.12854170453147e-12,25,28,0.2118
ATT_T007_000809_1,CALL_T007_000809,1,EDGE_CANDIDATE_SCREEN,2010-12-21 12:00:00,E0035,CAL_004988,3.5,-819.545502064846,-2020.69267731834,FLAT_START,CONVERGED_FEASIBLE,CONVERGED,PASSED,0.900161083530411,33,1,1,2.23154827949656e-14,1.12065912105663e-12,25,28,0.2618
ATT_T007_000810_1,CALL_T007_000810,1,EDGE_CANDIDATE_SCREEN,2010-12-21 12:00:00,E0035,CAL_004989,3.5,-806.411178624131,-2026.48934907281,FLAT_START,CONVERGED_FEASIBLE,CONVERGED,PASSED,0.900164922613746,33,1,1,2.19824158875781e-14,1.11433084981627e-12,25,28,0.2112
ATT_T007_000811_1,CALL_T007_000811,1,EDGE_CANDIDATE_SCREEN,2010-12-21 12:00:00,E0035,CAL_004990,3.5,-793.325022710447,-2032.26476268294,FLAT_START,CONVERGED_FEASIBLE,CONVERGED,PASSED,0.900168306722995,33,1,1,2.19824158875781e-14,1.10855769008822e-12,25,28,0.2116
ATT_T007_000812_1,CALL_T007_000812,1,EDGE_CANDIDATE_SCREEN,2010-12-21 12:00:00,E0035,CAL_004991,3.5,-780.284787385614,-2038.01990980721,FLAT_START,CONVERGED_FEASIBLE,CONVERGED,PASSED,0.900171242830652,33,1,1,2.16493489801906e-14,1.10267350805771e-12,25,28,0.2239
ATT_T007_000813_1,CALL_T007_000813,1,EDGE_CANDIDATE_SCREEN,2010-12-21 12:00:00,E0035,CAL_004992,3.5,-767.288255395443,-2043.75576900342,FLAT_START,CONVERGED_FEASIBLE,CONVERGED,PASSED,0.900173737537988,33,1,1,2.14273043752655e-14,1.09812159365674e-12,25,28,0.2159
ATT_T007_000814_1,CALL_T007_000814,1,EDGE_CANDIDATE_SCREEN,2010-12-21 12:00:00,E0035,CAL_004993,3.5,-754.33323759386,-2049.4733064242,FLAT_START,CONVERGED_FEASIBLE,CONVERGED,PASSED,0.900175797086466,33,1,1,2.1538326677728e-14,1.09356967925578e-12,25,28,0.2142
ATT_T007_000815_1,CALL_T007_000815,1,EDGE_CANDIDATE_SCREEN,2010-12-21 12:00:00,E0035,CAL_004994,3.5,-741.417571406128,-2055.17347649527,FLAT_START,CONVERGED_FEASIBLE,CONVERGED,PASSED,0.900177427368492,33,1,1,2.12052597703405e-14,1.08968389866959e-12,25,28,0.2058
ATT_T007_000816_1,CALL_T007_000816,1,EDGE_CANDIDATE_SCREEN,2010-12-21 12:00:00,E0035,CAL_004995,3.5,-728.539119328815,-2060.85722257742,FLAT_START,CONVERGED_FEASIBLE,CONVERGED,PASSED,0.900178633937544,33,1,1,2.1316282072803e-14,1.08546505117602e-12,25,28,0.2421
ATT_T007_000817_1,CALL_T007_000817,1,EDGE_CANDIDATE_SCREEN,2010-12-21 12:00:00,E0035,CAL_004996,3.5,-715.695767464231,-2066.52547761333,FLAT_START,CONVERGED_FEASIBLE,CONVERGED,PASSED,0.900179422017684,33,1,1,2.08721928629529e-14,1.08202335979968e-12,25,28,0.2557
ATT_T007_000818_1,CALL_T007_000818,1,EDGE_CANDIDATE_SCREEN,2010-12-21 12:00:00,E0035,CAL_004997,3.5,-702.885424087124,-2072.17916476016,FLAT_START,CONVERGED_FEASIBLE,CONVERGED,PASSED,0.9001797965125,33,1,1,2.07611705604904e-14,1.07913677993565e-12,25,28,0.2267
ATT_T007_000819_1,CALL_T007_000819,1,EDGE_CANDIDATE_SCREEN,2010-12-21 12:00:00,E0035,CAL_004998,3.5,-690.106018241489,-2077.81919800881,FLAT_START,CONVERGED_FEASIBLE,CONVERGED,PASSED,0.900179762013498,33,1,1,2.07611705604904e-14,1.07680531158394e-12,25,28,0.2135
ATT_T007_000820_1,CALL_T007_000820,1,EDGE_CANDIDATE_SCREEN,2010-12-21 12:00:00,E0035,CAL_004999,3.5,-677.355498365488,-2083.44648279082,FLAT_START,CONVERGED_FEASIBLE,CONVERGED,PASSED,0.900179322807956,33,1,1,2.06501482580279e-14,1.07480691013961e-12,25,28,0.2536
ATT_T007_000821_1,CALL_T007_000821,1,EDGE_CANDIDATE_SCREEN,2010-12-21 12:00:00,E0035,CAL_005000,3.5,-664.631830942441,-2089.06191657371,FLAT_START,CONVERGED_FEASIBLE,CONVERGED,PASSED,0.900178482886284,33,1,1,2.07611705604904e-14,1.07258646409036e-12,25,28,0.2256
ATT_T007_000822_1,CALL_T007_000822,1,EDGE_CANDIDATE_SCREEN,2010-12-21 12:00:00,E0035,CAL_005001,3.5,-651.932999175987,-2094.66638944569,FLAT_START,CONVERGED_FEASIBLE,CONVERGED,PASSED,0.900177245948882,33,1,1,2.07611705604904e-14,1.07136521876328e-12,25,28,0.2441
ATT_T007_000823_1,CALL_T007_000823,1,EDGE_CANDIDATE_SCREEN,2010-12-21 12:00:00,E0035,CAL_005002,3.5,-639.257001687538,-2100.26078469053,FLAT_START,CONVERGED_FEASIBLE,CONVERGED,PASSED,0.900175615412541,33,1,1,2.06501482580279e-14,1.07003295113373e-12,25,28,0.2065
ATT_T007_000824_1,CALL_T007_000824,1,EDGE_CANDIDATE_SCREEN,2010-12-21 12:00:00,E0035,CAL_005003,3.5,-626.601851234209,-2105.84597935339,FLAT_START,CONVERGED_FEASIBLE,CONVERGED,PASSED,0.900173594416385,33,1,1,2.08721928629529e-14,1.06914477271403e-12,25,28,0.2714
ATT_T007_000825_1,CALL_T007_000825,1,EDGE_CANDIDATE_SCREEN,2010-12-21 12:00:00,E0035,CAL_005004,3.5,-613.965573445449,-2111.42284479837,FLAT_START,CONVERGED_FEASIBLE,CONVERGED,PASSED,0.900171185827384,33,1,1,2.05391259555654e-14,1.06881170580664e-12,25,28,0.225
ATT_T007_000826_1,CALL_T007_000826,1,EDGE_CANDIDATE_SCREEN,2010-12-21 12:00:00,E0035,CAL_005005,3.5,-601.346205576635,-2116.99224725861,FLAT_START,CONVERGED_FEASIBLE,CONVERGED,PASSED,0.900168392245441,33,1,1,2.08721928629529e-14,1.06814557199186e-12,25,28,0.2337
ATT_T007_000827_1,CALL_T007_000827,1,EDGE_CANDIDATE_SCREEN,2010-12-21 12:00:00,E0035,CAL_005006,3.5,-588.741795277964,-2122.55504837964,FLAT_START,CONVERGED_FEASIBLE,CONVERGED,PASSED,0.900165216008073,33,1,1,2.06501482580279e-14,1.06858966120171e-12,25,28,0.2295
ATT_T007_000828_1,CALL_T007_000828,1,LOCAL_REENTRY_STENCIL,2010-12-21 12:00:00,E0035,CAL_004987,3.75,-832.629330358815,-2014.64502611414,FLAT_START,CONVERGED_FEASIBLE,CONVERGED,PASSED,0.900167725248218,33,1,1,2.26485497023532e-14,1.12654330308715e-12,25,28,0.3035
ATT_T007_000829_1,CALL_T007_000829,1,LOCAL_REENTRY_STENCIL,2010-12-21 12:00:00,E0035,CAL_004987,3.25,-832.831212185694,-2015.10245777896,FLAT_START,CONVERGED_FEASIBLE,CONVERGED,PASSED,0.900145838638876,33,1,1,2.25375273998907e-14,1.12854170453147e-12,25,28,0.2094
ATT_T007_000830_1,CALL_T007_000830,1,ANCHOR_SEARCH,2010-12-21 12:00:00,E0036,CAL_005008,0,-577.563572165093,-2131.31412741039,FLAT_START,CONVERGED_FEASIBLE,CONVERGED,PASSED,0.900008743448048,33,1,1,2.1094237467878e-14,1.0822454044046e-12,25,28,0.265
ATT_T007_000831_1,CALL_T007_000831,1,ANCHOR_SEARCH,2010-12-21 12:00:00,E0036,CAL_005008,0.5,-577.367349188518,-2130.8542398769,FLAT_START,CONVERGED_FEASIBLE,CONVERGED,PASSED,0.90003059270752,33,1,1,2.1094237467878e-14,1.08035802526274e-12,25,28,0.2202
ATT_T007_000832_1,CALL_T007_000832,1,ANCHOR_SEARCH,2010-12-21 12:00:00,E0036,CAL_005008,1,-577.171126211942,-2130.3943523434,FLAT_START,CONVERGED_FEASIBLE,CONVERGED,PASSED,0.900052440588152,33,1,1,2.09832151654155e-14,1.07813757921349e-12,25,28,0.2259
ATT_T007_000833_1,CALL_T007_000833,1,ANCHOR_SEARCH,2010-12-21 12:00:00,E0036,CAL_005008,2,-576.778680258792,-2129.47457727641,FLAT_START,CONVERGED_FEASIBLE,CONVERGED,PASSED,0.900096132213842,33,1,1,2.07611705604904e-14,1.07447384323223e-12,25,28,0.2579
ATT_T007_000834_1,CALL_T007_000834,1,ANCHOR_SEARCH,2010-12-21 12:00:00,E0036,CAL_005008,4,-575.993788352491,-2127.63502714243,FLAT_START,CONVERGED_FEASIBLE,CONVERGED,PASSED,0.900183498929597,33,1,1,2.07611705604904e-14,1.06681330436231e-12,25,28,0.2378
ATT_T007_000835_1,CALL_T007_000835,1,ANCHOR_SEARCH,2010-12-21 12:00:00,E0036,CAL_005008,3,-576.386234305641,-2128.55480220942,FLAT_START,CONVERGED_FEASIBLE,CONVERGED,PASSED,0.900139818327023,33,1,1,2.07611705604904e-14,1.0706990849485e-12,25,28,0.3273
ATT_T007_000836_1,CALL_T007_000836,1,ANCHOR_SEARCH,2010-12-21 12:00:00,E0036,CAL_005008,3.5,-576.190011329066,-2128.09491467593,FLAT_START,CONVERGED_FEASIBLE,CONVERGED,PASSED,0.900161659317017,33,1,1,2.08721928629529e-14,1.06870068350418e-12,25,28,0.2652
ATT_T007_000837_1,CALL_T007_000837,1,ANCHOR_SEARCH,2010-12-21 12:00:00,E0036,CAL_005008,3.25,-576.288122817354,-2128.32485844267,FLAT_START,CONVERGED_FEASIBLE,CONVERGED,PASSED,0.900150738994212,33,1,1,2.09832151654155e-14,1.0698109065288e-12,25,28,0.2504
ATT_T007_000838_1,CALL_T007_000838,1,EDGE_CANDIDATE_SCREEN,2010-12-21 12:00:00,E0036,CAL_005009,3.25,-563.666585292807,-2133.71016567899,FLAT_START,CONVERGED_FEASIBLE,CONVERGED,PASSED,0.900154208908458,33,1,1,2.08721928629529e-14,1.06947783962141e-12,25,28,0.227
ATT_T007_000839_1,CALL_T007_000839,1,EDGE_CANDIDATE_SCREEN,2010-12-21 12:00:00,E0036,CAL_005010,3.25,-551.056295285748,-2139.09067386945,FLAT_START,CONVERGED_FEASIBLE,CONVERGED,PASSED,0.900157296080833,33,1,1,2.08721928629529e-14,1.07003295113373e-12,25,28,0.2509
ATT_T007_000840_1,CALL_T007_000840,1,EDGE_CANDIDATE_SCREEN,2010-12-21 12:00:00,E0036,CAL_005011,3.25,-538.455319433348,-2144.4672079336,FLAT_START,CONVERGED_FEASIBLE,CONVERGED,PASSED,0.90016000319475,33,1,1,2.09832151654155e-14,1.0706990849485e-12,25,28,0.2341
ATT_T007_000841_1,CALL_T007_000841,1,EDGE_CANDIDATE_SCREEN,2010-12-21 12:00:00,E0036,CAL_005012,3.25,-525.861730063486,-2149.84059036287,FLAT_START,CONVERGED_FEASIBLE,CONVERGED,PASSED,0.900162332684018,33,1,1,2.1094237467878e-14,1.07103215185589e-12,25,28,0.2521
ATT_T007_000842_1,CALL_T007_000842,1,EDGE_CANDIDATE_SCREEN,2010-12-21 12:00:00,E0036,CAL_005013,3.25,-513.273604012504,-2155.21164172505,FLAT_START,CONVERGED_FEASIBLE,CONVERGED,PASSED,0.900164286736367,33,1,1,2.1094237467878e-14,1.07214237488051e-12,25,28,0.2208
ATT_T007_000843_1,CALL_T007_000843,1,EDGE_CANDIDATE_SCREEN,2010-12-21 12:00:00,E0036,CAL_005014,3.25,-500.689021448828,-2160.58118116622,FLAT_START,CONVERGED_FEASIBLE,CONVERGED,PASSED,0.900165867296629,33,1,1,2.12052597703405e-14,1.07391873171991e-12,25,28,0.2439
ATT_T007_000844_1,CALL_T007_000844,1,EDGE_CANDIDATE_SCREEN,2010-12-21 12:00:00,E0036,CAL_005015,3.25,-488.106064700897,-2165.95002691082,FLAT_START,CONVERGED_FEASIBLE,CONVERGED,PASSED,0.900167076069574,33,1,1,2.1316282072803e-14,1.07469588783715e-12,25,28,0.2638
ATT_T007_000845_1,CALL_T007_000845,1,EDGE_CANDIDATE_SCREEN,2010-12-21 12:00:00,E0036,CAL_005016,3.25,-475.522817087898,-2171.31899676056,FLAT_START,CONVERGED_FEASIBLE,CONVERGED,PASSED,0.900167914522407,33,1,1,2.12052597703405e-14,1.0769163338864e-12,25,28,0.2846
ATT_T007_000846_1,CALL_T007_000846,1,EDGE_CANDIDATE_SCREEN,2010-12-21 12:00:00,E0036,CAL_005017,3.25,-462.937361751785,-2176.68890859279,FLAT_START,CONVERGED_FEASIBLE,CONVERGED,PASSED,0.900168383886952,33,1,1,2.16493489801906e-14,1.07880371302826e-12,25,28,0.2207
ATT_T007_000847_1,CALL_T007_000847,1,EDGE_CANDIDATE_SCREEN,2010-12-21 12:00:00,E0036,CAL_005018,3.25,-450.347780489062,-2182.06058085891,FLAT_START,CONVERGED_FEASIBLE,CONVERGED,PASSED,0.900168485161488,33,1,1,2.16493489801906e-14,1.08113518137998e-12,25,28,0.2121
ATT_T007_000848_1,CALL_T007_000848,1,EDGE_CANDIDATE_SCREEN,2010-12-21 12:00:00,E0036,CAL_005019,3.25,-437.752152580834,-2187.43483308359,FLAT_START,CONVERGED_FEASIBLE,CONVERGED,PASSED,0.900168219112294,33,1,1,2.17603712826531e-14,1.08335562742923e-12,25,28,0.2503
ATT_T007_000849_1,CALL_T007_000849,1,EDGE_CANDIDATE_SCREEN,2010-12-21 12:00:00,E0036,CAL_005020,3.25,-425.148553619581,-2192.81248636535,FLAT_START,CONVERGED_FEASIBLE,CONVERGED,PASSED,0.900167586274854,33,1,1,2.1538326677728e-14,1.08646425189818e-12,25,28,0.2598
ATT_T007_000850_1,CALL_T007_000850,1,EDGE_CANDIDATE_SCREEN,2010-12-21 12:00:00,E0036,CAL_005021,3.25,-412.535054331168,-2198.19436387917,FLAT_START,CONVERGED_FEASIBLE,CONVERGED,PASSED,0.900166586954772,33,1,1,2.18713935851156e-14,1.08912878715728e-12,25,28,0.3659
ATT_T007_000851_1,CALL_T007_000851,1,EDGE_CANDIDATE_SCREEN,2010-12-21 12:00:00,E0036,CAL_005022,3.25,-399.909719390521,-2203.58129138183,FLAT_START,CONVERGED_FEASIBLE,CONVERGED,PASSED,0.900165221228359,33,1,1,2.19824158875781e-14,1.09257047853362e-12,25,28,0.2837
ATT_T007_000852_1,CALL_T007_000852,1,EDGE_CANDIDATE_SCREEN,2010-12-21 12:00:00,E0036,CAL_005023,3.25,-387.27060622944,-2208.97409772057,FLAT_START,CONVERGED_FEASIBLE,CONVERGED,PASSED,0.900163488942923,33,1,1,2.20934381900406e-14,1.09567910300257e-12,25,28,0.2289
ATT_T007_000853_1,CALL_T007_000853,1,EDGE_CANDIDATE_SCREEN,2010-12-21 12:00:00,E0036,CAL_005024,3.25,-374.615763834973,-2214.37361534581,FLAT_START,CONVERGED_FEASIBLE,CONVERGED,PASSED,0.900161389716751,33,1,1,2.23154827949656e-14,1.09934283898383e-12,25,28,0.2126
ATT_T007_000854_1,CALL_T007_000854,1,EDGE_CANDIDATE_SCREEN,2010-12-21 12:00:00,E0036,CAL_005025,3.25,-361.943231536778,-2219.78068082854,FLAT_START,CONVERGED_FEASIBLE,CONVERGED,PASSED,0.90015892293878,33,1,1,2.25375273998907e-14,1.10389475338479e-12,25,28,0.2366
ATT_T007_000855_1,CALL_T007_000855,1,EDGE_CANDIDATE_SCREEN,2010-12-21 12:00:00,E0036,CAL_005026,3.25,-349.251037781829,-2225.19613538314,FLAT_START,CONVERGED_FEASIBLE,CONVERGED,PASSED,0.900156087767965,33,1,1,2.24265050974282e-14,1.10766951166852e-12,25,28,0.213
ATT_T007_000856_1,CALL_T007_000856,1,EDGE_CANDIDATE_SCREEN,2010-12-21 12:00:00,E0036,CAL_005027,3.25,-336.537198894867,-2230.62082539623,FLAT_START,CONVERGED_FEASIBLE,CONVERGED,PASSED,0.900152883132332,33,1,1,2.25375273998907e-14,1.11177733685963e-12,25,28,0.2139
ATT_T007_000857_1,CALL_T007_000857,1,LOCAL_REENTRY_STENCIL,2010-12-21 12:00:00,E0036,CAL_005008,3.5,-576.190011329066,-2128.09491467593,FLAT_START,CONVERGED_FEASIBLE,CONVERGED,PASSED,0.900161659317017,33,1,1,2.08721928629529e-14,1.06870068350418e-12,25,28,0.2096
ATT_T007_000858_1,CALL_T007_000858,1,LOCAL_REENTRY_STENCIL,2010-12-21 12:00:00,E0036,CAL_005008,3,-576.386234305641,-2128.55480220942,FLAT_START,CONVERGED_FEASIBLE,CONVERGED,PASSED,0.900139818327023,33,1,1,2.07611705604904e-14,1.0706990849485e-12,25,28,0.2065
ATT_T007_000859_1,CALL_T007_000859,1,ANCHOR_SEARCH,2010-12-21 12:00:00,E0037,CAL_005029,0,-325.075167170626,-2239.04487193015,FLAT_START,CONVERGED_FEASIBLE,CONVERGED,PASSED,0.900007524059926,33,1,1,2.32036612146658e-14,1.12920783834625e-12,25,28,0.245
ATT_T007_000860_1,CALL_T007_000860,1,ANCHOR_SEARCH,2010-12-21 12:00:00,E0037,CAL_005029,0.5,-324.884624692772,-2238.582601918,FLAT_START,CONVERGED_FEASIBLE,CONVERGED,PASSED,0.900029340718823,33,1,1,2.30926389122033e-14,1.12720943690192e-12,25,28,0.2119
ATT_T007_000861_1,CALL_T007_000861,1,ANCHOR_SEARCH,2010-12-21 12:00:00,E0037,CAL_005029,1,-324.694082214917,-2238.12033190585,FLAT_START,CONVERGED_FEASIBLE,CONVERGED,PASSED,0.900051156006167,33,1,1,2.28705943072782e-14,1.12532205776006e-12,25,28,0.226
ATT_T007_000862_1,CALL_T007_000862,1,ANCHOR_SEARCH,2010-12-21 12:00:00,E0037,CAL_005029,2,-324.312997259209,-2237.19579188155,FLAT_START,CONVERGED_FEASIBLE,CONVERGED,PASSED,0.90009478246714,33,1,1,2.28705943072782e-14,1.12154729947633e-12,25,28,0.2097
ATT_T007_000863_1,CALL_T007_000863,1,ANCHOR_SEARCH,2010-12-21 12:00:00,E0037,CAL_005029,4,-323.550827347792,-2235.34671183295,FLAT_START,CONVERGED_FEASIBLE,CONVERGED,PASSED,0.900182018940825,33,1,1,2.26485497023532e-14,1.11355369369903e-12,25,28,0.2557
ATT_T007_000864_1,CALL_T007_000864,1,ANCHOR_SEARCH,2010-12-21 12:00:00,E0037,CAL_005029,3,-323.9319123035,-2236.27125185725,FLAT_START,CONVERGED_FEASIBLE,CONVERGED,PASSED,0.90013840344473,33,1,1,2.27595720048157e-14,1.1172174296803e-12,25,28,0.2161
ATT_T007_000865_1,CALL_T007_000865,1,ANCHOR_SEARCH,2010-12-21 12:00:00,E0037,CAL_005029,3.5,-323.741369825646,-2235.8089818451,FLAT_START,CONVERGED_FEASIBLE,CONVERGED,PASSED,0.900160211877847,33,1,1,2.26485497023532e-14,1.11544107284089e-12,25,28,0.2221
ATT_T007_000866_1,CALL_T007_000866,1,ANCHOR_SEARCH,2010-12-21 12:00:00,E0037,CAL_005029,3.25,-323.836641064573,-2236.04011685117,FLAT_START,CONVERGED_FEASIBLE,CONVERGED,PASSED,0.900149307832571,33,1,1,2.27595720048157e-14,1.11644027356306e-12,25,28,0.2123
ATT_T007_000867_1,CALL_T007_000867,1,EDGE_CANDIDATE_SCREEN,2010-12-21 12:00:00,E0037,CAL_005030,3.5,-310.957640175382,-2241.07829081986,FLAT_START,CONVERGED_FEASIBLE,CONVERGED,PASSED,0.900163708813958,33,1,1,2.29816166097407e-14,1.11965992033447e-12,25,28,0.2325
ATT_T007_000868_1,CALL_T007_000868,1,EDGE_CANDIDATE_SCREEN,2010-12-21 12:00:00,E0037,CAL_005031,3.5,-298.148295508582,-2246.35815801511,FLAT_START,CONVERGED_FEASIBLE,CONVERGED,PASSED,0.900166849042658,33,1,1,2.28705943072782e-14,1.12387876782805e-12,25,28,0.2218
ATT_T007_000869_1,CALL_T007_000869,1,EDGE_CANDIDATE_SCREEN,2010-12-21 12:00:00,E0037,CAL_005032,3.5,-285.311301662975,-2251.64942188959,FLAT_START,CONVERGED_FEASIBLE,CONVERGED,PASSED,0.900169631964433,33,1,1,2.32036612146658e-14,1.12831965992655e-12,25,28,0.2208
ATT_T007_000870_1,CALL_T007_000870,1,EDGE_CANDIDATE_SCREEN,2010-12-21 12:00:00,E0037,CAL_005033,3.5,-272.44460724289,-2256.95292800541,FLAT_START,CONVERGED_FEASIBLE,CONVERGED,PASSED,0.900172056752727,33,1,1,2.33146835171283e-14,1.1332046412349e-12,25,28,0.233
ATT_T007_000871_1,CALL_T007_000871,1,EDGE_CANDIDATE_SCREEN,2010-12-21 12:00:00,E0037,CAL_005034,3.5,-259.546142279008,-2262.26952958055,FLAT_START,CONVERGED_FEASIBLE,CONVERGED,PASSED,0.900174122352233,33,1,1,2.34257058195908e-14,1.13786757793832e-12,25,28,0.2739
ATT_T007_000872_1,CALL_T007_000872,1,EDGE_CANDIDATE_SCREEN,2010-12-21 12:00:00,E0037,CAL_005035,3.5,-246.613816863202,-2267.60008805153,FLAT_START,CONVERGED_FEASIBLE,CONVERGED,PASSED,0.90017582747687,33,1,1,2.34257058195908e-14,1.14375175996884e-12,25,28,0.2175
ATT_T007_000873_1,CALL_T007_000873,1,EDGE_CANDIDATE_SCREEN,2010-12-21 12:00:00,E0037,CAL_005036,3.5,-233.645519756516,-2272.9454736472,FLAT_START,CONVERGED_FEASIBLE,CONVERGED,PASSED,0.900177170607436,33,1,1,2.36477504245158e-14,1.14885878588211e-12,25,28,0.2125
ATT_T007_000874_1,CALL_T007_000874,1,EDGE_CANDIDATE_SCREEN,2010-12-21 12:00:00,E0037,CAL_005037,3.5,-220.639116968251,-2278.30656597443,FLAT_START,CONVERGED_FEASIBLE,CONVERGED,PASSED,0.900178149988934,33,1,1,2.38697950294409e-14,1.15429887870278e-12,25,28,0.2073
ATT_T007_000875_1,CALL_T007_000875,1,EDGE_CANDIDATE_SCREEN,2010-12-21 12:00:00,E0037,CAL_005038,3.5,-207.59245030409,-2283.68425461655,FLAT_START,CONVERGED_FEASIBLE,CONVERGED,PASSED,0.900178763627573,33,1,1,2.40918396343659e-14,1.16018306073329e-12,25,28,0.2355
ATT_T007_000876_1,CALL_T007_000876,1,EDGE_CANDIDATE_SCREEN,2010-12-21 12:00:00,E0037,CAL_005039,3.5,-194.503335881076,-2289.07943974543,FLAT_START,CONVERGED_FEASIBLE,CONVERGED,PASSED,0.900179009287414,33,1,1,2.43138842392909e-14,1.16640030967119e-12,25,28,0.2124
ATT_T007_000877_1,CALL_T007_000877,1,EDGE_CANDIDATE_SCREEN,2010-12-21 12:00:00,E0037,CAL_005040,3.5,-181.369562607226,-2294.49303274822,FLAT_START,CONVERGED_FEASIBLE,CONVERGED,PASSED,0.900178884486679,33,1,1,2.44249065417534e-14,1.17283960321402e-12,25,28,0.2201
ATT_T007_000878_1,CALL_T007_000878,1,EDGE_CANDIDATE_SCREEN,2010-12-21 12:00:00,E0037,CAL_005041,3.5,-168.188890623442,-2299.92595686955,FLAT_START,CONVERGED_FEASIBLE,CONVERGED,PASSED,0.900178386493693,33,1,1,2.4535928844216e-14,1.17927889675684e-12,25,28,0.2262
ATT_T007_000879_1,CALL_T007_000879,1,EDGE_CANDIDATE_SCREEN,2010-12-21 12:00:00,E0037,CAL_005042,3.5,-154.9590497053,-2305.37914787027,FLAT_START,CONVERGED_FEASIBLE,CONVERGED,PASSED,0.900177512322461,33,1,1,2.4535928844216e-14,1.18627330181198e-12,25,28,0.2112
ATT_T007_000880_1,CALL_T007_000880,1,EDGE_CANDIDATE_SCREEN,2010-12-21 12:00:00,E0037,CAL_005043,3.5,-141.67773762222,-2310.85355470384,FLAT_START,CONVERGED_FEASIBLE,CONVERGED,PASSED,0.900176258727863,33,1,1,2.4980018054066e-14,1.19282361765727e-12,25,28,0.2125
ATT_T007_000881_1,CALL_T007_000881,1,EDGE_CANDIDATE_SCREEN,2010-12-21 12:00:00,E0037,CAL_005044,3.5,-128.342618451381,-2316.35014021125,FLAT_START,CONVERGED_FEASIBLE,CONVERGED,PASSED,0.900174622200453,33,1,1,2.50910403565285e-14,1.20004006731733e-12,25,28,0.2067
ATT_T007_000882_1,CALL_T007_000882,1,EDGE_CANDIDATE_SCREEN,2010-12-21 12:00:00,E0037,CAL_005045,3.5,-114.951320843655,-2321.86988183583,FLAT_START,CONVERGED_FEASIBLE,CONVERGED,PASSED,0.900172598960859,33,1,1,2.54241072639161e-14,1.20758958388478e-12,25,28,0.2166
ATT_T007_000883_1,CALL_T007_000883,1,EDGE_CANDIDATE_SCREEN,2010-12-21 12:00:00,E0037,CAL_005046,3.5,-101.501436238719,-2327.41377235895,FLAT_START,CONVERGED_FEASIBLE,CONVERGED,PASSED,0.900170184953755,33,1,1,2.55351295663786e-14,1.21536114505716e-12,25,28,0.2117
ATT_T007_000884_1,CALL_T007_000884,1,EDGE_CANDIDATE_SCREEN,2010-12-21 12:00:00,E0037,CAL_005047,3.5,-87.9905170263534,-2332.98282065788,FLAT_START,CONVERGED_FEASIBLE,CONVERGED,PASSED,0.900167375841405,33,1,1,2.57571741713036e-14,1.22346577313692e-12,25,28,0.2659
ATT_T007_000885_1,CALL_T007_000885,1,EDGE_CANDIDATE_SCREEN,2010-12-21 12:00:00,E0037,CAL_005048,3.5,-74.4160746508127,-2338.57805248721,FLAT_START,CONVERGED_FEASIBLE,CONVERGED,PASSED,0.900164166996741,33,1,1,2.57571741713036e-14,1.23190346812407e-12,25,28,0.2252
ATT_T007_000886_1,CALL_T007_000886,1,LOCAL_REENTRY_STENCIL,2010-12-21 12:00:00,E0037,CAL_005029,3.75,-323.646098586719,-2235.57784683902,FLAT_START,CONVERGED_FEASIBLE,CONVERGED,PASSED,0.900171115580589,33,1,1,2.28705943072782e-14,1.11444187211873e-12,25,28,0.2318
ATT_T007_000887_1,CALL_T007_000887,1,LOCAL_REENTRY_STENCIL,2010-12-21 12:00:00,E0037,CAL_005029,3.25,-323.836641064573,-2236.04011685117,FLAT_START,CONVERGED_FEASIBLE,CONVERGED,PASSED,0.900149307832571,33,1,1,2.27595720048157e-14,1.11644027356306e-12,25,28,0.2136
ATT_T007_000888_1,CALL_T007_000888,1,ANCHOR_SEARCH,2010-12-21 12:00:00,E0038,CAL_005053,0,-6.84635714779189,-2369.73722308219,FLAT_START,CONVERGED_FEASIBLE,CONVERGED,PASSED,0.900008763556537,33,1,1,2.77555756156289e-14,4.48197035041176e-13,26,28,0.2619
ATT_T007_000889_1,CALL_T007_000889,1,ANCHOR_SEARCH,2010-12-21 12:00:00,E0038,CAL_005053,0.5,-6.65924779781604,-2369.27355284252,FLAT_START,CONVERGED_FEASIBLE,CONVERGED,PASSED,0.90003055438812,33,1,1,2.75335310107039e-14,4.47419878923938e-13,26,28,0.2177
ATT_T007_000890_1,CALL_T007_000890,1,ANCHOR_SEARCH,2010-12-21 12:00:00,E0038,CAL_005053,1,-6.4721384478402,-2368.80988260286,FLAT_START,CONVERGED_FEASIBLE,CONVERGED,PASSED,0.900052343852367,33,1,1,2.74225087082414e-14,4.47086812016551e-13,26,28,0.2154
ATT_T007_000891_1,CALL_T007_000891,1,ANCHOR_SEARCH,2010-12-21 12:00:00,E0038,CAL_005053,2,-6.0979197478885,-2367.88254212353,FLAT_START,CONVERGED_FEASIBLE,CONVERGED,PASSED,0.900095918679797,33,1,1,2.72004641033163e-14,4.45199432874688e-13,26,28,0.2173
ATT_T007_000892_1,CALL_T007_000892,1,ANCHOR_SEARCH,2010-12-21 12:00:00,E0038,CAL_005053,4,-5.34948234798512,-2366.02786116487,FLAT_START,CONVERGED_FEASIBLE,CONVERGED,PASSED,0.900183051936971,33,1,1,2.70894418008538e-14,4.42312853010662e-13,26,28,0.2359
ATT_T007_000893_1,CALL_T007_000893,1,ANCHOR_SEARCH,2010-12-21 12:00:00,E0038,CAL_005053,3,-5.72370104793681,-2366.9552016442,FLAT_START,CONVERGED_FEASIBLE,CONVERGED,PASSED,0.900139488040705,33,1,1,2.74225087082414e-14,4.43867165245138e-13,26,28,0.2209
ATT_T007_000894_1,CALL_T007_000894,1,ANCHOR_SEARCH,2010-12-21 12:00:00,E0038,CAL_005053,3.5,-5.53659169796097,-2366.49153140453,FLAT_START,CONVERGED_FEASIBLE,CONVERGED,PASSED,0.900161270671801,33,1,1,2.72004641033163e-14,4.430900091279e-13,26,28,0.2206
ATT_T007_000895_1,CALL_T007_000895,1,ANCHOR_SEARCH,2010-12-21 12:00:00,E0038,CAL_005053,3.25,-5.63014637294889,-2366.72336652436,FLAT_START,CONVERGED_FEASIBLE,CONVERGED,PASSED,0.900150379527009,33,1,1,2.72004641033163e-14,4.43312053732825e-13,26,28,0.2253
ATT_T007_000896_1,CALL_T007_000896,1,EDGE_CANDIDATE_SCREEN,2010-12-21 12:00:00,E0038,CAL_005050,3.25,-47.1847598620988,-2349.95443021294,FLAT_START,CONVERGED_FEASIBLE,CONVERGED,PASSED,0.9001504297991,33,1,1,2.64233079860787e-14,4.33764135721049e-13,26,28,0.2605
ATT_T007_000897_1,CALL_T007_000897,1,EDGE_CANDIDATE_SCREEN,2010-12-21 12:00:00,E0038,CAL_005051,3.25,-33.4065632871232,-2355.51447954205,FLAT_START,CONVERGED_FEASIBLE,CONVERGED,PASSED,0.900150807986039,33,1,1,2.67563748934663e-14,4.36872760189999e-13,26,28,0.2165
ATT_T007_000898_1,CALL_T007_000898,1,EDGE_CANDIDATE_SCREEN,2010-12-21 12:00:00,E0038,CAL_005052,3.25,-19.5559252479962,-2361.10376187797,FLAT_START,CONVERGED_FEASIBLE,CONVERGED,PASSED,0.900150792915959,33,1,1,2.69784194983913e-14,4.40092406961412e-13,26,28,0.243
ATT_T007_000899_1,CALL_T007_000899,1,LOCAL_REENTRY_STENCIL,2010-12-21 12:00:00,E0038,CAL_005053,3.5,-5.53659169796097,-2366.49153140453,FLAT_START,CONVERGED_FEASIBLE,CONVERGED,PASSED,0.900161270671801,33,1,1,2.72004641033163e-14,4.430900091279e-13,26,28,0.2301
ATT_T007_000900_1,CALL_T007_000900,1,LOCAL_REENTRY_STENCIL,2010-12-21 12:00:00,E0038,CAL_005053,3,-5.72370104793681,-2366.9552016442,FLAT_START,CONVERGED_FEASIBLE,CONVERGED,PASSED,0.900139488040705,33,1,1,2.74225087082414e-14,4.43867165245138e-13,26,28,0.2209
ATT_T007_000901_1,CALL_T007_000901,1,ANCHOR_SEARCH,2010-12-21 12:00:00,E0039,CAL_005070,0,228.423894718541,-2463.15619700982,FLAT_START,CONVERGED_FEASIBLE,CONVERGED,PASSED,0.900004397251474,33,1,1,3.23074900165921e-14,5.13589171191597e-13,26,28,0.2231
ATT_T007_000902_1,CALL_T007_000902,1,ANCHOR_SEARCH,2010-12-21 12:00:00,E0039,CAL_005070,0.5,228.608338209963,-2462.69145988146,FLAT_START,CONVERGED_FEASIBLE,CONVERGED,PASSED,0.900026177811469,33,1,1,3.21964677141295e-14,5.12478948166972e-13,26,28,0.2541
ATT_T007_000903_1,CALL_T007_000903,1,ANCHOR_SEARCH,2010-12-21 12:00:00,E0039,CAL_005070,1,228.792781701384,-2462.22672275311,FLAT_START,CONVERGED_FEASIBLE,CONVERGED,PASSED,0.900047957004988,33,1,1,3.21964677141295e-14,5.11590769747272e-13,26,28,0.2497
ATT_T007_000904_1,CALL_T007_000904,1,ANCHOR_SEARCH,2010-12-21 12:00:00,E0039,CAL_005070,2,229.161668684227,-2461.2972484964,FLAT_START,CONVERGED_FEASIBLE,CONVERGED,PASSED,0.90009151129354,33,1,1,3.1863400806742e-14,5.09925435210334e-13,26,28,0.2304
ATT_T007_000905_1,CALL_T007_000905,1,ANCHOR_SEARCH,2010-12-21 12:00:00,E0039,CAL_005070,4,229.899442649913,-2459.43829998297,FLAT_START,CONVERGED_FEASIBLE,CONVERGED,PASSED,0.900178603483283,33,1,1,3.19744231092045e-14,5.06594766136459e-13,26,28,0.2127
ATT_T007_000906_1,CALL_T007_000906,1,ANCHOR_SEARCH,2010-12-21 12:00:00,E0039,CAL_005070,3,229.53055566707,-2460.36777423969,FLAT_START,CONVERGED_FEASIBLE,CONVERGED,PASSED,0.900135060119013,33,1,1,3.19744231092045e-14,5.08260100673397e-13,26,28,0.2518
ATT_T007_000907_1,CALL_T007_000907,1,ANCHOR_SEARCH,2010-12-21 12:00:00,E0039,CAL_005070,3.5,229.714999158492,-2459.90303711133,FLAT_START,CONVERGED_FEASIBLE,CONVERGED,PASSED,0.900156832483681,33,1,1,3.1863400806742e-14,5.07482944556159e-13,26,28,0.2451
ATT_T007_000908_1,CALL_T007_000908,1,ANCHOR_SEARCH,2010-12-21 12:00:00,E0039,CAL_005070,3.25,229.622777412781,-2460.13540567551,FLAT_START,CONVERGED_FEASIBLE,CONVERGED,PASSED,0.900145946471995,33,1,1,3.19744231092045e-14,5.07816011463547e-13,26,28,0.2199
ATT_T007_000909_1,CALL_T007_000909,1,EDGE_CANDIDATE_SCREEN,2010-12-21 12:00:00,E0039,CAL_005055,3.5,8.44694852334084,-2372.08683025138,FLAT_START,CONVERGED_FEASIBLE,CONVERGED,PASSED,0.900162379356489,33,1,1,2.74225087082414e-14,4.46309655899313e-13,26,28,0.2222
ATT_T007_000910_1,CALL_T007_000910,1,EDGE_CANDIDATE_SCREEN,2010-12-21 12:00:00,E0039,CAL_005056,3.5,22.5275388864872,-2377.67509314108,FLAT_START,CONVERGED_FEASIBLE,CONVERGED,PASSED,0.90016494683207,33,1,1,2.76445533131664e-14,4.49751347275651e-13,26,28,0.2339
ATT_T007_000911_1,CALL_T007_000911,1,EDGE_CANDIDATE_SCREEN,2010-12-21 12:00:00,E0039,CAL_005057,3.5,36.6904829305919,-2383.29604031512,FLAT_START,CONVERGED_FEASIBLE,CONVERGED,PASSED,0.900167123046558,33,1,1,2.78665979180914e-14,4.52970994047064e-13,26,28,0.2102
ATT_T007_000912_1,CALL_T007_000912,1,EDGE_CANDIDATE_SCREEN,2010-12-21 12:00:00,E0039,CAL_005058,3.5,50.9386817067134,-2388.95082313403,FLAT_START,CONVERGED_FEASIBLE,CONVERGED,PASSED,0.900168902546355,33,1,1,2.83106871279415e-14,4.56523707725864e-13,26,28,0.2319
ATT_T007_000913_1,CALL_T007_000913,1,EDGE_CANDIDATE_SCREEN,2010-12-21 12:00:00,E0039,CAL_005059,3.5,65.2750974303562,-2394.6406172331,FLAT_START,CONVERGED_FEASIBLE,CONVERGED,PASSED,0.900170279541709,33,1,1,2.83106871279415e-14,4.60076421404665e-13,26,28,0.2252
ATT_T007_000914_1,CALL_T007_000914,1,EDGE_CANDIDATE_SCREEN,2010-12-21 12:00:00,E0039,CAL_005060,3.5,79.7027561573026,-2400.36662358437,FLAT_START,CONVERGED_FEASIBLE,CONVERGED,PASSED,0.900171247895807,33,1,1,2.8643754035329e-14,4.63629135083465e-13,26,28,0.2447
ATT_T007_000915_1,CALL_T007_000915,1,EDGE_CANDIDATE_SCREEN,2010-12-21 12:00:00,E0039,CAL_005061,3.5,94.224750562686,-2406.13006959956,FLAT_START,CONVERGED_FEASIBLE,CONVERGED,PASSED,0.900171801113193,33,1,1,2.88657986402541e-14,4.67847982577041e-13,26,28,0.2162
ATT_T007_000916_1,CALL_T007_000916,1,EDGE_CANDIDATE_SCREEN,2010-12-21 12:00:00,E0039,CAL_005062,3.5,108.844242828988,-2411.93221027627,FLAT_START,CONVERGED_FEASIBLE,CONVERGED,PASSED,0.900171932327485,33,1,1,2.90878432451791e-14,4.71400696255841e-13,26,28,0.204
ATT_T007_000917_1,CALL_T007_000917,1,EDGE_CANDIDATE_SCREEN,2010-12-21 12:00:00,E0039,CAL_005063,3.5,123.564467648961,-2417.77432938974,FLAT_START,CONVERGED_FEASIBLE,CONVERGED,PASSED,0.900171634288346,33,1,1,2.94209101525666e-14,4.75619543749417e-13,26,28,0.2124
ATT_T007_000918_1,CALL_T007_000918,1,EDGE_CANDIDATE_SCREEN,2010-12-21 12:00:00,E0039,CAL_005064,3.5,138.388735349827,-2423.65774073281,FLAT_START,CONVERGED_FEASIBLE,CONVERGED,PASSED,0.90017089934768,33,1,1,2.99760216648792e-14,4.79616346638068e-13,26,28,0.2115
ATT_T007_000919_1,CALL_T007_000919,1,EDGE_CANDIDATE_SCREEN,2010-12-21 12:00:00,E0039,CAL_005065,3.5,153.320435145448,-2429.58378940662,FLAT_START,CONVERGED_FEASIBLE,CONVERGED,PASSED,0.900169719444989,33,1,1,3.01980662698043e-14,4.83835194131643e-13,26,28,0.2373
ATT_T007_000920_1,CALL_T007_000920,1,EDGE_CANDIDATE_SCREEN,2010-12-21 12:00:00,E0039,CAL_005066,3.5,168.363038523588,-2435.55385316492,FLAT_START,CONVERGED_FEASIBLE,CONVERGED,PASSED,0.900168086091881,33,1,1,3.04201108747293e-14,4.88387108532606e-13,26,28,0.2082
ATT_T007_000921_1,CALL_T007_000921,1,EDGE_CANDIDATE_SCREEN,2010-12-21 12:00:00,E0039,CAL_005067,3.5,183.520102775762,-2441.56934381501,FLAT_START,CONVERGED_FEASIBLE,CONVERGED,PASSED,0.900165990355641,33,1,1,3.07531777821168e-14,4.93161067538495e-13,26,28,0.2192
ATT_T007_000922_1,CALL_T007_000922,1,EDGE_CANDIDATE_SCREEN,2010-12-21 12:00:00,E0039,CAL_005068,3.5,198.795274677648,-2447.63170867838,FLAT_START,CONVERGED_FEASIBLE,CONVERGED,PASSED,0.90016342284184,33,1,1,3.11972669919669e-14,4.97268892729608e-13,26,28,0.2284
ATT_T007_000923_1,CALL_T007_000923,1,EDGE_CANDIDATE_SCREEN,2010-12-21 12:00:00,E0039,CAL_005069,3.5,214.192294328496,-2453.74243211452,FLAT_START,CONVERGED_FEASIBLE,CONVERGED,PASSED,0.900160373675919,33,1,1,3.15303338993544e-14,5.02153874037958e-13,26,28,0.2471
ATT_T007_000924_1,CALL_T007_000924,1,LOCAL_REENTRY_STENCIL,2010-12-21 12:00:00,E0039,CAL_005070,3.75,229.807220904202,-2459.67066854715,FLAT_START,CONVERGED_FEASIBLE,CONVERGED,PASSED,0.900167718154101,33,1,1,3.17523785042795e-14,5.06816810741384e-13,26,28,0.2274
ATT_T007_000925_1,CALL_T007_000925,1,LOCAL_REENTRY_STENCIL,2010-12-21 12:00:00,E0039,CAL_005070,3.25,229.622777412781,-2460.13540567551,FLAT_START,CONVERGED_FEASIBLE,CONVERGED,PASSED,0.900145946471995,33,1,1,3.19744231092045e-14,5.07816011463547e-13,26,28,0.2441
ATT_T007_000926_1,CALL_T007_000926,1,ANCHOR_SEARCH,2010-12-21 12:00:00,E0040,CAL_005072,0,244.04611193265,-2469.13535488763,FLAT_START,CONVERGED_FEASIBLE,CONVERGED,PASSED,0.900009329663987,33,1,1,3.25295346215171e-14,5.18474152499948e-13,26,28,0.218
ATT_T007_000927_1,CALL_T007_000927,1,ANCHOR_SEARCH,2010-12-21 12:00:00,E0040,CAL_005072,0.5,244.224836011034,-2468.66838839653,FLAT_START,CONVERGED_FEASIBLE,CONVERGED,PASSED,0.900031109317013,33,1,1,3.25295346215171e-14,5.17363929475323e-13,26,28,0.2562
ATT_T007_000928_1,CALL_T007_000928,1,ANCHOR_SEARCH,2010-12-21 12:00:00,E0040,CAL_005072,1,244.403560089418,-2468.20142190544,FLAT_START,CONVERGED_FEASIBLE,CONVERGED,PASSED,0.900052887603931,33,1,1,3.24185123190546e-14,5.16475751055623e-13,26,28,0.2171
ATT_T007_000929_1,CALL_T007_000929,1,ANCHOR_SEARCH,2010-12-21 12:00:00,E0040,CAL_005072,2,244.761008246185,-2467.26748892325,FLAT_START,CONVERGED_FEASIBLE,CONVERGED,PASSED,0.900096440080383,33,1,1,3.24185123190546e-14,5.14921438821148e-13,26,28,0.2533
ATT_T007_000930_1,CALL_T007_000930,1,ANCHOR_SEARCH,2010-12-21 12:00:00,E0040,CAL_005072,4,245.47590455972,-2465.39962295887,FLAT_START,CONVERGED_FEASIBLE,CONVERGED,PASSED,0.900183528650334,33,1,1,3.19744231092045e-14,5.11146680537422e-13,26,28,0.2319
ATT_T007_000931_1,CALL_T007_000931,1,ANCHOR_SEARCH,2010-12-21 12:00:00,E0040,CAL_005072,3,245.118456402953,-2466.33355594106,FLAT_START,CONVERGED_FEASIBLE,CONVERGED,PASSED,0.900139987095225,33,1,1,3.21964677141295e-14,5.12923037376822e-13,26,28,0.2566
ATT_T007_000932_1,CALL_T007_000932,1,ANCHOR_SEARCH,2010-12-21 12:00:00,E0040,CAL_005072,3.5,245.297180481336,-2465.86658944996,FLAT_START,CONVERGED_FEASIBLE,CONVERGED,PASSED,0.900161758555128,33,1,1,3.21964677141295e-14,5.1192383665466e-13,26,28,0.32
ATT_T007_000933_1,CALL_T007_000933,1,ANCHOR_SEARCH,2010-12-21 12:00:00,E0040,CAL_005072,3.25,245.207818442144,-2466.10007269551,FLAT_START,CONVERGED_FEASIBLE,CONVERGED,PASSED,0.900150872995778,33,1,1,3.24185123190546e-14,5.1236792586451e-13,26,28,0.2267
ATT_T007_000934_1,CALL_T007_000934,1,EDGE_CANDIDATE_SCREEN,2010-12-21 12:00:00,E0040,CAL_005073,3.25,260.960335574804,-2472.12910081732,FLAT_START,CONVERGED_FEASIBLE,CONVERGED,PASSED,0.900155368608561,33,1,1,3.24185123190546e-14,5.17363929475323e-13,26,28,0.2114
ATT_T007_000935_1,CALL_T007_000935,1,EDGE_CANDIDATE_SCREEN,2010-12-21 12:00:00,E0040,CAL_005074,3.25,276.847219420226,-2478.20955568466,FLAT_START,CONVERGED_FEASIBLE,CONVERGED,PASSED,0.900159422493372,33,1,1,3.27515792264421e-14,5.22359933086136e-13,26,28,0.2765
ATT_T007_000936_1,CALL_T007_000936,1,EDGE_CANDIDATE_SCREEN,2010-12-21 12:00:00,E0040,CAL_005075,3.25,292.872647739809,-2484.34303626996,FLAT_START,CONVERGED_FEASIBLE,CONVERGED,PASSED,0.900163024978585,33,1,1,3.31956684362922e-14,5.27355936696949e-13,26,28,0.2203
ATT_T007_000937_1,CALL_T007_000937,1,EDGE_CANDIDATE_SCREEN,2010-12-21 12:00:00,E0040,CAL_005076,3.25,309.040914063699,-2490.53118585436,FLAT_START,CONVERGED_FEASIBLE,CONVERGED,PASSED,0.90016616586849,33,1,1,3.37507799486048e-14,5.32796029517613e-13,26,28,0.2477
ATT_T007_000938_1,CALL_T007_000938,1,EDGE_CANDIDATE_SCREEN,2010-12-21 12:00:00,E0040,CAL_005077,3.25,325.356432714949,-2496.77569395056,FLAT_START,CONVERGED_FEASIBLE,CONVERGED,PASSED,0.900168834420251,33,1,1,3.39728245535298e-14,5.38569189245663e-13,26,28,0.2177
ATT_T007_000939_1,CALL_T007_000939,1,EDGE_CANDIDATE_SCREEN,2010-12-21 12:00:00,E0040,CAL_005078,3.25,341.823744069248,-2503.07829831592,FLAT_START,CONVERGED_FEASIBLE,CONVERGED,PASSED,0.900171019319461,33,1,1,3.44169137633799e-14,5.43898259763864e-13,26,28,0.2273
ATT_T007_000940_1,CALL_T007_000940,1,EDGE_CANDIDATE_SCREEN,2010-12-21 12:00:00,E0040,CAL_005079,3.25,358.447520063985,-2509.44078706099,FLAT_START,CONVERGED_FEASIBLE,CONVERGED,PASSED,0.900172708654197,33,1,1,3.47499806707674e-14,5.49671419491915e-13,26,28,0.2243
ATT_T007_000941_1,CALL_T007_000941,1,EDGE_CANDIDATE_SCREEN,2010-12-21 12:00:00,E0040,CAL_005080,3.25,375.232569971314,-2515.86500085902,FLAT_START,CONVERGED_FEASIBLE,CONVERGED,PASSED,0.900173889887492,33,1,1,3.530509218308e-14,5.55555601522428e-13,26,28,0.2419
ATT_T007_000942_1,CALL_T007_000942,1,EDGE_CANDIDATE_SCREEN,2010-12-21 12:00:00,E0040,CAL_005081,3.25,392.183846450899,-2522.35283526259,FLAT_START,CONVERGED_FEASIBLE,CONVERGED,PASSED,0.900174549828098,33,1,1,3.56381590904675e-14,5.61772850460329e-13,26,28,0.213
ATT_T007_000943_1,CALL_T007_000943,1,EDGE_CANDIDATE_SCREEN,2010-12-21 12:00:00,E0040,CAL_005082,3.25,409.306451898991,-2528.90624313359,FLAT_START,CONVERGED_FEASIBLE,CONVERGED,PASSED,0.900174674599462,33,1,1,3.63042929052426e-14,5.68212144003155e-13,26,28,0.2359
ATT_T007_000944_1,CALL_T007_000944,1,EDGE_CANDIDATE_SCREEN,2010-12-21 12:00:00,E0040,CAL_005083,3.25,426.605645111679,-2535.52723719351,FLAT_START,CONVERGED_FEASIBLE,CONVERGED,PASSED,0.900174249606757,33,1,1,3.67483821150927e-14,5.74429392941056e-13,26,28,0.2286
ATT_T007_000945_1,CALL_T007_000945,1,EDGE_CANDIDATE_SCREEN,2010-12-21 12:00:00,E0040,CAL_005084,3.25,444.086848281325,-2542.21789270116,FLAT_START,CONVERGED_FEASIBLE,CONVERGED,PASSED,0.900173259501876,33,1,1,3.73034936274053e-14,5.81423797996194e-13,26,28,0.2151
ATT_T007_000946_1,CALL_T007_000946,1,EDGE_CANDIDATE_SCREEN,2010-12-21 12:00:00,E0040,CAL_005085,3.25,461.755654346493,-2548.98035026579,FLAT_START,CONVERGED_FEASIBLE,CONVERGED,PASSED,0.900171688146217,33,1,1,3.76365605347928e-14,5.88196158446408e-13,26,28,0.2133
ATT_T007_000947_1,CALL_T007_000947,1,EDGE_CANDIDATE_SCREEN,2010-12-21 12:00:00,E0040,CAL_005086,3.25,479.617834717128,-2555.81681880377,FLAT_START,CONVERGED_FEASIBLE,CONVERGED,PASSED,0.900169518571133,33,1,1,3.79696274421804e-14,5.95523630408934e-13,26,28,0.229
ATT_T007_000948_1,CALL_T007_000948,1,EDGE_CANDIDATE_SCREEN,2010-12-21 12:00:00,E0040,CAL_005087,3.25,497.679347398198,-2562.72957864778,FLAT_START,CONVERGED_FEASIBLE,CONVERGED,PASSED,0.900166732935872,33,1,1,3.8746783559418e-14,6.02962124673923e-13,26,28,0.245
ATT_T007_000949_1,CALL_T007_000949,1,EDGE_CANDIDATE_SCREEN,2010-12-21 12:00:00,E0040,CAL_005088,3.25,515.946345536704,-2569.72098481803,FLAT_START,CONVERGED_FEASIBLE,CONVERGED,PASSED,0.900163312482834,33,1,1,3.9190872769268e-14,6.10289596636449e-13,26,28,0.221
ATT_T007_000950_1,CALL_T007_000950,1,EDGE_CANDIDATE_SCREEN,2010-12-21 12:00:00,E0040,CAL_005089,3.25,534.425186418694,-2576.79347046574,FLAT_START,CONVERGED_FEASIBLE,CONVERGED,PASSED,0.900159237489964,33,1,1,3.96349619791181e-14,6.18172180111287e-13,26,28,0.2052
ATT_T007_000951_1,CALL_T007_000951,1,EDGE_CANDIDATE_SCREEN,2010-12-21 12:00:00,E0040,CAL_005090,3.25,553.122440944839,-2583.94955049978,FLAT_START,CONVERGED_FEASIBLE,CONVERGED,PASSED,0.900154487220058,33,1,1,4.04121180963557e-14,6.26720897400901e-13,26,28,0.2132
ATT_T007_000952_1,CALL_T007_000952,1,LOCAL_REENTRY_STENCIL,2010-12-21 12:00:00,E0040,CAL_005072,3.5,245.297180481336,-2465.86658944996,FLAT_START,CONVERGED_FEASIBLE,CONVERGED,PASSED,0.900161758555128,33,1,1,3.21964677141295e-14,5.1192383665466e-13,26,28,0.2863
ATT_T007_000953_1,CALL_T007_000953,1,LOCAL_REENTRY_STENCIL,2010-12-21 12:00:00,E0040,CAL_005072,3,245.118456402953,-2466.33355594106,FLAT_START,CONVERGED_FEASIBLE,CONVERGED,PASSED,0.900139987095225,33,1,1,3.21964677141295e-14,5.12923037376822e-13,26,28,0.226
ATT_T007_000954_1,CALL_T007_000954,1,ANCHOR_SEARCH,2010-12-21 12:00:00,E0041,CAL_005101,0,751.84589706999,-2661.49799851684,FLAT_START,CONVERGED_FEASIBLE,CONVERGED,PASSED,0.90000468443577,33,1,1,4.76285677564192e-14,7.27973237246715e-13,26,28,0.2195
ATT_T007_000955_1,CALL_T007_000955,1,ANCHOR_SEARCH,2010-12-21 12:00:00,E0041,CAL_005101,0.5,752.020118172388,-2661.02933338321,FLAT_START,CONVERGED_FEASIBLE,CONVERGED,PASSED,0.900026464565458,33,1,1,4.77395900588817e-14,7.26640969617165e-13,26,28,0.299
ATT_T007_000956_1,CALL_T007_000956,1,ANCHOR_SEARCH,2010-12-21 12:00:00,E0041,CAL_005101,1,752.194339274786,-2660.56066824958,FLAT_START,CONVERGED_FEASIBLE,CONVERGED,PASSED,0.900048243324968,33,1,1,4.74065231514942e-14,7.25419724290077e-13,26,28,0.239
ATT_T007_000957_1,CALL_T007_000957,1,ANCHOR_SEARCH,2010-12-21 12:00:00,E0041,CAL_005101,2,752.542781479583,-2659.62333798233,FLAT_START,CONVERGED_FEASIBLE,CONVERGED,PASSED,0.9000917967344,33,1,1,4.72955008490317e-14,7.23199278240827e-13,26,28,0.2373
ATT_T007_000958_1,CALL_T007_000958,1,ANCHOR_SEARCH,2010-12-21 12:00:00,E0041,CAL_005101,4,753.239665889176,-2657.74867744781,FLAT_START,CONVERGED_FEASIBLE,CONVERGED,PASSED,0.900178887121549,33,1,1,4.70734562441066e-14,7.18203274630014e-13,26,28,0.2105
ATT_T007_000959_1,CALL_T007_000959,1,ANCHOR_SEARCH,2010-12-21 12:00:00,E0041,CAL_005101,3,752.891223684379,-2658.68600771507,FLAT_START,CONVERGED_FEASIBLE,CONVERGED,PASSED,0.900135344665962,33,1,1,4.72955008490317e-14,7.20423720679264e-13,26,28,0.2609
ATT_T007_000960_1,CALL_T007_000960,1,ANCHOR_SEARCH,2010-12-21 12:00:00,E0041,CAL_005101,3.5,753.065444786777,-2658.21734258144,FLAT_START,CONVERGED_FEASIBLE,CONVERGED,PASSED,0.900157116578134,33,1,1,4.71844785465692e-14,7.19424519957101e-13,26,28,0.249
ATT_T007_000961_1,CALL_T007_000961,1,ANCHOR_SEARCH,2010-12-21 12:00:00,E0041,CAL_005101,3.25,752.978334235578,-2658.45167514825,FLAT_START,CONVERGED_FEASIBLE,CONVERGED,PASSED,0.900146230793157,33,1,1,4.70734562441066e-14,7.19979631469414e-13,26,28,0.2138
ATT_T007_000962_1,CALL_T007_000962,1,EDGE_CANDIDATE_SCREEN,2010-12-21 12:00:00,E0041,CAL_005092,3.5,572.102744822505,-2590.94645166487,FLAT_START,CONVERGED_FEASIBLE,CONVERGED,PASSED,0.900159926491619,33,1,1,4.07451850037432e-14,6.34603480875739e-13,26,28,0.2474
ATT_T007_000963_1,CALL_T007_000963,1,EDGE_CANDIDATE_SCREEN,2010-12-21 12:00:00,E0041,CAL_005093,3.5,591.19661304087,-2598.04438690979,FLAT_START,CONVERGED_FEASIBLE,CONVERGED,PASSED,0.900162340990015,33,1,1,4.18554080283684e-14,6.42597086653041e-13,26,28,0.2543
ATT_T007_000964_1,CALL_T007_000964,1,EDGE_CANDIDATE_SCREEN,2010-12-21 12:00:00,E0041,CAL_005094,3.5,610.525602416633,-2605.22972585578,FLAT_START,CONVERGED_FEASIBLE,CONVERGED,PASSED,0.900164127669894,33,1,1,4.21884749357559e-14,6.51256826245117e-13,26,28,0.3104
ATT_T007_000965_1,CALL_T007_000965,1,EDGE_CANDIDATE_SCREEN,2010-12-21 12:00:00,E0041,CAL_005095,3.5,630.097082061723,-2612.50520788904,FLAT_START,CONVERGED_FEASIBLE,CONVERGED,PASSED,0.900165265283092,33,1,1,4.2854608750531e-14,6.59916565837193e-13,26,28,0.2253
ATT_T007_000966_1,CALL_T007_000966,1,EDGE_CANDIDATE_SCREEN,2010-12-21 12:00:00,E0041,CAL_005096,3.5,649.918681975613,-2619.87366937786,FLAT_START,CONVERGED_FEASIBLE,CONVERGED,PASSED,0.900165731426706,33,1,1,4.32986979603811e-14,6.69242439244044e-13,26,28,0.2258
ATT_T007_000967_1,CALL_T007_000967,1,EDGE_CANDIDATE_SCREEN,2010-12-21 12:00:00,E0041,CAL_005097,3.5,669.998305628184,-2627.33804835013,FLAT_START,CONVERGED_FEASIBLE,CONVERGED,PASSED,0.90016550247799,33,1,1,4.40758540776187e-14,6.78457290348433e-13,26,28,0.2754
ATT_T007_000968_1,CALL_T007_000968,1,EDGE_CANDIDATE_SCREEN,2010-12-21 12:00:00,E0041,CAL_005098,3.5,690.344143255567,-2634.90138943593,FLAT_START,CONVERGED_FEASIBLE,CONVERGED,PASSED,0.900164553524803,33,1,1,4.48530101948563e-14,6.87894186057747e-13,26,28,0.2539
ATT_T007_000969_1,CALL_T007_000969,1,EDGE_CANDIDATE_SCREEN,2010-12-21 12:00:00,E0041,CAL_005099,3.5,710.964685917165,-2642.5668490931,FLAT_START,CONVERGED_FEASIBLE,CONVERGED,PASSED,0.90016285829126,33,1,1,4.56301663120939e-14,6.98219260186761e-13,26,28,0.2831
ATT_T007_000970_1,CALL_T007_000970,1,EDGE_CANDIDATE_SCREEN,2010-12-21 12:00:00,E0041,CAL_005100,3.5,731.868740365761,-2650.337701135,FLAT_START,CONVERGED_FEASIBLE,CONVERGED,PASSED,0.900160389058208,33,1,1,4.6074255521944e-14,7.08655356618237e-13,26,28,0.2278
ATT_T007_000971_1,CALL_T007_000971,1,LOCAL_REENTRY_STENCIL,2010-12-21 12:00:00,E0041,CAL_005101,3.75,753.152555337977,-2657.98301001463,FLAT_START,CONVERGED_FEASIBLE,CONVERGED,PASSED,0.900168002020921,33,1,1,4.70734562441066e-14,7.18980430747251e-13,26,28,0.2518
ATT_T007_000972_1,CALL_T007_000972,1,LOCAL_REENTRY_STENCIL,2010-12-21 12:00:00,E0041,CAL_005101,3.25,752.978334235578,-2658.45167514825,FLAT_START,CONVERGED_FEASIBLE,CONVERGED,PASSED,0.900146230793157,33,1,1,4.70734562441066e-14,7.19979631469414e-13,26,28,0.2182
ATT_T007_000973_1,CALL_T007_000973,1,ANCHOR_SEARCH,2010-12-21 12:00:00,E0042,CAL_005103,0,773.344737750292,-2669.48995579047,FLAT_START,CONVERGED_FEASIBLE,CONVERGED,PASSED,0.900000572744527,33,1,1,4.84057238736568e-14,7.39519556702817e-13,26,28,0.2237
ATT_T007_000974_1,CALL_T007_000974,1,ANCHOR_SEARCH,2010-12-21 12:00:00,E0042,CAL_005103,0.5,773.514580090652,-2669.0196861025,FLAT_START,CONVERGED_FEASIBLE,CONVERGED,PASSED,0.900022353572269,33,1,1,4.82947015711943e-14,7.38076266770804e-13,26,28,0.2559
ATT_T007_000975_1,CALL_T007_000975,1,ANCHOR_SEARCH,2010-12-21 12:00:00,E0042,CAL_005103,1,773.684422431013,-2668.54941641454,FLAT_START,CONVERGED_FEASIBLE,CONVERGED,PASSED,0.900044133029286,33,1,1,4.84057238736568e-14,7.37077066048641e-13,26,28,0.231
ATT_T007_000976_1,CALL_T007_000976,1,ANCHOR_SEARCH,2010-12-21 12:00:00,E0042,CAL_005103,2,774.024107111734,-2667.6088770386,FLAT_START,CONVERGED_FEASIBLE,CONVERGED,PASSED,0.900087687832095,33,1,1,4.81836792687318e-14,7.34412530789541e-13,26,28,0.2613
ATT_T007_000977_1,CALL_T007_000977,1,ANCHOR_SEARCH,2010-12-21 12:00:00,E0042,CAL_005103,4,774.703476473176,-2665.72779828673,FLAT_START,CONVERGED_FEASIBLE,CONVERGED,PASSED,0.900174780999456,33,1,1,4.79616346638068e-14,7.29416527178728e-13,26,28,0.274
ATT_T007_000978_1,CALL_T007_000978,1,ANCHOR_SEARCH,2010-12-21 12:00:00,E0042,CAL_005103,3,774.363791792455,-2666.66833766267,FLAT_START,CONVERGED_FEASIBLE,CONVERGED,PASSED,0.900131237154852,33,1,1,4.79616346638068e-14,7.31859017832903e-13,26,28,0.2286
ATT_T007_000979_1,CALL_T007_000979,1,ANCHOR_SEARCH,2010-12-21 12:00:00,E0042,CAL_005103,3.5,774.533634132815,-2666.1980679747,FLAT_START,CONVERGED_FEASIBLE,CONVERGED,PASSED,0.900153009761805,33,1,1,4.80726569662693e-14,7.3041572790089e-13,26,28,0.2149
ATT_T007_000980_1,CALL_T007_000980,1,ANCHOR_SEARCH,2010-12-21 12:00:00,E0042,CAL_005103,3.25,774.448712962635,-2666.43320281868,FLAT_START,CONVERGED_FEASIBLE,CONVERGED,PASSED,0.900142123629506,33,1,1,4.80726569662693e-14,7.31192884018128e-13,26,28,0.2852
ATT_T007_000981_1,CALL_T007_000981,1,EDGE_CANDIDATE_SCREEN,2010-12-21 12:00:00,E0042,CAL_005104,3.5,796.25719560535,-2674.04373741898,FLAT_START,CONVERGED_FEASIBLE,CONVERGED,PASSED,0.900157458154815,33,1,1,4.86277684785819e-14,7.41517958147142e-13,26,28,0.2252
ATT_T007_000982_1,CALL_T007_000982,1,EDGE_CANDIDATE_SCREEN,2010-12-21 12:00:00,E0042,CAL_005105,3.5,818.297171838185,-2682.00368304306,FLAT_START,CONVERGED_FEASIBLE,CONVERGED,PASSED,0.900161156727216,33,1,1,4.94049245958195e-14,7.52953255300781e-13,26,28,0.2196
ATT_T007_000983_1,CALL_T007_000983,1,EDGE_CANDIDATE_SCREEN,2010-12-21 12:00:00,E0042,CAL_005106,3.5,840.663958222024,-2690.0816592405,FLAT_START,CONVERGED_FEASIBLE,CONVERGED,PASSED,0.900164074828208,33,1,1,5.06261699229071e-14,7.65054686269195e-13,26,28,0.2161
ATT_T007_000984_1,CALL_T007_000984,1,EDGE_CANDIDATE_SCREEN,2010-12-21 12:00:00,E0042,CAL_005107,3.5,863.368361813511,-2698.28156908188,FLAT_START,CONVERGED_FEASIBLE,CONVERGED,PASSED,0.900166180014895,33,1,1,5.11812814352197e-14,7.77489184144997e-13,26,28,0.2349
ATT_T007_000985_1,CALL_T007_000985,1,EDGE_CANDIDATE_SCREEN,2010-12-21 12:00:00,E0042,CAL_005108,3.5,886.421622853358,-2706.60747208632,FLAT_START,CONVERGED_FEASIBLE,CONVERGED,PASSED,0.900167437938941,33,1,1,5.21804821573824e-14,7.90034704323261e-13,26,28,0.2103
ATT_T007_000986_1,CALL_T007_000986,1,EDGE_CANDIDATE_SCREEN,2010-12-21 12:00:00,E0042,CAL_005109,3.5,909.835437627635,-2715.06359247805,FLAT_START,CONVERGED_FEASIBLE,CONVERGED,PASSED,0.900167812224759,33,1,1,5.3179682879545e-14,8.03246358316301e-13,26,28,0.2067
ATT_T007_000987_1,CALL_T007_000987,1,EDGE_CANDIDATE_SCREEN,2010-12-21 12:00:00,E0042,CAL_005110,3.5,933.621982771639,-2723.65432796391,FLAT_START,CONVERGED_FEASIBLE,CONVERGED,PASSED,0.900167264338387,33,1,1,2.12052597703405e-14,9.07274255723678e-13,26,29,0.2188
ATT_T007_000988_1,CALL_T007_000988,1,EDGE_CANDIDATE_SCREEN,2010-12-21 12:00:00,E0042,CAL_005111,3.5,957.793941124229,-2732.38425907098,FLAT_START,CONVERGED_FEASIBLE,CONVERGED,PASSED,0.900165753446813,33,1,1,2.1538326677728e-14,9.23150444975818e-13,26,29,0.2286
ATT_T007_000989_1,CALL_T007_000989,1,EDGE_CANDIDATE_SCREEN,2010-12-21 12:00:00,E0042,CAL_005112,3.5,982.364529249826,-2741.25815908636,FLAT_START,CONVERGED_FEASIBLE,CONVERGED,PASSED,0.900163236265537,33,1,1,2.20934381900406e-14,9.40247879555045e-13,26,29,0.2574
ATT_T007_000990_1,CALL_T007_000990,1,LOCAL_REENTRY_STENCIL,2010-12-21 12:00:00,E0042,CAL_005103,3.75,774.618555302995,-2665.96293313072,FLAT_START,CONVERGED_FEASIBLE,CONVERGED,PASSED,0.900163895551778,33,1,1,4.79616346638068e-14,7.2997163869104e-13,26,28,0.2169
ATT_T007_000991_1,CALL_T007_000991,1,LOCAL_REENTRY_STENCIL,2010-12-21 12:00:00,E0042,CAL_005103,3.25,774.448712962635,-2666.43320281868,FLAT_START,CONVERGED_FEASIBLE,CONVERGED,PASSED,0.900142123629506,33,1,1,4.80726569662693e-14,7.31192884018128e-13,26,28,0.2148
ATT_T007_000992_1,CALL_T007_000992,1,ANCHOR_SEARCH,2010-12-21 12:00:00,E0043,CAL_005124,0,1280.68547871573,-2850.2100673185,FLAT_START,CONVERGED_FEASIBLE,CONVERGED,PASSED,0.900005465674111,33,1,1,2.85327317328665e-14,1.18194343201594e-12,26,29,0.2642
ATT_T007_000993_1,CALL_T007_000993,1,ANCHOR_SEARCH,2010-12-21 12:00:00,E0043,CAL_005124,0.5,1280.85149968745,-2849.73843500732,FLAT_START,CONVERGED_FEASIBLE,CONVERGED,PASSED,0.900027269547624,33,1,1,2.8421709430404e-14,1.18016707517654e-12,26,29,0.2252
ATT_T007_000994_1,CALL_T007_000994,1,ANCHOR_SEARCH,2010-12-21 12:00:00,E0043,CAL_005124,1,1281.01752065916,-2849.26680269614,FLAT_START,CONVERGED_FEASIBLE,CONVERGED,PASSED,0.900049072040994,33,1,1,2.8421709430404e-14,1.17783560682483e-12,26,29,0.215
ATT_T007_000995_1,CALL_T007_000995,1,ANCHOR_SEARCH,2010-12-21 12:00:00,E0043,CAL_005124,2,1281.34956260259,-2848.32353807377,FLAT_START,CONVERGED_FEASIBLE,CONVERGED,PASSED,0.900092672888267,33,1,1,2.8199664825479e-14,1.1740608485411e-12,26,29,0.2137
ATT_T007_000996_1,CALL_T007_000996,1,ANCHOR_SEARCH,2010-12-21 12:00:00,E0043,CAL_005124,4,1282.01364648946,-2846.43700882905,FLAT_START,CONVERGED_FEASIBLE,CONVERGED,PASSED,0.900179858031692,33,1,1,2.79776202205539e-14,1.1660672427638e-12,26,29,0.2239
ATT_T007_000997_1,CALL_T007_000997,1,ANCHOR_SEARCH,2010-12-21 12:00:00,E0043,CAL_005124,3,1281.68160454603,-2847.38027345141,FLAT_START,CONVERGED_FEASIBLE,CONVERGED,PASSED,0.900136268217858,33,1,1,2.8199664825479e-14,1.17006404565245e-12,26,29,0.2447
ATT_T007_000998_1,CALL_T007_000998,1,ANCHOR_SEARCH,2010-12-21 12:00:00,E0043,CAL_005124,3.5,1281.84762551774,-2846.90864114023,FLAT_START,CONVERGED_FEASIBLE,CONVERGED,PASSED,0.900158063814124,33,1,1,2.8199664825479e-14,1.16817666651059e-12,26,29,0.2149
ATT_T007_000999_1,CALL_T007_000999,1,ANCHOR_SEARCH,2010-12-21 12:00:00,E0043,CAL_005124,3.25,1281.76461503189,-2847.14445729582,FLAT_START,CONVERGED_FEASIBLE,CONVERGED,PASSED,0.900147166188344,33,1,1,2.83106871279415e-14,1.16906484493029e-12,26,29,0.2135
ATT_T007_001000_1,CALL_T007_001000,1,EDGE_CANDIDATE_SCREEN,2010-12-21 12:00:00,E0043,CAL_005114,3.5,1007.32077717498,-2750.27146628278,FLAT_START,CONVERGED_FEASIBLE,CONVERGED,PASSED,0.900159666234719,33,1,1,2.26485497023532e-14,9.5723429183181e-13,26,29,0.2258
ATT_T007_001001_1,CALL_T007_001001,1,EDGE_CANDIDATE_SCREEN,2010-12-21 12:00:00,E0043,CAL_005115,3.5,1032.6189111829,-2759.17675264893,FLAT_START,CONVERGED_FEASIBLE,CONVERGED,PASSED,0.900164514755064,33,1,1,2.28705943072782e-14,9.744427487135e-13,26,29,0.2576
ATT_T007_001002_1,CALL_T007_001002,1,EDGE_CANDIDATE_SCREEN,2010-12-21 12:00:00,E0043,CAL_005116,3.5,1058.35158887264,-2768.23500428612,FLAT_START,CONVERGED_FEASIBLE,CONVERGED,PASSED,0.900168392126117,33,1,1,2.35367281220533e-14,9.92317339409965e-13,26,29,0.2142
ATT_T007_001003_1,CALL_T007_001003,1,EDGE_CANDIDATE_SCREEN,2010-12-21 12:00:00,E0043,CAL_005117,3.5,1084.53412568156,-2777.45161243607,FLAT_START,CONVERGED_FEASIBLE,CONVERGED,PASSED,0.90017125090374,33,1,1,2.42028619368284e-14,1.01108010852613e-12,26,29,0.2107
ATT_T007_001004_1,CALL_T007_001004,1,EDGE_CANDIDATE_SCREEN,2010-12-21 12:00:00,E0043,CAL_005118,3.5,1111.18251676996,-2786.83220761219,FLAT_START,CONVERGED_FEASIBLE,CONVERGED,PASSED,0.900173040621659,33,1,1,2.44249065417534e-14,1.03062003375953e-12,26,29,0.2332
ATT_T007_001005_1,CALL_T007_001005,1,EDGE_CANDIDATE_SCREEN,2010-12-21 12:00:00,E0043,CAL_005119,3.5,1138.31347611481,-2796.38267336112,FLAT_START,CONVERGED_FEASIBLE,CONVERGED,PASSED,0.900173707577115,33,1,1,2.4980018054066e-14,1.05127018201756e-12,26,29,0.2754
ATT_T007_001006_1,CALL_T007_001006,1,EDGE_CANDIDATE_SCREEN,2010-12-21 12:00:00,E0043,CAL_005120,3.5,1165.94447831313,-2806.10916097807,FLAT_START,CONVERGED_FEASIBLE,CONVERGED,PASSED,0.900173194598726,33,1,1,2.56461518688411e-14,1.0724754417879e-12,26,29,0.2141
ATT_T007_001007_1,CALL_T007_001007,1,EDGE_CANDIDATE_SCREEN,2010-12-21 12:00:00,E0043,CAL_005121,3.5,1194.09380331722,-2816.01810525423,FLAT_START,CONVERGED_FEASIBLE,CONVERGED,PASSED,0.900171440794894,33,1,1,2.60902410786912e-14,1.0946799022804e-12,26,29,0.2124
ATT_T007_001008_1,CALL_T007_001008,1,EDGE_CANDIDATE_SCREEN,2010-12-21 12:00:00,E0043,CAL_005122,3.5,1222.78058434498,-2826.11624134187,FLAT_START,CONVERGED_FEASIBLE,CONVERGED,PASSED,0.900168381280881,33,1,1,2.68673971959288e-14,1.11799458579753e-12,26,29,0.2153
ATT_T007_001009_1,CALL_T007_001009,1,EDGE_CANDIDATE_SCREEN,2010-12-21 12:00:00,E0043,CAL_005123,3.5,1252.024859232,-2836.41062283096,FLAT_START,CONVERGED_FEASIBLE,CONVERGED,PASSED,0.900163946882502,33,1,1,2.75335310107039e-14,1.14230847003682e-12,26,29,0.2566
ATT_T007_001010_1,CALL_T007_001010,1,LOCAL_REENTRY_STENCIL,2010-12-21 12:00:00,E0043,CAL_005124,3.75,1281.9306360036,-2846.67282498464,FLAT_START,CONVERGED_FEASIBLE,CONVERGED,PASSED,0.90016896109523,33,1,1,2.80886425230165e-14,1.16728848809089e-12,26,29,0.2202
ATT_T007_001011_1,CALL_T007_001011,1,LOCAL_REENTRY_STENCIL,2010-12-21 12:00:00,E0043,CAL_005124,3.25,1281.76461503189,-2847.14445729582,FLAT_START,CONVERGED_FEASIBLE,CONVERGED,PASSED,0.900147166188344,33,1,1,2.83106871279415e-14,1.16906484493029e-12,26,29,0.2116
ATT_T007_001012_1,CALL_T007_001012,1,ANCHOR_SEARCH,2010-12-21 12:00:00,E0044,CAL_005135,0,1613.3879232455,-2963.55392815847,FLAT_START,CONVERGED_FEASIBLE,CONVERGED,PASSED,0.900004598300781,33,1.01024883509695,13,3.69704267200177e-14,5.39235323060439e-13,27,29,0.2231
ATT_T007_001013_1,CALL_T007_001013,1,ANCHOR_SEARCH,2010-12-21 12:00:00,E0044,CAL_005135,0.5,1613.54916152943,-2963.08063943497,FLAT_START,CONVERGED_FEASIBLE,CONVERGED,PASSED,0.900026426956458,33,1.01026358232075,13,3.69704267200177e-14,5.38458166943201e-13,27,29,0.2254
ATT_T007_001014_1,CALL_T007_001014,1,ANCHOR_SEARCH,2010-12-21 12:00:00,E0044,CAL_005135,1,1613.71039981335,-2962.60735071146,FLAT_START,CONVERGED_FEASIBLE,CONVERGED,PASSED,0.900048254223398,33,1.01027832878264,13,3.70814490224802e-14,5.37458966221038e-13,27,29,0.348
ATT_T007_001015_1,CALL_T007_001015,1,ANCHOR_SEARCH,2010-12-21 12:00:00,E0044,CAL_005135,2,1614.0328763812,-2961.66077326445,FLAT_START,CONVERGED_FEASIBLE,CONVERGED,PASSED,0.900091904592042,33,1.01030781942113,13,3.67483821150927e-14,5.35904653986563e-13,27,29,0.2233
ATT_T007_001016_1,CALL_T007_001016,1,ANCHOR_SEARCH,2010-12-21 12:00:00,E0044,CAL_005135,4,1614.67782951691,-2959.76761837043,FLAT_START,CONVERGED_FEASIBLE,CONVERGED,PASSED,0.900179188675228,33,1.01036679156042,13,3.65263375101677e-14,1.48592249615831e-12,26,29,0.2119
ATT_T007_001017_1,CALL_T007_001017,1,ANCHOR_SEARCH,2010-12-21 12:00:00,E0044,CAL_005135,3,1614.35535294906,-2960.71419581744,FLAT_START,CONVERGED_FEASIBLE,CONVERGED,PASSED,0.900135549408669,33,1.01033730701341,13,3.67483821150927e-14,5.34239319449625e-13,27,29,0.2366
ATT_T007_001018_1,CALL_T007_001018,1,ANCHOR_SEARCH,2010-12-21 12:00:00,E0044,CAL_005135,3.5,1614.51659123298,-2960.24090709394,FLAT_START,CONVERGED_FEASIBLE,CONVERGED,PASSED,0.900157369735585,33,1.01035204966751,13,3.67483821150927e-14,5.33351141029925e-13,27,29,0.2373
ATT_T007_001019_1,CALL_T007_001019,1,ANCHOR_SEARCH,2010-12-21 12:00:00,E0044,CAL_005135,3.25,1614.43597209102,-2960.47755145569,FLAT_START,CONVERGED_FEASIBLE,CONVERGED,PASSED,0.900146459745551,33,1.01034467843561,13,3.66373598126302e-14,5.33906252542238e-13,27,29,0.2577
ATT_T007_001020_1,CALL_T007_001020,1,EDGE_CANDIDATE_SCREEN,2010-12-21 12:00:00,E0044,CAL_005126,3.5,1312.03075639008,-2857.1911311329,FLAT_START,CONVERGED_FEASIBLE,CONVERGED,PASSED,0.900164824760504,33,1,1,2.88657986402541e-14,1.19337872916958e-12,26,29,0.2141
ATT_T007_001021_1,CALL_T007_001021,1,EDGE_CANDIDATE_SCREEN,2010-12-21 12:00:00,E0044,CAL_005127,3.5,1342.85736140911,-2867.6930270068,FLAT_START,CONVERGED_FEASIBLE,CONVERGED,PASSED,0.900170296246517,33,1.00062768900932,13,2.94209101525666e-14,1.22013510406305e-12,26,29,0.2134
ATT_T007_001022_1,CALL_T007_001022,1,EDGE_CANDIDATE_SCREEN,2010-12-21 12:00:00,E0044,CAL_005128,3.5,1374.31746183508,-2878.41073979587,FLAT_START,CONVERGED_FEASIBLE,CONVERGED,PASSED,0.900174402605171,33,1.00176802877431,13,3.01980662698043e-14,1.24777965737621e-12,26,29,0.2179
ATT_T007_001023_1,CALL_T007_001023,1,EDGE_CANDIDATE_SCREEN,2010-12-21 12:00:00,E0044,CAL_005129,3.5,1406.43573071828,-2889.3526750253,FLAT_START,CONVERGED_FEASIBLE,CONVERGED,PASSED,0.90017706329472,33,1.00292832984623,13,3.09752223870419e-14,1.27731158983124e-12,26,29,0.2325
ATT_T007_001024_1,CALL_T007_001024,1,EDGE_CANDIDATE_SCREEN,2010-12-21 12:00:00,E0044,CAL_005130,3.5,1439.23808921448,-2900.52766342032,FLAT_START,CONVERGED_FEASIBLE,CONVERGED,PASSED,0.900178192014222,33,1.00410931201231,13,3.1863400806742e-14,1.30784272300843e-12,26,29,0.2156
ATT_T007_001025_1,CALL_T007_001025,1,EDGE_CANDIDATE_SCREEN,2010-12-21 12:00:00,E0044,CAL_005131,3.5,1472.75178754478,-2911.94498848732,FLAT_START,CONVERGED_FEASIBLE,CONVERGED,PASSED,0.900177696237004,33,1.00531172797648,13,3.27515792264421e-14,1.34037225762995e-12,26,29,0.2107
ATT_T007_001026_1,CALL_T007_001026,1,EDGE_CANDIDATE_SCREEN,2010-12-21 12:00:00,E0044,CAL_005132,3.5,1507.0054923206,-2923.61441626338,FLAT_START,CONVERGED_FEASIBLE,CONVERGED,PASSED,0.900175476700205,33,1.00653636531735,13,3.36397576461422e-14,1.37445610448594e-12,26,29,0.2109
ATT_T007_001027_1,CALL_T007_001027,1,EDGE_CANDIDATE_SCREEN,2010-12-21 12:00:00,E0044,CAL_005133,3.5,1542.02938082571,-2935.546227436,FLAT_START,CONVERGED_FEASIBLE,CONVERGED,PASSED,0.900171426845651,33,1.00778404858713,13,3.44169137633799e-14,1.41053835278626e-12,26,29,0.2183
ATT_T007_001028_1,CALL_T007_001028,1,EDGE_CANDIDATE_SCREEN,2010-12-21 12:00:00,E0044,CAL_005134,3.5,1577.85524291156,-2947.75125205633,FLAT_START,CONVERGED_FEASIBLE,CONVERGED,PASSED,0.900165432206777,33,1.00905564156347,13,3.56381590904675e-14,1.44850798022844e-12,26,29,0.2382
ATT_T007_001029_1,CALL_T007_001029,1,LOCAL_REENTRY_STENCIL,2010-12-21 12:00:00,E0044,CAL_005135,3.75,1614.59721037495,-2960.00426273219,FLAT_START,CONVERGED_FEASIBLE,CONVERGED,PASSED,0.9001682793788,33,1.0103594207091,13,3.67483821150927e-14,1.48747680839278e-12,26,29,0.2164
ATT_T007_001030_1,CALL_T007_001030,1,LOCAL_REENTRY_STENCIL,2010-12-21 12:00:00,E0044,CAL_005135,3.25,1614.43597209102,-2960.47755145569,FLAT_START,CONVERGED_FEASIBLE,CONVERGED,PASSED,0.900146459745551,33,1.01034467843561,13,3.66373598126302e-14,5.33906252542238e-13,27,29,0.2253
ATT_T007_001031_1,CALL_T007_001031,1,ANCHOR_SEARCH,2010-12-21 12:00:00,E0045,CAL_005137,0,1650.55664633798,-2975.73022872113,FLAT_START,CONVERGED_FEASIBLE,CONVERGED,PASSED,0.90001455948492,33,1.01156674456364,13,3.83026943495679e-14,5.54223333892878e-13,27,29,0.2278
ATT_T007_001032_1,CALL_T007_001032,1,ANCHOR_SEARCH,2010-12-21 12:00:00,E0045,CAL_005137,0.5,1650.7123043229,-2975.25507549139,FLAT_START,CONVERGED_FEASIBLE,CONVERGED,PASSED,0.900036390679487,33,1.0115812678022,13,3.81916720471054e-14,5.53668222380566e-13,27,29,0.2874
ATT_T007_001033_1,CALL_T007_001033,1,ANCHOR_SEARCH,2010-12-21 12:00:00,E0045,CAL_005137,1,1650.86796230782,-2974.77992226165,FLAT_START,CONVERGED_FEASIBLE,CONVERGED,PASSED,0.900058220483506,33,1.01159579028867,13,3.80806497446429e-14,5.52335954751015e-13,27,29,0.25
ATT_T007_001034_1,CALL_T007_001034,1,ANCHOR_SEARCH,2010-12-21 12:00:00,E0045,CAL_005137,2,1651.17927827766,-2973.82961580218,FLAT_START,CONVERGED_FEASIBLE,CONVERGED,PASSED,0.90010187592088,33,1.01162483300578,13,3.77475828372553e-14,5.50670620214078e-13,27,29,0.229
ATT_T007_001035_1,CALL_T007_001035,1,ANCHOR_SEARCH,2010-12-21 12:00:00,E0045,CAL_005137,4,1651.80191021733,-2971.92900288322,FLAT_START,CONVERGED_FEASIBLE,CONVERGED,PASSED,0.900189170119825,33,1.01168290942005,13,3.79696274421804e-14,5.46562795022965e-13,27,29,0.2212
ATT_T007_001036_1,CALL_T007_001036,1,ANCHOR_SEARCH,2010-12-21 12:00:00,E0045,CAL_005137,3,1651.49059424749,-2972.8793093427,FLAT_START,CONVERGED_FEASIBLE,CONVERGED,PASSED,0.900145525799001,33,1.01165387271592,13,3.77475828372553e-14,5.48672218769752e-13,27,29,0.2388
ATT_T007_001037_1,CALL_T007_001037,1,ANCHOR_SEARCH,2010-12-21 12:00:00,E0045,CAL_005137,3.5,1651.64625223241,-2972.40415611296,FLAT_START,CONVERGED_FEASIBLE,CONVERGED,PASSED,0.900167348653953,33,1.01166839144368,13,3.78586051397178e-14,5.4767301804759e-13,27,29,0.2385
ATT_T007_001038_1,CALL_T007_001038,1,ANCHOR_SEARCH,2010-12-21 12:00:00,E0045,CAL_005137,3.25,1651.56842323995,-2972.64173272783,FLAT_START,CONVERGED_FEASIBLE,CONVERGED,PASSED,0.900156437400127,33,1.01166113217373,13,3.77475828372553e-14,5.48228129559902e-13,27,29,0.2375
ATT_T007_001039_1,CALL_T007_001039,1,EDGE_CANDIDATE_SCREEN,2010-12-21 12:00:00,E0045,CAL_005138,3.25,1689.62017278932,-2985.1073086448,FLAT_START,CONVERGED_FEASIBLE,CONVERGED,PASSED,0.900164622505701,33,1.01300503867722,13,3.88578058618805e-14,5.63660229602192e-13,27,29,0.2553
ATT_T007_001040_1,CALL_T007_001040,1,EDGE_CANDIDATE_SCREEN,2010-12-21 12:00:00,E0045,CAL_005139,3.25,1728.59280156823,-2997.87456030814,FLAT_START,CONVERGED_FEASIBLE,CONVERGED,PASSED,0.900170889085877,33,1.01437612604891,13,4.03010957938932e-14,5.80091530366644e-13,27,29,0.2518
ATT_T007_001041_1,CALL_T007_001041,1,EDGE_CANDIDATE_SCREEN,2010-12-21 12:00:00,E0045,CAL_005140,3.25,1768.52630448732,-3010.9565898643,FLAT_START,CONVERGED_FEASIBLE,CONVERGED,PASSED,0.900175102024927,33,1.01577545755856,13,4.13002965160558e-14,5.97633054155722e-13,27,29,0.2394
ATT_T007_001042_1,CALL_T007_001042,1,EDGE_CANDIDATE_SCREEN,2010-12-21 12:00:00,E0045,CAL_005141,3.25,1809.46297342991,-3024.36725193725,FLAT_START,CONVERGED_FEASIBLE,CONVERGED,PASSED,0.900177115253666,33,1.01720415062223,13,4.25215418431435e-14,6.16173778666962e-13,27,29,0.2338
ATT_T007_001043_1,CALL_T007_001043,1,EDGE_CANDIDATE_SCREEN,2010-12-21 12:00:00,E0045,CAL_005142,3.25,1851.44756569331,-3038.12120880916,FLAT_START,CONVERGED_FEASIBLE,CONVERGED,PASSED,0.900176770737064,33,1.01866338035985,13,4.41868763800812e-14,6.35269614690515e-13,27,29,0.2504
ATT_T007_001044_1,CALL_T007_001044,1,EDGE_CANDIDATE_SCREEN,2010-12-21 12:00:00,E0045,CAL_005143,3.25,1894.52748745338,-3052.23399052239,FLAT_START,CONVERGED_FEASIBLE,CONVERGED,PASSED,0.900173897353365,33,1.02015438343692,13,4.57411886145564e-14,6.56474874460855e-13,27,29,0.2499
ATT_T007_001045_1,CALL_T007_001045,1,EDGE_CANDIDATE_SCREEN,2010-12-21 12:00:00,E0045,CAL_005144,3.25,1938.75299383933,-3066.72206042323,FLAT_START,CONVERGED_FEASIBLE,CONVERGED,PASSED,0.900168309651363,33,1.02167846221742,13,4.74065231514942e-14,6.78901379558283e-13,27,29,0.2197
ATT_T007_001046_1,CALL_T007_001046,1,EDGE_CANDIDATE_SCREEN,2010-12-21 12:00:00,E0045,CAL_005145,3.25,1984.17740740112,-3081.60288673067,FLAT_START,CONVERGED_FEASIBLE,CONVERGED,PASSED,0.900159806470639,33,1.02323698925756,13,4.90718576884319e-14,7.02993219192649e-13,27,29,0.2208
ATT_T007_001047_1,CALL_T007_001047,1,LOCAL_REENTRY_STENCIL,2010-12-21 12:00:00,E0045,CAL_005137,3.5,1651.64625223241,-2972.40415611296,FLAT_START,CONVERGED_FEASIBLE,CONVERGED,PASSED,0.900167348653953,33,1.01166839144368,13,3.78586051397178e-14,5.4767301804759e-13,27,29,0.2408
ATT_T007_001048_1,CALL_T007_001048,1,LOCAL_REENTRY_STENCIL,2010-12-21 12:00:00,E0045,CAL_005137,3,1651.49059424749,-2972.8793093427,FLAT_START,CONVERGED_FEASIBLE,CONVERGED,PASSED,0.900145525799001,33,1.01165387271592,13,3.77475828372553e-14,5.48672218769752e-13,27,29,0.2242
ATT_T007_001049_1,CALL_T007_001049,1,ANCHOR_SEARCH,2010-12-21 12:00:00,E0046,CAL_005147,0,2052.39748586176,-3079.86512217339,FLAT_START,CONVERGED_FEASIBLE,CONVERGED,PASSED,0.901143307471966,33,1.02597422356952,13,4.76285677564192e-14,6.82898182446934e-13,27,29,0.2563
ATT_T007_001050_1,CALL_T007_001050,1,EDGE_CANDIDATE_SCREEN,2010-12-21 12:00:00,E0046,CAL_005148,0,2075.044851713,-3059.66156832731,FLAT_START,CONVERGED_FEASIBLE,CONVERGED,PASSED,0.902281458003353,33,1.02721137786637,13,4.39648317751562e-14,6.33271213246189e-13,27,29,0.2752
ATT_T007_001051_1,CALL_T007_001051,1,EDGE_CANDIDATE_SCREEN,2010-12-21 12:00:00,E0046,CAL_005149,0,2097.79175683136,-3039.36921620965,FLAT_START,CONVERGED_FEASIBLE,CONVERGED,PASSED,0.903420694172656,33,1.02845033184306,13,4.05231403988182e-14,5.86419801607008e-13,27,29,0.2709
ATT_T007_001052_1,CALL_T007_001052,1,EDGE_CANDIDATE_SCREEN,2010-12-21 12:00:00,E0046,CAL_005150,0,2120.64234682235,-3018.98436755529,FLAT_START,CONVERGED_FEASIBLE,CONVERGED,PASSED,0.904561206796281,33,1.02969129211883,13,3.76365605347928e-14,5.43676215158939e-13,27,29,0.2258
ATT_T007_001053_1,CALL_T007_001053,1,EDGE_CANDIDATE_SCREEN,2010-12-21 12:00:00,E0046,CAL_005151,0,2143.60083690619,-2998.50326199623,FLAT_START,CONVERGED_FEASIBLE,CONVERGED,PASSED,0.905703187491357,33,1.03093446660074,13,3.45279360658424e-14,1.40887301824932e-12,26,29,0.2502
ATT_T007_001054_1,CALL_T007_001054,1,EDGE_CANDIDATE_SCREEN,2010-12-21 12:00:00,E0046,CAL_005152,0,2166.67151523682,-2977.92207410091,FLAT_START,CONVERGED_FEASIBLE,CONVERGED,PASSED,0.90684682881046,33,1.03218006462917,13,3.2085445411667e-14,1.30861987912567e-12,26,29,0.214
ATT_T007_001055_1,CALL_T007_001055,1,EDGE_CANDIDATE_SCREEN,2010-12-21 12:00:00,E0046,CAL_005153,0,2189.858746329,-2957.23691031676,FLAT_START,CONVERGED_FEASIBLE,CONVERGED,PASSED,0.907992324377604,33,1.03342829712531,13,2.94209101525666e-14,1.21480603354485e-12,26,29,0.2441
ATT_T007_001056_1,CALL_T007_001056,1,EDGE_CANDIDATE_SCREEN,2010-12-21 12:00:00,E0046,CAL_005154,0,2213.16697459989,-2936.44380581088,FLAT_START,CONVERGED_FEASIBLE,CONVERGED,PASSED,0.909139869025746,33,1.03467937674092,13,2.70894418008538e-14,1.12854170453147e-12,26,29,0.2102
ATT_T007_001057_1,CALL_T007_001057,1,EDGE_CANDIDATE_SCREEN,2010-12-21 12:00:00,E0046,CAL_005155,0,2236.60072803125,-2915.53872120298,FLAT_START,CONVERGED_FEASIBLE,CONVERGED,PASSED,0.910289658935988,33,1.03593351801052,13,2.50910403565285e-14,1.0476064460363e-12,26,29,0.2371
ATT_T007_001058_1,CALL_T007_001058,1,EDGE_CANDIDATE_SCREEN,2010-12-21 12:00:00,E0046,CAL_005156,0,2260.16462195917,-2894.51753918458,FLAT_START,CONVERGED_FEASIBLE,CONVERGED,PASSED,0.911441891778716,33,1.03719093750635,13,2.29816166097407e-14,9.73221503386412e-13,26,29,0.213
ATT_T007_001059_1,CALL_T007_001059,1,EDGE_CANDIDATE_SCREEN,2010-12-21 12:00:00,E0046,CAL_005157,0,2283.86336299834,-2873.37606101823,FLAT_START,CONVERGED_FEASIBLE,CONVERGED,PASSED,0.912596766856991,33,1.03845185399628,13,5.44009282066327e-14,8.13238365537927e-13,26,28,0.2342
ATT_T007_001060_1,CALL_T007_001060,1,EDGE_CANDIDATE_SCREEN,2010-12-21 12:00:00,E0046,CAL_005158,0,2307.70175310823,-2852.11000291008,FLAT_START,CONVERGED_FEASIBLE,CONVERGED,PASSED,0.913754485251859,33,1.03971648860481,13,5.01820807130571e-14,7.55506768257419e-13,26,28,0.2265
ATT_T007_001061_1,CALL_T007_001061,1,EDGE_CANDIDATE_SCREEN,2010-12-21 12:00:00,E0046,CAL_005159,0,2331.6846938091,-2830.71499224879,FLAT_START,CONVERGED_FEASIBLE,CONVERGED,PASSED,0.914915249971238,33,1.04098506497788,13,4.64073224293315e-14,7.01660951563099e-13,26,28,0.2278
ATT_T007_001062_1,CALL_T007_001062,1,EDGE_CANDIDATE_SCREEN,2010-12-21 12:00:00,E0046,CAL_005160,0,2355.81719055608,-2809.18656370348,FLAT_START,CONVERGED_FEASIBLE,CONVERGED,PASSED,0.916079266100712,33,1.0422578094511,13,4.30766533554561e-14,6.52478071572204e-13,26,28,0.2165
ATT_T007_001063_1,CALL_T007_001063,1,EDGE_CANDIDATE_SCREEN,2010-12-21 12:00:00,E0046,CAL_005161,0,2380.1043572799,-2787.52015517293,FLAT_START,CONVERGED_FEASIBLE,CONVERGED,PASSED,0.917246740957937,33,1.04353495122225,13,3.96349619791181e-14,6.06181771445335e-13,26,28,0.2454
ATT_T007_001064_1,CALL_T007_001064,1,EDGE_CANDIDATE_SCREEN,2010-12-21 12:00:00,E0046,CAL_005162,0,2404.55142110366,-2765.71110357787,FLAT_START,CONVERGED_FEASIBLE,CONVERGED,PASSED,0.918417884250332,33,1.04481672252795,13,3.66373598126302e-14,5.63105118089879e-13,26,28,0.2195
ATT_T007_001065_1,CALL_T007_001065,1,EDGE_CANDIDATE_SCREEN,2010-12-21 12:00:00,E0046,CAL_005163,0,2429.16372724509,-2743.7546404876,FLAT_START,CONVERGED_FEASIBLE,CONVERGED,PASSED,0.919592908236424,33,1.04610335882516,13,3.37507799486048e-14,5.23692200715686e-13,26,28,0.2128
ATT_T007_001066_1,CALL_T007_001066,1,EDGE_CANDIDATE_SCREEN,2010-12-21 12:00:00,E0046,CAL_005164,0,2453.94674411472,-2721.64588757201,FLAT_START,CONVERGED_FEASIBLE,CONVERGED,PASSED,0.920772027891117,33,1.0473950989775,13,3.10862446895044e-14,4.86721773995669e-13,26,28,0.2193
ATT_T007_001067_1,CALL_T007_001067,1,EDGE_CANDIDATE_SCREEN,2010-12-21 12:00:00,E0046,CAL_005165,0,2478.90606862068,-2699.37985186921,FLAT_START,CONVERGED_FEASIBLE,CONVERGED,PASSED,0.921955461075195,33,1.04869218544691,13,2.88657986402541e-14,1.29740662657696e-12,25,28,0.2101
ATT_T007_001068_1,CALL_T007_001068,1,LOCAL_REENTRY_STENCIL,2010-12-21 12:00:00,E0046,CAL_005147,0.25,2052.23106126766,-3079.67856694168,FLAT_START,CONVERGED_FEASIBLE,CONVERGED,PASSED,0.901148837927181,33,1.02597080588542,13,4.76285677564192e-14,6.82343070934621e-13,27,29,0.2242
ATT_T007_001069_1,CALL_T007_001069,1,ANCHOR_SEARCH,2010-12-21 12:00:00,E0047,CAL_005172,0,2355.72438301521,-2309.25124551016,FLAT_START,CONVERGED_INFEASIBLE,CONVERGED,PASSED,0.93544377066503,33,1.0500894252287,13,2.1316282072803e-14,1.08291153821938e-12,24,27,0.2089
ATT_T007_001070_1,CALL_T007_001070,1,ANCHOR_SEARCH,2010-12-21 12:00:00,E0047,CAL_005172,0.5,2355.26068714799,-2309.43829134069,FLAT_START,CONVERGED_INFEASIBLE,CONVERGED,PASSED,0.935431088146502,33,1.05006901459912,13,2.12052597703405e-14,1.08346664973169e-12,24,27,0.2073
ATT_T007_001071_1,CALL_T007_001071,1,ANCHOR_SEARCH,2010-12-21 12:00:00,E0047,CAL_005172,1,2354.79699128076,-2309.62533717122,FLAT_START,CONVERGED_INFEASIBLE,CONVERGED,PASSED,0.935418405070477,33,1.05004860307835,13,2.12052597703405e-14,1.08424380584893e-12,24,27,0.21
ATT_T007_001072_1,CALL_T007_001072,1,ANCHOR_SEARCH,2010-12-21 12:00:00,E0047,CAL_005172,2,2353.86959954631,-2309.99942883228,FLAT_START,CONVERGED_INFEASIBLE,CONVERGED,PASSED,0.935393037245684,33,1.0500077773628,13,2.1316282072803e-14,1.08535402887355e-12,24,27,0.2471
ATT_T007_001073_1,CALL_T007_001073,1,ANCHOR_SEARCH,2010-12-21 12:00:00,E0047,CAL_005172,4,2352.01481607741,-2310.74761215441,FLAT_START,CONVERGED_FEASIBLE,CONVERGED,PASSED,0.935342294903391,33,1.04992611523288,13,2.12052597703405e-14,1.08790754183019e-12,24,27,0.2074
ATT_T007_001074_1,CALL_T007_001074,1,ANCHOR_SEARCH,2010-12-21 12:00:00,E0047,CAL_005172,8,2348.30524913962,-2312.24397879865,FLAT_START,CONVERGED_FEASIBLE,CONVERGED,PASSED,0.935240783434044,33,1.04976274815489,13,2.1316282072803e-14,1.09257047853362e-12,24,27,0.2048
ATT_T007_001075_1,CALL_T007_001075,1,ANCHOR_SEARCH,2010-12-21 12:00:00,E0047,CAL_005172,6,2350.16003260852,-2311.49579547653,FLAT_START,CONVERGED_FEASIBLE,CONVERGED,PASSED,0.935291543634171,33,1.04984443883242,13,2.1316282072803e-14,1.0902390101819e-12,24,27,0.3625
ATT_T007_001076_1,CALL_T007_001076,1,ANCHOR_SEARCH,2010-12-21 12:00:00,E0047,CAL_005172,5,2351.08742434297,-2311.12170381547,FLAT_START,CONVERGED_FEASIBLE,CONVERGED,PASSED,0.935316920384896,33,1.04988527881688,13,2.1538326677728e-14,1.08890674255235e-12,24,27,0.2123
ATT_T007_001077_1,CALL_T007_001077,1,ANCHOR_SEARCH,2010-12-21 12:00:00,E0047,CAL_005172,5.5,2350.62372847574,-2311.308749646,FLAT_START,CONVERGED_FEASIBLE,CONVERGED,PASSED,0.935304232288593,33,1.04986485927076,13,2.14273043752655e-14,1.08946185406467e-12,24,27,0.2086
ATT_T007_001078_1,CALL_T007_001078,1,ANCHOR_SEARCH,2010-12-21 12:00:00,E0047,CAL_005172,5.75,2350.39188054213,-2311.40227256126,FLAT_START,CONVERGED_FEASIBLE,CONVERGED,PASSED,0.935297888031151,33,1.04985464916313,13,2.14273043752655e-14,1.08990594327452e-12,24,27,0.2042
ATT_T007_001079_1,CALL_T007_001079,1,EDGE_CANDIDATE_SCREEN,2010-12-21 12:00:00,E0047,CAL_005167,6,2498.48308128131,-2679.19597082142,FLAT_START,CONVERGED_FEASIBLE,CONVERGED,PASSED,0.922987269302576,33,1.0497498007396,13,2.65343302885412e-14,1.21758159110641e-12,25,28,0.2149
ATT_T007_001080_1,CALL_T007_001080,1,EDGE_CANDIDATE_SCREEN,2010-12-21 12:00:00,E0047,CAL_005168,6,2466.65264987904,-2600.28675669289,FLAT_START,CONVERGED_FEASIBLE,CONVERGED,PASSED,0.925671161424727,33,1.04978974948682,13,2.05391259555654e-14,9.62563362350011e-13,25,28,0.2495
ATT_T007_001081_1,CALL_T007_001081,1,EDGE_CANDIDATE_SCREEN,2010-12-21 12:00:00,E0047,CAL_005169,6,2435.96795473252,-2524.21787942305,FLAT_START,CONVERGED_FEASIBLE,CONVERGED,PASSED,0.928235570644216,33,1.04981794102721,13,4.22994972382185e-14,6.9422245729811e-13,25,27,0.2199
ATT_T007_001082_1,CALL_T007_001082,1,EDGE_CANDIDATE_SCREEN,2010-12-21 12:00:00,E0047,CAL_005170,6,2406.36379920368,-2450.82771332077,FLAT_START,CONVERGED_FEASIBLE,CONVERGED,PASSED,0.930688838045604,33,1.04983570043458,13,3.35287353436797e-14,5.58331159083991e-13,25,27,0.2069
ATT_T007_001083_1,CALL_T007_001083,1,EDGE_CANDIDATE_SCREEN,2010-12-21 12:00:00,E0047,CAL_005171,6,2377.77981704472,-2379.96660747139,FLAT_START,CONVERGED_FEASIBLE,CONVERGED,PASSED,0.93303853331905,33,1.04984419148756,13,2.68673971959288e-14,4.52859971744601e-13,25,27,0.2047
ATT_T007_001084_1,CALL_T007_001084,1,EDGE_CANDIDATE_SCREEN,2010-12-21 12:00:00,E0047,CAL_005173,6,2323.45246824144,-2245.28642216145,FLAT_START,CONVERGED_FEASIBLE,CONVERGED,PASSED,0.937454150281253,33,1.04983734670484,13,1.73194791841524e-14,9.00279850668539e-13,24,27,0.2294
ATT_T007_001085_1,CALL_T007_001085,1,EDGE_CANDIDATE_SCREEN,2010-12-21 12:00:00,E0047,CAL_005174,6,2297.60879305653,-2181.21867286639,FLAT_START,CONVERGED_FEASIBLE,CONVERGED,PASSED,0.939532095033561,33,1.04982371480871,13,3.79696274421804e-14,6.80122624885371e-13,24,26,0.2212
ATT_T007_001086_1,CALL_T007_001086,1,EDGE_CANDIDATE_SCREEN,2010-12-21 12:00:00,E0047,CAL_005175,6,2272.58400808628,-2119.18099292476,FLAT_START,CONVERGED_FEASIBLE,CONVERGED,PASSED,0.941530637830125,33,1.04980425183495,13,3.17523785042795e-14,5.68989300120393e-13,24,26,0.1996
ATT_T007_001087_1,CALL_T007_001087,1,EDGE_CANDIDATE_SCREEN,2010-12-21 12:00:00,E0047,CAL_005176,6,2248.33616349332,-2059.06938661444,FLAT_START,CONVERGED_FEASIBLE,CONVERGED,PASSED,0.943454607097088,33,1.04977958701293,13,2.70894418008538e-14,4.7883919052083e-13,24,26,0.2049
ATT_T007_001088_1,CALL_T007_001088,1,LOCAL_REENTRY_STENCIL,2010-12-21 12:00:00,E0047,CAL_005172,6.25,2349.9281846749,-2311.5893183918,FLAT_START,CONVERGED_FEASIBLE,CONVERGED,PASSED,0.935285199097646,33,1.04983422827864,13,2.1316282072803e-14,1.09046105478683e-12,24,27,0.2045
ATT_T007_001089_1,CALL_T007_001089,1,LOCAL_REENTRY_STENCIL,2010-12-21 12:00:00,E0047,CAL_005172,5.75,2350.39188054213,-2311.40227256126,FLAT_START,CONVERGED_FEASIBLE,CONVERGED,PASSED,0.935297888031151,33,1.04985464916313,13,2.14273043752655e-14,1.08990594327452e-12,24,27,0.2177
ATT_T007_001090_1,CALL_T007_001090,1,ANCHOR_SEARCH,2010-12-21 12:00:00,E0048,CAL_005182,0,2131.56351246162,-1738.19500259003,FLAT_START,CONVERGED_INFEASIBLE,CONVERGED,PASSED,0.953675655951257,33,1.05003798763952,13,1.16573417585641e-14,1.91069382537989e-13,24,26,0.2142
ATT_T007_001091_1,CALL_T007_001091,1,ANCHOR_SEARCH,2010-12-21 12:00:00,E0048,CAL_005182,0.5,2131.09605809531,-1738.37244670918,FLAT_START,CONVERGED_INFEASIBLE,CONVERGED,PASSED,0.953663714918871,33,1.05001755839226,13,1.17683640610267e-14,1.91291427142914e-13,24,26,0.2369
ATT_T007_001092_1,CALL_T007_001092,1,ANCHOR_SEARCH,2010-12-21 12:00:00,E0048,CAL_005182,1,2130.62860372901,-1738.54989082833,FLAT_START,CONVERGED_FEASIBLE,CONVERGED,PASSED,0.953651773380825,33,1.04999712825217,13,1.18793863634892e-14,1.91624494050302e-13,24,26,0.2056
ATT_T007_001093_1,CALL_T007_001093,1,ANCHOR_SEARCH,2010-12-21 12:00:00,E0048,CAL_005182,2,2129.6936949964,-1738.90477906664,FLAT_START,CONVERGED_FEASIBLE,CONVERGED,PASSED,0.953627888787532,33,1.04995626529309,13,1.16573417585641e-14,1.91624494050302e-13,24,26,0.234
ATT_T007_001094_1,CALL_T007_001094,1,ANCHOR_SEARCH,2010-12-21 12:00:00,E0048,CAL_005182,4,2127.82387753117,-1739.61455554324,FLAT_START,CONVERGED_FEASIBLE,CONVERGED,PASSED,0.953580113530612,33,1.04987452865649,13,1.16573417585641e-14,1.9195756095769e-13,24,26,0.2099
ATT_T007_001095_1,CALL_T007_001095,1,ANCHOR_SEARCH,2010-12-21 12:00:00,E0048,CAL_005182,8,2124.08424260072,-1741.03410849645,FLAT_START,CONVERGED_FEASIBLE,CONVERGED,PASSED,0.953484538723193,33,1.04971101248664,13,1.18793863634892e-14,1.9240165016754e-13,24,26,0.2518
ATT_T007_001096_1,CALL_T007_001096,1,ANCHOR_SEARCH,2010-12-21 12:00:00,E0048,CAL_005182,6,2125.95406006595,-1740.32433201985,FLAT_START,CONVERGED_FEASIBLE,CONVERGED,PASSED,0.953532330176999,33,1.04979277772319,13,1.17683640610267e-14,1.92290627865077e-13,24,26,0.3509
ATT_T007_001097_1,CALL_T007_001097,1,ANCHOR_SEARCH,2010-12-21 12:00:00,E0048,CAL_005182,5,2126.88896879856,-1739.96944378154,FLAT_START,CONVERGED_FEASIBLE,CONVERGED,PASSED,0.953556222866111,33,1.04983365497734,13,1.16573417585641e-14,1.92068583260152e-13,24,26,0.2562
ATT_T007_001098_1,CALL_T007_001098,1,ANCHOR_SEARCH,2010-12-21 12:00:00,E0048,CAL_005182,4.5,2127.35642316487,-1739.79199966239,FLAT_START,CONVERGED_FEASIBLE,CONVERGED,PASSED,0.953568168451411,33,1.04985409226374,13,1.17683640610267e-14,1.91846538655227e-13,24,26,0.3073
ATT_T007_001099_1,CALL_T007_001099,1,ANCHOR_SEARCH,2010-12-21 12:00:00,E0048,CAL_005182,4.75,2127.12269598171,-1739.88072172197,FLAT_START,CONVERGED_FEASIBLE,CONVERGED,PASSED,0.953562195722027,33,1.04984387373225,13,1.17683640610267e-14,1.92068583260152e-13,24,26,0.3015
ATT_T007_001100_1,CALL_T007_001100,1,EDGE_CANDIDATE_SCREEN,2010-12-21 12:00:00,E0048,CAL_005178,4.75,2205.083777966,-1945.25945362791,FLAT_START,CONVERGED_FEASIBLE,CONVERGED,PASSED,0.947096203638366,33,1.04981871301636,13,1.98729921407903e-14,3.45168338355961e-13,24,26,0.3197
ATT_T007_001101_1,CALL_T007_001101,1,EDGE_CANDIDATE_SCREEN,2010-12-21 12:00:00,E0048,CAL_005179,4.75,2184.7938632775,-1891.80820791479,FLAT_START,CONVERGED_FEASIBLE,CONVERGED,PASSED,0.948792052433679,33,1.04983125483371,13,1.7430501486615e-14,2.96429547574917e-13,24,26,0.2976
ATT_T007_001102_1,CALL_T007_001102,1,EDGE_CANDIDATE_SCREEN,2010-12-21 12:00:00,E0048,CAL_005180,4.75,2165.0534068306,-1839.80444130305,FLAT_START,CONVERGED_FEASIBLE,CONVERGED,PASSED,0.950433106355514,33,1.04983938362007,13,1.52100554373646e-14,2.55240273361323e-13,24,26,0.2725
ATT_T007_001103_1,CALL_T007_001103,1,EDGE_CANDIDATE_SCREEN,2010-12-21 12:00:00,E0048,CAL_005181,4.75,2145.83749992549,-1789.18253493458,FLAT_START,CONVERGED_FEASIBLE,CONVERGED,PASSED,0.952022257124614,33,1.04984347607707,13,1.33226762955019e-14,2.21156426505331e-13,24,26,0.2893
ATT_T007_001104_1,CALL_T007_001104,1,EDGE_CANDIDATE_SCREEN,2010-12-21 12:00:00,E0048,CAL_005183,4.75,2108.88690435973,-1691.8408066349,FLAT_START,CONVERGED_FEASIBLE,CONVERGED,PASSED,0.955055429752877,33,1.04984088663658,13,1.0547118733939e-14,5.1503246112361e-13,23,26,0.2708
ATT_T007_001105_1,CALL_T007_001105,1,EDGE_CANDIDATE_SCREEN,2010-12-21 12:00:00,E0048,CAL_005184,4.75,2091.10929329559,-1645.00791099338,FLAT_START,CONVERGED_FEASIBLE,CONVERGED,PASSED,0.956504299017667,33,1.04983479662291,13,9.58357714499934e-15,4.52193837929826e-13,23,26,0.2497
ATT_T007_001106_1,CALL_T007_001106,1,EDGE_CANDIDATE_SCREEN,2010-12-21 12:00:00,E0048,CAL_005185,4.75,2073.77020104861,-1599.33023839767,FLAT_START,CONVERGED_FEASIBLE,CONVERGED,PASSED,0.957910989505839,33,1.04982586018376,13,8.92785173927133e-15,3.98570065840431e-13,23,26,0.1947
ATT_T007_001107_1,CALL_T007_001107,1,EDGE_CANDIDATE_SCREEN,2010-12-21 12:00:00,E0048,CAL_005186,4.75,2056.85105446259,-1554.75886018788,FLAT_START,CONVERGED_FEASIBLE,CONVERGED,PASSED,0.959277545997146,33,1.0498143110182,13,8.40625446377508e-15,3.52384788016025e-13,23,26,0.2213
ATT_T007_001108_1,CALL_T007_001108,1,LOCAL_REENTRY_STENCIL,2010-12-21 12:00:00,E0048,CAL_005182,5,2126.88896879856,-1739.96944378154,FLAT_START,CONVERGED_FEASIBLE,CONVERGED,PASSED,0.953556222866111,33,1.04983365497734,13,1.16573417585641e-14,1.92068583260152e-13,24,26,0.1987
ATT_T007_001109_1,CALL_T007_001109,1,LOCAL_REENTRY_STENCIL,2010-12-21 12:00:00,E0048,CAL_005182,4.5,2127.35642316487,-1739.79199966239,FLAT_START,CONVERGED_FEASIBLE,CONVERGED,PASSED,0.953568168451411,33,1.04985409226374,13,1.17683640610267e-14,1.91846538655227e-13,24,26,0.2084
ATT_T007_001110_1,CALL_T007_001110,1,ANCHOR_SEARCH,2010-12-21 12:00:00,E0049,CAL_005192,0,1971.78759303956,-1308.89366773508,FLAT_START,CONVERGED_INFEASIBLE,CONVERGED,PASSED,0.966809154906771,33,1.05001931694506,13,1.66912824830054e-14,1.97175609173428e-13,23,25,0.2073
ATT_T007_001111_1,CALL_T007_001111,1,ANCHOR_SEARCH,2010-12-21 12:00:00,E0049,CAL_005192,0.5,1971.31770933051,-1309.0645750198,FLAT_START,CONVERGED_FEASIBLE,CONVERGED,PASSED,0.966797691264101,33,1.04999886048386,13,1.6684772035647e-14,1.97175609173428e-13,23,25,0.2318
ATT_T007_001112_1,CALL_T007_001112,1,ANCHOR_SEARCH,2010-12-21 12:00:00,E0049,CAL_005192,1,1970.84782562146,-1309.23548230452,FLAT_START,CONVERGED_FEASIBLE,CONVERGED,PASSED,0.966786227145615,33,1.04997840312572,13,1.66522249894448e-14,1.96731519963578e-13,23,25,0.1949
ATT_T007_001113_1,CALL_T007_001113,1,ANCHOR_SEARCH,2010-12-21 12:00:00,E0049,CAL_005192,2,1969.90805820336,-1309.57729687395,FLAT_START,CONVERGED_FEASIBLE,CONVERGED,PASSED,0.966763297480991,33,1.04993748571826,13,1.65504024021989e-14,1.96287430753728e-13,23,25,0.1994
ATT_T007_001114_1,CALL_T007_001114,1,ANCHOR_SEARCH,2010-12-21 12:00:00,E0049,CAL_005192,4,1968.02852336716,-1310.26092601282,FLAT_START,CONVERGED_FEASIBLE,CONVERGED,PASSED,0.96671743243972,33,1.04985564013567,13,1.65546361852629e-14,1.95621296938953e-13,23,25,0.2055
ATT_T007_001115_1,CALL_T007_001115,1,ANCHOR_SEARCH,2010-12-21 12:00:00,E0049,CAL_005192,8,1964.26945369476,-1311.62818429056,FLAT_START,CONVERGED_FEASIBLE,CONVERGED,PASSED,0.966625679497709,33,1.04969190587673,13,1.63413897862216e-14,1.94289029309402e-13,23,25,0.379
ATT_T007_001116_1,CALL_T007_001116,1,ANCHOR_SEARCH,2010-12-21 12:00:00,E0049,CAL_005192,6,1966.14898853096,-1310.94455515169,FLAT_START,CONVERGED_FEASIBLE,CONVERGED,PASSED,0.966671559779709,33,1.0497737801907,13,1.6413199268822e-14,1.95621296938953e-13,23,25,0.2111
ATT_T007_001117_1,CALL_T007_001117,1,ANCHOR_SEARCH,2010-12-21 12:00:00,E0049,CAL_005192,5,1967.08875594906,-1310.60274058226,FLAT_START,CONVERGED_FEASIBLE,CONVERGED,PASSED,0.96669449706226,33,1.0498147119589,13,1.64458533970824e-14,1.95399252334028e-13,23,25,0.1953
ATT_T007_001118_1,CALL_T007_001118,1,ANCHOR_SEARCH,2010-12-21 12:00:00,E0049,CAL_005192,4.5,1967.55863965811,-1310.43183329754,FLAT_START,CONVERGED_FEASIBLE,CONVERGED,PASSED,0.9667059649891,33,1.04983517649616,13,1.64719827061435e-14,1.96065386148803e-13,23,25,0.1942
ATT_T007_001119_1,CALL_T007_001119,1,ANCHOR_SEARCH,2010-12-21 12:00:00,E0049,CAL_005192,4.25,1967.79358151264,-1310.34637965518,FLAT_START,CONVERGED_FEASIBLE,CONVERGED,PASSED,0.966711698773935,33,1.04984540842813,13,1.65416303272635e-14,1.96065386148803e-13,23,25,0.2247
ATT_T007_001120_1,CALL_T007_001120,1,EDGE_CANDIDATE_SCREEN,2010-12-21 12:00:00,E0049,CAL_005188,4.25,2025.53492183656,-1469.09745455376,FLAT_START,CONVERGED_FEASIBLE,CONVERGED,PASSED,0.961901655684014,33,1.04983043056736,13,2.04144581824808e-14,2.55573340268711e-13,23,25,0.1945
ATT_T007_001121_1,CALL_T007_001121,1,EDGE_CANDIDATE_SCREEN,2010-12-21 12:00:00,E0049,CAL_005189,4.25,2010.62601835378,-1428.10768119255,FLAT_START,CONVERGED_FEASIBLE,CONVERGED,PASSED,0.963150587672565,33,1.04983753295319,13,1.93324022333014e-14,2.34701147405758e-13,23,25,0.2021
ATT_T007_001122_1,CALL_T007_001122,1,EDGE_CANDIDATE_SCREEN,2010-12-21 12:00:00,E0049,CAL_005190,4.25,1996.04112243092,-1388.00871757219,FLAT_START,CONVERGED_FEASIBLE,CONVERGED,PASSED,0.964367653522059,33,1.0498422918444,13,1.83297695805634e-14,2.20490292690556e-13,23,25,0.1937
ATT_T007_001123_1,CALL_T007_001123,1,EDGE_CANDIDATE_SCREEN,2010-12-21 12:00:00,E0049,CAL_005191,4.25,1981.76763481777,-1348.76592396146,FLAT_START,CONVERGED_FEASIBLE,CONVERGED,PASSED,0.965554251173848,33,1.04984486766759,13,1.73374620443793e-14,2.07389660999979e-13,23,25,0.1942
ATT_T007_001124_1,CALL_T007_001124,1,EDGE_CANDIDATE_SCREEN,2010-12-21 12:00:00,E0049,CAL_005193,4.25,1954.10757505617,-1272.71877655754,FLAT_START,CONVERGED_FEASIBLE,CONVERGED,PASSED,0.967841240365583,33,1.0498440507925,13,1.57554534761233e-14,1.85185200507476e-13,23,25,0.2471
ATT_T007_001125_1,CALL_T007_001125,1,EDGE_CANDIDATE_SCREEN,2010-12-21 12:00:00,E0049,CAL_005194,4.25,1940.69877865809,-1235.85332055409,FLAT_START,CONVERGED_FEASIBLE,CONVERGED,PASSED,0.968944051097817,33,1.04984092106383,13,1.50084088649217e-14,1.7519319328585e-13,23,25,0.2048
ATT_T007_001126_1,CALL_T007_001126,1,EDGE_CANDIDATE_SCREEN,2010-12-21 12:00:00,E0049,CAL_005195,4.25,1927.5568729177,-1199.72164001466,FLAT_START,CONVERGED_FEASIBLE,CONVERGED,PASSED,0.97002124199759,33,1.04983613606246,13,1.42486718517113e-14,1.66311409088848e-13,23,25,0.2141
ATT_T007_001127_1,CALL_T007_001127,1,EDGE_CANDIDATE_SCREEN,2010-12-21 12:00:00,E0049,CAL_005196,4.25,1914.67202492171,-1164.29670083254,FLAT_START,CONVERGED_FEASIBLE,CONVERGED,PASSED,0.971073864348042,33,1.04982980392187,13,1.36831398654926e-14,1.58983937126322e-13,23,25,0.2005
ATT_T007_001128_1,CALL_T007_001128,1,LOCAL_REENTRY_STENCIL,2010-12-21 12:00:00,E0049,CAL_005192,4.5,1967.55863965811,-1310.43183329754,FLAT_START,CONVERGED_FEASIBLE,CONVERGED,PASSED,0.9667059649891,33,1.04983517649616,13,1.64719827061435e-14,1.96065386148803e-13,23,25,0.2223
ATT_T007_001129_1,CALL_T007_001129,1,LOCAL_REENTRY_STENCIL,2010-12-21 12:00:00,E0049,CAL_005192,4,1968.02852336716,-1310.26092601282,FLAT_START,CONVERGED_FEASIBLE,CONVERGED,PASSED,0.96671743243972,33,1.04985564013567,13,1.65546361852629e-14,1.95621296938953e-13,23,25,0.2038
ATT_T007_001130_1,CALL_T007_001130,1,ANCHOR_SEARCH,2010-12-21 12:00:00,E0050,CAL_005202,0,1848.49957858275,-964.784426167728,FLAT_START,CONVERGED_INFEASIBLE,CONVERGED,PASSED,0.977014341257725,33,1.05001143425204,13,1.0819729398643e-14,1.22568621918617e-13,23,25,0.2024
ATT_T007_001131_1,CALL_T007_001131,1,ANCHOR_SEARCH,2010-12-21 12:00:00,E0050,CAL_005202,0.5,1848.02798244994,-964.950549879219,FLAT_START,CONVERGED_FEASIBLE,CONVERGED,PASSED,0.977003216787854,33,1.04999094942262,13,1.08132815918036e-14,1.22790666523542e-13,23,25,0.194
ATT_T007_001132_1,CALL_T007_001132,1,ANCHOR_SEARCH,2010-12-21 12:00:00,E0050,CAL_005202,1,1847.55638631713,-965.116673590709,FLAT_START,CONVERGED_FEASIBLE,CONVERGED,PASSED,0.97699209186175,33,1.0499704636917,13,1.07939418255776e-14,1.22568621918617e-13,23,25,0.1954
ATT_T007_001133_1,CALL_T007_001133,1,ANCHOR_SEARCH,2010-12-21 12:00:00,E0050,CAL_005202,2,1846.61319405151,-965.448921013691,FLAT_START,CONVERGED_FEASIBLE,CONVERGED,PASSED,0.976969840640648,33,1.04992948952491,13,1.07746075637466e-14,1.21902488103842e-13,23,25,0.2222
ATT_T007_001134_1,CALL_T007_001134,1,ANCHOR_SEARCH,2010-12-21 12:00:00,E0050,CAL_005202,4,1844.72680952028,-966.113415859653,FLAT_START,CONVERGED_FEASIBLE,CONVERGED,PASSED,0.976925332721513,33,1.04984753036867,13,1.07295158592546e-14,1.21902488103842e-13,23,25,0.2032
ATT_T007_001135_1,CALL_T007_001135,1,ANCHOR_SEARCH,2010-12-21 12:00:00,E0050,CAL_005202,3,1845.6700017859,-965.781168436672,FLAT_START,CONVERGED_FEASIBLE,CONVERGED,PASSED,0.976947587594031,33,1.04988851175084,13,1.06812456397926e-14,1.21902488103842e-13,23,25,0.1955
ATT_T007_001136_1,CALL_T007_001136,1,ANCHOR_SEARCH,2010-12-21 12:00:00,E0050,CAL_005202,3.5,1845.19840565309,-965.947292148163,FLAT_START,CONVERGED_FEASIBLE,CONVERGED,PASSED,0.976936460386034,33,1.04986802151082,13,1.06617747530061e-14,1.21458398893992e-13,23,25,0.1934
ATT_T007_001137_1,CALL_T007_001137,1,ANCHOR_SEARCH,2010-12-21 12:00:00,E0050,CAL_005202,3.75,1844.96260758668,-966.030354003908,FLAT_START,CONVERGED_FEASIBLE,CONVERGED,PASSED,0.976930896610842,33,1.04985777605252,13,1.06617747530061e-14,1.21902488103842e-13,23,25,0.1968
ATT_T007_001138_1,CALL_T007_001138,1,EDGE_CANDIDATE_SCREEN,2010-12-21 12:00:00,E0050,CAL_005198,4,1890.33355037846,-1095.58296855478,FLAT_START,CONVERGED_FEASIBLE,CONVERGED,PASSED,0.973113610848082,33,1.04983817188728,13,1.25940064159519e-14,1.4432899320127e-13,23,25,0.2283
ATT_T007_001139_1,CALL_T007_001139,1,EDGE_CANDIDATE_SCREEN,2010-12-21 12:00:00,E0050,CAL_005199,4,1878.62672100294,-1062.34932953112,FLAT_START,CONVERGED_FEASIBLE,CONVERGED,PASSED,0.974096316591832,33,1.04984257005405,13,1.20735238527853e-14,1.37889699658444e-13,23,25,0.2141
ATT_T007_001140_1,CALL_T007_001140,1,EDGE_CANDIDATE_SCREEN,2010-12-21 12:00:00,E0050,CAL_005200,4,1867.12807595861,-1029.70668937583,FLAT_START,CONVERGED_FEASIBLE,CONVERGED,PASSED,0.975058661369982,33,1.04984554333901,13,1.15660517547338e-14,1.31894495325469e-13,23,25,0.1987
ATT_T007_001141_1,CALL_T007_001141,1,EDGE_CANDIDATE_SCREEN,2010-12-21 12:00:00,E0050,CAL_005201,4,1855.83040540187,-997.634580605171,FLAT_START,CONVERGED_FEASIBLE,CONVERGED,PASSED,0.976001420784619,33,1.04984717185294,13,1.10975455044702e-14,1.26787469412193e-13,23,25,0.1896
ATT_T007_001142_1,CALL_T007_001142,1,EDGE_CANDIDATE_SCREEN,2010-12-21 12:00:00,E0050,CAL_005203,4,1833.81068167316,-935.124440043029,FLAT_START,CONVERGED_FEASIBLE,CONVERGED,PASSED,0.977831099658557,33,1.04984668871964,13,1.03057409087436e-14,1.17239551400417e-13,23,25,0.2204
ATT_T007_001143_1,CALL_T007_001143,1,EDGE_CANDIDATE_SCREEN,2010-12-21 12:00:00,E0050,CAL_005204,4,1823.07569261292,-904.649685529461,FLAT_START,CONVERGED_FEASIBLE,CONVERGED,PASSED,0.97871939080617,33,1.04984471216463,13,9.9901398100508e-15,1.13242748511766e-13,23,25,0.1968
ATT_T007_001144_1,CALL_T007_001144,1,EDGE_CANDIDATE_SCREEN,2010-12-21 12:00:00,E0050,CAL_005205,4,1812.51577570699,-874.671930211248,FLAT_START,CONVERGED_FEASIBLE,CONVERGED,PASSED,0.979590844093861,33,1.04984166172179,13,9.66341566158321e-15,1.0813572259849e-13,23,25,0.1979
ATT_T007_001145_1,CALL_T007_001145,1,EDGE_CANDIDATE_SCREEN,2010-12-21 12:00:00,E0050,CAL_005206,4,1802.125113087,-845.174658178585,FLAT_START,CONVERGED_FEASIBLE,CONVERGED,PASSED,0.980446068015806,33,1.049837594475,13,9.30242774965106e-15,1.0458300891969e-13,23,25,0.1901
ATT_T007_001146_1,CALL_T007_001146,1,LOCAL_REENTRY_STENCIL,2010-12-21 12:00:00,E0050,CAL_005202,4.25,1844.49101145387,-966.196477715398,FLAT_START,CONVERGED_FEASIBLE,CONVERGED,PASSED,0.976919768718041,33,1.04983728445926,13,1.06423089608676e-14,1.22124532708767e-13,23,25,0.194
ATT_T007_001147_1,CALL_T007_001147,1,LOCAL_REENTRY_STENCIL,2010-12-21 12:00:00,E0050,CAL_005202,3.75,1844.96260758668,-966.030354003908,FLAT_START,CONVERGED_FEASIBLE,CONVERGED,PASSED,0.976930896610842,33,1.04985777605252,13,1.06617747530061e-14,1.21902488103842e-13,23,25,0.2192
ATT_T007_001148_1,CALL_T007_001148,1,ANCHOR_SEARCH,2010-12-21 12:00:00,E0051,CAL_005212,0,1748.22567601081,-676.557111594918,FLAT_START,CONVERGED_INFEASIBLE,CONVERGED,PASSED,0.985357115041284,33,1.05000766435356,13,7.72727699594448e-15,2.69118061169138e-13,22,25,0.1965
ATT_T007_001149_1,CALL_T007_001149,1,ANCHOR_SEARCH,2010-12-21 12:00:00,E0051,CAL_005212,0.5,1747.75274837677,-676.71940593544,FLAT_START,CONVERGED_FEASIBLE,CONVERGED,PASSED,0.985346251923859,33,1.04998715196628,13,7.7144056026237e-15,2.69340105774063e-13,22,25,0.1976
ATT_T007_001150_1,CALL_T007_001150,1,ANCHOR_SEARCH,2010-12-21 12:00:00,E0051,CAL_005212,1,1747.27982074274,-676.881700275961,FLAT_START,CONVERGED_FEASIBLE,CONVERGED,PASSED,0.985335388364317,33,1.04996663867293,13,7.77476045912654e-15,2.68007838144513e-13,22,25,0.1907
ATT_T007_001151_1,CALL_T007_001151,1,ANCHOR_SEARCH,2010-12-21 12:00:00,E0051,CAL_005212,2,1746.33396547467,-677.206288957004,FLAT_START,CONVERGED_FEASIBLE,CONVERGED,PASSED,0.985313659918689,33,1.04992560936761,13,7.68224245027722e-15,2.68451927354363e-13,22,25,0.2151
ATT_T007_001152_1,CALL_T007_001152,1,ANCHOR_SEARCH,2010-12-21 12:00:00,E0051,CAL_005212,4,1744.44225493852,-677.855466319091,FLAT_START,CONVERGED_FEASIBLE,CONVERGED,PASSED,0.985270197719954,33,1.04984353987958,13,7.63725126508182e-15,2.65787392095262e-13,22,25,0.2024
ATT_T007_001153_1,CALL_T007_001153,1,ANCHOR_SEARCH,2010-12-21 12:00:00,E0051,CAL_005212,3,1745.3881102066,-677.530877638048,FLAT_START,CONVERGED_FEASIBLE,CONVERGED,PASSED,0.985291929704026,33,1.04988457643678,13,7.74297238725487e-15,2.66675570514963e-13,22,25,0.1959
ATT_T007_001154_1,CALL_T007_001154,1,ANCHOR_SEARCH,2010-12-21 12:00:00,E0051,CAL_005212,3.5,1744.91518257256,-677.693171978569,FLAT_START,CONVERGED_FEASIBLE,CONVERGED,PASSED,0.98528106393319,33,1.04986405861153,13,7.64367589350235e-15,2.66675570514963e-13,22,25,0.1968
ATT_T007_001155_1,CALL_T007_001155,1,ANCHOR_SEARCH,2010-12-21 12:00:00,E0051,CAL_005212,3.75,1744.67871875554,-677.77431914883,FLAT_START,CONVERGED_FEASIBLE,CONVERGED,PASSED,0.985275630881875,33,1.0498537993589,13,7.65010142026374e-15,2.66897615119888e-13,22,25,0.1885
ATT_T007_001156_1,CALL_T007_001156,1,EDGE_CANDIDATE_SCREEN,2010-12-21 12:00:00,E0051,CAL_005208,4,1782.11645237258,-787.63852467728,FLAT_START,CONVERGED_FEASIBLE,CONVERGED,PASSED,0.982110879597553,33,1.04983667323868,13,8.69177549944608e-15,9.81437153768638e-14,23,25,0.2198
ATT_T007_001157_1,CALL_T007_001157,1,EDGE_CANDIDATE_SCREEN,2010-12-21 12:00:00,E0051,CAL_005209,4,1772.49099617217,-759.589831095321,FLAT_START,CONVERGED_FEASIBLE,CONVERGED,PASSED,0.982920938965781,33,1.0498397798905,13,8.4679641167414e-15,9.52571355128384e-14,23,25,0.1948
ATT_T007_001158_1,CALL_T007_001158,1,EDGE_CANDIDATE_SCREEN,2010-12-21 12:00:00,E0051,CAL_005210,4,1763.00643950314,-731.951720419713,FLAT_START,CONVERGED_FEASIBLE,CONVERGED,PASSED,0.983717200636831,33,1.04984193065924,13,8.14523591177622e-15,9.17044218340379e-14,23,25,0.1956
ATT_T007_001159_1,CALL_T007_001159,1,EDGE_CANDIDATE_SCREEN,2010-12-21 12:00:00,E0051,CAL_005211,4,1753.65829764518,-704.711124122215,FLAT_START,CONVERGED_FEASIBLE,CONVERGED,PASSED,0.984500136300566,33,1.04984317003285,13,7.93406613397479e-15,2.74447131687339e-13,22,25,0.1942
ATT_T007_001160_1,CALL_T007_001160,1,EDGE_CANDIDATE_SCREEN,2010-12-21 12:00:00,E0051,CAL_005213,4,1735.35415652652,-651.37263970877,FLAT_START,CONVERGED_FEASIBLE,CONVERGED,PASSED,0.986027817805628,33,1.04984307961875,13,7.45773581284836e-15,2.59348098552437e-13,22,25,0.1901
ATT_T007_001161_1,CALL_T007_001161,1,EDGE_CANDIDATE_SCREEN,2010-12-21 12:00:00,E0051,CAL_005214,4,1726.39000056938,-625.250982882562,FLAT_START,CONVERGED_FEASIBLE,CONVERGED,PASSED,0.986773411621892,33,1.04984182637873,13,7.27260964838169e-15,2.51798581984986e-13,22,25,0.2173
ATT_T007_001162_1,CALL_T007_001162,1,EDGE_CANDIDATE_SCREEN,2010-12-21 12:00:00,E0051,CAL_005215,4,1717.54593089773,-599.479258917224,FLAT_START,CONVERGED_FEASIBLE,CONVERGED,PASSED,0.98750737732926,33,1.04983981514332,13,7.00087629736318e-15,2.44471110022459e-13,22,25,0.1897
ATT_T007_001163_1,CALL_T007_001163,1,EDGE_CANDIDATE_SCREEN,2010-12-21 12:00:00,E0051,CAL_005216,4,1708.81823007726,-574.046635165028,FLAT_START,CONVERGED_FEASIBLE,CONVERGED,PASSED,0.988230097068193,33,1.04983707888729,13,6.84077815666617e-15,2.38475905689484e-13,22,25,0.1901
ATT_T007_001164_1,CALL_T007_001164,1,LOCAL_REENTRY_STENCIL,2010-12-21 12:00:00,E0051,CAL_005212,4.25,1744.20579112151,-677.936613489352,FLAT_START,CONVERGED_FEASIBLE,CONVERGED,PASSED,0.985264764447422,33,1.04983328017357,13,7.64367589350235e-15,2.66453525910038e-13,22,25,0.1888
ATT_T007_001165_1,CALL_T007_001165,1,LOCAL_REENTRY_STENCIL,2010-12-21 12:00:00,E0051,CAL_005212,3.75,1744.67871875554,-677.77431914883,FLAT_START,CONVERGED_FEASIBLE,CONVERGED,PASSED,0.985275630881875,33,1.0498537993589,13,7.65010142026374e-15,2.66897615119888e-13,22,25,0.2099
ATT_T007_001166_1,CALL_T007_001166,1,ANCHOR_SEARCH,2010-12-21 12:00:00,E0052,CAL_005226,0,1633.24359220637,-335.253616491356,FLAT_START,CONVERGED_INFEASIBLE,CONVERGED,PASSED,0.995014939529271,33,1.05002399304784,13,1.53342522028029e-14,1.7519319328585e-13,22,24,0.2071
ATT_T007_001167_1,CALL_T007_001167,1,ANCHOR_SEARCH,2010-12-21 12:00:00,E0052,CAL_005226,0.5,1632.76921455026,-335.411622312094,FLAT_START,CONVERGED_INFEASIBLE,CONVERGED,PASSED,0.995004360967577,33,1.05000344503206,13,1.53087097003558e-14,1.74749104076e-13,22,24,0.1908
ATT_T007_001168_1,CALL_T007_001168,1,ANCHOR_SEARCH,2010-12-21 12:00:00,E0052,CAL_005226,1,1632.29483689416,-335.569628132832,FLAT_START,CONVERGED_FEASIBLE,CONVERGED,PASSED,0.994993781978212,33,1.04998289610423,13,1.52959413408933e-14,1.74527059471075e-13,22,24,0.1881
ATT_T007_001169_1,CALL_T007_001169,1,ANCHOR_SEARCH,2010-12-21 12:00:00,E0052,CAL_005226,2,1631.34608158194,-335.885639774308,FLAT_START,CONVERGED_FEASIBLE,CONVERGED,PASSED,0.994972622716288,33,1.04994179551198,13,1.52512673471324e-14,1.738609256563e-13,22,24,0.2035
ATT_T007_001170_1,CALL_T007_001170,1,ANCHOR_SEARCH,2010-12-21 12:00:00,E0052,CAL_005226,4,1629.44857095752,-336.51766305726,FLAT_START,CONVERGED_FEASIBLE,CONVERGED,PASSED,0.9949302990584,33,1.0498595833782,13,1.51747390880681e-14,1.73194791841524e-13,22,24,0.2162
ATT_T007_001171_1,CALL_T007_001171,1,ANCHOR_SEARCH,2010-12-21 12:00:00,E0052,CAL_005226,8,1625.65354970867,-337.781709623163,FLAT_START,CONVERGED_FEASIBLE,CONVERGED,PASSED,0.994845631196339,33,1.04969511528956,13,1.49474678728748e-14,1.71418435002124e-13,22,24,0.2008
ATT_T007_001172_1,CALL_T007_001172,1,ANCHOR_SEARCH,2010-12-21 12:00:00,E0052,CAL_005226,6,1627.55106033309,-337.149686340211,FLAT_START,CONVERGED_FEASIBLE,CONVERGED,PASSED,0.994887968552716,33,1.04977735663966,13,1.50982821467801e-14,1.71862524211974e-13,22,24,0.1862
ATT_T007_001173_1,CALL_T007_001173,1,ANCHOR_SEARCH,2010-12-21 12:00:00,E0052,CAL_005226,5,1628.49981564531,-336.833674698735,FLAT_START,CONVERGED_FEASIBLE,CONVERGED,PASSED,0.994909134661714,33,1.04981847183495,13,1.51365016351338e-14,1.71862524211974e-13,22,24,0.1958
ATT_T007_001174_1,CALL_T007_001174,1,ANCHOR_SEARCH,2010-12-21 12:00:00,E0052,CAL_005226,4.5,1628.97419330141,-336.675668877998,FLAT_START,CONVERGED_FEASIBLE,CONVERGED,PASSED,0.994919717074073,33,1.04983902806302,13,1.51619912827474e-14,1.72972747236599e-13,22,24,0.194
ATT_T007_001175_1,CALL_T007_001175,1,ANCHOR_SEARCH,2010-12-21 12:00:00,E0052,CAL_005226,4.25,1629.21138212947,-336.596665967629,FLAT_START,CONVERGED_FEASIBLE,CONVERGED,PASSED,0.994925008119738,33,1.04984930583472,13,1.51683649374702e-14,1.72528658026749e-13,22,24,0.2318
ATT_T007_001176_1,CALL_T007_001176,1,EDGE_CANDIDATE_SCREEN,2010-12-21 12:00:00,E0052,CAL_005218,4.25,1691.72071255052,-524.267155013032,FLAT_START,CONVERGED_FEASIBLE,CONVERGED,PASSED,0.989639973195066,33,1.04982900104679,13,6.44796132645458e-15,2.26263452418607e-13,22,25,0.1943
ATT_T007_001177_1,CALL_T007_001177,1,EDGE_CANDIDATE_SCREEN,2010-12-21 12:00:00,E0052,CAL_005219,4.25,1683.58700046957,-499.847476963299,FLAT_START,CONVERGED_FEASIBLE,CONVERGED,PASSED,0.990332392204461,33,1.04983387187493,13,6.29415434796808e-15,2.20712337295481e-13,22,25,49.4483
ATT_T007_001178_1,CALL_T007_001178,1,EDGE_CANDIDATE_SCREEN,2010-12-21 12:00:00,E0052,CAL_005220,4.25,1675.55035664052,-475.719224948417,FLAT_START,CONVERGED_FEASIBLE,CONVERGED,PASSED,0.991015145082854,33,1.04983802511424,13,6.07549595427374e-15,2.15605311382205e-13,22,25,0.1649
ATT_T007_001179_1,CALL_T007_001179,1,EDGE_CANDIDATE_SCREEN,2010-12-21 12:00:00,E0052,CAL_005221,4.25,1667.60785123542,-451.873602805589,FLAT_START,CONVERGED_FEASIBLE,CONVERGED,PASSED,0.991688537069246,33,1.04984148802429,13,6.0266201021988e-15,2.1005419625908e-13,22,25,0.1353
ATT_T007_001180_1,CALL_T007_001180,1,EDGE_CANDIDATE_SCREEN,2010-12-21 12:00:00,E0052,CAL_005222,4.25,1659.75665101555,-428.302104359981,FLAT_START,CONVERGED_FEASIBLE,CONVERGED,PASSED,0.992352862137355,33,1.0498442864316,13,1.65936796446431e-14,1.88959958791202e-13,22,24,0.1283
ATT_T007_001181_1,CALL_T007_001181,1,EDGE_CANDIDATE_SCREEN,2010-12-21 12:00:00,E0052,CAL_005223,4.25,1651.99401501403,-404.996500462519,FLAT_START,CONVERGED_FEASIBLE,CONVERGED,PASSED,0.993008403541164,33,1.0498464448113,13,1.61750960147109e-14,1.85185200507476e-13,22,24,0.1666
ATT_T007_001182_1,CALL_T007_001182,1,EDGE_CANDIDATE_SCREEN,2010-12-21 12:00:00,E0052,CAL_005224,4.25,1644.31729043878,-381.948826689669,FLAT_START,CONVERGED_FEASIBLE,CONVERGED,PASSED,0.993655434329655,33,1.04984798636359,13,1.58489820340908e-14,1.800781745942e-13,22,24,0.1325
ATT_T007_001183_1,CALL_T007_001183,1,EDGE_CANDIDATE_SCREEN,2010-12-21 12:00:00,E0052,CAL_005225,4.25,1636.72390878285,-359.151371665325,FLAT_START,CONVERGED_FEASIBLE,CONVERGED,PASSED,0.994294217832647,33,1.04984893308494,13,1.54684754445624e-14,1.765254609154e-13,22,24,0.13
ATT_T007_001184_1,CALL_T007_001184,1,EDGE_CANDIDATE_SCREEN,2010-12-21 12:00:00,E0052,CAL_005227,4.25,1621.7772996404,-314.277471586064,FLAT_START,CONVERGED_FEASIBLE,CONVERGED,PASSED,0.995548050434039,33,1.04984912439742,13,1.47939968177104e-14,1.69642078162724e-13,22,24,0.1296
ATT_T007_001185_1,CALL_T007_001185,1,EDGE_CANDIDATE_SCREEN,2010-12-21 12:00:00,E0052,CAL_005228,4.25,1614.41932421679,-292.186771896425,FLAT_START,CONVERGED_FEASIBLE,CONVERGED,PASSED,0.996163581602363,33,1.04984840754097,13,1.4526114908785e-14,1.65867319878998e-13,22,24,0.1653
ATT_T007_001186_1,CALL_T007_001186,1,EDGE_CANDIDATE_SCREEN,2010-12-21 12:00:00,E0052,CAL_005229,4.25,1607.13518932252,-270.317762123443,FLAT_START,CONVERGED_FEASIBLE,CONVERGED,PASSED,0.996771830423344,33,1.04984717307121,13,1.41770959295708e-14,1.62536650805123e-13,22,24,0.1293
ATT_T007_001187_1,CALL_T007_001187,1,EDGE_CANDIDATE_SCREEN,2010-12-21 12:00:00,E0052,CAL_005230,4.25,1599.92269596044,-248.663840262781,FLAT_START,CONVERGED_FEASIBLE,CONVERGED,PASSED,0.997373018034904,33,1.0498454378829,13,1.38478975582452e-14,1.59205981731247e-13,22,24,0.128
ATT_T007_001188_1,CALL_T007_001188,1,EDGE_CANDIDATE_SCREEN,2010-12-21 12:00:00,E0052,CAL_005231,4.25,1592.77970979287,-227.218598435974,FLAT_START,CONVERGED_FEASIBLE,CONVERGED,PASSED,0.997967358262344,33,1.04984321800761,13,1.35921366262375e-14,1.57207580286922e-13,22,24,0.1279
ATT_T007_001189_1,CALL_T007_001189,1,EDGE_CANDIDATE_SCREEN,2010-12-21 12:00:00,E0052,CAL_005232,4.25,1585.70415839813,-205.975814653572,FLAT_START,CONVERGED_FEASIBLE,CONVERGED,PASSED,0.998555057948289,33,1.04984052865851,13,1.32757053643038e-14,1.53654866608122e-13,22,24,0.1222
ATT_T007_001190_1,CALL_T007_001190,1,EDGE_CANDIDATE_SCREEN,2010-12-21 12:00:00,E0052,CAL_005233,4.25,1578.69402865518,-184.929444963314,FLAT_START,CONVERGED_FEASIBLE,CONVERGED,PASSED,0.999088196470468,25,1.04983738427236,13,1.30518676070217e-14,1.50546242139171e-13,22,24,0.1253
ATT_T007_001191_1,CALL_T007_001191,1,EDGE_CANDIDATE_SCREEN,2010-12-21 12:00:00,E0052,CAL_005234,4.25,1571.74736424938,-164.073615961631,FLAT_START,CONVERGED_FEASIBLE,CONVERGED,PASSED,0.999141686795916,25,1.04983379854899,13,1.27291394025765e-14,1.48103751484996e-13,22,24,0.1323
ATT_T007_001192_1,CALL_T007_001192,1,EDGE_CANDIDATE_SCREEN,2010-12-21 12:00:00,E0052,CAL_005235,4.25,1564.86226329246,-143.402617648132,FLAT_START,CONVERGED_FEASIBLE,CONVERGED,PASSED,0.999178618854714,22,1.0498297844883,13,1.25243863408765e-14,1.4521717162097e-13,22,24,0.1622
ATT_T007_001193_1,CALL_T007_001193,1,EDGE_CANDIDATE_SCREEN,2010-12-21 12:00:00,E0052,CAL_005236,4.25,1558.03687605039,-122.910896603986,FLAT_START,CONVERGED_FEASIBLE,CONVERGED,PASSED,0.999186840919752,22,1.04982535442495,13,1.23202323076311e-14,1.42330591756945e-13,22,24,0.1308
ATT_T007_001194_1,CALL_T007_001194,1,LOCAL_REENTRY_STENCIL,2010-12-21 12:00:00,E0052,CAL_005226,4.5,1628.97419330141,-336.675668877998,FLAT_START,CONVERGED_FEASIBLE,CONVERGED,PASSED,0.994919717074073,33,1.04983902806302,13,1.51619912827474e-14,1.72972747236599e-13,22,24,0.1324
ATT_T007_001195_1,CALL_T007_001195,1,LOCAL_REENTRY_STENCIL,2010-12-21 12:00:00,E0052,CAL_005226,4,1629.44857095752,-336.51766305726,FLAT_START,CONVERGED_FEASIBLE,CONVERGED,PASSED,0.9949302990584,33,1.0498595833782,13,1.51747390880681e-14,1.73194791841524e-13,22,24,0.1453
ATT_T007_001196_1,CALL_T007_001196,1,COMBINED_REPAIRED_GEOMETRY_FINAL_VERIFICATION,2010-12-21 12:00:00,E0000,CAL_004488,3.75,1551.35794517763,-101.25,FLAT_START,CONVERGED_FEASIBLE,CONVERGED,PASSED,0.999195779261418,22,1.04984115507326,13,1.20289043118162e-14,1.40110145707695e-13,22,24,0.2008
ATT_T007_001197_1,CALL_T007_001197,1,COMBINED_REPAIRED_GEOMETRY_FINAL_VERIFICATION,2010-12-21 12:00:00,E0000,CAL_004489,3.75,1544.81454821351,-81.1480004973989,FLAT_START,CONVERGED_FEASIBLE,CONVERGED,PASSED,0.999203884426203,22,1.04984187430892,13,1.18372893134316e-14,1.37223565843669e-13,22,24,0.1375
ATT_T007_001198_1,CALL_T007_001198,1,COMBINED_REPAIRED_GEOMETRY_FINAL_VERIFICATION,2010-12-21 12:00:00,E0000,CAL_004490,3.75,1538.32302551614,-61.2053641650725,FLAT_START,CONVERGED_FEASIBLE,CONVERGED,PASSED,0.999211908235054,22,1.0498421680407,13,1.16653208209993e-14,1.35891298214119e-13,22,24,0.1477
ATT_T007_001199_1,CALL_T007_001199,1,COMBINED_REPAIRED_GEOMETRY_FINAL_VERIFICATION,2010-12-21 12:00:00,E0000,CAL_004491,3.75,1531.88178549477,-41.4172014698054,FLAT_START,CONVERGED_FEASIBLE,CONVERGED,PASSED,0.999219853113348,22,1.04984204736726,13,1.14055576584681e-14,1.33670852164869e-13,22,24,0.1478
ATT_T007_001200_1,CALL_T007_001200,1,COMBINED_REPAIRED_GEOMETRY_FINAL_VERIFICATION,2010-12-21 12:00:00,E0000,CAL_004492,3.75,1525.48927632267,-21.7787450376866,FLAT_START,CONVERGED_FEASIBLE,CONVERGED,PASSED,0.999227721414949,22,1.04984152284729,13,1.12332291599764e-14,1.31450406115619e-13,22,24,0.1248
ATT_T007_001201_1,CALL_T007_001201,1,COMBINED_REPAIRED_GEOMETRY_FINAL_VERIFICATION,2010-12-21 12:00:00,E0000,CAL_004493,3.75,1519.14398430116,-2.28534462816032,FLAT_START,CONVERGED_FEASIBLE,CONVERGED,PASSED,0.999235515425255,22,1.04984060452391,13,1.0986940396458e-14,1.30340183090993e-13,22,24,0.1232
ATT_T007_001202_1,CALL_T007_001202,1,COMBINED_REPAIRED_GEOMETRY_FINAL_VERIFICATION,2010-12-21 12:00:00,E0001,CAL_004494,4,1518.2277640366,-0.263020453062637,FLAT_START,CONVERGED_FEASIBLE,CONVERGED,PASSED,0.99923619463992,22,1.04983037936279,13,1.0961317791742e-14,1.29674049276218e-13,22,24,0.1272
ATT_T007_001203_1,CALL_T007_001203,1,COMBINED_REPAIRED_GEOMETRY_FINAL_VERIFICATION,2010-12-21 12:00:00,E0001,CAL_004495,4,1512.67973593099,17.055164960186,FLAT_START,CONVERGED_FEASIBLE,CONVERGED,PASSED,0.999243148409733,22,1.04983268983508,13,1.08269716429541e-14,1.28119737041743e-13,22,24,0.1239
ATT_T007_001204_1,CALL_T007_001204,1,COMBINED_REPAIRED_GEOMETRY_FINAL_VERIFICATION,2010-12-21 12:00:00,E0001,CAL_004496,4,1506.52141191778,36.2783907740216,FLAT_START,CONVERGED_FEASIBLE,CONVERGED,PASSED,0.999250852314689,22,1.04983489218243,13,1.05815743208081e-14,1.25677246387568e-13,22,24,0.1214
ATT_T007_001205_1,CALL_T007_001205,1,COMBINED_REPAIRED_GEOMETRY_FINAL_VERIFICATION,2010-12-21 12:00:00,E0001,CAL_004497,4,1500.40456447904,55.372147343426,FLAT_START,CONVERGED_FEASIBLE,CONVERGED,PASSED,0.999258488970563,22,1.04983670334247,13,1.05210313814724e-14,1.24122934153093e-13,22,24,0.1461
ATT_T007_001206_1,CALL_T007_001206,1,COMBINED_REPAIRED_GEOMETRY_FINAL_VERIFICATION,2010-12-21 12:00:00,E0001,CAL_004498,4,1494.32785359506,74.3406175436767,FLAT_START,CONVERGED_FEASIBLE,CONVERGED,PASSED,0.999266060404315,22,1.04983813220112,13,1.02867364461938e-14,1.22346577313692e-13,22,24,0.1243
ATT_T007_001207_1,CALL_T007_001207,1,COMBINED_REPAIRED_GEOMETRY_FINAL_VERIFICATION,2010-12-21 12:00:00,E0001,CAL_004499,4,1488.28996892329,93.187891612765,FLAT_START,CONVERGED_FEASIBLE,CONVERGED,PASSED,0.999273568588563,22,1.04983918721958,13,1.02357505330418e-14,1.19904086659517e-13,22,24,0.1235
ATT_T007_001208_1,CALL_T007_001208,1,COMBINED_REPAIRED_GEOMETRY_FINAL_VERIFICATION,2010-12-21 12:00:00,E0001,CAL_004500,4,1482.28962856689,111.917970995332,FLAT_START,CONVERGED_FEASIBLE,CONVERGED,PASSED,0.999281015443839,22,1.04983987645178,13,1.00124776739556e-14,1.18571819029967e-13,22,24,0.121
ATT_T007_001209_1,CALL_T007_001209,1,COMBINED_REPAIRED_GEOMETRY_FINAL_VERIFICATION,2010-12-21 12:00:00,E0001,CAL_004501,4,1476.32557788997,130.53477204081,FLAT_START,CONVERGED_FEASIBLE,CONVERGED,PASSED,0.99928840284075,22,1.04984020756089,13,9.88539140117776e-15,1.17683640610267e-13,22,24,0.1203
ATT_T007_001210_1,CALL_T007_001210,1,COMBINED_REPAIRED_GEOMETRY_FINAL_VERIFICATION,2010-12-21 12:00:00,E0001,CAL_004502,4,1470.39658837718,149.042129563376,FLAT_START,CONVERGED_FEASIBLE,CONVERGED,PASSED,0.99929573260204,22,1.04984018783484,13,9.66341566158321e-15,1.15241149956091e-13,22,24,0.1217
ATT_T007_001211_1,CALL_T007_001211,1,COMBINED_REPAIRED_GEOMETRY_FINAL_VERIFICATION,2010-12-21 12:00:00,E0001,CAL_004503,4,1464.50145653515,167.443800270934,FLAT_START,CONVERGED_FEASIBLE,CONVERGED,PASSED,0.999303006504567,22,1.04983982420104,13,9.54856346846201e-15,1.14797060746241e-13,22,24,0.1225
ATT_T007_001212_1,CALL_T007_001212,1,COMBINED_REPAIRED_GEOMETRY_FINAL_VERIFICATION,2010-12-21 12:00:00,E0001,CAL_004504,4,1458.63900283382,185.74346606995,FLAT_START,CONVERGED_FEASIBLE,CONVERGED,PASSED,0.999310226281196,22,1.04983912324022,13,9.42124981947648e-15,1.12354570092066e-13,22,24,0.1538
ATT_T007_001213_1,CALL_T007_001213,1,COMBINED_REPAIRED_GEOMETRY_FINAL_VERIFICATION,2010-12-21 12:00:00,E0001,CAL_004505,4,1452.80807068535,203.944737252619,FLAT_START,CONVERGED_FEASIBLE,CONVERGED,PASSED,0.999317393622611,22,1.04983809119956,13,9.21912422146382e-15,1.11022302462516e-13,22,24,0.1261
ATT_T007_001214_1,CALL_T007_001214,1,COMBINED_REPAIRED_GEOMETRY_FINAL_VERIFICATION,2010-12-21 12:00:00,E0001,CAL_004506,4,1447.00752545884,222.051155572516,FLAT_START,CONVERGED_FEASIBLE,CONVERGED,PASSED,0.999324510179058,22,1.04983673400502,13,9.10399804166793e-15,1.10134124042816e-13,22,24,0.1218
ATT_T007_001215_1,CALL_T007_001215,1,COMBINED_REPAIRED_GEOMETRY_FINAL_VERIFICATION,2010-12-21 12:00:00,E0001,CAL_004507,4,1441.23625352885,240.066197214571,FLAT_START,CONVERGED_FEASIBLE,CONVERGED,PASSED,0.999331577562006,22,1.04983505727306,13,8.99550722970333e-15,1.08801856413265e-13,22,24,0.1222
ATT_T007_001216_1,CALL_T007_001216,1,COMBINED_REPAIRED_GEOMETRY_FINAL_VERIFICATION,2010-12-21 12:00:00,E0001,CAL_004508,4,1435.49316135604,257.99327566491,FLAT_START,CONVERGED_FEASIBLE,CONVERGED,PASSED,0.999338597345753,22,1.04983306632161,13,8.88725773139795e-15,1.07025499573865e-13,22,24,0.1222
ATT_T007_001217_1,CALL_T007_001217,1,COMBINED_REPAIRED_GEOMETRY_FINAL_VERIFICATION,2010-12-21 12:00:00,E0002,CAL_004509,4,1429.77883112324,275.836163184534,FLAT_START,CONVERGED_FEASIBLE,CONVERGED,PASSED,0.999345572124376,22,1.04983083655525,13,8.78560427814549e-15,1.06137321154165e-13,22,24,0.1231
ATT_T007_001218_1,CALL_T007_001218,1,COMBINED_REPAIRED_GEOMETRY_FINAL_VERIFICATION,2010-12-21 12:00:00,E0002,CAL_004510,4,1424.21949217408,293.632036971764,FLAT_START,CONVERGED_FEASIBLE,CONVERGED,PASSED,0.999352585415029,22,1.04983380226127,13,8.67784907288414e-15,1.04805053524615e-13,22,24,0.1524
ATT_T007_001219_1,CALL_T007_001219,1,COMBINED_REPAIRED_GEOMETRY_FINAL_VERIFICATION,2010-12-21 12:00:00,E0002,CAL_004511,4,1418.68361932643,311.352793953871,FLAT_START,CONVERGED_FEASIBLE,CONVERGED,PASSED,0.999359556425865,22,1.04983644541027,13,8.4998731365848e-15,1.03916875104915e-13,22,24,0.1509
ATT_T007_001220_1,CALL_T007_001220,1,COMBINED_REPAIRED_GEOMETRY_FINAL_VERIFICATION,2010-12-21 12:00:00,E0002,CAL_004512,4,1413.17022636856,329.001591070748,FLAT_START,CONVERGED_FEASIBLE,CONVERGED,PASSED,0.999366486591557,22,1.04983877105368,13,8.40421230148785e-15,1.02584607475364e-13,22,24,0.1224
ATT_T007_001221_1,CALL_T007_001221,1,COMBINED_REPAIRED_GEOMETRY_FINAL_VERIFICATION,2010-12-21 12:00:00,E0002,CAL_004513,4,1407.6783419038,346.581537838297,FLAT_START,CONVERGED_FEASIBLE,CONVERGED,PASSED,0.999373377317554,22,1.04984078398094,13,8.32146977995424e-15,1.02362562870439e-13,22,24,0.1222
ATT_T007_001222_1,CALL_T007_001222,1,COMBINED_REPAIRED_GEOMETRY_FINAL_VERIFICATION,2010-12-21 12:00:00,E0002,CAL_004514,4,1402.20700862756,364.095698662528,FLAT_START,CONVERGED_FEASIBLE,CONVERGED,PASSED,0.999380229981315,22,1.04984248872757,13,8.23253778911473e-15,1.00808250635964e-13,22,24,0.1215
ATT_T007_001223_1,CALL_T007_001223,1,COMBINED_REPAIRED_GEOMETRY_FINAL_VERIFICATION,2010-12-21 12:00:00,E0002,CAL_004515,4,1396.75528262473,381.547095088685,FLAT_START,CONVERGED_FEASIBLE,CONVERGED,PASSED,0.99938704593351,22,1.04984388958285,13,8.04912889213367e-15,9.9253938401489e-14,22,24,0.1212
ATT_T007_001224_1,CALL_T007_001224,1,COMBINED_REPAIRED_GEOMETRY_FINAL_VERIFICATION,2010-12-21 12:00:00,E0002,CAL_004516,4,1391.322232686,398.938707989713,FLAT_START,CONVERGED_FEASIBLE,CONVERGED,PASSED,0.999393826499166,22,1.04984499059701,13,7.96599828645944e-15,9.83657599817889e-14,22,24,0.1228
ATT_T007_001225_1,CALL_T007_001225,1,COMBINED_REPAIRED_GEOMETRY_FINAL_VERIFICATION,2010-12-21 12:00:00,E0002,CAL_004517,4,1385.9069396421,416.273479697564,FLAT_START,CONVERGED_FEASIBLE,CONVERGED,PASSED,0.999400572978789,22,1.04984579558803,13,7.88940031161711e-15,9.81437153768638e-14,22,24,0.1229
ATT_T007_001226_1,CALL_T007_001226,1,COMBINED_REPAIRED_GEOMETRY_FINAL_VERIFICATION,2010-12-21 12:00:00,E0002,CAL_004518,4,1380.50849571475,433.554316080693,FLAT_START,CONVERGED_FEASIBLE,CONVERGED,PASSED,0.999407286649432,22,1.04984630814806,13,7.8065732825763e-15,9.68114477473137e-14,22,24,0.1461
ATT_T007_001227_1,CALL_T007_001227,1,COMBINED_REPAIRED_GEOMETRY_FINAL_VERIFICATION,2010-12-21 12:00:00,E0002,CAL_004519,4,1375.12600388346,450.784088570987,FLAT_START,CONVERGED_FEASIBLE,CONVERGED,PASSED,0.999413968765738,22,1.04984653164936,13,7.72391155202817e-15,9.61453139325386e-14,22,24,0.1234
ATT_T007_001228_1,CALL_T007_001228,1,COMBINED_REPAIRED_GEOMETRY_FINAL_VERIFICATION,2010-12-21 12:00:00,E0002,CAL_004520,4,1369.75857726721,467.965636143224,FLAT_START,CONVERGED_FEASIBLE,CONVERGED,PASSED,0.999420620560946,22,1.04984646925,13,7.64775976632083e-15,9.43689570931383e-14,22,24,0.123
ATT_T007_001229_1,CALL_T007_001229,1,COMBINED_REPAIRED_GEOMETRY_FINAL_VERIFICATION,2010-12-21 12:00:00,E0002,CAL_004521,4,1364.4053385199,485.101767250059,FLAT_START,CONVERGED_FEASIBLE,CONVERGED,PASSED,0.999427243247868,22,1.04984612389912,13,7.57808544961975e-15,9.39248678832882e-14,22,24,0.121
ATT_T007_001230_1,CALL_T007_001230,1,COMBINED_REPAIRED_GEOMETRY_FINAL_VERIFICATION,2010-12-21 12:00:00,E0002,CAL_004522,4,1359.06541923892,502.195261715421,FLAT_START,CONVERGED_FEASIBLE,CONVERGED,PASSED,0.999433838019825,22,1.04984549834186,13,7.41936505495751e-15,9.28146448586631e-14,22,24,0.1217
ATT_T007_001231_1,CALL_T007_001231,1,COMBINED_REPAIRED_GEOMETRY_FINAL_VERIFICATION,2010-12-21 12:00:00,E0002,CAL_004523,4,1353.73795938573,519.24887258911,FLAT_START,CONVERGED_FEASIBLE,CONVERGED,PASSED,0.999440406051573,22,1.049844595124,13,7.34911091285433e-15,9.2370555648813e-14,22,24,0.1238
ATT_T007_001232_1,CALL_T007_001232,1,COMBINED_REPAIRED_GEOMETRY_FINAL_VERIFICATION,2010-12-21 12:00:00,E0002,CAL_004524,4,1348.42210671784,536.265327965292,FLAT_START,CONVERGED_FEASIBLE,CONVERGED,PASSED,0.999446948500182,22,1.04984341659626,13,7.27260964838169e-15,9.1926466438963e-14,22,24,0.1306
ATT_T007_001233_1,CALL_T007_001233,1,COMBINED_REPAIRED_GEOMETRY_FINAL_VERIFICATION,2010-12-21 12:00:00,E0002,CAL_004525,4,1343.11701623111,553.247332767505,FLAT_START,CONVERGED_FEASIBLE,CONVERGED,PASSED,0.999453466505904,22,1.0498419649183,13,7.21533201127617e-15,9.08162434143378e-14,22,24,0.1483
ATT_T007_001234_1,CALL_T007_001234,1,COMBINED_REPAIRED_GEOMETRY_FINAL_VERIFICATION,2010-12-21 12:00:00,E0002,CAL_004526,4,1337.82184961185,570.197570502705,FLAT_START,CONVERGED_FEASIBLE,CONVERGED,PASSED,0.99945996119301,22,1.04984024206242,13,7.0650923613849e-15,9.12603326241879e-14,22,24,0.1242
ATT_T007_001235_1,CALL_T007_001235,1,COMBINED_REPAIRED_GEOMETRY_FINAL_VERIFICATION,2010-12-21 12:00:00,E0002,CAL_004527,4,1332.53577469774,587.118704986822,FLAT_START,CONVERGED_FEASIBLE,CONVERGED,PASSED,0.999466433670607,22,1.04983824981702,13,7.00087629736318e-15,8.99280649946377e-14,22,24,0.1224
ATT_T007_001236_1,CALL_T007_001236,1,COMBINED_REPAIRED_GEOMETRY_FINAL_VERIFICATION,2010-12-21 12:00:00,E0002,CAL_004528,4,1327.25796494692,604.01338204422,FLAT_START,CONVERGED_FEASIBLE,CONVERGED,PASSED,0.999472885033429,22,1.0498359897897,13,6.94316694685991e-15,8.90398865749376e-14,22,24,0.1241
ATT_T007_001237_1,CALL_T007_001237,1,COMBINED_REPAIRED_GEOMETRY_FINAL_VERIFICATION,2010-12-21 12:00:00,E0003,CAL_004529,4,1321.98296577838,620.881813904226,FLAT_START,CONVERGED_FEASIBLE,CONVERGED,PASSED,0.999479312757123,22,1.0498332508716,13,6.87274585535594e-15,8.81517081552374e-14,22,24,0.1244
ATT_T007_001238_1,CALL_T007_001238,1,COMBINED_REPAIRED_GEOMETRY_FINAL_VERIFICATION,2010-12-21 12:00:00,E0003,CAL_004530,4,1316.83025432228,637.790889290465,FLAT_START,CONVERGED_FEASIBLE,CONVERGED,PASSED,0.999485812298085,22,1.0498355712597,13,6.82799853125095e-15,8.79296635503124e-14,22,24,0.1287
ATT_T007_001239_1,CALL_T007_001239,1,COMBINED_REPAIRED_GEOMETRY_FINAL_VERIFICATION,2010-12-21 12:00:00,E0003,CAL_004531,4,1311.68240590307,654.684006193831,FLAT_START,CONVERGED_FEASIBLE,CONVERGED,PASSED,0.999492294802099,22,1.0498376227171,13,6.76416532196092e-15,8.63753513158372e-14,22,24,0.1559
ATT_T007_001240_1,CALL_T007_001240,1,COMBINED_REPAIRED_GEOMETRY_FINAL_VERIFICATION,2010-12-21 12:00:00,E0003,CAL_004532,4,1306.53863058668,671.563756852443,FLAT_START,CONVERGED_FEASIBLE,CONVERGED,PASSED,0.999498761320022,22,1.04983940682393,13,6.71317813696772e-15,8.72635297355373e-14,22,24,0.1275
ATT_T007_001241_1,CALL_T007_001241,1,COMBINED_REPAIRED_GEOMETRY_FINAL_VERIFICATION,2010-12-21 12:00:00,E0003,CAL_004533,4,1301.39814092904,688.432725333165,FLAT_START,CONVERGED_FEASIBLE,CONVERGED,PASSED,0.999505212892621,22,1.04984092498998,13,6.66862361631901e-15,8.65973959207622e-14,22,24,0.1216
ATT_T007_001242_1,CALL_T007_001242,1,COMBINED_REPAIRED_GEOMETRY_FINAL_VERIFICATION,2010-12-21 12:00:00,E0003,CAL_004534,4,1296.26015149218,705.293489119687,FLAT_START,CONVERGED_FEASIBLE,CONVERGED,PASSED,0.999511650551265,22,1.0498421784566,13,6.52509911545852e-15,8.57092175010621e-14,22,24,0.1227
ATT_T007_001243_1,CALL_T007_001243,1,COMBINED_REPAIRED_GEOMETRY_FINAL_VERIFICATION,2010-12-21 12:00:00,E0003,CAL_004535,4,1291.1238783634,722.148620690463,FLAT_START,CONVERGED_FEASIBLE,CONVERGED,PASSED,0.999518075318597,22,1.04984316829851,13,6.56699866476061e-15,8.5043083686287e-14,22,24,0.1238
ATT_T007_001244_1,CALL_T007_001244,1,COMBINED_REPAIRED_GEOMETRY_FINAL_VERIFICATION,2010-12-21 12:00:00,E0003,CAL_004536,4,1285.98853867637,739.00068909015,FLAT_START,CONVERGED_FEASIBLE,CONVERGED,PASSED,0.999524488209199,22,1.04984389542523,13,6.51630118933438e-15,8.43769498715119e-14,22,24,0.122
ATT_T007_001245_1,CALL_T007_001245,1,COMBINED_REPAIRED_GEOMETRY_FINAL_VERIFICATION,2010-12-21 12:00:00,E0003,CAL_004537,4,1280.85335013361,755.852261496605,FLAT_START,CONVERGED_FEASIBLE,CONVERGED,PASSED,0.999530890230243,22,1.0498443605824,13,6.47200569896872e-15,8.43769498715119e-14,22,24,0.1218
ATT_T007_001246_1,CALL_T007_001246,1,COMBINED_REPAIRED_GEOMETRY_FINAL_VERIFICATION,2010-12-21 12:00:00,E0003,CAL_004538,4,1275.71753052976,772.705904785456,FLAT_START,CONVERGED_FEASIBLE,CONVERGED,PASSED,0.999537282382134,22,1.04984456435281,13,6.33894828200665e-15,8.45989944764369e-14,22,24,0.1211
ATT_T007_001247_1,CALL_T007_001247,1,COMBINED_REPAIRED_GEOMETRY_FINAL_VERIFICATION,2010-12-21 12:00:00,E0003,CAL_004539,4,1270.58029727491,789.564187094287,FLAT_START,CONVERGED_FEASIBLE,CONVERGED,PASSED,0.999543665659147,22,1.04984450715726,13,6.29415434796808e-15,8.41549052665869e-14,22,24,0.1275
ATT_T007_001248_1,CALL_T007_001248,1,COMBINED_REPAIRED_GEOMETRY_FINAL_VERIFICATION,2010-12-21 12:00:00,E0003,CAL_004540,4,1265.44086691743,806.429679388454,FLAT_START,CONVERGED_FEASIBLE,CONVERGED,PASSED,0.999550041050046,22,1.04984418925519,13,6.249416862276e-15,8.32667268468867e-14,22,24,0.1238
ATT_T007_001249_1,CALL_T007_001249,1,COMBINED_REPAIRED_GEOMETRY_FINAL_VERIFICATION,2010-12-21 12:00:00,E0003,CAL_004541,4,1260.29845466571,823.304957030571,FLAT_START,CONVERGED_FEASIBLE,CONVERGED,PASSED,0.999556409538707,22,1.04984361074508,13,6.30174207894418e-15,8.30446822419617e-14,22,24,0.1222
ATT_T007_001250_1,CALL_T007_001250,1,COMBINED_REPAIRED_GEOMETRY_FINAL_VERIFICATION,2010-12-21 12:00:00,E0003,CAL_004542,4,1255.15227390816,840.19260135569,FLAT_START,CONVERGED_FEASIBLE,CONVERGED,PASSED,0.999562772104729,22,1.04984277156469,13,6.17285889292483e-15,8.30446822419617e-14,22,24,0.1532
ATT_T007_001251_1,CALL_T007_001251,1,COMBINED_REPAIRED_GEOMETRY_FINAL_VERIFICATION,2010-12-21 12:00:00,E0003,CAL_004543,4,1250.00153573084,857.095201254235,FLAT_START,CONVERGED_FEASIBLE,CONVERGED,PASSED,0.999569129724037,22,1.04984167149098,13,6.12828087709315e-15,8.23785484271866e-14,22,24,0.1254
ATT_T007_001252_1,CALL_T007_001252,1,COMBINED_REPAIRED_GEOMETRY_FINAL_VERIFICATION,2010-12-21 12:00:00,E0003,CAL_004544,4,1244.84544843209,874.015354764761,FLAT_START,CONVERGED_FEASIBLE,CONVERGED,PASSED,0.999575483369488,22,1.04984031013997,13,6.01740943358768e-15,8.23785484271866e-14,22,24,0.1223
ATT_T007_001253_1,CALL_T007_001253,1,COMBINED_REPAIRED_GEOMETRY_FINAL_VERIFICATION,2010-12-21 12:00:00,E0003,CAL_004545,4,1239.68321703353,890.955670678617,FLAT_START,CONVERGED_FEASIBLE,CONVERGED,PASSED,0.999581834011463,22,1.04983868696624,13,6.0520044533504e-15,8.14903700074865e-14,22,24,0.1585
ATT_T007_001254_1,CALL_T007_001254,1,COMBINED_REPAIRED_GEOMETRY_FINAL_VERIFICATION,2010-12-21 12:00:00,E0003,CAL_004546,4,1234.51404278686,907.918770158634,FLAT_START,CONVERGED_FEASIBLE,CONVERGED,PASSED,0.999588182618464,22,1.04983680126234,13,6.02027728478374e-15,8.12683254025615e-14,22,24,0.1276
ATT_T007_001255_1,CALL_T007_001255,1,COMBINED_REPAIRED_GEOMETRY_FINAL_VERIFICATION,2010-12-21 12:00:00,E0003,CAL_004547,4,1229.33712267556,924.90728837399,FLAT_START,CONVERGED_FEASIBLE,CONVERGED,PASSED,0.999594530157703,22,1.04983465215788,13,5.98858302776405e-15,8.14903700074865e-14,22,24,0.1215
ATT_T007_001256_1,CALL_T007_001256,1,COMBINED_REPAIRED_GEOMETRY_FINAL_VERIFICATION,2010-12-21 12:00:00,E0003,CAL_004548,4,1224.1516489112,941.923876153431,FLAT_START,CONVERGED_FEASIBLE,CONVERGED,PASSED,0.999600877595694,22,1.04983223861849,13,5.96325167112423e-15,8.08242361927114e-14,22,24,0.1217
ATT_T007_001257_1,CALL_T007_001257,1,COMBINED_REPAIRED_GEOMETRY_FINAL_VERIFICATION,2010-12-21 12:00:00,E0004,CAL_004549,4,1218.94639403155,958.962582620397,FLAT_START,CONVERGED_FEASIBLE,CONVERGED,PASSED,0.999607216191314,22,1.04982904324191,13,5.93161798586872e-15,8.10462807976364e-14,22,24,0.1257
ATT_T007_001258_1,CALL_T007_001258,1,COMBINED_REPAIRED_GEOMETRY_FINAL_VERIFICATION,2010-12-21 12:00:00,E0004,CAL_004550,4,1213.85133121776,976.136008406149,FLAT_START,CONVERGED_FEASIBLE,CONVERGED,PASSED,0.999613669649642,22,1.04983156727418,13,5.81802565126873e-15,8.12683254025615e-14,22,24,0.13
ATT_T007_001259_1,CALL_T007_001259,1,COMBINED_REPAIRED_GEOMETRY_FINAL_VERIFICATION,2010-12-21 12:00:00,E0004,CAL_004551,4,1208.74460944136,993.348731907487,FLAT_START,CONVERGED_FEASIBLE,CONVERGED,PASSED,0.999620127127124,22,1.04983383434322,13,5.86845439973792e-15,8.08242361927114e-14,22,24,0.1307
ATT_T007_001260_1,CALL_T007_001260,1,COMBINED_REPAIRED_GEOMETRY_FINAL_VERIFICATION,2010-12-21 12:00:00,E0004,CAL_004552,4,1203.62540806567,1010.60351916347,FLAT_START,CONVERGED_FEASIBLE,CONVERGED,PASSED,0.999626589611947,22,1.04983584349854,13,5.76035193532941e-15,8.12683254025615e-14,22,24,0.1673
ATT_T007_001261_1,CALL_T007_001261,1,COMBINED_REPAIRED_GEOMETRY_FINAL_VERIFICATION,2010-12-21 12:00:00,E0004,CAL_004553,4,1198.49289862667,1027.90316259613,FLAT_START,CONVERGED_FEASIBLE,CONVERGED,PASSED,0.999633058095306,22,1.04983759362341,13,5.73475128696536e-15,8.12683254025615e-14,22,24,0.1231
ATT_T007_001262_1,CALL_T007_001262,1,COMBINED_REPAIRED_GEOMETRY_FINAL_VERIFICATION,2010-12-21 12:00:00,E0004,CAL_004554,4,1193.34624428202,1045.25048286736,FLAT_START,CONVERGED_FEASIBLE,CONVERGED,PASSED,0.999639533572018,22,1.04983908343282,13,5.71556400234875e-15,8.10462807976364e-14,22,24,0.121
ATT_T007_001263_1,CALL_T007_001263,1,COMBINED_REPAIRED_GEOMETRY_FINAL_VERIFICATION,2010-12-21 12:00:00,E0004,CAL_004555,4,1188.18459924889,1062.64833077398,FLAT_START,CONVERGED_FEASIBLE,CONVERGED,PASSED,0.999646017041129,22,1.0498403114712,13,5.6963881604938e-15,8.10462807976364e-14,22,24,0.1223
ATT_T007_001264_1,CALL_T007_001264,1,COMBINED_REPAIRED_GEOMETRY_FINAL_VERIFICATION,2010-12-21 12:00:00,E0004,CAL_004556,4,1183.00710822951,1080.09958918383,FLAT_START,CONVERGED_FEASIBLE,CONVERGED,PASSED,0.999652509506544,22,1.04984127610983,13,5.66445416803243e-15,8.01581023779363e-14,22,24,0.1473
ATT_T007_001265_1,CALL_T007_001265,1,COMBINED_REPAIRED_GEOMETRY_FINAL_VERIFICATION,2010-12-21 12:00:00,E0004,CAL_004557,4,1177.81290582378,1097.6071750157,FLAT_START,CONVERGED_FEASIBLE,CONVERGED,PASSED,0.999659011977643,22,1.04984197554409,13,5.65168968326384e-15,8.17124146124115e-14,22,24,0.1453
ATT_T007_001266_1,CALL_T007_001266,1,COMBINED_REPAIRED_GEOMETRY_FINAL_VERIFICATION,2010-12-21 12:00:00,E0004,CAL_004558,4,1172.60111592794,1115.1740412661,FLAT_START,CONVERGED_FEASIBLE,CONVERGED,PASSED,0.999665525469921,22,1.04984240779043,13,5.63255282983626e-15,8.08242361927114e-14,22,24,0.1572
ATT_T007_001267_1,CALL_T007_001267,1,COMBINED_REPAIRED_GEOMETRY_FINAL_VERIFICATION,2010-12-21 12:00:00,E0004,CAL_004559,4,1167.37085111847,1132.80317908601,FLAT_START,CONVERGED_FEASIBLE,CONVERGED,PASSED,0.999672051005623,22,1.04984257068301,13,5.61342793258781e-15,8.17124146124115e-14,22,24,0.1284
ATT_T007_001268_1,CALL_T007_001268,1,COMBINED_REPAIRED_GEOMETRY_FINAL_VERIFICATION,2010-12-21 12:00:00,E0004,CAL_004560,4,1162.12121202018,1150.49761991069,FLAT_START,CONVERGED_FEASIBLE,CONVERGED,PASSED,0.9996785896144,22,1.04984246187015,13,5.60068470389858e-15,8.12683254025615e-14,22,24,0.1234
ATT_T007_001269_1,CALL_T007_001269,1,COMBINED_REPAIRED_GEOMETRY_FINAL_VERIFICATION,2010-12-21 12:00:00,E0004,CAL_004561,4,1156.85128665754,1168.2604376461,FLAT_START,CONVERGED_FEASIBLE,CONVERGED,PASSED,0.999685142333964,22,1.04984207881046,13,5.58794688025923e-15,8.23785484271866e-14,22,24,0.1226
ATT_T007_001270_1,CALL_T007_001270,1,COMBINED_REPAIRED_GEOMETRY_FINAL_VERIFICATION,2010-12-21 12:00:00,E0004,CAL_004562,4,1151.56014978828,1186.09475091518,FLAT_START,CONVERGED_FEASIBLE,CONVERGED,PASSED,0.999691710210757,22,1.0498414187687,13,5.56885036039765e-15,8.19344592173366e-14,22,24,0.1222
ATT_T007_001271_1,CALL_T007_001271,1,COMBINED_REPAIRED_GEOMETRY_FINAL_VERIFICATION,2010-12-21 12:00:00,E0004,CAL_004563,4,1146.24686221799,1204.00372536782,FLAT_START,CONVERGED_FEASIBLE,CONVERGED,PASSED,0.999698294300636,22,1.04984047881128,13,5.54976621173164e-15,8.21565038222616e-14,22,24,0.1222
ATT_T007_001272_1,CALL_T007_001272,1,COMBINED_REPAIRED_GEOMETRY_FINAL_VERIFICATION,2010-12-21 12:00:00,E0004,CAL_004564,4,1140.91047009491,1221.99057605817,FLAT_START,CONVERGED_FEASIBLE,CONVERGED,PASSED,0.999704895669566,22,1.04983925580153,13,5.53705038201288e-15,8.23785484271866e-14,22,24,0.122
ATT_T007_001273_1,CALL_T007_001273,1,COMBINED_REPAIRED_GEOMETRY_FINAL_VERIFICATION,2010-12-21 12:00:00,E0004,CAL_004565,4,1135.55000418336,1240.0585698933,FLAT_START,CONVERGED_FEASIBLE,CONVERGED,PASSED,0.999711515394326,22,1.04983774639457,13,5.5306945623249e-15,8.23785484271866e-14,22,24,0.1413
ATT_T007_001274_1,CALL_T007_001274,1,COMBINED_REPAIRED_GEOMETRY_FINAL_VERIFICATION,2010-12-21 12:00:00,E0004,CAL_004566,4,1130.16447911493,1258.21102815737,FLAT_START,CONVERGED_FEASIBLE,CONVERGED,PASSED,0.999718154563232,22,1.04983594703192,13,5.5179871374247e-15,8.34887714518118e-14,22,24,0.1222
ATT_T007_001275_1,CALL_T007_001275,1,COMBINED_REPAIRED_GEOMETRY_FINAL_VERIFICATION,2010-12-21 12:00:00,E0004,CAL_004567,4,1124.75289261589,1276.45132911562,FLAT_START,CONVERGED_FEASIBLE,CONVERGED,PASSED,0.999724814276873,22,1.04983385393563,13,5.51163554192922e-15,8.32667268468867e-14,22,24,0.1228
ATT_T007_001276_1,CALL_T007_001276,1,COMBINED_REPAIRED_GEOMETRY_FINAL_VERIFICATION,2010-12-21 12:00:00,E0004,CAL_004568,4,1119.3142247096,1294.78291070267,FLAT_START,CONVERGED_FEASIBLE,CONVERGED,PASSED,0.999731495648868,22,1.04983146310219,13,5.55111512312578e-15,8.43769498715119e-14,22,24,0.1204
ATT_T007_001277_1,CALL_T007_001277,1,COMBINED_REPAIRED_GEOMETRY_FINAL_VERIFICATION,2010-12-21 12:00:00,E0005,CAL_004569,4,1113.8319969406,1313.19070188173,FLAT_START,CONVERGED_FEASIBLE,CONVERGED,PASSED,0.999738182607458,22,1.04982793777455,13,5.57051446566794e-15,8.41549052665869e-14,22,24,0.1237
ATT_T007_001278_1,CALL_T007_001278,1,COMBINED_REPAIRED_GEOMETRY_FINAL_VERIFICATION,2010-12-21 12:00:00,E0005,CAL_004570,4,1108.43720275403,1331.88329195545,FLAT_START,CONVERGED_FEASIBLE,CONVERGED,PASSED,0.9997450469229,22,1.04983093189136,13,5.75794416677116e-15,8.43769498715119e-14,22,24,0.1244
ATT_T007_001279_1,CALL_T007_001279,1,COMBINED_REPAIRED_GEOMETRY_FINAL_VERIFICATION,2010-12-21 12:00:00,E0005,CAL_004571,4,1103.01168191003,1350.68234777964,FLAT_START,CONVERGED_FEASIBLE,CONVERGED,PASSED,0.99975193816469,22,1.04983364588842,13,5.83315568573676e-15,8.59312621059871e-14,22,24,0.1206
ATT_T007_001280_1,CALL_T007_001280,1,COMBINED_REPAIRED_GEOMETRY_FINAL_VERIFICATION,2010-12-21 12:00:00,E0005,CAL_004572,4,1097.55433759391,1369.59166974159,FLAT_START,CONVERGED_FEASIBLE,CONVERGED,PASSED,0.999758857546689,22,1.04983607581265,13,5.91473856174601e-15,8.61533067109121e-14,22,24,0.1458
ATT_T007_001281_1,CALL_T007_001281,1,COMBINED_REPAIRED_GEOMETRY_FINAL_VERIFICATION,2010-12-21 12:00:00,E0005,CAL_004573,4,1092.06405033364,1388.61513673478,FLAT_START,CONVERGED_FEASIBLE,CONVERGED,PASSED,0.99976580630122,22,1.04983821746628,13,6.10964781334653e-15,8.63753513158372e-14,22,24,0.124
ATT_T007_001282_1,CALL_T007_001282,1,COMBINED_REPAIRED_GEOMETRY_FINAL_VERIFICATION,2010-12-21 12:00:00,E0005,CAL_004574,4,1086.53967700291,1407.75670961305,FLAT_START,CONVERGED_FEASIBLE,CONVERGED,PASSED,0.999772785679997,22,1.04984006639871,13,6.19947747253359e-15,8.72635297355373e-14,22,24,0.1231
ATT_T007_001283_1,CALL_T007_001283,1,COMBINED_REPAIRED_GEOMETRY_FINAL_VERIFICATION,2010-12-21 12:00:00,E0005,CAL_004575,4,1080.98004978689,1427.02043477433,FLAT_START,CONVERGED_FEASIBLE,CONVERGED,PASSED,0.999779796955075,22,1.0498416178979,13,6.28974659057478e-15,8.81517081552374e-14,22,24,0.1209
ATT_T007_001284_1,CALL_T007_001284,1,COMBINED_REPAIRED_GEOMETRY_FINAL_VERIFICATION,2010-12-21 12:00:00,E0005,CAL_004576,4,1075.38397510795,1446.41044788285,FLAT_START,CONVERGED_FEASIBLE,CONVERGED,PASSED,0.999786841419835,22,1.04984286698131,13,6.5004521367279e-15,8.83737527601625e-14,22,24,0.1209
ATT_T007_001285_1,CALL_T007_001285,1,COMBINED_REPAIRED_GEOMETRY_FINAL_VERIFICATION,2010-12-21 12:00:00,E0005,CAL_004577,4,1069.75023250925,1465.93097773746,FLAT_START,CONVERGED_FEASIBLE,CONVERGED,PASSED,0.99979392039,22,1.04984380838616,13,6.59903402937039e-15,8.97060203897126e-14,22,24,0.1204
ATT_T007_001286_1,CALL_T007_001286,1,COMBINED_REPAIRED_GEOMETRY_FINAL_VERIFICATION,2010-12-21 12:00:00,E0005,CAL_004578,4,1064.0775734938,1485.58635029416,FLAT_START,CONVERGED_FEASIBLE,CONVERGED,PASSED,0.999801035204677,22,1.04984443655922,13,6.71317813696772e-15,9.08162434143378e-14,22,24,0.1234
ATT_T007_001287_1,CALL_T007_001287,1,COMBINED_REPAIRED_GEOMETRY_FINAL_VERIFICATION,2010-12-21 12:00:00,E0005,CAL_004579,4,1058.36472031664,1505.38099285123,FLAT_START,CONVERGED_FEASIBLE,CONVERGED,PASSED,0.999808187227444,22,1.04984474564594,13,6.82795974739383e-15,9.17044218340379e-14,22,24,0.1721
ATT_T007_001288_1,CALL_T007_001288,1,COMBINED_REPAIRED_GEOMETRY_FINAL_VERIFICATION,2010-12-21 12:00:00,E0005,CAL_004580,4,1052.61036472736,1525.31943840613,FLAT_START,CONVERGED_FEASIBLE,CONVERGED,PASSED,0.999815377847466,22,1.04984472947898,13,7.05854697778294e-15,9.30366894635881e-14,22,24,0.124
ATT_T007_001289_1,CALL_T007_001289,1,COMBINED_REPAIRED_GEOMETRY_FINAL_VERIFICATION,2010-12-21 12:00:00,E0005,CAL_004581,4,1046.81316666045,1545.40633019353,FLAT_START,CONVERGED_FEASIBLE,CONVERGED,PASSED,0.999822608480652,22,1.049844381566,13,7.18483513084175e-15,9.32587340685131e-14,22,24,0.1234
ATT_T007_001290_1,CALL_T007_001290,1,COMBINED_REPAIRED_GEOMETRY_FINAL_VERIFICATION,2010-12-21 12:00:00,E0005,CAL_004582,4,1040.97175287034,1565.64642641468,FLAT_START,CONVERGED_FEASIBLE,CONVERGED,PASSED,0.999829880570854,22,1.04984369507678,13,7.31791160473042e-15,9.45910016980633e-14,22,24,0.1221
ATT_T007_001291_1,CALL_T007_001291,1,COMBINED_REPAIRED_GEOMETRY_FINAL_VERIFICATION,2010-12-21 12:00:00,E0005,CAL_004583,4,1035.08471550821,1586.04460516874,FLAT_START,CONVERGED_FEASIBLE,CONVERGED,PASSED,0.999837195591103,22,1.04984266282959,13,7.56914142734915e-15,9.59232693276135e-14,22,24,0.1219
ATT_T007_001292_1,CALL_T007_001292,1,COMBINED_REPAIRED_GEOMETRY_FINAL_VERIFICATION,2010-12-21 12:00:00,E0005,CAL_004584,4,1029.1506106372,1606.60586959739,FLAT_START,CONVERGED_FEASIBLE,CONVERGED,PASSED,0.999844555044904,22,1.04984127727671,13,7.71090965861675e-15,9.72555369571637e-14,22,24,0.1226
ATT_T007_001293_1,CALL_T007_001293,1,COMBINED_REPAIRED_GEOMETRY_FINAL_VERIFICATION,2010-12-21 12:00:00,E0005,CAL_004585,4,1023.16795668263,1627.33535325484,FLAT_START,CONVERGED_FEASIBLE,CONVERGED,PASSED,0.99985196046756,22,1.04983953048914,13,7.86872098440108e-15,1.00586206031039e-13,22,24,0.1206
ATT_T007_001294_1,CALL_T007_001294,1,COMBINED_REPAIRED_GEOMETRY_FINAL_VERIFICATION,2010-12-21 12:00:00,E0005,CAL_004586,4,1017.13523281346,1648.23832571579,FLAT_START,CONVERGED_FEASIBLE,CONVERGED,PASSED,0.999859413427565,22,1.04983741414038,13,8.13425729613035e-15,1.02584607475364e-13,22,24,0.1434
ATT_T007_001295_1,CALL_T007_001295,1,COMBINED_REPAIRED_GEOMETRY_FINAL_VERIFICATION,2010-12-21 12:00:00,E0005,CAL_004587,4,1011.05087725119,1669.32019843513,FLAT_START,CONVERGED_FEASIBLE,CONVERGED,PASSED,0.999866915528034,22,1.04983491948927,13,8.31010694413127e-15,1.06137321154165e-13,22,24,0.1239
ATT_T007_001296_1,CALL_T007_001296,1,COMBINED_REPAIRED_GEOMETRY_FINAL_VERIFICATION,2010-12-21 12:00:00,E0005,CAL_004588,4,1004.91328550195,1690.58653087355,FLAT_START,CONVERGED_FEASIBLE,CONVERGED,PASSED,0.999874468408203,22,1.04983203736181,13,8.5999297295025e-15,1.0991207943789e-13,22,24,0.1238
ATT_T007_001297_1,CALL_T007_001297,1,COMBINED_REPAIRED_GEOMETRY_FINAL_VERIFICATION,2010-12-21 12:00:00,E0006,CAL_004589,5,998.720808507617,1712.04303690377,FLAT_START,CONVERGED_FEASIBLE,CONVERGED,PASSED,0.99988207374498,22,1.04982875813192,13,8.79105074990848e-15,1.13020703906841e-13,22,24,0.1238
ATT_T007_001298_1,CALL_T007_001298,1,COMBINED_REPAIRED_GEOMETRY_FINAL_VERIFICATION,2010-12-21 12:00:00,E0006,CAL_004590,5,998.720808507185,1712.043036904,FLAT_START,CONVERGED_FEASIBLE,CONVERGED,PASSED,0.99988207374498,22,1.04982875813191,13,8.89974279088687e-15,1.12798659301916e-13,22,24,0.1213
ATT_T007_001299_1,CALL_T007_001299,1,COMBINED_REPAIRED_GEOMETRY_FINAL_VERIFICATION,2010-12-21 12:00:00,E0006,CAL_004591,5,984.557007207465,1719.76931297548,FLAT_START,CONVERGED_FEASIBLE,CONVERGED,PASSED,0.999878849194488,22,1.04940000279948,30,8.88178419700125e-15,1.11466391672366e-13,22,24,0.1208
ATT_T007_001300_1,CALL_T007_001300,1,COMBINED_REPAIRED_GEOMETRY_FINAL_VERIFICATION,2010-12-21 12:00:00,E0006,CAL_004592,5,970.47647324287,1727.45016717149,FLAT_START,CONVERGED_FEASIBLE,CONVERGED,PASSED,0.999875633913127,22,1.04945172212384,30,8.65440311711273e-15,1.12576614696991e-13,22,24,0.129
ATT_T007_001301_1,CALL_T007_001301,1,COMBINED_REPAIRED_GEOMETRY_FINAL_VERIFICATION,2010-12-21 12:00:00,E0006,CAL_004593,5,956.476348449569,1735.08715860474,FLAT_START,CONVERGED_FEASIBLE,CONVERGED,PASSED,0.9998724273934,22,1.04950289357444,30,8.69907075312402e-15,1.11910480882216e-13,22,24,0.1465
ATT_T007_001302_1,CALL_T007_001302,1,COMBINED_REPAIRED_GEOMETRY_FINAL_VERIFICATION,2010-12-21 12:00:00,E0006,CAL_004594,5,942.553831574902,1742.68181534322,FLAT_START,CONVERGED_FEASIBLE,CONVERGED,PASSED,0.999869229132783,22,1.04955353117747,30,8.5274686804595e-15,1.11466391672366e-13,22,24,0.1225
ATT_T007_001303_1,CALL_T007_001303,1,COMBINED_REPAIRED_GEOMETRY_FINAL_VERIFICATION,2010-12-21 12:00:00,E0006,CAL_004595,5,928.706175852505,1750.23563573296,FLAT_START,CONVERGED_FEASIBLE,CONVERGED,PASSED,0.999866038633414,22,1.04960364855056,30,8.36796154162403e-15,1.11688436277291e-13,22,24,0.1211
ATT_T007_001304_1,CALL_T007_001304,1,COMBINED_REPAIRED_GEOMETRY_FINAL_VERIFICATION,2010-12-21 12:00:00,E0006,CAL_004596,5,914.930686662275,1757.75008967447,FLAT_START,CONVERGED_FEASIBLE,CONVERGED,PASSED,0.999862855401791,22,1.04965325891778,30,8.41915187333156e-15,1.10800257857591e-13,22,24,0.1208
ATT_T007_001305_1,CALL_T007_001305,1,COMBINED_REPAIRED_GEOMETRY_FINAL_VERIFICATION,2010-12-21 12:00:00,E0006,CAL_004597,5,901.22471927074,1765.22661985537,FLAT_START,CONVERGED_FEASIBLE,CONVERGED,PASSED,0.999859678948477,22,1.04970237512394,30,8.37115936877866e-15,1.11022302462516e-13,22,24,0.122
ATT_T007_001306_1,CALL_T007_001306,1,COMBINED_REPAIRED_GEOMETRY_FINAL_VERIFICATION,2010-12-21 12:00:00,E0006,CAL_004598,5,887.585676647615,1772.66664294148,FLAT_START,CONVERGED_FEASIBLE,CONVERGED,PASSED,0.999856508787807,22,1.04975100964835,30,8.43769498715119e-15,1.10578213252666e-13,22,24,0.1211
ATT_T007_001307_1,CALL_T007_001307,1,COMBINED_REPAIRED_GEOMETRY_FINAL_VERIFICATION,2010-12-21 12:00:00,E0006,CAL_004599,5,874.011007354521,1780.07155072846,FLAT_START,CONVERGED_FEASIBLE,CONVERGED,PASSED,0.999853344437595,22,1.0497991746178,30,8.28441238533389e-15,1.10356168647741e-13,22,24,0.1315
ATT_T007_001308_1,CALL_T007_001308,1,COMBINED_REPAIRED_GEOMETRY_FINAL_VERIFICATION,2010-12-21 12:00:00,E0007,CAL_004600,5,860.498203502838,1787.44271125582,FLAT_START,CONVERGED_FEASIBLE,CONVERGED,PASSED,0.999850185418852,22,1.04984688181917,30,8.1403015074111e-15,1.10356168647741e-13,22,24,0.1514
ATT_T007_001309_1,CALL_T007_001309,1,COMBINED_REPAIRED_GEOMETRY_FINAL_VERIFICATION,2010-12-21 12:00:00,E0007,CAL_004601,5,860.498203501999,1787.44271125617,FLAT_START,CONVERGED_FEASIBLE,CONVERGED,PASSED,0.999850185418852,22,1.04984688181917,30,8.1403015074111e-15,1.10800257857591e-13,22,24,0.125
ATT_T007_001310_1,CALL_T007_001310,1,COMBINED_REPAIRED_GEOMETRY_FINAL_VERIFICATION,2010-12-21 12:00:00,E0007,CAL_004602,5,846.323403961686,1793.40820222734,FLAT_START,CONVERGED_FEASIBLE,CONVERGED,PASSED,0.999845983207961,22,1.04984779095136,30,8.08293952219696e-15,1.0991207943789e-13,22,24,0.1224
ATT_T007_001311_1,CALL_T007_001311,1,COMBINED_REPAIRED_GEOMETRY_FINAL_VERIFICATION,2010-12-21 12:00:00,E0007,CAL_004603,5,832.229419828494,1799.33968188285,FLAT_START,CONVERGED_FEASIBLE,CONVERGED,PASSED,0.999841795163911,22,1.04984845503044,30,8.21565038222616e-15,1.0991207943789e-13,22,24,0.1215
ATT_T007_001312_1,CALL_T007_001312,1,COMBINED_REPAIRED_GEOMETRY_FINAL_VERIFICATION,2010-12-21 12:00:00,E0007,CAL_004604,5,818.213433297781,1805.23833610107,FLAT_START,CONVERGED_FEASIBLE,CONVERGED,PASSED,0.999837620587554,22,1.04984887763791,30,7.98362488619717e-15,1.08801856413265e-13,22,24,0.1208
ATT_T007_001313_1,CALL_T007_001313,1,COMBINED_REPAIRED_GEOMETRY_FINAL_VERIFICATION,2010-12-21 12:00:00,E0007,CAL_004605,5,804.272681300549,1811.10532772478,FLAT_START,CONVERGED_FEASIBLE,CONVERGED,PASSED,0.999833458788139,22,1.04984906215798,30,7.91764282081815e-15,1.08801856413265e-13,22,24,0.1218
ATT_T007_001314_1,CALL_T007_001314,1,COMBINED_REPAIRED_GEOMETRY_FINAL_VERIFICATION,2010-12-21 12:00:00,E0007,CAL_004606,5,790.404453151604,1816.94179755092,FLAT_START,CONVERGED_FEASIBLE,CONVERGED,PASSED,0.999829309082838,22,1.04984901178344,30,7.89308560458232e-15,1.08801856413265e-13,22,24,0.1204
ATT_T007_001315_1,CALL_T007_001315,1,COMBINED_REPAIRED_GEOMETRY_FINAL_VERIFICATION,2010-12-21 12:00:00,E0007,CAL_004607,5,776.606088278437,1822.74886528642,FLAT_START,CONVERGED_FEASIBLE,CONVERGED,PASSED,0.999825170796288,22,1.04984872952127,30,8.01969248337114e-15,1.08357767203415e-13,22,24,0.1608
ATT_T007_001316_1,CALL_T007_001316,1,COMBINED_REPAIRED_GEOMETRY_FINAL_VERIFICATION,2010-12-21 12:00:00,E0007,CAL_004608,5,762.874974026589,1828.52763047182,FLAT_START,CONVERGED_FEASIBLE,CONVERGED,PASSED,0.999821043260146,22,1.04984821819782,30,7.92357274662703e-15,1.08357767203415e-13,22,24,0.1226
ATT_T007_001317_1,CALL_T007_001317,1,COMBINED_REPAIRED_GEOMETRY_FINAL_VERIFICATION,2010-12-21 12:00:00,E0007,CAL_004609,5,749.208543537474,1834.27917337435,FLAT_START,CONVERGED_FEASIBLE,CONVERGED,PASSED,0.999816925812646,22,1.04984748046376,30,8.03172698124517e-15,1.07469588783715e-13,22,24,0.1216
ATT_T007_001318_1,CALL_T007_001318,1,COMBINED_REPAIRED_GEOMETRY_FINAL_VERIFICATION,2010-12-21 12:00:00,E0007,CAL_004610,5,735.60427369482,1840.00455585223,FLAT_START,CONVERGED_FEASIBLE,CONVERGED,PASSED,0.999812817798173,22,1.04984651879868,30,7.94798730345622e-15,1.0813572259849e-13,22,24,0.122
ATT_T007_001319_1,CALL_T007_001319,1,COMBINED_REPAIRED_GEOMETRY_FINAL_VERIFICATION,2010-12-21 12:00:00,E0008,CAL_004611,5.25,721.965972567018,1845.4721552198,FLAT_START,CONVERGED_FEASIBLE,CONVERGED,PASSED,0.999808554862099,22,1.04983780815992,30,7.95409436663578e-15,1.07025499573865e-13,22,24,0.122
ATT_T007_001320_1,CALL_T007_001320,1,COMBINED_REPAIRED_GEOMETRY_FINAL_VERIFICATION,2010-12-21 12:00:00,E0008,CAL_004612,5.25,708.524922966909,1851.25354466841,FLAT_START,CONVERGED_FEASIBLE,CONVERGED,PASSED,0.999804539777481,22,1.04983985512526,30,8.08595532131319e-15,1.07913677993565e-13,22,24,0.1237
ATT_T007_001321_1,CALL_T007_001321,1,COMBINED_REPAIRED_GEOMETRY_FINAL_VERIFICATION,2010-12-21 12:00:00,E0008,CAL_004613,5.25,695.137055796685,1857.01205879491,FLAT_START,CONVERGED_FEASIBLE,CONVERGED,PASSED,0.999800531504233,22,1.04984167129797,30,8.10405773964872e-15,1.0724754417879e-13,22,24,0.1227
ATT_T007_001322_1,CALL_T007_001322,1,COMBINED_REPAIRED_GEOMETRY_FINAL_VERIFICATION,2010-12-21 12:00:00,E0008,CAL_004614,5.25,681.800028756506,1862.74870509114,FLAT_START,CONVERGED_FEASIBLE,CONVERGED,PASSED,0.999796529422334,22,1.04984325904884,30,8.12217316395818e-15,1.0769163338864e-13,22,24,0.1223
ATT_T007_001323_1,CALL_T007_001323,1,COMBINED_REPAIRED_GEOMETRY_FINAL_VERIFICATION,2010-12-21 12:00:00,E0008,CAL_004615,5.25,668.511532732061,1868.46447677484,FLAT_START,CONVERGED_FEASIBLE,CONVERGED,PASSED,0.999792532915436,22,1.04984462058937,30,8.15239420445738e-15,1.0724754417879e-13,22,24,0.1222
ATT_T007_001324_1,CALL_T007_001324,1,COMBINED_REPAIRED_GEOMETRY_FINAL_VERIFICATION,2010-12-21 12:00:00,E0008,CAL_004616,5.25,655.26929011625,1874.1603535116,FLAT_START,CONVERGED_FEASIBLE,CONVERGED,PASSED,0.999788541370492,22,1.04984575797521,30,8.16449257971185e-15,1.0724754417879e-13,22,24,0.1216
ATT_T007_001325_1,CALL_T007_001325,1,COMBINED_REPAIRED_GEOMETRY_FINAL_VERIFICATION,2010-12-21 12:00:00,E0008,CAL_004617,5.25,642.071053173424,1879.83730211841,FLAT_START,CONVERGED_FEASIBLE,CONVERGED,PASSED,0.999784554177368,22,1.04984667310921,30,8.19476319493861e-15,1.07469588783715e-13,22,24,0.1241
ATT_T007_001326_1,CALL_T007_001326,1,COMBINED_REPAIRED_GEOMETRY_FINAL_VERIFICATION,2010-12-21 12:00:00,E0008,CAL_004618,5.25,628.91460244543,1885.49627724929,FLAT_START,CONVERGED_FEASIBLE,CONVERGED,PASSED,0.999780570728484,22,1.04984736774437,30,8.22506875171883e-15,1.07025499573865e-13,22,24,0.1455
ATT_T007_001327_1,CALL_T007_001327,1,COMBINED_REPAIRED_GEOMETRY_FINAL_VERIFICATION,2010-12-21 12:00:00,E0008,CAL_004619,5.25,615.797745196958,1891.13822206397,FLAT_START,CONVERGED_FEASIBLE,CONVERGED,PASSED,0.999776590418434,22,1.04984784348649,30,8.2432686974341e-15,1.07469588783715e-13,22,24,0.1255
ATT_T007_001328_1,CALL_T007_001328,1,COMBINED_REPAIRED_GEOMETRY_FINAL_VERIFICATION,2010-12-21 12:00:00,E0008,CAL_004620,5.25,602.718313897803,1896.76406888073,FLAT_START,CONVERGED_FEASIBLE,CONVERGED,PASSED,0.999772612643628,22,1.04984810179668,30,8.27362936246039e-15,1.0769163338864e-13,22,24,0.1332
ATT_T007_001329_1,CALL_T007_001329,1,COMBINED_REPAIRED_GEOMETRY_FINAL_VERIFICATION,2010-12-21 12:00:00,E0008,CAL_004621,5.25,589.674164739731,1902.37473981434,FLAT_START,CONVERGED_FEASIBLE,CONVERGED,PASSED,0.999768636801924,22,1.04984814399354,30,8.31010694413127e-15,1.0769163338864e-13,22,24,0.1691
ATT_T007_001330_1,CALL_T007_001330,1,COMBINED_REPAIRED_GEOMETRY_FINAL_VERIFICATION,2010-12-21 12:00:00,E0008,CAL_004622,5.25,576.663176185739,1907.97114740005,FLAT_START,CONVERGED_FEASIBLE,CONVERGED,PASSED,0.999764662292265,22,1.0498479712553,30,8.43717284205443e-15,1.07469588783715e-13,22,24,0.1247
ATT_T007_001331_1,CALL_T007_001331,1,COMBINED_REPAIRED_GEOMETRY_FINAL_VERIFICATION,2010-12-21 12:00:00,E0008,CAL_004623,5.25,563.683247549541,1913.55419520461,FLAT_START,CONVERGED_FEASIBLE,CONVERGED,PASSED,0.999760688514322,22,1.04984758462161,30,8.37100982370484e-15,1.0813572259849e-13,22,24,0.1225
ATT_T007_001332_1,CALL_T007_001332,1,COMBINED_REPAIRED_GEOMETRY_FINAL_VERIFICATION,2010-12-21 12:00:00,E0008,CAL_004624,5.25,550.732297603232,1919.12477842517,FLAT_START,CONVERGED_FEASIBLE,CONVERGED,PASSED,0.999756714868128,22,1.04984698499521,30,8.40151061476689e-15,1.08801856413265e-13,22,24,0.1551
ATT_T007_001333_1,CALL_T007_001333,1,COMBINED_REPAIRED_GEOMETRY_FINAL_VERIFICATION,2010-12-21 12:00:00,E0008,CAL_004625,5.25,537.808263211094,1924.68378447686,FLAT_START,CONVERGED_FEASIBLE,CONVERGED,PASSED,0.999752740753721,22,1.04984617314345,30,8.53953183771059e-15,1.08801856413265e-13,22,24,0.124
ATT_T007_001334_1,CALL_T007_001334,1,COMBINED_REPAIRED_GEOMETRY_FINAL_VERIFICATION,2010-12-21 12:00:00,E0008,CAL_004626,5.25,524.909097987624,1930.23209357009,FLAT_START,CONVERGED_FEASIBLE,CONVERGED,PASSED,0.999748765570786,22,1.04984514969951,30,8.45649351350935e-15,1.08357767203415e-13,22,24,0.1356
ATT_T007_001335_1,CALL_T007_001335,1,COMBINED_REPAIRED_GEOMETRY_FINAL_VERIFICATION,2010-12-21 12:00:00,E0008,CAL_004627,5.25,512.032770977867,1935.77057927811,FLAT_START,CONVERGED_FEASIBLE,CONVERGED,PASSED,0.999744788718288,22,1.04984391516357,30,8.61202556773777e-15,1.09245945623115e-13,22,24,0.1231
ATT_T007_001336_1,CALL_T007_001336,1,COMBINED_REPAIRED_GEOMETRY_FINAL_VERIFICATION,2010-12-21 12:00:00,E0008,CAL_004628,5.25,499.177265358235,1941.30010909587,FLAT_START,CONVERGED_FEASIBLE,CONVERGED,PASSED,0.999740809594118,22,1.04984246990367,30,8.64228859362733e-15,1.0946799022804e-13,22,24,0.1215
ATT_T007_001337_1,CALL_T007_001337,1,COMBINED_REPAIRED_GEOMETRY_FINAL_VERIFICATION,2010-12-21 12:00:00,E0008,CAL_004629,5.25,486.340577156002,1946.82154499078,FLAT_START,CONVERGED_FEASIBLE,CONVERGED,PASSED,0.999736827594723,22,1.04984081415651,30,8.67864800688193e-15,1.0991207943789e-13,22,24,0.1227
ATT_T007_001338_1,CALL_T007_001338,1,COMBINED_REPAIRED_GEOMETRY_FINAL_VERIFICATION,2010-12-21 12:00:00,E0008,CAL_004630,5.25,473.520713985736,1952.33574394624,FLAT_START,CONVERGED_FEASIBLE,CONVERGED,PASSED,0.999732842114742,22,1.04983894802799,30,8.72112693358851e-15,1.10356168647741e-13,22,24,0.1215
ATT_T007_001339_1,CALL_T007_001339,1,COMBINED_REPAIRED_GEOMETRY_FINAL_VERIFICATION,2010-12-21 12:00:00,E0009,CAL_004631,5.25,460.713364260556,1957.8343838426,FLAT_START,CONVERGED_FEASIBLE,CONVERGED,PASSED,0.999728846761034,22,1.04983659070836,30,8.75758786483817e-15,1.10800257857591e-13,22,24,0.1465
ATT_T007_001340_1,CALL_T007_001340,1,COMBINED_REPAIRED_GEOMETRY_FINAL_VERIFICATION,2010-12-21 12:00:00,E0009,CAL_004632,5.25,447.957966033328,1963.48517786258,FLAT_START,CONVERGED_FEASIBLE,CONVERGED,PASSED,0.999724945668482,22,1.04983883730639,30,8.80018363194853e-15,1.10800257857591e-13,22,24,0.142
ATT_T007_001341_1,CALL_T007_001341,1,COMBINED_REPAIRED_GEOMETRY_FINAL_VERIFICATION,2010-12-21 12:00:00,E0009,CAL_004633,5.25,435.211608259574,1969.13196685351,FLAT_START,CONVERGED_FEASIBLE,CONVERGED,PASSED,0.999721038670613,22,1.04984086943263,30,8.94488019807263e-15,1.10800257857591e-13,22,24,0.1233
ATT_T007_001342_1,CALL_T007_001342,1,COMBINED_REPAIRED_GEOMETRY_FINAL_VERIFICATION,2010-12-21 12:00:00,E0009,CAL_004634,5.25,422.4723417675,1974.77561432181,FLAT_START,CONVERGED_FEASIBLE,CONVERGED,PASSED,0.999717125163024,22,1.04984268728424,30,8.88555912885703e-15,1.11244347067441e-13,22,24,0.1224
ATT_T007_001343_1,CALL_T007_001343,1,COMBINED_REPAIRED_GEOMETRY_FINAL_VERIFICATION,2010-12-21 12:00:00,E0009,CAL_004635,5.25,409.738221712214,1980.41698185704,FLAT_START,CONVERGED_FEASIBLE,CONVERGED,PASSED,0.999713204537271,22,1.04984429092593,30,9.04142135926268e-15,1.12354570092066e-13,22,24,0.1202
ATT_T007_001344_1,CALL_T007_001344,1,COMBINED_REPAIRED_GEOMETRY_FINAL_VERIFICATION,2010-12-21 12:00:00,E0009,CAL_004636,5.25,397.007306387253,1986.0569296584,FLAT_START,CONVERGED_FEASIBLE,CONVERGED,PASSED,0.999709276180487,22,1.0498456802898,30,8.98342392531478e-15,1.12576614696991e-13,22,24,0.1201
ATT_T007_001345_1,CALL_T007_001345,1,COMBINED_REPAIRED_GEOMETRY_FINAL_VERIFICATION,2010-12-21 12:00:00,E0009,CAL_004637,5.25,384.277656039518,1991.69631705972,FLAT_START,CONVERGED_FEASIBLE,CONVERGED,PASSED,0.99970533947499,22,1.04984685517499,30,9.13829144517065e-15,1.13242748511766e-13,22,24,0.1217
ATT_T007_001346_1,CALL_T007_001346,1,COMBINED_REPAIRED_GEOMETRY_FINAL_VERIFICATION,2010-12-21 12:00:00,E0009,CAL_004638,5.25,371.547331686744,1997.33600305333,FLAT_START,CONVERGED_FEASIBLE,CONVERGED,PASSED,0.999701393797893,22,1.04984781524715,30,9.18684658472025e-15,1.13686837721616e-13,22,24,0.1454
ATT_T007_001347_1,CALL_T007_001347,1,COMBINED_REPAIRED_GEOMETRY_FINAL_VERIFICATION,2010-12-21 12:00:00,E0009,CAL_004639,5.25,358.814393935965,2002.97684681352,FLAT_START,CONVERGED_FEASIBLE,CONVERGED,PASSED,0.999697438520699,22,1.04984856003779,30,9.23548010562066e-15,1.13908882326541e-13,22,24,0.1213
ATT_T007_001348_1,CALL_T007_001348,1,COMBINED_REPAIRED_GEOMETRY_FINAL_VERIFICATION,2010-12-21 12:00:00,E0009,CAL_004640,5.25,346.076901801447,2008.6197082202,FLAT_START,CONVERGED_FEASIBLE,CONVERGED,PASSED,0.999693473008893,22,1.04984908894334,30,9.29028497408703e-15,1.14797060746241e-13,22,24,0.1301
ATT_T007_001349_1,CALL_T007_001349,1,COMBINED_REPAIRED_GEOMETRY_FINAL_VERIFICATION,2010-12-21 12:00:00,E0009,CAL_004641,5.25,333.332911520562,2014.26544838346,FLAT_START,CONVERGED_FEASIBLE,CONVERGED,PASSED,0.999689496621524,22,1.04984940122415,30,9.34518576778731e-15,1.15241149956091e-13,22,24,0.1226
ATT_T007_001350_1,CALL_T007_001350,1,COMBINED_REPAIRED_GEOMETRY_FINAL_VERIFICATION,2010-12-21 12:00:00,E0009,CAL_004642,5.25,320.58047536606,2019.91493016978,FLAT_START,CONVERGED_FEASIBLE,CONVERGED,PASSED,0.99968550871078,22,1.0498494960032,30,9.4001808059971e-15,1.16129328375791e-13,22,24,0.1223
ATT_T007_001351_1,CALL_T007_001351,1,COMBINED_REPAIRED_GEOMETRY_FINAL_VERIFICATION,2010-12-21 12:00:00,E0009,CAL_004643,5.25,307.817640453194,2025.56901873047,FLAT_START,CONVERGED_FEASIBLE,CONVERGED,PASSED,0.99968150862155,22,1.04984937226473,30,9.54945342116534e-15,1.16573417585641e-13,22,24,0.1223
ATT_T007_001352_1,CALL_T007_001352,1,COMBINED_REPAIRED_GEOMETRY_FINAL_VERIFICATION,2010-12-21 12:00:00,E0009,CAL_004644,5.25,295.042447540153,2031.22858203308,FLAT_START,CONVERGED_FEASIBLE,CONVERGED,PASSED,0.999677495690983,22,1.04984902885253,30,9.61006745030814e-15,1.17017506795491e-13,22,24,0.1207
ATT_T007_001353_1,CALL_T007_001353,1,COMBINED_REPAIRED_GEOMETRY_FINAL_VERIFICATION,2010-12-21 12:00:00,E0009,CAL_004645,5.25,282.25292982022,2036.89449139653,FLAT_START,CONVERGED_FEASIBLE,CONVERGED,PASSED,0.999673469248025,22,1.04984846446824,30,9.67687904114818e-15,1.17683640610267e-13,22,24,0.1455
ATT_T007_001354_1,CALL_T007_001354,1,COMBINED_REPAIRED_GEOMETRY_FINAL_VERIFICATION,2010-12-21 12:00:00,E0009,CAL_004646,5.25,269.447111704077,2042.56762203052,FLAT_START,CONVERGED_FEASIBLE,CONVERGED,PASSED,0.99966942861296,22,1.04984767766923,30,9.73773823831255e-15,1.18349774425042e-13,22,24,0.1225
ATT_T007_001355_1,CALL_T007_001355,1,COMBINED_REPAIRED_GEOMETRY_FINAL_VERIFICATION,2010-12-21 12:00:00,E0009,CAL_004647,5.25,256.623007590635,2048.24885358008,FLAT_START,CONVERGED_FEASIBLE,CONVERGED,PASSED,0.999665373096925,22,1.04984666686642,30,9.91233805663802e-15,1.19459997449667e-13,22,24,0.1217
ATT_T007_001356_1,CALL_T007_001356,1,COMBINED_REPAIRED_GEOMETRY_FINAL_VERIFICATION,2010-12-21 12:00:00,E0009,CAL_004648,5.25,243.778620624764,2053.93907067594,FLAT_START,CONVERGED_FEASIBLE,CONVERGED,PASSED,0.999661302001419,22,1.04984543032188,30,9.96067766797695e-15,1.19682042054592e-13,22,24,0.1719
ATT_T007_001357_1,CALL_T007_001357,1,COMBINED_REPAIRED_GEOMETRY_FINAL_VERIFICATION,2010-12-21 12:00:00,E0009,CAL_004649,5.25,230.911941440246,2059.63916349136,FLAT_START,CONVERGED_FEASIBLE,CONVERGED,PASSED,0.999657214617798,22,1.04984396614612,30,1.00333262664677e-14,1.20570220474292e-13,22,24,0.1314
ATT_T007_001358_1,CALL_T007_001358,1,COMBINED_REPAIRED_GEOMETRY_FINAL_VERIFICATION,2010-12-21 12:00:00,E0009,CAL_004650,5.25,218.020946886258,2065.35002830636,FLAT_START,CONVERGED_FEASIBLE,CONVERGED,PASSED,0.999653110226755,22,1.04984227229528,30,1.01000648088684e-14,1.21902488103842e-13,22,24,0.1217
ATT_T007_001359_1,CALL_T007_001359,1,COMBINED_REPAIRED_GEOMETRY_FINAL_VERIFICATION,2010-12-21 12:00:00,E0010,CAL_004651,5.25,205.101654215782,2071.05675999613,FLAT_START,CONVERGED_FEASIBLE,CONVERGED,PASSED,0.999648979192022,22,1.04983988827606,30,1.01669382900387e-14,1.22790666523542e-13,22,24,0.1471
ATT_T007_001360_1,CALL_T007_001360,1,COMBINED_REPAIRED_GEOMETRY_FINAL_VERIFICATION,2010-12-21 12:00:00,E0010,CAL_004652,5.25,192.172186627297,2076.93056617738,FLAT_START,CONVERGED_FEASIBLE,CONVERGED,PASSED,0.999644916305517,22,1.04984173906876,30,1.02400419690731e-14,1.23456800338317e-13,22,24,0.1248
ATT_T007_001361_1,CALL_T007_001361,1,COMBINED_REPAIRED_GEOMETRY_FINAL_VERIFICATION,2010-12-21 12:00:00,E0010,CAL_004653,5.25,179.210623918436,2082.81895304536,FLAT_START,CONVERGED_FEASIBLE,CONVERGED,PASSED,0.999640833868427,22,1.04984336216961,30,1.03071891217872e-14,1.23900889548167e-13,22,24,0.1215
ATT_T007_001362_1,CALL_T007_001362,1,COMBINED_REPAIRED_GEOMETRY_FINAL_VERIFICATION,2010-12-21 12:00:00,E0010,CAL_004654,5.25,166.214864657888,2088.72287527203,FLAT_START,CONVERGED_FEASIBLE,CONVERGED,PASSED,0.999636731118626,22,1.04984475544746,30,1.048690717306e-14,1.25455201782643e-13,22,24,0.1219
ATT_T007_001363_1,CALL_T007_001363,1,COMBINED_REPAIRED_GEOMETRY_FINAL_VERIFICATION,2010-12-21 12:00:00,E0010,CAL_004655,5.25,153.182785865011,2094.64329731913,FLAT_START,CONVERGED_FEASIBLE,CONVERGED,PASSED,0.999632607280192,22,1.04984591660315,30,1.05597107877125e-14,1.25677246387568e-13,22,24,0.1222
ATT_T007_001364_1,CALL_T007_001364,1,COMBINED_REPAIRED_GEOMETRY_FINAL_VERIFICATION,2010-12-21 12:00:00,E0010,CAL_004656,5.25,140.112241579436,2100.581194088,FLAT_START,CONVERGED_FEASIBLE,CONVERGED,PASSED,0.999628461562774,22,1.04984684316539,30,1.06387545850065e-14,1.26565424807268e-13,22,24,0.1219
ATT_T007_001365_1,CALL_T007_001365,1,COMBINED_REPAIRED_GEOMETRY_FINAL_VERIFICATION,2010-12-21 12:00:00,E0010,CAL_004657,5.25,127.001061399674,2106.5375515835,FLAT_START,CONVERGED_FEASIBLE,CONVERGED,PASSED,0.99962429316094,22,1.04984753248635,30,1.07118746227221e-14,1.27231558622043e-13,22,24,0.1229
ATT_T007_001366_1,CALL_T007_001366,1,COMBINED_REPAIRED_GEOMETRY_FINAL_VERIFICATION,2010-12-21 12:00:00,E0010,CAL_004658,5.25,113.847048988255,2112.51336759306,FLAT_START,CONVERGED_FEASIBLE,CONVERGED,PASSED,0.999620101253505,22,1.04984798173704,30,1.09041466769714e-14,1.28341781646668e-13,22,24,0.1418
ATT_T007_001367_1,CALL_T007_001367,1,COMBINED_REPAIRED_GEOMETRY_FINAL_VERIFICATION,2010-12-21 12:00:00,E0010,CAL_004659,5.25,100.647980541129,2118.50965238213,FLAT_START,CONVERGED_FEASIBLE,CONVERGED,PASSED,0.999615885002829,22,1.04984818790225,30,1.09890020828673e-14,1.29674049276218e-13,22,24,0.1238
ATT_T007_001368_1,CALL_T007_001368,1,COMBINED_REPAIRED_GEOMETRY_FINAL_VERIFICATION,2010-12-21 12:00:00,E0010,CAL_004660,5.25,87.4016032189902,2124.5274294067,FLAT_START,CONVERGED_FEASIBLE,CONVERGED,PASSED,0.999611643554091,22,1.04984814777523,30,1.1080142592175e-14,1.30118138486068e-13,22,24,0.1205
ATT_T007_001369_1,CALL_T007_001369,1,COMBINED_REPAIRED_GEOMETRY_FINAL_VERIFICATION,2010-12-21 12:00:00,E0010,CAL_004661,5.25,74.1056335380922,2130.56773604446,FLAT_START,CONVERGED_FEASIBLE,CONVERGED,PASSED,0.999607376034542,22,1.04984785795209,30,1.1159314188889e-14,1.31672450720544e-13,22,24,0.1321
ATT_T007_001370_1,CALL_T007_001370,1,COMBINED_REPAIRED_GEOMETRY_FINAL_VERIFICATION,2010-12-21 12:00:00,E0010,CAL_004662,5.25,60.7577557180143,2136.63162434532,FLAT_START,CONVERGED_FEASIBLE,CONVERGED,PASSED,0.99960308155272,22,1.04984731482573,30,1.13577294079001e-14,1.32782673745169e-13,22,24,0.1274
ATT_T007_001371_1,CALL_T007_001371,1,COMBINED_REPAIRED_GEOMETRY_FINAL_VERIFICATION,2010-12-21 12:00:00,E0010,CAL_004663,5.25,47.3556199837416,2142.72016180281,FLAT_START,CONVERGED_FEASIBLE,CONVERGED,PASSED,0.999598759197642,22,1.04984651457951,30,1.13426467417096e-14,1.34114941374719e-13,22,24,0.1213
ATT_T007_001372_1,CALL_T007_001372,1,COMBINED_REPAIRED_GEOMETRY_FINAL_VERIFICATION,2010-12-21 12:00:00,E0010,CAL_004664,5.25,33.896840819306,2148.83443214745,FLAT_START,CONVERGED_FEASIBLE,CONVERGED,PASSED,0.99959440803796,22,1.04984545318042,30,1.15519559316417e-14,1.35447209004269e-13,22,24,0.1235
ATT_T007_001373_1,CALL_T007_001373,1,COMBINED_REPAIRED_GEOMETRY_FINAL_VERIFICATION,2010-12-21 12:00:00,E0010,CAL_004665,5.25,20.3789951701122,2154.97553616337,FLAT_START,CONVERGED_FEASIBLE,CONVERGED,PASSED,0.99959002712109,22,1.04984412637198,30,1.16433419812197e-14,1.36779476633819e-13,22,24,0.1451
ATT_T007_001374_1,CALL_T007_001374,1,COMBINED_REPAIRED_GEOMETRY_FINAL_VERIFICATION,2010-12-21 12:00:00,E0010,CAL_004666,5.25,6.7996205909457,2161.14459252975,FLAT_START,CONVERGED_FEASIBLE,CONVERGED,PASSED,0.999585615472297,22,1.04984252966656,30,1.17349395332293e-14,1.37445610448594e-13,22,24,0.1218
ATT_T007_001375_1,CALL_T007_001375,1,COMBINED_REPAIRED_GEOMETRY_FINAL_VERIFICATION,2010-12-21 12:00:00,E0011,CAL_004667,5,-0.148480962609447,2164.57026598115,FLAT_START,CONVERGED_FEASIBLE,CONVERGED,PASSED,0.999583487743404,22,1.04984898873581,30,1.18961563548816e-14,1.37667655053519e-13,22,24,0.1476
ATT_T007_001376_1,CALL_T007_001376,1,COMBINED_REPAIRED_GEOMETRY_FINAL_VERIFICATION,2010-12-21 12:00:00,E0011,CAL_004668,5,-6.83684796404564,2167.62756480923,FLAT_START,CONVERGED_FEASIBLE,CONVERGED,PASSED,0.999581317452536,22,1.0498485526862,30,1.195687397851e-14,1.39221967287995e-13,22,24,0.1222
ATT_T007_001377_1,CALL_T007_001377,1,COMBINED_REPAIRED_GEOMETRY_FINAL_VERIFICATION,2010-12-21 12:00:00,E0011,CAL_004669,5,-20.547857989443,2173.89496234789,FLAT_START,CONVERGED_FEASIBLE,CONVERGED,PASSED,0.999576860143123,22,1.04984745674263,30,1.20481259915584e-14,1.3988810110277e-13,22,24,0.1213
ATT_T007_001378_1,CALL_T007_001378,1,COMBINED_REPAIRED_GEOMETRY_FINAL_VERIFICATION,2010-12-21 12:00:00,E0011,CAL_004670,5,-34.3285093864977,2180.19419343932,FLAT_START,CONVERGED_FEASIBLE,CONVERGED,PASSED,0.999572368976835,22,1.04984608088908,30,1.21579005363894e-14,1.41442413337245e-13,22,24,0.1224
ATT_T007_001379_1,CALL_T007_001379,1,COMBINED_REPAIRED_GEOMETRY_FINAL_VERIFICATION,2010-12-21 12:00:00,E0011,CAL_004671,5,-48.1814493346812,2186.52646812758,FLAT_START,CONVERGED_FEASIBLE,CONVERGED,PASSED,0.999567842880582,22,1.04984441979838,30,1.22618423034507e-14,1.4255263636187e-13,22,24,0.1287
ATT_T007_001380_1,CALL_T007_001380,1,COMBINED_REPAIRED_GEOMETRY_FINAL_VERIFICATION,2010-12-21 12:00:00,E0012,CAL_004672,5.5,-62.109375,2192.31014680673,FLAT_START,CONVERGED_FEASIBLE,CONVERGED,PASSED,0.999562991127092,22,1.04982650113423,30,1.24712444981602e-14,1.44551037806195e-13,22,24,0.1297
ATT_T007_001381_1,CALL_T007_001381,1,COMBINED_REPAIRED_GEOMETRY_FINAL_VERIFICATION,2010-12-21 12:00:00,E0012,CAL_004673,5.5,-76.1126996601698,2198.91137384044,FLAT_START,CONVERGED_FEASIBLE,CONVERGED,PASSED,0.999558492094437,22,1.04982973893488,30,1.2587010096261e-14,1.45661260830821e-13,22,24,0.1234
ATT_T007_001382_1,CALL_T007_001382,1,COMBINED_REPAIRED_GEOMETRY_FINAL_VERIFICATION,2010-12-21 12:00:00,E0012,CAL_004674,5.5,-90.1990161421646,2205.55172357331,FLAT_START,CONVERGED_FEASIBLE,CONVERGED,PASSED,0.999553954526411,22,1.04983270422296,30,1.28154457622751e-14,1.47437617670221e-13,22,24,0.1218
ATT_T007_001383_1,CALL_T007_001383,1,COMBINED_REPAIRED_GEOMETRY_FINAL_VERIFICATION,2010-12-21 12:00:00,E0012,CAL_004675,5.5,-104.371229337222,2212.23256538347,FLAT_START,CONVERGED_FEASIBLE,CONVERGED,PASSED,0.999549377233228,22,1.04983539146435,30,1.29491454692711e-14,1.48769885299771e-13,22,24,0.1226
ATT_T007_001384_1,CALL_T007_001384,1,COMBINED_REPAIRED_GEOMETRY_FINAL_VERIFICATION,2010-12-21 12:00:00,E0012,CAL_004676,5.5,-118.632306004058,2218.95529781363,FLAT_START,CONVERGED_FEASIBLE,CONVERGED,PASSED,0.999544758992092,22,1.04983779482055,30,1.30649477555445e-14,1.50546242139171e-13,22,24,0.1222
ATT_T007_001385_1,CALL_T007_001385,1,COMBINED_REPAIRED_GEOMETRY_FINAL_VERIFICATION,2010-12-21 12:00:00,E0012,CAL_004677,5.5,-132.985277469056,2225.721349844,FLAT_START,CONVERGED_FEASIBLE,CONVERGED,PASSED,0.999540098545768,22,1.04983990813593,30,1.3199410501766e-14,1.52100554373646e-13,22,24,0.122
ATT_T007_001386_1,CALL_T007_001386,1,COMBINED_REPAIRED_GEOMETRY_FINAL_VERIFICATION,2010-12-21 12:00:00,E0012,CAL_004678,5.5,-147.433242431395,2232.53218221461,FLAT_START,CONVERGED_FEASIBLE,CONVERGED,PASSED,0.999535394601097,22,1.04984172492412,30,1.34453223094941e-14,1.53876911213047e-13,22,24,0.1236
ATT_T007_001387_1,CALL_T007_001387,1,COMBINED_REPAIRED_GEOMETRY_FINAL_VERIFICATION,2010-12-21 12:00:00,E0012,CAL_004679,5.5,-161.979369878903,2239.38928879984,FLAT_START,CONVERGED_FEASIBLE,CONVERGED,PASSED,0.999530645827423,22,1.04984323835363,30,1.35795288312021e-14,1.55653268052447e-13,22,24,0.1203
ATT_T007_001388_1,CALL_T007_001388,1,COMBINED_REPAIRED_GEOMETRY_FINAL_VERIFICATION,2010-12-21 12:00:00,E0012,CAL_004680,5.5,-176.626902120724,2246.29419803807,FLAT_START,CONVERGED_FEASIBLE,CONVERGED,PASSED,0.999525850854962,22,1.04984444123257,30,1.38258501430209e-14,1.57429624891847e-13,22,24,0.1206
ATT_T007_001389_1,CALL_T007_001389,1,COMBINED_REPAIRED_GEOMETRY_FINAL_VERIFICATION,2010-12-21 12:00:00,E0012,CAL_004681,5.5,-191.37915794327,2253.24847441939,FLAT_START,CONVERGED_FEASIBLE,CONVERGED,PASSED,0.999521008273078,22,1.04984532599246,30,1.39781102777263e-14,1.59428026336172e-13,22,24,0.1219
ATT_T007_001390_1,CALL_T007_001390,1,COMBINED_REPAIRED_GEOMETRY_FINAL_VERIFICATION,2010-12-21 12:00:00,E0012,CAL_004682,5.5,-206.239535896278,2260.25372003464,FLAT_START,CONVERGED_FEASIBLE,CONVERGED,PASSED,0.999516116628483,22,1.04984588467103,30,1.41369792976895e-14,1.61426427780498e-13,22,24,0.1204
ATT_T007_001391_1,CALL_T007_001391,1,COMBINED_REPAIRED_GEOMETRY_FINAL_VERIFICATION,2010-12-21 12:00:00,E0012,CAL_004683,5.5,-221.211517716204,2267.31157618927,FLAT_START,CONVERGED_FEASIBLE,CONVERGED,PASSED,0.999511174423346,22,1.049846108894,30,1.43889723256295e-14,1.63424829224823e-13,22,24,0.1244
ATT_T007_001392_1,CALL_T007_001392,1,COMBINED_REPAIRED_GEOMETRY_FINAL_VERIFICATION,2010-12-21 12:00:00,E0012,CAL_004684,5.5,-236.298671894601,2274.42372508542,FLAT_START,CONVERGED_FEASIBLE,CONVERGED,PASSED,0.999506180113307,22,1.04984598985573,30,1.45476570883816e-14,1.65645275274073e-13,22,24,0.121
ATT_T007_001393_1,CALL_T007_001393,1,COMBINED_REPAIRED_GEOMETRY_FINAL_VERIFICATION,2010-12-21 12:00:00,E0012,CAL_004685,5.5,-251.504657399599,2281.5918915763,FLAT_START,CONVERGED_FEASIBLE,CONVERGED,PASSED,0.999501132105386,22,1.04984551829866,30,1.47191081468357e-14,1.68309810533174e-13,22,24,0.126
ATT_T007_001394_1,CALL_T007_001394,1,COMBINED_REPAIRED_GEOMETRY_FINAL_VERIFICATION,2010-12-21 12:00:00,E0012,CAL_004686,5.5,-266.83322755908,2288.81784499669,FLAT_START,CONVERGED_FEASIBLE,CONVERGED,PASSED,0.999496028755796,22,1.04984468449154,30,1.49889424142439e-14,1.70308211977499e-13,22,24,0.1552
ATT_T007_001395_1,CALL_T007_001395,1,COMBINED_REPAIRED_GEOMETRY_FINAL_VERIFICATION,2010-12-21 12:00:00,E0012,CAL_004687,5.5,-282.288234114676,2296.10340107405,FLAT_START,CONVERGED_FEASIBLE,CONVERGED,PASSED,0.999490868367633,22,1.04984347820621,30,1.52595364450045e-14,1.72084568816899e-13,22,24,0.1225
ATT_T007_001396_1,CALL_T007_001396,1,COMBINED_REPAIRED_GEOMETRY_FINAL_VERIFICATION,2010-12-21 12:00:00,E0012,CAL_004688,5.5,-297.873631456266,2303.45042392464,FLAT_START,CONVERGED_FEASIBLE,CONVERGED,PASSED,0.999485649188449,22,1.049841888693,30,1.54485648919424e-14,1.74527059471075e-13,22,24,0.1317
ATT_T007_001397_1,CALL_T007_001397,1,COMBINED_REPAIRED_GEOMETRY_FINAL_VERIFICATION,2010-12-21 12:00:00,E0012,CAL_004689,5.5,-313.593481047266,2310.86082813966,FLAT_START,CONVERGED_FEASIBLE,CONVERGED,PASSED,0.99944325643723,18,1.04983990465461,30,1.56382672588275e-14,1.78079773149875e-13,22,24,0.147
ATT_T007_001398_1,CALL_T007_001398,1,COMBINED_REPAIRED_GEOMETRY_FINAL_VERIFICATION,2010-12-21 12:00:00,E0012,CAL_004690,5.5,-329.451956051632,2318.33658096643,FLAT_START,CONVERGED_FEASIBLE,CONVERGED,PASSED,0.998808030617419,18,1.04983751421823,30,1.59326251594306e-14,1.79856129989275e-13,22,24,0.1227
ATT_T007_001399_1,CALL_T007_001399,1,COMBINED_REPAIRED_GEOMETRY_FINAL_VERIFICATION,2010-12-21 12:00:00,E0012,CAL_004691,5.5,-345.453346174204,2325.87970459011,FLAT_START,CONVERGED_FEASIBLE,CONVERGED,PASSED,0.998165867765832,18,1.04983470490597,30,1.61285032421976e-14,1.82520665248376e-13,22,24,0.1216
ATT_T007_001400_1,CALL_T007_001400,1,COMBINED_REPAIRED_GEOMETRY_FINAL_VERIFICATION,2010-12-21 12:00:00,E0013,CAL_004692,5.25,-361.633189062664,2333.7453217875,FLAT_START,CONVERGED_FEASIBLE,CONVERGED,PASSED,0.997518110996112,18,1.04983796475896,30,1.64411435442474e-14,1.84963155902551e-13,22,24,0.1252
ATT_T007_001401_1,CALL_T007_001401,1,COMBINED_REPAIRED_GEOMETRY_FINAL_VERIFICATION,2010-12-21 12:00:00,E0013,CAL_004693,5.25,-377.963714232858,2341.64877552226,FLAT_START,CONVERGED_FEASIBLE,CONVERGED,PASSED,0.996862632410326,18,1.04983986903289,30,1.67542147418331e-14,1.88071780371502e-13,22,24,0.1465
ATT_T007_001402_1,CALL_T007_001402,1,COMBINED_REPAIRED_GEOMETRY_FINAL_VERIFICATION,2010-12-21 12:00:00,E0013,CAL_004694,5.25,-394.454026235073,2349.62956099137,FLAT_START,CONVERGED_FEASIBLE,CONVERGED,PASSED,0.996199437790786,18,1.04984136334452,30,1.68892178727007e-14,1.91402449445377e-13,22,24,0.1329
ATT_T007_001403_1,CALL_T007_001403,1,COMBINED_REPAIRED_GEOMETRY_FINAL_VERIFICATION,2010-12-21 12:00:00,E0013,CAL_004695,5.25,-411.109030871733,2357.69005244686,FLAT_START,CONVERGED_FEASIBLE,CONVERGED,PASSED,0.995528284964704,18,1.04984243377862,30,1.72256626127451e-14,1.94511073914327e-13,22,24,0.1232
ATT_T007_001404_1,CALL_T007_001404,1,COMBINED_REPAIRED_GEOMETRY_FINAL_VERIFICATION,2010-12-21 12:00:00,E0013,CAL_004696,5.25,-427.93378311295,2365.83269633316,FLAT_START,CONVERGED_FEASIBLE,CONVERGED,PASSED,0.994848923338467,18,1.04984306566419,30,1.75746950875793e-14,1.97841742988203e-13,22,24,0.1465
ATT_T007_001405_1,CALL_T007_001405,1,COMBINED_REPAIRED_GEOMETRY_FINAL_VERIFICATION,2010-12-21 12:00:00,E0013,CAL_004697,5.25,-444.93349374943,2374.06001450692,FLAT_START,CONVERGED_FEASIBLE,CONVERGED,PASSED,0.994161093491986,18,1.04984324353186,30,6.2752503813917e-15,2.19602114270856e-13,22,25,0.1234
ATT_T007_001406_1,CALL_T007_001406,1,COMBINED_REPAIRED_GEOMETRY_FINAL_VERIFICATION,2010-12-21 12:00:00,E0013,CAL_004698,5.25,-462.113536378709,2382.37460761808,FLAT_START,CONVERGED_FEASIBLE,CONVERGED,PASSED,0.993464526750187,18,1.04984295106845,30,6.36784830332044e-15,2.23820961764432e-13,22,25,0.1236
ATT_T007_001407_1,CALL_T007_001407,1,COMBINED_REPAIRED_GEOMETRY_FINAL_VERIFICATION,2010-12-21 12:00:00,E0013,CAL_004699,5.25,-479.479454745889,2390.77915866259,FLAT_START,CONVERGED_FEASIBLE,CONVERGED,PASSED,0.992758944729915,18,1.04984217106826,30,6.56912089239592e-15,2.27595720048157e-13,22,25,0.1259
ATT_T007_001408_1,CALL_T007_001408,1,COMBINED_REPAIRED_GEOMETRY_FINAL_VERIFICATION,2010-12-21 12:00:00,E0013,CAL_004700,5.25,-497.036970460743,2399.27643671724,FLAT_START,CONVERGED_FEASIBLE,CONVERGED,PASSED,0.992044058860759,18,1.04984088538111,30,6.66099480821476e-15,2.31370478331883e-13,22,25,0.1488
ATT_T007_001409_1,CALL_T007_001409,1,COMBINED_REPAIRED_GEOMETRY_FINAL_VERIFICATION,2010-12-21 12:00:00,E0013,CAL_004701,5.25,-514.791991114577,2407.86930086795,FLAT_START,CONVERGED_FEASIBLE,CONVERGED,PASSED,0.991319569877837,18,1.04983907485665,30,6.76554609941276e-15,2.36033415035308e-13,22,25,0.1231
ATT_T007_001410_1,CALL_T007_001410,1,COMBINED_REPAIRED_GEOMETRY_FINAL_VERIFICATION,2010-12-21 12:00:00,E0014,CAL_004702,5,-532.800249891321,2416.82621791581,FLAT_START,CONVERGED_FEASIBLE,CONVERGED,PASSED,0.990585999220319,18,1.04984329229686,30,6.88291058392267e-15,2.41362485553509e-13,22,25,0.1247
ATT_T007_001411_1,CALL_T007_001411,1,COMBINED_REPAIRED_GEOMETRY_FINAL_VERIFICATION,2010-12-21 12:00:00,E0014,CAL_004703,5,-551.01280637478,2425.83775068477,FLAT_START,CONVERGED_FEASIBLE,CONVERGED,PASSED,0.989841892172827,18,1.04984573296914,30,7.10217400628001e-15,2.4580337765201e-13,22,25,0.153
ATT_T007_001412_1,CALL_T007_001412,1,COMBINED_REPAIRED_GEOMETRY_FINAL_VERIFICATION,2010-12-21 12:00:00,E0014,CAL_004704,5,-569.445511941275,2434.95821273435,FLAT_START,CONVERGED_FEASIBLE,CONVERGED,PASSED,0.989087084495049,18,1.0498476439692,30,7.22503810264343e-15,2.51798581984986e-13,22,25,0.1248
ATT_T007_001413_1,CALL_T007_001413,1,COMBINED_REPAIRED_GEOMETRY_FINAL_VERIFICATION,2010-12-21 12:00:00,E0014,CAL_004705,5,-588.105241776039,2444.19100589103,FLAT_START,CONVERGED_FEASIBLE,CONVERGED,PASSED,0.988321222682559,18,1.04984900302744,30,7.36084197170756e-15,2.57349697108111e-13,22,25,0.1253
ATT_T007_001414_1,CALL_T007_001414,1,COMBINED_REPAIRED_GEOMETRY_FINAL_VERIFICATION,2010-12-21 12:00:00,E0014,CAL_004706,5,-606.999111503207,2453.53965094993,FLAT_START,CONVERGED_FEASIBLE,CONVERGED,PASSED,0.987543939159041,18,1.04984978656456,30,7.58627718733975e-15,2.62678767626312e-13,22,25,0.1229
ATT_T007_001415_1,CALL_T007_001415,1,COMBINED_REPAIRED_GEOMETRY_FINAL_VERIFICATION,2010-12-21 12:00:00,E0014,CAL_004707,5,-626.134488692999,2463.00779336854,FLAT_START,CONVERGED_FEASIBLE,CONVERGED,PASSED,0.986754851530793,18,1.04984996960745,30,7.72765084368373e-15,2.68896016564213e-13,22,25,0.1255
ATT_T007_001416_1,CALL_T007_001416,1,COMBINED_REPAIRED_GEOMETRY_FINAL_VERIFICATION,2010-12-21 12:00:00,E0014,CAL_004708,5,-645.519005014354,2472.59920927982,FLAT_START,CONVERGED_FEASIBLE,CONVERGED,PASSED,0.985953561793788,18,1.04984952569865,30,7.86353040947333e-15,2.75113265502114e-13,22,25,0.1319
ATT_T007_001417_1,CALL_T007_001417,1,COMBINED_REPAIRED_GEOMETRY_FINAL_VERIFICATION,2010-12-21 12:00:00,E0014,CAL_004709,5,-665.160569076227,2482.31781184602,FLAT_START,CONVERGED_FEASIBLE,CONVERGED,PASSED,0.985139655489715,18,1.04984842679883,30,8.1317797360457e-15,2.82218692859715e-13,22,25,0.1255
ATT_T007_001418_1,CALL_T007_001418,1,COMBINED_REPAIRED_GEOMETRY_FINAL_VERIFICATION,2010-12-21 12:00:00,E0014,CAL_004710,5,-685.067380004113,2492.16765797637,FLAT_START,CONVERGED_FEASIBLE,CONVERGED,PASSED,0.984312700807059,18,1.04984664318183,30,8.18705092305946e-15,2.89768209427166e-13,22,25,0.1504
ATT_T007_001419_1,CALL_T007_001419,1,COMBINED_REPAIRED_GEOMETRY_FINAL_VERIFICATION,2010-12-21 12:00:00,E0014,CAL_004711,5,-705.247941801968,2502.15295543325,FLAT_START,CONVERGED_FEASIBLE,CONVERGED,PASSED,0.983472247622967,18,1.04984414332139,30,8.55449399461402e-15,9.61453139325386e-14,23,25,0.1255
ATT_T007_001420_1,CALL_T007_001420,1,COMBINED_REPAIRED_GEOMETRY_FINAL_VERIFICATION,2010-12-21 12:00:00,E0015,CAL_004712,5.25,-725.613827171191,2511.89505564134,FLAT_START,CONVERGED_FEASIBLE,CONVERGED,PASSED,0.982617895233069,18,1.04983180552466,30,8.62730847922811e-15,9.88098491916389e-14,23,25,0.1278
ATT_T007_001421_1,CALL_T007_001421,1,COMBINED_REPAIRED_GEOMETRY_FINAL_VERIFICATION,2010-12-21 12:00:00,E0015,CAL_004713,5.25,-746.451439026261,2522.4918986828,FLAT_START,CONVERGED_FEASIBLE,CONVERGED,PASSED,0.981748977041463,18,1.0498355449468,30,8.81496282103603e-15,1.01918473660589e-13,23,25,0.1549
ATT_T007_001422_1,CALL_T007_001422,1,COMBINED_REPAIRED_GEOMETRY_FINAL_VERIFICATION,2010-12-21 12:00:00,E0015,CAL_004714,5.25,-767.596840114071,2533.24526610009,FLAT_START,CONVERGED_FEASIBLE,CONVERGED,PASSED,0.98086485166638,18,1.04983856511944,30,9.21087919463548e-15,1.04805053524615e-13,23,25,0.1283
ATT_T007_001423_1,CALL_T007_001423,1,COMBINED_REPAIRED_GEOMETRY_FINAL_VERIFICATION,2010-12-21 12:00:00,E0015,CAL_004715,5.25,-789.060193932875,2544.16032647952,FLAT_START,CONVERGED_FEASIBLE,CONVERGED,PASSED,0.979964972168226,18,1.04984082866531,30,9.43362978233964e-15,1.0813572259849e-13,23,25,0.1251
ATT_T007_001424_1,CALL_T007_001424,1,COMBINED_REPAIRED_GEOMETRY_FINAL_VERIFICATION,2010-12-21 12:00:00,E0015,CAL_004716,5.25,-810.852070299772,2555.24245503846,FLAT_START,CONVERGED_FEASIBLE,CONVERGED,PASSED,0.979048766595727,18,1.04984229574716,30,9.65146265580758e-15,1.11466391672366e-13,23,25,0.1573
ATT_T007_001425_1,CALL_T007_001425,1,COMBINED_REPAIRED_GEOMETRY_FINAL_VERIFICATION,2010-12-21 12:00:00,E0015,CAL_004717,5.25,-832.983466750374,2566.49724450793,FLAT_START,CONVERGED_FEASIBLE,CONVERGED,PASSED,0.978115636494093,18,1.0498429238863,30,9.99224815253781e-15,1.15907283770866e-13,23,25,0.1339
ATT_T007_001426_1,CALL_T007_001426,1,COMBINED_REPAIRED_GEOMETRY_FINAL_VERIFICATION,2010-12-21 12:00:00,E0015,CAL_004718,5.25,-855.465831284595,2577.93051669993,FLAT_START,CONVERGED_FEASIBLE,CONVERGED,PASSED,0.977164955304989,18,1.04984266776551,30,1.0241628756999e-14,1.19682042054592e-13,23,25,0.1308
ATT_T007_001427_1,CALL_T007_001427,1,COMBINED_REPAIRED_GEOMETRY_FINAL_VERIFICATION,2010-12-21 12:00:00,E0015,CAL_004719,5.25,-878.311086560071,2589.54833481077,FLAT_START,CONVERGED_FEASIBLE,CONVERGED,PASSED,0.976196066648958,18,1.0498414790147,30,1.06070089305833e-14,1.26898491714655e-13,23,25,0.1289
ATT_T007_001428_1,CALL_T007_001428,1,COMBINED_REPAIRED_GEOMETRY_FINAL_VERIFICATION,2010-12-21 12:00:00,E0015,CAL_004720,5.25,-901.531655642379,2601.35701651624,FLAT_START,CONVERGED_FEASIBLE,CONVERGED,PASSED,0.97520828247993,18,1.04983930597777,30,1.08946048261932e-14,1.37889699658444e-13,23,25,0.1544
ATT_T007_001429_1,CALL_T007_001429,1,COMBINED_REPAIRED_GEOMETRY_FINAL_VERIFICATION,2010-12-21 12:00:00,E0015,CAL_004721,5.25,-925.140489430718,2613.36314791878,FLAT_START,CONVERGED_FEASIBLE,CONVERGED,PASSED,0.974200881100493,18,1.04983609345865,30,1.11965304850348e-14,1.50657264441634e-13,23,25,0.1273
ATT_T007_001430_1,CALL_T007_001430,1,COMBINED_REPAIRED_GEOMETRY_FINAL_VERIFICATION,2010-12-21 12:00:00,E0016,CAL_004722,5.25,-949.119272016687,2625.4757697742,FLAT_START,CONVERGED_FEASIBLE,CONVERGED,PASSED,0.973173487059384,18,1.04982957464888,30,1.16108659113862e-14,1.64757096854373e-13,23,25,0.126
ATT_T007_001431_1,CALL_T007_001431,1,COMBINED_REPAIRED_GEOMETRY_FINAL_VERIFICATION,2010-12-21 12:00:00,E0016,CAL_004723,5.25,-973.714576736909,2638.40728075322,FLAT_START,CONVERGED_FEASIBLE,CONVERGED,PASSED,0.972122385243937,18,1.04983555036502,30,1.20694315532103e-14,1.80633286106513e-13,23,25,0.1256
ATT_T007_001432_1,CALL_T007_001432,1,COMBINED_REPAIRED_GEOMETRY_FINAL_VERIFICATION,2010-12-21 12:00:00,E0016,CAL_004724,5.25,-998.752848632702,2651.57169126161,FLAT_START,CONVERGED_FEASIBLE,CONVERGED,PASSED,0.971048795949019,18,1.04984047798101,30,1.24605611118273e-14,1.98063787593128e-13,23,25,0.1244
ATT_T007_001433_1,CALL_T007_001433,1,COMBINED_REPAIRED_GEOMETRY_FINAL_VERIFICATION,2010-12-21 12:00:00,E0016,CAL_004725,5.25,-1024.25008200007,2664.97741064486,FLAT_START,CONVERGED_FEASIBLE,CONVERGED,PASSED,0.969951809598678,18,1.04984428975269,30,1.2975636978681e-14,2.18491891246231e-13,23,25,0.1244
ATT_T007_001434_1,CALL_T007_001434,1,COMBINED_REPAIRED_GEOMETRY_FINAL_VERIFICATION,2010-12-21 12:00:00,E0016,CAL_004726,5.25,-1050.22300538062,2678.63323429386,FLAT_START,CONVERGED_FEASIBLE,CONVERGED,PASSED,0.968830468183325,18,1.04984691279945,30,1.35447209004269e-14,2.41251463251047e-13,23,25,0.125
ATT_T007_001435_1,CALL_T007_001435,1,COMBINED_REPAIRED_GEOMETRY_FINAL_VERIFICATION,2010-12-21 12:00:00,E0016,CAL_004727,5.25,-1076.68912508684,2692.5483665293,FLAT_START,CONVERGED_FEASIBLE,CONVERGED,PASSED,0.967683761923116,18,1.04984826866215,30,1.4432899320127e-14,2.6700863742235e-13,23,25,0.1506
ATT_T007_001436_1,CALL_T007_001436,1,COMBINED_REPAIRED_GEOMETRY_FINAL_VERIFICATION,2010-12-21 12:00:00,E0016,CAL_004728,5.25,-1103.66677184219,2706.7324451237,FLAT_START,CONVERGED_FEASIBLE,CONVERGED,PASSED,0.966510625649378,18,1.04984827281691,30,1.59872115546023e-14,2.96984659087229e-13,23,25,0.1362
ATT_T007_001437_1,CALL_T007_001437,1,COMBINED_REPAIRED_GEOMETRY_FINAL_VERIFICATION,2010-12-21 12:00:00,E0016,CAL_004729,5.25,-1131.17515079999,2721.19556759989,FLAT_START,CONVERGED_FEASIBLE,CONVERGED,PASSED,0.965309934875523,18,1.04984683413962,30,1.68753899743024e-14,3.30069305221059e-13,23,25,0.1272
ATT_T007_001438_1,CALL_T007_001438,1,COMBINED_REPAIRED_GEOMETRY_FINAL_VERIFICATION,2010-12-21 12:00:00,E0016,CAL_004730,5.25,-1159.23439523054,2735.94831945819,FLAT_START,CONVERGED_FEASIBLE,CONVERGED,PASSED,0.964080501525537,18,1.04984385431541,30,1.82076576038526e-14,3.68149954965702e-13,23,25,0.13
ATT_T007_001439_1,CALL_T007_001439,1,COMBINED_REPAIRED_GEOMETRY_FINAL_VERIFICATION,2010-12-21 12:00:00,E0016,CAL_004731,5.25,-1187.86562419475,2751.00180449954,FLAT_START,CONVERGED_FEASIBLE,CONVERGED,PASSED,0.962821069284271,18,1.04983922718657,30,2.02060590481778e-14,4.12003764438396e-13,23,25,0.1295
ATT_T007_001440_1,CALL_T007_001440,1,COMBINED_REPAIRED_GEOMETRY_FINAL_VERIFICATION,2010-12-21 12:00:00,E0017,CAL_004732,5.75,-1216.73222707906,2765.47689563067,FLAT_START,CONVERGED_FEASIBLE,CONVERGED,PASSED,0.961537648516145,18,1.04981394229563,30,2.17603712826531e-14,4.61963800546528e-13,23,25,0.1311
ATT_T007_001441_1,CALL_T007_001441,1,COMBINED_REPAIRED_GEOMETRY_FINAL_VERIFICATION,2010-12-21 12:00:00,E0017,CAL_004733,5.75,-1246.92124436464,2782.027581315,FLAT_START,CONVERGED_FEASIBLE,CONVERGED,PASSED,0.960207077553571,18,1.04982391830228,30,2.42028619368284e-14,5.20250509339348e-13,23,25,0.1492
ATT_T007_001442_1,CALL_T007_001442,1,COMBINED_REPAIRED_GEOMETRY_FINAL_VERIFICATION,2010-12-21 12:00:00,E0017,CAL_004734,5.75,-1277.77832386444,2798.94452230404,FLAT_START,CONVERGED_FEASIBLE,CONVERGED,PASSED,0.958841180883483,18,1.04983221484374,30,2.68673971959288e-14,5.88529225353795e-13,23,25,0.1556
ATT_T007_001443_1,CALL_T007_001443,1,COMBINED_REPAIRED_GEOMETRY_FINAL_VERIFICATION,2010-12-21 12:00:00,E0017,CAL_004735,5.75,-1309.33074868908,2816.24267616281,FLAT_START,CONVERGED_FEASIBLE,CONVERGED,PASSED,0.957438291364496,18,1.04983869466479,30,1.11022302462516e-14,7.29638571783653e-13,23,26,0.1295
ATT_T007_001444_1,CALL_T007_001444,1,COMBINED_REPAIRED_GEOMETRY_FINAL_VERIFICATION,2010-12-21 12:00:00,E0017,CAL_004736,5.75,-1341.60726233585,2833.93780109185,FLAT_START,CONVERGED_FEASIBLE,CONVERGED,PASSED,0.955996635782412,18,1.0498432081159,30,1.28785870856518e-14,8.29780688604842e-13,23,26,0.1295
ATT_T007_001445_1,CALL_T007_001445,1,COMBINED_REPAIRED_GEOMETRY_FINAL_VERIFICATION,2010-12-21 12:00:00,E0017,CAL_004737,5.75,-1374.63816869394,2852.0465107537,FLAT_START,CONVERGED_FEASIBLE,CONVERGED,PASSED,0.954514326116994,18,1.04984559187474,30,1.50990331349021e-14,3.12305736827057e-13,24,26,0.13
ATT_T007_001446_1,CALL_T007_001446,1,COMBINED_REPAIRED_GEOMETRY_FINAL_VERIFICATION,2010-12-21 12:00:00,E0017,CAL_004738,5.75,-1408.45544035464,2870.58633365231,FLAT_START,CONVERGED_FEASIBLE,CONVERGED,PASSED,0.952989349920244,18,1.04984566751472,30,1.75415237890775e-14,3.58379992349001e-13,24,26,0.1328
ATT_T007_001447_1,CALL_T007_001447,1,COMBINED_REPAIRED_GEOMETRY_FINAL_VERIFICATION,2010-12-21 12:00:00,E0017,CAL_004739,5.75,-1443.09283605252,2889.57577751848,FLAT_START,CONVERGED_FEASIBLE,CONVERGED,PASSED,0.951419559695758,18,1.04984323989892,30,2.06501482580279e-14,4.13225009765483e-13,24,26,0.1331
ATT_T007_001448_1,CALL_T007_001448,1,COMBINED_REPAIRED_GEOMETRY_FINAL_VERIFICATION,2010-12-21 12:00:00,E0017,CAL_004740,5.75,-1478.58602814903,2909.03439920086,FLAT_START,CONVERGED_FEASIBLE,CONVERGED,PASSED,0.949802661154419,18,1.04983809537496,30,2.42028619368284e-14,4.7839510131098e-13,24,26,0.161
ATT_T007_001449_1,CALL_T007_001449,1,COMBINED_REPAIRED_GEOMETRY_FINAL_VERIFICATION,2010-12-21 12:00:00,E0017,CAL_004741,5.75,-1514.97274117518,2928.98288061993,FLAT_START,CONVERGED_FEASIBLE,CONVERGED,PASSED,0.948136200202753,18,1.04982999974218,30,2.8643754035329e-14,5.55777646127353e-13,24,26,0.1326
ATT_T007_001450_1,CALL_T007_001450,1,COMBINED_REPAIRED_GEOMETRY_FINAL_VERIFICATION,2010-12-21 12:00:00,E0018,CAL_004742,6.75,-1551.34264764391,2947.49775628171,FLAT_START,CONVERGED_FEASIBLE,CONVERGED,PASSED,0.946443851636852,18,1.0497806543223,30,3.37507799486048e-14,6.45705711121991e-13,24,26,0.1373
ATT_T007_001451_1,CALL_T007_001451,1,COMBINED_REPAIRED_GEOMETRY_FINAL_VERIFICATION,2010-12-21 12:00:00,E0018,CAL_004743,6.75,-1591.33986075109,2970.73968309371,FLAT_START,CONVERGED_FEASIBLE,CONVERGED,PASSED,0.94460763529593,18,1.04980060776213,30,1.47659662275146e-14,8.37441227474756e-13,24,27,0.1398
ATT_T007_001452_1,CALL_T007_001452,1,COMBINED_REPAIRED_GEOMETRY_FINAL_VERIFICATION,2010-12-21 12:00:00,E0018,CAL_004744,6.75,-1632.45097786933,2994.62888689051,FLAT_START,CONVERGED_FEASIBLE,CONVERGED,PASSED,0.942708574922155,18,1.04981735906404,30,1.7874590696465e-14,9.91873250200115e-13,24,27,0.1335
ATT_T007_001453_1,CALL_T007_001453,1,COMBINED_REPAIRED_GEOMETRY_FINAL_VERIFICATION,2010-12-21 12:00:00,E0018,CAL_004745,6.75,-1674.72971886065,3019.19658367455,FLAT_START,CONVERGED_FEASIBLE,CONVERGED,PASSED,0.940743009831447,18,1.04983056249291,30,2.18713935851156e-14,4.00790511889682e-13,25,27,0.1357
ATT_T007_001454_1,CALL_T007_001454,1,COMBINED_REPAIRED_GEOMETRY_FINAL_VERIFICATION,2010-12-21 12:00:00,E0018,CAL_004746,6.75,-1718.23326523087,3044.47600097018,FLAT_START,CONVERGED_FEASIBLE,CONVERGED,PASSED,0.938706985931319,18,1.04983983305181,30,2.67563748934663e-14,4.82724971107018e-13,25,27,0.1747
ATT_T007_001455_1,CALL_T007_001455,1,COMBINED_REPAIRED_GEOMETRY_FINAL_VERIFICATION,2010-12-21 12:00:00,E0018,CAL_004747,6.75,-1763.0225446283,3070.5025431427,FLAT_START,CONVERGED_FEASIBLE,CONVERGED,PASSED,0.936596225033927,18,1.04984474136236,30,3.26405569239796e-14,5.83755266347907e-13,25,27,0.1373
ATT_T007_001456_1,CALL_T007_001456,1,COMBINED_REPAIRED_GEOMETRY_FINAL_VERIFICATION,2010-12-21 12:00:00,E0018,CAL_004748,6.75,-1809.16254385624,3097.31397328629,FLAT_START,CONVERGED_FEASIBLE,CONVERGED,PASSED,0.934406090146465,18,1.04984480776399,30,4.03010957938932e-14,7.096545573404e-13,25,27,0.1357
ATT_T007_001457_1,CALL_T007_001457,1,COMBINED_REPAIRED_GEOMETRY_FINAL_VERIFICATION,2010-12-21 12:00:00,E0018,CAL_004749,6.75,-1856.72265378549,3124.9506136488,FLAT_START,CONVERGED_FEASIBLE,CONVERGED,PASSED,0.932131546095081,18,1.04983949549288,30,1.90958360235527e-14,9.60564960905685e-13,25,28,0.174
ATT_T007_001458_1,CALL_T007_001458,1,COMBINED_REPAIRED_GEOMETRY_FINAL_VERIFICATION,2010-12-21 12:00:00,E0018,CAL_004750,6.75,-1905.77705002585,3153.45556683566,FLAT_START,CONVERGED_FEASIBLE,CONVERGED,PASSED,0.929767114715467,18,1.04982820277281,30,2.40918396343659e-14,1.1838308111578e-12,25,28,0.1414
ATT_T007_001459_1,CALL_T007_001459,1,COMBINED_REPAIRED_GEOMETRY_FINAL_VERIFICATION,2010-12-21 12:00:00,E0018,CAL_004751,6.75,-1956.40511375832,3182.87496035066,FLAT_START,CONVERGED_FEASIBLE,CONVERGED,PASSED,0.927306823690127,18,1.04981025361398,30,3.03090885722668e-14,5.14366327308835e-13,26,28,0.1395
ATT_T007_001460_1,CALL_T007_001460,1,COMBINED_REPAIRED_GEOMETRY_FINAL_VERIFICATION,2010-12-21 12:00:00,E0018,CAL_004752,6.75,-2008.69189776018,3213.25821739783,FLAT_START,CONVERGED_FEASIBLE,CONVERGED,PASSED,0.924744147928511,18,1.04978488707229,30,3.8746783559418e-14,6.46704911844154e-13,26,28,0.1443
ATT_T007_001461_1,CALL_T007_001461,1,COMBINED_REPAIRED_GEOMETRY_FINAL_VERIFICATION,2010-12-21 12:00:00,E0019,CAL_004753,0,-2008.69189776113,3213.25821739838,FLAT_START,CONVERGED_FEASIBLE,CONVERGED,PASSED,0.924744147928464,18,1.04978488707229,30,3.8746783559418e-14,6.46815934146616e-13,26,28,0.1533
ATT_T007_001462_1,CALL_T007_001462,1,COMBINED_REPAIRED_GEOMETRY_FINAL_VERIFICATION,2010-12-21 12:00:00,E0019,CAL_004754,0,-2023.23230363901,3180.32516291784,FLAT_START,CONVERGED_FEASIBLE,CONVERGED,PASSED,0.923503460011266,18,1.04866637838989,30,4.16333634234434e-14,6.96220858742436e-13,26,28,0.1396
ATT_T007_001463_1,CALL_T007_001463,1,COMBINED_REPAIRED_GEOMETRY_FINAL_VERIFICATION,2010-12-21 12:00:00,E0019,CAL_004755,0,-2037.69450377906,3147.56923924414,FLAT_START,CONVERGED_FEASIBLE,CONVERGED,PASSED,0.922265235824588,18,1.04755084999196,30,4.50750547997814e-14,7.48512363202281e-13,26,28,0.1651
ATT_T007_001464_1,CALL_T007_001464,1,COMBINED_REPAIRED_GEOMETRY_FINAL_VERIFICATION,2010-12-21 12:00:00,E0019,CAL_004756,0,-2052.08131273832,3114.98407159233,FLAT_START,CONVERGED_FEASIBLE,CONVERGED,PASSED,0.921029263502978,18,1.04643811017468,30,4.89608353859694e-14,8.05577826668014e-13,26,28,0.14
ATT_T007_001465_1,CALL_T007_001465,1,COMBINED_REPAIRED_GEOMETRY_FINAL_VERIFICATION,2010-12-21 12:00:00,E0019,CAL_004757,0,-2066.39549295472,3082.56340322378,FLAT_START,CONVERGED_FEASIBLE,CONVERGED,PASSED,0.919795332663445,18,1.04532796907795,30,2.07611705604904e-14,9.63340518467248e-13,26,29,0.1404
ATT_T007_001466_1,CALL_T007_001466,1,COMBINED_REPAIRED_GEOMETRY_FINAL_VERIFICATION,2010-12-21 12:00:00,E0019,CAL_004758,0,-2080.63975702782,3050.30109028049,FLAT_START,CONVERGED_FEASIBLE,CONVERGED,PASSED,0.918563234255377,18,1.04422023854935,30,2.25375273998907e-14,1.03705932730236e-12,26,29,0.193
ATT_T007_001467_1,CALL_T007_001467,1,COMBINED_REPAIRED_GEOMETRY_FINAL_VERIFICATION,2010-12-21 12:00:00,E0019,CAL_004759,0,-2094.81676992431,3018.19109678977,FLAT_START,CONVERGED_FEASIBLE,CONVERGED,PASSED,0.917332760411387,18,1.04311473201034,30,2.43138842392909e-14,1.11644027356306e-12,26,29,0.1425
ATT_T007_001468_1,CALL_T007_001468,1,COMBINED_REPAIRED_GEOMETRY_FINAL_VERIFICATION,2010-12-21 12:00:00,E0019,CAL_004760,0,-2108.92915111215,2986.22748983049,FLAT_START,CONVERGED_FEASIBLE,CONVERGED,PASSED,0.916103704300737,18,1.04201126432484,30,2.65343302885412e-14,1.20181642415673e-12,26,29,0.1418
ATT_T007_001469_1,CALL_T007_001469,1,COMBINED_REPAIRED_GEOMETRY_FINAL_VERIFICATION,2010-12-21 12:00:00,E0019,CAL_004761,0,-2122.9794766271,2954.40443485256,FLAT_START,CONVERGED_FEASIBLE,CONVERGED,PASSED,0.91487585998373,18,1.04090965166979,30,2.8643754035329e-14,1.29418697980554e-12,26,29,0.1656
ATT_T007_001470_1,CALL_T007_001470,1,COMBINED_REPAIRED_GEOMETRY_FINAL_VERIFICATION,2010-12-21 12:00:00,E0019,CAL_004762,0,-2136.9702810753,2922.71619114129,FLAT_START,CONVERGED_FEASIBLE,CONVERGED,PASSED,0.913649022267387,18,1.03980971140751,30,3.08642000845794e-14,1.39366296281196e-12,26,29,0.1404
ATT_T007_001471_1,CALL_T007_001471,1,COMBINED_REPAIRED_GEOMETRY_FINAL_VERIFICATION,2010-12-21 12:00:00,E0019,CAL_004763,0,-2150.90405957526,2891.15710741881,FLAT_START,CONVERGED_FEASIBLE,CONVERGED,PASSED,0.912422986562096,18,1.03871126195971,30,3.34177130412172e-14,5.38014077733351e-13,27,29,0.1461
ATT_T007_001472_1,CALL_T007_001472,1,COMBINED_REPAIRED_GEOMETRY_FINAL_VERIFICATION,2010-12-21 12:00:00,E0019,CAL_004764,0,-2164.78326964269,2859.72161757511,FLAT_START,CONVERGED_FEASIBLE,CONVERGED,PASSED,0.911197548739006,18,1.037614122683,30,3.61932706027801e-14,5.80535619576494e-13,27,29,0.1422
ATT_T007_001473_1,CALL_T007_001473,1,COMBINED_REPAIRED_GEOMETRY_FINAL_VERIFICATION,2010-12-21 12:00:00,E0019,CAL_004765,0,-2178.61033302126,2828.40423652149,FLAT_START,CONVERGED_FEASIBLE,CONVERGED,PASSED,0.90997250498796,18,1.03651811374555,30,3.93018950717305e-14,6.26498852795976e-13,27,29,0.1449
ATT_T007_001474_1,CALL_T007_001474,1,COMBINED_REPAIRED_GEOMETRY_FINAL_VERIFICATION,2010-12-21 12:00:00,E0019,CAL_004766,0,-2192.38763746228,2797.19955615963,FLAT_START,CONVERGED_FEASIBLE,CONVERGED,PASSED,0.908747651675724,18,1.03542305600487,30,4.25215418431435e-14,6.75903777391795e-13,27,29,0.1427
ATT_T007_001475_1,CALL_T007_001475,1,COMBINED_REPAIRED_GEOMETRY_FINAL_VERIFICATION,2010-12-21 12:00:00,E0019,CAL_004767,0,-2206.11753845632,2766.1022414597,FLAT_START,CONVERGED_FEASIBLE,CONVERGED,PASSED,0.907522785204316,18,1.03432877088652,30,4.5852210917019e-14,7.29638571783653e-13,27,29,0.1647
ATT_T007_001476_1,CALL_T007_001476,1,COMBINED_REPAIRED_GEOMETRY_FINAL_VERIFICATION,2010-12-21 12:00:00,E0019,CAL_004768,0,-2219.8023609194,2735.10702664122,FLAT_START,CONVERGED_FEASIBLE,CONVERGED,PASSED,0.906297701869197,18,1.03323508026343,30,4.9960036108132e-14,7.87370169064161e-13,27,29,0.1451
ATT_T007_001477_1,CALL_T007_001477,1,COMBINED_REPAIRED_GEOMETRY_FINAL_VERIFICATION,2010-12-21 12:00:00,E0019,CAL_004769,0,-2233.44440083643,2704.20871145066,FLAT_START,CONVERGED_FEASIBLE,CONVERGED,PASSED,0.905072197717119,18,1.0321418063358,30,5.40678612992451e-14,8.4909856923332e-13,27,29,0.1411
ATT_T007_001478_1,CALL_T007_001478,1,COMBINED_REPAIRED_GEOMETRY_FINAL_VERIFICATION,2010-12-21 12:00:00,E0019,CAL_004770,0,-2247.04592686464,2673.40215753,FLAT_START,CONVERGED_FEASIBLE,CONVERGED,PASSED,0.90384606840328,18,1.03104877151133,30,2.36477504245158e-14,1.02418074021671e-12,27,30,0.1441
ATT_T007_001479_1,CALL_T007_001479,1,COMBINED_REPAIRED_GEOMETRY_FINAL_VERIFICATION,2010-12-21 12:00:00,E0019,CAL_004771,0,-2260.60918189914,2642.68228487059,FLAT_START,CONVERGED_FEASIBLE,CONVERGED,PASSED,0.902619109048224,18,1.02995579828568,30,2.55351295663786e-14,1.10578213252666e-12,27,30,0.153
ATT_T007_001480_1,CALL_T007_001480,1,COMBINED_REPAIRED_GEOMETRY_FINAL_VERIFICATION,2010-12-21 12:00:00,E0019,CAL_004772,0,-2274.13638460332,2612.0440683471,FLAT_START,CONVERGED_FEASIBLE,CONVERGED,PASSED,0.901391114092668,18,1.02886270912277,30,2.78665979180914e-14,1.19426690758928e-12,27,30,0.1454
ATT_T007_001481_1,CALL_T007_001481,1,COMBINED_REPAIRED_GEOMETRY_FINAL_VERIFICATION,2010-12-21 12:00:00,E0020,CAL_004773,2.5,-2287.62973090493,2581.48253432889,FLAT_START,CONVERGED_FEASIBLE,CONVERGED,PASSED,0.900161877152201,18,1.02776932633512,30,3.01980662698043e-14,1.28985711000951e-12,27,30,0.1743
ATT_T007_001482_1,CALL_T007_001482,1,COMBINED_REPAIRED_GEOMETRY_FINAL_VERIFICATION,2010-12-21 12:00:00,E0020,CAL_004774,2.5,-2287.62973090359,2581.48253432311,FLAT_START,CONVERGED_FEASIBLE,CONVERGED,PASSED,0.900161877152203,18,1.02776932633498,30,3.03090885722668e-14,1.28974608770704e-12,27,30,0.1472
ATT_T007_001483_1,CALL_T007_001483,1,COMBINED_REPAIRED_GEOMETRY_FINAL_VERIFICATION,2010-12-21 12:00:00,E0020,CAL_004775,2.5,-2272.57437505938,2516.29426712937,FLAT_START,CONVERGED_FEASIBLE,CONVERGED,PASSED,0.900177896894215,18,1.02619618650845,30,2.88657986402541e-14,1.22746257602557e-12,27,30,0.1454
ATT_T007_001484_1,CALL_T007_001484,1,COMBINED_REPAIRED_GEOMETRY_FINAL_VERIFICATION,2010-12-21 12:00:00,E0020,CAL_004776,2.5,-2257.93086840967,2452.88926800403,FLAT_START,CONVERGED_FEASIBLE,CONVERGED,PASSED,0.900189584017989,18,1.02465929326917,30,2.72004641033163e-14,1.1696199564426e-12,27,30,0.1452
ATT_T007_001485_1,CALL_T007_001485,1,COMBINED_REPAIRED_GEOMETRY_FINAL_VERIFICATION,2010-12-21 12:00:00,E0020,CAL_004777,2.5,-2243.68039824611,2391.18607969879,FLAT_START,CONVERGED_FEASIBLE,CONVERGED,PASSED,0.90019724904527,18,1.02315716389295,30,2.58681964737661e-14,1.11688436277291e-12,27,30,0.1442
ATT_T007_001486_1,CALL_T007_001486,1,COMBINED_REPAIRED_GEOMETRY_FINAL_VERIFICATION,2010-12-21 12:00:00,E0020,CAL_004778,2.5,-2229.8052650088,2331.10806479289,FLAT_START,CONVERGED_FEASIBLE,CONVERGED,PASSED,0.900201177406118,18,1.02168839375827,30,2.46469511466785e-14,1.06725739357216e-12,27,30,0.1432
ATT_T007_001487_1,CALL_T007_001487,1,COMBINED_REPAIRED_GEOMETRY_FINAL_VERIFICATION,2010-12-21 12:00:00,E0020,CAL_004779,2.5,-2216.28880082499,2272.58305297343,FLAT_START,CONVERGED_FEASIBLE,CONVERGED,PASSED,0.900201631724484,18,1.02025165120889,30,2.34257058195908e-14,1.02184927186499e-12,27,30,0.1951
ATT_T007_001488_1,CALL_T007_001488,1,COMBINED_REPAIRED_GEOMETRY_FINAL_VERIFICATION,2010-12-21 12:00:00,E0020,CAL_004780,2.5,-2203.11529509291,2215.54301882037,FLAT_START,CONVERGED_FEASIBLE,CONVERGED,PASSED,0.900198853868345,18,1.01884567281675,30,2.24265050974282e-14,9.78883640812001e-13,27,30,0.1455
ATT_T007_001489_1,CALL_T007_001489,1,COMBINED_REPAIRED_GEOMETRY_FINAL_VERIFICATION,2010-12-21 12:00:00,E0020,CAL_004781,2.5,-2190.26992640996,2159.92378706184,FLAT_START,CONVERGED_FEASIBLE,CONVERGED,PASSED,0.900193066791579,18,1.0174692590092,30,5.295763827462e-14,8.40993941153556e-13,27,29,0.1429
ATT_T007_001490_1,CALL_T007_001490,1,COMBINED_REPAIRED_GEOMETRY_FINAL_VERIFICATION,2010-12-21 12:00:00,E0020,CAL_004782,2.5,-2177.73870022269,2105.66476260483,FLAT_START,CONVERGED_FEASIBLE,CONVERGED,PASSED,0.900184476190669,18,1.01612127002809,30,5.08482145278322e-14,8.08020317322189e-13,27,29,0.1418
ATT_T007_001491_1,CALL_T007_001491,1,COMBINED_REPAIRED_GEOMETRY_FINAL_VERIFICATION,2010-12-21 12:00:00,E0020,CAL_004783,2.5,-2165.50839164539,2052.70868294464,FLAT_START,CONVERGED_FEASIBLE,CONVERGED,PASSED,0.900173271998414,18,1.01480062219196,30,4.88498130835069e-14,7.77045094935147e-13,27,29,0.1426
ATT_T007_001492_1,CALL_T007_001492,1,COMBINED_REPAIRED_GEOMETRY_FINAL_VERIFICATION,2010-12-21 12:00:00,E0021,CAL_004784,2.5,-2153.56649295491,2001.00139082279,FLAT_START,CONVERGED_FEASIBLE,CONVERGED,PASSED,0.900159629730753,18,1.01350628443491,30,4.67403893367191e-14,7.48179296294893e-13,27,29,0.1451
ATT_T007_001493_1,CALL_T007_001493,1,COMBINED_REPAIRED_GEOMETRY_FINAL_VERIFICATION,2010-12-21 12:00:00,E0021,CAL_004785,2.5,-2153.56649295374,2001.00139081791,FLAT_START,CONVERGED_FEASIBLE,CONVERGED,PASSED,0.900159629730754,18,1.01350628443479,30,4.67403893367191e-14,7.47957251689968e-13,27,29,0.1692
ATT_T007_001494_1,CALL_T007_001494,1,COMBINED_REPAIRED_GEOMETRY_FINAL_VERIFICATION,2010-12-21 12:00:00,E0021,CAL_004786,2.5,-2141.39167100555,1950.20923085048,FLAT_START,CONVERGED_FEASIBLE,CONVERGED,PASSED,0.90017014466412,18,1.01223795347465,30,4.47419878923938e-14,7.19757586864489e-13,27,29,0.1444
ATT_T007_001495_1,CALL_T007_001495,1,COMBINED_REPAIRED_GEOMETRY_FINAL_VERIFICATION,2010-12-21 12:00:00,E0021,CAL_004787,2.5,-2129.50029167594,1900.59956561571,FLAT_START,CONVERGED_FEASIBLE,CONVERGED,PASSED,0.900177859258717,18,1.01099463517688,30,4.29656310529936e-14,6.93223256575948e-13,27,29,0.1428
ATT_T007_001496_1,CALL_T007_001496,1,COMBINED_REPAIRED_GEOMETRY_FINAL_VERIFICATION,2010-12-21 12:00:00,E0021,CAL_004788,2.5,-2117.88082125969,1852.12427762958,FLAT_START,CONVERGED_FEASIBLE,CONVERGED,PASSED,0.900182945924673,18,1.00977540254082,30,4.13002965160558e-14,6.67577104707107e-13,27,29,0.1424
ATT_T007_001497_1,CALL_T007_001497,1,COMBINED_REPAIRED_GEOMETRY_FINAL_VERIFICATION,2010-12-21 12:00:00,E0021,CAL_004789,2.5,-2106.52232855454,1804.73776299109,FLAT_START,CONVERGED_FEASIBLE,CONVERGED,PASSED,0.900185564740734,18,1.00857937204617,30,3.99680288865056e-14,6.43596287375203e-13,27,29,0.1511
ATT_T007_001498_1,CALL_T007_001498,1,COMBINED_REPAIRED_GEOMETRY_FINAL_VERIFICATION,2010-12-21 12:00:00,E0021,CAL_004790,2.5,-2095.4144457214,1758.39676809514,FLAT_START,CONVERGED_FEASIBLE,CONVERGED,PASSED,0.900185864446646,18,1.00740570108518,30,3.83026943495679e-14,6.21280804580238e-13,27,29,0.1431
ATT_T007_001499_1,CALL_T007_001499,1,COMBINED_REPAIRED_GEOMETRY_FINAL_VERIFICATION,2010-12-21 12:00:00,E0021,CAL_004791,2.5,-2084.54733215126,1713.06023888861,FLAT_START,CONVERGED_FEASIBLE,CONVERGED,PASSED,0.900183983344936,18,1.00625358557439,30,3.69704267200177e-14,6.00519634019747e-13,27,29,0.1635
ATT_T007_001500_1,CALL_T007_001500,1,COMBINED_REPAIRED_GEOMETRY_FINAL_VERIFICATION,2010-12-21 12:00:00,E0021,CAL_004792,2.5,-2073.9116410724,1668.68918155896,FLAT_START,CONVERGED_FEASIBLE,CONVERGED,PASSED,0.900180050121335,18,1.00512225773122,30,3.56381590904675e-14,5.80646641878957e-13,27,29,0.1414
ATT_T007_001501_1,CALL_T007_001501,1,COMBINED_REPAIRED_GEOMETRY_FINAL_VERIFICATION,2010-12-21 12:00:00,E0021,CAL_004793,2.5,-2063.49848865843,1625.24653365611,FLAT_START,CONVERGED_FEASIBLE,CONVERGED,PASSED,0.90017418459205,18,1.00401098400249,30,3.44169137633799e-14,5.61883872762792e-13,27,29,0.1429
ATT_T007_001502_1,CALL_T007_001502,1,COMBINED_REPAIRED_GEOMETRY_FINAL_VERIFICATION,2010-12-21 12:00:00,E0021,CAL_004794,2.5,-2053.2994254212,1582.69704474633,FLAT_START,CONVERGED_FEASIBLE,CONVERGED,PASSED,0.900166498385194,18,1.00291906313262,30,3.33066907387547e-14,5.44231326671252e-13,27,29,0.1405
ATT_T007_001503_1,CALL_T007_001503,1,COMBINED_REPAIRED_GEOMETRY_FINAL_VERIFICATION,2010-12-21 12:00:00,E0022,CAL_004795,2.5,-2043.30640969494,1541.00716579081,FLAT_START,CONVERGED_FEASIBLE,CONVERGED,PASSED,0.900157095562838,18,1.00184582436092,30,3.21964677141295e-14,1.47326595367758e-12,26,29,0.154
ATT_T007_001504_1,CALL_T007_001504,1,COMBINED_REPAIRED_GEOMETRY_FINAL_VERIFICATION,2010-12-21 12:00:00,E0022,CAL_004796,2.5,-2043.30640969355,1541.0071657852,FLAT_START,CONVERGED_FEASIBLE,CONVERGED,PASSED,0.900157095562838,18,1.00184582436078,30,3.2085445411667e-14,1.47337697598005e-12,26,29,0.1391
ATT_T007_001505_1,CALL_T007_001505,1,COMBINED_REPAIRED_GEOMETRY_FINAL_VERIFICATION,2010-12-21 12:00:00,E0022,CAL_004797,2.5,-2033.05173003263,1499.53954190724,FLAT_START,CONVERGED_FEASIBLE,CONVERGED,PASSED,0.900164562513926,18,1.00078050365919,30,3.09752223870419e-14,1.42796885427288e-12,26,29,0.1805
ATT_T007_001506_1,CALL_T007_001506,1,COMBINED_REPAIRED_GEOMETRY_FINAL_VERIFICATION,2010-12-21 12:00:00,E0022,CAL_004798,2.5,-2023.00103261892,1458.89677647294,FLAT_START,CONVERGED_FEASIBLE,CONVERGED,PASSED,0.900170061085419,18,1,1,2.99760216648792e-14,1.38433708940511e-12,26,29,0.1408
ATT_T007_001507_1,CALL_T007_001507,1,COMBINED_REPAIRED_GEOMETRY_FINAL_VERIFICATION,2010-12-21 12:00:00,E0022,CAL_004799,2.5,-2013.14680501543,1419.04849087253,FLAT_START,CONVERGED_FEASIBLE,CONVERGED,PASSED,0.900173695470064,18,1,1,2.89768209427166e-14,1.34292577058659e-12,26,29,0.1389
ATT_T007_001508_1,CALL_T007_001508,1,COMBINED_REPAIRED_GEOMETRY_FINAL_VERIFICATION,2010-12-21 12:00:00,E0022,CAL_004800,2.5,-2003.48188436534,1379.96572012003,FLAT_START,CONVERGED_FEASIBLE,CONVERGED,PASSED,0.900175563180509,18,1,1,2.80886425230165e-14,1.3044010316321e-12,26,29,0.1422
ATT_T007_001509_1,CALL_T007_001509,1,COMBINED_REPAIRED_GEOMETRY_FINAL_VERIFICATION,2010-12-21 12:00:00,E0022,CAL_004801,2.5,-1993.99943699738,1341.620830382,FLAT_START,CONVERGED_FEASIBLE,CONVERGED,PASSED,0.900175755528614,18,1,1,2.73114864057789e-14,1.26720856030715e-12,26,29,0.1404
ATT_T007_001510_1,CALL_T007_001510,1,COMBINED_REPAIRED_GEOMETRY_FINAL_VERIFICATION,2010-12-21 12:00:00,E0022,CAL_004802,2.5,-1984.6929394369,1303.98744219048,FLAT_START,CONVERGED_FEASIBLE,CONVERGED,PASSED,0.900174358065547,18,1,1,2.63122856836162e-14,1.23234755733392e-12,26,29,0.1401
ATT_T007_001511_1,CALL_T007_001511,1,COMBINED_REPAIRED_GEOMETRY_FINAL_VERIFICATION,2010-12-21 12:00:00,E0022,CAL_004803,2.5,-1975.55616071065,1267.04035888765,FLAT_START,CONVERGED_FEASIBLE,CONVERGED,PASSED,0.900171450986253,18,1,1,2.56461518688411e-14,1.19892984429271e-12,26,29,0.1398
ATT_T007_001512_1,CALL_T007_001512,1,COMBINED_REPAIRED_GEOMETRY_FINAL_VERIFICATION,2010-12-21 12:00:00,E0022,CAL_004804,2.5,-1966.58314584359,1230.75549989039,FLAT_START,CONVERGED_FEASIBLE,CONVERGED,PASSED,0.900167109501517,18,1,1,2.4980018054066e-14,1.1669554211835e-12,26,29,0.1399
ATT_T007_001513_1,CALL_T007_001513,1,COMBINED_REPAIRED_GEOMETRY_FINAL_VERIFICATION,2010-12-21 12:00:00,E0022,CAL_004805,2.5,-1957.76820045474,1195.10983839964,FLAT_START,CONVERGED_FEASIBLE,CONVERGED,PASSED,0.900161404180535,18,1,1,2.43138842392909e-14,1.13720144412355e-12,26,29,0.1376
ATT_T007_001514_1,CALL_T007_001514,1,COMBINED_REPAIRED_GEOMETRY_FINAL_VERIFICATION,2010-12-21 12:00:00,E0023,CAL_004806,2.5,-1949.08327455063,1160.06623540701,FLAT_START,CONVERGED_FEASIBLE,CONVERGED,PASSED,0.900155509740782,18,1,1,2.36477504245158e-14,1.10789155627344e-12,26,29,0.1418
ATT_T007_001515_1,CALL_T007_001515,1,COMBINED_REPAIRED_GEOMETRY_FINAL_VERIFICATION,2010-12-21 12:00:00,E0023,CAL_004807,2.5,-1949.08327454988,1160.06623540408,FLAT_START,CONVERGED_FEASIBLE,CONVERGED,PASSED,0.900155509740783,18,1,1,2.35367281220533e-14,1.10822462318083e-12,26,29,0.1405
ATT_T007_001516_1,CALL_T007_001516,1,COMBINED_REPAIRED_GEOMETRY_FINAL_VERIFICATION,2010-12-21 12:00:00,E0023,CAL_004808,2.5,-1940.41347478967,1125.97590021448,FLAT_START,CONVERGED_FEASIBLE,CONVERGED,PASSED,0.90016146340442,18,1,1,2.27595720048157e-14,1.07935882454058e-12,26,29,0.1388
ATT_T007_001517_1,CALL_T007_001517,1,COMBINED_REPAIRED_GEOMETRY_FINAL_VERIFICATION,2010-12-21 12:00:00,E0023,CAL_004809,2.5,-1931.89126385692,1092.46589591345,FLAT_START,CONVERGED_FEASIBLE,CONVERGED,PASSED,0.900166011950018,18,1,1,2.22044604925031e-14,1.0529355165545e-12,26,29,0.1393
ATT_T007_001518_1,CALL_T007_001518,1,COMBINED_REPAIRED_GEOMETRY_FINAL_VERIFICATION,2010-12-21 12:00:00,E0023,CAL_004810,2.5,-1923.51163939355,1059.51655283518,FLAT_START,CONVERGED_FEASIBLE,CONVERGED,PASSED,0.900169219270909,18,1,1,2.16493489801906e-14,1.02662323087088e-12,26,29,0.1428
ATT_T007_001519_1,CALL_T007_001519,1,COMBINED_REPAIRED_GEOMETRY_FINAL_VERIFICATION,2010-12-21 12:00:00,E0023,CAL_004811,2.5,-1915.26980777472,1027.10902206941,FLAT_START,CONVERGED_FEASIBLE,CONVERGED,PASSED,0.900171145541713,18,1,1,2.08721928629529e-14,1.00142116821189e-12,26,29,0.1454
ATT_T007_001520_1,CALL_T007_001520,1,COMBINED_REPAIRED_GEOMETRY_FINAL_VERIFICATION,2010-12-21 12:00:00,E0023,CAL_004812,2.5,-1907.16117304717,995.225231966135,FLAT_START,CONVERGED_FEASIBLE,CONVERGED,PASSED,0.900171847457919,18,1,1,2.04281036531029e-14,9.78106484694763e-13,26,29,0.1871
ATT_T007_001521_1,CALL_T007_001521,1,COMBINED_REPAIRED_GEOMETRY_FINAL_VERIFICATION,2010-12-21 12:00:00,E0023,CAL_004813,2.5,-1899.18132655772,963.847847353962,FLAT_START,CONVERGED_FEASIBLE,CONVERGED,PASSED,0.900171378457714,18,1,1,1.99840144432528e-14,9.55235890387485e-13,26,29,0.1513
ATT_T007_001522_1,CALL_T007_001522,1,COMBINED_REPAIRED_GEOMETRY_FINAL_VERIFICATION,2010-12-21 12:00:00,E0023,CAL_004814,2.5,-1891.32603722199,932.960231275985,FLAT_START,CONVERGED_FEASIBLE,CONVERGED,PASSED,0.900169788927535,18,1,1,1.95399252334028e-14,9.33697563709757e-13,26,29,0.1398
ATT_T007_001523_1,CALL_T007_001523,1,COMBINED_REPAIRED_GEOMETRY_FINAL_VERIFICATION,2010-12-21 12:00:00,E0023,CAL_004815,2.5,-1883.59124238755,902.546409063096,FLAT_START,CONVERGED_FEASIBLE,CONVERGED,PASSED,0.900167126392688,18,1,1,1.87627691161651e-14,9.13047415451729e-13,26,29,0.1403
ATT_T007_001524_1,CALL_T007_001524,1,COMBINED_REPAIRED_GEOMETRY_FINAL_VERIFICATION,2010-12-21 12:00:00,E0023,CAL_004816,2.5,-1875.97303924953,872.591034579198,FLAT_START,CONVERGED_FEASIBLE,CONVERGED,PASSED,0.900163435694231,18,1,1,1.84297022087776e-14,8.92841356403551e-13,26,29,0.1428
ATT_T007_001525_1,CALL_T007_001525,1,COMBINED_REPAIRED_GEOMETRY_FINAL_VERIFICATION,2010-12-21 12:00:00,E0024,CAL_004817,2.5,-1868.46767677994,843.079358486973,FLAT_START,CONVERGED_FEASIBLE,CONVERGED,PASSED,0.900158759153323,18,1,1,4.6074255521944e-14,7.86815057551848e-13,26,28,0.1651
ATT_T007_001526_1,CALL_T007_001526,1,COMBINED_REPAIRED_GEOMETRY_FINAL_VERIFICATION,2010-12-21 12:00:00,E0024,CAL_004818,2.5,-1868.46767677968,843.079358485988,FLAT_START,CONVERGED_FEASIBLE,CONVERGED,PASSED,0.900158759153323,18,1,1,4.59632332194815e-14,7.86704035249386e-13,26,28,0.1739
ATT_T007_001527_1,CALL_T007_001527,1,COMBINED_REPAIRED_GEOMETRY_FINAL_VERIFICATION,2010-12-21 12:00:00,E0024,CAL_004819,2.5,-1860.81696439869,813.653407091388,FLAT_START,CONVERGED_FEASIBLE,CONVERGED,PASSED,0.900162856781964,18,1,1,4.49640324973188e-14,7.69717622972621e-13,26,28,0.1501
ATT_T007_001528_1,CALL_T007_001528,1,COMBINED_REPAIRED_GEOMETRY_FINAL_VERIFICATION,2010-12-21 12:00:00,E0024,CAL_004820,2.5,-1853.27725200852,784.654380690439,FLAT_START,CONVERGED_FEASIBLE,CONVERGED,PASSED,0.900165873618515,18,1,1,4.39648317751562e-14,7.53397344510631e-13,26,28,0.1391
ATT_T007_001529_1,CALL_T007_001529,1,COMBINED_REPAIRED_GEOMETRY_FINAL_VERIFICATION,2010-12-21 12:00:00,E0024,CAL_004821,2.5,-1845.84501753676,756.06873278888,FLAT_START,CONVERGED_FEASIBLE,CONVERGED,PASSED,0.900167851686562,18,1,1,4.29656310529936e-14,7.37299110653566e-13,26,28,0.1609
ATT_T007_001530_1,CALL_T007_001530,1,COMBINED_REPAIRED_GEOMETRY_FINAL_VERIFICATION,2010-12-21 12:00:00,E0024,CAL_004822,2.5,-1838.51687090184,727.883424551755,FLAT_START,CONVERGED_FEASIBLE,CONVERGED,PASSED,0.900168830751739,18,1,1,4.18554080283684e-14,7.21867010611277e-13,26,28,0.1396
ATT_T007_001531_1,CALL_T007_001531,1,COMBINED_REPAIRED_GEOMETRY_FINAL_VERIFICATION,2010-12-21 12:00:00,E0024,CAL_004823,2.5,-1831.28954759451,700.085900116904,FLAT_START,CONVERGED_FEASIBLE,CONVERGED,PASSED,0.900168848452757,18,1,1,4.08562073062058e-14,7.07323088988687e-13,26,28,0.1374
ATT_T007_001532_1,CALL_T007_001532,1,COMBINED_REPAIRED_GEOMETRY_FINAL_VERIFICATION,2010-12-21 12:00:00,E0024,CAL_004824,2.5,-1824.15990262383,672.664063310015,FLAT_START,CONVERGED_FEASIBLE,CONVERGED,PASSED,0.900167940423578,18,1,1,4.00790511889682e-14,6.9333427887841e-13,26,28,0.1372
ATT_T007_001533_1,CALL_T007_001533,1,COMBINED_REPAIRED_GEOMETRY_FINAL_VERIFICATION,2010-12-21 12:00:00,E0024,CAL_004825,2.5,-1817.12490480341,645.606255668587,FLAT_START,CONVERGED_FEASIBLE,CONVERGED,PASSED,0.900166140407378,18,1,1,3.9190872769268e-14,6.80011602582908e-13,26,28,0.1417
ATT_T007_001534_1,CALL_T007_001534,1,COMBINED_REPAIRED_GEOMETRY_FINAL_VERIFICATION,2010-12-21 12:00:00,E0024,CAL_004826,2.5,-1810.18163135569,618.901235689067,FLAT_START,CONVERGED_FEASIBLE,CONVERGED,PASSED,0.900163480362919,18,1,1,3.84137166520304e-14,6.67133015497257e-13,26,28,0.1374
ATT_T007_001535_1,CALL_T007_001535,1,COMBINED_REPAIRED_GEOMETRY_FINAL_VERIFICATION,2010-12-21 12:00:00,E0024,CAL_004827,2.5,-1803.32726281361,592.538159217753,FLAT_START,CONVERGED_FEASIBLE,CONVERGED,PASSED,0.900159990563906,18,1,1,3.74145159298678e-14,6.54365450714067e-13,26,28,0.1376
ATT_T007_001536_1,CALL_T007_001536,1,COMBINED_REPAIRED_GEOMETRY_FINAL_VERIFICATION,2010-12-21 12:00:00,E0024,CAL_004828,2.5,-1796.55907820048,566.506560911892,FLAT_START,CONVERGED_FEASIBLE,CONVERGED,PASSED,0.900155699691819,18,1,1,3.68594044175552e-14,6.42041975140728e-13,26,28,0.1671
ATT_T007_001537_1,CALL_T007_001537,1,COMBINED_REPAIRED_GEOMETRY_FINAL_VERIFICATION,2010-12-21 12:00:00,E0025,CAL_004829,2.5,-1796.55907820031,566.506560911237,FLAT_START,CONVERGED_FEASIBLE,CONVERGED,PASSED,0.900155699691819,18,1,1,3.68594044175552e-14,6.42152997443191e-13,26,28,0.1408
ATT_T007_001538_1,CALL_T007_001538,1,COMBINED_REPAIRED_GEOMETRY_FINAL_VERIFICATION,2010-12-21 12:00:00,E0025,CAL_004830,2.5,-1789.71525515033,540.737556493732,FLAT_START,CONVERGED_FEASIBLE,CONVERGED,PASSED,0.900159014110312,18,1,1,3.61932706027801e-14,6.30384633382164e-13,26,28,0.1385
ATT_T007_001539_1,CALL_T007_001539,1,COMBINED_REPAIRED_GEOMETRY_FINAL_VERIFICATION,2010-12-21 12:00:00,E0025,CAL_004831,2.5,-1782.95561813324,515.285537222881,FLAT_START,CONVERGED_FEASIBLE,CONVERGED,PASSED,0.900161467483177,18,1,1,3.54161144855425e-14,6.1828320241375e-13,26,28,0.1726
ATT_T007_001540_1,CALL_T007_001540,1,COMBINED_REPAIRED_GEOMETRY_FINAL_VERIFICATION,2010-12-21 12:00:00,E0025,CAL_004832,2.5,-1776.27761240791,490.140883747808,FLAT_START,CONVERGED_FEASIBLE,CONVERGED,PASSED,0.900163088167785,18,1,1,3.45279360658424e-14,6.07069949865036e-13,26,28,0.1392
ATT_T007_001541_1,CALL_T007_001541,1,COMBINED_REPAIRED_GEOMETRY_FINAL_VERIFICATION,2010-12-21 12:00:00,E0025,CAL_004833,2.5,-1769.67876914179,465.294300188679,FLAT_START,CONVERGED_FEASIBLE,CONVERGED,PASSED,0.900163903090166,18,1,1,3.39728245535298e-14,5.96300786526172e-13,26,28,0.1401
ATT_T007_001542_1,CALL_T007_001542,1,COMBINED_REPAIRED_GEOMETRY_FINAL_VERIFICATION,2010-12-21 12:00:00,E0025,CAL_004834,2.5,-1763.15670152704,440.736799512739,FLAT_START,CONVERGED_FEASIBLE,CONVERGED,PASSED,0.900163937819787,18,1,1,3.31956684362922e-14,5.85753667792233e-13,26,28,0.177
ATT_T007_001543_1,CALL_T007_001543,1,COMBINED_REPAIRED_GEOMETRY_FINAL_VERIFICATION,2010-12-21 12:00:00,E0025,CAL_004835,2.5,-1756.70910109798,416.459689668515,FLAT_START,CONVERGED_FEASIBLE,CONVERGED,PASSED,0.900163216639655,18,1,1,3.26405569239796e-14,5.75761660570606e-13,26,28,0.1404
ATT_T007_001544_1,CALL_T007_001544,1,COMBINED_REPAIRED_GEOMETRY_FINAL_VERIFICATION,2010-12-21 12:00:00,E0025,CAL_004836,2.5,-1750.33373423781,392.454560432531,FLAT_START,CONVERGED_FEASIBLE,CONVERGED,PASSED,0.900161762612064,18,1,1,3.1863400806742e-14,5.65991697953905e-13,26,28,0.1396
ATT_T007_001545_1,CALL_T007_001545,1,COMBINED_REPAIRED_GEOMETRY_FINAL_VERIFICATION,2010-12-21 12:00:00,E0025,CAL_004837,2.5,-1744.02843886309,368.713270925418,FLAT_START,CONVERGED_FEASIBLE,CONVERGED,PASSED,0.900159597640289,18,1,1,3.14193115968919e-14,5.56221735337203e-13,26,28,0.1672
ATT_T007_001546_1,CALL_T007_001546,1,COMBINED_REPAIRED_GEOMETRY_FINAL_VERIFICATION,2010-12-21 12:00:00,E0025,CAL_004838,2.5,-1737.79112127531,345.227937757214,FLAT_START,CONVERGED_FEASIBLE,CONVERGED,PASSED,0.900156742526489,18,1,1,3.07531777821168e-14,5.47450973442665e-13,26,28,0.1391
ATT_T007_001547_1,CALL_T007_001547,1,COMBINED_REPAIRED_GEOMETRY_FINAL_VERIFICATION,2010-12-21 12:00:00,E0025,CAL_004839,2.5,-1731.61975316965,321.990923764367,FLAT_START,CONVERGED_FEASIBLE,CONVERGED,PASSED,0.90015321702609,18,1,1,3.03090885722668e-14,5.38680211548126e-13,26,28,0.1633
ATT_T007_001548_1,CALL_T007_001548,1,COMBINED_REPAIRED_GEOMETRY_FINAL_VERIFICATION,2010-12-21 12:00:00,E0026,CAL_004840,2.5,-1731.61975316955,321.990923763978,FLAT_START,CONVERGED_FEASIBLE,CONVERGED,PASSED,0.90015321702609,18,1,1,3.03090885722668e-14,5.38680211548126e-13,26,28,0.1511
ATT_T007_001549_1,CALL_T007_001549,1,COMBINED_REPAIRED_GEOMETRY_FINAL_VERIFICATION,2010-12-21 12:00:00,E0026,CAL_004841,2.5,-1725.3493000903,298.955327602734,FLAT_START,CONVERGED_FEASIBLE,CONVERGED,PASSED,0.900157891931204,18,1,1,2.96429547574917e-14,5.29465360443737e-13,26,28,0.1422
ATT_T007_001550_1,CALL_T007_001550,1,COMBINED_REPAIRED_GEOMETRY_FINAL_VERIFICATION,2010-12-21 12:00:00,E0026,CAL_004842,2.5,-1719.14379043716,276.158312373088,FLAT_START,CONVERGED_FEASIBLE,CONVERGED,PASSED,0.90016183303229,18,1,1,2.90878432451791e-14,5.20916643154123e-13,26,28,0.1371
ATT_T007_001551_1,CALL_T007_001551,1,COMBINED_REPAIRED_GEOMETRY_FINAL_VERIFICATION,2010-12-21 12:00:00,E0026,CAL_004843,2.5,-1713.00128976129,253.592771541956,FLAT_START,CONVERGED_FEASIBLE,CONVERGED,PASSED,0.90016506064799,18,1,1,2.8643754035329e-14,5.12923037376822e-13,26,28,0.1673
ATT_T007_001552_1,CALL_T007_001552,1,COMBINED_REPAIRED_GEOMETRY_FINAL_VERIFICATION,2010-12-21 12:00:00,E0026,CAL_004844,2.5,-1706.91992170408,231.251811980764,FLAT_START,CONVERGED_FEASIBLE,CONVERGED,PASSED,0.900167594119411,18,1,1,2.8199664825479e-14,5.04707386994596e-13,26,28,0.1393
ATT_T007_001553_1,CALL_T007_001553,1,COMBINED_REPAIRED_GEOMETRY_FINAL_VERIFICATION,2010-12-21 12:00:00,E0026,CAL_004845,2.5,-1700.89786551328,209.12874484061,FLAT_START,CONVERGED_FEASIBLE,CONVERGED,PASSED,0.900169451855849,18,1,1,2.77555756156289e-14,4.9693582582222e-13,26,28,0.1406
ATT_T007_001554_1,CALL_T007_001554,1,COMBINED_REPAIRED_GEOMETRY_FINAL_VERIFICATION,2010-12-21 12:00:00,E0026,CAL_004846,2.5,-1694.93335367708,187.217076860444,FLAT_START,CONVERGED_FEASIBLE,CONVERGED,PASSED,0.900170651377822,18,1,1,2.73114864057789e-14,4.89386309254769e-13,26,28,0.1654
ATT_T007_001555_1,CALL_T007_001555,1,COMBINED_REPAIRED_GEOMETRY_FINAL_VERIFICATION,2010-12-21 12:00:00,E0026,CAL_004847,2.5,-1689.02466966932,165.510502083958,FLAT_START,CONVERGED_FEASIBLE,CONVERGED,PASSED,0.900171209357606,18,1,1,2.67563748934663e-14,4.82169859594705e-13,26,28,0.138
ATT_T007_001556_1,CALL_T007_001556,1,COMBINED_REPAIRED_GEOMETRY_FINAL_VERIFICATION,2010-12-21 12:00:00,E0026,CAL_004848,2.5,-1683.17014579977,144.002893962048,FLAT_START,CONVERGED_FEASIBLE,CONVERGED,PASSED,0.900171141657415,18,1,1,2.60902410786912e-14,4.75064432237104e-13,26,28,0.1475
ATT_T007_001557_1,CALL_T007_001557,1,COMBINED_REPAIRED_GEOMETRY_FINAL_VERIFICATION,2010-12-21 12:00:00,E0026,CAL_004849,2.5,-1677.36816116341,122.688297819191,FLAT_START,CONVERGED_FEASIBLE,CONVERGED,PASSED,0.900170463365377,18,1,1,2.59792187762287e-14,4.68070027181966e-13,26,28,0.1674
ATT_T007_001558_1,CALL_T007_001558,1,COMBINED_REPAIRED_GEOMETRY_FINAL_VERIFICATION,2010-12-21 12:00:00,E0026,CAL_004850,2.5,-1671.61713968324,101.560923663382,FLAT_START,CONVERGED_FEASIBLE,CONVERGED,PASSED,0.900169188829439,18,1,1,2.54241072639161e-14,4.61741755941603e-13,26,28,0.141
ATT_T007_001559_1,CALL_T007_001559,1,COMBINED_REPAIRED_GEOMETRY_FINAL_VERIFICATION,2010-12-21 12:00:00,E0026,CAL_004851,2.5,-1665.91554824145,80.6151393205859,FLAT_START,CONVERGED_FEASIBLE,CONVERGED,PASSED,0.900167331689332,18,1,1,2.50910403565285e-14,4.55302462398777e-13,26,28,0.1379
ATT_T007_001560_1,CALL_T007_001560,1,COMBINED_REPAIRED_GEOMETRY_FINAL_VERIFICATION,2010-12-21 12:00:00,E0026,CAL_004852,2.5,-1660.26189489399,59.8454638757909,FLAT_START,CONVERGED_FEASIBLE,CONVERGED,PASSED,0.900164904906702,18,1,1,2.4535928844216e-14,4.49085213460876e-13,26,28,0.1667
ATT_T007_001561_1,CALL_T007_001561,1,COMBINED_REPAIRED_GEOMETRY_FINAL_VERIFICATION,2010-12-21 12:00:00,E0026,CAL_004853,2.5,-1654.65472716408,39.2465614038428,FLAT_START,CONVERGED_FEASIBLE,CONVERGED,PASSED,0.900161920793529,18,1,1,2.43138842392909e-14,4.430900091279e-13,26,28,0.1407
ATT_T007_001562_1,CALL_T007_001562,1,COMBINED_REPAIRED_GEOMETRY_FINAL_VERIFICATION,2010-12-21 12:00:00,E0026,CAL_004854,2.5,-1649.09263041031,18.813234974268,FLAT_START,CONVERGED_FEASIBLE,CONVERGED,PASSED,0.90015839103892,18,1,1,2.39808173319034e-14,4.37094804794924e-13,26,28,0.1563
ATT_T007_001563_1,CALL_T007_001563,1,COMBINED_REPAIRED_GEOMETRY_FINAL_VERIFICATION,2010-12-21 12:00:00,E0027,CAL_004855,2.5,-1644.15161556496,0.661560579175614,FLAT_START,CONVERGED_FEASIBLE,CONVERGED,PASSED,0.900154778263239,18,1,1,2.36477504245158e-14,4.32431868091498e-13,26,28,0.1437
ATT_T007_001564_1,CALL_T007_001564,1,COMBINED_REPAIRED_GEOMETRY_FINAL_VERIFICATION,2010-12-21 12:00:00,E0027,CAL_004856,2.5,-1643.5647776203,-1.45999886878589,FLAT_START,CONVERGED_FEASIBLE,CONVERGED,PASSED,0.900154865818755,18,1,1,2.36477504245158e-14,4.31432667369336e-13,26,28,0.1398
ATT_T007_001565_1,CALL_T007_001565,1,COMBINED_REPAIRED_GEOMETRY_FINAL_VERIFICATION,2010-12-21 12:00:00,E0027,CAL_004857,2.5,-1637.99945986192,-21.5799529013151,FLAT_START,CONVERGED_FEASIBLE,CONVERGED,PASSED,0.900155388141163,18,1,1,2.32036612146658e-14,1.22735155372311e-12,25,28,0.137
ATT_T007_001566_1,CALL_T007_001566,1,COMBINED_REPAIRED_GEOMETRY_FINAL_VERIFICATION,2010-12-21 12:00:00,E0027,CAL_004858,2.5,-1632.47647566095,-41.5468610044164,FLAT_START,CONVERGED_FEASIBLE,CONVERGED,PASSED,0.900155354477921,18,1,1,2.28705943072782e-14,1.21191945368082e-12,25,28,0.1586
ATT_T007_001567_1,CALL_T007_001567,1,COMBINED_REPAIRED_GEOMETRY_FINAL_VERIFICATION,2010-12-21 12:00:00,E0027,CAL_004859,2.5,-1626.99451205505,-61.365469850733,FLAT_START,CONVERGED_FEASIBLE,CONVERGED,PASSED,0.900154775745047,18,1,1,2.24265050974282e-14,1.19715348745331e-12,25,28,0.1387
ATT_T007_001568_1,CALL_T007_001568,1,COMBINED_REPAIRED_GEOMETRY_FINAL_VERIFICATION,2010-12-21 12:00:00,E0027,CAL_004860,2.5,-1621.55228791931,-81.0404110130848,FLAT_START,CONVERGED_FEASIBLE,CONVERGED,PASSED,0.900153662308082,18,1,1,2.23154827949656e-14,1.18260956583072e-12,25,28,0.1353
ATT_T007_001569_1,CALL_T007_001569,1,COMBINED_REPAIRED_GEOMETRY_FINAL_VERIFICATION,2010-12-21 12:00:00,E0028,CAL_004861,2.5,-1616.14855265663,-100.576205698922,FLAT_START,CONVERGED_FEASIBLE,CONVERGED,PASSED,0.900152024002848,18,1,1,2.18713935851156e-14,1.16862075572044e-12,25,28,0.1388
ATT_T007_001570_1,CALL_T007_001570,1,COMBINED_REPAIRED_GEOMETRY_FINAL_VERIFICATION,2010-12-21 12:00:00,E0028,CAL_004862,2.5,-1610.6552846907,-119.977134159508,FLAT_START,CONVERGED_FEASIBLE,CONVERGED,PASSED,0.900157181310705,18,1,1,2.1538326677728e-14,1.15440990100524e-12,25,28,0.1362
ATT_T007_001571_1,CALL_T007_001571,1,COMBINED_REPAIRED_GEOMETRY_FINAL_VERIFICATION,2010-12-21 12:00:00,E0028,CAL_004863,2.5,-1605.19982965821,-139.244516246393,FLAT_START,CONVERGED_FEASIBLE,CONVERGED,PASSED,0.900161777057562,18,1,1,2.1094237467878e-14,1.14064313549989e-12,25,28,0.136
ATT_T007_001572_1,CALL_T007_001572,1,COMBINED_REPAIRED_GEOMETRY_FINAL_VERIFICATION,2010-12-21 12:00:00,E0028,CAL_004864,2.5,-1599.78097598321,-158.382630960433,FLAT_START,CONVERGED_FEASIBLE,CONVERGED,PASSED,0.900165821589321,18,1,1,2.09832151654155e-14,1.12709841459946e-12,25,28,0.1714
ATT_T007_001573_1,CALL_T007_001573,1,COMBINED_REPAIRED_GEOMETRY_FINAL_VERIFICATION,2010-12-21 12:00:00,E0028,CAL_004865,2.5,-1594.39753937012,-177.395660954638,FLAT_START,CONVERGED_FEASIBLE,CONVERGED,PASSED,0.900169324743744,18,1,1,2.06501482580279e-14,1.11399778290888e-12,25,28,0.1377
ATT_T007_001574_1,CALL_T007_001574,1,COMBINED_REPAIRED_GEOMETRY_FINAL_VERIFICATION,2010-12-21 12:00:00,E0028,CAL_004866,2.5,-1589.04836167471,-196.287696521672,FLAT_START,CONVERGED_FEASIBLE,CONVERGED,PASSED,0.900172295868353,18,1,1,2.04281036531029e-14,1.10111919582323e-12,25,28,0.1358
ATT_T007_001575_1,CALL_T007_001575,1,COMBINED_REPAIRED_GEOMETRY_FINAL_VERIFICATION,2010-12-21 12:00:00,E0028,CAL_004867,2.5,-1583.73230981836,-215.062739428247,FLAT_START,CONVERGED_FEASIBLE,CONVERGED,PASSED,0.900174743837326,18,1,1,2.02060590481778e-14,1.08912878715728e-12,25,28,0.1359
ATT_T007_001576_1,CALL_T007_001576,1,COMBINED_REPAIRED_GEOMETRY_FINAL_VERIFICATION,2010-12-21 12:00:00,E0028,CAL_004868,2.5,-1578.44827474352,-233.724706604402,FLAT_START,CONVERGED_FEASIBLE,CONVERGED,PASSED,0.900176677067449,18,1,1,1.96509475358653e-14,1.07747144539871e-12,25,28,0.168
ATT_T007_001577_1,CALL_T007_001577,1,COMBINED_REPAIRED_GEOMETRY_FINAL_VERIFICATION,2010-12-21 12:00:00,E0028,CAL_004869,2.5,-1573.19517040803,-252.277433695229,FLAT_START,CONVERGED_FEASIBLE,CONVERGED,PASSED,0.900178103533178,18,1,1,1.95399252334028e-14,1.06570308133769e-12,25,28,0.1371
ATT_T007_001578_1,CALL_T007_001578,1,COMBINED_REPAIRED_GEOMETRY_FINAL_VERIFICATION,2010-12-21 12:00:00,E0028,CAL_004870,2.5,-1567.97193281638,-270.724678482253,FLAT_START,CONVERGED_FEASIBLE,CONVERGED,PASSED,0.90017903078084,18,1,1,1.93178806284777e-14,1.05437880648651e-12,25,28,0.1385
ATT_T007_001579_1,CALL_T007_001579,1,COMBINED_REPAIRED_GEOMETRY_FINAL_VERIFICATION,2010-12-21 12:00:00,E0028,CAL_004871,2.5,-1562.77751908593,-289.070124181233,FLAT_START,CONVERGED_FEASIBLE,CONVERGED,PASSED,0.900179465942031,18,1,1,1.90958360235527e-14,1.04360964314765e-12,25,28,0.1362
ATT_T007_001580_1,CALL_T007_001580,1,COMBINED_REPAIRED_GEOMETRY_FINAL_VERIFICATION,2010-12-21 12:00:00,E0028,CAL_004872,2.5,-1557.61090654638,-307.317382622845,FLAT_START,CONVERGED_FEASIBLE,CONVERGED,PASSED,0.900179415746234,18,1,1,1.86517468137026e-14,1.03328456901863e-12,25,28,0.1372
ATT_T007_001581_1,CALL_T007_001581,1,COMBINED_REPAIRED_GEOMETRY_FINAL_VERIFICATION,2010-12-21 12:00:00,E0028,CAL_004873,2.5,-1552.47109187053,-325.469997322377,FLAT_START,CONVERGED_FEASIBLE,CONVERGED,PASSED,0.900178886532708,18,1,1,1.87627691161651e-14,1.02295949488962e-12,25,28,0.1453
ATT_T007_001582_1,CALL_T007_001582,1,COMBINED_REPAIRED_GEOMETRY_FINAL_VERIFICATION,2010-12-21 12:00:00,E0028,CAL_004874,2.5,-1547.35709023493,-343.531446444237,FLAT_START,CONVERGED_FEASIBLE,CONVERGED,PASSED,0.900177884261668,18,1,1,1.84297022087776e-14,1.01307850997046e-12,25,28,0.1592
ATT_T007_001583_1,CALL_T007_001583,1,COMBINED_REPAIRED_GEOMETRY_FINAL_VERIFICATION,2010-12-21 12:00:00,E0028,CAL_004875,2.5,-1542.26793450873,-361.505145666813,FLAT_START,CONVERGED_FEASIBLE,CONVERGED,PASSED,0.900176414524796,18,1,1,1.82076576038526e-14,1.00353059195868e-12,25,28,0.136
ATT_T007_001584_1,CALL_T007_001584,1,COMBINED_REPAIRED_GEOMETRY_FINAL_VERIFICATION,2010-12-21 12:00:00,E0028,CAL_004876,2.5,-1537.20267446921,-379.394450952922,FLAT_START,CONVERGED_FEASIBLE,CONVERGED,PASSED,0.900174482555115,18,1,1,1.79856129989275e-14,9.94204718551828e-13,25,28,0.1351
ATT_T007_001585_1,CALL_T007_001585,1,COMBINED_REPAIRED_GEOMETRY_FINAL_VERIFICATION,2010-12-21 12:00:00,E0028,CAL_004877,2.5,-1532.16037604265,-397.202661230879,FLAT_START,CONVERGED_FEASIBLE,CONVERGED,PASSED,0.900172093236236,18,1,1,1.7874590696465e-14,9.85767023564676e-13,25,28,0.136
ATT_T007_001586_1,CALL_T007_001586,1,COMBINED_REPAIRED_GEOMETRY_FINAL_VERIFICATION,2010-12-21 12:00:00,E0028,CAL_004878,2.5,-1527.1401205692,-414.933020990925,FLAT_START,CONVERGED_FEASIBLE,CONVERGED,PASSED,0.900169251111033,18,1,1,1.765254609154e-14,9.7666319476275e-13,25,28,0.137
ATT_T007_001587_1,CALL_T007_001587,1,COMBINED_REPAIRED_GEOMETRY_FINAL_VERIFICATION,2010-12-21 12:00:00,E0028,CAL_004879,2.5,-1522.14100409033,-432.588722801577,FLAT_START,CONVERGED_FEASIBLE,CONVERGED,PASSED,0.900165960389736,18,1,1,1.73194791841524e-14,9.68336522078062e-13,25,28,0.1764
ATT_T007_001588_1,CALL_T007_001588,1,COMBINED_REPAIRED_GEOMETRY_FINAL_VERIFICATION,2010-12-21 12:00:00,E0028,CAL_004880,2.5,-1517.16213665787,-450.172909750225,FLAT_START,CONVERGED_FEASIBLE,CONVERGED,PASSED,0.900162224957491,18,1,1,1.72084568816899e-14,9.60009849393373e-13,25,28,0.1665
ATT_T007_001589_1,CALL_T007_001589,1,COMBINED_REPAIRED_GEOMETRY_FINAL_VERIFICATION,2010-12-21 12:00:00,E0029,CAL_004881,2.5,-1512.20264166314,-467.68867781214,FLAT_START,CONVERGED_FEASIBLE,CONVERGED,PASSED,0.900158048381397,18,1,1,1.69864122767649e-14,9.52460332825922e-13,25,28,0.139
ATT_T007_001590_1,CALL_T007_001590,1,COMBINED_REPAIRED_GEOMETRY_FINAL_VERIFICATION,2010-12-21 12:00:00,E0029,CAL_004882,2.5,-1507.54109647789,-483.659339041941,FLAT_START,CONVERGED_FEASIBLE,CONVERGED,PASSED,0.900161834074673,18,1,1,1.68753899743024e-14,9.44466727048621e-13,25,28,0.1376
ATT_T007_001591_1,CALL_T007_001591,1,COMBINED_REPAIRED_GEOMETRY_FINAL_VERIFICATION,2010-12-21 12:00:00,E0029,CAL_004883,2.5,-1502.89711574362,-499.56982368114,FLAT_START,CONVERGED_FEASIBLE,CONVERGED,PASSED,0.900165223069842,18,1,1,1.65423230669148e-14,9.3736129969102e-13,25,28,0.1345
ATT_T007_001592_1,CALL_T007_001592,1,COMBINED_REPAIRED_GEOMETRY_FINAL_VERIFICATION,2010-12-21 12:00:00,E0029,CAL_004884,2.5,-1498.26989695154,-515.422881160539,FLAT_START,CONVERGED_FEASIBLE,CONVERGED,PASSED,0.900168219275822,18,1,1,1.65423230669148e-14,9.30255872333419e-13,25,28,0.1344
ATT_T007_001593_1,CALL_T007_001593,1,COMBINED_REPAIRED_GEOMETRY_FINAL_VERIFICATION,2010-12-21 12:00:00,E0029,CAL_004885,2.5,-1493.65864846422,-531.221223665164,FLAT_START,CONVERGED_FEASIBLE,CONVERGED,PASSED,0.9001708263299,18,1,1,1.63202784619898e-14,9.23372489580743e-13,25,28,0.1341
ATT_T007_001594_1,CALL_T007_001594,1,COMBINED_REPAIRED_GEOMETRY_FINAL_VERIFICATION,2010-12-21 12:00:00,E0029,CAL_004886,2.5,-1489.06258894843,-546.967528077483,FLAT_START,CONVERGED_FEASIBLE,CONVERGED,PASSED,0.900173047603213,18,1,1,1.62092561595273e-14,9.16711151432992e-13,25,28,0.1346
ATT_T007_001595_1,CALL_T007_001595,1,COMBINED_REPAIRED_GEOMETRY_FINAL_VERIFICATION,2010-12-21 12:00:00,E0029,CAL_004887,2.5,-1484.4809468223,-562.664437871294,FLAT_START,CONVERGED_FEASIBLE,CONVERGED,PASSED,0.900174886205818,18,1,1,1.60982338570648e-14,9.10715947100016e-13,25,28,0.1355
ATT_T007_001596_1,CALL_T007_001596,1,COMBINED_REPAIRED_GEOMETRY_FINAL_VERIFICATION,2010-12-21 12:00:00,E0029,CAL_004888,2.5,-1479.9129597161,-578.314564959238,FLAT_START,CONVERGED_FEASIBLE,CONVERGED,PASSED,0.900176344991387,18,1,1,1.58761892521397e-14,9.0427665355719e-13,25,28,0.1343
ATT_T007_001597_1,CALL_T007_001597,1,COMBINED_REPAIRED_GEOMETRY_FINAL_VERIFICATION,2010-12-21 12:00:00,E0029,CAL_004889,2.5,-1475.35787394566,-593.920491496754,FLAT_START,CONVERGED_FEASIBLE,CONVERGED,PASSED,0.900177426561512,18,1,1,1.58761892521397e-14,8.97837360014364e-13,25,28,0.1342
ATT_T007_001598_1,CALL_T007_001598,1,COMBINED_REPAIRED_GEOMETRY_FINAL_VERIFICATION,2010-12-21 12:00:00,E0029,CAL_004890,2.5,-1470.8149439978,-609.484771645229,FLAT_START,CONVERGED_FEASIBLE,CONVERGED,PASSED,0.900178133269653,18,1,1,1.56541446472147e-14,8.92286244891238e-13,25,28,0.1333
ATT_T007_001599_1,CALL_T007_001599,1,COMBINED_REPAIRED_GEOMETRY_FINAL_VERIFICATION,2010-12-21 12:00:00,E0029,CAL_004891,2.5,-1466.28343202679,-625.009933296967,FLAT_START,CONVERGED_FEASIBLE,CONVERGED,PASSED,0.900178467224737,18,1,1,1.56541446472147e-14,8.8662410746565e-13,25,28,0.1359
ATT_T007_001600_1,CALL_T007_001600,1,COMBINED_REPAIRED_GEOMETRY_FINAL_VERIFICATION,2010-12-21 12:00:00,E0029,CAL_004892,2.5,-1461.76260736127,-640.498479764522,FLAT_START,CONVERGED_FEASIBLE,CONVERGED,PASSED,0.900178430294392,18,1,1,1.54321000422897e-14,8.81628103854837e-13,25,28,0.1459
ATT_T007_001601_1,CALL_T007_001601,1,COMBINED_REPAIRED_GEOMETRY_FINAL_VERIFICATION,2010-12-21 12:00:00,E0029,CAL_004893,2.5,-1457.25174602087,-655.952891436874,FLAT_START,CONVERGED_FEASIBLE,CONVERGED,PASSED,0.900178024107865,18,1,1,1.54321000422897e-14,8.76076988731711e-13,25,28,0.1549
ATT_T007_001602_1,CALL_T007_001602,1,COMBINED_REPAIRED_GEOMETRY_FINAL_VERIFICATION,2010-12-21 12:00:00,E0029,CAL_004894,2.5,-1452.75013024178,-671.375627404798,FLAT_START,CONVERGED_FEASIBLE,CONVERGED,PASSED,0.900177250058589,18,1,1,1.49880108324396e-14,8.7119200742336e-13,25,28,0.1356
ATT_T007_001603_1,CALL_T007_001603,1,COMBINED_REPAIRED_GEOMETRY_FINAL_VERIFICATION,2010-12-21 12:00:00,E0029,CAL_004895,2.5,-1448.25704801062,-686.769127057776,FLAT_START,CONVERGED_FEASIBLE,CONVERGED,PASSED,0.900176109306438,18,1,1,1.50990331349021e-14,8.6630702611501e-13,25,28,0.1349
ATT_T007_001604_1,CALL_T007_001604,1,COMBINED_REPAIRED_GEOMETRY_FINAL_VERIFICATION,2010-12-21 12:00:00,E0029,CAL_004896,2.5,-1443.77179260603,-702.135811654671,FLAT_START,CONVERGED_FEASIBLE,CONVERGED,PASSED,0.900174602779656,18,1,1,1.49880108324396e-14,8.61977156318972e-13,25,28,0.1364
ATT_T007_001605_1,CALL_T007_001605,1,COMBINED_REPAIRED_GEOMETRY_FINAL_VERIFICATION,2010-12-21 12:00:00,E0029,CAL_004897,2.5,-1439.2936621472,-717.478085870364,FLAT_START,CONVERGED_FEASIBLE,CONVERGED,PASSED,0.900172731176472,18,1,1,1.48769885299771e-14,8.57314219615546e-13,25,28,0.1447
ATT_T007_001606_1,CALL_T007_001606,1,COMBINED_REPAIRED_GEOMETRY_FINAL_VERIFICATION,2010-12-21 12:00:00,E0029,CAL_004898,2.5,-1434.82195914884,-732.798339320472,FLAT_START,CONVERGED_FEASIBLE,CONVERGED,PASSED,0.900170494966407,18,1,1,1.48769885299771e-14,8.53317416726895e-13,25,28,0.1439
ATT_T007_001607_1,CALL_T007_001607,1,COMBINED_REPAIRED_GEOMETRY_FINAL_VERIFICATION,2010-12-21 12:00:00,E0029,CAL_004899,2.5,-1430.35599008194,-748.098948066241,FLAT_START,CONVERGED_FEASIBLE,CONVERGED,PASSED,0.900167894391271,18,1,1,1.4432899320127e-14,8.49320613838245e-13,25,28,0.1633
ATT_T007_001608_1,CALL_T007_001608,1,COMBINED_REPAIRED_GEOMETRY_FINAL_VERIFICATION,2010-12-21 12:00:00,E0029,CAL_004900,2.5,-1425.89506493971,-763.382276101649,FLAT_START,CONVERGED_FEASIBLE,CONVERGED,PASSED,0.900164929465856,18,1,1,1.43218770176645e-14,8.45545855554519e-13,25,28,0.1414
ATT_T007_001609_1,CALL_T007_001609,1,COMBINED_REPAIRED_GEOMETRY_FINAL_VERIFICATION,2010-12-21 12:00:00,E0029,CAL_004901,2.5,-1421.43849680813,-778.650676824693,FLAT_START,CONVERGED_FEASIBLE,CONVERGED,PASSED,0.900161599978324,18,1,1,1.4210854715202e-14,8.41993141875719e-13,25,28,0.1586
ATT_T007_001610_1,CALL_T007_001610,1,COMBINED_REPAIRED_GEOMETRY_FINAL_VERIFICATION,2010-12-21 12:00:00,E0030,CAL_004902,2.75,-1421.43849680773,-778.650676826066,FLAT_START,CONVERGED_FEASIBLE,CONVERGED,PASSED,0.900161599978324,18,1,1,1.4210854715202e-14,8.41882119573256e-13,25,28,0.1436
ATT_T007_001611_1,CALL_T007_001611,1,COMBINED_REPAIRED_GEOMETRY_FINAL_VERIFICATION,2010-12-21 12:00:00,E0030,CAL_004903,2.75,-1415.66091995044,-797.833721374004,FLAT_START,CONVERGED_FEASIBLE,CONVERGED,PASSED,0.900167053657031,18,1,1,1.4210854715202e-14,8.37441227474756e-13,25,28,0.139
ATT_T007_001612_1,CALL_T007_001612,1,COMBINED_REPAIRED_GEOMETRY_FINAL_VERIFICATION,2010-12-21 12:00:00,E0030,CAL_004904,2.75,-1409.88836347093,-817.000096973532,FLAT_START,CONVERGED_FEASIBLE,CONVERGED,PASSED,0.900171913276695,18,1,1,1.4210854715202e-14,8.3233420156148e-13,25,28,0.1374
ATT_T007_001613_1,CALL_T007_001613,1,COMBINED_REPAIRED_GEOMETRY_FINAL_VERIFICATION,2010-12-21 12:00:00,E0030,CAL_004905,2.75,-1404.11994265205,-836.152741113663,FLAT_START,CONVERGED_FEASIBLE,CONVERGED,PASSED,0.900176179181894,18,1,1,1.3988810110277e-14,8.28115354067904e-13,25,28,0.1637
ATT_T007_001614_1,CALL_T007_001614,1,COMBINED_REPAIRED_GEOMETRY_FINAL_VERIFICATION,2010-12-21 12:00:00,E0030,CAL_004906,2.75,-1398.3547753025,-855.294582896905,FLAT_START,CONVERGED_FEASIBLE,CONVERGED,PASSED,0.900179851343692,18,1,1,1.38777878078145e-14,8.24340595784179e-13,25,28,0.1425
ATT_T007_001615_1,CALL_T007_001615,1,COMBINED_REPAIRED_GEOMETRY_FINAL_VERIFICATION,2010-12-21 12:00:00,E0030,CAL_004907,2.75,-1392.59198121655,-874.428544833188,FLAT_START,CONVERGED_FEASIBLE,CONVERGED,PASSED,0.900182929358916,18,1,1,1.35447209004269e-14,8.20676859802916e-13,25,28,0.1366
ATT_T007_001616_1,CALL_T007_001616,1,COMBINED_REPAIRED_GEOMETRY_FINAL_VERIFICATION,2010-12-21 12:00:00,E0030,CAL_004908,2.75,-1386.83068163579,-893.557544626964,FLAT_START,CONVERGED_FEASIBLE,CONVERGED,PASSED,0.900185412448932,18,1,1,1.36557432028894e-14,8.17124146124115e-13,25,28,0.1368
ATT_T007_001617_1,CALL_T007_001617,1,COMBINED_REPAIRED_GEOMETRY_FINAL_VERIFICATION,2010-12-21 12:00:00,E0030,CAL_004909,2.75,-1381.06999871278,-912.684496958076,FLAT_START,CONVERGED_FEASIBLE,CONVERGED,PASSED,0.900187299457898,18,1,1,1.36557432028894e-14,8.1468165546994e-13,25,28,0.1375
ATT_T007_001618_1,CALL_T007_001618,1,COMBINED_REPAIRED_GEOMETRY_FINAL_VERIFICATION,2010-12-21 12:00:00,E0030,CAL_004910,2.75,-1375.30905497583,-931.812315258703,FLAT_START,CONVERGED_FEASIBLE,CONVERGED,PASSED,0.900188588850516,18,1,1,1.33226762955019e-14,8.11906097908377e-13,25,28,0.1453
ATT_T007_001619_1,CALL_T007_001619,1,COMBINED_REPAIRED_GEOMETRY_FINAL_VERIFICATION,2010-12-21 12:00:00,E0030,CAL_004911,2.75,-1369.54697279433,-950.943913488695,FLAT_START,CONVERGED_FEASIBLE,CONVERGED,PASSED,0.900189278709244,18,1,1,1.33226762955019e-14,8.09463607254202e-13,25,28,0.1791
ATT_T007_001620_1,CALL_T007_001620,1,COMBINED_REPAIRED_GEOMETRY_FINAL_VERIFICATION,2010-12-21 12:00:00,E0030,CAL_004912,2.75,-1363.78287384385,-970.082207911592,FLAT_START,CONVERGED_FEASIBLE,CONVERGED,PASSED,0.900189366730995,18,1,1,1.32116539930394e-14,8.07798272717264e-13,25,28,0.1413
ATT_T007_001621_1,CALL_T007_001621,1,COMBINED_REPAIRED_GEOMETRY_FINAL_VERIFICATION,2010-12-21 12:00:00,E0030,CAL_004913,2.75,-1358.01587857033,-989.230118873619,FLAT_START,CONVERGED_FEASIBLE,CONVERGED,PASSED,0.900188850223288,18,1,1,1.32116539930394e-14,8.06021915877864e-13,25,28,0.1399
ATT_T007_001622_1,CALL_T007_001622,1,COMBINED_REPAIRED_GEOMETRY_FINAL_VERIFICATION,2010-12-21 12:00:00,E0030,CAL_004914,2.75,-1352.24510565268,-1008.39057258799,FLAT_START,CONVERGED_FEASIBLE,CONVERGED,PASSED,0.900187726099853,18,1,1,1.32116539930394e-14,8.04578625945851e-13,25,28,0.1369
ATT_T007_001623_1,CALL_T007_001623,1,COMBINED_REPAIRED_GEOMETRY_FINAL_VERIFICATION,2010-12-21 12:00:00,E0030,CAL_004915,2.75,-1346.4696714631,-1027.56650292678,FLAT_START,CONVERGED_FEASIBLE,CONVERGED,PASSED,0.900185990875681,18,1,1,1.31006316905768e-14,8.03801469828613e-13,25,28,0.1367
ATT_T007_001624_1,CALL_T007_001624,1,COMBINED_REPAIRED_GEOMETRY_FINAL_VERIFICATION,2010-12-21 12:00:00,E0030,CAL_004916,2.75,-1340.68868952439,-1046.76085322283,FLAT_START,CONVERGED_FEASIBLE,CONVERGED,PASSED,0.900183640661495,18,1,1,1.28785870856518e-14,8.03357380618763e-13,25,28,0.2025
ATT_T007_001625_1,CALL_T007_001625,1,COMBINED_REPAIRED_GEOMETRY_FINAL_VERIFICATION,2010-12-21 12:00:00,E0030,CAL_004917,2.75,-1334.90126996356,-1065.97657808384,FLAT_START,CONVERGED_FEASIBLE,CONVERGED,PASSED,0.90018067115764,18,1,1,1.31006316905768e-14,8.03246358316301e-13,25,28,0.1814
ATT_T007_001626_1,CALL_T007_001626,1,COMBINED_REPAIRED_GEOMETRY_FINAL_VERIFICATION,2010-12-21 12:00:00,E0030,CAL_004918,2.75,-1329.10651896102,-1085.21664522128,FLAT_START,CONVERGED_FEASIBLE,CONVERGED,PASSED,0.900177077647371,18,1,1,1.28785870856518e-14,8.03468402921226e-13,25,28,0.1398
ATT_T007_001627_1,CALL_T007_001627,1,COMBINED_REPAIRED_GEOMETRY_FINAL_VERIFICATION,2010-12-21 12:00:00,E0030,CAL_004919,2.75,-1323.30353819461,-1104.48403729627,FLAT_START,CONVERGED_FEASIBLE,CONVERGED,PASSED,0.900172854989524,18,1,1,1.28785870856518e-14,8.04023514433538e-13,25,28,0.1388
ATT_T007_001628_1,CALL_T007_001628,1,COMBINED_REPAIRED_GEOMETRY_FINAL_VERIFICATION,2010-12-21 12:00:00,E0030,CAL_004920,2.75,-1317.49142427774,-1123.7817537852,FLAT_START,CONVERGED_FEASIBLE,CONVERGED,PASSED,0.900167997610542,18,1,1,1.28785870856518e-14,8.05355782063089e-13,25,28,0.1404
ATT_T007_001629_1,CALL_T007_001629,1,COMBINED_REPAIRED_GEOMETRY_FINAL_VERIFICATION,2010-12-21 12:00:00,E0030,CAL_004921,2.75,-1311.66926819089,-1143.11281286722,FLAT_START,CONVERGED_FEASIBLE,CONVERGED,PASSED,0.900162499495852,18,1,1,1.27675647831893e-14,8.06354982785251e-13,25,28,0.1382
ATT_T007_001630_1,CALL_T007_001630,1,COMBINED_REPAIRED_GEOMETRY_FINAL_VERIFICATION,2010-12-21 12:00:00,E0030,CAL_004922,2.75,-1305.83615470565,-1162.48025333655,FLAT_START,CONVERGED_FEASIBLE,CONVERGED,PASSED,0.90015635418056,18,1,1,1.29896093881143e-14,8.08131339624651e-13,25,28,0.1384
ATT_T007_001631_1,CALL_T007_001631,1,COMBINED_REPAIRED_GEOMETRY_FINAL_VERIFICATION,2010-12-21 12:00:00,E0031,CAL_004923,2.5,-1305.83615470538,-1162.48025333742,FLAT_START,CONVERGED_FEASIBLE,CONVERGED,PASSED,0.90015635418056,18,1,1,1.27675647831893e-14,8.08464406532039e-13,25,28,0.1395
ATT_T007_001632_1,CALL_T007_001632,1,COMBINED_REPAIRED_GEOMETRY_FINAL_VERIFICATION,2010-12-21 12:00:00,E0031,CAL_004924,2.5,-1301.01755062809,-1177.92978418492,FLAT_START,CONVERGED_FEASIBLE,CONVERGED,PASSED,0.900160352720914,18,1,1,1.25455201782643e-14,8.09685651859127e-13,25,28,0.1374
ATT_T007_001633_1,CALL_T007_001633,1,COMBINED_REPAIRED_GEOMETRY_FINAL_VERIFICATION,2010-12-21 12:00:00,E0031,CAL_004925,2.5,-1296.18948696094,-1193.40964460979,FLAT_START,CONVERGED_FEASIBLE,CONVERGED,PASSED,0.900163944493379,18,1,1,1.27675647831893e-14,8.11128941791139e-13,25,28,0.1383
ATT_T007_001634_1,CALL_T007_001634,1,COMBINED_REPAIRED_GEOMETRY_FINAL_VERIFICATION,2010-12-21 12:00:00,E0031,CAL_004926,2.5,-1291.35119820221,-1208.92228898314,FLAT_START,CONVERGED_FEASIBLE,CONVERGED,PASSED,0.900167126414519,18,1,1,1.27675647831893e-14,8.12683254025615e-13,25,28,0.1367
ATT_T007_001635_1,CALL_T007_001635,1,COMBINED_REPAIRED_GEOMETRY_FINAL_VERIFICATION,2010-12-21 12:00:00,E0031,CAL_004927,2.5,-1286.50191248211,-1224.47019209351,FLAT_START,CONVERGED_FEASIBLE,CONVERGED,PASSED,0.900169895111456,18,1,1,1.27675647831893e-14,8.14903700074865e-13,25,28,0.137
ATT_T007_001636_1,CALL_T007_001636,1,COMBINED_REPAIRED_GEOMETRY_FINAL_VERIFICATION,2010-12-21 12:00:00,E0031,CAL_004928,2.5,-1281.6408510599,-1240.05585075925,FLAT_START,CONVERGED_FEASIBLE,CONVERGED,PASSED,0.900172246915722,18,1,1,1.28785870856518e-14,8.17457213031503e-13,25,28,0.1388
ATT_T007_001637_1,CALL_T007_001637,1,COMBINED_REPAIRED_GEOMETRY_FINAL_VERIFICATION,2010-12-21 12:00:00,E0031,CAL_004929,2.5,-1276.76722781159,-1255.68178547106,FLAT_START,CONVERGED_FEASIBLE,CONVERGED,PASSED,0.900174177856637,18,1,1,1.28785870856518e-14,8.20010725988141e-13,25,28,0.1368
ATT_T007_001638_1,CALL_T007_001638,1,COMBINED_REPAIRED_GEOMETRY_FINAL_VERIFICATION,2010-12-21 12:00:00,E0031,CAL_004930,2.5,-1271.88024870773,-1271.35054206634,FLAT_START,CONVERGED_FEASIBLE,CONVERGED,PASSED,0.900175683654204,18,1,1,1.29896093881143e-14,8.23119350457091e-13,25,28,0.1727
ATT_T007_001639_1,CALL_T007_001639,1,COMBINED_REPAIRED_GEOMETRY_FINAL_VERIFICATION,2010-12-21 12:00:00,E0031,CAL_004931,2.5,-1266.97911128048,-1287.06469343785,FLAT_START,CONVERGED_FEASIBLE,CONVERGED,PASSED,0.900176759711489,18,1,1,1.34336985979644e-14,8.26450019530967e-13,25,28,0.1385
ATT_T007_001640_1,CALL_T007_001640,1,COMBINED_REPAIRED_GEOMETRY_FINAL_VERIFICATION,2010-12-21 12:00:00,E0031,CAL_004932,2.5,-1262.06300407923,-1302.82684127921,FLAT_START,CONVERGED_FEASIBLE,CONVERGED,PASSED,0.900177401106485,18,1,1,1.32116539930394e-14,8.30335800117155e-13,25,28,0.1368
ATT_T007_001641_1,CALL_T007_001641,1,COMBINED_REPAIRED_GEOMETRY_FINAL_VERIFICATION,2010-12-21 12:00:00,E0031,CAL_004933,2.5,-1257.13110611391,-1318.63961786962,FLAT_START,CONVERGED_FEASIBLE,CONVERGED,PASSED,0.900177602583414,18,1,1,1.34336985979644e-14,8.34221580703343e-13,25,28,0.1631
ATT_T007_001642_1,CALL_T007_001642,1,COMBINED_REPAIRED_GEOMETRY_FINAL_VERIFICATION,2010-12-21 12:00:00,E0031,CAL_004934,2.5,-1252.18258628522,-1334.50568790078,FLAT_START,CONVERGED_FEASIBLE,CONVERGED,PASSED,0.900177358543456,18,1,1,1.35447209004269e-14,8.38884517406768e-13,25,28,0.1414
ATT_T007_001643_1,CALL_T007_001643,1,COMBINED_REPAIRED_GEOMETRY_FINAL_VERIFICATION,2010-12-21 12:00:00,E0031,CAL_004935,2.5,-1247.21660280085,-1350.42775034859,FLAT_START,CONVERGED_FEASIBLE,CONVERGED,PASSED,0.900176663034886,18,1,1,1.38777878078145e-14,8.43769498715119e-13,25,28,0.146
ATT_T007_001644_1,CALL_T007_001644,1,COMBINED_REPAIRED_GEOMETRY_FINAL_VERIFICATION,2010-12-21 12:00:00,E0031,CAL_004936,2.5,-1242.23230257683,-1366.40854039252,FLAT_START,CONVERGED_FEASIBLE,CONVERGED,PASSED,0.900175509742572,18,1,1,1.40998324127395e-14,8.48876524628395e-13,25,28,0.1664
ATT_T007_001645_1,CALL_T007_001645,1,COMBINED_REPAIRED_GEOMETRY_FINAL_VERIFICATION,2010-12-21 12:00:00,E0031,CAL_004937,2.5,-1237.22882062307,-1382.45083138584,FLAT_START,CONVERGED_FEASIBLE,CONVERGED,PASSED,0.900173891976821,18,1,1,1.4210854715202e-14,8.54982751263833e-13,25,28,0.1395
ATT_T007_001646_1,CALL_T007_001646,1,COMBINED_REPAIRED_GEOMETRY_FINAL_VERIFICATION,2010-12-21 12:00:00,E0031,CAL_004938,2.5,-1232.20527941204,-1398.55743687957,FLAT_START,CONVERGED_FEASIBLE,CONVERGED,PASSED,0.900171802661534,18,1,1,1.43218770176645e-14,8.61200000201734e-13,25,28,0.1366
ATT_T007_001647_1,CALL_T007_001647,1,COMBINED_REPAIRED_GEOMETRY_FINAL_VERIFICATION,2010-12-21 12:00:00,E0031,CAL_004939,2.5,-1227.1607882297,-1414.73121270372,FLAT_START,CONVERGED_FEASIBLE,CONVERGED,PASSED,0.900169234321636,18,1,1,1.45439216225896e-14,8.67417249139635e-13,25,28,0.1351
ATT_T007_001648_1,CALL_T007_001648,1,COMBINED_REPAIRED_GEOMETRY_FINAL_VERIFICATION,2010-12-21 12:00:00,E0031,CAL_004940,2.5,-1222.09444250751,-1430.97505910891,FLAT_START,CONVERGED_FEASIBLE,CONVERGED,PASSED,0.900166179069746,18,1,1,1.48769885299771e-14,8.74855743404623e-13,25,28,0.1513
ATT_T007_001649_1,CALL_T007_001649,1,COMBINED_REPAIRED_GEOMETRY_FINAL_VERIFICATION,2010-12-21 12:00:00,E0031,CAL_004941,2.5,-1217.00532313446,-1447.29192297224,FLAT_START,CONVERGED_FEASIBLE,CONVERGED,PASSED,0.900162628592045,18,1,1,1.52100554373646e-14,8.82072193064687e-13,25,28,0.1576
ATT_T007_001650_1,CALL_T007_001650,1,COMBINED_REPAIRED_GEOMETRY_FINAL_VERIFICATION,2010-12-21 12:00:00,E0031,CAL_004942,2.5,-1211.89249574793,-1463.68480007087,FLAT_START,CONVERGED_FEASIBLE,CONVERGED,PASSED,0.900158574133309,18,1,1,1.53210777398272e-14,8.90287843446913e-13,25,28,0.1651
ATT_T007_001651_1,CALL_T007_001651,1,COMBINED_REPAIRED_GEOMETRY_FINAL_VERIFICATION,2010-12-21 12:00:00,E0031,CAL_004943,2.5,-1206.75501000222,-1480.15673742736,FLAT_START,CONVERGED_FEASIBLE,CONVERGED,PASSED,0.900154006481046,18,1,1,1.56541446472147e-14,8.98836560736527e-13,25,28,0.1406
ATT_T007_001652_1,CALL_T007_001652,1,COMBINED_REPAIRED_GEOMETRY_FINAL_VERIFICATION,2010-12-21 12:00:00,E0032,CAL_004944,2.5,-1206.75501000169,-1480.15673742905,FLAT_START,CONVERGED_FEASIBLE,CONVERGED,PASSED,0.900154006481046,18,1,1,1.56541446472147e-14,8.98836560736527e-13,25,28,0.1428
ATT_T007_001653_1,CALL_T007_001653,1,COMBINED_REPAIRED_GEOMETRY_FINAL_VERIFICATION,2010-12-21 12:00:00,E0032,CAL_004945,2.5,-1201.07196047726,-1497.7260404947,FLAT_START,CONVERGED_FEASIBLE,CONVERGED,PASSED,0.90016001756814,18,1,1,1.58761892521397e-14,9.08051411840916e-13,25,28,0.1654
ATT_T007_001654_1,CALL_T007_001654,1,COMBINED_REPAIRED_GEOMETRY_FINAL_VERIFICATION,2010-12-21 12:00:00,E0032,CAL_004946,2.5,-1195.36110366448,-1515.38131055296,FLAT_START,CONVERGED_FEASIBLE,CONVERGED,PASSED,0.900165479824074,18,1,1,1.63202784619898e-14,9.18043419062542e-13,25,28,0.1394
ATT_T007_001655_1,CALL_T007_001655,1,COMBINED_REPAIRED_GEOMETRY_FINAL_VERIFICATION,2010-12-21 12:00:00,E0032,CAL_004947,2.5,-1189.62135863593,-1533.1258893205,FLAT_START,CONVERGED_FEASIBLE,CONVERGED,PASSED,0.900170383748906,18,1,1,1.67643676718399e-14,9.28590537796481e-13,25,28,0.1367
ATT_T007_001656_1,CALL_T007_001656,1,COMBINED_REPAIRED_GEOMETRY_FINAL_VERIFICATION,2010-12-21 12:00:00,E0032,CAL_004948,2.5,-1183.85162465377,-1550.96317975848,FLAT_START,CONVERGED_FEASIBLE,CONVERGED,PASSED,0.900174719294719,18,1,1,1.70974345792274e-14,9.39248678832882e-13,25,28,0.1632
ATT_T007_001657_1,CALL_T007_001657,1,COMBINED_REPAIRED_GEOMETRY_FINAL_VERIFICATION,2010-12-21 12:00:00,E0032,CAL_004949,2.5,-1178.05078026271,-1568.89664887662,FLAT_START,CONVERGED_FEASIBLE,CONVERGED,PASSED,0.900178475844614,18,1,1,1.73194791841524e-14,9.51128065196372e-13,25,28,0.1398
ATT_T007_001658_1,CALL_T007_001658,1,COMBINED_REPAIRED_GEOMETRY_FINAL_VERIFICATION,2010-12-21 12:00:00,E0032,CAL_004950,2.5,-1172.21768235084,-1586.92983063665,FLAT_START,CONVERGED_FEASIBLE,CONVERGED,PASSED,0.900181642190427,18,1,1,1.77635683940025e-14,9.63784607677098e-13,25,28,0.1365
ATT_T007_001659_1,CALL_T007_001659,1,COMBINED_REPAIRED_GEOMETRY_FINAL_VERIFICATION,2010-12-21 12:00:00,E0032,CAL_004951,2.5,-1166.35116517708,-1605.066328959,FLAT_START,CONVERGED_FEASIBLE,CONVERGED,PASSED,0.900184206509104,18,1,1,1.80966353013901e-14,9.77329328577525e-13,25,28,0.1377
ATT_T007_001660_1,CALL_T007_001660,1,COMBINED_REPAIRED_GEOMETRY_FINAL_VERIFICATION,2010-12-21 12:00:00,E0032,CAL_004952,2.5,-1160.45003936342,-1623.30982083829,FLAT_START,CONVERGED_FEASIBLE,CONVERGED,PASSED,0.900186156337638,18,1,1,1.86517468137026e-14,9.9165120559519e-13,25,28,0.1654
ATT_T007_001661_1,CALL_T007_001661,1,COMBINED_REPAIRED_GEOMETRY_FINAL_VERIFICATION,2010-12-21 12:00:00,E0032,CAL_004953,2.5,-1154.51309085005,-1641.66405957371,FLAT_START,CONVERGED_FEASIBLE,CONVERGED,PASSED,0.900187478546506,18,1,1,1.88737914186277e-14,1.00741637254487e-12,25,28,0.1419
ATT_T007_001662_1,CALL_T007_001662,1,COMBINED_REPAIRED_GEOMETRY_FINAL_VERIFICATION,2010-12-21 12:00:00,E0032,CAL_004954,2.5,-1148.53907981119,-1660.13287812053,FLAT_START,CONVERGED_FEASIBLE,CONVERGED,PASSED,0.900188159311488,18,1,1,1.94289029309402e-14,1.02340358409947e-12,25,28,0.1357
ATT_T007_001663_1,CALL_T007_001663,1,COMBINED_REPAIRED_GEOMETRY_FINAL_VERIFICATION,2010-12-21 12:00:00,E0032,CAL_004955,2.5,-1142.52673952967,-1678.7201925695,FLAT_START,CONVERGED_FEASIBLE,CONVERGED,PASSED,0.900188184083788,18,1,1,2.00950367457153e-14,1.04083408558608e-12,25,28,0.17
ATT_T007_001664_1,CALL_T007_001664,1,COMBINED_REPAIRED_GEOMETRY_FINAL_VERIFICATION,2010-12-21 12:00:00,E0032,CAL_004956,2.5,-1136.47477522788,-1697.4300057611,FLAT_START,CONVERGED_FEASIBLE,CONVERGED,PASSED,0.900187537558344,18,1,1,2.07611705604904e-14,1.05970787700471e-12,25,28,0.14
ATT_T007_001665_1,CALL_T007_001665,1,COMBINED_REPAIRED_GEOMETRY_FINAL_VERIFICATION,2010-12-21 12:00:00,E0032,CAL_004957,2.5,-1130.38186285257,-1716.26641104212,FLAT_START,CONVERGED_FEASIBLE,CONVERGED,PASSED,0.900186203640216,18,1,1,2.12052597703405e-14,1.0786926907258e-12,25,28,0.1371
ATT_T007_001666_1,CALL_T007_001666,1,COMBINED_REPAIRED_GEOMETRY_FINAL_VERIFICATION,2010-12-21 12:00:00,E0032,CAL_004958,2.5,-1124.24664781124,-1735.23359617233,FLAT_START,CONVERGED_FEASIBLE,CONVERGED,PASSED,0.900184165408922,18,1,1,2.18713935851156e-14,1.09978692819368e-12,25,28,0.167
ATT_T007_001667_1,CALL_T007_001667,1,COMBINED_REPAIRED_GEOMETRY_FINAL_VERIFICATION,2010-12-21 12:00:00,E0032,CAL_004959,2.5,-1118.06774365716,-1754.33584738974,FLAT_START,CONVERGED_FEASIBLE,CONVERGED,PASSED,0.900181405080597,18,1,1,2.24265050974282e-14,1.12188036638372e-12,25,28,0.1434
ATT_T007_001668_1,CALL_T007_001668,1,COMBINED_REPAIRED_GEOMETRY_FINAL_VERIFICATION,2010-12-21 12:00:00,E0032,CAL_004960,2.5,-1111.84373072036,-1773.57755364287,FLAT_START,CONVERGED_FEASIBLE,CONVERGED,PASSED,0.900177903967841,18,1,1,2.32036612146658e-14,1.14575016141316e-12,25,28,0.1385
ATT_T007_001669_1,CALL_T007_001669,1,COMBINED_REPAIRED_GEOMETRY_FINAL_VERIFICATION,2010-12-21 12:00:00,E0032,CAL_004961,2.5,-1105.57315468151,-1792.96321099975,FLAT_START,CONVERGED_FEASIBLE,CONVERGED,PASSED,0.900173642437074,18,1,1,2.42028619368284e-14,1.1705081348623e-12,25,28,0.1622
ATT_T007_001670_1,CALL_T007_001670,1,COMBINED_REPAIRED_GEOMETRY_FINAL_VERIFICATION,2010-12-21 12:00:00,E0032,CAL_004962,2.5,-1099.25452508551,-1812.49742724307,FLAT_START,CONVERGED_FEASIBLE,CONVERGED,PASSED,0.900168599863274,18,1,1,2.48689957516035e-14,1.19726450975577e-12,25,28,0.1486
ATT_T007_001671_1,CALL_T007_001671,1,COMBINED_REPAIRED_GEOMETRY_FINAL_VERIFICATION,2010-12-21 12:00:00,E0032,CAL_004963,2.5,-1092.88631379147,-1832.18492666218,FLAT_START,CONVERGED_FEASIBLE,CONVERGED,PASSED,0.900162754581884,18,1,1,2.57571741713036e-14,1.22635235300095e-12,25,28,0.1453
ATT_T007_001672_1,CALL_T007_001672,1,COMBINED_REPAIRED_GEOMETRY_FINAL_VERIFICATION,2010-12-21 12:00:00,E0033,CAL_004964,3,-1086.46695335603,-1852.03055505113,FLAT_START,CONVERGED_FEASIBLE,CONVERGED,PASSED,0.900156083837724,18,1,1,2.67563748934663e-14,4.36095604072761e-13,26,28,0.1756
ATT_T007_001673_1,CALL_T007_001673,1,COMBINED_REPAIRED_GEOMETRY_FINAL_VERIFICATION,2010-12-21 12:00:00,E0033,CAL_004965,3,-1086.46695335498,-1852.03055505203,FLAT_START,CONVERGED_FEASIBLE,CONVERGED,PASSED,0.900156083837766,18,1,1,2.67563748934663e-14,4.35984581770299e-13,26,28,0.1383
ATT_T007_001674_1,CALL_T007_001674,1,COMBINED_REPAIRED_GEOMETRY_FINAL_VERIFICATION,2010-12-21 12:00:00,E0033,CAL_004966,3,-1074.5352050485,-1862.2598008404,FLAT_START,CONVERGED_FEASIBLE,CONVERGED,PASSED,0.900633534173676,18,1,1,2.66453525910038e-14,1.23767662785212e-12,25,28,0.1367
ATT_T007_001675_1,CALL_T007_001675,1,COMBINED_REPAIRED_GEOMETRY_FINAL_VERIFICATION,2010-12-21 12:00:00,E0033,CAL_004967,3,-1062.63497554425,-1872.46202514234,FLAT_START,CONVERGED_FEASIBLE,CONVERGED,PASSED,0.90110867461503,18,1,1,2.63122856836162e-14,1.21991305945812e-12,25,28,0.1683
ATT_T007_001676_1,CALL_T007_001676,1,COMBINED_REPAIRED_GEOMETRY_FINAL_VERIFICATION,2010-12-21 12:00:00,E0033,CAL_004968,3,-1050.76433454596,-1882.6388828264,FLAT_START,CONVERGED_FEASIBLE,CONVERGED,PASSED,0.901449403838989,33,1,1,2.63122856836162e-14,1.20436993711337e-12,25,28,0.1403
ATT_T007_001677_1,CALL_T007_001677,1,COMBINED_REPAIRED_GEOMETRY_FINAL_VERIFICATION,2010-12-21 12:00:00,E0033,CAL_004969,3,-1038.92137033697,-1892.79201283257,FLAT_START,CONVERGED_FEASIBLE,CONVERGED,PASSED,0.901265022535173,33,1,1,2.60902410786912e-14,1.20581322704538e-12,25,28,0.1395
ATT_T007_001678_1,CALL_T007_001678,1,COMBINED_REPAIRED_GEOMETRY_FINAL_VERIFICATION,2010-12-21 12:00:00,E0033,CAL_004970,3,-1027.10418851769,-1902.92303925471,FLAT_START,CONVERGED_FEASIBLE,CONVERGED,PASSED,0.901080491396162,33,1,1,2.63122856836162e-14,1.20692345007001e-12,25,28,0.1382
ATT_T007_001679_1,CALL_T007_001679,1,COMBINED_REPAIRED_GEOMETRY_FINAL_VERIFICATION,2010-12-21 12:00:00,E0033,CAL_004971,3,-1015.31091076612,-1913.03357240313,FLAT_START,CONVERGED_FEASIBLE,CONVERGED,PASSED,0.900895784970425,33,1,1,2.59792187762287e-14,1.20969900763157e-12,25,28,0.1486
ATT_T007_001680_1,CALL_T007_001680,1,COMBINED_REPAIRED_GEOMETRY_FINAL_VERIFICATION,2010-12-21 12:00:00,E0033,CAL_004972,3,-1003.53967362002,-1923.1252098487,FLAT_START,CONVERGED_FEASIBLE,CONVERGED,PASSED,0.900710877667763,33,1,1,2.58681964737661e-14,1.21280763210052e-12,25,28,0.1381
ATT_T007_001681_1,CALL_T007_001681,1,COMBINED_REPAIRED_GEOMETRY_FINAL_VERIFICATION,2010-12-21 12:00:00,E0033,CAL_004973,3,-991.788627278711,-1933.19953745,FLAT_START,CONVERGED_FEASIBLE,CONVERGED,PASSED,0.900525743746466,33,1,1,2.56461518688411e-14,1.21680443498917e-12,25,28,0.1384
ATT_T007_001682_1,CALL_T007_001682,1,COMBINED_REPAIRED_GEOMETRY_FINAL_VERIFICATION,2010-12-21 12:00:00,E0033,CAL_004974,3,-980.055934423089,-1943.25813036504,FLAT_START,CONVERGED_FEASIBLE,CONVERGED,PASSED,0.900340357300227,33,1,1,2.57571741713036e-14,1.22135634939013e-12,25,28,0.1406
ATT_T007_001683_1,CALL_T007_001683,1,COMBINED_REPAIRED_GEOMETRY_FINAL_VERIFICATION,2010-12-21 12:00:00,E0034,CAL_004975,3.5,-968.33976905369,-1953.30255404734,FLAT_START,CONVERGED_FEASIBLE,CONVERGED,PASSED,0.900154692244812,33,1,1,2.60902410786912e-14,1.22646337530341e-12,25,28,0.1391
ATT_T007_001684_1,CALL_T007_001684,1,COMBINED_REPAIRED_GEOMETRY_FINAL_VERIFICATION,2010-12-21 12:00:00,E0034,CAL_004976,3.5,-968.339769051733,-1953.30255404823,FLAT_START,CONVERGED_FEASIBLE,CONVERGED,PASSED,0.900154692244812,33,1,1,2.60902410786912e-14,1.22646337530341e-12,25,28,0.1513
ATT_T007_001685_1,CALL_T007_001685,1,COMBINED_REPAIRED_GEOMETRY_FINAL_VERIFICATION,2010-12-21 12:00:00,E0034,CAL_004977,3.5,-954.47771376675,-1959.59636270902,FLAT_START,CONVERGED_FEASIBLE,CONVERGED,PASSED,0.900157159943745,33,1,1,2.54241072639161e-14,1.2134737659153e-12,25,28,0.151
ATT_T007_001686_1,CALL_T007_001686,1,COMBINED_REPAIRED_GEOMETRY_FINAL_VERIFICATION,2010-12-21 12:00:00,E0034,CAL_004978,3.5,-940.689087306895,-1965.85683237599,FLAT_START,CONVERGED_FEASIBLE,CONVERGED,PASSED,0.900159100117773,33,1,1,2.52020626589911e-14,1.20115029034196e-12,25,28,0.1377
ATT_T007_001687_1,CALL_T007_001687,1,COMBINED_REPAIRED_GEOMETRY_FINAL_VERIFICATION,2010-12-21 12:00:00,E0034,CAL_004979,3.5,-926.971223994539,-1972.08517335054,FLAT_START,CONVERGED_FEASIBLE,CONVERGED,PASSED,0.900160523284121,33,1,1,2.46469511466785e-14,1.18915988167601e-12,25,28,0.1585
ATT_T007_001688_1,CALL_T007_001688,1,COMBINED_REPAIRED_GEOMETRY_FINAL_VERIFICATION,2010-12-21 12:00:00,E0034,CAL_004980,3.5,-913.32150689264,-1978.2825738043,FLAT_START,CONVERGED_FEASIBLE,CONVERGED,PASSED,0.900161439438464,33,1,1,2.43138842392909e-14,1.1785017406396e-12,25,28,0.1393
ATT_T007_001689_1,CALL_T007_001689,1,COMBINED_REPAIRED_GEOMETRY_FINAL_VERIFICATION,2010-12-21 12:00:00,E0034,CAL_004981,3.5,-899.737365660281,-1984.45020075283,FLAT_START,CONVERGED_FEASIBLE,CONVERGED,PASSED,0.900161858074777,33,1,1,2.39808173319034e-14,1.16817666651059e-12,25,28,0.1376
ATT_T007_001690_1,CALL_T007_001690,1,COMBINED_REPAIRED_GEOMETRY_FINAL_VERIFICATION,2010-12-21 12:00:00,E0034,CAL_004982,3.5,-886.216274478385,-1990.58920099735,FLAT_START,CONVERGED_FEASIBLE,CONVERGED,PASSED,0.900161788204057,33,1,1,2.37587727269783e-14,1.15907283770866e-12,25,28,0.1384
ATT_T007_001691_1,CALL_T007_001691,1,COMBINED_REPAIRED_GEOMETRY_FINAL_VERIFICATION,2010-12-21 12:00:00,E0034,CAL_004983,3.5,-872.755750041892,-1996.70070203637,FLAT_START,CONVERGED_FEASIBLE,CONVERGED,PASSED,0.900161238372001,33,1,1,2.35367281220533e-14,1.1500800312092e-12,25,28,0.1382
ATT_T007_001692_1,CALL_T007_001692,1,COMBINED_REPAIRED_GEOMETRY_FINAL_VERIFICATION,2010-12-21 12:00:00,E0034,CAL_004984,3.5,-859.353349614827,-2002.7858129488,FLAT_START,CONVERGED_FEASIBLE,CONVERGED,PASSED,0.900160216675663,33,1,1,2.30926389122033e-14,1.14219744773436e-12,25,28,0.208
ATT_T007_001693_1,CALL_T007_001693,1,COMBINED_REPAIRED_GEOMETRY_FINAL_VERIFICATION,2010-12-21 12:00:00,E0034,CAL_004985,3.5,-846.00666914489,-2008.8456252499,FLAT_START,CONVERGED_FEASIBLE,CONVERGED,PASSED,0.900158730779191,33,1,1,2.28705943072782e-14,1.13486997577184e-12,25,28,0.2486
ATT_T007_001694_1,CALL_T007_001694,1,COMBINED_REPAIRED_GEOMETRY_FINAL_VERIFICATION,2010-12-21 12:00:00,E0035,CAL_004986,3.5,-832.713341434922,-2014.88121372158,FLAT_START,CONVERGED_FEASIBLE,CONVERGED,PASSED,0.900156787928636,33,1,1,2.25375273998907e-14,1.12776454841423e-12,25,28,0.216
ATT_T007_001695_1,CALL_T007_001695,1,COMBINED_REPAIRED_GEOMETRY_FINAL_VERIFICATION,2010-12-21 12:00:00,E0035,CAL_004987,3.5,-832.713341434287,-2014.88121372186,FLAT_START,CONVERGED_FEASIBLE,CONVERGED,PASSED,0.900156787928637,33,1,1,2.25375273998907e-14,1.12765352611177e-12,25,28,0.2447
ATT_T007_001696_1,CALL_T007_001696,1,COMBINED_REPAIRED_GEOMETRY_FINAL_VERIFICATION,2010-12-21 12:00:00,E0035,CAL_004988,3.5,-818.577825626527,-2021.11974938664,FLAT_START,CONVERGED_FEASIBLE,CONVERGED,PASSED,0.900161381541257,33,1,1,2.24265050974282e-14,1.12010400954432e-12,25,28,0.2302
ATT_T007_001697_1,CALL_T007_001697,1,COMBINED_REPAIRED_GEOMETRY_FINAL_VERIFICATION,2010-12-21 12:00:00,E0035,CAL_004989,3.5,-804.496393202502,-2027.33441601664,FLAT_START,CONVERGED_FEASIBLE,CONVERGED,PASSED,0.900165445227638,33,1,1,2.20934381900406e-14,1.11310960448918e-12,25,28,0.2072
ATT_T007_001698_1,CALL_T007_001698,1,COMBINED_REPAIRED_GEOMETRY_FINAL_VERIFICATION,2010-12-21 12:00:00,E0035,CAL_004990,3.5,-790.466601639918,-2033.52629158899,FLAT_START,CONVERGED_FEASIBLE,CONVERGED,PASSED,0.900168987517577,33,1,1,2.19824158875781e-14,1.10700337785374e-12,25,28,0.2207
ATT_T007_001699_1,CALL_T007_001699,1,COMBINED_REPAIRED_GEOMETRY_FINAL_VERIFICATION,2010-12-21 12:00:00,E0035,CAL_004991,3.5,-776.486041975092,-2039.6964392701,FLAT_START,CONVERGED_FEASIBLE,CONVERGED,PASSED,0.900172016495751,33,1,1,2.17603712826531e-14,1.10145226273062e-12,25,28,0.2549
ATT_T007_001700_1,CALL_T007_001700,1,COMBINED_REPAIRED_GEOMETRY_FINAL_VERIFICATION,2010-12-21 12:00:00,E0035,CAL_004992,3.5,-762.552337068835,-2045.84590818106,FLAT_START,CONVERGED_FEASIBLE,CONVERGED,PASSED,0.900174539815971,33,1,1,2.1538326677728e-14,1.09623421451488e-12,25,28,0.2249
ATT_T007_001701_1,CALL_T007_001701,1,COMBINED_REPAIRED_GEOMETRY_FINAL_VERIFICATION,2010-12-21 12:00:00,E0035,CAL_004993,3.5,-748.663139916927,-2051.97573414325,FLAT_START,CONVERGED_FEASIBLE,CONVERGED,PASSED,0.900176564714629,33,1,1,2.1538326677728e-14,1.09134923320653e-12,25,28,0.2161
ATT_T007_001702_1,CALL_T007_001702,1,COMBINED_REPAIRED_GEOMETRY_FINAL_VERIFICATION,2010-12-21 12:00:00,E0035,CAL_004994,3.5,-734.816132002531,-2058.08694040549,FLAT_START,CONVERGED_FEASIBLE,CONVERGED,PASSED,0.900178098023364,33,1,1,2.1094237467878e-14,1.08724140801542e-12,25,28,0.2783
ATT_T007_001703_1,CALL_T007_001703,1,COMBINED_REPAIRED_GEOMETRY_FINAL_VERIFICATION,2010-12-21 12:00:00,E0035,CAL_004995,3.5,-721.009021687997,-2064.18053835382,FLAT_START,CONVERGED_FEASIBLE,CONVERGED,PASSED,0.900179146180973,33,1,1,2.12052597703405e-14,1.08379971663908e-12,25,28,0.3124
ATT_T007_001704_1,CALL_T007_001704,1,COMBINED_REPAIRED_GEOMETRY_FINAL_VERIFICATION,2010-12-21 12:00:00,E0035,CAL_004996,3.5,-707.239542643613,-2070.25752820492,FLAT_START,CONVERGED_FEASIBLE,CONVERGED,PASSED,0.900179715244626,33,1,1,2.08721928629529e-14,1.08035802526274e-12,25,28,0.2489
ATT_T007_001705_1,CALL_T007_001705,1,COMBINED_REPAIRED_GEOMETRY_FINAL_VERIFICATION,2010-12-21 12:00:00,E0035,CAL_004997,3.5,-693.505452310941,-2076.31889968431,FLAT_START,CONVERGED_FEASIBLE,CONVERGED,PASSED,0.900179810900385,33,1,1,2.05391259555654e-14,1.07747144539871e-12,25,28,0.2743
ATT_T007_001706_1,CALL_T007_001706,1,COMBINED_REPAIRED_GEOMETRY_FINAL_VERIFICATION,2010-12-21 12:00:00,E0035,CAL_004998,3.5,-679.80453039846,-2082.36563269029,FLAT_START,CONVERGED_FEASIBLE,CONVERGED,PASSED,0.900179438473091,33,1,1,2.06501482580279e-14,1.075139977047e-12,25,28,0.2709
ATT_T007_001707_1,CALL_T007_001707,1,COMBINED_REPAIRED_GEOMETRY_FINAL_VERIFICATION,2010-12-21 12:00:00,E0035,CAL_004999,3.5,-666.134577407314,-2088.39869794457,FLAT_START,CONVERGED_FEASIBLE,CONVERGED,PASSED,0.900178602935622,33,1,1,2.06501482580279e-14,1.07303055330021e-12,25,28,0.2825
ATT_T007_001708_1,CALL_T007_001708,1,COMBINED_REPAIRED_GEOMETRY_FINAL_VERIFICATION,2010-12-21 12:00:00,E0035,CAL_005000,3.5,-652.49341318503,-2094.41905763057,FLAT_START,CONVERGED_FEASIBLE,CONVERGED,PASSED,0.900177308917551,33,1,1,2.05391259555654e-14,1.07125419646081e-12,25,28,0.2342
ATT_T007_001709_1,CALL_T007_001709,1,COMBINED_REPAIRED_GEOMETRY_FINAL_VERIFICATION,2010-12-21 12:00:00,E0035,CAL_005001,3.5,-638.878875505148,-2100.42766602028,FLAT_START,CONVERGED_FEASIBLE,CONVERGED,PASSED,0.900175560713243,33,1,1,2.07611705604904e-14,1.07003295113373e-12,25,28,0.2587
ATT_T007_001710_1,CALL_T007_001710,1,COMBINED_REPAIRED_GEOMETRY_FINAL_VERIFICATION,2010-12-21 12:00:00,E0035,CAL_005002,3.5,-625.288818670748,-2106.42547009059,FLAT_START,CONVERGED_FEASIBLE,CONVERGED,PASSED,0.900173362289395,33,1,1,2.06501482580279e-14,1.06881170580664e-12,25,28,0.3279
ATT_T007_001711_1,CALL_T007_001711,1,COMBINED_REPAIRED_GEOMETRY_FINAL_VERIFICATION,2010-12-21 12:00:00,E0035,CAL_005003,3.5,-611.721112139934,-2112.41341012991,FLAT_START,CONVERGED_FEASIBLE,CONVERGED,PASSED,0.900170717292053,33,1,1,2.05391259555654e-14,1.06847863889925e-12,25,28,0.2379
ATT_T007_001712_1,CALL_T007_001712,1,COMBINED_REPAIRED_GEOMETRY_FINAL_VERIFICATION,2010-12-21 12:00:00,E0035,CAL_005004,3.5,-598.173639171357,-2118.39242033594,FLAT_START,CONVERGED_FEASIBLE,CONVERGED,PASSED,0.900167629053112,33,1,1,2.07611705604904e-14,1.06836761659679e-12,25,28,0.2483
ATT_T007_001713_1,CALL_T007_001713,1,COMBINED_REPAIRED_GEOMETRY_FINAL_VERIFICATION,2010-12-21 12:00:00,E0035,CAL_005005,3.5,-584.644295487939,-2124.36342940543,FLAT_START,CONVERGED_FEASIBLE,CONVERGED,PASSED,0.900164100596336,33,1,1,2.09832151654155e-14,1.06814557199186e-12,25,28,0.3283
ATT_T007_001714_1,CALL_T007_001714,1,COMBINED_REPAIRED_GEOMETRY_FINAL_VERIFICATION,2010-12-21 12:00:00,E0035,CAL_005006,3.5,-571.130987956982,-2130.3273611167,FLAT_START,CONVERGED_FEASIBLE,CONVERGED,PASSED,0.900160134642892,33,1,1,2.09832151654155e-14,1.0689227281091e-12,25,28,0.2509
ATT_T007_001715_1,CALL_T007_001715,1,COMBINED_REPAIRED_GEOMETRY_FINAL_VERIFICATION,2010-12-21 12:00:00,E0036,CAL_005007,3.25,-557.631633285845,-2136.28513490527,FLAT_START,CONVERGED_FEASIBLE,CONVERGED,PASSED,0.900155733616427,33,1,1,2.08721928629529e-14,1.06969988422634e-12,25,28,0.3036
ATT_T007_001716_1,CALL_T007_001716,1,COMBINED_REPAIRED_GEOMETRY_FINAL_VERIFICATION,2010-12-21 12:00:00,E0036,CAL_005008,3.25,-557.631633285072,-2136.2851349056,FLAT_START,CONVERGED_FEASIBLE,CONVERGED,PASSED,0.900155733616427,33,1,1,2.09832151654155e-14,1.06969988422634e-12,25,28,0.2981
ATT_T007_001717_1,CALL_T007_001717,1,COMBINED_REPAIRED_GEOMETRY_FINAL_VERIFICATION,2010-12-21 12:00:00,E0036,CAL_005009,3.25,-546.876662011443,-2140.87402310671,FLAT_START,CONVERGED_FEASIBLE,CONVERGED,PASSED,0.900158235800057,33,1,1,2.1094237467878e-14,1.07003295113373e-12,25,28,0.2182
ATT_T007_001718_1,CALL_T007_001718,1,COMBINED_REPAIRED_GEOMETRY_FINAL_VERIFICATION,2010-12-21 12:00:00,E0036,CAL_005010,3.25,-536.131274889288,-2145.45882198034,FLAT_START,CONVERGED_FEASIBLE,CONVERGED,PASSED,0.900160461331492,33,1,1,2.12052597703405e-14,1.07058806264604e-12,25,28,0.2175
ATT_T007_001719_1,CALL_T007_001719,1,COMBINED_REPAIRED_GEOMETRY_FINAL_VERIFICATION,2010-12-21 12:00:00,E0036,CAL_005011,3.25,-525.393824475763,-2150.04023445082,FLAT_START,CONVERGED_FEASIBLE,CONVERGED,PASSED,0.900162412007844,33,1,1,2.08721928629529e-14,1.07136521876328e-12,25,28,0.2497
ATT_T007_001720_1,CALL_T007_001720,1,COMBINED_REPAIRED_GEOMETRY_FINAL_VERIFICATION,2010-12-21 12:00:00,E0036,CAL_005012,3.25,-514.662668177148,-2154.61896137348,FLAT_START,CONVERGED_FEASIBLE,CONVERGED,PASSED,0.90016408944846,33,1,1,2.1316282072803e-14,1.07214237488051e-12,25,28,0.263
ATT_T007_001721_1,CALL_T007_001721,1,COMBINED_REPAIRED_GEOMETRY_FINAL_VERIFICATION,2010-12-21 12:00:00,E0036,CAL_005013,3.25,-503.936167241439,-2159.19570196448,FLAT_START,CONVERGED_FEASIBLE,CONVERGED,PASSED,0.900165495097218,33,1,1,2.12052597703405e-14,1.07291953099775e-12,25,28,0.2383
ATT_T007_001722_1,CALL_T007_001722,1,COMBINED_REPAIRED_GEOMETRY_FINAL_VERIFICATION,2010-12-21 12:00:00,E0036,CAL_005014,3.25,-493.212685755944,-2163.77115422852,FLAT_START,CONVERGED_FEASIBLE,CONVERGED,PASSED,0.900166630224573,33,1,1,2.12052597703405e-14,1.07447384323223e-12,25,28,0.2053
ATT_T007_001723_1,CALL_T007_001723,1,COMBINED_REPAIRED_GEOMETRY_FINAL_VERIFICATION,2010-12-21 12:00:00,E0036,CAL_005015,3.25,-482.490589648546,-2168.34601538497,FLAT_START,CONVERGED_FEASIBLE,CONVERGED,PASSED,0.900167495929364,33,1,1,2.1538326677728e-14,1.07558406625685e-12,25,28,0.2128
ATT_T007_001724_1,CALL_T007_001724,1,COMBINED_REPAIRED_GEOMETRY_FINAL_VERIFICATION,2010-12-21 12:00:00,E0036,CAL_005016,3.25,-471.768245691356,-2172.92098229298,FLAT_START,CONVERGED_FEASIBLE,CONVERGED,PASSED,0.900168093140391,33,1,1,2.14273043752655e-14,1.07724940079379e-12,25,28,0.2726
ATT_T007_001725_1,CALL_T007_001725,1,COMBINED_REPAIRED_GEOMETRY_FINAL_VERIFICATION,2010-12-21 12:00:00,E0036,CAL_005017,3.25,-461.044020505463,-2177.49675187614,FLAT_START,CONVERGED_FEASIBLE,CONVERGED,PASSED,0.900168422617753,33,1,1,2.1538326677728e-14,1.07913677993565e-12,25,28,0.2138
ATT_T007_001726_1,CALL_T007_001726,1,COMBINED_REPAIRED_GEOMETRY_FINAL_VERIFICATION,2010-12-21 12:00:00,E0036,CAL_005018,3.25,-450.316279565481,-2182.07402154721,FLAT_START,CONVERGED_FEASIBLE,CONVERGED,PASSED,0.900168484953967,33,1,1,2.1538326677728e-14,1.08102415907751e-12,25,28,0.2317
ATT_T007_001727_1,CALL_T007_001727,1,COMBINED_REPAIRED_GEOMETRY_FINAL_VERIFICATION,2010-12-21 12:00:00,E0036,CAL_005019,3.25,-439.583386202619,-2186.65348963351,FLAT_START,CONVERGED_FEASIBLE,CONVERGED,PASSED,0.900168280574853,33,1,1,2.1538326677728e-14,1.0831335828243e-12,25,28,0.2093
ATT_T007_001728_1,CALL_T007_001728,1,COMBINED_REPAIRED_GEOMETRY_FINAL_VERIFICATION,2010-12-21 12:00:00,E0036,CAL_005020,3.25,-428.843700604965,-2191.23585580343,FLAT_START,CONVERGED_FEASIBLE,CONVERGED,PASSED,0.900167809740203,33,1,1,2.18713935851156e-14,1.08524300657109e-12,25,28,0.2527
ATT_T007_001729_1,CALL_T007_001729,1,COMBINED_REPAIRED_GEOMETRY_FINAL_VERIFICATION,2010-12-21 12:00:00,E0036,CAL_005021,3.25,-418.095578813702,-2195.82182149475,FLAT_START,CONVERGED_FEASIBLE,CONVERGED,PASSED,0.900167072544223,33,1,1,2.18713935851156e-14,1.08779651952773e-12,25,28,0.2185
ATT_T007_001730_1,CALL_T007_001730,1,COMBINED_REPAIRED_GEOMETRY_FINAL_VERIFICATION,2010-12-21 12:00:00,E0036,CAL_005022,3.25,-407.337371713931,-2200.41209034525,FLAT_START,CONVERGED_FEASIBLE,CONVERGED,PASSED,0.900166068915763,33,1,1,2.18713935851156e-14,1.09035003248437e-12,25,28,0.2105
ATT_T007_001731_1,CALL_T007_001731,1,COMBINED_REPAIRED_GEOMETRY_FINAL_VERIFICATION,2010-12-21 12:00:00,E0036,CAL_005023,3.25,-396.567424018794,-2205.00736862609,FLAT_START,CONVERGED_FEASIBLE,CONVERGED,PASSED,0.900164798618314,33,1,1,2.18713935851156e-14,1.09323661234839e-12,25,28,0.2114
ATT_T007_001732_1,CALL_T007_001732,1,COMBINED_REPAIRED_GEOMETRY_FINAL_VERIFICATION,2010-12-21 12:00:00,E0036,CAL_005024,3.25,-385.784073245554,-2209.60836567878,FLAT_START,CONVERGED_FEASIBLE,CONVERGED,PASSED,0.900163261249799,33,1,1,2.20934381900406e-14,1.09601216990995e-12,25,28,0.2127
ATT_T007_001733_1,CALL_T007_001733,1,COMBINED_REPAIRED_GEOMETRY_FINAL_VERIFICATION,2010-12-21 12:00:00,E0036,CAL_005025,3.25,-374.985648682289,-2214.21579435602,FLAT_START,CONVERGED_FEASIBLE,CONVERGED,PASSED,0.900161456242136,33,1,1,2.19824158875781e-14,1.09945386128629e-12,25,28,0.2169
ATT_T007_001734_1,CALL_T007_001734,1,COMBINED_REPAIRED_GEOMETRY_FINAL_VERIFICATION,2010-12-21 12:00:00,E0036,CAL_005026,3.25,-364.170470343807,-2218.83037146717,FLAT_START,CONVERGED_FEASIBLE,CONVERGED,PASSED,0.900159382860583,33,1,1,2.24265050974282e-14,1.10267350805771e-12,25,28,0.2079
ATT_T007_001735_1,CALL_T007_001735,1,COMBINED_REPAIRED_GEOMETRY_FINAL_VERIFICATION,2010-12-21 12:00:00,E0036,CAL_005027,3.25,-353.336847915407,-2223.45281822897,FLAT_START,CONVERGED_FEASIBLE,CONVERGED,PASSED,0.900157040202861,33,1,1,2.24265050974282e-14,1.10622622173651e-12,25,28,0.2137
ATT_T007_001736_1,CALL_T007_001736,1,COMBINED_REPAIRED_GEOMETRY_FINAL_VERIFICATION,2010-12-21 12:00:00,E0037,CAL_005028,3.5,-342.483079683359,-2228.08386072183,FLAT_START,CONVERGED_FEASIBLE,CONVERGED,PASSED,0.900154427198049,33,1,1,2.24265050974282e-14,1.10977893541531e-12,25,28,0.2139
ATT_T007_001737_1,CALL_T007_001737,1,COMBINED_REPAIRED_GEOMETRY_FINAL_VERIFICATION,2010-12-21 12:00:00,E0037,CAL_005029,3.5,-342.48307968292,-2228.08386072201,FLAT_START,CONVERGED_FEASIBLE,CONVERGED,PASSED,0.900154427198049,33,1,1,2.25375273998907e-14,1.10966791311284e-12,25,28,0.214
ATT_T007_001738_1,CALL_T007_001738,1,COMBINED_REPAIRED_GEOMETRY_FINAL_VERIFICATION,2010-12-21 12:00:00,E0037,CAL_005030,3.5,-327.475445960557,-2234.26983783718,FLAT_START,CONVERGED_FEASIBLE,CONVERGED,PASSED,0.900159121838064,33,1,1,2.26485497023532e-14,1.11421982751381e-12,25,28,0.2109
ATT_T007_001739_1,CALL_T007_001739,1,COMBINED_REPAIRED_GEOMETRY_FINAL_VERIFICATION,2010-12-21 12:00:00,E0037,CAL_005031,3.5,-312.437741140286,-2240.46820991926,FLAT_START,CONVERGED_FEASIBLE,CONVERGED,PASSED,0.900163322522551,33,1,1,2.27595720048157e-14,1.1189937865197e-12,25,28,0.2146
ATT_T007_001740_1,CALL_T007_001740,1,COMBINED_REPAIRED_GEOMETRY_FINAL_VERIFICATION,2010-12-21 12:00:00,E0037,CAL_005032,3.5,-297.367577189571,-2246.67996128831,FLAT_START,CONVERGED_FEASIBLE,CONVERGED,PASSED,0.900167028691465,33,1,1,2.30926389122033e-14,1.12387876782805e-12,25,28,0.2146
ATT_T007_001741_1,CALL_T007_001741,1,COMBINED_REPAIRED_GEOMETRY_FINAL_VERIFICATION,2010-12-21 12:00:00,E0037,CAL_005033,3.5,-282.262545844496,-2252.90608460349,FLAT_START,CONVERGED_FEASIBLE,CONVERGED,PASSED,0.900170239469301,33,1,1,2.32036612146658e-14,1.12976294985856e-12,25,28,0.2614
ATT_T007_001742_1,CALL_T007_001742,1,COMBINED_REPAIRED_GEOMETRY_FINAL_VERIFICATION,2010-12-21 12:00:00,E0037,CAL_005034,3.5,-267.120217036356,-2259.14758151169,FLAT_START,CONVERGED_FEASIBLE,CONVERGED,PASSED,0.90017295366318,33,1,1,2.32036612146658e-14,1.13509202037676e-12,25,28,0.2103
ATT_T007_001743_1,CALL_T007_001743,1,COMBINED_REPAIRED_GEOMETRY_FINAL_VERIFICATION,2010-12-21 12:00:00,E0037,CAL_005035,3.5,-251.938137289011,-2265.40546330806,FLAT_START,CONVERGED_FEASIBLE,CONVERGED,PASSED,0.900175169760476,33,1,1,2.34257058195908e-14,1.14108722470974e-12,25,28,0.3315
ATT_T007_001744_1,CALL_T007_001744,1,COMBINED_REPAIRED_GEOMETRY_FINAL_VERIFICATION,2010-12-21 12:00:00,E0037,CAL_005036,3.5,-236.713828084701,-2271.68075160963,FLAT_START,CONVERGED_FEASIBLE,CONVERGED,PASSED,0.900176885926016,33,1,1,2.36477504245158e-14,1.14763754055502e-12,25,28,0.3508
ATT_T007_001745_1,CALL_T007_001745,1,COMBINED_REPAIRED_GEOMETRY_FINAL_VERIFICATION,2010-12-21 12:00:00,E0037,CAL_005037,3.5,-221.444784195952,-2277.97447904286,FLAT_START,CONVERGED_FEASIBLE,CONVERGED,PASSED,0.900178099998813,33,1,1,2.39808173319034e-14,1.15407683409785e-12,25,28,0.257
ATT_T007_001746_1,CALL_T007_001746,1,COMBINED_REPAIRED_GEOMETRY_FINAL_VERIFICATION,2010-12-21 12:00:00,E0037,CAL_005038,3.5,-206.128471981116,-2284.28768994623,FLAT_START,CONVERGED_FEASIBLE,CONVERGED,PASSED,0.900178809488345,33,1,1,2.38697950294409e-14,1.16096021685053e-12,25,28,0.2872
ATT_T007_001747_1,CALL_T007_001747,1,COMBINED_REPAIRED_GEOMETRY_FINAL_VERIFICATION,2010-12-21 12:00:00,E0037,CAL_005039,3.5,-190.762327641023,-2290.62144108879,FLAT_START,CONVERGED_FEASIBLE,CONVERGED,PASSED,0.900179011570362,33,1,1,2.43138842392909e-14,1.16817666651059e-12,25,28,0.2142
ATT_T007_001748_1,CALL_T007_001748,1,COMBINED_REPAIRED_GEOMETRY_FINAL_VERIFICATION,2010-12-21 12:00:00,E0037,CAL_005040,3.5,-175.343755434091,-2296.97680240591,FLAT_START,CONVERGED_FEASIBLE,CONVERGED,PASSED,0.90017870308221,33,1,1,2.44249065417534e-14,1.1758372053805e-12,25,28,0.3463
ATT_T007_001749_1,CALL_T007_001749,1,COMBINED_REPAIRED_GEOMETRY_FINAL_VERIFICATION,2010-12-21 12:00:00,E0037,CAL_005041,3.5,-159.870125847193,-2303.35485775321,FLAT_START,CONVERGED_FEASIBLE,CONVERGED,PASSED,0.900177880517666,33,1,1,2.48689957516035e-14,1.18338672194795e-12,25,28,0.2741
ATT_T007_001750_1,CALL_T007_001750,1,COMBINED_REPAIRED_GEOMETRY_FINAL_VERIFICATION,2010-12-21 12:00:00,E0037,CAL_005042,3.5,-144.338773719412,-2309.7567056799,FLAT_START,CONVERGED_FEASIBLE,CONVERGED,PASSED,0.900176540021256,33,1,1,2.4980018054066e-14,1.19171339463264e-12,25,28,0.2106
ATT_T007_001751_1,CALL_T007_001751,1,COMBINED_REPAIRED_GEOMETRY_FINAL_VERIFICATION,2010-12-21 12:00:00,E0037,CAL_005043,3.5,-128.746996315771,-2316.18346022283,FLAT_START,CONVERGED_FEASIBLE,CONVERGED,PASSED,0.900174677382069,33,1,1,2.52020626589911e-14,1.19970700040994e-12,25,28,0.2059
ATT_T007_001752_1,CALL_T007_001752,1,COMBINED_REPAIRED_GEOMETRY_FINAL_VERIFICATION,2010-12-21 12:00:00,E0037,CAL_005044,3.5,-113.092051347822,-2322.63625172231,FLAT_START,CONVERGED_FEASIBLE,CONVERGED,PASSED,0.900172288027016,33,1,1,2.55351295663786e-14,1.20869980690941e-12,25,28,0.2561
ATT_T007_001753_1,CALL_T007_001753,1,COMBINED_REPAIRED_GEOMETRY_FINAL_VERIFICATION,2010-12-21 12:00:00,E0037,CAL_005045,3.5,-97.3711549379273,-2329.11622766126,FLAT_START,CONVERGED_FEASIBLE,CONVERGED,PASSED,0.900169367013548,33,1,1,2.55351295663786e-14,1.21802568031626e-12,25,28,0.2081
ATT_T007_001754_1,CALL_T007_001754,1,COMBINED_REPAIRED_GEOMETRY_FINAL_VERIFICATION,2010-12-21 12:00:00,E0037,CAL_005046,3.5,-81.5814795238558,-2335.62455352891,FLAT_START,CONVERGED_FEASIBLE,CONVERGED,PASSED,0.900165909021794,33,1,1,2.59792187762287e-14,1.22724053142065e-12,25,28,0.2224
ATT_T007_001755_1,CALL_T007_001755,1,COMBINED_REPAIRED_GEOMETRY_FINAL_VERIFICATION,2010-12-21 12:00:00,E0037,CAL_005047,3.5,-65.7201517002164,-2342.16241371049,FLAT_START,CONVERGED_FEASIBLE,CONVERGED,PASSED,0.900161908346109,33,1,1,2.62012633811537e-14,1.23734356094474e-12,25,28,0.2093
ATT_T007_001756_1,CALL_T007_001756,1,COMBINED_REPAIRED_GEOMETRY_FINAL_VERIFICATION,2010-12-21 12:00:00,E0037,CAL_005048,3.5,-49.7842499930629,-2348.73101240458,FLAT_START,CONVERGED_FEASIBLE,CONVERGED,PASSED,0.900157358886005,33,1,1,2.63122856836162e-14,4.32875957301349e-13,26,28,0.2588
ATT_T007_001757_1,CALL_T007_001757,1,COMBINED_REPAIRED_GEOMETRY_FINAL_VERIFICATION,2010-12-21 12:00:00,E0039,CAL_005054,3.5,-33.7708025638444,-2355.33157456945,FLAT_START,CONVERGED_FEASIBLE,CONVERGED,PASSED,0.900152254136444,33,1,1,2.64233079860787e-14,4.36872760189999e-13,26,28,0.2933
ATT_T007_001758_1,CALL_T007_001758,1,COMBINED_REPAIRED_GEOMETRY_FINAL_VERIFICATION,2010-12-21 12:00:00,E0039,CAL_005055,3.5,-24.9242602196393,-2358.84256402439,FLAT_START,CONVERGED_FEASIBLE,CONVERGED,PASSED,0.900154678419516,33,1,1,2.67563748934663e-14,4.38760139331862e-13,26,28,0.2172
ATT_T007_001759_1,CALL_T007_001759,1,COMBINED_REPAIRED_GEOMETRY_FINAL_VERIFICATION,2010-12-21 12:00:00,E0039,CAL_005056,3.5,-7.51687439242262,-2365.75115561864,FLAT_START,CONVERGED_FEASIBLE,CONVERGED,PASSED,0.900158979694001,33,1,1,2.70894418008538e-14,4.42423875313125e-13,26,28,0.2417
ATT_T007_001760_1,CALL_T007_001760,1,COMBINED_REPAIRED_GEOMETRY_FINAL_VERIFICATION,2010-12-21 12:00:00,E0039,CAL_005057,3.5,9.99232267010172,-2372.70015375362,FLAT_START,CONVERGED_FEASIBLE,CONVERGED,PASSED,0.900162680857689,33,1,1,2.73114864057789e-14,4.46420678201775e-13,26,28,0.212
ATT_T007_001761_1,CALL_T007_001761,1,COMBINED_REPAIRED_GEOMETRY_FINAL_VERIFICATION,2010-12-21 12:00:00,E0039,CAL_005058,3.5,27.606917445047,-2379.69098181971,FLAT_START,CONVERGED_FEASIBLE,CONVERGED,PASSED,0.900165774099416,33,1,1,2.76445533131664e-14,4.50750547997814e-13,26,28,0.2371
ATT_T007_001762_1,CALL_T007_001762,1,COMBINED_REPAIRED_GEOMETRY_FINAL_VERIFICATION,2010-12-21 12:00:00,E0039,CAL_005059,3.5,45.3305720251849,-2386.72509321743,FLAT_START,CONVERGED_FEASIBLE,CONVERGED,PASSED,0.900168251101555,33,1,1,2.79776202205539e-14,4.54969395491389e-13,26,28,0.2132
ATT_T007_001763_1,CALL_T007_001763,1,COMBINED_REPAIRED_GEOMETRY_FINAL_VERIFICATION,2010-12-21 12:00:00,E0039,CAL_005060,3.5,63.1670274269913,-2393.80397267028,FLAT_START,CONVERGED_FEASIBLE,CONVERGED,PASSED,0.90017010302424,33,1,1,2.8199664825479e-14,4.5941028758989e-13,26,28,0.2409
ATT_T007_001764_1,CALL_T007_001764,1,COMBINED_REPAIRED_GEOMETRY_FINAL_VERIFICATION,2010-12-21 12:00:00,E0039,CAL_005061,3.5,81.1201070263259,-2400.92913758832,FLAT_START,CONVERGED_FEASIBLE,CONVERGED,PASSED,0.900171320488601,33,1,1,2.88657986402541e-14,4.64184246595778e-13,26,28,0.2115
ATT_T007_001765_1,CALL_T007_001765,1,COMBINED_REPAIRED_GEOMETRY_FINAL_VERIFICATION,2010-12-21 12:00:00,E0039,CAL_005062,3.5,99.1937201287708,-2408.10213948514,FLAT_START,CONVERGED_FEASIBLE,CONVERGED,PASSED,0.900171893558947,33,1,1,2.90878432451791e-14,4.68625138694279e-13,26,28,0.2994
ATT_T007_001766_1,CALL_T007_001766,1,COMBINED_REPAIRED_GEOMETRY_FINAL_VERIFICATION,2010-12-21 12:00:00,E0039,CAL_005063,3.5,117.391865682051,-2415.32456545123,FLAT_START,CONVERGED_FEASIBLE,CONVERGED,PASSED,0.900171811723847,33,1,1,2.94209101525666e-14,4.73843186910017e-13,26,28,0.2159
ATT_T007_001767_1,CALL_T007_001767,1,COMBINED_REPAIRED_GEOMETRY_FINAL_VERIFICATION,2010-12-21 12:00:00,E0039,CAL_005064,3.5,135.718636138374,-2422.59803968688,FLAT_START,CONVERGED_FEASIBLE,CONVERGED,PASSED,0.900171063876059,33,1,1,2.97539770599542e-14,4.78728168218368e-13,26,28,0.2361
ATT_T007_001768_1,CALL_T007_001768,1,COMBINED_REPAIRED_GEOMETRY_FINAL_VERIFICATION,2010-12-21 12:00:00,E0039,CAL_005065,3.5,154.178221474998,-2429.92422509782,FLAT_START,CONVERGED_FEASIBLE,CONVERGED,PASSED,0.900169638291236,33,1,1,3.01980662698043e-14,4.84168261039031e-13,26,28,0.22
ATT_T007_001769_1,CALL_T007_001769,1,COMBINED_REPAIRED_GEOMETRY_FINAL_VERIFICATION,2010-12-21 12:00:00,E0039,CAL_005066,3.5,172.774913381783,-2437.30482495717,FLAT_START,CONVERGED_FEASIBLE,CONVERGED,PASSED,0.900167522605344,33,1,1,3.05311331771918e-14,4.89719376162157e-13,26,28,0.2311
ATT_T007_001770_1,CALL_T007_001770,1,COMBINED_REPAIRED_GEOMETRY_FINAL_VERIFICATION,2010-12-21 12:00:00,E0039,CAL_005067,3.5,191.513109625037,-2444.74158463737,FLAT_START,CONVERGED_FEASIBLE,CONVERGED,PASSED,0.900164703790728,33,1,1,3.08642000845794e-14,4.9515946898282e-13,26,28,0.2116
ATT_T007_001771_1,CALL_T007_001771,1,COMBINED_REPAIRED_GEOMETRY_FINAL_VERIFICATION,2010-12-21 12:00:00,E0039,CAL_005068,3.5,210.397318597492,-2452.23629341594,FLAT_START,CONVERGED_FEASIBLE,CONVERGED,PASSED,0.900161168130737,33,1,1,3.13082892944294e-14,5.01265695618258e-13,26,28,0.2116
ATT_T007_001772_1,CALL_T007_001772,1,COMBINED_REPAIRED_GEOMETRY_FINAL_VERIFICATION,2010-12-21 12:00:00,E0039,CAL_005069,3.5,229.432164064841,-2459.79078635927,FLAT_START,CONVERGED_FEASIBLE,CONVERGED,PASSED,0.900156901192846,33,1,1,3.17523785042795e-14,5.07260899951234e-13,26,28,0.2597
ATT_T007_001773_1,CALL_T007_001773,1,COMBINED_REPAIRED_GEOMETRY_FINAL_VERIFICATION,2010-12-21 12:00:00,E0039,CAL_005070,3.5,248.62239011992,-2467.40694628884,FLAT_START,CONVERGED_FEASIBLE,CONVERGED,PASSED,0.900151887800162,33,1,1,3.23074900165921e-14,5.1370019349406e-13,26,28,0.2121
ATT_T007_001774_1,CALL_T007_001774,1,COMBINED_REPAIRED_GEOMETRY_FINAL_VERIFICATION,2010-12-21 12:00:00,E0040,CAL_005071,3.25,248.622390120488,-2467.40694628906,FLAT_START,CONVERGED_FEASIBLE,CONVERGED,PASSED,0.900151887800162,33,1,1,3.2085445411667e-14,5.1370019349406e-13,26,28,0.2214
ATT_T007_001775_1,CALL_T007_001775,1,COMBINED_REPAIRED_GEOMETRY_FINAL_VERIFICATION,2010-12-21 12:00:00,E0040,CAL_005072,3.25,262.268966331775,-2472.62995865283,FLAT_START,CONVERGED_FEASIBLE,CONVERGED,PASSED,0.9001557207323,33,1,1,3.25295346215171e-14,5.17585974080248e-13,26,28,0.2333
ATT_T007_001776_1,CALL_T007_001776,1,COMBINED_REPAIRED_GEOMETRY_FINAL_VERIFICATION,2010-12-21 12:00:00,E0040,CAL_005073,3.25,276.029364272128,-2477.89653449281,FLAT_START,CONVERGED_FEASIBLE,CONVERGED,PASSED,0.900159225544196,33,1,1,3.29736238313671e-14,5.22248910783674e-13,26,28,0.2253
ATT_T007_001777_1,CALL_T007_001777,1,COMBINED_REPAIRED_GEOMETRY_FINAL_VERIFICATION,2010-12-21 12:00:00,E0040,CAL_005074,3.25,289.907136434134,-2483.20803346966,FLAT_START,CONVERGED_FEASIBLE,CONVERGED,PASSED,0.900162395122421,33,1,1,3.33066907387547e-14,5.26467758277249e-13,26,28,0.2091
ATT_T007_001778_1,CALL_T007_001778,1,COMBINED_REPAIRED_GEOMETRY_FINAL_VERIFICATION,2010-12-21 12:00:00,E0040,CAL_005075,3.25,303.905932244669,-2488.5658523441,FLAT_START,CONVERGED_FEASIBLE,CONVERGED,PASSED,0.900165221966394,33,1,1,3.33066907387547e-14,5.313527395856e-13,26,28,0.2721
ATT_T007_001779_1,CALL_T007_001779,1,COMBINED_REPAIRED_GEOMETRY_FINAL_VERIFICATION,2010-12-21 12:00:00,E0040,CAL_005076,3.25,318.029502258826,-2493.97142658208,FLAT_START,CONVERGED_FEASIBLE,CONVERGED,PASSED,0.900167698171457,33,1,1,3.38618022510673e-14,5.35793631684101e-13,26,28,0.2132
ATT_T007_001780_1,CALL_T007_001780,1,COMBINED_REPAIRED_GEOMETRY_FINAL_VERIFICATION,2010-12-21 12:00:00,E0040,CAL_005077,3.25,332.281702548706,-2499.42623203456,FLAT_START,CONVERGED_FEASIBLE,CONVERGED,PASSED,0.900169815410927,33,1,1,3.41948691584548e-14,5.40456568387526e-13,26,28,0.2118
ATT_T007_001781_1,CALL_T007_001781,1,COMBINED_REPAIRED_GEOMETRY_FINAL_VERIFICATION,2010-12-21 12:00:00,E0040,CAL_005078,3.25,346.666499297985,-2504.93178669593,FLAT_START,CONVERGED_FEASIBLE,CONVERGED,PASSED,0.900171564917048,33,1,1,3.45279360658424e-14,5.45452571998339e-13,26,28,0.2083
ATT_T007_001782_1,CALL_T007_001782,1,COMBINED_REPAIRED_GEOMETRY_FINAL_VERIFICATION,2010-12-21 12:00:00,E0040,CAL_005079,3.25,361.187973614275,-2510.48965254592,FLAT_START,CONVERGED_FEASIBLE,CONVERGED,PASSED,0.90017293746079,33,1,1,3.48610029732299e-14,5.50448575609153e-13,26,28,0.2608
ATT_T007_001783_1,CALL_T007_001783,1,COMBINED_REPAIRED_GEOMETRY_FINAL_VERIFICATION,2010-12-21 12:00:00,E0040,CAL_005080,3.25,375.850326572118,-2516.10143747975,FLAT_START,CONVERGED_FEASIBLE,CONVERGED,PASSED,0.900173923330396,33,1,1,3.54161144855425e-14,5.55999690732278e-13,26,28,0.209
ATT_T007_001784_1,CALL_T007_001784,1,COMBINED_REPAIRED_GEOMETRY_FINAL_VERIFICATION,2010-12-21 12:00:00,E0040,CAL_005081,3.25,390.657884500267,-2521.76879733166,FLAT_START,CONVERGED_FEASIBLE,CONVERGED,PASSED,0.90017451230862,33,1,1,3.56381590904675e-14,5.61439783552942e-13,26,28,0.2362
ATT_T007_001785_1,CALL_T007_001785,1,COMBINED_REPAIRED_GEOMETRY_FINAL_VERIFICATION,2010-12-21 12:00:00,E0040,CAL_005082,3.25,405.615104527845,-2527.49343799772,FLAT_START,CONVERGED_FEASIBLE,CONVERGED,PASSED,0.900174693648555,33,1,1,3.60822483003176e-14,5.66546809466217e-13,26,28,0.2108
ATT_T007_001786_1,CALL_T007_001786,1,COMBINED_REPAIRED_GEOMETRY_FINAL_VERIFICATION,2010-12-21 12:00:00,E0040,CAL_005083,3.25,420.726580404935,-2533.27711766351,FLAT_START,CONVERGED_FEASIBLE,CONVERGED,PASSED,0.90017445604796,33,1,1,3.65263375101677e-14,5.72430991496731e-13,26,28,0.2089
ATT_T007_001787_1,CALL_T007_001787,1,COMBINED_REPAIRED_GEOMETRY_FINAL_VERIFICATION,2010-12-21 12:00:00,E0040,CAL_005084,3.25,435.997048614219,-2539.12164914325,FLAT_START,CONVERGED_FEASIBLE,CONVERGED,PASSED,0.900173787621988,33,1,1,3.68594044175552e-14,5.78204151224782e-13,26,28,0.217
ATT_T007_001788_1,CALL_T007_001788,1,COMBINED_REPAIRED_GEOMETRY_FINAL_VERIFICATION,2010-12-21 12:00:00,E0040,CAL_005085,3.25,451.431394791411,-2545.02890233717,FLAT_START,CONVERGED_FEASIBLE,CONVERGED,PASSED,0.900172675874203,33,1,1,3.73034936274053e-14,5.84088333255295e-13,26,28,0.2288
ATT_T007_001789_1,CALL_T007_001789,1,COMBINED_REPAIRED_GEOMETRY_FINAL_VERIFICATION,2010-12-21 12:00:00,E0040,CAL_005086,3.25,467.034660473483,-2551.00080681422,FLAT_START,CONVERGED_FEASIBLE,CONVERGED,PASSED,0.900171107665769,33,1,1,3.78586051397178e-14,5.90416604495658e-13,26,28,0.2911
ATT_T007_001790_1,CALL_T007_001790,1,COMBINED_REPAIRED_GEOMETRY_FINAL_VERIFICATION,2010-12-21 12:00:00,E0040,CAL_005087,3.25,482.812050194961,-2557.03935452812,FLAT_START,CONVERGED_FEASIBLE,CONVERGED,PASSED,0.900169069182686,33,1,1,3.79696274421804e-14,5.96966920340947e-13,26,28,0.2104
ATT_T007_001791_1,CALL_T007_001791,1,COMBINED_REPAIRED_GEOMETRY_FINAL_VERIFICATION,2010-12-21 12:00:00,E0040,CAL_005088,3.25,498.768938954052,-2563.14660267488,FLAT_START,CONVERGED_FEASIBLE,CONVERGED,PASSED,0.900166545900936,33,1,1,3.88578058618805e-14,6.0329519158131e-13,26,28,0.2075
ATT_T007_001792_1,CALL_T007_001792,1,COMBINED_REPAIRED_GEOMETRY_FINAL_VERIFICATION,2010-12-21 12:00:00,E0040,CAL_005089,3.25,514.910880071858,-2569.32467670078,FLAT_START,CONVERGED_FEASIBLE,CONVERGED,PASSED,0.900163522549392,33,1,1,3.9190872769268e-14,6.09845507426598e-13,26,28,0.2348
ATT_T007_001793_1,CALL_T007_001793,1,COMBINED_REPAIRED_GEOMETRY_FINAL_VERIFICATION,2010-12-21 12:00:00,E0040,CAL_005090,3.25,531.243613469646,-2575.57577347041,FLAT_START,CONVERGED_FEASIBLE,CONVERGED,PASSED,0.900159983070318,33,1,1,3.98570065840431e-14,6.17061957086662e-13,26,28,0.2143
ATT_T007_001794_1,CALL_T007_001794,1,COMBINED_REPAIRED_GEOMETRY_FINAL_VERIFICATION,2010-12-21 12:00:00,E0041,CAL_005091,3.5,547.77307439028,-2581.90216460458,FLAT_START,CONVERGED_FEASIBLE,CONVERGED,PASSED,0.900155910577315,33,1,1,4.03010957938932e-14,6.24278406746726e-13,26,28,0.2139
ATT_T007_001795_1,CALL_T007_001795,1,COMBINED_REPAIRED_GEOMETRY_FINAL_VERIFICATION,2010-12-21 12:00:00,E0041,CAL_005092,3.5,547.773074391084,-2581.90216460488,FLAT_START,CONVERGED_FEASIBLE,CONVERGED,PASSED,0.900155910577315,33,1,1,4.03010957938932e-14,6.24167384444263e-13,26,28,0.2089
ATT_T007_001796_1,CALL_T007_001796,1,COMBINED_REPAIRED_GEOMETRY_FINAL_VERIFICATION,2010-12-21 12:00:00,E0041,CAL_005093,3.5,569.159997346381,-2589.85251769671,FLAT_START,CONVERGED_FEASIBLE,CONVERGED,PASSED,0.900159496794757,33,1,1,4.07451850037432e-14,6.33160190943727e-13,26,28,0.2103
ATT_T007_001797_1,CALL_T007_001797,1,COMBINED_REPAIRED_GEOMETRY_FINAL_VERIFICATION,2010-12-21 12:00:00,E0041,CAL_005094,3.5,590.810278046734,-2597.90077113012,FLAT_START,CONVERGED_FEASIBLE,CONVERGED,PASSED,0.900162298543761,33,1,1,4.14113188185183e-14,6.42597086653041e-13,26,28,0.2329
ATT_T007_001798_1,CALL_T007_001798,1,COMBINED_REPAIRED_GEOMETRY_FINAL_VERIFICATION,2010-12-21 12:00:00,E0041,CAL_005095,3.5,612.732170588557,-2606.04999327455,FLAT_START,CONVERGED_FEASIBLE,CONVERGED,PASSED,0.900164289675252,33,1,1,4.21884749357559e-14,6.52033982362354e-13,26,28,0.2079
ATT_T007_001799_1,CALL_T007_001799,1,COMBINED_REPAIRED_GEOMETRY_FINAL_VERIFICATION,2010-12-21 12:00:00,E0041,CAL_005096,3.5,634.934221286768,-2614.30336112847,FLAT_START,CONVERGED_FEASIBLE,CONVERGED,PASSED,0.900165442615174,33,1,1,4.2854608750531e-14,6.62248034188906e-13,26,28,0.2108
ATT_T007_001800_1,CALL_T007_001800,1,COMBINED_REPAIRED_GEOMETRY_FINAL_VERIFICATION,2010-12-21 12:00:00,E0041,CAL_005097,3.5,657.425282768789,-2622.66416555863,FLAT_START,CONVERGED_FEASIBLE,CONVERGED,PASSED,0.900165728284538,33,1,1,4.36317648677687e-14,6.72684130620382e-13,26,28,0.2081
ATT_T007_001801_1,CALL_T007_001801,1,COMBINED_REPAIRED_GEOMETRY_FINAL_VERIFICATION,2010-12-21 12:00:00,E0041,CAL_005098,3.5,680.214528867143,-2631.13581683625,FLAT_START,CONVERGED_FEASIBLE,CONVERGED,PASSED,0.900165116013994,33,1,1,4.45199432874688e-14,6.83342271656784e-13,26,28,0.2523
ATT_T007_001802_1,CALL_T007_001802,1,COMBINED_REPAIRED_GEOMETRY_FINAL_VERIFICATION,2010-12-21 12:00:00,E0041,CAL_005099,3.5,703.311470364614,-2639.72185049009,FLAT_START,CONVERGED_FEASIBLE,CONVERGED,PASSED,0.900163573452512,33,1,1,4.54081217071689e-14,6.94444501903035e-13,26,28,0.2093
ATT_T007_001803_1,CALL_T007_001803,1,COMBINED_REPAIRED_GEOMETRY_FINAL_VERIFICATION,2010-12-21 12:00:00,E0041,CAL_005100,3.5,726.725971650186,-2648.42593349812,FLAT_START,CONVERGED_FEASIBLE,CONVERGED,PASSED,0.900161066469728,33,1,1,4.6074255521944e-14,7.061018436616e-13,26,28,0.2083
ATT_T007_001804_1,CALL_T007_001804,1,COMBINED_REPAIRED_GEOMETRY_FINAL_VERIFICATION,2010-12-21 12:00:00,E0041,CAL_005101,3.5,750.468268348476,-2657.2518708411,FLAT_START,CONVERGED_FEASIBLE,CONVERGED,PASSED,0.900157559051436,33,1,1,4.70734562441066e-14,7.17981230025089e-13,26,28,0.2056
ATT_T007_001805_1,CALL_T007_001805,1,COMBINED_REPAIRED_GEOMETRY_FINAL_VERIFICATION,2010-12-21 12:00:00,E0042,CAL_005102,3.5,774.548985988915,-2666.20361244256,FLAT_START,CONVERGED_FEASIBLE,CONVERGED,PASSED,0.900153013187694,33,1,1,4.79616346638068e-14,7.30526750203353e-13,26,28,0.2463
ATT_T007_001806_1,CALL_T007_001806,1,COMBINED_REPAIRED_GEOMETRY_FINAL_VERIFICATION,2010-12-21 12:00:00,E0042,CAL_005103,3.5,774.548985990207,-2666.20361244302,FLAT_START,CONVERGED_FEASIBLE,CONVERGED,PASSED,0.900153013187695,33,1,1,4.78506123613442e-14,7.30526750203353e-13,26,28,0.2449
ATT_T007_001807_1,CALL_T007_001807,1,COMBINED_REPAIRED_GEOMETRY_FINAL_VERIFICATION,2010-12-21 12:00:00,E0042,CAL_005104,3.5,796.269868822053,-2674.04831447092,FLAT_START,CONVERGED_FEASIBLE,CONVERGED,PASSED,0.900157460516968,33,1,1,4.89608353859694e-14,7.41740002752067e-13,26,28,0.2242
ATT_T007_001808_1,CALL_T007_001808,1,COMBINED_REPAIRED_GEOMETRY_FINAL_VERIFICATION,2010-12-21 12:00:00,E0042,CAL_005105,3.5,818.30712739843,-2682.0072785877,FLAT_START,CONVERGED_FEASIBLE,CONVERGED,PASSED,0.900161158212999,33,1,1,4.94049245958195e-14,7.53064277603244e-13,26,28,0.2124
ATT_T007_001809_1,CALL_T007_001809,1,COMBINED_REPAIRED_GEOMETRY_FINAL_VERIFICATION,2010-12-21 12:00:00,E0042,CAL_005106,3.5,840.67115582823,-2690.08425872397,FLAT_START,CONVERGED_FEASIBLE,CONVERGED,PASSED,0.900164075632197,33,1,1,5.02931030155196e-14,7.64943663966733e-13,26,28,0.2365
ATT_T007_001810_1,CALL_T007_001810,1,COMBINED_REPAIRED_GEOMETRY_FINAL_VERIFICATION,2010-12-21 12:00:00,E0042,CAL_005107,3.5,863.372759835525,-2698.28315746908,FLAT_START,CONVERGED_FEASIBLE,CONVERGED,PASSED,0.900166180339285,33,1,1,5.11812814352197e-14,7.7715611723761e-13,26,28,0.2093
ATT_T007_001811_1,CALL_T007_001811,1,COMBINED_REPAIRED_GEOMETRY_FINAL_VERIFICATION,2010-12-21 12:00:00,E0042,CAL_005108,3.5,886.423178275041,-2706.60803384156,FLAT_START,CONVERGED_FEASIBLE,CONVERGED,PASSED,0.900167437993997,33,1,1,5.20694598549198e-14,7.89923682020799e-13,26,28,0.2063
ATT_T007_001812_1,CALL_T007_001812,1,COMBINED_REPAIRED_GEOMETRY_FINAL_VERIFICATION,2010-12-21 12:00:00,E0042,CAL_005109,3.5,909.834105990627,-2715.06311154476,FLAT_START,CONVERGED_FEASIBLE,CONVERGED,PASSED,0.900167812229283,33,1,1,5.30686605770825e-14,8.03135336013838e-13,26,28,0.2096
ATT_T007_001813_1,CALL_T007_001813,1,COMBINED_REPAIRED_GEOMETRY_FINAL_VERIFICATION,2010-12-21 12:00:00,E0042,CAL_005110,3.5,933.617718116132,-2723.65278774329,FLAT_START,CONVERGED_FEASIBLE,CONVERGED,PASSED,0.900167264520217,33,1,1,2.1316282072803e-14,9.07496300328603e-13,26,29,0.2612
ATT_T007_001814_1,CALL_T007_001814,1,COMBINED_REPAIRED_GEOMETRY_FINAL_VERIFICATION,2010-12-21 12:00:00,E0042,CAL_005111,3.5,957.786695926545,-2732.3816423994,FLAT_START,CONVERGED_FEASIBLE,CONVERGED,PASSED,0.900165754043359,33,1,1,2.16493489801906e-14,9.23372489580743e-13,26,29,0.2223
ATT_T007_001815_1,CALL_T007_001815,1,COMBINED_REPAIRED_GEOMETRY_FINAL_VERIFICATION,2010-12-21 12:00:00,E0042,CAL_005112,3.5,982.354254356612,-2741.25444821161,FLAT_START,CONVERGED_FEASIBLE,CONVERGED,PASSED,0.900163237524345,33,1,1,2.20934381900406e-14,9.3958174574027e-13,26,29,0.2115
ATT_T007_001816_1,CALL_T007_001816,1,COMBINED_REPAIRED_GEOMETRY_FINAL_VERIFICATION,2010-12-21 12:00:00,E0043,CAL_005113,3.5,1007.33417131132,-2750.27618120047,FLAT_START,CONVERGED_FEASIBLE,CONVERGED,PASSED,0.900159669074561,33,1,1,2.25375273998907e-14,9.5723429183181e-13,26,29,0.2157
ATT_T007_001817_1,CALL_T007_001817,1,COMBINED_REPAIRED_GEOMETRY_FINAL_VERIFICATION,2010-12-21 12:00:00,E0043,CAL_005114,3.5,1007.33417131429,-2750.27618120152,FLAT_START,CONVERGED_FEASIBLE,CONVERGED,PASSED,0.900159669074561,33,1,1,2.26485497023532e-14,9.57345314134272e-13,26,29,0.2577
ATT_T007_001818_1,CALL_T007_001818,1,COMBINED_REPAIRED_GEOMETRY_FINAL_VERIFICATION,2010-12-21 12:00:00,E0043,CAL_005115,3.5,1032.62953116667,-2759.18049102729,FLAT_START,CONVERGED_FEASIBLE,CONVERGED,PASSED,0.900164516574281,33,1,1,2.30926389122033e-14,9.74553771015962e-13,26,29,0.2104
ATT_T007_001819_1,CALL_T007_001819,1,COMBINED_REPAIRED_GEOMETRY_FINAL_VERIFICATION,2010-12-21 12:00:00,E0043,CAL_005116,3.5,1058.35938704946,-2768.23774935016,FLAT_START,CONVERGED_FEASIBLE,CONVERGED,PASSED,0.900168393140455,33,1,1,2.34257058195908e-14,9.9253938401489e-13,26,29,0.214
ATT_T007_001820_1,CALL_T007_001820,1,COMBINED_REPAIRED_GEOMETRY_FINAL_VERIFICATION,2010-12-21 12:00:00,E0043,CAL_005117,3.5,1084.53905272055,-2777.45334682064,FLAT_START,CONVERGED_FEASIBLE,CONVERGED,PASSED,0.900171251338904,33,1,1,2.40918396343659e-14,1.01141317543352e-12,26,29,0.2169
ATT_T007_001821_1,CALL_T007_001821,1,COMBINED_REPAIRED_GEOMETRY_FINAL_VERIFICATION,2010-12-21 12:00:00,E0043,CAL_005118,3.5,1111.18452158623,-2786.83291333472,FLAT_START,CONVERGED_FEASIBLE,CONVERGED,PASSED,0.900173040713935,33,1,1,2.44249065417534e-14,1.03117514527185e-12,26,29,0.2355
ATT_T007_001822_1,CALL_T007_001822,1,COMBINED_REPAIRED_GEOMETRY_FINAL_VERIFICATION,2010-12-21 12:00:00,E0043,CAL_005119,3.5,1138.31250579066,-2796.38233179386,FLAT_START,CONVERGED_FEASIBLE,CONVERGED,PASSED,0.900173707574037,33,1,1,2.48689957516035e-14,1.05138120432002e-12,26,29,0.2295
ATT_T007_001823_1,CALL_T007_001823,1,COMBINED_REPAIRED_GEOMETRY_FINAL_VERIFICATION,2010-12-21 12:00:00,E0043,CAL_005120,3.5,1165.9404780146,-2806.10775281872,FLAT_START,CONVERGED_FEASIBLE,CONVERGED,PASSED,0.900173194759793,33,1,1,2.56461518688411e-14,1.07236441948544e-12,26,29,0.2131
ATT_T007_001824_1,CALL_T007_001824,1,COMBINED_REPAIRED_GEOMETRY_FINAL_VERIFICATION,2010-12-21 12:00:00,E0043,CAL_005121,3.5,1194.08671620581,-2816.01561049487,FLAT_START,CONVERGED_FEASIBLE,CONVERGED,PASSED,0.900171441392331,33,1,1,2.60902410786912e-14,1.0946799022804e-12,26,29,0.2143
ATT_T007_001825_1,CALL_T007_001825,1,COMBINED_REPAIRED_GEOMETRY_FINAL_VERIFICATION,2010-12-21 12:00:00,E0043,CAL_005122,3.5,1222.77035148407,-2826.11263923602,FLAT_START,CONVERGED_FEASIBLE,CONVERGED,PASSED,0.900168382600465,33,1,1,2.66453525910038e-14,1.11821663040246e-12,26,29,0.2164
ATT_T007_001826_1,CALL_T007_001826,1,COMBINED_REPAIRED_GEOMETRY_FINAL_VERIFICATION,2010-12-21 12:00:00,E0043,CAL_005123,3.5,1252.01141948764,-2836.40589185862,FLAT_START,CONVERGED_FEASIBLE,CONVERGED,PASSED,0.900163949224439,33,1,1,2.74225087082414e-14,1.14253051464175e-12,26,29,0.2804
ATT_T007_001827_1,CALL_T007_001827,1,COMBINED_REPAIRED_GEOMETRY_FINAL_VERIFICATION,2010-12-21 12:00:00,E0043,CAL_005124,3.5,1281.83091545343,-2846.9027589709,FLAT_START,CONVERGED_FEASIBLE,CONVERGED,PASSED,0.900158067493997,33,1,1,2.83106871279415e-14,1.16850973341798e-12,26,29,0.3363
ATT_T007_001828_1,CALL_T007_001828,1,COMBINED_REPAIRED_GEOMETRY_FINAL_VERIFICATION,2010-12-21 12:00:00,E0044,CAL_005125,3.5,1281.8309154577,-2846.90275897241,FLAT_START,CONVERGED_FEASIBLE,CONVERGED,PASSED,0.900158067493997,33,1,1,2.8199664825479e-14,1.16817666651059e-12,26,29,0.2804
ATT_T007_001829_1,CALL_T007_001829,1,COMBINED_REPAIRED_GEOMETRY_FINAL_VERIFICATION,2010-12-21 12:00:00,E0044,CAL_005126,3.5,1313.87075096176,-2857.817973803,FLAT_START,CONVERGED_FEASIBLE,CONVERGED,PASSED,0.900165191700502,33,1,1,2.88657986402541e-14,1.19493304140406e-12,26,29,0.2787
ATT_T007_001830_1,CALL_T007_001830,1,COMBINED_REPAIRED_GEOMETRY_FINAL_VERIFICATION,2010-12-21 12:00:00,E0044,CAL_005127,3.5,1346.55738802438,-2868.95353864018,FLAT_START,CONVERGED_FEASIBLE,CONVERGED,PASSED,0.900170856493546,33,1.00076200137257,13,2.94209101525666e-14,1.22335475083446e-12,26,29,0.249
ATT_T007_001831_1,CALL_T007_001831,1,COMBINED_REPAIRED_GEOMETRY_FINAL_VERIFICATION,2010-12-21 12:00:00,E0044,CAL_005128,3.5,1379.91574467581,-2880.31794246803,FLAT_START,CONVERGED_FEASIBLE,CONVERGED,PASSED,0.900174977491279,33,1.00197055413473,13,3.04201108747293e-14,1.25299770559195e-12,26,29,0.2287
ATT_T007_001832_1,CALL_T007_001832,1,COMBINED_REPAIRED_GEOMETRY_FINAL_VERIFICATION,2010-12-21 12:00:00,E0044,CAL_005129,3.5,1413.97198270192,-2891.92009798876,FLAT_START,CONVERGED_FEASIBLE,CONVERGED,PASSED,0.90017746434877,33,1.00320001670225,13,3.11972669919669e-14,1.28397292797899e-12,26,29,0.2903
ATT_T007_001833_1,CALL_T007_001833,1,COMBINED_REPAIRED_GEOMETRY_FINAL_VERIFICATION,2010-12-21 12:00:00,E0044,CAL_005130,3.5,1448.75358730293,-2903.7693687606,FLAT_START,CONVERGED_FEASIBLE,CONVERGED,PASSED,0.900178220281784,33,1.00445114005476,13,3.21964677141295e-14,1.31705757411282e-12,26,29,0.2466
ATT_T007_001834_1,CALL_T007_001834,1,COMBINED_REPAIRED_GEOMETRY_FINAL_VERIFICATION,2010-12-21 12:00:00,E0044,CAL_005131,3.5,1484.28945293824,-2915.87559844307,FLAT_START,CONVERGED_FEASIBLE,CONVERGED,PASSED,0.900177141546308,33,1.00572470929777,13,3.31956684362922e-14,1.3514744878762e-12,26,29,0.2916
ATT_T007_001835_1,CALL_T007_001835,1,COMBINED_REPAIRED_GEOMETRY_FINAL_VERIFICATION,2010-12-21 12:00:00,E0044,CAL_005132,3.5,1520.60997592045,-2928.24914234157,FLAT_START,CONVERGED_FEASIBLE,CONVERGED,PASSED,0.900174116869134,33,1.0070215456826,13,3.39728245535298e-14,1.38844491459622e-12,26,29,0.2987
ATT_T007_001836_1,CALL_T007_001836,1,COMBINED_REPAIRED_GEOMETRY_FINAL_VERIFICATION,2010-12-21 12:00:00,E0044,CAL_005133,3.5,1557.74715438632,-2940.90090146517,FLAT_START,CONVERGED_FEASIBLE,CONVERGED,PASSED,0.900169026824224,33,1.00834250877078,13,3.50830475781549e-14,1.42708067585318e-12,26,29,0.2895
ATT_T007_001837_1,CALL_T007_001837,1,COMBINED_REPAIRED_GEOMETRY_FINAL_VERIFICATION,2010-12-21 12:00:00,E0044,CAL_005134,3.5,1595.73469634019,-2953.8423593344,FLAT_START,CONVERGED_FEASIBLE,CONVERGED,PASSED,0.900161743148925,33,1.00968849875537,13,3.60822483003176e-14,1.46815892776431e-12,26,29,0.2928
ATT_T007_001838_1,CALL_T007_001838,1,COMBINED_REPAIRED_GEOMETRY_FINAL_VERIFICATION,2010-12-21 12:00:00,E0044,CAL_005135,3.5,1634.60813654125,-2967.08562180199,FLAT_START,CONVERGED_FEASIBLE,CONVERGED,PASSED,0.900152127993399,33,1.01106045895268,13,3.73034936274053e-14,5.41233724504764e-13,27,29,0.2966
ATT_T007_001839_1,CALL_T007_001839,1,COMBINED_REPAIRED_GEOMETRY_FINAL_VERIFICATION,2010-12-21 12:00:00,E0045,CAL_005136,3.25,1634.60813654602,-2967.08562180361,FLAT_START,CONVERGED_FEASIBLE,CONVERGED,PASSED,0.900152127993397,33,1.01106045895284,13,3.73034936274053e-14,5.41344746807226e-13,27,29,0.2674
ATT_T007_001840_1,CALL_T007_001840,1,COMBINED_REPAIRED_GEOMETRY_FINAL_VERIFICATION,2010-12-21 12:00:00,E0045,CAL_005137,3.25,1670.1332139011,-2978.72347167833,FLAT_START,CONVERGED_FEASIBLE,CONVERGED,PASSED,0.900160686649481,33,1.01231744757031,13,3.84137166520304e-14,5.55666623824891e-13,27,29,0.3275
ATT_T007_001841_1,CALL_T007_001841,1,COMBINED_REPAIRED_GEOMETRY_FINAL_VERIFICATION,2010-12-21 12:00:00,E0045,CAL_005138,3.25,1706.50226922317,-2990.637804804,FLAT_START,CONVERGED_FEASIBLE,CONVERGED,PASSED,0.90016759924619,33,1.013599625012,13,3.93018950717305e-14,5.70765656959793e-13,27,29,0.2899
ATT_T007_001842_1,CALL_T007_001842,1,COMBINED_REPAIRED_GEOMETRY_FINAL_VERIFICATION,2010-12-21 12:00:00,E0045,CAL_005139,3.25,1743.75148138534,-3002.84047321093,FLAT_START,CONVERGED_FEASIBLE,CONVERGED,PASSED,0.900172750744091,33,1.01490796963257,13,4.07451850037432e-14,5.8653082390947e-13,27,29,0.2167
ATT_T007_001843_1,CALL_T007_001843,1,COMBINED_REPAIRED_GEOMETRY_FINAL_VERIFICATION,2010-12-21 12:00:00,E0045,CAL_005140,3.25,1781.91907667512,-3015.34399965288,FLAT_START,CONVERGED_FEASIBLE,CONVERGED,PASSED,0.900176016864803,33,1.01624350917133,13,4.19664303308309e-14,6.03517236186235e-13,27,29,0.2195
ATT_T007_001844_1,CALL_T007_001844,1,COMBINED_REPAIRED_GEOMETRY_FINAL_VERIFICATION,2010-12-21 12:00:00,E0045,CAL_005141,3.25,1821.04547677776,-3028.16162608565,FLAT_START,CONVERGED_FEASIBLE,CONVERGED,PASSED,0.900177263247516,33,1.01760732396823,13,4.30766533554561e-14,6.213918268827e-13,27,29,0.3043
ATT_T007_001845_1,CALL_T007_001845,1,COMBINED_REPAIRED_GEOMETRY_FINAL_VERIFICATION,2010-12-21 12:00:00,E0045,CAL_005142,3.25,1861.17345976896,-3041.30736640759,FLAT_START,CONVERGED_FEASIBLE,CONVERGED,PASSED,0.900176344516323,33,1.01900055043474,13,4.42978986825437e-14,6.40154595998865e-13,27,29,0.2645
ATT_T007_001846_1,CALL_T007_001846,1,COMBINED_REPAIRED_GEOMETRY_FINAL_VERIFICATION,2010-12-21 12:00:00,E0045,CAL_005143,3.25,1902.34833546631,-3054.7960639039,FLAT_START,CONVERGED_FEASIBLE,CONVERGED,PASSED,0.900173103247577,33,1.02042438480312,13,4.61852778244065e-14,6.60582699651968e-13,27,29,0.2205
ATT_T007_001847_1,CALL_T007_001847,1,COMBINED_REPAIRED_GEOMETRY_FINAL_VERIFICATION,2010-12-21 12:00:00,E0045,CAL_005144,3.25,1944.61813665668,-3068.64345389184,FLAT_START,CONVERGED_FEASIBLE,CONVERGED,PASSED,0.900167368824963,33,1.02188008718069,13,4.76285677564192e-14,6.82121026329696e-13,27,29,0.2131
ATT_T007_001848_1,CALL_T007_001848,1,COMBINED_REPAIRED_GEOMETRY_FINAL_VERIFICATION,2010-12-21 12:00:00,E0045,CAL_005145,3.25,1988.03382790256,-3082.86623212471,FLAT_START,CONVERGED_FEASIBLE,CONVERGED,PASSED,0.900158956168278,33,1.02336898593848,13,4.9515946898282e-14,7.05102642939437e-13,27,29,0.2378
ATT_T007_001849_1,CALL_T007_001849,1,COMBINED_REPAIRED_GEOMETRY_FINAL_VERIFICATION,2010-12-21 12:00:00,E0046,CAL_005146,0,2032.64953384194,-3097.4821295818,FLAT_START,CONVERGED_FEASIBLE,CONVERGED,PASSED,0.900147664319911,33,1.02489248246706,13,5.10702591327572e-14,7.2952754948119e-13,27,29,0.2501
ATT_T007_001850_1,CALL_T007_001850,1,COMBINED_REPAIRED_GEOMETRY_FINAL_VERIFICATION,2010-12-21 12:00:00,E0046,CAL_005147,0,2054.84182594809,-3077.68454378397,FLAT_START,CONVERGED_FEASIBLE,CONVERGED,PASSED,0.901266336953443,33,1.02610792504687,13,4.71844785465692e-14,6.77347067323808e-13,27,29,0.3817
ATT_T007_001851_1,CALL_T007_001851,1,COMBINED_REPAIRED_GEOMETRY_FINAL_VERIFICATION,2010-12-21 12:00:00,E0046,CAL_005148,0,2077.12805590339,-3057.80315669968,FLAT_START,CONVERGED_FEASIBLE,CONVERGED,PASSED,0.9023859541295,33,1.02732499480162,13,4.37427871702312e-14,6.28386231937839e-13,27,29,0.3651
ATT_T007_001852_1,CALL_T007_001852,1,COMBINED_REPAIRED_GEOMETRY_FINAL_VERIFICATION,2010-12-21 12:00:00,E0046,CAL_005149,0,2099.51223786828,-3037.83438732497,FLAT_START,CONVERGED_FEASIBLE,CONVERGED,PASSED,0.903506702571661,33,1.02854389367986,13,4.03010957938932e-14,5.83089132533132e-13,27,29,0.35
ATT_T007_001853_1,CALL_T007_001853,1,COMBINED_REPAIRED_GEOMETRY_FINAL_VERIFICATION,2010-12-21 12:00:00,E0046,CAL_005150,0,2121.99845134222,-3017.77459636741,FLAT_START,CONVERGED_FEASIBLE,CONVERGED,PASSED,0.904628769705077,33,1.02976482479637,13,3.74145159298678e-14,5.41122702202301e-13,27,29,0.3817
ATT_T007_001854_1,CALL_T007_001854,1,COMBINED_REPAIRED_GEOMETRY_FINAL_VERIFICATION,2010-12-21 12:00:00,E0046,CAL_005151,0,2144.59084432938,-2997.62008342201,FLAT_START,CONVERGED_FEASIBLE,CONVERGED,PASSED,0.905752343787436,33,1.03098799257334,13,3.46389583683049e-14,1.40443212615082e-12,26,29,0.2532
ATT_T007_001855_1,CALL_T007_001855,1,COMBINED_REPAIRED_GEOMETRY_FINAL_VERIFICATION,2010-12-21 12:00:00,E0046,CAL_005152,0,2167.29363660458,-2977.3670840577,FLAT_START,CONVERGED_FEASIBLE,CONVERGED,PASSED,0.906877614041029,33,1.03221360288323,13,3.19744231092045e-14,1.30606636616903e-12,26,29,0.2308
ATT_T007_001856_1,CALL_T007_001856,1,COMBINED_REPAIRED_GEOMETRY_FINAL_VERIFICATION,2010-12-21 12:00:00,E0046,CAL_005153,0,2190.11112308586,-2957.01176680867,FLAT_START,CONVERGED_FEASIBLE,CONVERGED,PASSED,0.908004770786152,33,1.03344186319374,13,2.95319324550292e-14,1.21458398893992e-12,26,29,0.2243
ATT_T007_001857_1,CALL_T007_001857,1,COMBINED_REPAIRED_GEOMETRY_FINAL_VERIFICATION,2010-12-21 12:00:00,E0046,CAL_005154,0,2213.04767731949,-2936.55023006543,FLAT_START,CONVERGED_FEASIBLE,CONVERGED,PASSED,0.909134005576046,33,1.034672982715,13,2.72004641033163e-14,1.12931886064871e-12,26,29,0.2799
ATT_T007_001858_1,CALL_T007_001858,1,COMBINED_REPAIRED_GEOMETRY_FINAL_VERIFICATION,2010-12-21 12:00:00,E0046,CAL_005155,0,2236.10775508384,-2915.97849885982,FLAT_START,CONVERGED_FEASIBLE,CONVERGED,PASSED,0.910265511333584,33,1.03590717254925,13,2.50910403565285e-14,1.04949382517816e-12,26,29,0.2272
ATT_T007_001859_1,CALL_T007_001859,1,COMBINED_REPAIRED_GEOMETRY_FINAL_VERIFICATION,2010-12-21 12:00:00,E0046,CAL_005156,0,2259.29589811864,-2895.29252153815,FLAT_START,CONVERGED_FEASIBLE,CONVERGED,PASSED,0.91139948248993,33,1.03714464584336,13,2.32036612146658e-14,9.75886038645513e-13,26,29,0.25
ATT_T007_001860_1,CALL_T007_001860,1,COMBINED_REPAIRED_GEOMETRY_FINAL_VERIFICATION,2010-12-21 12:00:00,E0046,CAL_005157,0,2282.6167379867,-2874.48816631621,FLAT_START,CONVERGED_FEASIBLE,CONVERGED,PASSED,0.91253611512539,33,1.03838561794413,13,2.1538326677728e-14,9.07052211118753e-13,26,29,0.2448
ATT_T007_001861_1,CALL_T007_001861,1,COMBINED_REPAIRED_GEOMETRY_FINAL_VERIFICATION,2010-12-21 12:00:00,E0046,CAL_005158,0,2306.07500007523,-2853.56121770973,FLAT_START,CONVERGED_FEASIBLE,CONVERGED,PASSED,0.913675607112756,33,1.03963030655708,13,5.06261699229071e-14,7.5950357114607e-13,26,28,0.2497
ATT_T007_001862_1,CALL_T007_001862,1,COMBINED_REPAIRED_GEOMETRY_FINAL_VERIFICATION,2010-12-21 12:00:00,E0046,CAL_005159,0,2329.67550774464,-2832.50737283321,FLAT_START,CONVERGED_FEASIBLE,CONVERGED,PASSED,0.914818158262882,33,1.0408789319084,13,4.67403893367191e-14,7.06323888266525e-13,26,28,0.2163
ATT_T007_001863_1,CALL_T007_001863,1,COMBINED_REPAIRED_GEOMETRY_FINAL_VERIFICATION,2010-12-21 12:00:00,E0046,CAL_005160,0,2353.42318663284,-2811.32223756014,FLAT_START,CONVERGED_FEASIBLE,CONVERGED,PASSED,0.915963970474012,33,1.04213171691105,13,4.34097202628436e-14,6.57029985973168e-13,26,28,0.2325
ATT_T007_001864_1,CALL_T007_001864,1,COMBINED_REPAIRED_GEOMETRY_FINAL_VERIFICATION,2010-12-21 12:00:00,E0046,CAL_005161,0,2377.32306912361,-2790.00132253678,FLAT_START,CONVERGED_FEASIBLE,CONVERGED,PASSED,0.917113247883364,33,1.04338888733459,13,3.99680288865056e-14,6.11177775056149e-13,26,28,0.2111
ATT_T007_001865_1,CALL_T007_001865,1,COMBINED_REPAIRED_GEOMETRY_FINAL_VERIFICATION,2010-12-21 12:00:00,E0046,CAL_005162,0,2401.38029898809,-2768.5400390415,FLAT_START,CONVERGED_FEASIBLE,CONVERGED,PASSED,0.918266197022561,33,1.0446506719795,13,3.69704267200177e-14,5.68767255515468e-13,26,28,0.2381
ATT_T007_001866_1,CALL_T007_001866,1,COMBINED_REPAIRED_GEOMETRY_FINAL_VERIFICATION,2010-12-21 12:00:00,E0046,CAL_005163,0,2425.60013620895,-2746.93369468123,FLAT_START,CONVERGED_FEASIBLE,CONVERGED,PASSED,0.919423026976631,33,1.04591730285606,13,3.41948691584548e-14,5.29021271233887e-13,26,28,0.2066
ATT_T007_001867_1,CALL_T007_001867,1,COMBINED_REPAIRED_GEOMETRY_FINAL_VERIFICATION,2010-12-21 12:00:00,E0046,CAL_005164,0,2449.98796199721,-2725.17748891591,FLAT_START,CONVERGED_FEASIBLE,CONVERGED,PASSED,0.920583949546933,33,1.04718901536826,13,3.17523785042795e-14,4.92050844513869e-13,26,28,0.2098
ATT_T007_001868_1,CALL_T007_001868,1,COMBINED_REPAIRED_GEOMETRY_FINAL_VERIFICATION,2010-12-21 12:00:00,E0046,CAL_005165,0,2474.54928401243,-2703.26650840167,FLAT_START,CONVERGED_FEASIBLE,CONVERGED,PASSED,0.92174917941832,33,1.04846604850288,13,2.90878432451791e-14,4.57966997657877e-13,26,28,0.2136
ATT_T007_001869_1,CALL_T007_001869,1,COMBINED_REPAIRED_GEOMETRY_FINAL_VERIFICATION,2010-12-21 12:00:00,E0047,CAL_005166,6,2499.28974179604,-2681.19572214373,FLAT_START,CONVERGED_FEASIBLE,CONVERGED,PASSED,0.922918934330737,33,1.04974864502423,13,2.67563748934663e-14,1.22513110767386e-12,25,28,0.2322
ATT_T007_001870_1,CALL_T007_001870,1,COMBINED_REPAIRED_GEOMETRY_FINAL_VERIFICATION,2010-12-21 12:00:00,E0047,CAL_005167,6,2499.28974179401,-2681.19572213869,FLAT_START,CONVERGED_FEASIBLE,CONVERGED,PASSED,0.922918934330909,33,1.04974864502424,13,2.69784194983913e-14,1.22524212997632e-12,25,28,0.2182
ATT_T007_001871_1,CALL_T007_001871,1,COMBINED_REPAIRED_GEOMETRY_FINAL_VERIFICATION,2010-12-21 12:00:00,E0047,CAL_005168,6,2466.88304559327,-2600.85791906638,FLAT_START,CONVERGED_FEASIBLE,CONVERGED,PASSED,0.925651822265453,33,1.04978949972033,13,2.08721928629529e-14,9.63895629979561e-13,25,28,0.2188
ATT_T007_001872_1,CALL_T007_001872,1,COMBINED_REPAIRED_GEOMETRY_FINAL_VERIFICATION,2010-12-21 12:00:00,E0047,CAL_005169,6,2435.64282829749,-2523.4118749063,FLAT_START,CONVERGED_FEASIBLE,CONVERGED,PASSED,0.928262623907867,33,1.04981818612996,13,4.21884749357559e-14,6.9244610045871e-13,25,27,0.2013
ATT_T007_001873_1,CALL_T007_001873,1,COMBINED_REPAIRED_GEOMETRY_FINAL_VERIFICATION,2010-12-21 12:00:00,E0047,CAL_005170,6,2405.50271293499,-2448.69303786193,FLAT_START,CONVERGED_FEASIBLE,CONVERGED,PASSED,0.930759893382247,33,1.04983607978966,13,3.31956684362922e-14,5.54778445405191e-13,25,27,0.2249
ATT_T007_001874_1,CALL_T007_001874,1,COMBINED_REPAIRED_GEOMETRY_FINAL_VERIFICATION,2010-12-21 12:00:00,E0047,CAL_005171,6,2376.40124037478,-2376.54904770711,FLAT_START,CONVERGED_FEASIBLE,CONVERGED,PASSED,0.933151390404885,33,1.04984438829601,13,2.65343302885412e-14,4.48086012738713e-13,25,27,0.2078
ATT_T007_001875_1,CALL_T007_001875,1,COMBINED_REPAIRED_GEOMETRY_FINAL_VERIFICATION,2010-12-21 12:00:00,E0047,CAL_005172,6,2348.2814215749,-2306.8386257875,FLAT_START,CONVERGED_FEASIBLE,CONVERGED,PASSED,0.935444172233874,33,1.04984417445828,13,2.08721928629529e-14,1.07569508855931e-12,24,27,0.2003
ATT_T007_001876_1,CALL_T007_001876,1,COMBINED_REPAIRED_GEOMETRY_FINAL_VERIFICATION,2010-12-21 12:00:00,E0047,CAL_005173,6,2321.09033786739,-2239.43058410731,FLAT_START,CONVERGED_FEASIBLE,CONVERGED,PASSED,0.937644672898951,33,1.049836375843,13,1.69864122767649e-14,8.85180817533637e-13,24,27,0.1987
ATT_T007_001877_1,CALL_T007_001877,1,COMBINED_REPAIRED_GEOMETRY_FINAL_VERIFICATION,2010-12-21 12:00:00,E0047,CAL_005174,6,2294.77878337277,-2174.20293885704,FLAT_START,CONVERGED_FEASIBLE,CONVERGED,PASSED,0.939758771754028,33,1.04982182134018,13,3.71924713249427e-14,6.66577903984944e-13,24,26,0.196
ATT_T007_001878_1,CALL_T007_001878,1,COMBINED_REPAIRED_GEOMETRY_FINAL_VERIFICATION,2010-12-21 12:00:00,E0047,CAL_005175,6,2269.30094445282,-2111.04211576108,FLAT_START,CONVERGED_FEASIBLE,CONVERGED,PASSED,0.941791853022339,33,1.04980124525904,13,3.11972669919669e-14,5.55777646127353e-13,24,26,0.232
ATT_T007_001879_1,CALL_T007_001879,1,COMBINED_REPAIRED_GEOMETRY_FINAL_VERIFICATION,2010-12-21 12:00:00,E0047,CAL_005176,6,2244.61411180152,-2049.84223633696,FLAT_START,CONVERGED_FEASIBLE,CONVERGED,PASSED,0.943748857708746,33,1.04977529936582,13,2.62012633811537e-14,4.66293670342566e-13,24,26,0.2006
ATT_T007_001880_1,CALL_T007_001880,1,COMBINED_REPAIRED_GEOMETRY_FINAL_VERIFICATION,2010-12-21 12:00:00,E0048,CAL_005177,4.75,2222.98247209323,-1992.41132747392,FLAT_START,CONVERGED_FEASIBLE,CONVERGED,PASSED,0.945592444765337,33,1.04980409073369,13,2.25375273998907e-14,3.95239396766556e-13,24,26,0.2043
ATT_T007_001881_1,CALL_T007_001881,1,COMBINED_REPAIRED_GEOMETRY_FINAL_VERIFICATION,2010-12-21 12:00:00,E0048,CAL_005178,4.75,2202.18403796528,-1937.62045081974,FLAT_START,CONVERGED_FEASIBLE,CONVERGED,PASSED,0.947339137092181,33,1.04982076702478,13,1.96509475358653e-14,3.37840866393435e-13,24,26,0.1985
ATT_T007_001882_1,CALL_T007_001882,1,COMBINED_REPAIRED_GEOMETRY_FINAL_VERIFICATION,2010-12-21 12:00:00,E0048,CAL_005179,4.75,2181.95968809346,-1884.34192742606,FLAT_START,CONVERGED_FEASIBLE,CONVERGED,PASSED,0.949028196877426,33,1.04983266792118,13,1.69864122767649e-14,2.90101276334553e-13,24,26,0.2491
ATT_T007_001883_1,CALL_T007_001883,1,COMBINED_REPAIRED_GEOMETRY_FINAL_VERIFICATION,2010-12-21 12:00:00,E0048,CAL_005180,4.75,2162.28302094423,-1832.50620575076,FLAT_START,CONVERGED_FEASIBLE,CONVERGED,PASSED,0.950662719095565,33,1.04984020527226,13,1.49880108324396e-14,2.50133247448048e-13,24,26,0.2012
ATT_T007_001884_1,CALL_T007_001884,1,COMBINED_REPAIRED_GEOMETRY_FINAL_VERIFICATION,2010-12-21 12:00:00,E0048,CAL_005181,4.75,2143.12920830777,-1782.04787897647,FLAT_START,CONVERGED_FEASIBLE,CONVERGED,PASSED,0.952245579946368,33,1.04984375194655,13,1.29896093881143e-14,2.16826556709293e-13,24,26,0.1953
ATT_T007_001885_1,CALL_T007_001885,1,COMBINED_REPAIRED_GEOMETRY_FINAL_VERIFICATION,2010-12-21 12:00:00,E0048,CAL_005182,4.75,2124.47487936886,-1732.90537960992,FLAT_START,CONVERGED_FEASIBLE,CONVERGED,PASSED,0.953779456122587,33,1.04984364599288,13,1.16573417585641e-14,1.88182802673964e-13,24,26,0.1973
ATT_T007_001886_1,CALL_T007_001886,1,COMBINED_REPAIRED_GEOMETRY_FINAL_VERIFICATION,2010-12-21 12:00:00,E0048,CAL_005183,4.75,2106.29801487167,-1685.02070067213,FLAT_START,CONVERGED_FEASIBLE,CONVERGED,PASSED,0.95526684205233,33,1.04984019429963,13,1.0325074129014e-14,5.05373520809371e-13,23,26,0.2002
ATT_T007_001887_1,CALL_T007_001887,1,COMBINED_REPAIRED_GEOMETRY_FINAL_VERIFICATION,2010-12-21 12:00:00,E0048,CAL_005184,4.75,2088.57785036796,-1638.33914081808,FLAT_START,CONVERGED_FEASIBLE,CONVERGED,PASSED,0.956710065363162,33,1.04983367581954,13,9.49759946614281e-15,4.439781875476e-13,23,26,0.2116
ATT_T007_001888_1,CALL_T007_001888,1,COMBINED_REPAIRED_GEOMETRY_FINAL_VERIFICATION,2010-12-21 12:00:00,E0048,CAL_005185,4.75,2071.294787652,-1592.80907102287,FLAT_START,CONVERGED_FEASIBLE,CONVERGED,PASSED,0.958111300780758,33,1.04982434441814,13,8.91779344948027e-15,3.91242593877905e-13,23,26,0.2037
ATT_T007_001889_1,CALL_T007_001889,1,COMBINED_REPAIRED_GEOMETRY_FINAL_VERIFICATION,2010-12-21 12:00:00,E0048,CAL_005186,4.75,2054.43031358488,-1548.38172073464,FLAT_START,CONVERGED_FEASIBLE,CONVERGED,PASSED,0.959472582646018,33,1.04981243139467,13,8.32074938841375e-15,3.46389583683049e-13,23,26,0.2141
ATT_T007_001890_1,CALL_T007_001890,1,COMBINED_REPAIRED_GEOMETRY_FINAL_VERIFICATION,2010-12-21 12:00:00,E0049,CAL_005187,4.25,2038.80002753255,-1505.56785472233,FLAT_START,CONVERGED_FEASIBLE,CONVERGED,PASSED,0.960786284971498,33,1.04982219598347,13,7.80287181221777e-15,3.07753822426093e-13,23,26,0.2065
ATT_T007_001891_1,CALL_T007_001891,1,COMBINED_REPAIRED_GEOMETRY_FINAL_VERIFICATION,2010-12-21 12:00:00,E0049,CAL_005188,4.25,2023.59708804668,-1463.7696738789,FLAT_START,CONVERGED_FEASIBLE,CONVERGED,PASSED,0.962064267351633,33,1.0498314822166,13,2.02767730304353e-14,2.5157653738006e-13,23,25,0.2175
ATT_T007_001892_1,CALL_T007_001892,1,COMBINED_REPAIRED_GEOMETRY_FINAL_VERIFICATION,2010-12-21 12:00:00,E0049,CAL_005189,4.25,2008.73046592246,-1422.89614671292,FLAT_START,CONVERGED_FEASIBLE,CONVERGED,PASSED,0.963309029046934,33,1.04983827352639,13,1.92081417779596e-14,2.32702745961433e-13,23,25,0.1935
ATT_T007_001893_1,CALL_T007_001893,1,COMBINED_REPAIRED_GEOMETRY_FINAL_VERIFICATION,2010-12-21 12:00:00,E0049,CAL_005190,4.25,1994.18693247906,-1382.9109029688,FLAT_START,CONVERGED_FEASIBLE,CONVERGED,PASSED,0.964522047584227,33,1.0498427425113,13,1.81442721770168e-14,2.18713935851156e-13,23,25,0.1921
ATT_T007_001894_1,CALL_T007_001894,1,COMBINED_REPAIRED_GEOMETRY_FINAL_VERIFICATION,2010-12-21 12:00:00,E0049,CAL_005191,4.25,1979.95392419751,-1343.77940115291,FLAT_START,CONVERGED_FEASIBLE,CONVERGED,PASSED,0.965704714884093,33,1.04984504825817,13,1.73084668610857e-14,2.06501482580279e-13,23,25,0.2056
ATT_T007_001895_1,CALL_T007_001895,1,COMBINED_REPAIRED_GEOMETRY_FINAL_VERIFICATION,2010-12-21 12:00:00,E0049,CAL_005192,4.25,1966.01950103413,-1305.46881392255,FLAT_START,CONVERGED_FEASIBLE,CONVERGED,PASSED,0.966858343457627,33,1.0498453375347,13,1.64506292187727e-14,1.94511073914327e-13,23,25,0.2106
ATT_T007_001896_1,CALL_T007_001896,1,COMBINED_REPAIRED_GEOMETRY_FINAL_VERIFICATION,2010-12-21 12:00:00,E0049,CAL_005193,4.25,1952.37230782418,-1267.94792197107,FLAT_START,CONVERGED_FEASIBLE,CONVERGED,PASSED,0.967984172068286,33,1.04984374586275,13,1.558727185817e-14,1.84074977482851e-13,23,25,0.1959
ATT_T007_001897_1,CALL_T007_001897,1,COMBINED_REPAIRED_GEOMETRY_FINAL_VERIFICATION,2010-12-21 12:00:00,E0049,CAL_005194,4.25,1939.00153851033,-1231.18701567952,FLAT_START,CONVERGED_FEASIBLE,CONVERGED,PASSED,0.969083370912536,33,1.04984039848576,13,1.49305971680951e-14,1.7430501486615e-13,23,25,0.1942
ATT_T007_001898_1,CALL_T007_001898,1,COMBINED_REPAIRED_GEOMETRY_FINAL_VERIFICATION,2010-12-21 12:00:00,E0049,CAL_005195,4.25,1925.89690295748,-1195.15780387914,FLAT_START,CONVERGED_FEASIBLE,CONVERGED,PASSED,0.970157046366765,33,1.04983541124193,13,1.41704802871292e-14,1.65201186064223e-13,23,25,0.19
ATT_T007_001899_1,CALL_T007_001899,1,COMBINED_REPAIRED_GEOMETRY_FINAL_VERIFICATION,2010-12-21 12:00:00,E0049,CAL_005196,4.25,1913.04859613829,-1159.8333291314,FLAT_START,CONVERGED_FEASIBLE,CONVERGED,PASSED,0.971206245342614,33,1.04982889135359,13,1.36053927599278e-14,1.57207580286922e-13,23,25,0.1912
ATT_T007_001900_1,CALL_T007_001900,1,COMBINED_REPAIRED_GEOMETRY_FINAL_VERIFICATION,2010-12-21 12:00:00,E0050,CAL_005197,4,1900.83303060841,-1125.38915473086,FLAT_START,CONVERGED_FEASIBLE,CONVERGED,PASSED,0.972229714859653,33,1.04983304433659,13,1.30010968516282e-14,1.49436019114546e-13,23,25,0.2164
ATT_T007_001901_1,CALL_T007_001901,1,COMBINED_REPAIRED_GEOMETRY_FINAL_VERIFICATION,2010-12-21 12:00:00,E0050,CAL_005198,4,1888.94195426584,-1091.63247082479,FLAT_START,CONVERGED_FEASIBLE,CONVERGED,PASSED,0.97323058144247,33,1.04983876739458,13,1.24616120894861e-14,1.43662859386495e-13,23,25,0.1934
ATT_T007_001902_1,CALL_T007_001902,1,COMBINED_REPAIRED_GEOMETRY_FINAL_VERIFICATION,2010-12-21 12:00:00,E0050,CAL_005199,4,1877.26603065502,-1058.48656785626,FLAT_START,CONVERGED_FEASIBLE,CONVERGED,PASSED,0.97421034427763,33,1.04984299137428,13,1.20154737168122e-14,1.37445610448594e-13,23,25,0.1864
ATT_T007_001903_1,CALL_T007_001903,1,COMBINED_REPAIRED_GEOMETRY_FINAL_VERIFICATION,2010-12-21 12:00:00,E0050,CAL_005200,4,1865.79774177346,-1025.93010353246,FLAT_START,CONVERGED_FEASIBLE,CONVERGED,PASSED,0.975169816091654,33,1.04984580152918,13,1.15143830651762e-14,1.31228361510694e-13,23,25,0.1867
ATT_T007_001904_1,CALL_T007_001904,1,COMBINED_REPAIRED_GEOMETRY_FINAL_VERIFICATION,2010-12-21 12:00:00,E0050,CAL_005201,4,1854.52989681138,-993.942664403347,FLAT_START,CONVERGED_FEASIBLE,CONVERGED,PASSED,0.976109769571248,33,1.04984727738055,13,1.10587161695031e-14,1.26343380202343e-13,23,25,0.2098
ATT_T007_001905_1,CALL_T007_001905,1,COMBINED_REPAIRED_GEOMETRY_FINAL_VERIFICATION,2010-12-21 12:00:00,E0050,CAL_005202,4,1843.4556141717,-962.504714819609,FLAT_START,CONVERGED_FEASIBLE,CONVERGED,PASSED,0.977030939843982,33,1.04984749315031,13,1.06908900971756e-14,1.21458398893992e-13,23,25,0.2148
ATT_T007_001906_1,CALL_T007_001906,1,COMBINED_REPAIRED_GEOMETRY_FINAL_VERIFICATION,2010-12-21 12:00:00,E0050,CAL_005203,4,1832.56830465513,-931.597549198033,FLAT_START,CONVERGED_FEASIBLE,CONVERGED,PASSED,0.977934026776134,33,1.04984651815662,13,1.02605595670135e-14,1.16573417585641e-13,23,25,0.1949
ATT_T007_001907_1,CALL_T007_001907,1,COMBINED_REPAIRED_GEOMETRY_FINAL_VERIFICATION,2010-12-21 12:00:00,E0050,CAL_005204,4,1821.86165572313,-901.203247346907,FLAT_START,CONVERGED_FEASIBLE,CONVERGED,PASSED,0.97881969710334,33,1.04984441717596,13,9.9451852709233e-15,1.12132525487141e-13,23,25,0.226
ATT_T007_001908_1,CALL_T007_001908,1,COMBINED_REPAIRED_GEOMETRY_FINAL_VERIFICATION,2010-12-21 12:00:00,E0050,CAL_005205,4,1811.32961675893,-871.304632624505,FLAT_START,CONVERGED_FEASIBLE,CONVERGED,PASSED,0.97968858640819,33,1.04984125077475,13,9.55953208255745e-15,1.0813572259849e-13,23,25,0.1979
ATT_T007_001909_1,CALL_T007_001909,1,COMBINED_REPAIRED_GEOMETRY_FINAL_VERIFICATION,2010-12-21 12:00:00,E0050,CAL_005206,4,1800.96638525317,-841.885232722649,FLAT_START,CONVERGED_FEASIBLE,CONVERGED,PASSED,0.980541300957522,33,1.04983707561342,13,9.27037264317996e-15,1.03916875104915e-13,23,25,0.2915
ATT_T007_001910_1,CALL_T007_001910,1,COMBINED_REPAIRED_GEOMETRY_FINAL_VERIFICATION,2010-12-21 12:00:00,E0051,CAL_005207,4,1790.7998677108,-812.942100008701,FLAT_START,CONVERGED_FEASIBLE,CONVERGED,PASSED,0.981378389421636,33,1.04983306865509,13,8.91658396428902e-15,1.00586206031039e-13,23,25,0.2043
ATT_T007_001911_1,CALL_T007_001911,1,COMBINED_REPAIRED_GEOMETRY_FINAL_VERIFICATION,2010-12-21 12:00:00,E0051,CAL_005208,4,1781.05446864665,-784.543891498604,FLAT_START,CONVERGED_FEASIBLE,CONVERGED,PASSED,0.982200351736043,33,1.0498370618043,13,8.58972287879226e-15,9.74775815620887e-14,23,25,0.2382
ATT_T007_001912_1,CALL_T007_001912,1,COMBINED_REPAIRED_GEOMETRY_FINAL_VERIFICATION,2010-12-21 12:00:00,E0051,CAL_005209,4,1771.4542499994,-756.568740446034,FLAT_START,CONVERGED_FEASIBLE,CONVERGED,PASSED,0.983008070965727,33,1.0498400589089,13,8.35090331931352e-15,9.45910016980633e-14,23,25,0.1994
ATT_T007_001913_1,CALL_T007_001913,1,COMBINED_REPAIRED_GEOMETRY_FINAL_VERIFICATION,2010-12-21 12:00:00,E0051,CAL_005210,4,1761.99456145073,-729.003095768199,FLAT_START,CONVERGED_FEASIBLE,CONVERGED,PASSED,0.983802038118009,33,1.04984210693274,13,8.05014872377877e-15,9.1926466438963e-14,23,25,0.2482
ATT_T007_001914_1,CALL_T007_001914,1,COMBINED_REPAIRED_GEOMETRY_FINAL_VERIFICATION,2010-12-21 12:00:00,E0051,CAL_005211,4,1752.67093003904,-701.833923202004,FLAT_START,CONVERGED_FEASIBLE,CONVERGED,PASSED,0.984582723207418,33,1.04984325005433,13,7.83037190877537e-15,2.74003042477489e-13,22,25,0.1966
ATT_T007_001915_1,CALL_T007_001915,1,COMBINED_REPAIRED_GEOMETRY_FINAL_VERIFICATION,2010-12-21 12:00:00,E0051,CAL_005212,4,1743.47905142009,-675.048679837167,FLAT_START,CONVERGED_FEASIBLE,CONVERGED,PASSED,0.985350576399461,33,1.04984352985033,13,7.63082753727116e-15,2.66231481305113e-13,22,25,0.2184
ATT_T007_001916_1,CALL_T007_001916,1,COMBINED_REPAIRED_GEOMETRY_FINAL_VERIFICATION,2010-12-21 12:00:00,E0051,CAL_005213,4,1734.41478163108,-648.635290116968,FLAT_START,CONVERGED_FEASIBLE,CONVERGED,PASSED,0.986106029080609,33,1.04984298546519,13,7.42575774024e-15,2.58459920132736e-13,22,25,0.1964
ATT_T007_001917_1,CALL_T007_001917,1,COMBINED_REPAIRED_GEOMETRY_FINAL_VERIFICATION,2010-12-21 12:00:00,E0051,CAL_005214,4,1725.47412932486,-622.582123208453,FLAT_START,CONVERGED_FEASIBLE,CONVERGED,PASSED,0.98684949486006,33,1.04984165376801,13,7.1680386143344e-15,2.5068835896036e-13,22,25,0.2032
ATT_T007_001918_1,CALL_T007_001918,1,COMBINED_REPAIRED_GEOMETRY_FINAL_VERIFICATION,2010-12-21 12:00:00,E0051,CAL_005215,4,1716.6532484428,-596.877971651135,FLAT_START,CONVERGED_FEASIBLE,CONVERGED,PASSED,0.987581370508316,33,1.04983956949791,13,6.99446012550823e-15,2.43804976207684e-13,22,25,0.1983
ATT_T007_001919_1,CALL_T007_001919,1,COMBINED_REPAIRED_GEOMETRY_FINAL_VERIFICATION,2010-12-21 12:00:00,E0051,CAL_005216,4,1707.94843129754,-571.512031200045,FLAT_START,CONVERGED_FEASIBLE,CONVERGED,PASSED,0.988302036837231,33,1.04983676539862,13,6.82161032781359e-15,2.37587727269783e-13,22,25,0.2014
ATT_T007_001920_1,CALL_T007_001920,1,COMBINED_REPAIRED_GEOMETRY_FINAL_VERIFICATION,2010-12-21 12:00:00,E0052,CAL_005217,4.25,1699.09538489661,-546.407983532848,FLAT_START,CONVERGED_FEASIBLE,CONVERGED,PASSED,0.989010930528042,33,1.04982400231144,13,6.57660735631e-15,2.31148433726958e-13,22,25,0.2265
ATT_T007_001921_1,CALL_T007_001921,1,COMBINED_REPAIRED_GEOMETRY_FINAL_VERIFICATION,2010-12-21 12:00:00,E0052,CAL_005218,4.25,1690.88437781445,-521.75624427593,FLAT_START,CONVERGED_FEASIBLE,CONVERGED,PASSED,0.989711236049441,33,1.0498295329235,13,6.42870077378512e-15,2.26263452418607e-13,22,25,0.2013
ATT_T007_001922_1,CALL_T007_001922,1,COMBINED_REPAIRED_GEOMETRY_FINAL_VERIFICATION,2010-12-21 12:00:00,E0052,CAL_005219,4.25,1682.77319272086,-497.404198541345,FLAT_START,CONVERGED_FEASIBLE,CONVERGED,PASSED,0.990401592556333,33,1.04983432222825,13,6.28136639638933e-15,2.20268248085631e-13,22,25,0.2303
ATT_T007_001923_1,CALL_T007_001923,1,COMBINED_REPAIRED_GEOMETRY_FINAL_VERIFICATION,2010-12-21 12:00:00,E0052,CAL_005220,4.25,1674.75880704064,-473.342771713141,FLAT_START,CONVERGED_FEASIBLE,CONVERGED,PASSED,0.991082315985519,33,1.04983839880813,13,6.06903761674052e-15,2.15161222172355e-13,22,25,0.1992
ATT_T007_001924_1,CALL_T007_001924,1,COMBINED_REPAIRED_GEOMETRY_FINAL_VERIFICATION,2010-12-21 12:00:00,E0052,CAL_005221,4.25,1666.83829906022,-449.563191990219,FLAT_START,CONVERGED_FEASIBLE,CONVERGED,PASSED,0.991753710476824,33,1.04984178973511,13,5.94009847714027e-15,2.1005419625908e-13,22,25,0.224
ATT_T007_001925_1,CALL_T007_001925,1,COMBINED_REPAIRED_GEOMETRY_FINAL_VERIFICATION,2010-12-21 12:00:00,E0052,CAL_005222,4.25,1659.00884338778,-426.056976756297,FLAT_START,CONVERGED_FEASIBLE,CONVERGED,PASSED,0.992416068949316,33,1.04984452065785,13,1.6561709466595e-14,1.87849735766576e-13,22,24,0.2055
ATT_T007_001926_1,CALL_T007_001926,1,COMBINED_REPAIRED_GEOMETRY_FINAL_VERIFICATION,2010-12-21 12:00:00,E0052,CAL_005223,4.25,1651.26770664776,-402.81591965361,FLAT_START,CONVERGED_FEASIBLE,CONVERGED,PASSED,0.993069673644542,33,1.04984661588281,13,1.61494761899274e-14,1.84074977482851e-13,22,24,0.2204
ATT_T007_001927_1,CALL_T007_001927,1,COMBINED_REPAIRED_GEOMETRY_FINAL_VERIFICATION,2010-12-21 12:00:00,E0052,CAL_005224,4.25,1643.61224339524,-379.832078316753,FLAT_START,CONVERGED_FEASIBLE,CONVERGED,PASSED,0.993714796639083,33,1.04984809845016,13,1.58362175480324e-14,1.8052226380405e-13,22,24,0.1898
ATT_T007_001928_1,CALL_T007_001928,1,COMBINED_REPAIRED_GEOMETRY_FINAL_VERIFICATION,2010-12-21 12:00:00,E0052,CAL_005225,4.25,1636.03989223694,-357.097762726912,FLAT_START,CONVERGED_FEASIBLE,CONVERGED,PASSED,0.994351700328352,33,1.04984899020451,13,1.54301046692907e-14,1.7608137170555e-13,22,24,0.2386
ATT_T007_001929_1,CALL_T007_001929,1,COMBINED_REPAIRED_GEOMETRY_FINAL_VERIFICATION,2010-12-21 12:00:00,E0052,CAL_005226,4.25,1628.54817214658,-334.605524149412,FLAT_START,CONVERGED_FEASIBLE,CONVERGED,PASSED,0.994980637883609,33,1.04984931186101,13,1.50627532796206e-14,1.72972747236599e-13,22,24,0.1975
ATT_T007_001930_1,CALL_T007_001930,1,COMBINED_REPAIRED_GEOMETRY_FINAL_VERIFICATION,2010-12-21 12:00:00,E0052,CAL_005227,4.25,1621.13467896292,-312.348144620001,FLAT_START,CONVERGED_FEASIBLE,CONVERGED,PASSED,0.995601853683897,33,1.04984908306725,13,1.4774832828311e-14,1.69197988952874e-13,22,24,0.1829
ATT_T007_001931_1,CALL_T007_001931,1,COMBINED_REPAIRED_GEOMETRY_FINAL_VERIFICATION,2010-12-21 12:00:00,E0052,CAL_005228,4.25,1613.79708205994,-290.318626947597,FLAT_START,CONVERGED_FEASIBLE,CONVERGED,PASSED,0.996215583724524,33,1.04984832246109,13,1.45070152327757e-14,1.66089364483923e-13,22,24,0.1923
ATT_T007_001932_1,CALL_T007_001932,1,COMBINED_REPAIRED_GEOMETRY_FINAL_VERIFICATION,2010-12-21 12:00:00,E0052,CAL_005229,4.25,1606.53312117885,-268.510185203316,FLAT_START,CONVERGED_FEASIBLE,CONVERGED,PASSED,0.996822056003589,33,1.04984704772477,13,1.41515606810394e-14,1.62536650805123e-13,22,24,0.2045
ATT_T007_001933_1,CALL_T007_001933,1,COMBINED_REPAIRED_GEOMETRY_FINAL_VERIFICATION,2010-12-21 12:00:00,E0052,CAL_005230,4.25,1599.3406034128,-246.916235667617,FLAT_START,CONVERGED_FEASIBLE,CONVERGED,PASSED,0.997421490887931,33,1.04984527563562,13,1.38094797596917e-14,1.58761892521397e-13,22,24,0.219
ATT_T007_001934_1,CALL_T007_001934,1,COMBINED_REPAIRED_GEOMETRY_FINAL_VERIFICATION,2010-12-21 12:00:00,E0052,CAL_005231,4.25,1592.21740033536,-225.530388209186,FLAT_START,CONVERGED_FEASIBLE,CONVERGED,PASSED,0.998014101459804,33,1.04984302211354,13,1.3579371048886e-14,1.56319401867222e-13,22,24,0.1944
ATT_T007_001935_1,CALL_T007_001935,1,COMBINED_REPAIRED_GEOMETRY_FINAL_VERIFICATION,2010-12-21 12:00:00,E0052,CAL_005232,4.25,1585.16144526457,-204.346438070885,FLAT_START,CONVERGED_FEASIBLE,CONVERGED,PASSED,0.998600093845472,33,1.04984030226555,13,1.32564930283908e-14,1.53432822003197e-13,22,24,0.2114
ATT_T007_001936_1,CALL_T007_001936,1,COMBINED_REPAIRED_GEOMETRY_FINAL_VERIFICATION,2010-12-21 12:00:00,E0052,CAL_005233,4.25,1578.1707306549,-183.358358039678,FLAT_START,CONVERGED_FEASIBLE,CONVERGED,PASSED,0.999092230112214,25,1.04983713042746,13,1.30327132115841e-14,1.50324197534246e-13,22,24,0.1888
ATT_T007_001937_1,CALL_T007_001937,1,COMBINED_REPAIRED_GEOMETRY_FINAL_VERIFICATION,2010-12-21 12:00:00,E0052,CAL_005234,4.25,1571.24330560988,-162.560290978872,FLAT_START,CONVERGED_FEASIBLE,CONVERGED,PASSED,0.999145563465848,25,1.0498335202031,13,1.27291394025765e-14,1.47659662275146e-13,22,24,0.1859
ATT_T007_001938_1,CALL_T007_001938,1,COMBINED_REPAIRED_GEOMETRY_FINAL_VERIFICATION,2010-12-21 12:00:00,E0052,CAL_005235,4.25,1564.3772735087,-141.946542702395,FLAT_START,CONVERGED_FEASIBLE,CONVERGED,PASSED,0.99917920368697,22,1.04982948450101,13,1.25116088594462e-14,1.4521717162097e-13,22,24,0.212
ATT_T007_001939_1,CALL_T007_001939,1,COMBINED_REPAIRED_GEOMETRY_FINAL_VERIFICATION,2010-12-21 12:00:00,E0052,CAL_005236,4.25,1557.57078974029,-121.511575172066,FLAT_START,CONVERGED_FEASIBLE,CONVERGED,PASSED,0.999187401719869,22,1.04982503556897,13,1.23011246468293e-14,1.4210854715202e-13,22,24,0.1915
