calibration_membership_id,registry_id,timestamp,edge_id,t,source_kind,p13_abs_kw,p30_abs_kw,d_e_star_kw,solver_status,vmin_pu,vmax_pu,original_limit_status,headroom_design_status,final_status
CAL_004488,REG_004987,2010-12-21 12:00:00,E0000,0,OUTER_VERTEX_ENDPOINT_A_ONCE_PER_EDGE,1551.35794517763,-101.25,3.75,CONVERGED_FEASIBLE,0.999195779261418,1.04984115507326,PASS,PASS,PASS
CAL_004489,REG_004986,2010-12-21 12:00:00,E0000,0.199023537719722,COMMITTED_ANGULAR_INTERIOR,1544.81454821351,-81.1480004973989,3.75,CONVERGED_FEASIBLE,0.999203884426203,1.04984187430892,PASS,PASS,PASS
CAL_004490,REG_004985,2010-12-21 12:00:00,E0000,0.39646927110579,COMMITTED_ANGULAR_INTERIOR,1538.32302551614,-61.2053641650725,3.75,CONVERGED_FEASIBLE,0.999211908235054,1.0498421680407,PASS,PASS,PASS
CAL_004491,REG_004983,2010-12-21 12:00:00,E0000,0.592385609879745,COMMITTED_ANGULAR_INTERIOR,1531.88178549477,-41.4172014698054,3.75,CONVERGED_FEASIBLE,0.999219853113348,1.04984204736726,PASS,PASS,PASS
CAL_004492,REG_004982,2010-12-21 12:00:00,E0000,0.786819754302501,COMMITTED_ANGULAR_INTERIOR,1525.48927632267,-21.7787450376866,3.75,CONVERGED_FEASIBLE,0.999227721414949,1.04984152284729,PASS,PASS,PASS
CAL_004493,REG_004981,2010-12-21 12:00:00,E0000,0.979817744934676,COMMITTED_ANGULAR_INTERIOR,1519.14398430116,-2.28534462816032,3.75,CONVERGED_FEASIBLE,0.999235515425255,1.04984060452391,PASS,PASS,PASS
CAL_004494,REG_004980,2010-12-21 12:00:00,E0001,0,OUTER_VERTEX_ENDPOINT_A_ONCE_PER_EDGE,1518.2277640366,-0.263020453062637,4,CONVERGED_FEASIBLE,0.99923619463992,1.04983037936279,PASS,PASS,PASS
CAL_004495,REG_004979,2010-12-21 12:00:00,E0001,0.0627246029772023,COMMITTED_ANGULAR_INTERIOR,1512.67973593099,17.055164960186,4,CONVERGED_FEASIBLE,0.999243148409733,1.04983268983508,PASS,PASS,PASS
CAL_004496,REG_004978,2010-12-21 12:00:00,E0001,0.132349057176169,COMMITTED_ANGULAR_INTERIOR,1506.52141191778,36.2783907740216,4,CONVERGED_FEASIBLE,0.999250852314689,1.04983489218243,PASS,PASS,PASS
CAL_004497,REG_004976,2010-12-21 12:00:00,E0001,0.201504587711315,COMMITTED_ANGULAR_INTERIOR,1500.40456447904,55.372147343426,4,CONVERGED_FEASIBLE,0.999258488970563,1.04983670334247,PASS,PASS,PASS
CAL_004498,REG_004975,2010-12-21 12:00:00,E0001,0.27020634450654,COMMITTED_ANGULAR_INTERIOR,1494.32785359506,74.3406175436767,4,CONVERGED_FEASIBLE,0.999266060404315,1.04983813220112,PASS,PASS,PASS
CAL_004499,REG_004974,2010-12-21 12:00:00,E0001,0.338469141963466,COMMITTED_ANGULAR_INTERIOR,1488.28996892329,93.187891612765,4,CONVERGED_FEASIBLE,0.999273568588563,1.04983918721958,PASS,PASS,PASS
CAL_004500,REG_004973,2010-12-21 12:00:00,E0001,0.406307472883762,COMMITTED_ANGULAR_INTERIOR,1482.28962856689,111.917970995332,4,CONVERGED_FEASIBLE,0.999281015443839,1.04983987645178,PASS,PASS,PASS
CAL_004501,REG_004972,2010-12-21 12:00:00,E0001,0.473735521863409,COMMITTED_ANGULAR_INTERIOR,1476.32557788997,130.53477204081,4,CONVERGED_FEASIBLE,0.99928840284075,1.04984020756089,PASS,PASS,PASS
CAL_004502,REG_004971,2010-12-21 12:00:00,E0001,0.540767178186479,COMMITTED_ANGULAR_INTERIOR,1470.39658837718,149.042129563376,4,CONVERGED_FEASIBLE,0.99929573260204,1.04984018783484,PASS,PASS,PASS
CAL_004503,REG_004969,2010-12-21 12:00:00,E0001,0.607416048244528,COMMITTED_ANGULAR_INTERIOR,1464.50145653515,167.443800270934,4,CONVERGED_FEASIBLE,0.999303006504567,1.04983982420104,PASS,PASS,PASS
CAL_004504,REG_004968,2010-12-21 12:00:00,E0001,0.673695467506356,COMMITTED_ANGULAR_INTERIOR,1458.63900283382,185.74346606995,4,CONVERGED_FEASIBLE,0.999310226281196,1.04983912324022,PASS,PASS,PASS
CAL_004505,REG_004967,2010-12-21 12:00:00,E0001,0.739618512061585,COMMITTED_ANGULAR_INTERIOR,1452.80807068535,203.944737252619,4,CONVERGED_FEASIBLE,0.999317393622611,1.04983809119956,PASS,PASS,PASS
CAL_004506,REG_004966,2010-12-21 12:00:00,E0001,0.805198009760336,COMMITTED_ANGULAR_INTERIOR,1447.00752545884,222.051155572516,4,CONVERGED_FEASIBLE,0.999324510179058,1.04983673400502,PASS,PASS,PASS
CAL_004507,REG_004965,2010-12-21 12:00:00,E0001,0.870446550970155,COMMITTED_ANGULAR_INTERIOR,1441.23625352885,240.066197214571,4,CONVERGED_FEASIBLE,0.999331577562006,1.04983505727306,PASS,PASS,PASS
CAL_004508,REG_004964,2010-12-21 12:00:00,E0001,0.935376498970277,COMMITTED_ANGULAR_INTERIOR,1435.49316135604,257.99327566491,4,CONVERGED_FEASIBLE,0.999338597345753,1.04983306632161,PASS,PASS,PASS
CAL_004509,REG_004962,2010-12-21 12:00:00,E0002,0,OUTER_VERTEX_ENDPOINT_A_ONCE_PER_EDGE,1429.77883112324,275.836163184534,4,CONVERGED_FEASIBLE,0.999345572124376,1.04983083655525,PASS,PASS,PASS
CAL_004510,REG_004961,2010-12-21 12:00:00,E0002,0.0515750570363159,COMMITTED_ANGULAR_INTERIOR,1424.21949217408,293.632036971764,4,CONVERGED_FEASIBLE,0.999352585415029,1.04983380226127,PASS,PASS,PASS
CAL_004511,REG_004960,2010-12-21 12:00:00,E0002,0.102932414534249,COMMITTED_ANGULAR_INTERIOR,1418.68361932643,311.352793953871,4,CONVERGED_FEASIBLE,0.999359556425865,1.04983644541027,PASS,PASS,PASS
CAL_004512,REG_004959,2010-12-21 12:00:00,E0002,0.154081221769468,COMMITTED_ANGULAR_INTERIOR,1413.17022636856,329.001591070748,4,CONVERGED_FEASIBLE,0.999366486591557,1.04983877105368,PASS,PASS,PASS
CAL_004513,REG_004958,2010-12-21 12:00:00,E0002,0.205030490575947,COMMITTED_ANGULAR_INTERIOR,1407.6783419038,346.581537838297,4,CONVERGED_FEASIBLE,0.999373377317554,1.04984078398094,PASS,PASS,PASS
CAL_004514,REG_004957,2010-12-21 12:00:00,E0002,0.255789102052564,COMMITTED_ANGULAR_INTERIOR,1402.20700862756,364.095698662528,4,CONVERGED_FEASIBLE,0.999380229981315,1.04984248872757,PASS,PASS,PASS
CAL_004515,REG_004955,2010-12-21 12:00:00,E0002,0.306365813081401,COMMITTED_ANGULAR_INTERIOR,1396.75528262473,381.547095088685,4,CONVERGED_FEASIBLE,0.99938704593351,1.04984388958285,PASS,PASS,PASS
CAL_004516,REG_004954,2010-12-21 12:00:00,E0002,0.356769262670245,COMMITTED_ANGULAR_INTERIOR,1391.322232686,398.938707989713,4,CONVERGED_FEASIBLE,0.999393826499166,1.04984499059701,PASS,PASS,PASS
CAL_004517,REG_004953,2010-12-21 12:00:00,E0002,0.407007978129413,COMMITTED_ANGULAR_INTERIOR,1385.9069396421,416.273479697564,4,CONVERGED_FEASIBLE,0.999400572978789,1.04984579558803,PASS,PASS,PASS
CAL_004518,REG_004952,2010-12-21 12:00:00,E0002,0.45709038109266,COMMITTED_ANGULAR_INTERIOR,1380.50849571475,433.554316080693,4,CONVERGED_FEASIBLE,0.999407286649432,1.04984630814806,PASS,PASS,PASS
CAL_004519,REG_004951,2010-12-21 12:00:00,E0002,0.5070247933915,COMMITTED_ANGULAR_INTERIOR,1375.12600388346,450.784088570987,4,CONVERGED_FEASIBLE,0.999413968765738,1.04984653164936,PASS,PASS,PASS
CAL_004520,REG_004950,2010-12-21 12:00:00,E0002,0.556819442791981,COMMITTED_ANGULAR_INTERIOR,1369.75857726721,467.965636143224,4,CONVERGED_FEASIBLE,0.999420620560946,1.04984646925,PASS,PASS,PASS
CAL_004521,REG_004948,2010-12-21 12:00:00,E0002,0.606482468602549,COMMITTED_ANGULAR_INTERIOR,1364.4053385199,485.101767250059,4,CONVERGED_FEASIBLE,0.999427243247868,1.04984612389912,PASS,PASS,PASS
CAL_004522,REG_004947,2010-12-21 12:00:00,E0002,0.656021927161399,COMMITTED_ANGULAR_INTERIOR,1359.06541923892,502.195261715421,4,CONVERGED_FEASIBLE,0.999433838019825,1.04984549834186,PASS,PASS,PASS
CAL_004523,REG_004946,2010-12-21 12:00:00,E0002,0.705445797211363,COMMITTED_ANGULAR_INTERIOR,1353.73795938573,519.24887258911,4,CONVERGED_FEASIBLE,0.999440406051573,1.049844595124,PASS,PASS,PASS
CAL_004524,REG_004945,2010-12-21 12:00:00,E0002,0.754761985170186,COMMITTED_ANGULAR_INTERIOR,1348.42210671784,536.265327965292,4,CONVERGED_FEASIBLE,0.999446948500182,1.04984341659626,PASS,PASS,PASS
CAL_004525,REG_004944,2010-12-21 12:00:00,E0002,0.803978330303721,COMMITTED_ANGULAR_INTERIOR,1343.11701623111,553.247332767505,4,CONVERGED_FEASIBLE,0.999453466505904,1.0498419649183,PASS,PASS,PASS
CAL_004526,REG_004942,2010-12-21 12:00:00,E0002,0.853102609809422,COMMITTED_ANGULAR_INTERIOR,1337.82184961185,570.197570502705,4,CONVERGED_FEASIBLE,0.99945996119301,1.04984024206242,PASS,PASS,PASS
CAL_004527,REG_004941,2010-12-21 12:00:00,E0002,0.902142543817257,COMMITTED_ANGULAR_INTERIOR,1332.53577469774,587.118704986822,4,CONVERGED_FEASIBLE,0.999466433670607,1.04983824981702,PASS,PASS,PASS
CAL_004528,REG_004940,2010-12-21 12:00:00,E0002,0.95110580031499,COMMITTED_ANGULAR_INTERIOR,1327.25796494692,604.01338204422,4,CONVERGED_FEASIBLE,0.999472885033429,1.0498359897897,PASS,PASS,PASS
CAL_004529,REG_004939,2010-12-21 12:00:00,E0003,0,OUTER_VERTEX_ENDPOINT_A_ONCE_PER_EDGE,1321.98296577838,620.881813904226,4,CONVERGED_FEASIBLE,0.999479312757123,1.0498332508716,PASS,PASS,PASS
CAL_004530,REG_004938,2010-12-21 12:00:00,E0003,0.0500136236115763,COMMITTED_ANGULAR_INTERIOR,1316.83025432228,637.790889290465,4,CONVERGED_FEASIBLE,0.999485812298085,1.0498355712597,PASS,PASS,PASS
CAL_004531,REG_004937,2010-12-21 12:00:00,E0003,0.0999800452598536,COMMITTED_ANGULAR_INTERIOR,1311.68240590307,654.684006193831,4,CONVERGED_FEASIBLE,0.999492294802099,1.0498376227171,PASS,PASS,PASS
CAL_004532,REG_004935,2010-12-21 12:00:00,E0003,0.149906932260671,COMMITTED_ANGULAR_INTERIOR,1306.53863058668,671.563756852443,4,CONVERGED_FEASIBLE,0.999498761320022,1.04983940682393,PASS,PASS,PASS
CAL_004533,REG_004934,2010-12-21 12:00:00,E0003,0.199801927760954,COMMITTED_ANGULAR_INTERIOR,1301.39814092904,688.432725333165,4,CONVERGED_FEASIBLE,0.999505212892621,1.04984092498998,PASS,PASS,PASS
CAL_004534,REG_004933,2010-12-21 12:00:00,E0003,0.249672655435933,COMMITTED_ANGULAR_INTERIOR,1296.26015149218,705.293489119687,4,CONVERGED_FEASIBLE,0.999511650551265,1.0498421784566,PASS,PASS,PASS
CAL_004535,REG_004932,2010-12-21 12:00:00,E0003,0.299526724156357,COMMITTED_ANGULAR_INTERIOR,1291.1238783634,722.148620690463,4,CONVERGED_FEASIBLE,0.999518075318597,1.04984316829851,PASS,PASS,PASS
CAL_004536,REG_004931,2010-12-21 12:00:00,E0003,0.349371732636503,COMMITTED_ANGULAR_INTERIOR,1285.98853867637,739.00068909015,4,CONVERGED_FEASIBLE,0.999524488209199,1.04984389542523,PASS,PASS,PASS
CAL_004537,REG_004930,2010-12-21 12:00:00,E0003,0.399215274069027,COMMITTED_ANGULAR_INTERIOR,1280.85335013361,755.852261496605,4,CONVERGED_FEASIBLE,0.999530890230243,1.0498443605824,PASS,PASS,PASS
CAL_004538,REG_004928,2010-12-21 12:00:00,E0003,0.449064940752654,COMMITTED_ANGULAR_INTERIOR,1275.71753052976,772.705904785456,4,CONVERGED_FEASIBLE,0.999537282382134,1.04984456435281,PASS,PASS,PASS
CAL_004539,REG_004927,2010-12-21 12:00:00,E0003,0.498928328718723,COMMITTED_ANGULAR_INTERIOR,1270.58029727491,789.564187094287,4,CONVERGED_FEASIBLE,0.999543665659147,1.04984450715726,PASS,PASS,PASS
CAL_004540,REG_004926,2010-12-21 12:00:00,E0003,0.54881304236255,COMMITTED_ANGULAR_INTERIOR,1265.44086691743,806.429679388454,4,CONVERGED_FEASIBLE,0.999550041050046,1.04984418925519,PASS,PASS,PASS
CAL_004541,REG_004925,2010-12-21 12:00:00,E0003,0.598726699085648,COMMITTED_ANGULAR_INTERIOR,1260.29845466571,823.304957030571,4,CONVERGED_FEASIBLE,0.999556409538707,1.04984361074508,PASS,PASS,PASS
CAL_004542,REG_004924,2010-12-21 12:00:00,E0003,0.648676933954788,COMMITTED_ANGULAR_INTERIOR,1255.15227390816,840.19260135569,4,CONVERGED_FEASIBLE,0.999562772104729,1.04984277156469,PASS,PASS,PASS
CAL_004543,REG_004923,2010-12-21 12:00:00,E0003,0.698671404384015,COMMITTED_ANGULAR_INTERIOR,1250.00153573084,857.095201254235,4,CONVERGED_FEASIBLE,0.999569129724037,1.04984167149098,PASS,PASS,PASS
CAL_004544,REG_004921,2010-12-21 12:00:00,E0003,0.748717794845686,COMMITTED_ANGULAR_INTERIOR,1244.84544843209,874.015354764761,4,CONVERGED_FEASIBLE,0.999575483369488,1.04984031013997,PASS,PASS,PASS
CAL_004545,REG_004920,2010-12-21 12:00:00,E0003,0.798823821616747,COMMITTED_ANGULAR_INTERIOR,1239.68321703353,890.955670678617,4,CONVERGED_FEASIBLE,0.999581834011463,1.04983868696624,PASS,PASS,PASS
CAL_004546,REG_004919,2010-12-21 12:00:00,E0003,0.848997237566488,COMMITTED_ANGULAR_INTERIOR,1234.51404278686,907.918770158634,4,CONVERGED_FEASIBLE,0.999588182618464,1.04983680126234,PASS,PASS,PASS
CAL_004547,REG_004918,2010-12-21 12:00:00,E0003,0.899245836992138,COMMITTED_ANGULAR_INTERIOR,1229.33712267556,924.90728837399,4,CONVERGED_FEASIBLE,0.999594530157703,1.04983465215788,PASS,PASS,PASS
CAL_004548,REG_004917,2010-12-21 12:00:00,E0003,0.949577460508756,COMMITTED_ANGULAR_INTERIOR,1224.1516489112,941.923876153431,4,CONVERGED_FEASIBLE,0.999600877595694,1.04983223861849,PASS,PASS,PASS
CAL_004549,REG_004916,2010-12-21 12:00:00,E0004,0,OUTER_VERTEX_ENDPOINT_A_ONCE_PER_EDGE,1218.94639403155,958.962582620397,4,CONVERGED_FEASIBLE,0.999607216191314,1.04982904324191,PASS,PASS,PASS
CAL_004550,REG_004914,2010-12-21 12:00:00,E0004,0.048478719033016,COMMITTED_ANGULAR_INTERIOR,1213.85133121776,976.136008406149,4,CONVERGED_FEASIBLE,0.999613669649642,1.04983156727418,PASS,PASS,PASS
CAL_004551,REG_004913,2010-12-21 12:00:00,E0004,0.0970683712564331,COMMITTED_ANGULAR_INTERIOR,1208.74460944136,993.348731907487,4,CONVERGED_FEASIBLE,0.999620127127124,1.04983383434322,PASS,PASS,PASS
CAL_004552,REG_004912,2010-12-21 12:00:00,E0004,0.145776764898617,COMMITTED_ANGULAR_INTERIOR,1203.62540806567,1010.60351916347,4,CONVERGED_FEASIBLE,0.999626589611947,1.04983584349854,PASS,PASS,PASS
CAL_004553,REG_004911,2010-12-21 12:00:00,E0004,0.194611782664211,COMMITTED_ANGULAR_INTERIOR,1198.49289862667,1027.90316259613,4,CONVERGED_FEASIBLE,0.999633058095306,1.04983759362341,PASS,PASS,PASS
CAL_004554,REG_004910,2010-12-21 12:00:00,E0004,0.243581386975907,COMMITTED_ANGULAR_INTERIOR,1193.34624428202,1045.25048286736,4,CONVERGED_FEASIBLE,0.999639533572018,1.04983908343282,PASS,PASS,PASS
CAL_004555,REG_004908,2010-12-21 12:00:00,E0004,0.29269362532406,COMMITTED_ANGULAR_INTERIOR,1188.18459924889,1062.64833077398,4,CONVERGED_FEASIBLE,0.999646017041129,1.0498403114712,PASS,PASS,PASS
CAL_004556,REG_004907,2010-12-21 12:00:00,E0004,0.341956635732016,COMMITTED_ANGULAR_INTERIOR,1183.00710822951,1080.09958918383,4,CONVERGED_FEASIBLE,0.999652509506544,1.04984127610983,PASS,PASS,PASS
CAL_004557,REG_004906,2010-12-21 12:00:00,E0004,0.391378652345253,COMMITTED_ANGULAR_INTERIOR,1177.81290582378,1097.6071750157,4,CONVERGED_FEASIBLE,0.999659011977643,1.04984197554409,PASS,PASS,PASS
CAL_004558,REG_004905,2010-12-21 12:00:00,E0004,0.440968011152776,COMMITTED_ANGULAR_INTERIOR,1172.60111592794,1115.1740412661,4,CONVERGED_FEASIBLE,0.999665525469921,1.04984240779043,PASS,PASS,PASS
CAL_004559,REG_004904,2010-12-21 12:00:00,E0004,0.49073315584945,COMMITTED_ANGULAR_INTERIOR,1167.37085111847,1132.80317908601,4,CONVERGED_FEASIBLE,0.999672051005623,1.04984257068301,PASS,PASS,PASS
CAL_004560,REG_004903,2010-12-21 12:00:00,E0004,0.540682643848389,COMMITTED_ANGULAR_INTERIOR,1162.12121202018,1150.49761991069,4,CONVERGED_FEASIBLE,0.9996785896144,1.04984246187015,PASS,PASS,PASS
CAL_004561,REG_004901,2010-12-21 12:00:00,E0004,0.590825152452809,COMMITTED_ANGULAR_INTERIOR,1156.85128665754,1168.2604376461,4,CONVERGED_FEASIBLE,0.999685142333964,1.04984207881046,PASS,PASS,PASS
CAL_004562,REG_004900,2010-12-21 12:00:00,E0004,0.641169485197174,COMMITTED_ANGULAR_INTERIOR,1151.56014978828,1186.09475091518,4,CONVERGED_FEASIBLE,0.999691710210757,1.0498414187687,PASS,PASS,PASS
CAL_004563,REG_004899,2010-12-21 12:00:00,E0004,0.69172457836789,COMMITTED_ANGULAR_INTERIOR,1146.24686221799,1204.00372536782,4,CONVERGED_FEASIBLE,0.999698294300636,1.04984047881128,PASS,PASS,PASS
CAL_004564,REG_004898,2010-12-21 12:00:00,E0004,0.742499507714231,COMMITTED_ANGULAR_INTERIOR,1140.91047009491,1221.99057605817,4,CONVERGED_FEASIBLE,0.999704895669566,1.04983925580153,PASS,PASS,PASS
CAL_004565,REG_004897,2010-12-21 12:00:00,E0004,0.793503495360668,COMMITTED_ANGULAR_INTERIOR,1135.55000418336,1240.0585698933,4,CONVERGED_FEASIBLE,0.999711515394326,1.04983774639457,PASS,PASS,PASS
CAL_004566,REG_004895,2010-12-21 12:00:00,E0004,0.844745916932302,COMMITTED_ANGULAR_INTERIOR,1130.16447911493,1258.21102815737,4,CONVERGED_FEASIBLE,0.999718154563232,1.04983594703192,PASS,PASS,PASS
CAL_004567,REG_004894,2010-12-21 12:00:00,E0004,0.896236308905595,COMMITTED_ANGULAR_INTERIOR,1124.75289261589,1276.45132911562,4,CONVERGED_FEASIBLE,0.999724814276873,1.04983385393563,PASS,PASS,PASS
CAL_004568,REG_004893,2010-12-21 12:00:00,E0004,0.947984376197257,COMMITTED_ANGULAR_INTERIOR,1119.3142247096,1294.78291070267,4,CONVERGED_FEASIBLE,0.999731495648868,1.04983146310219,PASS,PASS,PASS
CAL_004569,REG_004892,2010-12-21 12:00:00,E0005,0,OUTER_VERTEX_ENDPOINT_A_ONCE_PER_EDGE,1113.8319969406,1313.19070188173,4,CONVERGED_FEASIBLE,0.999738182607458,1.04982793777455,PASS,PASS,PASS
CAL_004570,REG_004891,2010-12-21 12:00:00,E0005,0.0468659411827004,COMMITTED_ANGULAR_INTERIOR,1108.43720275403,1331.88329195545,4,CONVERGED_FEASIBLE,0.9997450469229,1.04983093189136,PASS,PASS,PASS
CAL_004571,REG_004889,2010-12-21 12:00:00,E0005,0.0939988126077895,COMMITTED_ANGULAR_INTERIOR,1103.01168191003,1350.68234777964,4,CONVERGED_FEASIBLE,0.99975193816469,1.04983364588842,PASS,PASS,PASS
CAL_004572,REG_004888,2010-12-21 12:00:00,E0005,0.141408142581747,COMMITTED_ANGULAR_INTERIOR,1097.55433759391,1369.59166974159,4,CONVERGED_FEASIBLE,0.999758857546689,1.04983607581265,PASS,PASS,PASS
CAL_004573,REG_004887,2010-12-21 12:00:00,E0005,0.1891036562413,COMMITTED_ANGULAR_INTERIOR,1092.06405033364,1388.61513673478,4,CONVERGED_FEASIBLE,0.99976580630122,1.04983821746628,PASS,PASS,PASS
CAL_004574,REG_004886,2010-12-21 12:00:00,E0005,0.237095284213632,COMMITTED_ANGULAR_INTERIOR,1086.53967700291,1407.75670961305,4,CONVERGED_FEASIBLE,0.999772785679997,1.04984006639871,PASS,PASS,PASS
CAL_004575,REG_004885,2010-12-21 12:00:00,E0005,0.285393171601504,COMMITTED_ANGULAR_INTERIOR,1080.98004978689,1427.02043477433,4,CONVERGED_FEASIBLE,0.999779796955075,1.0498416178979,PASS,PASS,PASS
CAL_004576,REG_004883,2010-12-21 12:00:00,E0005,0.334007687315566,COMMITTED_ANGULAR_INTERIOR,1075.38397510795,1446.41044788285,4,CONVERGED_FEASIBLE,0.999786841419835,1.04984286698131,PASS,PASS,PASS
CAL_004577,REG_004882,2010-12-21 12:00:00,E0005,0.382949433773021,COMMITTED_ANGULAR_INTERIOR,1069.75023250925,1465.93097773746,4,CONVERGED_FEASIBLE,0.99979392039,1.04984380838616,PASS,PASS,PASS
CAL_004578,REG_004881,2010-12-21 12:00:00,E0005,0.432229256982803,COMMITTED_ANGULAR_INTERIOR,1064.0775734938,1485.58635029416,4,CONVERGED_FEASIBLE,0.999801035204677,1.04984443655922,PASS,PASS,PASS
CAL_004579,REG_004880,2010-12-21 12:00:00,E0005,0.481858257038617,COMMITTED_ANGULAR_INTERIOR,1058.36472031664,1505.38099285123,4,CONVERGED_FEASIBLE,0.999808187227444,1.04984474564594,PASS,PASS,PASS
CAL_004580,REG_004878,2010-12-21 12:00:00,E0005,0.53184779904242,COMMITTED_ANGULAR_INTERIOR,1052.61036472736,1525.31943840613,4,CONVERGED_FEASIBLE,0.999815377847466,1.04984472947898,PASS,PASS,PASS
CAL_004581,REG_004877,2010-12-21 12:00:00,E0005,0.582209524482218,COMMITTED_ANGULAR_INTERIOR,1046.81316666045,1545.40633019353,4,CONVERGED_FEASIBLE,0.999822608480652,1.049844381566,PASS,PASS,PASS
CAL_004582,REG_004876,2010-12-21 12:00:00,E0005,0.632955363089468,COMMITTED_ANGULAR_INTERIOR,1040.97175287034,1565.64642641468,4,CONVERGED_FEASIBLE,0.999829880570854,1.04984369507678,PASS,PASS,PASS
CAL_004583,REG_004875,2010-12-21 12:00:00,E0005,0.684097545202879,COMMITTED_ANGULAR_INTERIOR,1035.08471550821,1586.04460516874,4,CONVERGED_FEASIBLE,0.999837195591103,1.04984266282959,PASS,PASS,PASS
CAL_004584,REG_004874,2010-12-21 12:00:00,E0005,0.735648614667015,COMMITTED_ANGULAR_INTERIOR,1029.1506106372,1606.60586959739,4,CONVERGED_FEASIBLE,0.999844555044904,1.04984127727671,PASS,PASS,PASS
CAL_004585,REG_004872,2010-12-21 12:00:00,E0005,0.787621442295812,COMMITTED_ANGULAR_INTERIOR,1023.16795668263,1627.33535325484,4,CONVERGED_FEASIBLE,0.99985196046756,1.04983953048914,PASS,PASS,PASS
CAL_004586,REG_004871,2010-12-21 12:00:00,E0005,0.840029239932994,COMMITTED_ANGULAR_INTERIOR,1017.13523281346,1648.23832571579,4,CONVERGED_FEASIBLE,0.999859413427565,1.04983741414038,PASS,PASS,PASS
CAL_004587,REG_004870,2010-12-21 12:00:00,E0005,0.892885575143311,COMMITTED_ANGULAR_INTERIOR,1011.05087725119,1669.32019843513,4,CONVERGED_FEASIBLE,0.999866915528034,1.04983491948927,PASS,PASS,PASS
CAL_004588,REG_004869,2010-12-21 12:00:00,E0005,0.946204386570695,COMMITTED_ANGULAR_INTERIOR,1004.91328550195,1690.58653087355,4,CONVERGED_FEASIBLE,0.999874468408203,1.04983203736181,PASS,PASS,PASS
CAL_004589,REG_004867,2010-12-21 12:00:00,E0006,0,OUTER_VERTEX_ENDPOINT_A_ONCE_PER_EDGE,998.720808507617,1712.04303690377,5,CONVERGED_FEASIBLE,0.99988207374498,1.04982875813192,PASS,PASS,PASS
CAL_004590,REG_004867,2010-12-21 12:00:00,E0006,3.1296035415519e-12,COMMITTED_ANGULAR_INTERIOR,998.720808507185,1712.043036904,5,CONVERGED_FEASIBLE,0.99988207374498,1.04982875813191,PASS,PASS,PASS
CAL_004591,REG_004866,2010-12-21 12:00:00,E0006,0.102470947495622,COMMITTED_ANGULAR_INTERIOR,984.557007207465,1719.76931297548,5,CONVERGED_FEASIBLE,0.999878849194488,1.04940000279948,PASS,PASS,PASS
CAL_004592,REG_004864,2010-12-21 12:00:00,E0006,0.204339480244718,COMMITTED_ANGULAR_INTERIOR,970.47647324287,1727.45016717149,5,CONVERGED_FEASIBLE,0.999875633913127,1.04945172212384,PASS,PASS,PASS
CAL_004593,REG_004863,2010-12-21 12:00:00,E0006,0.305626276227309,COMMITTED_ANGULAR_INTERIOR,956.476348449569,1735.08715860474,5,CONVERGED_FEASIBLE,0.9998724273934,1.04950289357444,PASS,PASS,PASS
CAL_004594,REG_004861,2010-12-21 12:00:00,E0006,0.406351601684641,COMMITTED_ANGULAR_INTERIOR,942.553831574902,1742.68181534322,5,CONVERGED_FEASIBLE,0.999869229132783,1.04955353117747,PASS,PASS,PASS
CAL_004595,REG_004859,2010-12-21 12:00:00,E0006,0.506535328665607,COMMITTED_ANGULAR_INTERIOR,928.706175852505,1750.23563573296,5,CONVERGED_FEASIBLE,0.999866038633414,1.04960364855056,PASS,PASS,PASS
CAL_004596,REG_004858,2010-12-21 12:00:00,E0006,0.6061969519562,COMMITTED_ANGULAR_INTERIOR,914.930686662275,1757.75008967447,5,CONVERGED_FEASIBLE,0.999862855401791,1.04965325891778,PASS,PASS,PASS
CAL_004597,REG_004856,2010-12-21 12:00:00,E0006,0.705355605427252,COMMITTED_ANGULAR_INTERIOR,901.22471927074,1765.22661985537,5,CONVERGED_FEASIBLE,0.999859678948477,1.04970237512394,PASS,PASS,PASS
CAL_004598,REG_004855,2010-12-21 12:00:00,E0006,0.804030077831045,COMMITTED_ANGULAR_INTERIOR,887.585676647615,1772.66664294148,5,CONVERGED_FEASIBLE,0.999856508787807,1.04975100964835,PASS,PASS,PASS
CAL_004599,REG_004853,2010-12-21 12:00:00,E0006,0.902238828075805,COMMITTED_ANGULAR_INTERIOR,874.011007354521,1780.07155072846,5,CONVERGED_FEASIBLE,0.999853344437595,1.0497991746178,PASS,PASS,PASS
CAL_004600,REG_004852,2010-12-21 12:00:00,E0007,0,OUTER_VERTEX_ENDPOINT_A_ONCE_PER_EDGE,860.498203502838,1787.44271125582,5,CONVERGED_FEASIBLE,0.999850185418852,1.04984688181917,PASS,PASS,PASS
CAL_004601,REG_004852,2010-12-21 12:00:00,E0007,6.05876092473199e-12,COMMITTED_ANGULAR_INTERIOR,860.498203501999,1787.44271125617,5,CONVERGED_FEASIBLE,0.999850185418852,1.04984688181917,PASS,PASS,PASS
CAL_004602,REG_004850,2010-12-21 12:00:00,E0007,0.102390573833135,COMMITTED_ANGULAR_INTERIOR,846.323403961686,1793.40820222734,5,CONVERGED_FEASIBLE,0.999845983207961,1.04984779095136,PASS,PASS,PASS
CAL_004603,REG_004848,2010-12-21 12:00:00,E0007,0.204197383785045,COMMITTED_ANGULAR_INTERIOR,832.229419828494,1799.33968188285,5,CONVERGED_FEASIBLE,0.999841795163911,1.04984845503044,PASS,PASS,PASS
CAL_004604,REG_004847,2010-12-21 12:00:00,E0007,0.30544078405683,COMMITTED_ANGULAR_INTERIOR,818.213433297781,1805.23833610107,5,CONVERGED_FEASIBLE,0.999837620587554,1.04984887763791,PASS,PASS,PASS
CAL_004605,REG_004845,2010-12-21 12:00:00,E0007,0.406140733464787,COMMITTED_ANGULAR_INTERIOR,804.272681300549,1811.10532772478,5,CONVERGED_FEASIBLE,0.999833458788139,1.04984906215798,PASS,PASS,PASS
CAL_004606,REG_004843,2010-12-21 12:00:00,E0007,0.506316812434849,COMMITTED_ANGULAR_INTERIOR,790.404453151604,1816.94179755092,5,CONVERGED_FEASIBLE,0.999829309082838,1.04984901178344,PASS,PASS,PASS
CAL_004607,REG_004842,2010-12-21 12:00:00,E0007,0.605988239407827,COMMITTED_ANGULAR_INTERIOR,776.606088278437,1822.74886528642,5,CONVERGED_FEASIBLE,0.999825170796288,1.04984872952127,PASS,PASS,PASS
CAL_004608,REG_004840,2010-12-21 12:00:00,E0007,0.705173886692174,COMMITTED_ANGULAR_INTERIOR,762.874974026589,1828.52763047182,5,CONVERGED_FEASIBLE,0.999821043260146,1.04984821819782,PASS,PASS,PASS
CAL_004609,REG_004838,2010-12-21 12:00:00,E0007,0.803892295793378,COMMITTED_ANGULAR_INTERIOR,749.208543537474,1834.27917337435,5,CONVERGED_FEASIBLE,0.999816925812646,1.04984748046376,PASS,PASS,PASS
CAL_004610,REG_004837,2010-12-21 12:00:00,E0007,0.902161692247711,COMMITTED_ANGULAR_INTERIOR,735.60427369482,1840.00455585223,5,CONVERGED_FEASIBLE,0.999812817798173,1.04984651879868,PASS,PASS,PASS
CAL_004611,REG_004835,2010-12-21 12:00:00,E0008,0,OUTER_VERTEX_ENDPOINT_A_ONCE_PER_EDGE,721.965972567018,1845.4721552198,5.25,CONVERGED_FEASIBLE,0.999808554862099,1.04983780815992,PASS,PASS,PASS
CAL_004612,REG_004834,2010-12-21 12:00:00,E0008,0.0514489387860546,COMMITTED_ANGULAR_INTERIOR,708.524922966909,1851.25354466841,5.25,CONVERGED_FEASIBLE,0.999804539777481,1.04983985512526,PASS,PASS,PASS
CAL_004613,REG_004832,2010-12-21 12:00:00,E0008,0.102694308679719,COMMITTED_ANGULAR_INTERIOR,695.137055796685,1857.01205879491,5.25,CONVERGED_FEASIBLE,0.999800531504233,1.04984167129797,PASS,PASS,PASS
CAL_004614,REG_004830,2010-12-21 12:00:00,E0008,0.153745075412441,COMMITTED_ANGULAR_INTERIOR,681.800028756506,1862.74870509114,5.25,CONVERGED_FEASIBLE,0.999796529422334,1.04984325904884,PASS,PASS,PASS
CAL_004615,REG_004829,2010-12-21 12:00:00,E0008,0.204610077689855,COMMITTED_ANGULAR_INTERIOR,668.511532732061,1868.46447677484,5.25,CONVERGED_FEASIBLE,0.999792532915436,1.04984462058937,PASS,PASS,PASS
CAL_004616,REG_004827,2010-12-21 12:00:00,E0008,0.255298033615963,COMMITTED_ANGULAR_INTERIOR,655.26929011625,1874.1603535116,5.25,CONVERGED_FEASIBLE,0.999788541370492,1.04984575797521,PASS,PASS,PASS
CAL_004617,REG_004825,2010-12-21 12:00:00,E0008,0.305817546954401,COMMITTED_ANGULAR_INTERIOR,642.071053173424,1879.83730211841,5.25,CONVERGED_FEASIBLE,0.999784554177368,1.04984667310921,PASS,PASS,PASS
CAL_004618,REG_004824,2010-12-21 12:00:00,E0008,0.356177113229702,COMMITTED_ANGULAR_INTERIOR,628.91460244543,1885.49627724929,5.25,CONVERGED_FEASIBLE,0.999780570728484,1.04984736774437,PASS,PASS,PASS
CAL_004619,REG_004822,2010-12-21 12:00:00,E0008,0.406385125678118,COMMITTED_ANGULAR_INTERIOR,615.797745196958,1891.13822206397,5.25,CONVERGED_FEASIBLE,0.999776590418434,1.04984784348649,PASS,PASS,PASS
CAL_004620,REG_004820,2010-12-21 12:00:00,E0008,0.456449881057133,COMMITTED_ANGULAR_INTERIOR,602.718313897803,1896.76406888073,5.25,CONVERGED_FEASIBLE,0.999772612643628,1.04984810179668,PASS,PASS,PASS
CAL_004621,REG_004819,2010-12-21 12:00:00,E0008,0.506379585322516,COMMITTED_ANGULAR_INTERIOR,589.674164739731,1902.37473981434,5.25,CONVERGED_FEASIBLE,0.999768636801924,1.04984814399354,PASS,PASS,PASS
CAL_004622,REG_004817,2010-12-21 12:00:00,E0008,0.55618235918141,COMMITTED_ANGULAR_INTERIOR,576.663176185739,1907.97114740005,5.25,CONVERGED_FEASIBLE,0.999764662292265,1.0498479712553,PASS,PASS,PASS
CAL_004623,REG_004815,2010-12-21 12:00:00,E0008,0.605866243529672,COMMITTED_ANGULAR_INTERIOR,563.683247549541,1913.55419520461,5.25,CONVERGED_FEASIBLE,0.999760688514322,1.04984758462161,PASS,PASS,PASS
CAL_004624,REG_004814,2010-12-21 12:00:00,E0008,0.655439204781414,COMMITTED_ANGULAR_INTERIOR,550.732297603232,1919.12477842517,5.25,CONVERGED_FEASIBLE,0.999756714868128,1.04984698499521,PASS,PASS,PASS
CAL_004625,REG_004812,2010-12-21 12:00:00,E0008,0.704909140098413,COMMITTED_ANGULAR_INTERIOR,537.808263211094,1924.68378447686,5.25,CONVERGED_FEASIBLE,0.999752740753721,1.04984617314345,PASS,PASS,PASS
CAL_004626,REG_004810,2010-12-21 12:00:00,E0008,0.754283882526872,COMMITTED_ANGULAR_INTERIOR,524.909097987624,1930.23209357009,5.25,CONVERGED_FEASIBLE,0.999748765570786,1.04984514969951,PASS,PASS,PASS
CAL_004627,REG_004808,2010-12-21 12:00:00,E0008,0.803571206048751,COMMITTED_ANGULAR_INTERIOR,512.032770977867,1935.77057927811,5.25,CONVERGED_FEASIBLE,0.999744788718288,1.04984391516357,PASS,PASS,PASS
CAL_004628,REG_004807,2010-12-21 12:00:00,E0008,0.852778830554716,COMMITTED_ANGULAR_INTERIOR,499.177265358235,1941.30010909587,5.25,CONVERGED_FEASIBLE,0.999740809594118,1.04984246990367,PASS,PASS,PASS
CAL_004629,REG_004805,2010-12-21 12:00:00,E0008,0.901914426745581,COMMITTED_ANGULAR_INTERIOR,486.340577156002,1946.82154499078,5.25,CONVERGED_FEASIBLE,0.999736827594723,1.04984081415651,PASS,PASS,PASS
CAL_004630,REG_004803,2010-12-21 12:00:00,E0008,0.950985620968931,COMMITTED_ANGULAR_INTERIOR,473.520713985736,1952.33574394624,5.25,CONVERGED_FEASIBLE,0.999732842114742,1.04983894802799,PASS,PASS,PASS
CAL_004631,REG_004802,2010-12-21 12:00:00,E0009,0,OUTER_VERTEX_ENDPOINT_A_ONCE_PER_EDGE,460.713364260556,1957.8343838426,5.25,CONVERGED_FEASIBLE,0.999728846761034,1.04983659070836,PASS,PASS,PASS
CAL_004632,REG_004800,2010-12-21 12:00:00,E0009,0.0499018423691662,COMMITTED_ANGULAR_INTERIOR,447.957966033328,1963.48517786258,5.25,CONVERGED_FEASIBLE,0.999724945668482,1.04983883730639,PASS,PASS,PASS
CAL_004633,REG_004798,2010-12-21 12:00:00,E0009,0.0997683165533328,COMMITTED_ANGULAR_INTERIOR,435.211608259574,1969.13196685351,5.25,CONVERGED_FEASIBLE,0.999721038670613,1.04984086943263,PASS,PASS,PASS
CAL_004634,REG_004796,2010-12-21 12:00:00,E0009,0.1496070481289,COMMITTED_ANGULAR_INTERIOR,422.4723417675,1974.77561432181,5.25,CONVERGED_FEASIBLE,0.999717125163024,1.04984268728424,PASS,PASS,PASS
CAL_004635,REG_004795,2010-12-21 12:00:00,E0009,0.199425645744492,COMMITTED_ANGULAR_INTERIOR,409.738221712214,1980.41698185704,5.25,CONVERGED_FEASIBLE,0.999713204537271,1.04984429092593,PASS,PASS,PASS
CAL_004636,REG_004793,2010-12-21 12:00:00,E0009,0.249231705770536,COMMITTED_ANGULAR_INTERIOR,397.007306387253,1986.0569296584,5.25,CONVERGED_FEASIBLE,0.999709276180487,1.0498456802898,PASS,PASS,PASS
CAL_004637,REG_004791,2010-12-21 12:00:00,E0009,0.299032816935474,COMMITTED_ANGULAR_INTERIOR,384.277656039518,1991.69631705972,5.25,CONVERGED_FEASIBLE,0.99970533947499,1.04984685517499,PASS,PASS,PASS
CAL_004638,REG_004789,2010-12-21 12:00:00,E0009,0.348836564952091,COMMITTED_ANGULAR_INTERIOR,371.547331686744,1997.33600305333,5.25,CONVERGED_FEASIBLE,0.999701393797893,1.04984781524715,PASS,PASS,PASS
CAL_004639,REG_004788,2010-12-21 12:00:00,E0009,0.398650537139919,COMMITTED_ANGULAR_INTERIOR,358.814393935965,2002.97684681352,5.25,CONVERGED_FEASIBLE,0.999697438520699,1.04984856003779,PASS,PASS,PASS
CAL_004640,REG_004786,2010-12-21 12:00:00,E0009,0.44848232704973,COMMITTED_ANGULAR_INTERIOR,346.076901801447,2008.6197082202,5.25,CONVERGED_FEASIBLE,0.999693473008893,1.04984908894334,PASS,PASS,PASS
CAL_004641,REG_004784,2010-12-21 12:00:00,E0009,0.498339539096106,COMMITTED_ANGULAR_INTERIOR,333.332911520562,2014.26544838346,5.25,CONVERGED_FEASIBLE,0.999689496621524,1.04984940122415,PASS,PASS,PASS
CAL_004642,REG_004782,2010-12-21 12:00:00,E0009,0.54822979320408,COMMITTED_ANGULAR_INTERIOR,320.58047536606,2019.91493016978,5.25,CONVERGED_FEASIBLE,0.99968550871078,1.0498494960032,PASS,PASS,PASS
CAL_004643,REG_004781,2010-12-21 12:00:00,E0009,0.598160729475908,COMMITTED_ANGULAR_INTERIOR,307.817640453194,2025.56901873047,5.25,CONVERGED_FEASIBLE,0.99968150862155,1.04984937226473,PASS,PASS,PASS
CAL_004644,REG_004779,2010-12-21 12:00:00,E0009,0.648140012884045,COMMITTED_ANGULAR_INTERIOR,295.042447540153,2031.22858203308,5.25,CONVERGED_FEASIBLE,0.999677495690983,1.04984902885253,PASS,PASS,PASS
CAL_004645,REG_004777,2010-12-21 12:00:00,E0009,0.698175337996464,COMMITTED_ANGULAR_INTERIOR,282.25292982022,2036.89449139653,5.25,CONVERGED_FEASIBLE,0.999673469248025,1.04984846446824,PASS,PASS,PASS
CAL_004646,REG_004775,2010-12-21 12:00:00,E0009,0.748274433740561,COMMITTED_ANGULAR_INTERIOR,269.447111704077,2042.56762203052,5.25,CONVERGED_FEASIBLE,0.99966942861296,1.04984767766923,PASS,PASS,PASS
CAL_004647,REG_004773,2010-12-21 12:00:00,E0009,0.79844506821191,COMMITTED_ANGULAR_INTERIOR,256.623007590635,2048.24885358008,5.25,CONVERGED_FEASIBLE,0.999665373096925,1.04984666686642,PASS,PASS,PASS
CAL_004648,REG_004772,2010-12-21 12:00:00,E0009,0.8486950535343,COMMITTED_ANGULAR_INTERIOR,243.778620624764,2053.93907067594,5.25,CONVERGED_FEASIBLE,0.999661302001419,1.04984543032188,PASS,PASS,PASS
CAL_004649,REG_004770,2010-12-21 12:00:00,E0009,0.899032250777571,COMMITTED_ANGULAR_INTERIOR,230.911941440246,2059.63916349136,5.25,CONVERGED_FEASIBLE,0.999657214617798,1.04984396614612,PASS,PASS,PASS
CAL_004650,REG_004768,2010-12-21 12:00:00,E0009,0.949464574939878,COMMITTED_ANGULAR_INTERIOR,218.020946886258,2065.35002830636,5.25,CONVERGED_FEASIBLE,0.999653110226755,1.04984227229528,PASS,PASS,PASS
CAL_004651,REG_004766,2010-12-21 12:00:00,E0010,0,OUTER_VERTEX_ENDPOINT_A_ONCE_PER_EDGE,205.101654215782,2071.05675999613,5.25,CONVERGED_FEASIBLE,0.999648979192022,1.04983988827606,PASS,PASS,PASS
CAL_004652,REG_004764,2010-12-21 12:00:00,E0010,0.0629914791113926,COMMITTED_ANGULAR_INTERIOR,192.172186627297,2076.93056617738,5.25,CONVERGED_FEASIBLE,0.999644916305517,1.04984173906876,PASS,PASS,PASS
CAL_004653,REG_004762,2010-12-21 12:00:00,E0010,0.126139323447491,COMMITTED_ANGULAR_INTERIOR,179.210623918436,2082.81895304536,5.25,CONVERGED_FEASIBLE,0.999640833868427,1.04984336216961,PASS,PASS,PASS
CAL_004654,REG_004760,2010-12-21 12:00:00,E0010,0.189453771037477,COMMITTED_ANGULAR_INTERIOR,166.214864657888,2088.72287527203,5.25,CONVERGED_FEASIBLE,0.999636731118626,1.04984475544746,PASS,PASS,PASS
CAL_004655,REG_004759,2010-12-21 12:00:00,E0010,0.252945164897396,COMMITTED_ANGULAR_INTERIOR,153.182785865011,2094.64329731913,5.25,CONVERGED_FEASIBLE,0.999632607280192,1.04984591660315,PASS,PASS,PASS
CAL_004656,REG_004757,2010-12-21 12:00:00,E0010,0.316623959998954,COMMITTED_ANGULAR_INTERIOR,140.112241579436,2100.581194088,5.25,CONVERGED_FEASIBLE,0.999628461562774,1.04984684316539,PASS,PASS,PASS
CAL_004657,REG_004755,2010-12-21 12:00:00,E0010,0.38050073038931,COMMITTED_ANGULAR_INTERIOR,127.001061399674,2106.5375515835,5.25,CONVERGED_FEASIBLE,0.99962429316094,1.04984753248635,PASS,PASS,PASS
CAL_004658,REG_004753,2010-12-21 12:00:00,E0010,0.444586176473947,COMMITTED_ANGULAR_INTERIOR,113.847048988255,2112.51336759306,5.25,CONVERGED_FEASIBLE,0.999620101253505,1.04984798173704,PASS,PASS,PASS
CAL_004659,REG_004751,2010-12-21 12:00:00,E0010,0.508891132473643,COMMITTED_ANGULAR_INTERIOR,100.647980541129,2118.50965238213,5.25,CONVERGED_FEASIBLE,0.999615885002829,1.04984818790225,PASS,PASS,PASS
CAL_004660,REG_004749,2010-12-21 12:00:00,E0010,0.573426574066945,COMMITTED_ANGULAR_INTERIOR,87.4016032189902,2124.5274294067,5.25,CONVERGED_FEASIBLE,0.999611643554091,1.04984814777523,PASS,PASS,PASS
CAL_004661,REG_004747,2010-12-21 12:00:00,E0010,0.638203626230016,COMMITTED_ANGULAR_INTERIOR,74.1056335380922,2130.56773604446,5.25,CONVERGED_FEASIBLE,0.999607376034542,1.04984785795209,PASS,PASS,PASS
CAL_004662,REG_004745,2010-12-21 12:00:00,E0010,0.7032335712862,COMMITTED_ANGULAR_INTERIOR,60.7577557180143,2136.63162434532,5.25,CONVERGED_FEASIBLE,0.99960308155272,1.04984731482573,PASS,PASS,PASS
CAL_004663,REG_004743,2010-12-21 12:00:00,E0010,0.768527857178172,COMMITTED_ANGULAR_INTERIOR,47.3556199837416,2142.72016180281,5.25,CONVERGED_FEASIBLE,0.999598759197642,1.04984651457951,PASS,PASS,PASS
CAL_004664,REG_004741,2010-12-21 12:00:00,E0010,0.834098105976078,COMMITTED_ANGULAR_INTERIOR,33.896840819306,2148.83443214745,5.25,CONVERGED_FEASIBLE,0.99959440803796,1.04984545318042,PASS,PASS,PASS
CAL_004665,REG_004739,2010-12-21 12:00:00,E0010,0.899956122635682,COMMITTED_ANGULAR_INTERIOR,20.3789951701122,2154.97553616337,5.25,CONVERGED_FEASIBLE,0.99959002712109,1.04984412637198,PASS,PASS,PASS
CAL_004666,REG_004737,2010-12-21 12:00:00,E0010,0.966113904021142,COMMITTED_ANGULAR_INTERIOR,6.7996205909457,2161.14459252975,5.25,CONVERGED_FEASIBLE,0.999585615472297,1.04984252966656,PASS,PASS,PASS
CAL_004667,REG_004736,2010-12-21 12:00:00,E0011,0,OUTER_VERTEX_ENDPOINT_A_ONCE_PER_EDGE,-0.148480962609447,2164.57026598115,5,CONVERGED_FEASIBLE,0.999583487743404,1.04984898873581,PASS,PASS,PASS
CAL_004668,REG_004734,2010-12-21 12:00:00,E0011,0.107944972475705,COMMITTED_ANGULAR_INTERIOR,-6.83684796404564,2167.62756480923,5,CONVERGED_FEASIBLE,0.999581317452536,1.0498485526862,PASS,PASS,PASS
CAL_004669,REG_004732,2010-12-21 12:00:00,E0011,0.329229868996459,COMMITTED_ANGULAR_INTERIOR,-20.547857989443,2173.89496234789,5,CONVERGED_FEASIBLE,0.999576860143123,1.04984745674263,PASS,PASS,PASS
CAL_004670,REG_004730,2010-12-21 12:00:00,E0011,0.551638722373215,COMMITTED_ANGULAR_INTERIOR,-34.3285093864977,2180.19419343932,5,CONVERGED_FEASIBLE,0.999572368976835,1.04984608088908,PASS,PASS,PASS
CAL_004671,REG_004728,2010-12-21 12:00:00,E0011,0.775214255996469,COMMITTED_ANGULAR_INTERIOR,-48.1814493346812,2186.52646812758,5,CONVERGED_FEASIBLE,0.999567842880582,1.04984441979838,PASS,PASS,PASS
CAL_004672,REG_004726,2010-12-21 12:00:00,E0012,0,OUTER_VERTEX_ENDPOINT_A_ONCE_PER_EDGE,-62.109375,2192.31014680673,5.5,CONVERGED_FEASIBLE,0.999562991127092,1.04982650113423,PASS,PASS,PASS
CAL_004673,REG_004723,2010-12-21 12:00:00,E0012,0.0467568165570065,COMMITTED_ANGULAR_INTERIOR,-76.1126996601698,2198.91137384044,5.5,CONVERGED_FEASIBLE,0.999558492094437,1.04982973893488,PASS,PASS,PASS
CAL_004674,REG_004721,2010-12-21 12:00:00,E0012,0.0937907411210736,COMMITTED_ANGULAR_INTERIOR,-90.1990161421646,2205.55172357331,5.5,CONVERGED_FEASIBLE,0.999553954526411,1.04983270422296,PASS,PASS,PASS
CAL_004675,REG_004719,2010-12-21 12:00:00,E0012,0.141111473065031,COMMITTED_ANGULAR_INTERIOR,-104.371229337222,2212.23256538347,5.5,CONVERGED_FEASIBLE,0.999549377233228,1.04983539146435,PASS,PASS,PASS
CAL_004676,REG_004717,2010-12-21 12:00:00,E0012,0.188728918335958,COMMITTED_ANGULAR_INTERIOR,-118.632306004058,2218.95529781363,5.5,CONVERGED_FEASIBLE,0.999544758992092,1.04983779482055,PASS,PASS,PASS
CAL_004677,REG_004715,2010-12-21 12:00:00,E0012,0.236653198471064,COMMITTED_ANGULAR_INTERIOR,-132.985277469056,2225.721349844,5.5,CONVERGED_FEASIBLE,0.999540098545768,1.04983990813593,PASS,PASS,PASS
CAL_004678,REG_004713,2010-12-21 12:00:00,E0012,0.284894659963964,COMMITTED_ANGULAR_INTERIOR,-147.433242431395,2232.53218221461,5.5,CONVERGED_FEASIBLE,0.999535394601097,1.04984172492412,PASS,PASS,PASS
CAL_004679,REG_004711,2010-12-21 12:00:00,E0012,0.333463884000631,COMMITTED_ANGULAR_INTERIOR,-161.979369878903,2239.38928879984,5.5,CONVERGED_FEASIBLE,0.999530645827423,1.04984323835363,PASS,PASS,PASS
CAL_004680,REG_004709,2010-12-21 12:00:00,E0012,0.38237169658543,COMMITTED_ANGULAR_INTERIOR,-176.626902120724,2246.29419803807,5.5,CONVERGED_FEASIBLE,0.999525850854962,1.04984444123257,PASS,PASS,PASS
CAL_004681,REG_004707,2010-12-21 12:00:00,E0012,0.431629179078765,COMMITTED_ANGULAR_INTERIOR,-191.37915794327,2253.24847441939,5.5,CONVERGED_FEASIBLE,0.999521008273078,1.04984532599246,PASS,PASS,PASS
CAL_004682,REG_004705,2010-12-21 12:00:00,E0012,0.481247679169169,COMMITTED_ANGULAR_INTERIOR,-206.239535896278,2260.25372003464,5.5,CONVERGED_FEASIBLE,0.999516116628483,1.04984588467103,PASS,PASS,PASS
CAL_004683,REG_004703,2010-12-21 12:00:00,E0012,0.531238822303933,COMMITTED_ANGULAR_INTERIOR,-221.211517716204,2267.31157618927,5.5,CONVERGED_FEASIBLE,0.999511174423346,1.049846108894,PASS,PASS,PASS
CAL_004684,REG_004700,2010-12-21 12:00:00,E0012,0.581614523603857,COMMITTED_ANGULAR_INTERIOR,-236.298671894601,2274.42372508542,5.5,CONVERGED_FEASIBLE,0.999506180113307,1.04984598985573,PASS,PASS,PASS
CAL_004685,REG_004698,2010-12-21 12:00:00,E0012,0.632387000289194,COMMITTED_ANGULAR_INTERIOR,-251.504657399599,2281.5918915763,5.5,CONVERGED_FEASIBLE,0.999501132105386,1.04984551829866,PASS,PASS,PASS
CAL_004686,REG_004696,2010-12-21 12:00:00,E0012,0.683568784645494,COMMITTED_ANGULAR_INTERIOR,-266.83322755908,2288.81784499669,5.5,CONVERGED_FEASIBLE,0.999496028755796,1.04984468449154,PASS,PASS,PASS
CAL_004687,REG_004694,2010-12-21 12:00:00,E0012,0.735172737559814,COMMITTED_ANGULAR_INTERIOR,-282.288234114676,2296.10340107405,5.5,CONVERGED_FEASIBLE,0.999490868367633,1.04984347820621,PASS,PASS,PASS
CAL_004688,REG_004692,2010-12-21 12:00:00,E0012,0.787212062659625,COMMITTED_ANGULAR_INTERIOR,-297.873631456266,2303.45042392464,5.5,CONVERGED_FEASIBLE,0.999485649188449,1.049841888693,PASS,PASS,PASS
CAL_004689,REG_004689,2010-12-21 12:00:00,E0012,0.839700321088763,COMMITTED_ANGULAR_INTERIOR,-313.593481047266,2310.86082813966,5.5,CONVERGED_FEASIBLE,0.99944325643723,1.04983990465461,PASS,PASS,PASS
CAL_004690,REG_004687,2010-12-21 12:00:00,E0012,0.892651446956897,COMMITTED_ANGULAR_INTERIOR,-329.451956051632,2318.33658096643,5.5,CONVERGED_FEASIBLE,0.998808030617419,1.04983751421823,PASS,PASS,PASS
CAL_004691,REG_004685,2010-12-21 12:00:00,E0012,0.946079763501343,COMMITTED_ANGULAR_INTERIOR,-345.453346174204,2325.87970459011,5.5,CONVERGED_FEASIBLE,0.998165867765832,1.04983470490597,PASS,PASS,PASS
CAL_004692,REG_004683,2010-12-21 12:00:00,E0013,0,OUTER_VERTEX_ENDPOINT_A_ONCE_PER_EDGE,-361.633189062664,2333.7453217875,5.25,CONVERGED_FEASIBLE,0.997518110996112,1.04983796475896,PASS,PASS,PASS
CAL_004693,REG_004680,2010-12-21 12:00:00,E0013,0.0954346099819922,COMMITTED_ANGULAR_INTERIOR,-377.963714232858,2341.64877552226,5.25,CONVERGED_FEASIBLE,0.996862632410326,1.04983986903289,PASS,PASS,PASS
CAL_004694,REG_004678,2010-12-21 12:00:00,E0013,0.191803004630137,COMMITTED_ANGULAR_INTERIOR,-394.454026235073,2349.62956099137,5.25,CONVERGED_FEASIBLE,0.996199437790786,1.04984136334452,PASS,PASS,PASS
CAL_004695,REG_004676,2010-12-21 12:00:00,E0013,0.289133853159671,COMMITTED_ANGULAR_INTERIOR,-411.109030871733,2357.69005244686,5.25,CONVERGED_FEASIBLE,0.995528284964704,1.04984243377862,PASS,PASS,PASS
CAL_004696,REG_004673,2010-12-21 12:00:00,E0013,0.38745669651285,COMMITTED_ANGULAR_INTERIOR,-427.93378311295,2365.83269633316,5.25,CONVERGED_FEASIBLE,0.994848923338467,1.04984306566419,PASS,PASS,PASS
CAL_004697,REG_004671,2010-12-21 12:00:00,E0013,0.486801986238148,COMMITTED_ANGULAR_INTERIOR,-444.93349374943,2374.06001450692,5.25,CONVERGED_FEASIBLE,0.994161093491986,1.04984324353186,PASS,PASS,PASS
CAL_004698,REG_004669,2010-12-21 12:00:00,E0013,0.58720112531738,COMMITTED_ANGULAR_INTERIOR,-462.113536378709,2382.37460761808,5.25,CONVERGED_FEASIBLE,0.993464526750187,1.04984295106845,PASS,PASS,PASS
CAL_004699,REG_004666,2010-12-21 12:00:00,E0013,0.688686511064544,COMMITTED_ANGULAR_INTERIOR,-479.479454745889,2390.77915866259,5.25,CONVERGED_FEASIBLE,0.992758944729915,1.04984217106826,PASS,PASS,PASS
CAL_004700,REG_004664,2010-12-21 12:00:00,E0013,0.79129158022411,COMMITTED_ANGULAR_INTERIOR,-497.036970460743,2399.27643671724,5.25,CONVERGED_FEASIBLE,0.992044058860759,1.04984088538111,PASS,PASS,PASS
CAL_004701,REG_004661,2010-12-21 12:00:00,E0013,0.895050856405469,COMMITTED_ANGULAR_INTERIOR,-514.791991114577,2407.86930086795,5.25,CONVERGED_FEASIBLE,0.991319569877837,1.04983907485665,PASS,PASS,PASS
CAL_004702,REG_004659,2010-12-21 12:00:00,E0014,0,OUTER_VERTEX_ENDPOINT_A_ONCE_PER_EDGE,-532.800249891321,2416.82621791581,5,CONVERGED_FEASIBLE,0.990585999220319,1.04984329229686,PASS,PASS,PASS
CAL_004703,REG_004657,2010-12-21 12:00:00,E0014,0.0944091972951357,COMMITTED_ANGULAR_INTERIOR,-551.01280637478,2425.83775068477,5,CONVERGED_FEASIBLE,0.989841892172827,1.04984573296914,PASS,PASS,PASS
CAL_004704,REG_004654,2010-12-21 12:00:00,E0014,0.189959590678452,COMMITTED_ANGULAR_INTERIOR,-569.445511941275,2434.95821273435,5,CONVERGED_FEASIBLE,0.989087084495049,1.0498476439692,PASS,PASS,PASS
CAL_004705,REG_004652,2010-12-21 12:00:00,E0014,0.286686819337654,COMMITTED_ANGULAR_INTERIOR,-588.105241776039,2444.19100589103,5,CONVERGED_FEASIBLE,0.988321222682559,1.04984900302744,PASS,PASS,PASS
CAL_004706,REG_004649,2010-12-21 12:00:00,E0014,0.384627768833722,COMMITTED_ANGULAR_INTERIOR,-606.999111503207,2453.53965094993,5,CONVERGED_FEASIBLE,0.987543939159041,1.04984978656456,PASS,PASS,PASS
CAL_004707,REG_004647,2010-12-21 12:00:00,E0014,0.483820630751193,COMMITTED_ANGULAR_INTERIOR,-626.134488692999,2463.00779336854,5,CONVERGED_FEASIBLE,0.986754851530793,1.04984996960745,PASS,PASS,PASS
CAL_004708,REG_004644,2010-12-21 12:00:00,E0014,0.584304965694272,COMMITTED_ANGULAR_INTERIOR,-645.519005014354,2472.59920927982,5,CONVERGED_FEASIBLE,0.985953561793788,1.04984952569865,PASS,PASS,PASS
CAL_004709,REG_004641,2010-12-21 12:00:00,E0014,0.686121769852799,COMMITTED_ANGULAR_INTERIOR,-665.160569076227,2482.31781184602,5,CONVERGED_FEASIBLE,0.985139655489715,1.04984842679883,PASS,PASS,PASS
CAL_004710,REG_004639,2010-12-21 12:00:00,E0014,0.789313545379459,COMMITTED_ANGULAR_INTERIOR,-685.067380004113,2492.16765797637,5,CONVERGED_FEASIBLE,0.984312700807059,1.04984664318183,PASS,PASS,PASS
CAL_004711,REG_004636,2010-12-21 12:00:00,E0014,0.893924374838287,COMMITTED_ANGULAR_INTERIOR,-705.247941801968,2502.15295543325,5,CONVERGED_FEASIBLE,0.983472247622967,1.04984414332139,PASS,PASS,PASS
CAL_004712,REG_004634,2010-12-21 12:00:00,E0015,0,OUTER_VERTEX_ENDPOINT_A_ONCE_PER_EDGE,-725.613827171191,2511.89505564134,5.25,CONVERGED_FEASIBLE,0.982617895233069,1.04983180552466,PASS,PASS,PASS
CAL_004713,REG_004631,2010-12-21 12:00:00,E0015,0.0932176185862869,COMMITTED_ANGULAR_INTERIOR,-746.451439026261,2522.4918986828,5.25,CONVERGED_FEASIBLE,0.981748977041463,1.0498355449468,PASS,PASS,PASS
CAL_004714,REG_004628,2010-12-21 12:00:00,E0015,0.187812140605757,COMMITTED_ANGULAR_INTERIOR,-767.596840114071,2533.24526610009,5.25,CONVERGED_FEASIBLE,0.98086485166638,1.04983856511944,PASS,PASS,PASS
CAL_004715,REG_004626,2010-12-21 12:00:00,E0015,0.283829032741934,COMMITTED_ANGULAR_INTERIOR,-789.060193932875,2544.16032647952,5.25,CONVERGED_FEASIBLE,0.979964972168226,1.04984082866531,PASS,PASS,PASS
CAL_004716,REG_004623,2010-12-21 12:00:00,E0015,0.381315579356664,COMMITTED_ANGULAR_INTERIOR,-810.852070299772,2555.24245503846,5.25,CONVERGED_FEASIBLE,0.979048766595727,1.04984229574716,PASS,PASS,PASS
CAL_004717,REG_004620,2010-12-21 12:00:00,E0015,0.480320978222089,COMMITTED_ANGULAR_INTERIOR,-832.983466750374,2566.49724450793,5.25,CONVERGED_FEASIBLE,0.978115636494093,1.0498429238863,PASS,PASS,PASS
CAL_004718,REG_004618,2010-12-21 12:00:00,E0015,0.580896442274558,COMMITTED_ANGULAR_INTERIOR,-855.465831284595,2577.93051669993,5.25,CONVERGED_FEASIBLE,0.977164955304989,1.04984266776551,PASS,PASS,PASS
CAL_004719,REG_004615,2010-12-21 12:00:00,E0015,0.683095307844539,COMMITTED_ANGULAR_INTERIOR,-878.311086560071,2589.54833481077,5.25,CONVERGED_FEASIBLE,0.976196066648958,1.0498414790147,PASS,PASS,PASS
CAL_004720,REG_004612,2010-12-21 12:00:00,E0015,0.786973149850914,COMMITTED_ANGULAR_INTERIOR,-901.531655642379,2601.35701651624,5.25,CONVERGED_FEASIBLE,0.97520828247993,1.04983930597777,PASS,PASS,PASS
CAL_004721,REG_004610,2010-12-21 12:00:00,E0015,0.892587904490512,COMMITTED_ANGULAR_INTERIOR,-925.140489430718,2613.36314791878,5.25,CONVERGED_FEASIBLE,0.974200881100493,1.04983609345865,PASS,PASS,PASS
CAL_004722,REG_004607,2010-12-21 12:00:00,E0016,0,OUTER_VERTEX_ENDPOINT_A_ONCE_PER_EDGE,-949.119272016687,2625.4757697742,5.25,CONVERGED_FEASIBLE,0.973173487059384,1.04982957464888,PASS,PASS,PASS
CAL_004723,REG_004604,2010-12-21 12:00:00,E0016,0.0917832059673823,COMMITTED_ANGULAR_INTERIOR,-973.714576736909,2638.40728075322,5.25,CONVERGED_FEASIBLE,0.972122385243937,1.04983555036502,PASS,PASS,PASS
CAL_004724,REG_004601,2010-12-21 12:00:00,E0016,0.185219448885299,COMMITTED_ANGULAR_INTERIOR,-998.752848632702,2651.57169126161,5.25,CONVERGED_FEASIBLE,0.971048795949019,1.04984047798101,PASS,PASS,PASS
CAL_004725,REG_004598,2010-12-21 12:00:00,E0016,0.280368415258176,COMMITTED_ANGULAR_INTERIOR,-1024.25008200007,2664.97741064486,5.25,CONVERGED_FEASIBLE,0.969951809598678,1.04984428975269,PASS,PASS,PASS
CAL_004726,REG_004594,2010-12-21 12:00:00,E0016,0.377292531601907,COMMITTED_ANGULAR_INTERIOR,-1050.22300538062,2678.63323429386,5.25,CONVERGED_FEASIBLE,0.968830468183325,1.04984691279945,PASS,PASS,PASS
CAL_004727,REG_004591,2010-12-21 12:00:00,E0016,0.47605712686858,COMMITTED_ANGULAR_INTERIOR,-1076.68912508684,2692.5483665293,5.25,CONVERGED_FEASIBLE,0.967683761923116,1.04984826866215,PASS,PASS,PASS
CAL_004728,REG_004587,2010-12-21 12:00:00,E0016,0.576730606495191,COMMITTED_ANGULAR_INTERIOR,-1103.66677184219,2706.7324451237,5.25,CONVERGED_FEASIBLE,0.966510625649378,1.04984827281691,PASS,PASS,PASS
CAL_004729,REG_004581,2010-12-21 12:00:00,E0016,0.679384639060877,COMMITTED_ANGULAR_INTERIOR,-1131.17515079999,2721.19556759989,5.25,CONVERGED_FEASIBLE,0.965309934875523,1.04984683413962,PASS,PASS,PASS
CAL_004730,REG_004576,2010-12-21 12:00:00,E0016,0.784094356633145,COMMITTED_ANGULAR_INTERIOR,-1159.23439523054,2735.94831945819,5.25,CONVERGED_FEASIBLE,0.964080501525537,1.04984385431541,PASS,PASS,PASS
CAL_004731,REG_004570,2010-12-21 12:00:00,E0016,0.890938569990677,COMMITTED_ANGULAR_INTERIOR,-1187.86562419475,2751.00180449954,5.25,CONVERGED_FEASIBLE,0.962821069284271,1.04983922718657,PASS,PASS,PASS
CAL_004732,REG_004564,2010-12-21 12:00:00,E0017,0,OUTER_VERTEX_ENDPOINT_A_ONCE_PER_EDGE,-1216.73222707906,2765.47689563067,5.75,CONVERGED_FEASIBLE,0.961537648516145,1.04981394229563,PASS,PASS,PASS
CAL_004733,REG_004557,2010-12-21 12:00:00,E0017,0.0899658973480874,COMMITTED_ANGULAR_INTERIOR,-1246.92124436464,2782.027581315,5.75,CONVERGED_FEASIBLE,0.960207077553571,1.04982391830228,PASS,PASS,PASS
CAL_004734,REG_004550,2010-12-21 12:00:00,E0017,0.181922678202525,COMMITTED_ANGULAR_INTERIOR,-1277.77832386444,2798.94452230404,5.75,CONVERGED_FEASIBLE,0.958841180883483,1.04983221484374,PASS,PASS,PASS
CAL_004735,REG_004543,2010-12-21 12:00:00,E0017,0.275951648606022,COMMITTED_ANGULAR_INTERIOR,-1309.33074868908,2816.24267616281,5.75,CONVERGED_FEASIBLE,0.957438291364496,1.04983869466479,PASS,PASS,PASS
CAL_004736,REG_004536,2010-12-21 12:00:00,E0017,0.372138466680624,COMMITTED_ANGULAR_INTERIOR,-1341.60726233585,2833.93780109185,5.75,CONVERGED_FEASIBLE,0.955996635782412,1.0498432081159,PASS,PASS,PASS
CAL_004737,REG_004528,2010-12-21 12:00:00,E0017,0.470573440651955,COMMITTED_ANGULAR_INTERIOR,-1374.63816869394,2852.0465107537,5.75,CONVERGED_FEASIBLE,0.954514326116994,1.04984559187474,PASS,PASS,PASS
CAL_004738,REG_004520,2010-12-21 12:00:00,E0017,0.571351851623018,COMMITTED_ANGULAR_INTERIOR,-1408.45544035464,2870.58633365231,5.75,CONVERGED_FEASIBLE,0.952989349920244,1.04984566751472,PASS,PASS,PASS
CAL_004739,REG_004512,2010-12-21 12:00:00,E0017,0.674574303559193,COMMITTED_ANGULAR_INTERIOR,-1443.09283605252,2889.57577751848,5.75,CONVERGED_FEASIBLE,0.951419559695758,1.04984323989892,PASS,PASS,PASS
CAL_004740,REG_004504,2010-12-21 12:00:00,E0017,0.78034710320033,COMMITTED_ANGULAR_INTERIOR,-1478.58602814903,2909.03439920086,5.75,CONVERGED_FEASIBLE,0.949802661154419,1.04983809537496,PASS,PASS,PASS
CAL_004741,REG_004496,2010-12-21 12:00:00,E0017,0.88878267293012,COMMITTED_ANGULAR_INTERIOR,-1514.97274117518,2928.98288061993,5.75,CONVERGED_FEASIBLE,0.948136200202753,1.04982999974218,PASS,PASS,PASS
CAL_004742,REG_004487,2010-12-21 12:00:00,E0018,0,OUTER_VERTEX_ENDPOINT_A_ONCE_PER_EDGE,-1551.34264764391,2947.49775628171,6.75,CONVERGED_FEASIBLE,0.946443851636852,1.0497806543223,PASS,PASS,PASS
CAL_004743,REG_004479,2010-12-21 12:00:00,E0018,0.0874544193456683,COMMITTED_ANGULAR_INTERIOR,-1591.33986075109,2970.73968309371,6.75,CONVERGED_FEASIBLE,0.94460763529593,1.04980060776213,PASS,PASS,PASS
CAL_004744,REG_004470,2010-12-21 12:00:00,E0018,0.177344404095198,COMMITTED_ANGULAR_INTERIOR,-1632.45097786933,2994.62888689051,6.75,CONVERGED_FEASIBLE,0.942708574922155,1.04981735906404,PASS,PASS,PASS
CAL_004745,REG_004461,2010-12-21 12:00:00,E0018,0.269787413415719,COMMITTED_ANGULAR_INTERIOR,-1674.72971886065,3019.19658367455,6.75,CONVERGED_FEASIBLE,0.940743009831447,1.04983056249291,PASS,PASS,PASS
CAL_004746,REG_004453,2010-12-21 12:00:00,E0018,0.364908475402957,COMMITTED_ANGULAR_INTERIOR,-1718.23326523087,3044.47600097018,6.75,CONVERGED_FEASIBLE,0.938706985931319,1.04983983305181,PASS,PASS,PASS
CAL_004747,REG_004445,2010-12-21 12:00:00,E0018,0.462840809141235,COMMITTED_ANGULAR_INTERIOR,-1763.0225446283,3070.5025431427,6.75,CONVERGED_FEASIBLE,0.936596225033927,1.04984474136236,PASS,PASS,PASS
CAL_004748,REG_004437,2010-12-21 12:00:00,E0018,0.563726509109286,COMMITTED_ANGULAR_INTERIOR,-1809.16254385624,3097.31397328629,6.75,CONVERGED_FEASIBLE,0.934406090146465,1.04984480776399,PASS,PASS,PASS
CAL_004749,REG_004429,2010-12-21 12:00:00,E0018,0.667717299335923,COMMITTED_ANGULAR_INTERIOR,-1856.72265378549,3124.9506136488,6.75,CONVERGED_FEASIBLE,0.932131546095081,1.04983949549288,PASS,PASS,PASS
CAL_004750,REG_004422,2010-12-21 12:00:00,E0018,0.774975365743123,COMMITTED_ANGULAR_INTERIOR,-1905.77705002585,3153.45556683566,6.75,CONVERGED_FEASIBLE,0.929767114715467,1.04982820277281,PASS,PASS,PASS
CAL_004751,REG_004415,2010-12-21 12:00:00,E0018,0.885674276301073,COMMITTED_ANGULAR_INTERIOR,-1956.40511375832,3182.87496035066,6.75,CONVERGED_FEASIBLE,0.927306823690127,1.04981025361398,PASS,PASS,PASS
CAL_004752,REG_004409,2010-12-21 12:00:00,E0018,0.999999999997917,COMMITTED_ANGULAR_INTERIOR,-2008.69189776018,3213.25821739783,6.75,CONVERGED_FEASIBLE,0.924744147928511,1.04978488707229,PASS,PASS,PASS
CAL_004753,REG_004409,2010-12-21 12:00:00,E0019,0,OUTER_VERTEX_ENDPOINT_A_ONCE_PER_EDGE,-2008.69189776113,3213.25821739838,0,CONVERGED_FEASIBLE,0.924744147928464,1.04978488707229,PASS,PASS,PASS
CAL_004754,REG_004406,2010-12-21 12:00:00,E0019,0.0521277652228273,COMMITTED_ANGULAR_INTERIOR,-2023.23230363901,3180.32516291784,0,CONVERGED_FEASIBLE,0.923503460011266,1.04866637838989,PASS,PASS,PASS
CAL_004755,REG_004404,2010-12-21 12:00:00,E0019,0.103975160669516,COMMITTED_ANGULAR_INTERIOR,-2037.69450377906,3147.56923924414,0,CONVERGED_FEASIBLE,0.922265235824588,1.04755084999196,PASS,PASS,PASS
CAL_004756,REG_004401,2010-12-21 12:00:00,E0019,0.155552276606442,COMMITTED_ANGULAR_INTERIOR,-2052.08131273832,3114.98407159233,0,CONVERGED_FEASIBLE,0.921029263502978,1.04643811017468,PASS,PASS,PASS
CAL_004757,REG_004399,2010-12-21 12:00:00,E0019,0.206869016451572,COMMITTED_ANGULAR_INTERIOR,-2066.39549295472,3082.56340322378,0,CONVERGED_FEASIBLE,0.919795332663445,1.04532796907795,PASS,PASS,PASS
CAL_004758,REG_004396,2010-12-21 12:00:00,E0019,0.257935104950792,COMMITTED_ANGULAR_INTERIOR,-2080.63975702782,3050.30109028049,0,CONVERGED_FEASIBLE,0.918563234255377,1.04422023854935,PASS,PASS,PASS
CAL_004759,REG_004394,2010-12-21 12:00:00,E0019,0.308760096084851,COMMITTED_ANGULAR_INTERIOR,-2094.81676992431,3018.19109678977,0,CONVERGED_FEASIBLE,0.917332760411387,1.04311473201034,PASS,PASS,PASS
CAL_004760,REG_004392,2010-12-21 12:00:00,E0019,0.359353380720286,COMMITTED_ANGULAR_INTERIOR,-2108.92915111215,2986.22748983049,0,CONVERGED_FEASIBLE,0.916103704300737,1.04201126432484,PASS,PASS,PASS
CAL_004761,REG_004389,2010-12-21 12:00:00,E0019,0.409724194018001,COMMITTED_ANGULAR_INTERIOR,-2122.9794766271,2954.40443485256,0,CONVERGED_FEASIBLE,0.91487585998373,1.04090965166979,PASS,PASS,PASS
CAL_004762,REG_004387,2010-12-21 12:00:00,E0019,0.459881622612456,COMMITTED_ANGULAR_INTERIOR,-2136.9702810753,2922.71619114129,0,CONVERGED_FEASIBLE,0.913649022267387,1.03980971140751,PASS,PASS,PASS
CAL_004763,REG_004385,2010-12-21 12:00:00,E0019,0.509834611573899,COMMITTED_ANGULAR_INTERIOR,-2150.90405957526,2891.15710741881,0,CONVERGED_FEASIBLE,0.912422986562096,1.03871126195971,PASS,PASS,PASS
CAL_004764,REG_004383,2010-12-21 12:00:00,E0019,0.559591971165473,COMMITTED_ANGULAR_INTERIOR,-2164.78326964269,2859.72161757511,0,CONVERGED_FEASIBLE,0.911197548739006,1.037614122683,PASS,PASS,PASS
CAL_004765,REG_004381,2010-12-21 12:00:00,E0019,0.609162383406515,COMMITTED_ANGULAR_INTERIOR,-2178.61033302126,2828.40423652149,0,CONVERGED_FEASIBLE,0.90997250498796,1.03651811374555,PASS,PASS,PASS
CAL_004766,REG_004378,2010-12-21 12:00:00,E0019,0.65855440845289,COMMITTED_ANGULAR_INTERIOR,-2192.38763746228,2797.19955615963,0,CONVERGED_FEASIBLE,0.908747651675724,1.03542305600487,PASS,PASS,PASS
CAL_004767,REG_004376,2010-12-21 12:00:00,E0019,0.707776490804721,COMMITTED_ANGULAR_INTERIOR,-2206.11753845632,2766.1022414597,0,CONVERGED_FEASIBLE,0.907522785204316,1.03432877088652,PASS,PASS,PASS
CAL_004768,REG_004374,2010-12-21 12:00:00,E0019,0.756836965351462,COMMITTED_ANGULAR_INTERIOR,-2219.8023609194,2735.10702664122,0,CONVERGED_FEASIBLE,0.906297701869197,1.03323508026343,PASS,PASS,PASS
CAL_004769,REG_004372,2010-12-21 12:00:00,E0019,0.805744063263866,COMMITTED_ANGULAR_INTERIOR,-2233.44440083643,2704.20871145066,0,CONVERGED_FEASIBLE,0.905072197717119,1.0321418063358,PASS,PASS,PASS
CAL_004770,REG_004370,2010-12-21 12:00:00,E0019,0.854505917742009,COMMITTED_ANGULAR_INTERIOR,-2247.04592686464,2673.40215753,0,CONVERGED_FEASIBLE,0.90384606840328,1.03104877151133,PASS,PASS,PASS
CAL_004771,REG_004368,2010-12-21 12:00:00,E0019,0.903130569628188,COMMITTED_ANGULAR_INTERIOR,-2260.60918189914,2642.68228487059,0,CONVERGED_FEASIBLE,0.902619109048224,1.02995579828568,PASS,PASS,PASS
CAL_004772,REG_004366,2010-12-21 12:00:00,E0019,0.951625972893205,COMMITTED_ANGULAR_INTERIOR,-2274.13638460332,2612.0440683471,0,CONVERGED_FEASIBLE,0.901391114092668,1.02886270912277,PASS,PASS,PASS
CAL_004773,REG_004365,2010-12-21 12:00:00,E0020,0,OUTER_VERTEX_ENDPOINT_A_ONCE_PER_EDGE,-2287.62973090493,2581.48253432889,2.5,CONVERGED_FEASIBLE,0.900161877152201,1.02776932633512,PASS,PASS,PASS
CAL_004774,REG_004365,2010-12-21 12:00:00,E0020,9.9509812291203e-12,COMMITTED_ANGULAR_INTERIOR,-2287.62973090359,2581.48253432311,2.5,CONVERGED_FEASIBLE,0.900161877152203,1.02776932633498,PASS,PASS,PASS
CAL_004775,REG_004367,2010-12-21 12:00:00,E0020,0.112300404464092,COMMITTED_ANGULAR_INTERIOR,-2272.57437505938,2516.29426712937,2.5,CONVERGED_FEASIBLE,0.900177896894215,1.02619618650845,PASS,PASS,PASS
CAL_004776,REG_004369,2010-12-21 12:00:00,E0020,0.221528757244642,COMMITTED_ANGULAR_INTERIOR,-2257.93086840967,2452.88926800403,2.5,CONVERGED_FEASIBLE,0.900189584017989,1.02465929326917,PASS,PASS,PASS
CAL_004777,REG_004371,2010-12-21 12:00:00,E0020,0.327825385473698,COMMITTED_ANGULAR_INTERIOR,-2243.68039824611,2391.18607969879,2.5,CONVERGED_FEASIBLE,0.90019724904527,1.02315716389295,PASS,PASS,PASS
CAL_004778,REG_004373,2010-12-21 12:00:00,E0020,0.431322313113794,COMMITTED_ANGULAR_INTERIOR,-2229.8052650088,2331.10806479289,2.5,CONVERGED_FEASIBLE,0.900201177406118,1.02168839375827,PASS,PASS,PASS
CAL_004779,REG_004375,2010-12-21 12:00:00,E0020,0.532143868601331,COMMITTED_ANGULAR_INTERIOR,-2216.28880082499,2272.58305297343,2.5,CONVERGED_FEASIBLE,0.900201631724484,1.02025165120889,PASS,PASS,PASS
CAL_004780,REG_004377,2010-12-21 12:00:00,E0020,0.630407239929014,COMMITTED_ANGULAR_INTERIOR,-2203.11529509291,2215.54301882037,2.5,CONVERGED_FEASIBLE,0.900198853868345,1.01884567281675,PASS,PASS,PASS
CAL_004781,REG_004379,2010-12-21 12:00:00,E0020,0.726222982405303,COMMITTED_ANGULAR_INTERIOR,-2190.26992640996,2159.92378706184,2.5,CONVERGED_FEASIBLE,0.900193066791579,1.0174692590092,PASS,PASS,PASS
CAL_004782,REG_004380,2010-12-21 12:00:00,E0020,0.819695483732897,COMMITTED_ANGULAR_INTERIOR,-2177.73870022269,2105.66476260483,2.5,CONVERGED_FEASIBLE,0.900184476190669,1.01612127002809,PASS,PASS,PASS
CAL_004783,REG_004382,2010-12-21 12:00:00,E0020,0.910923390535052,COMMITTED_ANGULAR_INTERIOR,-2165.50839164539,2052.70868294464,2.5,CONVERGED_FEASIBLE,0.900173271998414,1.01480062219196,PASS,PASS,PASS
CAL_004784,REG_004384,2010-12-21 12:00:00,E0021,0,OUTER_VERTEX_ENDPOINT_A_ONCE_PER_EDGE,-2153.56649295491,2001.00139082279,2.5,CONVERGED_FEASIBLE,0.900159629730753,1.01350628443491,PASS,PASS,PASS
CAL_004785,REG_004384,2010-12-21 12:00:00,E0021,1.06019544795725e-11,COMMITTED_ANGULAR_INTERIOR,-2153.56649295374,2001.00139081791,2.5,CONVERGED_FEASIBLE,0.900159629730754,1.01350628443479,PASS,PASS,PASS
CAL_004786,REG_004386,2010-12-21 12:00:00,E0021,0.110419125302656,COMMITTED_ANGULAR_INTERIOR,-2141.39167100555,1950.20923085048,2.5,CONVERGED_FEASIBLE,0.90017014466412,1.01223795347465,PASS,PASS,PASS
CAL_004787,REG_004388,2010-12-21 12:00:00,E0021,0.21826757759861,COMMITTED_ANGULAR_INTERIOR,-2129.50029167594,1900.59956561571,2.5,CONVERGED_FEASIBLE,0.900177859258717,1.01099463517688,PASS,PASS,PASS
CAL_004788,REG_004390,2010-12-21 12:00:00,E0021,0.323649961437801,COMMITTED_ANGULAR_INTERIOR,-2117.88082125969,1852.12427762958,2.5,CONVERGED_FEASIBLE,0.900182945924673,1.00977540254082,PASS,PASS,PASS
CAL_004789,REG_004391,2010-12-21 12:00:00,E0021,0.426665416980089,COMMITTED_ANGULAR_INTERIOR,-2106.52232855454,1804.73776299109,2.5,CONVERGED_FEASIBLE,0.900185564740734,1.00857937204617,PASS,PASS,PASS
CAL_004790,REG_004393,2010-12-21 12:00:00,E0021,0.527407974982249,COMMITTED_ANGULAR_INTERIOR,-2095.4144457214,1758.39676809514,2.5,CONVERGED_FEASIBLE,0.900185864446646,1.00740570108518,PASS,PASS,PASS
CAL_004791,REG_004395,2010-12-21 12:00:00,E0021,0.625966884506351,COMMITTED_ANGULAR_INTERIOR,-2084.54733215126,1713.06023888861,2.5,CONVERGED_FEASIBLE,0.900183983344936,1.00625358557439,PASS,PASS,PASS
CAL_004792,REG_004397,2010-12-21 12:00:00,E0021,0.722426915774261,COMMITTED_ANGULAR_INTERIOR,-2073.9116410724,1668.68918155896,2.5,CONVERGED_FEASIBLE,0.900180050121335,1.00512225773122,PASS,PASS,PASS
CAL_004793,REG_004398,2010-12-21 12:00:00,E0021,0.816868640341194,COMMITTED_ANGULAR_INTERIOR,-2063.49848865843,1625.24653365611,2.5,CONVERGED_FEASIBLE,0.90017418459205,1.00401098400249,PASS,PASS,PASS
CAL_004794,REG_004400,2010-12-21 12:00:00,E0021,0.909368690546879,COMMITTED_ANGULAR_INTERIOR,-2053.2994254212,1582.69704474633,2.5,CONVERGED_FEASIBLE,0.900166498385194,1.00291906313262,PASS,PASS,PASS
CAL_004795,REG_004402,2010-12-21 12:00:00,E0022,0,OUTER_VERTEX_ENDPOINT_A_ONCE_PER_EDGE,-2043.30640969494,1541.00716579081,2.5,CONVERGED_FEASIBLE,0.900157095562838,1.00184582436092,PASS,PASS,PASS
CAL_004796,REG_004402,2010-12-21 12:00:00,E0022,1.47247490965877e-11,COMMITTED_ANGULAR_INTERIOR,-2043.30640969355,1541.0071657852,2.5,CONVERGED_FEASIBLE,0.900157095562838,1.00184582436078,PASS,PASS,PASS
CAL_004797,REG_004403,2010-12-21 12:00:00,E0022,0.108860101956839,COMMITTED_ANGULAR_INTERIOR,-2033.05173003263,1499.53954190724,2.5,CONVERGED_FEASIBLE,0.900164562513926,1.00078050365919,PASS,PASS,PASS
CAL_004798,REG_004405,2010-12-21 12:00:00,E0022,0.215554799521542,COMMITTED_ANGULAR_INTERIOR,-2023.00103261892,1458.89677647294,2.5,CONVERGED_FEASIBLE,0.900170061085419,1,PASS,PASS,PASS
CAL_004799,REG_004407,2010-12-21 12:00:00,E0022,0.320163842119331,COMMITTED_ANGULAR_INTERIOR,-2013.14680501543,1419.04849087253,2.5,CONVERGED_FEASIBLE,0.900173695470064,1,PASS,PASS,PASS
CAL_004800,REG_004408,2010-12-21 12:00:00,E0022,0.42276326813946,COMMITTED_ANGULAR_INTERIOR,-2003.48188436534,1379.96572012003,2.5,CONVERGED_FEASIBLE,0.900175563180509,1,PASS,PASS,PASS
CAL_004801,REG_004410,2010-12-21 12:00:00,E0022,0.523425621452141,COMMITTED_ANGULAR_INTERIOR,-1993.99943699738,1341.620830382,2.5,CONVERGED_FEASIBLE,0.900175755528614,1,PASS,PASS,PASS
CAL_004802,REG_004411,2010-12-21 12:00:00,E0022,0.62222015298865,COMMITTED_ANGULAR_INTERIOR,-1984.6929394369,1303.98744219048,2.5,CONVERGED_FEASIBLE,0.900174358065547,1,PASS,PASS,PASS
CAL_004803,REG_004412,2010-12-21 12:00:00,E0022,0.719213008587189,COMMITTED_ANGULAR_INTERIOR,-1975.55616071065,1267.04035888765,2.5,CONVERGED_FEASIBLE,0.900171450986253,1,PASS,PASS,PASS
CAL_004804,REG_004413,2010-12-21 12:00:00,E0022,0.814467404185569,COMMITTED_ANGULAR_INTERIOR,-1966.58314584359,1230.75549989039,2.5,CONVERGED_FEASIBLE,0.900167109501517,1,PASS,PASS,PASS
CAL_004805,REG_004414,2010-12-21 12:00:00,E0022,0.908043789345637,COMMITTED_ANGULAR_INTERIOR,-1957.76820045474,1195.10983839964,2.5,CONVERGED_FEASIBLE,0.900161404180535,1,PASS,PASS,PASS
CAL_004806,REG_004416,2010-12-21 12:00:00,E0023,0,OUTER_VERTEX_ENDPOINT_A_ONCE_PER_EDGE,-1949.08327455063,1160.06623540701,2.5,CONVERGED_FEASIBLE,0.900155509740782,1,PASS,PASS,PASS
CAL_004807,REG_004416,2010-12-21 12:00:00,E0023,9.2385207380414e-12,COMMITTED_ANGULAR_INTERIOR,-1949.08327454988,1160.06623540408,2.5,CONVERGED_FEASIBLE,0.900155509740783,1,PASS,PASS,PASS
CAL_004808,REG_004417,2010-12-21 12:00:00,E0023,0.107544941682631,COMMITTED_ANGULAR_INTERIOR,-1940.41347478967,1125.97590021448,2.5,CONVERGED_FEASIBLE,0.90016146340442,1,PASS,PASS,PASS
CAL_004809,REG_004418,2010-12-21 12:00:00,E0023,0.21325911075683,COMMITTED_ANGULAR_INTERIOR,-1931.89126385692,1092.46589591345,2.5,CONVERGED_FEASIBLE,0.900166011950018,1,PASS,PASS,PASS
CAL_004810,REG_004419,2010-12-21 12:00:00,E0023,0.317204559219617,COMMITTED_ANGULAR_INTERIOR,-1923.51163939355,1059.51655283518,2.5,CONVERGED_FEASIBLE,0.900169219270909,1,PASS,PASS,PASS
CAL_004811,REG_004420,2010-12-21 12:00:00,E0023,0.419440749817339,COMMITTED_ANGULAR_INTERIOR,-1915.26980777472,1027.10902206941,2.5,CONVERGED_FEASIBLE,0.900171145541713,1,PASS,PASS,PASS
CAL_004812,REG_004421,2010-12-21 12:00:00,E0023,0.520024693269734,COMMITTED_ANGULAR_INTERIOR,-1907.16117304717,995.225231966135,2.5,CONVERGED_FEASIBLE,0.900171847457919,1,PASS,PASS,PASS
CAL_004813,REG_004423,2010-12-21 12:00:00,E0023,0.619011076923996,COMMITTED_ANGULAR_INTERIOR,-1899.18132655772,963.847847353962,2.5,CONVERGED_FEASIBLE,0.900171378457714,1,PASS,PASS,PASS
CAL_004814,REG_004424,2010-12-21 12:00:00,E0023,0.716452385466776,COMMITTED_ANGULAR_INTERIOR,-1891.32603722199,932.960231275985,2.5,CONVERGED_FEASIBLE,0.900169788927535,1,PASS,PASS,PASS
CAL_004815,REG_004425,2010-12-21 12:00:00,E0023,0.812399014262269,COMMITTED_ANGULAR_INTERIOR,-1883.59124238755,902.546409063096,2.5,CONVERGED_FEASIBLE,0.900167126392688,1,PASS,PASS,PASS
CAL_004816,REG_004426,2010-12-21 12:00:00,E0023,0.90689937583861,COMMITTED_ANGULAR_INTERIOR,-1875.97303924953,872.591034579198,2.5,CONVERGED_FEASIBLE,0.900163435694231,1,PASS,PASS,PASS
CAL_004817,REG_004427,2010-12-21 12:00:00,E0024,0,OUTER_VERTEX_ENDPOINT_A_ONCE_PER_EDGE,-1868.46767677994,843.079358486973,2.5,CONVERGED_FEASIBLE,0.900158759153323,1,PASS,PASS,PASS
CAL_004818,REG_004427,2010-12-21 12:00:00,E0024,3.56429021270587e-12,COMMITTED_ANGULAR_INTERIOR,-1868.46767677968,843.079358485988,2.5,CONVERGED_FEASIBLE,0.900158759153323,1,PASS,PASS,PASS
CAL_004819,REG_004428,2010-12-21 12:00:00,E0024,0.106394958772209,COMMITTED_ANGULAR_INTERIOR,-1860.81696439869,813.653407091388,2.5,CONVERGED_FEASIBLE,0.900162856781964,1,PASS,PASS,PASS
CAL_004820,REG_004430,2010-12-21 12:00:00,E0024,0.211246291423636,COMMITTED_ANGULAR_INTERIOR,-1853.27725200852,784.654380690439,2.5,CONVERGED_FEASIBLE,0.900165873618515,1,PASS,PASS,PASS
CAL_004821,REG_004431,2010-12-21 12:00:00,E0024,0.31460297780828,COMMITTED_ANGULAR_INTERIOR,-1845.84501753676,756.06873278888,2.5,CONVERGED_FEASIBLE,0.900167851686562,1,PASS,PASS,PASS
CAL_004822,REG_004432,2010-12-21 12:00:00,E0024,0.41651216224066,COMMITTED_ANGULAR_INTERIOR,-1838.51687090184,727.883424551755,2.5,CONVERGED_FEASIBLE,0.900168830751739,1,PASS,PASS,PASS
CAL_004823,REG_004433,2010-12-21 12:00:00,E0024,0.517019242758003,COMMITTED_ANGULAR_INTERIOR,-1831.28954759451,700.085900116904,2.5,CONVERGED_FEASIBLE,0.900168848452757,1,PASS,PASS,PASS
CAL_004824,REG_004434,2010-12-21 12:00:00,E0024,0.616167955311268,COMMITTED_ANGULAR_INTERIOR,-1824.15990262383,672.664063310015,2.5,CONVERGED_FEASIBLE,0.900167940423578,1,PASS,PASS,PASS
CAL_004825,REG_004435,2010-12-21 12:00:00,E0024,0.714000453223569,COMMITTED_ANGULAR_INTERIOR,-1817.12490480341,645.606255668587,2.5,CONVERGED_FEASIBLE,0.900166140407378,1,PASS,PASS,PASS
CAL_004826,REG_004436,2010-12-21 12:00:00,E0024,0.810557382225987,COMMITTED_ANGULAR_INTERIOR,-1810.18163135569,618.901235689067,2.5,CONVERGED_FEASIBLE,0.900163480362919,1,PASS,PASS,PASS
CAL_004827,REG_004438,2010-12-21 12:00:00,E0024,0.905877951357862,COMMITTED_ANGULAR_INTERIOR,-1803.32726281361,592.538159217753,2.5,CONVERGED_FEASIBLE,0.900159990563906,1,PASS,PASS,PASS
CAL_004828,REG_004439,2010-12-21 12:00:00,E0024,0.999999999997632,COMMITTED_ANGULAR_INTERIOR,-1796.55907820048,566.506560911892,2.5,CONVERGED_FEASIBLE,0.900155699691819,1,PASS,PASS,PASS
CAL_004829,REG_004439,2010-12-21 12:00:00,E0025,0,OUTER_VERTEX_ENDPOINT_A_ONCE_PER_EDGE,-1796.55907820031,566.506560911237,2.5,CONVERGED_FEASIBLE,0.900155699691819,1,PASS,PASS,PASS
CAL_004830,REG_004440,2010-12-21 12:00:00,E0025,0.105387960942499,COMMITTED_ANGULAR_INTERIOR,-1789.71525515033,540.737556493732,2.5,CONVERGED_FEASIBLE,0.900159014110312,1,PASS,PASS,PASS
CAL_004831,REG_004441,2010-12-21 12:00:00,E0025,0.209479542028259,COMMITTED_ANGULAR_INTERIOR,-1782.95561813324,515.285537222881,2.5,CONVERGED_FEASIBLE,0.900161467483177,1,PASS,PASS,PASS
CAL_004832,REG_004442,2010-12-21 12:00:00,E0025,0.312314083689616,COMMITTED_ANGULAR_INTERIOR,-1776.27761240791,490.140883747808,2.5,CONVERGED_FEASIBLE,0.900163088167785,1,PASS,PASS,PASS
CAL_004833,REG_004443,2010-12-21 12:00:00,E0025,0.413929603453555,COMMITTED_ANGULAR_INTERIOR,-1769.67876914179,465.294300188679,2.5,CONVERGED_FEASIBLE,0.900163903090166,1,PASS,PASS,PASS
CAL_004834,REG_004444,2010-12-21 12:00:00,E0025,0.514362855749602,COMMITTED_ANGULAR_INTERIOR,-1763.15670152704,440.736799512739,2.5,CONVERGED_FEASIBLE,0.900163937819787,1,PASS,PASS,PASS
CAL_004835,REG_004446,2010-12-21 12:00:00,E0025,0.61364938861704,COMMITTED_ANGULAR_INTERIOR,-1756.70910109798,416.459689668515,2.5,CONVERGED_FEASIBLE,0.900163216639655,1,PASS,PASS,PASS
CAL_004836,REG_004447,2010-12-21 12:00:00,E0025,0.711823597498114,COMMITTED_ANGULAR_INTERIOR,-1750.33373423781,392.454560432531,2.5,CONVERGED_FEASIBLE,0.900161762612064,1,PASS,PASS,PASS
CAL_004837,REG_004448,2010-12-21 12:00:00,E0025,0.808918776293632,COMMITTED_ANGULAR_INTERIOR,-1744.02843886309,368.713270925418,2.5,CONVERGED_FEASIBLE,0.900159597640289,1,PASS,PASS,PASS
CAL_004838,REG_004449,2010-12-21 12:00:00,E0025,0.904967165845341,COMMITTED_ANGULAR_INTERIOR,-1737.79112127531,345.227937757214,2.5,CONVERGED_FEASIBLE,0.900156742526489,1,PASS,PASS,PASS
CAL_004839,REG_004450,2010-12-21 12:00:00,E0025,0.999999999998406,COMMITTED_ANGULAR_INTERIOR,-1731.61975316965,321.990923764367,2.5,CONVERGED_FEASIBLE,0.90015321702609,1,PASS,PASS,PASS
CAL_004840,REG_004450,2010-12-21 12:00:00,E0026,0,OUTER_VERTEX_ENDPOINT_A_ONCE_PER_EDGE,-1731.61975316955,321.990923763978,2.5,CONVERGED_FEASIBLE,0.90015321702609,1,PASS,PASS,PASS
CAL_004841,REG_004451,2010-12-21 12:00:00,E0026,0.0716884256481568,COMMITTED_ANGULAR_INTERIOR,-1725.3493000903,298.955327602734,2.5,CONVERGED_FEASIBLE,0.900157891931204,1,PASS,PASS,PASS
CAL_004842,REG_004452,2010-12-21 12:00:00,E0026,0.142634370343961,COMMITTED_ANGULAR_INTERIOR,-1719.14379043716,276.158312373088,2.5,CONVERGED_FEASIBLE,0.90016183303229,1,PASS,PASS,PASS
CAL_004843,REG_004454,2010-12-21 12:00:00,E0026,0.212859950127512,COMMITTED_ANGULAR_INTERIOR,-1713.00128976129,253.592771541956,2.5,CONVERGED_FEASIBLE,0.90016506064799,1,PASS,PASS,PASS
CAL_004844,REG_004455,2010-12-21 12:00:00,E0026,0.282386616908796,COMMITTED_ANGULAR_INTERIOR,-1706.91992170408,231.251811980764,2.5,CONVERGED_FEASIBLE,0.900167594119411,1,PASS,PASS,PASS
CAL_004845,REG_004456,2010-12-21 12:00:00,E0026,0.351235186864821,COMMITTED_ANGULAR_INTERIOR,-1700.89786551328,209.12874484061,2.5,CONVERGED_FEASIBLE,0.900169451855849,1,PASS,PASS,PASS
CAL_004846,REG_004457,2010-12-21 12:00:00,E0026,0.419425867489187,COMMITTED_ANGULAR_INTERIOR,-1694.93335367708,187.217076860444,2.5,CONVERGED_FEASIBLE,0.900170651377822,1,PASS,PASS,PASS
CAL_004847,REG_004458,2010-12-21 12:00:00,E0026,0.48697828336972,COMMITTED_ANGULAR_INTERIOR,-1689.02466966932,165.510502083958,2.5,CONVERGED_FEASIBLE,0.900171209357606,1,PASS,PASS,PASS
CAL_004848,REG_004459,2010-12-21 12:00:00,E0026,0.553911500766164,COMMITTED_ANGULAR_INTERIOR,-1683.17014579977,144.002893962048,2.5,CONVERGED_FEASIBLE,0.900171141657415,1,PASS,PASS,PASS
CAL_004849,REG_004460,2010-12-21 12:00:00,E0026,0.620244051055378,COMMITTED_ANGULAR_INTERIOR,-1677.36816116341,122.688297819191,2.5,CONVERGED_FEASIBLE,0.900170463365377,1,PASS,PASS,PASS
CAL_004850,REG_004462,2010-12-21 12:00:00,E0026,0.685993953107306,COMMITTED_ANGULAR_INTERIOR,-1671.61713968324,101.560923663382,2.5,CONVERGED_FEASIBLE,0.900169188829439,1,PASS,PASS,PASS
CAL_004851,REG_004463,2010-12-21 12:00:00,E0026,0.751178734651064,COMMITTED_ANGULAR_INTERIOR,-1665.91554824145,80.6151393205859,2.5,CONVERGED_FEASIBLE,0.900167331689332,1,PASS,PASS,PASS
CAL_004852,REG_004464,2010-12-21 12:00:00,E0026,0.815815452686851,COMMITTED_ANGULAR_INTERIOR,-1660.26189489399,59.8454638757909,2.5,CONVERGED_FEASIBLE,0.900164904906702,1,PASS,PASS,PASS
CAL_004853,REG_004465,2010-12-21 12:00:00,E0026,0.879920712996041,COMMITTED_ANGULAR_INTERIOR,-1654.65472716408,39.2465614038428,2.5,CONVERGED_FEASIBLE,0.900161920793529,1,PASS,PASS,PASS
CAL_004854,REG_004466,2010-12-21 12:00:00,E0026,0.943510688798605,COMMITTED_ANGULAR_INTERIOR,-1649.09263041031,18.813234974268,2.5,CONVERGED_FEASIBLE,0.90015839103892,1,PASS,PASS,PASS
CAL_004855,REG_004467,2010-12-21 12:00:00,E0027,0,OUTER_VERTEX_ENDPOINT_A_ONCE_PER_EDGE,-1644.15161556496,0.661560579175614,2.5,CONVERGED_FEASIBLE,0.900154778263239,1,PASS,PASS,PASS
CAL_004856,REG_004468,2010-12-21 12:00:00,E0027,0.0209562056331195,COMMITTED_ANGULAR_INTERIOR,-1643.5647776203,-1.45999886878589,2.5,CONVERGED_FEASIBLE,0.900154865818755,1,PASS,PASS,PASS
CAL_004857,REG_004469,2010-12-21 12:00:00,E0027,0.219695814103541,COMMITTED_ANGULAR_INTERIOR,-1637.99945986192,-21.5799529013151,2.5,CONVERGED_FEASIBLE,0.900155388141163,1,PASS,PASS,PASS
CAL_004858,REG_004471,2010-12-21 12:00:00,E0027,0.416923675179147,COMMITTED_ANGULAR_INTERIOR,-1632.47647566095,-41.5468610044164,2.5,CONVERGED_FEASIBLE,0.900155354477921,1,PASS,PASS,PASS
CAL_004859,REG_004472,2010-12-21 12:00:00,E0027,0.612686675242536,COMMITTED_ANGULAR_INTERIOR,-1626.99451205505,-61.365469850733,2.5,CONVERGED_FEASIBLE,0.900154775745047,1,PASS,PASS,PASS
CAL_004860,REG_004473,2010-12-21 12:00:00,E0027,0.807030563750558,COMMITTED_ANGULAR_INTERIOR,-1621.55228791931,-81.0404110130848,2.5,CONVERGED_FEASIBLE,0.900153662308082,1,PASS,PASS,PASS
CAL_004861,REG_004474,2010-12-21 12:00:00,E0028,0,OUTER_VERTEX_ENDPOINT_A_ONCE_PER_EDGE,-1616.14855265663,-100.576205698922,2.5,CONVERGED_FEASIBLE,0.900152024002848,1,PASS,PASS,PASS
CAL_004862,REG_004475,2010-12-21 12:00:00,E0028,0.0528473694966225,COMMITTED_ANGULAR_INTERIOR,-1610.6552846907,-119.977134159508,2.5,CONVERGED_FEASIBLE,0.900157181310705,1,PASS,PASS,PASS
CAL_004863,REG_004476,2010-12-21 12:00:00,E0028,0.1053309639002,COMMITTED_ANGULAR_INTERIOR,-1605.19982965821,-139.244516246393,2.5,CONVERGED_FEASIBLE,0.900161777057562,1,PASS,PASS,PASS
CAL_004864,REG_004477,2010-12-21 12:00:00,E0028,0.157462439041524,COMMITTED_ANGULAR_INTERIOR,-1599.78097598321,-158.382630960433,2.5,CONVERGED_FEASIBLE,0.900165821589321,1,PASS,PASS,PASS
CAL_004865,REG_004478,2010-12-21 12:00:00,E0028,0.209253188303622,COMMITTED_ANGULAR_INTERIOR,-1594.39753937012,-177.395660954638,2.5,CONVERGED_FEASIBLE,0.900169324743744,1,PASS,PASS,PASS
CAL_004866,REG_004480,2010-12-21 12:00:00,E0028,0.260714353483561,COMMITTED_ANGULAR_INTERIOR,-1589.04836167471,-196.287696521672,2.5,CONVERGED_FEASIBLE,0.900172295868353,1,PASS,PASS,PASS
CAL_004867,REG_004481,2010-12-21 12:00:00,E0028,0.311856835237179,COMMITTED_ANGULAR_INTERIOR,-1583.73230981836,-215.062739428247,2.5,CONVERGED_FEASIBLE,0.900174743837326,1,PASS,PASS,PASS
CAL_004868,REG_004482,2010-12-21 12:00:00,E0028,0.362691303128531,COMMITTED_ANGULAR_INTERIOR,-1578.44827474352,-233.724706604402,2.5,CONVERGED_FEASIBLE,0.900176677067449,1,PASS,PASS,PASS
CAL_004869,REG_004483,2010-12-21 12:00:00,E0028,0.413228205304672,COMMITTED_ANGULAR_INTERIOR,-1573.19517040803,-252.277433695229,2.5,CONVERGED_FEASIBLE,0.900178103533178,1,PASS,PASS,PASS
CAL_004870,REG_004484,2010-12-21 12:00:00,E0028,0.463477777815342,COMMITTED_ANGULAR_INTERIOR,-1567.97193281638,-270.724678482253,2.5,CONVERGED_FEASIBLE,0.90017903078084,1,PASS,PASS,PASS
CAL_004871,REG_004485,2010-12-21 12:00:00,E0028,0.513450053596052,COMMITTED_ANGULAR_INTERIOR,-1562.77751908593,-289.070124181233,2.5,CONVERGED_FEASIBLE,0.900179465942031,1,PASS,PASS,PASS
CAL_004872,REG_004486,2010-12-21 12:00:00,E0028,0.563154871132147,COMMITTED_ANGULAR_INTERIOR,-1557.61090654638,-307.317382622845,2.5,CONVERGED_FEASIBLE,0.900179415746234,1,PASS,PASS,PASS
CAL_004873,REG_004488,2010-12-21 12:00:00,E0028,0.612601882820525,COMMITTED_ANGULAR_INTERIOR,-1552.47109187053,-325.469997322377,2.5,CONVERGED_FEASIBLE,0.900178886532708,1,PASS,PASS,PASS
CAL_004874,REG_004489,2010-12-21 12:00:00,E0028,0.661800563044852,COMMITTED_ANGULAR_INTERIOR,-1547.35709023493,-343.531446444237,2.5,CONVERGED_FEASIBLE,0.900177884261668,1,PASS,PASS,PASS
CAL_004875,REG_004490,2010-12-21 12:00:00,E0028,0.710760215979313,COMMITTED_ANGULAR_INTERIOR,-1542.26793450873,-361.505145666813,2.5,CONVERGED_FEASIBLE,0.900176414524796,1,PASS,PASS,PASS
CAL_004876,REG_004491,2010-12-21 12:00:00,E0028,0.759489983135227,COMMITTED_ANGULAR_INTERIOR,-1537.20267446921,-379.394450952922,2.5,CONVERGED_FEASIBLE,0.900174482555115,1,PASS,PASS,PASS
CAL_004877,REG_004492,2010-12-21 12:00:00,E0028,0.807998850664154,COMMITTED_ANGULAR_INTERIOR,-1532.16037604265,-397.202661230879,2.5,CONVERGED_FEASIBLE,0.900172093236236,1,PASS,PASS,PASS
CAL_004878,REG_004493,2010-12-21 12:00:00,E0028,0.856295656430475,COMMITTED_ANGULAR_INTERIOR,-1527.1401205692,-414.933020990925,2.5,CONVERGED_FEASIBLE,0.900169251111033,1,PASS,PASS,PASS
CAL_004879,REG_004494,2010-12-21 12:00:00,E0028,0.904389096865827,COMMITTED_ANGULAR_INTERIOR,-1522.14100409033,-432.588722801577,2.5,CONVERGED_FEASIBLE,0.900165960389736,1,PASS,PASS,PASS
CAL_004880,REG_004495,2010-12-21 12:00:00,E0028,0.952287733617198,COMMITTED_ANGULAR_INTERIOR,-1517.16213665787,-450.172909750225,2.5,CONVERGED_FEASIBLE,0.900162224957491,1,PASS,PASS,PASS
CAL_004881,REG_004497,2010-12-21 12:00:00,E0029,0,OUTER_VERTEX_ENDPOINT_A_ONCE_PER_EDGE,-1512.20264166314,-467.68867781214,2.5,CONVERGED_FEASIBLE,0.900158048381397,1,PASS,PASS,PASS
CAL_004882,REG_004498,2010-12-21 12:00:00,E0029,0.0513588839808218,COMMITTED_ANGULAR_INTERIOR,-1507.54109647789,-483.659339041941,2.5,CONVERGED_FEASIBLE,0.900161834074673,1,PASS,PASS,PASS
CAL_004883,REG_004499,2010-12-21 12:00:00,E0029,0.102524250455348,COMMITTED_ANGULAR_INTERIOR,-1502.89711574362,-499.56982368114,2.5,CONVERGED_FEASIBLE,0.900165223069842,1,PASS,PASS,PASS
CAL_004884,REG_004500,2010-12-21 12:00:00,E0029,0.153504941117455,COMMITTED_ANGULAR_INTERIOR,-1498.26989695154,-515.422881160539,2.5,CONVERGED_FEASIBLE,0.900168219275822,1,PASS,PASS,PASS
CAL_004885,REG_004501,2010-12-21 12:00:00,E0029,0.204309677885043,COMMITTED_ANGULAR_INTERIOR,-1493.65864846422,-531.221223665164,2.5,CONVERGED_FEASIBLE,0.9001708263299,1,PASS,PASS,PASS
CAL_004886,REG_004502,2010-12-21 12:00:00,E0029,0.25494706914909,COMMITTED_ANGULAR_INTERIOR,-1489.06258894843,-546.967528077483,2.5,CONVERGED_FEASIBLE,0.900173047603213,1,PASS,PASS,PASS
CAL_004887,REG_004503,2010-12-21 12:00:00,E0029,0.305425615864081,COMMITTED_ANGULAR_INTERIOR,-1484.4809468223,-562.664437871294,2.5,CONVERGED_FEASIBLE,0.900174886205818,1,PASS,PASS,PASS
CAL_004888,REG_004505,2010-12-21 12:00:00,E0029,0.355753717489267,COMMITTED_ANGULAR_INTERIOR,-1479.9129597161,-578.314564959238,2.5,CONVERGED_FEASIBLE,0.900176344991387,1,PASS,PASS,PASS
CAL_004889,REG_004506,2010-12-21 12:00:00,E0029,0.405939677789893,COMMITTED_ANGULAR_INTERIOR,-1475.35787394566,-593.920491496754,2.5,CONVERGED_FEASIBLE,0.900177426561512,1,PASS,PASS,PASS
CAL_004890,REG_004507,2010-12-21 12:00:00,E0029,0.455991710507171,COMMITTED_ANGULAR_INTERIOR,-1470.8149439978,-609.484771645229,2.5,CONVERGED_FEASIBLE,0.900178133269653,1,PASS,PASS,PASS
CAL_004891,REG_004508,2010-12-21 12:00:00,E0029,0.505917944905484,COMMITTED_ANGULAR_INTERIOR,-1466.28343202679,-625.009933296967,2.5,CONVERGED_FEASIBLE,0.900178467224737,1,PASS,PASS,PASS
CAL_004892,REG_004509,2010-12-21 12:00:00,E0029,0.555726431205002,COMMITTED_ANGULAR_INTERIOR,-1461.76260736127,-640.498479764522,2.5,CONVERGED_FEASIBLE,0.900178430294392,1,PASS,PASS,PASS
CAL_004893,REG_004510,2010-12-21 12:00:00,E0029,0.605425145907628,COMMITTED_ANGULAR_INTERIOR,-1457.25174602087,-655.952891436874,2.5,CONVERGED_FEASIBLE,0.900178024107865,1,PASS,PASS,PASS
CAL_004894,REG_004511,2010-12-21 12:00:00,E0029,0.655021997023938,COMMITTED_ANGULAR_INTERIOR,-1452.75013024178,-671.375627404798,2.5,CONVERGED_FEASIBLE,0.900177250058589,1,PASS,PASS,PASS
CAL_004895,REG_004513,2010-12-21 12:00:00,E0029,0.704524829208551,COMMITTED_ANGULAR_INTERIOR,-1448.25704801062,-686.769127057776,2.5,CONVERGED_FEASIBLE,0.900176109306438,1,PASS,PASS,PASS
CAL_004896,REG_004514,2010-12-21 12:00:00,E0029,0.753941428811152,COMMITTED_ANGULAR_INTERIOR,-1443.77179260603,-702.135811654671,2.5,CONVERGED_FEASIBLE,0.900174602779656,1,PASS,PASS,PASS
CAL_004897,REG_004515,2010-12-21 12:00:00,E0029,0.803279528850205,COMMITTED_ANGULAR_INTERIOR,-1439.2936621472,-717.478085870364,2.5,CONVERGED_FEASIBLE,0.900172731176472,1,PASS,PASS,PASS
CAL_004898,REG_004516,2010-12-21 12:00:00,E0029,0.852546813916189,COMMITTED_ANGULAR_INTERIOR,-1434.82195914884,-732.798339320472,2.5,CONVERGED_FEASIBLE,0.900170494966407,1,PASS,PASS,PASS
CAL_004899,REG_004517,2010-12-21 12:00:00,E0029,0.901750925011077,COMMITTED_ANGULAR_INTERIOR,-1430.35599008194,-748.098948066241,2.5,CONVERGED_FEASIBLE,0.900167894391271,1,PASS,PASS,PASS
CAL_004900,REG_004518,2010-12-21 12:00:00,E0029,0.950899464330581,COMMITTED_ANGULAR_INTERIOR,-1425.89506493971,-763.382276101649,2.5,CONVERGED_FEASIBLE,0.900164929465856,1,PASS,PASS,PASS
CAL_004901,REG_004519,2010-12-21 12:00:00,E0029,0.999999999995587,COMMITTED_ANGULAR_INTERIOR,-1421.43849680813,-778.650676824693,2.5,CONVERGED_FEASIBLE,0.900161599978324,1,PASS,PASS,PASS
CAL_004902,REG_004519,2010-12-21 12:00:00,E0030,0,OUTER_VERTEX_ENDPOINT_A_ONCE_PER_EDGE,-1421.43849680773,-778.650676826066,2.75,CONVERGED_FEASIBLE,0.900161599978324,1,PASS,PASS,PASS
CAL_004903,REG_004521,2010-12-21 12:00:00,E0030,0.0499780259830251,COMMITTED_ANGULAR_INTERIOR,-1415.66091995044,-797.833721374004,2.75,CONVERGED_FEASIBLE,0.900167053657031,1,PASS,PASS,PASS
CAL_004904,REG_004522,2010-12-21 12:00:00,E0030,0.0999126239724036,COMMITTED_ANGULAR_INTERIOR,-1409.88836347093,-817.000096973532,2.75,CONVERGED_FEASIBLE,0.900171913276695,1,PASS,PASS,PASS
CAL_004905,REG_004523,2010-12-21 12:00:00,E0030,0.149811447075642,COMMITTED_ANGULAR_INTERIOR,-1404.11994265205,-836.152741113663,2.75,CONVERGED_FEASIBLE,0.900176179181894,1,PASS,PASS,PASS
CAL_004906,REG_004524,2010-12-21 12:00:00,E0030,0.19968212655069,COMMITTED_ANGULAR_INTERIOR,-1398.3547753025,-855.294582896905,2.75,CONVERGED_FEASIBLE,0.900179851343692,1,PASS,PASS,PASS
CAL_004907,REG_004525,2010-12-21 12:00:00,E0030,0.249532276479709,COMMITTED_ANGULAR_INTERIOR,-1392.59198121655,-874.428544833188,2.75,CONVERGED_FEASIBLE,0.900182929358916,1,PASS,PASS,PASS
CAL_004908,REG_004526,2010-12-21 12:00:00,E0030,0.299369498425033,COMMITTED_ANGULAR_INTERIOR,-1386.83068163579,-893.557544626964,2.75,CONVERGED_FEASIBLE,0.900185412448932,1,PASS,PASS,PASS
CAL_004909,REG_004527,2010-12-21 12:00:00,E0030,0.349201386068913,COMMITTED_ANGULAR_INTERIOR,-1381.06999871278,-912.684496958076,2.75,CONVERGED_FEASIBLE,0.900187299457898,1,PASS,PASS,PASS
CAL_004910,REG_004529,2010-12-21 12:00:00,E0030,0.399035529843033,COMMITTED_ANGULAR_INTERIOR,-1375.30905497583,-931.812315258703,2.75,CONVERGED_FEASIBLE,0.900188588850516,1,PASS,PASS,PASS
CAL_004911,REG_004530,2010-12-21 12:00:00,E0030,0.448879521553834,COMMITTED_ANGULAR_INTERIOR,-1369.54697279433,-950.943913488695,2.75,CONVERGED_FEASIBLE,0.900189278709244,1,PASS,PASS,PASS
CAL_004912,REG_004531,2010-12-21 12:00:00,E0030,0.498740959009607,COMMITTED_ANGULAR_INTERIOR,-1363.78287384385,-970.082207911592,2.75,CONVERGED_FEASIBLE,0.900189366730995,1,PASS,PASS,PASS
CAL_004913,REG_004532,2010-12-21 12:00:00,E0030,0.548627450655361,COMMITTED_ANGULAR_INTERIOR,-1358.01587857033,-989.230118873619,2.75,CONVERGED_FEASIBLE,0.900188850223288,1,PASS,PASS,PASS
CAL_004914,REG_004533,2010-12-21 12:00:00,E0030,0.59854662022149,COMMITTED_ANGULAR_INTERIOR,-1352.24510565268,-1008.39057258799,2.75,CONVERGED_FEASIBLE,0.900187726099853,1,PASS,PASS,PASS
CAL_004915,REG_004534,2010-12-21 12:00:00,E0030,0.648506111392245,COMMITTED_ANGULAR_INTERIOR,-1346.4696714631,-1027.56650292678,2.75,CONVERGED_FEASIBLE,0.900185990875681,1,PASS,PASS,PASS
CAL_004916,REG_004535,2010-12-21 12:00:00,E0030,0.698513592500153,COMMITTED_ANGULAR_INTERIOR,-1340.68868952439,-1046.76085322283,2.75,CONVERGED_FEASIBLE,0.900183640661495,1,PASS,PASS,PASS
CAL_004917,REG_004537,2010-12-21 12:00:00,E0030,0.748576761252461,COMMITTED_ANGULAR_INTERIOR,-1334.90126996356,-1065.97657808384,2.75,CONVERGED_FEASIBLE,0.90018067115764,1,PASS,PASS,PASS
CAL_004918,REG_004538,2010-12-21 12:00:00,E0030,0.798703349495888,COMMITTED_ANGULAR_INTERIOR,-1329.10651896102,-1085.21664522128,2.75,CONVERGED_FEASIBLE,0.900177077647371,1,PASS,PASS,PASS
CAL_004919,REG_004539,2010-12-21 12:00:00,E0030,0.84890112802593,COMMITTED_ANGULAR_INTERIOR,-1323.30353819461,-1104.48403729627,2.75,CONVERGED_FEASIBLE,0.900172854989524,1,PASS,PASS,PASS
CAL_004920,REG_004540,2010-12-21 12:00:00,E0030,0.89917791144716,COMMITTED_ANGULAR_INTERIOR,-1317.49142427774,-1123.7817537852,2.75,CONVERGED_FEASIBLE,0.900167997610542,1,PASS,PASS,PASS
CAL_004921,REG_004541,2010-12-21 12:00:00,E0030,0.949541563091014,COMMITTED_ANGULAR_INTERIOR,-1311.66926819089,-1143.11281286722,2.75,CONVERGED_FEASIBLE,0.900162499495852,1,PASS,PASS,PASS
CAL_004922,REG_004542,2010-12-21 12:00:00,E0030,0.999999999997728,COMMITTED_ANGULAR_INTERIOR,-1305.83615470565,-1162.48025333655,2.75,CONVERGED_FEASIBLE,0.90015635418056,1,PASS,PASS,PASS
CAL_004923,REG_004542,2010-12-21 12:00:00,E0031,0,OUTER_VERTEX_ENDPOINT_A_ONCE_PER_EDGE,-1305.83615470538,-1162.48025333742,2.5,CONVERGED_FEASIBLE,0.90015635418056,1,PASS,PASS,PASS
CAL_004924,REG_004544,2010-12-21 12:00:00,E0031,0.0486329068129433,COMMITTED_ANGULAR_INTERIOR,-1301.01755062809,-1177.92978418492,2.5,CONVERGED_FEASIBLE,0.900160352720914,1,PASS,PASS,PASS
CAL_004925,REG_004545,2010-12-21 12:00:00,E0031,0.0973612867846061,COMMITTED_ANGULAR_INTERIOR,-1296.18948696094,-1193.40964460979,2.5,CONVERGED_FEASIBLE,0.900163944493379,1,PASS,PASS,PASS
CAL_004926,REG_004546,2010-12-21 12:00:00,E0031,0.146192865923059,COMMITTED_ANGULAR_INTERIOR,-1291.35119820221,-1208.92228898314,2.5,CONVERGED_FEASIBLE,0.900167126414519,1,PASS,PASS,PASS
CAL_004927,REG_004547,2010-12-21 12:00:00,E0031,0.195135434507653,COMMITTED_ANGULAR_INTERIOR,-1286.50191248211,-1224.47019209351,2.5,CONVERGED_FEASIBLE,0.900169895111456,1,PASS,PASS,PASS
CAL_004928,REG_004548,2010-12-21 12:00:00,E0031,0.244196852164394,COMMITTED_ANGULAR_INTERIOR,-1281.6408510599,-1240.05585075925,2.5,CONVERGED_FEASIBLE,0.900172246915722,1,PASS,PASS,PASS
CAL_004929,REG_004549,2010-12-21 12:00:00,E0031,0.293385053036393,COMMITTED_ANGULAR_INTERIOR,-1276.76722781159,-1255.68178547106,2.5,CONVERGED_FEASIBLE,0.900174177856637,1,PASS,PASS,PASS
CAL_004930,REG_004551,2010-12-21 12:00:00,E0031,0.342708051054578,COMMITTED_ANGULAR_INTERIOR,-1271.88024870773,-1271.35054206634,2.5,CONVERGED_FEASIBLE,0.900175683654204,1,PASS,PASS,PASS
CAL_004931,REG_004552,2010-12-21 12:00:00,E0031,0.392173945316322,COMMITTED_ANGULAR_INTERIOR,-1266.97911128048,-1287.06469343785,2.5,CONVERGED_FEASIBLE,0.900176759711489,1,PASS,PASS,PASS
CAL_004932,REG_004553,2010-12-21 12:00:00,E0031,0.441790925579832,COMMITTED_ANGULAR_INTERIOR,-1262.06300407923,-1302.82684127921,2.5,CONVERGED_FEASIBLE,0.900177401106485,1,PASS,PASS,PASS
CAL_004933,REG_004554,2010-12-21 12:00:00,E0031,0.491567277882472,COMMITTED_ANGULAR_INTERIOR,-1257.13110611391,-1318.63961786962,2.5,CONVERGED_FEASIBLE,0.900177602583414,1,PASS,PASS,PASS
CAL_004934,REG_004555,2010-12-21 12:00:00,E0031,0.541511390291463,COMMITTED_ANGULAR_INTERIOR,-1252.18258628522,-1334.50568790078,2.5,CONVERGED_FEASIBLE,0.900177358543456,1,PASS,PASS,PASS
CAL_004935,REG_004556,2010-12-21 12:00:00,E0031,0.591631758795707,COMMITTED_ANGULAR_INTERIOR,-1247.21660280085,-1350.42775034859,2.5,CONVERGED_FEASIBLE,0.900176663034886,1,PASS,PASS,PASS
CAL_004936,REG_004558,2010-12-21 12:00:00,E0031,0.641936993347862,COMMITTED_ANGULAR_INTERIOR,-1242.23230257683,-1366.40854039252,2.5,CONVERGED_FEASIBLE,0.900175509742572,1,PASS,PASS,PASS
CAL_004937,REG_004559,2010-12-21 12:00:00,E0031,0.692435824066117,COMMITTED_ANGULAR_INTERIOR,-1237.22882062307,-1382.45083138584,2.5,CONVERGED_FEASIBLE,0.900173891976821,1,PASS,PASS,PASS
CAL_004938,REG_004560,2010-12-21 12:00:00,E0031,0.743137107605535,COMMITTED_ANGULAR_INTERIOR,-1232.20527941204,-1398.55743687957,2.5,CONVERGED_FEASIBLE,0.900171802661534,1,PASS,PASS,PASS
CAL_004939,REG_004561,2010-12-21 12:00:00,E0031,0.794049833709243,COMMITTED_ANGULAR_INTERIOR,-1227.1607882297,-1414.73121270372,2.5,CONVERGED_FEASIBLE,0.900169234321636,1,PASS,PASS,PASS
CAL_004940,REG_004562,2010-12-21 12:00:00,E0031,0.845183131950201,COMMITTED_ANGULAR_INTERIOR,-1222.09444250751,-1430.97505910891,2.5,CONVERGED_FEASIBLE,0.900166179069746,1,PASS,PASS,PASS
CAL_004941,REG_004563,2010-12-21 12:00:00,E0031,0.896546278674733,COMMITTED_ANGULAR_INTERIOR,-1217.00532313446,-1447.29192297224,2.5,CONVERGED_FEASIBLE,0.900162628592045,1,PASS,PASS,PASS
CAL_004942,REG_004565,2010-12-21 12:00:00,E0031,0.948148704159574,COMMITTED_ANGULAR_INTERIOR,-1211.89249574793,-1463.68480007087,2.5,CONVERGED_FEASIBLE,0.900158574133309,1,PASS,PASS,PASS
CAL_004943,REG_004566,2010-12-21 12:00:00,E0031,0.999999999994672,COMMITTED_ANGULAR_INTERIOR,-1206.75501000222,-1480.15673742736,2.5,CONVERGED_FEASIBLE,0.900154006481046,1,PASS,PASS,PASS
CAL_004944,REG_004566,2010-12-21 12:00:00,E0032,0,OUTER_VERTEX_ENDPOINT_A_ONCE_PER_EDGE,-1206.75501000169,-1480.15673742905,2.5,CONVERGED_FEASIBLE,0.900154006481046,1,PASS,PASS,PASS
CAL_004945,REG_004567,2010-12-21 12:00:00,E0032,0.0472453349310625,COMMITTED_ANGULAR_INTERIOR,-1201.07196047726,-1497.7260404947,2.5,CONVERGED_FEASIBLE,0.90016001756814,1,PASS,PASS,PASS
CAL_004946,REG_004568,2010-12-21 12:00:00,E0032,0.0947218423419968,COMMITTED_ANGULAR_INTERIOR,-1195.36110366448,-1515.38131055296,2.5,CONVERGED_FEASIBLE,0.900165479824074,1,PASS,PASS,PASS
CAL_004947,REG_004569,2010-12-21 12:00:00,E0032,0.142438508390173,COMMITTED_ANGULAR_INTERIOR,-1189.62135863593,-1533.1258893205,2.5,CONVERGED_FEASIBLE,0.900170383748906,1,PASS,PASS,PASS
CAL_004948,REG_004571,2010-12-21 12:00:00,E0032,0.190404483924677,COMMITTED_ANGULAR_INTERIOR,-1183.85162465377,-1550.96317975848,2.5,CONVERGED_FEASIBLE,0.900174719294719,1,PASS,PASS,PASS
CAL_004949,REG_004572,2010-12-21 12:00:00,E0032,0.238629092026458,COMMITTED_ANGULAR_INTERIOR,-1178.05078026271,-1568.89664887662,2.5,CONVERGED_FEASIBLE,0.900178475844614,1,PASS,PASS,PASS
CAL_004950,REG_004573,2010-12-21 12:00:00,E0032,0.287121835816116,COMMITTED_ANGULAR_INTERIOR,-1172.21768235084,-1586.92983063665,2.5,CONVERGED_FEASIBLE,0.900181642190427,1,PASS,PASS,PASS
CAL_004951,REG_004574,2010-12-21 12:00:00,E0032,0.335892406539059,COMMITTED_ANGULAR_INTERIOR,-1166.35116517708,-1605.066328959,2.5,CONVERGED_FEASIBLE,0.900184206509104,1,PASS,PASS,PASS
CAL_004952,REG_004575,2010-12-21 12:00:00,E0032,0.384950691943363,COMMITTED_ANGULAR_INTERIOR,-1160.45003936342,-1623.30982083829,2.5,CONVERGED_FEASIBLE,0.900186156337638,1,PASS,PASS,PASS
CAL_004953,REG_004577,2010-12-21 12:00:00,E0032,0.434306784966484,COMMITTED_ANGULAR_INTERIOR,-1154.51309085005,-1641.66405957371,2.5,CONVERGED_FEASIBLE,0.900187478546506,1,PASS,PASS,PASS
CAL_004954,REG_004578,2010-12-21 12:00:00,E0032,0.483970992747819,COMMITTED_ANGULAR_INTERIOR,-1148.53907981119,-1660.13287812053,2.5,CONVERGED_FEASIBLE,0.900188159311488,1,PASS,PASS,PASS
CAL_004955,REG_004579,2010-12-21 12:00:00,E0032,0.533953845985047,COMMITTED_ANGULAR_INTERIOR,-1142.52673952967,-1678.7201925695,2.5,CONVERGED_FEASIBLE,0.900188184083788,1,PASS,PASS,PASS
CAL_004956,REG_004580,2010-12-21 12:00:00,E0032,0.584266108653182,COMMITTED_ANGULAR_INTERIOR,-1136.47477522788,-1697.4300057611,2.5,CONVERGED_FEASIBLE,0.900187537558344,1,PASS,PASS,PASS
CAL_004957,REG_004582,2010-12-21 12:00:00,E0032,0.634918788106288,COMMITTED_ANGULAR_INTERIOR,-1130.38186285257,-1716.26641104212,2.5,CONVERGED_FEASIBLE,0.900186203640216,1,PASS,PASS,PASS
CAL_004958,REG_004583,2010-12-21 12:00:00,E0032,0.685923145582979,COMMITTED_ANGULAR_INTERIOR,-1124.24664781124,-1735.23359617233,2.5,CONVERGED_FEASIBLE,0.900184165408922,1,PASS,PASS,PASS
CAL_004959,REG_004584,2010-12-21 12:00:00,E0032,0.737290707137999,COMMITTED_ANGULAR_INTERIOR,-1118.06774365716,-1754.33584738974,2.5,CONVERGED_FEASIBLE,0.900181405080597,1,PASS,PASS,PASS
CAL_004960,REG_004585,2010-12-21 12:00:00,E0032,0.789033275023458,COMMITTED_ANGULAR_INTERIOR,-1111.84373072036,-1773.57755364287,2.5,CONVERGED_FEASIBLE,0.900177903967841,1,PASS,PASS,PASS
CAL_004961,REG_004586,2010-12-21 12:00:00,E0032,0.841162939544716,COMMITTED_ANGULAR_INTERIOR,-1105.57315468151,-1792.96321099975,2.5,CONVERGED_FEASIBLE,0.900173642437074,1,PASS,PASS,PASS
CAL_004962,REG_004588,2010-12-21 12:00:00,E0032,0.893692091417324,COMMITTED_ANGULAR_INTERIOR,-1099.25452508551,-1812.49742724307,2.5,CONVERGED_FEASIBLE,0.900168599863274,1,PASS,PASS,PASS
CAL_004963,REG_004589,2010-12-21 12:00:00,E0032,0.946633434653056,COMMITTED_ANGULAR_INTERIOR,-1092.88631379147,-1832.18492666218,2.5,CONVERGED_FEASIBLE,0.900162754581884,1,PASS,PASS,PASS
CAL_004964,REG_004590,2010-12-21 12:00:00,E0033,0,OUTER_VERTEX_ENDPOINT_A_ONCE_PER_EDGE,-1086.46695335603,-1852.03055505113,3,CONVERGED_FEASIBLE,0.900156083837724,1,PASS,PASS,PASS
CAL_004965,REG_004590,2010-12-21 12:00:00,E0033,8.90836592879187e-12,COMMITTED_ANGULAR_INTERIOR,-1086.46695335498,-1852.03055505203,3,CONVERGED_FEASIBLE,0.900156083837766,1,PASS,PASS,PASS
CAL_004966,REG_004592,2010-12-21 12:00:00,E0033,0.101007641704171,COMMITTED_ANGULAR_INTERIOR,-1074.5352050485,-1862.2598008404,3,CONVERGED_FEASIBLE,0.900633534173676,1,PASS,PASS,PASS
CAL_004967,REG_004593,2010-12-21 12:00:00,E0033,0.201748462494312,COMMITTED_ANGULAR_INTERIOR,-1062.63497554425,-1872.46202514234,3,CONVERGED_FEASIBLE,0.90110867461503,1,PASS,PASS,PASS
CAL_004968,REG_004595,2010-12-21 12:00:00,E0033,0.30223880320973,COMMITTED_ANGULAR_INTERIOR,-1050.76433454596,-1882.6388828264,3,CONVERGED_FEASIBLE,0.901449403838989,1,PASS,PASS,PASS
CAL_004969,REG_004596,2010-12-21 12:00:00,E0033,0.402494847395713,COMMITTED_ANGULAR_INTERIOR,-1038.92137033697,-1892.79201283257,3,CONVERGED_FEASIBLE,0.901265022535173,1,PASS,PASS,PASS
CAL_004970,REG_004597,2010-12-21 12:00:00,E0033,0.502532632001142,COMMITTED_ANGULAR_INTERIOR,-1027.10418851769,-1902.92303925471,3,CONVERGED_FEASIBLE,0.901080491396162,1,PASS,PASS,PASS
CAL_004971,REG_004599,2010-12-21 12:00:00,E0033,0.602368057870456,COMMITTED_ANGULAR_INTERIOR,-1015.31091076612,-1913.03357240313,3,CONVERGED_FEASIBLE,0.900895784970425,1,PASS,PASS,PASS
CAL_004972,REG_004600,2010-12-21 12:00:00,E0033,0.702016900053784,COMMITTED_ANGULAR_INTERIOR,-1003.53967362002,-1923.1252098487,3,CONVERGED_FEASIBLE,0.900710877667763,1,PASS,PASS,PASS
CAL_004973,REG_004602,2010-12-21 12:00:00,E0033,0.801494817949732,COMMITTED_ANGULAR_INTERIOR,-991.788627278711,-1933.19953745,3,CONVERGED_FEASIBLE,0.900525743746466,1,PASS,PASS,PASS
CAL_004974,REG_004603,2010-12-21 12:00:00,E0033,0.900817365294915,COMMITTED_ANGULAR_INTERIOR,-980.055934423089,-1943.25813036504,3,CONVERGED_FEASIBLE,0.900340357300227,1,PASS,PASS,PASS
CAL_004975,REG_004605,2010-12-21 12:00:00,E0034,0,OUTER_VERTEX_ENDPOINT_A_ONCE_PER_EDGE,-968.33976905369,-1953.30255404734,3.5,CONVERGED_FEASIBLE,0.900154692244812,1,PASS,PASS,PASS
CAL_004976,REG_004605,2010-12-21 12:00:00,E0034,1.44222215774848e-11,COMMITTED_ANGULAR_INTERIOR,-968.339769051733,-1953.30255404823,3.5,CONVERGED_FEASIBLE,0.900154692244812,1,PASS,PASS,PASS
CAL_004977,REG_004606,2010-12-21 12:00:00,E0034,0.102207626716411,COMMITTED_ANGULAR_INTERIOR,-954.47771376675,-1959.59636270902,3.5,CONVERGED_FEASIBLE,0.900157159943745,1,PASS,PASS,PASS
CAL_004978,REG_004608,2010-12-21 12:00:00,E0034,0.203873848425163,COMMITTED_ANGULAR_INTERIOR,-940.689087306895,-1965.85683237599,3.5,CONVERGED_FEASIBLE,0.900159100117773,1,PASS,PASS,PASS
CAL_004979,REG_004609,2010-12-21 12:00:00,E0034,0.305018319699709,COMMITTED_ANGULAR_INTERIOR,-926.971223994539,-1972.08517335054,3.5,CONVERGED_FEASIBLE,0.900160523284121,1,PASS,PASS,PASS
CAL_004980,REG_004611,2010-12-21 12:00:00,E0034,0.405660335725275,COMMITTED_ANGULAR_INTERIOR,-913.32150689264,-1978.2825738043,3.5,CONVERGED_FEASIBLE,0.900161439438464,1,PASS,PASS,PASS
CAL_004981,REG_004613,2010-12-21 12:00:00,E0034,0.505818848124812,COMMITTED_ANGULAR_INTERIOR,-899.737365660281,-1984.45020075283,3.5,CONVERGED_FEASIBLE,0.900161858074777,1,PASS,PASS,PASS
CAL_004982,REG_004614,2010-12-21 12:00:00,E0034,0.605512480253074,COMMITTED_ANGULAR_INTERIOR,-886.216274478385,-1990.58920099735,3.5,CONVERGED_FEASIBLE,0.900161788204057,1,PASS,PASS,PASS
CAL_004983,REG_004616,2010-12-21 12:00:00,E0034,0.704759542000726,COMMITTED_ANGULAR_INTERIOR,-872.755750041892,-1996.70070203637,3.5,CONVERGED_FEASIBLE,0.900161238372001,1,PASS,PASS,PASS
CAL_004984,REG_004617,2010-12-21 12:00:00,E0034,0.803578044134677,COMMITTED_ANGULAR_INTERIOR,-859.353349614827,-2002.7858129488,3.5,CONVERGED_FEASIBLE,0.900160216675663,1,PASS,PASS,PASS
CAL_004985,REG_004619,2010-12-21 12:00:00,E0034,0.901985712199579,COMMITTED_ANGULAR_INTERIOR,-846.00666914489,-2008.8456252499,3.5,CONVERGED_FEASIBLE,0.900158730779191,1,PASS,PASS,PASS
CAL_004986,REG_004621,2010-12-21 12:00:00,E0035,0,OUTER_VERTEX_ENDPOINT_A_ONCE_PER_EDGE,-832.713341434922,-2014.88121372158,3.5,CONVERGED_FEASIBLE,0.900156787928636,1,PASS,PASS,PASS
CAL_004987,REG_004621,2010-12-21 12:00:00,E0035,2.30444008574171e-12,COMMITTED_ANGULAR_INTERIOR,-832.713341434287,-2014.88121372186,3.5,CONVERGED_FEASIBLE,0.900156787928637,1,PASS,PASS,PASS
CAL_004988,REG_004622,2010-12-21 12:00:00,E0035,0.0513866076501685,COMMITTED_ANGULAR_INTERIOR,-818.577825626527,-2021.11974938664,3.5,CONVERGED_FEASIBLE,0.900161381541257,1,PASS,PASS,PASS
CAL_004989,REG_004624,2010-12-21 12:00:00,E0035,0.102576606864489,COMMITTED_ANGULAR_INTERIOR,-804.496393202502,-2027.33441601664,3.5,CONVERGED_FEASIBLE,0.900165445227638,1,PASS,PASS,PASS
CAL_004990,REG_004625,2010-12-21 12:00:00,E0035,0.153578876906305,COMMITTED_ANGULAR_INTERIOR,-790.466601639918,-2033.52629158899,3.5,CONVERGED_FEASIBLE,0.900168987517577,1,PASS,PASS,PASS
CAL_004991,REG_004627,2010-12-21 12:00:00,E0035,0.204402175041597,COMMITTED_ANGULAR_INTERIOR,-776.486041975092,-2039.6964392701,3.5,CONVERGED_FEASIBLE,0.900172016495751,1,PASS,PASS,PASS
CAL_004992,REG_004629,2010-12-21 12:00:00,E0035,0.255055142845281,COMMITTED_ANGULAR_INTERIOR,-762.552337068835,-2045.84590818106,3.5,CONVERGED_FEASIBLE,0.900174539815971,1,PASS,PASS,PASS
CAL_004993,REG_004630,2010-12-21 12:00:00,E0035,0.305546312343113,COMMITTED_ANGULAR_INTERIOR,-748.663139916927,-2051.97573414325,3.5,CONVERGED_FEASIBLE,0.900176564714629,1,PASS,PASS,PASS
CAL_004994,REG_004632,2010-12-21 12:00:00,E0035,0.35588411200114,COMMITTED_ANGULAR_INTERIOR,-734.816132002531,-2058.08694040549,3.5,CONVERGED_FEASIBLE,0.900178098023364,1,PASS,PASS,PASS
CAL_004995,REG_004633,2010-12-21 12:00:00,E0035,0.406076872571942,COMMITTED_ANGULAR_INTERIOR,-721.009021687997,-2064.18053835382,3.5,CONVERGED_FEASIBLE,0.900179146180973,1,PASS,PASS,PASS
CAL_004996,REG_004635,2010-12-21 12:00:00,E0035,0.456132832806571,COMMITTED_ANGULAR_INTERIOR,-707.239542643613,-2070.25752820492,3.5,CONVERGED_FEASIBLE,0.900179715244626,1,PASS,PASS,PASS
CAL_004997,REG_004637,2010-12-21 12:00:00,E0035,0.506060145040755,COMMITTED_ANGULAR_INTERIOR,-693.505452310941,-2076.31889968431,3.5,CONVERGED_FEASIBLE,0.900179810900385,1,PASS,PASS,PASS
CAL_004998,REG_004638,2010-12-21 12:00:00,E0035,0.555866880663669,COMMITTED_ANGULAR_INTERIOR,-679.80453039846,-2082.36563269029,3.5,CONVERGED_FEASIBLE,0.900179438473091,1,PASS,PASS,PASS
CAL_004999,REG_004640,2010-12-21 12:00:00,E0035,0.605561035477256,COMMITTED_ANGULAR_INTERIOR,-666.134577407314,-2088.39869794457,3.5,CONVERGED_FEASIBLE,0.900178602935622,1,PASS,PASS,PASS
CAL_005000,REG_004642,2010-12-21 12:00:00,E0035,0.655150534953869,COMMITTED_ANGULAR_INTERIOR,-652.49341318503,-2094.41905763057,3.5,CONVERGED_FEASIBLE,0.900177308917551,1,PASS,PASS,PASS
CAL_005001,REG_004643,2010-12-21 12:00:00,E0035,0.704643239399721,COMMITTED_ANGULAR_INTERIOR,-638.878875505148,-2100.42766602028,3.5,CONVERGED_FEASIBLE,0.900175560713243,1,PASS,PASS,PASS
CAL_005002,REG_004645,2010-12-21 12:00:00,E0035,0.754046949031458,COMMITTED_ANGULAR_INTERIOR,-625.288818670748,-2106.42547009059,3.5,CONVERGED_FEASIBLE,0.900173362289395,1,PASS,PASS,PASS
CAL_005003,REG_004646,2010-12-21 12:00:00,E0035,0.803369408972928,COMMITTED_ANGULAR_INTERIOR,-611.721112139934,-2112.41341012991,3.5,CONVERGED_FEASIBLE,0.900170717292053,1,PASS,PASS,PASS
CAL_005004,REG_004648,2010-12-21 12:00:00,E0035,0.852618314179071,COMMITTED_ANGULAR_INTERIOR,-598.173639171357,-2118.39242033594,3.5,CONVERGED_FEASIBLE,0.900167629053112,1,PASS,PASS,PASS
CAL_005005,REG_004650,2010-12-21 12:00:00,E0035,0.901801314293661,COMMITTED_ANGULAR_INTERIOR,-584.644295487939,-2124.36342940543,3.5,CONVERGED_FEASIBLE,0.900164100596336,1,PASS,PASS,PASS
CAL_005006,REG_004651,2010-12-21 12:00:00,E0035,0.950926018447501,COMMITTED_ANGULAR_INTERIOR,-571.130987956982,-2130.3273611167,3.5,CONVERGED_FEASIBLE,0.900160134642892,1,PASS,PASS,PASS
CAL_005007,REG_004653,2010-12-21 12:00:00,E0036,0,OUTER_VERTEX_ENDPOINT_A_ONCE_PER_EDGE,-557.631633285845,-2136.28513490527,3.25,CONVERGED_FEASIBLE,0.900155733616427,1,PASS,PASS,PASS
CAL_005008,REG_004653,2010-12-21 12:00:00,E0036,3.59228910310644e-12,COMMITTED_ANGULAR_INTERIOR,-557.631633285072,-2136.2851349056,3.25,CONVERGED_FEASIBLE,0.900155733616427,1,PASS,PASS,PASS
CAL_005009,REG_004655,2010-12-21 12:00:00,E0036,0.0499885827458239,COMMITTED_ANGULAR_INTERIOR,-546.876662011443,-2140.87402310671,3.25,CONVERGED_FEASIBLE,0.900158235800057,1,PASS,PASS,PASS
CAL_005010,REG_004656,2010-12-21 12:00:00,E0036,0.099932618818725,COMMITTED_ANGULAR_INTERIOR,-536.131274889288,-2145.45882198034,3.25,CONVERGED_FEASIBLE,0.900160461331492,1,PASS,PASS,PASS
CAL_005011,REG_004658,2010-12-21 12:00:00,E0036,0.149839765456406,COMMITTED_ANGULAR_INTERIOR,-525.393824475763,-2150.04023445082,3.25,CONVERGED_FEASIBLE,0.900162412007844,1,PASS,PASS,PASS
CAL_005012,REG_004660,2010-12-21 12:00:00,E0036,0.199717657354499,COMMITTED_ANGULAR_INTERIOR,-514.662668177148,-2154.61896137348,3.25,CONVERGED_FEASIBLE,0.90016408944846,1,PASS,PASS,PASS
CAL_005013,REG_004662,2010-12-21 12:00:00,E0036,0.249573911352503,COMMITTED_ANGULAR_INTERIOR,-503.936167241439,-2159.19570196448,3.25,CONVERGED_FEASIBLE,0.900165495097218,1,PASS,PASS,PASS
CAL_005014,REG_004663,2010-12-21 12:00:00,E0036,0.299416131092952,COMMITTED_ANGULAR_INTERIOR,-493.212685755944,-2163.77115422852,3.25,CONVERGED_FEASIBLE,0.900166630224573,1,PASS,PASS,PASS
CAL_005015,REG_004665,2010-12-21 12:00:00,E0036,0.349251911663471,COMMITTED_ANGULAR_INTERIOR,-482.490589648546,-2168.34601538497,3.25,CONVERGED_FEASIBLE,0.900167495929364,1,PASS,PASS,PASS
CAL_005016,REG_004667,2010-12-21 12:00:00,E0036,0.399088844227753,COMMITTED_ANGULAR_INTERIOR,-471.768245691356,-2172.92098229298,3.25,CONVERGED_FEASIBLE,0.900168093140391,1,PASS,PASS,PASS
CAL_005017,REG_004668,2010-12-21 12:00:00,E0036,0.448934520651437,COMMITTED_ANGULAR_INTERIOR,-461.044020505463,-2177.49675187614,3.25,CONVERGED_FEASIBLE,0.900168422617753,1,PASS,PASS,PASS
CAL_005018,REG_004670,2010-12-21 12:00:00,E0036,0.498796538128919,COMMITTED_ANGULAR_INTERIOR,-450.316279565481,-2182.07402154721,3.25,CONVERGED_FEASIBLE,0.900168484953967,1,PASS,PASS,PASS
CAL_005019,REG_004672,2010-12-21 12:00:00,E0036,0.548682503817039,COMMITTED_ANGULAR_INTERIOR,-439.583386202619,-2186.65348963351,3.25,CONVERGED_FEASIBLE,0.900168280574853,1,PASS,PASS,PASS
CAL_005020,REG_004674,2010-12-21 12:00:00,E0036,0.598600039481706,COMMITTED_ANGULAR_INTERIOR,-428.843700604965,-2191.23585580343,3.25,CONVERGED_FEASIBLE,0.900167809740203,1,PASS,PASS,PASS
CAL_005021,REG_004675,2010-12-21 12:00:00,E0036,0.64855678616345,COMMITTED_ANGULAR_INTERIOR,-418.095578813702,-2195.82182149475,3.25,CONVERGED_FEASIBLE,0.900167072544223,1,PASS,PASS,PASS
CAL_005022,REG_004677,2010-12-21 12:00:00,E0036,0.698560408868013,COMMITTED_ANGULAR_INTERIOR,-407.337371713931,-2200.41209034525,3.25,CONVERGED_FEASIBLE,0.900166068915763,1,PASS,PASS,PASS
CAL_005023,REG_004679,2010-12-21 12:00:00,E0036,0.748618601288104,COMMITTED_ANGULAR_INTERIOR,-396.567424018794,-2205.00736862609,3.25,CONVERGED_FEASIBLE,0.900164798618314,1,PASS,PASS,PASS
CAL_005024,REG_004681,2010-12-21 12:00:00,E0036,0.79873909056252,COMMITTED_ANGULAR_INTERIOR,-385.784073245554,-2209.60836567878,3.25,CONVERGED_FEASIBLE,0.900163261249799,1,PASS,PASS,PASS
CAL_005025,REG_004682,2010-12-21 12:00:00,E0036,0.848929642078922,COMMITTED_ANGULAR_INTERIOR,-374.985648682289,-2214.21579435602,3.25,CONVERGED_FEASIBLE,0.900161456242136,1,PASS,PASS,PASS
CAL_005026,REG_004684,2010-12-21 12:00:00,E0036,0.899198064326669,COMMITTED_ANGULAR_INTERIOR,-364.170470343807,-2218.83037146717,3.25,CONVERGED_FEASIBLE,0.900159382860583,1,PASS,PASS,PASS
CAL_005027,REG_004686,2010-12-21 12:00:00,E0036,0.949552213806181,COMMITTED_ANGULAR_INTERIOR,-353.336847915407,-2223.45281822897,3.25,CONVERGED_FEASIBLE,0.900157040202861,1,PASS,PASS,PASS
CAL_005028,REG_004688,2010-12-21 12:00:00,E0037,0,OUTER_VERTEX_ENDPOINT_A_ONCE_PER_EDGE,-342.483079683359,-2228.08386072183,3.5,CONVERGED_FEASIBLE,0.900154427198049,1,PASS,PASS,PASS
CAL_005029,REG_004688,2010-12-21 12:00:00,E0037,1.42295676432376e-12,COMMITTED_ANGULAR_INTERIOR,-342.48307968292,-2228.08386072201,3.5,CONVERGED_FEASIBLE,0.900154427198049,1,PASS,PASS,PASS
CAL_005030,REG_004690,2010-12-21 12:00:00,E0037,0.0486136601460524,COMMITTED_ANGULAR_INTERIOR,-327.475445960557,-2234.26983783718,3.5,CONVERGED_FEASIBLE,0.900159121838064,1,PASS,PASS,PASS
CAL_005031,REG_004691,2010-12-21 12:00:00,E0037,0.097324728460481,COMMITTED_ANGULAR_INTERIOR,-312.437741140286,-2240.46820991926,3.5,CONVERGED_FEASIBLE,0.900163322522551,1,PASS,PASS,PASS
CAL_005032,REG_004693,2010-12-21 12:00:00,E0037,0.146140940408154,COMMITTED_ANGULAR_INTERIOR,-297.367577189571,-2246.67996128831,3.5,CONVERGED_FEASIBLE,0.900167028691465,1,PASS,PASS,PASS
CAL_005033,REG_004695,2010-12-21 12:00:00,E0037,0.195070096987266,COMMITTED_ANGULAR_INTERIOR,-282.262545844496,-2252.90608460349,3.5,CONVERGED_FEASIBLE,0.900170239469301,1,PASS,PASS,PASS
CAL_005034,REG_004697,2010-12-21 12:00:00,E0037,0.244120069827439,COMMITTED_ANGULAR_INTERIOR,-267.120217036356,-2259.14758151169,3.5,CONVERGED_FEASIBLE,0.90017295366318,1,PASS,PASS,PASS
CAL_005035,REG_004699,2010-12-21 12:00:00,E0037,0.293298806381111,COMMITTED_ANGULAR_INTERIOR,-251.938137289011,-2265.40546330806,3.5,CONVERGED_FEASIBLE,0.900175169760476,1,PASS,PASS,PASS
CAL_005036,REG_004701,2010-12-21 12:00:00,E0037,0.342614335217095,COMMITTED_ANGULAR_INTERIOR,-236.713828084701,-2271.68075160963,3.5,CONVERGED_FEASIBLE,0.900176885926016,1,PASS,PASS,PASS
CAL_005037,REG_004702,2010-12-21 12:00:00,E0037,0.392074771423972,COMMITTED_ANGULAR_INTERIOR,-221.444784195952,-2277.97447904286,3.5,CONVERGED_FEASIBLE,0.900178099998813,1,PASS,PASS,PASS
CAL_005038,REG_004704,2010-12-21 12:00:00,E0037,0.441688322131274,COMMITTED_ANGULAR_INTERIOR,-206.128471981116,-2284.28768994623,3.5,CONVERGED_FEASIBLE,0.900178809488345,1,PASS,PASS,PASS
CAL_005039,REG_004706,2010-12-21 12:00:00,E0037,0.491463292156662,COMMITTED_ANGULAR_INTERIOR,-190.762327641023,-2290.62144108879,3.5,CONVERGED_FEASIBLE,0.900179011570362,1,PASS,PASS,PASS
CAL_005040,REG_004708,2010-12-21 12:00:00,E0037,0.541408089787636,COMMITTED_ANGULAR_INTERIOR,-175.343755434091,-2296.97680240591,3.5,CONVERGED_FEASIBLE,0.90017870308221,1,PASS,PASS,PASS
CAL_005041,REG_004710,2010-12-21 12:00:00,E0037,0.591531232706595,COMMITTED_ANGULAR_INTERIOR,-159.870125847193,-2303.35485775321,3.5,CONVERGED_FEASIBLE,0.900177880517666,1,PASS,PASS,PASS
CAL_005042,REG_004712,2010-12-21 12:00:00,E0037,0.64184135406846,COMMITTED_ANGULAR_INTERIOR,-144.338773719412,-2309.7567056799,3.5,CONVERGED_FEASIBLE,0.900176540021256,1,PASS,PASS,PASS
CAL_005043,REG_004714,2010-12-21 12:00:00,E0037,0.692347208740399,COMMITTED_ANGULAR_INTERIOR,-128.746996315771,-2316.18346022283,3.5,CONVERGED_FEASIBLE,0.900174677382069,1,PASS,PASS,PASS
CAL_005044,REG_004716,2010-12-21 12:00:00,E0037,0.743057679713628,COMMITTED_ANGULAR_INTERIOR,-113.092051347822,-2322.63625172231,3.5,CONVERGED_FEASIBLE,0.900172288027016,1,PASS,PASS,PASS
CAL_005045,REG_004718,2010-12-21 12:00:00,E0037,0.793981784697663,COMMITTED_ANGULAR_INTERIOR,-97.3711549379273,-2329.11622766126,3.5,CONVERGED_FEASIBLE,0.900169367013548,1,PASS,PASS,PASS
CAL_005046,REG_004720,2010-12-21 12:00:00,E0037,0.845128682907865,COMMITTED_ANGULAR_INTERIOR,-81.5814795238558,-2335.62455352891,3.5,CONVERGED_FEASIBLE,0.900165909021794,1,PASS,PASS,PASS
CAL_005047,REG_004722,2010-12-21 12:00:00,E0037,0.89650768205761,COMMITTED_ANGULAR_INTERIOR,-65.7201517002164,-2342.16241371049,3.5,CONVERGED_FEASIBLE,0.900161908346109,1,PASS,PASS,PASS
CAL_005048,REG_004724,2010-12-21 12:00:00,E0037,0.948128245566926,COMMITTED_ANGULAR_INTERIOR,-49.7842499930629,-2348.73101240458,3.5,CONVERGED_FEASIBLE,0.900157358886005,1,PASS,PASS,PASS
CAL_005054,REG_004735,2010-12-21 12:00:00,E0039,0,OUTER_VERTEX_ENDPOINT_A_ONCE_PER_EDGE,-33.7708025638444,-2355.33157456945,3.5,CONVERGED_FEASIBLE,0.900152254136444,1,PASS,PASS,PASS
CAL_005055,REG_004738,2010-12-21 12:00:00,E0039,0.0313270382338643,COMMITTED_ANGULAR_INTERIOR,-24.9242602196393,-2358.84256402439,3.5,CONVERGED_FEASIBLE,0.900154678419516,1,PASS,PASS,PASS
CAL_005056,REG_004740,2010-12-21 12:00:00,E0039,0.0929694087943869,COMMITTED_ANGULAR_INTERIOR,-7.51687439242262,-2365.75115561864,3.5,CONVERGED_FEASIBLE,0.900158979694001,1,PASS,PASS,PASS
CAL_005057,REG_004742,2010-12-21 12:00:00,E0039,0.154972309417054,COMMITTED_ANGULAR_INTERIOR,9.99232267010172,-2372.70015375362,3.5,CONVERGED_FEASIBLE,0.900162680857689,1,PASS,PASS,PASS
CAL_005058,REG_004744,2010-12-21 12:00:00,E0039,0.217348440397787,COMMITTED_ANGULAR_INTERIOR,27.606917445047,-2379.69098181971,3.5,CONVERGED_FEASIBLE,0.900165774099416,1,PASS,PASS,PASS
CAL_005059,REG_004746,2010-12-21 12:00:00,E0039,0.280110769799792,COMMITTED_ANGULAR_INTERIOR,45.3305720251849,-2386.72509321743,3.5,CONVERGED_FEASIBLE,0.900168251101555,1,PASS,PASS,PASS
CAL_005060,REG_004748,2010-12-21 12:00:00,E0039,0.343272545167885,COMMITTED_ANGULAR_INTERIOR,63.1670274269913,-2393.80397267028,3.5,CONVERGED_FEASIBLE,0.90017010302424,1,PASS,PASS,PASS
CAL_005061,REG_004750,2010-12-21 12:00:00,E0039,0.40684730569479,COMMITTED_ANGULAR_INTERIOR,81.1201070263259,-2400.92913758832,3.5,CONVERGED_FEASIBLE,0.900171320488601,1,PASS,PASS,PASS
CAL_005062,REG_004752,2010-12-21 12:00:00,E0039,0.470848894864286,COMMITTED_ANGULAR_INTERIOR,99.1937201287708,-2408.10213948514,3.5,CONVERGED_FEASIBLE,0.900171893558947,1,PASS,PASS,PASS
CAL_005063,REG_004754,2010-12-21 12:00:00,E0039,0.535291473597486,COMMITTED_ANGULAR_INTERIOR,117.391865682051,-2415.32456545123,3.5,CONVERGED_FEASIBLE,0.900171811723847,1,PASS,PASS,PASS
CAL_005064,REG_004756,2010-12-21 12:00:00,E0039,0.600189533930016,COMMITTED_ANGULAR_INTERIOR,135.718636138374,-2422.59803968688,3.5,CONVERGED_FEASIBLE,0.900171063876059,1,PASS,PASS,PASS
CAL_005065,REG_004758,2010-12-21 12:00:00,E0039,0.665557913249481,COMMITTED_ANGULAR_INTERIOR,154.178221474998,-2429.92422509782,3.5,CONVERGED_FEASIBLE,0.900169638291236,1,PASS,PASS,PASS
CAL_005066,REG_004761,2010-12-21 12:00:00,E0039,0.731411809124276,COMMITTED_ANGULAR_INTERIOR,172.774913381783,-2437.30482495717,3.5,CONVERGED_FEASIBLE,0.900167522605344,1,PASS,PASS,PASS
CAL_005067,REG_004763,2010-12-21 12:00:00,E0039,0.797766794756667,COMMITTED_ANGULAR_INTERIOR,191.513109625037,-2444.74158463737,3.5,CONVERGED_FEASIBLE,0.900164703790728,1,PASS,PASS,PASS
CAL_005068,REG_004765,2010-12-21 12:00:00,E0039,0.86463883509499,COMMITTED_ANGULAR_INTERIOR,210.397318597492,-2452.23629341594,3.5,CONVERGED_FEASIBLE,0.900161168130737,1,PASS,PASS,PASS
CAL_005069,REG_004767,2010-12-21 12:00:00,E0039,0.932044303641916,COMMITTED_ANGULAR_INTERIOR,229.432164064841,-2459.79078635927,3.5,CONVERGED_FEASIBLE,0.900156901192846,1,PASS,PASS,PASS
CAL_005070,REG_004769,2010-12-21 12:00:00,E0039,0.999999999997989,COMMITTED_ANGULAR_INTERIOR,248.62239011992,-2467.40694628884,3.5,CONVERGED_FEASIBLE,0.900151887800162,1,PASS,PASS,PASS
CAL_005071,REG_004769,2010-12-21 12:00:00,E0040,0,OUTER_VERTEX_ENDPOINT_A_ONCE_PER_EDGE,248.622390120488,-2467.40694628906,3.25,CONVERGED_FEASIBLE,0.900151887800162,1,PASS,PASS,PASS
CAL_005072,REG_004771,2010-12-21 12:00:00,E0040,0.0456177335666063,COMMITTED_ANGULAR_INTERIOR,262.268966331775,-2472.62995865283,3.25,CONVERGED_FEASIBLE,0.9001557207323,1,PASS,PASS,PASS
CAL_005073,REG_004774,2010-12-21 12:00:00,E0040,0.0916159500638902,COMMITTED_ANGULAR_INTERIOR,276.029364272128,-2477.89653449281,3.25,CONVERGED_FEASIBLE,0.900159225544196,1,PASS,PASS,PASS
CAL_005074,REG_004776,2010-12-21 12:00:00,E0040,0.138006524753301,COMMITTED_ANGULAR_INTERIOR,289.907136434134,-2483.20803346966,3.25,CONVERGED_FEASIBLE,0.900162395122421,1,PASS,PASS,PASS
CAL_005075,REG_004778,2010-12-21 12:00:00,E0040,0.184801656927929,COMMITTED_ANGULAR_INTERIOR,303.905932244669,-2488.5658523441,3.25,CONVERGED_FEASIBLE,0.900165221966394,1,PASS,PASS,PASS
CAL_005076,REG_004780,2010-12-21 12:00:00,E0040,0.23201388393196,COMMITTED_ANGULAR_INTERIOR,318.029502258826,-2493.97142658208,3.25,CONVERGED_FEASIBLE,0.900167698171457,1,PASS,PASS,PASS
CAL_005077,REG_004783,2010-12-21 12:00:00,E0040,0.27965609583152,COMMITTED_ANGULAR_INTERIOR,332.281702548706,-2499.42623203456,3.25,CONVERGED_FEASIBLE,0.900169815410927,1,PASS,PASS,PASS
CAL_005078,REG_004785,2010-12-21 12:00:00,E0040,0.327741550773371,COMMITTED_ANGULAR_INTERIOR,346.666499297985,-2504.93178669593,3.25,CONVERGED_FEASIBLE,0.900171564917048,1,PASS,PASS,PASS
CAL_005079,REG_004787,2010-12-21 12:00:00,E0040,0.376283891071661,COMMITTED_ANGULAR_INTERIOR,361.187973614275,-2510.48965254592,3.25,CONVERGED_FEASIBLE,0.90017293746079,1,PASS,PASS,PASS
CAL_005080,REG_004790,2010-12-21 12:00:00,E0040,0.425297160065623,COMMITTED_ANGULAR_INTERIOR,375.850326572118,-2516.10143747975,3.25,CONVERGED_FEASIBLE,0.900173923330396,1,PASS,PASS,PASS
CAL_005081,REG_004792,2010-12-21 12:00:00,E0040,0.474795819793891,COMMITTED_ANGULAR_INTERIOR,390.657884500267,-2521.76879733166,3.25,CONVERGED_FEASIBLE,0.90017451230862,1,PASS,PASS,PASS
CAL_005082,REG_004794,2010-12-21 12:00:00,E0040,0.524794769534179,COMMITTED_ANGULAR_INTERIOR,405.615104527845,-2527.49343799772,3.25,CONVERGED_FEASIBLE,0.900174693648555,1,PASS,PASS,PASS
CAL_005083,REG_004797,2010-12-21 12:00:00,E0040,0.575309365260331,COMMITTED_ANGULAR_INTERIOR,420.726580404935,-2533.27711766351,3.25,CONVERGED_FEASIBLE,0.90017445604796,1,PASS,PASS,PASS
CAL_005084,REG_004799,2010-12-21 12:00:00,E0040,0.626355440072286,COMMITTED_ANGULAR_INTERIOR,435.997048614219,-2539.12164914325,3.25,CONVERGED_FEASIBLE,0.900173787621988,1,PASS,PASS,PASS
CAL_005085,REG_004801,2010-12-21 12:00:00,E0040,0.677949325658296,COMMITTED_ANGULAR_INTERIOR,451.431394791411,-2545.02890233717,3.25,CONVERGED_FEASIBLE,0.900172675874203,1,PASS,PASS,PASS
CAL_005086,REG_004804,2010-12-21 12:00:00,E0040,0.730107874852855,COMMITTED_ANGULAR_INTERIOR,467.034660473483,-2551.00080681422,3.25,CONVERGED_FEASIBLE,0.900171107665769,1,PASS,PASS,PASS
CAL_005087,REG_004806,2010-12-21 12:00:00,E0040,0.782848485358193,COMMITTED_ANGULAR_INTERIOR,482.812050194961,-2557.03935452812,3.25,CONVERGED_FEASIBLE,0.900169069182686,1,PASS,PASS,PASS
CAL_005088,REG_004809,2010-12-21 12:00:00,E0040,0.836189124702009,COMMITTED_ANGULAR_INTERIOR,498.768938954052,-2563.14660267488,3.25,CONVERGED_FEASIBLE,0.900166545900936,1,PASS,PASS,PASS
CAL_005089,REG_004811,2010-12-21 12:00:00,E0040,0.890148356509243,COMMITTED_ANGULAR_INTERIOR,514.910880071858,-2569.32467670078,3.25,CONVERGED_FEASIBLE,0.900163522549392,1,PASS,PASS,PASS
CAL_005090,REG_004813,2010-12-21 12:00:00,E0040,0.944745368171291,COMMITTED_ANGULAR_INTERIOR,531.243613469646,-2575.57577347041,3.25,CONVERGED_FEASIBLE,0.900159983070318,1,PASS,PASS,PASS
CAL_005091,REG_004816,2010-12-21 12:00:00,E0041,0,OUTER_VERTEX_ENDPOINT_A_ONCE_PER_EDGE,547.77307439028,-2581.90216460458,3.5,CONVERGED_FEASIBLE,0.900155910577315,1,PASS,PASS,PASS
CAL_005092,REG_004816,2010-12-21 12:00:00,E0041,3.54788600690671e-12,COMMITTED_ANGULAR_INTERIOR,547.773074391084,-2581.90216460488,3.5,CONVERGED_FEASIBLE,0.900155910577315,1,PASS,PASS,PASS
CAL_005093,REG_004818,2010-12-21 12:00:00,E0041,0.0943086186065199,COMMITTED_ANGULAR_INTERIOR,569.159997346381,-2589.85251769671,3.5,CONVERGED_FEASIBLE,0.900159496794757,1,PASS,PASS,PASS
CAL_005094,REG_004821,2010-12-21 12:00:00,E0041,0.189778549904477,COMMITTED_ANGULAR_INTERIOR,590.810278046734,-2597.90077113012,3.5,CONVERGED_FEASIBLE,0.900162298543761,1,PASS,PASS,PASS
CAL_005095,REG_004823,2010-12-21 12:00:00,E0041,0.286446191486364,COMMITTED_ANGULAR_INTERIOR,612.732170588557,-2606.04999327455,3.5,CONVERGED_FEASIBLE,0.900164289675252,1,PASS,PASS,PASS
CAL_005096,REG_004826,2010-12-21 12:00:00,E0041,0.384349229519369,COMMITTED_ANGULAR_INTERIOR,634.934221286768,-2614.30336112847,3.5,CONVERGED_FEASIBLE,0.900165442615174,1,PASS,PASS,PASS
CAL_005097,REG_004828,2010-12-21 12:00:00,E0041,0.483526700898376,COMMITTED_ANGULAR_INTERIOR,657.425282768789,-2622.66416555863,3.5,CONVERGED_FEASIBLE,0.900165728284538,1,PASS,PASS,PASS
CAL_005098,REG_004831,2010-12-21 12:00:00,E0041,0.584019058916927,COMMITTED_ANGULAR_INTERIOR,680.214528867143,-2631.13581683625,3.5,CONVERGED_FEASIBLE,0.900165116013994,1,PASS,PASS,PASS
CAL_005099,REG_004833,2010-12-21 12:00:00,E0041,0.68586824269774,COMMITTED_ANGULAR_INTERIOR,703.311470364614,-2639.72185049009,3.5,CONVERGED_FEASIBLE,0.900163573452512,1,PASS,PASS,PASS
CAL_005100,REG_004836,2010-12-21 12:00:00,E0041,0.789117750639366,COMMITTED_ANGULAR_INTERIOR,726.725971650186,-2648.42593349812,3.5,CONVERGED_FEASIBLE,0.900161066469728,1,PASS,PASS,PASS
CAL_005101,REG_004839,2010-12-21 12:00:00,E0041,0.893812718155627,COMMITTED_ANGULAR_INTERIOR,750.468268348476,-2657.2518708411,3.5,CONVERGED_FEASIBLE,0.900157559051436,1,PASS,PASS,PASS
CAL_005102,REG_004841,2010-12-21 12:00:00,E0042,0,OUTER_VERTEX_ENDPOINT_A_ONCE_PER_EDGE,774.548985988915,-2666.20361244256,3.5,CONVERGED_FEASIBLE,0.900153013187694,1,PASS,PASS,PASS
CAL_005103,REG_004841,2010-12-21 12:00:00,E0042,5.54863833664293e-12,COMMITTED_ANGULAR_INTERIOR,774.548985990207,-2666.20361244302,3.5,CONVERGED_FEASIBLE,0.900153013187695,1,PASS,PASS,PASS
CAL_005104,REG_004844,2010-12-21 12:00:00,E0042,0.0933086991900065,COMMITTED_ANGULAR_INTERIOR,796.269868822053,-2674.04831447092,3.5,CONVERGED_FEASIBLE,0.900157460516968,1,PASS,PASS,PASS
CAL_005105,REG_004846,2010-12-21 12:00:00,E0042,0.187976487201754,COMMITTED_ANGULAR_INTERIOR,818.30712739843,-2682.0072785877,3.5,CONVERGED_FEASIBLE,0.900161158212999,1,PASS,PASS,PASS
CAL_005106,REG_004849,2010-12-21 12:00:00,E0042,0.284048015116327,COMMITTED_ANGULAR_INTERIOR,840.67115582823,-2690.08425872397,3.5,CONVERGED_FEASIBLE,0.900164075632197,1,PASS,PASS,PASS
CAL_005107,REG_004851,2010-12-21 12:00:00,E0042,0.38156970222822,COMMITTED_ANGULAR_INTERIOR,863.372759835525,-2698.28315746908,3.5,CONVERGED_FEASIBLE,0.900166180339285,1,PASS,PASS,PASS
CAL_005108,REG_004854,2010-12-21 12:00:00,E0042,0.480589828477196,COMMITTED_ANGULAR_INTERIOR,886.423178275041,-2706.60803384156,3.5,CONVERGED_FEASIBLE,0.900167437993997,1,PASS,PASS,PASS
CAL_005109,REG_004857,2010-12-21 12:00:00,E0042,0.581158632643848,COMMITTED_ANGULAR_INTERIOR,909.834105990627,-2715.06311154476,3.5,CONVERGED_FEASIBLE,0.900167812229283,1,PASS,PASS,PASS
CAL_005110,REG_004860,2010-12-21 12:00:00,E0042,0.683328416741426,COMMITTED_ANGULAR_INTERIOR,933.617718116132,-2723.65278774329,3.5,CONVERGED_FEASIBLE,0.900167264520217,1,PASS,PASS,PASS
CAL_005111,REG_004862,2010-12-21 12:00:00,E0042,0.787153657067351,COMMITTED_ANGULAR_INTERIOR,957.786695926545,-2732.3816423994,3.5,CONVERGED_FEASIBLE,0.900165754043359,1,PASS,PASS,PASS
CAL_005112,REG_004865,2010-12-21 12:00:00,E0042,0.892691122417824,COMMITTED_ANGULAR_INTERIOR,982.354254356612,-2741.25444821161,3.5,CONVERGED_FEASIBLE,0.900163237524345,1,PASS,PASS,PASS
CAL_005113,REG_004868,2010-12-21 12:00:00,E0043,0,OUTER_VERTEX_ENDPOINT_A_ONCE_PER_EDGE,1007.33417131132,-2750.27618120047,3.5,CONVERGED_FEASIBLE,0.900159669074561,1,PASS,PASS,PASS
CAL_005114,REG_004868,2010-12-21 12:00:00,E0043,1.0823984550749e-11,COMMITTED_ANGULAR_INTERIOR,1007.33417131429,-2750.27618120152,3.5,CONVERGED_FEASIBLE,0.900159669074561,1,PASS,PASS,PASS
CAL_005115,REG_004873,2010-12-21 12:00:00,E0043,0.0921517664408454,COMMITTED_ANGULAR_INTERIOR,1032.62953116667,-2759.18049102729,3.5,CONVERGED_FEASIBLE,0.900164516574281,1,PASS,PASS,PASS
CAL_005116,REG_004879,2010-12-21 12:00:00,E0043,0.185886415144241,COMMITTED_ANGULAR_INTERIOR,1058.35938704946,-2768.23774935016,3.5,CONVERGED_FEASIBLE,0.900168393140455,1,PASS,PASS,PASS
CAL_005117,REG_004884,2010-12-21 12:00:00,E0043,0.281259734607477,COMMITTED_ANGULAR_INTERIOR,1084.53905272055,-2777.45334682064,3.5,CONVERGED_FEASIBLE,0.900171251338904,1,PASS,PASS,PASS
CAL_005118,REG_004890,2010-12-21 12:00:00,E0043,0.37832998929683,COMMITTED_ANGULAR_INTERIOR,1111.18452158623,-2786.83291333472,3.5,CONVERGED_FEASIBLE,0.900173040713935,1,PASS,PASS,PASS
CAL_005119,REG_004896,2010-12-21 12:00:00,E0043,0.477158062062451,COMMITTED_ANGULAR_INTERIOR,1138.31250579066,-2796.38233179386,3.5,CONVERGED_FEASIBLE,0.900173707574037,1,PASS,PASS,PASS
CAL_005120,REG_004902,2010-12-21 12:00:00,E0043,0.577807606412641,COMMITTED_ANGULAR_INTERIOR,1165.9404780146,-2806.10775281872,3.5,CONVERGED_FEASIBLE,0.900173194759793,1,PASS,PASS,PASS
CAL_005121,REG_004909,2010-12-21 12:00:00,E0043,0.680345209467768,COMMITTED_ANGULAR_INTERIOR,1194.08671620581,-2816.01561049487,3.5,CONVERGED_FEASIBLE,0.900171441392331,1,PASS,PASS,PASS
CAL_005122,REG_004915,2010-12-21 12:00:00,E0043,0.784840566479953,COMMITTED_ANGULAR_INTERIOR,1222.77035148407,-2826.11263923602,3.5,CONVERGED_FEASIBLE,0.900168382600465,1,PASS,PASS,PASS
CAL_005123,REG_004922,2010-12-21 12:00:00,E0043,0.891366667889644,COMMITTED_ANGULAR_INTERIOR,1252.01141948764,-2836.40589185862,3.5,CONVERGED_FEASIBLE,0.900163949224439,1,PASS,PASS,PASS
CAL_005124,REG_004929,2010-12-21 12:00:00,E0043,0.999999999984446,COMMITTED_ANGULAR_INTERIOR,1281.83091545343,-2846.9027589709,3.5,CONVERGED_FEASIBLE,0.900158067493997,1,PASS,PASS,PASS
CAL_005125,REG_004929,2010-12-21 12:00:00,E0044,0,OUTER_VERTEX_ENDPOINT_A_ONCE_PER_EDGE,1281.8309154577,-2846.90275897241,3.5,CONVERGED_FEASIBLE,0.900158067493997,1,PASS,PASS,PASS
CAL_005126,REG_004936,2010-12-21 12:00:00,E0044,0.0908217242746399,COMMITTED_ANGULAR_INTERIOR,1313.87075096176,-2857.817973803,3.5,CONVERGED_FEASIBLE,0.900165191700502,1,PASS,PASS,PASS
CAL_005127,REG_004943,2010-12-21 12:00:00,E0044,0.183476904679373,COMMITTED_ANGULAR_INTERIOR,1346.55738802438,-2868.95353864018,3.5,CONVERGED_FEASIBLE,0.900170856493546,1.00076200137257,PASS,PASS,PASS
CAL_005128,REG_004949,2010-12-21 12:00:00,E0044,0.278036175112199,COMMITTED_ANGULAR_INTERIOR,1379.91574467581,-2880.31794246803,3.5,CONVERGED_FEASIBLE,0.900174977491279,1.00197055413473,PASS,PASS,PASS
CAL_005129,REG_004956,2010-12-21 12:00:00,E0044,0.374573695083158,COMMITTED_ANGULAR_INTERIOR,1413.97198270192,-2891.92009798876,3.5,CONVERGED_FEASIBLE,0.90017746434877,1.00320001670225,PASS,PASS,PASS
CAL_005130,REG_004963,2010-12-21 12:00:00,E0044,0.473167375518948,COMMITTED_ANGULAR_INTERIOR,1448.75358730293,-2903.7693687606,3.5,CONVERGED_FEASIBLE,0.900178220281784,1.00445114005476,PASS,PASS,PASS
CAL_005131,REG_004970,2010-12-21 12:00:00,E0044,0.573899122103047,COMMITTED_ANGULAR_INTERIOR,1484.28945293824,-2915.87559844307,3.5,CONVERGED_FEASIBLE,0.900177141546308,1.00572470929777,PASS,PASS,PASS
CAL_005132,REG_004977,2010-12-21 12:00:00,E0044,0.676855097747291,COMMITTED_ANGULAR_INTERIOR,1520.60997592045,-2928.24914234157,3.5,CONVERGED_FEASIBLE,0.900174116869134,1.0070215456826,PASS,PASS,PASS
CAL_005133,REG_004984,2010-12-21 12:00:00,E0044,0.782126005974598,COMMITTED_ANGULAR_INTERIOR,1557.74715438632,-2940.90090146517,3.5,CONVERGED_FEASIBLE,0.900169026824224,1.00834250877078,PASS,PASS,PASS
CAL_005134,REG_004991,2010-12-21 12:00:00,E0044,0.889807397184266,COMMITTED_ANGULAR_INTERIOR,1595.73469634019,-2953.8423593344,3.5,CONVERGED_FEASIBLE,0.900161743148925,1.00968849875537,PASS,PASS,PASS
CAL_005135,REG_004997,2010-12-21 12:00:00,E0044,0.999999999986482,COMMITTED_ANGULAR_INTERIOR,1634.60813654125,-2967.08562180199,3.5,CONVERGED_FEASIBLE,0.900152127993399,1.01106045895268,PASS,PASS,PASS
CAL_005136,REG_004997,2010-12-21 12:00:00,E0045,0,OUTER_VERTEX_ENDPOINT_A_ONCE_PER_EDGE,1634.60813654602,-2967.08562180361,3.25,CONVERGED_FEASIBLE,0.900152127993397,1.01106045895284,PASS,PASS,PASS
CAL_005137,REG_005003,2010-12-21 12:00:00,E0045,0.0892497051724229,COMMITTED_ANGULAR_INTERIOR,1670.1332139011,-2978.72347167833,3.25,CONVERGED_FEASIBLE,0.900160686649481,1.01231744757031,PASS,PASS,PASS
CAL_005138,REG_005009,2010-12-21 12:00:00,E0045,0.180619737458361,COMMITTED_ANGULAR_INTERIOR,1706.50226922317,-2990.637804804,3.25,CONVERGED_FEASIBLE,0.90016759924619,1.013599625012,PASS,PASS,PASS
CAL_005139,REG_005014,2010-12-21 12:00:00,E0045,0.274200989095069,COMMITTED_ANGULAR_INTERIOR,1743.75148138534,-3002.84047321093,3.25,CONVERGED_FEASIBLE,0.900172750744091,1.01490796963257,PASS,PASS,PASS
CAL_005140,REG_005020,2010-12-21 12:00:00,E0045,0.370089496042014,COMMITTED_ANGULAR_INTERIOR,1781.91907667512,-3015.34399965288,3.25,CONVERGED_FEASIBLE,0.900176016864803,1.01624350917133,PASS,PASS,PASS
CAL_005141,REG_005025,2010-12-21 12:00:00,E0045,0.468386809759738,COMMITTED_ANGULAR_INTERIOR,1821.04547677776,-3028.16162608565,3.25,CONVERGED_FEASIBLE,0.900177263247516,1.01760732396823,PASS,PASS,PASS
CAL_005142,REG_005030,2010-12-21 12:00:00,E0045,0.569200401672047,COMMITTED_ANGULAR_INTERIOR,1861.17345976896,-3041.30736640759,3.25,CONVERGED_FEASIBLE,0.900176344516323,1.01900055043474,PASS,PASS,PASS
CAL_005143,REG_005034,2010-12-21 12:00:00,E0045,0.672644103701715,COMMITTED_ANGULAR_INTERIOR,1902.34833546631,-3054.7960639039,3.25,CONVERGED_FEASIBLE,0.900173103247577,1.02042438480312,PASS,PASS,PASS
CAL_005144,REG_005039,2010-12-21 12:00:00,E0045,0.778838588691272,COMMITTED_ANGULAR_INTERIOR,1944.61813665668,-3068.64345389184,3.25,CONVERGED_FEASIBLE,0.900167368824963,1.02188008718069,PASS,PASS,PASS
CAL_005145,REG_005043,2010-12-21 12:00:00,E0045,0.88791189498763,COMMITTED_ANGULAR_INTERIOR,1988.03382790256,-3082.86623212471,3.25,CONVERGED_FEASIBLE,0.900158956168278,1.02336898593848,PASS,PASS,PASS
CAL_005146,REG_005048,2010-12-21 12:00:00,E0046,0,OUTER_VERTEX_ENDPOINT_A_ONCE_PER_EDGE,2032.64953384194,-3097.4821295818,0,CONVERGED_FEASIBLE,0.900147664319911,1.02489248246706,PASS,FAIL,FAIL
CAL_005147,REG_005050,2010-12-21 12:00:00,E0046,0.0475576080412098,COMMITTED_ANGULAR_INTERIOR,2054.84182594809,-3077.68454378397,0,CONVERGED_FEASIBLE,0.901266336953443,1.02610792504687,PASS,PASS,PASS
CAL_005148,REG_005052,2010-12-21 12:00:00,E0046,0.0953165228870013,COMMITTED_ANGULAR_INTERIOR,2077.12805590339,-3057.80315669968,0,CONVERGED_FEASIBLE,0.9023859541295,1.02732499480162,PASS,PASS,PASS
CAL_005149,REG_005055,2010-12-21 12:00:00,E0046,0.143285346797444,COMMITTED_ANGULAR_INTERIOR,2099.51223786828,-3037.83438732497,0,CONVERGED_FEASIBLE,0.903506702571661,1.02854389367986,PASS,PASS,PASS
CAL_005150,REG_005057,2010-12-21 12:00:00,E0046,0.191472822052802,COMMITTED_ANGULAR_INTERIOR,2121.99845134222,-3017.77459636741,0,CONVERGED_FEASIBLE,0.904628769705077,1.02976482479637,PASS,PASS,PASS
CAL_005151,REG_005059,2010-12-21 12:00:00,E0046,0.239887837737391,COMMITTED_ANGULAR_INTERIOR,2144.59084432938,-2997.62008342201,0,CONVERGED_FEASIBLE,0.905752343787436,1.03098799257334,PASS,PASS,PASS
CAL_005152,REG_005061,2010-12-21 12:00:00,E0046,0.288539436738558,COMMITTED_ANGULAR_INTERIOR,2167.29363660458,-2977.3670840577,0,CONVERGED_FEASIBLE,0.906877614041029,1.03221360288323,PASS,PASS,PASS
CAL_005153,REG_005064,2010-12-21 12:00:00,E0046,0.337436822973922,COMMITTED_ANGULAR_INTERIOR,2190.11112308586,-2957.01176680867,0,CONVERGED_FEASIBLE,0.908004770786152,1.03344186319374,PASS,PASS,PASS
CAL_005154,REG_005066,2010-12-21 12:00:00,E0046,0.386589368859737,COMMITTED_ANGULAR_INTERIOR,2213.04767731949,-2936.55023006543,0,CONVERGED_FEASIBLE,0.909134005576046,1.034672982715,PASS,PASS,PASS
CAL_005155,REG_005068,2010-12-21 12:00:00,E0046,0.436006623033883,COMMITTED_ANGULAR_INTERIOR,2236.10775508384,-2915.97849885982,0,CONVERGED_FEASIBLE,0.910265511333584,1.03590717254925,PASS,PASS,PASS
CAL_005156,REG_005070,2010-12-21 12:00:00,E0046,0.485698318347642,COMMITTED_ANGULAR_INTERIOR,2259.29589811864,-2895.29252153815,0,CONVERGED_FEASIBLE,0.91139948248993,1.03714464584336,PASS,PASS,PASS
CAL_005157,REG_005072,2010-12-21 12:00:00,E0046,0.535674380141173,COMMITTED_ANGULAR_INTERIOR,2282.6167379867,-2874.48816631621,0,CONVERGED_FEASIBLE,0.91253611512539,1.03838561794413,PASS,PASS,PASS
CAL_005158,REG_005074,2010-12-21 12:00:00,E0046,0.585944934818361,COMMITTED_ANGULAR_INTERIOR,2306.07500007523,-2853.56121770973,0,CONVERGED_FEASIBLE,0.913675607112756,1.03963030655708,PASS,PASS,PASS
CAL_005159,REG_005076,2010-12-21 12:00:00,E0046,0.636520318737553,COMMITTED_ANGULAR_INTERIOR,2329.67550774464,-2832.50737283321,0,CONVERGED_FEASIBLE,0.914818158262882,1.0408789319084,PASS,PASS,PASS
CAL_005160,REG_005078,2010-12-21 12:00:00,E0046,0.687411087435592,COMMITTED_ANGULAR_INTERIOR,2353.42318663284,-2811.32223756014,0,CONVERGED_FEASIBLE,0.915963970474012,1.04213171691105,PASS,PASS,PASS
CAL_005161,REG_005079,2010-12-21 12:00:00,E0046,0.738628025203448,COMMITTED_ANGULAR_INTERIOR,2377.32306912361,-2790.00132253678,0,CONVERGED_FEASIBLE,0.917113247883364,1.04338888733459,PASS,PASS,PASS
CAL_005162,REG_005081,2010-12-21 12:00:00,E0046,0.790182155032851,COMMITTED_ANGULAR_INTERIOR,2401.38029898809,-2768.5400390415,0,CONVERGED_FEASIBLE,0.918266197022561,1.0446506719795,PASS,PASS,PASS
CAL_005163,REG_005083,2010-12-21 12:00:00,E0046,0.8420847489543,COMMITTED_ANGULAR_INTERIOR,2425.60013620895,-2746.93369468123,0,CONVERGED_FEASIBLE,0.919423026976631,1.04591730285606,PASS,PASS,PASS
CAL_005164,REG_005085,2010-12-21 12:00:00,E0046,0.894347338788076,COMMITTED_ANGULAR_INTERIOR,2449.98796199721,-2725.17748891591,0,CONVERGED_FEASIBLE,0.920583949546933,1.04718901536826,PASS,PASS,PASS
CAL_005165,REG_005087,2010-12-21 12:00:00,E0046,0.946981727331026,COMMITTED_ANGULAR_INTERIOR,2474.54928401243,-2703.26650840167,0,CONVERGED_FEASIBLE,0.92174917941832,1.04846604850288,PASS,PASS,PASS
CAL_005166,REG_005088,2010-12-21 12:00:00,E0047,0,OUTER_VERTEX_ENDPOINT_A_ONCE_PER_EDGE,2499.28974179604,-2681.19572214373,6,CONVERGED_FEASIBLE,0.922918934330737,1.04974864502423,PASS,PASS,PASS
CAL_005167,REG_005088,2010-12-21 12:00:00,E0047,7.29048057440944e-12,COMMITTED_ANGULAR_INTERIOR,2499.28974179401,-2681.19572213869,6,CONVERGED_FEASIBLE,0.922918934330909,1.04974864502424,PASS,PASS,PASS
CAL_005168,REG_005086,2010-12-21 12:00:00,E0047,0.116315073458433,COMMITTED_ANGULAR_INTERIOR,2466.88304559327,-2600.85791906638,6,CONVERGED_FEASIBLE,0.925651822265453,1.04978949972033,PASS,PASS,PASS
CAL_005169,REG_005084,2010-12-21 12:00:00,E0047,0.228443386288598,COMMITTED_ANGULAR_INTERIOR,2435.64282829749,-2523.4118749063,6,CONVERGED_FEASIBLE,0.928262623907867,1.04981818612996,PASS,PASS,PASS
CAL_005170,REG_005082,2010-12-21 12:00:00,E0047,0.336623180689703,COMMITTED_ANGULAR_INTERIOR,2405.50271293499,-2448.69303786193,6,CONVERGED_FEASIBLE,0.930759893382247,1.04983607978966,PASS,PASS,PASS
CAL_005171,REG_005080,2010-12-21 12:00:00,E0047,0.4410750475943,COMMITTED_ANGULAR_INTERIOR,2376.40124037478,-2376.54904770711,6,CONVERGED_FEASIBLE,0.933151390404885,1.04984438829601,PASS,PASS,PASS
CAL_005172,REG_005077,2010-12-21 12:00:00,E0047,0.542003533759031,COMMITTED_ANGULAR_INTERIOR,2348.2814215749,-2306.8386257875,6,CONVERGED_FEASIBLE,0.935444172233874,1.04984417445828,PASS,PASS,PASS
CAL_005173,REG_005075,2010-12-21 12:00:00,E0047,0.639598576433673,COMMITTED_ANGULAR_INTERIOR,2321.09033786739,-2239.43058410731,6,CONVERGED_FEASIBLE,0.937644672898951,1.049836375843,PASS,PASS,PASS
CAL_005174,REG_005073,2010-12-21 12:00:00,E0047,0.73403678681765,COMMITTED_ANGULAR_INTERIOR,2294.77878337277,-2174.20293885704,6,CONVERGED_FEASIBLE,0.939758771754028,1.04982182134018,PASS,PASS,PASS
CAL_005175,REG_005071,2010-12-21 12:00:00,E0047,0.82548260057769,COMMITTED_ANGULAR_INTERIOR,2269.30094445282,-2111.04211576108,6,CONVERGED_FEASIBLE,0.941791853022339,1.04980124525904,PASS,PASS,PASS
CAL_005176,REG_005069,2010-12-21 12:00:00,E0047,0.914089311219387,COMMITTED_ANGULAR_INTERIOR,2244.61411180152,-2049.84223633696,6,CONVERGED_FEASIBLE,0.943748857708746,1.04977529936582,PASS,PASS,PASS
CAL_005177,REG_005067,2010-12-21 12:00:00,E0048,0,OUTER_VERTEX_ENDPOINT_A_ONCE_PER_EDGE,2222.98247209323,-1992.41132747392,4.75,CONVERGED_FEASIBLE,0.945592444765337,1.04980409073369,PASS,PASS,PASS
CAL_005178,REG_005065,2010-12-21 12:00:00,E0048,0.112414521493983,COMMITTED_ANGULAR_INTERIOR,2202.18403796528,-1937.62045081974,4.75,CONVERGED_FEASIBLE,0.947339137092181,1.04982076702478,PASS,PASS,PASS
CAL_005179,REG_005063,2010-12-21 12:00:00,E0048,0.221726145599002,COMMITTED_ANGULAR_INTERIOR,2181.95968809346,-1884.34192742606,4.75,CONVERGED_FEASIBLE,0.949028196877426,1.04983266792118,PASS,PASS,PASS
CAL_005180,REG_005062,2010-12-21 12:00:00,E0048,0.328077571315387,COMMITTED_ANGULAR_INTERIOR,2162.28302094423,-1832.50620575076,4.75,CONVERGED_FEASIBLE,0.950662719095565,1.04984020527226,PASS,PASS,PASS
CAL_005181,REG_005060,2010-12-21 12:00:00,E0048,0.431602993905709,COMMITTED_ANGULAR_INTERIOR,2143.12920830777,-1782.04787897647,4.75,CONVERGED_FEASIBLE,0.952245579946368,1.04984375194655,PASS,PASS,PASS
CAL_005182,REG_005058,2010-12-21 12:00:00,E0048,0.532428731485651,COMMITTED_ANGULAR_INTERIOR,2124.47487936886,-1732.90537960992,4.75,CONVERGED_FEASIBLE,0.953779456122587,1.04984364599288,PASS,PASS,PASS
CAL_005183,REG_005056,2010-12-21 12:00:00,E0048,0.630673797058494,COMMITTED_ANGULAR_INTERIOR,2106.29801487167,-1685.02070067213,4.75,CONVERGED_FEASIBLE,0.95526684205233,1.04984019429963,PASS,PASS,PASS
CAL_005184,REG_005054,2010-12-21 12:00:00,E0048,0.726450421453583,COMMITTED_ANGULAR_INTERIOR,2088.57785036796,-1638.33914081808,4.75,CONVERGED_FEASIBLE,0.956710065363162,1.04983367581954,PASS,PASS,PASS
CAL_005185,REG_005053,2010-12-21 12:00:00,E0048,0.819864532016564,COMMITTED_ANGULAR_INTERIOR,2071.294787652,-1592.80907102287,4.75,CONVERGED_FEASIBLE,0.958111300780758,1.04982434441814,PASS,PASS,PASS
CAL_005186,REG_005051,2010-12-21 12:00:00,E0048,0.911016191359751,COMMITTED_ANGULAR_INTERIOR,2054.43031358488,-1548.38172073464,4.75,CONVERGED_FEASIBLE,0.959472582646018,1.04981243139467,PASS,PASS,PASS
CAL_005187,REG_005049,2010-12-21 12:00:00,E0049,0,OUTER_VERTEX_ENDPOINT_A_ONCE_PER_EDGE,2038.80002753255,-1505.56785472233,4.25,CONVERGED_FEASIBLE,0.960786284971498,1.04982219598347,PASS,PASS,PASS
CAL_005188,REG_005047,2010-12-21 12:00:00,E0049,0.109885337317108,COMMITTED_ANGULAR_INTERIOR,2023.59708804668,-1463.7696738789,4.25,CONVERGED_FEASIBLE,0.962064267351633,1.0498314822166,PASS,PASS,PASS
CAL_005189,REG_005046,2010-12-21 12:00:00,E0049,0.217339806132345,COMMITTED_ANGULAR_INTERIOR,2008.73046592246,-1422.89614671292,4.25,CONVERGED_FEASIBLE,0.963309029046934,1.04983827352639,PASS,PASS,PASS
CAL_005190,REG_005045,2010-12-21 12:00:00,E0049,0.322459022037647,COMMITTED_ANGULAR_INTERIOR,1994.18693247906,-1382.9109029688,4.25,CONVERGED_FEASIBLE,0.964522047584227,1.0498427425113,PASS,PASS,PASS
CAL_005191,REG_005044,2010-12-21 12:00:00,E0049,0.425333792900797,COMMITTED_ANGULAR_INTERIOR,1979.95392419751,-1343.77940115291,4.25,CONVERGED_FEASIBLE,0.965704714884093,1.04984504825817,PASS,PASS,PASS
CAL_005192,REG_005042,2010-12-21 12:00:00,E0049,0.526050420172075,COMMITTED_ANGULAR_INTERIOR,1966.01950103413,-1305.46881392255,4.25,CONVERGED_FEASIBLE,0.966858343457627,1.0498453375347,PASS,PASS,PASS
CAL_005193,REG_005041,2010-12-21 12:00:00,E0049,0.624690977855,COMMITTED_ANGULAR_INTERIOR,1952.37230782418,-1267.94792197107,4.25,CONVERGED_FEASIBLE,0.967984172068286,1.04984374586275,PASS,PASS,PASS
CAL_005194,REG_005040,2010-12-21 12:00:00,E0049,0.721333571059256,COMMITTED_ANGULAR_INTERIOR,1939.00153851033,-1231.18701567952,4.25,CONVERGED_FEASIBLE,0.969083370912536,1.04984039848576,PASS,PASS,PASS
CAL_005195,REG_005038,2010-12-21 12:00:00,E0049,0.816052575859616,COMMITTED_ANGULAR_INTERIOR,1925.89690295748,-1195.15780387914,4.25,CONVERGED_FEASIBLE,0.970157046366765,1.04983541124193,PASS,PASS,PASS
CAL_005196,REG_005037,2010-12-21 12:00:00,E0049,0.908918862020364,COMMITTED_ANGULAR_INTERIOR,1913.04859613829,-1159.8333291314,4.25,CONVERGED_FEASIBLE,0.971206245342614,1.04982889135359,PASS,PASS,PASS
CAL_005197,REG_005036,2010-12-21 12:00:00,E0050,0,OUTER_VERTEX_ENDPOINT_A_ONCE_PER_EDGE,1900.83303060841,-1125.38915473086,4,CONVERGED_FEASIBLE,0.972229714859653,1.04983304433659,PASS,PASS,PASS
CAL_005198,REG_005035,2010-12-21 12:00:00,E0050,0.108035247486913,COMMITTED_ANGULAR_INTERIOR,1888.94195426584,-1091.63247082479,4,CONVERGED_FEASIBLE,0.97323058144247,1.04983876739458,PASS,PASS,PASS
CAL_005199,REG_005033,2010-12-21 12:00:00,E0050,0.214115745214338,COMMITTED_ANGULAR_INTERIOR,1877.26603065502,-1058.48656785626,4,CONVERGED_FEASIBLE,0.97421034427763,1.04984299137428,PASS,PASS,PASS
CAL_005200,REG_005032,2010-12-21 12:00:00,E0050,0.318309797281393,COMMITTED_ANGULAR_INTERIOR,1865.79774177346,-1025.93010353246,4,CONVERGED_FEASIBLE,0.975169816091654,1.04984580152918,PASS,PASS,PASS
CAL_005201,REG_005031,2010-12-21 12:00:00,E0050,0.420682735109134,COMMITTED_ANGULAR_INTERIOR,1854.52989681138,-993.942664403347,4,CONVERGED_FEASIBLE,0.976109769571248,1.04984727738055,PASS,PASS,PASS
CAL_005202,REG_005029,2010-12-21 12:00:00,E0050,0.521297080795791,COMMITTED_ANGULAR_INTERIOR,1843.4556141717,-962.504714819609,4,CONVERGED_FEASIBLE,0.977030939843982,1.04984749315031,PASS,PASS,PASS
CAL_005203,REG_005028,2010-12-21 12:00:00,E0050,0.620212699887327,COMMITTED_ANGULAR_INTERIOR,1832.56830465513,-931.597549198033,4,CONVERGED_FEASIBLE,0.977934026776134,1.04984651815662,PASS,PASS,PASS
CAL_005204,REG_005027,2010-12-21 12:00:00,E0050,0.717486944354454,COMMITTED_ANGULAR_INTERIOR,1821.86165572313,-901.203247346907,4,CONVERGED_FEASIBLE,0.97881969710334,1.04984441717596,PASS,PASS,PASS
CAL_005205,REG_005026,2010-12-21 12:00:00,E0050,0.81317478650266,COMMITTED_ANGULAR_INTERIOR,1811.32961675893,-871.304632624505,4,CONVERGED_FEASIBLE,0.97968858640819,1.04984125077475,PASS,PASS,PASS
CAL_005206,REG_005024,2010-12-21 12:00:00,E0050,0.907328944480902,COMMITTED_ANGULAR_INTERIOR,1800.96638525317,-841.885232722649,4,CONVERGED_FEASIBLE,0.980541300957522,1.04983707561342,PASS,PASS,PASS
CAL_005207,REG_005023,2010-12-21 12:00:00,E0051,0,OUTER_VERTEX_ENDPOINT_A_ONCE_PER_EDGE,1790.7998677108,-812.942100008701,4,CONVERGED_FEASIBLE,0.981378389421636,1.04983306865509,PASS,PASS,PASS
CAL_005208,REG_005022,2010-12-21 12:00:00,E0051,0.106572591281351,COMMITTED_ANGULAR_INTERIOR,1781.05446864665,-784.543891498604,4,CONVERGED_FEASIBLE,0.982200351736043,1.0498370618043,PASS,PASS,PASS
CAL_005209,REG_005021,2010-12-21 12:00:00,E0051,0.211557535599215,COMMITTED_ANGULAR_INTERIOR,1771.4542499994,-756.568740446034,4,CONVERGED_FEASIBLE,0.983008070965727,1.0498400589089,PASS,PASS,PASS
CAL_005210,REG_005019,2010-12-21 12:00:00,E0051,0.315005687358982,COMMITTED_ANGULAR_INTERIOR,1761.99456145073,-729.003095768199,4,CONVERGED_FEASIBLE,0.983802038118009,1.04984210693274,PASS,PASS,PASS
CAL_005211,REG_005018,2010-12-21 12:00:00,E0051,0.41696596144881,COMMITTED_ANGULAR_INTERIOR,1752.67093003904,-701.833923202004,4,CONVERGED_FEASIBLE,0.984582723207418,1.04984325005433,PASS,PASS,PASS
CAL_005212,REG_005017,2010-12-21 12:00:00,E0051,0.517485428811599,COMMITTED_ANGULAR_INTERIOR,1743.47905142009,-675.048679837167,4,CONVERGED_FEASIBLE,0.985350576399461,1.04984352985033,PASS,PASS,PASS
CAL_005213,REG_005016,2010-12-21 12:00:00,E0051,0.616609406509173,COMMITTED_ANGULAR_INTERIOR,1734.41478163108,-648.635290116968,4,CONVERGED_FEASIBLE,0.986106029080609,1.04984298546519,PASS,PASS,PASS
CAL_005214,REG_005015,2010-12-21 12:00:00,E0051,0.714381542647225,COMMITTED_ANGULAR_INTERIOR,1725.47412932486,-622.582123208453,4,CONVERGED_FEASIBLE,0.98684949486006,1.04984165376801,PASS,PASS,PASS
CAL_005215,REG_005013,2010-12-21 12:00:00,E0051,0.810843896502331,COMMITTED_ANGULAR_INTERIOR,1716.6532484428,-596.877971651135,4,CONVERGED_FEASIBLE,0.987581370508316,1.04983956949791,PASS,PASS,PASS
CAL_005216,REG_005012,2010-12-21 12:00:00,E0051,0.906037014166778,COMMITTED_ANGULAR_INTERIOR,1707.94843129754,-571.512031200045,4,CONVERGED_FEASIBLE,0.988302036837231,1.04983676539862,PASS,PASS,PASS
CAL_005217,REG_005011,2010-12-21 12:00:00,E0052,0,OUTER_VERTEX_ENDPOINT_A_ONCE_PER_EDGE,1699.09538489661,-546.407983532848,4.25,CONVERGED_FEASIBLE,0.989010930528042,1.04982400231144,PASS,PASS,PASS
CAL_005218,REG_005010,2010-12-21 12:00:00,E0052,0.0553775067927075,COMMITTED_ANGULAR_INTERIOR,1690.88437781445,-521.75624427593,4.25,CONVERGED_FEASIBLE,0.989711236049441,1.0498295329235,PASS,PASS,PASS
CAL_005219,REG_005008,2010-12-21 12:00:00,E0052,0.110081784005311,COMMITTED_ANGULAR_INTERIOR,1682.77319272086,-497.404198541345,4.25,CONVERGED_FEASIBLE,0.990401592556333,1.04983432222825,PASS,PASS,PASS
CAL_005220,REG_005007,2010-12-21 12:00:00,E0052,0.164133216796089,COMMITTED_ANGULAR_INTERIOR,1674.75880704064,-473.342771713141,4.25,CONVERGED_FEASIBLE,0.991082315985519,1.04983839880813,PASS,PASS,PASS
CAL_005221,REG_005006,2010-12-21 12:00:00,E0052,0.217551510082,COMMITTED_ANGULAR_INTERIOR,1666.83829906022,-449.563191990219,4.25,CONVERGED_FEASIBLE,0.991753710476824,1.04984178973511,PASS,PASS,PASS
CAL_005222,REG_005005,2010-12-21 12:00:00,E0052,0.270355719157108,COMMITTED_ANGULAR_INTERIOR,1659.00884338778,-426.056976756297,4.25,CONVERGED_FEASIBLE,0.992416068949316,1.04984452065785,PASS,PASS,PASS
CAL_005223,REG_005004,2010-12-21 12:00:00,E0052,0.322564278730144,COMMITTED_ANGULAR_INTERIOR,1651.26770664776,-402.81591965361,4.25,CONVERGED_FEASIBLE,0.993069673644542,1.04984661588281,PASS,PASS,PASS
CAL_005224,REG_005002,2010-12-21 12:00:00,E0052,0.374195030479114,COMMITTED_ANGULAR_INTERIOR,1643.61224339524,-379.832078316753,4.25,CONVERGED_FEASIBLE,0.993714796639083,1.04984809845016,PASS,PASS,PASS
CAL_005225,REG_005001,2010-12-21 12:00:00,E0052,0.425265249212287,COMMITTED_ANGULAR_INTERIOR,1636.03989223694,-357.097762726912,4.25,CONVERGED_FEASIBLE,0.994351700328352,1.04984899020451,PASS,PASS,PASS
CAL_005226,REG_005000,2010-12-21 12:00:00,E0052,0.47579166771881,COMMITTED_ANGULAR_INTERIOR,1628.54817214658,-334.605524149412,4.25,CONVERGED_FEASIBLE,0.994980637883609,1.04984931186101,PASS,PASS,PASS
CAL_005227,REG_004999,2010-12-21 12:00:00,E0052,0.525790500386647,COMMITTED_ANGULAR_INTERIOR,1621.13467896292,-312.348144620001,4.25,CONVERGED_FEASIBLE,0.995601853683897,1.04984908306725,PASS,PASS,PASS
CAL_005228,REG_004998,2010-12-21 12:00:00,E0052,0.575277465660356,COMMITTED_ANGULAR_INTERIOR,1613.79708205994,-290.318626947597,4.25,CONVERGED_FEASIBLE,0.996215583724524,1.04984832246109,PASS,PASS,PASS
CAL_005229,REG_004996,2010-12-21 12:00:00,E0052,0.62426780740646,COMMITTED_ANGULAR_INTERIOR,1606.53312117885,-268.510185203316,4.25,CONVERGED_FEASIBLE,0.996822056003589,1.04984704772477,PASS,PASS,PASS
CAL_005230,REG_004995,2010-12-21 12:00:00,E0052,0.672776315249733,COMMITTED_ANGULAR_INTERIOR,1599.3406034128,-246.916235667617,4.25,CONVERGED_FEASIBLE,0.997421490887931,1.04984527563562,PASS,PASS,PASS
CAL_005231,REG_004994,2010-12-21 12:00:00,E0052,0.720817343939615,COMMITTED_ANGULAR_INTERIOR,1592.21740033536,-225.530388209186,4.25,CONVERGED_FEASIBLE,0.998014101459804,1.04984302211354,PASS,PASS,PASS
CAL_005232,REG_004993,2010-12-21 12:00:00,E0052,0.768404831802197,COMMITTED_ANGULAR_INTERIOR,1585.16144526457,-204.346438070885,4.25,CONVERGED_FEASIBLE,0.998600093845472,1.04984030226555,PASS,PASS,PASS
CAL_005233,REG_004992,2010-12-21 12:00:00,E0052,0.815552318329659,COMMITTED_ANGULAR_INTERIOR,1578.1707306549,-183.358358039678,4.25,CONVERGED_FEASIBLE,0.999092230112214,1.04983713042746,PASS,PASS,PASS
CAL_005234,REG_004990,2010-12-21 12:00:00,E0052,0.862272960955786,COMMITTED_ANGULAR_INTERIOR,1571.24330560988,-162.560290978872,4.25,CONVERGED_FEASIBLE,0.999145563465848,1.0498335202031,PASS,PASS,PASS
CAL_005235,REG_004989,2010-12-21 12:00:00,E0052,0.908579551063151,COMMITTED_ANGULAR_INTERIOR,1564.3772735087,-141.946542702395,4.25,CONVERGED_FEASIBLE,0.99917920368697,1.04982948450101,PASS,PASS,PASS
CAL_005236,REG_004988,2010-12-21 12:00:00,E0052,0.954484529264718,COMMITTED_ANGULAR_INTERIOR,1557.57078974029,-121.511575172066,4.25,CONVERGED_FEASIBLE,0.999187401719869,1.04982503556897,PASS,PASS,PASS
