timestamp,endpoint_id,search_kind,search_id,level,primary_class,binding_family,binding_bus,p13_abs_kw,p30_abs_kw,ray_angle_deg,outward_normalized_radius,hull_normalized_radius,hull_location,convex_hull_perpendicular_penetration_kw,convex_hull_radial_penetration_normalized,convex_hull_radial_penetration_physical_kw,physical_bracket_spacing_kw,same_production_ray_pair,signed_radial_bracket_spacing,physical_radial_bracket_spacing_kw,perpendicular_penetration_over_physical_bracket_ratio,radial_penetration_over_radial_bracket_ratio,physical_radial_penetration_over_physical_radial_bracket_ratio,perpendicular_penetration_over_polygon_diameter,physical_radial_penetration_over_polygon_diameter,ray_hull_positive_intersection_count,ray_hull_collinear_edge_encountered,ray_hull_intersection_ambiguous,coordinate_semantics,units
2010-07-01 07:30:00,AXIS:P13_POSITIVE:AXIS,AXIS,P13_POSITIVE,AXIS,VMAX_BUS_13,VMAX,13,2047.34375,0,345.005413561019,1.03535139112442,1.07097084137385,INSIDE,45.4806726772606,0.0356194502494229,58.8120894710508,0.15625,false,,,291.076305134468,,,0.00646093867818663,0.00835478635738094,1,false,false,ABSOLUTE_PHYSICAL_PCC_HULL;CENTERED_SIGN_NORMALIZED_PRODUCTION_RAY,kW physical distances; dimensionless normalized radius and ratios
2010-07-01 07:30:00,AXIS:P30_POSITIVE:AXIS,AXIS,P30_POSITIVE,AXIS,VMAX_BUS_30,VMAX,30,0,2910,105.824105425404,1.03967246674493,1.06306879717703,INSIDE,42.1529472947967,0.0233963304321028,52.6455017981042,0.625,false,,,67.4447156716747,,,0.00598820535283513,0.00747876710649395,1,false,false,ABSOLUTE_PHYSICAL_PCC_HULL;CENTERED_SIGN_NORMALIZED_PRODUCTION_RAY,kW physical distances; dimensionless normalized radius and ratios
2010-07-01 07:30:00,RAY:0.000000:BASE,RAY,0.000000,BASE,VMAX_BUS_13,VMAX,13,1845.94335938,614.6875,0,0.873828125003135,0.902875425943998,INSIDE,43.9941838481093,0.0290473009408634,46.3304450006771,0.311523439999974,true,0.000195312501567346,0.311523439999917,141.22270814714,148.722179623753,148.722179623753,0.00624976956819767,0.00658165648091075,1,false,false,ABSOLUTE_PHYSICAL_PCC_HULL;CENTERED_SIGN_NORMALIZED_PRODUCTION_RAY,kW physical distances; dimensionless normalized radius and ratios
2010-07-01 07:30:00,RAY:10.000000:BASE,RAY,10.000000,BASE,VMAX_BUS_13,VMAX,13,1742.85596015,942.100810433,10.000000000033,0.821679687497203,0.845945167181815,INSIDE,39.2250929320422,0.0242654796846112,39.3227339032294,0.316508118130352,true,0.00019531249596183,0.316508117972726,123.930764126207,124.23925855391,124.239258553924,0.00557227730289941,0.00558614808119233,1,false,false,ABSOLUTE_PHYSICAL_PCC_HULL;CENTERED_SIGN_NORMALIZED_PRODUCTION_RAY,kW physical distances; dimensionless normalized radius and ratios
2010-07-01 07:30:00,RAY:100.000000:BASE,RAY,100.000000,BASE,VMAX_BUS_30,VMAX,30,181.385541025,2824.19710155,99.9999999999938,0.977734374999165,0.999096859120351,INSIDE,40.9530007590648,0.0213624841211864,48.6367303658501,0.444674938979587,true,0.000195312498438294,0.444674939006877,92.0964892985452,109.375919575037,109.375919575036,0.00581774215323644,0.00690928506337523,1,false,false,ABSOLUTE_PHYSICAL_PCC_HULL;CENTERED_SIGN_NORMALIZED_PRODUCTION_RAY,kW physical distances; dimensionless normalized radius and ratios
2010-07-01 07:30:00,RAY:105.000000:ADAPTIVE,RAY,105.000000,ADAPTIVE,VMAX_BUS_30,VMAX,30,27.1156368711,2896.9877015,104.999999999989,1.02968750000075,1.05285227784996,INSIDE,42.1407507844771,0.0231647778492128,52.2276124069515,0.44035412800933,true,0.000195312500036904,0.440354128002429,95.6974128412945,118.60366256556,118.60366256556,0.00598647272882972,0.00741940215932921,1,false,false,ABSOLUTE_PHYSICAL_PCC_HULL;CENTERED_SIGN_NORMALIZED_PRODUCTION_RAY,kW physical distances; dimensionless normalized radius and ratios
2010-07-01 07:30:00,RAY:110.000000:BASE,RAY,110.000000,BASE,VMAX_BUS_30,VMAX,30,-146.288632104,2980.30121401,110.000000000017,1.09707031249959,1.1217437378025,INSIDE,42.1286324224158,0.0246734253029106,54.8795331532188,0.434421190000744,true,0.000195312499386535,0.434421190156262,96.9764675207109,126.327937947691,126.327937947683,0.00598475120648738,0.00779613135686394,1,false,false,ABSOLUTE_PHYSICAL_PCC_HULL;CENTERED_SIGN_NORMALIZED_PRODUCTION_RAY,kW physical distances; dimensionless normalized radius and ratios
2010-07-01 07:30:00,RAY:115.000000:ADAPTIVE,RAY,115.000000,ADAPTIVE,VMAX_BUS_30,VMAX,30,-346.434724467,3078.63645475,114.999999999957,1.18476562500163,1.21013668571228,INSIDE,40.1555674841611,0.0253710607106505,55.4663973538803,0.426993608621896,true,0.000195312500471445,0.426993608303498,94.0425492872399,129.899830524979,129.899830524995,0.00570445958317291,0.00787950069574341,1,false,false,ABSOLUTE_PHYSICAL_PCC_HULL;CENTERED_SIGN_NORMALIZED_PRODUCTION_RAY,kW physical distances; dimensionless normalized radius and ratios
2010-07-01 07:30:00,RAY:120.000000:BASE,RAY,120.000000,BASE,VMAX_BUS_30,VMAX,30,-584.874023437,3198.8987419,119.999999999963,1.30039062500081,1.32459521662937,INSIDE,34.9990412455438,0.0242045916285571,51.8294819671433,0.418224194522212,true,0.000195312502245581,0.418224193509963,83.6848793158116,123.927507713371,123.927507713416,0.00497192864510647,0.00736284414894592,1,false,false,ABSOLUTE_PHYSICAL_PCC_HULL;CENTERED_SIGN_NORMALIZED_PRODUCTION_RAY,kW physical distances; dimensionless normalized radius and ratios
2010-07-01 07:30:00,RAY:125.000000:ADAPTIVE,RAY,125.000000,ADAPTIVE,VMAX_BUS_30,VMAX,30,-881.141338289,3354.20042038,125.000000000034,1.45742187499823,1.47536866845899,INSIDE,23.2984955669143,0.0179467934607678,37.5179123531498,0.816604619291455,true,0.000390624998375166,0.816604619874229,28.5309377592423,45.9437914506721,45.9437914506633,0.00330976087842909,0.00532975694461258,1,false,false,ABSOLUTE_PHYSICAL_PCC_HULL;CENTERED_SIGN_NORMALIZED_PRODUCTION_RAY,kW physical distances; dimensionless normalized radius and ratios
2010-07-01 07:30:00,RAY:20.000000:BASE,RAY,20.000000,BASE,VMAX_BUS_13,VMAX,13,1650.50344343,1242.16776066,20.0000000002066,0.799511718748202,0.819182558591042,INSIDE,32.8367010640222,0.0196708398428397,33.2802922870564,0.165220626956804,true,9.76562468019138e-05,0.165220624192159,198.744561552881,201.42940658717,201.429406587581,0.00466474877084803,0.00472776489443405,1,false,false,ABSOLUTE_PHYSICAL_PCC_HULL;CENTERED_SIGN_NORMALIZED_PRODUCTION_RAY,kW physical distances; dimensionless normalized radius and ratios
2010-07-01 07:30:00,RAY:30.000000:BASE,RAY,30.000000,BASE,VMAX_BUS_13,VMAX,13,1562.09208502,1536.59613037,30.0000000000249,0.803515624998442,0.818158350641296,INSIDE,24.4738262046288,0.0146427256428537,26.2934447762757,0.350716020056679,true,0.000195312500427258,0.350716018953945,69.7824587558722,74.970755127408,74.9707551274652,0.00347672716828048,0.00373522035488143,1,false,false,ABSOLUTE_PHYSICAL_PCC_HULL;CENTERED_SIGN_NORMALIZED_PRODUCTION_RAY,kW physical distances; dimensionless normalized radius and ratios
2010-07-01 07:30:00,RAY:330.000000:BASE,RAY,330.000000,BASE,VMAX_BUS_13,VMAX,13,2400.05116161,-1003.24645996,330.000000000019,1.41015625000001,1.4365451212764,INSIDE,25.1199549976747,0.026388871276396,47.385599275542,0.350716020056431,true,0.000195312500427036,0.350716018953563,71.6247720695302,135.111020639737,135.111020639796,0.00356851557562669,0.00673155063736498,1,false,false,ABSOLUTE_PHYSICAL_PCC_HULL;CENTERED_SIGN_NORMALIZED_PRODUCTION_RAY,kW physical distances; dimensionless normalized radius and ratios
2010-07-01 07:30:00,RAY:335.000000:ADAPTIVE,RAY,335.000000,ADAPTIVE,VMAX_BUS_13,VMAX,13,2251.79791136,-592.608905082,335.000000000049,1.24492187500241,1.27968210728109,INSIDE,37.1447881857921,0.03476023227868,60.5079052191788,0.339984791570971,true,0.000195312501645173,0.339984791900171,109.254264033861,177.972387767729,177.972387767702,0.00527675130017644,0.00859569223922459,1,false,false,ABSOLUTE_PHYSICAL_PCC_HULL;CENTERED_SIGN_NORMALIZED_PRODUCTION_RAY,kW physical distances; dimensionless normalized radius and ratios
2010-07-01 07:30:00,RAY:340.000000:BASE,RAY,340.000000,BASE,VMAX_BUS_13,VMAX,13,2138.6411827,-268.398803074,340.000000000026,1.12519531250106,1.1616745305466,INSIDE,42.9416142851191,0.0364792180455422,61.7177023785955,0.330441263281334,true,0.000195312502703882,0.33044126378068,129.952336638294,186.773593807506,186.773593807457,0.0061002425933162,0.00876755480852963,1,false,false,ABSOLUTE_PHYSICAL_PCC_HULL;CENTERED_SIGN_NORMALIZED_PRODUCTION_RAY,kW physical distances; dimensionless normalized radius and ratios
2010-07-01 07:30:00,RAY:345.000000:ADAPTIVE,RAY,345.000000,ADAPTIVE,VMAX_BUS_13,VMAX,13,2047.30363754,-0.216932595433,344.99999999996,1.03535156249731,1.07105698551445,INSIDE,45.5867801534858,0.0357054230171472,58.955431021035,0.322492538177484,true,0.000195312497713429,0.322492537925082,141.357627717876,182.811767988015,182.811767988042,0.00647601219968119,0.00837514931399453,1,false,false,ABSOLUTE_PHYSICAL_PCC_HULL;CENTERED_SIGN_NORMALIZED_PRODUCTION_RAY,kW physical distances; dimensionless normalized radius and ratios
2010-07-01 07:30:00,RAY:350.000000:BASE,RAY,350.000000,BASE,VMAX_BUS_13,VMAX,13,1971.10823835,229.371764332,350.000000000013,0.96699218750199,1.00061811028495,INSIDE,45.9539837466056,0.0336259227829563,54.4915341064986,0.31650812806913,true,0.000195312502211831,0.316508128100986,145.190532789631,172.164722699044,172.164722699041,0.00652817677328793,0.00774101260200641,1,false,false,ABSOLUTE_PHYSICAL_PCC_HULL;CENTERED_SIGN_NORMALIZED_PRODUCTION_RAY,kW physical distances; dimensionless normalized radius and ratios
2010-07-01 07:30:00,RAY:40.000000:BASE,RAY,40.000000,BASE,VMAX_BUS_13,VMAX,13,1471.30302871,1844.95573787,39.9999999998719,0.834082031252199,0.84271004502015,INSIDE,14.0007071826023,0.00862801376795064,16.5255417843027,0.187044494372766,true,9.76562516061819e-05,0.187044493648152,74.8522816966743,88.3508595306812,88.3508595307213,0.00198892639957076,0.002347601867058,1,false,false,ABSOLUTE_PHYSICAL_PCC_HULL;CENTERED_SIGN_NORMALIZED_PRODUCTION_RAY,kW physical distances; dimensionless normalized radius and ratios
2010-07-01 07:30:00,RAY:60.000000:BASE,RAY,60.000000,BASE,VMAX_BUS_30,VMAX,30,1164.48583984,2389.63463265,60.0000000001027,0.893164062498071,0.896426537153417,INSIDE,6.97066179701675,0.00326247465534579,6.98596257736726,0.209112092993445,true,9.76562495492717e-05,0.209112093385774,33.334570455642,33.4077406249329,33.4077406249261,0.000990245213312796,0.000992418826800763,1,false,false,ABSOLUTE_PHYSICAL_PCC_HULL;CENTERED_SIGN_NORMALIZED_PRODUCTION_RAY,kW physical distances; dimensionless normalized radius and ratios
2010-07-01 07:30:00,RAY:70.000000:BASE,RAY,70.000000,BASE,VMAX_BUS_30,VMAX,30,926.74913297,2490.50083135,69.9999999999611,0.86992187499917,0.878634880198664,INSIDE,18.9933295386111,0.00871300519949436,19.3797841945106,0.21721059512344,true,9.76562498006261e-05,0.217210595316915,87.442003129807,89.2211734249752,89.2211734249662,0.00269817331670452,0.00275307267695332,1,false,false,ABSOLUTE_PHYSICAL_PCC_HULL;CENTERED_SIGN_NORMALIZED_PRODUCTION_RAY,kW physical distances; dimensionless normalized radius and ratios
2010-07-01 07:30:00,RAY:80.000000:BASE,RAY,80.000000,BASE,VMAX_BUS_30,VMAX,30,694.481142479,2591.59391337,79.9999999999873,0.874804687498223,0.887991811722437,INSIDE,28.4434784316224,0.013187124224214,30.0235965796672,0.444674938980042,true,0.000195312498438627,0.444674939007623,63.9646535891221,67.5180765677307,67.5180765677297,0.00404065197639255,0.00426512197337903,1,false,false,ABSOLUTE_PHYSICAL_PCC_HULL;CENTERED_SIGN_NORMALIZED_PRODUCTION_RAY,kW physical distances; dimensionless normalized radius and ratios
2010-07-01 07:30:00,RAY:90.000000:BASE,RAY,90.000000,BASE,VMAX_BUS_30,VMAX,30,452.1875,2699.85031128,90,0.908691406250306,0.92598873226624,INSIDE,35.7778994408084,0.0172973260159337,39.6919577921879,0.224090579999938,true,9.76562516682433e-05,0.224090579999972,159.658203574725,177.124615377375,177.124615377375,0.00508257245801391,0.00563859965599664,1,false,false,ABSOLUTE_PHYSICAL_PCC_HULL;CENTERED_SIGN_NORMALIZED_PRODUCTION_RAY,kW physical distances; dimensionless normalized radius and ratios
2010-07-02 17:30:00,AXIS:P13_POSITIVE:AXIS,AXIS,P13_POSITIVE,AXIS,VMAX_BUS_13,VMAX,13,2493.75,0,332.135072229336,1.13137570412379,1.17993020704197,INSIDE,48.951291769225,0.0485545029181811,86.5960295697416,0.3125,false,,,156.64413366152,,,0.00654095790550413,0.0115711141366768,1,false,false,ABSOLUTE_PHYSICAL_PCC_HULL;CENTERED_SIGN_NORMALIZED_PRODUCTION_RAY,kW physical distances; dimensionless normalized radius and ratios
2010-07-02 17:30:00,AXIS:P30_POSITIVE:AXIS,AXIS,P30_POSITIVE,AXIS,VMAX_BUS_30,VMAX,30,0,3538.75,119.009601947018,1.14361469082433,1.17519577246391,INSIDE,46.7813525454324,0.0315810816395869,68.4820292456006,0.3125,false,,,149.700328145384,,,0.0062510068008991,0.00915068947905862,1,false,false,ABSOLUTE_PHYSICAL_PCC_HULL;CENTERED_SIGN_NORMALIZED_PRODUCTION_RAY,kW physical distances; dimensionless normalized radius and ratios
2010-07-02 17:30:00,RAY:0.000000:BASE,RAY,0.000000,BASE,VMAX_BUS_13,VMAX,13,2090.26809692,1223.90625,0,0.748632812497613,0.780896224916961,INSIDE,49.1482366089474,0.0322634124193482,51.7474888257201,0.313262940000186,true,0.000195312500341105,0.313262940000225,156.89132142129,165.188671298568,165.188671298568,0.00656727402219423,0.00691459068578404,1,false,false,ABSOLUTE_PHYSICAL_PCC_HULL;CENTERED_SIGN_NORMALIZED_PRODUCTION_RAY,kW physical distances; dimensionless normalized radius and ratios
2010-07-02 17:30:00,RAY:10.000000:BASE,RAY,10.000000,BASE,VMAX_BUS_13,VMAX,13,2002.61285759,1507.1301161,9.99999999989966,0.704687500000142,0.731604490644652,INSIDE,43.7664281947174,0.0269169906445099,43.8712218510456,0.318334172773736,true,0.000195312498757816,0.318334173253408,137.485799320155,137.814992976392,137.814992976334,0.00584814729395746,0.00586215000706334,1,false,false,ABSOLUTE_PHYSICAL_PCC_HULL;CENTERED_SIGN_NORMALIZED_PRODUCTION_RAY,kW physical distances; dimensionless normalized radius and ratios
2010-07-02 17:30:00,RAY:100.000000:BASE,RAY,100.000000,BASE,VMAX_BUS_30,VMAX,30,643.98076091,3233.48995989,99.9999999999996,0.881640625001017,0.902476282819436,INSIDE,40.1908705415565,0.0208356578184182,47.8453614459991,0.448500227111914,true,0.000195312502208611,0.448500227088237,89.6117061085182,106.678566823971,106.678566823972,0.00537037497676742,0.0063931815460008,1,false,false,ABSOLUTE_PHYSICAL_PCC_HULL;CENTERED_SIGN_NORMALIZED_PRODUCTION_RAY,kW physical distances; dimensionless normalized radius and ratios
2010-07-02 17:30:00,RAY:105.000000:ADAPTIVE,RAY,105.000000,ADAPTIVE,VMAX_BUS_30,VMAX,30,504.489857852,3297.57334133,104.999999999998,0.927539062500964,0.951283595436365,INSIDE,43.4519846917764,0.0237445329354007,53.9921969632794,0.444117010005787,true,0.000195312500045564,0.444117010030913,97.8390462711846,121.572008600891,121.572008600889,0.00580613079874232,0.00721453254446137,1,false,false,ABSOLUTE_PHYSICAL_PCC_HULL;CENTERED_SIGN_NORMALIZED_PRODUCTION_RAY,kW physical distances; dimensionless normalized radius and ratios
2010-07-02 17:30:00,RAY:110.000000:BASE,RAY,110.000000,BASE,VMAX_BUS_30,VMAX,30,348.034392034,3370.81774796,110.000000000021,0.98710937499863,1.01382887851368,INSIDE,45.8796103127068,0.0267195035150453,59.9334941149729,0.438097983038954,true,0.000195312500395284,0.438097982862187,104.724541287439,136.803857720161,136.803857720172,0.00613051441402441,0.00800841914415578,1,false,false,ABSOLUTE_PHYSICAL_PCC_HULL;CENTERED_SIGN_NORMALIZED_PRODUCTION_RAY,kW physical distances; dimensionless normalized radius and ratios
2010-07-02 17:30:00,RAY:115.000000:ADAPTIVE,RAY,115.000000,ADAPTIVE,VMAX_BUS_30,VMAX,30,168.00226778,3456.78582791,115.000000000038,1.0644531249984,1.0940901360064,INSIDE,47.1560362672205,0.0296370110080051,65.3341093298264,0.430561910879318,true,0.000195312498118216,0.43056191132408,109.522080508505,151.741497822975,151.741497822946,0.00630107270035784,0.00873005887024754,1,false,false,ABSOLUTE_PHYSICAL_PCC_HULL;CENTERED_SIGN_NORMALIZED_PRODUCTION_RAY,kW physical distances; dimensionless normalized radius and ratios
2010-07-02 17:30:00,RAY:120.000000:BASE,RAY,120.000000,BASE,VMAX_BUS_30,VMAX,30,-45.7152557373,3561.50943734,119.999999999972,1.16621093750097,1.19805373842294,INSIDE,46.2690899045883,0.0318428009219656,68.7459449327285,0.421663361703316,true,0.000195312501427569,0.421663361232414,109.729927014962,163.035139528815,163.035139528845,0.0061825573637296,0.00918595435844615,1,false,false,ABSOLUTE_PHYSICAL_PCC_HULL;CENTERED_SIGN_NORMALIZED_PRODUCTION_RAY,kW physical distances; dimensionless normalized radius and ratios
2010-07-02 17:30:00,RAY:125.000000:ADAPTIVE,RAY,125.000000,ADAPTIVE,VMAX_BUS_30,VMAX,30,-309.115634058,3694.19970633,125.000000000005,1.30292968750004,1.33507739035459,INSIDE,41.9178981827233,0.0321477028545565,67.7468077871533,0.411593899139446,true,0.000195312499739142,0.411593899511935,101.84285595672,164.596238835163,164.59623883514,0.0056011434548654,0.00905244789161289,1,false,false,ABSOLUTE_PHYSICAL_PCC_HULL;CENTERED_SIGN_NORMALIZED_PRODUCTION_RAY,kW physical distances; dimensionless normalized radius and ratios
2010-07-02 17:30:00,RAY:130.000000:BASE,RAY,130.000000,BASE,VMAX_BUS_30,VMAX,30,-651.287223889,3873.76067512,130.000000000051,1.49453124999873,1.52055893821256,INSIDE,29.7980834030939,0.0260276882138282,53.3824661985048,0.801167029564227,true,0.000390624996945643,0.801167031218487,37.1933470843175,66.6308823483972,66.6308823483612,0.00398167243723023,0.00713305924473962,1,false,false,ABSOLUTE_PHYSICAL_PCC_HULL;CENTERED_SIGN_NORMALIZED_PRODUCTION_RAY,kW physical distances; dimensionless normalized radius and ratios
2010-07-02 17:30:00,RAY:20.000000:BASE,RAY,20.000000,BASE,VMAX_BUS_13,VMAX,13,1923.65612534,1767.0601751,19.9999999998619,0.686132812500909,0.708412819201146,INSIDE,37.4127704824013,0.0222800067002371,37.9299987906728,0.332504515479565,true,0.000195312498417644,0.332504515301808,112.518082433983,114.0736352294,114.073635229418,0.00499916034917639,0.00506827330758183,1,false,false,ABSOLUTE_PHYSICAL_PCC_HULL;CENTERED_SIGN_NORMALIZED_PRODUCTION_RAY,kW physical distances; dimensionless normalized radius and ratios
2010-07-02 17:30:00,RAY:30.000000:BASE,RAY,30.000000,BASE,VMAX_BUS_13,VMAX,13,1847.74046994,2022.2387085,30.0000000002056,0.689843749999087,0.707482306580208,INSIDE,29.6577652640591,0.0176385565811209,31.8894672405263,0.353113452257976,true,0.000195312499685074,0.353113449601974,83.9893384814802,90.3094098409558,90.3094098411481,0.00396292288011676,0.00426112683261959,1,false,false,ABSOLUTE_PHYSICAL_PCC_HULL;CENTERED_SIGN_NORMALIZED_PRODUCTION_RAY,kW physical distances; dimensionless normalized radius and ratios
2010-07-02 17:30:00,RAY:325.000000:ADAPTIVE,RAY,325.000000,ADAPTIVE,VMAX_BUS_13,VMAX,13,2715.56784813,-621.195533474,324.999999999962,1.38984374999883,1.4291001745455,INSIDE,32.6767633948932,0.0392564245466771,73.3223502403839,0.72960141605924,true,0.000390624997702815,0.729601414926283,44.7871436042279,100.496447430492,100.496447430536,0.00436632673273983,0.00979746170368681,1,false,false,ABSOLUTE_PHYSICAL_PCC_HULL;CENTERED_SIGN_NORMALIZED_PRODUCTION_RAY,kW physical distances; dimensionless normalized radius and ratios
2010-07-02 17:30:00,RAY:330.000000:BASE,RAY,330.000000,BASE,VMAX_BUS_13,VMAX,13,2549.30588409,-158.935760498,329.999999999971,1.19492187499893,1.24290531254432,INSIDE,45.9244831585974,0.0479834375453878,86.7512175756787,0.70622690259754,true,0.00039062500152931,0.706226903108452,65.0279435542384,122.837599635279,122.83759963525,0.00613651040280146,0.0115918506316208,1,false,false,ABSOLUTE_PHYSICAL_PCC_HULL;CENTERED_SIGN_NORMALIZED_PRODUCTION_RAY,kW physical distances; dimensionless normalized radius and ratios
2010-07-02 17:30:00,RAY:335.000000:ADAPTIVE,RAY,335.000000,ADAPTIVE,VMAX_BUS_13,VMAX,13,2428.90559176,188.046732937,335.000000000018,1.0589843750002,1.10709017260501,INSIDE,51.6898638319212,0.04810579760481,84.2861251609373,0.342206855739929,true,0.000195312499044809,0.34220685571462,151.048592291221,246.301684941186,246.301684941189,0.00690689073252192,0.0112624606372971,1,false,false,ABSOLUTE_PHYSICAL_PCC_HULL;CENTERED_SIGN_NORMALIZED_PRODUCTION_RAY,kW physical distances; dimensionless normalized radius and ratios
2010-07-02 17:30:00,RAY:340.000000:BASE,RAY,340.000000,BASE,VMAX_BUS_13,VMAX,13,2335.77534694,464.294740171,340.000000000066,0.959570312502618,1.00492752183783,INSIDE,53.6911306705647,0.0453572093352154,77.2171623815254,0.332504524332584,true,0.000195312504276512,0.332504525276454,161.474887532239,232.228906711478,232.228906711344,0.0071743035356602,0.0103178933683946,1,false,false,ABSOLUTE_PHYSICAL_PCC_HULL;CENTERED_SIGN_NORMALIZED_PRODUCTION_RAY,kW physical distances; dimensionless normalized radius and ratios
2010-07-02 17:30:00,RAY:345.000000:ADAPTIVE,RAY,345.000000,ADAPTIVE,VMAX_BUS_13,VMAX,13,2259.95576051,694.009032382,344.999999999977,0.884570312498814,0.926482498758317,INSIDE,53.8138494669447,0.0419121862595038,69.6176937799451,0.324421293279324,true,0.000195312497781819,0.324421293076444,165.876440855599,214.590396085781,214.590396085811,0.00719070143758115,0.00930243897627192,1,false,false,ABSOLUTE_PHYSICAL_PCC_HULL;CENTERED_SIGN_NORMALIZED_PRODUCTION_RAY,kW physical distances; dimensionless normalized radius and ratios
2010-07-02 17:30:00,RAY:350.000000:BASE,RAY,350.000000,BASE,VMAX_BUS_13,VMAX,13,2195.73621855,891.542101142,349.999999999984,0.826953124999118,0.865507677575119,INSIDE,52.9902180789759,0.0385545525760003,62.838946291164,0.318334173760344,true,0.00019531249905802,0.318334173742681,166.460978578031,197.399310141166,197.399310141168,0.00708064635948937,0.00839665078614218,1,false,false,ABSOLUTE_PHYSICAL_PCC_HULL;CENTERED_SIGN_NORMALIZED_PRODUCTION_RAY,kW physical distances; dimensionless normalized radius and ratios
2010-07-02 17:30:00,RAY:40.000000:BASE,RAY,40.000000,BASE,VMAX_BUS_13,VMAX,13,1769.75343912,2289.74108822,40.0000000000575,0.716406249997611,0.728665318940352,INSIDE,20.0133758656088,0.0122590689427406,23.654031457178,0.37685797899587,true,0.000195312496865885,0.376857978890886,53.1058833328513,62.7664339940244,62.7664339940291,0.0026742225659973,0.0031606933844827,1,false,false,ABSOLUTE_PHYSICAL_PCC_HULL;CENTERED_SIGN_NORMALIZED_PRODUCTION_RAY,kW physical distances; dimensionless normalized radius and ratios
2010-07-02 17:30:00,RAY:50.000000:BASE,RAY,50.000000,BASE,VMAX_BUS_13,VMAX,13,1683.90250973,2590.04264664,50.0000000001015,0.770507812496953,0.775444716472724,INSIDE,7.57346814244115,0.00493690397577118,10.1255289154755,0.400583511766094,true,0.00019531249606819,0.400583510677228,18.9060905404,25.2769488647954,25.2769488648128,0.00101198016493464,0.00135299102461538,1,false,false,ABSOLUTE_PHYSICAL_PCC_HULL;CENTERED_SIGN_NORMALIZED_PRODUCTION_RAY,kW physical distances; dimensionless normalized radius and ratios
2010-07-02 17:30:00,RAY:70.000000:BASE,RAY,70.000000,BASE,VMAX_BUS_30,VMAX,30,1321.26088775,2935.61576346,69.9999999998504,0.78701171874928,0.792664742101916,INSIDE,12.4150145417451,0.00565302335263551,12.6800799889891,0.21904899213067,true,9.765625073066e-05,0.219048992626677,56.6768850246026,57.8869586978798,57.8869586978636,0.00165891613027522,0.00169433464263646,1,false,false,ABSOLUTE_PHYSICAL_PCC_HULL;CENTERED_SIGN_NORMALIZED_PRODUCTION_RAY,kW physical distances; dimensionless normalized radius and ratios
2010-07-02 17:30:00,RAY:80.000000:BASE,RAY,80.000000,BASE,VMAX_BUS_30,VMAX,30,1109.75968489,3026.25442224,79.9999999998784,0.790722656251374,0.801417581366997,INSIDE,23.2313729293411,0.0106949251156225,24.5589825986882,0.224250108653791,true,9.76562490310195e-05,0.224250108783164,103.595815711318,109.516034270632,109.516034270624,0.00310421700686192,0.00328161455140637,1,false,false,ABSOLUTE_PHYSICAL_PCC_HULL;CENTERED_SIGN_NORMALIZED_PRODUCTION_RAY,kW physical distances; dimensionless normalized radius and ratios
2010-07-02 17:30:00,RAY:90.000000:BASE,RAY,90.000000,BASE,VMAX_BUS_30,VMAX,30,889.53125,3122.9972229,90,0.820507812499831,0.836052555580517,INSIDE,32.367262051569,0.0155447430806857,35.9787936334682,0.452056879999873,true,0.000195312497940914,0.452056879999806,71.599976648023,79.5890854121802,79.5890854121802,0.00432497061760554,0.00480754983457429,1,false,false,ABSOLUTE_PHYSICAL_PCC_HULL;CENTERED_SIGN_NORMALIZED_PRODUCTION_RAY,kW physical distances; dimensionless normalized radius and ratios
2010-07-02 18:00:00,AXIS:P13_POSITIVE:AXIS,AXIS,P13_POSITIVE,AXIS,VMAX_BUS_13,VMAX,13,2428.125,0,333.863818496079,1.11411357834441,1.16596213376563,INSIDE,54.2117015496695,0.0518485554212187,91.390137211294,0.3125,false,,,173.477444958942,,,0.0072771875555458,0.0122678895921448,1,false,false,ABSOLUTE_PHYSICAL_PCC_HULL;CENTERED_SIGN_NORMALIZED_PRODUCTION_RAY,kW physical distances; dimensionless normalized radius and ratios
2010-07-02 18:00:00,AXIS:P30_POSITIVE:AXIS,AXIS,P30_POSITIVE,AXIS,VMAX_BUS_30,VMAX,30,0,3446.5625,117.242677133907,1.12491572122704,1.15719668502492,INSIDE,49.2490786935631,0.03228096379788,70.4464474347155,0.3125,false,,,157.597051819402,,,0.00661102257162186,0.00945648256649212,1,false,false,ABSOLUTE_PHYSICAL_PCC_HULL;CENTERED_SIGN_NORMALIZED_PRODUCTION_RAY,kW physical distances; dimensionless normalized radius and ratios
2010-07-02 18:00:00,RAY:0.000000:BASE,RAY,0.000000,BASE,VMAX_BUS_13,VMAX,13,2054.39927673,1134.53125,0,0.766992187497879,0.801353694504846,INSIDE,52.2743670993925,0.0343615070069663,55.0669994713984,0.156501769999977,true,9.76562499878098e-05,0.156501769999995,334.017737303547,351.861831795257,351.861831795257,0.00701712661391369,0.00739199973104239,1,false,false,ABSOLUTE_PHYSICAL_PCC_HULL;CENTERED_SIGN_NORMALIZED_PRODUCTION_RAY,kW physical distances; dimensionless normalized radius and ratios
2010-07-02 18:00:00,RAY:10.000000:BASE,RAY,10.000000,BASE,VMAX_BUS_13,VMAX,13,1964.52013967,1424.31046199,9.99999999984973,0.721875000002251,0.750491834973055,INSIDE,46.4853870778721,0.0286168349708038,46.6020291144891,0.318063090160928,true,0.0001953125038473,0.318063091184256,146.151466535624,146.518192164374,146.518192164247,0.00624003435951703,0.00625569197499595,1,false,false,ABSOLUTE_PHYSICAL_PCC_HULL;CENTERED_SIGN_NORMALIZED_PRODUCTION_RAY,kW physical distances; dimensionless normalized radius and ratios
2010-07-02 18:00:00,RAY:100.000000:BASE,RAY,100.000000,BASE,VMAX_BUS_30,VMAX,30,575.973835998,3173.68768362,99.9999999999882,0.89570312499983,0.917527231586149,INSIDE,41.9929427597122,0.0218241065863197,50.0545452984243,0.447957778035355,true,0.000195312498317946,0.447957778053205,93.7430820910937,111.73942668427,111.739426684269,0.00563698448372329,0.00671914556694849,1,false,false,ABSOLUTE_PHYSICAL_PCC_HULL;CENTERED_SIGN_NORMALIZED_PRODUCTION_RAY,kW physical distances; dimensionless normalized radius and ratios
2010-07-02 18:00:00,RAY:105.000000:ADAPTIVE,RAY,105.000000,ADAPTIVE,VMAX_BUS_30,VMAX,30,434.354961803,3238.82386153,105.000000000011,0.942382812498296,0.967333152034839,INSIDE,45.5364517327361,0.0249503395365429,56.6658471335054,0.44358307127973,true,0.000195312499508216,0.443583071251814,102.655972874177,127.745738748755,127.745738748757,0.00611265262665786,0.00760662340042194,1,false,false,ABSOLUTE_PHYSICAL_PCC_HULL;CENTERED_SIGN_NORMALIZED_PRODUCTION_RAY,kW physical distances; dimensionless normalized radius and ratios
2010-07-02 18:00:00,RAY:110.000000:BASE,RAY,110.000000,BASE,VMAX_BUS_30,VMAX,30,275.407518747,3313.62475399,110.000000000004,1.00312499999962,1.03115480255456,INSIDE,47.9904661425006,0.0280298025549415,62.7976320339966,0.437575772404784,true,0.000195312499992051,0.437575772505007,109.673499240508,143.512589087141,143.512589087135,0.00644207086318944,0.00842973257234592,1,false,false,ABSOLUTE_PHYSICAL_PCC_HULL;CENTERED_SIGN_NORMALIZED_PRODUCTION_RAY,kW physical distances; dimensionless normalized radius and ratios
2010-07-02 18:00:00,RAY:115.000000:ADAPTIVE,RAY,115.000000,ADAPTIVE,VMAX_BUS_30,VMAX,30,92.3975684646,3401.52598111,115,1.08203125000006,1.11306228690905,INSIDE,49.2193210275453,0.0310310369089848,68.3265864457715,0.430054483793623,true,0.000195312501914513,0.430054483359385,114.449035836968,158.878907416622,158.878907416651,0.00660702800752157,0.00917191990626836,1,false,false,ABSOLUTE_PHYSICAL_PCC_HULL;CENTERED_SIGN_NORMALIZED_PRODUCTION_RAY,kW physical distances; dimensionless normalized radius and ratios
2010-07-02 18:00:00,RAY:120.000000:BASE,RAY,120.000000,BASE,VMAX_BUS_30,VMAX,30,-124.731369019,3508.00458689,120.000000000063,1.18554687499828,1.21918419501836,INSIDE,48.7091848437085,0.0336373200200786,72.5357967806331,0.421173496249399,true,0.000195312498420641,0.421173496750144,115.651115935522,172.223079895453,172.223079895419,0.00653854912597881,0.00973694945140199,1,false,false,ABSOLUTE_PHYSICAL_PCC_HULL;CENTERED_SIGN_NORMALIZED_PRODUCTION_RAY,kW physical distances; dimensionless normalized radius and ratios
2010-07-02 18:00:00,RAY:125.000000:ADAPTIVE,RAY,125.000000,ADAPTIVE,VMAX_BUS_30,VMAX,30,-392.886547588,3643.98621369,125.000000000038,1.32519531249876,1.35910833170677,INSIDE,44.0525628695798,0.033913019208011,71.3853961275673,0.411124113186881,true,0.000195312497273337,0.411124114341131,107.151493810715,173.634660769046,173.634660768974,0.00591346062087143,0.00958252372638186,1,false,false,ABSOLUTE_PHYSICAL_PCC_HULL;CENTERED_SIGN_NORMALIZED_PRODUCTION_RAY,kW physical distances; dimensionless normalized radius and ratios
2010-07-02 18:00:00,RAY:130.000000:BASE,RAY,130.000000,BASE,VMAX_BUS_30,VMAX,30,-741.670706568,3828.20468902,130.00000000004,1.52109374999858,1.54862832667448,INSIDE,31.3899051677243,0.027534576675899,56.4099769880459,0.800271867107679,true,0.000390624997643085,0.800271868617467,39.2240517977632,70.4885167156081,70.4885167155739,0.00421367012520415,0.00757227629481287,1,false,false,ABSOLUTE_PHYSICAL_PCC_HULL;CENTERED_SIGN_NORMALIZED_PRODUCTION_RAY,kW physical distances; dimensionless normalized radius and ratios
2010-07-02 18:00:00,RAY:20.000000:BASE,RAY,20.000000,BASE,VMAX_BUS_13,VMAX,13,1883.650805,1690.22847265,20.0000000000349,0.70283203124937,0.726456701305704,INSIDE,39.6457685999641,0.0236246700563333,40.1825153282064,0.166100680697303,true,9.76562506822543e-05,0.166100681219232,238.685166331217,241.916619686755,241.916619686649,0.00532190810541837,0.00539395909255932,1,false,false,ABSOLUTE_PHYSICAL_PCC_HULL;CENTERED_SIGN_NORMALIZED_PRODUCTION_RAY,kW physical distances; dimensionless normalized radius and ratios
2010-07-02 18:00:00,RAY:30.000000:BASE,RAY,30.000000,BASE,VMAX_BUS_13,VMAX,13,1805.96207904,1951.30844116,29.9999999999993,0.70664062499819,0.725266286206856,INSIDE,31.3079789760059,0.0186256612086662,33.6408697698703,0.35276504555685,true,0.00019531249523308,0.352765045114482,88.7502301328788,95.3633877158698,95.3633877159028,0.00420267264226589,0.00451583167192673,1,false,false,ABSOLUTE_PHYSICAL_PCC_HULL;CENTERED_SIGN_NORMALIZED_PRODUCTION_RAY,kW physical distances; dimensionless normalized radius and ratios
2010-07-02 18:00:00,RAY:325.000000:ADAPTIVE,RAY,325.000000,ADAPTIVE,VMAX_BUS_13,VMAX,13,2699.50002465,-758.56943595,324.999999999944,1.42773437499827,1.4700626568011,INSIDE,35.1023036379169,0.042328281802831,78.9789774056638,0.728854603840717,true,0.000390625000291855,0.728854604017415,48.1609136485445,108.360401334286,108.360401334279,0.00471200939839152,0.0106018592867748,1,false,false,ABSOLUTE_PHYSICAL_PCC_HULL;CENTERED_SIGN_NORMALIZED_PRODUCTION_RAY,kW physical distances; dimensionless normalized radius and ratios
2010-07-02 18:00:00,RAY:330.000000:BASE,RAY,330.000000,BASE,VMAX_BUS_13,VMAX,13,2527.00566466,-282.75100708,330.000000000046,1.22617187500163,1.27778832986182,INSIDE,49.2459001046172,0.0516164548601887,93.2274251356817,0.352765055800823,true,0.000195312501502176,0.352765056437576,139.599711748156,264.27624685158,264.276246851504,0.00661059588905593,0.0125145206411086,1,false,false,ABSOLUTE_PHYSICAL_PCC_HULL;CENTERED_SIGN_NORMALIZED_PRODUCTION_RAY,kW physical distances; dimensionless normalized radius and ratios
2010-07-02 18:00:00,RAY:335.000000:ADAPTIVE,RAY,335.000000,ADAPTIVE,VMAX_BUS_13,VMAX,13,2402.76520668,73.4071236687,335.000000000013,1.08613281250052,1.13764959968474,INSIDE,55.2053384303358,0.0515167871842173,90.1768859689758,0.341882213291875,true,0.000195312502427214,0.341882213980463,161.474731015636,263.765947105284,263.765947105189,0.00741056986482623,0.0121050270257622,1,false,false,ABSOLUTE_PHYSICAL_PCC_HULL;CENTERED_SIGN_NORMALIZED_PRODUCTION_RAY,kW physical distances; dimensionless normalized radius and ratios
2010-07-02 18:00:00,RAY:340.000000:BASE,RAY,340.000000,BASE,VMAX_BUS_13,VMAX,13,2306.7526626,356.694120506,340.000000000055,0.983789062501989,1.03229156920488,INSIDE,57.2799497369623,0.0485025067028908,82.4965053224913,0.332201362789202,true,0.000195312501808265,0.332201363193011,172.425390600548,248.332832019657,248.332832019597,0.00768905836733789,0.0110740398243875,1,false,false,ABSOLUTE_PHYSICAL_PCC_HULL;CENTERED_SIGN_NORMALIZED_PRODUCTION_RAY,kW physical distances; dimensionless normalized radius and ratios
2010-07-02 18:00:00,RAY:345.000000:ADAPTIVE,RAY,345.000000,ADAPTIVE,VMAX_BUS_13,VMAX,13,2228.68831353,592.07289676,345.000000000023,0.906640625000837,0.951421098541915,INSIDE,57.3794958455454,0.0447804735410779,74.3166883860118,0.324136323584511,true,0.000195312498087352,0.32413632350126,177.022726768187,229.276026775563,229.276026775576,0.00770242108575249,0.00997601005746991,1,false,false,ABSOLUTE_PHYSICAL_PCC_HULL;CENTERED_SIGN_NORMALIZED_PRODUCTION_RAY,kW physical distances; dimensionless normalized radius and ratios
2010-07-02 18:00:00,RAY:350.000000:BASE,RAY,350.000000,BASE,VMAX_BUS_13,VMAX,13,2162.72380489,794.33860908,349.999999999969,0.847460937498026,0.888572273348074,INSIDE,56.4039677331252,0.0411113358500474,66.9491113246868,0.159031536128537,true,9.76562460038854e-05,0.159031535951823,354.671589712476,420.980096331081,420.980096331135,0.00757146963363315,0.0089870125057868,1,false,false,ABSOLUTE_PHYSICAL_PCC_HULL;CENTERED_SIGN_NORMALIZED_PRODUCTION_RAY,kW physical distances; dimensionless normalized radius and ratios
2010-07-02 18:00:00,RAY:40.000000:BASE,RAY,40.000000,BASE,VMAX_BUS_13,VMAX,13,1726.06763182,2224.90082912,39.9999999999335,0.733789062498666,0.746731712489704,INSIDE,21.1299970035634,0.0129426499910381,24.9465841521505,0.376459202218598,true,0.000195312498621147,0.376459201646575,56.1282520895687,66.2663684219375,66.2663684219643,0.00283641625050577,0.00334874144430009,1,false,false,ABSOLUTE_PHYSICAL_PCC_HULL;CENTERED_SIGN_NORMALIZED_PRODUCTION_RAY,kW physical distances; dimensionless normalized radius and ratios
2010-07-02 18:00:00,RAY:50.000000:BASE,RAY,50.000000,BASE,VMAX_BUS_13,VMAX,13,1638.06135619,2531.86569962,50.0000000000793,0.789062499997864,0.794379473418571,INSIDE,8.1597583998401,0.00531697342070714,10.8928621579599,0.200067967405714,true,9.76562499123146e-05,0.200067968182012,40.7849317691777,54.4458078769279,54.4458078769018,0.00109533717972626,0.0014622193857456,1,false,false,ABSOLUTE_PHYSICAL_PCC_HULL;CENTERED_SIGN_NORMALIZED_PRODUCTION_RAY,kW physical distances; dimensionless normalized radius and ratios
2010-07-02 18:00:00,RAY:70.000000:BASE,RAY,70.000000,BASE,VMAX_BUS_30,VMAX,30,1263.24383418,2870.46603808,70.0000000000908,0.799121093749555,0.805149714756345,INSIDE,13.2190467267743,0.0060286210067898,13.5064498907852,0.218787891539935,true,9.76562524553914e-05,0.218787891762519,60.4194621271418,61.7330775573599,61.7330775573523,0.00177447819541549,0.00181305818218547,1,false,false,ABSOLUTE_PHYSICAL_PCC_HULL;CENTERED_SIGN_NORMALIZED_PRODUCTION_RAY,kW physical distances; dimensionless normalized radius and ratios
2010-07-02 18:00:00,RAY:80.000000:BASE,RAY,80.000000,BASE,VMAX_BUS_30,VMAX,30,1048.70465544,2962.70213461,80.0000000000884,0.803027343748972,0.814269331281948,INSIDE,24.3743936163481,0.0112419875329762,25.7839912936679,0.22397889313132,true,9.76562505304868e-05,0.223978892172138,108.824511433125,115.117951712335,115.117951712395,0.00327193260547906,0.00346115202458029,1,false,false,ABSOLUTE_PHYSICAL_PCC_HULL;CENTERED_SIGN_NORMALIZED_PRODUCTION_RAY,kW physical distances; dimensionless normalized radius and ratios
2010-07-02 18:00:00,RAY:90.000000:BASE,RAY,90.000000,BASE,VMAX_BUS_30,VMAX,30,825.234375,3061.11404419,90,0.833398437500237,0.849711745965953,INSIDE,33.8944994858737,0.0163133084657165,37.7117810547307,0.451507570000103,true,0.00019531250070981,0.451507570000256,75.0696150805753,83.524139040923,83.524139040923,0.00454987803018991,0.00506229644051132,1,false,false,ABSOLUTE_PHYSICAL_PCC_HULL;CENTERED_SIGN_NORMALIZED_PRODUCTION_RAY,kW physical distances; dimensionless normalized radius and ratios
2010-07-03 00:00:00,AXIS:P13_POSITIVE:AXIS,AXIS,P13_POSITIVE,AXIS,VMAX_BUS_13,VMAX,13,1646.875,0,358.28249074499,1.00064647073734,1.04102102194028,INSIDE,59.7641283138386,0.0403745512029363,64.0998166072744,0.3125,false,,,191.245210604284,,,0.00799874912412612,0.00857903171032043,1,false,false,ABSOLUTE_PHYSICAL_PCC_HULL;CENTERED_SIGN_NORMALIZED_PRODUCTION_RAY,kW physical distances; dimensionless normalized radius and ratios
2010-07-03 00:00:00,AXIS:P30_POSITIVE:AXIS,AXIS,P30_POSITIVE,AXIS,VMAX_BUS_30,VMAX,30,0,2345.625,92.1534734848641,1.00098145160367,1.02396698174081,INSIDE,46.2923306998038,0.02298553013714,52.3125869229142,0.625,false,,,74.067729119686,,,0.00619570217262036,0.0070014450245657,1,false,false,ABSOLUTE_PHYSICAL_PCC_HULL;CENTERED_SIGN_NORMALIZED_PRODUCTION_RAY,kW physical distances; dimensionless normalized radius and ratios
2010-07-03 00:00:00,RAY:0.000000:BASE,RAY,0.000000,BASE,VMAX_BUS_13,VMAX,13,1624.7119751,68.28125,0,0.986230468751477,1.02537439476408,INSIDE,58.8266740540386,0.0391439260126057,62.1165175912537,0.154968260000032,true,9.76562489169996e-05,0.154968260000164,379.60466261947,400.833806814299,400.833806814299,0.00787328152924868,0.00831358968489726,1,false,false,ABSOLUTE_PHYSICAL_PCC_HULL;CENTERED_SIGN_NORMALIZED_PRODUCTION_RAY,kW physical distances; dimensionless normalized radius and ratios
2010-07-03 00:00:00,RAY:10.000000:BASE,RAY,10.000000,BASE,VMAX_BUS_13,VMAX,13,1507.38338807,434.518722276,9.99999999999285,0.926367187499842,0.9589344038745,INSIDE,52.334022968667,0.0325672163746574,52.4983141160551,0.31484351675488,true,0.000195312499213784,0.314843516761107,166.222330089812,166.744148509462,166.744148509461,0.00700431399558607,0.00702630249785906,1,false,false,ABSOLUTE_PHYSICAL_PCC_HULL;CENTERED_SIGN_NORMALIZED_PRODUCTION_RAY,kW physical distances; dimensionless normalized radius and ratios
2010-07-03 00:00:00,RAY:100.000000:BASE,RAY,100.000000,BASE,VMAX_BUS_30,VMAX,30,-233.684842969,2455.36174547,100.000000000019,1.06464843749971,1.09178705688815,INSIDE,51.2613788456926,0.0271386193884411,61.3061373622643,0.441210910336084,true,0.000195312500222533,0.441210910393993,116.183389043225,138.949731110503,138.9497311105,0.00686075277447889,0.00820512950435552,1,false,false,ABSOLUTE_PHYSICAL_PCC_HULL;CENTERED_SIGN_NORMALIZED_PRODUCTION_RAY,kW physical distances; dimensionless normalized radius and ratios
2010-07-03 00:00:00,RAY:105.000000:ADAPTIVE,RAY,105.000000,ADAPTIVE,VMAX_BUS_30,VMAX,30,-401.161894096,2535.87257261,105.00000000001,1.12207031249901,1.15175445174841,INSIDE,53.1502162308727,0.0296841392493978,66.4083266146027,0.436946347367844,true,0.000195312498947775,0.436946347443832,121.640143122945,151.982793775708,151.982793775703,0.00711355218453617,0.00888799952964823,1,false,false,ABSOLUTE_PHYSICAL_PCC_HULL;CENTERED_SIGN_NORMALIZED_PRODUCTION_RAY,kW physical distances; dimensionless normalized radius and ratios
2010-07-03 00:00:00,RAY:110.000000:BASE,RAY,110.000000,BASE,VMAX_BUS_30,VMAX,30,-589.802280847,2628.47669172,110.000000000018,1.1966796874989,1.22858592959765,INSIDE,53.5563035007084,0.0319062420987555,70.4230120473582,0.431091022586853,true,0.000195312499884803,0.431091022559611,124.23432800649,163.359959641979,163.359959641981,0.00716790234884978,0.00942531953238069,1,false,false,ABSOLUTE_PHYSICAL_PCC_HULL;CENTERED_SIGN_NORMALIZED_PRODUCTION_RAY,kW physical distances; dimensionless normalized radius and ratios
2010-07-03 00:00:00,RAY:115.000000:ADAPTIVE,RAY,115.000000,ADAPTIVE,VMAX_BUS_30,VMAX,30,-808.218015286,2738.62128077,115.000000000003,1.29414062499961,1.32722361429666,INSIDE,51.4044976436099,0.033082989297049,71.7787542780673,0.423761219612559,true,0.000195312499371658,0.423761219820755,121.30533721469,169.384905745821,169.384905745808,0.00687990759848093,0.00960677021670222,1,false,false,ABSOLUTE_PHYSICAL_PCC_HULL;CENTERED_SIGN_NORMALIZED_PRODUCTION_RAY,kW physical distances; dimensionless normalized radius and ratios
2010-07-03 00:00:00,RAY:120.000000:BASE,RAY,120.000000,BASE,VMAX_BUS_30,VMAX,30,-1069.72119141,2874.86766612,120.000000000094,1.4234375000007,1.45512334498855,INSIDE,44.9061641966821,0.0316858449878534,67.3436347125187,0.415108190960354,true,0.000195312503116662,0.415108193255642,108.179422074981,162.231523749031,162.231523748907,0.00601017954532605,0.00901317988515693,1,false,false,ABSOLUTE_PHYSICAL_PCC_HULL;CENTERED_SIGN_NORMALIZED_PRODUCTION_RAY,kW physical distances; dimensionless normalized radius and ratios
2010-07-03 00:00:00,RAY:125.000000:ADAPTIVE,RAY,125.000000,ADAPTIVE,VMAX_BUS_30,VMAX,30,-1396.6230719,3052.24735933,125.00000000012,1.60000000000036,1.6239798679695,INSIDE,30.4513549464367,0.023979867969147,49.7638555320124,0.810638579992157,true,0.000390625002124168,0.810638582244195,37.5646505089004,61.3884616671939,61.3884616671522,0.00407556766204625,0.00666032630409257,1,false,false,ABSOLUTE_PHYSICAL_PCC_HULL;CENTERED_SIGN_NORMALIZED_PRODUCTION_RAY,kW physical distances; dimensionless normalized radius and ratios
2010-07-03 00:00:00,RAY:20.000000:BASE,RAY,20.000000,BASE,VMAX_BUS_13,VMAX,13,1403.05535764,769.780945816,19.9999999999627,0.900878906252058,0.927033922702048,INSIDE,43.4762174556486,0.0261550164499899,43.999161903979,0.16428180632485,true,9.7656254822609e-05,0.164281807090205,264.644140627958,267.82735522164,267.827355221504,0.00581879743091914,0.00588878760004004,1,false,false,ABSOLUTE_PHYSICAL_PCC_HULL;CENTERED_SIGN_NORMALIZED_PRODUCTION_RAY,kW physical distances; dimensionless normalized radius and ratios
2010-07-03 00:00:00,RAY:30.000000:BASE,RAY,30.000000,BASE,VMAX_BUS_13,VMAX,13,1303.24447894,1098.36308289,30.0000000000791,0.904882812501576,0.924369796790708,INSIDE,32.4856282042645,0.019486984289132,34.7748020129952,0.348537948782338,true,0.000195312499444045,0.348537947075302,93.2054266049283,99.7733598443597,99.7733598444652,0.00434783201021572,0.00465421189919199,1,false,false,ABSOLUTE_PHYSICAL_PCC_HULL;CENTERED_SIGN_NORMALIZED_PRODUCTION_RAY,kW physical distances; dimensionless normalized radius and ratios
2010-07-03 00:00:00,RAY:330.000000:BASE,RAY,330.000000,BASE,VMAX_BUS_13,VMAX,13,2270.33616793,-1762.87652588,329.999999999936,1.60859374999783,1.6464413885525,INSIDE,35.4229636819233,0.0378476385546709,67.5396519990004,0.697075891185995,true,0.000390624996692512,0.697075890233005,50.8165095505673,96.889955520341,96.8899555203732,0.00474096096971144,0.00903941457045721,1,false,false,ABSOLUTE_PHYSICAL_PCC_HULL;CENTERED_SIGN_NORMALIZED_PRODUCTION_RAY,kW physical distances; dimensionless normalized radius and ratios
2010-07-03 00:00:00,RAY:335.000000:ADAPTIVE,RAY,335.000000,ADAPTIVE,VMAX_BUS_13,VMAX,13,2093.94998084,-1292.68138886,334.999999999995,1.41445312499901,1.46333684598275,INSIDE,51.4768934248753,0.0488837209837432,84.5873019057511,0.337964394593204,true,0.000195312497016209,0.337964394252396,152.314546290701,250.284655260366,250.284655260401,0.00688959695074499,0.0113210486979386,1,false,false,ABSOLUTE_PHYSICAL_PCC_HULL;CENTERED_SIGN_NORMALIZED_PRODUCTION_RAY,kW physical distances; dimensionless normalized radius and ratios
2010-07-03 00:00:00,RAY:340.000000:BASE,RAY,340.000000,BASE,VMAX_BUS_13,VMAX,13,1961.51776783,-924.844606624,339.999999999989,1.27539062499991,1.32596465178565,INSIDE,58.7743681409244,0.0505740267857402,85.0779351233548,0.328563594458425,true,0.000195312497651701,0.328563594004215,178.882776826821,258.939020256289,258.939020256344,0.00786628097743754,0.011386714376169,1,false,false,ABSOLUTE_PHYSICAL_PCC_HULL;CENTERED_SIGN_NORMALIZED_PRODUCTION_RAY,kW physical distances; dimensionless normalized radius and ratios
2010-07-03 00:00:00,RAY:345.000000:ADAPTIVE,RAY,345.000000,ADAPTIVE,VMAX_BUS_13,VMAX,13,1855.6422793,-622.140581812,345.000000000018,1.17167968750077,1.22066363286559,INSIDE,61.8372457051354,0.0489839453648251,80.439810371466,0.320735707056356,true,0.000195312498492584,0.320735706871031,192.798133618064,250.797802203555,250.797802203579,0.00827621231794645,0.0107659541083719,1,false,false,ABSOLUTE_PHYSICAL_PCC_HULL;CENTERED_SIGN_NORMALIZED_PRODUCTION_RAY,kW physical distances; dimensionless normalized radius and ratios
2010-07-03 00:00:00,RAY:350.000000:BASE,RAY,350.000000,BASE,VMAX_BUS_13,VMAX,13,1767.74277928,-363.821827136,349.999999999992,1.09296874999789,1.13888694211711,INSIDE,62.1293125785654,0.0459181921192287,74.0200711594316,0.314843516754894,true,0.000195312499213562,0.314843516760764,197.333942966128,235.1011445971,235.101144597099,0.00831530214848437,0.00990674500002973,1,false,false,ABSOLUTE_PHYSICAL_PCC_HULL;CENTERED_SIGN_NORMALIZED_PRODUCTION_RAY,kW physical distances; dimensionless normalized radius and ratios
2010-07-03 00:00:00,RAY:40.000000:BASE,RAY,40.000000,BASE,VMAX_BUS_13,VMAX,13,1201.34634098,1442.69199056,39.999999999993,0.939160156247832,0.950519224056314,INSIDE,18.4151036881142,0.0113590678084817,21.6103096311114,0.18578828206346,true,9.76562451499019e-05,0.185788282162152,99.1187575641831,116.31686013573,116.316860135724,0.00246465226971088,0.00289229425929603,1,false,false,ABSOLUTE_PHYSICAL_PCC_HULL;CENTERED_SIGN_NORMALIZED_PRODUCTION_RAY,kW physical distances; dimensionless normalized radius and ratios
2010-07-03 00:00:00,RAY:60.000000:BASE,RAY,60.000000,BASE,VMAX_BUS_30,VMAX,30,828.485046387,1978.74711311,59.999999999934,0.968945312498421,0.973093237938105,INSIDE,8.79056848210097,0.0041479254396839,8.81580957465241,0.4151081786966,true,0.000195312496792055,0.415108179813574,21.1765725977804,21.2373785999987,21.2373785999871,0.00117651765248778,0.00117989588576306,1,false,false,ABSOLUTE_PHYSICAL_PCC_HULL;CENTERED_SIGN_NORMALIZED_PRODUCTION_RAY,kW physical distances; dimensionless normalized radius and ratios
2010-07-03 00:00:00,RAY:70.000000:BASE,RAY,70.000000,BASE,VMAX_BUS_30,VMAX,30,572.219422702,2088.60848368,70.0000000000441,0.944335937501899,0.955285504568961,INSIDE,23.6376465937477,0.0109495670670618,24.1677315395058,0.431091022587294,true,0.000195312499884914,0.431091022559936,54.8321476329542,56.0617834163905,56.0617834163912,0.00316363026321195,0.00323457610673416,1,false,false,ABSOLUTE_PHYSICAL_PCC_HULL;CENTERED_SIGN_NORMALIZED_PRODUCTION_RAY,kW physical distances; dimensionless normalized radius and ratios
2010-07-03 00:00:00,RAY:80.000000:BASE,RAY,80.000000,BASE,VMAX_BUS_30,VMAX,30,321.575194163,2199.18084475,80.0000000000339,0.950390625001649,0.96697073021808,INSIDE,35.3601768889955,0.0165801052164306,37.4544553402118,0.441210910213651,true,0.000195312500113065,0.441210910146717,80.1434780293007,84.8901386589824,84.890138658985,0.00473255767129302,0.00501285303240621,1,false,false,ABSOLUTE_PHYSICAL_PCC_HULL;CENTERED_SIGN_NORMALIZED_PRODUCTION_RAY,kW physical distances; dimensionless normalized radius and ratios
2010-07-03 00:00:00,RAY:90.000000:BASE,RAY,90.000000,BASE,VMAX_BUS_30,VMAX,30,59.6875,2317.87503052,90,0.988085937501064,1.01001417657821,INSIDE,44.7730585450901,0.0219282390771494,49.9244330614286,0.444671629999903,true,0.000195312499622458,0.444671629999817,100.687913337534,112.27258429203,112.27258429203,0.00599236486712148,0.00668181778081967,1,false,false,ABSOLUTE_PHYSICAL_PCC_HULL;CENTERED_SIGN_NORMALIZED_PRODUCTION_RAY,kW physical distances; dimensionless normalized radius and ratios
2010-11-26 18:00:00,AXIS:P13_POSITIVE:AXIS,AXIS,P13_POSITIVE,AXIS,VMAX_BUS_13,VMAX,13,1729.6875,0,355.456925631258,1.00334917044279,1.04313319814983,INSIDE,57.4032180483107,0.0397840277070367,63.4106668161262,0.3125,false,,,183.690297754594,,,0.00770005095807339,0.00850588838693085,1,false,false,ABSOLUTE_PHYSICAL_PCC_HULL;CENTERED_SIGN_NORMALIZED_PRODUCTION_RAY,kW physical distances; dimensionless normalized radius and ratios
2010-11-26 18:00:00,AXIS:P30_POSITIVE:AXIS,AXIS,P30_POSITIVE,AXIS,VMAX_BUS_30,VMAX,30,0,2462.1875,95.0636344145188,1.00405556563317,1.02739330957677,INSIDE,46.1544960393769,0.0233377439435929,53.1178085234156,0.3125,false,,,147.694387326006,,,0.00619115066246459,0.00712520737195015,1,false,false,ABSOLUTE_PHYSICAL_PCC_HULL;CENTERED_SIGN_NORMALIZED_PRODUCTION_RAY,kW physical distances; dimensionless normalized radius and ratios
2010-11-26 18:00:00,RAY:0.000000:BASE,RAY,0.000000,BASE,VMAX_BUS_13,VMAX,13,1670.57841492,181.25,0,0.962988281251893,0.999858285447357,INSIDE,55.5011517461768,0.0368700041954634,58.5714582273869,0.15513610999983,true,9.76562510079937e-05,0.15513610999973,357.757789248664,377.548839064541,377.54883906454,0.00744490833802482,0.00785675835560265,1,false,false,ABSOLUTE_PHYSICAL_PCC_HULL;CENTERED_SIGN_NORMALIZED_PRODUCTION_RAY,kW physical distances; dimensionless normalized radius and ratios
2010-11-26 18:00:00,RAY:10.000000:BASE,RAY,10.000000,BASE,VMAX_BUS_13,VMAX,13,1556.12815088,539.530111306,9.9999999999918,0.904687500000256,0.935436608543686,INSIDE,49.4749570384622,0.0307491085434303,49.6230999391235,0.157598252957075,true,9.76562485827115e-05,0.157598252848693,313.930872393222,314.870876054458,314.870876054481,0.00663655633424653,0.00665642817981463,1,false,false,ABSOLUTE_PHYSICAL_PCC_HULL;CENTERED_SIGN_NORMALIZED_PRODUCTION_RAY,kW physical distances; dimensionless normalized radius and ratios
2010-11-26 18:00:00,RAY:100.000000:BASE,RAY,100.000000,BASE,VMAX_BUS_30,VMAX,30,-147.898172537,2531.63002727,99.9999999999949,1.04648437500013,1.07232466064735,INSIDE,48.9624219691946,0.0258402856472255,58.4728053528935,0.441963761346424,true,0.000195312500729683,0.441963761317,110.783793268554,132.302262019516,132.302262019518,0.00656780502926152,0.00784352508773742,1,false,false,ABSOLUTE_PHYSICAL_PCC_HULL;CENTERED_SIGN_NORMALIZED_PRODUCTION_RAY,kW physical distances; dimensionless normalized radius and ratios
2010-11-26 18:00:00,RAY:105.000000:ADAPTIVE,RAY,105.000000,ADAPTIVE,VMAX_BUS_30,VMAX,30,-312.617160198,2610.47964091,105.000000000019,1.10273437499829,1.13097451683601,INSIDE,50.7347973642222,0.0282401418377181,63.2849155959853,0.437686715579626,true,0.000195312497739186,0.437686715785464,115.915780758926,144.589527882793,144.589527882781,0.00680555094878578,0.00848902015486919,1,false,false,ABSOLUTE_PHYSICAL_PCC_HULL;CENTERED_SIGN_NORMALIZED_PRODUCTION_RAY,kW physical distances; dimensionless normalized radius and ratios
2010-11-26 18:00:00,RAY:110.000000:BASE,RAY,110.000000,BASE,VMAX_BUS_30,VMAX,30,-498.163344662,2701.46947575,109.999999999975,1.1759765625009,1.20612159237157,INSIDE,50.782783549038,0.0301450298706689,66.6473023164794,0.431814177168357,true,0.00019531250049587,0.431814177082669,117.60332623178,154.342552545972,154.342552545977,0.00681198780164749,0.00894004973071569,1,false,false,ABSOLUTE_PHYSICAL_PCC_HULL;CENTERED_SIGN_NORMALIZED_PRODUCTION_RAY,kW physical distances; dimensionless normalized radius and ratios
2010-11-26 18:00:00,RAY:115.000000:ADAPTIVE,RAY,115.000000,ADAPTIVE,VMAX_BUS_30,VMAX,30,-712.722472384,2808.93863536,115.000000000001,1.27128906250038,1.30258468139055,INSIDE,48.8168164569257,0.0312956188901652,68.0131695981965,0.424462677785291,true,0.000195312500142375,0.424462677777738,115.008501363738,160.233568600842,160.233568600842,0.00654827354823368,0.00912326677026102,1,false,false,ABSOLUTE_PHYSICAL_PCC_HULL;CENTERED_SIGN_NORMALIZED_PRODUCTION_RAY,kW physical distances; dimensionless normalized radius and ratios
2010-11-26 18:00:00,RAY:120.000000:BASE,RAY,120.000000,BASE,VMAX_BUS_30,VMAX,30,-969.372741699,2941.73176926,120.000000000039,1.39765624999808,1.42762855012535,INSIDE,42.6576301214454,0.0299723001272689,63.805425879275,0.415783809856599,true,0.000195312498502132,0.415783810170014,102.595697836714,153.458177828501,153.458177828485,0.00572208208622273,0.00855884125274142,1,false,false,ABSOLUTE_PHYSICAL_PCC_HULL;CENTERED_SIGN_NORMALIZED_PRODUCTION_RAY,kW physical distances; dimensionless normalized radius and ratios
2010-11-26 18:00:00,RAY:125.000000:ADAPTIVE,RAY,125.000000,ADAPTIVE,VMAX_BUS_30,VMAX,30,-1289.7000729,3114.14449922,124.999999999964,1.56992187499674,1.5926374706969,INSIDE,28.9800464332009,0.022715595700165,47.2153385050412,0.811930782755159,true,0.000390624995481481,0.81193078242947,35.6927549105377,58.1519256650895,58.1519256650953,0.00388737499202882,0.00633345176198185,1,false,false,ABSOLUTE_PHYSICAL_PCC_HULL;CENTERED_SIGN_NORMALIZED_PRODUCTION_RAY,kW physical distances; dimensionless normalized radius and ratios
2010-11-26 18:00:00,RAY:20.000000:BASE,RAY,20.000000,BASE,VMAX_BUS_13,VMAX,13,1454.26135908,867.57591809,19.9999999999676,0.879882812501236,0.904637051687174,INSIDE,41.1853223919279,0.0247542391859388,41.6934598691575,0.164482010284892,true,9.76562522321256e-05,0.164482010649969,250.394084560328,253.483403470152,253.483403470089,0.00552458715599584,0.00559274856926507,1,false,false,ABSOLUTE_PHYSICAL_PCC_HULL;CENTERED_SIGN_NORMALIZED_PRODUCTION_RAY,kW physical distances; dimensionless normalized radius and ratios
2010-11-26 18:00:00,RAY:30.000000:BASE,RAY,30.000000,BASE,VMAX_BUS_13,VMAX,13,1356.93384242,1189.26843262,30.0000000001392,0.883984374998747,0.902344344766623,INSIDE,30.6243527966931,0.0183599697678755,32.8075510381317,0.349005195758092,true,0.000195312500061884,0.349005194189951,87.7475555347317,94.0030451817379,94.0030451818313,0.00410794176894572,0.00440079534549095,1,false,false,ABSOLUTE_PHYSICAL_PCC_HULL;CENTERED_SIGN_NORMALIZED_PRODUCTION_RAY,kW physical distances; dimensionless normalized radius and ratios
2010-11-26 18:00:00,RAY:330.000000:BASE,RAY,330.000000,BASE,VMAX_BUS_13,VMAX,13,2296.8591116,-1605.83349609,330.000000000042,1.5671874999987,1.60237941444637,INSIDE,33.0555809713315,0.0351919144476749,62.8846639709873,0.698010385134327,true,0.000390624997931299,0.698010384461889,47.3568612664269,90.0913014631599,90.0913014631816,0.00443406600852518,0.00843533051841113,1,false,false,ABSOLUTE_PHYSICAL_PCC_HULL;CENTERED_SIGN_NORMALIZED_PRODUCTION_RAY,kW physical distances; dimensionless normalized radius and ratios
2010-11-26 18:00:00,RAY:335.000000:ADAPTIVE,RAY,335.000000,ADAPTIVE,VMAX_BUS_13,VMAX,13,2126.63066511,-1148.16291137,334.999999999973,1.37929687499868,1.42485749126562,INSIDE,48.1266262611718,0.045560616266936,78.9378887301191,0.676793144641615,true,0.000390624999084377,0.676793143715463,71.1098016317179,116.635177916748,116.635177916794,0.00645569163629985,0.0105887054142696,1,false,false,ABSOLUTE_PHYSICAL_PCC_HULL;CENTERED_SIGN_NORMALIZED_PRODUCTION_RAY,kW physical distances; dimensionless normalized radius and ratios
2010-11-26 18:00:00,RAY:340.000000:BASE,RAY,340.000000,BASE,VMAX_BUS_13,VMAX,13,1998.021715,-789.204183848,339.999999999992,1.24414062499989,1.29159598551212,INSIDE,55.3000913720363,0.047455360512223,79.9288620519224,0.328964011707236,true,0.000195312498549427,0.328964011337555,168.103772461442,242.971447627115,242.971447627157,0.00741793815796927,0.0107216342871692,1,false,false,ABSOLUTE_PHYSICAL_PCC_HULL;CENTERED_SIGN_NORMALIZED_PRODUCTION_RAY,kW physical distances; dimensionless normalized radius and ratios
2010-11-26 18:00:00,RAY:345.000000:ADAPTIVE,RAY,345.000000,ADAPTIVE,VMAX_BUS_13,VMAX,13,1895.52444193,-493.755093093,344.999999999964,1.14355468749779,1.18940734514014,INSIDE,58.0231302920106,0.0458526576423453,75.3854039732641,0.321109225772641,true,0.000195312495493649,0.321109225307236,180.695930340829,234.765612545441,234.765612545499,0.00778320580597765,0.010112176143166,1,false,false,ABSOLUTE_PHYSICAL_PCC_HULL;CENTERED_SIGN_NORMALIZED_PRODUCTION_RAY,kW physical distances; dimensionless normalized radius and ratios
2010-11-26 18:00:00,RAY:350.000000:BASE,RAY,350.000000,BASE,VMAX_BUS_13,VMAX,13,1809.74169314,-241.229699472,350.000000000026,1.06679687500272,1.11003173767825,INSIDE,58.6227174259728,0.0432348626755359,69.772686527547,0.315196515363079,true,0.000195312503288081,0.315196515578213,185.987834790764,221.362493172112,221.362493172084,0.00786363424957865,0.00935928785894266,1,false,false,ABSOLUTE_PHYSICAL_PCC_HULL;CENTERED_SIGN_NORMALIZED_PRODUCTION_RAY,kW physical distances; dimensionless normalized radius and ratios
2010-11-26 18:00:00,RAY:40.000000:BASE,RAY,40.000000,BASE,VMAX_BUS_13,VMAX,13,1257.17504848,1526.09420733,39.9999999998886,0.91738281250242,0.928194658594669,INSIDE,17.5318621941102,0.0108118460922487,20.599215125785,0.186059079706847,true,9.765625262248e-05,0.186059081768935,94.2273939102207,110.71330101151,110.71330101138,0.00235171889093318,0.00276317272023617,1,false,false,ABSOLUTE_PHYSICAL_PCC_HULL;CENTERED_SIGN_NORMALIZED_PRODUCTION_RAY,kW physical distances; dimensionless normalized radius and ratios
2010-11-26 18:00:00,RAY:60.000000:BASE,RAY,60.000000,BASE,VMAX_BUS_30,VMAX,30,897.923027039,2063.94022847,60.0000000000489,0.953222656251946,0.957057277839579,INSIDE,8.14097570510021,0.00383462158763315,8.16319276285003,0.207891909940517,true,9.76562514646284e-05,0.207891909797313,39.1596561281752,39.2665244684521,39.2665244684549,0.00109202811112353,0.00109500830078238,1,false,false,ABSOLUTE_PHYSICAL_PCC_HULL;CENTERED_SIGN_NORMALIZED_PRODUCTION_RAY,kW physical distances; dimensionless normalized radius and ratios
2010-11-26 18:00:00,RAY:70.000000:BASE,RAY,70.000000,BASE,VMAX_BUS_30,VMAX,30,645.484869368,2171.97642861,70.0000000000018,0.92890625000037,0.939238569982272,INSIDE,22.351867006061,0.0103323199819021,22.8436082637426,0.431814177168357,true,0.00019531250049587,0.431814177082634,51.7626983732552,52.9014781730296,52.9014781730318,0.00299827293323347,0.00306423496238572,1,false,false,ABSOLUTE_PHYSICAL_PCC_HULL;CENTERED_SIGN_NORMALIZED_PRODUCTION_RAY,kW physical distances; dimensionless normalized radius and ratios
2010-11-26 18:00:00,RAY:80.000000:BASE,RAY,80.000000,BASE,VMAX_BUS_30,VMAX,30,398.615400159,2280.49293029,79.9999999999913,0.93466796874959,0.95042148469138,INSIDE,33.678530032731,0.01575351594179,35.6479136439761,0.220981880734387,true,9.76562504194645e-05,0.220981880782107,152.404033854755,161.316002551026,161.316002551022,0.00451762821427161,0.00478180075856729,1,false,false,ABSOLUTE_PHYSICAL_PCC_HULL;CENTERED_SIGN_NORMALIZED_PRODUCTION_RAY,kW physical distances; dimensionless normalized radius and ratios
2010-11-26 18:00:00,RAY:90.000000:BASE,RAY,90.000000,BASE,VMAX_BUS_30,VMAX,30,140.78125,2396.84155273,90,0.971484374998082,0.992390529973028,INSIDE,42.8039088058154,0.0209061549749462,47.6790996897367,0.22271727999987,true,9.7656247739053e-05,0.222717279999878,192.189437684585,214.079031899828,214.079031899828,0.00574170386636022,0.00639566055228915,1,false,false,ABSOLUTE_PHYSICAL_PCC_HULL;CENTERED_SIGN_NORMALIZED_PRODUCTION_RAY,kW physical distances; dimensionless normalized radius and ratios
2010-12-21 11:30:00,AXIS:P13_POSITIVE:AXIS,AXIS,P13_POSITIVE,AXIS,VMAX_BUS_13,VMAX,13,1513.4375,0,2.86536740069902,1.00135055693522,1.04222756763019,INSIDE,62.6986988298097,0.040877010694967,64.8465914465601,0.15625,false,,,401.271672510782,,,0.00835939758639848,0.00864576857481475,1,false,false,ABSOLUTE_PHYSICAL_PCC_HULL;CENTERED_SIGN_NORMALIZED_PRODUCTION_RAY,kW physical distances; dimensionless normalized radius and ratios
2010-12-21 11:30:00,AXIS:P30_POSITIVE:AXIS,AXIS,P30_POSITIVE,AXIS,VMAX_BUS_30,VMAX,30,0,2157.5,87.4338048281284,1.00114159761013,1.02324378700398,INSIDE,45.5814770842555,0.0221021893938513,50.1651358868865,0.3125,false,,,145.860726669618,,,0.00607721845323914,0.00668834160326807,1,false,false,ABSOLUTE_PHYSICAL_PCC_HULL;CENTERED_SIGN_NORMALIZED_PRODUCTION_RAY,kW physical distances; dimensionless normalized radius and ratios
2010-12-21 11:30:00,RAY:0.000000:BASE,RAY,0.000000,BASE,VMAX_BUS_13,VMAX,13,1550.5679245,-113.671875,0,1.02353515625031,1.0664799860197,INSIDE,64.3724637973822,0.0429448297693926,68.0373596010557,0.154716489999828,true,9.76562489274357e-05,0.154716489999959,416.067245304323,439.755061668436,439.755061668436,0.0085825547984501,0.00907118250057817,1,false,false,ABSOLUTE_PHYSICAL_PCC_HULL;CENTERED_SIGN_NORMALIZED_PRODUCTION_RAY,kW physical distances; dimensionless normalized radius and ratios
2010-12-21 11:30:00,RAY:10.000000:BASE,RAY,10.000000,BASE,VMAX_BUS_13,VMAX,13,1428.57055236,265.332196142,9.99999999996788,0.961132812502209,0.996725867246899,INSIDE,57.0862465799456,0.0355930547446904,57.279472335334,0.314314041778396,true,0.000195312499262856,0.314314041841015,181.621687204779,182.236440980607,182.2364409806,0.00761110901475456,0.00763687112694143,1,false,false,ABSOLUTE_PHYSICAL_PCC_HULL;CENTERED_SIGN_NORMALIZED_PRODUCTION_RAY,kW physical distances; dimensionless normalized radius and ratios
2010-12-21 11:30:00,RAY:100.000000:BASE,RAY,100.000000,BASE,VMAX_BUS_30,VMAX,30,-371.863745119,2331.90999681,100.000000000028,1.09355468749862,1.12294894620984,INSIDE,55.2375891075437,0.0293942587112155,66.2316727437832,0.44008163359335,true,0.000195312497180522,0.44008163373402,125.51668802108,150.49860677398,150.498606773971,0.00736463399850547,0.00883043660571601,1,false,false,ABSOLUTE_PHYSICAL_PCC_HULL;CENTERED_SIGN_NORMALIZED_PRODUCTION_RAY,kW physical distances; dimensionless normalized radius and ratios
2010-12-21 11:30:00,RAY:105.000000:ADAPTIVE,RAY,105.000000,ADAPTIVE,VMAX_BUS_30,VMAX,30,-543.770067238,2415.25831688,105.000000000021,1.15292968749926,1.18508927876927,INSIDE,57.2653166001594,0.0321595912700035,71.7634627297841,0.435835805920925,true,0.000195312500932188,0.435835805984944,131.391950413889,164.657106516542,164.657106516538,0.00763498379242474,0.00956797076065853,1,false,false,ABSOLUTE_PHYSICAL_PCC_HULL;CENTERED_SIGN_NORMALIZED_PRODUCTION_RAY,kW physical distances; dimensionless normalized radius and ratios
2010-12-21 11:30:00,RAY:110.000000:BASE,RAY,110.000000,BASE,VMAX_BUS_30,VMAX,30,-737.547534363,2511.20388766,110.000000000046,1.2300781249981,1.26469870126709,INSIDE,57.7669495595379,0.0346205762689928,76.221779464482,0.430006304508372,true,0.000195312497111022,0.430006305088285,134.339773519328,177.257353119157,177.257353119119,0.00770186475531792,0.010162382492433,1,false,false,ABSOLUTE_PHYSICAL_PCC_HULL;CENTERED_SIGN_NORMALIZED_PRODUCTION_RAY,kW physical distances; dimensionless normalized radius and ratios
2010-12-21 11:30:00,RAY:115.000000:ADAPTIVE,RAY,115.000000,ADAPTIVE,VMAX_BUS_30,VMAX,30,-962.227006513,2625.76849606,115.000000000029,1.33105468749809,1.36692632304373,INSIDE,55.3781300046259,0.0358716355456403,77.6359193343,0.422709059547342,true,0.000195312497944133,0.422709059810785,131.00767242587,183.66277592692,183.662775926903,0.00738337182333735,0.0103509248008894,1,false,false,ABSOLUTE_PHYSICAL_PCC_HULL;CENTERED_SIGN_NORMALIZED_PRODUCTION_RAY,kW physical distances; dimensionless normalized radius and ratios
2010-12-21 11:30:00,RAY:120.000000:BASE,RAY,120.000000,BASE,VMAX_BUS_30,VMAX,30,-1231.38931274,2767.12193433,119.999999999946,1.46484374999714,1.49954981616666,INSIDE,48.84011831643,0.0347060661695178,73.5825969750622,0.414094782145169,true,0.000195312498989075,0.414094781791382,117.944297833022,177.695059707669,177.695059707689,0.00651168165837072,0.009810509548594,1,false,false,ABSOLUTE_PHYSICAL_PCC_HULL;CENTERED_SIGN_NORMALIZED_PRODUCTION_RAY,kW physical distances; dimensionless normalized radius and ratios
2010-12-21 11:30:00,RAY:125.000000:ADAPTIVE,RAY,125.000000,ADAPTIVE,VMAX_BUS_30,VMAX,30,-1568.79861067,2952.35379281,125.000000000043,1.64824218749996,1.67478930212259,INSIDE,33.4494793061424,0.0265471146226306,54.9597719683654,0.404350176337893,true,0.00019531250063598,0.404350177038683,82.7240378849014,135.921226425279,135.921226425252,0.00445970174496046,0.00732759361383959,1,false,false,ABSOLUTE_PHYSICAL_PCC_HULL;CENTERED_SIGN_NORMALIZED_PRODUCTION_RAY,kW physical distances; dimensionless normalized radius and ratios
2010-12-21 11:30:00,RAY:20.000000:BASE,RAY,20.000000,BASE,VMAX_BUS_13,VMAX,13,1320.03710215,612.03817195,20.0000000000328,0.934374999998241,0.963000213744385,INSIDE,47.5186737089236,0.0286252137461435,48.0666185046197,0.163981502959212,true,9.76562467055464e-05,0.16398150234316,289.780693867304,293.122198649046,293.122198649162,0.0063354980840906,0.00640855364167171,1,false,false,ABSOLUTE_PHYSICAL_PCC_HULL;CENTERED_SIGN_NORMALIZED_PRODUCTION_RAY,kW physical distances; dimensionless normalized radius and ratios
2010-12-21 11:30:00,RAY:30.000000:BASE,RAY,30.000000,BASE,VMAX_BUS_13,VMAX,13,1216.6130162,951.902275085,30.0000000000447,0.938476562498335,0.959687425995111,INSIDE,35.3321853667518,0.0212108634967759,37.7749818502144,0.347837138295486,true,0.000195312497414335,0.34783713760946,101.576805570247,108.5996225412,108.599622541245,0.00471071634004284,0.00503640582657187,1,false,false,ABSOLUTE_PHYSICAL_PCC_HULL;CENTERED_SIGN_NORMALIZED_PRODUCTION_RAY,kW physical distances; dimensionless normalized radius and ratios
2010-12-21 11:30:00,RAY:330.000000:BASE,RAY,330.000000,BASE,VMAX_BUS_13,VMAX,13,2227.95755146,-2016.1818924,329.99999999996,1.67558593750234,1.71798893444648,INSIDE,39.4564625502752,0.0424029969441408,75.5166068653001,0.347837152374855,true,0.000195312505082423,0.347837151265763,113.433721156255,217.103338704536,217.103338704617,0.00526059175017163,0.010068364303322,1,false,false,ABSOLUTE_PHYSICAL_PCC_HULL;CENTERED_SIGN_NORMALIZED_PRODUCTION_RAY,kW physical distances; dimensionless normalized radius and ratios
2010-12-21 11:30:00,RAY:335.000000:ADAPTIVE,RAY,335.000000,ADAPTIVE,VMAX_BUS_13,VMAX,13,2041.55036339,-1525.67776017,335.000000000023,1.47128906249989,1.52569858873858,INSIDE,57.0096212460195,0.0544095262386926,93.9684571931749,0.337316189832693,true,0.000195312497971445,0.337316190264367,169.009442666526,278.576777235461,278.576777235413,0.00760089282776132,0.0125284847838779,1,false,false,ABSOLUTE_PHYSICAL_PCC_HULL;CENTERED_SIGN_NORMALIZED_PRODUCTION_RAY,kW physical distances; dimensionless normalized radius and ratios
2010-12-21 11:30:00,RAY:340.000000:BASE,RAY,340.000000,BASE,VMAX_BUS_13,VMAX,13,1902.45320008,-1143.22749554,339.999999999946,1.32558593749988,1.38157668513,INSIDE,64.7863073086792,0.0559907476301171,94.0180195680865,0.327963017559627,true,0.00019531250024607,0.327963016163372,197.541502669277,286.672627505027,286.672627505207,0.0086377311021701,0.0125350927614747,1,false,false,ABSOLUTE_PHYSICAL_PCC_HULL;CENTERED_SIGN_NORMALIZED_PRODUCTION_RAY,kW physical distances; dimensionless normalized radius and ratios
2010-12-21 11:30:00,RAY:345.000000:ADAPTIVE,RAY,345.000000,ADAPTIVE,VMAX_BUS_13,VMAX,13,1791.66255598,-829.063670695,344.99999999999,1.2171874999995,1.27117244724517,INSIDE,67.8906811838397,0.0539849472456733,88.4974328229604,0.320175451152203,true,0.000195312499897238,0.32017545113977,212.042119217836,276.402930043275,276.402930043276,0.00905162638171547,0.0117990522953403,1,false,false,ABSOLUTE_PHYSICAL_PCC_HULL;CENTERED_SIGN_NORMALIZED_PRODUCTION_RAY,kW physical distances; dimensionless normalized radius and ratios
2010-12-21 11:30:00,RAY:350.000000:BASE,RAY,350.000000,BASE,VMAX_BUS_13,VMAX,13,1699.47730132,-561.144675922,349.999999999977,1.13476562499748,1.18546215157666,INSIDE,68.3647874964194,0.050696526579179,81.5853068111072,0.157157021011721,true,9.76562496695088e-05,0.157157020981808,435.009438689479,519.132433927656,519.132433927665,0.00911483731334633,0.0108774827798834,1,false,false,ABSOLUTE_PHYSICAL_PCC_HULL;CENTERED_SIGN_NORMALIZED_PRODUCTION_RAY,kW physical distances; dimensionless normalized radius and ratios
2010-12-21 11:30:00,RAY:40.000000:BASE,RAY,40.000000,BASE,VMAX_BUS_13,VMAX,13,1110.98143011,1307.94837194,40.0000000001938,0.973925781248707,0.986261679237586,INSIDE,19.9949612145635,0.0123358979888789,23.4173978072874,0.185382148112009,true,9.76562482360999e-05,0.185382143672728,107.858072733532,126.319597687747,126.319597688051,0.00266585804229936,0.00312215950830706,1,false,false,ABSOLUTE_PHYSICAL_PCC_HULL;CENTERED_SIGN_NORMALIZED_PRODUCTION_RAY,kW physical distances; dimensionless normalized radius and ratios
2010-12-21 11:30:00,RAY:60.000000:BASE,RAY,60.000000,BASE,VMAX_BUS_30,VMAX,30,716.491317749,1841.42685693,59.9999999999409,0.994140624998194,0.998445419691996,INSIDE,9.09830160716574,0.00430479469380196,9.12687630649609,0.414094782892709,true,0.000195312499620459,0.414094783129907,21.9715436731863,22.0405488750963,22.0405488750938,0.00121304463911947,0.00121685440354955,1,false,false,ABSOLUTE_PHYSICAL_PCC_HULL;CENTERED_SIGN_NORMALIZED_PRODUCTION_RAY,kW physical distances; dimensionless normalized radius and ratios
2010-12-21 11:30:00,RAY:70.000000:BASE,RAY,70.000000,BASE,VMAX_BUS_30,VMAX,30,454.124313752,1954.38679987,69.9999999999665,0.969140624999341,0.980734703267492,INSIDE,24.9469180038502,0.0115940782681512,25.5258973733629,0.430006314201123,true,0.000195312501249267,0.430006314199104,58.0152364743696,59.3616803532419,59.361680353242,0.00332608507100816,0.00340327835945608,1,false,false,ABSOLUTE_PHYSICAL_PCC_HULL;CENTERED_SIGN_NORMALIZED_PRODUCTION_RAY,kW physical distances; dimensionless normalized radius and ratios
2010-12-21 11:30:00,RAY:80.000000:BASE,RAY,80.000000,BASE,VMAX_BUS_30,VMAX,30,197.351214781,2067.87101815,79.9999999999684,0.975488281248127,0.993296126683362,INSIDE,37.8324834162534,0.0178078454352354,40.1249578268275,0.220040816796675,true,9.76562485904831e-05,0.220040816867504,171.933934653642,182.352339888784,182.352339888779,0.00504407230867329,0.00534971988050969,1,false,false,ABSOLUTE_PHYSICAL_PCC_HULL;CENTERED_SIGN_NORMALIZED_PRODUCTION_RAY,kW physical distances; dimensionless normalized radius and ratios
2010-12-21 11:30:00,RAY:90.000000:BASE,RAY,90.000000,BASE,VMAX_BUS_30,VMAX,30,-71.015625,2190.0085144,90,1.01445312499811,1.03813599277911,INSIDE,48.1406840060393,0.0236828677809979,53.7804623273646,0.221763609999925,true,9.76562496302069e-05,0.221763610000096,217.081080191901,242.512566995737,242.512566995737,0.00641842853517601,0.00717036039607603,1,false,false,ABSOLUTE_PHYSICAL_PCC_HULL;CENTERED_SIGN_NORMALIZED_PRODUCTION_RAY,kW physical distances; dimensionless normalized radius and ratios
2010-12-21 12:00:00,AXIS:P13_POSITIVE:AXIS,AXIS,P13_POSITIVE,AXIS,VMAX_BUS_13,VMAX,13,1522.5,0,2.5522458919922,1.00109166602731,1.0419485433449,INSIDE,62.5294032375291,0.0408568773175835,64.803473371411,0.15625,false,,,400.188180720186,,,0.00833924479987171,0.00864252656103741,1,false,false,ABSOLUTE_PHYSICAL_PCC_HULL;CENTERED_SIGN_NORMALIZED_PRODUCTION_RAY,kW physical distances; dimensionless normalized radius and ratios
2010-12-21 12:00:00,AXIS:P30_POSITIVE:AXIS,AXIS,P30_POSITIVE,AXIS,VMAX_BUS_30,VMAX,30,0,2170.3125,87.7555061902373,1.00090547957299,1.02304676750652,INSIDE,45.5994415818103,0.0221412879335272,50.2685988714755,0.3125,false,,,145.918213061793,,,0.00608137750241532,0.00670408048103986,1,false,false,ABSOLUTE_PHYSICAL_PCC_HULL;CENTERED_SIGN_NORMALIZED_PRODUCTION_RAY,kW physical distances; dimensionless normalized radius and ratios
2010-12-21 12:00:00,RAY:0.000000:BASE,RAY,0.000000,BASE,VMAX_BUS_13,VMAX,13,1555.4563446,-101.25,0,1.02089843749716,1.0636600826279,INSIDE,64.1086939170692,0.0427616451307375,67.7538222575381,0.154731749999883,true,9.76562496917133e-05,0.154731749999815,414.321520419163,437.879247521074,437.879247521074,0.00854986717758436,0.0090360003562851,1,false,false,ABSOLUTE_PHYSICAL_PCC_HULL;CENTERED_SIGN_NORMALIZED_PRODUCTION_RAY,kW physical distances; dimensionless normalized radius and ratios
2010-12-21 12:00:00,RAY:10.000000:BASE,RAY,10.000000,BASE,VMAX_BUS_13,VMAX,13,1433.96755317,276.894894744,10.0000000000123,0.958789062498869,0.994137539108983,INSIDE,56.7008558186554,0.0353484766101142,56.8917367079778,0.314346422193028,true,0.000195312496862665,0.314346422049433,180.37697207776,180.984203150962,180.984203150979,0.00756191955387488,0.00758737641706658,1,false,false,ABSOLUTE_PHYSICAL_PCC_HULL;CENTERED_SIGN_NORMALIZED_PRODUCTION_RAY,kW physical distances; dimensionless normalized radius and ratios
2010-12-21 12:00:00,RAY:100.000000:BASE,RAY,100.000000,BASE,VMAX_BUS_30,VMAX,30,-362.449788291,2340.38391013,99.999999999983,1.09160156250017,1.12076056761194,INSIDE,54.8165869543394,0.0291590051117676,65.7128249683687,0.440156858420054,true,0.000195312499371214,0.440156858442874,124.538754550148,149.294106652885,149.294106652884,0.00731062370720546,0.00876380239582155,1,false,false,ABSOLUTE_PHYSICAL_PCC_HULL;CENTERED_SIGN_NORMALIZED_PRODUCTION_RAY,kW physical distances; dimensionless normalized radius and ratios
2010-12-21 12:00:00,RAY:105.000000:ADAPTIVE,RAY,105.000000,ADAPTIVE,VMAX_BUS_30,VMAX,30,-534.029396737,2423.40184027,105.00000000002,1.15078124999901,1.18274171927638,INSIDE,56.9344806470511,0.0319604692773725,71.3312174454083,0.435909692466162,true,0.00019531249901994,0.435909692579563,130.610724264799,163.637603521266,163.637603521259,0.00759307696997749,0.00951310029124221,1,false,false,ABSOLUTE_PHYSICAL_PCC_HULL;CENTERED_SIGN_NORMALIZED_PRODUCTION_RAY,kW physical distances; dimensionless normalized radius and ratios
2010-12-21 12:00:00,RAY:110.000000:BASE,RAY,110.000000,BASE,VMAX_BUS_30,VMAX,30,-727.436907522,2519.07507288,109.999999999979,1.22773437500048,1.26214767392204,INSIDE,57.4471208753711,0.0344132989215553,75.7781270370377,0.430078367806569,true,0.000195312499931655,0.430078367827502,133.573611638166,176.196090540019,176.196090540018,0.00766144532369395,0.0101061631667446,1,false,false,ABSOLUTE_PHYSICAL_PCC_HULL;CENTERED_SIGN_NORMALIZED_PRODUCTION_RAY,kW physical distances; dimensionless normalized radius and ratios
2010-12-21 12:00:00,RAY:115.000000:ADAPTIVE,RAY,115.000000,ADAPTIVE,VMAX_BUS_30,VMAX,30,-951.708447467,2633.4350625,115.000000000014,1.32851562499919,1.3641120382863,INSIDE,54.9804551642137,0.0355964132871123,77.0529750035747,0.845557615110435,true,0.000390624999624389,0.845557615287286,65.0227189510119,91.1268181026316,91.126818102626,0.00733247801967775,0.0102761834887871,1,false,false,ABSOLUTE_PHYSICAL_PCC_HULL;CENTERED_SIGN_NORMALIZED_PRODUCTION_RAY,kW physical distances; dimensionless normalized radius and ratios
2010-12-21 12:00:00,RAY:120.000000:BASE,RAY,120.000000,BASE,VMAX_BUS_30,VMAX,30,-1220.43125916,2774.66094625,120.000000000124,1.46210937500047,1.49638827544328,INSIDE,48.2652675541516,0.0342789004428119,72.6886920780597,0.828323541711825,true,0.00039062499999587,0.828323545269333,58.2686174226147,87.7539851345263,87.7539851344256,0.00643690584949969,0.00969414013306341,1,false,false,ABSOLUTE_PHYSICAL_PCC_HULL;CENTERED_SIGN_NORMALIZED_PRODUCTION_RAY,kW physical distances; dimensionless normalized radius and ratios
2010-12-21 12:00:00,RAY:125.000000:ADAPTIVE,RAY,125.000000,ADAPTIVE,VMAX_BUS_30,VMAX,30,-1557.02256178,2959.12563608,125.000000000005,1.64492187499896,1.67115676782221,INSIDE,33.0760952785259,0.0262348928232519,54.3219624603236,0.808828021605211,true,0.000390624997290034,0.808828020827349,40.8938543114303,67.1613260934573,67.1613260934726,0.00441119923220313,0.00724465802504565,1,false,false,ABSOLUTE_PHYSICAL_PCC_HULL;CENTERED_SIGN_NORMALIZED_PRODUCTION_RAY,kW physical distances; dimensionless normalized radius and ratios
2010-12-21 12:00:00,RAY:20.000000:BASE,RAY,20.000000,BASE,VMAX_BUS_13,VMAX,13,1325.73633707,622.840085576,20.0000000000078,0.932128906250207,0.960540592124622,INSIDE,47.1679136614443,0.0284116858744154,47.7135230559737,0.16400025160114,true,9.76562475480947e-05,0.164000251148082,287.608788406983,290.935670658685,290.935670658769,0.00629055705565919,0.00636332234799384,1,false,false,ABSOLUTE_PHYSICAL_PCC_HULL;CENTERED_SIGN_NORMALIZED_PRODUCTION_RAY,kW physical distances; dimensionless normalized radius and ratios
2010-12-21 12:00:00,RAY:30.000000:BASE,RAY,30.000000,BASE,VMAX_BUS_13,VMAX,13,1222.4302185,961.845825195,29.9999999999383,0.93613281250147,0.957275731179044,INSIDE,35.220318237132,0.0211429186775738,37.6588140445894,0.173940914696824,true,9.76562518270052e-05,0.173940915345195,202.484379816677,216.503483207893,216.503483207809,0.00469716390212645,0.00502237432200844,1,false,false,ABSOLUTE_PHYSICAL_PCC_HULL;CENTERED_SIGN_NORMALIZED_PRODUCTION_RAY,kW physical distances; dimensionless normalized radius and ratios
2010-12-21 12:00:00,RAY:330.000000:BASE,RAY,330.000000,BASE,VMAX_BUS_13,VMAX,13,2230.926461,-1998.98583984,330.000000000018,1.67109374999759,1.71304324885005,INSIDE,39.0502514325281,0.0419494988524609,74.7185571036904,0.695763639554811,true,0.000390624995056266,0.69576363955843,56.1257433020137,107.390718421433,107.390718421432,0.005207943612629,0.00996485343725296,1,false,false,ABSOLUTE_PHYSICAL_PCC_HULL;CENTERED_SIGN_NORMALIZED_PRODUCTION_RAY,kW physical distances; dimensionless normalized radius and ratios
2010-12-21 12:00:00,RAY:335.000000:ADAPTIVE,RAY,335.000000,ADAPTIVE,VMAX_BUS_13,VMAX,13,2045.05557989,-1509.74927437,335.00000000005,1.46738281249959,1.52139571839196,INSIDE,56.613595616943,0.0540129058923691,93.2947846093622,0.337357101685756,true,0.000195312498335154,0.337357103134111,167.815040306096,276.546080526212,276.546080526054,0.0075502820818107,0.0124422752677388,1,false,false,ABSOLUTE_PHYSICAL_PCC_HULL;CENTERED_SIGN_NORMALIZED_PRODUCTION_RAY,kW physical distances; dimensionless normalized radius and ratios
2010-12-21 12:00:00,RAY:340.000000:BASE,RAY,340.000000,BASE,VMAX_BUS_13,VMAX,13,1906.31967162,-1128.25173688,339.999999999992,1.32207031249918,1.37774528144866,INSIDE,64.4401342344526,0.0556749689494789,93.4984613849927,0.328000512993163,true,0.000195312501328315,0.328000512762223,196.46351661589,285.055839082674,285.055839082704,0.00859406977348485,0.0124694386565461,1,false,false,ABSOLUTE_PHYSICAL_PCC_HULL;CENTERED_SIGN_NORMALIZED_PRODUCTION_RAY,kW physical distances; dimensionless normalized radius and ratios
2010-12-21 12:00:00,RAY:345.000000:ADAPTIVE,RAY,345.000000,ADAPTIVE,VMAX_BUS_13,VMAX,13,1795.96981051,-814.927846186,345.000000000026,1.21406250000235,1.26769705460421,INSIDE,67.4674945147113,0.0536345546018631,87.9325356054191,0.320210050919267,true,0.00019531250125171,0.32021005111329,210.697616520856,274.608917801638,274.608917801611,0.00899781420678104,0.01172713799141,1,false,false,ABSOLUTE_PHYSICAL_PCC_HULL;CENTERED_SIGN_NORMALIZED_PRODUCTION_RAY,kW physical distances; dimensionless normalized radius and ratios
2010-12-21 12:00:00,RAY:350.000000:BASE,RAY,350.000000,BASE,VMAX_BUS_13,VMAX,13,1704.29149599,-547.721340382,350.000000000011,1.13203125000075,1.18226097344,INSIDE,67.7505489594821,0.0502297234392457,80.8424145781222,0.314346431888234,true,0.000195312503078249,0.314346432053162,215.528290085923,257.176179955678,257.176179955655,0.00903556381231732,0.0107815627604624,1,false,false,ABSOLUTE_PHYSICAL_PCC_HULL;CENTERED_SIGN_NORMALIZED_PRODUCTION_RAY,kW physical distances; dimensionless normalized radius and ratios
2010-12-21 12:00:00,RAY:40.000000:BASE,RAY,40.000000,BASE,VMAX_BUS_13,VMAX,13,1117.04096868,1317.05050336,40.000000000063,0.971484375001598,0.9838247448318,INSIDE,20.0021103525703,0.0123403698302026,23.4292136796542,0.185408482649175,true,9.76562534841241e-05,0.185408481391915,107.881311937695,126.365382552882,126.365382552968,0.00266758494576548,0.0031246411804211,1,false,false,ABSOLUTE_PHYSICAL_PCC_HULL;CENTERED_SIGN_NORMALIZED_PRODUCTION_RAY,kW physical distances; dimensionless normalized radius and ratios
2010-12-21 12:00:00,RAY:60.000000:BASE,RAY,60.000000,BASE,VMAX_BUS_30,VMAX,30,724.082649231,1850.72749371,60.0000000000041,0.992382812500177,0.996699083140434,INSIDE,9.1242408652954,0.00431627064025752,9.15268761373642,0.414161769361477,true,0.000195312498735722,0.414161769958013,22.0306207387574,22.0993058211696,22.0993058211633,0.00121685597893287,0.00122064978451436,1,false,false,ABSOLUTE_PHYSICAL_PCC_HULL;CENTERED_SIGN_NORMALIZED_PRODUCTION_RAY,kW physical distances; dimensionless normalized radius and ratios
2010-12-21 12:00:00,RAY:70.000000:BASE,RAY,70.000000,BASE,VMAX_BUS_30,VMAX,30,462.129770495,1963.41275628,70.0000000000225,0.967382812500479,0.978973122700138,INSIDE,24.9445930336779,0.0115903101996592,25.5218774785441,0.430078367806583,true,0.000195312499931433,0.430078367827016,58.0001109121027,59.342388243088,59.3423882430874,0.00332674001302742,0.00340372965399058,1,false,false,ABSOLUTE_PHYSICAL_PCC_HULL;CENTERED_SIGN_NORMALIZED_PRODUCTION_RAY,kW physical distances; dimensionless normalized radius and ratios
2010-12-21 12:00:00,RAY:80.000000:BASE,RAY,80.000000,BASE,VMAX_BUS_30,VMAX,30,205.800292287,2076.73637662,79.9999999999666,0.973730468748392,0.991465416245093,INSIDE,37.6881195773147,0.0177349474967012,39.9675330556297,0.220078429271067,true,9.7656249740341e-05,0.220078429344774,171.24858488923,181.605862849094,181.605862849088,0.00502628265950623,0.00533027703673686,1,false,false,ABSOLUTE_PHYSICAL_PCC_HULL;CENTERED_SIGN_NORMALIZED_PRODUCTION_RAY,kW physical distances; dimensionless normalized radius and ratios
2010-12-21 12:00:00,RAY:90.000000:BASE,RAY,90.000000,BASE,VMAX_BUS_30,VMAX,30,-62.109375,2198.83422852,90,1.01269531250193,1.03617112652186,INSIDE,47.7354813336086,0.0234758140199345,53.3194425927762,0.443603520000124,true,0.000195312501926281,0.443603520000067,107.608436771636,120.196166596623,120.196166596623,0.00636625081753137,0.00711095678755814,1,false,false,ABSOLUTE_PHYSICAL_PCC_HULL;CENTERED_SIGN_NORMALIZED_PRODUCTION_RAY,kW physical distances; dimensionless normalized radius and ratios
2011-01-21 18:00:00,AXIS:P13_POSITIVE:AXIS,AXIS,P13_POSITIVE,AXIS,VMAX_BUS_13,VMAX,13,1865.78125,0,350.885561751842,1.01288697521566,1.05124398170416,INSIDE,52.7620359695328,0.038357006488501,61.8514159492798,0.15625,false,,,337.67703020501,,,0.00691671795902464,0.00810826935743198,1,false,false,ABSOLUTE_PHYSICAL_PCC_HULL;CENTERED_SIGN_NORMALIZED_PRODUCTION_RAY,kW physical distances; dimensionless normalized radius and ratios
2011-01-21 18:00:00,AXIS:P30_POSITIVE:AXIS,AXIS,P30_POSITIVE,AXIS,VMAX_BUS_30,VMAX,30,0,2653.75,99.7754452358001,1.01487184276437,1.03869449513051,INSIDE,45.4641524655518,0.0238226523661431,54.0656371338619,0.3125,false,,,145.485287889766,,,0.00596001867767009,0.00708761056047633,1,false,false,ABSOLUTE_PHYSICAL_PCC_HULL;CENTERED_SIGN_NORMALIZED_PRODUCTION_RAY,kW physical distances; dimensionless normalized radius and ratios
2011-01-21 18:00:00,RAY:0.000000:BASE,RAY,0.000000,BASE,VMAX_BUS_13,VMAX,13,1745.95870972,366.875,0,0.924804687502013,0.958030216023433,INSIDE,50.1502443459183,0.0332255285214199,52.8753137485409,0.310821539999779,true,0.00019531250427085,0.310821539999783,161.347390357676,170.114702309814,170.114702309814,0.00657433113303642,0.00693156784936769,1,false,false,ABSOLUTE_PHYSICAL_PCC_HULL;CENTERED_SIGN_NORMALIZED_PRODUCTION_RAY,kW physical distances; dimensionless normalized radius and ratios
2011-01-21 18:00:00,RAY:10.000000:BASE,RAY,10.000000,BASE,VMAX_BUS_13,VMAX,13,1636.36132787,711.973726572,10.0000000000231,0.869140624998769,0.896890716121292,INSIDE,44.740954713231,0.0277500911225232,44.8648004704417,0.315770357376894,true,0.0001953124964994,0.315770357154463,141.688267020674,142.080469093837,142.08046909386,0.00586521272885697,0.00588144800403746,1,false,false,ABSOLUTE_PHYSICAL_PCC_HULL;CENTERED_SIGN_NORMALIZED_PRODUCTION_RAY,kW physical distances; dimensionless normalized radius and ratios
2011-01-21 18:00:00,RAY:100.000000:BASE,RAY,100.000000,BASE,VMAX_BUS_30,VMAX,30,-6.82174781563,2656.96290149,99.9999999999996,1.01699218750002,1.0409146079138,INSIDE,45.5571797763573,0.0239224204137718,54.273218209088,0.221554457090962,true,9.76562482106758e-05,0.221554457155506,205.625201020683,244.965589525449,244.965589525443,0.00597221387938102,0.00711482292490818,1,false,false,ABSOLUTE_PHYSICAL_PCC_HULL;CENTERED_SIGN_NORMALIZED_PRODUCTION_RAY,kW physical distances; dimensionless normalized radius and ratios
2011-01-21 18:00:00,RAY:105.000000:ADAPTIVE,RAY,105.000000,ADAPTIVE,VMAX_BUS_30,VMAX,30,-167.110926861,2733.40872073,105.000000000003,1.07148437499918,1.09744156199041,INSIDE,46.8859843403169,0.0259571869912336,58.3187237360772,0.438813950315975,true,0.000195312500510969,0.438813950192209,106.847068801153,132.900797047426,132.900797047433,0.00614641046263798,0.00764515918312266,1,false,false,ABSOLUTE_PHYSICAL_PCC_HULL;CENTERED_SIGN_NORMALIZED_PRODUCTION_RAY,kW physical distances; dimensionless normalized radius and ratios
2011-01-21 18:00:00,RAY:110.000000:BASE,RAY,110.000000,BASE,VMAX_BUS_30,VMAX,30,-347.465903758,2821.05434204,109.999999999998,1.14218749999989,1.16987518760579,INSIDE,46.9152432504922,0.0276876876058993,61.3706826910009,0.43291666772944,true,0.000195312499846612,0.432916667664162,108.370147762046,141.760960653536,141.76096065354,0.00615024609228631,0.00804524873474491,1,false,false,ABSOLUTE_PHYSICAL_PCC_HULL;CENTERED_SIGN_NORMALIZED_PRODUCTION_RAY,kW physical distances; dimensionless normalized radius and ratios
2011-01-21 18:00:00,RAY:115.000000:ADAPTIVE,RAY,115.000000,ADAPTIVE,VMAX_BUS_30,VMAX,30,-555.837861531,2924.50185042,115.000000000005,1.23417968749996,1.26283617784166,INSIDE,44.9824183985995,0.0286564903416962,62.4348742749985,0.425534018655639,true,0.000195312501645173,0.425534018267649,105.708160632396,146.72122931361,146.721229313631,0.00589686685626791,0.00818475648696905,1,false,false,ABSOLUTE_PHYSICAL_PCC_HULL;CENTERED_SIGN_NORMALIZED_PRODUCTION_RAY,kW physical distances; dimensionless normalized radius and ratios
2011-01-21 18:00:00,RAY:120.000000:BASE,RAY,120.000000,BASE,VMAX_BUS_30,VMAX,30,-804.642791748,3051.77649533,119.999999999964,1.35585937500142,1.38328263380265,INSIDE,39.2984076768132,0.0274232588012295,58.5242124242589,0.416818090061631,true,0.000195312501816147,0.416818089646134,94.2819148540375,140.407083756696,140.407083756716,0.00515173452169747,0.00767209725087925,1,false,false,ABSOLUTE_PHYSICAL_PCC_HULL;CENTERED_SIGN_NORMALIZED_PRODUCTION_RAY,kW physical distances; dimensionless normalized radius and ratios
2011-01-21 18:00:00,RAY:125.000000:ADAPTIVE,RAY,125.000000,ADAPTIVE,VMAX_BUS_30,VMAX,30,-1114.5817283,3216.67966356,124.999999999988,1.52148437499847,1.54210106252703,INSIDE,26.5016472135225,0.0206166875285629,42.9573752035826,0.813914674819387,true,0.000390624995969091,0.81391467433805,32.5607192417355,52.7787206177514,52.7787206177594,0.00347417259128049,0.0056313984682993,1,false,false,ABSOLUTE_PHYSICAL_PCC_HULL;CENTERED_SIGN_NORMALIZED_PRODUCTION_RAY,kW physical distances; dimensionless normalized radius and ratios
2011-01-21 18:00:00,RAY:20.000000:BASE,RAY,20.000000,BASE,VMAX_BUS_13,VMAX,13,1538.6187892,1028.10475169,19.9999999999365,0.845507812498392,0.867874688116571,INSIDE,37.2673629147337,0.0223668756181786,37.7458628927997,0.32960521146726,true,0.000195312498525779,0.329605212478477,113.066667692648,114.518404029461,114.518404029379,0.00488547937207492,0.0049482072280203,1,false,false,ABSOLUTE_PHYSICAL_PCC_HULL;CENTERED_SIGN_NORMALIZED_PRODUCTION_RAY,kW physical distances; dimensionless normalized radius and ratios
2011-01-21 18:00:00,RAY:30.000000:BASE,RAY,30.000000,BASE,VMAX_BUS_13,VMAX,13,1444.87971617,1337.99417114,30.0000000000134,0.849414062497402,0.866170666374783,INSIDE,27.9745361033208,0.0167566038773814,30.0056571496429,0.174870752902634,true,9.76562490606625e-05,0.174870752407578,159.972640587284,171.587625354856,171.587625354911,0.00366725757840264,0.00393352272833283,1,false,false,ABSOLUTE_PHYSICAL_PCC_HULL;CENTERED_SIGN_NORMALIZED_PRODUCTION_RAY,kW physical distances; dimensionless normalized radius and ratios
2011-01-21 18:00:00,RAY:330.000000:BASE,RAY,330.000000,BASE,VMAX_BUS_13,VMAX,13,2340.43939299,-1347.15368652,330.000000000088,1.49921875000099,1.53040380146156,INSIDE,29.465973329288,0.0311850514605776,55.842339483989,0.34974151350235,true,0.000195312503563638,0.349741514560604,84.2507171488238,159.667460564892,159.667460564829,0.00386277411706621,0.00732052327559712,1,false,false,ABSOLUTE_PHYSICAL_PCC_HULL;CENTERED_SIGN_NORMALIZED_PRODUCTION_RAY,kW physical distances; dimensionless normalized radius and ratios
2011-01-21 18:00:00,RAY:335.000000:ADAPTIVE,RAY,335.000000,ADAPTIVE,VMAX_BUS_13,VMAX,13,2180.20078708,-910.13226672,335.000000000015,1.32148437500039,1.36194469726647,INSIDE,42.9586106028436,0.0404603222660833,70.2433541422885,0.678165882147635,true,0.000390624998882538,0.678165881944443,63.3452842935729,103.57842529748,103.578425297489,0.00563156042012883,0.00920839122619621,1,false,false,ABSOLUTE_PHYSICAL_PCC_HULL;CENTERED_SIGN_NORMALIZED_PRODUCTION_RAY,kW physical distances; dimensionless normalized radius and ratios
2011-01-21 18:00:00,RAY:340.000000:BASE,RAY,340.000000,BASE,VMAX_BUS_13,VMAX,13,2058.22324052,-566.086728654,340.000000000035,1.19296875000219,1.23536395194195,INSIDE,49.6251858233596,0.0423952019397598,71.5452398023072,0.329605214247672,true,0.000195312499423395,0.329605213993048,150.559468352555,217.063434572389,217.063434572416,0.00650549979160339,0.00937905893754928,1,false,false,ABSOLUTE_PHYSICAL_PCC_HULL;CENTERED_SIGN_NORMALIZED_PRODUCTION_RAY,kW physical distances; dimensionless normalized radius and ratios
2011-01-21 18:00:00,RAY:345.000000:ADAPTIVE,RAY,345.000000,ADAPTIVE,VMAX_BUS_13,VMAX,13,1960.6137285,-282.377708684,345.000000000029,1.09707031250128,1.13823749249106,INSIDE,52.2996272562136,0.0411671799897804,67.8092040831047,0.321712230809818,true,0.000195312502219158,0.321712231108633,162.566487213011,210.77595915282,210.775959152785,0.00685609955048424,0.00888929191321595,1,false,false,ABSOLUTE_PHYSICAL_PCC_HULL;CENTERED_SIGN_NORMALIZED_PRODUCTION_RAY,kW physical distances; dimensionless normalized radius and ratios
2011-01-21 18:00:00,RAY:350.000000:BASE,RAY,350.000000,BASE,VMAX_BUS_13,VMAX,13,1879.09819624,-39.7210951495,349.99999999998,1.02402343749791,1.06276905763571,INSIDE,52.7186252990591,0.0387456201378038,62.6417588652595,0.315770357278876,true,0.000195312496469091,0.315770357105475,166.952419959104,198.377578691876,198.377578691896,0.00691102713685372,0.0082118775473036,1,false,false,ABSOLUTE_PHYSICAL_PCC_HULL;CENTERED_SIGN_NORMALIZED_PRODUCTION_RAY,kW physical distances; dimensionless normalized radius and ratios
2011-01-21 18:00:00,RAY:40.000000:BASE,RAY,40.000000,BASE,VMAX_BUS_13,VMAX,13,1349.13523247,1662.83103918,40.0000000000496,0.881738281247022,0.891508269095776,INSIDE,15.8470712277926,0.00976998784875382,18.6563567369057,0.186480252470578,true,9.76562475885068e-05,0.186480251644353,84.9798893869091,100.044678041711,100.044678041761,0.00207743541630027,0.00244571224974412,1,false,false,ABSOLUTE_PHYSICAL_PCC_HULL;CENTERED_SIGN_NORMALIZED_PRODUCTION_RAY,kW physical distances; dimensionless normalized radius and ratios
2011-01-21 18:00:00,RAY:60.000000:BASE,RAY,60.000000,BASE,VMAX_BUS_30,VMAX,30,1012.26448059,2203.60752684,60.0000000000647,0.927539062500784,0.931168016124124,INSIDE,7.72538592234495,0.0036289536233407,7.74458113346764,0.208409043725621,true,9.76562498082867e-05,0.208409042475927,37.0683814111049,37.1604851759602,37.1604851759836,0.0010127417293058,0.00101525808143399,1,false,false,ABSOLUTE_PHYSICAL_PCC_HULL;CENTERED_SIGN_NORMALIZED_PRODUCTION_RAY,kW physical distances; dimensionless normalized radius and ratios
2011-01-21 18:00:00,RAY:70.000000:BASE,RAY,70.000000,BASE,VMAX_BUS_30,VMAX,30,766.102281624,2308.64788229,70.0000000000301,0.903710937500772,0.913332474354371,INSIDE,20.8824939442604,0.0096215368535989,21.326457219787,0.43291666772944,true,0.000195312499846501,0.43291666766395,48.2367520146195,49.2622687291424,49.262268729144,0.00273754259553014,0.00279574294175551,1,false,false,ABSOLUTE_PHYSICAL_PCC_HULL;CENTERED_SIGN_NORMALIZED_PRODUCTION_RAY,kW physical distances; dimensionless normalized radius and ratios
2011-01-21 18:00:00,RAY:80.000000:BASE,RAY,80.000000,BASE,VMAX_BUS_30,VMAX,30,525.438837782,2413.96817025,80.0000000000212,0.909082031250521,0.923706201290162,INSIDE,31.3837029812965,0.0146241700396404,33.1781131658114,0.221554466966901,true,9.76562524728219e-05,0.221554466825098,141.652314263585,149.751497413956,149.751497413966,0.00411417448251573,0.00434940856552682,1,false,false,ABSOLUTE_PHYSICAL_PCC_HULL;CENTERED_SIGN_NORMALIZED_PRODUCTION_RAY,kW physical distances; dimensionless normalized radius and ratios
2011-01-21 18:00:00,RAY:90.000000:BASE,RAY,90.000000,BASE,VMAX_BUS_30,VMAX,30,274.21875,2527.05133057,90,0.944726562501572,0.963943718189523,INSIDE,39.518845368921,0.019217155687951,43.9412275527305,0.446594240000195,true,0.000195312500751776,0.446594240000234,88.4893754314962,98.3918367435896,98.3918367435896,0.00518063229479948,0.00576037433299697,1,false,false,ABSOLUTE_PHYSICAL_PCC_HULL;CENTERED_SIGN_NORMALIZED_PRODUCTION_RAY,kW physical distances; dimensionless normalized radius and ratios
2011-02-05 11:30:00,AXIS:P13_POSITIVE:AXIS,AXIS,P13_POSITIVE,AXIS,VMAX_BUS_13,VMAX,13,2548.125,0,330.737343621252,1.14650207752803,1.19210368475398,INSIDE,44.5660691620725,0.0456016072259477,82.1199301692557,0.3125,false,,,142.611421318632,,,0.00589932105219067,0.0108704187279816,1,false,false,ABSOLUTE_PHYSICAL_PCC_HULL;CENTERED_SIGN_NORMALIZED_PRODUCTION_RAY,kW physical distances; dimensionless normalized radius and ratios
2011-02-05 11:30:00,AXIS:P30_POSITIVE:AXIS,AXIS,P30_POSITIVE,AXIS,VMAX_BUS_30,VMAX,30,0,3615.625,120.430834931763,1.159924701497,1.19077180797623,INSIDE,44.5720883969709,0.0308471064792262,66.5298150712794,0.3125,false,,,142.630682870307,,,0.00590011783323558,0.00880671654529423,1,false,false,ABSOLUTE_PHYSICAL_PCC_HULL;CENTERED_SIGN_NORMALIZED_PRODUCTION_RAY,kW physical distances; dimensionless normalized radius and ratios
2011-02-05 11:30:00,RAY:0.000000:BASE,RAY,0.000000,BASE,VMAX_BUS_13,VMAX,13,2119.93782043,1298.4375,0,0.733398437497152,0.763983781979702,INSIDE,46.6409564340696,0.0305853444825496,49.0870884144544,0.313461300000199,true,0.000195312497687894,0.313461300000188,148.793348442184,156.596965604446,156.596965604446,0.00617397902393371,0.00649777957802435,1,false,false,ABSOLUTE_PHYSICAL_PCC_HULL;CENTERED_SIGN_NORMALIZED_PRODUCTION_RAY,kW physical distances; dimensionless normalized radius and ratios
2011-02-05 11:30:00,RAY:10.000000:BASE,RAY,10.000000,BASE,VMAX_BUS_13,VMAX,13,2034.14202185,1576.21194628,9.99999999988415,0.690429687500264,0.715975450616309,INSIDE,41.5679837762557,0.025545763116045,41.6636235753654,0.31854309316941,true,0.00019531249836735,0.318543093607316,130.494067106169,130.794308247481,130.794308247431,0.00550245705755625,0.005515117134851,1,false,false,ABSOLUTE_PHYSICAL_PCC_HULL;CENTERED_SIGN_NORMALIZED_PRODUCTION_RAY,kW physical distances; dimensionless normalized radius and ratios
2011-02-05 11:30:00,RAY:100.000000:BASE,RAY,100.000000,BASE,VMAX_BUS_30,VMAX,30,700.450567558,3283.31776663,99.9999999999894,0.869921875000986,0.890083504050295,INSIDE,38.9737291083571,0.0201616290493094,46.3441986219234,0.448951887182861,true,0.000195312502476619,0.448951887071391,86.8104806350505,103.227539423509,103.227539423515,0.00515904913613017,0.00613469645669115,1,false,false,ABSOLUTE_PHYSICAL_PCC_HULL;CENTERED_SIGN_NORMALIZED_PRODUCTION_RAY,kW physical distances; dimensionless normalized radius and ratios
2011-02-05 11:30:00,RAY:105.000000:ADAPTIVE,RAY,105.000000,ADAPTIVE,VMAX_BUS_30,VMAX,30,562.71659165,3346.66741459,104.999999999994,0.915234375000094,0.938061761314214,INSIDE,41.8698929168144,0.0228273863141207,51.9586221882223,0.444561122843755,true,0.000195312501743983,0.444561122640378,94.1825336614735,116.876216884688,116.876216884699,0.00554242151891068,0.00687789162205633,1,false,false,ABSOLUTE_PHYSICAL_PCC_HULL;CENTERED_SIGN_NORMALIZED_PRODUCTION_RAY,kW physical distances; dimensionless normalized radius and ratios
2011-02-05 11:30:00,RAY:110.000000:BASE,RAY,110.000000,BASE,VMAX_BUS_30,VMAX,30,408.341166009,3418.60773421,109.999999999983,0.973828125000742,0.999547635286143,INSIDE,44.2727290634321,0.0257195102854008,57.7475574642569,0.438531674722414,true,0.000195312501644396,0.438531674477429,100.956741816783,131.683891552565,131.68389155258,0.00586049089615722,0.00764418733504562,1,false,false,ABSOLUTE_PHYSICAL_PCC_HULL;CENTERED_SIGN_NORMALIZED_PRODUCTION_RAY,kW physical distances; dimensionless normalized radius and ratios
2011-02-05 11:30:00,RAY:115.000000:ADAPTIVE,RAY,115.000000,ADAPTIVE,VMAX_BUS_30,VMAX,30,230.707867306,3503.2294468,114.999999999944,1.05000000000187,1.07844245203011,INSIDE,45.3781883761279,0.0284424520282411,62.7619750304188,0.430982470971532,true,0.000195312500067546,0.430982470857152,105.290102109803,145.625354334232,145.625354334239,0.00600682328576085,0.00830795821878576,1,false,false,ABSOLUTE_PHYSICAL_PCC_HULL;CENTERED_SIGN_NORMALIZED_PRODUCTION_RAY,kW physical distances; dimensionless normalized radius and ratios
2011-02-05 11:30:00,RAY:120.000000:BASE,RAY,120.000000,BASE,VMAX_BUS_30,VMAX,30,20.060546875,3605.8809985,120.000000000022,1.14999999999924,1.18061412797201,INSIDE,44.6160390818113,0.0306141279727745,66.1568109518521,0.422068272493916,true,0.000195312499590816,0.422068272643765,105.70810930228,156.744335548988,156.744335548979,0.00590593569433959,0.00875734106534582,1,false,false,ABSOLUTE_PHYSICAL_PCC_HULL;CENTERED_SIGN_NORMALIZED_PRODUCTION_RAY,kW physical distances; dimensionless normalized radius and ratios
2011-02-05 11:30:00,RAY:125.000000:ADAPTIVE,RAY,125.000000,ADAPTIVE,VMAX_BUS_30,VMAX,30,-239.434834188,3736.01799645,124.999999999977,1.28437500000038,1.31522861751647,INSIDE,40.362860415231,0.0308536175160987,65.0808431353629,0.411980934801268,true,0.000195312500049338,0.411980934535568,97.9726414638614,157.97052164252,157.970521642536,0.0053429318908128,0.00861491253820311,1,false,false,ABSOLUTE_PHYSICAL_PCC_HULL;CENTERED_SIGN_NORMALIZED_PRODUCTION_RAY,kW physical distances; dimensionless normalized radius and ratios
2011-02-05 11:30:00,RAY:130.000000:BASE,RAY,130.000000,BASE,VMAX_BUS_30,VMAX,30,-575.933774663,3911.4575496,130.000000000018,1.47226562499924,1.49735375847741,INSIDE,28.8284325117212,0.0250881334781674,51.5026239164453,0.400950760254478,true,0.000195312499326583,0.400950760555894,71.9001816916974,128.451243851103,128.451243851091,0.00381609107591633,0.00681753000042276,1,false,false,ABSOLUTE_PHYSICAL_PCC_HULL;CENTERED_SIGN_NORMALIZED_PRODUCTION_RAY,kW physical distances; dimensionless normalized radius and ratios
2011-02-05 11:30:00,RAY:20.000000:BASE,RAY,20.000000,BASE,VMAX_BUS_13,VMAX,13,1956.7567621,1831.15282796,20.0000000001113,0.672265624997229,0.693468937051375,INSIDE,35.6217214626554,0.0212033120541462,36.1228278969987,0.166371166315203,true,9.76562455390351e-05,0.166371166054834,214.109946161988,217.121925352647,217.121925352697,0.00471533557459799,0.00478166827553151,1,false,false,ABSOLUTE_PHYSICAL_PCC_HULL;CENTERED_SIGN_NORMALIZED_PRODUCTION_RAY,kW physical distances; dimensionless normalized radius and ratios
2011-02-05 11:30:00,RAY:30.000000:BASE,RAY,30.000000,BASE,VMAX_BUS_13,VMAX,13,1882.43255478,2081.51409912,29.9999999998901,0.675976562501302,0.692741377117057,INSIDE,28.1945934993048,0.0167648146157546,30.3336984786542,0.353391943028156,true,0.00019531249794702,0.353391943640884,79.7827852488941,85.8358517349065,85.8358517348635,0.00373218823458542,0.00401534686344339,1,false,false,ABSOLUTE_PHYSICAL_PCC_HULL;CENTERED_SIGN_NORMALIZED_PRODUCTION_RAY,kW physical distances; dimensionless normalized radius and ratios
2011-02-05 11:30:00,RAY:325.000000:ADAPTIVE,RAY,325.000000,ADAPTIVE,VMAX_BUS_13,VMAX,13,2729.25668307,-507.263951336,325.000000000007,1.35878906250041,1.39543465096666,INSIDE,30.5949964939313,0.0366455884662473,68.5023454867857,0.365101639392113,true,0.000195312501290124,0.365101639821932,83.798573309261,187.625411707839,187.625411707808,0.00404993552947122,0.00906782528620571,1,false,false,ABSOLUTE_PHYSICAL_PCC_HULL;CENTERED_SIGN_NORMALIZED_PRODUCTION_RAY,kW physical distances; dimensionless normalized radius and ratios
2011-02-05 11:30:00,RAY:330.000000:BASE,RAY,330.000000,BASE,VMAX_BUS_13,VMAX,13,2567.88282137,-55.9388427734,329.999999999959,1.16914062499852,1.21419612962225,INSIDE,43.2311934238515,0.0450555046237333,81.5219328925306,0.70678389143464,true,0.000390624997707478,0.706783890562986,61.1660706303028,115.342092513683,115.342092513731,0.00572262024162765,0.0107912603460542,1,false,false,ABSOLUTE_PHYSICAL_PCC_HULL;CENTERED_SIGN_NORMALIZED_PRODUCTION_RAY,kW physical distances; dimensionless normalized radius and ratios
2011-02-05 11:30:00,RAY:335.000000:ADAPTIVE,RAY,335.000000,ADAPTIVE,VMAX_BUS_13,VMAX,13,2450.56910053,283.521756406,335.000000000005,1.03652343750051,1.08191183466334,INSIDE,48.8754968924912,0.0453883971628333,79.5847322361481,0.342464020866808,true,0.00019531249969984,0.342464020820555,142.717172942088,232.388593830845,232.388593830851,0.00646977068373657,0.0105348282929387,1,false,false,ABSOLUTE_PHYSICAL_PCC_HULL;CENTERED_SIGN_NORMALIZED_PRODUCTION_RAY,kW physical distances; dimensionless normalized radius and ratios
2011-02-05 11:30:00,RAY:340.000000:BASE,RAY,340.000000,BASE,VMAX_BUS_13,VMAX,13,2359.71111294,553.998009156,340.000000000052,0.939453125002563,0.982361802923285,INSIDE,50.8875892015374,0.0429086779207217,73.1009751617329,0.332742352660787,true,0.000195312503525891,0.332742353316201,152.933910560567,219.692426988084,219.692426987995,0.00673611633056802,0.00967655729606699,1,false,false,ABSOLUTE_PHYSICAL_PCC_HULL;CENTERED_SIGN_NORMALIZED_PRODUCTION_RAY,kW physical distances; dimensionless normalized radius and ratios
2011-02-05 11:30:00,RAY:345.000000:ADAPTIVE,RAY,345.000000,ADAPTIVE,VMAX_BUS_13,VMAX,13,2285.72156061,779.012920182,344.999999999954,0.866210937498201,0.905901481766311,INSIDE,51.0439523978884,0.0396905442681103,65.9724645818841,0.324642740032649,true,0.00019531250081295,0.324642739974563,157.231153214007,203.21558580688,203.215585806888,0.00675681451448607,0.0087329386793671,1,false,false,ABSOLUTE_PHYSICAL_PCC_HULL;CENTERED_SIGN_NORMALIZED_PRODUCTION_RAY,kW physical distances; dimensionless normalized radius and ratios
2011-02-05 11:30:00,RAY:350.000000:BASE,RAY,350.000000,BASE,VMAX_BUS_13,VMAX,13,2223.06588461,972.573107147,349.999999999978,0.80996093749786,0.846460839804048,INSIDE,50.2369242338283,0.0364999023061885,59.5291744981445,0.318543094155929,true,0.000195312498667,0.318543094096024,157.70840792184,186.879501083131,186.879501083139,0.00664998619582426,0.00788002439836685,1,false,false,ABSOLUTE_PHYSICAL_PCC_HULL;CENTERED_SIGN_NORMALIZED_PRODUCTION_RAY,kW physical distances; dimensionless normalized radius and ratios
2011-02-05 11:30:00,RAY:40.000000:BASE,RAY,40.000000,BASE,VMAX_BUS_13,VMAX,13,1805.90091669,2343.82718833,39.999999999988,0.70195312500224,0.713677340175777,INSIDE,19.139037056448,0.0117242151735365,22.6414520159842,0.188590822700782,true,9.76562539204417e-05,0.188590822880112,101.484456042773,120.055958557328,120.055958557313,0.00253348177994234,0.00299710513045951,1,false,false,ABSOLUTE_PHYSICAL_PCC_HULL;CENTERED_SIGN_NORMALIZED_PRODUCTION_RAY,kW physical distances; dimensionless normalized radius and ratios
2011-02-05 11:30:00,RAY:50.000000:BASE,RAY,50.000000,BASE,VMAX_BUS_13,VMAX,13,1721.84726192,2638.57221899,49.999999999935,0.755078124999612,0.759721311990433,INSIDE,7.12032923077132,0.00464318699082122,9.53184953237105,0.400950759248925,true,0.000195312498525224,0.400950758910574,17.7586126638328,23.773117572512,23.7731175725172,0.00094253563124131,0.00126175455161043,1,false,false,ABSOLUTE_PHYSICAL_PCC_HULL;CENTERED_SIGN_NORMALIZED_PRODUCTION_RAY,kW physical distances; dimensionless normalized radius and ratios
2011-02-05 11:30:00,RAY:70.000000:BASE,RAY,70.000000,BASE,VMAX_BUS_30,VMAX,30,1369.31871829,2989.76864853,69.9999999999545,0.776855468750926,0.782413183849868,INSIDE,12.221857473786,0.00555771509894243,12.478638531009,0.219265837361007,true,9.76562508221424e-05,0.219265837238557,55.7399074150503,56.9110021340517,56.9110021340557,0.00161783757121977,0.00165182831631265,1,false,false,ABSOLUTE_PHYSICAL_PCC_HULL;CENTERED_SIGN_NORMALIZED_PRODUCTION_RAY,kW physical distances; dimensionless normalized radius and ratios
2011-02-05 11:30:00,RAY:80.000000:BASE,RAY,80.000000,BASE,VMAX_BUS_30,VMAX,30,1160.4008337,3079.21467679,79.9999999998555,0.780468749998224,0.790855243955908,INSIDE,22.5969106665125,0.0103864939576832,23.8747443365271,0.448951877984197,true,0.000195312498875277,0.448951878793344,50.3325896930717,53.1788493695726,53.1788493695487,0.00299120908161401,0.00316035909220392,1,false,false,ABSOLUTE_PHYSICAL_PCC_HULL;CENTERED_SIGN_NORMALIZED_PRODUCTION_RAY,kW physical distances; dimensionless normalized radius and ratios
2011-02-05 11:30:00,RAY:90.000000:BASE,RAY,90.000000,BASE,VMAX_BUS_30,VMAX,30,942.890625,3174.56323242,90,0.809765624999191,0.824816456367708,INSIDE,31.3964299106925,0.0150508313685175,34.8708949269339,0.452514650000012,true,0.000195312500674505,0.452514650000244,69.3821291988926,77.0602563406846,77.0602563406846,0.00415602325756396,0.00461594680480058,1,false,false,ABSOLUTE_PHYSICAL_PCC_HULL;CENTERED_SIGN_NORMALIZED_PRODUCTION_RAY,kW physical distances; dimensionless normalized radius and ratios
2011-02-05 17:30:00,AXIS:P13_POSITIVE:AXIS,AXIS,P13_POSITIVE,AXIS,VMAX_BUS_13,VMAX,13,2929.0625,0,322.084748344845,1.26780042931944,1.3381155807423,INSIDE,53.2567664072313,0.0703151514228635,134.794461347133,0.3125,false,,,170.42165250314,,,0.00701252967140702,0.0177489213766788,1,false,false,ABSOLUTE_PHYSICAL_PCC_HULL;CENTERED_SIGN_NORMALIZED_PRODUCTION_RAY,kW physical distances; dimensionless normalized radius and ratios
2011-02-05 17:30:00,AXIS:P30_POSITIVE:AXIS,AXIS,P30_POSITIVE,AXIS,VMAX_BUS_30,VMAX,30,0,4152.5,129.216526650103,1.29106437101399,1.33991954882577,INSIDE,57.2533560247392,0.0488551778117756,101.409812871943,0.625,false,,,91.6053696395827,,,0.00753877647848703,0.0133530322944987,1,false,false,ABSOLUTE_PHYSICAL_PCC_HULL;CENTERED_SIGN_NORMALIZED_PRODUCTION_RAY,kW physical distances; dimensionless normalized radius and ratios
2011-02-05 17:30:00,RAY:0.000000:BASE,RAY,0.000000,BASE,VMAX_BUS_13,VMAX,13,2325.95214844,1818.125,0,0.62617187500155,0.662014571400345,INSIDE,54.8722324989103,0.0358426963987941,57.7963479430555,0.314941410000301,true,0.00019531250232574,0.314941410000255,174.229970262906,183.514603376573,183.514603376573,0.00722524449931127,0.00761027437810435,1,false,false,ABSOLUTE_PHYSICAL_PCC_HULL;CENTERED_SIGN_NORMALIZED_PRODUCTION_RAY,kW physical distances; dimensionless normalized radius and ratios
2011-02-05 17:30:00,RAY:10.000000:BASE,RAY,10.000000,BASE,VMAX_BUS_13,VMAX,13,2253.23350737,2057.23917657,10.0000000001616,0.590039062500474,0.619898505891987,INSIDE,48.8180719634247,0.0298594433915131,48.9365275469548,0.320096910214366,true,0.000195312500781641,0.320096910362485,152.510287996006,152.88034955272,152.880349552696,0.00642806916827597,0.00644366668480366,1,false,false,ABSOLUTE_PHYSICAL_PCC_HULL;CENTERED_SIGN_NORMALIZED_PRODUCTION_RAY,kW physical distances; dimensionless normalized radius and ratios
2011-02-05 17:30:00,RAY:100.000000:BASE,RAY,100.000000,BASE,VMAX_BUS_30,VMAX,30,1095.49784639,3630.05237213,99.9999999997589,0.788378906251159,0.810115098439112,INSIDE,42.1313924540542,0.0217361921879525,50.3255736603722,0.226102472483014,true,9.76562498331557e-05,0.226102472405353,186.337601669611,222.578608384906,222.578608384916,0.00554760755511495,0.00662656789609406,1,false,false,ABSOLUTE_PHYSICAL_PCC_HULL;CENTERED_SIGN_NORMALIZED_PRODUCTION_RAY,kW physical distances; dimensionless normalized radius and ratios
2011-02-05 17:30:00,RAY:105.000000:ADAPTIVE,RAY,105.000000,ADAPTIVE,VMAX_BUS_30,VMAX,30,970.391045216,3686.22955701,104.999999999999,0.828710937498864,0.854273346642124,INSIDE,46.9865977178325,0.0255624091432595,58.6027783606084,0.447761206948572,true,0.000195312500358868,0.447761206912884,104.936731875545,130.87953457301,130.879534573012,0.00618691168996747,0.00771646026982321,1,false,false,ABSOLUTE_PHYSICAL_PCC_HULL;CENTERED_SIGN_NORMALIZED_PRODUCTION_RAY,kW physical distances; dimensionless normalized radius and ratios
2011-02-05 17:30:00,RAY:110.000000:BASE,RAY,110.000000,BASE,VMAX_BUS_30,VMAX,30,830.341748574,3750.28467307,109.999999999994,0.881054687500951,0.910854939670903,INSIDE,51.3735757685305,0.0298002521699522,67.3870821216165,0.441658663771546,true,0.000195312501077183,0.441658663638304,116.31963772617,152.577290268665,152.577290268675,0.0067645624904891,0.00887312438825075,1,false,false,ABSOLUTE_PHYSICAL_PCC_HULL;CENTERED_SIGN_NORMALIZED_PRODUCTION_RAY,kW physical distances; dimensionless normalized radius and ratios
2011-02-05 17:30:00,RAY:115.000000:ADAPTIVE,RAY,115.000000,ADAPTIVE,VMAX_BUS_30,VMAX,30,669.650250234,3824.98738021,114.999999999983,0.948828125000498,0.983479168837202,INSIDE,55.3248481141622,0.0346510438367038,77.000469075474,0.434017348950152,true,0.000195312500847922,0.434017348870259,127.471512942946,177.413343673708,177.413343673715,0.00728484219263395,0.0101389571791708,1,false,false,ABSOLUTE_PHYSICAL_PCC_HULL;CENTERED_SIGN_NORMALIZED_PRODUCTION_RAY,kW physical distances; dimensionless normalized radius and ratios
2011-02-05 17:30:00,RAY:120.000000:BASE,RAY,120.000000,BASE,VMAX_BUS_30,VMAX,30,479.765625,3915.00254056,120,1.0375,1.0775994427411,INSIDE,58.4319060275939,0.0400994427411017,87.2550500648434,0.424993483468105,true,0.000195312498882494,0.424993483782659,137.488945832223,205.309148009144,205.309148009115,0.00769396083198419,0.0114892185319899,1,false,false,ABSOLUTE_PHYSICAL_PCC_HULL;CENTERED_SIGN_NORMALIZED_PRODUCTION_RAY,kW physical distances; dimensionless normalized radius and ratios
2011-02-05 17:30:00,RAY:125.000000:ADAPTIVE,RAY,125.000000,ADAPTIVE,VMAX_BUS_30,VMAX,30,246.843620819,4028.52359638,125.000000000051,1.15624999999845,1.20175509733042,INSIDE,59.4583904543501,0.0455050973319668,96.6381621544814,0.414780806787255,true,0.000195312499388089,0.41478080683951,143.348943541756,232.986099069611,232.986099069606,0.0078291221079209,0.0127247301181719,1,false,false,ABSOLUTE_PHYSICAL_PCC_HULL;CENTERED_SIGN_NORMALIZED_PRODUCTION_RAY,kW physical distances; dimensionless normalized radius and ratios
2011-02-05 17:30:00,RAY:130.000000:BASE,RAY,130.000000,BASE,VMAX_BUS_30,VMAX,30,-52.6522127792,4179.22022534,130.000000000021,1.32070312499944,1.37002989005671,INSIDE,56.535555808883,0.0493267650572702,101.933425537434,0.403611951287769,true,0.000195312497844879,0.403611952506824,140.07403801721,252.553039879948,252.553039879836,0.00744426087696996,0.0134219784510303,1,false,false,ABSOLUTE_PHYSICAL_PCC_HULL;CENTERED_SIGN_NORMALIZED_PRODUCTION_RAY,kW physical distances; dimensionless normalized radius and ratios
2011-02-05 17:30:00,RAY:135.000000:ADAPTIVE,RAY,135.000000,ADAPTIVE,VMAX_BUS_30,VMAX,30,-465.773026694,4397.22344251,134.999999999998,1.56289062499962,1.60732734241086,INSIDE,43.4116917854507,0.0444367174112457,89.1315999676116,0.78351942636401,true,0.000390625000797229,0.783519425752826,55.4060184402911,113.75799634062,113.757996340642,0.00571618964628152,0.0117363113008676,1,false,false,ABSOLUTE_PHYSICAL_PCC_HULL;CENTERED_SIGN_NORMALIZED_PRODUCTION_RAY,kW physical distances; dimensionless normalized radius and ratios
2011-02-05 17:30:00,RAY:20.000000:BASE,RAY,20.000000,BASE,VMAX_BUS_13,VMAX,13,2187.37327778,2277.00601976,19.9999999999282,0.574902343751574,0.599959720511495,INSIDE,42.3285131914807,0.0250573767599213,42.914020459876,0.167249044114521,true,9.76562507026824e-05,0.167249045295031,253.086727135475,256.587536175326,256.587536175019,0.00557356322447504,0.00565065928887089,1,false,false,ABSOLUTE_PHYSICAL_PCC_HULL;CENTERED_SIGN_NORMALIZED_PRODUCTION_RAY,kW physical distances; dimensionless normalized radius and ratios
2011-02-05 17:30:00,RAY:30.000000:BASE,RAY,30.000000,BASE,VMAX_BUS_13,VMAX,13,2123.85463247,2492.95251465,29.9999999999394,0.578320312502398,0.598893628385863,INSIDE,34.8156178484165,0.0205733158834651,37.4395599896938,0.355431962450324,true,0.000195312500060441,0.355431963626006,97.9529742018698,105.335377290745,105.335377290627,0.00458431049537469,0.00492981536476653,1,false,false,ABSOLUTE_PHYSICAL_PCC_HULL;CENTERED_SIGN_NORMALIZED_PRODUCTION_RAY,kW physical distances; dimensionless normalized radius and ratios
2011-02-05 17:30:00,RAY:320.000000:BASE,RAY,320.000000,BASE,VMAX_BUS_13,VMAX,13,3020.50438247,-251.551923071,320.000000000038,1.37968750000097,1.44445117895604,INSIDE,45.4410280895748,0.064763678955069,125.850861379741,0.759075049453124,true,0.000390625000849854,0.759075049882975,59.8636829419079,165.795017764269,165.795017764242,0.00598340040664045,0.0165712820949214,1,false,false,ABSOLUTE_PHYSICAL_PCC_HULL;CENTERED_SIGN_NORMALIZED_PRODUCTION_RAY,kW physical distances; dimensionless normalized radius and ratios
2011-02-05 17:30:00,RAY:325.000000:ADAPTIVE,RAY,325.000000,ADAPTIVE,VMAX_BUS_13,VMAX,13,2827.52552523,286.596656089,325.000000000071,1.14414062500236,1.21569274984128,INSIDE,59.6510666149651,0.0715521248389199,134.558677707834,0.367298553413881,true,0.00019531250185989,0.367298554015657,162.40485038815,366.346875686682,366.346875686579,0.00785449254222317,0.017717874809676,1,false,false,ABSOLUTE_PHYSICAL_PCC_HULL;CENTERED_SIGN_NORMALIZED_PRODUCTION_RAY,kW physical distances; dimensionless normalized radius and ratios
2011-02-05 17:30:00,RAY:330.000000:BASE,RAY,330.000000,BASE,VMAX_BUS_13,VMAX,13,2697.98761164,663.556884766,329.999999999962,0.989453124998557,1.05642608256403,INSIDE,64.2509965321446,0.0669729575654723,121.878168626991,0.35543196437385,true,0.00019531250070326,0.355431964795728,180.768763004568,342.901541500536,342.901541500456,0.00846018355966042,0.016048181882809,1,false,false,ABSOLUTE_PHYSICAL_PCC_HULL;CENTERED_SIGN_NORMALIZED_PRODUCTION_RAY,kW physical distances; dimensionless normalized radius and ratios
2011-02-05 17:30:00,RAY:335.000000:ADAPTIVE,RAY,335.000000,ADAPTIVE,VMAX_BUS_13,VMAX,13,2602.41492334,950.116822319,334.999999999929,0.880078124997373,0.940384199283487,INSIDE,64.9942954180551,0.0603060742861139,106.325459198872,0.688709762600227,true,0.000390624995564526,0.68870976132308,94.3710964291677,154.383551925448,154.383551925575,0.00855805667220192,0.0140002949438708,1,false,false,ABSOLUTE_PHYSICAL_PCC_HULL;CENTERED_SIGN_NORMALIZED_PRODUCTION_RAY,kW physical distances; dimensionless normalized radius and ratios
2011-02-05 17:30:00,RAY:340.000000:BASE,RAY,340.000000,BASE,VMAX_BUS_13,VMAX,13,2527.26968835,1180.19697797,340.000000000105,0.799218749998088,0.853162633788982,INSIDE,64.0810899271529,0.0539438837908944,92.3859251056924,0.334498079380909,true,0.000195312495577471,0.334498080608873,191.573865074964,276.192691263307,276.192691263059,0.00843781128306065,0.0121648211998107,1,false,false,ABSOLUTE_PHYSICAL_PCC_HULL;CENTERED_SIGN_NORMALIZED_PRODUCTION_RAY,kW physical distances; dimensionless normalized radius and ratios
2011-02-05 17:30:00,RAY:345.000000:ADAPTIVE,RAY,345.000000,ADAPTIVE,VMAX_BUS_13,VMAX,13,2465.55552381,1372.42508205,345.000000000041,0.737890625000929,0.786223280074854,INSIDE,62.3037602943945,0.048332655073925,80.7432799034866,0.326283998069128,true,0.00019531250110516,0.326283998287829,190.949481626723,247.463192578245,247.463192578201,0.0082037832406841,0.0106317879264454,1,false,false,ABSOLUTE_PHYSICAL_PCC_HULL;CENTERED_SIGN_NORMALIZED_PRODUCTION_RAY,kW physical distances; dimensionless normalized radius and ratios
2011-02-05 17:30:00,RAY:350.000000:BASE,RAY,350.000000,BASE,VMAX_BUS_13,VMAX,13,2412.96422776,1538.24822796,350.000000000063,0.690625000000628,0.734205107807788,INSIDE,60.1575864410116,0.0435801078071599,71.4232719692621,0.320096910214478,true,0.00019531250078153,0.320096910362069,187.93554239778,223.130151079818,223.130151079789,0.00792118801678777,0.00940458551470403,1,false,false,ABSOLUTE_PHYSICAL_PCC_HULL;CENTERED_SIGN_NORMALIZED_PRODUCTION_RAY,kW physical distances; dimensionless normalized radius and ratios
2011-02-05 17:30:00,RAY:40.000000:BASE,RAY,40.000000,BASE,VMAX_BUS_13,VMAX,13,2058.36303517,2719.36030795,40.0000000001262,0.60078124999765,0.616531074691668,INSIDE,25.890489302738,0.0157498246940182,30.605565284507,0.379537520004145,true,0.000195312497498823,0.379537519255489,68.215888912525,80.6391034660397,80.6391034660914,0.00340910341897971,0.00402995617545883,1,false,false,ABSOLUTE_PHYSICAL_PCC_HULL;CENTERED_SIGN_NORMALIZED_PRODUCTION_RAY,kW physical distances; dimensionless normalized radius and ratios
2011-02-05 17:30:00,RAY:50.000000:BASE,RAY,50.000000,BASE,VMAX_BUS_13,VMAX,13,1985.92295473,2973.1831197,49.999999999864,0.646093749999708,0.655768694382756,INSIDE,14.9526201925368,0.00967494438304783,19.9932069679121,0.403611954447632,true,0.000195312500355982,0.403611957696537,37.0470201087091,49.5357151509198,49.5357151507992,0.00196887080908477,0.00263258486286971,1,false,false,ABSOLUTE_PHYSICAL_PCC_HULL;CENTERED_SIGN_NORMALIZED_PRODUCTION_RAY,kW physical distances; dimensionless normalized radius and ratios
2011-02-05 17:30:00,RAY:55.000000:ADAPTIVE,RAY,55.000000,ADAPTIVE,VMAX_BUS_13,VMAX,13,1945.24881965,3118.22768794,54.9999999998397,0.680078125000847,0.685501124223154,INSIDE,8.01771982217092,0.00542299922230738,11.5167027198186,0.414780807222765,true,0.000195312499743694,0.414780807594563,19.3300164389354,27.7657560546504,27.7657560546433,0.00105572497060895,0.00151644992716899,1,false,false,ABSOLUTE_PHYSICAL_PCC_HULL;CENTERED_SIGN_NORMALIZED_PRODUCTION_RAY,kW physical distances; dimensionless normalized radius and ratios
2011-02-05 17:30:00,RAY:65.000000:ADAPTIVE,RAY,65.000000,ADAPTIVE,VMAX_BUS_30,VMAX,30,1802.06496226,3325.95696537,64.9999999998975,0.712890625001162,0.714204360641594,INSIDE,2.88838152523137,0.00131373564043158,2.91934237338046,0.217008680767689,true,9.76562536761927e-05,0.217008681662168,13.3099814948114,13.4526524516049,13.4526524515973,0.000380324651954059,0.000384401389633497,1,false,false,ABSOLUTE_PHYSICAL_PCC_HULL;CENTERED_SIGN_NORMALIZED_PRODUCTION_RAY,kW physical distances; dimensionless normalized radius and ratios
2011-02-05 17:30:00,RAY:70.000000:BASE,RAY,70.000000,BASE,VMAX_BUS_30,VMAX,30,1705.59058408,3366.29417276,69.9999999999703,0.705957031251815,0.710167029314612,INSIDE,9.3087306545899,0.00420999806279676,9.52003639336839,0.220829336125016,true,9.76562520215163e-05,0.220829335172337,42.1535055891308,43.1103792706399,43.1103792706656,0.00122571748760143,0.00125354095235316,1,false,false,ABSOLUTE_PHYSICAL_PCC_HULL;CENTERED_SIGN_NORMALIZED_PRODUCTION_RAY,kW physical distances; dimensionless normalized radius and ratios
2011-02-05 17:30:00,RAY:80.000000:BASE,RAY,80.000000,BASE,VMAX_BUS_30,VMAX,30,1514.7163856,3447.13142474,79.9999999999559,0.708789062502013,0.718437027488232,INSIDE,21.0870625008293,0.00964796498621823,22.3378303056923,0.452204944966028,true,0.000195312499666422,0.452204944810734,46.6316495110716,49.3975808138043,49.397580813809,0.00277661715957657,0.00294131071751011,1,false,false,ABSOLUTE_PHYSICAL_PCC_HULL;CENTERED_SIGN_NORMALIZED_PRODUCTION_RAY,kW physical distances; dimensionless normalized radius and ratios
2011-02-05 17:30:00,RAY:90.000000:BASE,RAY,90.000000,BASE,VMAX_BUS_30,VMAX,30,1316.25,3532.4284668,90,0.734570312501339,0.749957469322112,INSIDE,32.2174244654663,0.0153871568207734,35.9097772304799,0.227905279999959,true,9.76562528119951e-05,0.227905279999994,141.363221007745,157.564481307677,157.564481307677,0.0042421960671221,0.00472838280110383,1,false,false,ABSOLUTE_PHYSICAL_PCC_HULL;CENTERED_SIGN_NORMALIZED_PRODUCTION_RAY,kW physical distances; dimensionless normalized radius and ratios
2011-02-05 18:00:00,AXIS:P13_POSITIVE:AXIS,AXIS,P13_POSITIVE,AXIS,VMAX_BUS_13,VMAX,13,2979.6875,0,321.06776556057,1.28565372827862,1.34892417571898,INSIDE,46.4077943110055,0.0632704474403627,122.202128476426,0.15625,false,,,297.009883590435,,,0.00613963698746274,0.0161670408835313,1,false,false,ABSOLUTE_PHYSICAL_PCC_HULL;CENTERED_SIGN_NORMALIZED_PRODUCTION_RAY,kW physical distances; dimensionless normalized radius and ratios
2011-02-05 18:00:00,AXIS:P30_POSITIVE:AXIS,AXIS,P30_POSITIVE,AXIS,VMAX_BUS_30,VMAX,30,0,4223.75,130.247747554745,1.31034845447453,1.35653311049271,INSIDE,52.6968234563958,0.0461846560181827,95.3912601896857,0.3125,false,,,168.629835060467,,,0.00697166006741145,0.0126200289851394,1,false,false,ABSOLUTE_PHYSICAL_PCC_HULL;CENTERED_SIGN_NORMALIZED_PRODUCTION_RAY,kW physical distances; dimensionless normalized radius and ratios
2011-02-05 18:00:00,RAY:0.000000:BASE,RAY,0.000000,BASE,VMAX_BUS_13,VMAX,13,2353.348526,1887.34375,0,0.611914062499395,0.645538031301441,INSIDE,51.5352872053502,0.033623968802046,54.2527990366137,0.315139770000314,true,0.000195312499685518,0.315139770000391,163.53152509218,172.15472054367,172.15472054367,0.00681799167969608,0.00717751180774355,1,false,false,ABSOLUTE_PHYSICAL_PCC_HULL;CENTERED_SIGN_NORMALIZED_PRODUCTION_RAY,kW physical distances; dimensionless normalized radius and ratios
2011-02-05 18:00:00,RAY:10.000000:BASE,RAY,10.000000,BASE,VMAX_BUS_13,VMAX,13,2282.17499255,2121.23118425,10.0000000000238,0.576562499999807,0.604706314105647,INSIDE,46.0485553878382,0.0281438141058395,46.1548969228149,0.320305850744158,true,0.00019531250039162,0.320305850849229,143.764328003547,144.096327932972,144.096327932956,0.00609211056193961,0.00610617928533273,1,false,false,ABSOLUTE_PHYSICAL_PCC_HULL;CENTERED_SIGN_NORMALIZED_PRODUCTION_RAY,kW physical distances; dimensionless normalized radius and ratios
2011-02-05 18:00:00,RAY:100.000000:BASE,RAY,100.000000,BASE,VMAX_BUS_30,VMAX,30,1148.16158305,3676.1526339,100.00000000017,0.777539062501516,0.797192586989024,INSIDE,38.1587653769102,0.0196535244875079,45.5490447900813,0.452656612808515,true,0.000195312500472777,0.452656613207159,84.2995867002882,100.626045132463,100.626045132441,0.00504831075861822,0.00602602653904757,1,false,false,ABSOLUTE_PHYSICAL_PCC_HULL;CENTERED_SIGN_NORMALIZED_PRODUCTION_RAY,kW physical distances; dimensionless normalized radius and ratios
2011-02-05 18:00:00,RAY:105.000000:ADAPTIVE,RAY,105.000000,ADAPTIVE,VMAX_BUS_30,VMAX,30,1024.75111899,3731.32185695,105.000000000024,0.817187499997903,0.840557182143031,INSIDE,43.033103127191,0.0233696821451286,53.6290104938341,0.448205325000924,true,0.000195312497266453,0.448205324335541,96.012030038024,119.65277425769,119.652774257732,0.00569317364825381,0.00709498611854705,1,false,false,ABSOLUTE_PHYSICAL_PCC_HULL;CENTERED_SIGN_NORMALIZED_PRODUCTION_RAY,kW physical distances; dimensionless normalized radius and ratios
2011-02-05 18:00:00,RAY:110.000000:BASE,RAY,110.000000,BASE,VMAX_BUS_30,VMAX,30,886.591728128,3794.43248818,110.000000000006,0.868749999999088,0.896123315684686,INSIDE,47.2799219543214,0.0273733156855978,61.9598551175681,0.44209237267715,true,0.000195312498081024,0.442092372832956,106.945798833876,140.15137768727,140.151377687259,0.00625501732854955,0.00819713636179945,1,false,false,ABSOLUTE_PHYSICAL_PCC_HULL;CENTERED_SIGN_NORMALIZED_PRODUCTION_RAY,kW physical distances; dimensionless normalized radius and ratios
2011-02-05 18:00:00,RAY:115.000000:ADAPTIVE,RAY,115.000000,ADAPTIVE,VMAX_BUS_30,VMAX,30,728.198301359,3867.68874482,114.99999999996,0.935351562501104,0.967440007185547,INSIDE,51.3383310934782,0.0320884446844427,71.3750420410402,0.434437949693587,true,0.000195312502778489,0.434437949051167,118.17183818699,164.29283444714,164.29283444719,0.00679193487076325,0.00944274242296743,1,false,false,ABSOLUTE_PHYSICAL_PCC_HULL;CENTERED_SIGN_NORMALIZED_PRODUCTION_RAY,kW physical distances; dimensionless normalized radius and ratios
2011-02-05 18:00:00,RAY:120.000000:BASE,RAY,120.000000,BASE,VMAX_BUS_30,VMAX,30,540.979705811,3956.29651708,119.999999999934,1.02265625000149,1.05985301376114,INSIDE,54.3221111081037,0.0371967637596504,81.0160430366842,0.425398458794409,true,0.000195312500708811,0.425398458459166,127.697009674304,190.447429758255,190.447429758284,0.00718668162423916,0.0107182231302025,1,false,false,ABSOLUTE_PHYSICAL_PCC_HULL;CENTERED_SIGN_NORMALIZED_PRODUCTION_RAY,kW physical distances; dimensionless normalized radius and ratios
2011-02-05 18:00:00,RAY:125.000000:ADAPTIVE,RAY,125.000000,ADAPTIVE,VMAX_BUS_30,VMAX,30,311.661522547,4067.44569504,125.000000000051,1.13925781249829,1.18172930220784,INSIDE,55.6284055337517,0.0424714897095593,90.2799345975634,0.415167903936726,true,0.00019531249654392,0.415167905215073,133.9901399079,217.454031160821,217.454031160706,0.00735950116223479,0.0119438131872057,1,false,false,ABSOLUTE_PHYSICAL_PCC_HULL;CENTERED_SIGN_NORMALIZED_PRODUCTION_RAY,kW physical distances; dimensionless normalized radius and ratios
2011-02-05 18:00:00,RAY:130.000000:BASE,RAY,130.000000,BASE,VMAX_BUS_30,VMAX,30,16.9131459195,4215.15896375,129.999999999947,1.3007812500014,1.34685996385425,INSIDE,52.9535435057403,0.0460787138528447,95.3080105650798,0.807958569248274,true,0.000390625000742384,0.807958568822666,65.5399243491017,117.961507239096,117.961507239115,0.00700562349820534,0.0126090152646639,1,false,false,ABSOLUTE_PHYSICAL_PCC_HULL;CENTERED_SIGN_NORMALIZED_PRODUCTION_RAY,kW physical distances; dimensionless normalized radius and ratios
2011-02-05 18:00:00,RAY:135.000000:ADAPTIVE,RAY,135.000000,ADAPTIVE,VMAX_BUS_30,VMAX,30,-388.606603919,4427.73564896,134.999999999954,1.53789062500127,1.57961099572957,INSIDE,40.8803996470341,0.0417203707282943,83.7570430062216,0.784211516109164,true,0.000390625002383294,0.784211514729413,52.1293028822895,106.804148412796,106.804148412844,0.00540837627518244,0.0110808506811442,1,false,false,ABSOLUTE_PHYSICAL_PCC_HULL;CENTERED_SIGN_NORMALIZED_PRODUCTION_RAY,kW physical distances; dimensionless normalized radius and ratios
2011-02-05 18:00:00,RAY:20.000000:BASE,RAY,20.000000,BASE,VMAX_BUS_13,VMAX,13,2217.99463001,2336.30809569,20.0000000000845,0.561914062498324,0.585463458277209,INSIDE,39.7976597777188,0.0235493957788846,40.3600899633575,0.334735972397214,true,0.000195312495569033,0.33473597225798,118.892688744229,120.572909123272,120.57290912329,0.00526513245486857,0.00533954058440542,1,false,false,ABSOLUTE_PHYSICAL_PCC_HULL;CENTERED_SIGN_NORMALIZED_PRODUCTION_RAY,kW physical distances; dimensionless normalized radius and ratios
2011-02-05 18:00:00,RAY:30.000000:BASE,RAY,30.000000,BASE,VMAX_BUS_13,VMAX,13,2155.84334703,2547.56399536,29.9999999998062,0.565234375002174,0.584623163852724,INSIDE,32.8134747697307,0.0193887888505492,35.311599846387,0.355710554030891,true,0.000195312500480105,0.355710555988054,92.2476839607101,99.2705986707911,99.2705986706023,0.00434114196493147,0.00467163776520934,1,false,false,ABSOLUTE_PHYSICAL_PCC_HULL;CENTERED_SIGN_NORMALIZED_PRODUCTION_RAY,kW physical distances; dimensionless normalized radius and ratios
2011-02-05 18:00:00,RAY:320.000000:BASE,RAY,320.000000,BASE,VMAX_BUS_13,VMAX,13,3027.40660876,-131.034100213,319.999999999953,1.34414062499873,1.40377265179623,INSIDE,42.0300932360039,0.0596320267975017,115.977714894288,0.759722539946833,true,0.000390624999879963,0.759722540045531,55.3229515066715,152.657988648515,152.65798864851,0.0055604779078475,0.0153435662835954,1,false,false,ABSOLUTE_PHYSICAL_PCC_HULL;CENTERED_SIGN_NORMALIZED_PRODUCTION_RAY,kW physical distances; dimensionless normalized radius and ratios
2011-02-05 18:00:00,RAY:325.000000:ADAPTIVE,RAY,325.000000,ADAPTIVE,VMAX_BUS_13,VMAX,13,2841.06979574,391.962799453,325.000000000074,1.11601562500169,1.18244486217392,INSIDE,55.5847845762052,0.0664292371722306,125.027121272439,0.735199161918652,true,0.000390625002752998,0.735199163354162,75.6050706466332,170.058845962391,170.058845962275,0.00735373021689346,0.0165407804787269,1,false,false,ABSOLUTE_PHYSICAL_PCC_HULL;CENTERED_SIGN_NORMALIZED_PRODUCTION_RAY,kW physical distances; dimensionless normalized radius and ratios
2011-02-05 18:00:00,RAY:330.000000:BASE,RAY,330.000000,BASE,VMAX_BUS_13,VMAX,13,2715.32739338,759.448486328,329.999999999985,0.965624999999665,1.02816303293265,INSIDE,60.1810543251566,0.0625380329329885,113.896644660727,0.355710557237814,true,0.000195312501550249,0.35571055793699,169.18546020247,320.194726075428,320.194726075301,0.00796180539422043,0.0150682458127743,1,false,false,ABSOLUTE_PHYSICAL_PCC_HULL;CENTERED_SIGN_NORMALIZED_PRODUCTION_RAY,kW physical distances; dimensionless normalized radius and ratios
2011-02-05 18:00:00,RAY:335.000000:ADAPTIVE,RAY,335.000000,ADAPTIVE,VMAX_BUS_13,VMAX,13,2622.42997464,1039.09636804,334.999999999912,0.859179687498463,0.915659297415146,INSIDE,61.0288714662182,0.0564796099166825,99.6534203385963,0.344612122926629,true,0.000195312495444799,0.344612121695549,177.09438352873,289.17560951775,289.175609517984,0.00807396951568207,0.0131839022845548,1,false,false,ABSOLUTE_PHYSICAL_PCC_HULL;CENTERED_SIGN_NORMALIZED_PRODUCTION_RAY,kW physical distances; dimensionless normalized radius and ratios
2011-02-05 18:00:00,RAY:340.000000:BASE,RAY,340.000000,BASE,VMAX_BUS_13,VMAX,13,2549.36915438,1263.75614994,339.999999999997,0.780468749998713,0.83104897609325,INSIDE,60.2187460239834,0.0505802260945373,86.68683029957,0.33473597239732,true,0.000195312495569033,0.334735972257845,179.899236979842,258.970763479184,258.970763479211,0.00796679191322381,0.0114684543304599,1,false,false,ABSOLUTE_PHYSICAL_PCC_HULL;CENTERED_SIGN_NORMALIZED_PRODUCTION_RAY,kW physical distances; dimensionless normalized radius and ratios
2011-02-05 18:00:00,RAY:345.000000:ADAPTIVE,RAY,345.000000,ADAPTIVE,VMAX_BUS_13,VMAX,13,2489.2576885,1451.58822403,344.999999999924,0.720703125001739,0.766089835060646,INSIDE,58.6174016493143,0.0453867100589062,75.8733286675314,0.326505485820533,true,0.000195312504228329,0.326505486010415,179.529607295891,232.379950470796,232.379950470759,0.00775493799302894,0.0100378546743089,1,false,false,ABSOLUTE_PHYSICAL_PCC_HULL;CENTERED_SIGN_NORMALIZED_PRODUCTION_RAY,kW physical distances; dimensionless normalized radius and ratios
2011-02-05 18:00:00,RAY:350.000000:BASE,RAY,350.000000,BASE,VMAX_BUS_13,VMAX,13,2438.12691741,1613.64316002,349.999999999901,0.674707031248404,0.715600876942981,INSIDE,56.5411516250968,0.0408938456945772,67.0645146287947,0.160152920527289,true,9.76562471438625e-05,0.160152920419529,353.044773950673,418.752992159676,418.752992159717,0.00748025522404237,0.00887247025363447,1,false,false,ABSOLUTE_PHYSICAL_PCC_HULL;CENTERED_SIGN_NORMALIZED_PRODUCTION_RAY,kW physical distances; dimensionless normalized radius and ratios
2011-02-05 18:00:00,RAY:40.000000:BASE,RAY,40.000000,BASE,VMAX_BUS_13,VMAX,13,2091.69730143,2768.95430184,40.0000000001025,0.587109375000947,0.602052109020731,INSIDE,24.5569001352253,0.0149427340197835,29.0619695314609,0.379861272675684,true,0.0001953125009031,0.379861271895789,64.6470222201129,76.5067978275341,76.5067978275863,0.00324881745849108,0.00384482705357876,1,false,false,ABSOLUTE_PHYSICAL_PCC_HULL;CENTERED_SIGN_NORMALIZED_PRODUCTION_RAY,kW physical distances; dimensionless normalized radius and ratios
2011-02-05 18:00:00,RAY:50.000000:BASE,RAY,50.000000,BASE,VMAX_BUS_13,VMAX,13,2020.91777438,3017.3477419,50.000000000031,0.631445312500906,0.640615064569496,INSIDE,14.1624374988501,0.00916975206858972,18.9664761439136,0.403979289050419,true,0.000195312502090594,0.403979287967378,35.0573355682165,46.9491300886432,46.9491300886822,0.00187365563029891,0.00250921812130568,1,false,false,ABSOLUTE_PHYSICAL_PCC_HULL;CENTERED_SIGN_NORMALIZED_PRODUCTION_RAY,kW physical distances; dimensionless normalized radius and ratios
2011-02-05 18:00:00,RAY:55.000000:ADAPTIVE,RAY,55.000000,ADAPTIVE,VMAX_BUS_13,VMAX,13,1981.13083341,3159.22561508,55.0000000000362,0.664648437501921,0.669804499735235,INSIDE,7.61636326898817,0.00515606223331377,10.9600337635431,0.415167914680623,true,0.0001953125014722,0.415167915691184,18.3452598326323,26.3990384355794,26.3990384355605,0.00100762611820883,0.00144998549656414,1,false,false,ABSOLUTE_PHYSICAL_PCC_HULL;CENTERED_SIGN_NORMALIZED_PRODUCTION_RAY,kW physical distances; dimensionless normalized radius and ratios
2011-02-05 18:00:00,RAY:70.000000:BASE,RAY,70.000000,BASE,VMAX_BUS_30,VMAX,30,1750.37390203,3416.27325548,70.0000000002356,0.696484375000776,0.69919295274564,INSIDE,5.99599670491124,0.00270857774486388,6.1309008588558,0.442092382619534,true,0.000195312502315637,0.442092382418299,13.5627686443795,13.8679178892842,13.867917889286,0.000793255609164935,0.000811103096760871,1,false,false,ABSOLUTE_PHYSICAL_PCC_HULL;CENTERED_SIGN_NORMALIZED_PRODUCTION_RAY,kW physical distances; dimensionless normalized radius and ratios
2011-02-05 18:00:00,RAY:80.000000:BASE,RAY,80.000000,BASE,VMAX_BUS_30,VMAX,30,1561.87084131,3495.51933289,79.9999999999527,0.699023437501861,0.707224781178554,INSIDE,17.9491820941941,0.00820134367669267,19.0074493104807,0.226328310763069,true,9.7656251806022e-05,0.226328310241286,79.3059517551213,83.9817576962025,83.9817576962295,0.00237463262187584,0.0025146387704161,1,false,false,ABSOLUTE_PHYSICAL_PCC_HULL;CENTERED_SIGN_NORMALIZED_PRODUCTION_RAY,kW physical distances; dimensionless normalized radius and ratios
2011-02-05 18:00:00,RAY:90.000000:BASE,RAY,90.000000,BASE,VMAX_BUS_30,VMAX,30,1366.015625,3580.09918213,90,0.724609375000468,0.738131666888344,INSIDE,28.3552571876975,0.013522291887876,31.5893415649429,0.456268309999814,true,0.000195312499765787,0.456268309999732,62.1460148913456,69.2341345489486,69.2341345489486,0.00375133074957025,0.00417919215427403,1,false,false,ABSOLUTE_PHYSICAL_PCC_HULL;CENTERED_SIGN_NORMALIZED_PRODUCTION_RAY,kW physical distances; dimensionless normalized radius and ratios
2011-02-06 00:00:00,AXIS:P13_POSITIVE:AXIS,AXIS,P13_POSITIVE,AXIS,VMAX_BUS_13,VMAX,13,2057.5,0,344.686368956974,1.03701553272939,1.07239295209284,INSIDE,44.9673495322971,0.0353774193634575,58.5033872884155,0.3125,false,,,143.895518503351,,,0.00638969098085074,0.00831311095704044,1,false,false,ABSOLUTE_PHYSICAL_PCC_HULL;CENTERED_SIGN_NORMALIZED_PRODUCTION_RAY,kW physical distances; dimensionless normalized radius and ratios
2011-02-06 00:00:00,AXIS:P30_POSITIVE:AXIS,AXIS,P30_POSITIVE,AXIS,VMAX_BUS_30,VMAX,30,0,2924.0625,106.148045871513,1.04121600977222,1.06469149237122,INSIDE,42.1491584281902,0.0234754825989922,52.791752643528,0.3125,false,,,134.877306970209,,,0.00598923664081248,0.00750150918918131,1,false,false,ABSOLUTE_PHYSICAL_PCC_HULL;CENTERED_SIGN_NORMALIZED_PRODUCTION_RAY,kW physical distances; dimensionless normalized radius and ratios
2011-02-06 00:00:00,RAY:0.000000:BASE,RAY,0.000000,BASE,VMAX_BUS_13,VMAX,13,1851.55181885,628.59375,0,0.871093750001469,0.899819380546013,INSIDE,43.5150331854863,0.0287256305445432,45.8241132882054,0.31156921999991,true,0.000195312503844414,0.311569219999928,139.664095142321,147.075225493121,147.075225493121,0.00618332229870518,0.00651143388321849,1,false,false,ABSOLUTE_PHYSICAL_PCC_HULL;CENTERED_SIGN_NORMALIZED_PRODUCTION_RAY,kW physical distances; dimensionless normalized radius and ratios
2011-02-06 00:00:00,RAY:10.000000:BASE,RAY,10.000000,BASE,VMAX_BUS_13,VMAX,13,1748.51553971,954.984158837,9.99999999996991,0.818945312502056,0.843103203288816,INSIDE,39.0574032523054,0.0241578907867599,39.1542720819176,0.158277866474549,true,9.76562507847278e-05,0.158277866535476,246.764782229269,247.376799668597,247.376799668586,0.00554990987666419,0.0055636745724565,1,false,false,ABSOLUTE_PHYSICAL_PCC_HULL;CENTERED_SIGN_NORMALIZED_PRODUCTION_RAY,kW physical distances; dimensionless normalized radius and ratios
2011-02-06 00:00:00,RAY:100.000000:BASE,RAY,100.000000,BASE,VMAX_BUS_30,VMAX,30,191.706511105,2833.69861495,99.9999999999928,0.975585937501598,0.996781196182255,INSIDE,40.6478001939571,0.0211952586806574,48.2658188435417,0.444765406293471,true,0.000195312501940603,0.444765406196554,91.3915507339082,108.519723366726,108.519723366731,0.00577589929120029,0.00685839104496137,1,false,false,ABSOLUTE_PHYSICAL_PCC_HULL;CENTERED_SIGN_NORMALIZED_PRODUCTION_RAY,kW physical distances; dimensionless normalized radius and ratios
2011-02-06 00:00:00,RAY:105.000000:ADAPTIVE,RAY,105.000000,ADAPTIVE,VMAX_BUS_30,VMAX,30,37.7864808495,2906.16419287,105.000000000009,1.02734374999935,1.05038428944042,INSIDE,41.9317113818946,0.0230405394410707,51.9580146531124,0.44044323239985,true,0.000195312498711298,0.440443232500396,95.203441209485,117.96756271665,117.967562716645,0.00595833823463604,0.00738303816135421,1,false,false,ABSOLUTE_PHYSICAL_PCC_HULL;CENTERED_SIGN_NORMALIZED_PRODUCTION_RAY,kW physical distances; dimensionless normalized radius and ratios
2011-02-06 00:00:00,RAY:110.000000:BASE,RAY,110.000000,BASE,VMAX_BUS_30,VMAX,30,-135.225631012,2989.21460136,109.999999999981,1.09453125000103,1.11908108747122,INSIDE,41.935828493411,0.0245498374701889,54.6156106990298,0.434508441925023,true,0.000195312502801359,0.434508441475566,96.5132652144127,125.695166044527,125.69516604455,0.00595892326067374,0.00776067254856991,1,false,false,ABSOLUTE_PHYSICAL_PCC_HULL;CENTERED_SIGN_NORMALIZED_PRODUCTION_RAY,kW physical distances; dimensionless normalized radius and ratios
2011-02-06 00:00:00,RAY:115.000000:ADAPTIVE,RAY,115.000000,ADAPTIVE,VMAX_BUS_30,VMAX,30,-334.943004117,3087.35820822,115.000000000031,1.18203124999895,1.20722308827557,INSIDE,39.8905927054295,0.025191838276619,55.0855302140505,0.854157002870694,true,0.000390624997331113,0.854157003414157,46.7017100736319,64.4911064287705,64.4911064287569,0.00566830295940844,0.00782744634151266,1,false,false,ABSOLUTE_PHYSICAL_PCC_HULL;CENTERED_SIGN_NORMALIZED_PRODUCTION_RAY,kW physical distances; dimensionless normalized radius and ratios
2011-02-06 00:00:00,RAY:120.000000:BASE,RAY,120.000000,BASE,VMAX_BUS_30,VMAX,30,-572.768234253,3207.1214359,119.999999999955,1.29726562500186,1.32135288272197,INSIDE,34.8471051026474,0.0240872577201119,51.5883599861468,0.418306305001734,true,0.000195312503635137,0.418306303872359,83.3052351494032,123.326757231628,123.326757231678,0.00495164236938671,0.00733051162563205,1,false,false,ABSOLUTE_PHYSICAL_PCC_HULL;CENTERED_SIGN_NORMALIZED_PRODUCTION_RAY,kW physical distances; dimensionless normalized radius and ratios
2011-02-06 00:00:00,RAY:125.000000:ADAPTIVE,RAY,125.000000,ADAPTIVE,VMAX_BUS_30,VMAX,30,-868.176170966,3361.68942107,125.000000000005,1.45371093749996,1.47168509132793,INSIDE,23.3470345625113,0.0179741538279785,37.5823725501723,0.408381232374677,true,0.000195312498881828,0.40838123268183,57.1697049513067,92.0276681261122,92.0276681261029,0.00331752566529506,0.00534031357019011,1,false,false,ABSOLUTE_PHYSICAL_PCC_HULL;CENTERED_SIGN_NORMALIZED_PRODUCTION_RAY,kW physical distances; dimensionless normalized radius and ratios
2011-02-06 00:00:00,RAY:20.000000:BASE,RAY,20.000000,BASE,VMAX_BUS_13,VMAX,13,1656.63902248,1254.20905209,19.9999999998353,0.796972656251419,0.81644929330692,INSIDE,32.5169531519314,0.0194766370555006,32.9569770980134,0.165246946636355,true,9.76562515052626e-05,0.16524694869912,196.777936378387,199.440760374169,199.440760373864,0.00462053655464866,0.00468306229985896,1,false,false,ABSOLUTE_PHYSICAL_PCC_HULL;CENTERED_SIGN_NORMALIZED_PRODUCTION_RAY,kW physical distances; dimensionless normalized radius and ratios
2011-02-06 00:00:00,RAY:30.000000:BASE,RAY,30.000000,BASE,VMAX_BUS_13,VMAX,13,1568.51305426,1547.77693176,30.0000000000031,0.800976562497576,0.815446652907557,INSIDE,24.1880457639986,0.0144700904099809,25.9878758504781,0.350775757959804,true,0.000195312497141775,0.350775757715057,68.9558648655826,74.0868639832977,74.0868639833103,0.00343703018901794,0.00369277926451953,1,false,false,ABSOLUTE_PHYSICAL_PCC_HULL;CENTERED_SIGN_NORMALIZED_PRODUCTION_RAY,kW physical distances; dimensionless normalized radius and ratios
2011-02-06 00:00:00,RAY:330.000000:BASE,RAY,330.000000,BASE,VMAX_BUS_13,VMAX,13,2403.3573413,-984.067306519,329.999999999981,1.4052734374996,1.43150517894489,INSIDE,24.9780937279492,0.0262317414452919,47.1114706755348,0.350775759876529,true,0.000195312497794919,0.350775758888043,71.2081522872085,134.306517716217,134.30651771627,0.00354929302866048,0.00669436251860632,1,false,false,ABSOLUTE_PHYSICAL_PCC_HULL;CENTERED_SIGN_NORMALIZED_PRODUCTION_RAY,kW physical distances; dimensionless normalized radius and ratios
2011-02-06 00:00:00,RAY:335.000000:ADAPTIVE,RAY,335.000000,ADAPTIVE,VMAX_BUS_13,VMAX,13,2255.61567024,-574.78141589,335.000000000046,1.24062500000173,1.27523156831118,INSIDE,36.990872220743,0.0346065683094505,60.2503428622303,0.340040801755112,true,0.000195312502919931,0.340040802687671,108.783628405225,177.185627095453,177.185627095377,0.00525626360150318,0.00856134676346559,1,false,false,ABSOLUTE_PHYSICAL_PCC_HULL;CENTERED_SIGN_NORMALIZED_PRODUCTION_RAY,kW physical distances; dimensionless normalized radius and ratios
2011-02-06 00:00:00,RAY:340.000000:BASE,RAY,340.000000,BASE,VMAX_BUS_13,VMAX,13,2143.0918147,-251.75989897,340.00000000003,1.12148437500143,1.15766308534115,INSIDE,42.5986648980647,0.0361787103397218,61.2190351293722,0.330493891372606,true,0.000195312499355227,0.330493891212709,128.893955410626,185.23499755088,185.234997550896,0.00605310981693394,0.00869899428565568,1,false,false,ABSOLUTE_PHYSICAL_PCC_HULL;CENTERED_SIGN_NORMALIZED_PRODUCTION_RAY,kW physical distances; dimensionless normalized radius and ratios
2011-02-06 00:00:00,RAY:345.000000:ADAPTIVE,RAY,345.000000,ADAPTIVE,VMAX_BUS_13,VMAX,13,2052.18745785,15.5360728042,344.999999999962,1.03203124999749,1.06738059093435,INSIDE,45.1426563778074,0.0353493409368599,58.3764915699806,0.322542321761931,true,0.000195312499790656,0.322542321733982,139.958862239254,180.988625790714,180.988625790717,0.0064146014232337,0.00829507955345484,1,false,false,ABSOLUTE_PHYSICAL_PCC_HULL;CENTERED_SIGN_NORMALIZED_PRODUCTION_RAY,kW physical distances; dimensionless normalized radius and ratios
2011-02-06 00:00:00,RAY:350.000000:BASE,RAY,350.000000,BASE,VMAX_BUS_13,VMAX,13,1976.03426866,244.483692188,350.000000000002,0.96376953124945,0.997201308704019,INSIDE,45.6984761925135,0.0334317774545688,54.1850661629713,0.158277866474556,true,9.76562507848389e-05,0.158277866535669,288.723099510946,342.341398383473,342.341398383459,0.00649358132518356,0.00769949379181594,1,false,false,ABSOLUTE_PHYSICAL_PCC_HULL;CENTERED_SIGN_NORMALIZED_PRODUCTION_RAY,kW physical distances; dimensionless normalized radius and ratios
2011-02-06 00:00:00,RAY:40.000000:BASE,RAY,40.000000,BASE,VMAX_BUS_13,VMAX,13,1477.99628201,1855.22335647,39.9999999999092,0.831445312501663,0.839936206000509,INSIDE,13.7794595039835,0.00849089349884558,16.2658531485099,0.374156673516009,true,0.000195312502270895,0.374156675082715,36.8280468566703,43.4733742086253,43.4733742085825,0.00195800928961497,0.00231131646049602,1,false,false,ABSOLUTE_PHYSICAL_PCC_HULL;CENTERED_SIGN_NORMALIZED_PRODUCTION_RAY,kW physical distances; dimensionless normalized radius and ratios
2011-02-06 00:00:00,RAY:60.000000:BASE,RAY,60.000000,BASE,VMAX_BUS_30,VMAX,30,1172.79828644,2400.02130657,59.9999999999266,0.891210937500545,0.89449714352756,INSIDE,7.02285969752347,0.00328620602701546,7.03816023725598,0.209153145640875,true,9.76562500817346e-05,0.209153148218751,33.577595383538,33.6507496884739,33.6507496884284,0.000997921908579822,0.00100009605764015,1,false,false,ABSOLUTE_PHYSICAL_PCC_HULL;CENTERED_SIGN_NORMALIZED_PRODUCTION_RAY,kW physical distances; dimensionless normalized radius and ratios
2011-02-06 00:00:00,RAY:70.000000:BASE,RAY,70.000000,BASE,VMAX_BUS_30,VMAX,30,935.572143754,2500.78849908,69.99999999996,0.868066406249056,0.876709241096161,INSIDE,18.8451150147428,0.00864283484710471,19.2275693848723,0.217254211390406,true,9.76562474136466e-05,0.217254211867952,86.7422311132007,88.5026311782788,88.5026311782569,0.00267781985585588,0.00273216518118239,1,false,false,ABSOLUTE_PHYSICAL_PCC_HULL;CENTERED_SIGN_NORMALIZED_PRODUCTION_RAY,kW physical distances; dimensionless normalized radius and ratios
2011-02-06 00:00:00,RAY:80.000000:BASE,RAY,80.000000,BASE,VMAX_BUS_30,VMAX,30,703.741336711,2601.48937391,79.9999999999788,0.872851562498751,0.886011090312158,INSIDE,28.3922173292523,0.0131595278134069,29.9668616966706,0.444765396367839,true,0.000195312497650035,0.44476539642609,63.8363900634274,67.3767832153086,67.3767832153066,0.00403442713172982,0.0042581781648058,1,false,false,ABSOLUTE_PHYSICAL_PCC_HULL;CENTERED_SIGN_NORMALIZED_PRODUCTION_RAY,kW physical distances; dimensionless normalized radius and ratios
2011-02-06 00:00:00,RAY:90.000000:BASE,RAY,90.000000,BASE,VMAX_BUS_30,VMAX,30,461.953125,2709.47564697,90,0.906640624998843,0.923885261331911,INSIDE,35.6807655305709,0.0172446363330683,39.5791348588187,0.448272699999961,true,0.00019531249778737,0.448272699999793,79.5961153346479,88.2925390255462,88.2925390255462,0.00507010237587585,0.00562404597263686,1,false,false,ABSOLUTE_PHYSICAL_PCC_HULL;CENTERED_SIGN_NORMALIZED_PRODUCTION_RAY,kW physical distances; dimensionless normalized radius and ratios
2011-03-04 18:00:00,AXIS:P13_POSITIVE:AXIS,AXIS,P13_POSITIVE,AXIS,VMAX_BUS_13,VMAX,13,1729.6875,0,355.460515948119,1.00334416698045,1.04299295727492,INSIDE,57.2142722361407,0.0396487902944709,63.197798647113,0.3125,false,,,183.08567115565,,,0.00767416785065093,0.00847674007995561,1,false,false,ABSOLUTE_PHYSICAL_PCC_HULL;CENTERED_SIGN_NORMALIZED_PRODUCTION_RAY,kW physical distances; dimensionless normalized radius and ratios
2011-03-04 18:00:00,AXIS:P30_POSITIVE:AXIS,AXIS,P30_POSITIVE,AXIS,VMAX_BUS_30,VMAX,30,0,2461.875,95.0605913750911,1.00405085135147,1.02753863357987,INSIDE,46.4518177295526,0.0234877822284003,53.4557929795167,0.3125,false,,,148.645816734568,,,0.0062305965328569,0.00717004187733647,1,false,false,ABSOLUTE_PHYSICAL_PCC_HULL;CENTERED_SIGN_NORMALIZED_PRODUCTION_RAY,kW physical distances; dimensionless normalized radius and ratios
2011-03-04 18:00:00,RAY:0.000000:BASE,RAY,0.000000,BASE,VMAX_BUS_13,VMAX,13,1670.42037964,181.09375,0,0.962890625000836,0.999770199018921,INSIDE,55.518985481833,0.0368795740180846,58.5895420045118,0.155143739999858,true,9.76562513891333e-05,0.155143739999846,357.855144409204,377.646832573264,377.646832573264,0.00744677851929936,0.00785863320570859,1,false,false,ABSOLUTE_PHYSICAL_PCC_HULL;CENTERED_SIGN_NORMALIZED_PRODUCTION_RAY,kW physical distances; dimensionless normalized radius and ratios
2011-03-04 18:00:00,RAY:10.000000:BASE,RAY,10.000000,BASE,VMAX_BUS_13,VMAX,13,1556.11963082,539.349314847,10.0000000000012,0.904687499998681,0.935371911777205,INSIDE,49.3729743048239,0.0306844117785241,49.5207762290734,0.315209775838473,true,0.000195312498989852,0.315209775798497,156.635288907171,157.104189118579,157.104189118584,0.00662241215858296,0.00664223687593073,1,false,false,ABSOLUTE_PHYSICAL_PCC_HULL;CENTERED_SIGN_NORMALIZED_PRODUCTION_RAY,kW physical distances; dimensionless normalized radius and ratios
2011-03-04 18:00:00,RAY:100.000000:BASE,RAY,100.000000,BASE,VMAX_BUS_30,VMAX,30,-148.017434848,2531.5320669,100.000000000016,1.04658203124964,1.07249614718921,INSIDE,49.1020379861639,0.0259141159395715,58.635957596382,0.220967124382274,true,9.76562491310506e-05,0.220967124497822,222.214223601956,265.360549582401,265.360549582388,0.00658607138721647,0.00786485894325585,1,false,false,ABSOLUTE_PHYSICAL_PCC_HULL;CENTERED_SIGN_NORMALIZED_PRODUCTION_RAY,kW physical distances; dimensionless normalized radius and ratios
2011-03-04 18:00:00,RAY:105.000000:ADAPTIVE,RAY,105.000000,ADAPTIVE,VMAX_BUS_30,VMAX,30,-312.797891058,2610.587187,105.000000000023,1.10292968749911,1.13114895112617,INSIDE,50.6972895202663,0.0282192636270597,63.2340464302128,0.437658470488194,true,0.000195312500964384,0.437658470384019,115.837560424034,144.482629057142,144.482629057148,0.00680004296385704,0.00848160200619971,1,false,false,ABSOLUTE_PHYSICAL_PCC_HULL;CENTERED_SIGN_NORMALIZED_PRODUCTION_RAY,kW physical distances; dimensionless normalized radius and ratios
2011-03-04 18:00:00,RAY:110.000000:BASE,RAY,110.000000,BASE,VMAX_BUS_30,VMAX,30,-498.272892137,2701.14056067,110.000000000008,1.17597656250013,1.20629990225748,INSIDE,51.0834947227508,0.0303233397573519,67.0374090114909,0.43178765945923,true,0.000195312499359002,0.431787659583642,118.30698169264,155.255500067177,155.255500067169,0.00685184478589941,0.00899174819359062,1,false,false,ABSOLUTE_PHYSICAL_PCC_HULL;CENTERED_SIGN_NORMALIZED_PRODUCTION_RAY,kW physical distances; dimensionless normalized radius and ratios
2011-03-04 18:00:00,RAY:115.000000:ADAPTIVE,RAY,115.000000,ADAPTIVE,VMAX_BUS_30,VMAX,30,-712.973704754,2809.00603052,115.000000000036,1.27148437499833,1.3027676564435,INSIDE,48.7982441076602,0.0312832814451625,67.9824630258373,0.424438363231103,true,0.000195312499569056,0.424438363466233,114.971332318257,160.170401352637,160.170401352624,0.00654532342128909,0.0091185085778544,1,false,false,ABSOLUTE_PHYSICAL_PCC_HULL;CENTERED_SIGN_NORMALIZED_PRODUCTION_RAY,kW physical distances; dimensionless normalized radius and ratios
2011-03-04 18:00:00,RAY:120.000000:BASE,RAY,120.000000,BASE,VMAX_BUS_30,VMAX,30,-969.660606384,2941.77212458,119.999999999997,1.39785156249977,1.42781664210129,INSIDE,42.6483130422164,0.029965079601519,63.7867295696385,0.415762135749689,true,0.000195312498311839,0.415762136362181,102.578636617099,153.421208885855,153.421208885824,0.00572043128473691,0.00855573356488968,1,false,false,ABSOLUTE_PHYSICAL_PCC_HULL;CENTERED_SIGN_NORMALIZED_PRODUCTION_RAY,kW physical distances; dimensionless normalized radius and ratios
2011-03-04 18:00:00,RAY:125.000000:ADAPTIVE,RAY,125.000000,ADAPTIVE,VMAX_BUS_30,VMAX,30,-1290.02652072,3114.15216463,124.999999999937,1.5701171874995,1.59283032403202,INSIDE,28.9778698550305,0.0227131365325173,47.2080603541554,0.405946762271885,true,0.000195312498259215,0.405946760921275,71.3834240057872,116.291260082972,116.29126008302,0.00388681055496061,0.00633203158761152,1,false,false,ABSOLUTE_PHYSICAL_PCC_HULL;CENTERED_SIGN_NORMALIZED_PRODUCTION_RAY,kW physical distances; dimensionless normalized radius and ratios
2011-03-04 18:00:00,RAY:20.000000:BASE,RAY,20.000000,BASE,VMAX_BUS_13,VMAX,13,1454.24782934,867.372646583,20.0000000000347,0.879882812498572,0.904589985118844,INSIDE,41.1080699554136,0.0247071726202719,41.6151820260658,0.32897188764395,true,0.00019531249933824,0.32897188750999,124.959218399553,126.500724244403,126.500724244414,0.00551383800797295,0.00558185710525718,1,false,false,ABSOLUTE_PHYSICAL_PCC_HULL;CENTERED_SIGN_NORMALIZED_PRODUCTION_RAY,kW physical distances; dimensionless normalized radius and ratios
2011-03-04 18:00:00,RAY:30.000000:BASE,RAY,30.000000,BASE,VMAX_BUS_13,VMAX,13,1356.91552625,1189.04312134,29.9999999999646,0.883984375002797,0.902312311794427,INSIDE,30.5712015214595,0.0183279367916307,32.7503521297265,0.349005636438284,true,0.000195312502795142,0.349005636291774,87.595151280216,93.8390350302069,93.8390350302156,0.00410052461916241,0.00439281475737595,1,false,false,ABSOLUTE_PHYSICAL_PCC_HULL;CENTERED_SIGN_NORMALIZED_PRODUCTION_RAY,kW physical distances; dimensionless normalized radius and ratios
2011-03-04 18:00:00,RAY:330.000000:BASE,RAY,330.000000,BASE,VMAX_BUS_13,VMAX,13,2296.6183029,-1605.64460754,330.000000000006,1.56699218749685,1.60208859747165,INSIDE,32.9709892571136,0.0350964099747997,62.7140849639452,0.34900562235757,true,0.000195312495151034,0.349005622632581,94.4712266650349,179.693623532175,179.693623532157,0.00442240888281839,0.00841185941554786,1,false,false,ABSOLUTE_PHYSICAL_PCC_HULL;CENTERED_SIGN_NORMALIZED_PRODUCTION_RAY,kW physical distances; dimensionless normalized radius and ratios
2011-03-04 18:00:00,RAY:335.000000:ADAPTIVE,RAY,335.000000,ADAPTIVE,VMAX_BUS_13,VMAX,13,2126.36898568,-1148.03984485,335.000000000012,1.37910156249965,1.4246319456981,INSIDE,48.1010370202338,0.0455303831984488,78.886513703417,0.338400896043387,true,0.000195312503298295,0.338400895962897,142.142168010296,233.115558039373,233.11555803938,0.00645180682120912,0.0105810722334119,1,false,false,ABSOLUTE_PHYSICAL_PCC_HULL;CENTERED_SIGN_NORMALIZED_PRODUCTION_RAY,kW physical distances; dimensionless normalized radius and ratios
2011-03-04 18:00:00,RAY:340.000000:BASE,RAY,340.000000,BASE,VMAX_BUS_13,VMAX,13,1998.0349267,-789.293946167,339.999999999999,1.2441406249996,1.29141568582779,INSIDE,55.0962260573318,0.0472750608281862,79.6270901529121,0.328971887643897,true,0.000195312499337907,0.328971887509379,167.480043513541,242.048312260836,242.048312260852,0.00739007366826714,0.0106804059793033,1,false,false,ABSOLUTE_PHYSICAL_PCC_HULL;CENTERED_SIGN_NORMALIZED_PRODUCTION_RAY,kW physical distances; dimensionless normalized radius and ratios
2011-03-04 18:00:00,RAY:345.000000:ADAPTIVE,RAY,345.000000,ADAPTIVE,VMAX_BUS_13,VMAX,13,1895.23289826,-493.749818145,344.99999999998,1.14335937499778,1.18925987655976,INSIDE,58.0893446673628,0.0459005015619842,75.4666296352205,0.321120147307636,true,0.000195312496134692,0.321120146999275,180.895982872457,235.010572648307,235.010572648346,0.00779154158374604,0.010122362136379,1,false,false,ABSOLUTE_PHYSICAL_PCC_HULL;CENTERED_SIGN_NORMALIZED_PRODUCTION_RAY,kW physical distances; dimensionless normalized radius and ratios
2011-03-04 18:00:00,RAY:350.000000:BASE,RAY,350.000000,BASE,VMAX_BUS_13,VMAX,13,1809.74564547,-241.357004576,350.000000000026,1.06679687500225,1.10990900228908,INSIDE,58.4612223443295,0.043112127286832,69.5775439183944,0.315209785532681,true,0.000195312505188783,0.315209785802821,185.467663212087,220.734085844433,220.734085844398,0.00784142165040447,0.00933245726629226,1,false,false,ABSOLUTE_PHYSICAL_PCC_HULL;CENTERED_SIGN_NORMALIZED_PRODUCTION_RAY,kW physical distances; dimensionless normalized radius and ratios
2011-03-04 18:00:00,RAY:40.000000:BASE,RAY,40.000000,BASE,VMAX_BUS_13,VMAX,13,1257.15182629,1525.84581947,39.9999999999671,0.917382812501052,0.928177449555811,INSIDE,17.5038202404789,0.0107946370547587,20.5660061731669,0.186055262056702,true,9.76562499555023e-05,0.186055263298476,94.0786089411672,110.537083491096,110.537083491017,0.00234779276748722,0.00275852470409841,1,false,false,ABSOLUTE_PHYSICAL_PCC_HULL;CENTERED_SIGN_NORMALIZED_PRODUCTION_RAY,kW physical distances; dimensionless normalized radius and ratios
2011-03-04 18:00:00,RAY:60.000000:BASE,RAY,60.000000,BASE,VMAX_BUS_30,VMAX,30,897.959709167,2063.84785735,59.9999999999736,0.953320312498635,0.957244299231446,INSIDE,8.33035679411787,0.0039239867328118,8.35299902049969,0.41576213537696,true,0.000195312497997424,0.41576213569281,20.0363527250142,20.0908122779913,20.0908122779882,0.00111735330705629,0.00112039031581259,1,false,false,ABSOLUTE_PHYSICAL_PCC_HULL;CENTERED_SIGN_NORMALIZED_PRODUCTION_RAY,kW physical distances; dimensionless normalized radius and ratios
2011-03-04 18:00:00,RAY:70.000000:BASE,RAY,70.000000,BASE,VMAX_BUS_30,VMAX,30,645.431565044,2171.68379012,70.0000000000084,0.928906250001244,0.939414221168611,INSIDE,22.7311078881979,0.0105079711673666,23.2305269361681,0.21589382985251,true,9.76562497869704e-05,0.215893830029429,105.288362820405,107.601624988558,107.601624988549,0.00304893045996128,0.00311591768975802,1,false,false,ABSOLUTE_PHYSICAL_PCC_HULL;CENTERED_SIGN_NORMALIZED_PRODUCTION_RAY,kW physical distances; dimensionless normalized radius and ratios
2011-03-04 18:00:00,RAY:80.000000:BASE,RAY,80.000000,BASE,VMAX_BUS_30,VMAX,30,398.576895539,2280.41217581,79.9999999999956,0.93476562500126,0.950591300602719,INSIDE,33.8319698331634,0.0158256756014583,35.8088095949365,0.44193425856793,true,0.00019531250247129,0.441934258519766,76.5543045764193,81.0274580542258,81.0274580542276,0.00453789247106514,0.00480304659350288,1,false,false,ABSOLUTE_PHYSICAL_PCC_HULL;CENTERED_SIGN_NORMALIZED_PRODUCTION_RAY,kW physical distances; dimensionless normalized radius and ratios
2011-03-04 18:00:00,RAY:90.000000:BASE,RAY,90.000000,BASE,VMAX_BUS_30,VMAX,30,140.703125,2396.97891235,90,0.971679687498458,0.992559099775132,INSIDE,42.7484877203861,0.0208794122766734,47.6148472153202,0.445404049999979,true,0.000195312498800893,0.445404049999848,95.9768725057352,106.902591512889,106.902591512889,0.00573386774498736,0.00638659403383357,1,false,false,ABSOLUTE_PHYSICAL_PCC_HULL;CENTERED_SIGN_NORMALIZED_PRODUCTION_RAY,kW physical distances; dimensionless normalized radius and ratios
2011-03-08 11:30:00,AXIS:P13_POSITIVE:AXIS,AXIS,P13_POSITIVE,AXIS,VMAX_BUS_13,VMAX,13,1509.84375,0,2.99345408259822,1.00146512069664,1.04226111834928,INSIDE,62.6301323200684,0.0407959976526406,64.722628298974,0.15625,false,,,400.832846848437,,,0.0083491852815489,0.00862813466232774,1,false,false,ABSOLUTE_PHYSICAL_PCC_HULL;CENTERED_SIGN_NORMALIZED_PRODUCTION_RAY,kW physical distances; dimensionless normalized radius and ratios
2011-03-08 11:30:00,AXIS:P30_POSITIVE:AXIS,AXIS,P30_POSITIVE,AXIS,VMAX_BUS_30,VMAX,30,0,2152.1875,87.3068155141261,1.00124352946304,1.02336989278249,INSIDE,45.656441982405,0.0221263633194573,50.2122020528203,0.3125,false,,,146.100614343696,,,0.00608643282851955,0.00669375846423422,1,false,false,ABSOLUTE_PHYSICAL_PCC_HULL;CENTERED_SIGN_NORMALIZED_PRODUCTION_RAY,kW physical distances; dimensionless normalized radius and ratios
2011-03-08 11:30:00,RAY:0.000000:BASE,RAY,0.000000,BASE,VMAX_BUS_13,VMAX,13,1548.36471558,-118.75,0,1.02441406250242,1.06754113924559,INSIDE,64.64094684107,0.0431270767431746,68.3227236092262,0.154708869999922,true,9.7656254857359e-05,0.154708869999807,417.823146411078,441.621243884152,441.621243884152,0.00861724575628771,0.00910806120348401,1,false,false,ABSOLUTE_PHYSICAL_PCC_HULL;CENTERED_SIGN_NORMALIZED_PRODUCTION_RAY,kW physical distances; dimensionless normalized radius and ratios
2011-03-08 11:30:00,RAY:10.000000:BASE,RAY,10.000000,BASE,VMAX_BUS_13,VMAX,13,1426.352206,260.56149805,10.0000000000158,0.962011718748766,0.997704205518144,INSIDE,57.2423312004769,0.0356924867693783,57.4364687519934,0.15714876620533,true,9.76562518749668e-05,0.157148766223416,364.255683214746,365.49105750113,365.491057501125,0.00763094075385545,0.00765682111411773,1,false,false,ABSOLUTE_PHYSICAL_PCC_HULL;CENTERED_SIGN_NORMALIZED_PRODUCTION_RAY,kW physical distances; dimensionless normalized radius and ratios
2011-03-08 11:30:00,RAY:100.000000:BASE,RAY,100.000000,BASE,VMAX_BUS_30,VMAX,30,-375.579453963,2328.3264396,99.9999999999855,1.09433593750106,1.12383392799922,INSIDE,55.4261806333747,0.0294979904981623,66.45859659572,0.440036577250564,true,0.000195312501880096,0.440036577181704,125.958121435469,151.029709896765,151.029709896769,0.00738883081376408,0.00885955555216965,1,false,false,ABSOLUTE_PHYSICAL_PCC_HULL;CENTERED_SIGN_NORMALIZED_PRODUCTION_RAY,kW physical distances; dimensionless normalized radius and ratios
2011-03-08 11:30:00,RAY:105.000000:ADAPTIVE,RAY,105.000000,ADAPTIVE,VMAX_BUS_30,VMAX,30,-547.582712525,2411.63266216,105.000000000016,1.15371093749831,1.1860269104969,INSIDE,57.537018560462,0.0323159729985854,72.1051138533432,0.435791613085282,true,0.000195312499355227,0.435791613132193,132.028742253932,165.457782298973,165.45778229897,0.00767022534862642,0.00961228937266413,1,false,false,ABSOLUTE_PHYSICAL_PCC_HULL;CENTERED_SIGN_NORMALIZED_PRODUCTION_RAY,kW physical distances; dimensionless normalized radius and ratios
2011-03-08 11:30:00,RAY:110.000000:BASE,RAY,110.000000,BASE,VMAX_BUS_30,VMAX,30,-741.559426749,2507.9385309,110.00000000001,1.23105468749854,1.2657037397179,INSIDE,57.8074692374002,0.0346490522193634,76.2768487901749,0.429963332801426,true,0.000195312499219336,0.429963332776494,134.447439647366,177.403148072221,177.403148072223,0.00770627896575337,0.0101684208487261,1,false,false,ABSOLUTE_PHYSICAL_PCC_HULL;CENTERED_SIGN_NORMALIZED_PRODUCTION_RAY,kW physical distances; dimensionless normalized radius and ratios
2011-03-08 11:30:00,RAY:115.000000:ADAPTIVE,RAY,115.000000,ADAPTIVE,VMAX_BUS_30,VMAX,30,-966.352511917,2622.41728734,114.999999999997,1.33203125000086,1.36801811129266,INSIDE,55.5490688429805,0.0359868612918042,77.8776622541865,0.422667619694387,true,0.000195312501100053,0.422667619477928,131.424945405436,184.252728776276,184.252728776289,0.00740521296709682,0.0103818243290817,1,false,false,ABSOLUTE_PHYSICAL_PCC_HULL;CENTERED_SIGN_NORMALIZED_PRODUCTION_RAY,kW physical distances; dimensionless normalized radius and ratios
2011-03-08 11:30:00,RAY:120.000000:BASE,RAY,120.000000,BASE,VMAX_BUS_30,VMAX,30,-1235.77597046,2764.05088029,120.000000000056,1.46601562499881,1.50075470148725,INSIDE,48.8802273048036,0.0347390764884419,73.6455368061647,0.414055152924747,true,0.000195312496317435,0.414055153165524,118.052454991877,177.864074974402,177.864074974389,0.0065161937114615,0.00981764223028432,1,false,false,ABSOLUTE_PHYSICAL_PCC_HULL;CENTERED_SIGN_NORMALIZED_PRODUCTION_RAY,kW physical distances; dimensionless normalized radius and ratios
2011-03-08 11:30:00,RAY:125.000000:ADAPTIVE,RAY,125.000000,ADAPTIVE,VMAX_BUS_30,VMAX,30,-1573.48269986,2949.50217497,124.999999999948,1.64960937500163,1.67614480130155,INSIDE,33.4302169642025,0.0265354262999107,54.9304745313423,0.808625287181876,true,0.000390625001183142,0.808625285920522,41.3420375223603,67.9306911220198,67.9306911220449,0.00445656212268723,0.00732274853135867,1,false,false,ABSOLUTE_PHYSICAL_PCC_HULL;CENTERED_SIGN_NORMALIZED_PRODUCTION_RAY,kW physical distances; dimensionless normalized radius and ratios
2011-03-08 11:30:00,RAY:20.000000:BASE,RAY,20.000000,BASE,VMAX_BUS_13,VMAX,13,1317.90666919,607.64354448,19.9999999999885,0.935351562500128,0.963933750380164,INSIDE,47.4450152849919,0.0285821878800357,47.9914506220097,0.327943059073579,true,0.000195312498410538,0.327943058896369,144.674552402547,146.340803136711,146.340803136728,0.00632486646005995,0.00639771142627896,1,false,false,ABSOLUTE_PHYSICAL_PCC_HULL;CENTERED_SIGN_NORMALIZED_PRODUCTION_RAY,kW physical distances; dimensionless normalized radius and ratios
2011-03-08 11:30:00,RAY:30.000000:BASE,RAY,30.000000,BASE,VMAX_BUS_13,VMAX,13,1214.23973178,947.712005615,29.9999999999923,0.939355468750012,0.960606526765778,INSIDE,35.3978864370995,0.0212510580157665,37.8438699050049,0.173906188386535,true,9.76562526902036e-05,0.173906189493196,203.545870135582,217.610828086775,217.610828086631,0.00471887095700532,0.00504494354239891,1,false,false,ABSOLUTE_PHYSICAL_PCC_HULL;CENTERED_SIGN_NORMALIZED_PRODUCTION_RAY,kW physical distances; dimensionless normalized radius and ratios
2011-03-08 11:30:00,RAY:330.000000:BASE,RAY,330.000000,BASE,VMAX_BUS_13,VMAX,13,2226.74023176,-2023.05932617,330.000000000022,1.67734374999948,1.71981305955656,INSIDE,39.5126598529293,0.042469309557075,75.6293180622237,0.695624735587634,true,0.000390624998947153,0.695624736934813,56.8016889444719,108.721432759147,108.721432759098,0.0052674089269522,0.0100820989167281,1,false,false,ABSOLUTE_PHYSICAL_PCC_HULL;CENTERED_SIGN_NORMALIZED_PRODUCTION_RAY,kW physical distances; dimensionless normalized radius and ratios
2011-03-08 11:30:00,RAY:335.000000:ADAPTIVE,RAY,335.000000,ADAPTIVE,VMAX_BUS_13,VMAX,13,2040.17398488,-1532.10953915,335.000000000023,1.47285156250078,1.52729313771788,INSIDE,57.0362008890169,0.0544415752170997,94.0176063412288,0.337293944790812,true,0.000195312498594058,0.3372939437021,169.099391702364,278.740867118045,278.740867118164,0.00760346164597608,0.0125334305707529,1,false,false,ABSOLUTE_PHYSICAL_PCC_HULL;CENTERED_SIGN_NORMALIZED_PRODUCTION_RAY,kW physical distances; dimensionless normalized radius and ratios
2011-03-08 11:30:00,RAY:340.000000:BASE,RAY,340.000000,BASE,VMAX_BUS_13,VMAX,13,1900.58480451,-1149.10943781,339.999999999921,1.32675781249964,1.38300210770853,INSIDE,65.0725678435236,0.0562442952088822,94.4380229959051,0.327943060460916,true,0.000195312498862288,0.327943059654962,198.426421196611,287.970793146931,287.970793147036,0.00867478489260114,0.0125894760622011,1,false,false,ABSOLUTE_PHYSICAL_PCC_HULL;CENTERED_SIGN_NORMALIZED_PRODUCTION_RAY,kW physical distances; dimensionless normalized radius and ratios
2011-03-08 11:30:00,RAY:345.000000:ADAPTIVE,RAY,345.000000,ADAPTIVE,VMAX_BUS_13,VMAX,13,1789.84832584,-834.756648898,344.999999999968,1.21835937499824,1.27246977961901,INSIDE,68.0417715318936,0.0541104046207759,88.6981062022131,0.320157443625684,true,0.000195312499291722,0.320157443401252,212.525970851534,277.045272663045,277.045272663076,0.00907060765098475,0.0118242912057123,1,false,false,ABSOLUTE_PHYSICAL_PCC_HULL;CENTERED_SIGN_NORMALIZED_PRODUCTION_RAY,kW physical distances; dimensionless normalized radius and ratios
2011-03-08 11:30:00,RAY:350.000000:BASE,RAY,350.000000,BASE,VMAX_BUS_13,VMAX,13,1697.70267145,-566.638675801,349.999999999995,1.13593749999928,1.18666066152667,INSIDE,68.3946414539731,0.0507231615273878,81.6238807033609,0.314297522470319,true,0.000195312497456968,0.314297522320129,217.611137741094,259.702590401638,259.702590401659,0.0091176485281247,0.0108812304580272,1,false,false,ABSOLUTE_PHYSICAL_PCC_HULL;CENTERED_SIGN_NORMALIZED_PRODUCTION_RAY,kW physical distances; dimensionless normalized radius and ratios
2011-03-08 11:30:00,RAY:40.000000:BASE,RAY,40.000000,BASE,VMAX_BUS_13,VMAX,13,1108.47414314,1304.00631146,40.0000000000147,0.974804687499556,0.987194416793543,INSIDE,20.0817443862006,0.0123897292939869,23.517677177428,0.370734197955622,true,0.000195312501223621,0.370734197939448,54.1674992405324,63.4354135877936,63.4354135877941,0.00267708526943936,0.00313512740389156,1,false,false,ABSOLUTE_PHYSICAL_PCC_HULL;CENTERED_SIGN_NORMALIZED_PRODUCTION_RAY,kW physical distances; dimensionless normalized radius and ratios
2011-03-08 11:30:00,RAY:60.000000:BASE,RAY,60.000000,BASE,VMAX_BUS_30,VMAX,30,713.400985718,1837.29914513,60.0000000000074,0.994726562500509,0.999213028234887,INSIDE,9.48136635259782,0.0044864657343785,9.51113877425015,0.207027581473827,true,9.76562503812728e-05,0.207027581294521,45.7975999386174,45.9414089406698,45.9414089406737,0.00126395524754012,0.00126792419116913,1,false,false,ABSOLUTE_PHYSICAL_PCC_HULL;CENTERED_SIGN_NORMALIZED_PRODUCTION_RAY,kW physical distances; dimensionless normalized radius and ratios
2011-03-08 11:30:00,RAY:70.000000:BASE,RAY,70.000000,BASE,VMAX_BUS_30,VMAX,30,450.900274284,1950.34543962,69.999999999981,0.969726562499376,0.981493157720079,INSIDE,25.3155984170729,0.0117665952207036,25.9031271257458,0.429963333047775,true,0.000195312499435163,0.429963333251652,58.8785053777131,60.2449677042286,60.2449677042228,0.00337480720330046,0.00345313030218632,1,false,false,ABSOLUTE_PHYSICAL_PCC_HULL;CENTERED_SIGN_NORMALIZED_PRODUCTION_RAY,kW physical distances; dimensionless normalized radius and ratios
2011-03-08 11:30:00,RAY:80.000000:BASE,RAY,80.000000,BASE,VMAX_BUS_30,VMAX,30,194.010410433,2064.09634037,79.9999999999986,0.976171874998785,0.994068791412692,INSIDE,38.0177517809647,0.0178969164139069,40.3215245571806,0.440036567325044,true,0.000195312497542788,0.440036567409822,86.39680109331,91.6322131920214,91.6322131920179,0.00506812363073199,0.00537523819432444,1,false,false,ABSOLUTE_PHYSICAL_PCC_HULL;CENTERED_SIGN_NORMALIZED_PRODUCTION_RAY,kW physical distances; dimensionless normalized radius and ratios
2011-03-08 11:30:00,RAY:90.000000:BASE,RAY,90.000000,BASE,VMAX_BUS_30,VMAX,30,-74.53125,2186.46655273,90,1.01523437499807,1.03894851139722,INSIDE,48.1989912287308,0.0237141363991498,53.8459109613194,0.443481439999687,true,0.00019531249766036,0.443481440000056,108.683220720048,121.416379818088,121.416379818088,0.00642537853977162,0.00717816601396173,1,false,false,ABSOLUTE_PHYSICAL_PCC_HULL;CENTERED_SIGN_NORMALIZED_PRODUCTION_RAY,kW physical distances; dimensionless normalized radius and ratios
2011-03-08 12:30:00,AXIS:P13_POSITIVE:AXIS,AXIS,P13_POSITIVE,AXIS,VMAX_BUS_13,VMAX,13,1537.96875,0,2.02630464914025,1.00072434385169,1.04149523256897,INSIDE,62.1667882900323,0.0407708887172851,64.6580898111571,0.15625,false,,,397.867445056207,,,0.00829440373475852,0.00862679762560618,1,false,false,ABSOLUTE_PHYSICAL_PCC_HULL;CENTERED_SIGN_NORMALIZED_PRODUCTION_RAY,kW physical distances; dimensionless normalized radius and ratios
2011-03-08 12:30:00,AXIS:P30_POSITIVE:AXIS,AXIS,P30_POSITIVE,AXIS,VMAX_BUS_30,VMAX,30,0,2191.875,88.3004436510135,1.00057771119273,1.02288362086044,INSIDE,45.8272836579393,0.0223059096677163,50.6665368356108,0.3125,false,,,146.647307705406,,,0.00611435789400745,0.00676001968118323,1,false,false,ABSOLUTE_PHYSICAL_PCC_HULL;CENTERED_SIGN_NORMALIZED_PRODUCTION_RAY,kW physical distances; dimensionless normalized radius and ratios
2011-03-08 12:30:00,RAY:0.000000:BASE,RAY,0.000000,BASE,VMAX_BUS_13,VMAX,13,1564.12338257,-80.390625,0,1.01660156250104,1.05887756237797,INSIDE,63.4035655435712,0.042275999876936,67.0008541799628,0.309539800000039,true,0.000195312503204148,0.309539799999949,204.831706758107,216.453115818947,216.453115818947,0.00845941676105413,0.00893937342475513,1,false,false,ABSOLUTE_PHYSICAL_PCC_HULL;CENTERED_SIGN_NORMALIZED_PRODUCTION_RAY,kW physical distances; dimensionless normalized radius and ratios
2011-03-08 12:30:00,RAY:10.000000:BASE,RAY,10.000000,BASE,VMAX_BUS_13,VMAX,13,1443.01293426,296.253183843,9.99999999996911,0.954687500003105,0.989749647394448,INSIDE,56.2572753381913,0.0350621473913423,56.4450289728202,0.314425114955903,true,0.000195312500055889,0.314425114964032,178.921061525512,179.518194592303,179.518194592302,0.00750594598027913,0.00753099640496917,1,false,false,ABSOLUTE_PHYSICAL_PCC_HULL;CENTERED_SIGN_NORMALIZED_PRODUCTION_RAY,kW physical distances; dimensionless normalized radius and ratios
2011-03-08 12:30:00,RAY:100.000000:BASE,RAY,100.000000,BASE,VMAX_BUS_30,VMAX,30,-346.531940704,2354.57016673,99.9999999999967,1.08828125000202,1.11719517955564,INSIDE,54.3886734735421,0.02891392955362,65.1806328481892,0.440292714209973,true,0.0001953125025842,0.440292714208672,123.528443052102,148.039317355811,148.039317355811,0.00725663378784908,0.00869651624928206,1,false,false,ABSOLUTE_PHYSICAL_PCC_HULL;CENTERED_SIGN_NORMALIZED_PRODUCTION_RAY,kW physical distances; dimensionless normalized radius and ratios
2011-03-08 12:30:00,RAY:105.000000:ADAPTIVE,RAY,105.000000,ADAPTIVE,VMAX_BUS_30,VMAX,30,-517.625550795,2437.3276141,104.999999999984,1.1472656250001,1.17892797717268,INSIDE,56.4399086624829,0.0316623521725832,70.6875885849484,0.436043712230604,true,0.000195312499083444,0.436043712275546,129.436354841036,162.111243884376,162.111243884373,0.00753031324403463,0.00943126410238048,1,false,false,ABSOLUTE_PHYSICAL_PCC_HULL;CENTERED_SIGN_NORMALIZED_PRODUCTION_RAY,kW physical distances; dimensionless normalized radius and ratios
2011-03-08 12:30:00,RAY:110.000000:BASE,RAY,110.000000,BASE,VMAX_BUS_30,VMAX,30,-710.511301767,2532.82301827,110.000000000031,1.22402343749908,1.25801638961961,INSIDE,56.7849155910291,0.0339929521205282,74.8754096361059,0.430209861130371,true,0.000195312497178524,0.430209861780872,131.99352390907,174.043917371336,174.043917371294,0.00757634468357596,0.00999001065375718,1,false,false,ABSOLUTE_PHYSICAL_PCC_HULL;CENTERED_SIGN_NORMALIZED_PRODUCTION_RAY,kW physical distances; dimensionless normalized radius and ratios
2011-03-08 12:30:00,RAY:115.000000:ADAPTIVE,RAY,115.000000,ADAPTIVE,VMAX_BUS_30,VMAX,30,-933.971663071,2646.29338375,115.000000000026,1.32421874999886,1.35957035151289,INSIDE,54.6434119675028,0.0353516015140243,76.5462768035179,0.422907137052262,true,0.000195312498783906,0.422907137295319,129.209008739784,181.000200878784,181.000200878769,0.0072906214519027,0.0102129407303281,1,false,false,ABSOLUTE_PHYSICAL_PCC_HULL;CENTERED_SIGN_NORMALIZED_PRODUCTION_RAY,kW physical distances; dimensionless normalized radius and ratios
2011-03-08 12:30:00,RAY:120.000000:BASE,RAY,120.000000,BASE,VMAX_BUS_30,VMAX,30,-1201.76945496,2786.8033638,120.000000000083,1.45722656250132,1.49130651064556,INSIDE,48.0244514143236,0.0340799481442409,72.2885483077135,0.414286340173143,true,0.000195312499188693,0.414286341427247,115.920914491781,174.489335223323,174.489335223252,0.00640750793353374,0.00964486700304424,1,false,false,ABSOLUTE_PHYSICAL_PCC_HULL;CENTERED_SIGN_NORMALIZED_PRODUCTION_RAY,kW physical distances; dimensionless normalized radius and ratios
2011-03-08 12:30:00,RAY:125.000000:ADAPTIVE,RAY,125.000000,ADAPTIVE,VMAX_BUS_30,VMAX,30,-1537.16418971,2970.39118523,125.000000000119,1.63925781249992,1.66534513180715,INSIDE,32.9196798764513,0.0260873193072346,54.0324630030798,0.404534302277047,true,0.000195312502688116,0.404534304627277,81.3767329275976,133.567073014737,133.567073014644,0.00439220238369741,0.0072091075517698,1,false,false,ABSOLUTE_PHYSICAL_PCC_HULL;CENTERED_SIGN_NORMALIZED_PRODUCTION_RAY,kW physical distances; dimensionless normalized radius and ratios
2011-03-08 12:30:00,RAY:20.000000:BASE,RAY,20.000000,BASE,VMAX_BUS_13,VMAX,13,1335.33917101,640.888255504,19.999999999984,0.92822265625041,0.956372579332822,INSIDE,46.7428981440739,0.0281499230824122,47.2862208085807,0.164042898614656,true,9.76562495670352e-05,0.164042898690905,284.943137062427,288.255213641897,288.255213641883,0.00623652081125457,0.00630901188987744,1,false,false,ABSOLUTE_PHYSICAL_PCC_HULL;CENTERED_SIGN_NORMALIZED_PRODUCTION_RAY,kW physical distances; dimensionless normalized radius and ratios
2011-03-08 12:30:00,RAY:30.000000:BASE,RAY,30.000000,BASE,VMAX_BUS_13,VMAX,13,1232.46364245,978.59690094,29.9999999999441,0.932226562501626,0.953190596503614,INSIDE,34.9269486202612,0.0209640340019883,37.350355331674,0.173988257654324,true,9.76562538166359e-05,0.17398825913318,200.743136871071,214.671699790486,214.671699790294,0.00466001575838304,0.00498335100266499,1,false,false,ABSOLUTE_PHYSICAL_PCC_HULL;CENTERED_SIGN_NORMALIZED_PRODUCTION_RAY,kW physical distances; dimensionless normalized radius and ratios
2011-03-08 12:30:00,RAY:330.000000:BASE,RAY,330.000000,BASE,VMAX_BUS_13,VMAX,13,2235.57905991,-1969.61727142,330.000000000075,1.66308593750085,1.70463989733163,INSIDE,38.7119729671978,0.0415539598307832,74.0341846884272,0.347976506329878,true,0.000195312501728884,0.347976507746682,111.248812097962,212.756272450316,212.756272450215,0.00516502045531084,0.00987777292136469,1,false,false,ABSOLUTE_PHYSICAL_PCC_HULL;CENTERED_SIGN_NORMALIZED_PRODUCTION_RAY,kW physical distances; dimensionless normalized radius and ratios
2011-03-08 12:30:00,RAY:335.000000:ADAPTIVE,RAY,335.000000,ADAPTIVE,VMAX_BUS_13,VMAX,13,2051.11489416,-1482.94981579,335,1.46074218750109,1.51408767546512,INSIDE,55.9515609242315,0.0533454879640345,92.1664849203034,0.337446850537334,true,0.000195312503011413,0.33744684978192,165.808514244945,273.128894164636,273.128894164718,0.00746515701809104,0.0122970167475276,1,false,false,ABSOLUTE_PHYSICAL_PCC_HULL;CENTERED_SIGN_NORMALIZED_PRODUCTION_RAY,kW physical distances; dimensionless normalized radius and ratios
2011-03-08 12:30:00,RAY:340.000000:BASE,RAY,340.000000,BASE,VMAX_BUS_13,VMAX,13,1913.15691774,-1103.15724798,340.000000000027,1.3162109375002,1.37124030781022,INSIDE,63.7303805156527,0.0550293703100158,92.4382971782326,0.328085799079642,true,0.000195312499735811,0.328085798392477,194.249128412237,281.750376368389,281.750376368477,0.00850302099732834,0.0123332824236118,1,false,false,ABSOLUTE_PHYSICAL_PCC_HULL;CENTERED_SIGN_NORMALIZED_PRODUCTION_RAY,kW physical distances; dimensionless normalized radius and ratios
2011-03-08 12:30:00,RAY:345.000000:ADAPTIVE,RAY,345.000000,ADAPTIVE,VMAX_BUS_13,VMAX,13,1803.43322221,-791.188497173,345.000000000019,1.20878906250156,1.26179835140592,INSIDE,66.7156254621435,0.0530092889043594,86.9295580332865,0.320291585721352,true,0.000195312498705302,0.320291585526831,208.296528651817,271.407560989441,271.407560989467,0.00890131770067135,0.0115982966250133,1,false,false,ABSOLUTE_PHYSICAL_PCC_HULL;CENTERED_SIGN_NORMALIZED_PRODUCTION_RAY,kW physical distances; dimensionless normalized radius and ratios
2011-03-08 12:30:00,RAY:350.000000:BASE,RAY,350.000000,BASE,VMAX_BUS_13,VMAX,13,1712.03175435,-525.035285174,350.000000000011,1.12705078125249,1.17682919026882,INSIDE,67.1727485335133,0.0497784090163329,80.1360997028315,0.157212562447875,true,9.76562531729286e-05,0.157212562545007,427.273415607515,509.73089176569,509.730891765663,0.00896230787588717,0.0106919013020771,1,false,false,ABSOLUTE_PHYSICAL_PCC_HULL;CENTERED_SIGN_NORMALIZED_PRODUCTION_RAY,kW physical distances; dimensionless normalized radius and ratios
2011-03-08 12:30:00,RAY:40.000000:BASE,RAY,40.000000,BASE,VMAX_BUS_13,VMAX,13,1127.54881147,1332.50171257,39.9999999998789,0.967480468749411,0.979698652430124,INSIDE,19.8052203306002,0.0122181836807126,23.2038168144415,0.185461089494778,true,9.76562476514564e-05,0.185461091477094,106.789086511636,125.114203899379,125.114203899244,0.00264244780848981,0.00309589461093674,1,false,false,ABSOLUTE_PHYSICAL_PCC_HULL;CENTERED_SIGN_NORMALIZED_PRODUCTION_RAY,kW physical distances; dimensionless normalized radius and ratios
2011-03-08 12:30:00,RAY:60.000000:BASE,RAY,60.000000,BASE,VMAX_BUS_30,VMAX,30,737.033050537,1866.42679187,60.0000000000159,0.989453125000338,0.993796489625546,INSIDE,9.18457854928533,0.0043433646252089,9.21291083538882,0.414286348328282,true,0.000195312502053957,0.414286347504741,22.1696384308744,22.2380266472087,22.2380266472174,0.00122542284581219,0.00122920298993954,1,false,false,ABSOLUTE_PHYSICAL_PCC_HULL;CENTERED_SIGN_NORMALIZED_PRODUCTION_RAY,kW physical distances; dimensionless normalized radius and ratios
2011-03-08 12:30:00,RAY:70.000000:BASE,RAY,70.000000,BASE,VMAX_BUS_30,VMAX,30,475.749106729,1978.65660182,70.0000000000158,0.964453125000012,0.976059992682065,INSIDE,24.9901534392988,0.0116068676820539,25.5661517482961,0.215104935165524,true,9.76562504414469e-05,0.215104934970156,116.176569450016,118.854324526961,118.854324526972,0.00333423082839785,0.00341108154976811,1,false,false,ABSOLUTE_PHYSICAL_PCC_HULL;CENTERED_SIGN_NORMALIZED_PRODUCTION_RAY,kW physical distances; dimensionless normalized radius and ratios
2011-03-08 12:30:00,RAY:80.000000:BASE,RAY,80.000000,BASE,VMAX_BUS_30,VMAX,30,220.1650769,2091.93351277,79.999999999993,0.970898437498996,0.988452500088462,INSIDE,37.320911275703,0.0175540625894663,39.5720998944907,0.440292704162793,true,0.000195312498139755,0.440292704189565,84.7638648627347,89.8768013140953,89.8768013140942,0.00497942252421967,0.00527978012352503,1,false,false,ABSOLUTE_PHYSICAL_PCC_HULL;CENTERED_SIGN_NORMALIZED_PRODUCTION_RAY,kW physical distances; dimensionless normalized radius and ratios
2011-03-08 12:30:00,RAY:90.000000:BASE,RAY,90.000000,BASE,VMAX_BUS_30,VMAX,30,-47.03125,2213.52767181,90,1.00966796874825,1.03295310610716,INSIDE,47.3727503376505,0.0232851373589067,52.9027405886223,0.221870419999959,true,9.76562489598543e-05,0.221870420000119,213.515394876249,238.439809094849,238.439809094849,0.0063205568139249,0.00705837797297927,1,false,false,ABSOLUTE_PHYSICAL_PCC_HULL;CENTERED_SIGN_NORMALIZED_PRODUCTION_RAY,kW physical distances; dimensionless normalized radius and ratios
2011-05-11 17:30:00,AXIS:P13_POSITIVE:AXIS,AXIS,P13_POSITIVE,AXIS,VMAX_BUS_13,VMAX,13,2237.34375,0,339.219525977396,1.06968428476401,1.12500947300285,INSIDE,63.8247100889331,0.0553251882388472,94.2506770550036,0.15625,false,,,408.478144569172,,,0.00847749145167592,0.0125188082787235,1,false,false,ABSOLUTE_PHYSICAL_PCC_HULL;CENTERED_SIGN_NORMALIZED_PRODUCTION_RAY,kW physical distances; dimensionless normalized radius and ratios
2011-05-11 17:30:00,AXIS:P30_POSITIVE:AXIS,AXIS,P30_POSITIVE,AXIS,VMAX_BUS_30,VMAX,30,0,3177.5,111.762520490989,1.07688697600611,1.11305185152906,INSIDE,59.9430019453705,0.0361648755229547,80.2715023165781,0.3125,false,,,191.817606225186,,,0.00796190512846192,0.0106620300155499,1,false,false,ABSOLUTE_PHYSICAL_PCC_HULL;CENTERED_SIGN_NORMALIZED_PRODUCTION_RAY,kW physical distances; dimensionless normalized radius and ratios
2011-05-11 17:30:00,RAY:0.000000:BASE,RAY,0.000000,BASE,VMAX_BUS_13,VMAX,13,1950.21034241,874.0625,0,0.820507812501735,0.857055796441344,INSIDE,55.3447536723511,0.0365479839396092,58.4339446346955,0.312271120000105,true,0.000195312501148348,0.312271120000074,177.233020051078,187.125676670586,187.125676670586,0.00735114465069573,0.00776146519801006,1,false,false,ABSOLUTE_PHYSICAL_PCC_HULL;CENTERED_SIGN_NORMALIZED_PRODUCTION_RAY,kW physical distances; dimensionless normalized radius and ratios
2011-05-11 17:30:00,RAY:10.000000:BASE,RAY,10.000000,BASE,VMAX_BUS_13,VMAX,13,1853.70615096,1182.76113881,9.99999999998852,0.771874999996815,0.801329229861619,INSIDE,47.7044416464511,0.0294542298648039,47.8494614753805,0.317292209837498,true,0.000195312494660649,0.31729221004329,150.348606638918,150.805661030443,150.805661030418,0.00633632327826094,0.00635558547872153,1,false,false,ABSOLUTE_PHYSICAL_PCC_HULL;CENTERED_SIGN_NORMALIZED_PRODUCTION_RAY,kW physical distances; dimensionless normalized radius and ratios
2011-05-11 17:30:00,RAY:100.000000:BASE,RAY,100.000000,BASE,VMAX_BUS_30,VMAX,30,378.294785328,2998.66741565,99.9999999999919,0.936718750000206,0.964629946781619,INSIDE,53.3807447550291,0.0279111967814125,63.7788765821792,0.446301604979703,true,0.000195312501323874,0.44630160485225,119.606885028919,142.905326552186,142.905326552194,0.00709027595604106,0.00847140363457241,1,false,false,ABSOLUTE_PHYSICAL_PCC_HULL;CENTERED_SIGN_NORMALIZED_PRODUCTION_RAY,kW physical distances; dimensionless normalized radius and ratios
2011-05-11 17:30:00,RAY:105.000000:ADAPTIVE,RAY,105.000000,ADAPTIVE,VMAX_BUS_30,VMAX,30,230.290548,3067.86080886,105.000000000022,0.986132812499068,1.01736835112368,INSIDE,56.6418835100375,0.0312355386246136,70.6799900345445,0.441954451900379,true,0.000195312497287436,0.441954452196376,128.162264836298,159.925959979125,159.925959979104,0.00752343539977047,0.00938804125373203,1,false,false,ABSOLUTE_PHYSICAL_PCC_HULL;CENTERED_SIGN_NORMALIZED_PRODUCTION_RAY,kW physical distances; dimensionless normalized radius and ratios
2011-05-11 17:30:00,RAY:110.000000:BASE,RAY,110.000000,BASE,VMAX_BUS_30,VMAX,30,64.0795762985,3146.9262467,109.999999999979,1.05019531250112,1.08494150860196,INSIDE,59.0837227697168,0.0347461961008402,77.5619951703326,0.435985200422623,true,0.000195312501081846,0.435985200269114,135.517725630237,177.900523050902,177.900523050913,0.00784777171749841,0.0103021408184263,1,false,false,ABSOLUTE_PHYSICAL_PCC_HULL;CENTERED_SIGN_NORMALIZED_PRODUCTION_RAY,kW physical distances; dimensionless normalized radius and ratios
2011-05-11 17:30:00,RAY:115.000000:ADAPTIVE,RAY,115.000000,ADAPTIVE,VMAX_BUS_30,VMAX,30,-127.471106903,3239.85053283,114.999999999965,1.13339843750104,1.17168126361148,INSIDE,60.2783583446208,0.0382828261104375,83.9917799235609,0.428511849028281,true,0.00019531250091176,0.428511848774574,140.669058466671,196.008068770434,196.008068770454,0.00800644870733517,0.0111561743926589,1,false,false,ABSOLUTE_PHYSICAL_PCC_HULL;CENTERED_SIGN_NORMALIZED_PRODUCTION_RAY,kW physical distances; dimensionless normalized radius and ratios
2011-05-11 17:30:00,RAY:120.000000:BASE,RAY,120.000000,BASE,VMAX_BUS_30,VMAX,30,-355.287322998,3353.24416416,119.999999999983,1.24296875000056,1.28411783603086,INSIDE,59.118339285495,0.041149086030295,88.4212515958052,0.419687954053241,true,0.000195312500231859,0.419687953946093,140.862606883388,210.683320225004,210.683320225013,0.00785236964228628,0.0117445171862974,1,false,false,ABSOLUTE_PHYSICAL_PCC_HULL;CENTERED_SIGN_NORMALIZED_PRODUCTION_RAY,kW physical distances; dimensionless normalized radius and ratios
2011-05-11 17:30:00,RAY:125.000000:ADAPTIVE,RAY,125.000000,ADAPTIVE,VMAX_BUS_30,VMAX,30,-637.271696249,3498.36586511,124.999999999997,1.39101562499967,1.43248351021998,INSIDE,53.4058912197188,0.0414678852203096,86.9865034660884,0.409703833110108,true,0.000195312500619105,0.40970383278073,130.352432424927,212.315571654984,212.315571655008,0.0070936160251013,0.0115539473429243,1,false,false,ABSOLUTE_PHYSICAL_PCC_HULL;CENTERED_SIGN_NORMALIZED_PRODUCTION_RAY,kW physical distances; dimensionless normalized radius and ratios
2011-05-11 17:30:00,RAY:130.000000:BASE,RAY,130.000000,BASE,VMAX_BUS_30,VMAX,30,-1005.97167903,3696.93627289,130.000000000045,1.59999999999911,1.63366920458213,INSIDE,38.0220601432713,0.0336692045830205,68.7455758524543,0.797575727410388,true,0.000390624997104183,0.797575728350903,47.6720376969387,86.1931643715075,86.1931643714826,0.00505026484868564,0.00913110346788357,1,false,false,ABSOLUTE_PHYSICAL_PCC_HULL;CENTERED_SIGN_NORMALIZED_PRODUCTION_RAY,kW physical distances; dimensionless normalized radius and ratios
2011-05-11 17:30:00,RAY:20.000000:BASE,RAY,20.000000,BASE,VMAX_BUS_13,VMAX,13,1767.21869028,1465.92581124,19.999999999927,0.751367187497278,0.774503197920264,INSIDE,38.7692487795101,0.0231360104229856,39.2475799786716,0.331325179778788,true,0.000195312496249822,0.331325179979361,117.012684654377,118.456375640157,118.456375640138,0.00514950987882644,0.00521304402800331,1,false,false,ABSOLUTE_PHYSICAL_PCC_HULL;CENTERED_SIGN_NORMALIZED_PRODUCTION_RAY,kW physical distances; dimensionless normalized radius and ratios
2011-05-11 17:30:00,RAY:30.000000:BASE,RAY,30.000000,BASE,VMAX_BUS_13,VMAX,13,1683.99522451,1743.6946106,30.0000000001946,0.755175781249289,0.772115490370321,INSIDE,28.4738250997923,0.0169397091210324,30.5069286760101,0.175870333684719,true,9.7656250676148e-05,0.175870332415689,161.902377184529,173.462620198359,173.462620198521,0.00378202436867566,0.00405207053361308,1,false,false,ABSOLUTE_PHYSICAL_PCC_HULL;CENTERED_SIGN_NORMALIZED_PRODUCTION_RAY,kW physical distances; dimensionless normalized radius and ratios
2011-05-11 17:30:00,RAY:325.000000:ADAPTIVE,RAY,325.000000,ADAPTIVE,VMAX_BUS_13,VMAX,13,2653.78807303,-1158.80910819,325.000000000033,1.53886718749998,1.58930478886976,INSIDE,41.1878727987533,0.0504376013697856,93.824236759035,0.363321129860518,true,0.000195312501898082,0.363321131902115,113.364925443686,258.240516503675,258.240516503491,0.00547076264157902,0.0124621665178962,1,false,false,ABSOLUTE_PHYSICAL_PCC_HULL;CENTERED_SIGN_NORMALIZED_PRODUCTION_RAY,kW physical distances; dimensionless normalized radius and ratios
2011-05-11 17:30:00,RAY:330.000000:BASE,RAY,330.000000,BASE,VMAX_BUS_13,VMAX,13,2462.98243892,-643.435974121,329.999999999939,1.31777343749749,1.37781247406825,INSIDE,56.5543131437781,0.0600390365707608,108.125032924259,0.351740661614252,true,0.000195312499398304,0.351740661312391,160.784121131267,307.399868189298,307.399868189337,0.00751180390108681,0.0143616640177504,1,false,false,ABSOLUTE_PHYSICAL_PCC_HULL;CENTERED_SIGN_NORMALIZED_PRODUCTION_RAY,kW physical distances; dimensionless normalized radius and ratios
2011-05-11 17:30:00,RAY:335.000000:ADAPTIVE,RAY,335.000000,ADAPTIVE,VMAX_BUS_13,VMAX,13,2327.10239773,-260.299960128,334.999999999967,1.16542968749863,1.2242198717125,INSIDE,62.3257518475495,0.0587901842138738,102.623567330878,0.34093557397752,true,0.000195312496568567,0.340935573007213,182.808004223282,301.005748463385,301.005748463528,0.00827839292604154,0.0136309340626188,1,false,false,ABSOLUTE_PHYSICAL_PCC_HULL;CENTERED_SIGN_NORMALIZED_PRODUCTION_RAY,kW physical distances; dimensionless normalized radius and ratios
2011-05-11 17:30:00,RAY:340.000000:BASE,RAY,340.000000,BASE,VMAX_BUS_13,VMAX,13,2222.63580942,43.4230361561,339.999999999994,1.05449218749966,1.10903033541935,INSIDE,63.8232756135979,0.0545381479196909,92.5176935536398,0.331325181543489,true,0.00019531249681437,0.331325180937029,192.630319604067,279.235321903264,279.235321903359,0.00847730091806638,0.012288625442041,1,false,false,ABSOLUTE_PHYSICAL_PCC_HULL;CENTERED_SIGN_NORMALIZED_PRODUCTION_RAY,kW physical distances; dimensionless normalized radius and ratios
2011-05-11 17:30:00,RAY:345.000000:ADAPTIVE,RAY,345.000000,ADAPTIVE,VMAX_BUS_13,VMAX,13,2138.06740353,295.20068885,344.999999999954,0.97109374999718,1.02075391175682,INSIDE,63.1406730376734,0.0496601617596349,82.2073154423889,0.323319847816188,true,0.000195312495317457,0.323319847206922,195.288577129263,254.260034305119,254.260034305215,0.00838663450541477,0.0109191536155355,1,false,false,ABSOLUTE_PHYSICAL_PCC_HULL;CENTERED_SIGN_NORMALIZED_PRODUCTION_RAY,kW physical distances; dimensionless normalized radius and ratios
2011-05-11 17:30:00,RAY:350.000000:BASE,RAY,350.000000,BASE,VMAX_BUS_13,VMAX,13,2066.82237458,511.232242591,349.999999999968,0.907226562497337,0.952207147123624,INSIDE,61.3078080253171,0.0449805846262876,73.072586215802,0.317292210822469,true,0.000195312494962296,0.317292210533256,193.221913221248,230.300599226746,230.300599226791,0.00814318494720016,0.00970583687937075,1,false,false,ABSOLUTE_PHYSICAL_PCC_HULL;CENTERED_SIGN_NORMALIZED_PRODUCTION_RAY,kW physical distances; dimensionless normalized radius and ratios
2011-05-11 17:30:00,RAY:40.000000:BASE,RAY,40.000000,BASE,VMAX_BUS_13,VMAX,13,1598.56258403,2034.68881586,39.9999999999438,0.783984374997767,0.793787153504946,INSIDE,16.0275541828607,0.00980277850717914,18.8348951880891,0.187635087247356,true,9.76562494332534e-05,0.187635089499666,85.4187477299056,100.380452496071,100.380452495921,0.00212885343916406,0.00250173737926503,1,false,false,ABSOLUTE_PHYSICAL_PCC_HULL;CENTERED_SIGN_NORMALIZED_PRODUCTION_RAY,kW physical distances; dimensionless normalized radius and ratios
2011-05-11 17:30:00,RAY:60.000000:BASE,RAY,60.000000,BASE,VMAX_BUS_30,VMAX,30,1323.63834381,2583.85639126,60.0000000000081,0.857226562498916,0.861050886754367,INSIDE,8.19394038751888,0.00382432425545132,8.21771683886813,0.419687954425244,true,0.000195312500544609,0.419687954618176,19.5238874528585,19.5805401333124,19.5805401333104,0.00108835683693577,0.00109151493452498,1,false,false,ABSOLUTE_PHYSICAL_PCC_HULL;CENTERED_SIGN_NORMALIZED_PRODUCTION_RAY,kW physical distances; dimensionless normalized radius and ratios
2011-05-11 17:30:00,RAY:70.000000:BASE,RAY,70.000000,BASE,VMAX_BUS_30,VMAX,30,1094.78204931,2680.4755968,69.9999999998617,0.834667968749255,0.844993660963889,INSIDE,22.5440861327857,0.0103256922146344,23.0494666914648,0.217992596269865,true,9.76562492924771e-05,0.217992597347754,103.416751387635,105.735089043911,105.73508904385,0.00299440917491414,0.00306153614439157,1,false,false,ABSOLUTE_PHYSICAL_PCC_HULL;CENTERED_SIGN_NORMALIZED_PRODUCTION_RAY,kW physical distances; dimensionless normalized radius and ratios
2011-05-11 17:30:00,RAY:80.000000:BASE,RAY,80.000000,BASE,VMAX_BUS_30,VMAX,30,871.311309369,2777.16982227,79.9999999999561,0.839062499997977,0.855028349623742,INSIDE,34.4491436390083,0.015965849625765,36.4829914240489,0.446301595175842,true,0.000195312497156874,0.446301595330413,77.1880360979561,81.7451512738648,81.7451512738582,0.00457569365078695,0.00484583866496197,1,false,false,ABSOLUTE_PHYSICAL_PCC_HULL;CENTERED_SIGN_NORMALIZED_PRODUCTION_RAY,kW physical distances; dimensionless normalized radius and ratios
2011-05-11 17:30:00,RAY:90.000000:BASE,RAY,90.000000,BASE,VMAX_BUS_30,VMAX,30,638.359375,2880.30029297,90,0.871093750000543,0.892756185173152,INSIDE,44.7652813846925,0.0216624351726089,49.8912960069149,0.449829099999988,true,0.000195312499321587,0.44982910000003,99.5161971172911,110.911668469006,110.911668469006,0.00594593049841993,0.00662679132928787,1,false,false,ABSOLUTE_PHYSICAL_PCC_HULL;CENTERED_SIGN_NORMALIZED_PRODUCTION_RAY,kW physical distances; dimensionless normalized radius and ratios
2011-05-11 18:00:00,AXIS:P13_POSITIVE:AXIS,AXIS,P13_POSITIVE,AXIS,VMAX_BUS_13,VMAX,13,2248.75,0,338.885307296072,1.07218035162691,1.1271476347031,INSIDE,63.042628696694,0.0549672830761962,93.8257614869617,0.3125,false,,,201.736411829421,,,0.00837953296311369,0.0124711814437787,1,false,false,ABSOLUTE_PHYSICAL_PCC_HULL;CENTERED_SIGN_NORMALIZED_PRODUCTION_RAY,kW physical distances; dimensionless normalized radius and ratios
2011-05-11 18:00:00,AXIS:P30_POSITIVE:AXIS,AXIS,P30_POSITIVE,AXIS,VMAX_BUS_30,VMAX,30,0,3193.75,112.102608806779,1.07946383122768,1.11551781062139,INSIDE,59.4874234427061,0.0360539793937118,79.9516582480747,0.3125,false,,,190.35975501666,,,0.00790698033908282,0.0106270561617694,1,false,false,ABSOLUTE_PHYSICAL_PCC_HULL;CENTERED_SIGN_NORMALIZED_PRODUCTION_RAY,kW physical distances; dimensionless normalized radius and ratios
2011-05-11 18:00:00,RAY:0.000000:BASE,RAY,0.000000,BASE,VMAX_BUS_13,VMAX,13,1956.43547058,889.765625,0,0.81738281249934,0.853512288847665,INSIDE,54.7220974457796,0.0361294763483246,57.7704681579032,0.156150819999993,true,9.76562513314017e-05,0.156150819999984,350.443868599485,369.965832762896,369.965832762896,0.00727358025573061,0.00767876518209091,1,false,false,ABSOLUTE_PHYSICAL_PCC_HULL;CENTERED_SIGN_NORMALIZED_PRODUCTION_RAY,kW physical distances; dimensionless normalized radius and ratios
2011-05-11 18:00:00,RAY:10.000000:BASE,RAY,10.000000,BASE,VMAX_BUS_13,VMAX,13,1860.30531808,1197.36560576,10.0000000000095,0.768945312497931,0.79807181062876,INSIDE,47.1799143583955,0.0291264981308289,47.3220743209224,0.317325911564651,true,0.000195312498567857,0.31732591166705,148.679678018614,149.127671523334,149.127671523321,0.00627108443502751,0.00628998012698477,1,false,false,ABSOLUTE_PHYSICAL_PCC_HULL;CENTERED_SIGN_NORMALIZED_PRODUCTION_RAY,kW physical distances; dimensionless normalized radius and ratios
2011-05-11 18:00:00,RAY:100.000000:BASE,RAY,100.000000,BASE,VMAX_BUS_30,VMAX,30,390.041002404,3009.33627152,100.00000000001,0.934277343750767,0.961920514555637,INSIDE,52.8928698820598,0.0276431708048698,63.1812885523436,0.223203329845874,true,9.76562509515944e-05,0.223203329815758,236.971688184864,283.066066283578,283.066066283582,0.00703044203348148,0.00839796342604166,1,false,false,ABSOLUTE_PHYSICAL_PCC_HULL;CENTERED_SIGN_NORMALIZED_PRODUCTION_RAY,kW physical distances; dimensionless normalized radius and ratios
2011-05-11 18:00:00,RAY:105.000000:ADAPTIVE,RAY,105.000000,ADAPTIVE,VMAX_BUS_30,VMAX,30,242.476032876,3078.00038328,104.999999999973,0.983398437502047,1.01447382066696,INSIDE,56.3798751118132,0.0310753831649089,70.333957468935,0.442057336394753,true,0.000195312500552713,0.442057336320722,127.539734034561,159.105961354081,159.105961354086,0.0074939296111624,0.00934868559927426,1,false,false,ABSOLUTE_PHYSICAL_PCC_HULL;CENTERED_SIGN_NORMALIZED_PRODUCTION_RAY,kW physical distances; dimensionless normalized radius and ratios
2011-05-11 18:00:00,RAY:110.000000:BASE,RAY,110.000000,BASE,VMAX_BUS_30,VMAX,30,76.7194049344,3156.82703933,109.999999999992,1.04726562500038,1.08181038808174,INSIDE,58.7732264290711,0.0345447630813598,77.1300112178543,0.436085069363339,true,0.000195312501075851,0.436085069203882,134.774681726382,176.869186002304,176.869186002316,0.00781205032836413,0.0102520070118718,1,false,false,ABSOLUTE_PHYSICAL_PCC_HULL;CENTERED_SIGN_NORMALIZED_PRODUCTION_RAY,kW physical distances; dimensionless normalized radius and ratios
2011-05-11 18:00:00,RAY:115.000000:ADAPTIVE,RAY,115.000000,ADAPTIVE,VMAX_BUS_30,VMAX,30,-114.340449862,3249.59092536,115.000000000019,1.13027343749928,1.16824467482568,INSIDE,59.8231670044467,0.0379712373263987,83.3268376383304,0.428607916300277,true,0.000195312499216893,0.428607916331135,139.575506492828,194.412735890661,194.412735890658,0.00795160687672759,0.0110756800142604,1,false,false,ABSOLUTE_PHYSICAL_PCC_HULL;CENTERED_SIGN_NORMALIZED_PRODUCTION_RAY,kW physical distances; dimensionless normalized radius and ratios
2011-05-11 18:00:00,RAY:120.000000:BASE,RAY,120.000000,BASE,VMAX_BUS_30,VMAX,30,-341.47996521,3362.5221619,120.000000000037,1.23945312499867,1.28027994942432,INSIDE,58.6933797860457,0.0408268244256462,87.7479098283325,0.419779491812463,true,0.0001953124997367,0.419779491947878,139.819550337316,209.033341341106,209.033341341096,0.00780143723067043,0.0116633223907651,1,false,false,ABSOLUTE_PHYSICAL_PCC_HULL;CENTERED_SIGN_NORMALIZED_PRODUCTION_RAY,kW physical distances; dimensionless normalized radius and ratios
2011-05-11 18:00:00,RAY:125.000000:ADAPTIVE,RAY,125.000000,ADAPTIVE,VMAX_BUS_30,VMAX,30,-622.720033717,3507.32081017,124.999999999992,1.38710937499986,1.42810467240857,INSIDE,52.8350913708604,0.0409952974087135,86.0132869865879,0.8195803540782,true,0.000390625001208011,0.819580353279502,64.4660296064383,104.947961041754,104.947961041783,0.00702276219923021,0.0114327588882357,1,false,false,ABSOLUTE_PHYSICAL_PCC_HULL;CENTERED_SIGN_NORMALIZED_PRODUCTION_RAY,kW physical distances; dimensionless normalized radius and ratios
2011-05-11 18:00:00,RAY:130.000000:BASE,RAY,130.000000,BASE,VMAX_BUS_30,VMAX,30,-989.819291761,3704.34824323,129.999999999951,1.59492187500128,1.62853390239177,INSIDE,37.9879944769919,0.0336120273904907,68.6426984773402,0.398868446952297,true,0.0001953125013614,0.398868446227544,95.2394072964489,172.093579039757,172.093579039795,0.00504930803970785,0.00912388595556946,1,false,false,ABSOLUTE_PHYSICAL_PCC_HULL;CENTERED_SIGN_NORMALIZED_PRODUCTION_RAY,kW physical distances; dimensionless normalized radius and ratios
2011-05-11 18:00:00,RAY:20.000000:BASE,RAY,20.000000,BASE,VMAX_BUS_13,VMAX,13,1774.02074811,1479.46116648,19.9999999999648,0.748437499997124,0.771403471298148,INSIDE,38.4870013825204,0.0229659713010238,38.9641093374232,0.165683771754413,true,9.7656248839062e-05,0.165683772193842,232.291919570543,235.171548918205,235.171548918123,0.00511563529953415,0.00517905178323292,1,false,false,ABSOLUTE_PHYSICAL_PCC_HULL;CENTERED_SIGN_NORMALIZED_PRODUCTION_RAY,kW physical distances; dimensionless normalized radius and ratios
2011-05-11 18:00:00,RAY:30.000000:BASE,RAY,30.000000,BASE,VMAX_BUS_13,VMAX,13,1691.26947556,1756.3421936,29.9999999997956,0.752343750001598,0.769072052004215,INSIDE,28.1187284368363,0.0167283020026178,30.1308683221354,0.351795128145052,true,0.00019531249847371,0.351795129730715,79.9292718608724,85.6489069227154,85.6489069226152,0.00373749979479628,0.00400495045229311,1,false,false,ABSOLUTE_PHYSICAL_PCC_HULL;CENTERED_SIGN_NORMALIZED_PRODUCTION_RAY,kW physical distances; dimensionless normalized radius and ratios
2011-05-11 18:00:00,RAY:325.000000:ADAPTIVE,RAY,325.000000,ADAPTIVE,VMAX_BUS_13,VMAX,13,2656.63664323,-1135.07228972,325.000000000043,1.53242187500095,1.58201063250302,INSIDE,40.5214217930596,0.0495887575020701,92.2607288422066,0.726764471430051,true,0.000390625000385558,0.726764473541831,55.7559200896623,126.947219079999,126.947219079905,0.00538604745149186,0.0122631596194006,1,false,false,ABSOLUTE_PHYSICAL_PCC_HULL;CENTERED_SIGN_NORMALIZED_PRODUCTION_RAY,kW physical distances; dimensionless normalized radius and ratios
2011-05-11 18:00:00,RAY:330.000000:BASE,RAY,330.000000,BASE,VMAX_BUS_13,VMAX,13,2466.95205432,-622.019042969,330.00000000002,1.312500000001,1.37164205870608,INSIDE,55.7399392585695,0.0591420587050808,106.526148491702,0.70359026460333,true,0.00039062499976894,0.70359026454352,79.2221582116326,151.403670374564,151.403670374568,0.00740887028404689,0.0141592980999311,1,false,false,ABSOLUTE_PHYSICAL_PCC_HULL;CENTERED_SIGN_NORMALIZED_PRODUCTION_RAY,kW physical distances; dimensionless normalized radius and ratios
2011-05-11 18:00:00,RAY:335.000000:ADAPTIVE,RAY,335.000000,ADAPTIVE,VMAX_BUS_13,VMAX,13,2331.56819122,-240.30256129,335.000000000065,1.1607421875028,1.21884210695719,INSIDE,61.6224452447206,0.0580999194543923,101.432965418315,0.340983713915948,true,0.000195312503098233,0.340983714927332,180.719614250874,297.471582887711,297.471582887563,0.00819076427920087,0.013482319738893,1,false,false,ABSOLUTE_PHYSICAL_PCC_HULL;CENTERED_SIGN_NORMALIZED_PRODUCTION_RAY,kW physical distances; dimensionless normalized radius and ratios
2011-05-11 18:00:00,RAY:340.000000:BASE,RAY,340.000000,BASE,VMAX_BUS_13,VMAX,13,2227.72156892,62.1605566031,339.999999999982,1.05039062499907,1.10423500620684,INSIDE,63.0361566208503,0.053844381207764,91.3524766310355,0.331367546063109,true,0.000195312498494804,0.33136754577319,190.230326927807,275.683233908333,275.683233908378,0.00837867270436507,0.0121424360788429,1,false,false,ABSOLUTE_PHYSICAL_PCC_HULL;CENTERED_SIGN_NORMALIZED_PRODUCTION_RAY,kW physical distances; dimensionless normalized radius and ratios
2011-05-11 18:00:00,RAY:345.000000:ADAPTIVE,RAY,345.000000,ADAPTIVE,VMAX_BUS_13,VMAX,13,2143.57617265,312.978951308,345.00000000003,0.967382812501559,1.01639894247589,INSIDE,62.3427077132591,0.0490161299743272,81.1505866068598,0.323357314244027,true,0.000195312502641931,0.323357314609531,192.798198670747,250.962582073863,250.962582073806,0.00828650050121421,0.0107864159459432,1,false,false,ABSOLUTE_PHYSICAL_PCC_HULL;CENTERED_SIGN_NORMALIZED_PRODUCTION_RAY,kW physical distances; dimensionless normalized radius and ratios
2011-05-11 18:00:00,RAY:350.000000:BASE,RAY,350.000000,BASE,VMAX_BUS_13,VMAX,13,2072.67347641,528.216498516,350.000000000027,0.903808593751252,0.94819161708865,INSIDE,60.5106220916619,0.0443830233373985,72.1094832453033,0.158662960628432,true,9.7656252363465e-05,0.158662960836866,381.378374965346,454.482147975638,454.482147975573,0.00804298239013924,0.0095846858593763,1,false,false,ABSOLUTE_PHYSICAL_PCC_HULL;CENTERED_SIGN_NORMALIZED_PRODUCTION_RAY,kW physical distances; dimensionless normalized radius and ratios
2011-05-11 18:00:00,RAY:40.000000:BASE,RAY,40.000000,BASE,VMAX_BUS_13,VMAX,13,1606.16161862,2046.32933211,39.9999999999323,0.781054687502129,0.790707538297938,INSIDE,15.7815828878881,0.00965285079580847,18.5501775852225,0.18766899827353,true,9.76562531470604e-05,0.187668998154607,84.0926473369152,98.8451889637037,98.8451889637115,0.00209766465569517,0.00246566216797264,1,false,false,ABSOLUTE_PHYSICAL_PCC_HULL;CENTERED_SIGN_NORMALIZED_PRODUCTION_RAY,kW physical distances; dimensionless normalized radius and ratios
2011-05-11 18:00:00,RAY:60.000000:BASE,RAY,60.000000,BASE,VMAX_BUS_30,VMAX,30,1333.08140564,2595.67929007,59.9999999999195,0.855078124998357,0.858827733618888,INSIDE,8.03578558214627,0.00374960862053086,8.05892507571896,0.419779492556421,true,0.000195312500362199,0.41977949329231,19.1428731623096,19.1979961015161,19.1979961015084,0.00106810473424373,0.00107118040150492,1,false,false,ABSOLUTE_PHYSICAL_PCC_HULL;CENTERED_SIGN_NORMALIZED_PRODUCTION_RAY,kW physical distances; dimensionless normalized radius and ratios
2011-05-11 18:00:00,RAY:70.000000:BASE,RAY,70.000000,BASE,VMAX_BUS_30,VMAX,30,1104.74545655,2691.95683697,70.0000000000751,0.832519531250076,0.842766592264742,INSIDE,22.3789894727969,0.0102470610146662,22.8791822699713,0.218042533432683,true,9.76562494470201e-05,0.218042532166128,102.635889982016,104.929905384349,104.929905384421,0.00297458218106172,0.00304106706785158,1,false,false,ABSOLUTE_PHYSICAL_PCC_HULL;CENTERED_SIGN_NORMALIZED_PRODUCTION_RAY,kW physical distances; dimensionless normalized radius and ratios
2011-05-11 18:00:00,RAY:80.000000:BASE,RAY,80.000000,BASE,VMAX_BUS_30,VMAX,30,881.831288546,2788.4507343,80.0000000000019,0.836914062500504,0.852729246823285,INSIDE,34.1359159639712,0.0158151843227815,36.1472181053177,0.446406659691748,true,0.0001953125019033,0.44640665963177,76.4682049939458,80.9737429435607,80.9737429435633,0.00453729546117698,0.0048046347669867,1,false,false,ABSOLUTE_PHYSICAL_PCC_HULL;CENTERED_SIGN_NORMALIZED_PRODUCTION_RAY,kW physical distances; dimensionless normalized radius and ratios
2011-05-11 18:00:00,RAY:90.000000:BASE,RAY,90.000000,BASE,VMAX_BUS_30,VMAX,30,649.453125,2891.08056641,90,0.868750000001628,0.890305352197584,INSIDE,44.5619924250991,0.0215553521959562,49.6564586095437,0.224967959999958,true,9.76562515005996e-05,0.224967959999858,198.081506473666,220.726803094872,220.726803094872,0.0059231141236933,0.00660026303395535,1,false,false,ABSOLUTE_PHYSICAL_PCC_HULL;CENTERED_SIGN_NORMALIZED_PRODUCTION_RAY,kW physical distances; dimensionless normalized radius and ratios
2011-05-16 07:30:00,AXIS:P13_POSITIVE:AXIS,AXIS,P13_POSITIVE,AXIS,VMAX_BUS_13,VMAX,13,1894.375,0,349.942620851944,1.01580582382222,1.05381829738227,INSIDE,51.718090319762,0.0380124735600553,61.4893440883985,0.3125,false,,,165.497889023238,,,0.00674330901191135,0.00801734258871846,1,false,false,ABSOLUTE_PHYSICAL_PCC_HULL;CENTERED_SIGN_NORMALIZED_PRODUCTION_RAY,kW physical distances; dimensionless normalized radius and ratios
2011-05-16 07:30:00,AXIS:P30_POSITIVE:AXIS,AXIS,P30_POSITIVE,AXIS,VMAX_BUS_30,VMAX,30,0,2694.0625,100.743968250004,1.0179817804036,1.04173350890076,INSIDE,44.9561337165911,0.0237517284971653,53.8520719885884,0.3125,false,,,143.859627893091,,,0.00586164531129145,0.00702155010182166,1,false,false,ABSOLUTE_PHYSICAL_PCC_HULL;CENTERED_SIGN_NORMALIZED_PRODUCTION_RAY,kW physical distances; dimensionless normalized radius and ratios
2011-05-16 07:30:00,RAY:0.000000:BASE,RAY,0.000000,BASE,VMAX_BUS_13,VMAX,13,1761.60702515,405.859375,0,0.916796875002208,0.949413081581817,INSIDE,49.2561339750394,0.0326162065796085,51.9234719900533,0.31092835000004,true,0.000195312503312617,0.310928350000093,158.416348895278,166.994974855261,166.994974855261,0.0064223046534044,0.00677008788289429,1,false,false,ABSOLUTE_PHYSICAL_PCC_HULL;CENTERED_SIGN_NORMALIZED_PRODUCTION_RAY,kW physical distances; dimensionless normalized radius and ratios
2011-05-16 07:30:00,RAY:10.000000:BASE,RAY,10.000000,BASE,VMAX_BUS_13,VMAX,13,1653.08426661,748.209926265,10.0000000000294,0.86171874999798,0.888928864005438,INSIDE,43.88796433595,0.0272101140074581,44.0075424630754,0.315883388679196,true,0.000195312497214939,0.315883388522329,138.937234146623,139.315785704761,139.315785704776,0.00572237110054256,0.0057379624005555,1,false,false,ABSOLUTE_PHYSICAL_PCC_HULL;CENTERED_SIGN_NORMALIZED_PRODUCTION_RAY,kW physical distances; dimensionless normalized radius and ratios
2011-05-16 07:30:00,RAY:100.000000:BASE,RAY,100.000000,BASE,VMAX_BUS_30,VMAX,30,22.700048188,2683.19537152,100.000000000006,1.01074218749937,1.03425397207474,INSIDE,44.8238095872423,0.0235117845753698,53.3723966108264,0.221682365694775,true,9.7656248520428e-05,0.221682365745129,202.198354599654,240.760677699508,240.760677699503,0.00584439211248975,0.0069590072028543,1,false,false,ABSOLUTE_PHYSICAL_PCC_HULL;CENTERED_SIGN_NORMALIZED_PRODUCTION_RAY,kW physical distances; dimensionless normalized radius and ratios
2011-05-16 07:30:00,RAY:105.000000:ADAPTIVE,RAY,105.000000,ADAPTIVE,VMAX_BUS_30,VMAX,30,-136.635839517,2759.09233719,105.000000000035,1.06484374999857,1.09033378509832,INSIDE,46.0957974180457,0.0254900350997485,57.3019684507358,0.439065332477239,true,0.000195312500446132,0.439065332582045,104.986192277969,130.508979412604,130.508979412598,0.00601024137238055,0.00747136790753578,1,false,false,ABSOLUTE_PHYSICAL_PCC_HULL;CENTERED_SIGN_NORMALIZED_PRODUCTION_RAY,kW physical distances; dimensionless normalized radius and ratios
2011-05-16 07:30:00,RAY:110.000000:BASE,RAY,110.000000,BASE,VMAX_BUS_30,VMAX,30,-315.854197086,2845.92771302,110.000000000026,1.13496093749829,1.16219594158964,INSIDE,46.2060090108177,0.0272350040913485,60.4014949424669,0.433161925919734,true,0.000195312497565325,0.433161926259511,106.671446048053,139.443222685939,139.44322268592,0.0060246114085161,0.00787550241434223,1,false,false,ABSOLUTE_PHYSICAL_PCC_HULL;CENTERED_SIGN_NORMALIZED_PRODUCTION_RAY,kW physical distances; dimensionless normalized radius and ratios
2011-05-16 07:30:00,RAY:115.000000:ADAPTIVE,RAY,115.000000,ADAPTIVE,VMAX_BUS_30,VMAX,30,-522.97631949,2948.77231794,115.000000000046,1.2263671874983,1.2544196241642,INSIDE,44.0938600331305,0.0280524366659058,61.1529207964586,0.425771563045897,true,0.000195312499515543,0.425771563293459,103.562247599841,143.628476085697,143.628476085684,0.00574921699337671,0.00797347773983621,1,false,false,ABSOLUTE_PHYSICAL_PCC_HULL;CENTERED_SIGN_NORMALIZED_PRODUCTION_RAY,kW physical distances; dimensionless normalized radius and ratios
2011-05-16 07:30:00,RAY:120.000000:BASE,RAY,120.000000,BASE,VMAX_BUS_30,VMAX,30,-770.12702179,3074.90596912,119.999999999969,1.34707031250181,1.373898749227,INSIDE,38.5026842111223,0.0268284367251854,57.2861655920555,0.417046454733477,true,0.000195312503221468,0.417046453967905,92.322291135956,137.361593767319,137.361593767356,0.00502020658184335,0.00746930743781051,1,false,false,ABSOLUTE_PHYSICAL_PCC_HULL;CENTERED_SIGN_NORMALIZED_PRODUCTION_RAY,kW physical distances; dimensionless normalized radius and ratios
2011-05-16 07:30:00,RAY:125.000000:ADAPTIVE,RAY,125.000000,ADAPTIVE,VMAX_BUS_30,VMAX,30,-1077.89461338,3238.28518097,124.999999999949,1.51132812499645,1.53141579968293,INSIDE,25.8634770991498,0.0200876746864718,41.8775185935699,0.814350386120499,true,0.000390624998025668,0.814350385161547,31.7596424585262,51.4244474572818,51.4244474572974,0.00337223236828251,0.00546023735181498,1,false,false,ABSOLUTE_PHYSICAL_PCC_HULL;CENTERED_SIGN_NORMALIZED_PRODUCTION_RAY,kW physical distances; dimensionless normalized radius and ratios
2011-05-16 07:30:00,RAY:20.000000:BASE,RAY,20.000000,BASE,VMAX_BUS_13,VMAX,13,1556.1333643,1061.81837584,19.9999999999697,0.838281249998724,0.860262789717363,INSIDE,36.636084814972,0.0219815397186395,37.1102156423635,0.32973526924312,true,0.000195312498552425,0.329735270218045,111.107570928239,112.545484193575,112.545484193497,0.00477682836637048,0.00483864833422711,1,false,false,ABSOLUTE_PHYSICAL_PCC_HULL;CENTERED_SIGN_NORMALIZED_PRODUCTION_RAY,kW physical distances; dimensionless normalized radius and ratios
2011-05-16 07:30:00,RAY:30.000000:BASE,RAY,30.000000,BASE,VMAX_BUS_13,VMAX,13,1463.20957189,1369.27581787,29.9999999999681,0.842187499999855,0.858662766665483,INSIDE,27.5100832999541,0.016475266665628,29.51486403817,0.174947754852859,true,9.76562486870725e-05,0.174947754168292,157.247421226364,168.706732924188,168.706732924265,0.00358692657613708,0.00384832168827934,1,false,false,ABSOLUTE_PHYSICAL_PCC_HULL;CENTERED_SIGN_NORMALIZED_PRODUCTION_RAY,kW physical distances; dimensionless normalized radius and ratios
2011-05-16 07:30:00,RAY:330.000000:BASE,RAY,330.000000,BASE,VMAX_BUS_13,VMAX,13,2349.92175843,-1293.30158234,329.999999999956,1.48535156250116,1.51575573665217,INSIDE,28.7598141332419,0.0304041741510106,54.4680146593635,0.349895517401415,true,0.000195312502814238,0.349895518082736,82.1954346452728,155.66936941015,155.66936941011,0.00374987383769429,0.00710186033247748,1,false,false,ABSOLUTE_PHYSICAL_PCC_HULL;CENTERED_SIGN_NORMALIZED_PRODUCTION_RAY,kW physical distances; dimensionless normalized radius and ratios
2011-05-16 07:30:00,RAY:335.000000:ADAPTIVE,RAY,335.000000,ADAPTIVE,VMAX_BUS_13,VMAX,13,2191.27498836,-860.181020053,334.999999999976,1.30937499999886,1.34910357654145,INSIDE,42.2220966209955,0.0397285765425923,69.0017381627491,0.339224386199269,true,0.000195312500050671,0.33922438610302,124.46657238903,203.410311845301,203.41031184531,0.00550516546310601,0.00899685274366401,1,false,false,ABSOLUTE_PHYSICAL_PCC_HULL;CENTERED_SIGN_NORMALIZED_PRODUCTION_RAY,kW physical distances; dimensionless normalized radius and ratios
2011-05-16 07:30:00,RAY:340.000000:BASE,RAY,340.000000,BASE,VMAX_BUS_13,VMAX,13,2070.94936364,-519.391275302,340.00000000003,1.18242187500142,1.22385879176842,INSIDE,48.5442957632495,0.0414369167669979,69.9556508079379,0.659470543121211,true,0.000390624998599876,0.659470542959553,73.6110145776853,106.078507303734,106.078507303742,0.00632949099770079,0.00912122948876629,1,false,false,ABSOLUTE_PHYSICAL_PCC_HULL;CENTERED_SIGN_NORMALIZED_PRODUCTION_RAY,kW physical distances; dimensionless normalized radius and ratios
2011-05-16 07:30:00,RAY:345.000000:ADAPTIVE,RAY,345.000000,ADAPTIVE,VMAX_BUS_13,VMAX,13,1974.06718476,-237.98773348,345.000000000021,1.08730468750138,1.12774663524269,INSIDE,51.4165115494373,0.0404419477413118,66.6395572548292,0.321832634685426,true,0.0001953125010552,0.321832634765931,159.761646296977,207.062771316834,207.062771316825,0.00670398739684091,0.00868885769385346,1,false,false,ABSOLUTE_PHYSICAL_PCC_HULL;CENTERED_SIGN_NORMALIZED_PRODUCTION_RAY,kW physical distances; dimensionless normalized radius and ratios
2011-05-16 07:30:00,RAY:350.000000:BASE,RAY,350.000000,BASE,VMAX_BUS_13,VMAX,13,1893.45491256,2.59649763753,350.000000000001,1.01503906250006,1.05306194482749,INSIDE,51.7694082669886,0.0380228823274265,61.495281061077,0.315883388647042,true,0.000195312497205169,0.315883388506507,163.887719733291,194.677160302163,194.67716030218,0.00675000014791166,0.00801811668615939,1,false,false,ABSOLUTE_PHYSICAL_PCC_HULL;CENTERED_SIGN_NORMALIZED_PRODUCTION_RAY,kW physical distances; dimensionless normalized radius and ratios
2011-05-16 07:30:00,RAY:40.000000:BASE,RAY,40.000000,BASE,VMAX_BUS_13,VMAX,13,1368.22512475,1691.50972488,39.9999999999469,0.874218749999009,0.883874919009162,INSIDE,15.6637640375221,0.00965616901015354,18.4479407231064,0.186570540580572,true,9.7656247196598e-05,0.186570539271641,83.956255841782,98.8791735024804,98.8791735025579,0.00204233374708182,0.00240535109011547,1,false,false,ABSOLUTE_PHYSICAL_PCC_HULL;CENTERED_SIGN_NORMALIZED_PRODUCTION_RAY,kW physical distances; dimensionless normalized radius and ratios
2011-05-16 07:30:00,RAY:60.000000:BASE,RAY,60.000000,BASE,VMAX_BUS_30,VMAX,30,1036.05573273,2232.82312313,59.9999999999652,0.922070312502735,0.925663515236554,INSIDE,7.65383231366686,0.0035932027338198,7.67248606111039,0.208523233311291,true,9.76562546027848e-05,0.208523233372814,36.7049378245585,36.7943942601024,36.7943942601012,0.000997951705047519,0.00100038389042916,1,false,false,ABSOLUTE_PHYSICAL_PCC_HULL;CENTERED_SIGN_NORMALIZED_PRODUCTION_RAY,kW physical distances; dimensionless normalized radius and ratios
2011-05-16 07:30:00,RAY:70.000000:BASE,RAY,70.000000,BASE,VMAX_BUS_30,VMAX,30,791.237485447,2337.21272567,70.0000000000211,0.898339843750011,0.907827839944746,INSIDE,20.6073132622302,0.00948799619473562,21.0423744475441,0.216580962837129,true,9.76562486751931e-05,0.216580962891418,95.1483130940142,97.1570823521279,97.1570823521253,0.00268690279113764,0.00274362862910887,1,false,false,ABSOLUTE_PHYSICAL_PCC_HULL;CENTERED_SIGN_NORMALIZED_PRODUCTION_RAY,kW physical distances; dimensionless normalized radius and ratios
2011-05-16 07:30:00,RAY:80.000000:BASE,RAY,80.000000,BASE,VMAX_BUS_30,VMAX,30,551.904012777,2441.81975914,80.0000000000146,0.903613281251496,0.91803315927229,INSIDE,30.9708829361368,0.0144198780207933,32.7335190716137,0.221682375595436,true,9.76562528026692e-05,0.221682375465923,139.708368123309,147.659546695192,147.659546695202,0.00403816600185449,0.00426798887550651,1,false,false,ABSOLUTE_PHYSICAL_PCC_HULL;CENTERED_SIGN_NORMALIZED_PRODUCTION_RAY,kW physical distances; dimensionless normalized radius and ratios
2011-05-16 07:30:00,RAY:90.000000:BASE,RAY,90.000000,BASE,VMAX_BUS_30,VMAX,30,302.109375,2553.8848114,90,0.938867187499403,0.95790695976547,INSIDE,39.1912205374849,0.0190397722660673,43.5609164696705,0.223426820000441,true,9.76562505039524e-05,0.223426820000644,175.409651076838,194.967266998406,194.967266998406,0.00510998200057754,0.00567972867483864,1,false,false,ABSOLUTE_PHYSICAL_PCC_HULL;CENTERED_SIGN_NORMALIZED_PRODUCTION_RAY,kW physical distances; dimensionless normalized radius and ratios
2011-09-11 00:00:00,AXIS:P13_POSITIVE:AXIS,AXIS,P13_POSITIVE,AXIS,VMAX_BUS_13,VMAX,13,1564.21875,0,1.12419549376503,1.0002911009758,1.04092220967222,INSIDE,61.5390373184427,0.0406311086964255,64.4260925800011,0.15625,false,,,393.849838838033,,,0.00821625173581816,0.00860171068736846,1,false,false,ABSOLUTE_PHYSICAL_PCC_HULL;CENTERED_SIGN_NORMALIZED_PRODUCTION_RAY,kW physical distances; dimensionless normalized radius and ratios
2011-09-11 00:00:00,AXIS:P30_POSITIVE:AXIS,AXIS,P30_POSITIVE,AXIS,VMAX_BUS_30,VMAX,30,0,2228.75,89.2321418851343,1.00022730187669,1.02277919805086,INSIDE,46.1261981627545,0.0225518961741622,51.25915300796,0.3125,false,,,147.603834120814,,,0.00615843978449506,0.00684375517119119,1,false,false,ABSOLUTE_PHYSICAL_PCC_HULL;CENTERED_SIGN_NORMALIZED_PRODUCTION_RAY,kW physical distances; dimensionless normalized radius and ratios
2011-09-11 00:00:00,RAY:0.000000:BASE,RAY,0.000000,BASE,VMAX_BUS_13,VMAX,13,1578.76998901,-44.609375,0,1.00927734374768,1.05070693714171,INSIDE,62.1640600653117,0.041429593394029,65.6788522774715,0.154815670000062,true,9.76562475853981e-05,0.154815670000227,401.535968970628,424.239046844389,424.239046844389,0.0082997002987574,0.00876897019429968,1,false,false,ABSOLUTE_PHYSICAL_PCC_HULL;CENTERED_SIGN_NORMALIZED_PRODUCTION_RAY,kW physical distances; dimensionless normalized radius and ratios
2011-09-11 00:00:00,RAY:10.000000:BASE,RAY,10.000000,BASE,VMAX_BUS_13,VMAX,13,1458.56243803,329.517539488,9.99999999999753,0.947851562499618,0.982236509361646,INSIDE,55.1902784138122,0.0343849468620278,55.3718227820717,0.314521616676405,true,0.00019531249889182,0.314521616658492,175.473721002123,176.050928932474,176.050928932476,0.00736861089443587,0.00739284939890128,1,false,false,ABSOLUTE_PHYSICAL_PCC_HULL;CENTERED_SIGN_NORMALIZED_PRODUCTION_RAY,kW physical distances; dimensionless normalized radius and ratios
2011-09-11 00:00:00,RAY:100.000000:BASE,RAY,100.000000,BASE,VMAX_BUS_30,VMAX,30,-319.280033508,2378.84455664,99.9999999999933,1.0826171874992,1.11109686786445,INSIDE,53.6203532696697,0.0284796803652543,64.2324354664589,0.440503451512809,true,0.00019531249916982,0.440503451507266,121.725160348966,145.815964089896,145.815964089896,0.00715900572749251,0.00857585497586195,1,false,false,ABSOLUTE_PHYSICAL_PCC_HULL;CENTERED_SIGN_NORMALIZED_PRODUCTION_RAY,kW physical distances; dimensionless normalized radius and ratios
2011-09-11 00:00:00,RAY:105.000000:ADAPTIVE,RAY,105.000000,ADAPTIVE,VMAX_BUS_30,VMAX,30,-489.499195517,2461.02728919,105.000000000014,1.14121093749915,1.17241611625943,INSIDE,55.6789938303545,0.031205178760279,69.7000309946307,0.436250893547077,true,0.000195312497443201,0.436250893802267,127.630669997347,159.770517344154,159.770517344138,0.00743386067838533,0.00930584919102381,1,false,false,ABSOLUTE_PHYSICAL_PCC_HULL;CENTERED_SIGN_NORMALIZED_PRODUCTION_RAY,kW physical distances; dimensionless normalized radius and ratios
2011-09-11 00:00:00,RAY:110.000000:BASE,RAY,110.000000,BASE,VMAX_BUS_30,VMAX,30,-681.325684213,2555.67816079,109.999999999998,1.21738281250088,1.25097568123743,INSIDE,56.1752106023507,0.033592868736549,74.0289461876632,0.430412143522478,true,0.000195312501124034,0.430412143389147,130.51492958032,171.995486941287,171.995486941296,0.00750011198961658,0.00988381495907627,1,false,false,ABSOLUTE_PHYSICAL_PCC_HULL;CENTERED_SIGN_NORMALIZED_PRODUCTION_RAY,kW physical distances; dimensionless normalized radius and ratios
2011-09-11 00:00:00,RAY:115.000000:ADAPTIVE,RAY,115.000000,ADAPTIVE,VMAX_BUS_30,VMAX,30,-903.611076973,2668.50000008,115.000000000017,1.31699218749891,1.35184663640331,INSIDE,53.9358191604002,0.0348544489043996,75.5047916860708,0.423103220669652,true,0.000195312499527978,0.423103220796727,127.476739777672,178.454778821807,178.454778821799,0.00720112447496159,0.0100808592851899,1,false,false,ABSOLUTE_PHYSICAL_PCC_HULL;CENTERED_SIGN_NORMALIZED_PRODUCTION_RAY,kW physical distances; dimensionless normalized radius and ratios
2011-09-11 00:00:00,RAY:120.000000:BASE,RAY,120.000000,BASE,VMAX_BUS_30,VMAX,30,-1169.9822998,2808.20141134,119.999999999883,1.44921874999919,1.482685360328,INSIDE,47.2181764779462,0.0334666103288106,71.0199045413815,0.828950109260413,true,0.00039062499970699,0.828950106332061,56.9614213816489,85.6745225060201,85.6745225061017,0.00630423291221728,0.00948206925867674,1,false,false,ABSOLUTE_PHYSICAL_PCC_HULL;CENTERED_SIGN_NORMALIZED_PRODUCTION_RAY,kW physical distances; dimensionless normalized radius and ratios
2011-09-11 00:00:00,RAY:125.000000:ADAPTIVE,RAY,125.000000,ADAPTIVE,VMAX_BUS_30,VMAX,30,-1503.29900929,2990.18514618,125.000000000092,1.62988281250171,1.65551405219955,INSIDE,32.3879323972446,0.0256312396978431,53.1114827947267,0.404714585236921,true,0.000195312501874101,0.404714586776659,80.0266004208487,131.231945993734,131.231945993674,0.00432420488480199,0.00709106498442527,1,false,false,ABSOLUTE_PHYSICAL_PCC_HULL;CENTERED_SIGN_NORMALIZED_PRODUCTION_RAY,kW physical distances; dimensionless normalized radius and ratios
2011-09-11 00:00:00,RAY:20.000000:BASE,RAY,20.000000,BASE,VMAX_BUS_13,VMAX,13,1351.78218257,671.930053324,20.0000000000706,0.92167968749741,0.949221115643327,INSIDE,45.7434973721951,0.0275414281459166,46.2795929806385,0.328195869058189,true,0.000195312498529998,0.328195868714891,139.378650631598,141.012113168408,141.012113168439,0.00610734431450157,0.00617891996250278,1,false,false,ABSOLUTE_PHYSICAL_PCC_HULL;CENTERED_SIGN_NORMALIZED_PRODUCTION_RAY,kW physical distances; dimensionless normalized radius and ratios
2011-09-11 00:00:00,RAY:30.000000:BASE,RAY,30.000000,BASE,VMAX_BUS_13,VMAX,13,1249.64035074,1007.45172501,30.0000000000297,0.925683593752597,0.946166912964424,INSIDE,34.130517734507,0.0204833192118271,36.5074429657879,0.174052849363297,true,9.7656252617595e-05,0.174052849336587,196.092841107514,209.749183106956,209.74918310696,0.00455686240474344,0.00487421244641478,1,false,false,ABSOLUTE_PHYSICAL_PCC_HULL;CENTERED_SIGN_NORMALIZED_PRODUCTION_RAY,kW physical distances; dimensionless normalized radius and ratios
2011-09-11 00:00:00,RAY:330.000000:BASE,RAY,330.000000,BASE,VMAX_BUS_13,VMAX,13,2244.0694816,-1919.87304688,329.999999999977,1.65000000000324,1.69042743060494,INSIDE,37.7042154937503,0.0404274306016958,72.053855221497,0.696211383373246,true,0.000390625002807621,0.696211383689062,54.1562755137209,103.494221596476,103.494221596465,0.0050339969472572,0.00962011495195415,1,false,false,ABSOLUTE_PHYSICAL_PCC_HULL;CENTERED_SIGN_NORMALIZED_PRODUCTION_RAY,kW physical distances; dimensionless normalized radius and ratios
2011-09-11 00:00:00,RAY:335.000000:ADAPTIVE,RAY,335.000000,ADAPTIVE,VMAX_BUS_13,VMAX,13,2061.52129967,-1437.14925126,335.000000000034,1.4496093749996,1.50169826555197,INSIDE,54.685568124955,0.0520888905523671,90.027204846216,0.337565996076199,true,0.000195312498131983,0.337565997123402,161.999634917644,266.695122178857,266.695122178746,0.00730122558963414,0.0120197879316988,1,false,false,ABSOLUTE_PHYSICAL_PCC_HULL;CENTERED_SIGN_NORMALIZED_PRODUCTION_RAY,kW physical distances; dimensionless normalized radius and ratios
2011-09-11 00:00:00,RAY:340.000000:BASE,RAY,340.000000,BASE,VMAX_BUS_13,VMAX,13,1924.67906062,-1060.12446223,339.999999999976,1.30625000000129,1.36019054172689,INSIDE,62.5209909941006,0.0539405417255987,90.6396829891828,0.328195868595539,true,0.000195312498379785,0.32819586846245,190.499018959772,276.17557592608,276.175575926097,0.00834735516128073,0.0121015616289255,1,false,false,ABSOLUTE_PHYSICAL_PCC_HULL;CENTERED_SIGN_NORMALIZED_PRODUCTION_RAY,kW physical distances; dimensionless normalized radius and ratios
2011-09-11 00:00:00,RAY:345.000000:ADAPTIVE,RAY,345.000000,ADAPTIVE,VMAX_BUS_13,VMAX,13,1816.00406287,-750.463857122,344.99999999998,1.19980468749924,1.25176147140019,INSIDE,65.4381451344621,0.051956783900948,85.2307971345976,0.320393961439846,true,0.000195312496818811,0.320393960987802,204.242754265355,266.018737905684,266.018737905745,0.00873683269966614,0.011379405909108,1,false,false,ABSOLUTE_PHYSICAL_PCC_HULL;CENTERED_SIGN_NORMALIZED_PRODUCTION_RAY,kW physical distances; dimensionless normalized radius and ratios
2011-09-11 00:00:00,RAY:350.000000:BASE,RAY,350.000000,BASE,VMAX_BUS_13,VMAX,13,1725.37387081,-486.191688247,350.000000000006,1.11875000000021,1.16757305009645,INSIDE,65.9251528467779,0.0488230500962412,78.6222322360111,0.157260813185623,true,9.76562525518698e-05,0.157260813330943,419.209029327371,499.948019921295,499.948019921255,0.00880185448317188,0.0104970776312328,1,false,false,ABSOLUTE_PHYSICAL_PCC_HULL;CENTERED_SIGN_NORMALIZED_PRODUCTION_RAY,kW physical distances; dimensionless normalized radius and ratios
2011-09-11 00:00:00,RAY:40.000000:BASE,RAY,40.000000,BASE,VMAX_BUS_13,VMAX,13,1145.4943652,1359.11793783,40.0000000001189,0.96074218750063,0.972589150763399,INSIDE,19.2038330202419,0.0118469632627685,22.5079485076247,0.371072624361544,true,0.000195312500914202,0.371072621393257,51.7522225016825,60.656451621459,60.6564516215576,0.00256395831430464,0.00300510016168314,1,false,false,ABSOLUTE_PHYSICAL_PCC_HULL;CENTERED_SIGN_NORMALIZED_PRODUCTION_RAY,kW physical distances; dimensionless normalized radius and ratios
2011-09-11 00:00:00,RAY:60.000000:BASE,RAY,60.000000,BASE,VMAX_BUS_30,VMAX,30,759.175811768,1893.53337081,59.9999999999506,0.98457031249906,0.988773259772749,INSIDE,8.89208718788018,0.00420294727368875,8.91912599563897,0.414475046848208,true,0.0001953124973052,0.414475047758532,21.4538541113591,21.5190903381934,21.519090338184,0.00118720782735696,0.00119081785541172,1,false,false,ABSOLUTE_PHYSICAL_PCC_HULL;CENTERED_SIGN_NORMALIZED_PRODUCTION_RAY,kW physical distances; dimensionless normalized radius and ratios
2011-09-11 00:00:00,RAY:70.000000:BASE,RAY,70.000000,BASE,VMAX_BUS_30,VMAX,30,499.143375938,2005.41676825,70.0000000000158,0.959765625001003,0.97103331377624,INSIDE,24.2743269183712,0.011267688775237,24.830720250273,0.430412143522024,true,0.000195312501123923,0.430412143388915,56.3978672156798,57.6905661972338,57.6905661972374,0.00324093436247358,0.00331522001720978,1,false,false,ABSOLUTE_PHYSICAL_PCC_HULL;CENTERED_SIGN_NORMALIZED_PRODUCTION_RAY,kW physical distances; dimensionless normalized radius and ratios
2011-09-11 00:00:00,RAY:80.000000:BASE,RAY,80.000000,BASE,VMAX_BUS_30,VMAX,30,244.681182705,2117.83030494,79.9999999999982,0.966015625000598,0.983268243327534,INSIDE,36.7053597724705,0.017252618326936,38.9111703186229,0.44050345151326,true,0.000195312499170042,0.440503451507761,83.3259300157052,88.3334062092753,88.3334062092755,0.00490063688165641,0.00519514091549315,1,false,false,ABSOLUTE_PHYSICAL_PCC_HULL;CENTERED_SIGN_NORMALIZED_PRODUCTION_RAY,kW physical distances; dimensionless normalized radius and ratios
2011-09-11 00:00:00,RAY:90.000000:BASE,RAY,90.000000,BASE,VMAX_BUS_30,VMAX,30,-21.25,2238.64845276,90,1.00449218750053,1.02743178318068,INSIDE,46.7067067011002,0.0229395956801453,52.1427762745177,0.443954469999881,true,0.000195312500979483,0.443954469999849,105.206073724436,117.450729293334,117.450729293334,0.00623594512896705,0.00696173022432853,1,false,false,ABSOLUTE_PHYSICAL_PCC_HULL;CENTERED_SIGN_NORMALIZED_PRODUCTION_RAY,kW physical distances; dimensionless normalized radius and ratios
2011-09-30 05:30:00,AXIS:P13_POSITIVE:AXIS,AXIS,P13_POSITIVE,AXIS,VMAX_BUS_13,VMAX,13,1480.625,0,4.00071655705033,1.00264059283191,1.03179166921909,INSIDE,45.1636926978049,0.0291510763871803,46.2816931364094,0.3125,false,,,144.523816632976,,,0.00601581806873936,0.00616473607870852,1,false,false,ABSOLUTE_PHYSICAL_PCC_HULL;CENTERED_SIGN_NORMALIZED_PRODUCTION_RAY,kW physical distances; dimensionless normalized radius and ratios
2011-09-30 05:30:00,AXIS:P30_POSITIVE:AXIS,AXIS,P30_POSITIVE,AXIS,VMAX_BUS_30,VMAX,30,0,2110.9375,86.2689929442454,1.00226194834303,1.02447920696924,INSIDE,46.0457512273199,0.0222172586262082,50.3644933463487,0.3125,false,,,147.346403927424,,,0.00613330854222759,0.00670856635047899,1,false,false,ABSOLUTE_PHYSICAL_PCC_HULL;CENTERED_SIGN_NORMALIZED_PRODUCTION_RAY,kW physical distances; dimensionless normalized radius and ratios
2011-09-30 05:30:00,RAY:0.000000:BASE,RAY,0.000000,BASE,VMAX_BUS_13,VMAX,13,1532.27416992,-158.75,0,1.03281249999882,1.06347996349245,INSIDE,46.0972916681795,0.0306674634936333,48.5648035168708,0.309295649999967,true,0.000195312497286437,0.309295649999694,149.039573198603,157.017415268914,157.017415268914,0.00614017374515661,0.00646884709929327,1,false,false,ABSOLUTE_PHYSICAL_PCC_HULL;CENTERED_SIGN_NORMALIZED_PRODUCTION_RAY,kW physical distances; dimensionless normalized radius and ratios
2011-09-30 05:30:00,RAY:10.000000:BASE,RAY,10.000000,BASE,VMAX_BUS_13,VMAX,13,1409.04165508,223.392893907,10.0000000000146,0.969726562499164,0.996409871728354,INSIDE,42.8083543522981,0.0266833092291897,42.9215280263842,0.314170589280054,true,0.000195312501024114,0.314170589360018,136.258312563238,136.618542537097,136.61854253709,0.005702086260499,0.0057171610294739,1,false,false,ABSOLUTE_PHYSICAL_PCC_HULL;CENTERED_SIGN_NORMALIZED_PRODUCTION_RAY,kW physical distances; dimensionless normalized radius and ratios
2011-09-30 05:30:00,RAY:100.000000:BASE,RAY,100.000000,BASE,VMAX_BUS_30,VMAX,30,-405.983070244,2301.38391808,99.9999999999782,1.100781250001,1.13104026153669,INSIDE,56.8039992066575,0.0302590115356975,68.1357958999372,0.439795358023968,true,0.000195312502488942,0.439795357842141,129.160069951356,154.926137088488,154.926137088499,0.00756631055592748,0.00907570943867266,1,false,false,ABSOLUTE_PHYSICAL_PCC_HULL;CENTERED_SIGN_NORMALIZED_PRODUCTION_RAY,kW physical distances; dimensionless normalized radius and ratios
2011-09-30 05:30:00,RAY:105.000000:ADAPTIVE,RAY,105.000000,ADAPTIVE,VMAX_BUS_30,VMAX,30,-578.947892255,2385.22436577,104.999999999996,1.16054687500104,1.19369926233208,INSIDE,58.9687772855192,0.0331523873310404,73.931033675139,0.435554003351885,true,0.000195312500113065,0.43555400336177,135.38798135642,169.740223036665,169.740223036665,0.00785465967673045,0.00984763693259953,1,false,false,ABSOLUTE_PHYSICAL_PCC_HULL;CENTERED_SIGN_NORMALIZED_PRODUCTION_RAY,kW physical distances; dimensionless normalized radius and ratios
2011-09-30 05:30:00,RAY:110.000000:BASE,RAY,110.000000,BASE,VMAX_BUS_30,VMAX,30,-774.066116384,2482.31977398,109.999999999972,1.23847656250157,1.27397231806894,INSIDE,59.1587071212935,0.0354957555673685,78.0985131969982,0.429730704560133,true,0.000195312502286438,0.429730704236003,137.66460365416,181.738266377397,181.738266377418,0.00787995839057763,0.0104027465153445,1,false,false,ABSOLUTE_PHYSICAL_PCC_HULL;CENTERED_SIGN_NORMALIZED_PRODUCTION_RAY,kW physical distances; dimensionless normalized radius and ratios
2011-09-30 05:30:00,RAY:115.000000:ADAPTIVE,RAY,115.000000,ADAPTIVE,VMAX_BUS_30,VMAX,30,-1000.24066161,2597.78004514,114.999999999907,1.34023437499834,1.37705583517223,INSIDE,56.7742881108505,0.036821460173895,79.6411060077545,0.422441244788368,true,0.000195312499227107,0.422441244375505,134.395703097819,188.525876836379,188.525876836406,0.00756235302862356,0.0106082203627943,1,false,false,ABSOLUTE_PHYSICAL_PCC_HULL;CENTERED_SIGN_NORMALIZED_PRODUCTION_RAY,kW physical distances; dimensionless normalized radius and ratios
2011-09-30 05:30:00,RAY:120.000000:BASE,RAY,120.000000,BASE,VMAX_BUS_30,VMAX,30,-1271.49093628,2740.88890058,120.000000000046,1.47539062499882,1.51080040938624,INSIDE,49.7643606691721,0.0354097843874106,75.0277219788512,0.827672476132705,true,0.000390625001217115,0.827672477998582,60.1256681890593,90.6490477493255,90.6490477492713,0.00662862848917176,0.00999371615949959,1,false,false,ABSOLUTE_PHYSICAL_PCC_HULL;CENTERED_SIGN_NORMALIZED_PRODUCTION_RAY,kW physical distances; dimensionless normalized radius and ratios
2011-09-30 05:30:00,RAY:125.000000:ADAPTIVE,RAY,125.000000,ADAPTIVE,VMAX_BUS_30,VMAX,30,-1611.39859765,2927.78240478,125.000000000063,1.66035156249943,1.68754392223531,INSIDE,34.2132280624271,0.0271923597358876,56.2610834200562,0.404102213582097,true,0.000195312498769917,0.404102214482495,84.6647875525097,139.224882724586,139.22488272455,0.00455721273601379,0.00749399400243631,1,false,false,ABSOLUTE_PHYSICAL_PCC_HULL;CENTERED_SIGN_NORMALIZED_PRODUCTION_RAY,kW physical distances; dimensionless normalized radius and ratios
2011-09-30 05:30:00,RAY:20.000000:BASE,RAY,20.000000,BASE,VMAX_BUS_13,VMAX,13,1299.65175791,573.004309422,20.0000000000033,0.942773437499754,0.964875678638687,INSIDE,36.6177637768418,0.0221022411389332,37.0952970248958,0.327802736007114,true,0.000195312497563993,0.327802735671299,111.706705755034,113.163476042753,113.163476042777,0.00487749764926243,0.00494110522806006,1,false,false,ABSOLUTE_PHYSICAL_PCC_HULL;CENTERED_SIGN_NORMALIZED_PRODUCTION_RAY,kW physical distances; dimensionless normalized radius and ratios
2011-09-30 05:30:00,RAY:30.000000:BASE,RAY,30.000000,BASE,VMAX_BUS_13,VMAX,13,1195.29381963,915.657226562,30.0000000000483,0.946874999998178,0.9636582710074,INSIDE,27.8407172358613,0.0167832710092223,29.8739517717217,0.347653097425451,true,0.000195312497790812,0.347653096718071,80.0818903730072,85.9303485391801,85.9303485392161,0.00370839229012596,0.00397921976963824,1,false,false,ABSOLUTE_PHYSICAL_PCC_HULL;CENTERED_SIGN_NORMALIZED_PRODUCTION_RAY,kW physical distances; dimensionless normalized radius and ratios
2011-09-30 05:30:00,RAY:335.000000:ADAPTIVE,RAY,335.000000,ADAPTIVE,VMAX_BUS_13,VMAX,13,2028.81030825,-1583.50728334,335.000000000014,1.48554687499816,1.5073859296957,INSIDE,23.1598767643785,0.0218390546975391,37.6981508334816,0.337144633595513,true,0.00019531250014837,0.337144633420733,68.6941877656116,111.815959966459,111.815959966466,0.00308490286746852,0.00502140554492664,1,false,false,ABSOLUTE_PHYSICAL_PCC_HULL;CENTERED_SIGN_NORMALIZED_PRODUCTION_RAY,kW physical distances; dimensionless normalized radius and ratios
2011-09-30 05:30:00,RAY:340.000000:BASE,RAY,340.000000,BASE,VMAX_BUS_13,VMAX,13,1887.91287413,-1197.33478845,339.999999999973,1.33808593749764,1.36836288709375,INSIDE,35.3702147328226,0.0302769495961115,50.815319189387,0.327802737857089,true,0.000195312498167066,0.327802736683405,107.900913104157,155.017983386876,155.017983386957,0.00471132372431644,0.00676861649453058,1,false,false,ABSOLUTE_PHYSICAL_PCC_HULL;CENTERED_SIGN_NORMALIZED_PRODUCTION_RAY,kW physical distances; dimensionless normalized radius and ratios
2011-09-30 05:30:00,RAY:345.000000:ADAPTIVE,RAY,345.000000,ADAPTIVE,VMAX_BUS_13,VMAX,13,1775.89814419,-880.327829945,344.999999999955,1.22851562499711,1.26160894604373,INSIDE,41.9316988327423,0.0330933210466235,54.2242854399656,0.320024718035988,true,0.000195312499734257,0.320024717998616,131.026437864174,169.43780398925,169.437803989253,0.00558531546963626,0.00722269187103206,1,false,false,ABSOLUTE_PHYSICAL_PCC_HULL;CENTERED_SIGN_NORMALIZED_PRODUCTION_RAY,kW physical distances; dimensionless normalized radius and ratios
2011-09-30 05:30:00,RAY:350.000000:BASE,RAY,350.000000,BASE,VMAX_BUS_13,VMAX,13,1682.87414082,-610.086541766,350.000000000032,1.14531250000301,1.17862743659829,INSIDE,45.1844821987402,0.0333149365952805,53.5888548339087,0.314170589280061,true,0.000195312501024114,0.314170589359971,143.82148979089,170.572474473446,170.572474473438,0.00601858723680105,0.00713805231449879,1,false,false,ABSOLUTE_PHYSICAL_PCC_HULL;CENTERED_SIGN_NORMALIZED_PRODUCTION_RAY,kW physical distances; dimensionless normalized radius and ratios
2011-09-30 05:30:00,RAY:40.000000:BASE,RAY,40.000000,BASE,VMAX_BUS_13,VMAX,13,1088.73479701,1274.6193689,40.00000000008,0.982617187501356,0.992564497705865,INSIDE,16.0204160163254,0.00994731020450901,18.8723867469612,0.370553747346441,true,0.00019531250200655,0.370553747556183,43.2337174594742,50.9302277238525,50.9302277238467,0.0021339244508768,0.00251380784897876,1,false,false,ABSOLUTE_PHYSICAL_PCC_HULL;CENTERED_SIGN_NORMALIZED_PRODUCTION_RAY,kW physical distances; dimensionless normalized radius and ratios
2011-09-30 05:30:00,RAY:55.000000:ADAPTIVE,RAY,55.000000,ADAPTIVE,VMAX_BUS_30,VMAX,30,828.625634742,1748.50264349,54.9999999999817,1.02597656249902,1.02625518533915,INSIDE,0.576452584804357,0.000278622840127474,0.576471589939294,0.404102213143247,true,0.000195312498407763,0.404102213733295,1.42650192465047,1.42654895308226,1.42654895308186,7.67836655572255e-05,7.67861970471751e-05,1,false,false,ABSOLUTE_PHYSICAL_PCC_HULL;CENTERED_SIGN_NORMALIZED_PRODUCTION_RAY,kW physical distances; dimensionless normalized radius and ratios
2011-09-30 05:30:00,RAY:60.000000:BASE,RAY,60.000000,BASE,VMAX_BUS_30,VMAX,30,688.824920654,1807.35411024,59.9999999999482,1.00039062499806,1.00526852048349,INSIDE,10.3027378217464,0.00487789548542739,10.3354875680251,0.413836232307404,true,0.000195312497753397,0.413836232949527,24.8956882395289,24.9748251726638,24.9748251726562,0.00137232791747692,0.00137669019397916,1,false,false,ABSOLUTE_PHYSICAL_PCC_HULL;CENTERED_SIGN_NORMALIZED_PRODUCTION_RAY,kW physical distances; dimensionless normalized radius and ratios
2011-09-30 05:30:00,RAY:70.000000:BASE,RAY,70.000000,BASE,VMAX_BUS_30,VMAX,30,424.904972655,1920.86857459,70.0000000000179,0.975195312500784,0.987522755831959,INSIDE,26.5050204270679,0.0123274433311754,27.1231019116575,0.21486534743398,true,9.7656249072875e-05,0.214865347562819,123.356421794407,126.233020909662,126.233020909655,0.00353047705519462,0.00361280570329314,1,false,false,ABSOLUTE_PHYSICAL_PCC_HULL;CENTERED_SIGN_NORMALIZED_PRODUCTION_RAY,kW physical distances; dimensionless normalized radius and ratios
2011-09-30 05:30:00,RAY:80.000000:BASE,RAY,80.000000,BASE,VMAX_BUS_30,VMAX,30,166.685162253,2035.33501406,80.0000000000229,0.98173828125192,1.00025777095879,INSIDE,39.3114734612065,0.0185194897068685,41.70130175434,0.219897679011984,true,9.76562512443602e-05,0.219897678920828,178.771661610235,189.639572181898,189.639572181906,0.00523630062623706,0.00555462650634641,1,false,false,ABSOLUTE_PHYSICAL_PCC_HULL;CENTERED_SIGN_NORMALIZED_PRODUCTION_RAY,kW physical distances; dimensionless normalized radius and ratios
2011-09-30 05:30:00,RAY:90.000000:BASE,RAY,90.000000,BASE,VMAX_BUS_30,VMAX,30,-103.28125,2158.49462891,90,1.02109375000165,1.0455077812548,INSIDE,49.5809070084806,0.0244140312531496,55.4045921751163,0.443237309999859,true,0.000195312502340839,0.443237309999741,111.860860739581,124.999838517991,124.999838517991,0.00660419240388198,0.00737990909929293,1,false,false,ABSOLUTE_PHYSICAL_PCC_HULL;CENTERED_SIGN_NORMALIZED_PRODUCTION_RAY,kW physical distances; dimensionless normalized radius and ratios
2011-09-30 11:30:00,AXIS:P13_POSITIVE:AXIS,AXIS,P13_POSITIVE,AXIS,VMAX_BUS_13,VMAX,13,1550,0,1.6144405118683,1.00059435073665,1.04129930533679,INSIDE,61.8761022795902,0.0407049546001454,64.5443776608934,0.3125,false,,,198.003527294689,,,0.00825853434661013,0.0086146660852115,1,false,false,ABSOLUTE_PHYSICAL_PCC_HULL;CENTERED_SIGN_NORMALIZED_PRODUCTION_RAY,kW physical distances; dimensionless normalized radius and ratios
2011-09-30 11:30:00,AXIS:P30_POSITIVE:AXIS,AXIS,P30_POSITIVE,AXIS,VMAX_BUS_30,VMAX,30,0,2208.75,88.7238835909302,1.00038562977775,1.02274160956756,INSIDE,45.8402791418511,0.0223559797898143,50.7974936948031,0.3125,false,,,146.688893253923,,,0.00611825092085746,0.00677988481731854,1,false,false,ABSOLUTE_PHYSICAL_PCC_HULL;CENTERED_SIGN_NORMALIZED_PRODUCTION_RAY,kW physical distances; dimensionless normalized radius and ratios
2011-09-30 11:30:00,RAY:0.000000:BASE,RAY,0.000000,BASE,VMAX_BUS_13,VMAX,13,1570.73828125,-64.0625,0,1.01328125,1.05524303631803,INSIDE,62.9437662812175,0.0419617863180297,66.5094313140771,0.309570310000026,true,0.00019531249842264,0.309570309999884,203.326237200241,214.844347683413,214.844347683413,0.00840103426989612,0.00887693960422568,1,false,false,ABSOLUTE_PHYSICAL_PCC_HULL;CENTERED_SIGN_NORMALIZED_PRODUCTION_RAY,kW physical distances; dimensionless normalized radius and ratios
2011-09-30 11:30:00,RAY:10.000000:BASE,RAY,10.000000,BASE,VMAX_BUS_13,VMAX,13,1450.00071205,311.438796254,9.99999999999176,0.951562500000648,0.986403737324431,INSIDE,55.9100799606614,0.0348412373237837,56.0954040701449,0.157229397018657,true,9.76562487776667e-05,0.157229397000153,355.595588489264,356.77427466118,356.774274661184,0.00746225600297943,0.00748699100513759,1,false,false,ABSOLUTE_PHYSICAL_PCC_HULL;CENTERED_SIGN_NORMALIZED_PRODUCTION_RAY,kW physical distances; dimensionless normalized radius and ratios
2011-09-30 11:30:00,RAY:100.000000:BASE,RAY,100.000000,BASE,VMAX_BUS_30,VMAX,30,-334.090130036,2365.36493923,99.9999999999913,1.08554687500089,1.11434267205496,INSIDE,54.1913304072657,0.0287957970540735,64.9298147621423,0.440397764382053,true,0.000195312503060929,0.440397764321728,123.050875345166,147.43447860627,147.434478606273,0.00723285641740435,0.00866610994514855,1,false,false,ABSOLUTE_PHYSICAL_PCC_HULL;CENTERED_SIGN_NORMALIZED_PRODUCTION_RAY,kW physical distances; dimensionless normalized radius and ratios
2011-09-30 11:30:00,RAY:105.000000:ADAPTIVE,RAY,105.000000,ADAPTIVE,VMAX_BUS_30,VMAX,30,-504.751356373,2447.83091277,104.999999999992,1.14433593750041,1.17587677145179,INSIDE,56.2510756139564,0.0315408339513843,70.4329057299105,0.218073293501134,true,9.76562511969536e-05,0.218073293340717,257.945733339713,322.978135703495,322.978135703515,0.00750776831243384,0.00940060135775365,1,false,false,ABSOLUTE_PHYSICAL_PCC_HULL;CENTERED_SIGN_NORMALIZED_PRODUCTION_RAY,kW physical distances; dimensionless normalized radius and ratios
2011-09-30 11:30:00,RAY:110.000000:BASE,RAY,110.000000,BASE,VMAX_BUS_30,VMAX,30,-697.163895849,2543.10687619,109.999999999982,1.22089843750098,1.25471113921413,INSIDE,56.5139405191045,0.0338127017131478,74.4956631744099,0.430309722883239,true,0.000195312501179101,0.430309722808451,131.333171234058,173.121031726185,173.12103172619,0.00754285259809028,0.00994285306174328,1,false,false,ABSOLUTE_PHYSICAL_PCC_HULL;CENTERED_SIGN_NORMALIZED_PRODUCTION_RAY,kW physical distances; dimensionless normalized radius and ratios
2011-09-30 11:30:00,RAY:115.000000:ADAPTIVE,RAY,115.000000,ADAPTIVE,VMAX_BUS_30,VMAX,30,-920.116245524,2656.43937667,115.000000000044,1.32089843749825,1.35593677693296,INSIDE,54.1905483801795,0.0350383394347094,75.8852056030193,0.42300317961097,true,0.000195312497333289,0.423003180404654,128.109080480241,179.39630035511,179.396300355061,0.00723275204112153,0.0101283137396135,1,false,false,ABSOLUTE_PHYSICAL_PCC_HULL;CENTERED_SIGN_NORMALIZED_PRODUCTION_RAY,kW physical distances; dimensionless normalized radius and ratios
2011-09-30 11:30:00,RAY:120.000000:BASE,RAY,120.000000,BASE,VMAX_BUS_30,VMAX,30,-1187.22363281,2796.51835887,119.999999999931,1.45351562499989,1.48724089015413,INSIDE,47.5547087302917,0.0337252651542357,71.5520143564717,0.414377849815523,true,0.000195312499658318,0.414377847457323,114.761705413218,172.673357891764,172.673357891896,0.00634707392552903,0.00954996753774155,1,false,false,ABSOLUTE_PHYSICAL_PCC_HULL;CENTERED_SIGN_NORMALIZED_PRODUCTION_RAY,kW physical distances; dimensionless normalized radius and ratios
2011-09-30 11:30:00,RAY:125.000000:ADAPTIVE,RAY,125.000000,ADAPTIVE,VMAX_BUS_30,VMAX,30,-1521.50842071,2979.0913443,125.000000000016,1.63476562500061,1.66069567177653,INSIDE,32.7440742897811,0.0259300467759191,53.7181751390022,0.404620605889922,true,0.000195312503027845,0.404620606169949,80.9253750628044,132.761837434557,132.761837434546,0.00437031506846074,0.0071697049115681,1,false,false,ABSOLUTE_PHYSICAL_PCC_HULL;CENTERED_SIGN_NORMALIZED_PRODUCTION_RAY,kW physical distances; dimensionless normalized radius and ratios
2011-09-30 11:30:00,RAY:20.000000:BASE,RAY,20.000000,BASE,VMAX_BUS_13,VMAX,13,1342.68524459,655.037022369,19.9999999999857,0.925195312501252,0.953184312428092,INSIDE,46.4795321105528,0.0279889999268401,47.0219673989068,0.164064062442348,true,9.76562505874412e-05,0.164064062432563,283.301116762763,286.607357526786,286.607357526787,0.00620357130148423,0.00627596953431801,1,false,false,ABSOLUTE_PHYSICAL_PCC_HULL;CENTERED_SIGN_NORMALIZED_PRODUCTION_RAY,kW physical distances; dimensionless normalized radius and ratios
2011-09-30 11:30:00,RAY:30.000000:BASE,RAY,30.000000,BASE,VMAX_BUS_13,VMAX,13,1240.28710173,991.851074219,30.0000000000229,0.929296874999577,0.950055952530771,INSIDE,34.5867791040536,0.0207590775311945,36.9909800544022,0.348030913285262,true,0.000195312497304645,0.34803091232309,99.3784683595182,106.286478426493,106.286478426554,0.00461625882442924,0.00493714484331404,1,false,false,ABSOLUTE_PHYSICAL_PCC_HULL;CENTERED_SIGN_NORMALIZED_PRODUCTION_RAY,kW physical distances; dimensionless normalized radius and ratios
2011-09-30 11:30:00,RAY:330.000000:BASE,RAY,330.000000,BASE,VMAX_BUS_13,VMAX,13,2239.21188442,-1946.86425781,330,1.6570312499978,1.69835047875473,INSIDE,38.5102325561508,0.0413192287569271,73.6274896855977,0.348030914560735,true,0.000195312497744959,0.348030913107675,110.651758062229,211.554453678034,211.554453678138,0.00513991777995072,0.00982697891466506,1,false,false,ABSOLUTE_PHYSICAL_PCC_HULL;CENTERED_SIGN_NORMALIZED_PRODUCTION_RAY,kW physical distances; dimensionless normalized radius and ratios
2011-09-30 11:30:00,RAY:335.000000:ADAPTIVE,RAY,335.000000,ADAPTIVE,VMAX_BUS_13,VMAX,13,2055.74578512,-1462.08226534,335.000000000058,1.45566406250087,1.50859834316402,INSIDE,55.5411211247546,0.0529342806631459,91.4690617104511,0.337494927143312,true,0.000195312502019762,0.337494929113494,164.5687583955,271.023514192603,271.023514192391,0.00741301147873559,0.0122082736300139,1,false,false,ABSOLUTE_PHYSICAL_PCC_HULL;CENTERED_SIGN_NORMALIZED_PRODUCTION_RAY,kW physical distances; dimensionless normalized radius and ratios
2011-09-30 11:30:00,RAY:340.000000:BASE,RAY,340.000000,BASE,VMAX_BUS_13,VMAX,13,1918.37820143,-1083.58379876,340.000000000045,1.31171875000258,1.36633956407364,INSIDE,63.2777134066704,0.0546208140710613,91.7638409826794,0.328128124884696,true,0.000195312501174882,0.328128124865073,192.844528121161,279.658566361577,279.658566361579,0.0084456058202023,0.0122476174906431,1,false,false,ABSOLUTE_PHYSICAL_PCC_HULL;CENTERED_SIGN_NORMALIZED_PRODUCTION_RAY,kW physical distances; dimensionless normalized radius and ratios
2011-09-30 11:30:00,RAY:345.000000:ADAPTIVE,RAY,345.000000,ADAPTIVE,VMAX_BUS_13,VMAX,13,1809.05494864,-772.619065432,345.000000000006,1.20468750000041,1.25734296571332,INSIDE,66.2889216840039,0.0526554657129135,86.3594170214251,0.320329018498263,true,0.000195312500113065,0.320329018429405,206.940108001372,269.59598429405,269.595984294059,0.00884750842988491,0.0115262950533314,1,false,false,ABSOLUTE_PHYSICAL_PCC_HULL;CENTERED_SIGN_NORMALIZED_PRODUCTION_RAY,kW physical distances; dimensionless normalized radius and ratios
2011-09-30 11:30:00,RAY:350.000000:BASE,RAY,350.000000,BASE,VMAX_BUS_13,VMAX,13,1718.28388664,-507.388332523,350.000000000011,1.12343750000056,1.17271723024445,INSIDE,66.5160220146332,0.0492797302438897,79.3417970438055,0.314458794037299,true,0.000195312497555333,0.314458794000301,211.525399435143,252.31222200683,252.312222006835,0.00887781925767677,0.0105896611432839,1,false,false,ABSOLUTE_PHYSICAL_PCC_HULL;CENTERED_SIGN_NORMALIZED_PRODUCTION_RAY,kW physical distances; dimensionless normalized radius and ratios
2011-09-30 11:30:00,RAY:40.000000:BASE,RAY,40.000000,BASE,VMAX_BUS_13,VMAX,13,1135.70762193,1344.74778414,40.0000000000529,0.964453124998977,0.976522128429862,INSIDE,19.5632306079248,0.0120690034308848,22.9246913530634,0.370989931880843,true,0.000195312499999267,0.370989933470756,52.7325108494001,61.793297566362,61.7932975663084,0.00261108256586959,0.00305973298171302,1,false,false,ABSOLUTE_PHYSICAL_PCC_HULL;CENTERED_SIGN_NORMALIZED_PRODUCTION_RAY,kW physical distances; dimensionless normalized radius and ratios
2011-09-30 11:30:00,RAY:60.000000:BASE,RAY,60.000000,BASE,VMAX_BUS_30,VMAX,30,747.049072266,1878.80312096,60.0000000000481,0.987207031251909,0.99147438268377,INSIDE,9.02602190234275,0.00426735143186119,9.05367502731892,0.20718893066643,true,9.76562526810998e-05,0.207188929779432,43.5642091173031,43.6976774625624,43.6976774625809,0.00120469307450771,0.00120838390625039,1,false,false,ABSOLUTE_PHYSICAL_PCC_HULL;CENTERED_SIGN_NORMALIZED_PRODUCTION_RAY,kW physical distances; dimensionless normalized radius and ratios
2011-09-30 11:30:00,RAY:70.000000:BASE,RAY,70.000000,BASE,VMAX_BUS_30,VMAX,30,486.35472562,1990.89246984,69.999999999977,0.96230468749965,0.973729405359657,INSIDE,24.6051869374809,0.0114247178600067,25.1707757866232,0.43030972288346,true,0.000195312501179101,0.430309722808394,57.1801789013832,58.4945550901025,58.4945550901046,0.00328402685272202,0.00335951536548574,1,false,false,ABSOLUTE_PHYSICAL_PCC_HULL;CENTERED_SIGN_NORMALIZED_PRODUCTION_RAY,kW physical distances; dimensionless normalized radius and ratios
2011-09-30 11:30:00,RAY:80.000000:BASE,RAY,80.000000,BASE,VMAX_BUS_30,VMAX,30,231.265093981,2103.53927602,80.0000000000045,0.968554687499002,0.986042042193745,INSIDE,37.1918821424431,0.0174873546947427,39.4311259687425,0.440397754334876,true,0.000195312498617928,0.440397754303487,84.4506625575629,89.535256670653,89.5352566706543,0.00496395902089256,0.00526282839644512,1,false,false,ABSOLUTE_PHYSICAL_PCC_HULL;CENTERED_SIGN_NORMALIZED_PRODUCTION_RAY,kW physical distances; dimensionless normalized radius and ratios
2011-09-30 11:30:00,RAY:90.000000:BASE,RAY,90.000000,BASE,VMAX_BUS_30,VMAX,30,-35.3125,2224.85986328,90,1.00722656249945,1.0303785273552,INSIDE,47.120568931558,0.0231519648557461,52.612840134683,0.443847659999847,true,0.000195312501650058,0.443847659999757,106.163833175496,118.538059059975,118.538059059975,0.006289129770888,0.00702217708157595,1,false,false,ABSOLUTE_PHYSICAL_PCC_HULL;CENTERED_SIGN_NORMALIZED_PRODUCTION_RAY,kW physical distances; dimensionless normalized radius and ratios
2011-11-14 17:30:00,AXIS:P13_POSITIVE:AXIS,AXIS,P13_POSITIVE,AXIS,VMAX_BUS_13,VMAX,13,2240,0,339.144580403041,1.07032100366367,1.1255264329241,INSIDE,63.602632460732,0.0552054292604205,94.0868250125481,0.3125,false,,,203.528423874342,,,0.00844971881831279,0.0124995960875466,1,false,false,ABSOLUTE_PHYSICAL_PCC_HULL;CENTERED_SIGN_NORMALIZED_PRODUCTION_RAY,kW physical distances; dimensionless normalized radius and ratios
2011-11-14 17:30:00,AXIS:P30_POSITIVE:AXIS,AXIS,P30_POSITIVE,AXIS,VMAX_BUS_30,VMAX,30,0,3181.25,111.839743471414,1.07746768382624,1.11351695588669,INSIDE,59.6899252889755,0.0360492720604444,79.9992000190235,0.3125,false,,,191.007760924722,,,0.00792990895918235,0.0106280309430282,1,false,false,ABSOLUTE_PHYSICAL_PCC_HULL;CENTERED_SIGN_NORMALIZED_PRODUCTION_RAY,kW physical distances; dimensionless normalized radius and ratios
2011-11-14 17:30:00,RAY:0.000000:BASE,RAY,0.000000,BASE,VMAX_BUS_13,VMAX,13,1951.77352905,877.65625,0,0.81992187499829,0.856295482538513,INSIDE,55.0822564034884,0.0363736075402232,58.155146743021,0.312271119999878,true,0.000195312501148237,0.312271119999896,176.392413116877,186.232869511085,186.232869511085,0.00731777224433345,0.00772601099678746,1,false,false,ABSOLUTE_PHYSICAL_PCC_HULL;CENTERED_SIGN_NORMALIZED_PRODUCTION_RAY,kW physical distances; dimensionless normalized radius and ratios
2011-11-14 17:30:00,RAY:10.000000:BASE,RAY,10.000000,BASE,VMAX_BUS_13,VMAX,13,1855.28356991,1186.14147982,9.99999999993034,0.771289062499617,0.800631521680905,INSIDE,47.5239820483519,0.0293424591812874,47.6680819596942,0.317293524342186,true,0.000195312500871458,0.317293524778392,149.779237212227,150.23339033787,150.233390337818,0.00631364253174651,0.00633278645213908,1,false,false,ABSOLUTE_PHYSICAL_PCC_HULL;CENTERED_SIGN_NORMALIZED_PRODUCTION_RAY,kW physical distances; dimensionless normalized radius and ratios
2011-11-14 17:30:00,RAY:100.000000:BASE,RAY,100.000000,BASE,VMAX_BUS_30,VMAX,30,380.95746126,3001.07622866,99.9999999999866,0.936132812500052,0.963935506016629,INSIDE,53.1790120850652,0.027802693516577,63.535186136499,0.446331432370444,true,0.000195312499636113,0.446331432304072,119.146912424774,142.349791070086,142.349791070091,0.00706492297204655,0.00844075845844955,1,false,false,ABSOLUTE_PHYSICAL_PCC_HULL;CENTERED_SIGN_NORMALIZED_PRODUCTION_RAY,kW physical distances; dimensionless normalized radius and ratios
2011-11-14 17:30:00,RAY:105.000000:ADAPTIVE,RAY,105.000000,ADAPTIVE,VMAX_BUS_30,VMAX,30,233.033013138,3070.29979878,105.000000000013,0.985546874999269,1.01662815747102,INSIDE,56.3687191442054,0.0310812824717538,70.3355500285604,0.441983434796602,true,0.000195312498245226,0.441983435014817,127.535818554254,159.136167685129,159.136167685114,0.00748868102607304,0.0093441984659933,1,false,false,ABSOLUTE_PHYSICAL_PCC_HULL;CENTERED_SIGN_NORMALIZED_PRODUCTION_RAY,kW physical distances; dimensionless normalized radius and ratios
2011-11-14 17:30:00,RAY:110.000000:BASE,RAY,110.000000,BASE,VMAX_BUS_30,VMAX,30,67.0067883489,3148.98327464,109.999999999975,1.04941406250121,1.08414281265775,INSIDE,59.0614397046504,0.0347287501565385,77.5279953235059,0.436013006623673,true,0.00019531250224758,0.436013006302205,135.457976728724,177.811198755296,177.81119875532,0.00784641357128015,0.010299727160437,1,false,false,ABSOLUTE_PHYSICAL_PCC_HULL;CENTERED_SIGN_NORMALIZED_PRODUCTION_RAY,kW physical distances; dimensionless normalized radius and ratios
2011-11-14 17:30:00,RAY:115.000000:ADAPTIVE,RAY,115.000000,ADAPTIVE,VMAX_BUS_30,VMAX,30,-124.443220995,3241.97393895,114.99999999998,1.13261718750128,1.17080709775152,INSIDE,60.1401714065069,0.0381899102502363,83.7930695703473,0.42853816467247,true,0.00019531250157323,0.428538164270243,140.337959053126,195.532338906209,195.53233890624,0.0079897249281916,0.0111320530204452,1,false,false,ABSOLUTE_PHYSICAL_PCC_HULL;CENTERED_SIGN_NORMALIZED_PRODUCTION_RAY,kW physical distances; dimensionless normalized radius and ratios
2011-11-14 17:30:00,RAY:120.000000:BASE,RAY,120.000000,BASE,VMAX_BUS_30,VMAX,30,-352.162780762,3355.44774887,119.999999999987,1.24218750000085,1.28314471730363,INSIDE,58.8513151433716,0.0409572173027801,88.014108029686,0.83942497413164,true,0.000390625001217559,0.839424973676591,70.1090829519952,104.850475968303,104.850475968321,0.00781849816289319,0.0116928252200034,1,false,false,ABSOLUTE_PHYSICAL_PCC_HULL;CENTERED_SIGN_NORMALIZED_PRODUCTION_RAY,kW physical distances; dimensionless normalized radius and ratios
2011-11-14 17:30:00,RAY:125.000000:ADAPTIVE,RAY,125.000000,ADAPTIVE,VMAX_BUS_30,VMAX,30,-634.055250829,3500.66364098,125.000000000012,1.39023437499973,1.43137741066167,INSIDE,52.9960551593887,0.0411430356619413,86.3098080225709,0.819452626395539,true,0.00039062499872311,0.81945262682211,64.6725063198567,105.326171638864,105.326171638849,0.00704061683064927,0.0114664060407177,1,false,false,ABSOLUTE_PHYSICAL_PCC_HULL;CENTERED_SIGN_NORMALIZED_PRODUCTION_RAY,kW physical distances; dimensionless normalized radius and ratios
2011-11-14 17:30:00,RAY:130.000000:BASE,RAY,130.000000,BASE,VMAX_BUS_30,VMAX,30,-1002.267335,3698.65385924,130.000000000031,1.59882812500319,1.63237794704867,INSIDE,37.8940367860609,0.0335498220454833,68.5052913023846,0.79761614633601,true,0.000390625005900036,0.797616147796892,47.5091144532791,85.8875431391838,85.8875431391454,0.00503428778566205,0.00910104545482671,1,false,false,ABSOLUTE_PHYSICAL_PCC_HULL;CENTERED_SIGN_NORMALIZED_PRODUCTION_RAY,kW physical distances; dimensionless normalized radius and ratios
2011-11-14 17:30:00,RAY:20.000000:BASE,RAY,20.000000,BASE,VMAX_BUS_13,VMAX,13,1768.69165425,1469.02120111,19.9999999999753,0.750683593746831,0.773840349723654,INSIDE,38.8038973339216,0.0231567559768228,39.2833470771924,0.165665011535336,true,9.76562475588638e-05,0.165665012446194,234.231096682988,237.125187130139,237.125187129969,0.00515516432010495,0.00521886004088588,1,false,false,ABSOLUTE_PHYSICAL_PCC_HULL;CENTERED_SIGN_NORMALIZED_PRODUCTION_RAY,kW physical distances; dimensionless normalized radius and ratios
2011-11-14 17:30:00,RAY:30.000000:BASE,RAY,30.000000,BASE,VMAX_BUS_13,VMAX,13,1685.54870299,1746.56010437,29.9999999999691,0.754492187500602,0.771465735324716,INSIDE,28.530211129035,0.0169735478241132,30.5687171512693,0.175875206261189,true,9.76562486368904e-05,0.175875207326812,162.218494212682,173.809132144989,173.809132144853,0.00379028748560496,0.00406110650725397,1,false,false,ABSOLUTE_PHYSICAL_PCC_HULL;CENTERED_SIGN_NORMALIZED_PRODUCTION_RAY,kW physical distances; dimensionless normalized radius and ratios
2011-11-14 17:30:00,RAY:325.000000:ADAPTIVE,RAY,325.000000,ADAPTIVE,VMAX_BUS_13,VMAX,13,2654.49749036,-1153.54707136,325.000000000022,1.53750000000302,1.58772378964824,INSIDE,41.0188543175392,0.0502237896452191,93.4296998076009,0.726667122443662,true,0.000390625001580158,0.726667121154516,56.4479292521169,128.572900971657,128.572900971715,0.00544942515463538,0.01241229587692,1,false,false,ABSOLUTE_PHYSICAL_PCC_HULL;CENTERED_SIGN_NORMALIZED_PRODUCTION_RAY,kW physical distances; dimensionless normalized radius and ratios
2011-11-14 17:30:00,RAY:330.000000:BASE,RAY,330.000000,BASE,VMAX_BUS_13,VMAX,13,2463.8598306,-638.595596313,330.000000000043,1.3166015625013,1.37647809113208,INSIDE,56.4074295258088,0.0598765286307772,107.835361627444,0.351750418277022,true,0.000195312499227107,0.351750418171172,160.36208230287,306.567827802733,306.567827802747,0.00749382376666794,0.0143261127593349,1,false,false,ABSOLUTE_PHYSICAL_PCC_HULL;CENTERED_SIGN_NORMALIZED_PRODUCTION_RAY,kW physical distances; dimensionless normalized radius and ratios
2011-11-14 17:30:00,RAY:335.000000:ADAPTIVE,RAY,335.000000,ADAPTIVE,VMAX_BUS_13,VMAX,13,2328.187329,-255.832573781,334.999999999973,1.16445312499877,1.22305903713317,INSIDE,62.1359592676033,0.0586059121344078,102.304061761166,0.681885539350019,true,0.000390624998701128,0.681885539140162,91.1237380496908,150.031135562954,150.03113556297,0.00825486876886011,0.0135912700844083,1,false,false,ABSOLUTE_PHYSICAL_PCC_HULL;CENTERED_SIGN_NORMALIZED_PRODUCTION_RAY,kW physical distances; dimensionless normalized radius and ratios
2011-11-14 17:30:00,RAY:340.000000:BASE,RAY,340.000000,BASE,VMAX_BUS_13,VMAX,13,2223.66861509,47.729738668,339.99999999996,1.05351562499796,1.10799680862587,INSIDE,63.7612795084356,0.0544811836279022,92.4224121795804,0.331330028364623,true,0.000195312496810374,0.331330027763575,192.440388887021,278.943664730257,278.943664730351,0.00847079535072329,0.0122784759877638,1,false,false,ABSOLUTE_PHYSICAL_PCC_HULL;CENTERED_SIGN_NORMALIZED_PRODUCTION_RAY,kW physical distances; dimensionless normalized radius and ratios
2011-11-14 17:30:00,RAY:345.000000:ADAPTIVE,RAY,345.000000,ADAPTIVE,VMAX_BUS_13,VMAX,13,2139.36088058,299.220896305,344.999999999968,0.970312499997991,1.01981652880497,INSIDE,62.9459071723624,0.0495040288069755,81.9495742282714,0.323322691893298,true,0.000195312495257838,0.323322691376194,194.684470810776,253.460633645706,253.460633645787,0.00836247173728947,0.0108871415021519,1,false,false,ABSOLUTE_PHYSICAL_PCC_HULL;CENTERED_SIGN_NORMALIZED_PRODUCTION_RAY,kW physical distances; dimensionless normalized radius and ratios
2011-11-14 17:30:00,RAY:350.000000:BASE,RAY,350.000000,BASE,VMAX_BUS_13,VMAX,13,2068.09226651,515.113846453,349.999999999977,0.906445312499115,0.951343827475683,INSIDE,61.1988795427052,0.0448985149765684,72.9395610146107,0.158646762663706,true,9.7656250586553e-05,0.158646762634203,385.755615274876,459.760790598598,459.760790598607,0.00813037612005946,0.00969014579208091,1,false,false,ABSOLUTE_PHYSICAL_PCC_HULL;CENTERED_SIGN_NORMALIZED_PRODUCTION_RAY,kW physical distances; dimensionless normalized radius and ratios
2011-11-14 17:30:00,RAY:40.000000:BASE,RAY,40.000000,BASE,VMAX_BUS_13,VMAX,13,1600.34494337,2037.49381321,39.9999999999337,0.783398437501284,0.793130804181629,INSIDE,15.9119221146743,0.00973236668034538,18.7003602305081,0.375285299560604,true,0.000195312502684231,0.375285300860728,42.3995347894108,49.8297167185456,49.8297167185025,0.00211392614623146,0.00248437493285374,1,false,false,ABSOLUTE_PHYSICAL_PCC_HULL;CENTERED_SIGN_NORMALIZED_PRODUCTION_RAY,kW physical distances; dimensionless normalized radius and ratios
2011-11-14 17:30:00,RAY:60.000000:BASE,RAY,60.000000,BASE,VMAX_BUS_30,VMAX,30,1325.74800491,2586.59216349,60.0000000001482,0.856738281249672,0.860472149553492,INSIDE,8.00061824219951,0.00373386830382028,8.02381386977064,0.209856243719069,true,9.76562504607648e-05,0.209856243755353,38.1242802235124,38.2348112507189,38.2348112507182,0.00106289585672397,0.00106597743563364,1,false,false,ABSOLUTE_PHYSICAL_PCC_HULL;CENTERED_SIGN_NORMALIZED_PRODUCTION_RAY,kW physical distances; dimensionless normalized radius and ratios
2011-11-14 17:30:00,RAY:70.000000:BASE,RAY,70.000000,BASE,VMAX_BUS_30,VMAX,30,1097.01504178,2683.13507416,69.9999999998097,0.834179687499883,0.844416162748106,INSIDE,22.3509132843905,0.0102364752482235,22.8517698332287,0.436012998740681,true,0.000195312499750688,0.436013000728413,51.2620342717894,52.4107533378052,52.4107533377492,0.00296935716775862,0.0030358968193777,1,false,false,ABSOLUTE_PHYSICAL_PCC_HULL;CENTERED_SIGN_NORMALIZED_PRODUCTION_RAY,kW physical distances; dimensionless normalized radius and ratios
2011-11-14 17:30:00,RAY:80.000000:BASE,RAY,80.000000,BASE,VMAX_BUS_30,VMAX,30,873.648633437,2779.56360831,79.9999999999814,0.838476562499435,0.854434394188351,INSIDE,34.43471782628,0.0159578316889166,36.4671072637503,0.446331432491482,true,0.000195312499744471,0.446331432551699,77.150555214229,81.7040983541472,81.7040983541447,0.00457471132817732,0.00484471775104881,1,false,false,ABSOLUTE_PHYSICAL_PCC_HULL;CENTERED_SIGN_NORMALIZED_PRODUCTION_RAY,kW physical distances; dimensionless normalized radius and ratios
2011-11-14 17:30:00,RAY:90.000000:BASE,RAY,90.000000,BASE,VMAX_BUS_30,VMAX,30,640.859375,2882.68057251,90,0.870507812500102,0.892125432652593,INSIDE,44.6769309079349,0.021617620152491,49.7914591668547,0.449859619999643,true,0.000195312500372968,0.449859619999676,99.3130499420472,110.682214969396,110.682214969396,0.00593540690427098,0.00661488075628282,1,false,false,ABSOLUTE_PHYSICAL_PCC_HULL;CENTERED_SIGN_NORMALIZED_PRODUCTION_RAY,kW physical distances; dimensionless normalized radius and ratios
2011-11-14 19:30:00,AXIS:P13_POSITIVE:AXIS,AXIS,P13_POSITIVE,AXIS,VMAX_BUS_13,VMAX,13,2288.4375,0,337.734418155797,1.08067554685173,1.13663333978447,INSIDE,62.9729371193185,0.0559577929327344,96.1897293511146,0.15625,false,,,403.026797563638,,,0.00838900620111712,0.0128140161936759,1,false,false,ABSOLUTE_PHYSICAL_PCC_HULL;CENTERED_SIGN_NORMALIZED_PRODUCTION_RAY,kW physical distances; dimensionless normalized radius and ratios
2011-11-14 19:30:00,AXIS:P30_POSITIVE:AXIS,AXIS,P30_POSITIVE,AXIS,VMAX_BUS_30,VMAX,30,0,3249.6875,113.28351397335,1.08880789741299,1.12465317321325,INSIDE,58.1875535080866,0.0358452758002674,79.2194771587944,0.3125,false,,,186.200171225877,,,0.00775151627884648,0.0105533061587262,1,false,false,ABSOLUTE_PHYSICAL_PCC_HULL;CENTERED_SIGN_NORMALIZED_PRODUCTION_RAY,kW physical distances; dimensionless normalized radius and ratios
2011-11-14 19:30:00,RAY:0.000000:BASE,RAY,0.000000,BASE,VMAX_BUS_13,VMAX,13,1978.32666016,943.984375,0,0.806250000002344,0.843456134915729,INSIDE,56.4242530509199,0.0372061349133846,59.5210956735451,0.312454230000185,true,0.000195312503980194,0.31245423000019,180.584058826429,190.495406874501,190.495406874501,0.00751661634966617,0.00792916550416823,1,false,false,ABSOLUTE_PHYSICAL_PCC_HULL;CENTERED_SIGN_NORMALIZED_PRODUCTION_RAY,kW physical distances; dimensionless normalized radius and ratios
2011-11-14 19:30:00,RAY:10.000000:BASE,RAY,10.000000,BASE,VMAX_BUS_13,VMAX,13,1883.49708725,1247.63075034,9.99999999994438,0.758496093750347,0.789127579314005,INSIDE,49.6517547204832,0.030631485563658,49.7923332808929,0.158742954009331,true,9.76562492692734e-05,0.158742954221831,312.780841394476,313.666414518911,313.666414518857,0.00661441084536454,0.00663313816648007,1,false,false,ABSOLUTE_PHYSICAL_PCC_HULL;CENTERED_SIGN_NORMALIZED_PRODUCTION_RAY,kW physical distances; dimensionless normalized radius and ratios
2011-11-14 19:30:00,RAY:100.000000:BASE,RAY,100.000000,BASE,VMAX_BUS_30,VMAX,30,431.336940009,3045.84716801,99.9999999999835,0.925781250001719,0.952609390193174,INSIDE,51.4153140992771,0.0268281401914543,61.363969075365,0.446738020337601,true,0.000195312500482214,0.446738020380583,115.090526793359,137.360077441113,137.36007744111,0.00684934526706236,0.00817466582705214,1,false,false,ABSOLUTE_PHYSICAL_PCC_HULL;CENTERED_SIGN_NORMALIZED_PRODUCTION_RAY,kW physical distances; dimensionless normalized radius and ratios
2011-11-14 19:30:00,RAY:105.000000:ADAPTIVE,RAY,105.000000,ADAPTIVE,VMAX_BUS_30,VMAX,30,285.059666147,3113.84502384,105.000000000027,0.974414062499062,1.00452610532967,INSIDE,54.7262608673769,0.0301120428306122,68.2038591113289,0.442383341601965,true,0.00019531249856175,0.442383341758729,123.707779477413,154.173660428044,154.173660428033,0.00729041653100119,0.00908584898844637,1,false,false,ABSOLUTE_PHYSICAL_PCC_HULL;CENTERED_SIGN_NORMALIZED_PRODUCTION_RAY,kW physical distances; dimensionless normalized radius and ratios
2011-11-14 19:30:00,RAY:110.000000:BASE,RAY,110.000000,BASE,VMAX_BUS_30,VMAX,30,120.845354087,3191.58137928,109.999999999991,1.03750000000026,1.07104905017644,INSIDE,57.1857278513864,0.0335490501761846,74.9615579981975,0.436403693972655,true,0.000195312501585665,0.436403693651451,131.038597154885,171.771135507523,171.771135507547,0.00761805701791711,0.00998608296927226,1,false,false,ABSOLUTE_PHYSICAL_PCC_HULL;CENTERED_SIGN_NORMALIZED_PRODUCTION_RAY,kW physical distances; dimensionless normalized radius and ratios
2011-11-14 19:30:00,RAY:115.000000:ADAPTIVE,RAY,115.000000,ADAPTIVE,VMAX_BUS_30,VMAX,30,-68.3884454795,3283.12566448,114.999999999989,1.1195312500004,1.15643290375232,INSIDE,58.2562028544279,0.0369016537519249,81.0381069999819,0.428917231369742,true,0.000195312498723732,0.428917231634469,135.821549226146,188.936468444459,188.936468444439,0.00776066147388587,0.0107955768501242,1,false,false,ABSOLUTE_PHYSICAL_PCC_HULL;CENTERED_SIGN_NORMALIZED_PRODUCTION_RAY,kW physical distances; dimensionless normalized radius and ratios
2011-11-14 19:30:00,RAY:120.000000:BASE,RAY,120.000000,BASE,VMAX_BUS_30,VMAX,30,-293.371772766,3394.7990689,119.99999999995,1.2275390625017,1.26708827921714,INSIDE,56.9833263659751,0.0395492167154476,85.0623755448281,0.420077731342516,true,0.000195312500138156,0.420077731371658,135.649481308765,202.491989439857,202.491989439855,0.00759109389067701,0.0113316740264987,1,false,false,ABSOLUTE_PHYSICAL_PCC_HULL;CENTERED_SIGN_NORMALIZED_PRODUCTION_RAY,kW physical distances; dimensionless normalized radius and ratios
2011-11-14 19:30:00,RAY:125.000000:ADAPTIVE,RAY,125.000000,ADAPTIVE,VMAX_BUS_30,VMAX,30,-571.733959963,3537.67363236,124.999999999963,1.37343750000165,1.41305299956889,INSIDE,51.1827327454744,0.0396154995672415,83.1762223464971,0.820151517536033,true,0.000390625002476108,0.82015151682986,62.4064354587086,101.415678249281,101.415678249306,0.00681836169684048,0.0110804081398993,1,false,false,ABSOLUTE_PHYSICAL_PCC_HULL;CENTERED_SIGN_NORMALIZED_PRODUCTION_RAY,kW physical distances; dimensionless normalized radius and ratios
2011-11-14 19:30:00,RAY:130.000000:BASE,RAY,130.000000,BASE,VMAX_BUS_30,VMAX,30,-934.687023054,3731.69297218,129.999999999986,1.57851562500055,1.61088142635978,INSIDE,36.6808655160658,0.0323658013592343,66.1426518748449,0.798280050833182,true,0.00039062500194964,0.798280049697736,45.9498711984362,82.8564510660966,82.8564510661258,0.00488648016676706,0.0088112630936216,1,false,false,ABSOLUTE_PHYSICAL_PCC_HULL;CENTERED_SIGN_NORMALIZED_PRODUCTION_RAY,kW physical distances; dimensionless normalized radius and ratios
2011-11-14 19:30:00,RAY:20.000000:BASE,RAY,20.000000,BASE,VMAX_BUS_13,VMAX,13,1798.3649339,1526.11178143,20.000000000178,0.738281249999023,0.76315929920318,INSIDE,41.6979673913048,0.0248780492041567,42.2311110171789,0.165773924387357,true,9.7656247614375e-05,0.165773923858667,251.535140676714,254.751230073832,254.751230073939,0.00555483868184265,0.00562586197197552,1,false,false,ABSOLUTE_PHYSICAL_PCC_HULL;CENTERED_SIGN_NORMALIZED_PRODUCTION_RAY,kW physical distances; dimensionless normalized radius and ratios
2011-11-14 19:30:00,RAY:30.000000:BASE,RAY,30.000000,BASE,VMAX_BUS_13,VMAX,13,1716.77014671,1799.50042725,30.000000000014,0.742187500003074,0.76123862753829,INSIDE,32.0120605915183,0.0190511275352161,34.3351005292738,0.3520040723475,true,0.000195312504076006,0.352004071657921,90.9423018263149,97.5417709446924,97.5417709447427,0.00426452039713422,0.00457398661126916,1,false,false,ABSOLUTE_PHYSICAL_PCC_HULL;CENTERED_SIGN_NORMALIZED_PRODUCTION_RAY,kW physical distances; dimensionless normalized radius and ratios
2011-11-14 19:30:00,RAY:325.000000:ADAPTIVE,RAY,325.000000,ADAPTIVE,VMAX_BUS_13,VMAX,13,2665.96613389,-1051.37243206,325.000000000045,1.50898437499867,1.55744336782118,INSIDE,39.7993412007635,0.0484589928225059,90.2145435425511,0.727213953758177,true,0.000390624997240518,0.727213954929988,54.7285169585706,124.055022501974,124.055022501922,0.00530191119243756,0.0120180255174606,1,false,false,ABSOLUTE_PHYSICAL_PCC_HULL;CENTERED_SIGN_NORMALIZED_PRODUCTION_RAY,kW physical distances; dimensionless normalized radius and ratios
2011-11-14 19:30:00,RAY:330.000000:BASE,RAY,330.000000,BASE,VMAX_BUS_13,VMAX,13,2480.11383242,-546.639778137,329.999999999935,1.29316406249729,1.35159310318822,INSIDE,55.2963610845112,0.0584290406909236,105.304370160986,0.352004060183502,true,0.000195312497144773,0.352004059166173,157.090122925528,299.15669271083,299.15669271096,0.00736636303239648,0.014028232677339,1,false,false,ABSOLUTE_PHYSICAL_PCC_HULL;CENTERED_SIGN_NORMALIZED_PRODUCTION_RAY,kW physical distances; dimensionless normalized radius and ratios
2011-11-14 19:30:00,RAY:335.000000:ADAPTIVE,RAY,335.000000,ADAPTIVE,VMAX_BUS_13,VMAX,13,2347.382284,-170.752040248,335.000000000024,1.14414062500144,1.20188476675927,INSIDE,61.4552321505511,0.0577441417578306,100.869164920553,0.3411776221609,true,0.000195312502350609,0.341177622715004,180.126796597371,295.650002241911,295.650002241828,0.0081868235338178,0.013437392135874,1,false,false,ABSOLUTE_PHYSICAL_PCC_HULL;CENTERED_SIGN_NORMALIZED_PRODUCTION_RAY,kW physical distances; dimensionless normalized radius and ratios
2011-11-14 19:30:00,RAY:340.000000:BASE,RAY,340.000000,BASE,VMAX_BUS_13,VMAX,13,2245.24076675,127.46598641,340.000000000036,1.03554687500201,1.08949887264373,INSIDE,63.3423990413032,0.05395199764172,91.5848659718359,0.331547857630701,true,0.00019531250110294,0.331547857688688,191.050545444507,276.234226365697,276.234226365688,0.00843822446052169,0.0122005744643998,1,false,false,ABSOLUTE_PHYSICAL_PCC_HULL;CENTERED_SIGN_NORMALIZED_PRODUCTION_RAY,kW physical distances; dimensionless normalized radius and ratios
2011-11-14 19:30:00,RAY:345.000000:ADAPTIVE,RAY,345.000000,ADAPTIVE,VMAX_BUS_13,VMAX,13,2162.24215602,374.92508638,345.000000000051,0.953710937502502,1.00331654900443,INSIDE,63.242145561966,0.049605611501928,82.1693953822246,0.323526105555149,true,0.0001953125035139,0.323526105987151,195.477720270662,253.980726320461,253.980726320392,0.00842486908758983,0.0109462826245095,1,false,false,ABSOLUTE_PHYSICAL_PCC_HULL;CENTERED_SIGN_NORMALIZED_PRODUCTION_RAY,kW physical distances; dimensionless normalized radius and ratios
2011-11-14 19:30:00,RAY:350.000000:BASE,RAY,350.000000,BASE,VMAX_BUS_13,VMAX,13,2092.58422607,587.208680219,350.000000000031,0.891210937501879,0.936373244737124,INSIDE,61.693710100868,0.0451623072352451,73.4125887860799,0.317485909003724,true,0.00019531249883975,0.317485908933231,194.319522067811,231.231014418078,231.231014418089,0.00821859262536022,0.00977973540283793,1,false,false,ABSOLUTE_PHYSICAL_PCC_HULL;CENTERED_SIGN_NORMALIZED_PRODUCTION_RAY,kW physical distances; dimensionless normalized radius and ratios
2011-11-14 19:30:00,RAY:40.000000:BASE,RAY,40.000000,BASE,VMAX_BUS_13,VMAX,13,1632.88612869,2085.92653244,39.9999999998406,0.770605468750739,0.783060774466797,INSIDE,20.3457023042274,0.0124553057160581,23.951095057898,0.187789374825534,true,9.76562482422061e-05,0.187789375706178,108.343202713836,127.542332828173,127.542332828097,0.0027103741798298,0.00319067037612595,1,false,false,ABSOLUTE_PHYSICAL_PCC_HULL;CENTERED_SIGN_NORMALIZED_PRODUCTION_RAY,kW physical distances; dimensionless normalized radius and ratios
2011-11-14 19:30:00,RAY:50.000000:BASE,RAY,50.000000,BASE,VMAX_BUS_13,VMAX,13,1540.68697314,2407.51414212,50.0000000001886,0.828710937500209,0.832203316622388,INSIDE,5.36791591771068,0.00349237912217903,7.13701520718218,0.399140027976274,true,0.000195312501229949,0.39914002537017,13.4487035663328,17.880980992954,17.8809809929815,0.000715092577553218,0.000950765004291839,1,false,false,ABSOLUTE_PHYSICAL_PCC_HULL;CENTERED_SIGN_NORMALIZED_PRODUCTION_RAY,kW physical distances; dimensionless normalized radius and ratios
2011-11-14 19:30:00,RAY:60.000000:BASE,RAY,60.000000,BASE,VMAX_BUS_30,VMAX,30,1366.38506317,2635.96288841,59.9999999999802,0.847460937497758,0.851191127442587,INSIDE,8.00056473197672,0.00373018994482854,8.02288500992015,0.210038858798501,true,9.76562463155251e-05,0.21003885761249,38.0908788866159,38.1971464761853,38.1971464762102,0.00106580366454596,0.00106877708390105,1,false,false,ABSOLUTE_PHYSICAL_PCC_HULL;CENTERED_SIGN_NORMALIZED_PRODUCTION_RAY,kW physical distances; dimensionless normalized radius and ratios
2011-11-14 19:30:00,RAY:70.000000:BASE,RAY,70.000000,BASE,VMAX_BUS_30,VMAX,30,1140.02294703,2731.65330254,69.9999999999049,0.825195312501572,0.835115556389062,INSIDE,21.6866544704096,0.00992024388749058,22.1656629210932,0.436403694462417,true,0.000195312502013323,0.436403694606959,49.6940212596603,50.7916481803806,50.7916481803767,0.0028890105362092,0.0029528221519126,1,false,false,ABSOLUTE_PHYSICAL_PCC_HULL;CENTERED_SIGN_NORMALIZED_PRODUCTION_RAY,kW physical distances; dimensionless normalized radius and ratios
2011-11-14 19:30:00,RAY:80.000000:BASE,RAY,80.000000,BASE,VMAX_BUS_30,VMAX,30,918.891299361,2826.79226933,80.0000000000264,0.829296875001862,0.844829851745474,INSIDE,33.5662036596082,0.0155329767436114,35.5285568713021,0.223369015071461,true,9.76562523228308e-05,0.2233690149518,150.272425425118,159.057678071269,159.057678071279,0.00447155720424591,0.00473297415595154,1,false,false,ABSOLUTE_PHYSICAL_PCC_HULL;CENTERED_SIGN_NORMALIZED_PRODUCTION_RAY,kW physical distances; dimensionless normalized radius and ratios
2011-11-14 19:30:00,RAY:90.000000:BASE,RAY,90.000000,BASE,VMAX_BUS_30,VMAX,30,688.515625,2928.78161621,90,0.860937499999593,0.881883759568899,INSIDE,43.3622611410815,0.0209462595693056,48.2893104398937,0.450271609999618,true,0.0001953125015417,0.450271609999533,96.3024542922399,107.244848148307,107.244848148307,0.00577654932813033,0.00643291139430853,1,false,false,ABSOLUTE_PHYSICAL_PCC_HULL;CENTERED_SIGN_NORMALIZED_PRODUCTION_RAY,kW physical distances; dimensionless normalized radius and ratios
2011-12-15 05:30:00,AXIS:P13_POSITIVE:AXIS,AXIS,P13_POSITIVE,AXIS,VMAX_BUS_13,VMAX,13,1459.0625,0,4.73984689725681,1.00362964631526,1.03284330345644,INSIDE,45.4687688940605,0.0292136571411807,46.4148602648899,0.3125,false,,,145.500060460994,,,0.00605275414798646,0.00617869682487098,1,false,false,ABSOLUTE_PHYSICAL_PCC_HULL;CENTERED_SIGN_NORMALIZED_PRODUCTION_RAY,kW physical distances; dimensionless normalized radius and ratios
2011-12-15 05:30:00,AXIS:P30_POSITIVE:AXIS,AXIS,P30_POSITIVE,AXIS,VMAX_BUS_30,VMAX,30,0,2080.625,85.508516469549,1.0032186596602,1.0263964165953,INSIDE,48.1971068236642,0.023177756935101,52.4945318112251,0.3125,false,,,154.230741835725,,,0.00641594759091855,0.00698801623389687,1,false,false,ABSOLUTE_PHYSICAL_PCC_HULL;CENTERED_SIGN_NORMALIZED_PRODUCTION_RAY,kW physical distances; dimensionless normalized radius and ratios
2011-12-15 05:30:00,RAY:0.000000:BASE,RAY,0.000000,BASE,VMAX_BUS_13,VMAX,13,1520.28161621,-188.125,0,1.03886718749941,1.0699055597819,INSIDE,46.6353455525193,0.0310383722824896,49.1376231197164,0.309204099999988,true,0.000195312499012834,0.309204099999693,150.823826568021,158.916466889557,158.916466889557,0.00620804759182001,0.00654114811977919,1,false,false,ABSOLUTE_PHYSICAL_PCC_HULL;CENTERED_SIGN_NORMALIZED_PRODUCTION_RAY,kW physical distances; dimensionless normalized radius and ratios
2011-12-15 05:30:00,RAY:10.000000:BASE,RAY,10.000000,BASE,VMAX_BUS_13,VMAX,13,1396.33094283,196.091158184,9.99999999999774,0.975390624999525,1.00234438817027,INSIDE,43.2279012261064,0.0269537631707436,43.3434292087021,0.314075387308247,true,0.000195312502165423,0.314075387453541,137.635430768985,138.003265904169,138.003265904157,0.00575445222774093,0.00576983118989173,1,false,false,ABSOLUTE_PHYSICAL_PCC_HULL;CENTERED_SIGN_NORMALIZED_PRODUCTION_RAY,kW physical distances; dimensionless normalized radius and ratios
2011-12-15 05:30:00,RAY:100.000000:BASE,RAY,100.000000,BASE,VMAX_BUS_30,VMAX,30,-428.275844801,2281.46437084,99.9999999999809,1.10546875000125,1.13712242033675,INSIDE,59.4130085534919,0.0316536703355037,71.246901542445,0.439614436446457,true,0.000195312499854383,0.439614436482151,135.147992485748,162.066792238609,162.066792238607,0.00790899649833005,0.009484311744771,1,false,false,ABSOLUTE_PHYSICAL_PCC_HULL;CENTERED_SIGN_NORMALIZED_PRODUCTION_RAY,kW physical distances; dimensionless normalized radius and ratios
2011-12-15 05:30:00,RAY:105.000000:ADAPTIVE,RAY,105.000000,ADAPTIVE,VMAX_BUS_30,VMAX,30,-601.981568719,2365.92532104,104.99999999997,1.16562500000158,1.20007820554461,INSIDE,61.2752058140789,0.0344532055430369,76.8004697327602,0.435375801102061,true,0.000195312502729639,0.435375800825803,140.740954501775,176.400409915021,176.40040991504,0.00815689021675573,0.0102235968346835,1,false,false,ABSOLUTE_PHYSICAL_PCC_HULL;CENTERED_SIGN_NORMALIZED_PRODUCTION_RAY,kW physical distances; dimensionless normalized radius and ratios
2011-12-15 05:30:00,RAY:110.000000:BASE,RAY,110.000000,BASE,VMAX_BUS_30,VMAX,30,-797.816670257,2463.09476196,109.999999999994,1.24375000000071,1.28073194983053,INSIDE,61.6305798083722,0.0369819498298229,81.3354326674409,0.429556221532348,true,0.000195312499302602,0.429556221595599,143.4750021511,189.347583804792,189.347583804788,0.00820419722484863,0.0108272862765025,1,false,false,ABSOLUTE_PHYSICAL_PCC_HULL;CENTERED_SIGN_NORMALIZED_PRODUCTION_RAY,kW physical distances; dimensionless normalized radius and ratios
2011-12-15 05:30:00,RAY:115.000000:ADAPTIVE,RAY,115.000000,ADAPTIVE,VMAX_BUS_30,VMAX,30,-1024.98916709,2579.31260097,115.000000000086,1.34609375000147,1.38430222732306,INSIDE,58.9106080204457,0.0382084773215878,82.6078710875566,0.422271467577062,true,0.00019531249968785,0.422271467669477,139.50885282036,195.627404199183,195.627404199177,0.00784211747379716,0.0109966719254379,1,false,false,ABSOLUTE_PHYSICAL_PCC_HULL;CENTERED_SIGN_NORMALIZED_PRODUCTION_RAY,kW physical distances; dimensionless normalized radius and ratios
2011-12-15 05:30:00,RAY:120.000000:BASE,RAY,120.000000,BASE,VMAX_BUS_30,VMAX,30,-1297.49536133,2723.3617032,120.00000000006,1.48203124999967,1.51867228555273,INSIDE,51.4953914612332,0.0366410355530609,77.6057453921984,0.827344088236139,true,0.000390624998150013,0.82734408819745,62.2418074818412,93.8010514600744,93.8010514600756,0.00685501173333683,0.0103307942738597,1,false,false,ABSOLUTE_PHYSICAL_PCC_HULL;CENTERED_SIGN_NORMALIZED_PRODUCTION_RAY,kW physical distances; dimensionless normalized radius and ratios
2011-12-15 05:30:00,RAY:125.000000:ADAPTIVE,RAY,125.000000,ADAPTIVE,VMAX_BUS_30,VMAX,30,-1639.14002643,2911.64947955,125.000000000041,1.66816406250019,1.69622951976723,INSIDE,35.3144297460038,0.0280654572670307,58.0448475263185,0.403944398245858,true,0.000195312500112177,0.403944399734332,87.4239868144179,143.695141124666,143.695141124604,0.00470101932222807,0.00772686835776763,1,false,false,ABSOLUTE_PHYSICAL_PCC_HULL;CENTERED_SIGN_NORMALIZED_PRODUCTION_RAY,kW physical distances; dimensionless normalized radius and ratios
2011-12-15 05:30:00,RAY:20.000000:BASE,RAY,20.000000,BASE,VMAX_BUS_13,VMAX,13,1286.27832495,547.569951785,20.0000000000578,0.948242187497248,0.970546977375667,INSIDE,36.9439459781754,0.0223047898784182,37.4232261902958,0.327697497152495,true,0.00019531249852589,0.327697496814214,112.737955886747,114.200525039423,114.200525039447,0.00491793878966445,0.00498174006166983,1,false,false,ABSOLUTE_PHYSICAL_PCC_HULL;CENTERED_SIGN_NORMALIZED_PRODUCTION_RAY,kW physical distances; dimensionless normalized radius and ratios
2011-12-15 05:30:00,RAY:30.000000:BASE,RAY,30.000000,BASE,VMAX_BUS_13,VMAX,13,1181.17959798,891.930374146,29.9999999999612,0.952246093751551,0.969249592501463,INSIDE,28.2009911513701,0.017003498749912,30.2555545117436,0.173766830381523,true,9.76562536239012e-05,0.17376683166152,162.292142231356,174.115820737879,174.115820737747,0.00375408594339755,0.00402758723239828,1,false,false,ABSOLUTE_PHYSICAL_PCC_HULL;CENTERED_SIGN_NORMALIZED_PRODUCTION_RAY,kW physical distances; dimensionless normalized radius and ratios
2011-12-15 05:30:00,RAY:335.000000:ADAPTIVE,RAY,335.000000,ADAPTIVE,VMAX_BUS_13,VMAX,13,2020.53668682,-1621.28135699,335.000000000058,1.49492187500081,1.51697193810032,INSIDE,23.3665177337036,0.0220500630995022,38.0497468932173,0.674065298543788,true,0.00039062499976783,0.674065298782112,34.6650655124707,56.4481615682759,56.4481615682706,0.00311052598468634,0.00506514183118426,1,false,false,ABSOLUTE_PHYSICAL_PCC_HULL;CENTERED_SIGN_NORMALIZED_PRODUCTION_RAY,kW physical distances; dimensionless normalized radius and ratios
2011-12-15 05:30:00,RAY:340.000000:BASE,RAY,340.000000,BASE,VMAX_BUS_13,VMAX,13,1878.14255213,-1232.49361127,339.99999999996,1.34609375000089,1.37694955685366,INSIDE,36.0230584098219,0.0308558068527698,51.7702182100566,0.327697496690028,true,0.000195312498375122,0.327697496561273,109.927780265885,157.981732400491,157.9817324005,0.0047953512161551,0.00689159637779453,1,false,false,ABSOLUTE_PHYSICAL_PCC_HULL;CENTERED_SIGN_NORMALIZED_PRODUCTION_RAY,kW physical distances; dimensionless normalized radius and ratios
2011-12-15 05:30:00,RAY:345.000000:ADAPTIVE,RAY,345.000000,ADAPTIVE,VMAX_BUS_13,VMAX,13,1765.29887409,-913.647561403,345.000000000014,1.23574218750162,1.26943680689302,INSIDE,42.6688732043863,0.0336946193913994,55.1923557658058,0.319925177019864,true,0.000195312501677369,0.319925177158677,133.3714139095,172.516449802371,172.516449802359,0.005680035012153,0.007347147688933,1,false,false,ABSOLUTE_PHYSICAL_PCC_HULL;CENTERED_SIGN_NORMALIZED_PRODUCTION_RAY,kW physical distances; dimensionless normalized radius and ratios
2011-12-15 05:30:00,RAY:350.000000:BASE,RAY,350.000000,BASE,VMAX_BUS_13,VMAX,13,1671.90941265,-641.967834828,350.000000000008,1.15214843750198,1.18586888724471,INSIDE,45.7107544117496,0.0337204497427295,54.2247075872502,0.314075387553231,true,0.000195312502241807,0.31407538757634,145.540708451732,172.648700701104,172.648700701102,0.00608496700269027,0.00721833539273491,1,false,false,ABSOLUTE_PHYSICAL_PCC_HULL;CENTERED_SIGN_NORMALIZED_PRODUCTION_RAY,kW physical distances; dimensionless normalized radius and ratios
2011-12-15 05:30:00,RAY:40.000000:BASE,RAY,40.000000,BASE,VMAX_BUS_13,VMAX,13,1074.03883194,1252.76873849,40.0000000000234,0.988183593747581,0.998246391734008,INSIDE,16.2047640065039,0.010062797986427,19.0845214354437,0.185209198208155,true,9.76562477116305e-05,0.185209198800578,87.4943802104877,103.04305379561,103.043053795577,0.00215716094680366,0.00254051119241559,1,false,false,ABSOLUTE_PHYSICAL_PCC_HULL;CENTERED_SIGN_NORMALIZED_PRODUCTION_RAY,kW physical distances; dimensionless normalized radius and ratios
2011-12-15 05:30:00,RAY:55.000000:ADAPTIVE,RAY,55.000000,ADAPTIVE,VMAX_BUS_30,VMAX,30,810.980432547,1725.96124343,54.9999999999678,1.03007812499932,1.03201477652807,INSIDE,4.00525581480738,0.00193665152875733,4.00537363880366,0.403944396928923,true,0.000195312499025269,0.403944397486342,9.91536420670327,9.91565587672283,9.91565587672024,0.000533175393494963,0.000533191078100013,1,false,false,ABSOLUTE_PHYSICAL_PCC_HULL;CENTERED_SIGN_NORMALIZED_PRODUCTION_RAY,kW physical distances; dimensionless normalized radius and ratios
2011-12-15 05:30:00,RAY:60.000000:BASE,RAY,60.000000,BASE,VMAX_BUS_30,VMAX,30,670.666046143,1785.03266621,59.9999999999587,1.00439453124928,1.01088447159462,INSIDE,13.7026281301516,0.00648994034534689,13.7456993354413,0.206836017794914,true,9.76562479442222e-05,0.206836018674898,66.2487523992956,66.4569905353492,66.4569905353217,0.001824079280579,0.00182981287361037,1,false,false,ABSOLUTE_PHYSICAL_PCC_HULL;CENTERED_SIGN_NORMALIZED_PRODUCTION_RAY,kW physical distances; dimensionless normalized radius and ratios
2011-12-15 05:30:00,RAY:70.000000:BASE,RAY,70.000000,BASE,VMAX_BUS_30,VMAX,30,405.822835087,1899.16932735,69.9999999999726,0.979199218749168,0.992990874136279,INSIDE,29.643933603748,0.0137916553871101,30.3323719617977,0.214778110889256,true,9.76562497592148e-05,0.214778111035125,138.02120467962,141.226551512222,141.226551512212,0.0039461689077348,0.00403781308963528,1,false,false,ABSOLUTE_PHYSICAL_PCC_HULL;CENTERED_SIGN_NORMALIZED_PRODUCTION_RAY,kW physical distances; dimensionless normalized radius and ratios
2011-12-15 05:30:00,RAY:80.000000:BASE,RAY,80.000000,BASE,VMAX_BUS_30,VMAX,30,146.612202069,2013.99824286,79.9999999999869,0.985742187497901,1.00574733259517,INSIDE,42.4538917751615,0.0200051450972667,45.0280990476024,0.219807213199418,true,9.76562477015275e-05,0.219807213231482,193.141485928606,204.852690617497,204.852690617494,0.00565141691298009,0.00599409264678645,1,false,false,ABSOLUTE_PHYSICAL_PCC_HULL;CENTERED_SIGN_NORMALIZED_PRODUCTION_RAY,kW physical distances; dimensionless normalized radius and ratios
2011-12-15 05:30:00,RAY:90.000000:BASE,RAY,90.000000,BASE,VMAX_BUS_30,VMAX,30,-124.375,2137.9095459,90,1.02539062500069,1.05119138216929,INSIDE,52.3860136404746,0.0258007571686059,58.5274050896594,0.443054200000006,true,0.000195312500344436,0.443054200000081,118.238386275255,132.099876470303,132.099876470303,0.00697357041044226,0.00779110590728121,1,false,false,ABSOLUTE_PHYSICAL_PCC_HULL;CENTERED_SIGN_NORMALIZED_PRODUCTION_RAY,kW physical distances; dimensionless normalized radius and ratios
2012-08-04 03:30:00,AXIS:P13_POSITIVE:AXIS,AXIS,P13_POSITIVE,AXIS,VMAX_BUS_13,VMAX,13,1450.15625,0,5.04299269540002,1.00398510924301,1.03332029834812,INSIDE,45.7451026674939,0.0293351891051092,46.6274357802548,0.15625,false,,,292.768657071961,,,0.00608786262391928,0.00620528552748269,1,false,false,ABSOLUTE_PHYSICAL_PCC_HULL;CENTERED_SIGN_NORMALIZED_PRODUCTION_RAY,kW physical distances; dimensionless normalized radius and ratios
2012-08-04 03:30:00,AXIS:P30_POSITIVE:AXIS,AXIS,P30_POSITIVE,AXIS,VMAX_BUS_30,VMAX,30,0,2068.125,85.1965359470859,1.00366285484076,1.027280539971,INSIDE,49.1775276816515,0.0236176851302337,53.4677836785805,0.3125,false,,,157.368088581285,,,0.00654465757539163,0.00711561463107027,1,false,false,ABSOLUTE_PHYSICAL_PCC_HULL;CENTERED_SIGN_NORMALIZED_PRODUCTION_RAY,kW physical distances; dimensionless normalized radius and ratios
2012-08-04 03:30:00,RAY:0.000000:BASE,RAY,0.000000,BASE,VMAX_BUS_13,VMAX,13,1515.23884583,-200.15625,0,1.04121093750303,1.07253220946591,INSIDE,47.0565108794516,0.0313212719628719,49.5830417018495,0.309188850000055,true,0.000195312504564837,0.309188849999789,152.193427671933,160.364908701861,160.364908701861,0.00626238782055745,0.006598624306322,1,false,false,ABSOLUTE_PHYSICAL_PCC_HULL;CENTERED_SIGN_NORMALIZED_PRODUCTION_RAY,kW physical distances; dimensionless normalized radius and ratios
2012-08-04 03:30:00,RAY:10.000000:BASE,RAY,10.000000,BASE,VMAX_BUS_13,VMAX,13,1390.93343039,184.826629964,9.99999999998036,0.977539062501025,1.00479126205928,INSIDE,43.7035168093168,0.0272521995582592,43.820758401333,0.157028465389338,true,9.76562532505332e-05,0.157028465571124,278.315888147781,279.06251418785,279.062514187818,0.00581616372032603,0.00583176649886152,1,false,false,ABSOLUTE_PHYSICAL_PCC_HULL;CENTERED_SIGN_NORMALIZED_PRODUCTION_RAY,kW physical distances; dimensionless normalized radius and ratios
2012-08-04 03:30:00,RAY:100.000000:BASE,RAY,100.000000,BASE,VMAX_BUS_30,VMAX,30,-437.469623511,2273.28513529,99.9999999999977,1.10742187499849,1.13964610606247,INSIDE,60.4826730228994,0.032224231063978,72.5163167773523,0.439524627860122,true,0.000195312500617328,0.439524627825033,137.609292378829,164.988062526086,164.988062526088,0.00804917210848205,0.00965063687236705,1,false,false,ABSOLUTE_PHYSICAL_PCC_HULL;CENTERED_SIGN_NORMALIZED_PRODUCTION_RAY,kW physical distances; dimensionless normalized radius and ratios
2012-08-04 03:30:00,RAY:105.000000:ADAPTIVE,RAY,105.000000,ADAPTIVE,VMAX_BUS_30,VMAX,30,-611.430114115,2357.6449926,104.999999999984,1.16757812500146,1.20271527538577,INSIDE,62.4916706122456,0.0351371503843099,78.3092988331783,0.435288142314207,true,0.000195312499856604,0.435288142317757,143.563916719644,179.902210099749,179.902210099749,0.00831653409091379,0.010421580140219,1,false,false,ABSOLUTE_PHYSICAL_PCC_HULL;CENTERED_SIGN_NORMALIZED_PRODUCTION_RAY,kW physical distances; dimensionless normalized radius and ratios
2012-08-04 03:30:00,RAY:110.000000:BASE,RAY,110.000000,BASE,VMAX_BUS_30,VMAX,30,-807.724297602,2455.51064858,110.000000000008,1.24609374999943,1.28351459352699,INSIDE,62.3636013168253,0.0374208435275596,82.2844818688984,0.429471554897446,true,0.000195312499854161,0.429471554835008,145.210085756942,191.594719004168,191.594719004172,0.00829949033690742,0.0109506065674259,1,false,false,ABSOLUTE_PHYSICAL_PCC_HULL;CENTERED_SIGN_NORMALIZED_PRODUCTION_RAY,kW physical distances; dimensionless normalized radius and ratios
2012-08-04 03:30:00,RAY:115.000000:ADAPTIVE,RAY,115.000000,ADAPTIVE,VMAX_BUS_30,VMAX,30,-1035.31529311,2571.92847402,115.000000000084,1.34863281250194,1.38727043173043,INSIDE,59.5754940885375,0.0386376192284901,83.5196852911016,0.42219057786043,true,0.000195312503975531,0.422190579833557,141.110430248001,197.824606423205,197.824606423071,0.00792844266629778,0.0111149902567932,1,false,false,ABSOLUTE_PHYSICAL_PCC_HULL;CENTERED_SIGN_NORMALIZED_PRODUCTION_RAY,kW physical distances; dimensionless normalized radius and ratios
2012-08-04 03:30:00,RAY:120.000000:BASE,RAY,120.000000,BASE,VMAX_BUS_30,VMAX,30,-1308.27366638,2716.09946016,119.999999999968,1.48476562499912,1.52187726681283,INSIDE,52.1613667707658,0.0371116418137032,78.5879744297336,0.413595648745025,true,0.000195312497735634,0.413595648904667,126.116817062847,190.011608289071,190.011608289061,0.00694175368857439,0.0104586669243672,1,false,false,ABSOLUTE_PHYSICAL_PCC_HULL;CENTERED_SIGN_NORMALIZED_PRODUCTION_RAY,kW physical distances; dimensionless normalized radius and ratios
2012-08-04 03:30:00,RAY:125.000000:ADAPTIVE,RAY,125.000000,ADAPTIVE,VMAX_BUS_30,VMAX,30,-1650.75198829,2905.14620593,125.00000000005,1.67148437500305,1.69973895961803,INSIDE,35.5570008715906,0.0282545846149806,58.425696521961,0.807746358911623,true,0.000390625002161693,0.807746358376309,44.0200076166248,72.3317362140714,72.3317362140826,0.00473200679421888,0.00777542498303858,1,false,false,ABSOLUTE_PHYSICAL_PCC_HULL;CENTERED_SIGN_NORMALIZED_PRODUCTION_RAY,kW physical distances; dimensionless normalized radius and ratios
2012-08-04 03:30:00,RAY:20.000000:BASE,RAY,20.000000,BASE,VMAX_BUS_13,VMAX,13,1280.7328034,537.053201382,20.0000000000465,0.950390624997676,0.972904010383489,INSIDE,37.2873472481354,0.0225133853858129,37.7700756351982,0.32767030338787,true,0.000195312497659805,0.327670302919295,113.795320670234,115.268534556486,115.26853455652,0.004962285237548,0.00502652783257431,1,false,false,ABSOLUTE_PHYSICAL_PCC_HULL;CENTERED_SIGN_NORMALIZED_PRODUCTION_RAY,kW physical distances; dimensionless normalized radius and ratios
2012-08-04 03:30:00,RAY:30.000000:BASE,RAY,30.000000,BASE,VMAX_BUS_13,VMAX,13,1175.388715,882.112236023,30.0000000000805,0.954394531247724,0.971591675638718,INSIDE,28.5209001123342,0.0171971443909943,30.5966565808559,0.173747140701233,true,9.76562466894482e-05,0.173747139350341,164.151766741171,176.098764533539,176.098764533679,0.0037956264533164,0.00407187285968968,1,false,false,ABSOLUTE_PHYSICAL_PCC_HULL;CENTERED_SIGN_NORMALIZED_PRODUCTION_RAY,kW physical distances; dimensionless normalized radius and ratios
2012-08-04 03:30:00,RAY:335.000000:ADAPTIVE,RAY,335.000000,ADAPTIVE,VMAX_BUS_13,VMAX,13,2016.80292804,-1636.38613338,335.000000000044,1.49843750000097,1.5207737003284,INSIDE,23.6665731411588,0.0223362003274328,38.539734167598,0.336999657524122,true,0.000195312501679812,0.336999659029205,70.2272913718459,114.361344692875,114.361344692809,0.00314960154553754,0.00512895574593227,1,false,false,ABSOLUTE_PHYSICAL_PCC_HULL;CENTERED_SIGN_NORMALIZED_PRODUCTION_RAY,kW physical distances; dimensionless normalized radius and ratios
2012-08-04 03:30:00,RAY:340.000000:BASE,RAY,340.000000,BASE,VMAX_BUS_13,VMAX,13,1874.31107775,-1246.88458942,339.999999999913,1.34941406249924,1.38038171784702,INSIDE,36.1492924505298,0.0309676553477767,51.9535673860757,0.327670304312688,true,0.000195312497961453,0.327670303425398,110.322149962156,158.554397035506,158.554397035568,0.0048108303087729,0.00691409927239516,1,false,false,ABSOLUTE_PHYSICAL_PCC_HULL;CENTERED_SIGN_NORMALIZED_PRODUCTION_RAY,kW physical distances; dimensionless normalized radius and ratios
2012-08-04 03:30:00,RAY:345.000000:ADAPTIVE,RAY,345.000000,ADAPTIVE,VMAX_BUS_13,VMAX,13,1761.01354866,-927.248596934,345.000000000031,1.23867187500202,1.2725865695017,INSIDE,42.9428880642092,0.0339146944996764,55.5489785441173,0.319902923476525,true,0.000195312500933964,0.319902923609791,134.237247967383,173.643235007999,173.643235007988,0.00571493751166108,0.00739258479172525,1,false,false,ABSOLUTE_PHYSICAL_PCC_HULL;CENTERED_SIGN_NORMALIZED_PRODUCTION_RAY,kW physical distances; dimensionless normalized radius and ratios
2012-08-04 03:30:00,RAY:350.000000:BASE,RAY,350.000000,BASE,VMAX_BUS_13,VMAX,13,1667.10728393,-654.905258262,349.999999999979,1.15468749999866,1.18879970250964,INSIDE,46.237223650273,0.0341122025109784,54.8514471859606,0.314056921328038,true,0.00019531250035687,0.314056921262547,147.225615836619,174.654476537085,174.654476537091,0.00615335520701138,0.00729975572726342,1,false,false,ABSOLUTE_PHYSICAL_PCC_HULL;CENTERED_SIGN_NORMALIZED_PRODUCTION_RAY,kW physical distances; dimensionless normalized radius and ratios
2012-08-04 03:30:00,RAY:40.000000:BASE,RAY,40.000000,BASE,VMAX_BUS_13,VMAX,13,1068.03161944,1243.71414752,40.000000000009,0.990429687498939,1.00064604379547,INSIDE,16.4515273217141,0.0102163562965356,19.3729936779158,0.37036568424136,true,0.000195312497435762,0.370365683049019,44.4196857908491,52.3077449250053,52.3077449250386,0.00218940678778756,0.00257820219537982,1,false,false,ABSOLUTE_PHYSICAL_PCC_HULL;CENTERED_SIGN_NORMALIZED_PRODUCTION_RAY,kW physical distances; dimensionless normalized radius and ratios
2012-08-04 03:30:00,RAY:55.000000:ADAPTIVE,RAY,55.000000,ADAPTIVE,VMAX_BUS_30,VMAX,30,803.681146544,1716.43729665,55.0000000000452,1.03164062500121,1.03446323972206,INSIDE,5.83653325393537,0.00282261472085099,5.83668927808274,0.201936589508407,true,9.76562503594014e-05,0.201936589219856,28.9028019545333,28.9035746351412,28.9035746351451,0.000776739160652138,0.000776759924701617,1,false,false,ABSOLUTE_PHYSICAL_PCC_HULL;CENTERED_SIGN_NORMALIZED_PRODUCTION_RAY,kW physical distances; dimensionless normalized radius and ratios
2012-08-04 03:30:00,RAY:60.000000:BASE,RAY,60.000000,BASE,VMAX_BUS_30,VMAX,30,663.268989563,1775.85442654,60.0000000000309,1.00605468750095,1.01326583723957,INSIDE,15.2229751252086,0.00721114973861248,15.2704009731469,0.413595658393872,true,0.000195312501869882,0.413595657659226,36.8064190623384,36.9210863082209,36.9210863082337,0.00202590825870995,0.00203221979874889,1,false,false,ABSOLUTE_PHYSICAL_PCC_HULL;CENTERED_SIGN_NORMALIZED_PRODUCTION_RAY,kW physical distances; dimensionless normalized radius and ratios
2012-08-04 03:30:00,RAY:70.000000:BASE,RAY,70.000000,BASE,VMAX_BUS_30,VMAX,30,398.023660471,1890.24487299,70.0000000000143,0.98085937499996,0.995298140488327,INSIDE,31.0309659307845,0.0144387654883671,31.7493200323478,0.429471554897446,true,0.000195312499854161,0.429471554835035,72.2538328253065,73.92647935564,73.9264793556422,0.00412967173879304,0.00422527194145153,1,false,false,ABSOLUTE_PHYSICAL_PCC_HULL;CENTERED_SIGN_NORMALIZED_PRODUCTION_RAY,kW physical distances; dimensionless normalized radius and ratios
2012-08-04 03:30:00,RAY:80.000000:BASE,RAY,80.000000,BASE,VMAX_BUS_30,VMAX,30,138.410164943,2005.43804348,79.9999999999735,0.987499999999168,1.00805204843533,INSIDE,43.6104514797705,0.0205520484361646,46.2496328263467,0.43952462798205,true,0.000195312500727129,0.43952462807213,99.2218608545218,105.226487601415,105.226487601411,0.00580377837395472,0.00615500664847302,1,false,false,ABSOLUTE_PHYSICAL_PCC_HULL;CENTERED_SIGN_NORMALIZED_PRODUCTION_RAY,kW physical distances; dimensionless normalized radius and ratios
2012-08-04 03:30:00,RAY:90.000000:BASE,RAY,90.000000,BASE,VMAX_BUS_30,VMAX,30,-133.046875,2129.38430786,90,1.02714843749941,1.05356462013057,INSIDE,53.632409032429,0.0264161826311571,59.911076701757,0.442962650000027,true,0.000195312501550138,0.442962650000039,121.076594228488,135.250853998078,135.250853998078,0.00713752334872971,0.00797310276604892,1,false,false,ABSOLUTE_PHYSICAL_PCC_HULL;CENTERED_SIGN_NORMALIZED_PRODUCTION_RAY,kW physical distances; dimensionless normalized radius and ratios
2012-08-05 23:30:00,AXIS:P13_POSITIVE:AXIS,AXIS,P13_POSITIVE,AXIS,VMAX_BUS_13,VMAX,13,1559.6875,0,1.27587891697271,1.00034657987241,1.04113910059611,INSIDE,61.8541201271686,0.0407925207236972,64.6826257558119,0.15625,false,,,395.866368813879,,,0.00825723080370684,0.00863482285023946,1,false,false,ABSOLUTE_PHYSICAL_PCC_HULL;CENTERED_SIGN_NORMALIZED_PRODUCTION_RAY,kW physical distances; dimensionless normalized radius and ratios
2012-08-05 23:30:00,AXIS:P30_POSITIVE:AXIS,AXIS,P30_POSITIVE,AXIS,VMAX_BUS_30,VMAX,30,0,2222.5,89.0712104360042,1.00026891641554,1.02284219293189,INSIDE,46.2074561691398,0.0225732765163451,51.30136359439,0.3125,false,,,147.863859741247,,,0.00616847559477556,0.00684848800488714,1,false,false,ABSOLUTE_PHYSICAL_PCC_HULL;CENTERED_SIGN_NORMALIZED_PRODUCTION_RAY,kW physical distances; dimensionless normalized radius and ratios
2012-08-05 23:30:00,RAY:0.000000:BASE,RAY,0.000000,BASE,VMAX_BUS_13,VMAX,13,1576.2505188,-50.625,0,1.01054687500074,1.0522190095115,INSIDE,62.5225165663062,0.0416721345107565,66.060100106075,0.309616089999963,true,0.000195312500714362,0.309616089999619,201.935618288809,213.361327914697,213.361327914697,0.00834645854884311,0.00881870912350506,1,false,false,ABSOLUTE_PHYSICAL_PCC_HULL;CENTERED_SIGN_NORMALIZED_PRODUCTION_RAY,kW physical distances; dimensionless normalized radius and ratios
2012-08-05 23:30:00,RAY:10.000000:BASE,RAY,10.000000,BASE,VMAX_BUS_13,VMAX,13,1455.86586108,323.925841687,9.99999999997369,0.949023437502793,0.983625618567597,INSIDE,55.5354749656783,0.0346021810648045,55.7187198392774,0.157252558225288,true,9.76562547557736e-05,0.157252558418213,353.161027028351,354.326316848218,354.326316848173,0.00741372173175039,0.0074381840507001,1,false,false,ABSOLUTE_PHYSICAL_PCC_HULL;CENTERED_SIGN_NORMALIZED_PRODUCTION_RAY,kW physical distances; dimensionless normalized radius and ratios
2012-08-05 23:30:00,RAY:100.000000:BASE,RAY,100.000000,BASE,VMAX_BUS_30,VMAX,30,-323.987292786,2374.7648717,99.9999999999978,1.08359375000019,1.11220317557251,INSIDE,53.8581089548058,0.0286094255723208,64.5184584478203,0.440458385254905,true,0.000195312499641442,0.440458385317885,122.27740635165,146.480259199193,146.48025919919,0.00718980134834518,0.00861290729554847,1,false,false,ABSOLUTE_PHYSICAL_PCC_HULL;CENTERED_SIGN_NORMALIZED_PRODUCTION_RAY,kW physical distances; dimensionless normalized radius and ratios
2012-08-05 23:30:00,RAY:105.000000:ADAPTIVE,RAY,105.000000,ADAPTIVE,VMAX_BUS_30,VMAX,30,-494.329917663,2456.89722109,105.000000000013,1.14218749999995,1.17358824250869,INSIDE,56.0209231312772,0.0314007425087446,70.1297386453809,0.43620671047908,true,0.000195312500280709,0.436206710559407,128.427467495285,160.771801413706,160.771801413701,0.00747852675263412,0.00936198650967791,1,false,false,ABSOLUTE_PHYSICAL_PCC_HULL;CENTERED_SIGN_NORMALIZED_PRODUCTION_RAY,kW physical distances; dimensionless normalized radius and ratios
2012-08-05 23:30:00,RAY:110.000000:BASE,RAY,110.000000,BASE,VMAX_BUS_30,VMAX,30,-686.381649984,2551.89724517,109.999999999989,1.2185546875001,1.25223207035261,INSIDE,56.309232160601,0.0336773828525132,74.2077802918355,0.430369161944295,true,0.000195312499311928,0.430369162017815,130.839374982656,172.42820081232,172.428200812315,0.0075170146365944,0.00990638567068245,1,false,false,ABSOLUTE_PHYSICAL_PCC_HULL;CENTERED_SIGN_NORMALIZED_PRODUCTION_RAY,kW physical distances; dimensionless normalized radius and ratios
2012-08-05 23:30:00,RAY:115.000000:ADAPTIVE,RAY,115.000000,ADAPTIVE,VMAX_BUS_30,VMAX,30,-908.936664667,2665.02085034,115.000000000035,1.31835937499822,1.35321146366566,INSIDE,53.9248859576077,0.034852088667445,75.4922826752422,0.423061770363268,true,0.00019531249842708,0.423061770614598,127.463386519903,178.44269541438,178.442695414364,0.00719871576056835,0.0100778606286302,1,false,false,ABSOLUTE_PHYSICAL_PCC_HULL;CENTERED_SIGN_NORMALIZED_PRODUCTION_RAY,kW physical distances; dimensionless normalized radius and ratios
2012-08-05 23:30:00,RAY:120.000000:BASE,RAY,120.000000,BASE,VMAX_BUS_30,VMAX,30,-1175.46247101,2804.58268502,120.000000000014,1.45058593750151,1.48419155218589,INSIDE,47.4076012787876,0.0336056146843839,71.3080696854643,0.41443543755795,true,0.00019531250414917,0.414435438456284,114.390800068005,172.06074352883,172.06074352878,0.00632868925795479,0.00951928809833743,1,false,false,ABSOLUTE_PHYSICAL_PCC_HULL;CENTERED_SIGN_NORMALIZED_PRODUCTION_RAY,kW physical distances; dimensionless normalized radius and ratios
2012-08-05 23:30:00,RAY:125.000000:ADAPTIVE,RAY,125.000000,ADAPTIVE,VMAX_BUS_30,VMAX,30,-1509.2773946,2987.12926041,125.000000000018,1.63164062500149,1.65720848792541,INSIDE,32.3030383914163,0.0255678629239113,52.9752437094611,0.809354102797836,true,0.00039062500365894,0.809354103212563,39.912120392976,65.4537284721154,65.4537284721074,0.0043123019632409,0.00707194303778487,1,false,false,ABSOLUTE_PHYSICAL_PCC_HULL;CENTERED_SIGN_NORMALIZED_PRODUCTION_RAY,kW physical distances; dimensionless normalized radius and ratios
2012-08-05 23:30:00,RAY:20.000000:BASE,RAY,20.000000,BASE,VMAX_BUS_13,VMAX,13,1349.00705758,666.75149987,19.9999999999849,0.922851562500213,0.950542208250922,INSIDE,45.9894827527769,0.0276906457507092,46.5275035394776,0.328175912390238,true,0.000195312497598854,0.328175912008116,140.136679800223,141.776107986608,141.776107986643,0.00613937718056676,0.00621120039628539,1,false,false,ABSOLUTE_PHYSICAL_PCC_HULL;CENTERED_SIGN_NORMALIZED_PRODUCTION_RAY,kW physical distances; dimensionless normalized radius and ratios
2012-08-05 23:30:00,RAY:30.000000:BASE,RAY,30.000000,BASE,VMAX_BUS_13,VMAX,13,1246.73340801,1002.65934753,29.9999999998874,0.926855468749477,0.947463279730908,INSIDE,34.3373142097344,0.0206078109814319,36.7267108051831,0.174040456344222,true,9.76562498153921e-05,0.174040457209264,197.295013647983,211.02398484878,211.023984848669,0.00458386810815925,0.00490284118755394,1,false,false,ABSOLUTE_PHYSICAL_PCC_HULL;CENTERED_SIGN_NORMALIZED_PRODUCTION_RAY,kW physical distances; dimensionless normalized radius and ratios
2012-08-05 23:30:00,RAY:330.000000:BASE,RAY,330.000000,BASE,VMAX_BUS_13,VMAX,13,2242.72234529,-1928.35876465,329.999999999986,1.65234375000066,1.69306847864987,INSIDE,37.9734908189451,0.0407247286492094,72.5785641700572,0.696161831753131,true,0.000390625001461364,0.696161832757906,54.5469301632312,104.255304951947,104.255304951912,0.00506928038859529,0.00968889306842758,1,false,false,ABSOLUTE_PHYSICAL_PCC_HULL;CENTERED_SIGN_NORMALIZED_PRODUCTION_RAY,kW physical distances; dimensionless normalized radius and ratios
2012-08-05 23:30:00,RAY:335.000000:ADAPTIVE,RAY,335.000000,ADAPTIVE,VMAX_BUS_13,VMAX,13,2059.77160937,-1444.89732997,335.000000000042,1.45156249999767,1.50399833525089,INSIDE,55.0399058503618,0.052435835253229,90.6208693379591,0.337543749785587,true,0.000195312498753708,0.33754374931096,163.060065207322,268.471478209653,268.471478209704,0.00734756561222361,0.0120974549830743,1,false,false,ABSOLUTE_PHYSICAL_PCC_HULL;CENTERED_SIGN_NORMALIZED_PRODUCTION_RAY,kW physical distances; dimensionless normalized radius and ratios
2012-08-05 23:30:00,RAY:340.000000:BASE,RAY,340.000000,BASE,VMAX_BUS_13,VMAX,13,1922.74853484,-1067.40180839,339.999999999975,1.30800781250145,1.36224026306344,INSIDE,62.8495777481764,0.0542324505619918,91.1246548092335,0.328175924031668,true,0.000195312504429612,0.328175923485638,191.511848206487,277.670140579946,277.670140580015,0.00839011966082858,0.0121647079470371,1,false,false,ABSOLUTE_PHYSICAL_PCC_HULL;CENTERED_SIGN_NORMALIZED_PRODUCTION_RAY,kW physical distances; dimensionless normalized radius and ratios
2012-08-05 23:30:00,RAY:345.000000:ADAPTIVE,RAY,345.000000,ADAPTIVE,VMAX_BUS_13,VMAX,13,1813.85292648,-757.325837302,345.00000000003,1.20136718750261,1.25362201640707,INSIDE,65.8046626381513,0.052254828904462,85.7148974805785,0.320375962267087,true,0.000195312502192735,0.320375962434688,205.39825201771,267.544720987174,267.544720987151,0.0087846094366253,0.0114425310772844,1,false,false,ABSOLUTE_PHYSICAL_PCC_HULL;CENTERED_SIGN_NORMALIZED_PRODUCTION_RAY,kW physical distances; dimensionless normalized radius and ratios
2012-08-05 23:30:00,RAY:350.000000:BASE,RAY,350.000000,BASE,VMAX_BUS_13,VMAX,13,1723.2739699,-492.778452957,349.999999999979,1.12031249999874,1.16928782175051,INSIDE,66.1230258320033,0.048975321751763,78.8633013223835,0.314505097060584,true,0.000195312497086819,0.314505096829273,210.244687447039,250.753651109139,250.753651109171,0.00882710940858572,0.0105278755824573,1,false,false,ABSOLUTE_PHYSICAL_PCC_HULL;CENTERED_SIGN_NORMALIZED_PRODUCTION_RAY,kW physical distances; dimensionless normalized radius and ratios
2012-08-05 23:30:00,RAY:40.000000:BASE,RAY,40.000000,BASE,VMAX_BUS_13,VMAX,13,1142.40682056,1354.66960784,39.9999999999057,0.961914062501608,0.973900155214004,INSIDE,19.4294293405464,0.0119860927123953,22.7704322102996,0.371042525832557,true,0.000195312503659451,0.371042526627896,52.3644272228635,61.3687935376343,61.3687935376076,0.00259373639329706,0.00303974438362464,1,false,false,ABSOLUTE_PHYSICAL_PCC_HULL;CENTERED_SIGN_NORMALIZED_PRODUCTION_RAY,kW physical distances; dimensionless normalized radius and ratios
2012-08-05 23:30:00,RAY:60.000000:BASE,RAY,60.000000,BASE,VMAX_BUS_30,VMAX,30,755.303459167,1888.85564776,60.0000000000162,0.985351562499875,0.989732783574952,INSIDE,9.26836877614091,0.00438122107507666,9.29655418188822,0.207217713020346,true,9.76562492231992e-05,0.207217713177743,44.7276858770799,44.8637041656506,44.8637041656473,0.00123728314300037,0.00124104576059275,1,false,false,ABSOLUTE_PHYSICAL_PCC_HULL;CENTERED_SIGN_NORMALIZED_PRODUCTION_RAY,kW physical distances; dimensionless normalized radius and ratios
2012-08-05 23:30:00,RAY:70.000000:BASE,RAY,70.000000,BASE,VMAX_BUS_30,VMAX,30,495.088185446,2000.85831491,69.9999999999717,0.960546874998627,0.971981415862969,INSIDE,24.6312732884171,0.0114345408643424,25.1958977903685,0.430369161944295,true,0.000195312499311817,0.430369162017521,57.2328955381922,58.5448494317155,58.5448494317135,0.00328815781573627,0.0033635325008899,1,false,false,ABSOLUTE_PHYSICAL_PCC_HULL;CENTERED_SIGN_NORMALIZED_PRODUCTION_RAY,kW physical distances; dimensionless normalized radius and ratios
2012-08-05 23:30:00,RAY:80.000000:BASE,RAY,80.000000,BASE,VMAX_BUS_30,VMAX,30,240.43000956,2113.34036859,80.0000000000326,0.96679687500188,0.984234125272298,INSIDE,37.0941714866427,0.0174372502704175,39.3235615364705,0.440458395057959,true,0.000195312503864953,0.440458394842487,84.2171971356378,89.2787196178406,89.2787196178494,0.00495189544055861,0.00524950840724648,1,false,false,ABSOLUTE_PHYSICAL_PCC_HULL;CENTERED_SIGN_NORMALIZED_PRODUCTION_RAY,kW physical distances; dimensionless normalized radius and ratios
2012-08-05 23:30:00,RAY:90.000000:BASE,RAY,90.000000,BASE,VMAX_BUS_30,VMAX,30,-25.703125,2234.61694336,90,1.00546875000027,1.0284474977798,INSIDE,46.7810888153847,0.022978747779526,52.226385187654,0.443908689999716,true,0.000195312499380984,0.443908689999343,105.384485299025,117.651189004052,117.651189004052,0.00624505282434162,0.00697197398736154,1,false,false,ABSOLUTE_PHYSICAL_PCC_HULL;CENTERED_SIGN_NORMALIZED_PRODUCTION_RAY,kW physical distances; dimensionless normalized radius and ratios
2012-08-24 12:00:00,AXIS:P13_POSITIVE:AXIS,AXIS,P13_POSITIVE,AXIS,VMAX_BUS_13,VMAX,13,1509.21875,0,3.01704312409904,1.00148676703727,1.04227624932854,INSIDE,62.6310834936927,0.0407894822912669,64.7137580758888,0.15625,false,,,400.838934359634,,,0.00834928688609098,0.00862692614454124,1,false,false,ABSOLUTE_PHYSICAL_PCC_HULL;CENTERED_SIGN_NORMALIZED_PRODUCTION_RAY,kW physical distances; dimensionless normalized radius and ratios
2012-08-24 12:00:00,AXIS:P30_POSITIVE:AXIS,AXIS,P30_POSITIVE,AXIS,VMAX_BUS_30,VMAX,30,0,2151.25,87.2842648280451,1.00126214439696,1.0233816281133,INSIDE,45.646067298048,0.0221194837163388,50.1961114795941,0.3125,false,,,146.067415353754,,,0.00608503142264174,0.00669159324621203,1,false,false,ABSOLUTE_PHYSICAL_PCC_HULL;CENTERED_SIGN_NORMALIZED_PRODUCTION_RAY,kW physical distances; dimensionless normalized radius and ratios
2012-08-24 12:00:00,RAY:0.000000:BASE,RAY,0.000000,BASE,VMAX_BUS_13,VMAX,13,1548.20384216,-119.6875,0,1.02470703124805,1.06774468209307,INSIDE,64.5068320337089,0.0430376508450165,68.1810534246285,0.154708860000028,true,9.7656248545297e-05,0.15470886000012,416.956288306289,440.705551217789,440.705551217789,0.00859934104152226,0.00908914780782049,1,false,false,ABSOLUTE_PHYSICAL_PCC_HULL;CENTERED_SIGN_NORMALIZED_PRODUCTION_RAY,kW physical distances; dimensionless normalized radius and ratios
2012-08-24 12:00:00,RAY:10.000000:BASE,RAY,10.000000,BASE,VMAX_BUS_13,VMAX,13,1426.03192298,259.701007795,9.99999999998236,0.962207031252439,0.997893505705266,INSIDE,57.2326719937744,0.0356864744528265,57.4267937121398,0.15714876620533,true,9.76562518748558e-05,0.157148766223221,364.19421784702,365.429491381236,365.429491381232,0.00762963006670146,0.0076555082381627,1,false,false,ABSOLUTE_PHYSICAL_PCC_HULL;CENTERED_SIGN_NORMALIZED_PRODUCTION_RAY,kW physical distances; dimensionless normalized radius and ratios
2012-08-24 12:00:00,RAY:100.000000:BASE,RAY,100.000000,BASE,VMAX_BUS_30,VMAX,30,-376.258183787,2327.82568356,100.000000000008,1.09453124999861,1.12399381780567,INSIDE,55.3570156574751,0.0294625678070628,66.3787897241866,0.440036567325495,true,0.000195312497543121,0.440036567410566,125.800944212274,150.848349069716,150.848349069711,0.00737958820285513,0.00884888984260593,1,false,false,ABSOLUTE_PHYSICAL_PCC_HULL;CENTERED_SIGN_NORMALIZED_PRODUCTION_RAY,kW physical distances; dimensionless normalized radius and ratios
2012-08-24 12:00:00,RAY:105.000000:ADAPTIVE,RAY,105.000000,ADAPTIVE,VMAX_BUS_30,VMAX,30,-548.287795725,2411.12353235,104.999999999968,1.15390625000192,1.18620355924884,INSIDE,57.5006978489725,0.032297309246923,72.0634703002204,0.43579162291488,true,0.000195312503609379,0.435791622624276,131.945395059151,165.362220288348,165.362220288367,0.00766536032447616,0.00960670890524238,1,false,false,ABSOLUTE_PHYSICAL_PCC_HULL;CENTERED_SIGN_NORMALIZED_PRODUCTION_RAY,kW physical distances; dimensionless normalized radius and ratios
2012-08-24 12:00:00,RAY:110.000000:BASE,RAY,110.000000,BASE,VMAX_BUS_30,VMAX,30,-742.290253844,2507.41776714,110.000000000034,1.23124999999797,1.26590176358266,INSIDE,57.8084512350744,0.0346517635846932,76.2828176230817,0.429963333047554,true,0.000195312499435385,0.429963333252112,134.449723480678,177.417030066512,177.417030066498,0.00770638661952643,0.0101691858624577,1,false,false,ABSOLUTE_PHYSICAL_PCC_HULL;CENTERED_SIGN_NORMALIZED_PRODUCTION_RAY,kW physical distances; dimensionless normalized radius and ratios
2012-08-24 12:00:00,RAY:115.000000:ADAPTIVE,RAY,115.000000,ADAPTIVE,VMAX_BUS_30,VMAX,30,-967.108277497,2621.88171803,114.999999999953,1.33222656250169,1.36824399618292,INSIDE,55.5923727209647,0.0360174336812331,77.9438226842228,0.422667619385009,true,0.0001953125008336,0.422667618901338,131.527399240692,184.409259660849,184.40925966088,0.00741096341679249,0.0103906127802295,1,false,false,ABSOLUTE_PHYSICAL_PCC_HULL;CENTERED_SIGN_NORMALIZED_PRODUCTION_RAY,kW physical distances; dimensionless normalized radius and ratios
2012-08-24 12:00:00,RAY:120.000000:BASE,RAY,120.000000,BASE,VMAX_BUS_30,VMAX,30,-1236.71038818,2763.88151269,119.999999999919,1.46640624999907,1.50101792251496,INSIDE,48.6970557629572,0.034611672515888,73.3754451717043,0.828110324401171,true,0.000390625000263434,0.828110322503254,58.805033976809,88.6058815809184,88.6058815809726,0.00649175563302917,0.00978160695870595,1,false,false,ABSOLUTE_PHYSICAL_PCC_HULL;CENTERED_SIGN_NORMALIZED_PRODUCTION_RAY,kW physical distances; dimensionless normalized radius and ratios
2012-08-24 12:00:00,RAY:125.000000:ADAPTIVE,RAY,125.000000,ADAPTIVE,VMAX_BUS_30,VMAX,30,-1574.46264929,2949.29123243,124.999999999963,1.64999999999921,1.67645988453902,INSIDE,33.3319541196672,0.0264598845398047,54.7740969897584,0.808625278196976,true,0.000390624997575584,0.808625278452883,41.2205195884906,67.7373048423121,67.737304842307,0.00444344935286245,0.00730187990025943,1,false,false,ABSOLUTE_PHYSICAL_PCC_HULL;CENTERED_SIGN_NORMALIZED_PRODUCTION_RAY,kW physical distances; dimensionless normalized radius and ratios
2012-08-24 12:00:00,RAY:20.000000:BASE,RAY,20.000000,BASE,VMAX_BUS_13,VMAX,13,1317.57242674,606.857724068,20.0000000000353,0.93554687499869,0.964115834235118,INSIDE,47.4230822013964,0.0285689592364282,47.9692388235703,0.327943059536144,true,0.000195312498561195,0.327943059149369,144.607671430746,146.273072368059,146.273072368095,0.00632192349605461,0.00639473108725215,1,false,false,ABSOLUTE_PHYSICAL_PCC_HULL;CENTERED_SIGN_NORMALIZED_PRODUCTION_RAY,kW physical distances; dimensionless normalized radius and ratios
2012-08-24 12:00:00,RAY:30.000000:BASE,RAY,30.000000,BASE,VMAX_BUS_13,VMAX,13,1213.88269539,946.996246338,29.9999999999983,0.939550781250146,0.960787206016837,INSIDE,35.3735596600875,0.0212364247666909,37.8178110248368,0.173906188386607,true,9.76562526903146e-05,0.1739061894934,203.405985653882,217.46098362012,217.460983619977,0.00471561373856909,0.0050414544350352,1,false,false,ABSOLUTE_PHYSICAL_PCC_HULL;CENTERED_SIGN_NORMALIZED_PRODUCTION_RAY,kW physical distances; dimensionless normalized radius and ratios
2012-08-24 12:00:00,RAY:330.000000:BASE,RAY,330.000000,BASE,VMAX_BUS_13,VMAX,13,2226.65115898,-2024.44030762,329.999999999964,1.67773437500063,1.72014890079734,INSIDE,39.4614597718205,0.0424145257967092,75.5317591784235,0.695624741963214,true,0.000390625001149614,0.695624740856639,56.7280854048565,108.58118572002,108.58118572006,0.00526056759998487,0.0100690630149373,1,false,false,ABSOLUTE_PHYSICAL_PCC_HULL;CENTERED_SIGN_NORMALIZED_PRODUCTION_RAY,kW physical distances; dimensionless normalized radius and ratios
2012-08-24 12:00:00,RAY:335.000000:ADAPTIVE,RAY,335.000000,ADAPTIVE,VMAX_BUS_13,VMAX,13,2039.82941257,-1533.23446251,334.999999999951,1.47304687499938,1.52758962723594,INSIDE,57.1419321512198,0.0545427522365638,94.1923334895712,0.337293944790497,true,0.000195312498593836,0.337293943701861,169.412860900045,279.258893461748,279.258893461867,0.00761753362935396,0.0125566854492304,1,false,false,ABSOLUTE_PHYSICAL_PCC_HULL;CENTERED_SIGN_NORMALIZED_PRODUCTION_RAY,kW physical distances; dimensionless normalized radius and ratios
2012-08-24 12:00:00,RAY:340.000000:BASE,RAY,340.000000,BASE,VMAX_BUS_13,VMAX,13,1900.54131962,-1150.35029698,340.000000000055,1.32714843750179,1.38326930705158,INSIDE,64.9295247426786,0.0561208695497879,94.2307828626206,0.327943069327123,true,0.000195312504793987,0.327943069614621,197.990233109368,287.33884504212,287.338845042083,0.00865568978235479,0.0125618110965651,1,false,false,ABSOLUTE_PHYSICAL_PCC_HULL;CENTERED_SIGN_NORMALIZED_PRODUCTION_RAY,kW physical distances; dimensionless normalized radius and ratios
2012-08-24 12:00:00,RAY:345.000000:ADAPTIVE,RAY,345.000000,ADAPTIVE,VMAX_BUS_13,VMAX,13,1789.52220041,-835.808930342,344.999999999962,1.21855468749742,1.27271464317088,INSIDE,68.103876449789,0.0541599556734673,88.7793305908494,0.320157443267425,true,0.000195312499177813,0.320157443214568,212.71995351644,277.298974215469,277.298974215477,0.00907885942275685,0.0118350834651098,1,false,false,ABSOLUTE_PHYSICAL_PCC_HULL;CENTERED_SIGN_NORMALIZED_PRODUCTION_RAY,kW physical distances; dimensionless normalized radius and ratios
2012-08-24 12:00:00,RAY:350.000000:BASE,RAY,350.000000,BASE,VMAX_BUS_13,VMAX,13,1697.38238843,-567.653185546,350.000000000024,1.13613281250296,1.18688822796945,INSIDE,68.4379729734863,0.0507554154664953,81.6757838497401,0.31429753216542,true,0.000195312503673106,0.314297532323186,217.748998860946,259.867722301305,259.867722301282,0.00912339749504289,0.0108881167779336,1,false,false,ABSOLUTE_PHYSICAL_PCC_HULL;CENTERED_SIGN_NORMALIZED_PRODUCTION_RAY,kW physical distances; dimensionless normalized radius and ratios
2012-08-24 12:00:00,RAY:40.000000:BASE,RAY,40.000000,BASE,VMAX_BUS_13,VMAX,13,1108.08617087,1303.35387584,40.0000000000161,0.975000000000779,0.98737928009789,INSIDE,20.064851657407,0.012379280097111,23.4978429394833,0.370734197955477,true,0.000195312501223399,0.37073419793903,54.1219336334778,63.3819137001963,63.3819137001969,0.00267482523803727,0.00313247386061605,1,false,false,ABSOLUTE_PHYSICAL_PCC_HULL;CENTERED_SIGN_NORMALIZED_PRODUCTION_RAY,kW physical distances; dimensionless normalized radius and ratios
2012-08-24 12:00:00,RAY:60.000000:BASE,RAY,60.000000,BASE,VMAX_BUS_30,VMAX,30,712.93069458,1836.74571133,60.0000000000456,0.994921875001271,0.999313779512985,INSIDE,9.28147522235834,0.00439190451171334,9.31067253541715,0.414055162947864,true,0.000195312500762879,0.414055162589783,22.4160354776859,22.4865510121412,22.486551012145,0.00123730414731559,0.00124119641181801,1,false,false,ABSOLUTE_PHYSICAL_PCC_HULL;CENTERED_SIGN_NORMALIZED_PRODUCTION_RAY,kW physical distances; dimensionless normalized radius and ratios
2012-08-24 12:00:00,RAY:70.000000:BASE,RAY,70.000000,BASE,VMAX_BUS_30,VMAX,30,450.381101378,1949.82467586,69.9999999999848,0.969921874998595,0.981601718348432,INSIDE,25.1285659332022,0.0116798433498365,25.7121504925471,0.429963332801647,true,0.000195312499219447,0.42996333277673,58.4435090533515,59.8007981901529,59.8007981901536,0.00334986390636985,0.00342766097831024,1,false,false,ABSOLUTE_PHYSICAL_PCC_HULL;CENTERED_SIGN_NORMALIZED_PRODUCTION_RAY,kW physical distances; dimensionless normalized radius and ratios
2012-08-24 12:00:00,RAY:80.000000:BASE,RAY,80.000000,BASE,VMAX_BUS_30,VMAX,30,193.439140257,2063.59558434,80.0000000000187,0.976367187500665,0.994188412162155,INSIDE,37.8560106069618,0.0178212246614902,40.1509920037932,0.440036577251012,true,0.000195312501880429,0.440036577182456,86.0292361227222,91.2446693883445,91.2446693883473,0.00504654678299246,0.00535248844983775,1,false,false,ABSOLUTE_PHYSICAL_PCC_HULL;CENTERED_SIGN_NORMALIZED_PRODUCTION_RAY,kW physical distances; dimensionless normalized radius and ratios
2012-08-24 12:00:00,RAY:90.000000:BASE,RAY,90.000000,BASE,VMAX_BUS_30,VMAX,30,-75.15625,2185.97253418,90,1.01542968750014,1.03908423021161,INSIDE,48.0761630425569,0.023654542711472,53.7105960442362,0.443481450000036,true,0.000195312502064393,0.443481449999963,108.406254743131,121.111257402628,121.111257402628,0.00640898504757969,0.00716010565650572,1,false,false,ABSOLUTE_PHYSICAL_PCC_HULL;CENTERED_SIGN_NORMALIZED_PRODUCTION_RAY,kW physical distances; dimensionless normalized radius and ratios
2012-08-31 11:30:00,AXIS:P13_POSITIVE:AXIS,AXIS,P13_POSITIVE,AXIS,VMAX_BUS_13,VMAX,13,1492.8125,0,3.58164520707284,1.00215471337539,1.04301111279687,INSIDE,62.9760169258238,0.0408563994214768,64.8456401368258,0.3125,false,,,201.523254162636,,,0.00839113237718949,0.00864024714539502,1,false,false,ABSOLUTE_PHYSICAL_PCC_HULL;CENTERED_SIGN_NORMALIZED_PRODUCTION_RAY,kW physical distances; dimensionless normalized radius and ratios
2012-08-31 11:30:00,AXIS:P30_POSITIVE:AXIS,AXIS,P30_POSITIVE,AXIS,VMAX_BUS_30,VMAX,30,0,2128.125,86.6976129491051,1.00180124352875,1.02371634621441,INSIDE,45.3347778530616,0.0219151026856603,49.7032024248159,0.3125,false,,,145.071289129797,,,0.00604055544991967,0.00662261875990216,1,false,false,ABSOLUTE_PHYSICAL_PCC_HULL;CENTERED_SIGN_NORMALIZED_PRODUCTION_RAY,kW physical distances; dimensionless normalized radius and ratios
2012-08-31 11:30:00,RAY:0.000000:BASE,RAY,0.000000,BASE,VMAX_BUS_13,VMAX,13,1538.90350342,-142.109375,0,1.02929687500128,1.0729768924197,INSIDE,65.4480133026391,0.0436800174184142,69.1850525891351,0.309356690000186,true,0.000195312500345324,0.309356690000085,211.561654938187,223.641688786869,223.641688786869,0.00872050933442421,0.00921844478481449,1,false,false,ABSOLUTE_PHYSICAL_PCC_HULL;CENTERED_SIGN_NORMALIZED_PRODUCTION_RAY,kW physical distances; dimensionless normalized radius and ratios
2012-08-31 11:30:00,RAY:10.000000:BASE,RAY,10.000000,BASE,VMAX_BUS_13,VMAX,13,1416.18825249,238.855340557,9.99999999998158,0.966503906251339,1.00269113031874,INSIDE,58.0219246135227,0.036187224067399,58.2207218638808,0.157116710618436,true,9.76562542893689e-05,0.157116710822057,369.291874716186,370.557158174133,370.557158174085,0.00773103276418445,0.00775752116604608,1,false,false,ABSOLUTE_PHYSICAL_PCC_HULL;CENTERED_SIGN_NORMALIZED_PRODUCTION_RAY,kW physical distances; dimensionless normalized radius and ratios
2012-08-31 11:30:00,RAY:100.000000:BASE,RAY,100.000000,BASE,VMAX_BUS_30,VMAX,30,-393.415735045,2312.50486513,99.9999999999911,1.09804687500165,1.12782913469051,INSIDE,55.9219049285363,0.0297822596888584,67.0783859237053,0.439901055186552,true,0.000195312503150413,0.439901055155642,127.123825390282,152.485167147352,152.485167147353,0.00745121920925321,0.00893774556426748,1,false,false,ABSOLUTE_PHYSICAL_PCC_HULL;CENTERED_SIGN_NORMALIZED_PRODUCTION_RAY,kW physical distances; dimensionless normalized radius and ratios
2012-08-31 11:30:00,RAY:105.000000:ADAPTIVE,RAY,105.000000,ADAPTIVE,VMAX_BUS_30,VMAX,30,-566.045814749,2396.4827134,105.000000000006,1.15781249999985,1.19031052586622,INSIDE,57.81816789868,0.0324980258663772,72.4891411674019,0.435658319241128,true,0.000195312499248645,0.435658319308607,132.714481383928,166.389893075942,166.389893075938,0.00770388354690384,0.00965869245368266,1,false,false,ABSOLUTE_PHYSICAL_PCC_HULL;CENTERED_SIGN_NORMALIZED_PRODUCTION_RAY,kW physical distances; dimensionless normalized radius and ratios
2012-08-31 11:30:00,RAY:110.000000:BASE,RAY,110.000000,BASE,VMAX_BUS_30,VMAX,30,-760.630586854,2492.93113004,109.99999999997,1.23535156250112,1.27035604084327,INSIDE,58.3533472252938,0.0350044783421442,77.0359506856638,0.429833124678358,true,0.000195312502230927,0.429833124295933,135.758143974966,179.222927064632,179.222927064657,0.0077751926069932,0.0102645243627813,1,false,false,ABSOLUTE_PHYSICAL_PCC_HULL;CENTERED_SIGN_NORMALIZED_PRODUCTION_RAY,kW physical distances; dimensionless normalized radius and ratios
2012-08-31 11:30:00,RAY:115.000000:ADAPTIVE,RAY,115.000000,ADAPTIVE,VMAX_BUS_30,VMAX,30,-986.18934781,2607.85242793,115.000000000021,1.33671874999828,1.37314737398305,INSIDE,56.1814878335635,0.0364286239847655,78.8100988940118,0.422541276177648,true,0.000195312497965228,0.422541276505942,132.960946068481,186.514556745115,186.514556745093,0.00748580689239463,0.010500917726473,1,false,false,ABSOLUTE_PHYSICAL_PCC_HULL;CENTERED_SIGN_NORMALIZED_PRODUCTION_RAY,kW physical distances; dimensionless normalized radius and ratios
2012-08-31 11:30:00,RAY:120.000000:BASE,RAY,120.000000,BASE,VMAX_BUS_30,VMAX,30,-1256.75289917,2750.54933651,120.00000000004,1.47148437499832,1.50651290037367,INSIDE,49.2398385093008,0.0350285253753517,74.2373277435867,0.827866879909851,true,0.000390624998450662,0.827866880609019,59.4779664511554,89.6730253165711,89.673025316551,0.00656087862224817,0.00989162660380636,1,false,false,ABSOLUTE_PHYSICAL_PCC_HULL;CENTERED_SIGN_NORMALIZED_PRODUCTION_RAY,kW physical distances; dimensionless normalized radius and ratios
2012-08-31 11:30:00,RAY:125.000000:ADAPTIVE,RAY,125.000000,ADAPTIVE,VMAX_BUS_30,VMAX,30,-1595.74009017,2936.81400024,125.000000000051,1.65585937500117,1.68275559270584,INSIDE,33.8483722671682,0.0268962177046737,55.6613066508505,0.808392401153493,true,0.000390625002449019,0.808392402439325,41.871215289592,68.8543168922832,68.8543168922574,0.00451006885336584,0.00741649623450706,1,false,false,ABSOLUTE_PHYSICAL_PCC_HULL;CENTERED_SIGN_NORMALIZED_PRODUCTION_RAY,kW physical distances; dimensionless normalized radius and ratios
2012-08-31 11:30:00,RAY:20.000000:BASE,RAY,20.000000,BASE,VMAX_BUS_13,VMAX,13,1307.15240388,587.395151011,19.9999999999428,0.939648437502149,0.968670559274132,INSIDE,48.167831361215,0.0290221217719833,48.7193456418222,0.327870488335985,true,0.000195312501001021,0.327870488560375,146.911152649564,148.59326271098,148.593262710959,0.00641804085117292,0.00649152643445356,1,false,false,ABSOLUTE_PHYSICAL_PCC_HULL;CENTERED_SIGN_NORMALIZED_PRODUCTION_RAY,kW physical distances; dimensionless normalized radius and ratios
2012-08-31 11:30:00,RAY:30.000000:BASE,RAY,30.000000,BASE,VMAX_BUS_13,VMAX,13,1203.13850317,929.010009766,29.9999999999434,0.943750000001946,0.965248974630689,INSIDE,35.8081952073527,0.0214989746287437,38.2760585117807,0.347727877257119,true,0.000195312504407186,0.34772787892797,102.977637254189,110.074747615354,110.074747615245,0.00477120213123432,0.005100028384261,1,false,false,ABSOLUTE_PHYSICAL_PCC_HULL;CENTERED_SIGN_NORMALIZED_PRODUCTION_RAY,kW physical distances; dimensionless normalized radius and ratios
2012-08-31 11:30:00,RAY:330.000000:BASE,RAY,330.000000,BASE,VMAX_BUS_13,VMAX,13,2221.46727113,-2055.80425262,330.000000000087,1.68613281250047,1.72936817229035,INSIDE,40.1934837139037,0.043235359789878,76.9747948296287,0.3477278644525,true,0.000195312497177191,0.347727866055702,115.588906794078,221.365045323516,221.365045323398,0.00535551244755646,0.0102563757546495,1,false,false,ABSOLUTE_PHYSICAL_PCC_HULL;CENTERED_SIGN_NORMALIZED_PRODUCTION_RAY,kW physical distances; dimensionless normalized radius and ratios
2012-08-31 11:30:00,RAY:335.000000:ADAPTIVE,RAY,335.000000,ADAPTIVE,VMAX_BUS_13,VMAX,13,2033.53599243,-1562.15113336,334.999999999951,1.48027343750228,1.53560181789501,INSIDE,57.9259778746493,0.0553283803927251,95.5269062450037,0.337215709310081,true,0.00019531250197935,0.337215709779119,171.777222339854,283.281304739903,283.281304739851,0.00771824850397957,0.0127283203196121,1,false,false,ABSOLUTE_PHYSICAL_PCC_HULL;CENTERED_SIGN_NORMALIZED_PRODUCTION_RAY,kW physical distances; dimensionless normalized radius and ratios
2012-08-31 11:30:00,RAY:340.000000:BASE,RAY,340.000000,BASE,VMAX_BUS_13,VMAX,13,1893.20400359,-1177.30525924,340.000000000018,1.33339843750097,1.39039710097236,INSIDE,65.9067434220816,0.0569986634713948,95.6834792646379,0.327870489260676,true,0.000195312501302114,0.327870489065811,201.014563923385,291.833155027941,291.833155027967,0.00878163204979347,0.0127491826255911,1,false,false,ABSOLUTE_PHYSICAL_PCC_HULL;CENTERED_SIGN_NORMALIZED_PRODUCTION_RAY,kW physical distances; dimensionless normalized radius and ratios
2012-08-31 11:30:00,RAY:345.000000:ADAPTIVE,RAY,345.000000,ADAPTIVE,VMAX_BUS_13,VMAX,13,1781.57003032,-861.336681274,344.999999999975,1.22421874999773,1.27917509109727,INSIDE,69.07038083941,0.0549563410995313,90.0656990565128,0.320089660213897,true,0.000195312496436895,0.320089659793744,215.784479864968,281.376471562779,281.376471562838,0.00920316554235302,0.0120006510465321,1,false,false,ABSOLUTE_PHYSICAL_PCC_HULL;CENTERED_SIGN_NORMALIZED_PRODUCTION_RAY,kW physical distances; dimensionless normalized radius and ratios
2012-08-31 11:30:00,RAY:350.000000:BASE,RAY,350.000000,BASE,VMAX_BUS_13,VMAX,13,1689.00847619,-592.01496209,350.000000000019,1.14140625000153,1.19283486698288,INSIDE,69.3152117638006,0.0514286169813436,82.7422186221886,0.314233411541527,true,0.000195312502361045,0.314233411640597,220.585110360362,263.314515761389,263.314515761375,0.00923578762289856,0.0110248463388677,1,false,false,ABSOLUTE_PHYSICAL_PCC_HULL;CENTERED_SIGN_NORMALIZED_PRODUCTION_RAY,kW physical distances; dimensionless normalized radius and ratios
2012-08-31 11:30:00,RAY:40.000000:BASE,RAY,40.000000,BASE,VMAX_BUS_13,VMAX,13,1096.81634811,1286.76081411,40.0000000000173,0.979296875002877,0.991883268128104,INSIDE,20.4006855729066,0.0125863931252271,23.884676043201,0.185318222155923,true,9.76562538799186e-05,0.185318221376577,110.084617344008,128.884660481691,128.884660481745,0.00271825468780138,0.0031824730786142,1,false,false,ABSOLUTE_PHYSICAL_PCC_HULL;CENTERED_SIGN_NORMALIZED_PRODUCTION_RAY,kW physical distances; dimensionless normalized radius and ratios
2012-08-31 11:30:00,RAY:60.000000:BASE,RAY,60.000000,BASE,VMAX_BUS_30,VMAX,30,699.000091553,1819.86116068,59.9999999999482,0.998046874998773,1.00241298032141,INSIDE,9.22391189782273,0.00436610532263204,9.25325826097473,0.413933435317142,true,0.000195312497317524,0.413933436261289,22.2835632757129,22.3544595588984,22.3544595588885,0.0012290244691297,0.00123293467542756,1,false,false,ABSOLUTE_PHYSICAL_PCC_HULL;CENTERED_SIGN_NORMALIZED_PRODUCTION_RAY,kW physical distances; dimensionless normalized radius and ratios
2012-08-31 11:30:00,RAY:70.000000:BASE,RAY,70.000000,BASE,VMAX_BUS_30,VMAX,30,435.667431271,1933.21936426,69.9999999999732,0.972949218748476,0.984717969264256,INSIDE,25.3096484766218,0.0117687505157803,25.9000255768371,0.214916552523903,true,9.765624686775e-05,0.214916552799851,117.765003111181,120.512009146921,120.512009146906,0.00337234110943557,0.00345100490308582,1,false,false,ABSOLUTE_PHYSICAL_PCC_HULL;CENTERED_SIGN_NORMALIZED_PRODUCTION_RAY,kW physical distances; dimensionless normalized radius and ratios
2012-08-31 11:30:00,RAY:80.000000:BASE,RAY,80.000000,BASE,VMAX_BUS_30,VMAX,30,177.995665244,2047.48337033,79.9999999999965,0.979492187500979,0.997417162223929,INSIDE,38.0582956193889,0.01792497472295,40.372301655421,0.439901055186552,true,0.000195312503150524,0.439901055155883,86.5155815624248,91.7758691010962,91.7758691010975,0.00507101293764977,0.00537933874035703,1,false,false,ABSOLUTE_PHYSICAL_PCC_HULL;CENTERED_SIGN_NORMALIZED_PRODUCTION_RAY,kW physical distances; dimensionless normalized radius and ratios
2012-08-31 11:30:00,RAY:90.000000:BASE,RAY,90.000000,BASE,VMAX_BUS_30,VMAX,30,-91.40625,2170.37353516,90,1.01875000000165,1.04253905332433,INSIDE,48.3228396408048,0.023789053322679,53.9992925226905,0.443344119999892,true,0.000195312501669376,0.44334412000029,108.996234439326,121.799951971067,121.799951971067,0.00643869466602328,0.00719504398581091,1,false,false,ABSOLUTE_PHYSICAL_PCC_HULL;CENTERED_SIGN_NORMALIZED_PRODUCTION_RAY,kW physical distances; dimensionless normalized radius and ratios
2012-09-03 07:00:00,AXIS:P13_POSITIVE:AXIS,AXIS,P13_POSITIVE,AXIS,VMAX_BUS_13,VMAX,13,1807.5,0,352.832722525517,1.0080734778048,1.04700882463873,INSIDE,54.7143363481711,0.0389353468339353,62.4264223887585,0.3125,false,,,175.085876314148,,,0.0072527614249785,0.00827505144756701,1,false,false,ABSOLUTE_PHYSICAL_PCC_HULL;CENTERED_SIGN_NORMALIZED_PRODUCTION_RAY,kW physical distances; dimensionless normalized radius and ratios
2012-09-03 07:00:00,AXIS:P30_POSITIVE:AXIS,AXIS,P30_POSITIVE,AXIS,VMAX_BUS_30,VMAX,30,0,2571.5625,97.7677588776837,1.00939901453874,1.03309989865491,INSIDE,45.9697986997112,0.0237008841161708,53.8770978098625,0.3125,false,,,147.103355839076,,,0.00609361284402085,0.007141779701002,1,false,false,ABSOLUTE_PHYSICAL_PCC_HULL;CENTERED_SIGN_NORMALIZED_PRODUCTION_RAY,kW physical distances; dimensionless normalized radius and ratios
2012-09-03 07:00:00,RAY:0.000000:BASE,RAY,0.000000,BASE,VMAX_BUS_13,VMAX,13,1713.69911194,287.265625,0,0.941210937500958,0.975890730926228,INSIDE,52.2856774083323,0.0346797934252701,55.1489996227634,0.31059264999999,true,0.000195312499140288,0.310592650000043,168.341644299484,177.560543118956,177.560543118956,0.00693082598631753,0.00731037903018451,1,false,false,ABSOLUTE_PHYSICAL_PCC_HULL;CENTERED_SIGN_NORMALIZED_PRODUCTION_RAY,kW physical distances; dimensionless normalized radius and ratios
2012-09-03 07:00:00,RAY:10.000000:BASE,RAY,10.000000,BASE,VMAX_BUS_13,VMAX,13,1601.95082836,638.017350139,9.9999999999953,0.884375000001093,0.913353865015142,INSIDE,46.6820297705669,0.0289788650140489,46.8158082216729,0.31553038772759,true,0.000195312499335354,0.315530387672062,147.947809739547,148.371789376838,148.371789376844,0.00618802396880361,0.00620575722217803,1,false,false,ABSOLUTE_PHYSICAL_PCC_HULL;CENTERED_SIGN_NORMALIZED_PRODUCTION_RAY,kW physical distances; dimensionless normalized radius and ratios
2012-09-03 07:00:00,RAY:100.000000:BASE,RAY,100.000000,BASE,VMAX_BUS_30,VMAX,30,-67.3861211639,2603.32680914,100.000000000007,1.02968749999939,1.05440476774724,INSIDE,46.9724783732081,0.0247172677478473,56.013601008235,0.442611885879486,true,0.00019531250078586,0.442611885850224,106.125659684606,126.552410359781,126.552410359783,0.00622652492781681,0.00742498788766252,1,false,false,ABSOLUTE_PHYSICAL_PCC_HULL;CENTERED_SIGN_NORMALIZED_PRODUCTION_RAY,kW physical distances; dimensionless normalized radius and ratios
2012-09-03 07:00:00,RAY:105.000000:ADAPTIVE,RAY,105.000000,ADAPTIVE,VMAX_BUS_30,VMAX,30,-229.598290074,2680.86249859,105.000000000012,1.08496093749849,1.111828761361,INSIDE,48.4222496228716,0.0268678238625093,60.2974083888246,0.438324944649263,true,0.000195312497263789,0.438324944782358,110.471124707762,137.563260103227,137.563260103219,0.0064187020736327,0.00799283600564517,1,false,false,ABSOLUTE_PHYSICAL_PCC_HULL;CENTERED_SIGN_NORMALIZED_PRODUCTION_RAY,kW physical distances; dimensionless normalized radius and ratios
2012-09-03 07:00:00,RAY:110.000000:BASE,RAY,110.000000,BASE,VMAX_BUS_30,VMAX,30,-412.134676254,2769.69777432,110.000000000019,1.15664062499826,1.18540906570842,INSIDE,48.6293486918663,0.0287684407101574,63.695815087287,0.432438754812358,true,0.000195312496950706,0.432438755209209,112.453724719856,147.294418735623,147.2944187356,0.006446154478962,0.00844331817639018,1,false,false,ABSOLUTE_PHYSICAL_PCC_HULL;CENTERED_SIGN_NORMALIZED_PRODUCTION_RAY,kW physical distances; dimensionless normalized radius and ratios
2012-09-03 07:00:00,RAY:115.000000:ADAPTIVE,RAY,115.000000,ADAPTIVE,VMAX_BUS_30,VMAX,30,-623.25574628,2875.16095114,114.999999999995,1.25019531250033,1.27984931751362,INSIDE,46.4274562639471,0.0296540050132927,64.53775555958,0.425070079851329,true,0.000195312498480371,0.425070080045093,109.223063359777,151.82850684936,151.82850684935,0.00615427850039686,0.00855492317404047,1,false,false,ABSOLUTE_PHYSICAL_PCC_HULL;CENTERED_SIGN_NORMALIZED_PRODUCTION_RAY,kW physical distances; dimensionless normalized radius and ratios
2012-09-03 07:00:00,RAY:120.000000:BASE,RAY,120.000000,BASE,VMAX_BUS_30,VMAX,30,-875.401229858,3004.68184431,119.999999999973,1.3738281250006,1.4022357788488,INSIDE,40.5942663844055,0.0284076538481968,60.5599599753725,0.416370789220884,true,0.000195312500896438,0.416370788667815,97.4954714291215,145.447187035199,145.447187035227,0.00538104908071244,0.0080276390233929,1,false,false,ABSOLUTE_PHYSICAL_PCC_HULL;CENTERED_SIGN_NORMALIZED_PRODUCTION_RAY,kW physical distances; dimensionless normalized radius and ratios
2012-09-03 07:00:00,RAY:125.000000:ADAPTIVE,RAY,125.000000,ADAPTIVE,VMAX_BUS_30,VMAX,30,-1189.70842691,3172.59120906,125.000000000035,1.54218750000217,1.56366248277839,INSIDE,27.5194773861809,0.0214749827762224,44.6986457209851,0.406529049169106,true,0.00019531250232796,0.406529049983922,67.6937538471782,109.951910503725,109.951910503697,0.00364789591437185,0.00592511277795618,1,false,false,ABSOLUTE_PHYSICAL_PCC_HULL;CENTERED_SIGN_NORMALIZED_PRODUCTION_RAY,kW physical distances; dimensionless normalized radius and ratios
2012-09-03 07:00:00,RAY:20.000000:BASE,RAY,20.000000,BASE,VMAX_BUS_13,VMAX,13,1502.45764157,959.269019036,19.9999999999338,0.860253906252411,0.88357958502941,INSIDE,38.8415048703959,0.0233256787769988,39.3316260266667,0.164667417320665,true,9.76562551118221e-05,0.164667418339534,235.878508950912,238.854938173592,238.854938173424,0.00514870849240481,0.00521367742108096,1,false,false,ABSOLUTE_PHYSICAL_PCC_HULL;CENTERED_SIGN_NORMALIZED_PRODUCTION_RAY,kW physical distances; dimensionless normalized radius and ratios
2012-09-03 07:00:00,RAY:30.000000:BASE,RAY,30.000000,BASE,VMAX_BUS_13,VMAX,13,1407.19460893,1274.24129486,30.0000000000604,0.864257812497687,0.881627353647779,INSIDE,28.987497210445,0.0173695411500917,31.0753673006659,0.349428205892209,true,0.000195312496754529,0.349428204384038,82.9569471543664,88.9320521662365,88.9320521663232,0.00384249203420367,0.00411925356804299,1,false,false,ABSOLUTE_PHYSICAL_PCC_HULL;CENTERED_SIGN_NORMALIZED_PRODUCTION_RAY,kW physical distances; dimensionless normalized radius and ratios
2012-09-03 07:00:00,RAY:330.000000:BASE,RAY,330.000000,BASE,VMAX_BUS_13,VMAX,13,2321.7304384,-1458.06423187,330.000000000069,1.52832031250094,1.56109782251017,INSIDE,30.8925153385817,0.0327775100092309,58.6413396839727,0.349428213589703,true,0.000195312502200284,0.349428214127011,88.4087607615323,167.820849356684,167.820849356651,0.00409501528342509,0.00777331271392081,1,false,false,ABSOLUTE_PHYSICAL_PCC_HULL;CENTERED_SIGN_NORMALIZED_PRODUCTION_RAY,kW physical distances; dimensionless normalized radius and ratios
2012-09-03 07:00:00,RAY:335.000000:ADAPTIVE,RAY,335.000000,ADAPTIVE,VMAX_BUS_13,VMAX,13,2156.99970055,-1012.05608714,334.999999999944,1.34609374999936,1.38878263121492,INSIDE,45.225973810266,0.0426888812155597,74.0488112399068,0.33879216773082,true,0.000195312501675815,0.338792166895902,133.4917926621,218.567069948322,218.5670699484,0.00599501374138753,0.00981567898966688,1,false,false,ABSOLUTE_PHYSICAL_PCC_HULL;CENTERED_SIGN_NORMALIZED_PRODUCTION_RAY,kW physical distances; dimensionless normalized radius and ratios
2012-09-03 07:00:00,RAY:340.000000:BASE,RAY,340.000000,BASE,VMAX_BUS_13,VMAX,13,2032.33241732,-661.732243295,339.999999999963,1.21484374999782,1.2593581731163,INSIDE,52.0066542011075,0.0445144231184744,75.0599654410088,0.329334817380221,true,0.000195312498554756,0.329334817002943,157.914230310685,227.913848053071,227.913848053113,0.0068938395420124,0.00994971443035633,1,false,false,ABSOLUTE_PHYSICAL_PCC_HULL;CENTERED_SIGN_NORMALIZED_PRODUCTION_RAY,kW physical distances; dimensionless normalized radius and ratios
2012-09-03 07:00:00,RAY:345.000000:ADAPTIVE,RAY,345.000000,ADAPTIVE,VMAX_BUS_13,VMAX,13,1932.70724625,-373.031634327,345.000000000011,1.11699218750095,1.16007636052147,INSIDE,54.6435133013032,0.0430841730205136,70.9109701185626,0.32145908230657,true,0.000195312497979216,0.321459082001863,169.985905855323,220.590968147355,220.590968147391,0.00724337334323235,0.00939973657746659,1,false,false,ABSOLUTE_PHYSICAL_PCC_HULL;CENTERED_SIGN_NORMALIZED_PRODUCTION_RAY,kW physical distances; dimensionless normalized radius and ratios
2012-09-03 07:00:00,RAY:350.000000:BASE,RAY,350.000000,BASE,VMAX_BUS_13,VMAX,13,1849.40293569,-126.153535129,349.999999999982,1.04238281249741,1.08294405654567,INSIDE,55.1077494046195,0.0405612440482572,65.5273221251153,0.315530387727594,true,0.000195312499335021,0.315530387671548,174.651163716744,207.673570234142,207.673570234149,0.00730491103018864,0.00868609702522806,1,false,false,ABSOLUTE_PHYSICAL_PCC_HULL;CENTERED_SIGN_NORMALIZED_PRODUCTION_RAY,kW physical distances; dimensionless normalized radius and ratios
2012-09-03 07:00:00,RAY:40.000000:BASE,RAY,40.000000,BASE,VMAX_BUS_13,VMAX,13,1309.75539398,1604.26967267,40.0000000001572,0.897070312499457,0.907187391662248,INSIDE,16.4083749963981,0.0101170791627913,19.3004452412583,0.372599459793105,true,0.000195312499552069,0.372599457004926,44.0375705469601,51.7994454322883,51.7994454323727,0.00217504290764253,0.0025584067005756,1,false,false,ABSOLUTE_PHYSICAL_PCC_HULL;CENTERED_SIGN_NORMALIZED_PRODUCTION_RAY,kW physical distances; dimensionless normalized radius and ratios
2012-09-03 07:00:00,RAY:60.000000:BASE,RAY,60.000000,BASE,VMAX_BUS_30,VMAX,30,963.307266235,2143.9477902,60.0000000000538,0.938671875001085,0.942363608728015,INSIDE,7.84986588137126,0.00369173372692966,7.87010599105887,0.416370789220462,true,0.000195312500896105,0.416370788667119,18.8530657879914,18.9016765951578,18.9016765951631,0.00104055368767289,0.0010432366533557,1,false,false,ABSOLUTE_PHYSICAL_PCC_HULL;CENTERED_SIGN_NORMALIZED_PRODUCTION_RAY,kW physical distances; dimensionless normalized radius and ratios
2012-09-03 07:00:00,RAY:70.000000:BASE,RAY,70.000000,BASE,VMAX_BUS_30,VMAX,30,714.317036765,2249.90448402,69.9999999999747,0.914453124998679,0.924516282204612,INSIDE,21.8107232513419,0.0100631572059329,22.2807001269649,0.216219382130302,true,9.76562504251266e-05,0.216219381921512,100.87311801769,103.04672934016,103.04672934017,0.00289116130810023,0.00295345997389159,1,false,false,ABSOLUTE_PHYSICAL_PCC_HULL;CENTERED_SIGN_NORMALIZED_PRODUCTION_RAY,kW physical distances; dimensionless normalized radius and ratios
2012-09-03 07:00:00,RAY:80.000000:BASE,RAY,80.000000,BASE,VMAX_BUS_30,VMAX,30,471.035482488,2356.87189178,79.9999999999858,0.92011718749784,0.935220439227908,INSIDE,32.3598757417183,0.015103251730068,34.226578963552,0.442611875966294,true,0.000195312496485189,0.44261187610419,73.1111782101901,77.3286502495414,77.3286502495363,0.00428952399245315,0.00453696833744248,1,false,false,ABSOLUTE_PHYSICAL_PCC_HULL;CENTERED_SIGN_NORMALIZED_PRODUCTION_RAY,kW physical distances; dimensionless normalized radius and ratios
2012-09-03 07:00:00,RAY:90.000000:BASE,RAY,90.000000,BASE,VMAX_BUS_30,VMAX,30,216.953125,2471.32568359,90,0.956249999998358,0.976183653419786,INSIDE,40.9171848622236,0.0199336534214274,45.5281529512054,0.446090690000347,true,0.000195312496391487,0.446090690000399,91.7239157405232,102.060307403333,102.060307403333,0.00542385414489944,0.00603506966389553,1,false,false,ABSOLUTE_PHYSICAL_PCC_HULL;CENTERED_SIGN_NORMALIZED_PRODUCTION_RAY,kW physical distances; dimensionless normalized radius and ratios
2012-10-15 13:00:00,AXIS:P13_POSITIVE:AXIS,AXIS,P13_POSITIVE,AXIS,VMAX_BUS_13,VMAX,13,1459.375,0,4.7320092272711,1.00361826266557,1.0327930427005,INSIDE,45.4087940804125,0.0291747800349265,46.354802203512,0.3125,false,,,145.30814105732,,,0.00604437689896199,0.0061703002968696,1,false,false,ABSOLUTE_PHYSICAL_PCC_HULL;CENTERED_SIGN_NORMALIZED_PRODUCTION_RAY,kW physical distances; dimensionless normalized radius and ratios
2012-10-15 13:00:00,AXIS:P30_POSITIVE:AXIS,AXIS,P30_POSITIVE,AXIS,VMAX_BUS_30,VMAX,30,0,2080.9375,85.5171661055932,1.00320677446838,1.02643702473217,INSIDE,48.3048272330088,0.0232302502637896,52.6137487312376,0.3125,false,,,154.575447145628,,,0.00642986865756678,0.00700343036716015,1,false,false,ABSOLUTE_PHYSICAL_PCC_HULL;CENTERED_SIGN_NORMALIZED_PRODUCTION_RAY,kW physical distances; dimensionless normalized radius and ratios
2012-10-15 13:00:00,RAY:0.000000:BASE,RAY,0.000000,BASE,VMAX_BUS_13,VMAX,13,1520.28793335,-187.8125,0,1.03867187500025,1.06978563434247,INSIDE,46.7521307062693,0.0311137593422237,49.2594010211065,0.309219360000043,true,0.000195312499778,0.309219360000091,151.194060767291,159.302448013255,159.302448013255,0.00622318880166259,0.00655693223346609,1,false,false,ABSOLUTE_PHYSICAL_PCC_HULL;CENTERED_SIGN_NORMALIZED_PRODUCTION_RAY,kW physical distances; dimensionless normalized radius and ratios
2012-10-15 13:00:00,RAY:10.000000:BASE,RAY,10.000000,BASE,VMAX_BUS_13,VMAX,13,1396.33584091,196.32672263,10.0000000000283,0.975195312497338,1.00225606425765,INSIDE,43.4017105737758,0.0270607517603071,43.5174924928856,0.15704497486119,true,9.7656248913558e-05,0.157044974826331,276.364847790501,277.102101108352,277.102101108358,0.00577721346889337,0.00579262523155646,1,false,false,ABSOLUTE_PHYSICAL_PCC_HULL;CENTERED_SIGN_NORMALIZED_PRODUCTION_RAY,kW physical distances; dimensionless normalized radius and ratios
2012-10-15 13:00:00,RAY:100.000000:BASE,RAY,100.000000,BASE,VMAX_BUS_30,VMAX,30,-428.056466882,2281.77687084,99.9999999999881,1.10546875000128,1.13712242033709,INSIDE,59.4135915465327,0.0316536703358172,71.2469539922959,0.439614759992458,true,0.000195312499781775,0.439614759945432,135.149219165326,162.066792300464,162.066792300467,0.00790855928902843,0.00948370137444814,1,false,false,ABSOLUTE_PHYSICAL_PCC_HULL;CENTERED_SIGN_NORMALIZED_PRODUCTION_RAY,kW physical distances; dimensionless normalized radius and ratios
2012-10-15 13:00:00,RAY:105.000000:ADAPTIVE,RAY,105.000000,ADAPTIVE,VMAX_BUS_30,VMAX,30,-601.770762934,2366.23782104,104.999999999976,1.16562500000161,1.20007820554501,INSIDE,61.2758070800635,0.0344532055434028,76.8005977906111,0.435376526998508,true,0.00019531250268634,0.435376526674501,140.742100871859,176.400409956,176.400409956022,0.00815643930389579,0.0102229484070858,1,false,false,ABSOLUTE_PHYSICAL_PCC_HULL;CENTERED_SIGN_NORMALIZED_PRODUCTION_RAY,kW physical distances; dimensionless normalized radius and ratios
2012-10-15 13:00:00,RAY:110.000000:BASE,RAY,110.000000,BASE,VMAX_BUS_30,VMAX,30,-797.615528659,2463.40726196,109.999999999978,1.24375000000058,1.28073194983062,INSIDE,61.6311845612039,0.0369819498300394,81.3356759546964,0.429557506446983,true,0.000195312499342792,0.429557506552674,143.475980831942,189.347583766938,189.347583766931,0.00820374369682049,0.0108266138918252,1,false,false,ABSOLUTE_PHYSICAL_PCC_HULL;CENTERED_SIGN_NORMALIZED_PRODUCTION_RAY,kW physical distances; dimensionless normalized radius and ratios
2012-10-15 13:00:00,RAY:115.000000:ADAPTIVE,RAY,115.000000,ADAPTIVE,VMAX_BUS_30,VMAX,30,-1024.79923613,2579.62510097,114.999999999917,1.34609374999962,1.38430222731957,INSIDE,58.911186080718,0.0382084773199525,82.6082614837752,0.422273463626023,true,0.000195312500050004,0.422273464081694,139.509562298453,195.627403828072,195.627403828041,0.00784168396117662,0.0109960080968397,1,false,false,ABSOLUTE_PHYSICAL_PCC_HULL;CENTERED_SIGN_NORMALIZED_PRODUCTION_RAY,kW physical distances; dimensionless normalized radius and ratios
2012-10-15 13:00:00,RAY:120.000000:BASE,RAY,120.000000,BASE,VMAX_BUS_30,VMAX,30,-1297.31887817,2723.6742032,119.99999999994,1.48203124999786,1.51867228554964,INSIDE,51.4958967600673,0.0366410355517706,77.6062803184162,0.827349791491677,true,0.000390624998532596,0.827349791811214,62.2419891678735,93.8010513649014,93.8010513648918,0.00685463278801644,0.010330193026935,1,false,false,ABSOLUTE_PHYSICAL_PCC_HULL;CENTERED_SIGN_NORMALIZED_PRODUCTION_RAY,kW physical distances; dimensionless normalized radius and ratios
2012-10-15 13:00:00,RAY:125.000000:ADAPTIVE,RAY,125.000000,ADAPTIVE,VMAX_BUS_30,VMAX,30,-1638.80304202,2911.5990508,124.999999999973,1.66796875000043,1.69622951976523,INSIDE,35.5605380654777,0.0282607697647934,58.4493479393081,0.403948240018567,true,0.000195312499357891,0.403948240861072,88.0324124294815,144.695141671441,144.695141671406,0.0047334728690879,0.00778020856088182,1,false,false,ABSOLUTE_PHYSICAL_PCC_HULL;CENTERED_SIGN_NORMALIZED_PRODUCTION_RAY,kW physical distances; dimensionless normalized radius and ratios
2012-10-15 13:00:00,RAY:20.000000:BASE,RAY,20.000000,BASE,VMAX_BUS_13,VMAX,13,1286.29174257,547.730918324,19.999999999965,0.948046875001106,0.970482562014344,INSIDE,37.1618493513217,0.0224356870132379,37.6443072808281,0.163855110176152,true,9.76562525792923e-05,0.163855110735911,226.797011770771,229.741428947637,229.741428947556,0.00494662384876515,0.00501084395464741,1,false,false,ABSOLUTE_PHYSICAL_PCC_HULL;CENTERED_SIGN_NORMALIZED_PRODUCTION_RAY,kW physical distances; dimensionless normalized radius and ratios
2012-10-15 13:00:00,RAY:30.000000:BASE,RAY,30.000000,BASE,VMAX_BUS_13,VMAX,13,1181.34450436,892.132110596,29.9999999999372,0.95214843750207,0.9692056465983,INSIDE,28.2903108523669,0.0170572090962297,30.3520144393705,0.347543839319879,true,0.000195312504786771,0.34754384096715,81.4006972695278,87.3329084323176,87.3329084322326,0.00376573095241614,0.00404016487620024,1,false,false,ABSOLUTE_PHYSICAL_PCC_HULL;CENTERED_SIGN_NORMALIZED_PRODUCTION_RAY,kW physical distances; dimensionless normalized radius and ratios
2012-10-15 13:00:00,RAY:335.000000:ADAPTIVE,RAY,335.000000,ADAPTIVE,VMAX_BUS_13,VMAX,13,2020.31641438,-1620.5943714,335.00000000007,1.49453125000257,1.51666797071575,INSIDE,23.4621848631458,0.0221367207131802,38.2005871531143,0.337044150032754,true,0.000195312502295986,0.337044152235914,69.6116068499208,113.34000871912,113.340008719023,0.00312305779217217,0.00508489051936017,1,false,false,ABSOLUTE_PHYSICAL_PCC_HULL;CENTERED_SIGN_NORMALIZED_PRODUCTION_RAY,kW physical distances; dimensionless normalized radius and ratios
2012-10-15 13:00:00,RAY:340.000000:BASE,RAY,340.000000,BASE,VMAX_BUS_13,VMAX,13,1878.47574856,-1232.18111127,339.999999999917,1.34609374999812,1.37670591035886,INSIDE,35.7436159102807,0.0306121603607463,51.3634180433471,0.655420422971076,true,0.000390624998446221,0.65542042302585,54.5354014881806,78.3671308352296,78.3671308352276,0.00475784241067668,0.00683699851009375,1,false,false,ABSOLUTE_PHYSICAL_PCC_HULL;CENTERED_SIGN_NORMALIZED_PRODUCTION_RAY,kW physical distances; dimensionless normalized radius and ratios
2012-10-15 13:00:00,RAY:345.000000:ADAPTIVE,RAY,345.000000,ADAPTIVE,VMAX_BUS_13,VMAX,13,1765.62650184,-913.335061403,344.999999999958,1.23574218749716,1.26923707625406,INSIDE,42.4210556379479,0.0334948887569064,54.8675532991131,0.319938928350717,true,0.000195312496272582,0.319938927906029,132.591103735417,171.493833708215,171.493833708252,0.00564667822434417,0.00730343490462304,1,false,false,ABSOLUTE_PHYSICAL_PCC_HULL;CENTERED_SIGN_NORMALIZED_PRODUCTION_RAY,kW physical distances; dimensionless normalized radius and ratios
2012-10-15 13:00:00,RAY:350.000000:BASE,RAY,350.000000,BASE,VMAX_BUS_13,VMAX,13,1671.92791014,-641.578399273,349.999999999997,1.15195312499893,1.18570233207164,INSIDE,45.754475525563,0.0337492070727068,54.2734687652512,0.314089949722601,true,0.000195312497827338,0.31408994965299,145.673160080329,172.795942134446,172.795942134452,0.00609039064990563,0.00722435615115193,1,false,false,ABSOLUTE_PHYSICAL_PCC_HULL;CENTERED_SIGN_NORMALIZED_PRODUCTION_RAY,kW physical distances; dimensionless normalized radius and ratios
2012-10-15 13:00:00,RAY:40.000000:BASE,RAY,40.000000,BASE,VMAX_BUS_13,VMAX,13,1074.2139091,1252.93884362,40.0000000000399,0.98808593750056,0.998222724332539,INSIDE,16.3236976964438,0.010136786831979,19.2252323398482,0.370425879384804,true,0.000195312498783906,0.37042587855842,44.0673792110688,51.9003489028851,51.900348902908,0.00217285182881755,0.00255907589235631,1,false,false,ABSOLUTE_PHYSICAL_PCC_HULL;CENTERED_SIGN_NORMALIZED_PRODUCTION_RAY,kW physical distances; dimensionless normalized radius and ratios
2012-10-15 13:00:00,RAY:55.000000:ADAPTIVE,RAY,55.000000,ADAPTIVE,VMAX_BUS_30,VMAX,30,811.172285557,1726.09227906,55.0000000000684,1.02998046875155,1.03201477652754,INSIDE,4.20726335105274,0.00203430777598745,4.2073858569303,0.201974124062645,true,9.76562511223467e-05,0.201974123415731,20.8307047775477,20.8313113867008,20.8313113867071,0.000560029966044003,0.000560046272834601,1,false,false,ABSOLUTE_PHYSICAL_PCC_HULL;CENTERED_SIGN_NORMALIZED_PRODUCTION_RAY,kW physical distances; dimensionless normalized radius and ratios
2012-10-15 13:00:00,RAY:60.000000:BASE,RAY,60.000000,BASE,VMAX_BUS_30,VMAX,30,670.862350464,1785.15331812,60.0000000000417,1.00429687500143,1.01088447159435,INSIDE,13.9089525223789,0.0065875965929183,13.9526315268105,0.206837452510524,true,9.76562515417889e-05,0.206837451995244,67.2458123688757,67.4569880464779,67.4569880464943,0.00185142444360334,0.00185723856773287,1,false,false,ABSOLUTE_PHYSICAL_PCC_HULL;CENTERED_SIGN_NORMALIZED_PRODUCTION_RAY,kW physical distances; dimensionless normalized radius and ratios
2012-10-15 13:00:00,RAY:70.000000:BASE,RAY,70.000000,BASE,VMAX_BUS_30,VMAX,30,406.030494982,1899.27365997,69.9999999999838,0.979101562499478,0.992990874136335,INSIDE,29.8541299475839,0.0138893116368576,30.547241444027,0.214778753223271,true,9.76562496717293e-05,0.214778753277041,138.999456415269,142.226551639515,142.226551639512,0.00397389133642781,0.00406615159575306,1,false,false,ABSOLUTE_PHYSICAL_PCC_HULL;CENTERED_SIGN_NORMALIZED_PRODUCTION_RAY,kW physical distances; dimensionless normalized radius and ratios
2012-10-15 13:00:00,RAY:80.000000:BASE,RAY,80.000000,BASE,VMAX_BUS_30,VMAX,30,146.859949908,2014.31074286,79.9999999999737,0.985742187497941,1.00574733259524,INSIDE,42.454308355704,0.020005145097301,45.0281321955812,0.439614760114602,true,0.000195312499891354,0.439614760192073,96.5716172601591,102.426342955158,102.426342955154,0.00565110450262578,0.0059937068922026,1,false,false,ABSOLUTE_PHYSICAL_PCC_HULL;CENTERED_SIGN_NORMALIZED_PRODUCTION_RAY,kW physical distances; dimensionless normalized radius and ratios
2012-10-15 13:00:00,RAY:90.000000:BASE,RAY,90.000000,BASE,VMAX_BUS_30,VMAX,30,-124.140625,2138.2220459,90,1.02539062500069,1.05119138216947,INSIDE,52.3865276806264,0.0258007571687793,58.5274050900527,0.443054200000006,true,0.000195312500344436,0.443054200000081,118.239546494821,132.09987647119,132.09987647119,0.00697318491147066,0.00779059876939351,1,false,false,ABSOLUTE_PHYSICAL_PCC_HULL;CENTERED_SIGN_NORMALIZED_PRODUCTION_RAY,kW physical distances; dimensionless normalized radius and ratios
2013-04-07 02:00:00,AXIS:P13_POSITIVE:AXIS,AXIS,P13_POSITIVE,AXIS,VMAX_BUS_13,VMAX,13,1650.625,0,358.15503336798,1.00071567865028,1.04090282353432,INSIDE,59.4253377750388,0.0401871448840436,63.8132307313208,0.3125,false,,,190.161080880124,,,0.00795350943157325,0.00854078666581695,1,false,false,ABSOLUTE_PHYSICAL_PCC_HULL;CENTERED_SIGN_NORMALIZED_PRODUCTION_RAY,kW physical distances; dimensionless normalized radius and ratios
2013-04-07 02:00:00,AXIS:P30_POSITIVE:AXIS,AXIS,P30_POSITIVE,AXIS,VMAX_BUS_30,VMAX,30,0,2350.625,92.283088032442,1.00093178719699,1.02403955132925,INSIDE,46.5033782858577,0.0231077641322539,52.5938239790695,0.3125,false,,,148.810810514745,,,0.00622402954101419,0.00703917707028564,1,false,false,ABSOLUTE_PHYSICAL_PCC_HULL;CENTERED_SIGN_NORMALIZED_PRODUCTION_RAY,kW physical distances; dimensionless normalized radius and ratios
2013-04-07 02:00:00,RAY:0.000000:BASE,RAY,0.000000,BASE,VMAX_BUS_13,VMAX,13,1626.75500488,73.359375,0,0.985156249998228,1.02406523209872,INSIDE,58.4812895552899,0.0389089821004892,61.749770499167,0.309967039999947,true,0.000195312499360001,0.309967039999926,188.669380961601,199.213989007288,199.213989007288,0.0078271576647889,0.008264612376657,1,false,false,ABSOLUTE_PHYSICAL_PCC_HULL;CENTERED_SIGN_NORMALIZED_PRODUCTION_RAY,kW physical distances; dimensionless normalized radius and ratios
2013-04-07 02:00:00,RAY:10.000000:BASE,RAY,10.000000,BASE,VMAX_BUS_13,VMAX,13,1509.59339422,439.248427465,9.99999999998981,0.92539062500154,0.95773405945006,INSIDE,51.9799545007,0.0323434344485199,52.1427256396234,0.314874608457352,true,0.000195312503047163,0.314874608526393,165.081442277491,165.598381792844,165.598381792836,0.00695701654972706,0.00697880189983337,1,false,false,ABSOLUTE_PHYSICAL_PCC_HULL;CENTERED_SIGN_NORMALIZED_PRODUCTION_RAY,kW physical distances; dimensionless normalized radius and ratios
2013-04-07 02:00:00,RAY:100.000000:BASE,RAY,100.000000,BASE,VMAX_BUS_30,VMAX,30,-229.850853513,2458.49580082,100.000000000009,1.06367187499995,1.09090188936622,INSIDE,51.4405359867618,0.0272300143662725,61.5189268690804,0.220628155000657,true,9.76562520571544e-05,0.220628154939707,233.154902585342,278.835341236891,278.835341236898,0.00688482057409098,0.0082337161788758,1,false,false,ABSOLUTE_PHYSICAL_PCC_HULL;CENTERED_SIGN_NORMALIZED_PRODUCTION_RAY,kW physical distances; dimensionless normalized radius and ratios
2013-04-07 02:00:00,RAY:105.000000:ADAPTIVE,RAY,105.000000,ADAPTIVE,VMAX_BUS_30,VMAX,30,-397.212394286,2539.05690169,105.000000000025,1.12109374999914,1.15081662024235,INSIDE,53.2265023730338,0.0297228702432126,66.5018094817677,0.436991265934496,true,0.000195312500477218,0.436991265980105,121.802210987467,152.181095273416,152.181095273413,0.00712385498314155,0.00890062705124576,1,false,false,ABSOLUTE_PHYSICAL_PCC_HULL;CENTERED_SIGN_NORMALIZED_PRODUCTION_RAY,kW physical distances; dimensionless normalized radius and ratios
2013-04-07 02:00:00,RAY:110.000000:BASE,RAY,110.000000,BASE,VMAX_BUS_30,VMAX,30,-585.742407325,2631.72888568,109.99999999996,1.19570312500176,1.22758068116397,INSIDE,53.5153392535909,0.0318775561622024,70.36692091121,0.431135288126093,true,0.000195312501518385,0.43113528770466,124.126557782344,163.213086281636,163.213086281662,0.00716251301925392,0.0094179350104285,1,false,false,ABSOLUTE_PHYSICAL_PCC_HULL;CENTERED_SIGN_NORMALIZED_PRODUCTION_RAY,kW physical distances; dimensionless normalized radius and ratios
2013-04-07 02:00:00,RAY:115.000000:ADAPTIVE,RAY,115.000000,ADAPTIVE,VMAX_BUS_30,VMAX,30,-804.054734042,2741.95904755,115.000000000045,1.29316406249834,1.32613161409935,INSIDE,51.2322435355764,0.0329675516010097,71.5356268257694,0.423804654780863,true,0.000195312496318989,0.423804655565038,120.886457847111,168.79386737839,168.793867378343,0.00685694263452755,0.0095743550471033,1,false,false,ABSOLUTE_PHYSICAL_PCC_HULL;CENTERED_SIGN_NORMALIZED_PRODUCTION_RAY,kW physical distances; dimensionless normalized radius and ratios
2013-04-07 02:00:00,RAY:120.000000:BASE,RAY,120.000000,BASE,VMAX_BUS_30,VMAX,30,-1065.30874634,2877.92389349,120.000000000078,1.42226562499932,1.45391826337974,INSIDE,44.8655744459405,0.0316526383804228,67.2799422855528,0.415150658222682,true,0.000195312499017053,0.41515065833003,108.070584876383,162.06150932337,162.061509323364,0.00600482526257726,0.00900477263670881,1,false,false,ABSOLUTE_PHYSICAL_PCC_HULL;CENTERED_SIGN_NORMALIZED_PRODUCTION_RAY,kW physical distances; dimensionless normalized radius and ratios
2013-04-07 02:00:00,RAY:125.000000:ADAPTIVE,RAY,125.000000,ADAPTIVE,VMAX_BUS_30,VMAX,30,-1391.75039768,3054.71833696,125.000000000071,1.59843749999912,1.62262422663392,INSIDE,30.7186728457255,0.024186726634803,50.1982596584631,0.405360661594721,true,0.000195312498548317,0.405360661850148,75.7810901651773,123.836041290618,123.836041290608,0.00411139866177616,0.00671855384572761,1,false,false,ABSOLUTE_PHYSICAL_PCC_HULL;CENTERED_SIGN_NORMALIZED_PRODUCTION_RAY,kW physical distances; dimensionless normalized radius and ratios
2013-04-07 02:00:00,RAY:20.000000:BASE,RAY,20.000000,BASE,VMAX_BUS_13,VMAX,13,1405.32501225,774.170774587,20.0000000000447,0.899902343748306,0.925894478273754,INSIDE,43.2090924770501,0.0259921345254485,43.7295018252392,0.164298132163307,true,9.76562497138067e-05,0.164298132033921,262.991988454876,266.159458320604,266.159458320627,0.00578312109637334,0.00585277287815656,1,false,false,ABSOLUTE_PHYSICAL_PCC_HULL;CENTERED_SIGN_NORMALIZED_PRODUCTION_RAY,kW physical distances; dimensionless normalized radius and ratios
2013-04-07 02:00:00,RAY:30.000000:BASE,RAY,30.000000,BASE,VMAX_BUS_13,VMAX,13,1305.61847783,1102.43545532,29.9999999998835,0.903906250001192,0.92325378254166,INSIDE,32.2551587038627,0.0193475325404674,34.5294108815439,0.174286452948485,true,9.76562518255619e-05,0.174286454222837,185.069798358893,198.118729510803,198.118729510647,0.00431704250364098,0.00462142926562184,1,false,false,ABSOLUTE_PHYSICAL_PCC_HULL;CENTERED_SIGN_NORMALIZED_PRODUCTION_RAY,kW physical distances; dimensionless normalized radius and ratios
2013-04-07 02:00:00,RAY:330.000000:BASE,RAY,330.000000,BASE,VMAX_BUS_13,VMAX,13,2271.46319384,-1755.76332092,330.000000000008,1.60664062499789,1.64413566827563,INSIDE,35.1019223366796,0.0374950432777383,66.9171509416625,0.69714579639127,true,0.000390624996388089,0.697145797413097,50.3509058196757,95.987311678556,95.9873116785218,0.00469805441288383,0.0089562165075666,1,false,false,ABSOLUTE_PHYSICAL_PCC_HULL;CENTERED_SIGN_NORMALIZED_PRODUCTION_RAY,kW physical distances; dimensionless normalized radius and ratios
2013-04-07 02:00:00,RAY:335.000000:ADAPTIVE,RAY,335.000000,ADAPTIVE,VMAX_BUS_13,VMAX,13,2095.49662804,-1286.2398015,334.999999999914,1.41289062499993,1.46133256180682,INSIDE,51.0231339340611,0.04844193680689,83.831218054272,0.67599628748324,true,0.000390624997465006,0.67599628541799,75.4784232972968,124.011359030421,124.011359030526,0.00682895532725838,0.0112200015754053,1,false,false,ABSOLUTE_PHYSICAL_PCC_HULL;CENTERED_SIGN_NORMALIZED_PRODUCTION_RAY,kW physical distances; dimensionless normalized radius and ratios
2013-04-07 02:00:00,RAY:340.000000:BASE,RAY,340.000000,BASE,VMAX_BUS_13,VMAX,13,1962.96858964,-918.651899684,339.999999999948,1.27382812499719,1.32418137077058,INSIDE,58.5294832299407,0.0503532457733864,84.7149490857797,0.328596264326465,true,0.000195312499427613,0.328596264067842,178.119746278646,257.808619115277,257.808619115308,0.00783360792422753,0.0113382804671581,1,false,false,ABSOLUTE_PHYSICAL_PCC_HULL;CENTERED_SIGN_NORMALIZED_PRODUCTION_RAY,kW physical distances; dimensionless normalized radius and ratios
2013-04-07 02:00:00,RAY:345.000000:ADAPTIVE,RAY,345.000000,ADAPTIVE,VMAX_BUS_13,VMAX,13,1857.6164351,-616.44292373,345,1.17050781249944,1.21904719702856,INSIDE,61.2870105558688,0.0485393845291242,79.717661834142,0.320767474833878,true,0.000195312499791767,0.320767474936558,191.063668745121,248.521649054079,248.521649054065,0.00820267641278398,0.010669441672524,1,false,false,ABSOLUTE_PHYSICAL_PCC_HULL;CENTERED_SIGN_NORMALIZED_PRODUCTION_RAY,kW physical distances; dimensionless normalized radius and ratios
2013-04-07 02:00:00,RAY:350.000000:BASE,RAY,350.000000,BASE,VMAX_BUS_13,VMAX,13,1769.6731635,-358.32483844,349.999999999981,1.0917968749983,1.13739901376792,INSIDE,61.7116356491614,0.045602138769623,73.5178514894392,0.314874598517601,true,0.000195312496765743,0.314874598399745,195.987977244572,233.482954366807,233.482954366823,0.00825950839407065,0.00983965673739705,1,false,false,ABSOLUTE_PHYSICAL_PCC_HULL;CENTERED_SIGN_NORMALIZED_PRODUCTION_RAY,kW physical distances; dimensionless normalized radius and ratios
2013-04-07 02:00:00,RAY:40.000000:BASE,RAY,40.000000,BASE,VMAX_BUS_13,VMAX,13,1203.86526059,1446.48230899,40.0000000000239,0.938183593751258,0.949392890773637,INSIDE,18.1730195923107,0.0112092970223784,21.3275312042739,0.18580708110466,true,9.76562526937563e-05,0.185807082501437,97.8058504781866,114.783198342967,114.783198342878,0.00243228373854227,0.002854484752405,1,false,false,ABSOLUTE_PHYSICAL_PCC_HULL;CENTERED_SIGN_NORMALIZED_PRODUCTION_RAY,kW physical distances; dimensionless normalized radius and ratios
2013-04-07 02:00:00,RAY:60.000000:BASE,RAY,60.000000,BASE,VMAX_BUS_30,VMAX,30,831.534561157,1982.48136321,59.9999999999587,0.968164062498507,0.972325599039758,INSIDE,8.82033948759534,0.00416153654125151,8.84564297451549,0.207575324472874,true,9.76562476068255e-05,0.207575325122905,42.4922350958337,42.614135226722,42.6141352267086,0.00118051753563166,0.00118390416378399,1,false,false,ABSOLUTE_PHYSICAL_PCC_HULL;CENTERED_SIGN_NORMALIZED_PRODUCTION_RAY,kW physical distances; dimensionless normalized radius and ratios
2013-04-07 02:00:00,RAY:70.000000:BASE,RAY,70.000000,BASE,VMAX_BUS_30,VMAX,30,575.492586225,2092.43194782,69.9999999999496,0.943652343748396,0.954526971454517,INSIDE,23.4784543007724,0.0108746277061207,24.0047908265489,0.215567639339331,true,9.76562488034238e-05,0.215567639535136,108.914558663484,111.356189075117,111.356189075106,0.00314236510403803,0.00321281018148617,1,false,false,ABSOLUTE_PHYSICAL_PCC_HULL;CENTERED_SIGN_NORMALIZED_PRODUCTION_RAY,kW physical distances; dimensionless normalized radius and ratios
2013-04-07 02:00:00,RAY:80.000000:BASE,RAY,80.000000,BASE,VMAX_BUS_30,VMAX,30,324.979429816,2202.72648891,80.0000000000213,0.949609375001261,0.966197947554204,INSIDE,35.3823125499231,0.0165885725529433,37.4774382422296,0.441256300075643,true,0.000195312499788991,0.441256300107555,80.1853991520521,84.9334915628291,84.9334915628278,0.00473558194388408,0.00501599435007305,1,false,false,ABSOLUTE_PHYSICAL_PCC_HULL;CENTERED_SIGN_NORMALIZED_PRODUCTION_RAY,kW physical distances; dimensionless normalized radius and ratios
2013-04-07 02:00:00,RAY:90.000000:BASE,RAY,90.000000,BASE,VMAX_BUS_30,VMAX,30,63.28125,2321.40586853,90,0.98730468749988,1.00920150477226,INSIDE,44.7142976401389,0.0218968172723831,49.8580265159067,0.444717410000067,true,0.00019531250121807,0.444717410000051,100.545417459893,112.111703735415,112.111703735415,0.00598457831831459,0.0066730169146882,1,false,false,ABSOLUTE_PHYSICAL_PCC_HULL;CENTERED_SIGN_NORMALIZED_PRODUCTION_RAY,kW physical distances; dimensionless normalized radius and ratios
2013-04-17 05:30:00,AXIS:P13_POSITIVE:AXIS,AXIS,P13_POSITIVE,AXIS,VMAX_BUS_13,VMAX,13,1410.625,0,6.4013671645649,1.00647260732762,1.03547140721196,INSIDE,45.5741270062451,0.0289987998843397,46.1804167920376,0.3125,false,,,145.837206419984,,,0.00605785354684114,0.00613844345542618,1,false,false,ABSOLUTE_PHYSICAL_PCC_HULL;CENTERED_SIGN_NORMALIZED_PRODUCTION_RAY,kW physical distances; dimensionless normalized radius and ratios
2013-04-17 05:30:00,AXIS:P30_POSITIVE:AXIS,AXIS,P30_POSITIVE,AXIS,VMAX_BUS_30,VMAX,30,0,2012.1875,83.8010473840598,1.00602015992991,1.03106426420431,INSIDE,52.4218216274117,0.0250441042744005,56.5844004520987,0.3125,false,,,167.749829207717,,,0.0069680702393701,0.00752137305729748,1,false,false,ABSOLUTE_PHYSICAL_PCC_HULL;CENTERED_SIGN_NORMALIZED_PRODUCTION_RAY,kW physical distances; dimensionless normalized radius and ratios
2013-04-17 05:30:00,RAY:0.000000:BASE,RAY,0.000000,BASE,VMAX_BUS_13,VMAX,13,1493.13012695,-254.296875,0,1.05234374999802,1.08409729572465,INSIDE,47.6650892657358,0.0317535457266267,50.2400631293472,0.309020989999908,true,0.000195312496148459,0.309020989999889,154.245474605948,162.578157326352,162.578157326352,0.00633579070048603,0.00667806416960951,1,false,false,ABSOLUTE_PHYSICAL_PCC_HULL;CENTERED_SIGN_NORMALIZED_PRODUCTION_RAY,kW physical distances; dimensionless normalized radius and ratios
2013-04-17 05:30:00,RAY:10.000000:BASE,RAY,10.000000,BASE,VMAX_BUS_13,VMAX,13,1367.40728781,134.454501097,9.99999999996199,0.987890625002703,1.01539751249806,INSIDE,44.0840818854977,0.027506887495355,44.2056167113057,0.156940869929147,true,9.76562522366775e-05,0.156940870048146,280.896122886282,281.670521501173,281.670521501152,0.00585979215296219,0.00587594693691417,1,false,false,ABSOLUTE_PHYSICAL_PCC_HULL;CENTERED_SIGN_NORMALIZED_PRODUCTION_RAY,kW physical distances; dimensionless normalized radius and ratios
2013-04-17 05:30:00,RAY:100.000000:BASE,RAY,100.000000,BASE,VMAX_BUS_30,VMAX,30,-478.493570205,2236.36388948,100.000000000014,1.11601562499879,1.15058719498771,INSIDE,64.8473011233951,0.034571569988928,77.7373396349857,0.439178036065691,true,0.000195312500819833,0.439178036058308,147.656066100936,177.006437600319,177.006437600319,0.00861970330357845,0.0103330869851936,1,false,false,ABSOLUTE_PHYSICAL_PCC_HULL;CENTERED_SIGN_NORMALIZED_PRODUCTION_RAY,kW physical distances; dimensionless normalized radius and ratios
2013-04-17 05:30:00,RAY:105.000000:ADAPTIVE,RAY,105.000000,ADAPTIVE,VMAX_BUS_30,VMAX,30,-653.837608251,2321.99930619,105.000000000006,1.17695312499964,1.21424319120927,INSIDE,66.2795906384105,0.03729006620963,83.0423051171531,0.434946944090669,true,0.000195312501438893,0.43494694395296,152.385461120963,190.925137586735,190.925137586745,0.0088100876441814,0.0110382393616201,1,false,false,ABSOLUTE_PHYSICAL_PCC_HULL;CENTERED_SIGN_NORMALIZED_PRODUCTION_RAY,kW physical distances; dimensionless normalized radius and ratios
2013-04-17 05:30:00,RAY:110.000000:BASE,RAY,110.000000,BASE,VMAX_BUS_30,VMAX,30,-851.576427964,2420.4778477,109.999999999973,1.25605468750126,1.29579453181803,INSIDE,66.1884724674349,0.0397398443167685,87.3158085188705,0.429137793791303,true,0.00019531250280469,0.429137793301234,154.23594338471,203.467999980052,203.467999980088,0.00879797593581779,0.0116062866165019,1,false,false,ABSOLUTE_PHYSICAL_PCC_HULL;CENTERED_SIGN_NORMALIZED_PRODUCTION_RAY,kW physical distances; dimensionless normalized radius and ratios
2013-04-17 05:30:00,RAY:115.000000:ADAPTIVE,RAY,115.000000,ADAPTIVE,VMAX_BUS_30,VMAX,30,-1080.96709474,2538.05554689,114.999999999948,1.35957031250049,1.40051508270287,INSIDE,63.0961684970559,0.0409447702023795,88.438851455068,0.421866167454568,true,0.000195312500256728,0.42186616537676,149.564419630429,209.637223160626,209.637223160774,0.00838693735306436,0.0117555649478974,1,false,false,ABSOLUTE_PHYSICAL_PCC_HULL;CENTERED_SIGN_NORMALIZED_PRODUCTION_RAY,kW physical distances; dimensionless normalized radius and ratios
2013-04-17 05:30:00,RAY:120.000000:BASE,RAY,120.000000,BASE,VMAX_BUS_30,VMAX,30,-1356.35247803,2684.18036304,120.000000000051,1.49726562500106,1.53637067297172,INSIDE,54.9324734242946,0.0391050479706629,82.746508323833,0.413282382373817,true,0.00019531250011795,0.413282383105291,132.917529919308,200.217845488882,200.217845488836,0.00730179382096599,0.0109989211393904,1,false,false,ABSOLUTE_PHYSICAL_PCC_HULL;CENTERED_SIGN_NORMALIZED_PRODUCTION_RAY,kW physical distances; dimensionless normalized radius and ratios
2013-04-17 05:30:00,RAY:125.000000:ADAPTIVE,RAY,125.000000,ADAPTIVE,VMAX_BUS_30,VMAX,30,-1701.87249977,2875.37520425,125.000000000033,1.68593749999928,1.71587643753644,INSIDE,37.6567394536706,0.029938937537169,61.8625815522221,0.403572615361766,true,0.000195312497851763,0.403572615478518,93.3084605354474,153.287361876309,153.287361876304,0.00500544997012519,0.00822296517103937,1,false,false,ABSOLUTE_PHYSICAL_PCC_HULL;CENTERED_SIGN_NORMALIZED_PRODUCTION_RAY,kW physical distances; dimensionless normalized radius and ratios
2013-04-17 05:30:00,RAY:20.000000:BASE,RAY,20.000000,BASE,VMAX_BUS_13,VMAX,13,1255.94681426,490.048985116,20.0000000000196,0.960351562499332,0.982973158022143,INSIDE,37.4505343381234,0.022621595522811,37.9289908593784,0.327474957476941,true,0.000195312500159583,0.32747495753805,114.361521340943,115.822568982157,115.822568982153,0.0049780405500737,0.00504163846680168,1,false,false,ABSOLUTE_PHYSICAL_PCC_HULL;CENTERED_SIGN_NORMALIZED_PRODUCTION_RAY,kW physical distances; dimensionless normalized radius and ratios
2013-04-17 05:30:00,RAY:30.000000:BASE,RAY,30.000000,BASE,VMAX_BUS_13,VMAX,13,1149.63272256,838.511398315,29.9999999999669,0.964453125000585,0.981453694179865,INSIDE,28.1883783572666,0.0170005691792809,30.2274313020053,0.347270439821122,true,0.000195312498364686,0.347270439270632,81.1712576854695,87.0429149267121,87.04291492674,0.00374688620558476,0.00401792341298512,1,false,false,ABSOLUTE_PHYSICAL_PCC_HULL;CENTERED_SIGN_NORMALIZED_PRODUCTION_RAY,kW physical distances; dimensionless normalized radius and ratios
2013-04-17 05:30:00,RAY:335.000000:ADAPTIVE,RAY,335.000000,ADAPTIVE,VMAX_BUS_13,VMAX,13,2001.45372851,-1705.84976572,334.999999999947,1.51562499999892,1.53844679376623,INSIDE,24.1403598603518,0.0228217937673085,39.3531885482629,0.673581552432425,true,0.000390624999907718,0.673581552342895,35.8388078966483,58.4237920581119,58.4237920581139,0.00320881109981578,0.00523094721691399,1,false,false,ABSOLUTE_PHYSICAL_PCC_HULL;CENTERED_SIGN_NORMALIZED_PRODUCTION_RAY,kW physical distances; dimensionless normalized radius and ratios
2013-04-17 05:30:00,RAY:340.000000:BASE,RAY,340.000000,BASE,VMAX_BUS_13,VMAX,13,1856.75286138,-1311.85233133,339.999999999938,1.36445312499738,1.39611602925389,INSIDE,36.9067394356108,0.0316629042565073,53.0882980785202,0.327474959788042,true,0.000195312500914202,0.327474958803217,112.700951118518,162.114069034508,162.114069034578,0.00490575765415582,0.00705666034517028,1,false,false,ABSOLUTE_PHYSICAL_PCC_HULL;CENTERED_SIGN_NORMALIZED_PRODUCTION_RAY,kW physical distances; dimensionless normalized radius and ratios
2013-04-17 05:30:00,RAY:345.000000:ADAPTIVE,RAY,345.000000,ADAPTIVE,VMAX_BUS_13,VMAX,13,1742.05160668,-988.83210194,344.999999999971,1.2523437499975,1.28685522621722,INSIDE,43.6425672963135,0.0345114762197134,56.493952432246,0.319719011183969,true,0.000195312499385203,0.319719011132526,136.502884625779,176.698758801138,176.698758801143,0.005801104671802,0.00750935042748838,1,false,false,ABSOLUTE_PHYSICAL_PCC_HULL;CENTERED_SIGN_NORMALIZED_PRODUCTION_RAY,kW physical distances; dimensionless normalized radius and ratios
2013-04-17 05:30:00,RAY:350.000000:BASE,RAY,350.000000,BASE,VMAX_BUS_13,VMAX,13,1647.08313251,-713.681409388,350.000000000021,1.16738281250265,1.20193835094928,INSIDE,46.7855690638753,0.0345555384466298,55.5333237205604,0.313881739858074,true,0.000195312504472911,0.31388174009561,149.054765291635,176.924352794946,176.924352794924,0.00621888216214741,0.00738166069582363,1,false,false,ABSOLUTE_PHYSICAL_PCC_HULL;CENTERED_SIGN_NORMALIZED_PRODUCTION_RAY,kW physical distances; dimensionless normalized radius and ratios
2013-04-17 05:30:00,RAY:40.000000:BASE,RAY,40.000000,BASE,VMAX_BUS_13,VMAX,13,1041.09783761,1203.50834892,40.0000000000683,1.00078124999707,1.01059803825466,INSIDE,15.8076538432499,0.00981678825759325,18.6024542903002,0.370110029098137,true,0.000195312495819389,0.370110027889415,42.710687634618,50.2619569547211,50.2619569547531,0.00210120211163773,0.00247269560834381,1,false,false,ABSOLUTE_PHYSICAL_PCC_HULL;CENTERED_SIGN_NORMALIZED_PRODUCTION_RAY,kW physical distances; dimensionless normalized radius and ratios
2013-04-17 05:30:00,RAY:45.000000:ADAPTIVE,RAY,45.000000,ADAPTIVE,VMAX_BUS_13,VMAX,13,983.610331792,1400.70821187,45.0000000000006,1.0328124999998,1.03793165235591,INSIDE,8.02612175027428,0.00511915235610183,10.0045397119796,0.19085304391229,true,9.76562483920862e-05,0.190853045035387,42.0539362943713,52.420120989582,52.4201209895528,0.00106685686169293,0.00132983428010422,1,false,false,ABSOLUTE_PHYSICAL_PCC_HULL;CENTERED_SIGN_NORMALIZED_PRODUCTION_RAY,kW physical distances; dimensionless normalized radius and ratios
2013-04-17 05:30:00,RAY:60.000000:BASE,RAY,60.000000,BASE,VMAX_BUS_30,VMAX,30,629.957229614,1734.9057896,60.0000000000373,1.01357421875082,1.02309133332829,INSIDE,20.0762794395316,0.00951711457747217,20.1382696473043,0.206641195450424,true,9.76562516536994e-05,0.206641194927074,97.155261784905,97.4552516230194,97.4552516230431,0.00266860099357416,0.00267684092321612,1,false,false,ABSOLUTE_PHYSICAL_PCC_HULL;CENTERED_SIGN_NORMALIZED_PRODUCTION_RAY,kW physical distances; dimensionless normalized radius and ratios
2013-04-17 05:30:00,RAY:70.000000:BASE,RAY,70.000000,BASE,VMAX_BUS_30,VMAX,30,362.923511196,1850.25297679,70.0000000000073,0.988281250001079,1.00492676023035,INSIDE,35.7482709199447,0.0166455102292672,36.5732732189951,0.429137794037588,true,0.00019531250302085,0.429137793776177,83.3025462138939,85.2250110556938,85.2250110557041,0.004751770445458,0.00486143229598056,1,false,false,ABSOLUTE_PHYSICAL_PCC_HULL;CENTERED_SIGN_NORMALIZED_PRODUCTION_RAY,kW physical distances; dimensionless normalized radius and ratios
2013-04-17 05:30:00,RAY:80.000000:BASE,RAY,80.000000,BASE,VMAX_BUS_30,VMAX,30,101.473791849,1966.11368403,80.000000000008,0.994921875001696,1.01778123356705,INSIDE,48.4732278935303,0.0228593585653504,51.4013601696926,0.219589023056422,true,9.7656252637468e-05,0.219589023038014,220.745223139298,234.079825387237,234.079825387238,0.00644321097980489,0.00683242735453302,1,false,false,ABSOLUTE_PHYSICAL_PCC_HULL;CENTERED_SIGN_NORMALIZED_PRODUCTION_RAY,kW physical distances; dimensionless normalized radius and ratios
2013-04-17 05:30:00,RAY:90.000000:BASE,RAY,90.000000,BASE,VMAX_BUS_30,VMAX,30,-171.875,2091.32379913,90,1.03505859374854,1.06370782617733,INSIDE,58.1276781838526,0.0286492324287868,64.9240847704546,0.221305840000241,true,9.76562468371078e-05,0.221305840000311,262.657678549239,293.368149572389,293.368149572389,0.00772651029404116,0.00862990962280459,1,false,false,ABSOLUTE_PHYSICAL_PCC_HULL;CENTERED_SIGN_NORMALIZED_PRODUCTION_RAY,kW physical distances; dimensionless normalized radius and ratios
