timestamp,edge_id,boundary_class,guard_relation,endpoint_status_combination,inward_normal_p13,inward_normal_p30,normal_sign_category,normal_policy,owner_cell_id,parallel_retreat_cap_kw,cap_role,committed_failure_count,original_interior_calibration_count,enrichment_count,locked_interior_calibration_count,locked_calibration_g_e,future_d_e_star_kw,repair_scope,h1_planned_count_pre_repair,h2_targeted
2010-07-01 07:30:00,E0000,VMAX13,NONE,REFLEX-REFLEX,-0.95382203276439,-0.30037231865338,componentwise_nonpositive,USE_ORIGINAL_INWARD_NORMAL_NO_COMPONENTWISE_PROJECTION,0,1329.09790905032,GEOMETRY_BOUND_ONLY_NOT_PRIMARY_FALSIFICATION_PATH,17,19,0,19,0.0532358352036928,FUTURE_AC_ONLY,ALL_OUTER_EDGES_SYMMETRIC_BOUNDARY_HEADROOM,28,False
2010-07-01 07:30:00,E0001,VMAX13,NONE,REFLEX-REFLEX,-0.955901205885541,-0.293688414117018,componentwise_nonpositive,USE_ORIGINAL_INWARD_NORMAL_NO_COMPONENTWISE_PROJECTION,1,1329.59291521964,GEOMETRY_BOUND_ONLY_NOT_PRIMARY_FALSIFICATION_PATH,21,19,0,19,0.0515326571721966,FUTURE_AC_ONLY,ALL_OUTER_EDGES_SYMMETRIC_BOUNDARY_HEADROOM,27,False
2010-07-01 07:30:00,E0002,VMAX13,NONE,REFLEX-REFLEX,-0.957601643073357,-0.28809563200994,componentwise_nonpositive,USE_ORIGINAL_INWARD_NORMAL_NO_COMPONENTWISE_PROJECTION,2,1328.12139559882,GEOMETRY_BOUND_ONLY_NOT_PRIMARY_FALSIFICATION_PATH,21,19,0,19,0.050450690848596,FUTURE_AC_ONLY,ALL_OUTER_EDGES_SYMMETRIC_BOUNDARY_HEADROOM,24,False
2010-07-01 07:30:00,E0003,VMAX13,NONE,REFLEX-REFLEX,-0.959431959312226,-0.281940269295293,componentwise_nonpositive,USE_ORIGINAL_INWARD_NORMAL_NO_COMPONENTWISE_PROJECTION,3,1324.47907553758,GEOMETRY_BOUND_ONLY_NOT_PRIMARY_FALSIFICATION_PATH,21,19,0,19,0.052034834188398,FUTURE_AC_ONLY,ALL_OUTER_EDGES_SYMMETRIC_BOUNDARY_HEADROOM,22,False
2010-07-01 07:30:00,E0004,VMAX13,NONE,REFLEX-CONVEX,-0.961158172897631,-0.275998128022794,componentwise_nonpositive,USE_ORIGINAL_INWARD_NORMAL_NO_COMPONENTWISE_PROJECTION,4,1318.92850888512,GEOMETRY_BOUND_ONLY_NOT_PRIMARY_FALSIFICATION_PATH,22,20,0,20,0.053800856038323,FUTURE_AC_ONLY,ALL_OUTER_EDGES_SYMMETRIC_BOUNDARY_HEADROOM,18,True
2010-07-01 07:30:00,E0005,CLASS_TRANSITION,NONE,CONVEX-CONVEX,-0.873124761384175,-0.48749682158741,componentwise_nonpositive,USE_ORIGINAL_INWARD_NORMAL_NO_COMPONENTWISE_PROJECTION,4,1571.41978690343,GEOMETRY_BOUND_ONLY_NOT_PRIMARY_FALSIFICATION_PATH,0,10,0,10,0.10202916794102,FUTURE_AC_ONLY,ALL_OUTER_EDGES_SYMMETRIC_BOUNDARY_HEADROOM,9,False
2010-07-01 07:30:00,E0006,VMAX30,NONE,CONVEX-REFLEX,-0.385001865961127,-0.922915794212262,componentwise_nonpositive,USE_ORIGINAL_INWARD_NORMAL_NO_COMPONENTWISE_PROJECTION,4,1912.15383975511,GEOMETRY_BOUND_ONLY_NOT_PRIMARY_FALSIFICATION_PATH,0,9,0,9,0.102419719643528,FUTURE_AC_ONLY,ALL_OUTER_EDGES_SYMMETRIC_BOUNDARY_HEADROOM,8,False
2010-07-01 07:30:00,E0007,VMAX30,NONE,REFLEX-REFLEX,-0.390556847744249,-0.920578811770114,componentwise_nonpositive,USE_ORIGINAL_INWARD_NORMAL_NO_COMPONENTWISE_PROJECTION,5,1911.96264467938,GEOMETRY_BOUND_ONLY_NOT_PRIMARY_FALSIFICATION_PATH,15,19,0,19,0.0514904397277049,FUTURE_AC_ONLY,ALL_OUTER_EDGES_SYMMETRIC_BOUNDARY_HEADROOM,16,False
2010-07-01 07:30:00,E0008,VMAX30,NONE,REFLEX-REFLEX,-0.398313724277928,-0.91724924478129,componentwise_nonpositive,USE_ORIGINAL_INWARD_NORMAL_NO_COMPONENTWISE_PROJECTION,6,1909.39840241936,GEOMETRY_BOUND_ONLY_NOT_PRIMARY_FALSIFICATION_PATH,10,19,0,19,0.050480003743294,FUTURE_AC_ONLY,ALL_OUTER_EDGES_SYMMETRIC_BOUNDARY_HEADROOM,14,False
2010-07-01 07:30:00,E0009,VMAX30,NONE,REFLEX-REFLEX,-0.408690504037225,-0.91267303669485,componentwise_nonpositive,USE_ORIGINAL_INWARD_NORMAL_NO_COMPONENTWISE_PROJECTION,7,1902.86735354394,GEOMETRY_BOUND_ONLY_NOT_PRIMARY_FALSIFICATION_PATH,17,19,0,19,0.052067378989795,FUTURE_AC_ONLY,ALL_OUTER_EDGES_SYMMETRIC_BOUNDARY_HEADROOM,14,False
2010-07-01 07:30:00,E0010,VMAX30,NONE,REFLEX-REFLEX,-0.416756639854311,-0.909018098355222,componentwise_nonpositive,USE_ORIGINAL_INWARD_NORMAL_NO_COMPONENTWISE_PROJECTION,8,1895.24703107788,GEOMETRY_BOUND_ONLY_NOT_PRIMARY_FALSIFICATION_PATH,20,19,0,19,0.053823175003994,FUTURE_AC_ONLY,ALL_OUTER_EDGES_SYMMETRIC_BOUNDARY_HEADROOM,14,False
2010-07-01 07:30:00,E0011,VMAX30,NONE,REFLEX-CONVEX,-0.426823716296368,-0.904334846838801,componentwise_nonpositive,USE_ORIGINAL_INWARD_NORMAL_NO_COMPONENTWISE_PROJECTION,9,1882.17576950487,GEOMETRY_BOUND_ONLY_NOT_PRIMARY_FALSIFICATION_PATH,0,9,0,9,0.104853215119543,FUTURE_AC_ONLY,ALL_OUTER_EDGES_SYMMETRIC_BOUNDARY_HEADROOM,7,False
2010-07-01 07:30:00,E0012,VMAX30,NONE,CONVEX-REFLEX,-0.426395063569761,-0.904537036147962,componentwise_nonpositive,USE_ORIGINAL_INWARD_NORMAL_NO_COMPONENTWISE_PROJECTION,9,1882.81931232782,GEOMETRY_BOUND_ONLY_NOT_PRIMARY_FALSIFICATION_PATH,0,2,4,6,0.199289280757518,FUTURE_AC_ONLY,ALL_OUTER_EDGES_SYMMETRIC_BOUNDARY_HEADROOM,1,False
2010-07-01 07:30:00,E0013,VMAX30,NONE,REFLEX-REFLEX,-0.434421234137709,-0.900709826375992,componentwise_nonpositive,USE_ORIGINAL_INWARD_NORMAL_NO_COMPONENTWISE_PROJECTION,10,1870.40772790051,GEOMETRY_BOUND_ONLY_NOT_PRIMARY_FALSIFICATION_PATH,0,8,0,8,0.125719737253744,FUTURE_AC_ONLY,ALL_OUTER_EDGES_SYMMETRIC_BOUNDARY_HEADROOM,6,True
2010-07-01 07:30:00,E0014,VMAX30,NONE,REFLEX-REFLEX,-0.441067023007109,-0.897474167436393,componentwise_nonpositive,USE_ORIGINAL_INWARD_NORMAL_NO_COMPONENTWISE_PROJECTION,11,1858.77813351852,GEOMETRY_BOUND_ONLY_NOT_PRIMARY_FALSIFICATION_PATH,11,9,0,9,0.107235632012017,FUTURE_AC_ONLY,ALL_OUTER_EDGES_SYMMETRIC_BOUNDARY_HEADROOM,8,False
2010-07-01 07:30:00,E0015,VMAX30,NONE,REFLEX-REFLEX,-0.450424470131581,-0.892814536567749,componentwise_nonpositive,USE_ORIGINAL_INWARD_NORMAL_NO_COMPONENTWISE_PROJECTION,12,1839.82710032743,GEOMETRY_BOUND_ONLY_NOT_PRIMARY_FALSIFICATION_PATH,12,9,0,9,0.108798346854,FUTURE_AC_ONLY,ALL_OUTER_EDGES_SYMMETRIC_BOUNDARY_HEADROOM,8,False
2010-07-01 07:30:00,E0016,VMAX30,NONE,REFLEX-REFLEX,-0.463709959961414,-0.88598706143633,componentwise_nonpositive,USE_ORIGINAL_INWARD_NORMAL_NO_COMPONENTWISE_PROJECTION,13,1808.41031137794,GEOMETRY_BOUND_ONLY_NOT_PRIMARY_FALSIFICATION_PATH,12,9,0,9,0.110826891347507,FUTURE_AC_ONLY,ALL_OUTER_EDGES_SYMMETRIC_BOUNDARY_HEADROOM,8,False
2010-07-01 07:30:00,E0017,VMAX30,ADJACENT_TO_GUARD_LIMITED_EDGE,REFLEX-CONVEX,-0.480788182429726,-0.876836771375334,componentwise_nonpositive,USE_ORIGINAL_INWARD_NORMAL_NO_COMPONENTWISE_PROJECTION,14,1760.5849088306,GEOMETRY_BOUND_ONLY_NOT_PRIMARY_FALSIFICATION_PATH,13,10,0,10,0.113625180123242,FUTURE_AC_ONLY,ALL_OUTER_EDGES_SYMMETRIC_BOUNDARY_HEADROOM,9,False
2010-07-01 07:30:00,E0018,CLASS_TRANSITION,CROSSES_GUARD_LIMITED_RAY,CONVEX-CONVEX,0.675918518614372,-0.736976360675262,mixed_sign,USE_ORIGINAL_INWARD_NORMAL_NO_COMPONENTWISE_PROJECTION,14,3339.22137487467,GEOMETRY_BOUND_ONLY_NOT_PRIMARY_FALSIFICATION_PATH,0,30,0,30,0.036050597374978,FUTURE_AC_ONLY,ALL_OUTER_EDGES_SYMMETRIC_BOUNDARY_HEADROOM,29,False
2010-07-01 07:30:00,E0019,VMIN18,ADJACENT_TO_GUARD_LIMITED_EDGE,CONVEX-CONVEX,0.974365235445508,0.224971971488047,componentwise_positive,USE_ORIGINAL_INWARD_NORMAL_NO_COMPONENTWISE_PROJECTION,14,1760.42019686737,GEOMETRY_BOUND_ONLY_NOT_PRIMARY_FALSIFICATION_PATH,0,10,0,10,0.110195007930934,FUTURE_AC_ONLY,ALL_OUTER_EDGES_SYMMETRIC_BOUNDARY_HEADROOM,11,False
2010-07-01 07:30:00,E0020,VMIN18,NONE,CONVEX-CONVEX,0.97264687616146,0.232288730448452,componentwise_positive,USE_ORIGINAL_INWARD_NORMAL_NO_COMPONENTWISE_PROJECTION,14,1742.99301463814,GEOMETRY_BOUND_ONLY_NOT_PRIMARY_FALSIFICATION_PATH,0,9,0,9,0.108684600345402,FUTURE_AC_ONLY,ALL_OUTER_EDGES_SYMMETRIC_BOUNDARY_HEADROOM,11,False
2010-07-01 07:30:00,E0021,VMIN18,NONE,CONVEX-CONVEX,0.971060529234458,0.238833516414457,componentwise_positive,USE_ORIGINAL_INWARD_NORMAL_NO_COMPONENTWISE_PROJECTION,15,3306.4719844388,GEOMETRY_BOUND_ONLY_NOT_PRIMARY_FALSIFICATION_PATH,0,10,0,10,0.107399643861542,FUTURE_AC_ONLY,ALL_OUTER_EDGES_SYMMETRIC_BOUNDARY_HEADROOM,13,False
2010-07-01 07:30:00,E0022,VMIN18,NONE,CONVEX-CONVEX,0.969646763553732,0.244510028280586,componentwise_positive,USE_ORIGINAL_INWARD_NORMAL_NO_COMPONENTWISE_PROJECTION,15,3282.11133492751,GEOMETRY_BOUND_ONLY_NOT_PRIMARY_FALSIFICATION_PATH,0,11,0,11,0.106279079990982,FUTURE_AC_ONLY,ALL_OUTER_EDGES_SYMMETRIC_BOUNDARY_HEADROOM,13,False
2010-07-01 07:30:00,E0023,VMIN18,NONE,CONVEX-CONVEX,0.968175551313203,0.250272055650199,componentwise_positive,USE_ORIGINAL_INWARD_NORMAL_NO_COMPONENTWISE_PROJECTION,15,3259.15110103009,GEOMETRY_BOUND_ONLY_NOT_PRIMARY_FALSIFICATION_PATH,0,9,0,9,0.105297367268228,FUTURE_AC_ONLY,ALL_OUTER_EDGES_SYMMETRIC_BOUNDARY_HEADROOM,14,False
2010-07-01 07:30:00,E0024,VMIN18,NONE,CONVEX-CONVEX,0.96634850779567,0.257236392217513,componentwise_positive,USE_ORIGINAL_INWARD_NORMAL_NO_COMPONENTWISE_PROJECTION,15,3233.26124354813,GEOMETRY_BOUND_ONLY_NOT_PRIMARY_FALSIFICATION_PATH,0,20,0,20,0.0544419065561468,FUTURE_AC_ONLY,ALL_OUTER_EDGES_SYMMETRIC_BOUNDARY_HEADROOM,28,False
2010-07-01 07:30:00,E0025,VMIN18,NONE,CONVEX-CONVEX,0.963825502740699,0.266534050857743,componentwise_positive,USE_ORIGINAL_INWARD_NORMAL_NO_COMPONENTWISE_PROJECTION,15,3203.14892661007,GEOMETRY_BOUND_ONLY_NOT_PRIMARY_FALSIFICATION_PATH,0,19,0,19,0.0527812385979624,FUTURE_AC_ONLY,ALL_OUTER_EDGES_SYMMETRIC_BOUNDARY_HEADROOM,28,False
2010-07-01 07:30:00,E0026,VMIN18,NONE,CONVEX-CONVEX,0.961695691291797,0.274119312254341,componentwise_positive,USE_ORIGINAL_INWARD_NORMAL_NO_COMPONENTWISE_PROJECTION,15,3181.72523438851,GEOMETRY_BOUND_ONLY_NOT_PRIMARY_FALSIFICATION_PATH,0,10,0,10,0.101538227866584,FUTURE_AC_ONLY,ALL_OUTER_EDGES_SYMMETRIC_BOUNDARY_HEADROOM,14,False
2010-07-01 07:30:00,E0027,VMIN18,NONE,CONVEX-CONVEX,0.96068207164151,0.277650782866855,componentwise_positive,USE_ORIGINAL_INWARD_NORMAL_NO_COMPONENTWISE_PROJECTION,15,3172.41548891427,GEOMETRY_BOUND_ONLY_NOT_PRIMARY_FALSIFICATION_PATH,0,11,0,11,0.100710937632836,FUTURE_AC_ONLY,ALL_OUTER_EDGES_SYMMETRIC_BOUNDARY_HEADROOM,13,False
2010-07-01 07:30:00,E0028,VMIN18,NONE,CONVEX-CONVEX,0.958607221061179,0.284731796133422,componentwise_positive,USE_ORIGINAL_INWARD_NORMAL_NO_COMPONENTWISE_PROJECTION,15,3155.06018888506,GEOMETRY_BOUND_ONLY_NOT_PRIMARY_FALSIFICATION_PATH,0,19,0,19,0.05048966497873,FUTURE_AC_ONLY,ALL_OUTER_EDGES_SYMMETRIC_BOUNDARY_HEADROOM,24,False
2010-07-01 07:30:00,E0029,VMIN18,NONE,CONVEX-CONVEX,0.955633850420197,0.294557199761044,componentwise_positive,USE_ORIGINAL_INWARD_NORMAL_NO_COMPONENTWISE_PROJECTION,15,3134.6893319064,GEOMETRY_BOUND_ONLY_NOT_PRIMARY_FALSIFICATION_PATH,0,19,0,19,0.051878430544487,FUTURE_AC_ONLY,ALL_OUTER_EDGES_SYMMETRIC_BOUNDARY_HEADROOM,22,False
2010-07-01 07:30:00,E0030,VMIN18,NONE,CONVEX-CONVEX,0.952869500893553,0.303380477728662,componentwise_positive,USE_ORIGINAL_INWARD_NORMAL_NO_COMPONENTWISE_PROJECTION,15,3119.84768080443,GEOMETRY_BOUND_ONLY_NOT_PRIMARY_FALSIFICATION_PATH,0,9,0,9,0.102659257264364,FUTURE_AC_ONLY,ALL_OUTER_EDGES_SYMMETRIC_BOUNDARY_HEADROOM,9,False
2010-07-01 07:30:00,E0031,CLASS_TRANSITION,NONE,CONVEX-CONVEX,0.924411365301383,0.381396942438757,componentwise_positive,USE_ORIGINAL_INWARD_NORMAL_NO_COMPONENTWISE_PROJECTION,15,3010.47929929797,GEOMETRY_BOUND_ONLY_NOT_PRIMARY_FALSIFICATION_PATH,0,10,0,10,0.10249262022952,FUTURE_AC_ONLY,ALL_OUTER_EDGES_SYMMETRIC_BOUNDARY_HEADROOM,9,True
2010-07-01 07:30:00,E0032,VMIN33,NONE,CONVEX-CONVEX,0.411256638676824,0.911519597783965,componentwise_positive,USE_ORIGINAL_INWARD_NORMAL_NO_COMPONENTWISE_PROJECTION,15,2712.5452605528,GEOMETRY_BOUND_ONLY_NOT_PRIMARY_FALSIFICATION_PATH,0,20,0,20,0.0529309075448325,FUTURE_AC_ONLY,ALL_OUTER_EDGES_SYMMETRIC_BOUNDARY_HEADROOM,17,False
2010-07-01 07:30:00,E0033,VMIN33,NONE,CONVEX-CONVEX,0.397360713782064,0.91766249958392,componentwise_positive,USE_ORIGINAL_INWARD_NORMAL_NO_COMPONENTWISE_PROJECTION,15,2752.19388942499,GEOMETRY_BOUND_ONLY_NOT_PRIMARY_FALSIFICATION_PATH,0,21,0,21,0.0514416021995283,FUTURE_AC_ONLY,ALL_OUTER_EDGES_SYMMETRIC_BOUNDARY_HEADROOM,16,False
2010-07-01 07:30:00,E0034,VMIN33,NONE,CONVEX-CONVEX,0.390031088407113,0.920801688788614,componentwise_positive,USE_ORIGINAL_INWARD_NORMAL_NO_COMPONENTWISE_PROJECTION,15,2775.21376201659,GEOMETRY_BOUND_ONLY_NOT_PRIMARY_FALSIFICATION_PATH,0,8,0,8,0.120125829830438,FUTURE_AC_ONLY,ALL_OUTER_EDGES_SYMMETRIC_BOUNDARY_HEADROOM,6,True
2010-07-01 07:30:00,E0035,VMIN33,NONE,CONVEX-CONVEX,0.382322328870539,0.924029023812027,componentwise_positive,USE_ORIGINAL_INWARD_NORMAL_NO_COMPONENTWISE_PROJECTION,15,2800.20349168673,GEOMETRY_BOUND_ONLY_NOT_PRIMARY_FALSIFICATION_PATH,0,11,0,11,0.0863402232348091,FUTURE_AC_ONLY,ALL_OUTER_EDGES_SYMMETRIC_BOUNDARY_HEADROOM,8,False
2010-07-01 07:30:00,E0036,VMIN33,NONE,CONVEX-CONVEX,0.373161684391583,0.92776632688519,componentwise_positive,USE_ORIGINAL_INWARD_NORMAL_NO_COMPONENTWISE_PROJECTION,15,2831.27711219111,GEOMETRY_BOUND_ONLY_NOT_PRIMARY_FALSIFICATION_PATH,0,20,0,20,0.051805929185004,FUTURE_AC_ONLY,ALL_OUTER_EDGES_SYMMETRIC_BOUNDARY_HEADROOM,14,False
2010-07-01 07:30:00,E0037,VMIN33,NONE,CONVEX-CONVEX,0.361007814161132,0.93256279044073,componentwise_positive,USE_ORIGINAL_INWARD_NORMAL_NO_COMPONENTWISE_PROJECTION,15,2875.96637986095,GEOMETRY_BOUND_ONLY_NOT_PRIMARY_FALSIFICATION_PATH,0,19,0,19,0.053355387276141,FUTURE_AC_ONLY,ALL_OUTER_EDGES_SYMMETRIC_BOUNDARY_HEADROOM,14,False
2010-07-01 07:30:00,E0038,VMIN33,NONE,CONVEX-CONVEX,0.348728060685772,0.93722395386073,componentwise_positive,USE_ORIGINAL_INWARD_NORMAL_NO_COMPONENTWISE_PROJECTION,15,2924.88658164254,GEOMETRY_BOUND_ONLY_NOT_PRIMARY_FALSIFICATION_PATH,0,21,0,21,0.055159652740674,FUTURE_AC_ONLY,ALL_OUTER_EDGES_SYMMETRIC_BOUNDARY_HEADROOM,14,True
2010-07-01 07:30:00,E0039,VMIN33,NONE,CONVEX-CONVEX,0.338154213069133,0.941090711984554,componentwise_positive,USE_ORIGINAL_INWARD_NORMAL_NO_COMPONENTWISE_PROJECTION,15,2970.91857191916,GEOMETRY_BOUND_ONLY_NOT_PRIMARY_FALSIFICATION_PATH,0,9,0,9,0.106071079715787,FUTURE_AC_ONLY,ALL_OUTER_EDGES_SYMMETRIC_BOUNDARY_HEADROOM,8,False
2010-07-01 07:30:00,E0040,VMIN33,NONE,CONVEX-CONVEX,0.330476072812316,0.943814370148362,componentwise_positive,USE_ORIGINAL_INWARD_NORMAL_NO_COMPONENTWISE_PROJECTION,15,3005.90378322608,GEOMETRY_BOUND_ONLY_NOT_PRIMARY_FALSIFICATION_PATH,0,10,0,10,0.107188729118238,FUTURE_AC_ONLY,ALL_OUTER_EDGES_SYMMETRIC_BOUNDARY_HEADROOM,8,False
2010-07-01 07:30:00,E0041,VMIN33,NONE,CONVEX-CONVEX,0.321804785132792,0.946806041523625,componentwise_positive,USE_ORIGINAL_INWARD_NORMAL_NO_COMPONENTWISE_PROJECTION,15,3047.51758948539,GEOMETRY_BOUND_ONLY_NOT_PRIMARY_FALSIFICATION_PATH,0,10,0,10,0.108478489968589,FUTURE_AC_ONLY,ALL_OUTER_EDGES_SYMMETRIC_BOUNDARY_HEADROOM,8,False
2010-07-01 07:30:00,E0042,VMIN33,ADJACENT_TO_GUARD_LIMITED_EDGE,CONVEX-CONVEX,0.31244150004385,0.949937002674572,componentwise_positive,USE_ORIGINAL_INWARD_NORMAL_NO_COMPONENTWISE_PROJECTION,15,3095.12468642398,GEOMETRY_BOUND_ONLY_NOT_PRIMARY_FALSIFICATION_PATH,0,10,0,10,0.110009783887417,FUTURE_AC_ONLY,ALL_OUTER_EDGES_SYMMETRIC_BOUNDARY_HEADROOM,9,False
2010-07-01 07:30:00,E0043,CLASS_TRANSITION,CROSSES_GUARD_LIMITED_RAY,CONVEX-CONVEX,-0.944233226015469,0.32927741326793,mixed_sign,USE_ORIGINAL_INWARD_NORMAL_NO_COMPONENTWISE_PROJECTION,15,5239.55138909434,GEOMETRY_BOUND_ONLY_NOT_PRIMARY_FALSIFICATION_PATH,0,29,0,29,0.0362013629251053,FUTURE_AC_ONLY,ALL_OUTER_EDGES_SYMMETRIC_BOUNDARY_HEADROOM,29,True
2010-07-01 07:30:00,E0044,VMAX13,ADJACENT_TO_GUARD_LIMITED_EDGE,CONVEX-REFLEX,-0.935365896072911,-0.353681552337296,componentwise_nonpositive,USE_ORIGINAL_INWARD_NORMAL_NO_COMPONENTWISE_PROJECTION,15,3040.7819305496,GEOMETRY_BOUND_ONLY_NOT_PRIMARY_FALSIFICATION_PATH,13,10,0,10,0.115265527718406,FUTURE_AC_ONLY,ALL_OUTER_EDGES_SYMMETRIC_BOUNDARY_HEADROOM,11,False
2010-07-01 07:30:00,E0045,VMAX13,NONE,REFLEX-REFLEX,-0.940559359159911,-0.339629344869811,componentwise_nonpositive,USE_ORIGINAL_INWARD_NORMAL_NO_COMPONENTWISE_PROJECTION,16,1282.40590328248,GEOMETRY_BOUND_ONLY_NOT_PRIMARY_FALSIFICATION_PATH,13,9,0,9,0.111891640770941,FUTURE_AC_ONLY,ALL_OUTER_EDGES_SYMMETRIC_BOUNDARY_HEADROOM,11,False
2010-07-01 07:30:00,E0046,VMAX13,NONE,REFLEX-REFLEX,-0.944124815256038,-0.329588126633458,componentwise_nonpositive,USE_ORIGINAL_INWARD_NORMAL_NO_COMPONENTWISE_PROJECTION,17,1300.94215331414,GEOMETRY_BOUND_ONLY_NOT_PRIMARY_FALSIFICATION_PATH,13,9,0,9,0.109576316947045,FUTURE_AC_ONLY,ALL_OUTER_EDGES_SYMMETRIC_BOUNDARY_HEADROOM,13,False
2010-07-01 07:30:00,E0047,VMAX13,NONE,REFLEX-REFLEX,-0.946582624573511,-0.322461369555369,componentwise_nonpositive,USE_ORIGINAL_INWARD_NORMAL_NO_COMPONENTWISE_PROJECTION,18,1311.37886452092,GEOMETRY_BOUND_ONLY_NOT_PRIMARY_FALSIFICATION_PATH,9,9,0,9,0.107841781950263,FUTURE_AC_ONLY,ALL_OUTER_EDGES_SYMMETRIC_BOUNDARY_HEADROOM,13,False
2010-07-01 07:30:00,E0048,VMAX13,NONE,REFLEX-CONVEX,-0.479403318911031,0.877594700198838,mixed_sign,USE_ORIGINAL_INWARD_NORMAL_NO_COMPONENTWISE_PROJECTION,19,1304.09478594157,GEOMETRY_BOUND_ONLY_NOT_PRIMARY_FALSIFICATION_PATH,0,0,3,3,0.25,FUTURE_AC_ONLY,ALL_OUTER_EDGES_SYMMETRIC_BOUNDARY_HEADROOM,0,True
2010-07-01 07:30:00,E0049,VMAX13,NONE,CONVEX-REFLEX,-0.948803740528715,-0.315866208953598,componentwise_nonpositive,USE_ORIGINAL_INWARD_NORMAL_NO_COMPONENTWISE_PROJECTION,19,1319.18295582714,GEOMETRY_BOUND_ONLY_NOT_PRIMARY_FALSIFICATION_PATH,13,9,0,9,0.105661247624444,FUTURE_AC_ONLY,ALL_OUTER_EDGES_SYMMETRIC_BOUNDARY_HEADROOM,14,False
2010-07-01 07:30:00,E0050,VMAX13,NONE,REFLEX-REFLEX,-0.95105780263285,-0.309013035406559,componentwise_nonpositive,USE_ORIGINAL_INWARD_NORMAL_NO_COMPONENTWISE_PROJECTION,20,1325.24610823029,GEOMETRY_BOUND_ONLY_NOT_PRIMARY_FALSIFICATION_PATH,21,19,0,19,0.0552768743781934,FUTURE_AC_ONLY,ALL_OUTER_EDGES_SYMMETRIC_BOUNDARY_HEADROOM,28,False
2010-07-02 17:30:00,E0000,VMAX13,NONE,REFLEX-REFLEX,-0.955276124644672,-0.29571527806973,componentwise_nonpositive,USE_ORIGINAL_INWARD_NORMAL_NO_COMPONENTWISE_PROJECTION,0,1146.73598923648,GEOMETRY_BOUND_ONLY_NOT_PRIMARY_FALSIFICATION_PATH,17,19,0,19,0.0531836033903379,FUTURE_AC_ONLY,ALL_OUTER_EDGES_SYMMETRIC_BOUNDARY_HEADROOM,29,False
2010-07-02 17:30:00,E0001,VMAX13,NONE,REFLEX-REFLEX,-0.956820820250354,-0.290678375417642,componentwise_nonpositive,USE_ORIGINAL_INWARD_NORMAL_NO_COMPONENTWISE_PROJECTION,1,1147.02870930885,GEOMETRY_BOUND_ONLY_NOT_PRIMARY_FALSIFICATION_PATH,10,19,0,19,0.0515061158914712,FUTURE_AC_ONLY,ALL_OUTER_EDGES_SYMMETRIC_BOUNDARY_HEADROOM,26,False
2010-07-02 17:30:00,E0002,VMAX13,NONE,REFLEX-REFLEX,-0.95848510661592,-0.285142596599437,componentwise_nonpositive,USE_ORIGINAL_INWARD_NORMAL_NO_COMPONENTWISE_PROJECTION,2,1145.74337522908,GEOMETRY_BOUND_ONLY_NOT_PRIMARY_FALSIFICATION_PATH,0,19,0,19,0.050475652991912,FUTURE_AC_ONLY,ALL_OUTER_EDGES_SYMMETRIC_BOUNDARY_HEADROOM,25,False
2010-07-02 17:30:00,E0003,VMAX13,NONE,REFLEX-REFLEX,-0.960045330101162,-0.279844535681781,componentwise_nonpositive,USE_ORIGINAL_INWARD_NORMAL_NO_COMPONENTWISE_PROJECTION,3,1143.00955599389,GEOMETRY_BOUND_ONLY_NOT_PRIMARY_FALSIFICATION_PATH,6,19,0,19,0.052051195230267,FUTURE_AC_ONLY,ALL_OUTER_EDGES_SYMMETRIC_BOUNDARY_HEADROOM,21,False
2010-07-02 17:30:00,E0004,VMAX13,NONE,REFLEX-REFLEX,-0.961500434503381,-0.274803410549813,componentwise_nonpositive,USE_ORIGINAL_INWARD_NORMAL_NO_COMPONENTWISE_PROJECTION,4,1138.91848003328,GEOMETRY_BOUND_ONLY_NOT_PRIMARY_FALSIFICATION_PATH,17,19,0,19,0.053806950658724,FUTURE_AC_ONLY,ALL_OUTER_EDGES_SYMMETRIC_BOUNDARY_HEADROOM,19,False
2010-07-02 17:30:00,E0005,VMAX13,NONE,REFLEX-CONVEX,-0.962671100145401,-0.270673886706574,componentwise_nonpositive,USE_ORIGINAL_INWARD_NORMAL_NO_COMPONENTWISE_PROJECTION,5,1134.20812466018,GEOMETRY_BOUND_ONLY_NOT_PRIMARY_FALSIFICATION_PATH,0,9,0,9,0.104805506105478,FUTURE_AC_ONLY,ALL_OUTER_EDGES_SYMMETRIC_BOUNDARY_HEADROOM,8,False
2010-07-02 17:30:00,E0006,CLASS_TRANSITION,NONE,CONVEX-CONVEX,-0.647992977461545,-0.761646309753104,componentwise_nonpositive,USE_ORIGINAL_INWARD_NORMAL_NO_COMPONENTWISE_PROJECTION,5,1654.25522997207,GEOMETRY_BOUND_ONLY_NOT_PRIMARY_FALSIFICATION_PATH,0,10,0,10,0.100363384876141,FUTURE_AC_ONLY,ALL_OUTER_EDGES_SYMMETRIC_BOUNDARY_HEADROOM,8,False
2010-07-02 17:30:00,E0007,VMAX30,NONE,CONVEX-REFLEX,-0.387693896589688,-0.921788176614945,componentwise_nonpositive,USE_ORIGINAL_INWARD_NORMAL_NO_COMPONENTWISE_PROJECTION,5,1744.99598236003,GEOMETRY_BOUND_ONLY_NOT_PRIMARY_FALSIFICATION_PATH,14,20,0,20,0.0515180999542281,FUTURE_AC_ONLY,ALL_OUTER_EDGES_SYMMETRIC_BOUNDARY_HEADROOM,16,False
2010-07-02 17:30:00,E0008,VMAX30,NONE,REFLEX-REFLEX,-0.3939060474499,-0.919150708960395,componentwise_nonpositive,USE_ORIGINAL_INWARD_NORMAL_NO_COMPONENTWISE_PROJECTION,6,1743.16360092384,GEOMETRY_BOUND_ONLY_NOT_PRIMARY_FALSIFICATION_PATH,22,19,0,19,0.050442558762551,FUTURE_AC_ONLY,ALL_OUTER_EDGES_SYMMETRIC_BOUNDARY_HEADROOM,14,False
2010-07-02 17:30:00,E0009,VMAX30,NONE,REFLEX-REFLEX,-0.401430727394525,-0.915889388028654,componentwise_nonpositive,USE_ORIGINAL_INWARD_NORMAL_NO_COMPONENTWISE_PROJECTION,7,1738.94323488094,GEOMETRY_BOUND_ONLY_NOT_PRIMARY_FALSIFICATION_PATH,19,19,0,19,0.05200526828264,FUTURE_AC_ONLY,ALL_OUTER_EDGES_SYMMETRIC_BOUNDARY_HEADROOM,14,False
2010-07-02 17:30:00,E0010,VMAX30,NONE,REFLEX-REFLEX,-0.410446111253966,-0.911884855536321,componentwise_nonpositive,USE_ORIGINAL_INWARD_NORMAL_NO_COMPONENTWISE_PROJECTION,8,1731.34007365054,GEOMETRY_BOUND_ONLY_NOT_PRIMARY_FALSIFICATION_PATH,18,19,0,19,0.053758912632344,FUTURE_AC_ONLY,ALL_OUTER_EDGES_SYMMETRIC_BOUNDARY_HEADROOM,14,False
2010-07-02 17:30:00,E0011,VMAX30,NONE,REFLEX-REFLEX,-0.417574198793054,-0.908642827794474,componentwise_nonpositive,USE_ORIGINAL_INWARD_NORMAL_NO_COMPONENTWISE_PROJECTION,9,1723.07647319794,GEOMETRY_BOUND_ONLY_NOT_PRIMARY_FALSIFICATION_PATH,0,9,0,9,0.104757392843853,FUTURE_AC_ONLY,ALL_OUTER_EDGES_SYMMETRIC_BOUNDARY_HEADROOM,7,False
2010-07-02 17:30:00,E0012,VMAX30,NONE,REFLEX-REFLEX,-0.424101521932766,-0.905614652649962,componentwise_nonpositive,USE_ORIGINAL_INWARD_NORMAL_NO_COMPONENTWISE_PROJECTION,10,1714.28560795331,GEOMETRY_BOUND_ONLY_NOT_PRIMARY_FALSIFICATION_PATH,0,9,0,9,0.105840556985668,FUTURE_AC_ONLY,ALL_OUTER_EDGES_SYMMETRIC_BOUNDARY_HEADROOM,7,True
2010-07-02 17:30:00,E0013,VMAX30,NONE,REFLEX-REFLEX,-0.431018623664107,-0.902343031255131,componentwise_nonpositive,USE_ORIGINAL_INWARD_NORMAL_NO_COMPONENTWISE_PROJECTION,11,1703.51826839061,GEOMETRY_BOUND_ONLY_NOT_PRIMARY_FALSIFICATION_PATH,0,9,0,9,0.107095469140475,FUTURE_AC_ONLY,ALL_OUTER_EDGES_SYMMETRIC_BOUNDARY_HEADROOM,8,False
2010-07-02 17:30:00,E0014,VMAX30,NONE,REFLEX-REFLEX,-0.438615617329902,-0.898674768887115,componentwise_nonpositive,USE_ORIGINAL_INWARD_NORMAL_NO_COMPONENTWISE_PROJECTION,12,1689.84853782276,GEOMETRY_BOUND_ONLY_NOT_PRIMARY_FALSIFICATION_PATH,0,8,0,8,0.132650761763043,FUTURE_AC_ONLY,ALL_OUTER_EDGES_SYMMETRIC_BOUNDARY_HEADROOM,6,False
2010-07-02 17:30:00,E0015,VMAX30,NONE,REFLEX-REFLEX,-0.445658764335549,-0.895202918768092,componentwise_nonpositive,USE_ORIGINAL_INWARD_NORMAL_NO_COMPONENTWISE_PROJECTION,13,1675.5477328671,GEOMETRY_BOUND_ONLY_NOT_PRIMARY_FALSIFICATION_PATH,0,1,4,5,0.244300454365614,FUTURE_AC_ONLY,ALL_OUTER_EDGES_SYMMETRIC_BOUNDARY_HEADROOM,2,False
2010-07-02 17:30:00,E0016,VMAX30,NONE,REFLEX-REFLEX,-0.449985839941156,-0.893035690133632,componentwise_nonpositive,USE_ORIGINAL_INWARD_NORMAL_NO_COMPONENTWISE_PROJECTION,14,1666.4362561738,GEOMETRY_BOUND_ONLY_NOT_PRIMARY_FALSIFICATION_PATH,13,9,0,9,0.110530271382942,FUTURE_AC_ONLY,ALL_OUTER_EDGES_SYMMETRIC_BOUNDARY_HEADROOM,8,False
2010-07-02 17:30:00,E0017,VMAX30,NONE,REFLEX-REFLEX,-0.464256515735801,-0.88570078897834,componentwise_nonpositive,USE_ORIGINAL_INWARD_NORMAL_NO_COMPONENTWISE_PROJECTION,15,1631.21667706912,GEOMETRY_BOUND_ONLY_NOT_PRIMARY_FALSIFICATION_PATH,13,9,0,9,0.113133774882144,FUTURE_AC_ONLY,ALL_OUTER_EDGES_SYMMETRIC_BOUNDARY_HEADROOM,8,False
2010-07-02 17:30:00,E0018,VMAX30,ADJACENT_TO_GUARD_LIMITED_EDGE,REFLEX-CONVEX,-0.485544815233182,-0.8742117777748,componentwise_nonpositive,USE_ORIGINAL_INWARD_NORMAL_NO_COMPONENTWISE_PROJECTION,16,1567.98759522672,GEOMETRY_BOUND_ONLY_NOT_PRIMARY_FALSIFICATION_PATH,13,10,0,10,0.117095671152089,FUTURE_AC_ONLY,ALL_OUTER_EDGES_SYMMETRIC_BOUNDARY_HEADROOM,9,True
2010-07-02 17:30:00,E0019,CLASS_TRANSITION,CROSSES_GUARD_LIMITED_RAY,CONVEX-CONVEX,0.490741040077034,-0.871305475470062,mixed_sign,USE_ORIGINAL_INWARD_NORMAL_NO_COMPONENTWISE_PROJECTION,16,3532.21338368583,GEOMETRY_BOUND_ONLY_NOT_PRIMARY_FALSIFICATION_PATH,0,19,0,19,0.054988289124954,FUTURE_AC_ONLY,ALL_OUTER_EDGES_SYMMETRIC_BOUNDARY_HEADROOM,20,False
2010-07-02 17:30:00,E0020,VMIN18,ADJACENT_TO_GUARD_LIMITED_EDGE,CONVEX-CONVEX,0.975857776960627,0.218406957639778,componentwise_positive,USE_ORIGINAL_INWARD_NORMAL_NO_COMPONENTWISE_PROJECTION,17,3427.89728655145,GEOMETRY_BOUND_ONLY_NOT_PRIMARY_FALSIFICATION_PATH,0,10,0,10,0.110017666916744,FUTURE_AC_ONLY,ALL_OUTER_EDGES_SYMMETRIC_BOUNDARY_HEADROOM,11,False
2010-07-02 17:30:00,E0021,VMIN18,NONE,CONVEX-CONVEX,0.974148859855592,0.225907057973075,componentwise_positive,USE_ORIGINAL_INWARD_NORMAL_NO_COMPONENTWISE_PROJECTION,17,3385.91066861824,GEOMETRY_BOUND_ONLY_NOT_PRIMARY_FALSIFICATION_PATH,0,9,0,9,0.10854267095482,FUTURE_AC_ONLY,ALL_OUTER_EDGES_SYMMETRIC_BOUNDARY_HEADROOM,12,False
2010-07-02 17:30:00,E0022,VMIN18,NONE,CONVEX-CONVEX,0.972511814652428,0.232853538434446,componentwise_positive,USE_ORIGINAL_INWARD_NORMAL_NO_COMPONENTWISE_PROJECTION,17,3350.18581740056,GEOMETRY_BOUND_ONLY_NOT_PRIMARY_FALSIFICATION_PATH,0,10,0,10,0.107287879112358,FUTURE_AC_ONLY,ALL_OUTER_EDGES_SYMMETRIC_BOUNDARY_HEADROOM,13,False
2010-07-02 17:30:00,E0023,VMIN18,NONE,CONVEX-CONVEX,0.971088681557327,0.238719024275929,componentwise_positive,USE_ORIGINAL_INWARD_NORMAL_NO_COMPONENTWISE_PROJECTION,17,3322.29547706161,GEOMETRY_BOUND_ONLY_NOT_PRIMARY_FALSIFICATION_PATH,0,9,0,9,0.106185797939486,FUTURE_AC_ONLY,ALL_OUTER_EDGES_SYMMETRIC_BOUNDARY_HEADROOM,13,False
2010-07-02 17:30:00,E0024,VMIN18,NONE,CONVEX-CONVEX,0.969619998612804,0.244616144786287,componentwise_positive,USE_ORIGINAL_INWARD_NORMAL_NO_COMPONENTWISE_PROJECTION,17,3296.24459751013,GEOMETRY_BOUND_ONLY_NOT_PRIMARY_FALSIFICATION_PATH,0,11,0,11,0.105217108696375,FUTURE_AC_ONLY,ALL_OUTER_EDGES_SYMMETRIC_BOUNDARY_HEADROOM,13,False
2010-07-02 17:30:00,E0025,VMIN18,NONE,CONVEX-CONVEX,0.967653685355391,0.252282272897106,componentwise_positive,USE_ORIGINAL_INWARD_NORMAL_NO_COMPONENTWISE_PROJECTION,17,3264.63130485388,GEOMETRY_BOUND_ONLY_NOT_PRIMARY_FALSIFICATION_PATH,0,19,0,19,0.0543763827071432,FUTURE_AC_ONLY,ALL_OUTER_EDGES_SYMMETRIC_BOUNDARY_HEADROOM,29,False
2010-07-02 17:30:00,E0026,VMIN18,NONE,CONVEX-CONVEX,0.96507295462351,0.261981282259341,componentwise_positive,USE_ORIGINAL_INWARD_NORMAL_NO_COMPONENTWISE_PROJECTION,17,3229.75256660394,GEOMETRY_BOUND_ONLY_NOT_PRIMARY_FALSIFICATION_PATH,0,19,0,19,0.0527308928459226,FUTURE_AC_ONLY,ALL_OUTER_EDGES_SYMMETRIC_BOUNDARY_HEADROOM,29,False
2010-07-02 17:30:00,E0027,VMIN18,NONE,CONVEX-CONVEX,0.962383444128805,0.271694877512955,componentwise_positive,USE_ORIGINAL_INWARD_NORMAL_NO_COMPONENTWISE_PROJECTION,17,3199.23989852004,GEOMETRY_BOUND_ONLY_NOT_PRIMARY_FALSIFICATION_PATH,0,19,0,19,0.0512774209416758,FUTURE_AC_ONLY,ALL_OUTER_EDGES_SYMMETRIC_BOUNDARY_HEADROOM,26,False
2010-07-02 17:30:00,E0028,VMIN18,NONE,CONVEX-CONVEX,0.959830261225141,0.28058130664119,componentwise_positive,USE_ORIGINAL_INWARD_NORMAL_NO_COMPONENTWISE_PROJECTION,17,3175.09096366987,GEOMETRY_BOUND_ONLY_NOT_PRIMARY_FALSIFICATION_PATH,0,15,0,15,0.063786379595889,FUTURE_AC_ONLY,ALL_OUTER_EDGES_SYMMETRIC_BOUNDARY_HEADROOM,20,False
2010-07-02 17:30:00,E0029,VMIN18,NONE,CONVEX-CONVEX,0.958185793693901,0.286146788839555,componentwise_positive,USE_ORIGINAL_INWARD_NORMAL_NO_COMPONENTWISE_PROJECTION,17,3161.79431424094,GEOMETRY_BOUND_ONLY_NOT_PRIMARY_FALSIFICATION_PATH,0,4,0,4,0.235371193368796,FUTURE_AC_ONLY,ALL_OUTER_EDGES_SYMMETRIC_BOUNDARY_HEADROOM,5,False
2010-07-02 17:30:00,E0030,VMIN18,NONE,CONVEX-CONVEX,0.956339808776804,0.292257027543815,componentwise_positive,USE_ORIGINAL_INWARD_NORMAL_NO_COMPONENTWISE_PROJECTION,17,3147.64612907666,GEOMETRY_BOUND_ONLY_NOT_PRIMARY_FALSIFICATION_PATH,0,19,0,19,0.05189674605523,FUTURE_AC_ONLY,ALL_OUTER_EDGES_SYMMETRIC_BOUNDARY_HEADROOM,21,False
2010-07-02 17:30:00,E0031,VMIN18,NONE,CONVEX-CONVEX,0.953500189155386,0.301392417423933,componentwise_positive,USE_ORIGINAL_INWARD_NORMAL_NO_COMPONENTWISE_PROJECTION,17,3130.5507237605,GEOMETRY_BOUND_ONLY_NOT_PRIMARY_FALSIFICATION_PATH,0,9,0,9,0.102673353345915,FUTURE_AC_ONLY,ALL_OUTER_EDGES_SYMMETRIC_BOUNDARY_HEADROOM,10,False
2010-07-02 17:30:00,E0032,CLASS_TRANSITION,NONE,CONVEX-CONVEX,0.825201138142835,0.564838987329814,componentwise_positive,USE_ORIGINAL_INWARD_NORMAL_NO_COMPONENTWISE_PROJECTION,17,2713.98661036248,GEOMETRY_BOUND_ONLY_NOT_PRIMARY_FALSIFICATION_PATH,0,9,0,9,0.100484094240845,FUTURE_AC_ONLY,ALL_OUTER_EDGES_SYMMETRIC_BOUNDARY_HEADROOM,9,False
2010-07-02 17:30:00,E0033,VMIN33,NONE,CONVEX-CONVEX,0.407092242645447,0.913387051571184,componentwise_positive,USE_ORIGINAL_INWARD_NORMAL_NO_COMPONENTWISE_PROJECTION,17,3805.30884333187,GEOMETRY_BOUND_ONLY_NOT_PRIMARY_FALSIFICATION_PATH,0,19,0,19,0.052972827055341,FUTURE_AC_ONLY,ALL_OUTER_EDGES_SYMMETRIC_BOUNDARY_HEADROOM,16,False
2010-07-02 17:30:00,E0034,VMIN33,NONE,CONVEX-CONVEX,0.399317804544196,0.916812571343785,componentwise_positive,USE_ORIGINAL_INWARD_NORMAL_NO_COMPONENTWISE_PROJECTION,17,3834.97823110785,GEOMETRY_BOUND_ONLY_NOT_PRIMARY_FALSIFICATION_PATH,0,2,4,6,0.246251675755327,FUTURE_AC_ONLY,ALL_OUTER_EDGES_SYMMETRIC_BOUNDARY_HEADROOM,2,False
2010-07-02 17:30:00,E0035,VMIN33,NONE,CONVEX-CONVEX,0.391301643410462,0.920262475527646,componentwise_positive,USE_ORIGINAL_INWARD_NORMAL_NO_COMPONENTWISE_PROJECTION,17,3865.46312418453,GEOMETRY_BOUND_ONLY_NOT_PRIMARY_FALSIFICATION_PATH,0,18,0,18,0.0568526230314543,FUTURE_AC_ONLY,ALL_OUTER_EDGES_SYMMETRIC_BOUNDARY_HEADROOM,14,False
2010-07-02 17:30:00,E0036,VMIN33,NONE,CONVEX-CONVEX,0.378650118041138,0.925539890068187,componentwise_positive,USE_ORIGINAL_INWARD_NORMAL_NO_COMPONENTWISE_PROJECTION,17,3916.86603651086,GEOMETRY_BOUND_ONLY_NOT_PRIMARY_FALSIFICATION_PATH,0,20,0,20,0.050338473746232,FUTURE_AC_ONLY,ALL_OUTER_EDGES_SYMMETRIC_BOUNDARY_HEADROOM,14,False
2010-07-02 17:30:00,E0037,VMIN33,NONE,CONVEX-CONVEX,0.366664769847599,0.930353130027844,componentwise_positive,USE_ORIGINAL_INWARD_NORMAL_NO_COMPONENTWISE_PROJECTION,17,3968.82707672767,GEOMETRY_BOUND_ONLY_NOT_PRIMARY_FALSIFICATION_PATH,0,19,0,19,0.051752573072738,FUTURE_AC_ONLY,ALL_OUTER_EDGES_SYMMETRIC_BOUNDARY_HEADROOM,14,False
2010-07-02 17:30:00,E0038,VMIN33,NONE,CONVEX-CONVEX,0.354381577285755,0.935100902405971,componentwise_positive,USE_ORIGINAL_INWARD_NORMAL_NO_COMPONENTWISE_PROJECTION,17,4025.54390895977,GEOMETRY_BOUND_ONLY_NOT_PRIMARY_FALSIFICATION_PATH,0,20,0,20,0.0532950947844341,FUTURE_AC_ONLY,ALL_OUTER_EDGES_SYMMETRIC_BOUNDARY_HEADROOM,14,False
2010-07-02 17:30:00,E0039,VMIN33,NONE,CONVEX-CONVEX,0.340942767678164,0.940084054310014,componentwise_positive,USE_ORIGINAL_INWARD_NORMAL_NO_COMPONENTWISE_PROJECTION,17,4091.74023260841,GEOMETRY_BOUND_ONLY_NOT_PRIMARY_FALSIFICATION_PATH,0,19,0,19,0.055077212821502,FUTURE_AC_ONLY,ALL_OUTER_EDGES_SYMMETRIC_BOUNDARY_HEADROOM,14,True
2010-07-02 17:30:00,E0040,VMIN33,NONE,CONVEX-CONVEX,0.331070839644255,0.943605902449348,componentwise_positive,USE_ORIGINAL_INWARD_NORMAL_NO_COMPONENTWISE_PROJECTION,17,4144.09762852821,GEOMETRY_BOUND_ONLY_NOT_PRIMARY_FALSIFICATION_PATH,0,11,0,11,0.105991323464621,FUTURE_AC_ONLY,ALL_OUTER_EDGES_SYMMETRIC_BOUNDARY_HEADROOM,8,False
2010-07-02 17:30:00,E0041,VMIN33,NONE,CONVEX-CONVEX,0.322758926784232,0.946481206987804,componentwise_positive,USE_ORIGINAL_INWARD_NORMAL_NO_COMPONENTWISE_PROJECTION,17,4189.88337161279,GEOMETRY_BOUND_ONLY_NOT_PRIMARY_FALSIFICATION_PATH,0,9,0,9,0.107090536356899,FUTURE_AC_ONLY,ALL_OUTER_EDGES_SYMMETRIC_BOUNDARY_HEADROOM,8,False
2010-07-02 17:30:00,E0042,VMIN33,NONE,CONVEX-CONVEX,0.313753800641803,0.949504372071463,componentwise_positive,USE_ORIGINAL_INWARD_NORMAL_NO_COMPONENTWISE_PROJECTION,17,4241.6849646261,GEOMETRY_BOUND_ONLY_NOT_PRIMARY_FALSIFICATION_PATH,0,10,0,10,0.108359470455368,FUTURE_AC_ONLY,ALL_OUTER_EDGES_SYMMETRIC_BOUNDARY_HEADROOM,8,False
2010-07-02 17:30:00,E0043,VMIN33,ADJACENT_TO_GUARD_LIMITED_EDGE,CONVEX-CONVEX,0.303909270922076,0.952700978821588,componentwise_positive,USE_ORIGINAL_INWARD_NORMAL_NO_COMPONENTWISE_PROJECTION,17,4301.15268347354,GEOMETRY_BOUND_ONLY_NOT_PRIMARY_FALSIFICATION_PATH,0,9,0,9,0.109859448954964,FUTURE_AC_ONLY,ALL_OUTER_EDGES_SYMMETRIC_BOUNDARY_HEADROOM,8,False
2010-07-02 17:30:00,E0044,CLASS_TRANSITION,CROSSES_GUARD_LIMITED_RAY,CONVEX-CONVEX,-0.98756609803106,0.15720433206406,mixed_sign,USE_ORIGINAL_INWARD_NORMAL_NO_COMPONENTWISE_PROJECTION,17,5407.98128184483,GEOMETRY_BOUND_ONLY_NOT_PRIMARY_FALSIFICATION_PATH,0,20,0,20,0.0557164980021067,FUTURE_AC_ONLY,ALL_OUTER_EDGES_SYMMETRIC_BOUNDARY_HEADROOM,19,False
2010-07-02 17:30:00,E0045,VMAX13,ADJACENT_TO_GUARD_LIMITED_EDGE,CONVEX-REFLEX,-0.934569792081697,-0.355779852898352,componentwise_nonpositive,USE_ORIGINAL_INWARD_NORMAL_NO_COMPONENTWISE_PROJECTION,17,3035.53211272713,GEOMETRY_BOUND_ONLY_NOT_PRIMARY_FALSIFICATION_PATH,13,10,0,10,0.119540216682361,FUTURE_AC_ONLY,ALL_OUTER_EDGES_SYMMETRIC_BOUNDARY_HEADROOM,10,False
2010-07-02 17:30:00,E0046,VMAX13,NONE,REFLEX-REFLEX,-0.940951134285878,-0.338542409287402,componentwise_nonpositive,USE_ORIGINAL_INWARD_NORMAL_NO_COMPONENTWISE_PROJECTION,18,1093.25865097146,GEOMETRY_BOUND_ONLY_NOT_PRIMARY_FALSIFICATION_PATH,13,9,0,9,0.114553244972635,FUTURE_AC_ONLY,ALL_OUTER_EDGES_SYMMETRIC_BOUNDARY_HEADROOM,11,False
2010-07-02 17:30:00,E0047,VMAX13,NONE,REFLEX-REFLEX,-0.944124597964212,-0.329588749078172,componentwise_nonpositive,USE_ORIGINAL_INWARD_NORMAL_NO_COMPONENTWISE_PROJECTION,19,1110.90161352708,GEOMETRY_BOUND_ONLY_NOT_PRIMARY_FALSIFICATION_PATH,0,4,0,4,0.244638435255241,FUTURE_AC_ONLY,ALL_OUTER_EDGES_SYMMETRIC_BOUNDARY_HEADROOM,5,False
2010-07-02 17:30:00,E0048,VMAX13,NONE,REFLEX-REFLEX,-0.94551802635544,-0.325569749572827,componentwise_nonpositive,USE_ORIGINAL_INWARD_NORMAL_NO_COMPONENTWISE_PROJECTION,20,1118.05542064604,GEOMETRY_BOUND_ONLY_NOT_PRIMARY_FALSIFICATION_PATH,7,5,0,5,0.180788039477297,FUTURE_AC_ONLY,ALL_OUTER_EDGES_SYMMETRIC_BOUNDARY_HEADROOM,7,False
2010-07-02 17:30:00,E0049,VMAX13,NONE,REFLEX-REFLEX,-0.94757613149348,-0.319530084692898,componentwise_nonpositive,USE_ORIGINAL_INWARD_NORMAL_NO_COMPONENTWISE_PROJECTION,21,1127.47812104902,GEOMETRY_BOUND_ONLY_NOT_PRIMARY_FALSIFICATION_PATH,13,9,0,9,0.109329346793272,FUTURE_AC_ONLY,ALL_OUTER_EDGES_SYMMETRIC_BOUNDARY_HEADROOM,13,False
2010-07-02 17:30:00,E0050,VMAX13,NONE,REFLEX-REFLEX,-0.949586192649516,-0.313506080849152,componentwise_nonpositive,USE_ORIGINAL_INWARD_NORMAL_NO_COMPONENTWISE_PROJECTION,22,1134.95953969527,GEOMETRY_BOUND_ONLY_NOT_PRIMARY_FALSIFICATION_PATH,13,9,0,9,0.107665859241888,FUTURE_AC_ONLY,ALL_OUTER_EDGES_SYMMETRIC_BOUNDARY_HEADROOM,13,False
2010-07-02 17:30:00,E0051,VMAX13,NONE,REFLEX-REFLEX,-0.950977827851153,-0.309259067669005,componentwise_nonpositive,USE_ORIGINAL_INWARD_NORMAL_NO_COMPONENTWISE_PROJECTION,23,1139.11623315496,GEOMETRY_BOUND_ONLY_NOT_PRIMARY_FALSIFICATION_PATH,9,9,0,9,0.106325203163999,FUTURE_AC_ONLY,ALL_OUTER_EDGES_SYMMETRIC_BOUNDARY_HEADROOM,13,False
2010-07-02 17:30:00,E0052,VMAX13,NONE,REFLEX-REFLEX,-0.95313636654781,-0.302541016663922,componentwise_nonpositive,USE_ORIGINAL_INWARD_NORMAL_NO_COMPONENTWISE_PROJECTION,24,1144.167373153,GEOMETRY_BOUND_ONLY_NOT_PRIMARY_FALSIFICATION_PATH,18,19,0,19,0.0551827347687046,FUTURE_AC_ONLY,ALL_OUTER_EDGES_SYMMETRIC_BOUNDARY_HEADROOM,29,False
2010-07-02 18:00:00,E0000,VMAX13,NONE,REFLEX-REFLEX,-0.95494860305253,-0.296771234333823,componentwise_nonpositive,USE_ORIGINAL_INWARD_NORMAL_NO_COMPONENTWISE_PROJECTION,0,1173.63985468163,GEOMETRY_BOUND_ONLY_NOT_PRIMARY_FALSIFICATION_PATH,16,19,0,19,0.0531965678593464,FUTURE_AC_ONLY,ALL_OUTER_EDGES_SYMMETRIC_BOUNDARY_HEADROOM,29,False
2010-07-02 18:00:00,E0001,VMAX13,NONE,REFLEX-REFLEX,-0.956897900680506,-0.29042453008181,componentwise_nonpositive,USE_ORIGINAL_INWARD_NORMAL_NO_COMPONENTWISE_PROJECTION,1,1174.02141549926,GEOMETRY_BOUND_ONLY_NOT_PRIMARY_FALSIFICATION_PATH,16,19,0,19,0.051501801955424,FUTURE_AC_ONLY,ALL_OUTER_EDGES_SYMMETRIC_BOUNDARY_HEADROOM,26,False
2010-07-02 18:00:00,E0002,VMAX13,NONE,REFLEX-REFLEX,-0.958296734904777,-0.285775030173814,componentwise_nonpositive,USE_ORIGINAL_INWARD_NORMAL_NO_COMPONENTWISE_PROJECTION,2,1172.91840372071,GEOMETRY_BOUND_ONLY_NOT_PRIMARY_FALSIFICATION_PATH,19,19,0,19,0.05046948869662,FUTURE_AC_ONLY,ALL_OUTER_EDGES_SYMMETRIC_BOUNDARY_HEADROOM,25,False
2010-07-02 18:00:00,E0003,VMAX13,NONE,REFLEX-REFLEX,-0.959920555156893,-0.280272238702449,componentwise_nonpositive,USE_ORIGINAL_INWARD_NORMAL_NO_COMPONENTWISE_PROJECTION,3,1170.01717677545,GEOMETRY_BOUND_ONLY_NOT_PRIMARY_FALSIFICATION_PATH,18,19,0,19,0.05204709191028,FUTURE_AC_ONLY,ALL_OUTER_EDGES_SYMMETRIC_BOUNDARY_HEADROOM,21,False
2010-07-02 18:00:00,E0004,VMAX13,NONE,REFLEX-REFLEX,-0.961416910131576,-0.275095483265454,componentwise_nonpositive,USE_ORIGINAL_INWARD_NORMAL_NO_COMPONENTWISE_PROJECTION,4,1165.72171008159,GEOMETRY_BOUND_ONLY_NOT_PRIMARY_FALSIFICATION_PATH,19,19,0,19,0.053804141075028,FUTURE_AC_ONLY,ALL_OUTER_EDGES_SYMMETRIC_BOUNDARY_HEADROOM,19,False
2010-07-02 18:00:00,E0005,VMAX13,NONE,REFLEX-CONVEX,-0.962633864340282,-0.270806283577939,componentwise_nonpositive,USE_ORIGINAL_INWARD_NORMAL_NO_COMPONENTWISE_PROJECTION,5,1160.71805615338,GEOMETRY_BOUND_ONLY_NOT_PRIMARY_FALSIFICATION_PATH,0,9,0,9,0.104804967635983,FUTURE_AC_ONLY,ALL_OUTER_EDGES_SYMMETRIC_BOUNDARY_HEADROOM,8,False
2010-07-02 18:00:00,E0006,CLASS_TRANSITION,NONE,CONVEX-CONVEX,-0.5570624276857,-0.83047062058866,componentwise_nonpositive,USE_ORIGINAL_INWARD_NORMAL_NO_COMPONENTWISE_PROJECTION,5,1731.25523632439,GEOMETRY_BOUND_ONLY_NOT_PRIMARY_FALSIFICATION_PATH,0,10,0,10,0.101140320740001,FUTURE_AC_ONLY,ALL_OUTER_EDGES_SYMMETRIC_BOUNDARY_HEADROOM,8,False
2010-07-02 18:00:00,E0007,VMAX30,NONE,CONVEX-REFLEX,-0.387065869744529,-0.922052066034729,componentwise_nonpositive,USE_ORIGINAL_INWARD_NORMAL_NO_COMPONENTWISE_PROJECTION,5,1769.94444838266,GEOMETRY_BOUND_ONLY_NOT_PRIMARY_FALSIFICATION_PATH,21,19,0,19,0.051521672538836,FUTURE_AC_ONLY,ALL_OUTER_EDGES_SYMMETRIC_BOUNDARY_HEADROOM,16,False
2010-07-02 18:00:00,E0008,VMAX30,NONE,REFLEX-REFLEX,-0.394974963607993,-0.918691884215195,componentwise_nonpositive,USE_ORIGINAL_INWARD_NORMAL_NO_COMPONENTWISE_PROJECTION,6,1767.57593927161,GEOMETRY_BOUND_ONLY_NOT_PRIMARY_FALSIFICATION_PATH,22,19,0,19,0.0504508047186361,FUTURE_AC_ONLY,ALL_OUTER_EDGES_SYMMETRIC_BOUNDARY_HEADROOM,14,False
2010-07-02 18:00:00,E0009,VMAX30,NONE,REFLEX-REFLEX,-0.402284621469339,-0.915514654895961,componentwise_nonpositive,USE_ORIGINAL_INWARD_NORMAL_NO_COMPONENTWISE_PROJECTION,7,1763.40142015422,GEOMETRY_BOUND_ONLY_NOT_PRIMARY_FALSIFICATION_PATH,22,19,0,19,0.052012600715811,FUTURE_AC_ONLY,ALL_OUTER_EDGES_SYMMETRIC_BOUNDARY_HEADROOM,14,False
2010-07-02 18:00:00,E0010,VMAX30,NONE,REFLEX-REFLEX,-0.411695365870131,-0.911321527080898,componentwise_nonpositive,USE_ORIGINAL_INWARD_NORMAL_NO_COMPONENTWISE_PROJECTION,8,1755.32490548083,GEOMETRY_BOUND_ONLY_NOT_PRIMARY_FALSIFICATION_PATH,21,19,0,19,0.053770913361549,FUTURE_AC_ONLY,ALL_OUTER_EDGES_SYMMETRIC_BOUNDARY_HEADROOM,14,False
2010-07-02 18:00:00,E0011,VMAX30,NONE,REFLEX-REFLEX,-0.417970657946777,-0.908460526988123,componentwise_nonpositive,USE_ORIGINAL_INWARD_NORMAL_NO_COMPONENTWISE_PROJECTION,9,1747.92830926582,GEOMETRY_BOUND_ONLY_NOT_PRIMARY_FALSIFICATION_PATH,0,9,0,9,0.104762269473135,FUTURE_AC_ONLY,ALL_OUTER_EDGES_SYMMETRIC_BOUNDARY_HEADROOM,7,False
2010-07-02 18:00:00,E0012,VMAX30,NONE,REFLEX-REFLEX,-0.425919127934752,-0.904761237266109,componentwise_nonpositive,USE_ORIGINAL_INWARD_NORMAL_NO_COMPONENTWISE_PROJECTION,10,1737.03928521153,GEOMETRY_BOUND_ONLY_NOT_PRIMARY_FALSIFICATION_PATH,0,9,0,9,0.105861164764472,FUTURE_AC_ONLY,ALL_OUTER_EDGES_SYMMETRIC_BOUNDARY_HEADROOM,7,True
2010-07-02 18:00:00,E0013,VMAX30,NONE,REFLEX-REFLEX,-0.433065863947563,-0.901362278711147,componentwise_nonpositive,USE_ORIGINAL_INWARD_NORMAL_NO_COMPONENTWISE_PROJECTION,11,1725.70537649737,GEOMETRY_BOUND_ONLY_NOT_PRIMARY_FALSIFICATION_PATH,10,9,0,9,0.10712264493047,FUTURE_AC_ONLY,ALL_OUTER_EDGES_SYMMETRIC_BOUNDARY_HEADROOM,8,False
2010-07-02 18:00:00,E0014,VMAX30,NONE,REFLEX-REFLEX,-0.438397831317376,-0.898781030894745,componentwise_nonpositive,USE_ORIGINAL_INWARD_NORMAL_NO_COMPONENTWISE_PROJECTION,12,1715.94800093516,GEOMETRY_BOUND_ONLY_NOT_PRIMARY_FALSIFICATION_PATH,7,4,0,4,0.227473344239065,FUTURE_AC_ONLY,ALL_OUTER_EDGES_SYMMETRIC_BOUNDARY_HEADROOM,3,False
2010-07-02 18:00:00,E0015,VMAX30,NONE,REFLEX-REFLEX,-0.441883431100439,-0.897072479412284,componentwise_nonpositive,USE_ORIGINAL_INWARD_NORMAL_NO_COMPONENTWISE_PROJECTION,13,1709.12187367934,GEOMETRY_BOUND_ONLY_NOT_PRIMARY_FALSIFICATION_PATH,2,5,0,5,0.189502518620382,FUTURE_AC_ONLY,ALL_OUTER_EDGES_SYMMETRIC_BOUNDARY_HEADROOM,5,False
2010-07-02 18:00:00,E0016,VMAX30,NONE,REFLEX-REFLEX,-0.45235954902686,-0.891835656611809,componentwise_nonpositive,USE_ORIGINAL_INWARD_NORMAL_NO_COMPONENTWISE_PROJECTION,14,1686.74414844984,GEOMETRY_BOUND_ONLY_NOT_PRIMARY_FALSIFICATION_PATH,12,9,0,9,0.110579449332484,FUTURE_AC_ONLY,ALL_OUTER_EDGES_SYMMETRIC_BOUNDARY_HEADROOM,8,False
2010-07-02 18:00:00,E0017,VMAX30,NONE,REFLEX-REFLEX,-0.466626974486649,-0.88445421966399,componentwise_nonpositive,USE_ORIGINAL_INWARD_NORMAL_NO_COMPONENTWISE_PROJECTION,15,1650.84660689869,GEOMETRY_BOUND_ONLY_NOT_PRIMARY_FALSIFICATION_PATH,13,9,0,9,0.11320147448216,FUTURE_AC_ONLY,ALL_OUTER_EDGES_SYMMETRIC_BOUNDARY_HEADROOM,8,False
2010-07-02 18:00:00,E0018,VMAX30,ADJACENT_TO_GUARD_LIMITED_EDGE,REFLEX-CONVEX,-0.488554248656736,-0.872533521487542,componentwise_nonpositive,USE_ORIGINAL_INWARD_NORMAL_NO_COMPONENTWISE_PROJECTION,16,1584.39525097078,GEOMETRY_BOUND_ONLY_NOT_PRIMARY_FALSIFICATION_PATH,13,9,0,9,0.117227397353155,FUTURE_AC_ONLY,ALL_OUTER_EDGES_SYMMETRIC_BOUNDARY_HEADROOM,9,True
2010-07-02 18:00:00,E0019,CLASS_TRANSITION,CROSSES_GUARD_LIMITED_RAY,CONVEX-CONVEX,0.634392510225557,-0.773011088516664,mixed_sign,USE_ORIGINAL_INWARD_NORMAL_NO_COMPONENTWISE_PROJECTION,16,3599.43727624323,GEOMETRY_BOUND_ONLY_NOT_PRIMARY_FALSIFICATION_PATH,0,20,0,20,0.053408547421351,FUTURE_AC_ONLY,ALL_OUTER_EDGES_SYMMETRIC_BOUNDARY_HEADROOM,20,False
2010-07-02 18:00:00,E0020,VMIN18,ADJACENT_TO_GUARD_LIMITED_EDGE,CONVEX-CONVEX,0.975638269607834,0.219385429955207,componentwise_positive,USE_ORIGINAL_INWARD_NORMAL_NO_COMPONENTWISE_PROJECTION,17,3440.04042238259,GEOMETRY_BOUND_ONLY_NOT_PRIMARY_FALSIFICATION_PATH,0,10,0,10,0.110044339967967,FUTURE_AC_ONLY,ALL_OUTER_EDGES_SYMMETRIC_BOUNDARY_HEADROOM,11,False
2010-07-02 18:00:00,E0021,VMIN18,NONE,CONVEX-CONVEX,0.973964606922138,0.226700120121287,componentwise_positive,USE_ORIGINAL_INWARD_NORMAL_NO_COMPONENTWISE_PROJECTION,17,3398.69121574838,GEOMETRY_BOUND_ONLY_NOT_PRIMARY_FALSIFICATION_PATH,0,10,0,10,0.108560172254204,FUTURE_AC_ONLY,ALL_OUTER_EDGES_SYMMETRIC_BOUNDARY_HEADROOM,12,False
2010-07-02 18:00:00,E0022,VMIN18,NONE,CONVEX-CONVEX,0.97233664105106,0.233583938809032,componentwise_positive,USE_ORIGINAL_INWARD_NORMAL_NO_COMPONENTWISE_PROJECTION,17,3362.87253091693,GEOMETRY_BOUND_ONLY_NOT_PRIMARY_FALSIFICATION_PATH,0,11,0,11,0.107301410991762,FUTURE_AC_ONLY,ALL_OUTER_EDGES_SYMMETRIC_BOUNDARY_HEADROOM,13,False
2010-07-02 18:00:00,E0023,VMIN18,NONE,CONVEX-CONVEX,0.970874869676368,0.239587118666457,componentwise_positive,USE_ORIGINAL_INWARD_NORMAL_NO_COMPONENTWISE_PROJECTION,17,3333.93023260153,GEOMETRY_BOUND_ONLY_NOT_PRIMARY_FALSIFICATION_PATH,0,10,0,10,0.106200033588208,FUTURE_AC_ONLY,ALL_OUTER_EDGES_SYMMETRIC_BOUNDARY_HEADROOM,13,False
2010-07-02 18:00:00,E0024,VMIN18,NONE,CONVEX-CONVEX,0.969405306809378,0.245465580336256,componentwise_positive,USE_ORIGINAL_INWARD_NORMAL_NO_COMPONENTWISE_PROJECTION,17,3307.54232852303,GEOMETRY_BOUND_ONLY_NOT_PRIMARY_FALSIFICATION_PATH,0,9,0,9,0.105229405809351,FUTURE_AC_ONLY,ALL_OUTER_EDGES_SYMMETRIC_BOUNDARY_HEADROOM,13,False
2010-07-02 18:00:00,E0025,VMIN18,NONE,CONVEX-CONVEX,0.967498989302161,0.252874881511186,componentwise_positive,USE_ORIGINAL_INWARD_NORMAL_NO_COMPONENTWISE_PROJECTION,17,3276.43068461105,GEOMETRY_BOUND_ONLY_NOT_PRIMARY_FALSIFICATION_PATH,0,19,0,19,0.0543841324236866,FUTURE_AC_ONLY,ALL_OUTER_EDGES_SYMMETRIC_BOUNDARY_HEADROOM,29,False
2010-07-02 18:00:00,E0026,VMIN18,NONE,CONVEX-CONVEX,0.964780266811559,0.263057097929359,componentwise_positive,USE_ORIGINAL_INWARD_NORMAL_NO_COMPONENTWISE_PROJECTION,17,3238.96128799782,GEOMETRY_BOUND_ONLY_NOT_PRIMARY_FALSIFICATION_PATH,0,19,0,19,0.0527438728608636,FUTURE_AC_ONLY,ALL_OUTER_EDGES_SYMMETRIC_BOUNDARY_HEADROOM,29,False
2010-07-02 18:00:00,E0027,VMIN18,NONE,CONVEX-CONVEX,0.962217978650859,0.272280299619813,componentwise_positive,USE_ORIGINAL_INWARD_NORMAL_NO_COMPONENTWISE_PROJECTION,17,3209.14963671431,GEOMETRY_BOUND_ONLY_NOT_PRIMARY_FALSIFICATION_PATH,0,20,0,20,0.0512832782279428,FUTURE_AC_ONLY,ALL_OUTER_EDGES_SYMMETRIC_BOUNDARY_HEADROOM,26,False
2010-07-02 18:00:00,E0028,VMIN18,NONE,CONVEX-CONVEX,0.960058738156701,0.279798533393161,componentwise_positive,USE_ORIGINAL_INWARD_NORMAL_NO_COMPONENTWISE_PROJECTION,17,3188.01227607072,GEOMETRY_BOUND_ONLY_NOT_PRIMARY_FALSIFICATION_PATH,0,12,0,12,0.0815617918078879,FUTURE_AC_ONLY,ALL_OUTER_EDGES_SYMMETRIC_BOUNDARY_HEADROOM,16,False
2010-07-02 18:00:00,E0029,VMIN18,NONE,CONVEX-CONVEX,0.958467773389867,0.285200854439587,componentwise_positive,USE_ORIGINAL_INWARD_NORMAL_NO_COMPONENTWISE_PROJECTION,17,3174.16451392859,GEOMETRY_BOUND_ONLY_NOT_PRIMARY_FALSIFICATION_PATH,0,7,0,7,0.130262067856962,FUTURE_AC_ONLY,ALL_OUTER_EDGES_SYMMETRIC_BOUNDARY_HEADROOM,9,False
2010-07-02 18:00:00,E0030,VMIN18,NONE,CONVEX-CONVEX,0.956249797735598,0.292551404595207,componentwise_positive,USE_ORIGINAL_INWARD_NORMAL_NO_COMPONENTWISE_PROJECTION,17,3156.40815087207,GEOMETRY_BOUND_ONLY_NOT_PRIMARY_FALSIFICATION_PATH,0,19,0,19,0.051894388451227,FUTURE_AC_ONLY,ALL_OUTER_EDGES_SYMMETRIC_BOUNDARY_HEADROOM,21,False
2010-07-02 18:00:00,E0031,VMIN18,NONE,CONVEX-CONVEX,0.953388629944348,0.301745124720913,componentwise_positive,USE_ORIGINAL_INWARD_NORMAL_NO_COMPONENTWISE_PROJECTION,17,3138.19127923223,GEOMETRY_BOUND_ONLY_NOT_PRIMARY_FALSIFICATION_PATH,0,10,0,10,0.102670333423461,FUTURE_AC_ONLY,ALL_OUTER_EDGES_SYMMETRIC_BOUNDARY_HEADROOM,10,False
2010-07-02 18:00:00,E0032,CLASS_TRANSITION,NONE,CONVEX-CONVEX,0.842877158767952,0.538106026009061,componentwise_positive,USE_ORIGINAL_INWARD_NORMAL_NO_COMPONENTWISE_PROJECTION,17,2749.91016840203,GEOMETRY_BOUND_ONLY_NOT_PRIMARY_FALSIFICATION_PATH,0,9,0,9,0.100761863735655,FUTURE_AC_ONLY,ALL_OUTER_EDGES_SYMMETRIC_BOUNDARY_HEADROOM,9,False
2010-07-02 18:00:00,E0033,VMIN33,NONE,CONVEX-CONVEX,0.407491240152582,0.913209115810235,componentwise_positive,USE_ORIGINAL_INWARD_NORMAL_NO_COMPONENTWISE_PROJECTION,17,3757.93109478511,GEOMETRY_BOUND_ONLY_NOT_PRIMARY_FALSIFICATION_PATH,0,19,0,19,0.0529685555483396,FUTURE_AC_ONLY,ALL_OUTER_EDGES_SYMMETRIC_BOUNDARY_HEADROOM,16,False
2010-07-02 18:00:00,E0034,VMIN33,NONE,CONVEX-CONVEX,0.398068292842151,0.917355783888528,componentwise_positive,USE_ORIGINAL_INWARD_NORMAL_NO_COMPONENTWISE_PROJECTION,17,3793.40438431404,GEOMETRY_BOUND_ONLY_NOT_PRIMARY_FALSIFICATION_PATH,0,6,0,6,0.183087299616927,FUTURE_AC_ONLY,ALL_OUTER_EDGES_SYMMETRIC_BOUNDARY_HEADROOM,5,False
2010-07-02 18:00:00,E0035,VMIN33,NONE,CONVEX-CONVEX,0.390347180538269,0.920667735204088,componentwise_positive,USE_ORIGINAL_INWARD_NORMAL_NO_COMPONENTWISE_PROJECTION,17,3822.83580061163,GEOMETRY_BOUND_ONLY_NOT_PRIMARY_FALSIFICATION_PATH,0,15,0,15,0.0700848679871424,FUTURE_AC_ONLY,ALL_OUTER_EDGES_SYMMETRIC_BOUNDARY_HEADROOM,11,False
2010-07-02 18:00:00,E0036,VMIN33,NONE,CONVEX-CONVEX,0.379948834209435,0.925007504500851,componentwise_positive,USE_ORIGINAL_INWARD_NORMAL_NO_COMPONENTWISE_PROJECTION,17,3864.55866740295,GEOMETRY_BOUND_ONLY_NOT_PRIMARY_FALSIFICATION_PATH,0,19,0,19,0.050348123985847,FUTURE_AC_ONLY,ALL_OUTER_EDGES_SYMMETRIC_BOUNDARY_HEADROOM,14,False
2010-07-02 18:00:00,E0037,VMIN33,NONE,CONVEX-CONVEX,0.367526974247737,0.930012861846708,componentwise_positive,USE_ORIGINAL_INWARD_NORMAL_NO_COMPONENTWISE_PROJECTION,17,3917.82259914223,GEOMETRY_BOUND_ONLY_NOT_PRIMARY_FALSIFICATION_PATH,0,19,0,19,0.051759577906801,FUTURE_AC_ONLY,ALL_OUTER_EDGES_SYMMETRIC_BOUNDARY_HEADROOM,14,False
2010-07-02 18:00:00,E0038,VMIN33,NONE,CONVEX-CONVEX,0.35554160438954,0.934660455752843,componentwise_positive,USE_ORIGINAL_INWARD_NORMAL_NO_COMPONENTWISE_PROJECTION,17,3972.55712451717,GEOMETRY_BOUND_ONLY_NOT_PRIMARY_FALSIFICATION_PATH,0,19,0,19,0.053305227295107,FUTURE_AC_ONLY,ALL_OUTER_EDGES_SYMMETRIC_BOUNDARY_HEADROOM,14,False
2010-07-02 18:00:00,E0039,VMIN33,NONE,CONVEX-CONVEX,0.342189899546524,0.939630817208727,componentwise_positive,USE_ORIGINAL_INWARD_NORMAL_NO_COMPONENTWISE_PROJECTION,17,4037.62683020324,GEOMETRY_BOUND_ONLY_NOT_PRIMARY_FALSIFICATION_PATH,0,20,0,20,0.055090026772623,FUTURE_AC_ONLY,ALL_OUTER_EDGES_SYMMETRIC_BOUNDARY_HEADROOM,14,True
2010-07-02 18:00:00,E0040,VMIN33,NONE,CONVEX-CONVEX,0.33197972731725,0.94328652097354,componentwise_positive,USE_ORIGINAL_INWARD_NORMAL_NO_COMPONENTWISE_PROJECTION,17,4091.20261708004,GEOMETRY_BOUND_ONLY_NOT_PRIMARY_FALSIFICATION_PATH,0,10,0,10,0.106001461569454,FUTURE_AC_ONLY,ALL_OUTER_EDGES_SYMMETRIC_BOUNDARY_HEADROOM,8,False
2010-07-02 18:00:00,E0041,VMIN33,NONE,CONVEX-CONVEX,0.323570007561058,0.946204232820239,componentwise_positive,USE_ORIGINAL_INWARD_NORMAL_NO_COMPONENTWISE_PROJECTION,17,4137.02621156935,GEOMETRY_BOUND_ONLY_NOT_PRIMARY_FALSIFICATION_PATH,0,10,0,10,0.107100974738082,FUTURE_AC_ONLY,ALL_OUTER_EDGES_SYMMETRIC_BOUNDARY_HEADROOM,8,False
2010-07-02 18:00:00,E0042,VMIN33,NONE,CONVEX-CONVEX,0.315133725529075,0.949047277554794,componentwise_positive,USE_ORIGINAL_INWARD_NORMAL_NO_COMPONENTWISE_PROJECTION,17,4185.0486491157,GEOMETRY_BOUND_ONLY_NOT_PRIMARY_FALSIFICATION_PATH,0,11,0,11,0.108379153431284,FUTURE_AC_ONLY,ALL_OUTER_EDGES_SYMMETRIC_BOUNDARY_HEADROOM,8,False
2010-07-02 18:00:00,E0043,VMIN33,ADJACENT_TO_GUARD_LIMITED_EDGE,CONVEX-CONVEX,0.305441497219537,0.952210844181207,componentwise_positive,USE_ORIGINAL_INWARD_NORMAL_NO_COMPONENTWISE_PROJECTION,17,4243.01625508926,GEOMETRY_BOUND_ONLY_NOT_PRIMARY_FALSIFICATION_PATH,0,9,0,9,0.109885427556565,FUTURE_AC_ONLY,ALL_OUTER_EDGES_SYMMETRIC_BOUNDARY_HEADROOM,8,False
2010-07-02 18:00:00,E0044,CLASS_TRANSITION,CROSSES_GUARD_LIMITED_RAY,CONVEX-CONVEX,-0.960597514819902,0.277943185780528,mixed_sign,USE_ORIGINAL_INWARD_NORMAL_NO_COMPONENTWISE_PROJECTION,17,5937.56012352822,GEOMETRY_BOUND_ONLY_NOT_PRIMARY_FALSIFICATION_PATH,0,21,0,21,0.0537629219881139,FUTURE_AC_ONLY,ALL_OUTER_EDGES_SYMMETRIC_BOUNDARY_HEADROOM,19,False
2010-07-02 18:00:00,E0045,VMAX13,ADJACENT_TO_GUARD_LIMITED_EDGE,CONVEX-REFLEX,-0.933422892786427,-0.358778069594866,componentwise_nonpositive,USE_ORIGINAL_INWARD_NORMAL_NO_COMPONENTWISE_PROJECTION,17,3031.64932736262,GEOMETRY_BOUND_ONLY_NOT_PRIMARY_FALSIFICATION_PATH,13,9,0,9,0.119766518497612,FUTURE_AC_ONLY,ALL_OUTER_EDGES_SYMMETRIC_BOUNDARY_HEADROOM,10,False
2010-07-02 18:00:00,E0046,VMAX13,NONE,REFLEX-REFLEX,-0.94021562280383,-0.3405797742609,componentwise_nonpositive,USE_ORIGINAL_INWARD_NORMAL_NO_COMPONENTWISE_PROJECTION,18,1117.1563056424,GEOMETRY_BOUND_ONLY_NOT_PRIMARY_FALSIFICATION_PATH,13,9,0,9,0.114646705436925,FUTURE_AC_ONLY,ALL_OUTER_EDGES_SYMMETRIC_BOUNDARY_HEADROOM,11,False
2010-07-02 18:00:00,E0047,VMAX13,NONE,REFLEX-REFLEX,-0.943818499926647,-0.330464278245342,componentwise_nonpositive,USE_ORIGINAL_INWARD_NORMAL_NO_COMPONENTWISE_PROJECTION,19,1137.62083127472,GEOMETRY_BOUND_ONLY_NOT_PRIMARY_FALSIFICATION_PATH,10,7,0,7,0.140817872039861,FUTURE_AC_ONLY,ALL_OUTER_EDGES_SYMMETRIC_BOUNDARY_HEADROOM,9,False
2010-07-02 18:00:00,E0048,VMAX13,NONE,REFLEX-REFLEX,-0.945561406207393,-0.325443738749262,componentwise_nonpositive,USE_ORIGINAL_INWARD_NORMAL_NO_COMPONENTWISE_PROJECTION,20,1146.10993370433,GEOMETRY_BOUND_ONLY_NOT_PRIMARY_FALSIFICATION_PATH,0,2,2,4,0.220919132526933,FUTURE_AC_ONLY,ALL_OUTER_EDGES_SYMMETRIC_BOUNDARY_HEADROOM,3,False
2010-07-02 18:00:00,E0049,VMAX13,NONE,REFLEX-REFLEX,-0.947059943382408,-0.321056791923968,componentwise_nonpositive,USE_ORIGINAL_INWARD_NORMAL_NO_COMPONENTWISE_PROJECTION,21,1153.12775521947,GEOMETRY_BOUND_ONLY_NOT_PRIMARY_FALSIFICATION_PATH,11,9,0,9,0.109367025754242,FUTURE_AC_ONLY,ALL_OUTER_EDGES_SYMMETRIC_BOUNDARY_HEADROOM,13,False
2010-07-02 18:00:00,E0050,VMAX13,NONE,REFLEX-REFLEX,-0.9491354458092,-0.314868076356705,componentwise_nonpositive,USE_ORIGINAL_INWARD_NORMAL_NO_COMPONENTWISE_PROJECTION,22,1161.01489662082,GEOMETRY_BOUND_ONLY_NOT_PRIMARY_FALSIFICATION_PATH,9,9,0,9,0.107692897992576,FUTURE_AC_ONLY,ALL_OUTER_EDGES_SYMMETRIC_BOUNDARY_HEADROOM,13,False
2010-07-02 18:00:00,E0051,VMAX13,NONE,REFLEX-REFLEX,-0.95088856201396,-0.309533427324133,componentwise_nonpositive,USE_ORIGINAL_INWARD_NORMAL_NO_COMPONENTWISE_PROJECTION,23,1166.36798595796,GEOMETRY_BOUND_ONLY_NOT_PRIMARY_FALSIFICATION_PATH,5,9,0,9,0.106328226228799,FUTURE_AC_ONLY,ALL_OUTER_EDGES_SYMMETRIC_BOUNDARY_HEADROOM,13,False
2010-07-02 18:00:00,E0052,VMAX13,NONE,REFLEX-REFLEX,-0.952847834587374,-0.30344851972312,componentwise_nonpositive,USE_ORIGINAL_INWARD_NORMAL_NO_COMPONENTWISE_PROJECTION,24,1171.05799259158,GEOMETRY_BOUND_ONLY_NOT_PRIMARY_FALSIFICATION_PATH,20,19,0,19,0.0551960898217433,FUTURE_AC_ONLY,ALL_OUTER_EDGES_SYMMETRIC_BOUNDARY_HEADROOM,29,False
2010-07-03 00:00:00,E0000,VMAX13,NONE,REFLEX-REFLEX,-0.952191703816214,-0.305501160691045,componentwise_nonpositive,USE_ORIGINAL_INWARD_NORMAL_NO_COMPONENTWISE_PROJECTION,0,1490.05576196802,GEOMETRY_BOUND_ONLY_NOT_PRIMARY_FALSIFICATION_PATH,21,19,0,19,0.0532955409279483,FUTURE_AC_ONLY,ALL_OUTER_EDGES_SYMMETRIC_BOUNDARY_HEADROOM,28,False
2010-07-03 00:00:00,E0001,VMAX13,NONE,REFLEX-REFLEX,-0.9549663870045,-0.296714003194273,componentwise_nonpositive,USE_ORIGINAL_INWARD_NORMAL_NO_COMPONENTWISE_PROJECTION,1,1490.85430466242,GEOMETRY_BOUND_ONLY_NOT_PRIMARY_FALSIFICATION_PATH,20,19,0,19,0.0515602066132191,FUTURE_AC_ONLY,ALL_OUTER_EDGES_SYMMETRIC_BOUNDARY_HEADROOM,27,False
2010-07-03 00:00:00,E0002,VMAX13,NONE,REFLEX-REFLEX,-0.956694216175436,-0.291094789950743,componentwise_nonpositive,USE_ORIGINAL_INWARD_NORMAL_NO_COMPONENTWISE_PROJECTION,2,1489.23371414589,GEOMETRY_BOUND_ONLY_NOT_PRIMARY_FALSIFICATION_PATH,20,19,0,19,0.050424476085535,FUTURE_AC_ONLY,ALL_OUTER_EDGES_SYMMETRIC_BOUNDARY_HEADROOM,24,False
2010-07-03 00:00:00,E0003,VMAX13,NONE,REFLEX-REFLEX,-0.959024191313402,-0.283324196770546,componentwise_nonpositive,USE_ORIGINAL_INWARD_NORMAL_NO_COMPONENTWISE_PROJECTION,3,1484.12792640959,GEOMETRY_BOUND_ONLY_NOT_PRIMARY_FALSIFICATION_PATH,20,19,0,19,0.052026514272193,FUTURE_AC_ONLY,ALL_OUTER_EDGES_SYMMETRIC_BOUNDARY_HEADROOM,22,False
2010-07-03 00:00:00,E0004,VMAX13,NONE,REFLEX-CONVEX,-0.960843917452341,-0.277090177189375,componentwise_nonpositive,USE_ORIGINAL_INWARD_NORMAL_NO_COMPONENTWISE_PROJECTION,4,1477.63800428372,GEOMETRY_BOUND_ONLY_NOT_PRIMARY_FALSIFICATION_PATH,22,20,0,20,0.0537952392870931,FUTURE_AC_ONLY,ALL_OUTER_EDGES_SYMMETRIC_BOUNDARY_HEADROOM,18,False
2010-07-03 00:00:00,E0005,CLASS_TRANSITION,NONE,CONVEX-CONVEX,-0.592218735248227,-0.805777245658495,componentwise_nonpositive,USE_ORIGINAL_INWARD_NORMAL_NO_COMPONENTWISE_PROJECTION,4,2029.03030171816,GEOMETRY_BOUND_ONLY_NOT_PRIMARY_FALSIFICATION_PATH,0,10,0,10,0.101540754011124,FUTURE_AC_ONLY,ALL_OUTER_EDGES_SYMMETRIC_BOUNDARY_HEADROOM,9,False
2010-07-03 00:00:00,E0006,VMAX30,NONE,CONVEX-REFLEX,-0.385474909131687,-0.922718318030979,componentwise_nonpositive,USE_ORIGINAL_INWARD_NORMAL_NO_COMPONENTWISE_PROJECTION,4,2058.75893983964,GEOMETRY_BOUND_ONLY_NOT_PRIMARY_FALSIFICATION_PATH,0,9,0,9,0.102409920998057,FUTURE_AC_ONLY,ALL_OUTER_EDGES_SYMMETRIC_BOUNDARY_HEADROOM,8,False
2010-07-03 00:00:00,E0007,VMAX30,NONE,REFLEX-REFLEX,-0.393984373681082,-0.919117137961819,componentwise_nonpositive,USE_ORIGINAL_INWARD_NORMAL_NO_COMPONENTWISE_PROJECTION,5,2058.42113182366,GEOMETRY_BOUND_ONLY_NOT_PRIMARY_FALSIFICATION_PATH,8,19,0,19,0.0514592727141015,FUTURE_AC_ONLY,ALL_OUTER_EDGES_SYMMETRIC_BOUNDARY_HEADROOM,16,False
2010-07-03 00:00:00,E0008,VMAX30,NONE,REFLEX-REFLEX,-0.403630995668318,-0.914921865153414,componentwise_nonpositive,USE_ORIGINAL_INWARD_NORMAL_NO_COMPONENTWISE_PROJECTION,6,2054.8902400594,GEOMETRY_BOUND_ONLY_NOT_PRIMARY_FALSIFICATION_PATH,11,19,0,19,0.0505234581306681,FUTURE_AC_ONLY,ALL_OUTER_EDGES_SYMMETRIC_BOUNDARY_HEADROOM,14,False
2010-07-03 00:00:00,E0009,VMAX30,NONE,REFLEX-REFLEX,-0.412857228681812,-0.910795755768094,componentwise_nonpositive,USE_ORIGINAL_INWARD_NORMAL_NO_COMPONENTWISE_PROJECTION,7,2048.5154624666,GEOMETRY_BOUND_ONLY_NOT_PRIMARY_FALSIFICATION_PATH,17,19,0,19,0.052106073952866,FUTURE_AC_ONLY,ALL_OUTER_EDGES_SYMMETRIC_BOUNDARY_HEADROOM,14,False
2010-07-03 00:00:00,E0010,VMAX30,NONE,REFLEX-REFLEX,-0.419328548022625,-0.907834549250708,componentwise_nonpositive,USE_ORIGINAL_INWARD_NORMAL_NO_COMPONENTWISE_PROJECTION,8,2041.85526746679,GEOMETRY_BOUND_ONLY_NOT_PRIMARY_FALSIFICATION_PATH,0,4,0,4,0.233997154281163,FUTURE_AC_ONLY,ALL_OUTER_EDGES_SYMMETRIC_BOUNDARY_HEADROOM,3,False
2010-07-03 00:00:00,E0011,VMAX30,NONE,REFLEX-REFLEX,-0.425733043953446,-0.904848813496561,componentwise_nonpositive,USE_ORIGINAL_INWARD_NORMAL_NO_COMPONENTWISE_PROJECTION,9,2034.6753185419,GEOMETRY_BOUND_ONLY_NOT_PRIMARY_FALSIFICATION_PATH,15,15,0,15,0.067684654005265,FUTURE_AC_ONLY,ALL_OUTER_EDGES_SYMMETRIC_BOUNDARY_HEADROOM,11,False
2010-07-03 00:00:00,E0012,VMAX30,NONE,REFLEX-REFLEX,-0.433356079630804,-0.901222785024336,componentwise_nonpositive,USE_ORIGINAL_INWARD_NORMAL_NO_COMPONENTWISE_PROJECTION,10,2023.78530702989,GEOMETRY_BOUND_ONLY_NOT_PRIMARY_FALSIFICATION_PATH,9,9,0,9,0.104924338177305,FUTURE_AC_ONLY,ALL_OUTER_EDGES_SYMMETRIC_BOUNDARY_HEADROOM,7,False
2010-07-03 00:00:00,E0013,VMAX30,NONE,REFLEX-REFLEX,-0.440762013974637,-0.897624000925232,componentwise_nonpositive,USE_ORIGINAL_INWARD_NORMAL_NO_COMPONENTWISE_PROJECTION,11,2011.49409809434,GEOMETRY_BOUND_ONLY_NOT_PRIMARY_FALSIFICATION_PATH,6,9,0,9,0.10604207151153,FUTURE_AC_ONLY,ALL_OUTER_EDGES_SYMMETRIC_BOUNDARY_HEADROOM,7,True
2010-07-03 00:00:00,E0014,VMAX30,NONE,REFLEX-REFLEX,-0.450363894471009,-0.892845094379146,componentwise_nonpositive,USE_ORIGINAL_INWARD_NORMAL_NO_COMPONENTWISE_PROJECTION,12,1993.02585481052,GEOMETRY_BOUND_ONLY_NOT_PRIMARY_FALSIFICATION_PATH,7,9,0,9,0.107369112202935,FUTURE_AC_ONLY,ALL_OUTER_EDGES_SYMMETRIC_BOUNDARY_HEADROOM,8,False
2010-07-03 00:00:00,E0015,VMAX30,NONE,REFLEX-REFLEX,-0.462140410041016,-0.886806766667419,componentwise_nonpositive,USE_ORIGINAL_INWARD_NORMAL_NO_COMPONENTWISE_PROJECTION,13,1966.68453983647,GEOMETRY_BOUND_ONLY_NOT_PRIMARY_FALSIFICATION_PATH,12,9,0,9,0.109002829827774,FUTURE_AC_ONLY,ALL_OUTER_EDGES_SYMMETRIC_BOUNDARY_HEADROOM,8,False
2010-07-03 00:00:00,E0016,VMAX30,NONE,REFLEX-REFLEX,-0.476435190802852,-0.879209593307904,componentwise_nonpositive,USE_ORIGINAL_INWARD_NORMAL_NO_COMPONENTWISE_PROJECTION,14,1929.22290753611,GEOMETRY_BOUND_ONLY_NOT_PRIMARY_FALSIFICATION_PATH,13,9,0,9,0.111116496540736,FUTURE_AC_ONLY,ALL_OUTER_EDGES_SYMMETRIC_BOUNDARY_HEADROOM,8,False
2010-07-03 00:00:00,E0017,VMAX30,ADJACENT_TO_GUARD_LIMITED_EDGE,REFLEX-CONVEX,-0.497012517859407,-0.867743370525556,componentwise_nonpositive,USE_ORIGINAL_INWARD_NORMAL_NO_COMPONENTWISE_PROJECTION,15,1865.05677780233,GEOMETRY_BOUND_ONLY_NOT_PRIMARY_FALSIFICATION_PATH,13,10,0,10,0.114143855394765,FUTURE_AC_ONLY,ALL_OUTER_EDGES_SYMMETRIC_BOUNDARY_HEADROOM,9,False
2010-07-03 00:00:00,E0018,CLASS_TRANSITION,CROSSES_GUARD_LIMITED_RAY,CONVEX-CONVEX,0.763322662848947,-0.64601742420866,mixed_sign,USE_ORIGINAL_INWARD_NORMAL_NO_COMPONENTWISE_PROJECTION,15,3530.76883774681,GEOMETRY_BOUND_ONLY_NOT_PRIMARY_FALSIFICATION_PATH,0,19,0,19,0.051031358467907,FUTURE_AC_ONLY,ALL_OUTER_EDGES_SYMMETRIC_BOUNDARY_HEADROOM,18,False
2010-07-03 00:00:00,E0019,VMIN18,ADJACENT_TO_GUARD_LIMITED_EDGE,CONVEX-CONVEX,0.974801766880514,0.223072892316901,componentwise_positive,USE_ORIGINAL_INWARD_NORMAL_NO_COMPONENTWISE_PROJECTION,15,1618.1280473442,GEOMETRY_BOUND_ONLY_NOT_PRIMARY_FALSIFICATION_PATH,0,11,0,11,0.112232222257286,FUTURE_AC_ONLY,ALL_OUTER_EDGES_SYMMETRIC_BOUNDARY_HEADROOM,11,False
2010-07-03 00:00:00,E0020,VMIN18,NONE,CONVEX-CONVEX,0.97293989689658,0.231058341175714,componentwise_positive,USE_ORIGINAL_INWARD_NORMAL_NO_COMPONENTWISE_PROJECTION,15,1596.82311267108,GEOMETRY_BOUND_ONLY_NOT_PRIMARY_FALSIFICATION_PATH,0,9,0,9,0.110362279135944,FUTURE_AC_ONLY,ALL_OUTER_EDGES_SYMMETRIC_BOUNDARY_HEADROOM,11,False
2010-07-03 00:00:00,E0021,VMIN18,NONE,CONVEX-CONVEX,0.97119222535085,0.238297422180903,componentwise_positive,USE_ORIGINAL_INWARD_NORMAL_NO_COMPONENTWISE_PROJECTION,16,3386.90638424111,GEOMETRY_BOUND_ONLY_NOT_PRIMARY_FALSIFICATION_PATH,0,10,0,10,0.108820341842836,FUTURE_AC_ONLY,ALL_OUTER_EDGES_SYMMETRIC_BOUNDARY_HEADROOM,11,False
2010-07-03 00:00:00,E0022,VMIN18,NONE,CONVEX-CONVEX,0.969639949678366,0.244537048292762,componentwise_positive,USE_ORIGINAL_INWARD_NORMAL_NO_COMPONENTWISE_PROJECTION,16,3356.45359842739,GEOMETRY_BOUND_ONLY_NOT_PRIMARY_FALSIFICATION_PATH,0,11,0,11,0.107507770370128,FUTURE_AC_ONLY,ALL_OUTER_EDGES_SYMMETRIC_BOUNDARY_HEADROOM,13,False
2010-07-03 00:00:00,E0023,VMIN18,NONE,CONVEX-CONVEX,0.968205660669352,0.250155548904723,componentwise_positive,USE_ORIGINAL_INWARD_NORMAL_NO_COMPONENTWISE_PROJECTION,16,3330.84038579893,GEOMETRY_BOUND_ONLY_NOT_PRIMARY_FALSIFICATION_PATH,0,10,0,10,0.106371401475211,FUTURE_AC_ONLY,ALL_OUTER_EDGES_SYMMETRIC_BOUNDARY_HEADROOM,13,False
2010-07-03 00:00:00,E0024,VMIN18,NONE,CONVEX-CONVEX,0.96697652648035,0.254865449278626,componentwise_positive,USE_ORIGINAL_INWARD_NORMAL_NO_COMPONENTWISE_PROJECTION,16,3310.68696319612,GEOMETRY_BOUND_ONLY_NOT_PRIMARY_FALSIFICATION_PATH,0,9,0,9,0.105361629307717,FUTURE_AC_ONLY,ALL_OUTER_EDGES_SYMMETRIC_BOUNDARY_HEADROOM,14,False
2010-07-03 00:00:00,E0025,VMIN18,NONE,CONVEX-CONVEX,0.965057523363763,0.262038120507304,componentwise_positive,USE_ORIGINAL_INWARD_NORMAL_NO_COMPONENTWISE_PROJECTION,16,3281.73136319221,GEOMETRY_BOUND_ONLY_NOT_PRIMARY_FALSIFICATION_PATH,0,20,0,20,0.0545061906389138,FUTURE_AC_ONLY,ALL_OUTER_EDGES_SYMMETRIC_BOUNDARY_HEADROOM,28,False
2010-07-03 00:00:00,E0026,VMIN18,NONE,CONVEX-CONVEX,0.963174883537621,0.268875703108871,componentwise_positive,USE_ORIGINAL_INWARD_NORMAL_NO_COMPONENTWISE_PROJECTION,16,3257.11088809512,GEOMETRY_BOUND_ONLY_NOT_PRIMARY_FALSIFICATION_PATH,0,3,0,3,0.293451654071118,FUTURE_AC_ONLY,ALL_OUTER_EDGES_SYMMETRIC_BOUNDARY_HEADROOM,5,False
2010-07-03 00:00:00,E0027,VMIN18,NONE,CONVEX-CONVEX,0.962417715111463,0.271573455329548,componentwise_positive,USE_ORIGINAL_INWARD_NORMAL_NO_COMPONENTWISE_PROJECTION,16,3247.53700684539,GEOMETRY_BOUND_ONLY_NOT_PRIMARY_FALSIFICATION_PATH,0,17,0,17,0.0627552165155224,FUTURE_AC_ONLY,ALL_OUTER_EDGES_SYMMETRIC_BOUNDARY_HEADROOM,23,False
2010-07-03 00:00:00,E0028,VMIN18,NONE,CONVEX-CONVEX,0.960233695934976,0.279197509285193,componentwise_positive,USE_ORIGINAL_INWARD_NORMAL_NO_COMPONENTWISE_PROJECTION,16,3222.8637325877,GEOMETRY_BOUND_ONLY_NOT_PRIMARY_FALSIFICATION_PATH,0,20,0,20,0.0513497037486656,FUTURE_AC_ONLY,ALL_OUTER_EDGES_SYMMETRIC_BOUNDARY_HEADROOM,27,False
2010-07-03 00:00:00,E0029,VMIN18,NONE,CONVEX-CONVEX,0.957785225080722,0.287484717188708,componentwise_positive,USE_ORIGINAL_INWARD_NORMAL_NO_COMPONENTWISE_PROJECTION,16,3198.90205060256,GEOMETRY_BOUND_ONLY_NOT_PRIMARY_FALSIFICATION_PATH,0,20,0,20,0.050466167761999,FUTURE_AC_ONLY,ALL_OUTER_EDGES_SYMMETRIC_BOUNDARY_HEADROOM,24,False
2010-07-03 00:00:00,E0030,VMIN18,NONE,CONVEX-CONVEX,0.95485463871815,0.297073423446849,componentwise_positive,USE_ORIGINAL_INWARD_NORMAL_NO_COMPONENTWISE_PROJECTION,16,3174.38627003284,GEOMETRY_BOUND_ONLY_NOT_PRIMARY_FALSIFICATION_PATH,0,20,0,20,0.0518566405961569,FUTURE_AC_ONLY,ALL_OUTER_EDGES_SYMMETRIC_BOUNDARY_HEADROOM,22,False
2010-07-03 00:00:00,E0031,VMIN18,NONE,CONVEX-CONVEX,0.951667312535337,0.307130796651476,componentwise_positive,USE_ORIGINAL_INWARD_NORMAL_NO_COMPONENTWISE_PROJECTION,16,3152.15265192708,GEOMETRY_BOUND_ONLY_NOT_PRIMARY_FALSIFICATION_PATH,0,20,0,20,0.053371922780436,FUTURE_AC_ONLY,ALL_OUTER_EDGES_SYMMETRIC_BOUNDARY_HEADROOM,18,False
2010-07-03 00:00:00,E0032,CLASS_TRANSITION,NONE,CONVEX-CONVEX,0.569566510406624,0.821945247704019,componentwise_positive,USE_ORIGINAL_INWARD_NORMAL_NO_COMPONENTWISE_PROJECTION,16,2320.35594055783,GEOMETRY_BOUND_ONLY_NOT_PRIMARY_FALSIFICATION_PATH,0,9,0,9,0.101735062057568,FUTURE_AC_ONLY,ALL_OUTER_EDGES_SYMMETRIC_BOUNDARY_HEADROOM,9,False
2010-07-03 00:00:00,E0033,VMIN33,NONE,CONVEX-CONVEX,0.411698255529041,0.911320221653368,componentwise_positive,USE_ORIGINAL_INWARD_NORMAL_NO_COMPONENTWISE_PROJECTION,16,2817.62459906455,GEOMETRY_BOUND_ONLY_NOT_PRIMARY_FALSIFICATION_PATH,0,11,0,11,0.102222157692189,FUTURE_AC_ONLY,ALL_OUTER_EDGES_SYMMETRIC_BOUNDARY_HEADROOM,8,False
2010-07-03 00:00:00,E0034,VMIN33,NONE,CONVEX-CONVEX,0.4030020436917,0.915199078223046,componentwise_positive,USE_ORIGINAL_INWARD_NORMAL_NO_COMPONENTWISE_PROJECTION,16,2842.7025407937,GEOMETRY_BOUND_ONLY_NOT_PRIMARY_FALSIFICATION_PATH,0,19,0,19,0.0513942585673831,FUTURE_AC_ONLY,ALL_OUTER_EDGES_SYMMETRIC_BOUNDARY_HEADROOM,16,False
2010-07-03 00:00:00,E0035,VMIN33,NONE,CONVEX-CONVEX,0.390612706543765,0.92055511159656,componentwise_positive,USE_ORIGINAL_INWARD_NORMAL_NO_COMPONENTWISE_PROJECTION,16,2881.68567925731,GEOMETRY_BOUND_ONLY_NOT_PRIMARY_FALSIFICATION_PATH,0,20,0,20,0.050433131851961,FUTURE_AC_ONLY,ALL_OUTER_EDGES_SYMMETRIC_BOUNDARY_HEADROOM,14,False
2010-07-03 00:00:00,E0036,VMIN33,NONE,CONVEX-CONVEX,0.37984264311029,0.92505111560118,componentwise_positive,USE_ORIGINAL_INWARD_NORMAL_NO_COMPONENTWISE_PROJECTION,16,2918.2493753159,GEOMETRY_BOUND_ONLY_NOT_PRIMARY_FALSIFICATION_PATH,0,15,0,15,0.065148486401708,FUTURE_AC_ONLY,ALL_OUTER_EDGES_SYMMETRIC_BOUNDARY_HEADROOM,11,False
2010-07-03 00:00:00,E0037,VMIN33,NONE,CONVEX-CONVEX,0.376197923247031,0.926539325956875,componentwise_positive,USE_ORIGINAL_INWARD_NORMAL_NO_COMPONENTWISE_PROJECTION,16,2931.38548707932,GEOMETRY_BOUND_ONLY_NOT_PRIMARY_FALSIFICATION_PATH,0,4,0,4,0.233907906104525,FUTURE_AC_ONLY,ALL_OUTER_EDGES_SYMMETRIC_BOUNDARY_HEADROOM,3,False
2010-07-03 00:00:00,E0038,VMIN33,NONE,CONVEX-CONVEX,0.367475879198613,0.930033052212235,componentwise_positive,USE_ORIGINAL_INWARD_NORMAL_NO_COMPONENTWISE_PROJECTION,16,2963.15776414675,GEOMETRY_BOUND_ONLY_NOT_PRIMARY_FALSIFICATION_PATH,0,19,0,19,0.053414574989605,FUTURE_AC_ONLY,ALL_OUTER_EDGES_SYMMETRIC_BOUNDARY_HEADROOM,14,False
2010-07-03 00:00:00,E0039,VMIN33,NONE,CONVEX-CONVEX,0.355687439232602,0.934604967658611,componentwise_positive,USE_ORIGINAL_INWARD_NORMAL_NO_COMPONENTWISE_PROJECTION,16,3009.54147078952,GEOMETRY_BOUND_ONLY_NOT_PRIMARY_FALSIFICATION_PATH,0,21,0,21,0.0552348444188551,FUTURE_AC_ONLY,ALL_OUTER_EDGES_SYMMETRIC_BOUNDARY_HEADROOM,14,True
2010-07-03 00:00:00,E0040,VMIN33,NONE,CONVEX-CONVEX,0.345055002523147,0.938582465867411,componentwise_positive,USE_ORIGINAL_INWARD_NORMAL_NO_COMPONENTWISE_PROJECTION,16,3055.02848331011,GEOMETRY_BOUND_ONLY_NOT_PRIMARY_FALSIFICATION_PATH,0,9,0,9,0.106149659516969,FUTURE_AC_ONLY,ALL_OUTER_EDGES_SYMMETRIC_BOUNDARY_HEADROOM,8,False
2010-07-03 00:00:00,E0041,VMIN33,NONE,CONVEX-CONVEX,0.338032199569216,0.941134545139215,componentwise_positive,USE_ORIGINAL_INWARD_NORMAL_NO_COMPONENTWISE_PROJECTION,16,3086.39989631777,GEOMETRY_BOUND_ONLY_NOT_PRIMARY_FALSIFICATION_PATH,0,10,0,10,0.107286276782081,FUTURE_AC_ONLY,ALL_OUTER_EDGES_SYMMETRIC_BOUNDARY_HEADROOM,8,False
2010-07-03 00:00:00,E0042,VMIN33,NONE,CONVEX-CONVEX,0.329586407010964,0.944125415563845,componentwise_positive,USE_ORIGINAL_INWARD_NORMAL_NO_COMPONENTWISE_PROJECTION,16,3126.05276399758,GEOMETRY_BOUND_ONLY_NOT_PRIMARY_FALSIFICATION_PATH,0,10,0,10,0.108595704450459,FUTURE_AC_ONLY,ALL_OUTER_EDGES_SYMMETRIC_BOUNDARY_HEADROOM,8,False
2010-07-03 00:00:00,E0043,VMIN33,NONE,CONVEX-CONVEX,0.320215965258849,0.947344570678137,componentwise_positive,USE_ORIGINAL_INWARD_NORMAL_NO_COMPONENTWISE_PROJECTION,16,3172.54869661252,GEOMETRY_BOUND_ONLY_NOT_PRIMARY_FALSIFICATION_PATH,0,11,0,11,0.110150573215082,FUTURE_AC_ONLY,ALL_OUTER_EDGES_SYMMETRIC_BOUNDARY_HEADROOM,9,False
2010-07-03 00:00:00,E0044,VMIN33,ADJACENT_TO_GUARD_LIMITED_EDGE,CONVEX-CONVEX,0.308477949989949,0.951231493575564,componentwise_positive,USE_ORIGINAL_INWARD_NORMAL_NO_COMPONENTWISE_PROJECTION,16,3234.5633686327,GEOMETRY_BOUND_ONLY_NOT_PRIMARY_FALSIFICATION_PATH,0,10,0,10,0.112024050613479,FUTURE_AC_ONLY,ALL_OUTER_EDGES_SYMMETRIC_BOUNDARY_HEADROOM,9,False
2010-07-03 00:00:00,E0045,CLASS_TRANSITION,CROSSES_GUARD_LIMITED_RAY,CONVEX-CONVEX,-0.868645100536163,0.495434848708201,mixed_sign,USE_ORIGINAL_INWARD_NORMAL_NO_COMPONENTWISE_PROJECTION,16,5985.11558748066,GEOMETRY_BOUND_ONLY_NOT_PRIMARY_FALSIFICATION_PATH,0,20,0,20,0.0503207227898114,FUTURE_AC_ONLY,ALL_OUTER_EDGES_SYMMETRIC_BOUNDARY_HEADROOM,20,False
2010-07-03 00:00:00,E0046,VMAX13,ADJACENT_TO_GUARD_LIMITED_EDGE,CONVEX-REFLEX,-0.929319303981322,-0.369277174013873,componentwise_nonpositive,USE_ORIGINAL_INWARD_NORMAL_NO_COMPONENTWISE_PROJECTION,16,3031.86199813664,GEOMETRY_BOUND_ONLY_NOT_PRIMARY_FALSIFICATION_PATH,13,9,0,9,0.116058626207563,FUTURE_AC_ONLY,ALL_OUTER_EDGES_SYMMETRIC_BOUNDARY_HEADROOM,11,False
2010-07-03 00:00:00,E0047,VMAX13,NONE,REFLEX-REFLEX,-0.936392469403391,-0.350954617072664,componentwise_nonpositive,USE_ORIGINAL_INWARD_NORMAL_NO_COMPONENTWISE_PROJECTION,17,1427.03486903782,GEOMETRY_BOUND_ONLY_NOT_PRIMARY_FALSIFICATION_PATH,13,9,0,9,0.112276437422739,FUTURE_AC_ONLY,ALL_OUTER_EDGES_SYMMETRIC_BOUNDARY_HEADROOM,11,False
2010-07-03 00:00:00,E0048,VMAX13,NONE,REFLEX-REFLEX,-0.940859510176126,-0.338796962960325,componentwise_nonpositive,USE_ORIGINAL_INWARD_NORMAL_NO_COMPONENTWISE_PROJECTION,18,1452.66457597941,GEOMETRY_BOUND_ONLY_NOT_PRIMARY_FALSIFICATION_PATH,13,9,0,9,0.109808032775042,FUTURE_AC_ONLY,ALL_OUTER_EDGES_SYMMETRIC_BOUNDARY_HEADROOM,13,False
2010-07-03 00:00:00,E0049,VMAX13,NONE,REFLEX-REFLEX,-0.943906811209766,-0.330211949741088,componentwise_nonpositive,USE_ORIGINAL_INWARD_NORMAL_NO_COMPONENTWISE_PROJECTION,19,1466.98383075054,GEOMETRY_BOUND_ONLY_NOT_PRIMARY_FALSIFICATION_PATH,12,9,0,9,0.107995534211074,FUTURE_AC_ONLY,ALL_OUTER_EDGES_SYMMETRIC_BOUNDARY_HEADROOM,13,False
2010-07-03 00:00:00,E0050,VMAX13,NONE,REFLEX-REFLEX,-0.946672327883684,-0.322197926156092,componentwise_nonpositive,USE_ORIGINAL_INWARD_NORMAL_NO_COMPONENTWISE_PROJECTION,20,1477.48188022371,GEOMETRY_BOUND_ONLY_NOT_PRIMARY_FALSIFICATION_PATH,9,9,0,9,0.106532844678792,FUTURE_AC_ONLY,ALL_OUTER_EDGES_SYMMETRIC_BOUNDARY_HEADROOM,14,False
2010-07-03 00:00:00,E0051,VMAX13,NONE,REFLEX-REFLEX,-0.948974948975654,-0.31535146458619,componentwise_nonpositive,USE_ORIGINAL_INWARD_NORMAL_NO_COMPONENTWISE_PROJECTION,21,1484.37202996447,GEOMETRY_BOUND_ONLY_NOT_PRIMARY_FALSIFICATION_PATH,17,16,0,16,0.0657645899131772,FUTURE_AC_ONLY,ALL_OUTER_EDGES_SYMMETRIC_BOUNDARY_HEADROOM,23,False
2010-07-03 00:00:00,E0052,VMAX13,NONE,REFLEX-REFLEX,-0.951792954933753,-0.306741211672764,componentwise_nonpositive,USE_ORIGINAL_INWARD_NORMAL_NO_COMPONENTWISE_PROJECTION,22,1489.43177200097,GEOMETRY_BOUND_ONLY_NOT_PRIMARY_FALSIFICATION_PATH,0,3,0,3,0.292961097110374,FUTURE_AC_ONLY,ALL_OUTER_EDGES_SYMMETRIC_BOUNDARY_HEADROOM,5,False
2010-11-26 18:00:00,E0000,VMAX13,NONE,REFLEX-REFLEX,-0.952570189188409,-0.304318968632517,componentwise_nonpositive,USE_ORIGINAL_INWARD_NORMAL_NO_COMPONENTWISE_PROJECTION,0,1457.09139677408,GEOMETRY_BOUND_ONLY_NOT_PRIMARY_FALSIFICATION_PATH,22,19,0,19,0.0532817674556665,FUTURE_AC_ONLY,ALL_OUTER_EDGES_SYMMETRIC_BOUNDARY_HEADROOM,28,False
2010-11-26 18:00:00,E0001,VMAX13,NONE,REFLEX-REFLEX,-0.955011281104755,-0.29656947409107,componentwise_nonpositive,USE_ORIGINAL_INWARD_NORMAL_NO_COMPONENTWISE_PROJECTION,1,1457.76982564505,GEOMETRY_BOUND_ONLY_NOT_PRIMARY_FALSIFICATION_PATH,21,19,0,19,0.0515605248385429,FUTURE_AC_ONLY,ALL_OUTER_EDGES_SYMMETRIC_BOUNDARY_HEADROOM,27,False
2010-11-26 18:00:00,E0002,VMAX13,NONE,REFLEX-REFLEX,-0.957014270686478,-0.29004083454305,componentwise_nonpositive,USE_ORIGINAL_INWARD_NORMAL_NO_COMPONENTWISE_PROJECTION,2,1455.92014340259,GEOMETRY_BOUND_ONLY_NOT_PRIMARY_FALSIFICATION_PATH,20,19,0,19,0.050434701867665,FUTURE_AC_ONLY,ALL_OUTER_EDGES_SYMMETRIC_BOUNDARY_HEADROOM,24,False
2010-11-26 18:00:00,E0003,VMAX13,NONE,REFLEX-REFLEX,-0.95896453913639,-0.283526035275301,componentwise_nonpositive,USE_ORIGINAL_INWARD_NORMAL_NO_COMPONENTWISE_PROJECTION,3,1451.7258566014,GEOMETRY_BOUND_ONLY_NOT_PRIMARY_FALSIFICATION_PATH,19,19,0,19,0.052021953197132,FUTURE_AC_ONLY,ALL_OUTER_EDGES_SYMMETRIC_BOUNDARY_HEADROOM,22,False
2010-11-26 18:00:00,E0004,VMAX13,NONE,REFLEX-CONVEX,-0.960969886028739,-0.276652992295244,componentwise_nonpositive,USE_ORIGINAL_INWARD_NORMAL_NO_COMPONENTWISE_PROJECTION,4,1444.72218702383,GEOMETRY_BOUND_ONLY_NOT_PRIMARY_FALSIFICATION_PATH,20,20,0,20,0.053799220242448,FUTURE_AC_ONLY,ALL_OUTER_EDGES_SYMMETRIC_BOUNDARY_HEADROOM,18,True
2010-11-26 18:00:00,E0005,CLASS_TRANSITION,NONE,CONVEX-CONVEX,-0.661734631400567,-0.749738139356106,componentwise_nonpositive,USE_ORIGINAL_INWARD_NORMAL_NO_COMPONENTWISE_PROJECTION,4,1958.60126748964,GEOMETRY_BOUND_ONLY_NOT_PRIMARY_FALSIFICATION_PATH,0,9,0,9,0.100909543747533,FUTURE_AC_ONLY,ALL_OUTER_EDGES_SYMMETRIC_BOUNDARY_HEADROOM,9,False
2010-11-26 18:00:00,E0006,VMAX30,NONE,CONVEX-REFLEX,-0.388093149570758,-0.921620153455994,componentwise_nonpositive,USE_ORIGINAL_INWARD_NORMAL_NO_COMPONENTWISE_PROJECTION,4,2028.75892954761,GEOMETRY_BOUND_ONLY_NOT_PRIMARY_FALSIFICATION_PATH,0,10,0,10,0.102392742730741,FUTURE_AC_ONLY,ALL_OUTER_EDGES_SYMMETRIC_BOUNDARY_HEADROOM,8,False
2010-11-26 18:00:00,E0007,VMAX30,NONE,REFLEX-REFLEX,-0.392720265694098,-0.919657976050421,componentwise_nonpositive,USE_ORIGINAL_INWARD_NORMAL_NO_COMPONENTWISE_PROJECTION,5,2028.56815978989,GEOMETRY_BOUND_ONLY_NOT_PRIMARY_FALSIFICATION_PATH,19,19,0,19,0.0514698689749693,FUTURE_AC_ONLY,ALL_OUTER_EDGES_SYMMETRIC_BOUNDARY_HEADROOM,16,False
2010-11-26 18:00:00,E0008,VMAX30,NONE,REFLEX-REFLEX,-0.403136273605363,-0.915139959188529,componentwise_nonpositive,USE_ORIGINAL_INWARD_NORMAL_NO_COMPONENTWISE_PROJECTION,6,2024.83180688369,GEOMETRY_BOUND_ONLY_NOT_PRIMARY_FALSIFICATION_PATH,20,19,0,19,0.050518512351973,FUTURE_AC_ONLY,ALL_OUTER_EDGES_SYMMETRIC_BOUNDARY_HEADROOM,14,False
2010-11-26 18:00:00,E0009,VMAX30,NONE,REFLEX-REFLEX,-0.411340550356684,-0.911481734118825,componentwise_nonpositive,USE_ORIGINAL_INWARD_NORMAL_NO_COMPONENTWISE_PROJECTION,7,2019.26822784877,GEOMETRY_BOUND_ONLY_NOT_PRIMARY_FALSIFICATION_PATH,21,19,0,19,0.052092905905798,FUTURE_AC_ONLY,ALL_OUTER_EDGES_SYMMETRIC_BOUNDARY_HEADROOM,14,False
2010-11-26 18:00:00,E0010,VMAX30,NONE,REFLEX-REFLEX,-0.420546282350658,-0.907271086501185,componentwise_nonpositive,USE_ORIGINAL_INWARD_NORMAL_NO_COMPONENTWISE_PROJECTION,8,2009.94009033959,GEOMETRY_BOUND_ONLY_NOT_PRIMARY_FALSIFICATION_PATH,7,10,0,10,0.101700169208015,FUTURE_AC_ONLY,ALL_OUTER_EDGES_SYMMETRIC_BOUNDARY_HEADROOM,7,False
2010-11-26 18:00:00,E0011,VMAX30,NONE,REFLEX-REFLEX,-0.424505909800204,-0.905425166728152,componentwise_nonpositive,USE_ORIGINAL_INWARD_NORMAL_NO_COMPONENTWISE_PROJECTION,9,2005.17279825533,GEOMETRY_BOUND_ONLY_NOT_PRIMARY_FALSIFICATION_PATH,8,9,0,9,0.105222079652838,FUTURE_AC_ONLY,ALL_OUTER_EDGES_SYMMETRIC_BOUNDARY_HEADROOM,7,False
2010-11-26 18:00:00,E0012,VMAX30,NONE,REFLEX-REFLEX,-0.431865573093252,-0.901937983886274,componentwise_nonpositive,USE_ORIGINAL_INWARD_NORMAL_NO_COMPONENTWISE_PROJECTION,10,1994.85393624179,GEOMETRY_BOUND_ONLY_NOT_PRIMARY_FALSIFICATION_PATH,0,9,0,9,0.104907984680952,FUTURE_AC_ONLY,ALL_OUTER_EDGES_SYMMETRIC_BOUNDARY_HEADROOM,7,False
2010-11-26 18:00:00,E0013,VMAX30,NONE,REFLEX-REFLEX,-0.440391944650009,-0.897805622107248,componentwise_nonpositive,USE_ORIGINAL_INWARD_NORMAL_NO_COMPONENTWISE_PROJECTION,11,1980.95209989398,GEOMETRY_BOUND_ONLY_NOT_PRIMARY_FALSIFICATION_PATH,10,9,0,9,0.106035519783115,FUTURE_AC_ONLY,ALL_OUTER_EDGES_SYMMETRIC_BOUNDARY_HEADROOM,7,True
2010-11-26 18:00:00,E0014,VMAX30,NONE,REFLEX-REFLEX,-0.447936823206482,-0.894065211500641,componentwise_nonpositive,USE_ORIGINAL_INWARD_NORMAL_NO_COMPONENTWISE_PROJECTION,12,1966.70705115203,GEOMETRY_BOUND_ONLY_NOT_PRIMARY_FALSIFICATION_PATH,12,9,0,9,0.107334285357732,FUTURE_AC_ONLY,ALL_OUTER_EDGES_SYMMETRIC_BOUNDARY_HEADROOM,8,False
2010-11-26 18:00:00,E0015,VMAX30,NONE,REFLEX-REFLEX,-0.459623190424838,-0.888114025800569,componentwise_nonpositive,USE_ORIGINAL_INWARD_NORMAL_NO_COMPONENTWISE_PROJECTION,13,1941.09876509239,GEOMETRY_BOUND_ONLY_NOT_PRIMARY_FALSIFICATION_PATH,12,9,0,9,0.108957934633957,FUTURE_AC_ONLY,ALL_OUTER_EDGES_SYMMETRIC_BOUNDARY_HEADROOM,8,False
2010-11-26 18:00:00,E0016,VMAX30,NONE,REFLEX-REFLEX,-0.473444642627309,-0.880823575052065,componentwise_nonpositive,USE_ORIGINAL_INWARD_NORMAL_NO_COMPONENTWISE_PROJECTION,14,1905.63462493126,GEOMETRY_BOUND_ONLY_NOT_PRIMARY_FALSIFICATION_PATH,13,9,0,9,0.111047186575279,FUTURE_AC_ONLY,ALL_OUTER_EDGES_SYMMETRIC_BOUNDARY_HEADROOM,8,False
2010-11-26 18:00:00,E0017,VMAX30,ADJACENT_TO_GUARD_LIMITED_EDGE,REFLEX-CONVEX,-0.4938900227859,-0.869524378837387,componentwise_nonpositive,USE_ORIGINAL_INWARD_NORMAL_NO_COMPONENTWISE_PROJECTION,15,1843.26406283896,GEOMETRY_BOUND_ONLY_NOT_PRIMARY_FALSIFICATION_PATH,13,9,0,9,0.114039648146144,FUTURE_AC_ONLY,ALL_OUTER_EDGES_SYMMETRIC_BOUNDARY_HEADROOM,9,False
2010-11-26 18:00:00,E0018,CLASS_TRANSITION,CROSSES_GUARD_LIMITED_RAY,CONVEX-CONVEX,0.602908777881178,-0.797810131267975,mixed_sign,USE_ORIGINAL_INWARD_NORMAL_NO_COMPONENTWISE_PROJECTION,15,3650.01299060321,GEOMETRY_BOUND_ONLY_NOT_PRIMARY_FALSIFICATION_PATH,0,20,0,20,0.052871986067818,FUTURE_AC_ONLY,ALL_OUTER_EDGES_SYMMETRIC_BOUNDARY_HEADROOM,18,False
2010-11-26 18:00:00,E0019,VMIN18,ADJACENT_TO_GUARD_LIMITED_EDGE,CONVEX-CONVEX,0.975128274234464,0.221641261475648,componentwise_positive,USE_ORIGINAL_INWARD_NORMAL_NO_COMPONENTWISE_PROJECTION,15,1652.64032490064,GEOMETRY_BOUND_ONLY_NOT_PRIMARY_FALSIFICATION_PATH,0,11,0,11,0.112182476027492,FUTURE_AC_ONLY,ALL_OUTER_EDGES_SYMMETRIC_BOUNDARY_HEADROOM,11,False
2010-11-26 18:00:00,E0020,VMIN18,NONE,CONVEX-CONVEX,0.97319973294163,0.22996147460464,componentwise_positive,USE_ORIGINAL_INWARD_NORMAL_NO_COMPONENTWISE_PROJECTION,15,1630.03113598477,GEOMETRY_BOUND_ONLY_NOT_PRIMARY_FALSIFICATION_PATH,0,9,0,9,0.1103328593418,FUTURE_AC_ONLY,ALL_OUTER_EDGES_SYMMETRIC_BOUNDARY_HEADROOM,11,False
2010-11-26 18:00:00,E0021,VMIN18,NONE,CONVEX-CONVEX,0.971550204761759,0.236833696140108,componentwise_positive,USE_ORIGINAL_INWARD_NORMAL_NO_COMPONENTWISE_PROJECTION,15,1614.73125071262,GEOMETRY_BOUND_ONLY_NOT_PRIMARY_FALSIFICATION_PATH,0,11,0,11,0.108786914897955,FUTURE_AC_ONLY,ALL_OUTER_EDGES_SYMMETRIC_BOUNDARY_HEADROOM,11,False
2010-11-26 18:00:00,E0022,VMIN18,NONE,CONVEX-CONVEX,0.969923328808018,0.243410632951752,componentwise_positive,USE_ORIGINAL_INWARD_NORMAL_NO_COMPONENTWISE_PROJECTION,16,3345.37959783823,GEOMETRY_BOUND_ONLY_NOT_PRIMARY_FALSIFICATION_PATH,0,10,0,10,0.107486778615475,FUTURE_AC_ONLY,ALL_OUTER_EDGES_SYMMETRIC_BOUNDARY_HEADROOM,13,False
2010-11-26 18:00:00,E0023,VMIN18,NONE,CONVEX-CONVEX,0.968556017876863,0.248795579210149,componentwise_positive,USE_ORIGINAL_INWARD_NORMAL_NO_COMPONENTWISE_PROJECTION,16,3321.13554904509,GEOMETRY_BOUND_ONLY_NOT_PRIMARY_FALSIFICATION_PATH,0,10,0,10,0.106348977401949,FUTURE_AC_ONLY,ALL_OUTER_EDGES_SYMMETRIC_BOUNDARY_HEADROOM,13,False
2010-11-26 18:00:00,E0024,VMIN18,NONE,CONVEX-CONVEX,0.967112237780653,0.254349994171217,componentwise_positive,USE_ORIGINAL_INWARD_NORMAL_NO_COMPONENTWISE_PROJECTION,16,3297.70833922418,GEOMETRY_BOUND_ONLY_NOT_PRIMARY_FALSIFICATION_PATH,0,9,0,9,0.105355665524081,FUTURE_AC_ONLY,ALL_OUTER_EDGES_SYMMETRIC_BOUNDARY_HEADROOM,14,False
2010-11-26 18:00:00,E0025,VMIN18,NONE,CONVEX-CONVEX,0.965351843029802,0.260951756382216,componentwise_positive,USE_ORIGINAL_INWARD_NORMAL_NO_COMPONENTWISE_PROJECTION,16,3271.49494100154,GEOMETRY_BOUND_ONLY_NOT_PRIMARY_FALSIFICATION_PATH,0,19,0,19,0.054491673207985,FUTURE_AC_ONLY,ALL_OUTER_EDGES_SYMMETRIC_BOUNDARY_HEADROOM,28,False
2010-11-26 18:00:00,E0026,VMIN18,NONE,CONVEX-CONVEX,0.963419133159735,0.267999204964763,componentwise_positive,USE_ORIGINAL_INWARD_NORMAL_NO_COMPONENTWISE_PROJECTION,16,3246.66075541777,GEOMETRY_BOUND_ONLY_NOT_PRIMARY_FALSIFICATION_PATH,0,9,0,9,0.112899721350895,FUTURE_AC_ONLY,ALL_OUTER_EDGES_SYMMETRIC_BOUNDARY_HEADROOM,13,False
2010-11-26 18:00:00,E0027,VMIN18,NONE,CONVEX-CONVEX,0.962378107140082,0.271713781206389,componentwise_positive,USE_ORIGINAL_INWARD_NORMAL_NO_COMPONENTWISE_PROJECTION,16,3234.20662285629,GEOMETRY_BOUND_ONLY_NOT_PRIMARY_FALSIFICATION_PATH,0,10,0,10,0.0934062241366179,FUTURE_AC_ONLY,ALL_OUTER_EDGES_SYMMETRIC_BOUNDARY_HEADROOM,15,False
2010-11-26 18:00:00,E0028,VMIN18,NONE,CONVEX-CONVEX,0.960462151210845,0.278410589043298,componentwise_positive,USE_ORIGINAL_INWARD_NORMAL_NO_COMPONENTWISE_PROJECTION,16,3213.08956920158,GEOMETRY_BOUND_ONLY_NOT_PRIMARY_FALSIFICATION_PATH,0,19,0,19,0.0513422225250633,FUTURE_AC_ONLY,ALL_OUTER_EDGES_SYMMETRIC_BOUNDARY_HEADROOM,27,False
2010-11-26 18:00:00,E0029,VMIN18,NONE,CONVEX-CONVEX,0.957835798276913,0.287316173473109,componentwise_positive,USE_ORIGINAL_INWARD_NORMAL_NO_COMPONENTWISE_PROJECTION,16,3188.16003495252,GEOMETRY_BOUND_ONLY_NOT_PRIMARY_FALSIFICATION_PATH,0,20,0,20,0.050466190607546,FUTURE_AC_ONLY,ALL_OUTER_EDGES_SYMMETRIC_BOUNDARY_HEADROOM,24,False
2010-11-26 18:00:00,E0030,VMIN18,NONE,CONVEX-CONVEX,0.955077884949951,0.296354911684501,componentwise_positive,USE_ORIGINAL_INWARD_NORMAL_NO_COMPONENTWISE_PROJECTION,16,3165.95742196418,GEOMETRY_BOUND_ONLY_NOT_PRIMARY_FALSIFICATION_PATH,0,20,0,20,0.0518633616241531,FUTURE_AC_ONLY,ALL_OUTER_EDGES_SYMMETRIC_BOUNDARY_HEADROOM,22,False
2010-11-26 18:00:00,E0031,VMIN18,NONE,CONVEX-CONVEX,0.95169448976935,0.307046573246888,componentwise_positive,USE_ORIGINAL_INWARD_NORMAL_NO_COMPONENTWISE_PROJECTION,16,3143.48801273006,GEOMETRY_BOUND_ONLY_NOT_PRIMARY_FALSIFICATION_PATH,0,19,0,19,0.053370663347458,FUTURE_AC_ONLY,ALL_OUTER_EDGES_SYMMETRIC_BOUNDARY_HEADROOM,18,True
2010-11-26 18:00:00,E0032,CLASS_TRANSITION,NONE,CONVEX-CONVEX,0.513239865262004,0.858245210126943,componentwise_positive,USE_ORIGINAL_INWARD_NORMAL_NO_COMPONENTWISE_PROJECTION,16,2266.18730835374,GEOMETRY_BOUND_ONLY_NOT_PRIMARY_FALSIFICATION_PATH,0,10,0,10,0.102201751521999,FUTURE_AC_ONLY,ALL_OUTER_EDGES_SYMMETRIC_BOUNDARY_HEADROOM,9,False
2010-11-26 18:00:00,E0033,VMIN33,NONE,CONVEX-CONVEX,0.411409618740567,0.911450561252634,componentwise_positive,USE_ORIGINAL_INWARD_NORMAL_NO_COMPONENTWISE_PROJECTION,16,2546.02316697126,GEOMETRY_BOUND_ONLY_NOT_PRIMARY_FALSIFICATION_PATH,0,10,0,10,0.102225789241096,FUTURE_AC_ONLY,ALL_OUTER_EDGES_SYMMETRIC_BOUNDARY_HEADROOM,8,False
2010-11-26 18:00:00,E0034,VMIN33,NONE,CONVEX-CONVEX,0.40163852949906,0.915798281076042,componentwise_positive,USE_ORIGINAL_INWARD_NORMAL_NO_COMPONENTWISE_PROJECTION,16,2572.04594215102,GEOMETRY_BOUND_ONLY_NOT_PRIMARY_FALSIFICATION_PATH,0,20,0,20,0.0514056463785751,FUTURE_AC_ONLY,ALL_OUTER_EDGES_SYMMETRIC_BOUNDARY_HEADROOM,16,False
2010-11-26 18:00:00,E0035,VMIN33,NONE,CONVEX-CONVEX,0.389001204641853,0.921237245657809,componentwise_positive,USE_ORIGINAL_INWARD_NORMAL_NO_COMPONENTWISE_PROJECTION,16,2609.1037455659,GEOMETRY_BOUND_ONLY_NOT_PRIMARY_FALSIFICATION_PATH,0,20,0,20,0.05042060513154,FUTURE_AC_ONLY,ALL_OUTER_EDGES_SYMMETRIC_BOUNDARY_HEADROOM,14,False
2010-11-26 18:00:00,E0036,VMIN33,NONE,CONVEX-CONVEX,0.38210717610759,0.924118015172891,componentwise_positive,USE_ORIGINAL_INWARD_NORMAL_NO_COMPONENTWISE_PROJECTION,16,2631.15379779506,GEOMETRY_BOUND_ONLY_NOT_PRIMARY_FALSIFICATION_PATH,0,9,0,9,0.102288144633118,FUTURE_AC_ONLY,ALL_OUTER_EDGES_SYMMETRIC_BOUNDARY_HEADROOM,7,True
2010-11-26 18:00:00,E0037,VMIN33,NONE,CONVEX-CONVEX,0.374117206259122,0.92738142960751,componentwise_positive,USE_ORIGINAL_INWARD_NORMAL_NO_COMPONENTWISE_PROJECTION,16,2657.67974776247,GEOMETRY_BOUND_ONLY_NOT_PRIMARY_FALSIFICATION_PATH,0,10,0,10,0.100680465724394,FUTURE_AC_ONLY,ALL_OUTER_EDGES_SYMMETRIC_BOUNDARY_HEADROOM,7,False
2010-11-26 18:00:00,E0038,VMIN33,NONE,CONVEX-CONVEX,0.366664204284344,0.930353352923785,componentwise_positive,USE_ORIGINAL_INWARD_NORMAL_NO_COMPONENTWISE_PROJECTION,16,2683.38048264393,GEOMETRY_BOUND_ONLY_NOT_PRIMARY_FALSIFICATION_PATH,0,19,0,19,0.053406364159855,FUTURE_AC_ONLY,ALL_OUTER_EDGES_SYMMETRIC_BOUNDARY_HEADROOM,14,False
2010-11-26 18:00:00,E0039,VMIN33,NONE,CONVEX-CONVEX,0.354019458120003,0.935238057006033,componentwise_positive,USE_ORIGINAL_INWARD_NORMAL_NO_COMPONENTWISE_PROJECTION,16,2730.80250217419,GEOMETRY_BOUND_ONLY_NOT_PRIMARY_FALSIFICATION_PATH,0,19,0,19,0.055216785216377,FUTURE_AC_ONLY,ALL_OUTER_EDGES_SYMMETRIC_BOUNDARY_HEADROOM,14,True
2010-11-26 18:00:00,E0040,VMIN33,NONE,CONVEX-CONVEX,0.34437723552204,0.938831358474033,componentwise_positive,USE_ORIGINAL_INWARD_NORMAL_NO_COMPONENTWISE_PROJECTION,16,2770.37347456743,GEOMETRY_BOUND_ONLY_NOT_PRIMARY_FALSIFICATION_PATH,0,10,0,10,0.1061407532645,FUTURE_AC_ONLY,ALL_OUTER_EDGES_SYMMETRIC_BOUNDARY_HEADROOM,8,False
2010-11-26 18:00:00,E0041,VMIN33,NONE,CONVEX-CONVEX,0.33583651409219,0.941920291639588,componentwise_positive,USE_ORIGINAL_INWARD_NORMAL_NO_COMPONENTWISE_PROJECTION,16,2807.08412934931,GEOMETRY_BOUND_ONLY_NOT_PRIMARY_FALSIFICATION_PATH,0,11,0,11,0.107258296127336,FUTURE_AC_ONLY,ALL_OUTER_EDGES_SYMMETRIC_BOUNDARY_HEADROOM,8,False
2010-11-26 18:00:00,E0042,VMIN33,NONE,CONVEX-CONVEX,0.328096691318264,0.944644145245186,componentwise_positive,USE_ORIGINAL_INWARD_NORMAL_NO_COMPONENTWISE_PROJECTION,16,2842.14908409414,GEOMETRY_BOUND_ONLY_NOT_PRIMARY_FALSIFICATION_PATH,0,10,0,10,0.108572620231512,FUTURE_AC_ONLY,ALL_OUTER_EDGES_SYMMETRIC_BOUNDARY_HEADROOM,8,False
2010-11-26 18:00:00,E0043,VMIN33,NONE,CONVEX-CONVEX,0.318161743619791,0.948036447029762,componentwise_positive,USE_ORIGINAL_INWARD_NORMAL_NO_COMPONENTWISE_PROJECTION,16,2889.88682093573,GEOMETRY_BOUND_ONLY_NOT_PRIMARY_FALSIFICATION_PATH,0,9,0,9,0.110113457451827,FUTURE_AC_ONLY,ALL_OUTER_EDGES_SYMMETRIC_BOUNDARY_HEADROOM,9,False
2010-11-26 18:00:00,E0044,VMIN33,ADJACENT_TO_GUARD_LIMITED_EDGE,CONVEX-CONVEX,0.307431550892827,0.951570197891691,componentwise_positive,USE_ORIGINAL_INWARD_NORMAL_NO_COMPONENTWISE_PROJECTION,16,2944.99208305719,GEOMETRY_BOUND_ONLY_NOT_PRIMARY_FALSIFICATION_PATH,0,10,0,10,0.111998839425116,FUTURE_AC_ONLY,ALL_OUTER_EDGES_SYMMETRIC_BOUNDARY_HEADROOM,9,False
2010-11-26 18:00:00,E0045,CLASS_TRANSITION,CROSSES_GUARD_LIMITED_RAY,CONVEX-CONVEX,-0.944838757390761,0.327535833966733,mixed_sign,USE_ORIGINAL_INWARD_NORMAL_NO_COMPONENTWISE_PROJECTION,16,5373.48516777226,GEOMETRY_BOUND_ONLY_NOT_PRIMARY_FALSIFICATION_PATH,0,19,0,19,0.0522665918022459,FUTURE_AC_ONLY,ALL_OUTER_EDGES_SYMMETRIC_BOUNDARY_HEADROOM,20,False
2010-11-26 18:00:00,E0046,VMAX13,ADJACENT_TO_GUARD_LIMITED_EDGE,CONVEX-REFLEX,-0.930614485709354,-0.366000927577943,componentwise_nonpositive,USE_ORIGINAL_INWARD_NORMAL_NO_COMPONENTWISE_PROJECTION,16,3036.77802764183,GEOMETRY_BOUND_ONLY_NOT_PRIMARY_FALSIFICATION_PATH,13,10,0,10,0.115888075254471,FUTURE_AC_ONLY,ALL_OUTER_EDGES_SYMMETRIC_BOUNDARY_HEADROOM,11,False
2010-11-26 18:00:00,E0047,VMAX13,NONE,REFLEX-REFLEX,-0.937233188501066,-0.3487032411265,componentwise_nonpositive,USE_ORIGINAL_INWARD_NORMAL_NO_COMPONENTWISE_PROJECTION,17,1397.23757021087,GEOMETRY_BOUND_ONLY_NOT_PRIMARY_FALSIFICATION_PATH,13,9,0,9,0.112199725122481,FUTURE_AC_ONLY,ALL_OUTER_EDGES_SYMMETRIC_BOUNDARY_HEADROOM,11,False
2010-11-26 18:00:00,E0048,VMAX13,NONE,REFLEX-REFLEX,-0.941560030438389,-0.336845230158986,componentwise_nonpositive,USE_ORIGINAL_INWARD_NORMAL_NO_COMPONENTWISE_PROJECTION,18,1421.58732167815,GEOMETRY_BOUND_ONLY_NOT_PRIMARY_FALSIFICATION_PATH,13,9,0,9,0.109758879323467,FUTURE_AC_ONLY,ALL_OUTER_EDGES_SYMMETRIC_BOUNDARY_HEADROOM,13,False
2010-11-26 18:00:00,E0049,VMAX13,NONE,REFLEX-REFLEX,-0.944741236586464,-0.327817015868729,componentwise_nonpositive,USE_ORIGINAL_INWARD_NORMAL_NO_COMPONENTWISE_PROJECTION,19,1436.25475185368,GEOMETRY_BOUND_ONLY_NOT_PRIMARY_FALSIFICATION_PATH,13,9,0,9,0.107946373172173,FUTURE_AC_ONLY,ALL_OUTER_EDGES_SYMMETRIC_BOUNDARY_HEADROOM,13,False
2010-11-26 18:00:00,E0050,VMAX13,NONE,REFLEX-REFLEX,-0.946838016135358,-0.321710694881068,componentwise_nonpositive,USE_ORIGINAL_INWARD_NORMAL_NO_COMPONENTWISE_PROJECTION,20,1444.05452687499,GEOMETRY_BOUND_ONLY_NOT_PRIMARY_FALSIFICATION_PATH,10,9,0,9,0.106527183916663,FUTURE_AC_ONLY,ALL_OUTER_EDGES_SYMMETRIC_BOUNDARY_HEADROOM,14,False
2010-11-26 18:00:00,E0051,VMAX13,NONE,REFLEX-REFLEX,-0.949063940793512,-0.315083538582213,componentwise_nonpositive,USE_ORIGINAL_INWARD_NORMAL_NO_COMPONENTWISE_PROJECTION,21,1450.56815332692,GEOMETRY_BOUND_ONLY_NOT_PRIMARY_FALSIFICATION_PATH,5,10,0,10,0.09698443068644,FUTURE_AC_ONLY,ALL_OUTER_EDGES_SYMMETRIC_BOUNDARY_HEADROOM,15,False
2010-11-26 18:00:00,E0052,VMAX13,NONE,REFLEX-REFLEX,-0.950963915217986,-0.30930184602307,componentwise_nonpositive,USE_ORIGINAL_INWARD_NORMAL_NO_COMPONENTWISE_PROJECTION,22,1454.63437259914,GEOMETRY_BOUND_ONLY_NOT_PRIMARY_FALSIFICATION_PATH,7,9,0,9,0.114096480255752,FUTURE_AC_ONLY,ALL_OUTER_EDGES_SYMMETRIC_BOUNDARY_HEADROOM,13,False
2010-12-21 11:30:00,E0000,VMAX13,NONE,REFLEX-REFLEX,-0.950569397414116,-0.310512190903616,componentwise_nonpositive,USE_ORIGINAL_INWARD_NORMAL_NO_COMPONENTWISE_PROJECTION,0,1541.28062874419,GEOMETRY_BOUND_ONLY_NOT_PRIMARY_FALSIFICATION_PATH,0,5,0,5,0.177699413097898,FUTURE_AC_ONLY,ALL_OUTER_EDGES_SYMMETRIC_BOUNDARY_HEADROOM,8,False
2010-12-21 11:30:00,E0001,VMAX13,NONE,REFLEX-REFLEX,-0.952284641830682,-0.305211338146881,componentwise_nonpositive,USE_ORIGINAL_INWARD_NORMAL_NO_COMPONENTWISE_PROJECTION,1,1543.39552724126,GEOMETRY_BOUND_ONLY_NOT_PRIMARY_FALSIFICATION_PATH,10,14,0,14,0.0728252338080328,FUTURE_AC_ONLY,ALL_OUTER_EDGES_SYMMETRIC_BOUNDARY_HEADROOM,20,False
2010-12-21 11:30:00,E0002,VMAX13,NONE,REFLEX-REFLEX,-0.954457935540606,-0.298345519965635,componentwise_nonpositive,USE_ORIGINAL_INWARD_NORMAL_NO_COMPONENTWISE_PROJECTION,2,1544.05226192293,GEOMETRY_BOUND_ONLY_NOT_PRIMARY_FALSIFICATION_PATH,19,19,0,19,0.0515767696658092,FUTURE_AC_ONLY,ALL_OUTER_EDGES_SYMMETRIC_BOUNDARY_HEADROOM,27,False
2010-12-21 11:30:00,E0003,VMAX13,NONE,REFLEX-REFLEX,-0.956552868877617,-0.291558928935473,componentwise_nonpositive,USE_ORIGINAL_INWARD_NORMAL_NO_COMPONENTWISE_PROJECTION,3,1542.04153753239,GEOMETRY_BOUND_ONLY_NOT_PRIMARY_FALSIFICATION_PATH,16,19,0,19,0.050422047110884,FUTURE_AC_ONLY,ALL_OUTER_EDGES_SYMMETRIC_BOUNDARY_HEADROOM,24,False
2010-12-21 11:30:00,E0004,VMAX13,NONE,REFLEX-REFLEX,-0.958824863215584,-0.283998031119259,componentwise_nonpositive,USE_ORIGINAL_INWARD_NORMAL_NO_COMPONENTWISE_PROJECTION,4,1536.91139314038,GEOMETRY_BOUND_ONLY_NOT_PRIMARY_FALSIFICATION_PATH,20,19,0,19,0.052021218746643,FUTURE_AC_ONLY,ALL_OUTER_EDGES_SYMMETRIC_BOUNDARY_HEADROOM,22,False
2010-12-21 11:30:00,E0005,VMAX13,NONE,REFLEX-CONVEX,-0.960697297196458,-0.27759809646217,componentwise_nonpositive,USE_ORIGINAL_INWARD_NORMAL_NO_COMPONENTWISE_PROJECTION,5,1530.02701827465,GEOMETRY_BOUND_ONLY_NOT_PRIMARY_FALSIFICATION_PATH,21,20,0,20,0.053791424282208,FUTURE_AC_ONLY,ALL_OUTER_EDGES_SYMMETRIC_BOUNDARY_HEADROOM,18,False
2010-12-21 11:30:00,E0006,CLASS_TRANSITION,NONE,CONVEX-CONVEX,-0.470642170147404,-0.882324173804018,componentwise_nonpositive,USE_ORIGINAL_INWARD_NORMAL_NO_COMPONENTWISE_PROJECTION,5,2108.96604981537,GEOMETRY_BOUND_ONLY_NOT_PRIMARY_FALSIFICATION_PATH,0,10,0,10,0.102535520500504,FUTURE_AC_ONLY,ALL_OUTER_EDGES_SYMMETRIC_BOUNDARY_HEADROOM,9,False
2010-12-21 11:30:00,E0007,VMAX30,NONE,CONVEX-REFLEX,-0.388443980947569,-0.921472340152218,componentwise_nonpositive,USE_ORIGINAL_INWARD_NORMAL_NO_COMPONENTWISE_PROJECTION,5,2107.05769400812,GEOMETRY_BOUND_ONLY_NOT_PRIMARY_FALSIFICATION_PATH,0,9,0,9,0.10238651812866,FUTURE_AC_ONLY,ALL_OUTER_EDGES_SYMMETRIC_BOUNDARY_HEADROOM,8,False
2010-12-21 11:30:00,E0008,VMAX30,NONE,REFLEX-REFLEX,-0.39541329011317,-0.918503309739207,componentwise_nonpositive,USE_ORIGINAL_INWARD_NORMAL_NO_COMPONENTWISE_PROJECTION,6,2106.74138792151,GEOMETRY_BOUND_ONLY_NOT_PRIMARY_FALSIFICATION_PATH,21,19,0,19,0.0514467080113568,FUTURE_AC_ONLY,ALL_OUTER_EDGES_SYMMETRIC_BOUNDARY_HEADROOM,16,False
2010-12-21 11:30:00,E0009,VMAX30,NONE,REFLEX-REFLEX,-0.404937393289203,-0.914344414056402,componentwise_nonpositive,USE_ORIGINAL_INWARD_NORMAL_NO_COMPONENTWISE_PROJECTION,7,2103.14275996892,GEOMETRY_BOUND_ONLY_NOT_PRIMARY_FALSIFICATION_PATH,22,19,0,19,0.050534848828559,FUTURE_AC_ONLY,ALL_OUTER_EDGES_SYMMETRIC_BOUNDARY_HEADROOM,14,False
2010-12-21 11:30:00,E0010,VMAX30,NONE,REFLEX-REFLEX,-0.413198512534966,-0.910640977135826,componentwise_nonpositive,USE_ORIGINAL_INWARD_NORMAL_NO_COMPONENTWISE_PROJECTION,8,2097.28115080479,GEOMETRY_BOUND_ONLY_NOT_PRIMARY_FALSIFICATION_PATH,17,14,0,14,0.0687937676717041,FUTURE_AC_ONLY,ALL_OUTER_EDGES_SYMMETRIC_BOUNDARY_HEADROOM,10,False
2010-12-21 11:30:00,E0011,VMAX30,NONE,REFLEX-REFLEX,-0.417187899515498,-0.908820255329868,componentwise_nonpositive,USE_ORIGINAL_INWARD_NORMAL_NO_COMPONENTWISE_PROJECTION,9,2093.42985643226,GEOMETRY_BOUND_ONLY_NOT_PRIMARY_FALSIFICATION_PATH,0,5,0,5,0.196933286608431,FUTURE_AC_ONLY,ALL_OUTER_EDGES_SYMMETRIC_BOUNDARY_HEADROOM,4,False
2010-12-21 11:30:00,E0012,VMAX30,NONE,REFLEX-REFLEX,-0.426132264914393,-0.904660871707696,componentwise_nonpositive,USE_ORIGINAL_INWARD_NORMAL_NO_COMPONENTWISE_PROJECTION,10,2083.84888834979,GEOMETRY_BOUND_ONLY_NOT_PRIMARY_FALSIFICATION_PATH,20,19,0,19,0.053918046308904,FUTURE_AC_ONLY,ALL_OUTER_EDGES_SYMMETRIC_BOUNDARY_HEADROOM,14,False
2010-12-21 11:30:00,E0013,VMAX30,NONE,REFLEX-REFLEX,-0.436362313375879,-0.899771043913534,componentwise_nonpositive,USE_ORIGINAL_INWARD_NORMAL_NO_COMPONENTWISE_PROJECTION,11,2068.81540880075,GEOMETRY_BOUND_ONLY_NOT_PRIMARY_FALSIFICATION_PATH,3,9,0,9,0.104956429806658,FUTURE_AC_ONLY,ALL_OUTER_EDGES_SYMMETRIC_BOUNDARY_HEADROOM,7,False
2010-12-21 11:30:00,E0014,VMAX30,NONE,REFLEX-REFLEX,-0.44381127198483,-0.89612027923667,componentwise_nonpositive,USE_ORIGINAL_INWARD_NORMAL_NO_COMPONENTWISE_PROJECTION,12,2056.06351211958,GEOMETRY_BOUND_ONLY_NOT_PRIMARY_FALSIFICATION_PATH,7,9,0,9,0.106079605304059,FUTURE_AC_ONLY,ALL_OUTER_EDGES_SYMMETRIC_BOUNDARY_HEADROOM,7,True
2010-12-21 11:30:00,E0015,VMAX30,NONE,REFLEX-REFLEX,-0.454343717332708,-0.890826462629112,componentwise_nonpositive,USE_ORIGINAL_INWARD_NORMAL_NO_COMPONENTWISE_PROJECTION,13,2035.15101133243,GEOMETRY_BOUND_ONLY_NOT_PRIMARY_FALSIFICATION_PATH,12,9,0,9,0.107426402738079,FUTURE_AC_ONLY,ALL_OUTER_EDGES_SYMMETRIC_BOUNDARY_HEADROOM,8,False
2010-12-21 11:30:00,E0016,VMAX30,NONE,REFLEX-REFLEX,-0.465023843059522,-0.885298156208491,componentwise_nonpositive,USE_ORIGINAL_INWARD_NORMAL_NO_COMPONENTWISE_PROJECTION,14,2010.4919148235,GEOMETRY_BOUND_ONLY_NOT_PRIMARY_FALSIFICATION_PATH,13,9,0,9,0.109056140645984,FUTURE_AC_ONLY,ALL_OUTER_EDGES_SYMMETRIC_BOUNDARY_HEADROOM,8,False
2010-12-21 11:30:00,E0017,VMAX30,NONE,REFLEX-REFLEX,-0.481300389676778,-0.876555722642309,componentwise_nonpositive,USE_ORIGINAL_INWARD_NORMAL_NO_COMPONENTWISE_PROJECTION,15,1966.42576617558,GEOMETRY_BOUND_ONLY_NOT_PRIMARY_FALSIFICATION_PATH,13,9,0,9,0.111230495838927,FUTURE_AC_ONLY,ALL_OUTER_EDGES_SYMMETRIC_BOUNDARY_HEADROOM,8,False
2010-12-21 11:30:00,E0018,VMAX30,ADJACENT_TO_GUARD_LIMITED_EDGE,REFLEX-CONVEX,-0.502751619604074,-0.86443091625964,componentwise_nonpositive,USE_ORIGINAL_INWARD_NORMAL_NO_COMPONENTWISE_PROJECTION,16,1897.12972375996,GEOMETRY_BOUND_ONLY_NOT_PRIMARY_FALSIFICATION_PATH,13,9,0,9,0.114337197885642,FUTURE_AC_ONLY,ALL_OUTER_EDGES_SYMMETRIC_BOUNDARY_HEADROOM,9,False
2010-12-21 11:30:00,E0019,CLASS_TRANSITION,CROSSES_GUARD_LIMITED_RAY,CONVEX-CONVEX,0.922217221561384,-0.386672207762081,mixed_sign,USE_ORIGINAL_INWARD_NORMAL_NO_COMPONENTWISE_PROJECTION,16,3083.20086830409,GEOMETRY_BOUND_ONLY_NOT_PRIMARY_FALSIFICATION_PATH,0,20,0,20,0.052339310546307,FUTURE_AC_ONLY,ALL_OUTER_EDGES_SYMMETRIC_BOUNDARY_HEADROOM,18,False
2010-12-21 11:30:00,E0020,VMIN18,ADJACENT_TO_GUARD_LIMITED_EDGE,CONVEX-CONVEX,0.974327223594774,0.225136539375776,componentwise_positive,USE_ORIGINAL_INWARD_NORMAL_NO_COMPONENTWISE_PROJECTION,16,1563.62544416887,GEOMETRY_BOUND_ONLY_NOT_PRIMARY_FALSIFICATION_PATH,0,10,0,10,0.112303976577429,FUTURE_AC_ONLY,ALL_OUTER_EDGES_SYMMETRIC_BOUNDARY_HEADROOM,11,False
2010-12-21 11:30:00,E0021,VMIN18,NONE,CONVEX-CONVEX,0.972422305632385,0.233227055695937,componentwise_positive,USE_ORIGINAL_INWARD_NORMAL_NO_COMPONENTWISE_PROJECTION,16,1542.6796037259,GEOMETRY_BOUND_ONLY_NOT_PRIMARY_FALSIFICATION_PATH,0,11,0,11,0.110422674638789,FUTURE_AC_ONLY,ALL_OUTER_EDGES_SYMMETRIC_BOUNDARY_HEADROOM,11,False
2010-12-21 11:30:00,E0022,VMIN18,NONE,CONVEX-CONVEX,0.970628833006207,0.240581937262566,componentwise_positive,USE_ORIGINAL_INWARD_NORMAL_NO_COMPONENTWISE_PROJECTION,17,3403.60716008243,GEOMETRY_BOUND_ONLY_NOT_PRIMARY_FALSIFICATION_PATH,0,9,0,9,0.10887290440924,FUTURE_AC_ONLY,ALL_OUTER_EDGES_SYMMETRIC_BOUNDARY_HEADROOM,11,False
2010-12-21 11:30:00,E0023,VMIN18,NONE,CONVEX-CONVEX,0.969208536798424,0.246241369792036,componentwise_positive,USE_ORIGINAL_INWARD_NORMAL_NO_COMPONENTWISE_PROJECTION,17,3375.52313709525,GEOMETRY_BOUND_ONLY_NOT_PRIMARY_FALSIFICATION_PATH,0,9,0,9,0.107539609805561,FUTURE_AC_ONLY,ALL_OUTER_EDGES_SYMMETRIC_BOUNDARY_HEADROOM,13,False
2010-12-21 11:30:00,E0024,VMIN18,NONE,CONVEX-CONVEX,0.967728899732061,0.251993604330299,componentwise_positive,USE_ORIGINAL_INWARD_NORMAL_NO_COMPONENTWISE_PROJECTION,17,3348.77191438426,GEOMETRY_BOUND_ONLY_NOT_PRIMARY_FALSIFICATION_PATH,0,10,0,10,0.106401334553838,FUTURE_AC_ONLY,ALL_OUTER_EDGES_SYMMETRIC_BOUNDARY_HEADROOM,13,False
2010-12-21 11:30:00,E0025,VMIN18,NONE,CONVEX-CONVEX,0.966427221874386,0.256940508328594,componentwise_positive,USE_ORIGINAL_INWARD_NORMAL_NO_COMPONENTWISE_PROJECTION,17,3327.09692973254,GEOMETRY_BOUND_ONLY_NOT_PRIMARY_FALSIFICATION_PATH,0,10,0,10,0.105391854018357,FUTURE_AC_ONLY,ALL_OUTER_EDGES_SYMMETRIC_BOUNDARY_HEADROOM,14,False
2010-12-21 11:30:00,E0026,VMIN18,NONE,CONVEX-CONVEX,0.965013819242501,0.262199024923821,componentwise_positive,USE_ORIGINAL_INWARD_NORMAL_NO_COMPONENTWISE_PROJECTION,17,3305.30310832936,GEOMETRY_BOUND_ONLY_NOT_PRIMARY_FALSIFICATION_PATH,0,14,0,14,0.0746285221101584,FUTURE_AC_ONLY,ALL_OUTER_EDGES_SYMMETRIC_BOUNDARY_HEADROOM,20,False
2010-12-21 11:30:00,E0027,VMIN18,NONE,CONVEX-CONVEX,0.963547100372971,0.267538754880183,componentwise_positive,USE_ORIGINAL_INWARD_NORMAL_NO_COMPONENTWISE_PROJECTION,17,3284.80586354813,GEOMETRY_BOUND_ONLY_NOT_PRIMARY_FALSIFICATION_PATH,0,5,0,5,0.176607413726691,FUTURE_AC_ONLY,ALL_OUTER_EDGES_SYMMETRIC_BOUNDARY_HEADROOM,8,False
2010-12-21 11:30:00,E0028,VMIN18,NONE,CONVEX-CONVEX,0.962258447377675,0.272137245613873,componentwise_positive,USE_ORIGINAL_INWARD_NORMAL_NO_COMPONENTWISE_PROJECTION,17,3267.61117133318,GEOMETRY_BOUND_ONLY_NOT_PRIMARY_FALSIFICATION_PATH,0,19,0,19,0.0528431854994739,FUTURE_AC_ONLY,ALL_OUTER_EDGES_SYMMETRIC_BOUNDARY_HEADROOM,28,False
2010-12-21 11:30:00,E0029,VMIN18,NONE,CONVEX-CONVEX,0.959876086951856,0.280424495538448,componentwise_positive,USE_ORIGINAL_INWARD_NORMAL_NO_COMPONENTWISE_PROJECTION,17,3239.65795393279,GEOMETRY_BOUND_ONLY_NOT_PRIMARY_FALSIFICATION_PATH,0,20,0,20,0.051361461098952,FUTURE_AC_ONLY,ALL_OUTER_EDGES_SYMMETRIC_BOUNDARY_HEADROOM,27,False
2010-12-21 11:30:00,E0030,VMIN18,NONE,CONVEX-CONVEX,0.957388741837785,0.288802349371095,componentwise_positive,USE_ORIGINAL_INWARD_NORMAL_NO_COMPONENTWISE_PROJECTION,17,3214.16087007457,GEOMETRY_BOUND_ONLY_NOT_PRIMARY_FALSIFICATION_PATH,0,20,0,20,0.050453848459754,FUTURE_AC_ONLY,ALL_OUTER_EDGES_SYMMETRIC_BOUNDARY_HEADROOM,24,False
2010-12-21 11:30:00,E0031,VMIN18,NONE,CONVEX-CONVEX,0.954736298117209,0.297453527559261,componentwise_positive,USE_ORIGINAL_INWARD_NORMAL_NO_COMPONENTWISE_PROJECTION,17,3190.62618414645,GEOMETRY_BOUND_ONLY_NOT_PRIMARY_FALSIFICATION_PATH,0,20,0,20,0.051855139562908,FUTURE_AC_ONLY,ALL_OUTER_EDGES_SYMMETRIC_BOUNDARY_HEADROOM,22,False
2010-12-21 11:30:00,E0032,VMIN18,NONE,CONVEX-CONVEX,0.951393229031979,0.307978771593279,componentwise_positive,USE_ORIGINAL_INWARD_NORMAL_NO_COMPONENTWISE_PROJECTION,17,3165.49750986598,GEOMETRY_BOUND_ONLY_NOT_PRIMARY_FALSIFICATION_PATH,0,21,0,21,0.053363901993794,FUTURE_AC_ONLY,ALL_OUTER_EDGES_SYMMETRIC_BOUNDARY_HEADROOM,18,False
2010-12-21 11:30:00,E0033,CLASS_TRANSITION,NONE,CONVEX-CONVEX,0.656249107160054,0.754544305757874,componentwise_positive,USE_ORIGINAL_INWARD_NORMAL_NO_COMPONENTWISE_PROJECTION,17,2064.50019867669,GEOMETRY_BOUND_ONLY_NOT_PRIMARY_FALSIFICATION_PATH,0,10,0,10,0.10095635743911,FUTURE_AC_ONLY,ALL_OUTER_EDGES_SYMMETRIC_BOUNDARY_HEADROOM,9,False
2010-12-21 11:30:00,E0034,VMIN33,NONE,CONVEX-CONVEX,0.414138328280263,0.910213955644072,componentwise_positive,USE_ORIGINAL_INWARD_NORMAL_NO_COMPONENTWISE_PROJECTION,17,2731.78941316979,GEOMETRY_BOUND_ONLY_NOT_PRIMARY_FALSIFICATION_PATH,0,10,0,10,0.102202230210544,FUTURE_AC_ONLY,ALL_OUTER_EDGES_SYMMETRIC_BOUNDARY_HEADROOM,8,False
2010-12-21 11:30:00,E0035,VMIN33,NONE,CONVEX-CONVEX,0.404149545859331,0.91469292365345,componentwise_positive,USE_ORIGINAL_INWARD_NORMAL_NO_COMPONENTWISE_PROJECTION,17,2759.76780420658,GEOMETRY_BOUND_ONLY_NOT_PRIMARY_FALSIFICATION_PATH,0,20,0,20,0.0513836357295636,FUTURE_AC_ONLY,ALL_OUTER_EDGES_SYMMETRIC_BOUNDARY_HEADROOM,16,False
2010-12-21 11:30:00,E0036,VMIN33,NONE,CONVEX-CONVEX,0.392476377548519,0.919762085034164,componentwise_positive,USE_ORIGINAL_INWARD_NORMAL_NO_COMPONENTWISE_PROJECTION,17,2795.44079246028,GEOMETRY_BOUND_ONLY_NOT_PRIMARY_FALSIFICATION_PATH,0,19,0,19,0.050448164712231,FUTURE_AC_ONLY,ALL_OUTER_EDGES_SYMMETRIC_BOUNDARY_HEADROOM,14,False
2010-12-21 11:30:00,E0037,VMIN33,NONE,CONVEX-CONVEX,0.381432055153775,0.924396877591637,componentwise_positive,USE_ORIGINAL_INWARD_NORMAL_NO_COMPONENTWISE_PROJECTION,17,2831.88319508108,GEOMETRY_BOUND_ONLY_NOT_PRIMARY_FALSIFICATION_PATH,0,19,0,19,0.051874458241092,FUTURE_AC_ONLY,ALL_OUTER_EDGES_SYMMETRIC_BOUNDARY_HEADROOM,14,False
2010-12-21 11:30:00,E0038,VMIN33,NONE,CONVEX-CONVEX,0.37365568554816,0.92756747930139,componentwise_positive,USE_ORIGINAL_INWARD_NORMAL_NO_COMPONENTWISE_PROJECTION,17,2859.57734531611,GEOMETRY_BOUND_ONLY_NOT_PRIMARY_FALSIFICATION_PATH,0,5,0,5,0.196853069067171,FUTURE_AC_ONLY,ALL_OUTER_EDGES_SYMMETRIC_BOUNDARY_HEADROOM,4,True
2010-12-21 11:30:00,E0039,VMIN33,NONE,CONVEX-CONVEX,0.368883398854459,0.929475679106012,componentwise_positive,USE_ORIGINAL_INWARD_NORMAL_NO_COMPONENTWISE_PROJECTION,17,2876.82071040272,GEOMETRY_BOUND_ONLY_NOT_PRIMARY_FALSIFICATION_PATH,0,14,0,14,0.070751304781146,FUTURE_AC_ONLY,ALL_OUTER_EDGES_SYMMETRIC_BOUNDARY_HEADROOM,10,False
2010-12-21 11:30:00,E0040,VMIN33,NONE,CONVEX-CONVEX,0.357337794789767,0.933975214025933,componentwise_positive,USE_ORIGINAL_INWARD_NORMAL_NO_COMPONENTWISE_PROJECTION,17,2921.00037661749,GEOMETRY_BOUND_ONLY_NOT_PRIMARY_FALSIFICATION_PATH,0,20,0,20,0.055253778854127,FUTURE_AC_ONLY,ALL_OUTER_EDGES_SYMMETRIC_BOUNDARY_HEADROOM,14,True
2010-12-21 11:30:00,E0041,VMIN33,NONE,CONVEX-CONVEX,0.348631792661324,0.937259768231706,componentwise_positive,USE_ORIGINAL_INWARD_NORMAL_NO_COMPONENTWISE_PROJECTION,17,2957.2873308331,GEOMETRY_BOUND_ONLY_NOT_PRIMARY_FALSIFICATION_PATH,0,11,0,11,0.106189474058591,FUTURE_AC_ONLY,ALL_OUTER_EDGES_SYMMETRIC_BOUNDARY_HEADROOM,8,False
2010-12-21 11:30:00,E0042,VMIN33,NONE,CONVEX-CONVEX,0.340024104757362,0.940416720493609,componentwise_positive,USE_ORIGINAL_INWARD_NORMAL_NO_COMPONENTWISE_PROJECTION,17,2994.76833451604,GEOMETRY_BOUND_ONLY_NOT_PRIMARY_FALSIFICATION_PATH,0,9,0,9,0.107313154533399,FUTURE_AC_ONLY,ALL_OUTER_EDGES_SYMMETRIC_BOUNDARY_HEADROOM,8,False
2010-12-21 11:30:00,E0043,VMIN33,NONE,CONVEX-CONVEX,0.332485480302622,0.943108374147921,componentwise_positive,USE_ORIGINAL_INWARD_NORMAL_NO_COMPONENTWISE_PROJECTION,17,3029.26542410829,GEOMETRY_BOUND_ONLY_NOT_PRIMARY_FALSIFICATION_PATH,0,10,0,10,0.108639809581183,FUTURE_AC_ONLY,ALL_OUTER_EDGES_SYMMETRIC_BOUNDARY_HEADROOM,8,False
2010-12-21 11:30:00,E0044,VMIN33,NONE,CONVEX-CONVEX,0.322280020223588,0.946644383369322,componentwise_positive,USE_ORIGINAL_INWARD_NORMAL_NO_COMPONENTWISE_PROJECTION,17,3078.64375535887,GEOMETRY_BOUND_ONLY_NOT_PRIMARY_FALSIFICATION_PATH,0,10,0,10,0.110189660239429,FUTURE_AC_ONLY,ALL_OUTER_EDGES_SYMMETRIC_BOUNDARY_HEADROOM,9,False
2010-12-21 11:30:00,E0045,VMIN33,ADJACENT_TO_GUARD_LIMITED_EDGE,CONVEX-CONVEX,0.311388883258085,0.950282570282799,componentwise_positive,USE_ORIGINAL_INWARD_NORMAL_NO_COMPONENTWISE_PROJECTION,17,3134.77503139412,GEOMETRY_BOUND_ONLY_NOT_PRIMARY_FALSIFICATION_PATH,0,10,0,10,0.112090058252864,FUTURE_AC_ONLY,ALL_OUTER_EDGES_SYMMETRIC_BOUNDARY_HEADROOM,9,False
2010-12-21 11:30:00,E0046,CLASS_TRANSITION,CROSSES_GUARD_LIMITED_RAY,CONVEX-CONVEX,-0.646585995401661,0.762841104392286,mixed_sign,USE_ORIGINAL_INWARD_NORMAL_NO_COMPONENTWISE_PROJECTION,17,6163.59433576356,GEOMETRY_BOUND_ONLY_NOT_PRIMARY_FALSIFICATION_PATH,0,19,0,19,0.053240863637331,FUTURE_AC_ONLY,ALL_OUTER_EDGES_SYMMETRIC_BOUNDARY_HEADROOM,20,False
2010-12-21 11:30:00,E0047,VMAX13,ADJACENT_TO_GUARD_LIMITED_EDGE,CONVEX-REFLEX,-0.92726823471484,-0.374397677461846,componentwise_nonpositive,USE_ORIGINAL_INWARD_NORMAL_NO_COMPONENTWISE_PROJECTION,17,3023.31149915415,GEOMETRY_BOUND_ONLY_NOT_PRIMARY_FALSIFICATION_PATH,13,10,0,10,0.116331251837571,FUTURE_AC_ONLY,ALL_OUTER_EDGES_SYMMETRIC_BOUNDARY_HEADROOM,11,False
2010-12-21 11:30:00,E0048,VMAX13,NONE,REFLEX-REFLEX,-0.934757552963087,-0.355286246818619,componentwise_nonpositive,USE_ORIGINAL_INWARD_NORMAL_NO_COMPONENTWISE_PROJECTION,18,1472.87519333702,GEOMETRY_BOUND_ONLY_NOT_PRIMARY_FALSIFICATION_PATH,13,9,0,9,0.112428781225066,FUTURE_AC_ONLY,ALL_OUTER_EDGES_SYMMETRIC_BOUNDARY_HEADROOM,11,False
2010-12-21 11:30:00,E0049,VMAX13,NONE,REFLEX-REFLEX,-0.939755794996348,-0.341846523707324,componentwise_nonpositive,USE_ORIGINAL_INWARD_NORMAL_NO_COMPONENTWISE_PROJECTION,19,1502.40735669385,GEOMETRY_BOUND_ONLY_NOT_PRIMARY_FALSIFICATION_PATH,13,9,0,9,0.109885613606418,FUTURE_AC_ONLY,ALL_OUTER_EDGES_SYMMETRIC_BOUNDARY_HEADROOM,13,False
2010-12-21 11:30:00,E0050,VMAX13,NONE,REFLEX-REFLEX,-0.943055859591079,-0.332634402446486,componentwise_nonpositive,USE_ORIGINAL_INWARD_NORMAL_NO_COMPONENTWISE_PROJECTION,20,1518.40196551244,GEOMETRY_BOUND_ONLY_NOT_PRIMARY_FALSIFICATION_PATH,13,9,0,9,0.10804343243894,FUTURE_AC_ONLY,ALL_OUTER_EDGES_SYMMETRIC_BOUNDARY_HEADROOM,13,False
2010-12-21 11:30:00,E0051,VMAX13,NONE,REFLEX-REFLEX,-0.945721546551258,-0.324978086013037,componentwise_nonpositive,USE_ORIGINAL_INWARD_NORMAL_NO_COMPONENTWISE_PROJECTION,21,1528.84287277312,GEOMETRY_BOUND_ONLY_NOT_PRIMARY_FALSIFICATION_PATH,12,9,0,9,0.106579454256777,FUTURE_AC_ONLY,ALL_OUTER_EDGES_SYMMETRIC_BOUNDARY_HEADROOM,14,False
2010-12-21 11:30:00,E0052,VMAX13,NONE,REFLEX-REFLEX,-0.948831447449059,-0.31578297030037,componentwise_nonpositive,USE_ORIGINAL_INWARD_NORMAL_NO_COMPONENTWISE_PROJECTION,22,1538.46266656052,GEOMETRY_BOUND_ONLY_NOT_PRIMARY_FALSIFICATION_PATH,23,19,0,19,0.0553732891995523,FUTURE_AC_ONLY,ALL_OUTER_EDGES_SYMMETRIC_BOUNDARY_HEADROOM,28,False
2010-12-21 12:00:00,E0000,VMAX13,NONE,REFLEX-REFLEX,-0.950891482635963,-0.309524455011845,componentwise_nonpositive,USE_ORIGINAL_INWARD_NORMAL_NO_COMPONENTWISE_PROJECTION,0,1537.98233226838,GEOMETRY_BOUND_ONLY_NOT_PRIMARY_FALSIFICATION_PATH,0,5,0,5,0.199023537719722,FUTURE_AC_ONLY,ALL_OUTER_EDGES_SYMMETRIC_BOUNDARY_HEADROOM,7,False
2010-12-21 12:00:00,E0001,VMAX13,NONE,REFLEX-REFLEX,-0.952324990974937,-0.30508541683369,componentwise_nonpositive,USE_ORIGINAL_INWARD_NORMAL_NO_COMPONENTWISE_PROJECTION,1,1539.80420642025,GEOMETRY_BOUND_ONLY_NOT_PRIMARY_FALSIFICATION_PATH,15,14,0,14,0.0696244541989667,FUTURE_AC_ONLY,ALL_OUTER_EDGES_SYMMETRIC_BOUNDARY_HEADROOM,21,False
2010-12-21 12:00:00,E0002,VMAX13,NONE,REFLEX-REFLEX,-0.954508553466508,-0.29818353636523,componentwise_nonpositive,USE_ORIGINAL_INWARD_NORMAL_NO_COMPONENTWISE_PROJECTION,2,1540.46093921319,GEOMETRY_BOUND_ONLY_NOT_PRIMARY_FALSIFICATION_PATH,22,19,0,19,0.0515750570363159,FUTURE_AC_ONLY,ALL_OUTER_EDGES_SYMMETRIC_BOUNDARY_HEADROOM,27,False
2010-12-21 12:00:00,E0003,VMAX13,NONE,REFLEX-REFLEX,-0.95657185108121,-0.291496644438778,componentwise_nonpositive,USE_ORIGINAL_INWARD_NORMAL_NO_COMPONENTWISE_PROJECTION,3,1538.48277308127,GEOMETRY_BOUND_ONLY_NOT_PRIMARY_FALSIFICATION_PATH,22,19,0,19,0.050422539491244,FUTURE_AC_ONLY,ALL_OUTER_EDGES_SYMMETRIC_BOUNDARY_HEADROOM,24,False
2010-12-21 12:00:00,E0004,VMAX13,NONE,REFLEX-REFLEX,-0.958697081168118,-0.284429088807265,componentwise_nonpositive,USE_ORIGINAL_INWARD_NORMAL_NO_COMPONENTWISE_PROJECTION,4,1533.69972540084,GEOMETRY_BOUND_ONLY_NOT_PRIMARY_FALSIFICATION_PATH,19,19,0,19,0.052015623802743,FUTURE_AC_ONLY,ALL_OUTER_EDGES_SYMMETRIC_BOUNDARY_HEADROOM,22,False
2010-12-21 12:00:00,E0005,VMAX13,NONE,REFLEX-CONVEX,-0.960786613389862,-0.277288808881354,componentwise_nonpositive,USE_ORIGINAL_INWARD_NORMAL_NO_COMPONENTWISE_PROJECTION,5,1526.03730574993,GEOMETRY_BOUND_ONLY_NOT_PRIMARY_FALSIFICATION_PATH,21,19,0,19,0.0537956134293049,FUTURE_AC_ONLY,ALL_OUTER_EDGES_SYMMETRIC_BOUNDARY_HEADROOM,18,False
2010-12-21 12:00:00,E0006,CLASS_TRANSITION,NONE,CONVEX-CONVEX,-0.478879180390268,-0.877880817986557,componentwise_nonpositive,USE_ORIGINAL_INWARD_NORMAL_NO_COMPONENTWISE_PROJECTION,5,2104.86466329779,GEOMETRY_BOUND_ONLY_NOT_PRIMARY_FALSIFICATION_PATH,0,10,0,10,0.102470947492492,FUTURE_AC_ONLY,ALL_OUTER_EDGES_SYMMETRIC_BOUNDARY_HEADROOM,9,False
2010-12-21 12:00:00,E0007,VMAX30,NONE,CONVEX-REFLEX,-0.387899821640021,-0.92170153974681,componentwise_nonpositive,USE_ORIGINAL_INWARD_NORMAL_NO_COMPONENTWISE_PROJECTION,5,2103.69029521805,GEOMETRY_BOUND_ONLY_NOT_PRIMARY_FALSIFICATION_PATH,0,10,0,10,0.102390573827076,FUTURE_AC_ONLY,ALL_OUTER_EDGES_SYMMETRIC_BOUNDARY_HEADROOM,8,False
2010-12-21 12:00:00,E0008,VMAX30,NONE,REFLEX-REFLEX,-0.395128002785258,-0.918626072684056,componentwise_nonpositive,USE_ORIGINAL_INWARD_NORMAL_NO_COMPONENTWISE_PROJECTION,6,2103.36985417392,GEOMETRY_BOUND_ONLY_NOT_PRIMARY_FALSIFICATION_PATH,19,19,0,19,0.0514489387860546,FUTURE_AC_ONLY,ALL_OUTER_EDGES_SYMMETRIC_BOUNDARY_HEADROOM,16,False
2010-12-21 12:00:00,E0009,VMAX30,NONE,REFLEX-REFLEX,-0.405044497683087,-0.914296973032644,componentwise_nonpositive,USE_ORIGINAL_INWARD_NORMAL_NO_COMPONENTWISE_PROJECTION,7,2099.63109316717,GEOMETRY_BOUND_ONLY_NOT_PRIMARY_FALSIFICATION_PATH,21,19,0,19,0.050535425060122,FUTURE_AC_ONLY,ALL_OUTER_EDGES_SYMMETRIC_BOUNDARY_HEADROOM,14,False
2010-12-21 12:00:00,E0010,VMAX30,NONE,REFLEX-REFLEX,-0.413614754015446,-0.910451995033644,componentwise_nonpositive,USE_ORIGINAL_INWARD_NORMAL_NO_COMPONENTWISE_PROJECTION,8,2093.55344758284,GEOMETRY_BOUND_ONLY_NOT_PRIMARY_FALSIFICATION_PATH,19,15,0,15,0.0661577813854599,FUTURE_AC_ONLY,ALL_OUTER_EDGES_SYMMETRIC_BOUNDARY_HEADROOM,11,False
2010-12-21 12:00:00,E0011,VMAX30,NONE,REFLEX-REFLEX,-0.415732724094294,-0.909486834493572,componentwise_nonpositive,USE_ORIGINAL_INWARD_NORMAL_NO_COMPONENTWISE_PROJECTION,9,2091.49287250407,GEOMETRY_BOUND_ONLY_NOT_PRIMARY_FALSIFICATION_PATH,0,4,0,4,0.224785744003531,FUTURE_AC_ONLY,ALL_OUTER_EDGES_SYMMETRIC_BOUNDARY_HEADROOM,3,False
2010-12-21 12:00:00,E0012,VMAX30,NONE,REFLEX-REFLEX,-0.426401246828238,-0.904534121359346,componentwise_nonpositive,USE_ORIGINAL_INWARD_NORMAL_NO_COMPONENTWISE_PROJECTION,10,2080.10341217663,GEOMETRY_BOUND_ONLY_NOT_PRIMARY_FALSIFICATION_PATH,21,19,0,19,0.053920236498657,FUTURE_AC_ONLY,ALL_OUTER_EDGES_SYMMETRIC_BOUNDARY_HEADROOM,14,False
2010-12-21 12:00:00,E0013,VMAX30,NONE,REFLEX-REFLEX,-0.435631793225204,-0.900124958398218,componentwise_nonpositive,USE_ORIGINAL_INWARD_NORMAL_NO_COMPONENTWISE_PROJECTION,11,2066.56796649005,GEOMETRY_BOUND_ONLY_NOT_PRIMARY_FALSIFICATION_PATH,9,9,0,9,0.104949143594531,FUTURE_AC_ONLY,ALL_OUTER_EDGES_SYMMETRIC_BOUNDARY_HEADROOM,7,False
2010-12-21 12:00:00,E0014,VMAX30,NONE,REFLEX-REFLEX,-0.44347958118248,-0.896284475528954,componentwise_nonpositive,USE_ORIGINAL_INWARD_NORMAL_NO_COMPONENTWISE_PROJECTION,12,2053.17083025338,GEOMETRY_BOUND_ONLY_NOT_PRIMARY_FALSIFICATION_PATH,7,9,0,9,0.106075625161713,FUTURE_AC_ONLY,ALL_OUTER_EDGES_SYMMETRIC_BOUNDARY_HEADROOM,7,True
2010-12-21 12:00:00,E0015,VMAX30,NONE,REFLEX-REFLEX,-0.453295863720154,-0.891360117984981,componentwise_nonpositive,USE_ORIGINAL_INWARD_NORMAL_NO_COMPONENTWISE_PROJECTION,13,2033.73946137922,GEOMETRY_BOUND_ONLY_NOT_PRIMARY_FALSIFICATION_PATH,7,9,0,9,0.107412095509488,FUTURE_AC_ONLY,ALL_OUTER_EDGES_SYMMETRIC_BOUNDARY_HEADROOM,8,False
2010-12-21 12:00:00,E0016,VMAX30,NONE,REFLEX-REFLEX,-0.465369154388634,-0.885116687303774,componentwise_nonpositive,USE_ORIGINAL_INWARD_NORMAL_NO_COMPONENTWISE_PROJECTION,14,2005.93343481937,GEOMETRY_BOUND_ONLY_NOT_PRIMARY_FALSIFICATION_PATH,11,9,0,9,0.109061430009323,FUTURE_AC_ONLY,ALL_OUTER_EDGES_SYMMETRIC_BOUNDARY_HEADROOM,8,False
2010-12-21 12:00:00,E0017,VMAX30,NONE,REFLEX-REFLEX,-0.48073029262203,-0.876868511098179,componentwise_nonpositive,USE_ORIGINAL_INWARD_NORMAL_NO_COMPONENTWISE_PROJECTION,15,1964.43036314872,GEOMETRY_BOUND_ONLY_NOT_PRIMARY_FALSIFICATION_PATH,13,9,0,9,0.11121732706988,FUTURE_AC_ONLY,ALL_OUTER_EDGES_SYMMETRIC_BOUNDARY_HEADROOM,8,False
2010-12-21 12:00:00,E0018,VMAX30,ADJACENT_TO_GUARD_LIMITED_EDGE,REFLEX-CONVEX,-0.502422260805846,-0.864622386852632,componentwise_nonpositive,USE_ORIGINAL_INWARD_NORMAL_NO_COMPONENTWISE_PROJECTION,16,1894.54161423886,GEOMETRY_BOUND_ONLY_NOT_PRIMARY_FALSIFICATION_PATH,13,10,0,10,0.114325723696844,FUTURE_AC_ONLY,ALL_OUTER_EDGES_SYMMETRIC_BOUNDARY_HEADROOM,9,False
2010-12-21 12:00:00,E0019,CLASS_TRANSITION,CROSSES_GUARD_LIMITED_RAY,CONVEX-CONVEX,0.914803722919447,-0.403898685975479,mixed_sign,USE_ORIGINAL_INWARD_NORMAL_NO_COMPONENTWISE_PROJECTION,16,3119.46645245395,GEOMETRY_BOUND_ONLY_NOT_PRIMARY_FALSIFICATION_PATH,0,19,0,19,0.0521277652228273,FUTURE_AC_ONLY,ALL_OUTER_EDGES_SYMMETRIC_BOUNDARY_HEADROOM,18,False
2010-12-21 12:00:00,E0020,VMIN18,ADJACENT_TO_GUARD_LIMITED_EDGE,CONVEX-CONVEX,0.974352179011597,0.225028512094252,componentwise_positive,USE_ORIGINAL_INWARD_NORMAL_NO_COMPONENTWISE_PROJECTION,16,1567.24929766377,GEOMETRY_BOUND_ONLY_NOT_PRIMARY_FALSIFICATION_PATH,0,10,0,10,0.112300404454141,FUTURE_AC_ONLY,ALL_OUTER_EDGES_SYMMETRIC_BOUNDARY_HEADROOM,11,False
2010-12-21 12:00:00,E0021,VMIN18,NONE,CONVEX-CONVEX,0.972453721358746,0.233096031316552,componentwise_positive,USE_ORIGINAL_INWARD_NORMAL_NO_COMPONENTWISE_PROJECTION,16,1546.318801387,GEOMETRY_BOUND_ONLY_NOT_PRIMARY_FALSIFICATION_PATH,0,10,0,10,0.110419125292054,FUTURE_AC_ONLY,ALL_OUTER_EDGES_SYMMETRIC_BOUNDARY_HEADROOM,11,False
2010-12-21 12:00:00,E0022,VMIN18,NONE,CONVEX-CONVEX,0.970757518185484,0.24006216046341,componentwise_positive,USE_ORIGINAL_INWARD_NORMAL_NO_COMPONENTWISE_PROJECTION,16,1531.51811318064,GEOMETRY_BOUND_ONLY_NOT_PRIMARY_FALSIFICATION_PATH,0,10,0,10,0.108860101942114,FUTURE_AC_ONLY,ALL_OUTER_EDGES_SYMMETRIC_BOUNDARY_HEADROOM,11,False
2010-12-21 12:00:00,E0023,VMIN18,NONE,CONVEX-CONVEX,0.969149754408146,0.246472622274018,componentwise_positive,USE_ORIGINAL_INWARD_NORMAL_NO_COMPONENTWISE_PROJECTION,17,3372.53072684864,GEOMETRY_BOUND_ONLY_NOT_PRIMARY_FALSIFICATION_PATH,0,10,0,10,0.107544941673392,FUTURE_AC_ONLY,ALL_OUTER_EDGES_SYMMETRIC_BOUNDARY_HEADROOM,13,False
2010-12-21 12:00:00,E0024,VMIN18,NONE,CONVEX-CONVEX,0.96782278698878,0.251632774068226,componentwise_positive,USE_ORIGINAL_INWARD_NORMAL_NO_COMPONENTWISE_PROJECTION,17,3348.56464861731,GEOMETRY_BOUND_ONLY_NOT_PRIMARY_FALSIFICATION_PATH,0,11,0,11,0.106394958768645,FUTURE_AC_ONLY,ALL_OUTER_EDGES_SYMMETRIC_BOUNDARY_HEADROOM,13,False
2010-12-21 12:00:00,E0025,VMIN18,NONE,CONVEX-CONVEX,0.966495071934064,0.256685168888208,componentwise_positive,USE_ORIGINAL_INWARD_NORMAL_NO_COMPONENTWISE_PROJECTION,17,3326.46743830379,GEOMETRY_BOUND_ONLY_NOT_PRIMARY_FALSIFICATION_PATH,0,10,0,10,0.105387960942499,FUTURE_AC_ONLY,ALL_OUTER_EDGES_SYMMETRIC_BOUNDARY_HEADROOM,14,False
2010-12-21 12:00:00,E0026,VMIN18,NONE,CONVEX-CONVEX,0.964891113397047,0.262650222325065,componentwise_positive,USE_ORIGINAL_INWARD_NORMAL_NO_COMPONENTWISE_PROJECTION,17,3301.78475242293,GEOMETRY_BOUND_ONLY_NOT_PRIMARY_FALSIFICATION_PATH,0,14,0,14,0.0716884256481568,FUTURE_AC_ONLY,ALL_OUTER_EDGES_SYMMETRIC_BOUNDARY_HEADROOM,21,False
2010-12-21 12:00:00,E0027,VMIN18,NONE,CONVEX-CONVEX,0.963808362069915,0.266596026234653,componentwise_positive,USE_ORIGINAL_INWARD_NORMAL_NO_COMPONENTWISE_PROJECTION,17,3286.72794862878,GEOMETRY_BOUND_ONLY_NOT_PRIMARY_FALSIFICATION_PATH,0,5,0,5,0.198739608470421,FUTURE_AC_ONLY,ALL_OUTER_EDGES_SYMMETRIC_BOUNDARY_HEADROOM,7,False
2010-12-21 12:00:00,E0028,VMIN18,NONE,CONVEX-CONVEX,0.962174341993473,0.272434461126758,componentwise_positive,USE_ORIGINAL_INWARD_NORMAL_NO_COMPONENTWISE_PROJECTION,17,3264.95346672013,GEOMETRY_BOUND_ONLY_NOT_PRIMARY_FALSIFICATION_PATH,0,19,0,19,0.0528473694966225,FUTURE_AC_ONLY,ALL_OUTER_EDGES_SYMMETRIC_BOUNDARY_HEADROOM,28,False
2010-12-21 12:00:00,E0029,VMIN18,NONE,CONVEX-CONVEX,0.959944472232416,0.280190310736165,componentwise_positive,USE_ORIGINAL_INWARD_NORMAL_NO_COMPONENTWISE_PROJECTION,17,3238.86304254597,GEOMETRY_BOUND_ONLY_NOT_PRIMARY_FALSIFICATION_PATH,0,20,0,20,0.0513588839808218,FUTURE_AC_ONLY,ALL_OUTER_EDGES_SYMMETRIC_BOUNDARY_HEADROOM,27,False
2010-12-21 12:00:00,E0030,VMIN18,NONE,CONVEX-CONVEX,0.957514372601479,0.288385551409213,componentwise_positive,USE_ORIGINAL_INWARD_NORMAL_NO_COMPONENTWISE_PROJECTION,17,3214.01668917269,GEOMETRY_BOUND_ONLY_NOT_PRIMARY_FALSIFICATION_PATH,0,20,0,20,0.050458436906714,FUTURE_AC_ONLY,ALL_OUTER_EDGES_SYMMETRIC_BOUNDARY_HEADROOM,24,False
2010-12-21 12:00:00,E0031,VMIN18,NONE,CONVEX-CONVEX,0.954644743137853,0.29774723239564,componentwise_positive,USE_ORIGINAL_INWARD_NORMAL_NO_COMPONENTWISE_PROJECTION,17,3188.6557390467,GEOMETRY_BOUND_ONLY_NOT_PRIMARY_FALSIFICATION_PATH,0,20,0,20,0.0518512958350981,FUTURE_AC_ONLY,ALL_OUTER_EDGES_SYMMETRIC_BOUNDARY_HEADROOM,22,False
2010-12-21 12:00:00,E0032,VMIN18,NONE,CONVEX-CONVEX,0.951462546569605,0.307764556886074,componentwise_positive,USE_ORIGINAL_INWARD_NORMAL_NO_COMPONENTWISE_PROJECTION,17,3164.85855555895,GEOMETRY_BOUND_ONLY_NOT_PRIMARY_FALSIFICATION_PATH,0,19,0,19,0.053366565346944,FUTURE_AC_ONLY,ALL_OUTER_EDGES_SYMMETRIC_BOUNDARY_HEADROOM,18,False
2010-12-21 12:00:00,E0033,CLASS_TRANSITION,NONE,CONVEX-CONVEX,0.650865938350665,0.759192683246426,componentwise_positive,USE_ORIGINAL_INWARD_NORMAL_NO_COMPONENTWISE_PROJECTION,17,2050.59891270252,GEOMETRY_BOUND_ONLY_NOT_PRIMARY_FALSIFICATION_PATH,0,10,0,10,0.101007641695263,FUTURE_AC_ONLY,ALL_OUTER_EDGES_SYMMETRIC_BOUNDARY_HEADROOM,9,False
2010-12-21 12:00:00,E0034,VMIN33,NONE,CONVEX-CONVEX,0.413415002795326,0.910542714793623,componentwise_positive,USE_ORIGINAL_INWARD_NORMAL_NO_COMPONENTWISE_PROJECTION,17,2433.50792321653,GEOMETRY_BOUND_ONLY_NOT_PRIMARY_FALSIFICATION_PATH,0,10,0,10,0.102207626701989,FUTURE_AC_ONLY,ALL_OUTER_EDGES_SYMMETRIC_BOUNDARY_HEADROOM,8,False
2010-12-21 12:00:00,E0035,VMIN33,NONE,CONVEX-CONVEX,0.403763653758415,0.914863329631074,componentwise_positive,USE_ORIGINAL_INWARD_NORMAL_NO_COMPONENTWISE_PROJECTION,17,2458.03909544698,GEOMETRY_BOUND_ONLY_NOT_PRIMARY_FALSIFICATION_PATH,0,20,0,20,0.0513866076478641,FUTURE_AC_ONLY,ALL_OUTER_EDGES_SYMMETRIC_BOUNDARY_HEADROOM,16,False
2010-12-21 12:00:00,E0036,VMIN33,NONE,CONVEX-CONVEX,0.39244595315055,0.919775066989618,componentwise_positive,USE_ORIGINAL_INWARD_NORMAL_NO_COMPONENTWISE_PROJECTION,17,2489.77331888598,GEOMETRY_BOUND_ONLY_NOT_PRIMARY_FALSIFICATION_PATH,0,20,0,20,0.050447786193819,FUTURE_AC_ONLY,ALL_OUTER_EDGES_SYMMETRIC_BOUNDARY_HEADROOM,14,False
2010-12-21 12:00:00,E0037,VMIN33,NONE,CONVEX-CONVEX,0.381084955708617,0.924540024299955,componentwise_positive,USE_ORIGINAL_INWARD_NORMAL_NO_COMPONENTWISE_PROJECTION,17,2524.46549797688,GEOMETRY_BOUND_ONLY_NOT_PRIMARY_FALSIFICATION_PATH,0,20,0,20,0.051871754433074,FUTURE_AC_ONLY,ALL_OUTER_EDGES_SYMMETRIC_BOUNDARY_HEADROOM,14,False
2010-12-21 12:00:00,E0038,VMIN33,NONE,CONVEX-CONVEX,0.374218699951693,0.927340479331332,componentwise_positive,USE_ORIGINAL_INWARD_NORMAL_NO_COMPONENTWISE_PROJECTION,17,2547.27170423569,GEOMETRY_BOUND_ONLY_NOT_PRIMARY_FALSIFICATION_PATH,0,4,0,4,0.224213798239756,FUTURE_AC_ONLY,ALL_OUTER_EDGES_SYMMETRIC_BOUNDARY_HEADROOM,3,False
2010-12-21 12:00:00,E0039,VMIN33,NONE,CONVEX-CONVEX,0.368886982843009,0.929474256711277,componentwise_positive,USE_ORIGINAL_INWARD_NORMAL_NO_COMPONENTWISE_PROJECTION,17,2565.22237807078,GEOMETRY_BOUND_ONLY_NOT_PRIMARY_FALSIFICATION_PATH,0,16,0,16,0.067955696356073,FUTURE_AC_ONLY,ALL_OUTER_EDGES_SYMMETRIC_BOUNDARY_HEADROOM,11,False
2010-12-21 12:00:00,E0040,VMIN33,NONE,CONVEX-CONVEX,0.357448156767507,0.933932982190645,componentwise_positive,USE_ORIGINAL_INWARD_NORMAL_NO_COMPONENTWISE_PROJECTION,17,2606.33027156185,GEOMETRY_BOUND_ONLY_NOT_PRIMARY_FALSIFICATION_PATH,0,19,0,19,0.055254631828709,FUTURE_AC_ONLY,ALL_OUTER_EDGES_SYMMETRIC_BOUNDARY_HEADROOM,14,True
2010-12-21 12:00:00,E0041,VMIN33,NONE,CONVEX-CONVEX,0.348442204796426,0.937330267257281,componentwise_positive,USE_ORIGINAL_INWARD_NORMAL_NO_COMPONENTWISE_PROJECTION,17,2641.81442059026,GEOMETRY_BOUND_ONLY_NOT_PRIMARY_FALSIFICATION_PATH,0,10,0,10,0.106187281844373,FUTURE_AC_ONLY,ALL_OUTER_EDGES_SYMMETRIC_BOUNDARY_HEADROOM,8,False
2010-12-21 12:00:00,E0042,VMIN33,NONE,CONVEX-CONVEX,0.339684680720901,0.940539375934649,componentwise_positive,USE_ORIGINAL_INWARD_NORMAL_NO_COMPONENTWISE_PROJECTION,17,2677.97949574674,GEOMETRY_BOUND_ONLY_NOT_PRIMARY_FALSIFICATION_PATH,0,10,0,10,0.107308877582176,FUTURE_AC_ONLY,ALL_OUTER_EDGES_SYMMETRIC_BOUNDARY_HEADROOM,8,False
2010-12-21 12:00:00,E0043,VMIN33,NONE,CONVEX-CONVEX,0.332041943432531,0.943264622362965,componentwise_positive,USE_ORIGINAL_INWARD_NORMAL_NO_COMPONENTWISE_PROJECTION,17,2711.26067874936,GEOMETRY_BOUND_ONLY_NOT_PRIMARY_FALSIFICATION_PATH,0,11,0,11,0.108633332094802,FUTURE_AC_ONLY,ALL_OUTER_EDGES_SYMMETRIC_BOUNDARY_HEADROOM,8,False
2010-12-21 12:00:00,E0044,VMIN33,NONE,CONVEX-CONVEX,0.322476567852229,0.94657744700909,componentwise_positive,USE_ORIGINAL_INWARD_NORMAL_NO_COMPONENTWISE_PROJECTION,17,2755.47658256862,GEOMETRY_BOUND_ONLY_NOT_PRIMARY_FALSIFICATION_PATH,0,10,0,10,0.110192602802216,FUTURE_AC_ONLY,ALL_OUTER_EDGES_SYMMETRIC_BOUNDARY_HEADROOM,9,False
2010-12-21 12:00:00,E0045,VMIN33,ADJACENT_TO_GUARD_LIMITED_EDGE,CONVEX-CONVEX,0.311315969838011,0.950306459477057,componentwise_positive,USE_ORIGINAL_INWARD_NORMAL_NO_COMPONENTWISE_PROJECTION,17,2810.65535543891,GEOMETRY_BOUND_ONLY_NOT_PRIMARY_FALSIFICATION_PATH,0,9,0,9,0.11208810501237,FUTURE_AC_ONLY,ALL_OUTER_EDGES_SYMMETRIC_BOUNDARY_HEADROOM,9,False
2010-12-21 12:00:00,E0046,CLASS_TRANSITION,CROSSES_GUARD_LIMITED_RAY,CONVEX-CONVEX,-0.665698376391129,0.746220926850899,mixed_sign,USE_ORIGINAL_INWARD_NORMAL_NO_COMPONENTWISE_PROJECTION,17,5831.32390500051,GEOMETRY_BOUND_ONLY_NOT_PRIMARY_FALSIFICATION_PATH,0,19,0,19,0.053018272668974,FUTURE_AC_ONLY,ALL_OUTER_EDGES_SYMMETRIC_BOUNDARY_HEADROOM,20,False
2010-12-21 12:00:00,E0047,VMAX13,ADJACENT_TO_GUARD_LIMITED_EDGE,CONVEX-REFLEX,-0.927391734448914,-0.374091661061611,componentwise_nonpositive,USE_ORIGINAL_INWARD_NORMAL_NO_COMPONENTWISE_PROJECTION,17,3023.82832946989,GEOMETRY_BOUND_ONLY_NOT_PRIMARY_FALSIFICATION_PATH,13,10,0,10,0.116315073451143,FUTURE_AC_ONLY,ALL_OUTER_EDGES_SYMMETRIC_BOUNDARY_HEADROOM,11,False
2010-12-21 12:00:00,E0048,VMAX13,NONE,REFLEX-REFLEX,-0.934908732612023,-0.354888238302963,componentwise_nonpositive,USE_ORIGINAL_INWARD_NORMAL_NO_COMPONENTWISE_PROJECTION,18,1469.95141081408,GEOMETRY_BOUND_ONLY_NOT_PRIMARY_FALSIFICATION_PATH,13,9,0,9,0.112414521493983,FUTURE_AC_ONLY,ALL_OUTER_EDGES_SYMMETRIC_BOUNDARY_HEADROOM,11,False
2010-12-21 12:00:00,E0049,VMAX13,NONE,REFLEX-REFLEX,-0.939767418099744,-0.341814569435155,componentwise_nonpositive,USE_ORIGINAL_INWARD_NORMAL_NO_COMPONENTWISE_PROJECTION,19,1498.59990201748,GEOMETRY_BOUND_ONLY_NOT_PRIMARY_FALSIFICATION_PATH,13,9,0,9,0.109885337317108,FUTURE_AC_ONLY,ALL_OUTER_EDGES_SYMMETRIC_BOUNDARY_HEADROOM,13,False
2010-12-21 12:00:00,E0050,VMAX13,NONE,REFLEX-REFLEX,-0.943192265618359,-0.332247422981289,componentwise_nonpositive,USE_ORIGINAL_INWARD_NORMAL_NO_COMPONENTWISE_PROJECTION,20,1515.16449989058,GEOMETRY_BOUND_ONLY_NOT_PRIMARY_FALSIFICATION_PATH,13,9,0,9,0.108035247486913,FUTURE_AC_ONLY,ALL_OUTER_EDGES_SYMMETRIC_BOUNDARY_HEADROOM,13,False
2010-12-21 12:00:00,E0051,VMAX13,NONE,REFLEX-REFLEX,-0.945855268071518,-0.324588681043189,componentwise_nonpositive,USE_ORIGINAL_INWARD_NORMAL_NO_COMPONENTWISE_PROJECTION,21,1525.57676842573,GEOMETRY_BOUND_ONLY_NOT_PRIMARY_FALSIFICATION_PATH,13,9,0,9,0.106572591281351,FUTURE_AC_ONLY,ALL_OUTER_EDGES_SYMMETRIC_BOUNDARY_HEADROOM,14,False
2010-12-21 12:00:00,E0052,VMAX13,NONE,REFLEX-REFLEX,-0.948755312212645,-0.316011641475889,componentwise_nonpositive,USE_ORIGINAL_INWARD_NORMAL_NO_COMPONENTWISE_PROJECTION,22,1534.52726675379,GEOMETRY_BOUND_ONLY_NOT_PRIMARY_FALSIFICATION_PATH,23,19,0,19,0.0553775067927075,FUTURE_AC_ONLY,ALL_OUTER_EDGES_SYMMETRIC_BOUNDARY_HEADROOM,28,False
2011-01-21 18:00:00,E0000,VMAX13,NONE,REFLEX-REFLEX,-0.953074760192991,-0.302735035110032,componentwise_nonpositive,USE_ORIGINAL_INWARD_NORMAL_NO_COMPONENTWISE_PROJECTION,0,1402.38197301188,GEOMETRY_BOUND_ONLY_NOT_PRIMARY_FALSIFICATION_PATH,20,19,0,19,0.0532632560045957,FUTURE_AC_ONLY,ALL_OUTER_EDGES_SYMMETRIC_BOUNDARY_HEADROOM,28,False
2011-01-21 18:00:00,E0001,VMAX13,NONE,REFLEX-REFLEX,-0.955369773717194,-0.295412585154317,componentwise_nonpositive,USE_ORIGINAL_INWARD_NORMAL_NO_COMPONENTWISE_PROJECTION,1,1402.98100585052,GEOMETRY_BOUND_ONLY_NOT_PRIMARY_FALSIFICATION_PATH,18,19,0,19,0.0515492745043895,FUTURE_AC_ONLY,ALL_OUTER_EDGES_SYMMETRIC_BOUNDARY_HEADROOM,27,False
2011-01-21 18:00:00,E0002,VMAX13,NONE,REFLEX-REFLEX,-0.957312620166771,-0.289054574897944,componentwise_nonpositive,USE_ORIGINAL_INWARD_NORMAL_NO_COMPONENTWISE_PROJECTION,2,1401.2338391236,GEOMETRY_BOUND_ONLY_NOT_PRIMARY_FALSIFICATION_PATH,19,19,0,19,0.050443549822473,FUTURE_AC_ONLY,ALL_OUTER_EDGES_SYMMETRIC_BOUNDARY_HEADROOM,24,False
2011-01-21 18:00:00,E0003,VMAX13,NONE,REFLEX-REFLEX,-0.95920700961446,-0.282704638636307,componentwise_nonpositive,USE_ORIGINAL_INWARD_NORMAL_NO_COMPONENTWISE_PROJECTION,3,1397.28543606153,GEOMETRY_BOUND_ONLY_NOT_PRIMARY_FALSIFICATION_PATH,20,19,0,19,0.052029486525301,FUTURE_AC_ONLY,ALL_OUTER_EDGES_SYMMETRIC_BOUNDARY_HEADROOM,22,False
2011-01-21 18:00:00,E0004,VMAX13,NONE,REFLEX-CONVEX,-0.960980035131507,-0.276617736377563,componentwise_nonpositive,USE_ORIGINAL_INWARD_NORMAL_NO_COMPONENTWISE_PROJECTION,4,1391.30359525912,GEOMETRY_BOUND_ONLY_NOT_PRIMARY_FALSIFICATION_PATH,20,20,0,20,0.053796661366415,FUTURE_AC_ONLY,ALL_OUTER_EDGES_SYMMETRIC_BOUNDARY_HEADROOM,18,True
2011-01-21 18:00:00,E0005,CLASS_TRANSITION,NONE,CONVEX-CONVEX,-0.767380868922155,-0.641191548612642,componentwise_nonpositive,USE_ORIGINAL_INWARD_NORMAL_NO_COMPONENTWISE_PROJECTION,4,1808.96658281412,GEOMETRY_BOUND_ONLY_NOT_PRIMARY_FALSIFICATION_PATH,0,10,0,10,0.100406790979362,FUTURE_AC_ONLY,ALL_OUTER_EDGES_SYMMETRIC_BOUNDARY_HEADROOM,9,False
2011-01-21 18:00:00,E0006,VMAX30,NONE,CONVEX-REFLEX,-0.386066399004449,-0.922470994427325,componentwise_nonpositive,USE_ORIGINAL_INWARD_NORMAL_NO_COMPONENTWISE_PROJECTION,4,1979.05875025943,GEOMETRY_BOUND_ONLY_NOT_PRIMARY_FALSIFICATION_PATH,0,9,0,9,0.102409129628625,FUTURE_AC_ONLY,ALL_OUTER_EDGES_SYMMETRIC_BOUNDARY_HEADROOM,8,False
2011-01-21 18:00:00,E0007,VMAX30,NONE,REFLEX-REFLEX,-0.39171980335292,-0.920084558973332,componentwise_nonpositive,USE_ORIGINAL_INWARD_NORMAL_NO_COMPONENTWISE_PROJECTION,5,1978.84799977186,GEOMETRY_BOUND_ONLY_NOT_PRIMARY_FALSIFICATION_PATH,16,19,0,19,0.0514790329681352,FUTURE_AC_ONLY,ALL_OUTER_EDGES_SYMMETRIC_BOUNDARY_HEADROOM,16,False
2011-01-21 18:00:00,E0008,VMAX30,NONE,REFLEX-REFLEX,-0.401663704724438,-0.915787239650695,componentwise_nonpositive,USE_ORIGINAL_INWARD_NORMAL_NO_COMPONENTWISE_PROJECTION,6,1975.39556927946,GEOMETRY_BOUND_ONLY_NOT_PRIMARY_FALSIFICATION_PATH,20,19,0,19,0.050506290577251,FUTURE_AC_ONLY,ALL_OUTER_EDGES_SYMMETRIC_BOUNDARY_HEADROOM,14,False
2011-01-21 18:00:00,E0009,VMAX30,NONE,REFLEX-REFLEX,-0.409819753844077,-0.912166525015679,componentwise_nonpositive,USE_ORIGINAL_INWARD_NORMAL_NO_COMPONENTWISE_PROJECTION,7,1970.03316856117,GEOMETRY_BOUND_ONLY_NOT_PRIMARY_FALSIFICATION_PATH,22,19,0,19,0.0520792332653121,FUTURE_AC_ONLY,ALL_OUTER_EDGES_SYMMETRIC_BOUNDARY_HEADROOM,14,False
2011-01-21 18:00:00,E0010,VMAX30,NONE,REFLEX-REFLEX,-0.419795479454953,-0.907618728007078,componentwise_nonpositive,USE_ORIGINAL_INWARD_NORMAL_NO_COMPONENTWISE_PROJECTION,8,1960.2111561269,GEOMETRY_BOUND_ONLY_NOT_PRIMARY_FALSIFICATION_PATH,19,19,0,19,0.0546884049841391,FUTURE_AC_ONLY,ALL_OUTER_EDGES_SYMMETRIC_BOUNDARY_HEADROOM,14,True
2011-01-21 18:00:00,E0011,VMAX30,NONE,REFLEX-CONVEX,-0.437459013800374,-0.899238350630579,componentwise_nonpositive,USE_ORIGINAL_INWARD_NORMAL_NO_COMPONENTWISE_PROJECTION,9,1936.20522717316,GEOMETRY_BOUND_ONLY_NOT_PRIMARY_FALSIFICATION_PATH,0,0,3,3,0.25,FUTURE_AC_ONLY,ALL_OUTER_EDGES_SYMMETRIC_BOUNDARY_HEADROOM,0,True
2011-01-21 18:00:00,E0012,VMAX30,NONE,CONVEX-REFLEX,-0.429619444973373,-0.903010040088576,componentwise_nonpositive,USE_ORIGINAL_INWARD_NORMAL_NO_COMPONENTWISE_PROJECTION,9,1947.0449229177,GEOMETRY_BOUND_ONLY_NOT_PRIMARY_FALSIFICATION_PATH,6,10,0,10,0.104883870023189,FUTURE_AC_ONLY,ALL_OUTER_EDGES_SYMMETRIC_BOUNDARY_HEADROOM,7,False
2011-01-21 18:00:00,E0013,VMAX30,NONE,REFLEX-REFLEX,-0.437182015886733,-0.899373051066804,componentwise_nonpositive,USE_ORIGINAL_INWARD_NORMAL_NO_COMPONENTWISE_PROJECTION,10,1935.10245607401,GEOMETRY_BOUND_ONLY_NOT_PRIMARY_FALSIFICATION_PATH,12,9,0,9,0.105997092870087,FUTURE_AC_ONLY,ALL_OUTER_EDGES_SYMMETRIC_BOUNDARY_HEADROOM,7,True
2011-01-21 18:00:00,E0014,VMAX30,NONE,REFLEX-REFLEX,-0.444766632479419,-0.895646494233588,componentwise_nonpositive,USE_ORIGINAL_INWARD_NORMAL_NO_COMPONENTWISE_PROJECTION,11,1921.24394772795,GEOMETRY_BOUND_ONLY_NOT_PRIMARY_FALSIFICATION_PATH,12,9,0,9,0.107289171537046,FUTURE_AC_ONLY,ALL_OUTER_EDGES_SYMMETRIC_BOUNDARY_HEADROOM,8,False
2011-01-21 18:00:00,E0015,VMAX30,NONE,REFLEX-REFLEX,-0.455502447761927,-0.89023453094277,componentwise_nonpositive,USE_ORIGINAL_INWARD_NORMAL_NO_COMPONENTWISE_PROJECTION,12,1898.49443139295,GEOMETRY_BOUND_ONLY_NOT_PRIMARY_FALSIFICATION_PATH,11,9,0,9,0.108886493061533,FUTURE_AC_ONLY,ALL_OUTER_EDGES_SYMMETRIC_BOUNDARY_HEADROOM,8,False
2011-01-21 18:00:00,E0016,VMAX30,NONE,REFLEX-REFLEX,-0.469177624859053,-0.883103819678988,componentwise_nonpositive,USE_ORIGINAL_INWARD_NORMAL_NO_COMPONENTWISE_PROJECTION,13,1864.600434569,GEOMETRY_BOUND_ONLY_NOT_PRIMARY_FALSIFICATION_PATH,13,9,0,9,0.110950304227894,FUTURE_AC_ONLY,ALL_OUTER_EDGES_SYMMETRIC_BOUNDARY_HEADROOM,8,False
2011-01-21 18:00:00,E0017,VMAX30,ADJACENT_TO_GUARD_LIMITED_EDGE,REFLEX-CONVEX,-0.488297020810588,-0.872677500264275,componentwise_nonpositive,USE_ORIGINAL_INWARD_NORMAL_NO_COMPONENTWISE_PROJECTION,14,4027.36020006469,GEOMETRY_BOUND_ONLY_NOT_PRIMARY_FALSIFICATION_PATH,13,9,0,9,0.113860348545262,FUTURE_AC_ONLY,ALL_OUTER_EDGES_SYMMETRIC_BOUNDARY_HEADROOM,9,False
2011-01-21 18:00:00,E0018,CLASS_TRANSITION,CROSSES_GUARD_LIMITED_RAY,CONVEX-CONVEX,0.284754415311325,-0.958600502274386,mixed_sign,USE_ORIGINAL_INWARD_NORMAL_NO_COMPONENTWISE_PROJECTION,14,5571.9658821619,GEOMETRY_BOUND_ONLY_NOT_PRIMARY_FALSIFICATION_PATH,0,21,0,21,0.0560030676200161,FUTURE_AC_ONLY,ALL_OUTER_EDGES_SYMMETRIC_BOUNDARY_HEADROOM,18,False
2011-01-21 18:00:00,E0019,VMIN18,ADJACENT_TO_GUARD_LIMITED_EDGE,CONVEX-CONVEX,0.975636947387562,0.219391309974394,componentwise_positive,USE_ORIGINAL_INWARD_NORMAL_NO_COMPONENTWISE_PROJECTION,14,1709.31134479388,GEOMETRY_BOUND_ONLY_NOT_PRIMARY_FALSIFICATION_PATH,0,10,0,10,0.112103445969838,FUTURE_AC_ONLY,ALL_OUTER_EDGES_SYMMETRIC_BOUNDARY_HEADROOM,11,False
2011-01-21 18:00:00,E0020,VMIN18,NONE,CONVEX-CONVEX,0.973695473549459,0.227853296639078,componentwise_positive,USE_ORIGINAL_INWARD_NORMAL_NO_COMPONENTWISE_PROJECTION,14,1685.63900659802,GEOMETRY_BOUND_ONLY_NOT_PRIMARY_FALSIFICATION_PATH,0,9,0,9,0.11027397862017,FUTURE_AC_ONLY,ALL_OUTER_EDGES_SYMMETRIC_BOUNDARY_HEADROOM,11,False
2011-01-21 18:00:00,E0021,VMIN18,NONE,CONVEX-CONVEX,0.972024163586268,0.234880874922621,componentwise_positive,USE_ORIGINAL_INWARD_NORMAL_NO_COMPONENTWISE_PROJECTION,14,1669.52541860469,GEOMETRY_BOUND_ONLY_NOT_PRIMARY_FALSIFICATION_PATH,0,10,0,10,0.108742399531464,FUTURE_AC_ONLY,ALL_OUTER_EDGES_SYMMETRIC_BOUNDARY_HEADROOM,11,False
2011-01-21 18:00:00,E0022,VMIN18,NONE,CONVEX-CONVEX,0.970423623629859,0.241408348449457,componentwise_positive,USE_ORIGINAL_INWARD_NORMAL_NO_COMPONENTWISE_PROJECTION,14,1657.28261127285,GEOMETRY_BOUND_ONLY_NOT_PRIMARY_FALSIFICATION_PATH,0,10,0,10,0.107448120867033,FUTURE_AC_ONLY,ALL_OUTER_EDGES_SYMMETRIC_BOUNDARY_HEADROOM,13,False
2011-01-21 18:00:00,E0023,VMIN18,NONE,CONVEX-CONVEX,0.969020420382747,0.246980616407934,componentwise_positive,USE_ORIGINAL_INWARD_NORMAL_NO_COMPONENTWISE_PROJECTION,14,1648.80696963595,GEOMETRY_BOUND_ONLY_NOT_PRIMARY_FALSIFICATION_PATH,0,11,0,11,0.10631905020998,FUTURE_AC_ONLY,ALL_OUTER_EDGES_SYMMETRIC_BOUNDARY_HEADROOM,13,False
2011-01-21 18:00:00,E0024,VMIN18,NONE,CONVEX-CONVEX,0.967650701701638,0.252293716719875,componentwise_positive,USE_ORIGINAL_INWARD_NORMAL_NO_COMPONENTWISE_PROJECTION,14,1642.36362489897,GEOMETRY_BOUND_ONLY_NOT_PRIMARY_FALSIFICATION_PATH,0,9,0,9,0.105325330423774,FUTURE_AC_ONLY,ALL_OUTER_EDGES_SYMMETRIC_BOUNDARY_HEADROOM,14,False
2011-01-21 18:00:00,E0025,VMIN18,NONE,CONVEX-CONVEX,0.965698272800178,0.259666797859781,componentwise_positive,USE_ORIGINAL_INWARD_NORMAL_NO_COMPONENTWISE_PROJECTION,14,1635.42076708635,GEOMETRY_BOUND_ONLY_NOT_PRIMARY_FALSIFICATION_PATH,0,20,0,20,0.054474822305039,FUTURE_AC_ONLY,ALL_OUTER_EDGES_SYMMETRIC_BOUNDARY_HEADROOM,28,False
2011-01-21 18:00:00,E0026,VMIN18,NONE,CONVEX-CONVEX,0.96338564104669,0.268119575236608,componentwise_positive,USE_ORIGINAL_INWARD_NORMAL_NO_COMPONENTWISE_PROJECTION,14,1631.50429948689,GEOMETRY_BOUND_ONLY_NOT_PRIMARY_FALSIFICATION_PATH,0,18,0,18,0.057678960846328,FUTURE_AC_ONLY,ALL_OUTER_EDGES_SYMMETRIC_BOUNDARY_HEADROOM,26,False
2011-01-21 18:00:00,E0027,VMIN18,NONE,CONVEX-CONVEX,0.961813749878094,0.273704787216881,componentwise_positive,USE_ORIGINAL_INWARD_NORMAL_NO_COMPONENTWISE_PROJECTION,14,1631.05185670213,GEOMETRY_BOUND_ONLY_NOT_PRIMARY_FALSIFICATION_PATH,0,1,4,5,0.217840196529519,FUTURE_AC_ONLY,ALL_OUTER_EDGES_SYMMETRIC_BOUNDARY_HEADROOM,2,False
2011-01-21 18:00:00,E0028,VMIN18,NONE,CONVEX-CONVEX,0.960795391261538,0.277258392353754,componentwise_positive,USE_ORIGINAL_INWARD_NORMAL_NO_COMPONENTWISE_PROJECTION,14,1630.86512412688,GEOMETRY_BOUND_ONLY_NOT_PRIMARY_FALSIFICATION_PATH,0,20,0,20,0.051330969019455,FUTURE_AC_ONLY,ALL_OUTER_EDGES_SYMMETRIC_BOUNDARY_HEADROOM,27,False
2011-01-21 18:00:00,E0029,VMIN18,NONE,CONVEX-CONVEX,0.958190446203033,0.2861312090724,componentwise_positive,USE_ORIGINAL_INWARD_NORMAL_NO_COMPONENTWISE_PROJECTION,14,1633.86668708764,GEOMETRY_BOUND_ONLY_NOT_PRIMARY_FALSIFICATION_PATH,0,20,0,20,0.050477372024587,FUTURE_AC_ONLY,ALL_OUTER_EDGES_SYMMETRIC_BOUNDARY_HEADROOM,24,False
2011-01-21 18:00:00,E0030,VMIN18,NONE,CONVEX-CONVEX,0.955388445270856,0.295352194240939,componentwise_positive,USE_ORIGINAL_INWARD_NORMAL_NO_COMPONENTWISE_PROJECTION,14,1640.49104830146,GEOMETRY_BOUND_ONLY_NOT_PRIMARY_FALSIFICATION_PATH,0,20,0,20,0.051872926681756,FUTURE_AC_ONLY,ALL_OUTER_EDGES_SYMMETRIC_BOUNDARY_HEADROOM,22,False
2011-01-21 18:00:00,E0031,VMIN18,NONE,CONVEX-CONVEX,0.951780874436562,0.306778693942024,componentwise_positive,USE_ORIGINAL_INWARD_NORMAL_NO_COMPONENTWISE_PROJECTION,14,1653.21070210888,GEOMETRY_BOUND_ONLY_NOT_PRIMARY_FALSIFICATION_PATH,0,21,0,21,0.053371170243926,FUTURE_AC_ONLY,ALL_OUTER_EDGES_SYMMETRIC_BOUNDARY_HEADROOM,18,True
2011-01-21 18:00:00,E0032,CLASS_TRANSITION,NONE,CONVEX-CONVEX,0.419897230524506,0.907571658767422,componentwise_positive,USE_ORIGINAL_INWARD_NORMAL_NO_COMPONENTWISE_PROJECTION,14,4248.0335516119,GEOMETRY_BOUND_ONLY_NOT_PRIMARY_FALSIFICATION_PATH,0,10,0,10,0.102935569780257,FUTURE_AC_ONLY,ALL_OUTER_EDGES_SYMMETRIC_BOUNDARY_HEADROOM,9,False
2011-01-21 18:00:00,E0033,VMIN33,NONE,CONVEX-CONVEX,0.409241216228787,0.91242623095765,componentwise_positive,USE_ORIGINAL_INWARD_NORMAL_NO_COMPONENTWISE_PROJECTION,14,4281.45800741021,GEOMETRY_BOUND_ONLY_NOT_PRIMARY_FALSIFICATION_PATH,0,9,0,9,0.102243418440587,FUTURE_AC_ONLY,ALL_OUTER_EDGES_SYMMETRIC_BOUNDARY_HEADROOM,8,False
2011-01-21 18:00:00,E0034,VMIN33,NONE,CONVEX-CONVEX,0.399996060515526,0.91651685831307,componentwise_positive,USE_ORIGINAL_INWARD_NORMAL_NO_COMPONENTWISE_PROJECTION,14,4311.43783715216,GEOMETRY_BOUND_ONLY_NOT_PRIMARY_FALSIFICATION_PATH,0,20,0,20,0.0514195114372972,FUTURE_AC_ONLY,ALL_OUTER_EDGES_SYMMETRIC_BOUNDARY_HEADROOM,16,False
2011-01-21 18:00:00,E0035,VMIN33,NONE,CONVEX-REFLEX,0.387246887918488,0.921976055978378,componentwise_positive,USE_ORIGINAL_INWARD_NORMAL_NO_COMPONENTWISE_PROJECTION,14,4355.99795919266,GEOMETRY_BOUND_ONLY_NOT_PRIMARY_FALSIFICATION_PATH,0,19,0,19,0.050406681208526,FUTURE_AC_ONLY,ALL_OUTER_EDGES_SYMMETRIC_BOUNDARY_HEADROOM,14,False
2011-01-21 18:00:00,E0036,VMIN33,NONE,REFLEX-CONVEX,0.398025028570163,0.917374556346382,componentwise_positive,USE_ORIGINAL_INWARD_NORMAL_NO_COMPONENTWISE_PROJECTION,15,2206.780184799,GEOMETRY_BOUND_ONLY_NOT_PRIMARY_FALSIFICATION_PATH,0,0,3,3,0.25,FUTURE_AC_ONLY,ALL_OUTER_EDGES_SYMMETRIC_BOUNDARY_HEADROOM,0,True
2011-01-21 18:00:00,E0037,VMIN33,NONE,CONVEX-CONVEX,0.375798569493833,0.926701373240802,componentwise_positive,USE_ORIGINAL_INWARD_NORMAL_NO_COMPONENTWISE_PROJECTION,15,2222.01162272931,GEOMETRY_BOUND_ONLY_NOT_PRIMARY_FALSIFICATION_PATH,0,19,0,19,0.052978222388219,FUTURE_AC_ONLY,ALL_OUTER_EDGES_SYMMETRIC_BOUNDARY_HEADROOM,14,False
2011-01-21 18:00:00,E0038,VMIN33,NONE,CONVEX-CONVEX,0.364033967946466,0.931385672093549,componentwise_positive,USE_ORIGINAL_INWARD_NORMAL_NO_COMPONENTWISE_PROJECTION,15,2233.24346806341,GEOMETRY_BOUND_ONLY_NOT_PRIMARY_FALSIFICATION_PATH,0,19,0,19,0.053382978463155,FUTURE_AC_ONLY,ALL_OUTER_EDGES_SYMMETRIC_BOUNDARY_HEADROOM,14,False
2011-01-21 18:00:00,E0039,VMIN33,NONE,CONVEX-CONVEX,0.351813977572532,0.936069936054243,componentwise_positive,USE_ORIGINAL_INWARD_NORMAL_NO_COMPONENTWISE_PROJECTION,15,2248.81806161686,GEOMETRY_BOUND_ONLY_NOT_PRIMARY_FALSIFICATION_PATH,0,19,0,19,0.055193036229243,FUTURE_AC_ONLY,ALL_OUTER_EDGES_SYMMETRIC_BOUNDARY_HEADROOM,14,True
2011-01-21 18:00:00,E0040,VMIN33,NONE,CONVEX-CONVEX,0.340772019305258,0.940145962528488,componentwise_positive,USE_ORIGINAL_INWARD_NORMAL_NO_COMPONENTWISE_PROJECTION,15,2267.06760066622,GEOMETRY_BOUND_ONLY_NOT_PRIMARY_FALSIFICATION_PATH,0,10,0,10,0.106101466191567,FUTURE_AC_ONLY,ALL_OUTER_EDGES_SYMMETRIC_BOUNDARY_HEADROOM,8,False
2011-01-21 18:00:00,E0041,VMIN33,NONE,CONVEX-CONVEX,0.334341206813501,0.942452098213215,componentwise_positive,USE_ORIGINAL_INWARD_NORMAL_NO_COMPONENTWISE_PROJECTION,15,2279.07371554551,GEOMETRY_BOUND_ONLY_NOT_PRIMARY_FALSIFICATION_PATH,0,11,0,11,0.107237951132514,FUTURE_AC_ONLY,ALL_OUTER_EDGES_SYMMETRIC_BOUNDARY_HEADROOM,8,False
2011-01-21 18:00:00,E0042,VMIN33,NONE,CONVEX-CONVEX,0.325562520037774,0.945520515666717,componentwise_positive,USE_ORIGINAL_INWARD_NORMAL_NO_COMPONENTWISE_PROJECTION,15,2297.67596905579,GEOMETRY_BOUND_ONLY_NOT_PRIMARY_FALSIFICATION_PATH,0,9,0,9,0.108534579152377,FUTURE_AC_ONLY,ALL_OUTER_EDGES_SYMMETRIC_BOUNDARY_HEADROOM,8,False
2011-01-21 18:00:00,E0043,VMIN33,NONE,CONVEX-CONVEX,0.315639208060241,0.948879281223436,componentwise_positive,USE_ORIGINAL_INWARD_NORMAL_NO_COMPONENTWISE_PROJECTION,15,2321.60488426418,GEOMETRY_BOUND_ONLY_NOT_PRIMARY_FALSIFICATION_PATH,0,11,0,11,0.11006797282758,FUTURE_AC_ONLY,ALL_OUTER_EDGES_SYMMETRIC_BOUNDARY_HEADROOM,9,False
2011-01-21 18:00:00,E0044,VMIN33,ADJACENT_TO_GUARD_LIMITED_EDGE,CONVEX-CONVEX,0.304469425296971,0.952522109485828,componentwise_positive,USE_ORIGINAL_INWARD_NORMAL_NO_COMPONENTWISE_PROJECTION,15,2352.47461421637,GEOMETRY_BOUND_ONLY_NOT_PRIMARY_FALSIFICATION_PATH,0,10,0,10,0.111933475273052,FUTURE_AC_ONLY,ALL_OUTER_EDGES_SYMMETRIC_BOUNDARY_HEADROOM,9,False
2011-01-21 18:00:00,E0045,CLASS_TRANSITION,CROSSES_GUARD_LIMITED_RAY,CONVEX-CONVEX,-0.995116411515887,0.0987082951516377,mixed_sign,USE_ORIGINAL_INWARD_NORMAL_NO_COMPONENTWISE_PROJECTION,15,2566.90879529673,GEOMETRY_BOUND_ONLY_NOT_PRIMARY_FALSIFICATION_PATH,0,19,0,19,0.0556774908452432,FUTURE_AC_ONLY,ALL_OUTER_EDGES_SYMMETRIC_BOUNDARY_HEADROOM,20,False
2011-01-21 18:00:00,E0046,VMAX13,ADJACENT_TO_GUARD_LIMITED_EDGE,CONVEX-REFLEX,-0.932755958358128,-0.360508421742697,componentwise_nonpositive,USE_ORIGINAL_INWARD_NORMAL_NO_COMPONENTWISE_PROJECTION,15,2394.00084627034,GEOMETRY_BOUND_ONLY_NOT_PRIMARY_FALSIFICATION_PATH,13,9,0,9,0.115604146664642,FUTURE_AC_ONLY,ALL_OUTER_EDGES_SYMMETRIC_BOUNDARY_HEADROOM,11,False
2011-01-21 18:00:00,E0047,VMAX13,NONE,REFLEX-REFLEX,-0.938713044494945,-0.344699608492716,componentwise_nonpositive,USE_ORIGINAL_INWARD_NORMAL_NO_COMPONENTWISE_PROJECTION,16,1348.58754145341,GEOMETRY_BOUND_ONLY_NOT_PRIMARY_FALSIFICATION_PATH,13,9,0,9,0.112061454624667,FUTURE_AC_ONLY,ALL_OUTER_EDGES_SYMMETRIC_BOUNDARY_HEADROOM,11,False
2011-01-21 18:00:00,E0048,VMAX13,NONE,REFLEX-REFLEX,-0.942682126625337,-0.333692085823342,componentwise_nonpositive,USE_ORIGINAL_INWARD_NORMAL_NO_COMPONENTWISE_PROJECTION,17,1370.20283585932,GEOMETRY_BOUND_ONLY_NOT_PRIMARY_FALSIFICATION_PATH,13,9,0,9,0.109678409837233,FUTURE_AC_ONLY,ALL_OUTER_EDGES_SYMMETRIC_BOUNDARY_HEADROOM,13,False
2011-01-21 18:00:00,E0049,VMAX13,NONE,REFLEX-REFLEX,-0.945578473674207,-0.32539414580468,componentwise_nonpositive,USE_ORIGINAL_INWARD_NORMAL_NO_COMPONENTWISE_PROJECTION,18,1383.10947904677,GEOMETRY_BOUND_ONLY_NOT_PRIMARY_FALSIFICATION_PATH,11,9,0,9,0.107898110917552,FUTURE_AC_ONLY,ALL_OUTER_EDGES_SYMMETRIC_BOUNDARY_HEADROOM,13,False
2011-01-21 18:00:00,E0050,VMAX13,NONE,REFLEX-REFLEX,-0.947920392979808,-0.318507344613913,componentwise_nonpositive,USE_ORIGINAL_INWARD_NORMAL_NO_COMPONENTWISE_PROJECTION,19,1391.52865519001,GEOMETRY_BOUND_ONLY_NOT_PRIMARY_FALSIFICATION_PATH,12,9,0,9,0.10647230625197,FUTURE_AC_ONLY,ALL_OUTER_EDGES_SYMMETRIC_BOUNDARY_HEADROOM,14,False
2011-01-21 18:00:00,E0051,VMAX13,NONE,REFLEX-REFLEX,-0.949023289752309,-0.315205957284605,componentwise_nonpositive,USE_ORIGINAL_INWARD_NORMAL_NO_COMPONENTWISE_PROJECTION,20,1394.6404091286,GEOMETRY_BOUND_ONLY_NOT_PRIMARY_FALSIFICATION_PATH,0,1,4,5,0.216082192344297,FUTURE_AC_ONLY,ALL_OUTER_EDGES_SYMMETRIC_BOUNDARY_HEADROOM,2,False
2011-01-21 18:00:00,E0052,VMAX13,NONE,REFLEX-REFLEX,-0.950466850336563,-0.310825942307415,componentwise_nonpositive,USE_ORIGINAL_INWARD_NORMAL_NO_COMPONENTWISE_PROJECTION,21,1398.54461845939,GEOMETRY_BOUND_ONLY_NOT_PRIMARY_FALSIFICATION_PATH,21,18,0,18,0.0598204549580185,FUTURE_AC_ONLY,ALL_OUTER_EDGES_SYMMETRIC_BOUNDARY_HEADROOM,26,False
2011-02-05 11:30:00,E0000,VMAX13,NONE,REFLEX-REFLEX,-0.955443627173417,-0.295173635837797,componentwise_nonpositive,USE_ORIGINAL_INWARD_NORMAL_NO_COMPONENTWISE_PROJECTION,0,1124.30274715449,GEOMETRY_BOUND_ONLY_NOT_PRIMARY_FALSIFICATION_PATH,18,19,0,19,0.0531776167924445,FUTURE_AC_ONLY,ALL_OUTER_EDGES_SYMMETRIC_BOUNDARY_HEADROOM,29,False
2011-02-05 11:30:00,E0001,VMAX13,NONE,REFLEX-REFLEX,-0.957057046609473,-0.289899654251525,componentwise_nonpositive,USE_ORIGINAL_INWARD_NORMAL_NO_COMPONENTWISE_PROJECTION,1,1124.59833241253,GEOMETRY_BOUND_ONLY_NOT_PRIMARY_FALSIFICATION_PATH,17,19,0,19,0.051497920152615,FUTURE_AC_ONLY,ALL_OUTER_EDGES_SYMMETRIC_BOUNDARY_HEADROOM,26,False
2011-02-05 11:30:00,E0002,VMAX13,NONE,REFLEX-REFLEX,-0.958472583808225,-0.285184687681483,componentwise_nonpositive,USE_ORIGINAL_INWARD_NORMAL_NO_COMPONENTWISE_PROJECTION,2,1123.5219190687,GEOMETRY_BOUND_ONLY_NOT_PRIMARY_FALSIFICATION_PATH,5,19,0,19,0.050474010302103,FUTURE_AC_ONLY,ALL_OUTER_EDGES_SYMMETRIC_BOUNDARY_HEADROOM,25,False
2011-02-05 11:30:00,E0003,VMAX13,NONE,REFLEX-REFLEX,-0.960148703261227,-0.279489655668658,componentwise_nonpositive,USE_ORIGINAL_INWARD_NORMAL_NO_COMPONENTWISE_PROJECTION,3,1120.63789080779,GEOMETRY_BOUND_ONLY_NOT_PRIMARY_FALSIFICATION_PATH,7,19,0,19,0.052054417182721,FUTURE_AC_ONLY,ALL_OUTER_EDGES_SYMMETRIC_BOUNDARY_HEADROOM,21,False
2011-02-05 11:30:00,E0004,VMAX13,NONE,REFLEX-REFLEX,-0.961541447330108,-0.274659871598167,componentwise_nonpositive,USE_ORIGINAL_INWARD_NORMAL_NO_COMPONENTWISE_PROJECTION,4,1116.79137201386,GEOMETRY_BOUND_ONLY_NOT_PRIMARY_FALSIFICATION_PATH,18,19,0,19,0.053807636764747,FUTURE_AC_ONLY,ALL_OUTER_EDGES_SYMMETRIC_BOUNDARY_HEADROOM,19,False
2011-02-05 11:30:00,E0005,VMAX13,NONE,REFLEX-CONVEX,-0.962552140811941,-0.271096617865935,componentwise_nonpositive,USE_ORIGINAL_INWARD_NORMAL_NO_COMPONENTWISE_PROJECTION,5,1112.80444991546,GEOMETRY_BOUND_ONLY_NOT_PRIMARY_FALSIFICATION_PATH,0,9,0,9,0.104797580164935,FUTURE_AC_ONLY,ALL_OUTER_EDGES_SYMMETRIC_BOUNDARY_HEADROOM,8,False
2011-02-05 11:30:00,E0006,CLASS_TRANSITION,NONE,CONVEX-CONVEX,-0.717053712486055,-0.697017914698012,componentwise_nonpositive,USE_ORIGINAL_INWARD_NORMAL_NO_COMPONENTWISE_PROJECTION,5,1575.50134593169,GEOMETRY_BOUND_ONLY_NOT_PRIMARY_FALSIFICATION_PATH,0,10,0,10,0.100500879669437,FUTURE_AC_ONLY,ALL_OUTER_EDGES_SYMMETRIC_BOUNDARY_HEADROOM,8,True
2011-02-05 11:30:00,E0007,VMAX30,NONE,CONVEX-REFLEX,-0.386277068114069,-0.922382798326811,componentwise_nonpositive,USE_ORIGINAL_INWARD_NORMAL_NO_COMPONENTWISE_PROJECTION,5,1724.55733495312,GEOMETRY_BOUND_ONLY_NOT_PRIMARY_FALSIFICATION_PATH,18,20,0,20,0.0515290996231265,FUTURE_AC_ONLY,ALL_OUTER_EDGES_SYMMETRIC_BOUNDARY_HEADROOM,16,False
2011-02-05 11:30:00,E0008,VMAX30,NONE,REFLEX-REFLEX,-0.39271555233191,-0.919659988776636,componentwise_nonpositive,USE_ORIGINAL_INWARD_NORMAL_NO_COMPONENTWISE_PROJECTION,6,1722.69794666579,GEOMETRY_BOUND_ONLY_NOT_PRIMARY_FALSIFICATION_PATH,14,19,0,19,0.05043351098681,FUTURE_AC_ONLY,ALL_OUTER_EDGES_SYMMETRIC_BOUNDARY_HEADROOM,14,False
2011-02-05 11:30:00,E0009,VMAX30,NONE,REFLEX-REFLEX,-0.401542600466623,-0.915840346354375,componentwise_nonpositive,USE_ORIGINAL_INWARD_NORMAL_NO_COMPONENTWISE_PROJECTION,7,1717.8172094101,GEOMETRY_BOUND_ONLY_NOT_PRIMARY_FALSIFICATION_PATH,13,19,0,19,0.052005150754149,FUTURE_AC_ONLY,ALL_OUTER_EDGES_SYMMETRIC_BOUNDARY_HEADROOM,14,False
2011-02-05 11:30:00,E0010,VMAX30,NONE,REFLEX-REFLEX,-0.409387430208281,-0.912360637022148,componentwise_nonpositive,USE_ORIGINAL_INWARD_NORMAL_NO_COMPONENTWISE_PROJECTION,8,1711.29041181002,GEOMETRY_BOUND_ONLY_NOT_PRIMARY_FALSIFICATION_PATH,18,19,0,19,0.053748619846595,FUTURE_AC_ONLY,ALL_OUTER_EDGES_SYMMETRIC_BOUNDARY_HEADROOM,14,False
2011-02-05 11:30:00,E0011,VMAX30,NONE,REFLEX-REFLEX,-0.417975543113791,-0.908458279371558,componentwise_nonpositive,USE_ORIGINAL_INWARD_NORMAL_NO_COMPONENTWISE_PROJECTION,9,1701.46480304435,GEOMETRY_BOUND_ONLY_NOT_PRIMARY_FALSIFICATION_PATH,0,9,0,9,0.104759881271912,FUTURE_AC_ONLY,ALL_OUTER_EDGES_SYMMETRIC_BOUNDARY_HEADROOM,7,False
2011-02-05 11:30:00,E0012,VMAX30,NONE,REFLEX-REFLEX,-0.422511705768934,-0.906357467276695,componentwise_nonpositive,USE_ORIGINAL_INWARD_NORMAL_NO_COMPONENTWISE_PROJECTION,10,1695.43861188765,GEOMETRY_BOUND_ONLY_NOT_PRIMARY_FALSIFICATION_PATH,6,9,0,9,0.10582246710703,FUTURE_AC_ONLY,ALL_OUTER_EDGES_SYMMETRIC_BOUNDARY_HEADROOM,7,True
2011-02-05 11:30:00,E0013,VMAX30,NONE,REFLEX-REFLEX,-0.430188643480665,-0.902739016006434,componentwise_nonpositive,USE_ORIGINAL_INWARD_NORMAL_NO_COMPONENTWISE_PROJECTION,11,1683.66553800988,GEOMETRY_BOUND_ONLY_NOT_PRIMARY_FALSIFICATION_PATH,9,9,0,9,0.107083534759538,FUTURE_AC_ONLY,ALL_OUTER_EDGES_SYMMETRIC_BOUNDARY_HEADROOM,8,False
2011-02-05 11:30:00,E0014,VMAX30,NONE,REFLEX-CONVEX,-0.438171337492924,-0.898891472314463,componentwise_nonpositive,USE_ORIGINAL_INWARD_NORMAL_NO_COMPONENTWISE_PROJECTION,12,1669.50000307574,GEOMETRY_BOUND_ONLY_NOT_PRIMARY_FALSIFICATION_PATH,13,10,0,10,0.108590400556726,FUTURE_AC_ONLY,ALL_OUTER_EDGES_SYMMETRIC_BOUNDARY_HEADROOM,8,False
2011-02-05 11:30:00,E0015,VMAX30,NONE,CONVEX-REFLEX,-0.437032472451344,-0.899445728225481,componentwise_nonpositive,USE_ORIGINAL_INWARD_NORMAL_NO_COMPONENTWISE_PROJECTION,12,1671.82950048747,GEOMETRY_BOUND_ONLY_NOT_PRIMARY_FALSIFICATION_PATH,0,0,3,3,0.25,FUTURE_AC_ONLY,ALL_OUTER_EDGES_SYMMETRIC_BOUNDARY_HEADROOM,0,True
2011-02-05 11:30:00,E0016,VMAX30,NONE,REFLEX-REFLEX,-0.449325164823708,-0.893368287021734,componentwise_nonpositive,USE_ORIGINAL_INWARD_NORMAL_NO_COMPONENTWISE_PROJECTION,13,1646.15816450463,GEOMETRY_BOUND_ONLY_NOT_PRIMARY_FALSIFICATION_PATH,11,9,0,9,0.119933160325757,FUTURE_AC_ONLY,ALL_OUTER_EDGES_SYMMETRIC_BOUNDARY_HEADROOM,8,False
2011-02-05 11:30:00,E0017,VMAX30,NONE,REFLEX-REFLEX,-0.462380071789943,-0.886681830879333,componentwise_nonpositive,USE_ORIGINAL_INWARD_NORMAL_NO_COMPONENTWISE_PROJECTION,14,1614.42906626639,GEOMETRY_BOUND_ONLY_NOT_PRIMARY_FALSIFICATION_PATH,13,9,0,9,0.113079992584435,FUTURE_AC_ONLY,ALL_OUTER_EDGES_SYMMETRIC_BOUNDARY_HEADROOM,8,False
2011-02-05 11:30:00,E0018,VMAX30,ADJACENT_TO_GUARD_LIMITED_EDGE,REFLEX-CONVEX,-0.483097368684578,-0.875566635025591,componentwise_nonpositive,USE_ORIGINAL_INWARD_NORMAL_NO_COMPONENTWISE_PROJECTION,15,1553.92692797685,GEOMETRY_BOUND_ONLY_NOT_PRIMARY_FALSIFICATION_PATH,13,10,0,10,0.116989174141627,FUTURE_AC_ONLY,ALL_OUTER_EDGES_SYMMETRIC_BOUNDARY_HEADROOM,9,False
2011-02-05 11:30:00,E0019,CLASS_TRANSITION,CROSSES_GUARD_LIMITED_RAY,CONVEX-CONVEX,0.366333764557444,-0.930483515676216,mixed_sign,USE_ORIGINAL_INWARD_NORMAL_NO_COMPONENTWISE_PROJECTION,15,3402.03947711799,GEOMETRY_BOUND_ONLY_NOT_PRIMARY_FALSIFICATION_PATH,0,19,0,19,0.056340492172089,FUTURE_AC_ONLY,ALL_OUTER_EDGES_SYMMETRIC_BOUNDARY_HEADROOM,20,False
2011-02-05 11:30:00,E0020,VMIN18,ADJACENT_TO_GUARD_LIMITED_EDGE,CONVEX-CONVEX,0.97603112031688,0.217631000027516,componentwise_positive,USE_ORIGINAL_INWARD_NORMAL_NO_COMPONENTWISE_PROJECTION,16,3417.7281639721,GEOMETRY_BOUND_ONLY_NOT_PRIMARY_FALSIFICATION_PATH,0,10,0,10,0.109997000388258,FUTURE_AC_ONLY,ALL_OUTER_EDGES_SYMMETRIC_BOUNDARY_HEADROOM,11,False
2011-02-05 11:30:00,E0021,VMIN18,NONE,CONVEX-CONVEX,0.97431760070193,0.225178180475892,componentwise_positive,USE_ORIGINAL_INWARD_NORMAL_NO_COMPONENTWISE_PROJECTION,16,3375.8156378604,GEOMETRY_BOUND_ONLY_NOT_PRIMARY_FALSIFICATION_PATH,0,10,0,10,0.108526727782655,FUTURE_AC_ONLY,ALL_OUTER_EDGES_SYMMETRIC_BOUNDARY_HEADROOM,12,False
2011-02-05 11:30:00,E0022,VMIN18,NONE,CONVEX-CONVEX,0.972715560797864,0.232000943493119,componentwise_positive,USE_ORIGINAL_INWARD_NORMAL_NO_COMPONENTWISE_PROJECTION,16,3341.06895261214,GEOMETRY_BOUND_ONLY_NOT_PRIMARY_FALSIFICATION_PATH,0,9,0,9,0.107271761885223,FUTURE_AC_ONLY,ALL_OUTER_EDGES_SYMMETRIC_BOUNDARY_HEADROOM,13,False
2011-02-05 11:30:00,E0023,VMIN18,NONE,CONVEX-CONVEX,0.971210606175223,0.238222497788844,componentwise_positive,USE_ORIGINAL_INWARD_NORMAL_NO_COMPONENTWISE_PROJECTION,16,3311.82197222922,GEOMETRY_BOUND_ONLY_NOT_PRIMARY_FALSIFICATION_PATH,0,10,0,10,0.106178305694276,FUTURE_AC_ONLY,ALL_OUTER_EDGES_SYMMETRIC_BOUNDARY_HEADROOM,13,False
2011-02-05 11:30:00,E0024,VMIN18,NONE,CONVEX-CONVEX,0.969869407152383,0.243625394960964,componentwise_positive,USE_ORIGINAL_INWARD_NORMAL_NO_COMPONENTWISE_PROJECTION,16,3288.27078086291,GEOMETRY_BOUND_ONLY_NOT_PRIMARY_FALSIFICATION_PATH,0,10,0,10,0.10520250558609,FUTURE_AC_ONLY,ALL_OUTER_EDGES_SYMMETRIC_BOUNDARY_HEADROOM,13,False
2011-02-05 11:30:00,E0025,VMIN18,NONE,CONVEX-CONVEX,0.967786905376901,0.251770740518037,componentwise_positive,USE_ORIGINAL_INWARD_NORMAL_NO_COMPONENTWISE_PROJECTION,16,3255.18885782956,GEOMETRY_BOUND_ONLY_NOT_PRIMARY_FALSIFICATION_PATH,0,20,0,20,0.0543698559633963,FUTURE_AC_ONLY,ALL_OUTER_EDGES_SYMMETRIC_BOUNDARY_HEADROOM,29,False
2011-02-05 11:30:00,E0026,VMIN18,NONE,CONVEX-CONVEX,0.965245867816969,0.261343480236768,componentwise_positive,USE_ORIGINAL_INWARD_NORMAL_NO_COMPONENTWISE_PROJECTION,16,3221.41732423017,GEOMETRY_BOUND_ONLY_NOT_PRIMARY_FALSIFICATION_PATH,0,20,0,20,0.0527236795004294,FUTURE_AC_ONLY,ALL_OUTER_EDGES_SYMMETRIC_BOUNDARY_HEADROOM,29,False
2011-02-05 11:30:00,E0027,VMIN18,NONE,CONVEX-CONVEX,0.96248928771124,0.271319684212389,componentwise_positive,USE_ORIGINAL_INWARD_NORMAL_NO_COMPONENTWISE_PROJECTION,16,3190.81820578409,GEOMETRY_BOUND_ONLY_NOT_PRIMARY_FALSIFICATION_PATH,0,19,0,19,0.051274060170601,FUTURE_AC_ONLY,ALL_OUTER_EDGES_SYMMETRIC_BOUNDARY_HEADROOM,26,False
2011-02-05 11:30:00,E0028,VMIN18,NONE,CONVEX-CONVEX,0.959754455413361,0.280840497995221,componentwise_positive,USE_ORIGINAL_INWARD_NORMAL_NO_COMPONENTWISE_PROJECTION,16,3165.68727376387,GEOMETRY_BOUND_ONLY_NOT_PRIMARY_FALSIFICATION_PATH,0,19,0,19,0.0543501353796929,FUTURE_AC_ONLY,ALL_OUTER_EDGES_SYMMETRIC_BOUNDARY_HEADROOM,23,False
2011-02-05 11:30:00,E0029,VMIN18,NONE,CONVEX-CONVEX,0.958105548920794,0.286415357701335,componentwise_positive,USE_ORIGINAL_INWARD_NORMAL_NO_COMPONENTWISE_PROJECTION,16,3153.18315089523,GEOMETRY_BOUND_ONLY_NOT_PRIMARY_FALSIFICATION_PATH,0,1,4,5,0.170704137066985,FUTURE_AC_ONLY,ALL_OUTER_EDGES_SYMMETRIC_BOUNDARY_HEADROOM,2,False
2011-02-05 11:30:00,E0030,VMIN18,NONE,CONVEX-CONVEX,0.956415768362995,0.292008352665848,componentwise_positive,USE_ORIGINAL_INWARD_NORMAL_NO_COMPONENTWISE_PROJECTION,16,3140.70052395527,GEOMETRY_BOUND_ONLY_NOT_PRIMARY_FALSIFICATION_PATH,0,19,0,19,0.0518985683615329,FUTURE_AC_ONLY,ALL_OUTER_EDGES_SYMMETRIC_BOUNDARY_HEADROOM,21,False
2011-02-05 11:30:00,E0031,VMIN18,NONE,CONVEX-CONVEX,0.953561056658559,0.301199786228698,componentwise_positive,USE_ORIGINAL_INWARD_NORMAL_NO_COMPONENTWISE_PROJECTION,16,3124.33345863432,GEOMETRY_BOUND_ONLY_NOT_PRIMARY_FALSIFICATION_PATH,0,9,0,9,0.102674441638566,FUTURE_AC_ONLY,ALL_OUTER_EDGES_SYMMETRIC_BOUNDARY_HEADROOM,10,False
2011-02-05 11:30:00,E0032,CLASS_TRANSITION,NONE,CONVEX-CONVEX,0.810205746065355,0.586145586900287,componentwise_positive,USE_ORIGINAL_INWARD_NORMAL_NO_COMPONENTWISE_PROJECTION,16,2687.13070942251,GEOMETRY_BOUND_ONLY_NOT_PRIMARY_FALSIFICATION_PATH,0,10,0,10,0.10026407244686,FUTURE_AC_ONLY,ALL_OUTER_EDGES_SYMMETRIC_BOUNDARY_HEADROOM,9,False
2011-02-05 11:30:00,E0033,VMIN33,NONE,CONVEX-CONVEX,0.406399573880348,0.913695456019056,componentwise_positive,USE_ORIGINAL_INWARD_NORMAL_NO_COMPONENTWISE_PROJECTION,16,3846.42500773077,GEOMETRY_BOUND_ONLY_NOT_PRIMARY_FALSIFICATION_PATH,0,19,0,19,0.0552628580680783,FUTURE_AC_ONLY,ALL_OUTER_EDGES_SYMMETRIC_BOUNDARY_HEADROOM,16,False
2011-02-05 11:30:00,E0034,VMIN33,NONE,CONVEX-CONVEX,0.39971651372392,0.916638810359018,componentwise_positive,USE_ORIGINAL_INWARD_NORMAL_NO_COMPONENTWISE_PROJECTION,16,3872.08501996609,GEOMETRY_BOUND_ONLY_NOT_PRIMARY_FALSIFICATION_PATH,0,1,3,4,0.249999999980033,FUTURE_AC_ONLY,ALL_OUTER_EDGES_SYMMETRIC_BOUNDARY_HEADROOM,0,True
2011-02-05 11:30:00,E0035,VMIN33,NONE,CONVEX-CONVEX,0.391411191276312,0.920215887356689,componentwise_positive,USE_ORIGINAL_INWARD_NORMAL_NO_COMPONENTWISE_PROJECTION,16,3903.71104337177,GEOMETRY_BOUND_ONLY_NOT_PRIMARY_FALSIFICATION_PATH,0,19,0,19,0.0514924356120057,FUTURE_AC_ONLY,ALL_OUTER_EDGES_SYMMETRIC_BOUNDARY_HEADROOM,16,False
2011-02-05 11:30:00,E0036,VMIN33,NONE,CONVEX-CONVEX,0.378624694918919,0.925550290582611,componentwise_positive,USE_ORIGINAL_INWARD_NORMAL_NO_COMPONENTWISE_PROJECTION,16,3956.21407863413,GEOMETRY_BOUND_ONLY_NOT_PRIMARY_FALSIFICATION_PATH,0,19,0,19,0.05033746958562,FUTURE_AC_ONLY,ALL_OUTER_EDGES_SYMMETRIC_BOUNDARY_HEADROOM,14,False
2011-02-05 11:30:00,E0037,VMIN33,NONE,CONVEX-CONVEX,0.365573055377558,0.930782649807095,componentwise_positive,USE_ORIGINAL_INWARD_NORMAL_NO_COMPONENTWISE_PROJECTION,16,4013.34106661936,GEOMETRY_BOUND_ONLY_NOT_PRIMARY_FALSIFICATION_PATH,0,19,0,19,0.0517439709154059,FUTURE_AC_ONLY,ALL_OUTER_EDGES_SYMMETRIC_BOUNDARY_HEADROOM,14,False
2011-02-05 11:30:00,E0038,VMIN33,NONE,CONVEX-CONVEX,0.353354342434744,0.935489555624492,componentwise_positive,USE_ORIGINAL_INWARD_NORMAL_NO_COMPONENTWISE_PROJECTION,16,4070.25592561971,GEOMETRY_BOUND_ONLY_NOT_PRIMARY_FALSIFICATION_PATH,0,19,0,19,0.053286054668094,FUTURE_AC_ONLY,ALL_OUTER_EDGES_SYMMETRIC_BOUNDARY_HEADROOM,14,False
2011-02-05 11:30:00,E0039,VMIN33,NONE,CONVEX-CONVEX,0.340525032233466,0.940235450524174,componentwise_positive,USE_ORIGINAL_INWARD_NORMAL_NO_COMPONENTWISE_PROJECTION,16,4134.02897870167,GEOMETRY_BOUND_ONLY_NOT_PRIMARY_FALSIFICATION_PATH,0,21,0,21,0.0550722258193,FUTURE_AC_ONLY,ALL_OUTER_EDGES_SYMMETRIC_BOUNDARY_HEADROOM,14,True
2011-02-05 11:30:00,E0040,VMIN33,NONE,CONVEX-CONVEX,0.329736721798295,0.944072928484719,componentwise_positive,USE_ORIGINAL_INWARD_NORMAL_NO_COMPONENTWISE_PROJECTION,16,4191.75429850913,GEOMETRY_BOUND_ONLY_NOT_PRIMARY_FALSIFICATION_PATH,0,10,0,10,0.105977037863185,FUTURE_AC_ONLY,ALL_OUTER_EDGES_SYMMETRIC_BOUNDARY_HEADROOM,8,False
2011-02-05 11:30:00,E0041,VMIN33,NONE,CONVEX-CONVEX,0.321812746199031,0.946803335642539,componentwise_positive,USE_ORIGINAL_INWARD_NORMAL_NO_COMPONENTWISE_PROJECTION,16,4235.77254389903,GEOMETRY_BOUND_ONLY_NOT_PRIMARY_FALSIFICATION_PATH,0,9,0,9,0.107078629021965,FUTURE_AC_ONLY,ALL_OUTER_EDGES_SYMMETRIC_BOUNDARY_HEADROOM,8,False
2011-02-05 11:30:00,E0042,VMIN33,NONE,CONVEX-CONVEX,0.312901220905816,0.949785673694676,componentwise_positive,USE_ORIGINAL_INWARD_NORMAL_NO_COMPONENTWISE_PROJECTION,16,4287.48037180198,GEOMETRY_BOUND_ONLY_NOT_PRIMARY_FALSIFICATION_PATH,0,11,0,11,0.108346830512473,FUTURE_AC_ONLY,ALL_OUTER_EDGES_SYMMETRIC_BOUNDARY_HEADROOM,8,False
2011-02-05 11:30:00,E0043,VMIN33,ADJACENT_TO_GUARD_LIMITED_EDGE,CONVEX-CONVEX,0.302947117046678,0.9530073684254,componentwise_positive,USE_ORIGINAL_INWARD_NORMAL_NO_COMPONENTWISE_PROJECTION,16,4348.12519123926,GEOMETRY_BOUND_ONLY_NOT_PRIMARY_FALSIFICATION_PATH,0,10,0,10,0.10984261108234,FUTURE_AC_ONLY,ALL_OUTER_EDGES_SYMMETRIC_BOUNDARY_HEADROOM,8,False
2011-02-05 11:30:00,E0044,CLASS_TRANSITION,CROSSES_GUARD_LIMITED_RAY,CONVEX-CONVEX,-0.997283515051409,0.0736586085037259,mixed_sign,USE_ORIGINAL_INWARD_NORMAL_NO_COMPONENTWISE_PROJECTION,16,5000.75912090974,GEOMETRY_BOUND_ONLY_NOT_PRIMARY_FALSIFICATION_PATH,0,19,0,19,0.0574122747140302,FUTURE_AC_ONLY,ALL_OUTER_EDGES_SYMMETRIC_BOUNDARY_HEADROOM,19,False
2011-02-05 11:30:00,E0045,VMAX13,ADJACENT_TO_GUARD_LIMITED_EDGE,CONVEX-REFLEX,-0.935656436090299,-0.352912217984585,componentwise_nonpositive,USE_ORIGINAL_INWARD_NORMAL_NO_COMPONENTWISE_PROJECTION,16,3039.17729933212,GEOMETRY_BOUND_ONLY_NOT_PRIMARY_FALSIFICATION_PATH,13,10,0,10,0.119327824463307,FUTURE_AC_ONLY,ALL_OUTER_EDGES_SYMMETRIC_BOUNDARY_HEADROOM,10,False
2011-02-05 11:30:00,E0046,VMAX13,NONE,REFLEX-REFLEX,-0.941475080998779,-0.337082589076242,componentwise_nonpositive,USE_ORIGINAL_INWARD_NORMAL_NO_COMPONENTWISE_PROJECTION,17,1072.99435439038,GEOMETRY_BOUND_ONLY_NOT_PRIMARY_FALSIFICATION_PATH,13,9,0,9,0.114488240894973,FUTURE_AC_ONLY,ALL_OUTER_EDGES_SYMMETRIC_BOUNDARY_HEADROOM,11,False
2011-02-05 11:30:00,E0047,VMAX13,NONE,REFLEX-REFLEX,-0.943288845402307,-0.33197312261625,componentwise_nonpositive,USE_ORIGINAL_INWARD_NORMAL_NO_COMPONENTWISE_PROJECTION,18,1082.85855103262,GEOMETRY_BOUND_ONLY_NOT_PRIMARY_FALSIFICATION_PATH,0,1,4,5,0.171673242779367,FUTURE_AC_ONLY,ALL_OUTER_EDGES_SYMMETRIC_BOUNDARY_HEADROOM,2,False
2011-02-05 11:30:00,E0048,VMAX13,NONE,REFLEX-REFLEX,-0.945685421848264,-0.325083193819167,componentwise_nonpositive,USE_ORIGINAL_INWARD_NORMAL_NO_COMPONENTWISE_PROJECTION,19,1095.65101091831,GEOMETRY_BOUND_ONLY_NOT_PRIMARY_FALSIFICATION_PATH,8,8,0,8,0.126377202416079,FUTURE_AC_ONLY,ALL_OUTER_EDGES_SYMMETRIC_BOUNDARY_HEADROOM,10,False
2011-02-05 11:30:00,E0049,VMAX13,NONE,REFLEX-REFLEX,-0.947921506411668,-0.31850403087282,componentwise_nonpositive,USE_ORIGINAL_INWARD_NORMAL_NO_COMPONENTWISE_PROJECTION,20,1105.69771007786,GEOMETRY_BOUND_ONLY_NOT_PRIMARY_FALSIFICATION_PATH,11,9,0,9,0.109305003503158,FUTURE_AC_ONLY,ALL_OUTER_EDGES_SYMMETRIC_BOUNDARY_HEADROOM,13,False
2011-02-05 11:30:00,E0050,VMAX13,NONE,REFLEX-REFLEX,-0.949935693995461,-0.312445478881296,componentwise_nonpositive,USE_ORIGINAL_INWARD_NORMAL_NO_COMPONENTWISE_PROJECTION,21,1113.06014670255,GEOMETRY_BOUND_ONLY_NOT_PRIMARY_FALSIFICATION_PATH,11,9,0,9,0.107645320469502,FUTURE_AC_ONLY,ALL_OUTER_EDGES_SYMMETRIC_BOUNDARY_HEADROOM,13,False
2011-02-05 11:30:00,E0051,VMAX13,NONE,REFLEX-REFLEX,-0.951370124672772,-0.308050135335327,componentwise_nonpositive,USE_ORIGINAL_INWARD_NORMAL_NO_COMPONENTWISE_PROJECTION,22,1117.26844496806,GEOMETRY_BOUND_ONLY_NOT_PRIMARY_FALSIFICATION_PATH,2,9,0,9,0.106305128776658,FUTURE_AC_ONLY,ALL_OUTER_EDGES_SYMMETRIC_BOUNDARY_HEADROOM,13,False
2011-02-05 11:30:00,E0052,VMAX13,NONE,REFLEX-REFLEX,-0.953369746689852,-0.301804781434171,componentwise_nonpositive,USE_ORIGINAL_INWARD_NORMAL_NO_COMPONENTWISE_PROJECTION,23,1121.86234202892,GEOMETRY_BOUND_ONLY_NOT_PRIMARY_FALSIFICATION_PATH,19,19,0,19,0.0551722025854991,FUTURE_AC_ONLY,ALL_OUTER_EDGES_SYMMETRIC_BOUNDARY_HEADROOM,29,False
2011-02-05 17:30:00,E0000,VMAX13,NONE,REFLEX-REFLEX,-0.95671393269377,-0.291029982973611,componentwise_nonpositive,USE_ORIGINAL_INWARD_NORMAL_NO_COMPONENTWISE_PROJECTION,0,965.694804448452,GEOMETRY_BOUND_ONLY_NOT_PRIMARY_FALSIFICATION_PATH,0,19,0,19,0.0531304937652747,FUTURE_AC_ONLY,ALL_OUTER_EDGES_SYMMETRIC_BOUNDARY_HEADROOM,29,False
2011-02-05 17:30:00,E0001,VMAX13,NONE,REFLEX-REFLEX,-0.958104650022389,-0.286418364644232,componentwise_nonpositive,USE_ORIGINAL_INWARD_NORMAL_NO_COMPONENTWISE_PROJECTION,1,965.895114001624,GEOMETRY_BOUND_ONLY_NOT_PRIMARY_FALSIFICATION_PATH,10,19,0,19,0.051463954075007,FUTURE_AC_ONLY,ALL_OUTER_EDGES_SYMMETRIC_BOUNDARY_HEADROOM,27,False
2011-02-05 17:30:00,E0002,VMAX13,NONE,REFLEX-REFLEX,-0.959156065173242,-0.282877433955738,componentwise_nonpositive,USE_ORIGINAL_INWARD_NORMAL_NO_COMPONENTWISE_PROJECTION,2,965.186280755877,GEOMETRY_BOUND_ONLY_NOT_PRIMARY_FALSIFICATION_PATH,6,19,0,19,0.050493118772474,FUTURE_AC_ONLY,ALL_OUTER_EDGES_SYMMETRIC_BOUNDARY_HEADROOM,24,False
2011-02-05 17:30:00,E0003,VMAX13,NONE,REFLEX-REFLEX,-0.960632419062836,-0.277822525086582,componentwise_nonpositive,USE_ORIGINAL_INWARD_NORMAL_NO_COMPONENTWISE_PROJECTION,3,962.968148776216,GEOMETRY_BOUND_ONLY_NOT_PRIMARY_FALSIFICATION_PATH,8,19,0,19,0.0520671280875989,FUTURE_AC_ONLY,ALL_OUTER_EDGES_SYMMETRIC_BOUNDARY_HEADROOM,21,False
2011-02-05 17:30:00,E0004,VMAX13,NONE,REFLEX-REFLEX,-0.96162747014728,-0.274358540341177,componentwise_nonpositive,USE_ORIGINAL_INWARD_NORMAL_NO_COMPONENTWISE_PROJECTION,4,960.585498643452,GEOMETRY_BOUND_ONLY_NOT_PRIMARY_FALSIFICATION_PATH,11,19,0,19,0.053802622595216,FUTURE_AC_ONLY,ALL_OUTER_EDGES_SYMMETRIC_BOUNDARY_HEADROOM,19,False
2011-02-05 17:30:00,E0005,VMAX13,NONE,REFLEX-REFLEX,-0.962883578287431,-0.269917051451723,componentwise_nonpositive,USE_ORIGINAL_INWARD_NORMAL_NO_COMPONENTWISE_PROJECTION,5,956.297799040416,GEOMETRY_BOUND_ONLY_NOT_PRIMARY_FALSIFICATION_PATH,0,9,0,9,0.104805871706976,FUTURE_AC_ONLY,ALL_OUTER_EDGES_SYMMETRIC_BOUNDARY_HEADROOM,8,True
2011-02-05 17:30:00,E0006,VMAX13,NONE,REFLEX-CONVEX,-0.963668282734027,-0.267101929705594,componentwise_nonpositive,USE_ORIGINAL_INWARD_NORMAL_NO_COMPONENTWISE_PROJECTION,6,953.132339215657,GEOMETRY_BOUND_ONLY_NOT_PRIMARY_FALSIFICATION_PATH,0,10,0,10,0.10587603923863,FUTURE_AC_ONLY,ALL_OUTER_EDGES_SYMMETRIC_BOUNDARY_HEADROOM,9,False
2011-02-05 17:30:00,E0007,CLASS_TRANSITION,NONE,CONVEX-CONVEX,-0.415606004320955,-0.90954474830674,componentwise_nonpositive,USE_ORIGINAL_INWARD_NORMAL_NO_COMPONENTWISE_PROJECTION,6,1573.13273356894,GEOMETRY_BOUND_ONLY_NOT_PRIMARY_FALSIFICATION_PATH,0,10,0,10,0.101483757844348,FUTURE_AC_ONLY,ALL_OUTER_EDGES_SYMMETRIC_BOUNDARY_HEADROOM,7,True
2011-02-05 17:30:00,E0008,VMAX30,NONE,CONVEX-REFLEX,-0.385733475433457,-0.922610256787787,componentwise_nonpositive,USE_ORIGINAL_INWARD_NORMAL_NO_COMPONENTWISE_PROJECTION,6,1578.32009271196,GEOMETRY_BOUND_ONLY_NOT_PRIMARY_FALSIFICATION_PATH,0,9,0,9,0.100975352814575,FUTURE_AC_ONLY,ALL_OUTER_EDGES_SYMMETRIC_BOUNDARY_HEADROOM,8,False
2011-02-05 17:30:00,E0009,VMAX30,NONE,REFLEX-REFLEX,-0.389016471751331,-0.921230798826302,componentwise_nonpositive,USE_ORIGINAL_INWARD_NORMAL_NO_COMPONENTWISE_PROJECTION,7,1577.46278073467,GEOMETRY_BOUND_ONLY_NOT_PRIMARY_FALSIFICATION_PATH,20,19,0,19,0.050402416803355,FUTURE_AC_ONLY,ALL_OUTER_EDGES_SYMMETRIC_BOUNDARY_HEADROOM,14,False
2011-02-05 17:30:00,E0010,VMAX30,NONE,REFLEX-REFLEX,-0.395812717888037,-0.918331254155104,componentwise_nonpositive,USE_ORIGINAL_INWARD_NORMAL_NO_COMPONENTWISE_PROJECTION,8,1574.08916012727,GEOMETRY_BOUND_ONLY_NOT_PRIMARY_FALSIFICATION_PATH,14,19,0,19,0.051956423187153,FUTURE_AC_ONLY,ALL_OUTER_EDGES_SYMMETRIC_BOUNDARY_HEADROOM,14,False
2011-02-05 17:30:00,E0011,VMAX30,NONE,REFLEX-REFLEX,-0.404502850111389,-0.914536737507993,componentwise_nonpositive,USE_ORIGINAL_INWARD_NORMAL_NO_COMPONENTWISE_PROJECTION,9,1567.58507187468,GEOMETRY_BOUND_ONLY_NOT_PRIMARY_FALSIFICATION_PATH,20,19,0,19,0.053699151632291,FUTURE_AC_ONLY,ALL_OUTER_EDGES_SYMMETRIC_BOUNDARY_HEADROOM,14,False
2011-02-05 17:30:00,E0012,VMAX30,NONE,REFLEX-REFLEX,-0.40846792718076,-0.912772672939245,componentwise_nonpositive,USE_ORIGINAL_INWARD_NORMAL_NO_COMPONENTWISE_PROJECTION,10,1563.51392004885,GEOMETRY_BOUND_ONLY_NOT_PRIMARY_FALSIFICATION_PATH,0,9,0,9,0.104665464381052,FUTURE_AC_ONLY,ALL_OUTER_EDGES_SYMMETRIC_BOUNDARY_HEADROOM,7,False
2011-02-05 17:30:00,E0013,VMAX30,NONE,REFLEX-REFLEX,-0.416063322751299,-0.909335642907034,componentwise_nonpositive,USE_ORIGINAL_INWARD_NORMAL_NO_COMPONENTWISE_PROJECTION,11,1554.46838538488,GEOMETRY_BOUND_ONLY_NOT_PRIMARY_FALSIFICATION_PATH,0,9,0,9,0.105746300893907,FUTURE_AC_ONLY,ALL_OUTER_EDGES_SYMMETRIC_BOUNDARY_HEADROOM,7,False
2011-02-05 17:30:00,E0014,VMAX30,NONE,REFLEX-REFLEX,-0.421682025053803,-0.906743772929555,componentwise_nonpositive,USE_ORIGINAL_INWARD_NORMAL_NO_COMPONENTWISE_PROJECTION,12,1546.73202030575,GEOMETRY_BOUND_ONLY_NOT_PRIMARY_FALSIFICATION_PATH,0,9,0,9,0.106968718884854,FUTURE_AC_ONLY,ALL_OUTER_EDGES_SYMMETRIC_BOUNDARY_HEADROOM,8,False
2011-02-05 17:30:00,E0015,VMAX30,NONE,REFLEX-REFLEX,-0.428473895790021,-0.903554160317201,componentwise_nonpositive,USE_ORIGINAL_INWARD_NORMAL_NO_COMPONENTWISE_PROJECTION,13,1535.94150646983,GEOMETRY_BOUND_ONLY_NOT_PRIMARY_FALSIFICATION_PATH,0,9,0,9,0.108432837731883,FUTURE_AC_ONLY,ALL_OUTER_EDGES_SYMMETRIC_BOUNDARY_HEADROOM,7,True
2011-02-05 17:30:00,E0016,VMAX30,NONE,REFLEX-REFLEX,-0.438215471058453,-0.898869957738614,componentwise_nonpositive,USE_ORIGINAL_INWARD_NORMAL_NO_COMPONENTWISE_PROJECTION,14,1517.9740148587,GEOMETRY_BOUND_ONLY_NOT_PRIMARY_FALSIFICATION_PATH,9,9,0,9,0.110286144337747,FUTURE_AC_ONLY,ALL_OUTER_EDGES_SYMMETRIC_BOUNDARY_HEADROOM,9,False
2011-02-05 17:30:00,E0017,VMAX30,NONE,REFLEX-REFLEX,-0.447829248650058,-0.894119099479216,componentwise_nonpositive,USE_ORIGINAL_INWARD_NORMAL_NO_COMPONENTWISE_PROJECTION,15,1497.19519987398,GEOMETRY_BOUND_ONLY_NOT_PRIMARY_FALSIFICATION_PATH,10,8,0,8,0.128831993535539,FUTURE_AC_ONLY,ALL_OUTER_EDGES_SYMMETRIC_BOUNDARY_HEADROOM,7,True
2011-02-05 17:30:00,E0018,VMAX30,NONE,REFLEX-REFLEX,-0.457641392817693,-0.889136859870224,componentwise_nonpositive,USE_ORIGINAL_INWARD_NORMAL_NO_COMPONENTWISE_PROJECTION,16,1472.65266342585,GEOMETRY_BOUND_ONLY_NOT_PRIMARY_FALSIFICATION_PATH,0,1,4,5,0.175225037468864,FUTURE_AC_ONLY,ALL_OUTER_EDGES_SYMMETRIC_BOUNDARY_HEADROOM,1,False
2011-02-05 17:30:00,E0019,VMAX30,NONE,REFLEX-REFLEX,-0.466423477543687,-0.884561552180544,componentwise_nonpositive,USE_ORIGINAL_INWARD_NORMAL_NO_COMPONENTWISE_PROJECTION,17,1449.83148648545,GEOMETRY_BOUND_ONLY_NOT_PRIMARY_FALSIFICATION_PATH,13,9,0,9,0.116300651397565,FUTURE_AC_ONLY,ALL_OUTER_EDGES_SYMMETRIC_BOUNDARY_HEADROOM,9,False
2011-02-05 17:30:00,E0020,VMAX30,ADJACENT_TO_GUARD_LIMITED_EDGE,REFLEX-CONVEX,-0.494092683545821,-0.869409236244066,componentwise_nonpositive,USE_ORIGINAL_INWARD_NORMAL_NO_COMPONENTWISE_PROJECTION,18,1361.46710092355,GEOMETRY_BOUND_ONLY_NOT_PRIMARY_FALSIFICATION_PATH,13,10,0,10,0.122552676788832,FUTURE_AC_ONLY,ALL_OUTER_EDGES_SYMMETRIC_BOUNDARY_HEADROOM,10,False
2011-02-05 17:30:00,E0021,CLASS_TRANSITION,CROSSES_GUARD_LIMITED_RAY,CONVEX-CONVEX,0.949626641391159,-0.313383538112881,mixed_sign,USE_ORIGINAL_INWARD_NORMAL_NO_COMPONENTWISE_PROJECTION,19,6097.61420566416,GEOMETRY_BOUND_ONLY_NOT_PRIMARY_FALSIFICATION_PATH,0,19,0,19,0.05162832936291,FUTURE_AC_ONLY,ALL_OUTER_EDGES_SYMMETRIC_BOUNDARY_HEADROOM,21,False
2011-02-05 17:30:00,E0022,VMIN18,ADJACENT_TO_GUARD_LIMITED_EDGE,CONVEX-CONVEX,0.975524931571614,0.219888853474198,componentwise_positive,USE_ORIGINAL_INWARD_NORMAL_NO_COMPONENTWISE_PROJECTION,19,3453.16610211341,GEOMETRY_BOUND_ONLY_NOT_PRIMARY_FALSIFICATION_PATH,0,10,0,10,0.108410553263485,FUTURE_AC_ONLY,ALL_OUTER_EDGES_SYMMETRIC_BOUNDARY_HEADROOM,12,False
2011-02-05 17:30:00,E0023,VMIN18,NONE,CONVEX-CONVEX,0.973874361226752,0.227087490948283,componentwise_positive,USE_ORIGINAL_INWARD_NORMAL_NO_COMPONENTWISE_PROJECTION,19,3411.86845095383,GEOMETRY_BOUND_ONLY_NOT_PRIMARY_FALSIFICATION_PATH,0,10,0,10,0.10718087072342,FUTURE_AC_ONLY,ALL_OUTER_EDGES_SYMMETRIC_BOUNDARY_HEADROOM,12,False
2011-02-05 17:30:00,E0024,VMIN18,NONE,CONVEX-CONVEX,0.972454306436206,0.233093590417408,componentwise_positive,USE_ORIGINAL_INWARD_NORMAL_NO_COMPONENTWISE_PROJECTION,19,3379.94095569073,GEOMETRY_BOUND_ONLY_NOT_PRIMARY_FALSIFICATION_PATH,0,9,0,9,0.106095511359713,FUTURE_AC_ONLY,ALL_OUTER_EDGES_SYMMETRIC_BOUNDARY_HEADROOM,14,False
2011-02-05 17:30:00,E0025,VMIN18,NONE,CONVEX-CONVEX,0.970874628706195,0.239588095143745,componentwise_positive,USE_ORIGINAL_INWARD_NORMAL_NO_COMPONENTWISE_PROJECTION,19,3347.79573845148,GEOMETRY_BOUND_ONLY_NOT_PRIMARY_FALSIFICATION_PATH,0,11,0,11,0.10514676520264,FUTURE_AC_ONLY,ALL_OUTER_EDGES_SYMMETRIC_BOUNDARY_HEADROOM,13,False
2011-02-05 17:30:00,E0026,VMIN18,NONE,CONVEX-CONVEX,0.968929838617003,0.247335739103002,componentwise_positive,USE_ORIGINAL_INWARD_NORMAL_NO_COMPONENTWISE_PROJECTION,19,3311.92701425053,GEOMETRY_BOUND_ONLY_NOT_PRIMARY_FALSIFICATION_PATH,0,19,0,19,0.0543105904955219,FUTURE_AC_ONLY,ALL_OUTER_EDGES_SYMMETRIC_BOUNDARY_HEADROOM,29,False
2011-02-05 17:30:00,E0027,VMIN18,NONE,CONVEX-CONVEX,0.966193693090379,0.257817275279168,componentwise_positive,USE_ORIGINAL_INWARD_NORMAL_NO_COMPONENTWISE_PROJECTION,19,3269.43779755105,GEOMETRY_BOUND_ONLY_NOT_PRIMARY_FALSIFICATION_PATH,0,19,0,19,0.0526852047973355,FUTURE_AC_ONLY,ALL_OUTER_EDGES_SYMMETRIC_BOUNDARY_HEADROOM,29,False
2011-02-05 17:30:00,E0028,VMIN18,NONE,CONVEX-CONVEX,0.963436072921108,0.267938301469485,componentwise_positive,USE_ORIGINAL_INWARD_NORMAL_NO_COMPONENTWISE_PROJECTION,19,3233.44434383993,GEOMETRY_BOUND_ONLY_NOT_PRIMARY_FALSIFICATION_PATH,0,20,0,20,0.0512410771012208,FUTURE_AC_ONLY,ALL_OUTER_EDGES_SYMMETRIC_BOUNDARY_HEADROOM,27,False
2011-02-05 17:30:00,E0029,VMIN18,NONE,CONVEX-CONVEX,0.960428982727329,0.278524988353555,componentwise_positive,USE_ORIGINAL_INWARD_NORMAL_NO_COMPONENTWISE_PROJECTION,19,3200.68746528659,GEOMETRY_BOUND_ONLY_NOT_PRIMARY_FALSIFICATION_PATH,0,19,0,19,0.050543895463938,FUTURE_AC_ONLY,ALL_OUTER_EDGES_SYMMETRIC_BOUNDARY_HEADROOM,24,False
2011-02-05 17:30:00,E0030,VMIN18,NONE,CONVEX-CONVEX,0.957360677263995,0.288895367959793,componentwise_positive,USE_ORIGINAL_INWARD_NORMAL_NO_COMPONENTWISE_PROJECTION,19,3173.32697952787,GEOMETRY_BOUND_ONLY_NOT_PRIMARY_FALSIFICATION_PATH,0,15,0,15,0.064575232292714,FUTURE_AC_ONLY,ALL_OUTER_EDGES_SYMMETRIC_BOUNDARY_HEADROOM,17,False
2011-02-05 17:30:00,E0031,VMIN18,NONE,CONVEX-CONVEX,0.955262391416879,0.295759638126141,componentwise_positive,USE_ORIGINAL_INWARD_NORMAL_NO_COMPONENTWISE_PROJECTION,19,3157.78123127773,GEOMETRY_BOUND_ONLY_NOT_PRIMARY_FALSIFICATION_PATH,0,4,0,4,0.242237585423223,FUTURE_AC_ONLY,ALL_OUTER_EDGES_SYMMETRIC_BOUNDARY_HEADROOM,4,False
2011-02-05 17:30:00,E0032,VMIN18,NONE,CONVEX-CONVEX,0.953970107204769,0.299901708164059,componentwise_positive,USE_ORIGINAL_INWARD_NORMAL_NO_COMPONENTWISE_PROJECTION,19,3148.76745763584,GEOMETRY_BOUND_ONLY_NOT_PRIMARY_FALSIFICATION_PATH,0,11,0,11,0.102681830717515,FUTURE_AC_ONLY,ALL_OUTER_EDGES_SYMMETRIC_BOUNDARY_HEADROOM,10,False
2011-02-05 17:30:00,E0033,CLASS_TRANSITION,NONE,CONVEX-CONVEX,0.687265482244742,0.726406330447982,componentwise_positive,USE_ORIGINAL_INWARD_NORMAL_NO_COMPONENTWISE_PROJECTION,19,3082.71804923574,GEOMETRY_BOUND_ONLY_NOT_PRIMARY_FALSIFICATION_PATH,0,9,0,9,0.101390649652439,FUTURE_AC_ONLY,ALL_OUTER_EDGES_SYMMETRIC_BOUNDARY_HEADROOM,9,False
2011-02-05 17:30:00,E0034,VMIN33,NONE,CONVEX-CONVEX,0.411209656787917,0.911540793472439,componentwise_positive,USE_ORIGINAL_INWARD_NORMAL_NO_COMPONENTWISE_PROJECTION,19,4354.92163714881,GEOMETRY_BOUND_ONLY_NOT_PRIMARY_FALSIFICATION_PATH,0,2,4,6,0.177182622173954,FUTURE_AC_ONLY,ALL_OUTER_EDGES_SYMMETRIC_BOUNDARY_HEADROOM,1,False
2011-02-05 17:30:00,E0035,VMIN33,NONE,CONVEX-CONVEX,0.401774836164287,0.915738489430886,componentwise_positive,USE_ORIGINAL_INWARD_NORMAL_NO_COMPONENTWISE_PROJECTION,19,4387.52187649975,GEOMETRY_BOUND_ONLY_NOT_PRIMARY_FALSIFICATION_PATH,0,18,0,18,0.0569429007462283,FUTURE_AC_ONLY,ALL_OUTER_EDGES_SYMMETRIC_BOUNDARY_HEADROOM,16,True
2011-02-05 17:30:00,E0036,VMIN33,NONE,CONVEX-CONVEX,0.38675748088919,0.922181463149335,componentwise_positive,USE_ORIGINAL_INWARD_NORMAL_NO_COMPONENTWISE_PROJECTION,19,4444.00387434609,GEOMETRY_BOUND_ONLY_NOT_PRIMARY_FALSIFICATION_PATH,0,19,0,19,0.0515316421583728,FUTURE_AC_ONLY,ALL_OUTER_EDGES_SYMMETRIC_BOUNDARY_HEADROOM,15,True
2011-02-05 17:30:00,E0037,VMIN33,NONE,CONVEX-CONVEX,0.373259656305732,0.927726915085752,componentwise_positive,USE_ORIGINAL_INWARD_NORMAL_NO_COMPONENTWISE_PROJECTION,19,4498.66804170725,GEOMETRY_BOUND_ONLY_NOT_PRIMARY_FALSIFICATION_PATH,0,20,0,20,0.050295768461274,FUTURE_AC_ONLY,ALL_OUTER_EDGES_SYMMETRIC_BOUNDARY_HEADROOM,14,False
2011-02-05 17:30:00,E0038,VMIN33,NONE,CONVEX-CONVEX,0.36021825291197,0.932868056195006,componentwise_positive,USE_ORIGINAL_INWARD_NORMAL_NO_COMPONENTWISE_PROJECTION,19,4555.16417605865,GEOMETRY_BOUND_ONLY_NOT_PRIMARY_FALSIFICATION_PATH,0,20,0,20,0.051700504948858,FUTURE_AC_ONLY,ALL_OUTER_EDGES_SYMMETRIC_BOUNDARY_HEADROOM,14,False
2011-02-05 17:30:00,E0039,VMIN33,NONE,CONVEX-CONVEX,0.347767537707567,0.937580791034467,componentwise_positive,USE_ORIGINAL_INWARD_NORMAL_NO_COMPONENTWISE_PROJECTION,19,4612.76354515255,GEOMETRY_BOUND_ONLY_NOT_PRIMARY_FALSIFICATION_PATH,0,19,0,19,0.053236073653766,FUTURE_AC_ONLY,ALL_OUTER_EDGES_SYMMETRIC_BOUNDARY_HEADROOM,14,False
2011-02-05 17:30:00,E0040,VMIN33,NONE,CONVEX-CONVEX,0.334207892778851,0.942499381646651,componentwise_positive,USE_ORIGINAL_INWARD_NORMAL_NO_COMPONENTWISE_PROJECTION,19,4679.89299783959,GEOMETRY_BOUND_ONLY_NOT_PRIMARY_FALSIFICATION_PATH,0,21,0,21,0.055006374478882,FUTURE_AC_ONLY,ALL_OUTER_EDGES_SYMMETRIC_BOUNDARY_HEADROOM,14,False
2011-02-05 17:30:00,E0041,VMIN33,NONE,CONVEX-CONVEX,0.323352830025314,0.946278472393101,componentwise_positive,USE_ORIGINAL_INWARD_NORMAL_NO_COMPONENTWISE_PROJECTION,19,4737.9172438783,GEOMETRY_BOUND_ONLY_NOT_PRIMARY_FALSIFICATION_PATH,0,9,0,9,0.105907267892739,FUTURE_AC_ONLY,ALL_OUTER_EDGES_SYMMETRIC_BOUNDARY_HEADROOM,8,False
2011-02-05 17:30:00,E0042,VMIN33,NONE,CONVEX-CONVEX,0.315009288407184,0.949088588181946,componentwise_positive,USE_ORIGINAL_INWARD_NORMAL_NO_COMPONENTWISE_PROJECTION,19,4784.27741874515,GEOMETRY_BOUND_ONLY_NOT_PRIMARY_FALSIFICATION_PATH,0,11,0,11,0.106994529287986,FUTURE_AC_ONLY,ALL_OUTER_EDGES_SYMMETRIC_BOUNDARY_HEADROOM,7,True
2011-02-05 17:30:00,E0043,VMIN33,ADJACENT_TO_GUARD_LIMITED_EDGE,CONVEX-CONVEX,0.306160333828842,0.951979963019082,componentwise_positive,USE_ORIGINAL_INWARD_NORMAL_NO_COMPONENTWISE_PROJECTION,19,4835.71357215783,GEOMETRY_BOUND_ONLY_NOT_PRIMARY_FALSIFICATION_PATH,0,9,0,9,0.10824972471721,FUTURE_AC_ONLY,ALL_OUTER_EDGES_SYMMETRIC_BOUNDARY_HEADROOM,9,False
2011-02-05 17:30:00,E0044,CLASS_TRANSITION,CROSSES_GUARD_LIMITED_RAY,CONVEX-CONVEX,-0.791738417913299,0.610860276659194,mixed_sign,USE_ORIGINAL_INWARD_NORMAL_NO_COMPONENTWISE_PROJECTION,19,7148.88474391187,GEOMETRY_BOUND_ONLY_NOT_PRIMARY_FALSIFICATION_PATH,0,20,0,20,0.0504873133965583,FUTURE_AC_ONLY,ALL_OUTER_EDGES_SYMMETRIC_BOUNDARY_HEADROOM,17,True
2011-02-05 17:30:00,E0045,VMAX13,ADJACENT_TO_GUARD_LIMITED_EDGE,CONVEX-REFLEX,-0.933351991906652,-0.358962476038772,componentwise_nonpositive,USE_ORIGINAL_INWARD_NORMAL_NO_COMPONENTWISE_PROJECTION,19,3028.87302475894,GEOMETRY_BOUND_ONLY_NOT_PRIMARY_FALSIFICATION_PATH,13,10,0,10,0.126510735939392,FUTURE_AC_ONLY,ALL_OUTER_EDGES_SYMMETRIC_BOUNDARY_HEADROOM,10,False
2011-02-05 17:30:00,E0046,VMAX13,NONE,REFLEX-REFLEX,-0.93977956703821,-0.341781165919767,componentwise_nonpositive,USE_ORIGINAL_INWARD_NORMAL_NO_COMPONENTWISE_PROJECTION,20,893.993669561236,GEOMETRY_BOUND_ONLY_NOT_PRIMARY_FALSIFICATION_PATH,6,4,0,4,0.256232059996813,FUTURE_AC_ONLY,ALL_OUTER_EDGES_SYMMETRIC_BOUNDARY_HEADROOM,4,False
2011-02-05 17:30:00,E0047,VMAX13,NONE,REFLEX-REFLEX,-0.942744155335041,-0.333516802547667,componentwise_nonpositive,USE_ORIGINAL_INWARD_NORMAL_NO_COMPONENTWISE_PROJECTION,21,913.799713845777,GEOMETRY_BOUND_ONLY_NOT_PRIMARY_FALSIFICATION_PATH,7,5,0,5,0.180636509176474,FUTURE_AC_ONLY,ALL_OUTER_EDGES_SYMMETRIC_BOUNDARY_HEADROOM,6,False
2011-02-05 17:30:00,E0048,VMAX13,NONE,REFLEX-REFLEX,-0.945698842791014,-0.325044148914784,componentwise_nonpositive,USE_ORIGINAL_INWARD_NORMAL_NO_COMPONENTWISE_PROJECTION,22,931.238192495726,GEOMETRY_BOUND_ONLY_NOT_PRIMARY_FALSIFICATION_PATH,13,9,0,9,0.113958889457575,FUTURE_AC_ONLY,ALL_OUTER_EDGES_SYMMETRIC_BOUNDARY_HEADROOM,11,False
2011-02-05 17:30:00,E0049,VMAX13,NONE,REFLEX-REFLEX,-0.948386797582856,-0.317115881296626,componentwise_nonpositive,USE_ORIGINAL_INWARD_NORMAL_NO_COMPONENTWISE_PROJECTION,23,944.103425704668,GEOMETRY_BOUND_ONLY_NOT_PRIMARY_FALSIFICATION_PATH,9,9,0,9,0.11117244089629,FUTURE_AC_ONLY,ALL_OUTER_EDGES_SYMMETRIC_BOUNDARY_HEADROOM,12,False
2011-02-05 17:30:00,E0050,VMAX13,NONE,REFLEX-REFLEX,-0.950828586279049,-0.30971761253533,componentwise_nonpositive,USE_ORIGINAL_INWARD_NORMAL_NO_COMPONENTWISE_PROJECTION,24,953.661482208981,GEOMETRY_BOUND_ONLY_NOT_PRIMARY_FALSIFICATION_PATH,9,9,0,9,0.109093660199709,FUTURE_AC_ONLY,ALL_OUTER_EDGES_SYMMETRIC_BOUNDARY_HEADROOM,12,False
2011-02-05 17:30:00,E0051,VMAX13,NONE,REFLEX-REFLEX,-0.952105006708577,-0.305771248158588,componentwise_nonpositive,USE_ORIGINAL_INWARD_NORMAL_NO_COMPONENTWISE_PROJECTION,25,957.723755922683,GEOMETRY_BOUND_ONLY_NOT_PRIMARY_FALSIFICATION_PATH,12,9,0,9,0.107517855182036,FUTURE_AC_ONLY,ALL_OUTER_EDGES_SYMMETRIC_BOUNDARY_HEADROOM,14,False
2011-02-05 17:30:00,E0052,VMAX13,NONE,REFLEX-REFLEX,-0.953178475128656,-0.302408324209852,componentwise_nonpositive,USE_ORIGINAL_INWARD_NORMAL_NO_COMPONENTWISE_PROJECTION,26,960.455630743289,GEOMETRY_BOUND_ONLY_NOT_PRIMARY_FALSIFICATION_PATH,0,9,0,9,0.106215729298235,FUTURE_AC_ONLY,ALL_OUTER_EDGES_SYMMETRIC_BOUNDARY_HEADROOM,13,False
2011-02-05 17:30:00,E0053,VMAX13,NONE,REFLEX-REFLEX,-0.954887056850096,-0.29696920490206,componentwise_nonpositive,USE_ORIGINAL_INWARD_NORMAL_NO_COMPONENTWISE_PROJECTION,27,963.850779343015,GEOMETRY_BOUND_ONLY_NOT_PRIMARY_FALSIFICATION_PATH,6,19,0,19,0.0551033885718094,FUTURE_AC_ONLY,ALL_OUTER_EDGES_SYMMETRIC_BOUNDARY_HEADROOM,29,False
2011-02-05 18:00:00,E0000,VMAX13,NONE,REFLEX-REFLEX,-0.956662793551698,-0.291198041603754,componentwise_nonpositive,USE_ORIGINAL_INWARD_NORMAL_NO_COMPONENTWISE_PROJECTION,0,944.243168743434,GEOMETRY_BOUND_ONLY_NOT_PRIMARY_FALSIFICATION_PATH,8,19,0,19,0.0531341373237293,FUTURE_AC_ONLY,ALL_OUTER_EDGES_SYMMETRIC_BOUNDARY_HEADROOM,29,False
2011-02-05 18:00:00,E0001,VMAX13,NONE,REFLEX-REFLEX,-0.958234875201994,-0.285982383979537,componentwise_nonpositive,USE_ORIGINAL_INWARD_NORMAL_NO_COMPONENTWISE_PROJECTION,1,944.463494632814,GEOMETRY_BOUND_ONLY_NOT_PRIMARY_FALSIFICATION_PATH,0,19,0,19,0.0514598680986361,FUTURE_AC_ONLY,ALL_OUTER_EDGES_SYMMETRIC_BOUNDARY_HEADROOM,27,False
2011-02-05 18:00:00,E0002,VMAX13,NONE,REFLEX-REFLEX,-0.959346832732432,-0.282229790288431,componentwise_nonpositive,USE_ORIGINAL_INWARD_NORMAL_NO_COMPONENTWISE_PROJECTION,2,943.72633464636,GEOMETRY_BOUND_ONLY_NOT_PRIMARY_FALSIFICATION_PATH,5,19,0,19,0.050499533384314,FUTURE_AC_ONLY,ALL_OUTER_EDGES_SYMMETRIC_BOUNDARY_HEADROOM,24,False
2011-02-05 18:00:00,E0003,VMAX13,NONE,REFLEX-REFLEX,-0.960510081072928,-0.278245187123293,componentwise_nonpositive,USE_ORIGINAL_INWARD_NORMAL_NO_COMPONENTWISE_PROJECTION,3,942.014976305364,GEOMETRY_BOUND_ONLY_NOT_PRIMARY_FALSIFICATION_PATH,0,19,0,19,0.052060608971646,FUTURE_AC_ONLY,ALL_OUTER_EDGES_SYMMETRIC_BOUNDARY_HEADROOM,21,False
2011-02-05 18:00:00,E0004,VMAX13,NONE,REFLEX-REFLEX,-0.961741339049369,-0.273959115131303,componentwise_nonpositive,USE_ORIGINAL_INWARD_NORMAL_NO_COMPONENTWISE_PROJECTION,4,939.130791159145,GEOMETRY_BOUND_ONLY_NOT_PRIMARY_FALSIFICATION_PATH,0,19,0,19,0.053807053746241,FUTURE_AC_ONLY,ALL_OUTER_EDGES_SYMMETRIC_BOUNDARY_HEADROOM,19,False
2011-02-05 18:00:00,E0005,VMAX13,NONE,REFLEX-REFLEX,-0.962882710384236,-0.26992014753091,componentwise_nonpositive,USE_ORIGINAL_INWARD_NORMAL_NO_COMPONENTWISE_PROJECTION,5,935.315408690017,GEOMETRY_BOUND_ONLY_NOT_PRIMARY_FALSIFICATION_PATH,0,9,0,9,0.104804387361467,FUTURE_AC_ONLY,ALL_OUTER_EDGES_SYMMETRIC_BOUNDARY_HEADROOM,8,True
2011-02-05 18:00:00,E0006,VMAX13,NONE,REFLEX-CONVEX,-0.963738063246472,-0.266850043001568,componentwise_nonpositive,USE_ORIGINAL_INWARD_NORMAL_NO_COMPONENTWISE_PROJECTION,6,931.937731819708,GEOMETRY_BOUND_ONLY_NOT_PRIMARY_FALSIFICATION_PATH,0,9,0,9,0.105878817379198,FUTURE_AC_ONLY,ALL_OUTER_EDGES_SYMMETRIC_BOUNDARY_HEADROOM,9,False
2011-02-05 18:00:00,E0007,CLASS_TRANSITION,NONE,CONVEX-CONVEX,-0.534566665240324,-0.845126310331088,componentwise_nonpositive,USE_ORIGINAL_INWARD_NORMAL_NO_COMPONENTWISE_PROJECTION,6,1514.62903256456,GEOMETRY_BOUND_ONLY_NOT_PRIMARY_FALSIFICATION_PATH,0,11,0,11,0.100628982242277,FUTURE_AC_ONLY,ALL_OUTER_EDGES_SYMMETRIC_BOUNDARY_HEADROOM,7,True
2011-02-05 18:00:00,E0008,VMAX30,NONE,CONVEX-REFLEX,-0.383992721351266,-0.923336119703572,componentwise_nonpositive,USE_ORIGINAL_INWARD_NORMAL_NO_COMPONENTWISE_PROJECTION,6,1558.86934715147,GEOMETRY_BOUND_ONLY_NOT_PRIMARY_FALSIFICATION_PATH,0,9,0,9,0.100987489814595,FUTURE_AC_ONLY,ALL_OUTER_EDGES_SYMMETRIC_BOUNDARY_HEADROOM,8,False
2011-02-05 18:00:00,E0009,VMAX30,NONE,REFLEX-REFLEX,-0.388531788390775,-0.921435320253064,componentwise_nonpositive,USE_ORIGINAL_INWARD_NORMAL_NO_COMPONENTWISE_PROJECTION,7,1557.70811250624,GEOMETRY_BOUND_ONLY_NOT_PRIMARY_FALSIFICATION_PATH,8,19,0,19,0.050398268476994,FUTURE_AC_ONLY,ALL_OUTER_EDGES_SYMMETRIC_BOUNDARY_HEADROOM,14,False
2011-02-05 18:00:00,E0010,VMAX30,NONE,REFLEX-REFLEX,-0.39559080438703,-0.918426869970834,componentwise_nonpositive,USE_ORIGINAL_INWARD_NORMAL_NO_COMPONENTWISE_PROJECTION,8,1554.25302408146,GEOMETRY_BOUND_ONLY_NOT_PRIMARY_FALSIFICATION_PATH,8,19,0,19,0.05195387101069,FUTURE_AC_ONLY,ALL_OUTER_EDGES_SYMMETRIC_BOUNDARY_HEADROOM,14,False
2011-02-05 18:00:00,E0011,VMAX30,NONE,REFLEX-REFLEX,-0.403543320929497,-0.914960539112585,componentwise_nonpositive,USE_ORIGINAL_INWARD_NORMAL_NO_COMPONENTWISE_PROJECTION,9,1548.38695526852,GEOMETRY_BOUND_ONLY_NOT_PRIMARY_FALSIFICATION_PATH,19,19,0,19,0.053689870728399,FUTURE_AC_ONLY,ALL_OUTER_EDGES_SYMMETRIC_BOUNDARY_HEADROOM,14,False
2011-02-05 18:00:00,E0012,VMAX30,NONE,REFLEX-REFLEX,-0.408242152403559,-0.912873674174532,componentwise_nonpositive,USE_ORIGINAL_INWARD_NORMAL_NO_COMPONENTWISE_PROJECTION,10,1543.63148813977,GEOMETRY_BOUND_ONLY_NOT_PRIMARY_FALSIFICATION_PATH,0,9,0,9,0.104662289499279,FUTURE_AC_ONLY,ALL_OUTER_EDGES_SYMMETRIC_BOUNDARY_HEADROOM,7,False
2011-02-05 18:00:00,E0013,VMAX30,NONE,REFLEX-REFLEX,-0.41562908931375,-0.909534199530849,componentwise_nonpositive,USE_ORIGINAL_INWARD_NORMAL_NO_COMPONENTWISE_PROJECTION,11,1534.95474491964,GEOMETRY_BOUND_ONLY_NOT_PRIMARY_FALSIFICATION_PATH,0,9,0,9,0.105740506307912,FUTURE_AC_ONLY,ALL_OUTER_EDGES_SYMMETRIC_BOUNDARY_HEADROOM,7,False
2011-02-05 18:00:00,E0014,VMAX30,NONE,REFLEX-REFLEX,-0.419901552066426,-0.907569659349742,componentwise_nonpositive,USE_ORIGINAL_INWARD_NORMAL_NO_COMPONENTWISE_PROJECTION,12,1529.16117452664,GEOMETRY_BOUND_ONLY_NOT_PRIMARY_FALSIFICATION_PATH,6,9,0,9,0.106945724643726,FUTURE_AC_ONLY,ALL_OUTER_EDGES_SYMMETRIC_BOUNDARY_HEADROOM,8,False
2011-02-05 18:00:00,E0015,VMAX30,NONE,REFLEX-REFLEX,-0.427909711899247,-0.903821485948582,componentwise_nonpositive,USE_ORIGINAL_INWARD_NORMAL_NO_COMPONENTWISE_PROJECTION,13,1516.63337152031,GEOMETRY_BOUND_ONLY_NOT_PRIMARY_FALSIFICATION_PATH,9,9,0,9,0.10842267551808,FUTURE_AC_ONLY,ALL_OUTER_EDGES_SYMMETRIC_BOUNDARY_HEADROOM,7,True
2011-02-05 18:00:00,E0016,VMAX30,NONE,REFLEX-REFLEX,-0.436264715423952,-0.899818369492454,componentwise_nonpositive,USE_ORIGINAL_INWARD_NORMAL_NO_COMPONENTWISE_PROJECTION,14,1501.46083292681,GEOMETRY_BOUND_ONLY_NOT_PRIMARY_FALSIFICATION_PATH,13,9,0,9,0.110247467787433,FUTURE_AC_ONLY,ALL_OUTER_EDGES_SYMMETRIC_BOUNDARY_HEADROOM,9,False
2011-02-05 18:00:00,E0017,VMAX30,NONE,REFLEX-REFLEX,-0.447519582216877,-0.894274132205798,componentwise_nonpositive,USE_ORIGINAL_INWARD_NORMAL_NO_COMPONENTWISE_PROJECTION,15,1477.51132202775,GEOMETRY_BOUND_ONLY_NOT_PRIMARY_FALSIFICATION_PATH,13,9,0,9,0.112670393045976,FUTURE_AC_ONLY,ALL_OUTER_EDGES_SYMMETRIC_BOUNDARY_HEADROOM,8,False
2011-02-05 18:00:00,E0018,VMAX30,NONE,REFLEX-REFLEX,-0.460225452210267,-0.887802079935531,componentwise_nonpositive,USE_ORIGINAL_INWARD_NORMAL_NO_COMPONENTWISE_PROJECTION,16,1445.31373143248,GEOMETRY_BOUND_ONLY_NOT_PRIMARY_FALSIFICATION_PATH,0,0,3,3,0.25,FUTURE_AC_ONLY,ALL_OUTER_EDGES_SYMMETRIC_BOUNDARY_HEADROOM,1,False
2011-02-05 18:00:00,E0019,VMAX30,NONE,REFLEX-REFLEX,-0.464598530082555,-0.885521431612544,componentwise_nonpositive,USE_ORIGINAL_INWARD_NORMAL_NO_COMPONENTWISE_PROJECTION,17,1434.01223043631,GEOMETRY_BOUND_ONLY_NOT_PRIMARY_FALSIFICATION_PATH,13,9,0,9,0.121440369613122,FUTURE_AC_ONLY,ALL_OUTER_EDGES_SYMMETRIC_BOUNDARY_HEADROOM,8,False
2011-02-05 18:00:00,E0020,VMAX30,ADJACENT_TO_GUARD_LIMITED_EDGE,REFLEX-CONVEX,-0.491406799287129,-0.870930168047002,componentwise_nonpositive,USE_ORIGINAL_INWARD_NORMAL_NO_COMPONENTWISE_PROJECTION,18,1349.92768055833,GEOMETRY_BOUND_ONLY_NOT_PRIMARY_FALSIFICATION_PATH,13,9,0,9,0.122364835955269,FUTURE_AC_ONLY,ALL_OUTER_EDGES_SYMMETRIC_BOUNDARY_HEADROOM,10,False
2011-02-05 18:00:00,E0021,CLASS_TRANSITION,CROSSES_GUARD_LIMITED_RAY,CONVEX-CONVEX,0.90572826742988,-0.423858827416001,mixed_sign,USE_ORIGINAL_INWARD_NORMAL_NO_COMPONENTWISE_PROJECTION,19,6406.53017921302,GEOMETRY_BOUND_ONLY_NOT_PRIMARY_FALSIFICATION_PATH,0,21,0,21,0.0503460996432482,FUTURE_AC_ONLY,ALL_OUTER_EDGES_SYMMETRIC_BOUNDARY_HEADROOM,21,False
2011-02-05 18:00:00,E0022,VMIN18,ADJACENT_TO_GUARD_LIMITED_EDGE,CONVEX-CONVEX,0.975712063190012,0.219057001133246,componentwise_positive,USE_ORIGINAL_INWARD_NORMAL_NO_COMPONENTWISE_PROJECTION,19,3438.77137383212,GEOMETRY_BOUND_ONLY_NOT_PRIMARY_FALSIFICATION_PATH,0,9,0,9,0.108392244443485,FUTURE_AC_ONLY,ALL_OUTER_EDGES_SYMMETRIC_BOUNDARY_HEADROOM,12,False
2011-02-05 18:00:00,E0023,VMIN18,NONE,CONVEX-CONVEX,0.973996935398252,0.226561183424727,componentwise_positive,USE_ORIGINAL_INWARD_NORMAL_NO_COMPONENTWISE_PROJECTION,19,3396.30974163315,GEOMETRY_BOUND_ONLY_NOT_PRIMARY_FALSIFICATION_PATH,0,11,0,11,0.107171618908802,FUTURE_AC_ONLY,ALL_OUTER_EDGES_SYMMETRIC_BOUNDARY_HEADROOM,12,False
2011-02-05 18:00:00,E0024,VMIN18,NONE,CONVEX-CONVEX,0.972579005352179,0.232572737757818,componentwise_positive,USE_ORIGINAL_INWARD_NORMAL_NO_COMPONENTWISE_PROJECTION,19,3364.84739190143,GEOMETRY_BOUND_ONLY_NOT_PRIMARY_FALSIFICATION_PATH,0,10,0,10,0.106087584456273,FUTURE_AC_ONLY,ALL_OUTER_EDGES_SYMMETRIC_BOUNDARY_HEADROOM,14,False
2011-02-05 18:00:00,E0025,VMIN18,NONE,CONVEX-CONVEX,0.971136688773896,0.238523650226288,componentwise_positive,USE_ORIGINAL_INWARD_NORMAL_NO_COMPONENTWISE_PROJECTION,19,3335.91344961939,GEOMETRY_BOUND_ONLY_NOT_PRIMARY_FALSIFICATION_PATH,0,9,0,9,0.105131005728819,FUTURE_AC_ONLY,ALL_OUTER_EDGES_SYMMETRIC_BOUNDARY_HEADROOM,13,False
2011-02-05 18:00:00,E0026,VMIN18,NONE,CONVEX-CONVEX,0.969058677032965,0.246830469081757,componentwise_positive,USE_ORIGINAL_INWARD_NORMAL_NO_COMPONENTWISE_PROJECTION,19,3298.21227148931,GEOMETRY_BOUND_ONLY_NOT_PRIMARY_FALSIFICATION_PATH,0,20,0,20,0.054304141486277,FUTURE_AC_ONLY,ALL_OUTER_EDGES_SYMMETRIC_BOUNDARY_HEADROOM,29,False
2011-02-05 18:00:00,E0027,VMIN18,NONE,CONVEX-CONVEX,0.966311888184719,0.257373920110182,componentwise_positive,USE_ORIGINAL_INWARD_NORMAL_NO_COMPONENTWISE_PROJECTION,19,3256.48567561598,GEOMETRY_BOUND_ONLY_NOT_PRIMARY_FALSIFICATION_PATH,0,20,0,20,0.0526805329041013,FUTURE_AC_ONLY,ALL_OUTER_EDGES_SYMMETRIC_BOUNDARY_HEADROOM,29,False
2011-02-05 18:00:00,E0028,VMIN18,NONE,CONVEX-CONVEX,0.963510136451972,0.267671845651168,componentwise_positive,USE_ORIGINAL_INWARD_NORMAL_NO_COMPONENTWISE_PROJECTION,19,3220.90939716843,GEOMETRY_BOUND_ONLY_NOT_PRIMARY_FALSIFICATION_PATH,0,19,0,19,0.0512389913556869,FUTURE_AC_ONLY,ALL_OUTER_EDGES_SYMMETRIC_BOUNDARY_HEADROOM,27,False
2011-02-05 18:00:00,E0029,VMIN18,NONE,CONVEX-CONVEX,0.96056726633406,0.278047706064106,componentwise_positive,USE_ORIGINAL_INWARD_NORMAL_NO_COMPONENTWISE_PROJECTION,19,3189.91926747805,GEOMETRY_BOUND_ONLY_NOT_PRIMARY_FALSIFICATION_PATH,0,19,0,19,0.050548349755997,FUTURE_AC_ONLY,ALL_OUTER_EDGES_SYMMETRIC_BOUNDARY_HEADROOM,24,False
2011-02-05 18:00:00,E0030,VMIN18,NONE,CONVEX-CONVEX,0.957177308765064,0.289502330880545,componentwise_positive,USE_ORIGINAL_INWARD_NORMAL_NO_COMPONENTWISE_PROJECTION,19,3160.97329729665,GEOMETRY_BOUND_ONLY_NOT_PRIMARY_FALSIFICATION_PATH,0,17,0,17,0.057522964954508,FUTURE_AC_ONLY,ALL_OUTER_EDGES_SYMMETRIC_BOUNDARY_HEADROOM,19,False
2011-02-05 18:00:00,E0031,VMIN18,NONE,CONVEX-CONVEX,0.955647509738919,0.294512881093176,componentwise_positive,USE_ORIGINAL_INWARD_NORMAL_NO_COMPONENTWISE_PROJECTION,19,3150.48935277478,GEOMETRY_BOUND_ONLY_NOT_PRIMARY_FALSIFICATION_PATH,0,2,2,4,0.23536912237985,FUTURE_AC_ONLY,ALL_OUTER_EDGES_SYMMETRIC_BOUNDARY_HEADROOM,2,False
2011-02-05 18:00:00,E0032,VMIN18,NONE,CONVEX-CONVEX,0.954065464026045,0.299598214869128,componentwise_positive,USE_ORIGINAL_INWARD_NORMAL_NO_COMPONENTWISE_PROJECTION,19,3140.03844528025,GEOMETRY_BOUND_ONLY_NOT_PRIMARY_FALSIFICATION_PATH,0,10,0,10,0.102684307419972,FUTURE_AC_ONLY,ALL_OUTER_EDGES_SYMMETRIC_BOUNDARY_HEADROOM,10,False
2011-02-05 18:00:00,E0033,CLASS_TRANSITION,NONE,CONVEX-CONVEX,0.680147518954475,0.733075270664665,componentwise_positive,USE_ORIGINAL_INWARD_NORMAL_NO_COMPONENTWISE_PROJECTION,19,3142.95685511621,GEOMETRY_BOUND_ONLY_NOT_PRIMARY_FALSIFICATION_PATH,0,9,0,9,0.106764852730523,FUTURE_AC_ONLY,ALL_OUTER_EDGES_SYMMETRIC_BOUNDARY_HEADROOM,8,False
2011-02-05 18:00:00,E0034,VMIN33,NONE,CONVEX-CONVEX,0.408385925311767,0.912809364548399,componentwise_positive,USE_ORIGINAL_INWARD_NORMAL_NO_COMPONENTWISE_PROJECTION,19,4359.17703685567,GEOMETRY_BOUND_ONLY_NOT_PRIMARY_FALSIFICATION_PATH,0,1,3,4,0.249999999998206,FUTURE_AC_ONLY,ALL_OUTER_EDGES_SYMMETRIC_BOUNDARY_HEADROOM,1,False
2011-02-05 18:00:00,E0035,VMIN33,NONE,CONVEX-CONVEX,0.401963949262627,0.91565549389123,componentwise_positive,USE_ORIGINAL_INWARD_NORMAL_NO_COMPONENTWISE_PROJECTION,19,4380.66314090458,GEOMETRY_BOUND_ONLY_NOT_PRIMARY_FALSIFICATION_PATH,0,19,0,19,0.0530230033338012,FUTURE_AC_ONLY,ALL_OUTER_EDGES_SYMMETRIC_BOUNDARY_HEADROOM,17,False
2011-02-05 18:00:00,E0036,VMIN33,NONE,CONVEX-CONVEX,0.386041616994375,0.922481365637468,componentwise_positive,USE_ORIGINAL_INWARD_NORMAL_NO_COMPONENTWISE_PROJECTION,19,4439.53952533494,GEOMETRY_BOUND_ONLY_NOT_PRIMARY_FALSIFICATION_PATH,0,19,0,19,0.051537613332906,FUTURE_AC_ONLY,ALL_OUTER_EDGES_SYMMETRIC_BOUNDARY_HEADROOM,15,True
2011-02-05 18:00:00,E0037,VMIN33,NONE,CONVEX-CONVEX,0.372718184580865,0.927944586105627,componentwise_positive,USE_ORIGINAL_INWARD_NORMAL_NO_COMPONENTWISE_PROJECTION,19,4492.66651123796,GEOMETRY_BOUND_ONLY_NOT_PRIMARY_FALSIFICATION_PATH,0,19,0,19,0.050291328227741,FUTURE_AC_ONLY,ALL_OUTER_EDGES_SYMMETRIC_BOUNDARY_HEADROOM,14,False
2011-02-05 18:00:00,E0038,VMIN33,NONE,CONVEX-CONVEX,0.359379396414675,0.933191539520491,componentwise_positive,USE_ORIGINAL_INWARD_NORMAL_NO_COMPONENTWISE_PROJECTION,19,4549.65800178723,GEOMETRY_BOUND_ONLY_NOT_PRIMARY_FALSIFICATION_PATH,0,20,0,20,0.051693791401029,FUTURE_AC_ONLY,ALL_OUTER_EDGES_SYMMETRIC_BOUNDARY_HEADROOM,14,False
2011-02-05 18:00:00,E0039,VMIN33,NONE,CONVEX-CONVEX,0.347092442570578,0.937830920960911,componentwise_positive,USE_ORIGINAL_INWARD_NORMAL_NO_COMPONENTWISE_PROJECTION,19,4605.80351628568,GEOMETRY_BOUND_ONLY_NOT_PRIMARY_FALSIFICATION_PATH,0,20,0,20,0.053229918267117,FUTURE_AC_ONLY,ALL_OUTER_EDGES_SYMMETRIC_BOUNDARY_HEADROOM,14,False
2011-02-05 18:00:00,E0040,VMIN33,NONE,CONVEX-CONVEX,0.333415855405161,0.942779861560717,componentwise_positive,USE_ORIGINAL_INWARD_NORMAL_NO_COMPONENTWISE_PROJECTION,19,4672.78582580453,GEOMETRY_BOUND_ONLY_NOT_PRIMARY_FALSIFICATION_PATH,0,19,0,19,0.054998041226259,FUTURE_AC_ONLY,ALL_OUTER_EDGES_SYMMETRIC_BOUNDARY_HEADROOM,14,False
2011-02-05 18:00:00,E0041,VMIN33,NONE,CONVEX-CONVEX,0.32192064332576,0.946766655201127,componentwise_positive,USE_ORIGINAL_INWARD_NORMAL_NO_COMPONENTWISE_PROJECTION,19,4733.63241119073,GEOMETRY_BOUND_ONLY_NOT_PRIMARY_FALSIFICATION_PATH,0,9,0,9,0.105892328598702,FUTURE_AC_ONLY,ALL_OUTER_EDGES_SYMMETRIC_BOUNDARY_HEADROOM,8,False
2011-02-05 18:00:00,E0042,VMIN33,NONE,CONVEX-CONVEX,0.314592730247788,0.94922674534341,componentwise_positive,USE_ORIGINAL_INWARD_NORMAL_NO_COMPONENTWISE_PROJECTION,19,4773.99168545826,GEOMETRY_BOUND_ONLY_NOT_PRIMARY_FALSIFICATION_PATH,0,10,0,10,0.106988748867628,FUTURE_AC_ONLY,ALL_OUTER_EDGES_SYMMETRIC_BOUNDARY_HEADROOM,7,True
2011-02-05 18:00:00,E0043,VMIN33,ADJACENT_TO_GUARD_LIMITED_EDGE,CONVEX-CONVEX,0.305400844307168,0.952223883494039,componentwise_positive,USE_ORIGINAL_INWARD_NORMAL_NO_COMPONENTWISE_PROJECTION,19,4827.01699133461,GEOMETRY_BOUND_ONLY_NOT_PRIMARY_FALSIFICATION_PATH,0,11,0,11,0.108238598973698,FUTURE_AC_ONLY,ALL_OUTER_EDGES_SYMMETRIC_BOUNDARY_HEADROOM,9,False
2011-02-05 18:00:00,E0044,CLASS_TRANSITION,CROSSES_GUARD_LIMITED_RAY,CONVEX-CONVEX,-0.890106047264204,0.455753469129633,mixed_sign,USE_ORIGINAL_INWARD_NORMAL_NO_COMPONENTWISE_PROJECTION,19,6522.39806605118,GEOMETRY_BOUND_ONLY_NOT_PRIMARY_FALSIFICATION_PATH,0,19,0,19,0.0522518576389315,FUTURE_AC_ONLY,ALL_OUTER_EDGES_SYMMETRIC_BOUNDARY_HEADROOM,17,True
2011-02-05 18:00:00,E0045,VMAX13,ADJACENT_TO_GUARD_LIMITED_EDGE,CONVEX-REFLEX,-0.93457601663075,-0.355763501695439,componentwise_nonpositive,USE_ORIGINAL_INWARD_NORMAL_NO_COMPONENTWISE_PROJECTION,19,3033.31273999832,GEOMETRY_BOUND_ONLY_NOT_PRIMARY_FALSIFICATION_PATH,13,10,0,10,0.126103465730429,FUTURE_AC_ONLY,ALL_OUTER_EDGES_SYMMETRIC_BOUNDARY_HEADROOM,10,False
2011-02-05 18:00:00,E0046,VMAX13,NONE,REFLEX-REFLEX,-0.93989272616741,-0.341469857084918,componentwise_nonpositive,USE_ORIGINAL_INWARD_NORMAL_NO_COMPONENTWISE_PROJECTION,20,872.060598912349,GEOMETRY_BOUND_ONLY_NOT_PRIMARY_FALSIFICATION_PATH,0,2,2,4,0.240248296531551,FUTURE_AC_ONLY,ALL_OUTER_EDGES_SYMMETRIC_BOUNDARY_HEADROOM,2,False
2011-02-05 18:00:00,E0047,VMAX13,NONE,REFLEX-REFLEX,-0.942648222203977,-0.333787850551338,componentwise_nonpositive,USE_ORIGINAL_INWARD_NORMAL_NO_COMPONENTWISE_PROJECTION,21,891.005221840586,GEOMETRY_BOUND_ONLY_NOT_PRIMARY_FALSIFICATION_PATH,11,7,0,7,0.138981980928568,FUTURE_AC_ONLY,ALL_OUTER_EDGES_SYMMETRIC_BOUNDARY_HEADROOM,8,False
2011-02-05 18:00:00,E0048,VMAX13,NONE,REFLEX-REFLEX,-0.946257664517102,-0.323413716998274,componentwise_nonpositive,USE_ORIGINAL_INWARD_NORMAL_NO_COMPONENTWISE_PROJECTION,22,911.835333015977,GEOMETRY_BOUND_ONLY_NOT_PRIMARY_FALSIFICATION_PATH,11,9,0,9,0.113889580420152,FUTURE_AC_ONLY,ALL_OUTER_EDGES_SYMMETRIC_BOUNDARY_HEADROOM,11,False
2011-02-05 18:00:00,E0049,VMAX13,NONE,REFLEX-REFLEX,-0.948982296135034,-0.315329354203314,componentwise_nonpositive,USE_ORIGINAL_INWARD_NORMAL_NO_COMPONENTWISE_PROJECTION,23,924.627437105647,GEOMETRY_BOUND_ONLY_NOT_PRIMARY_FALSIFICATION_PATH,10,9,0,9,0.111116554142749,FUTURE_AC_ONLY,ALL_OUTER_EDGES_SYMMETRIC_BOUNDARY_HEADROOM,12,False
2011-02-05 18:00:00,E0050,VMAX13,NONE,REFLEX-REFLEX,-0.950948334594643,-0.309349745323435,componentwise_nonpositive,USE_ORIGINAL_INWARD_NORMAL_NO_COMPONENTWISE_PROJECTION,24,932.16806905643,GEOMETRY_BOUND_ONLY_NOT_PRIMARY_FALSIFICATION_PATH,7,9,0,9,0.109086843424932,FUTURE_AC_ONLY,ALL_OUTER_EDGES_SYMMETRIC_BOUNDARY_HEADROOM,12,False
2011-02-05 18:00:00,E0051,VMAX13,NONE,REFLEX-REFLEX,-0.952386428483619,-0.304893572972957,componentwise_nonpositive,USE_ORIGINAL_INWARD_NORMAL_NO_COMPONENTWISE_PROJECTION,25,936.647535088948,GEOMETRY_BOUND_ONLY_NOT_PRIMARY_FALSIFICATION_PATH,0,9,0,9,0.107501424983563,FUTURE_AC_ONLY,ALL_OUTER_EDGES_SYMMETRIC_BOUNDARY_HEADROOM,14,False
2011-02-05 18:00:00,E0052,VMAX13,NONE,REFLEX-REFLEX,-0.953867877083502,-0.300226702790096,componentwise_nonpositive,USE_ORIGINAL_INWARD_NORMAL_NO_COMPONENTWISE_PROJECTION,26,940.344172871977,GEOMETRY_BOUND_ONLY_NOT_PRIMARY_FALSIFICATION_PATH,6,9,0,9,0.106178302155799,FUTURE_AC_ONLY,ALL_OUTER_EDGES_SYMMETRIC_BOUNDARY_HEADROOM,13,False
2011-02-05 18:00:00,E0053,VMAX13,NONE,REFLEX-REFLEX,-0.955055159007201,-0.296428141804602,componentwise_nonpositive,USE_ORIGINAL_INWARD_NORMAL_NO_COMPONENTWISE_PROJECTION,27,942.656404894449,GEOMETRY_BOUND_ONLY_NOT_PRIMARY_FALSIFICATION_PATH,21,19,0,19,0.0550960992702507,FUTURE_AC_ONLY,ALL_OUTER_EDGES_SYMMETRIC_BOUNDARY_HEADROOM,29,False
2011-02-06 00:00:00,E0000,VMAX13,NONE,REFLEX-REFLEX,-0.953733796252432,-0.300652367171664,componentwise_nonpositive,USE_ORIGINAL_INWARD_NORMAL_NO_COMPONENTWISE_PROJECTION,0,1325.010083458,GEOMETRY_BOUND_ONLY_NOT_PRIMARY_FALSIFICATION_PATH,20,19,0,19,0.0532398707039589,FUTURE_AC_ONLY,ALL_OUTER_EDGES_SYMMETRIC_BOUNDARY_HEADROOM,28,False
2011-02-06 00:00:00,E0001,VMAX13,NONE,REFLEX-REFLEX,-0.955947780373229,-0.293536779977393,componentwise_nonpositive,USE_ORIGINAL_INWARD_NORMAL_NO_COMPONENTWISE_PROJECTION,1,1325.53599008119,GEOMETRY_BOUND_ONLY_NOT_PRIMARY_FALSIFICATION_PATH,20,19,0,19,0.0515310123144366,FUTURE_AC_ONLY,ALL_OUTER_EDGES_SYMMETRIC_BOUNDARY_HEADROOM,27,False
2011-02-06 00:00:00,E0002,VMAX13,NONE,REFLEX-REFLEX,-0.957625485084297,-0.288016371612908,componentwise_nonpositive,USE_ORIGINAL_INWARD_NORMAL_NO_COMPONENTWISE_PROJECTION,2,1324.08684588418,GEOMETRY_BOUND_ONLY_NOT_PRIMARY_FALSIFICATION_PATH,22,19,0,19,0.050451433087623,FUTURE_AC_ONLY,ALL_OUTER_EDGES_SYMMETRIC_BOUNDARY_HEADROOM,24,False
2011-02-06 00:00:00,E0003,VMAX13,NONE,REFLEX-REFLEX,-0.959298710242219,-0.282393315302639,componentwise_nonpositive,USE_ORIGINAL_INWARD_NORMAL_NO_COMPONENTWISE_PROJECTION,3,1320.77055985632,GEOMETRY_BOUND_ONLY_NOT_PRIMARY_FALSIFICATION_PATH,16,19,0,19,0.052028996172012,FUTURE_AC_ONLY,ALL_OUTER_EDGES_SYMMETRIC_BOUNDARY_HEADROOM,22,False
2011-02-06 00:00:00,E0004,VMAX13,NONE,REFLEX-CONVEX,-0.961174666129349,-0.2759406841898,componentwise_nonpositive,USE_ORIGINAL_INWARD_NORMAL_NO_COMPONENTWISE_PROJECTION,4,1314.7630351781,GEOMETRY_BOUND_ONLY_NOT_PRIMARY_FALSIFICATION_PATH,12,20,0,20,0.0538014759731861,FUTURE_AC_ONLY,ALL_OUTER_EDGES_SYMMETRIC_BOUNDARY_HEADROOM,18,True
2011-02-06 00:00:00,E0005,CLASS_TRANSITION,NONE,CONVEX-CONVEX,-0.878276395214022,-0.478153295094641,componentwise_nonpositive,USE_ORIGINAL_INWARD_NORMAL_NO_COMPONENTWISE_PROJECTION,4,1556.59750425609,GEOMETRY_BOUND_ONLY_NOT_PRIMARY_FALSIFICATION_PATH,0,9,0,9,0.102133466845811,FUTURE_AC_ONLY,ALL_OUTER_EDGES_SYMMETRIC_BOUNDARY_HEADROOM,9,False
2011-02-06 00:00:00,E0006,VMAX30,NONE,CONVEX-REFLEX,-0.384304747087661,-0.923206294045859,componentwise_nonpositive,USE_ORIGINAL_INWARD_NORMAL_NO_COMPONENTWISE_PROJECTION,4,1908.36510375791,GEOMETRY_BOUND_ONLY_NOT_PRIMARY_FALSIFICATION_PATH,0,10,0,10,0.10242480948871,FUTURE_AC_ONLY,ALL_OUTER_EDGES_SYMMETRIC_BOUNDARY_HEADROOM,8,False
2011-02-06 00:00:00,E0007,VMAX30,NONE,REFLEX-REFLEX,-0.39094353061252,-0.920414665176635,componentwise_nonpositive,USE_ORIGINAL_INWARD_NORMAL_NO_COMPONENTWISE_PROJECTION,5,1908.13910736441,GEOMETRY_BOUND_ONLY_NOT_PRIMARY_FALSIFICATION_PATH,21,19,0,19,0.0514878048972233,FUTURE_AC_ONLY,ALL_OUTER_EDGES_SYMMETRIC_BOUNDARY_HEADROOM,16,False
2011-02-06 00:00:00,E0008,VMAX30,NONE,REFLEX-REFLEX,-0.397639622487074,-0.917541677869914,componentwise_nonpositive,USE_ORIGINAL_INWARD_NORMAL_NO_COMPONENTWISE_PROJECTION,6,1905.93196040655,GEOMETRY_BOUND_ONLY_NOT_PRIMARY_FALSIFICATION_PATH,17,19,0,19,0.050475200963482,FUTURE_AC_ONLY,ALL_OUTER_EDGES_SYMMETRIC_BOUNDARY_HEADROOM,14,False
2011-02-06 00:00:00,E0009,VMAX30,NONE,REFLEX-REFLEX,-0.407847512163488,-0.913050057128334,componentwise_nonpositive,USE_ORIGINAL_INWARD_NORMAL_NO_COMPONENTWISE_PROJECTION,7,1899.54003949143,GEOMETRY_BOUND_ONLY_NOT_PRIMARY_FALSIFICATION_PATH,11,19,0,19,0.052060877292693,FUTURE_AC_ONLY,ALL_OUTER_EDGES_SYMMETRIC_BOUNDARY_HEADROOM,14,False
2011-02-06 00:00:00,E0010,VMAX30,NONE,REFLEX-REFLEX,-0.417742473709741,-0.908565476814338,componentwise_nonpositive,USE_ORIGINAL_INWARD_NORMAL_NO_COMPONENTWISE_PROJECTION,8,1890.21016781545,GEOMETRY_BOUND_ONLY_NOT_PRIMARY_FALSIFICATION_PATH,20,19,0,19,0.053831688140997,FUTURE_AC_ONLY,ALL_OUTER_EDGES_SYMMETRIC_BOUNDARY_HEADROOM,14,False
2011-02-06 00:00:00,E0011,VMAX30,NONE,REFLEX-REFLEX,-0.426054867782226,-0.904697324876707,componentwise_nonpositive,USE_ORIGINAL_INWARD_NORMAL_NO_COMPONENTWISE_PROJECTION,9,1879.43624818076,GEOMETRY_BOUND_ONLY_NOT_PRIMARY_FALSIFICATION_PATH,9,9,0,9,0.104845802145204,FUTURE_AC_ONLY,ALL_OUTER_EDGES_SYMMETRIC_BOUNDARY_HEADROOM,7,False
2011-02-06 00:00:00,E0012,VMAX30,NONE,REFLEX-REFLEX,-0.429677813026546,-0.902982268371159,componentwise_nonpositive,USE_ORIGINAL_INWARD_NORMAL_NO_COMPONENTWISE_PROJECTION,10,1873.99438842046,GEOMETRY_BOUND_ONLY_NOT_PRIMARY_FALSIFICATION_PATH,0,2,2,4,0.218248687108332,FUTURE_AC_ONLY,ALL_OUTER_EDGES_SYMMETRIC_BOUNDARY_HEADROOM,2,False
2011-02-06 00:00:00,E0013,VMAX30,NONE,REFLEX-REFLEX,-0.433740010930257,-0.901038069627594,componentwise_nonpositive,USE_ORIGINAL_INWARD_NORMAL_NO_COMPONENTWISE_PROJECTION,11,1867.65560350694,GEOMETRY_BOUND_ONLY_NOT_PRIMARY_FALSIFICATION_PATH,7,7,0,7,0.13568191353823,FUTURE_AC_ONLY,ALL_OUTER_EDGES_SYMMETRIC_BOUNDARY_HEADROOM,5,True
2011-02-06 00:00:00,E0014,VMAX30,NONE,REFLEX-REFLEX,-0.439897713144057,-0.898047884007656,componentwise_nonpositive,USE_ORIGINAL_INWARD_NORMAL_NO_COMPONENTWISE_PROJECTION,12,1856.92157579953,GEOMETRY_BOUND_ONLY_NOT_PRIMARY_FALSIFICATION_PATH,9,9,0,9,0.107220432717801,FUTURE_AC_ONLY,ALL_OUTER_EDGES_SYMMETRIC_BOUNDARY_HEADROOM,8,False
2011-02-06 00:00:00,E0015,VMAX30,NONE,REFLEX-REFLEX,-0.450874716088925,-0.8925872452549,componentwise_nonpositive,USE_ORIGINAL_INWARD_NORMAL_NO_COMPONENTWISE_PROJECTION,13,1834.75494796982,GEOMETRY_BOUND_ONLY_NOT_PRIMARY_FALSIFICATION_PATH,9,9,0,9,0.108805123884377,FUTURE_AC_ONLY,ALL_OUTER_EDGES_SYMMETRIC_BOUNDARY_HEADROOM,8,False
2011-02-06 00:00:00,E0016,VMAX30,NONE,REFLEX-REFLEX,-0.463685720874192,-0.885999747323542,componentwise_nonpositive,USE_ORIGINAL_INWARD_NORMAL_NO_COMPONENTWISE_PROJECTION,14,1804.51763501474,GEOMETRY_BOUND_ONLY_NOT_PRIMARY_FALSIFICATION_PATH,12,9,0,9,0.110825964418251,FUTURE_AC_ONLY,ALL_OUTER_EDGES_SYMMETRIC_BOUNDARY_HEADROOM,8,False
2011-02-06 00:00:00,E0017,VMAX30,ADJACENT_TO_GUARD_LIMITED_EDGE,REFLEX-CONVEX,-0.480299623693485,-0.877104481507133,componentwise_nonpositive,USE_ORIGINAL_INWARD_NORMAL_NO_COMPONENTWISE_PROJECTION,15,1758.11361908132,GEOMETRY_BOUND_ONLY_NOT_PRIMARY_FALSIFICATION_PATH,13,9,0,9,0.113610453518719,FUTURE_AC_ONLY,ALL_OUTER_EDGES_SYMMETRIC_BOUNDARY_HEADROOM,9,False
2011-02-06 00:00:00,E0018,CLASS_TRANSITION,CROSSES_GUARD_LIMITED_RAY,CONVEX-CONVEX,0.662884907718752,-0.748721309379333,mixed_sign,USE_ORIGINAL_INWARD_NORMAL_NO_COMPONENTWISE_PROJECTION,15,3343.49381199914,GEOMETRY_BOUND_ONLY_NOT_PRIMARY_FALSIFICATION_PATH,0,30,0,30,0.036207691643952,FUTURE_AC_ONLY,ALL_OUTER_EDGES_SYMMETRIC_BOUNDARY_HEADROOM,29,False
2011-02-06 00:00:00,E0019,VMIN18,ADJACENT_TO_GUARD_LIMITED_EDGE,CONVEX-CONVEX,0.974398202871276,0.224829140106945,componentwise_positive,USE_ORIGINAL_INWARD_NORMAL_NO_COMPONENTWISE_PROJECTION,15,1764.50058922954,GEOMETRY_BOUND_ONLY_NOT_PRIMARY_FALSIFICATION_PATH,0,10,0,10,0.110191064017501,FUTURE_AC_ONLY,ALL_OUTER_EDGES_SYMMETRIC_BOUNDARY_HEADROOM,11,False
2011-02-06 00:00:00,E0020,VMIN18,NONE,CONVEX-CONVEX,0.972643731037034,0.23230189942047,componentwise_positive,USE_ORIGINAL_INWARD_NORMAL_NO_COMPONENTWISE_PROJECTION,15,1746.66415718371,GEOMETRY_BOUND_ONLY_NOT_PRIMARY_FALSIFICATION_PATH,0,10,0,10,0.108685244105917,FUTURE_AC_ONLY,ALL_OUTER_EDGES_SYMMETRIC_BOUNDARY_HEADROOM,11,False
2011-02-06 00:00:00,E0021,VMIN18,NONE,CONVEX-CONVEX,0.971164459749222,0.238410553709357,componentwise_positive,USE_ORIGINAL_INWARD_NORMAL_NO_COMPONENTWISE_PROJECTION,16,3306.71894424084,GEOMETRY_BOUND_ONLY_NOT_PRIMARY_FALSIFICATION_PATH,0,11,0,11,0.107390959257847,FUTURE_AC_ONLY,ALL_OUTER_EDGES_SYMMETRIC_BOUNDARY_HEADROOM,13,False
2011-02-06 00:00:00,E0022,VMIN18,NONE,CONVEX-CONVEX,0.969637758818316,0.244545735341662,componentwise_positive,USE_ORIGINAL_INWARD_NORMAL_NO_COMPONENTWISE_PROJECTION,16,3280.42926462961,GEOMETRY_BOUND_ONLY_NOT_PRIMARY_FALSIFICATION_PATH,0,9,0,9,0.106279977957839,FUTURE_AC_ONLY,ALL_OUTER_EDGES_SYMMETRIC_BOUNDARY_HEADROOM,13,False
2011-02-06 00:00:00,E0023,VMIN18,NONE,CONVEX-CONVEX,0.968237479057397,0.250032366202011,componentwise_positive,USE_ORIGINAL_INWARD_NORMAL_NO_COMPONENTWISE_PROJECTION,16,3258.60358202624,GEOMETRY_BOUND_ONLY_NOT_PRIMARY_FALSIFICATION_PATH,0,11,0,11,0.105293688101199,FUTURE_AC_ONLY,ALL_OUTER_EDGES_SYMMETRIC_BOUNDARY_HEADROOM,14,False
2011-02-06 00:00:00,E0024,VMIN18,NONE,CONVEX-CONVEX,0.966361807703561,0.257186423848356,componentwise_positive,USE_ORIGINAL_INWARD_NORMAL_NO_COMPONENTWISE_PROJECTION,16,3232.06290198745,GEOMETRY_BOUND_ONLY_NOT_PRIMARY_FALSIFICATION_PATH,0,19,0,19,0.0544413447627065,FUTURE_AC_ONLY,ALL_OUTER_EDGES_SYMMETRIC_BOUNDARY_HEADROOM,28,False
2011-02-06 00:00:00,E0025,VMIN18,NONE,CONVEX-CONVEX,0.963851435758322,0.266440255567026,componentwise_positive,USE_ORIGINAL_INWARD_NORMAL_NO_COMPONENTWISE_PROJECTION,16,3202.17109087911,GEOMETRY_BOUND_ONLY_NOT_PRIMARY_FALSIFICATION_PATH,0,19,0,19,0.0527801849307762,FUTURE_AC_ONLY,ALL_OUTER_EDGES_SYMMETRIC_BOUNDARY_HEADROOM,28,False
2011-02-06 00:00:00,E0026,VMIN18,NONE,CONVEX-CONVEX,0.961874513093867,0.273491171814442,componentwise_positive,USE_ORIGINAL_INWARD_NORMAL_NO_COMPONENTWISE_PROJECTION,16,3182.33269016268,GEOMETRY_BOUND_ONLY_NOT_PRIMARY_FALSIFICATION_PATH,0,10,0,10,0.0954929820147011,FUTURE_AC_ONLY,ALL_OUTER_EDGES_SYMMETRIC_BOUNDARY_HEADROOM,15,False
2011-02-06 00:00:00,E0027,VMIN18,NONE,CONVEX-CONVEX,0.960534816830913,0.278159784396674,componentwise_positive,USE_ORIGINAL_INWARD_NORMAL_NO_COMPONENTWISE_PROJECTION,16,3170.13473308427,GEOMETRY_BOUND_ONLY_NOT_PRIMARY_FALSIFICATION_PATH,0,10,0,10,0.10743637637185,FUTURE_AC_ONLY,ALL_OUTER_EDGES_SYMMETRIC_BOUNDARY_HEADROOM,12,False
2011-02-06 00:00:00,E0028,VMIN18,NONE,CONVEX-CONVEX,0.958596481899241,0.284767949197935,componentwise_positive,USE_ORIGINAL_INWARD_NORMAL_NO_COMPONENTWISE_PROJECTION,16,3153.99887641041,GEOMETRY_BOUND_ONLY_NOT_PRIMARY_FALSIFICATION_PATH,0,19,0,19,0.050489071761599,FUTURE_AC_ONLY,ALL_OUTER_EDGES_SYMMETRIC_BOUNDARY_HEADROOM,24,False
2011-02-06 00:00:00,E0029,VMIN18,NONE,CONVEX-CONVEX,0.955660785413891,0.294469800186888,componentwise_positive,USE_ORIGINAL_INWARD_NORMAL_NO_COMPONENTWISE_PROJECTION,16,3133.9949051524,GEOMETRY_BOUND_ONLY_NOT_PRIMARY_FALSIFICATION_PATH,0,20,0,20,0.051879317065926,FUTURE_AC_ONLY,ALL_OUTER_EDGES_SYMMETRIC_BOUNDARY_HEADROOM,22,False
2011-02-06 00:00:00,E0030,VMIN18,NONE,CONVEX-CONVEX,0.952941282215075,0.303154931759799,componentwise_positive,USE_ORIGINAL_INWARD_NORMAL_NO_COMPONENTWISE_PROJECTION,16,3119.49866549474,GEOMETRY_BOUND_ONLY_NOT_PRIMARY_FALSIFICATION_PATH,0,10,0,10,0.102661819064704,FUTURE_AC_ONLY,ALL_OUTER_EDGES_SYMMETRIC_BOUNDARY_HEADROOM,9,False
2011-02-06 00:00:00,E0031,CLASS_TRANSITION,NONE,CONVEX-CONVEX,0.922833978061028,0.385197934750509,componentwise_positive,USE_ORIGINAL_INWARD_NORMAL_NO_COMPONENTWISE_PROJECTION,16,3006.53058559194,GEOMETRY_BOUND_ONLY_NOT_PRIMARY_FALSIFICATION_PATH,0,9,0,9,0.102447621089067,FUTURE_AC_ONLY,ALL_OUTER_EDGES_SYMMETRIC_BOUNDARY_HEADROOM,9,True
2011-02-06 00:00:00,E0032,VMIN33,NONE,CONVEX-CONVEX,0.411321227755143,0.911490453925877,componentwise_positive,USE_ORIGINAL_INWARD_NORMAL_NO_COMPONENTWISE_PROJECTION,16,2717.76151518482,GEOMETRY_BOUND_ONLY_NOT_PRIMARY_FALSIFICATION_PATH,0,20,0,20,0.0529305442916916,FUTURE_AC_ONLY,ALL_OUTER_EDGES_SYMMETRIC_BOUNDARY_HEADROOM,17,False
2011-02-06 00:00:00,E0033,VMIN33,NONE,CONVEX-CONVEX,0.397682195853457,0.917523226464144,componentwise_positive,USE_ORIGINAL_INWARD_NORMAL_NO_COMPONENTWISE_PROJECTION,16,2756.77329585838,GEOMETRY_BOUND_ONLY_NOT_PRIMARY_FALSIFICATION_PATH,0,20,0,20,0.0514394282348314,FUTURE_AC_ONLY,ALL_OUTER_EDGES_SYMMETRIC_BOUNDARY_HEADROOM,16,False
2011-02-06 00:00:00,E0034,VMIN33,NONE,CONVEX-CONVEX,0.387702331394398,0.921784628984097,componentwise_positive,USE_ORIGINAL_INWARD_NORMAL_NO_COMPONENTWISE_PROJECTION,16,2788.13624288882,GEOMETRY_BOUND_ONLY_NOT_PRIMARY_FALSIFICATION_PATH,0,8,0,8,0.130173766399773,FUTURE_AC_ONLY,ALL_OUTER_EDGES_SYMMETRIC_BOUNDARY_HEADROOM,5,True
2011-02-06 00:00:00,E0035,VMIN33,NONE,CONVEX-CONVEX,0.383080935317113,0.923714781194155,componentwise_positive,USE_ORIGINAL_INWARD_NORMAL_NO_COMPONENTWISE_PROJECTION,16,2803.08315243296,GEOMETRY_BOUND_ONLY_NOT_PRIMARY_FALSIFICATION_PATH,0,12,0,12,0.081842072859289,FUTURE_AC_ONLY,ALL_OUTER_EDGES_SYMMETRIC_BOUNDARY_HEADROOM,9,False
2011-02-06 00:00:00,E0036,VMIN33,NONE,CONVEX-CONVEX,0.372809477830667,0.927907912047109,componentwise_positive,USE_ORIGINAL_INWARD_NORMAL_NO_COMPONENTWISE_PROJECTION,16,2838.00788573068,GEOMETRY_BOUND_ONLY_NOT_PRIMARY_FALSIFICATION_PATH,0,20,0,20,0.051803267061436,FUTURE_AC_ONLY,ALL_OUTER_EDGES_SYMMETRIC_BOUNDARY_HEADROOM,14,False
2011-02-06 00:00:00,E0037,VMIN33,NONE,CONVEX-CONVEX,0.360925417890962,0.932594682978749,componentwise_positive,USE_ORIGINAL_INWARD_NORMAL_NO_COMPONENTWISE_PROJECTION,16,2881.78254190776,GEOMETRY_BOUND_ONLY_NOT_PRIMARY_FALSIFICATION_PATH,0,19,0,19,0.053354582908832,FUTURE_AC_ONLY,ALL_OUTER_EDGES_SYMMETRIC_BOUNDARY_HEADROOM,14,False
2011-02-06 00:00:00,E0038,VMIN33,NONE,CONVEX-CONVEX,0.348335738210514,0.93736983815639,componentwise_positive,USE_ORIGINAL_INWARD_NORMAL_NO_COMPONENTWISE_PROJECTION,16,2932.02457174879,GEOMETRY_BOUND_ONLY_NOT_PRIMARY_FALSIFICATION_PATH,0,20,0,20,0.0551557397685331,FUTURE_AC_ONLY,ALL_OUTER_EDGES_SYMMETRIC_BOUNDARY_HEADROOM,14,True
2011-02-06 00:00:00,E0039,VMIN33,NONE,CONVEX-CONVEX,0.338620061211915,0.940923192478982,componentwise_positive,USE_ORIGINAL_INWARD_NORMAL_NO_COMPONENTWISE_PROJECTION,16,2974.40601280421,GEOMETRY_BOUND_ONLY_NOT_PRIMARY_FALSIFICATION_PATH,0,10,0,10,0.10607560199784,FUTURE_AC_ONLY,ALL_OUTER_EDGES_SYMMETRIC_BOUNDARY_HEADROOM,8,False
2011-02-06 00:00:00,E0040,VMIN33,NONE,CONVEX-CONVEX,0.330079686253348,0.943953071250309,componentwise_positive,USE_ORIGINAL_INWARD_NORMAL_NO_COMPONENTWISE_PROJECTION,16,3013.39865727696,GEOMETRY_BOUND_ONLY_NOT_PRIMARY_FALSIFICATION_PATH,0,10,0,10,0.107183966267975,FUTURE_AC_ONLY,ALL_OUTER_EDGES_SYMMETRIC_BOUNDARY_HEADROOM,8,False
2011-02-06 00:00:00,E0041,VMIN33,NONE,CONVEX-CONVEX,0.322186752171886,0.94667613085201,componentwise_positive,USE_ORIGINAL_INWARD_NORMAL_NO_COMPONENTWISE_PROJECTION,16,3051.35051277384,GEOMETRY_BOUND_ONLY_NOT_PRIMARY_FALSIFICATION_PATH,0,11,0,11,0.108483425456587,FUTURE_AC_ONLY,ALL_OUTER_EDGES_SYMMETRIC_BOUNDARY_HEADROOM,8,False
2011-02-06 00:00:00,E0042,VMIN33,ADJACENT_TO_GUARD_LIMITED_EDGE,CONVEX-CONVEX,0.31216207503638,0.950028862145241,componentwise_positive,USE_ORIGINAL_INWARD_NORMAL_NO_COMPONENTWISE_PROJECTION,16,3102.42275342053,GEOMETRY_BOUND_ONLY_NOT_PRIMARY_FALSIFICATION_PATH,0,9,0,9,0.110004984306834,FUTURE_AC_ONLY,ALL_OUTER_EDGES_SYMMETRIC_BOUNDARY_HEADROOM,9,False
2011-02-06 00:00:00,E0043,CLASS_TRANSITION,CROSSES_GUARD_LIMITED_RAY,CONVEX-CONVEX,-0.948669123879325,0.31627028535421,mixed_sign,USE_ORIGINAL_INWARD_NORMAL_NO_COMPONENTWISE_PROJECTION,16,5207.7393766068,GEOMETRY_BOUND_ONLY_NOT_PRIMARY_FALSIFICATION_PATH,0,30,0,30,0.0363793480894602,FUTURE_AC_ONLY,ALL_OUTER_EDGES_SYMMETRIC_BOUNDARY_HEADROOM,29,True
2011-02-06 00:00:00,E0044,VMAX13,ADJACENT_TO_GUARD_LIMITED_EDGE,CONVEX-REFLEX,-0.935435790011502,-0.353496651703459,componentwise_nonpositive,USE_ORIGINAL_INWARD_NORMAL_NO_COMPONENTWISE_PROJECTION,16,3041.07153354618,GEOMETRY_BOUND_ONLY_NOT_PRIMARY_FALSIFICATION_PATH,13,9,0,9,0.115256860645443,FUTURE_AC_ONLY,ALL_OUTER_EDGES_SYMMETRIC_BOUNDARY_HEADROOM,11,False
2011-02-06 00:00:00,E0045,VMAX13,NONE,REFLEX-REFLEX,-0.940576609700578,-0.339581567939378,componentwise_nonpositive,USE_ORIGINAL_INWARD_NORMAL_NO_COMPONENTWISE_PROJECTION,17,1278.23174544877,GEOMETRY_BOUND_ONLY_NOT_PRIMARY_FALSIFICATION_PATH,13,9,0,9,0.111890541894475,FUTURE_AC_ONLY,ALL_OUTER_EDGES_SYMMETRIC_BOUNDARY_HEADROOM,11,False
2011-02-06 00:00:00,E0046,VMAX13,NONE,REFLEX-REFLEX,-0.944322924094982,-0.329020083017289,componentwise_nonpositive,USE_ORIGINAL_INWARD_NORMAL_NO_COMPONENTWISE_PROJECTION,18,1297.65773920093,GEOMETRY_BOUND_ONLY_NOT_PRIMARY_FALSIFICATION_PATH,12,9,0,9,0.109561294911276,FUTURE_AC_ONLY,ALL_OUTER_EDGES_SYMMETRIC_BOUNDARY_HEADROOM,13,False
2011-02-06 00:00:00,E0047,VMAX13,NONE,REFLEX-REFLEX,-0.946697840288661,-0.322122956637344,componentwise_nonpositive,USE_ORIGINAL_INWARD_NORMAL_NO_COMPONENTWISE_PROJECTION,19,1307.72046029298,GEOMETRY_BOUND_ONLY_NOT_PRIMARY_FALSIFICATION_PATH,12,9,0,9,0.114547677629654,FUTURE_AC_ONLY,ALL_OUTER_EDGES_SYMMETRIC_BOUNDARY_HEADROOM,12,False
2011-02-06 00:00:00,E0048,VMAX13,NONE,REFLEX-REFLEX,-0.947154153256525,-0.320778755482521,componentwise_nonpositive,USE_ORIGINAL_INWARD_NORMAL_NO_COMPONENTWISE_PROJECTION,20,1309.29334286974,GEOMETRY_BOUND_ONLY_NOT_PRIMARY_FALSIFICATION_PATH,0,0,3,3,0.25,FUTURE_AC_ONLY,ALL_OUTER_EDGES_SYMMETRIC_BOUNDARY_HEADROOM,1,False
2011-02-06 00:00:00,E0049,VMAX13,NONE,REFLEX-REFLEX,-0.949036640066232,-0.315165759262958,componentwise_nonpositive,USE_ORIGINAL_INWARD_NORMAL_NO_COMPONENTWISE_PROJECTION,21,1315.72681068225,GEOMETRY_BOUND_ONLY_NOT_PRIMARY_FALSIFICATION_PATH,11,10,0,10,0.106417856823224,FUTURE_AC_ONLY,ALL_OUTER_EDGES_SYMMETRIC_BOUNDARY_HEADROOM,14,False
2011-02-06 00:00:00,E0050,VMAX13,NONE,REFLEX-REFLEX,-0.951166850913084,-0.308677212835814,componentwise_nonpositive,USE_ORIGINAL_INWARD_NORMAL_NO_COMPONENTWISE_PROJECTION,22,1321.44385934841,GEOMETRY_BOUND_ONLY_NOT_PRIMARY_FALSIFICATION_PATH,22,19,0,19,0.0552715083776565,FUTURE_AC_ONLY,ALL_OUTER_EDGES_SYMMETRIC_BOUNDARY_HEADROOM,28,False
2011-03-04 18:00:00,E0000,VMAX13,NONE,REFLEX-REFLEX,-0.952552096063352,-0.304375597388021,componentwise_nonpositive,USE_ORIGINAL_INWARD_NORMAL_NO_COMPONENTWISE_PROJECTION,0,1456.98759479688,GEOMETRY_BOUND_ONLY_NOT_PRIMARY_FALSIFICATION_PATH,19,19,0,19,0.0532820972109234,FUTURE_AC_ONLY,ALL_OUTER_EDGES_SYMMETRIC_BOUNDARY_HEADROOM,28,False
2011-03-04 18:00:00,E0001,VMAX13,NONE,REFLEX-REFLEX,-0.954997561824871,-0.296613649228337,componentwise_nonpositive,USE_ORIGINAL_INWARD_NORMAL_NO_COMPONENTWISE_PROJECTION,1,1457.66803934536,GEOMETRY_BOUND_ONLY_NOT_PRIMARY_FALSIFICATION_PATH,13,19,0,19,0.0515606736968672,FUTURE_AC_ONLY,ALL_OUTER_EDGES_SYMMETRIC_BOUNDARY_HEADROOM,27,False
2011-03-04 18:00:00,E0002,VMAX13,NONE,REFLEX-REFLEX,-0.957144206727163,-0.289611753091323,componentwise_nonpositive,USE_ORIGINAL_INWARD_NORMAL_NO_COMPONENTWISE_PROJECTION,2,1455.68294057526,GEOMETRY_BOUND_ONLY_NOT_PRIMARY_FALSIFICATION_PATH,16,19,0,19,0.0504400183360419,FUTURE_AC_ONLY,ALL_OUTER_EDGES_SYMMETRIC_BOUNDARY_HEADROOM,24,False
2011-03-04 18:00:00,E0003,VMAX13,NONE,REFLEX-REFLEX,-0.958955465538946,-0.283556722919741,componentwise_nonpositive,USE_ORIGINAL_INWARD_NORMAL_NO_COMPONENTWISE_PROJECTION,3,1451.7835139009,GEOMETRY_BOUND_ONLY_NOT_PRIMARY_FALSIFICATION_PATH,19,19,0,19,0.052021953197403,FUTURE_AC_ONLY,ALL_OUTER_EDGES_SYMMETRIC_BOUNDARY_HEADROOM,22,False
2011-03-04 18:00:00,E0004,VMAX13,NONE,REFLEX-CONVEX,-0.960961228942995,-0.276683061404867,componentwise_nonpositive,USE_ORIGINAL_INWARD_NORMAL_NO_COMPONENTWISE_PROJECTION,4,1444.78022088785,GEOMETRY_BOUND_ONLY_NOT_PRIMARY_FALSIFICATION_PATH,20,19,0,19,0.053799220242589,FUTURE_AC_ONLY,ALL_OUTER_EDGES_SYMMETRIC_BOUNDARY_HEADROOM,18,False
2011-03-04 18:00:00,E0005,CLASS_TRANSITION,NONE,CONVEX-CONVEX,-0.663574793309822,-0.748109947590477,componentwise_nonpositive,USE_ORIGINAL_INWARD_NORMAL_NO_COMPONENTWISE_PROJECTION,4,1957.59340798191,GEOMETRY_BOUND_ONLY_NOT_PRIMARY_FALSIFICATION_PATH,0,10,0,10,0.100891419777982,FUTURE_AC_ONLY,ALL_OUTER_EDGES_SYMMETRIC_BOUNDARY_HEADROOM,9,False
2011-03-04 18:00:00,E0006,VMAX30,NONE,CONVEX-REFLEX,-0.385477318548887,-0.922717311468881,componentwise_nonpositive,USE_ORIGINAL_INWARD_NORMAL_NO_COMPONENTWISE_PROJECTION,4,2028.73932034317,GEOMETRY_BOUND_ONLY_NOT_PRIMARY_FALSIFICATION_PATH,6,9,0,9,0.102411105681956,FUTURE_AC_ONLY,ALL_OUTER_EDGES_SYMMETRIC_BOUNDARY_HEADROOM,8,False
2011-03-04 18:00:00,E0007,VMAX30,NONE,REFLEX-REFLEX,-0.39339551588026,-0.919369331708049,componentwise_nonpositive,USE_ORIGINAL_INWARD_NORMAL_NO_COMPONENTWISE_PROJECTION,5,2028.43206772265,GEOMETRY_BOUND_ONLY_NOT_PRIMARY_FALSIFICATION_PATH,17,19,0,19,0.0514647358695179,FUTURE_AC_ONLY,ALL_OUTER_EDGES_SYMMETRIC_BOUNDARY_HEADROOM,16,False
2011-03-04 18:00:00,E0008,VMAX30,NONE,REFLEX-REFLEX,-0.402373832840068,-0.915475449504569,componentwise_nonpositive,USE_ORIGINAL_INWARD_NORMAL_NO_COMPONENTWISE_PROJECTION,6,2025.21289497272,GEOMETRY_BOUND_ONLY_NOT_PRIMARY_FALSIFICATION_PATH,18,19,0,19,0.050513469068587,FUTURE_AC_ONLY,ALL_OUTER_EDGES_SYMMETRIC_BOUNDARY_HEADROOM,14,False
2011-03-04 18:00:00,E0009,VMAX30,NONE,REFLEX-REFLEX,-0.411954163981203,-0.911204569116369,componentwise_nonpositive,USE_ORIGINAL_INWARD_NORMAL_NO_COMPONENTWISE_PROJECTION,7,2018.71883036502,GEOMETRY_BOUND_ONLY_NOT_PRIMARY_FALSIFICATION_PATH,19,19,0,19,0.052097870113604,FUTURE_AC_ONLY,ALL_OUTER_EDGES_SYMMETRIC_BOUNDARY_HEADROOM,14,False
2011-03-04 18:00:00,E0010,VMAX30,NONE,REFLEX-REFLEX,-0.419531935992068,-0.907740576752382,componentwise_nonpositive,USE_ORIGINAL_INWARD_NORMAL_NO_COMPONENTWISE_PROJECTION,8,2011.0445639594,GEOMETRY_BOUND_ONLY_NOT_PRIMARY_FALSIFICATION_PATH,0,10,0,10,0.101756101547252,FUTURE_AC_ONLY,ALL_OUTER_EDGES_SYMMETRIC_BOUNDARY_HEADROOM,7,False
2011-03-04 18:00:00,E0011,VMAX30,NONE,REFLEX-REFLEX,-0.42633571918922,-0.90456500846728,componentwise_nonpositive,USE_ORIGINAL_INWARD_NORMAL_NO_COMPONENTWISE_PROJECTION,9,2002.84546616407,GEOMETRY_BOUND_ONLY_NOT_PRIMARY_FALSIFICATION_PATH,9,9,0,9,0.105175658209944,FUTURE_AC_ONLY,ALL_OUTER_EDGES_SYMMETRIC_BOUNDARY_HEADROOM,7,False
2011-03-04 18:00:00,E0012,VMAX30,NONE,REFLEX-REFLEX,-0.43173039762666,-0.902002696096373,componentwise_nonpositive,USE_ORIGINAL_INWARD_NORMAL_NO_COMPONENTWISE_PROJECTION,10,1995.26606170688,GEOMETRY_BOUND_ONLY_NOT_PRIMARY_FALSIFICATION_PATH,13,9,0,9,0.104907090557416,FUTURE_AC_ONLY,ALL_OUTER_EDGES_SYMMETRIC_BOUNDARY_HEADROOM,7,False
2011-03-04 18:00:00,E0013,VMAX30,NONE,REFLEX-REFLEX,-0.438822980683851,-0.898573531561964,componentwise_nonpositive,USE_ORIGINAL_INWARD_NORMAL_NO_COMPONENTWISE_PROJECTION,11,1983.7204802667,GEOMETRY_BOUND_ONLY_NOT_PRIMARY_FALSIFICATION_PATH,9,9,0,9,0.106018730241279,FUTURE_AC_ONLY,ALL_OUTER_EDGES_SYMMETRIC_BOUNDARY_HEADROOM,7,True
2011-03-04 18:00:00,E0014,VMAX30,NONE,REFLEX-REFLEX,-0.449018867856124,-0.893522275217134,componentwise_nonpositive,USE_ORIGINAL_INWARD_NORMAL_NO_COMPONENTWISE_PROJECTION,12,1964.47934665011,GEOMETRY_BOUND_ONLY_NOT_PRIMARY_FALSIFICATION_PATH,11,9,0,9,0.107349007556644,FUTURE_AC_ONLY,ALL_OUTER_EDGES_SYMMETRIC_BOUNDARY_HEADROOM,8,False
2011-03-04 18:00:00,E0015,VMAX30,NONE,REFLEX-REFLEX,-0.459497634815031,-0.888178992996002,componentwise_nonpositive,USE_ORIGINAL_INWARD_NORMAL_NO_COMPONENTWISE_PROJECTION,13,1941.49572017909,GEOMETRY_BOUND_ONLY_NOT_PRIMARY_FALSIFICATION_PATH,13,9,0,9,0.108956585851362,FUTURE_AC_ONLY,ALL_OUTER_EDGES_SYMMETRIC_BOUNDARY_HEADROOM,8,False
2011-03-04 18:00:00,E0016,VMAX30,NONE,REFLEX-REFLEX,-0.473904799072436,-0.880576084967173,componentwise_nonpositive,USE_ORIGINAL_INWARD_NORMAL_NO_COMPONENTWISE_PROJECTION,14,1904.51451159677,GEOMETRY_BOUND_ONLY_NOT_PRIMARY_FALSIFICATION_PATH,13,9,0,9,0.111057956569737,FUTURE_AC_ONLY,ALL_OUTER_EDGES_SYMMETRIC_BOUNDARY_HEADROOM,8,False
2011-03-04 18:00:00,E0017,VMAX30,ADJACENT_TO_GUARD_LIMITED_EDGE,REFLEX-CONVEX,-0.49338181624841,-0.869812843889661,componentwise_nonpositive,USE_ORIGINAL_INWARD_NORMAL_NO_COMPONENTWISE_PROJECTION,15,1845.08634430398,GEOMETRY_BOUND_ONLY_NOT_PRIMARY_FALSIFICATION_PATH,13,10,0,10,0.114025369910835,FUTURE_AC_ONLY,ALL_OUTER_EDGES_SYMMETRIC_BOUNDARY_HEADROOM,9,False
2011-03-04 18:00:00,E0018,CLASS_TRANSITION,CROSSES_GUARD_LIMITED_RAY,CONVEX-CONVEX,0.603878529250593,-0.797076358895521,mixed_sign,USE_ORIGINAL_INWARD_NORMAL_NO_COMPONENTWISE_PROJECTION,15,3649.7573308043,GEOMETRY_BOUND_ONLY_NOT_PRIMARY_FALSIFICATION_PATH,0,20,0,20,0.052861502546891,FUTURE_AC_ONLY,ALL_OUTER_EDGES_SYMMETRIC_BOUNDARY_HEADROOM,18,False
2011-03-04 18:00:00,E0019,VMIN18,ADJACENT_TO_GUARD_LIMITED_EDGE,CONVEX-CONVEX,0.975114427076934,0.221702174338508,componentwise_positive,USE_ORIGINAL_INWARD_NORMAL_NO_COMPONENTWISE_PROJECTION,15,1652.42307390278,GEOMETRY_BOUND_ONLY_NOT_PRIMARY_FALSIFICATION_PATH,0,10,0,10,0.112183856319264,FUTURE_AC_ONLY,ALL_OUTER_EDGES_SYMMETRIC_BOUNDARY_HEADROOM,11,False
2011-03-04 18:00:00,E0020,VMIN18,NONE,CONVEX-CONVEX,0.97323244601263,0.229822988467805,componentwise_positive,USE_ORIGINAL_INWARD_NORMAL_NO_COMPONENTWISE_PROJECTION,15,1630.36005660687,GEOMETRY_BOUND_ONLY_NOT_PRIMARY_FALSIFICATION_PATH,0,10,0,10,0.110327833527203,FUTURE_AC_ONLY,ALL_OUTER_EDGES_SYMMETRIC_BOUNDARY_HEADROOM,11,False
2011-03-04 18:00:00,E0021,VMIN18,NONE,CONVEX-CONVEX,0.971471574725776,0.237156023536871,componentwise_positive,USE_ORIGINAL_INWARD_NORMAL_NO_COMPONENTWISE_PROJECTION,16,3375.26768232363,GEOMETRY_BOUND_ONLY_NOT_PRIMARY_FALSIFICATION_PATH,0,10,0,10,0.108794388905663,FUTURE_AC_ONLY,ALL_OUTER_EDGES_SYMMETRIC_BOUNDARY_HEADROOM,11,False
2011-03-04 18:00:00,E0022,VMIN18,NONE,CONVEX-CONVEX,0.969989725387873,0.243145908133281,componentwise_positive,USE_ORIGINAL_INWARD_NORMAL_NO_COMPONENTWISE_PROJECTION,16,3346.33829602282,GEOMETRY_BOUND_ONLY_NOT_PRIMARY_FALSIFICATION_PATH,0,9,0,9,0.107480549055499,FUTURE_AC_ONLY,ALL_OUTER_EDGES_SYMMETRIC_BOUNDARY_HEADROOM,13,False
2011-03-04 18:00:00,E0023,VMIN18,NONE,CONVEX-CONVEX,0.968541875032165,0.248850630517942,componentwise_positive,USE_ORIGINAL_INWARD_NORMAL_NO_COMPONENTWISE_PROJECTION,16,3320.66270103319,GEOMETRY_BOUND_ONLY_NOT_PRIMARY_FALSIFICATION_PATH,0,10,0,10,0.106349487084636,FUTURE_AC_ONLY,ALL_OUTER_EDGES_SYMMETRIC_BOUNDARY_HEADROOM,13,False
2011-03-04 18:00:00,E0024,VMIN18,NONE,CONVEX-CONVEX,0.967229276613053,0.25390456172072,componentwise_positive,USE_ORIGINAL_INWARD_NORMAL_NO_COMPONENTWISE_PROJECTION,16,3299.35556423837,GEOMETRY_BOUND_ONLY_NOT_PRIMARY_FALSIFICATION_PATH,0,11,0,11,0.10534793513699,FUTURE_AC_ONLY,ALL_OUTER_EDGES_SYMMETRIC_BOUNDARY_HEADROOM,14,False
2011-03-04 18:00:00,E0025,VMIN18,NONE,CONVEX-CONVEX,0.965259337388813,0.261293726644385,componentwise_positive,USE_ORIGINAL_INWARD_NORMAL_NO_COMPONENTWISE_PROJECTION,16,3270.02322479684,GEOMETRY_BOUND_ONLY_NOT_PRIMARY_FALSIFICATION_PATH,0,19,0,19,0.0544965503416368,FUTURE_AC_ONLY,ALL_OUTER_EDGES_SYMMETRIC_BOUNDARY_HEADROOM,28,False
2011-03-04 18:00:00,E0026,VMIN18,NONE,CONVEX-CONVEX,0.963569001854067,0.267459863654263,componentwise_positive,USE_ORIGINAL_INWARD_NORMAL_NO_COMPONENTWISE_PROJECTION,16,3248.30236324425,GEOMETRY_BOUND_ONLY_NOT_PRIMARY_FALSIFICATION_PATH,0,9,0,9,0.11297959296918,FUTURE_AC_ONLY,ALL_OUTER_EDGES_SYMMETRIC_BOUNDARY_HEADROOM,13,False
2011-03-04 18:00:00,E0027,VMIN18,NONE,CONVEX-CONVEX,0.962219411625112,0.272275235546354,componentwise_positive,USE_ORIGINAL_INWARD_NORMAL_NO_COMPONENTWISE_PROJECTION,16,3232.16019288414,GEOMETRY_BOUND_ONLY_NOT_PRIMARY_FALSIFICATION_PATH,0,11,0,11,0.0933482695979752,FUTURE_AC_ONLY,ALL_OUTER_EDGES_SYMMETRIC_BOUNDARY_HEADROOM,15,False
2011-03-04 18:00:00,E0028,VMIN18,NONE,CONVEX-CONVEX,0.960450610704069,0.278450398452185,componentwise_positive,USE_ORIGINAL_INWARD_NORMAL_NO_COMPONENTWISE_PROJECTION,16,3212.68443379669,GEOMETRY_BOUND_ONLY_NOT_PRIMARY_FALSIFICATION_PATH,0,19,0,19,0.0513423373109916,FUTURE_AC_ONLY,ALL_OUTER_EDGES_SYMMETRIC_BOUNDARY_HEADROOM,27,False
2011-03-04 18:00:00,E0029,VMIN18,NONE,CONVEX-CONVEX,0.957953415184483,0.286923777920872,componentwise_positive,USE_ORIGINAL_INWARD_NORMAL_NO_COMPONENTWISE_PROJECTION,16,3188.97708684065,GEOMETRY_BOUND_ONLY_NOT_PRIMARY_FALSIFICATION_PATH,0,20,0,20,0.050471087802047,FUTURE_AC_ONLY,ALL_OUTER_EDGES_SYMMETRIC_BOUNDARY_HEADROOM,24,False
2011-03-04 18:00:00,E0030,VMIN18,NONE,CONVEX-CONVEX,0.955068011851145,0.296386728344405,componentwise_positive,USE_ORIGINAL_INWARD_NORMAL_NO_COMPONENTWISE_PROJECTION,16,3165.7463235659,GEOMETRY_BOUND_ONLY_NOT_PRIMARY_FALSIFICATION_PATH,0,20,0,20,0.051863361621754,FUTURE_AC_ONLY,ALL_OUTER_EDGES_SYMMETRIC_BOUNDARY_HEADROOM,22,False
2011-03-04 18:00:00,E0031,VMIN18,NONE,CONVEX-CONVEX,0.951683928981111,0.307079304608884,componentwise_positive,USE_ORIGINAL_INWARD_NORMAL_NO_COMPONENTWISE_PROJECTION,16,3143.28083808285,GEOMETRY_BOUND_ONLY_NOT_PRIMARY_FALSIFICATION_PATH,0,20,0,20,0.0533706633426581,FUTURE_AC_ONLY,ALL_OUTER_EDGES_SYMMETRIC_BOUNDARY_HEADROOM,18,False
2011-03-04 18:00:00,E0032,CLASS_TRANSITION,NONE,CONVEX-CONVEX,0.514269073185276,0.857628894315693,componentwise_positive,USE_ORIGINAL_INWARD_NORMAL_NO_COMPONENTWISE_PROJECTION,16,2553.59168696358,GEOMETRY_BOUND_ONLY_NOT_PRIMARY_FALSIFICATION_PATH,0,10,0,10,0.102193098423977,FUTURE_AC_ONLY,ALL_OUTER_EDGES_SYMMETRIC_BOUNDARY_HEADROOM,9,False
2011-03-04 18:00:00,E0033,VMIN33,NONE,CONVEX-CONVEX,0.410166146653434,0.912010817994761,componentwise_positive,USE_ORIGINAL_INWARD_NORMAL_NO_COMPONENTWISE_PROJECTION,16,2871.25801654489,GEOMETRY_BOUND_ONLY_NOT_PRIMARY_FALSIFICATION_PATH,0,10,0,10,0.1022344447901,FUTURE_AC_ONLY,ALL_OUTER_EDGES_SYMMETRIC_BOUNDARY_HEADROOM,8,False
2011-03-04 18:00:00,E0034,VMIN33,NONE,CONVEX-CONVEX,0.401598886366198,0.915815666206595,componentwise_positive,USE_ORIGINAL_INWARD_NORMAL_NO_COMPONENTWISE_PROJECTION,16,2896.38708403633,GEOMETRY_BOUND_ONLY_NOT_PRIMARY_FALSIFICATION_PATH,0,20,0,20,0.0514056463747404,FUTURE_AC_ONLY,ALL_OUTER_EDGES_SYMMETRIC_BOUNDARY_HEADROOM,16,False
2011-03-04 18:00:00,E0035,VMIN33,NONE,CONVEX-CONVEX,0.389648442568416,0.920963675290186,componentwise_positive,USE_ORIGINAL_INWARD_NORMAL_NO_COMPONENTWISE_PROJECTION,16,2934.6427348101,GEOMETRY_BOUND_ONLY_NOT_PRIMARY_FALSIFICATION_PATH,0,19,0,19,0.050425323116745,FUTURE_AC_ONLY,ALL_OUTER_EDGES_SYMMETRIC_BOUNDARY_HEADROOM,14,False
2011-03-04 18:00:00,E0036,VMIN33,NONE,CONVEX-CONVEX,0.380487515729187,0.924786056541853,componentwise_positive,USE_ORIGINAL_INWARD_NORMAL_NO_COMPONENTWISE_PROJECTION,16,2966.32472943232,GEOMETRY_BOUND_ONLY_NOT_PRIMARY_FALSIFICATION_PATH,0,10,0,10,0.10221587766255,FUTURE_AC_ONLY,ALL_OUTER_EDGES_SYMMETRIC_BOUNDARY_HEADROOM,7,True
2011-03-04 18:00:00,E0037,VMIN33,NONE,CONVEX-CONVEX,0.375534884805247,0.926808259724906,componentwise_positive,USE_ORIGINAL_INWARD_NORMAL_NO_COMPONENTWISE_PROJECTION,16,2984.04556261851,GEOMETRY_BOUND_ONLY_NOT_PRIMARY_FALSIFICATION_PATH,0,10,0,10,0.100749805258085,FUTURE_AC_ONLY,ALL_OUTER_EDGES_SYMMETRIC_BOUNDARY_HEADROOM,7,False
2011-03-04 18:00:00,E0038,VMIN33,NONE,CONVEX-CONVEX,0.366589488452874,0.930382795926419,componentwise_positive,USE_ORIGINAL_INWARD_NORMAL_NO_COMPONENTWISE_PROJECTION,16,3017.20289274736,GEOMETRY_BOUND_ONLY_NOT_PRIMARY_FALSIFICATION_PATH,0,20,0,20,0.053406061381006,FUTURE_AC_ONLY,ALL_OUTER_EDGES_SYMMETRIC_BOUNDARY_HEADROOM,14,False
2011-03-04 18:00:00,E0039,VMIN33,NONE,CONVEX-CONVEX,0.353937101900579,0.935269227494532,componentwise_positive,USE_ORIGINAL_INWARD_NORMAL_NO_COMPONENTWISE_PROJECTION,16,3067.81088903324,GEOMETRY_BOUND_ONLY_NOT_PRIMARY_FALSIFICATION_PATH,0,20,0,20,0.055216341218187,FUTURE_AC_ONLY,ALL_OUTER_EDGES_SYMMETRIC_BOUNDARY_HEADROOM,14,True
2011-03-04 18:00:00,E0040,VMIN33,NONE,CONVEX-CONVEX,0.343591854082835,0.939119075414785,componentwise_positive,USE_ORIGINAL_INWARD_NORMAL_NO_COMPONENTWISE_PROJECTION,16,3112.77370708384,GEOMETRY_BOUND_ONLY_NOT_PRIMARY_FALSIFICATION_PATH,0,9,0,9,0.106133089626732,FUTURE_AC_ONLY,ALL_OUTER_EDGES_SYMMETRIC_BOUNDARY_HEADROOM,8,False
2011-03-04 18:00:00,E0041,VMIN33,NONE,CONVEX-CONVEX,0.336946304821504,0.941523864629641,componentwise_positive,USE_ORIGINAL_INWARD_NORMAL_NO_COMPONENTWISE_PROJECTION,16,3142.93953924328,GEOMETRY_BOUND_ONLY_NOT_PRIMARY_FALSIFICATION_PATH,0,10,0,10,0.10727171057922,FUTURE_AC_ONLY,ALL_OUTER_EDGES_SYMMETRIC_BOUNDARY_HEADROOM,8,False
2011-03-04 18:00:00,E0042,VMIN33,NONE,CONVEX-CONVEX,0.327526147864349,0.944842115099206,componentwise_positive,USE_ORIGINAL_INWARD_NORMAL_NO_COMPONENTWISE_PROJECTION,16,3187.858989821,GEOMETRY_BOUND_ONLY_NOT_PRIMARY_FALSIFICATION_PATH,0,11,0,11,0.108565253176847,FUTURE_AC_ONLY,ALL_OUTER_EDGES_SYMMETRIC_BOUNDARY_HEADROOM,8,False
2011-03-04 18:00:00,E0043,VMIN33,NONE,CONVEX-CONVEX,0.318430048549677,0.947946361447023,componentwise_positive,USE_ORIGINAL_INWARD_NORMAL_NO_COMPONENTWISE_PROJECTION,16,3233.67117251865,GEOMETRY_BOUND_ONLY_NOT_PRIMARY_FALSIFICATION_PATH,0,9,0,9,0.110118457275172,FUTURE_AC_ONLY,ALL_OUTER_EDGES_SYMMETRIC_BOUNDARY_HEADROOM,9,False
2011-03-04 18:00:00,E0044,VMIN33,ADJACENT_TO_GUARD_LIMITED_EDGE,CONVEX-CONVEX,0.30733313954349,0.951601986829758,componentwise_positive,USE_ORIGINAL_INWARD_NORMAL_NO_COMPONENTWISE_PROJECTION,16,3293.1908116142,GEOMETRY_BOUND_ONLY_NOT_PRIMARY_FALSIFICATION_PATH,0,10,0,10,0.11199748839326,FUTURE_AC_ONLY,ALL_OUTER_EDGES_SYMMETRIC_BOUNDARY_HEADROOM,9,False
2011-03-04 18:00:00,E0045,CLASS_TRANSITION,CROSSES_GUARD_LIMITED_RAY,CONVEX-CONVEX,-0.945255180241115,0.326332107257832,mixed_sign,USE_ORIGINAL_INWARD_NORMAL_NO_COMPONENTWISE_PROJECTION,16,5591.02640536781,GEOMETRY_BOUND_ONLY_NOT_PRIMARY_FALSIFICATION_PATH,0,21,0,21,0.0522820972563677,FUTURE_AC_ONLY,ALL_OUTER_EDGES_SYMMETRIC_BOUNDARY_HEADROOM,20,False
2011-03-04 18:00:00,E0046,VMAX13,ADJACENT_TO_GUARD_LIMITED_EDGE,CONVEX-REFLEX,-0.930754852848233,-0.365643821087496,componentwise_nonpositive,USE_ORIGINAL_INWARD_NORMAL_NO_COMPONENTWISE_PROJECTION,16,3037.35591647692,GEOMETRY_BOUND_ONLY_NOT_PRIMARY_FALSIFICATION_PATH,13,9,0,9,0.115866399655795,FUTURE_AC_ONLY,ALL_OUTER_EDGES_SYMMETRIC_BOUNDARY_HEADROOM,11,False
2011-03-04 18:00:00,E0047,VMAX13,NONE,REFLEX-REFLEX,-0.937219774832912,-0.348739291824345,componentwise_nonpositive,USE_ORIGINAL_INWARD_NORMAL_NO_COMPONENTWISE_PROJECTION,17,1397.28628632424,GEOMETRY_BOUND_ONLY_NOT_PRIMARY_FALSIFICATION_PATH,13,9,0,9,0.112199725140923,FUTURE_AC_ONLY,ALL_OUTER_EDGES_SYMMETRIC_BOUNDARY_HEADROOM,11,False
2011-03-04 18:00:00,E0048,VMAX13,NONE,REFLEX-REFLEX,-0.941547455748896,-0.336880377245069,componentwise_nonpositive,USE_ORIGINAL_INWARD_NORMAL_NO_COMPONENTWISE_PROJECTION,18,1421.63824705451,GEOMETRY_BOUND_ONLY_NOT_PRIMARY_FALSIFICATION_PATH,13,9,0,9,0.10975887932761,FUTURE_AC_ONLY,ALL_OUTER_EDGES_SYMMETRIC_BOUNDARY_HEADROOM,13,False
2011-03-04 18:00:00,E0049,VMAX13,NONE,REFLEX-REFLEX,-0.944471901627033,-0.32859218955571,componentwise_nonpositive,USE_ORIGINAL_INWARD_NORMAL_NO_COMPONENTWISE_PROJECTION,19,1435.11055344978,GEOMETRY_BOUND_ONLY_NOT_PRIMARY_FALSIFICATION_PATH,12,9,0,9,0.107962824939496,FUTURE_AC_ONLY,ALL_OUTER_EDGES_SYMMETRIC_BOUNDARY_HEADROOM,13,False
2011-03-04 18:00:00,E0050,VMAX13,NONE,REFLEX-REFLEX,-0.94712396415186,-0.320867880176975,componentwise_nonpositive,USE_ORIGINAL_INWARD_NORMAL_NO_COMPONENTWISE_PROJECTION,20,1444.97469129961,GEOMETRY_BOUND_ONLY_NOT_PRIMARY_FALSIFICATION_PATH,9,9,0,9,0.106510924799907,FUTURE_AC_ONLY,ALL_OUTER_EDGES_SYMMETRIC_BOUNDARY_HEADROOM,14,False
2011-03-04 18:00:00,E0051,VMAX13,NONE,REFLEX-REFLEX,-0.949109017310534,-0.314947730996482,componentwise_nonpositive,USE_ORIGINAL_INWARD_NORMAL_NO_COMPONENTWISE_PROJECTION,21,1450.78773644999,GEOMETRY_BOUND_ONLY_NOT_PRIMARY_FALSIFICATION_PATH,12,10,0,10,0.0969216084661814,FUTURE_AC_ONLY,ALL_OUTER_EDGES_SYMMETRIC_BOUNDARY_HEADROOM,15,False
2011-03-04 18:00:00,E0052,VMAX13,NONE,REFLEX-REFLEX,-0.950640904158444,-0.310293202214964,componentwise_nonpositive,USE_ORIGINAL_INWARD_NORMAL_NO_COMPONENTWISE_PROJECTION,22,1454.06430807247,GEOMETRY_BOUND_ONLY_NOT_PRIMARY_FALSIFICATION_PATH,7,9,0,9,0.114203667027179,FUTURE_AC_ONLY,ALL_OUTER_EDGES_SYMMETRIC_BOUNDARY_HEADROOM,13,False
2011-03-08 11:30:00,E0000,VMAX13,NONE,REFLEX-REFLEX,-0.951201677098654,-0.308569877798705,componentwise_nonpositive,USE_ORIGINAL_INWARD_NORMAL_NO_COMPONENTWISE_PROJECTION,0,1543.55420487973,GEOMETRY_BOUND_ONLY_NOT_PRIMARY_FALSIFICATION_PATH,0,5,0,5,0.170233760558361,FUTURE_AC_ONLY,ALL_OUTER_EDGES_SYMMETRIC_BOUNDARY_HEADROOM,9,False
2011-03-08 11:30:00,E0001,VMAX13,NONE,REFLEX-REFLEX,-0.95229642471374,-0.305174572134423,componentwise_nonpositive,USE_ORIGINAL_INWARD_NORMAL_NO_COMPONENTWISE_PROJECTION,1,1544.88533203043,GEOMETRY_BOUND_ONLY_NOT_PRIMARY_FALSIFICATION_PATH,17,14,0,14,0.074215403326434,FUTURE_AC_ONLY,ALL_OUTER_EDGES_SYMMETRIC_BOUNDARY_HEADROOM,19,False
2011-03-08 11:30:00,E0002,VMAX13,NONE,REFLEX-REFLEX,-0.954357609853547,-0.298666289551776,componentwise_nonpositive,USE_ORIGINAL_INWARD_NORMAL_NO_COMPONENTWISE_PROJECTION,2,1545.5102008519,GEOMETRY_BOUND_ONLY_NOT_PRIMARY_FALSIFICATION_PATH,22,19,0,19,0.0515804606697665,FUTURE_AC_ONLY,ALL_OUTER_EDGES_SYMMETRIC_BOUNDARY_HEADROOM,27,False
2011-03-08 11:30:00,E0003,VMAX13,NONE,REFLEX-REFLEX,-0.956674942387711,-0.291158126466479,componentwise_nonpositive,USE_ORIGINAL_INWARD_NORMAL_NO_COMPONENTWISE_PROJECTION,3,1543.28352640093,GEOMETRY_BOUND_ONLY_NOT_PRIMARY_FALSIFICATION_PATH,22,19,0,19,0.050426833700441,FUTURE_AC_ONLY,ALL_OUTER_EDGES_SYMMETRIC_BOUNDARY_HEADROOM,24,False
2011-03-08 11:30:00,E0004,VMAX13,NONE,REFLEX-REFLEX,-0.958539967786948,-0.284958120001864,componentwise_nonpositive,USE_ORIGINAL_INWARD_NORMAL_NO_COMPONENTWISE_PROJECTION,4,1539.07548320415,GEOMETRY_BOUND_ONLY_NOT_PRIMARY_FALSIFICATION_PATH,20,19,0,19,0.052009466606706,FUTURE_AC_ONLY,ALL_OUTER_EDGES_SYMMETRIC_BOUNDARY_HEADROOM,22,False
2011-03-08 11:30:00,E0005,VMAX13,NONE,REFLEX-CONVEX,-0.96082608403512,-0.277152009261591,componentwise_nonpositive,USE_ORIGINAL_INWARD_NORMAL_NO_COMPONENTWISE_PROJECTION,5,1530.67546110257,GEOMETRY_BOUND_ONLY_NOT_PRIMARY_FALSIFICATION_PATH,19,19,0,19,0.053798056790079,FUTURE_AC_ONLY,ALL_OUTER_EDGES_SYMMETRIC_BOUNDARY_HEADROOM,18,False
2011-03-08 11:30:00,E0006,CLASS_TRANSITION,NONE,CONVEX-CONVEX,-0.468673741198679,-0.88337133998723,componentwise_nonpositive,USE_ORIGINAL_INWARD_NORMAL_NO_COMPONENTWISE_PROJECTION,5,2110.55036932534,GEOMETRY_BOUND_ONLY_NOT_PRIMARY_FALSIFICATION_PATH,0,10,0,10,0.102550805484598,FUTURE_AC_ONLY,ALL_OUTER_EDGES_SYMMETRIC_BOUNDARY_HEADROOM,9,False
2011-03-08 11:30:00,E0007,VMAX30,NONE,CONVEX-REFLEX,-0.38741365029118,-0.921905994973492,componentwise_nonpositive,USE_ORIGINAL_INWARD_NORMAL_NO_COMPONENTWISE_PROJECTION,5,2108.34213235112,GEOMETRY_BOUND_ONLY_NOT_PRIMARY_FALSIFICATION_PATH,7,10,0,10,0.102393743381918,FUTURE_AC_ONLY,ALL_OUTER_EDGES_SYMMETRIC_BOUNDARY_HEADROOM,8,False
2011-03-08 11:30:00,E0008,VMAX30,NONE,REFLEX-REFLEX,-0.394832934269234,-0.918752934153871,componentwise_nonpositive,USE_ORIGINAL_INWARD_NORMAL_NO_COMPONENTWISE_PROJECTION,6,2108.02051502016,GEOMETRY_BOUND_ONLY_NOT_PRIMARY_FALSIFICATION_PATH,15,19,0,19,0.0514507579445154,FUTURE_AC_ONLY,ALL_OUTER_EDGES_SYMMETRIC_BOUNDARY_HEADROOM,16,False
2011-03-08 11:30:00,E0009,VMAX30,NONE,REFLEX-REFLEX,-0.404891791623659,-0.914364608389773,componentwise_nonpositive,USE_ORIGINAL_INWARD_NORMAL_NO_COMPONENTWISE_PROJECTION,7,2104.22665522112,GEOMETRY_BOUND_ONLY_NOT_PRIMARY_FALSIFICATION_PATH,11,19,0,19,0.050534657219079,FUTURE_AC_ONLY,ALL_OUTER_EDGES_SYMMETRIC_BOUNDARY_HEADROOM,14,False
2011-03-08 11:30:00,E0010,VMAX30,NONE,REFLEX-REFLEX,-0.414010153271936,-0.910272263110191,componentwise_nonpositive,USE_ORIGINAL_INWARD_NORMAL_NO_COMPONENTWISE_PROJECTION,8,2097.74365166063,GEOMETRY_BOUND_ONLY_NOT_PRIMARY_FALSIFICATION_PATH,6,14,0,14,0.0700298027426589,FUTURE_AC_ONLY,ALL_OUTER_EDGES_SYMMETRIC_BOUNDARY_HEADROOM,10,False
2011-03-08 11:30:00,E0011,VMAX30,NONE,REFLEX-REFLEX,-0.416532886908027,-0.909120648827242,componentwise_nonpositive,USE_ORIGINAL_INWARD_NORMAL_NO_COMPONENTWISE_PROJECTION,9,2095.31678997072,GEOMETRY_BOUND_ONLY_NOT_PRIMARY_FALSIFICATION_PATH,0,5,0,5,0.187762144295136,FUTURE_AC_ONLY,ALL_OUTER_EDGES_SYMMETRIC_BOUNDARY_HEADROOM,4,False
2011-03-08 11:30:00,E0012,VMAX30,NONE,REFLEX-REFLEX,-0.426343571767912,-0.904561307381749,componentwise_nonpositive,USE_ORIGINAL_INWARD_NORMAL_NO_COMPONENTWISE_PROJECTION,10,2084.80854258433,GEOMETRY_BOUND_ONLY_NOT_PRIMARY_FALSIFICATION_PATH,18,19,0,19,0.053920117053104,FUTURE_AC_ONLY,ALL_OUTER_EDGES_SYMMETRIC_BOUNDARY_HEADROOM,14,False
2011-03-08 11:30:00,E0013,VMAX30,NONE,REFLEX-REFLEX,-0.435984753097944,-0.899954051641596,componentwise_nonpositive,USE_ORIGINAL_INWARD_NORMAL_NO_COMPONENTWISE_PROJECTION,11,2070.63430549804,GEOMETRY_BOUND_ONLY_NOT_PRIMARY_FALSIFICATION_PATH,0,9,0,9,0.104952974821859,FUTURE_AC_ONLY,ALL_OUTER_EDGES_SYMMETRIC_BOUNDARY_HEADROOM,7,False
2011-03-08 11:30:00,E0014,VMAX30,NONE,REFLEX-REFLEX,-0.444781164864183,-0.895639277489582,componentwise_nonpositive,USE_ORIGINAL_INWARD_NORMAL_NO_COMPONENTWISE_PROJECTION,12,2055.55767310704,GEOMETRY_BOUND_ONLY_NOT_PRIMARY_FALSIFICATION_PATH,6,9,0,9,0.106090625346809,FUTURE_AC_ONLY,ALL_OUTER_EDGES_SYMMETRIC_BOUNDARY_HEADROOM,7,True
2011-03-08 11:30:00,E0015,VMAX30,NONE,REFLEX-REFLEX,-0.453891267049062,-0.891057078809543,componentwise_nonpositive,USE_ORIGINAL_INWARD_NORMAL_NO_COMPONENTWISE_PROJECTION,13,2037.44784320139,GEOMETRY_BOUND_ONLY_NOT_PRIMARY_FALSIFICATION_PATH,12,9,0,9,0.107420630587509,FUTURE_AC_ONLY,ALL_OUTER_EDGES_SYMMETRIC_BOUNDARY_HEADROOM,8,False
2011-03-08 11:30:00,E0016,VMAX30,NONE,REFLEX-REFLEX,-0.465391965255833,-0.885104693624044,componentwise_nonpositive,USE_ORIGINAL_INWARD_NORMAL_NO_COMPONENTWISE_PROJECTION,14,2010.87868880333,GEOMETRY_BOUND_ONLY_NOT_PRIMARY_FALSIFICATION_PATH,13,9,0,9,0.109062580051248,FUTURE_AC_ONLY,ALL_OUTER_EDGES_SYMMETRIC_BOUNDARY_HEADROOM,8,False
2011-03-08 11:30:00,E0017,VMAX30,NONE,REFLEX-REFLEX,-0.480881741611523,-0.876785464400881,componentwise_nonpositive,USE_ORIGINAL_INWARD_NORMAL_NO_COMPONENTWISE_PROJECTION,15,1968.91417800163,GEOMETRY_BOUND_ONLY_NOT_PRIMARY_FALSIFICATION_PATH,13,9,0,9,0.111221700679918,FUTURE_AC_ONLY,ALL_OUTER_EDGES_SYMMETRIC_BOUNDARY_HEADROOM,8,False
2011-03-08 11:30:00,E0018,VMAX30,ADJACENT_TO_GUARD_LIMITED_EDGE,REFLEX-CONVEX,-0.503063719634175,-0.864249323973024,componentwise_nonpositive,USE_ORIGINAL_INWARD_NORMAL_NO_COMPONENTWISE_PROJECTION,16,1897.21741145723,GEOMETRY_BOUND_ONLY_NOT_PRIMARY_FALSIFICATION_PATH,13,9,0,9,0.114347899611548,FUTURE_AC_ONLY,ALL_OUTER_EDGES_SYMMETRIC_BOUNDARY_HEADROOM,9,False
2011-03-08 11:30:00,E0019,CLASS_TRANSITION,CROSSES_GUARD_LIMITED_RAY,CONVEX-CONVEX,0.924803427982483,-0.38044529119421,mixed_sign,USE_ORIGINAL_INWARD_NORMAL_NO_COMPONENTWISE_PROJECTION,16,3069.80396954608,GEOMETRY_BOUND_ONLY_NOT_PRIMARY_FALSIFICATION_PATH,0,21,0,21,0.0524169073011268,FUTURE_AC_ONLY,ALL_OUTER_EDGES_SYMMETRIC_BOUNDARY_HEADROOM,18,False
2011-03-08 11:30:00,E0020,VMIN18,ADJACENT_TO_GUARD_LIMITED_EDGE,CONVEX-CONVEX,0.974335703076103,0.225099839429521,componentwise_positive,USE_ORIGINAL_INWARD_NORMAL_NO_COMPONENTWISE_PROJECTION,16,1562.53027253148,GEOMETRY_BOUND_ONLY_NOT_PRIMARY_FALSIFICATION_PATH,0,10,0,10,0.112302111299314,FUTURE_AC_ONLY,ALL_OUTER_EDGES_SYMMETRIC_BOUNDARY_HEADROOM,11,False
2011-03-08 11:30:00,E0021,VMIN18,NONE,CONVEX-CONVEX,0.972355016698645,0.233507433502612,componentwise_positive,USE_ORIGINAL_INWARD_NORMAL_NO_COMPONENTWISE_PROJECTION,16,1540.77908151426,GEOMETRY_BOUND_ONLY_NOT_PRIMARY_FALSIFICATION_PATH,0,10,0,10,0.11043097750678,FUTURE_AC_ONLY,ALL_OUTER_EDGES_SYMMETRIC_BOUNDARY_HEADROOM,11,False
2011-03-08 11:30:00,E0022,VMIN18,NONE,CONVEX-CONVEX,0.970690770149641,0.240331913707475,componentwise_positive,USE_ORIGINAL_INWARD_NORMAL_NO_COMPONENTWISE_PROJECTION,17,3405.62419246981,GEOMETRY_BOUND_ONLY_NOT_PRIMARY_FALSIFICATION_PATH,0,9,0,9,0.108866230011277,FUTURE_AC_ONLY,ALL_OUTER_EDGES_SYMMETRIC_BOUNDARY_HEADROOM,11,False
2011-03-08 11:30:00,E0023,VMIN18,NONE,CONVEX-CONVEX,0.969134877697194,0.246531111283839,componentwise_positive,USE_ORIGINAL_INWARD_NORMAL_NO_COMPONENTWISE_PROJECTION,17,3374.85017271097,GEOMETRY_BOUND_ONLY_NOT_PRIMARY_FALSIFICATION_PATH,0,9,0,9,0.107545565199304,FUTURE_AC_ONLY,ALL_OUTER_EDGES_SYMMETRIC_BOUNDARY_HEADROOM,13,False
2011-03-08 11:30:00,E0024,VMIN18,NONE,CONVEX-CONVEX,0.967764835100357,0.251855561668148,componentwise_positive,USE_ORIGINAL_INWARD_NORMAL_NO_COMPONENTWISE_PROJECTION,17,3350.07599596144,GEOMETRY_BOUND_ONLY_NOT_PRIMARY_FALSIFICATION_PATH,0,11,0,11,0.106398536028859,FUTURE_AC_ONLY,ALL_OUTER_EDGES_SYMMETRIC_BOUNDARY_HEADROOM,13,False
2011-03-08 11:30:00,E0025,VMIN18,NONE,CONVEX-CONVEX,0.966353375158718,0.257218106515375,componentwise_positive,USE_ORIGINAL_INWARD_NORMAL_NO_COMPONENTWISE_PROJECTION,17,3326.56591082274,GEOMETRY_BOUND_ONLY_NOT_PRIMARY_FALSIFICATION_PATH,0,9,0,9,0.105396189592087,FUTURE_AC_ONLY,ALL_OUTER_EDGES_SYMMETRIC_BOUNDARY_HEADROOM,14,False
2011-03-08 11:30:00,E0026,VMIN18,NONE,CONVEX-CONVEX,0.964924650587739,0.262526986590198,componentwise_positive,USE_ORIGINAL_INWARD_NORMAL_NO_COMPONENTWISE_PROJECTION,17,3304.54269355289,GEOMETRY_BOUND_ONLY_NOT_PRIMARY_FALSIFICATION_PATH,0,15,0,15,0.0759144508072692,FUTURE_AC_ONLY,ALL_OUTER_EDGES_SYMMETRIC_BOUNDARY_HEADROOM,19,False
2011-03-08 11:30:00,E0027,VMIN18,NONE,CONVEX-CONVEX,0.963910048902144,0.26622813079287,componentwise_positive,USE_ORIGINAL_INWARD_NORMAL_NO_COMPONENTWISE_PROJECTION,17,3290.31302714184,GEOMETRY_BOUND_ONLY_NOT_PRIMARY_FALSIFICATION_PATH,0,5,0,5,0.168874341033433,FUTURE_AC_ONLY,ALL_OUTER_EDGES_SYMMETRIC_BOUNDARY_HEADROOM,9,False
2011-03-08 11:30:00,E0028,VMIN18,NONE,CONVEX-CONVEX,0.962207544752751,0.272317169530095,componentwise_positive,USE_ORIGINAL_INWARD_NORMAL_NO_COMPONENTWISE_PROJECTION,17,3267.54305510527,GEOMETRY_BOUND_ONLY_NOT_PRIMARY_FALSIFICATION_PATH,0,19,0,19,0.0528453896324802,FUTURE_AC_ONLY,ALL_OUTER_EDGES_SYMMETRIC_BOUNDARY_HEADROOM,28,False
2011-03-08 11:30:00,E0029,VMIN18,NONE,CONVEX-CONVEX,0.959847983873391,0.280520672775087,componentwise_positive,USE_ORIGINAL_INWARD_NORMAL_NO_COMPONENTWISE_PROJECTION,17,3239.84034938848,GEOMETRY_BOUND_ONLY_NOT_PRIMARY_FALSIFICATION_PATH,0,20,0,20,0.0513624459220865,FUTURE_AC_ONLY,ALL_OUTER_EDGES_SYMMETRIC_BOUNDARY_HEADROOM,27,False
2011-03-08 11:30:00,E0030,VMIN18,NONE,CONVEX-CONVEX,0.957389755851489,0.288798987862885,componentwise_positive,USE_ORIGINAL_INWARD_NORMAL_NO_COMPONENTWISE_PROJECTION,17,3214.61439196268,GEOMETRY_BOUND_ONLY_NOT_PRIMARY_FALSIFICATION_PATH,0,20,0,20,0.050454052001194,FUTURE_AC_ONLY,ALL_OUTER_EDGES_SYMMETRIC_BOUNDARY_HEADROOM,24,False
2011-03-08 11:30:00,E0031,VMIN18,NONE,CONVEX-CONVEX,0.954767377548302,0.297353753582392,componentwise_positive,USE_ORIGINAL_INWARD_NORMAL_NO_COMPONENTWISE_PROJECTION,17,3191.30975566906,GEOMETRY_BOUND_ONLY_NOT_PRIMARY_FALSIFICATION_PATH,0,20,0,20,0.051856541781248,FUTURE_AC_ONLY,ALL_OUTER_EDGES_SYMMETRIC_BOUNDARY_HEADROOM,22,False
2011-03-08 11:30:00,E0032,VMIN18,NONE,CONVEX-CONVEX,0.951449593178705,0.307804599770822,componentwise_positive,USE_ORIGINAL_INWARD_NORMAL_NO_COMPONENTWISE_PROJECTION,17,3166.31950000429,GEOMETRY_BOUND_ONLY_NOT_PRIMARY_FALSIFICATION_PATH,0,20,0,20,0.053366502417154,FUTURE_AC_ONLY,ALL_OUTER_EDGES_SYMMETRIC_BOUNDARY_HEADROOM,18,False
2011-03-08 11:30:00,E0033,CLASS_TRANSITION,NONE,CONVEX-CONVEX,0.658026150846778,0.752995076213499,componentwise_positive,USE_ORIGINAL_INWARD_NORMAL_NO_COMPONENTWISE_PROJECTION,17,2069.07441889792,GEOMETRY_BOUND_ONLY_NOT_PRIMARY_FALSIFICATION_PATH,0,9,0,9,0.100939221147949,FUTURE_AC_ONLY,ALL_OUTER_EDGES_SYMMETRIC_BOUNDARY_HEADROOM,9,False
2011-03-08 11:30:00,E0034,VMIN33,NONE,CONVEX-CONVEX,0.413943843326318,0.91030241929385,componentwise_positive,USE_ORIGINAL_INWARD_NORMAL_NO_COMPONENTWISE_PROJECTION,17,2730.24310792283,GEOMETRY_BOUND_ONLY_NOT_PRIMARY_FALSIFICATION_PATH,0,11,0,11,0.102203499301732,FUTURE_AC_ONLY,ALL_OUTER_EDGES_SYMMETRIC_BOUNDARY_HEADROOM,8,False
2011-03-08 11:30:00,E0035,VMIN33,NONE,CONVEX-CONVEX,0.404031974613124,0.914744862510974,componentwise_positive,USE_ORIGINAL_INWARD_NORMAL_NO_COMPONENTWISE_PROJECTION,17,2757.97424869104,GEOMETRY_BOUND_ONLY_NOT_PRIMARY_FALSIFICATION_PATH,0,19,0,19,0.0513843547135886,FUTURE_AC_ONLY,ALL_OUTER_EDGES_SYMMETRIC_BOUNDARY_HEADROOM,16,False
2011-03-08 11:30:00,E0036,VMIN33,NONE,CONVEX-CONVEX,0.392479071537965,0.919760935463502,componentwise_positive,USE_ORIGINAL_INWARD_NORMAL_NO_COMPONENTWISE_PROJECTION,17,2793.2459657271,GEOMETRY_BOUND_ONLY_NOT_PRIMARY_FALSIFICATION_PATH,0,20,0,20,0.050448306975814,FUTURE_AC_ONLY,ALL_OUTER_EDGES_SYMMETRIC_BOUNDARY_HEADROOM,14,False
2011-03-08 11:30:00,E0037,VMIN33,NONE,CONVEX-CONVEX,0.381553874370472,0.924346602175224,componentwise_positive,USE_ORIGINAL_INWARD_NORMAL_NO_COMPONENTWISE_PROJECTION,17,2829.26793772649,GEOMETRY_BOUND_ONLY_NOT_PRIMARY_FALSIFICATION_PATH,0,19,0,19,0.051875474449567,FUTURE_AC_ONLY,ALL_OUTER_EDGES_SYMMETRIC_BOUNDARY_HEADROOM,14,False
2011-03-08 11:30:00,E0038,VMIN33,NONE,CONVEX-CONVEX,0.372705091430224,0.927949844992707,componentwise_positive,USE_ORIGINAL_INWARD_NORMAL_NO_COMPONENTWISE_PROJECTION,17,2860.73730253127,GEOMETRY_BOUND_ONLY_NOT_PRIMARY_FALSIFICATION_PATH,0,5,0,5,0.187434852221426,FUTURE_AC_ONLY,ALL_OUTER_EDGES_SYMMETRIC_BOUNDARY_HEADROOM,4,True
2011-03-08 11:30:00,E0039,VMIN33,NONE,CONVEX-CONVEX,0.368652101323103,0.929567441442557,componentwise_positive,USE_ORIGINAL_INWARD_NORMAL_NO_COMPONENTWISE_PROJECTION,17,2875.37451947814,GEOMETRY_BOUND_ONLY_NOT_PRIMARY_FALSIFICATION_PATH,0,14,0,14,0.071920456204323,FUTURE_AC_ONLY,ALL_OUTER_EDGES_SYMMETRIC_BOUNDARY_HEADROOM,10,False
2011-03-08 11:30:00,E0040,VMIN33,NONE,CONVEX-CONVEX,0.358102402580819,0.933682317100332,componentwise_positive,USE_ORIGINAL_INWARD_NORMAL_NO_COMPONENTWISE_PROJECTION,17,2915.72356961079,GEOMETRY_BOUND_ONLY_NOT_PRIMARY_FALSIFICATION_PATH,0,20,0,20,0.0552614029605251,FUTURE_AC_ONLY,ALL_OUTER_EDGES_SYMMETRIC_BOUNDARY_HEADROOM,14,True
2011-03-08 11:30:00,E0041,VMIN33,NONE,CONVEX-CONVEX,0.347468510284724,0.937691652069333,componentwise_positive,USE_ORIGINAL_INWARD_NORMAL_NO_COMPONENTWISE_PROJECTION,17,2960.00157025007,GEOMETRY_BOUND_ONLY_NOT_PRIMARY_FALSIFICATION_PATH,0,9,0,9,0.106177629652876,FUTURE_AC_ONLY,ALL_OUTER_EDGES_SYMMETRIC_BOUNDARY_HEADROOM,8,False
2011-03-08 11:30:00,E0042,VMIN33,NONE,CONVEX-CONVEX,0.340973977076119,0.940072734929002,componentwise_positive,USE_ORIGINAL_INWARD_NORMAL_NO_COMPONENTWISE_PROJECTION,17,2988.25479159364,GEOMETRY_BOUND_ONLY_NOT_PRIMARY_FALSIFICATION_PATH,0,11,0,11,0.107324602718029,FUTURE_AC_ONLY,ALL_OUTER_EDGES_SYMMETRIC_BOUNDARY_HEADROOM,8,False
2011-03-08 11:30:00,E0043,VMIN33,NONE,CONVEX-CONVEX,0.331857198505044,0.943329634751492,componentwise_positive,USE_ORIGINAL_INWARD_NORMAL_NO_COMPONENTWISE_PROJECTION,17,3029.95005168358,GEOMETRY_BOUND_ONLY_NOT_PRIMARY_FALSIFICATION_PATH,0,9,0,9,0.108631284821896,FUTURE_AC_ONLY,ALL_OUTER_EDGES_SYMMETRIC_BOUNDARY_HEADROOM,8,False
2011-03-08 11:30:00,E0044,VMIN33,NONE,CONVEX-CONVEX,0.322619004567593,0.946528910225047,componentwise_positive,USE_ORIGINAL_INWARD_NORMAL_NO_COMPONENTWISE_PROJECTION,17,3074.60668065138,GEOMETRY_BOUND_ONLY_NOT_PRIMARY_FALSIFICATION_PATH,0,11,0,11,0.110195611858215,FUTURE_AC_ONLY,ALL_OUTER_EDGES_SYMMETRIC_BOUNDARY_HEADROOM,9,False
2011-03-08 11:30:00,E0045,VMIN33,ADJACENT_TO_GUARD_LIMITED_EDGE,CONVEX-CONVEX,0.311926453709394,0.950106250624782,componentwise_positive,USE_ORIGINAL_INWARD_NORMAL_NO_COMPONENTWISE_PROJECTION,17,3129.69858468732,GEOMETRY_BOUND_ONLY_NOT_PRIMARY_FALSIFICATION_PATH,0,9,0,9,0.112101611444567,FUTURE_AC_ONLY,ALL_OUTER_EDGES_SYMMETRIC_BOUNDARY_HEADROOM,9,False
2011-03-08 11:30:00,E0046,CLASS_TRANSITION,CROSSES_GUARD_LIMITED_RAY,CONVEX-CONVEX,-0.639989777665109,0.768383422832745,mixed_sign,USE_ORIGINAL_INWARD_NORMAL_NO_COMPONENTWISE_PROJECTION,17,6158.36105153982,GEOMETRY_BOUND_ONLY_NOT_PRIMARY_FALSIFICATION_PATH,0,20,0,20,0.053316622089556,FUTURE_AC_ONLY,ALL_OUTER_EDGES_SYMMETRIC_BOUNDARY_HEADROOM,20,False
2011-03-08 11:30:00,E0047,VMAX13,ADJACENT_TO_GUARD_LIMITED_EDGE,CONVEX-REFLEX,-0.927152178094927,-0.37468498589326,componentwise_nonpositive,USE_ORIGINAL_INWARD_NORMAL_NO_COMPONENTWISE_PROJECTION,17,3022.81194628695,GEOMETRY_BOUND_ONLY_NOT_PRIMARY_FALSIFICATION_PATH,13,10,0,10,0.116346739648958,FUTURE_AC_ONLY,ALL_OUTER_EDGES_SYMMETRIC_BOUNDARY_HEADROOM,11,False
2011-03-08 11:30:00,E0048,VMAX13,NONE,REFLEX-REFLEX,-0.934880256190327,-0.354963246809452,componentwise_nonpositive,USE_ORIGINAL_INWARD_NORMAL_NO_COMPONENTWISE_PROJECTION,18,1475.10984291957,GEOMETRY_BOUND_ONLY_NOT_PRIMARY_FALSIFICATION_PATH,13,9,0,9,0.112415870491188,FUTURE_AC_ONLY,ALL_OUTER_EDGES_SYMMETRIC_BOUNDARY_HEADROOM,11,False
2011-03-08 11:30:00,E0049,VMAX13,NONE,REFLEX-REFLEX,-0.93952544409614,-0.342479108700007,componentwise_nonpositive,USE_ORIGINAL_INWARD_NORMAL_NO_COMPONENTWISE_PROJECTION,19,1502.57397932762,GEOMETRY_BOUND_ONLY_NOT_PRIMARY_FALSIFICATION_PATH,13,9,0,9,0.109903004431349,FUTURE_AC_ONLY,ALL_OUTER_EDGES_SYMMETRIC_BOUNDARY_HEADROOM,13,False
2011-03-08 11:30:00,E0050,VMAX13,NONE,REFLEX-REFLEX,-0.943169530939781,-0.332311955708538,componentwise_nonpositive,USE_ORIGINAL_INWARD_NORMAL_NO_COMPONENTWISE_PROJECTION,20,1520.24469410158,GEOMETRY_BOUND_ONLY_NOT_PRIMARY_FALSIFICATION_PATH,13,9,0,9,0.108035850163401,FUTURE_AC_ONLY,ALL_OUTER_EDGES_SYMMETRIC_BOUNDARY_HEADROOM,13,False
2011-03-08 11:30:00,E0051,VMAX13,NONE,REFLEX-REFLEX,-0.945687762335188,-0.325076385130426,componentwise_nonpositive,USE_ORIGINAL_INWARD_NORMAL_NO_COMPONENTWISE_PROJECTION,21,1530.11876678034,GEOMETRY_BOUND_ONLY_NOT_PRIMARY_FALSIFICATION_PATH,12,9,0,9,0.106580995562231,FUTURE_AC_ONLY,ALL_OUTER_EDGES_SYMMETRIC_BOUNDARY_HEADROOM,14,False
2011-03-08 11:30:00,E0052,VMAX13,NONE,REFLEX-REFLEX,-0.948735788811829,-0.316070250146384,componentwise_nonpositive,USE_ORIGINAL_INWARD_NORMAL_NO_COMPONENTWISE_PROJECTION,22,1539.55270622226,GEOMETRY_BOUND_ONLY_NOT_PRIMARY_FALSIFICATION_PATH,22,19,0,19,0.0553778854549135,FUTURE_AC_ONLY,ALL_OUTER_EDGES_SYMMETRIC_BOUNDARY_HEADROOM,28,False
2011-03-08 12:30:00,E0000,VMAX13,NONE,REFLEX-REFLEX,-0.95147012747774,-0.307741119315397,componentwise_nonpositive,USE_ORIGINAL_INWARD_NORMAL_NO_COMPONENTWISE_PROJECTION,0,1532.67098576476,GEOMETRY_BOUND_ONLY_NOT_PRIMARY_FALSIFICATION_PATH,0,4,0,4,0.249669752389237,FUTURE_AC_ONLY,ALL_OUTER_EDGES_SYMMETRIC_BOUNDARY_HEADROOM,6,False
2011-03-08 12:30:00,E0001,VMAX13,NONE,REFLEX-REFLEX,-0.952117554870276,-0.305732173164434,componentwise_nonpositive,USE_ORIGINAL_INWARD_NORMAL_NO_COMPONENTWISE_PROJECTION,1,1533.53555658474,GEOMETRY_BOUND_ONLY_NOT_PRIMARY_FALSIFICATION_PATH,17,15,0,15,0.0652713198467343,FUTURE_AC_ONLY,ALL_OUTER_EDGES_SYMMETRIC_BOUNDARY_HEADROOM,22,False
2011-03-08 12:30:00,E0002,VMAX13,NONE,REFLEX-REFLEX,-0.954625332095145,-0.297809461438408,componentwise_nonpositive,USE_ORIGINAL_INWARD_NORMAL_NO_COMPONENTWISE_PROJECTION,2,1534.28806115233,GEOMETRY_BOUND_ONLY_NOT_PRIMARY_FALSIFICATION_PATH,21,19,0,19,0.0515707533468874,FUTURE_AC_ONLY,ALL_OUTER_EDGES_SYMMETRIC_BOUNDARY_HEADROOM,27,False
2011-03-08 12:30:00,E0003,VMAX13,NONE,REFLEX-REFLEX,-0.956599750952898,-0.291405072839945,componentwise_nonpositive,USE_ORIGINAL_INWARD_NORMAL_NO_COMPONENTWISE_PROJECTION,3,1532.39828798113,GEOMETRY_BOUND_ONLY_NOT_PRIMARY_FALSIFICATION_PATH,22,19,0,19,0.0504234014852309,FUTURE_AC_ONLY,ALL_OUTER_EDGES_SYMMETRIC_BOUNDARY_HEADROOM,24,False
2011-03-08 12:30:00,E0004,VMAX13,NONE,REFLEX-REFLEX,-0.958762638867823,-0.284208026472176,componentwise_nonpositive,USE_ORIGINAL_INWARD_NORMAL_NO_COMPONENTWISE_PROJECTION,4,1527.54461819803,GEOMETRY_BOUND_ONLY_NOT_PRIMARY_FALSIFICATION_PATH,22,19,0,19,0.0520181660640729,FUTURE_AC_ONLY,ALL_OUTER_EDGES_SYMMETRIC_BOUNDARY_HEADROOM,22,False
2011-03-08 12:30:00,E0005,VMAX13,NONE,REFLEX-CONVEX,-0.960799610481285,-0.277243770893074,componentwise_nonpositive,USE_ORIGINAL_INWARD_NORMAL_NO_COMPONENTWISE_PROJECTION,5,1520.09821280291,GEOMETRY_BOUND_ONLY_NOT_PRIMARY_FALSIFICATION_PATH,23,20,0,20,0.053796030426058,FUTURE_AC_ONLY,ALL_OUTER_EDGES_SYMMETRIC_BOUNDARY_HEADROOM,18,False
2011-03-08 12:30:00,E0006,CLASS_TRANSITION,NONE,CONVEX-CONVEX,-0.493288657687929,-0.86986567939909,componentwise_nonpositive,USE_ORIGINAL_INWARD_NORMAL_NO_COMPONENTWISE_PROJECTION,5,2097.58172070744,GEOMETRY_BOUND_ONLY_NOT_PRIMARY_FALSIFICATION_PATH,0,10,0,10,0.102357057398831,FUTURE_AC_ONLY,ALL_OUTER_EDGES_SYMMETRIC_BOUNDARY_HEADROOM,9,False
2011-03-08 12:30:00,E0007,VMAX30,NONE,CONVEX-REFLEX,-0.386968553677003,-0.922092912056658,componentwise_nonpositive,USE_ORIGINAL_INWARD_NORMAL_NO_COMPONENTWISE_PROJECTION,5,2098.14052658071,GEOMETRY_BOUND_ONLY_NOT_PRIMARY_FALSIFICATION_PATH,0,9,0,9,0.102397365262972,FUTURE_AC_ONLY,ALL_OUTER_EDGES_SYMMETRIC_BOUNDARY_HEADROOM,8,False
2011-03-08 12:30:00,E0008,VMAX30,NONE,REFLEX-REFLEX,-0.39531653763323,-0.918544955390685,componentwise_nonpositive,USE_ORIGINAL_INWARD_NORMAL_NO_COMPONENTWISE_PROJECTION,6,2097.77873038129,GEOMETRY_BOUND_ONLY_NOT_PRIMARY_FALSIFICATION_PATH,15,19,0,19,0.0514477324908482,FUTURE_AC_ONLY,ALL_OUTER_EDGES_SYMMETRIC_BOUNDARY_HEADROOM,16,False
2011-03-08 12:30:00,E0009,VMAX30,NONE,REFLEX-REFLEX,-0.404509779365115,-0.91453367264305,componentwise_nonpositive,USE_ORIGINAL_INWARD_NORMAL_NO_COMPONENTWISE_PROJECTION,7,2094.32570562927,GEOMETRY_BOUND_ONLY_NOT_PRIMARY_FALSIFICATION_PATH,19,19,0,19,0.05053153110578,FUTURE_AC_ONLY,ALL_OUTER_EDGES_SYMMETRIC_BOUNDARY_HEADROOM,14,False
2011-03-08 12:30:00,E0010,VMAX30,NONE,REFLEX-REFLEX,-0.413855674313415,-0.910342507432553,componentwise_nonpositive,USE_ORIGINAL_INWARD_NORMAL_NO_COMPONENTWISE_PROJECTION,8,2087.71965426428,GEOMETRY_BOUND_ONLY_NOT_PRIMARY_FALSIFICATION_PATH,17,16,0,16,0.0619693660945819,FUTURE_AC_ONLY,ALL_OUTER_EDGES_SYMMETRIC_BOUNDARY_HEADROOM,12,True
2011-03-08 12:30:00,E0011,VMAX30,NONE,REFLEX-REFLEX,-0.419639948750624,-0.907690648521055,componentwise_nonpositive,USE_ORIGINAL_INWARD_NORMAL_NO_COMPONENTWISE_PROJECTION,9,2081.96679678037,GEOMETRY_BOUND_ONLY_NOT_PRIMARY_FALSIFICATION_PATH,0,3,0,3,0.296056322313838,FUTURE_AC_ONLY,ALL_OUTER_EDGES_SYMMETRIC_BOUNDARY_HEADROOM,2,False
2011-03-08 12:30:00,E0012,VMAX30,NONE,REFLEX-REFLEX,-0.425577223663038,-0.904922110846707,componentwise_nonpositive,USE_ORIGINAL_INWARD_NORMAL_NO_COMPONENTWISE_PROJECTION,10,2075.61661181039,GEOMETRY_BOUND_ONLY_NOT_PRIMARY_FALSIFICATION_PATH,23,19,0,19,0.053912628057539,FUTURE_AC_ONLY,ALL_OUTER_EDGES_SYMMETRIC_BOUNDARY_HEADROOM,14,False
2011-03-08 12:30:00,E0013,VMAX30,NONE,REFLEX-REFLEX,-0.435524054292497,-0.900177092650455,componentwise_nonpositive,USE_ORIGINAL_INWARD_NORMAL_NO_COMPONENTWISE_PROJECTION,11,2061.08620412519,GEOMETRY_BOUND_ONLY_NOT_PRIMARY_FALSIFICATION_PATH,11,9,0,9,0.104947892794622,FUTURE_AC_ONLY,ALL_OUTER_EDGES_SYMMETRIC_BOUNDARY_HEADROOM,7,False
2011-03-08 12:30:00,E0014,VMAX30,NONE,REFLEX-REFLEX,-0.443779456400429,-0.89613603547505,componentwise_nonpositive,USE_ORIGINAL_INWARD_NORMAL_NO_COMPONENTWISE_PROJECTION,12,2047.02940904742,GEOMETRY_BOUND_ONLY_NOT_PRIMARY_FALSIFICATION_PATH,12,9,0,9,0.10607871042252,FUTURE_AC_ONLY,ALL_OUTER_EDGES_SYMMETRIC_BOUNDARY_HEADROOM,7,True
2011-03-08 12:30:00,E0015,VMAX30,NONE,REFLEX-REFLEX,-0.452846983901171,-0.89158825091609,componentwise_nonpositive,USE_ORIGINAL_INWARD_NORMAL_NO_COMPONENTWISE_PROJECTION,13,2029.13180907953,GEOMETRY_BOUND_ONLY_NOT_PRIMARY_FALSIFICATION_PATH,13,9,0,9,0.107405828893228,FUTURE_AC_ONLY,ALL_OUTER_EDGES_SYMMETRIC_BOUNDARY_HEADROOM,8,False
2011-03-08 12:30:00,E0016,VMAX30,NONE,REFLEX-REFLEX,-0.464695437820016,-0.885470581142741,componentwise_nonpositive,USE_ORIGINAL_INWARD_NORMAL_NO_COMPONENTWISE_PROJECTION,14,2001.94599442334,GEOMETRY_BOUND_ONLY_NOT_PRIMARY_FALSIFICATION_PATH,13,9,0,9,0.109049869592863,FUTURE_AC_ONLY,ALL_OUTER_EDGES_SYMMETRIC_BOUNDARY_HEADROOM,8,False
2011-03-08 12:30:00,E0017,VMAX30,NONE,REFLEX-REFLEX,-0.480219143278145,-0.877148547527273,componentwise_nonpositive,USE_ORIGINAL_INWARD_NORMAL_NO_COMPONENTWISE_PROJECTION,15,1960.16489457506,GEOMETRY_BOUND_ONLY_NOT_PRIMARY_FALSIFICATION_PATH,13,9,0,9,0.111205568347526,FUTURE_AC_ONLY,ALL_OUTER_EDGES_SYMMETRIC_BOUNDARY_HEADROOM,8,False
2011-03-08 12:30:00,E0018,VMAX30,ADJACENT_TO_GUARD_LIMITED_EDGE,REFLEX-CONVEX,-0.501633872143547,-0.865080030007786,componentwise_nonpositive,USE_ORIGINAL_INWARD_NORMAL_NO_COMPONENTWISE_PROJECTION,16,1891.4438768455,GEOMETRY_BOUND_ONLY_NOT_PRIMARY_FALSIFICATION_PATH,13,9,0,9,0.114299690045435,FUTURE_AC_ONLY,ALL_OUTER_EDGES_SYMMETRIC_BOUNDARY_HEADROOM,9,False
2011-03-08 12:30:00,E0019,CLASS_TRANSITION,CROSSES_GUARD_LIMITED_RAY,CONVEX-CONVEX,0.901781298181523,-0.432192654090796,mixed_sign,USE_ORIGINAL_INWARD_NORMAL_NO_COMPONENTWISE_PROJECTION,16,3177.56391704543,GEOMETRY_BOUND_ONLY_NOT_PRIMARY_FALSIFICATION_PATH,0,20,0,20,0.051788754545573,FUTURE_AC_ONLY,ALL_OUTER_EDGES_SYMMETRIC_BOUNDARY_HEADROOM,18,False
2011-03-08 12:30:00,E0020,VMIN18,ADJACENT_TO_GUARD_LIMITED_EDGE,CONVEX-CONVEX,0.974408796301593,0.224783223773662,componentwise_positive,USE_ORIGINAL_INWARD_NORMAL_NO_COMPONENTWISE_PROJECTION,16,1573.55619197645,GEOMETRY_BOUND_ONLY_NOT_PRIMARY_FALSIFICATION_PATH,0,10,0,10,0.112291442489463,FUTURE_AC_ONLY,ALL_OUTER_EDGES_SYMMETRIC_BOUNDARY_HEADROOM,11,False
2011-03-08 12:30:00,E0021,VMIN18,NONE,CONVEX-CONVEX,0.972499123478972,0.232906536689356,componentwise_positive,USE_ORIGINAL_INWARD_NORMAL_NO_COMPONENTWISE_PROJECTION,16,1552.4072316717,GEOMETRY_BOUND_ONLY_NOT_PRIMARY_FALSIFICATION_PATH,0,10,0,10,0.110413700508967,FUTURE_AC_ONLY,ALL_OUTER_EDGES_SYMMETRIC_BOUNDARY_HEADROOM,11,False
2011-03-08 12:30:00,E0022,VMIN18,NONE,CONVEX-CONVEX,0.970800446781913,0.239888500199651,componentwise_positive,USE_ORIGINAL_INWARD_NORMAL_NO_COMPONENTWISE_PROJECTION,17,3401.84796606498,GEOMETRY_BOUND_ONLY_NOT_PRIMARY_FALSIFICATION_PATH,0,11,0,11,0.108856049732745,FUTURE_AC_ONLY,ALL_OUTER_EDGES_SYMMETRIC_BOUNDARY_HEADROOM,11,False
2011-03-08 12:30:00,E0023,VMIN18,NONE,CONVEX-CONVEX,0.969300748238126,0.245878139461421,componentwise_positive,USE_ORIGINAL_INWARD_NORMAL_NO_COMPONENTWISE_PROJECTION,17,3372.22224898625,GEOMETRY_BOUND_ONLY_NOT_PRIMARY_FALSIFICATION_PATH,0,10,0,10,0.107532490143848,FUTURE_AC_ONLY,ALL_OUTER_EDGES_SYMMETRIC_BOUNDARY_HEADROOM,13,False
2011-03-08 12:30:00,E0024,VMIN18,NONE,CONVEX-CONVEX,0.967822379316923,0.251634342038858,componentwise_positive,USE_ORIGINAL_INWARD_NORMAL_NO_COMPONENTWISE_PROJECTION,17,3345.55269112221,GEOMETRY_BOUND_ONLY_NOT_PRIMARY_FALSIFICATION_PATH,0,10,0,10,0.106395263478098,FUTURE_AC_ONLY,ALL_OUTER_EDGES_SYMMETRIC_BOUNDARY_HEADROOM,13,False
2011-03-08 12:30:00,E0025,VMIN18,NONE,CONVEX-CONVEX,0.966547063621433,0.256489324933388,componentwise_positive,USE_ORIGINAL_INWARD_NORMAL_NO_COMPONENTWISE_PROJECTION,17,3324.37469654656,GEOMETRY_BOUND_ONLY_NOT_PRIMARY_FALSIFICATION_PATH,0,10,0,10,0.105385002170838,FUTURE_AC_ONLY,ALL_OUTER_EDGES_SYMMETRIC_BOUNDARY_HEADROOM,14,False
2011-03-08 12:30:00,E0026,VMIN18,NONE,CONVEX-CONVEX,0.96490168696986,0.262611375387128,componentwise_positive,USE_ORIGINAL_INWARD_NORMAL_NO_COMPONENTWISE_PROJECTION,17,3299.11963096629,GEOMETRY_BOUND_ONLY_NOT_PRIMARY_FALSIFICATION_PATH,0,15,0,15,0.0672558375054066,FUTURE_AC_ONLY,ALL_OUTER_EDGES_SYMMETRIC_BOUNDARY_HEADROOM,22,False
2011-03-08 12:30:00,E0027,VMIN18,NONE,CONVEX-CONVEX,0.963653379873271,0.267155691421353,componentwise_positive,USE_ORIGINAL_INWARD_NORMAL_NO_COMPONENTWISE_PROJECTION,17,3281.93850256001,GEOMETRY_BOUND_ONLY_NOT_PRIMARY_FALSIFICATION_PATH,0,4,0,4,0.249408705848043,FUTURE_AC_ONLY,ALL_OUTER_EDGES_SYMMETRIC_BOUNDARY_HEADROOM,6,False
2011-03-08 12:30:00,E0028,VMIN18,NONE,CONVEX-CONVEX,0.962283647825403,0.272048122816231,componentwise_positive,USE_ORIGINAL_INWARD_NORMAL_NO_COMPONENTWISE_PROJECTION,17,3263.75827984654,GEOMETRY_BOUND_ONLY_NOT_PRIMARY_FALSIFICATION_PATH,0,20,0,20,0.052842459947626,FUTURE_AC_ONLY,ALL_OUTER_EDGES_SYMMETRIC_BOUNDARY_HEADROOM,28,False
2011-03-08 12:30:00,E0029,VMIN18,NONE,CONVEX-CONVEX,0.959929165902325,0.280242745579732,componentwise_positive,USE_ORIGINAL_INWARD_NORMAL_NO_COMPONENTWISE_PROJECTION,17,3236.32534899164,GEOMETRY_BOUND_ONLY_NOT_PRIMARY_FALSIFICATION_PATH,0,19,0,19,0.0513597066913074,FUTURE_AC_ONLY,ALL_OUTER_EDGES_SYMMETRIC_BOUNDARY_HEADROOM,27,False
2011-03-08 12:30:00,E0030,VMIN18,NONE,CONVEX-CONVEX,0.957495876722538,0.288446955364998,componentwise_positive,USE_ORIGINAL_INWARD_NORMAL_NO_COMPONENTWISE_PROJECTION,17,3211.58999075954,GEOMETRY_BOUND_ONLY_NOT_PRIMARY_FALSIFICATION_PATH,0,20,0,20,0.0504575353532379,FUTURE_AC_ONLY,ALL_OUTER_EDGES_SYMMETRIC_BOUNDARY_HEADROOM,24,False
2011-03-08 12:30:00,E0031,VMIN18,NONE,CONVEX-CONVEX,0.954752931149165,0.297400135275822,componentwise_positive,USE_ORIGINAL_INWARD_NORMAL_NO_COMPONENTWISE_PROJECTION,17,3187.50801406578,GEOMETRY_BOUND_ONLY_NOT_PRIMARY_FALSIFICATION_PATH,0,19,0,19,0.051855340729995,FUTURE_AC_ONLY,ALL_OUTER_EDGES_SYMMETRIC_BOUNDARY_HEADROOM,22,False
2011-03-08 12:30:00,E0032,VMIN18,NONE,CONVEX-CONVEX,0.951531207137492,0.307552209947298,componentwise_positive,USE_ORIGINAL_INWARD_NORMAL_NO_COMPONENTWISE_PROJECTION,17,3163.60906145274,GEOMETRY_BOUND_ONLY_NOT_PRIMARY_FALSIFICATION_PATH,0,20,0,20,0.053369243753413,FUTURE_AC_ONLY,ALL_OUTER_EDGES_SYMMETRIC_BOUNDARY_HEADROOM,18,False
2011-03-08 12:30:00,E0033,CLASS_TRANSITION,NONE,CONVEX-CONVEX,0.639899399138236,0.768458690485393,componentwise_positive,USE_ORIGINAL_INWARD_NORMAL_NO_COMPONENTWISE_PROJECTION,17,2021.0866543439,GEOMETRY_BOUND_ONLY_NOT_PRIMARY_FALSIFICATION_PATH,0,10,0,10,0.101110446814644,FUTURE_AC_ONLY,ALL_OUTER_EDGES_SYMMETRIC_BOUNDARY_HEADROOM,9,False
2011-03-08 12:30:00,E0034,VMIN33,NONE,CONVEX-CONVEX,0.412983914536342,0.910738319350975,componentwise_positive,USE_ORIGINAL_INWARD_NORMAL_NO_COMPONENTWISE_PROJECTION,17,2749.28381322955,GEOMETRY_BOUND_ONLY_NOT_PRIMARY_FALSIFICATION_PATH,0,10,0,10,0.10221088947084,FUTURE_AC_ONLY,ALL_OUTER_EDGES_SYMMETRIC_BOUNDARY_HEADROOM,8,False
2011-03-08 12:30:00,E0035,VMIN33,NONE,CONVEX-CONVEX,0.404230975557454,0.914656940278632,componentwise_positive,USE_ORIGINAL_INWARD_NORMAL_NO_COMPONENTWISE_PROJECTION,17,2773.9241592971,GEOMETRY_BOUND_ONLY_NOT_PRIMARY_FALSIFICATION_PATH,0,21,0,21,0.0513833802373888,FUTURE_AC_ONLY,ALL_OUTER_EDGES_SYMMETRIC_BOUNDARY_HEADROOM,16,False
2011-03-08 12:30:00,E0036,VMIN33,NONE,CONVEX-CONVEX,0.392374816851992,0.919805415889886,componentwise_positive,USE_ORIGINAL_INWARD_NORMAL_NO_COMPONENTWISE_PROJECTION,17,2810.36720450276,GEOMETRY_BOUND_ONLY_NOT_PRIMARY_FALSIFICATION_PATH,0,19,0,19,0.050447150258931,FUTURE_AC_ONLY,ALL_OUTER_EDGES_SYMMETRIC_BOUNDARY_HEADROOM,14,False
2011-03-08 12:30:00,E0037,VMIN33,NONE,CONVEX-CONVEX,0.380481698621848,0.924788449870473,componentwise_positive,USE_ORIGINAL_INWARD_NORMAL_NO_COMPONENTWISE_PROJECTION,17,2849.80553502203,GEOMETRY_BOUND_ONLY_NOT_PRIMARY_FALSIFICATION_PATH,0,20,0,20,0.051867211713593,FUTURE_AC_ONLY,ALL_OUTER_EDGES_SYMMETRIC_BOUNDARY_HEADROOM,14,False
2011-03-08 12:30:00,E0038,VMIN33,NONE,CONVEX-CONVEX,0.375944254686761,0.926642281232632,componentwise_positive,USE_ORIGINAL_INWARD_NORMAL_NO_COMPONENTWISE_PROJECTION,17,2866.07061024879,GEOMETRY_BOUND_ONLY_NOT_PRIMARY_FALSIFICATION_PATH,0,3,0,3,0.295375962215044,FUTURE_AC_ONLY,ALL_OUTER_EDGES_SYMMETRIC_BOUNDARY_HEADROOM,2,False
2011-03-08 12:30:00,E0039,VMIN33,NONE,CONVEX-CONVEX,0.36834389556251,0.929689611968336,componentwise_positive,USE_ORIGINAL_INWARD_NORMAL_NO_COMPONENTWISE_PROJECTION,17,2893.50488690276,GEOMETRY_BOUND_ONLY_NOT_PRIMARY_FALSIFICATION_PATH,0,16,0,16,0.06370746977935,FUTURE_AC_ONLY,ALL_OUTER_EDGES_SYMMETRIC_BOUNDARY_HEADROOM,12,False
2011-03-08 12:30:00,E0040,VMIN33,NONE,CONVEX-CONVEX,0.357479986330759,0.933920799304181,componentwise_positive,USE_ORIGINAL_INWARD_NORMAL_NO_COMPONENTWISE_PROJECTION,17,2935.29460912356,GEOMETRY_BOUND_ONLY_NOT_PRIMARY_FALSIFICATION_PATH,0,20,0,20,0.0552547505868,FUTURE_AC_ONLY,ALL_OUTER_EDGES_SYMMETRIC_BOUNDARY_HEADROOM,14,True
2011-03-08 12:30:00,E0041,VMIN33,NONE,CONVEX-CONVEX,0.34766337457767,0.93761942064852,componentwise_positive,USE_ORIGINAL_INWARD_NORMAL_NO_COMPONENTWISE_PROJECTION,17,2976.41252689386,GEOMETRY_BOUND_ONLY_NOT_PRIMARY_FALSIFICATION_PATH,0,11,0,11,0.106179040111604,FUTURE_AC_ONLY,ALL_OUTER_EDGES_SYMMETRIC_BOUNDARY_HEADROOM,8,False
2011-03-08 12:30:00,E0042,VMIN33,NONE,CONVEX-CONVEX,0.339946485506604,0.940444781468699,componentwise_positive,USE_ORIGINAL_INWARD_NORMAL_NO_COMPONENTWISE_PROJECTION,17,3010.17367221731,GEOMETRY_BOUND_ONLY_NOT_PRIMARY_FALSIFICATION_PATH,0,10,0,10,0.107311750535685,FUTURE_AC_ONLY,ALL_OUTER_EDGES_SYMMETRIC_BOUNDARY_HEADROOM,8,False
2011-03-08 12:30:00,E0043,VMIN33,NONE,CONVEX-CONVEX,0.331440262232882,0.94347620667985,componentwise_positive,USE_ORIGINAL_INWARD_NORMAL_NO_COMPONENTWISE_PROJECTION,17,3049.2798227816,GEOMETRY_BOUND_ONLY_NOT_PRIMARY_FALSIFICATION_PATH,0,9,0,9,0.108624707734436,FUTURE_AC_ONLY,ALL_OUTER_EDGES_SYMMETRIC_BOUNDARY_HEADROOM,8,False
2011-03-08 12:30:00,E0044,VMIN33,NONE,CONVEX-CONVEX,0.322080651073129,0.946712234105121,componentwise_positive,USE_ORIGINAL_INWARD_NORMAL_NO_COMPONENTWISE_PROJECTION,17,3094.76888078628,GEOMETRY_BOUND_ONLY_NOT_PRIMARY_FALSIFICATION_PATH,0,11,0,11,0.11018565604531,FUTURE_AC_ONLY,ALL_OUTER_EDGES_SYMMETRIC_BOUNDARY_HEADROOM,9,False
2011-03-08 12:30:00,E0045,VMIN33,ADJACENT_TO_GUARD_LIMITED_EDGE,CONVEX-CONVEX,0.310985361881254,0.950414701430689,componentwise_positive,USE_ORIGINAL_INWARD_NORMAL_NO_COMPONENTWISE_PROJECTION,17,3152.22500056015,GEOMETRY_BOUND_ONLY_NOT_PRIMARY_FALSIFICATION_PATH,0,9,0,9,0.112080837447507,FUTURE_AC_ONLY,ALL_OUTER_EDGES_SYMMETRIC_BOUNDARY_HEADROOM,9,False
2011-03-08 12:30:00,E0046,CLASS_TRANSITION,CROSSES_GUARD_LIMITED_RAY,CONVEX-CONVEX,-0.696397050227372,0.717656706534967,mixed_sign,USE_ORIGINAL_INWARD_NORMAL_NO_COMPONENTWISE_PROJECTION,17,6187.2949508857,GEOMETRY_BOUND_ONLY_NOT_PRIMARY_FALSIFICATION_PATH,0,20,0,20,0.052650489857786,FUTURE_AC_ONLY,ALL_OUTER_EDGES_SYMMETRIC_BOUNDARY_HEADROOM,20,False
2011-03-08 12:30:00,E0047,VMAX13,ADJACENT_TO_GUARD_LIMITED_EDGE,CONVEX-REFLEX,-0.927663408805811,-0.37341746070957,componentwise_nonpositive,USE_ORIGINAL_INWARD_NORMAL_NO_COMPONENTWISE_PROJECTION,17,3025.16655141868,GEOMETRY_BOUND_ONLY_NOT_PRIMARY_FALSIFICATION_PATH,13,9,0,9,0.116277703308841,FUTURE_AC_ONLY,ALL_OUTER_EDGES_SYMMETRIC_BOUNDARY_HEADROOM,11,False
2011-03-08 12:30:00,E0048,VMAX13,NONE,REFLEX-REFLEX,-0.935066540498695,-0.354472234229709,componentwise_nonpositive,USE_ORIGINAL_INWARD_NORMAL_NO_COMPONENTWISE_PROJECTION,18,1464.54211971387,GEOMETRY_BOUND_ONLY_NOT_PRIMARY_FALSIFICATION_PATH,13,9,0,9,0.112399478218159,FUTURE_AC_ONLY,ALL_OUTER_EDGES_SYMMETRIC_BOUNDARY_HEADROOM,11,False
2011-03-08 12:30:00,E0049,VMAX13,NONE,REFLEX-REFLEX,-0.939892802189017,-0.34146964783605,componentwise_nonpositive,USE_ORIGINAL_INWARD_NORMAL_NO_COMPONENTWISE_PROJECTION,19,1492.9014267553,GEOMETRY_BOUND_ONLY_NOT_PRIMARY_FALSIFICATION_PATH,13,9,0,9,0.109876154392492,FUTURE_AC_ONLY,ALL_OUTER_EDGES_SYMMETRIC_BOUNDARY_HEADROOM,13,False
2011-03-08 12:30:00,E0050,VMAX13,NONE,REFLEX-REFLEX,-0.943333197358482,-0.331847071346763,componentwise_nonpositive,USE_ORIGINAL_INWARD_NORMAL_NO_COMPONENTWISE_PROJECTION,20,1509.48443760146,GEOMETRY_BOUND_ONLY_NOT_PRIMARY_FALSIFICATION_PATH,13,9,0,9,0.108026701753645,FUTURE_AC_ONLY,ALL_OUTER_EDGES_SYMMETRIC_BOUNDARY_HEADROOM,13,False
2011-03-08 12:30:00,E0051,VMAX13,NONE,REFLEX-REFLEX,-0.945914823422364,-0.324415084158918,componentwise_nonpositive,USE_ORIGINAL_INWARD_NORMAL_NO_COMPONENTWISE_PROJECTION,21,1519.54266015237,GEOMETRY_BOUND_ONLY_NOT_PRIMARY_FALSIFICATION_PATH,13,9,0,9,0.106569697158985,FUTURE_AC_ONLY,ALL_OUTER_EDGES_SYMMETRIC_BOUNDARY_HEADROOM,14,False
2011-03-08 12:30:00,E0052,VMAX13,NONE,REFLEX-REFLEX,-0.948770680197816,-0.315965498744679,componentwise_nonpositive,USE_ORIGINAL_INWARD_NORMAL_NO_COMPONENTWISE_PROJECTION,22,1528.32259436071,GEOMETRY_BOUND_ONLY_NOT_PRIMARY_FALSIFICATION_PATH,22,19,0,19,0.0553770297744702,FUTURE_AC_ONLY,ALL_OUTER_EDGES_SYMMETRIC_BOUNDARY_HEADROOM,28,False
2011-05-11 17:30:00,E0000,VMAX13,NONE,REFLEX-REFLEX,-0.954431071578256,-0.298431448754955,componentwise_nonpositive,USE_ORIGINAL_INWARD_NORMAL_NO_COMPONENTWISE_PROJECTION,0,1251.77328331641,GEOMETRY_BOUND_ONLY_NOT_PRIMARY_FALSIFICATION_PATH,14,19,0,19,0.0532140943869493,FUTURE_AC_ONLY,ALL_OUTER_EDGES_SYMMETRIC_BOUNDARY_HEADROOM,29,False
2011-05-11 17:30:00,E0001,VMAX13,NONE,REFLEX-REFLEX,-0.95637613759446,-0.292138123907002,componentwise_nonpositive,USE_ORIGINAL_INWARD_NORMAL_NO_COMPONENTWISE_PROJECTION,1,1252.19436563794,GEOMETRY_BOUND_ONLY_NOT_PRIMARY_FALSIFICATION_PATH,17,19,0,19,0.0515180539058911,FUTURE_AC_ONLY,ALL_OUTER_EDGES_SYMMETRIC_BOUNDARY_HEADROOM,26,False
2011-05-11 17:30:00,E0002,VMAX13,NONE,REFLEX-REFLEX,-0.958089579452154,-0.286468772722605,componentwise_nonpositive,USE_ORIGINAL_INWARD_NORMAL_NO_COMPONENTWISE_PROJECTION,2,1250.77348891832,GEOMETRY_BOUND_ONLY_NOT_PRIMARY_FALSIFICATION_PATH,21,19,0,19,0.050465651040953,FUTURE_AC_ONLY,ALL_OUTER_EDGES_SYMMETRIC_BOUNDARY_HEADROOM,24,False
2011-05-11 17:30:00,E0003,VMAX13,NONE,REFLEX-REFLEX,-0.959508258795859,-0.281680495069395,componentwise_nonpositive,USE_ORIGINAL_INWARD_NORMAL_NO_COMPONENTWISE_PROJECTION,3,1248.09321754396,GEOMETRY_BOUND_ONLY_NOT_PRIMARY_FALSIFICATION_PATH,20,19,0,19,0.052033954226417,FUTURE_AC_ONLY,ALL_OUTER_EDGES_SYMMETRIC_BOUNDARY_HEADROOM,22,False
2011-05-11 17:30:00,E0004,VMAX13,NONE,REFLEX-CONVEX,-0.961331202757868,-0.27539484128086,componentwise_nonpositive,USE_ORIGINAL_INWARD_NORMAL_NO_COMPONENTWISE_PROJECTION,4,1242.54900968165,GEOMETRY_BOUND_ONLY_NOT_PRIMARY_FALSIFICATION_PATH,18,20,0,20,0.0538048970421819,FUTURE_AC_ONLY,ALL_OUTER_EDGES_SYMMETRIC_BOUNDARY_HEADROOM,19,False
2011-05-11 17:30:00,E0005,CLASS_TRANSITION,NONE,CONVEX-CONVEX,-0.94429806818045,-0.329091413486695,componentwise_nonpositive,USE_ORIGINAL_INWARD_NORMAL_NO_COMPONENTWISE_PROJECTION,4,1307.66036304281,GEOMETRY_BOUND_ONLY_NOT_PRIMARY_FALSIFICATION_PATH,0,9,0,9,0.103966411211508,FUTURE_AC_ONLY,ALL_OUTER_EDGES_SYMMETRIC_BOUNDARY_HEADROOM,8,False
2011-05-11 17:30:00,E0006,VMAX30,NONE,CONVEX-REFLEX,-0.381734432824866,-0.924272050208096,componentwise_nonpositive,USE_ORIGINAL_INWARD_NORMAL_NO_COMPONENTWISE_PROJECTION,4,1841.48961888408,GEOMETRY_BOUND_ONLY_NOT_PRIMARY_FALSIFICATION_PATH,0,10,0,10,0.102445887782975,FUTURE_AC_ONLY,ALL_OUTER_EDGES_SYMMETRIC_BOUNDARY_HEADROOM,8,False
2011-05-11 17:30:00,E0007,VMAX30,NONE,REFLEX-REFLEX,-0.389698265163848,-0.920942594371814,componentwise_nonpositive,USE_ORIGINAL_INWARD_NORMAL_NO_COMPONENTWISE_PROJECTION,5,1841.25443604383,GEOMETRY_BOUND_ONLY_NOT_PRIMARY_FALSIFICATION_PATH,18,19,0,19,0.051499602170187,FUTURE_AC_ONLY,ALL_OUTER_EDGES_SYMMETRIC_BOUNDARY_HEADROOM,16,False
2011-05-11 17:30:00,E0008,VMAX30,NONE,REFLEX-REFLEX,-0.396309610308634,-0.918116927617076,componentwise_nonpositive,USE_ORIGINAL_INWARD_NORMAL_NO_COMPONENTWISE_PROJECTION,6,1839.16792659303,GEOMETRY_BOUND_ONLY_NOT_PRIMARY_FALSIFICATION_PATH,21,19,0,19,0.050463191186673,FUTURE_AC_ONLY,ALL_OUTER_EDGES_SYMMETRIC_BOUNDARY_HEADROOM,14,False
2011-05-11 17:30:00,E0009,VMAX30,NONE,REFLEX-REFLEX,-0.404871089043799,-0.914373775464109,componentwise_nonpositive,USE_ORIGINAL_INWARD_NORMAL_NO_COMPONENTWISE_PROJECTION,7,1834.03991330428,GEOMETRY_BOUND_ONLY_NOT_PRIMARY_FALSIFICATION_PATH,15,19,0,19,0.052035417861785,FUTURE_AC_ONLY,ALL_OUTER_EDGES_SYMMETRIC_BOUNDARY_HEADROOM,14,False
2011-05-11 17:30:00,E0010,VMAX30,NONE,REFLEX-REFLEX,-0.41434658766567,-0.91011917092753,componentwise_nonpositive,USE_ORIGINAL_INWARD_NORMAL_NO_COMPONENTWISE_PROJECTION,8,1825.50607873378,GEOMETRY_BOUND_ONLY_NOT_PRIMARY_FALSIFICATION_PATH,15,19,0,19,0.053798175934239,FUTURE_AC_ONLY,ALL_OUTER_EDGES_SYMMETRIC_BOUNDARY_HEADROOM,14,False
2011-05-11 17:30:00,E0011,VMAX30,NONE,REFLEX-REFLEX,-0.423617496744231,-0.905841165134457,componentwise_nonpositive,USE_ORIGINAL_INWARD_NORMAL_NO_COMPONENTWISE_PROJECTION,9,1814.00836928515,GEOMETRY_BOUND_ONLY_NOT_PRIMARY_FALSIFICATION_PATH,0,9,0,9,0.104819030181039,FUTURE_AC_ONLY,ALL_OUTER_EDGES_SYMMETRIC_BOUNDARY_HEADROOM,7,False
2011-05-11 17:30:00,E0012,VMAX30,NONE,REFLEX-REFLEX,-0.429674578563834,-0.902983807460572,componentwise_nonpositive,USE_ORIGINAL_INWARD_NORMAL_NO_COMPONENTWISE_PROJECTION,10,1805.26992764924,GEOMETRY_BOUND_ONLY_NOT_PRIMARY_FALSIFICATION_PATH,12,9,0,9,0.105906237701342,FUTURE_AC_ONLY,ALL_OUTER_EDGES_SYMMETRIC_BOUNDARY_HEADROOM,7,True
2011-05-11 17:30:00,E0013,VMAX30,NONE,REFLEX-REFLEX,-0.431296719550922,-0.902210141654711,componentwise_nonpositive,USE_ORIGINAL_INWARD_NORMAL_NO_COMPONENTWISE_PROJECTION,11,1802.58042816643,GEOMETRY_BOUND_ONLY_NOT_PRIMARY_FALSIFICATION_PATH,0,3,0,3,0.286194419662652,FUTURE_AC_ONLY,ALL_OUTER_EDGES_SYMMETRIC_BOUNDARY_HEADROOM,3,False
2011-05-11 17:30:00,E0014,VMAX30,NONE,REFLEX-REFLEX,-0.439213894534211,-0.898382521450685,componentwise_nonpositive,USE_ORIGINAL_INWARD_NORMAL_NO_COMPONENTWISE_PROJECTION,12,1788.71093750993,GEOMETRY_BOUND_ONLY_NOT_PRIMARY_FALSIFICATION_PATH,0,6,0,6,0.16141346787431,FUTURE_AC_ONLY,ALL_OUTER_EDGES_SYMMETRIC_BOUNDARY_HEADROOM,5,False
2011-05-11 17:30:00,E0015,VMAX30,NONE,REFLEX-REFLEX,-0.445690449193936,-0.89518714439904,componentwise_nonpositive,USE_ORIGINAL_INWARD_NORMAL_NO_COMPONENTWISE_PROJECTION,13,1776.19356716801,GEOMETRY_BOUND_ONLY_NOT_PRIMARY_FALSIFICATION_PATH,13,9,0,9,0.10871720601295,FUTURE_AC_ONLY,ALL_OUTER_EDGES_SYMMETRIC_BOUNDARY_HEADROOM,8,False
2011-05-11 17:30:00,E0016,VMAX30,NONE,REFLEX-REFLEX,-0.457682310858009,-0.889115798041893,componentwise_nonpositive,USE_ORIGINAL_INWARD_NORMAL_NO_COMPONENTWISE_PROJECTION,14,1749.23016038779,GEOMETRY_BOUND_ONLY_NOT_PRIMARY_FALSIFICATION_PATH,13,9,0,9,0.110695080082638,FUTURE_AC_ONLY,ALL_OUTER_EDGES_SYMMETRIC_BOUNDARY_HEADROOM,8,False
2011-05-11 17:30:00,E0017,VMAX30,NONE,REFLEX-REFLEX,-0.473800889802109,-0.880631998523066,componentwise_nonpositive,USE_ORIGINAL_INWARD_NORMAL_NO_COMPONENTWISE_PROJECTION,15,1706.41074975378,GEOMETRY_BOUND_ONLY_NOT_PRIMARY_FALSIFICATION_PATH,13,9,0,9,0.11341299946107,FUTURE_AC_ONLY,ALL_OUTER_EDGES_SYMMETRIC_BOUNDARY_HEADROOM,8,True
2011-05-11 17:30:00,E0018,VMAX30,ADJACENT_TO_GUARD_LIMITED_EDGE,REFLEX-CONVEX,-0.49774038480454,-0.867326068635452,componentwise_nonpositive,USE_ORIGINAL_INWARD_NORMAL_NO_COMPONENTWISE_PROJECTION,16,1629.50411481873,GEOMETRY_BOUND_ONLY_NOT_PRIMARY_FALSIFICATION_PATH,13,9,0,9,0.117646807989488,FUTURE_AC_ONLY,ALL_OUTER_EDGES_SYMMETRIC_BOUNDARY_HEADROOM,10,False
2011-05-11 17:30:00,E0019,CLASS_TRANSITION,CROSSES_GUARD_LIMITED_RAY,CONVEX-CONVEX,0.918626877284457,-0.395126132178836,mixed_sign,USE_ORIGINAL_INWARD_NORMAL_NO_COMPONENTWISE_PROJECTION,16,3225.4262693734,GEOMETRY_BOUND_ONLY_NOT_PRIMARY_FALSIFICATION_PATH,0,21,0,21,0.0514367920489954,FUTURE_AC_ONLY,ALL_OUTER_EDGES_SYMMETRIC_BOUNDARY_HEADROOM,20,True
2011-05-11 17:30:00,E0020,VMIN18,ADJACENT_TO_GUARD_LIMITED_EDGE,CONVEX-CONVEX,0.974979399364252,0.222295233451648,componentwise_positive,USE_ORIGINAL_INWARD_NORMAL_NO_COMPONENTWISE_PROJECTION,17,3477.26641700535,GEOMETRY_BOUND_ONLY_NOT_PRIMARY_FALSIFICATION_PATH,0,10,0,10,0.110122586258211,FUTURE_AC_ONLY,ALL_OUTER_EDGES_SYMMETRIC_BOUNDARY_HEADROOM,11,False
2011-05-11 17:30:00,E0021,VMIN18,NONE,CONVEX-CONVEX,0.973293557129584,0.229564046945601,componentwise_positive,USE_ORIGINAL_INWARD_NORMAL_NO_COMPONENTWISE_PROJECTION,17,3434.97877443903,GEOMETRY_BOUND_ONLY_NOT_PRIMARY_FALSIFICATION_PATH,0,10,0,10,0.108623667998031,FUTURE_AC_ONLY,ALL_OUTER_EDGES_SYMMETRIC_BOUNDARY_HEADROOM,11,False
2011-05-11 17:30:00,E0022,VMIN18,NONE,CONVEX-CONVEX,0.971711451600265,0.236171240477977,componentwise_positive,USE_ORIGINAL_INWARD_NORMAL_NO_COMPONENTWISE_PROJECTION,17,3399.39635524194,GEOMETRY_BOUND_ONLY_NOT_PRIMARY_FALSIFICATION_PATH,0,9,0,9,0.107349398751844,FUTURE_AC_ONLY,ALL_OUTER_EDGES_SYMMETRIC_BOUNDARY_HEADROOM,13,False
2011-05-11 17:30:00,E0023,VMIN18,NONE,CONVEX-CONVEX,0.97027206035272,0.242016794662866,componentwise_positive,USE_ORIGINAL_INWARD_NORMAL_NO_COMPONENTWISE_PROJECTION,17,3370.06177403942,GEOMETRY_BOUND_ONLY_NOT_PRIMARY_FALSIFICATION_PATH,0,10,0,10,0.106238707252597,FUTURE_AC_ONLY,ALL_OUTER_EDGES_SYMMETRIC_BOUNDARY_HEADROOM,13,False
2011-05-11 17:30:00,E0024,VMIN18,NONE,CONVEX-CONVEX,0.968801427278425,0.247838242616603,componentwise_positive,USE_ORIGINAL_INWARD_NORMAL_NO_COMPONENTWISE_PROJECTION,17,3342.70126028539,GEOMETRY_BOUND_ONLY_NOT_PRIMARY_FALSIFICATION_PATH,0,10,0,10,0.105262664568993,FUTURE_AC_ONLY,ALL_OUTER_EDGES_SYMMETRIC_BOUNDARY_HEADROOM,13,False
2011-05-11 17:30:00,E0025,VMIN18,NONE,CONVEX-CONVEX,0.9669332767568,0.255029485158791,componentwise_positive,USE_ORIGINAL_INWARD_NORMAL_NO_COMPONENTWISE_PROJECTION,17,3310.89689005744,GEOMETRY_BOUND_ONLY_NOT_PRIMARY_FALSIFICATION_PATH,0,19,0,19,0.0544124096640473,FUTURE_AC_ONLY,ALL_OUTER_EDGES_SYMMETRIC_BOUNDARY_HEADROOM,29,False
2011-05-11 17:30:00,E0026,VMIN18,NONE,CONVEX-CONVEX,0.964355776119843,0.264609026800477,componentwise_positive,USE_ORIGINAL_INWARD_NORMAL_NO_COMPONENTWISE_PROJECTION,17,3273.29676484527,GEOMETRY_BOUND_ONLY_NOT_PRIMARY_FALSIFICATION_PATH,0,19,0,19,0.0527599210529069,FUTURE_AC_ONLY,ALL_OUTER_EDGES_SYMMETRIC_BOUNDARY_HEADROOM,29,False
2011-05-11 17:30:00,E0027,VMIN18,NONE,CONVEX-CONVEX,0.961719584219751,0.274035474579824,componentwise_positive,USE_ORIGINAL_INWARD_NORMAL_NO_COMPONENTWISE_PROJECTION,17,3240.32460604516,GEOMETRY_BOUND_ONLY_NOT_PRIMARY_FALSIFICATION_PATH,0,20,0,20,0.0513001525791263,FUTURE_AC_ONLY,ALL_OUTER_EDGES_SYMMETRIC_BOUNDARY_HEADROOM,26,False
2011-05-11 17:30:00,E0028,VMIN18,NONE,CONVEX-CONVEX,0.959855480635739,0.280495020086873,componentwise_positive,USE_ORIGINAL_INWARD_NORMAL_NO_COMPONENTWISE_PROJECTION,17,3220.33035654393,GEOMETRY_BOUND_ONLY_NOT_PRIMARY_FALSIFICATION_PATH,0,1,4,5,0.1803762799004,FUTURE_AC_ONLY,ALL_OUTER_EDGES_SYMMETRIC_BOUNDARY_HEADROOM,2,False
2011-05-11 17:30:00,E0029,VMIN18,NONE,CONVEX-CONVEX,0.958907819074342,0.28371780789737,componentwise_positive,USE_ORIGINAL_INWARD_NORMAL_NO_COMPONENTWISE_PROJECTION,17,3210.39423912529,GEOMETRY_BOUND_ONLY_NOT_PRIMARY_FALSIFICATION_PATH,0,18,0,18,0.054776745791865,FUTURE_AC_ONLY,ALL_OUTER_EDGES_SYMMETRIC_BOUNDARY_HEADROOM,22,False
2011-05-11 17:30:00,E0030,VMIN18,NONE,CONVEX-CONVEX,0.9558982488027,0.293698038699497,componentwise_positive,USE_ORIGINAL_INWARD_NORMAL_NO_COMPONENTWISE_PROJECTION,17,3183.30594848157,GEOMETRY_BOUND_ONLY_NOT_PRIMARY_FALSIFICATION_PATH,0,19,0,19,0.051884803708154,FUTURE_AC_ONLY,ALL_OUTER_EDGES_SYMMETRIC_BOUNDARY_HEADROOM,22,False
2011-05-11 17:30:00,E0031,VMIN18,NONE,CONVEX-CONVEX,0.953142466676799,0.302521797920856,componentwise_positive,USE_ORIGINAL_INWARD_NORMAL_NO_COMPONENTWISE_PROJECTION,17,3162.95804596695,GEOMETRY_BOUND_ONLY_NOT_PRIMARY_FALSIFICATION_PATH,0,11,0,11,0.102665470371042,FUTURE_AC_ONLY,ALL_OUTER_EDGES_SYMMETRIC_BOUNDARY_HEADROOM,9,True
2011-05-11 17:30:00,E0032,CLASS_TRANSITION,NONE,CONVEX-CONVEX,0.88809057930299,0.459668492452202,componentwise_positive,USE_ORIGINAL_INWARD_NORMAL_NO_COMPONENTWISE_PROJECTION,17,2864.16499003078,GEOMETRY_BOUND_ONLY_NOT_PRIMARY_FALSIFICATION_PATH,0,9,0,9,0.101600740964553,FUTURE_AC_ONLY,ALL_OUTER_EDGES_SYMMETRIC_BOUNDARY_HEADROOM,10,False
2011-05-11 17:30:00,E0033,VMIN33,NONE,CONVEX-CONVEX,0.409531051022633,0.912296179016605,componentwise_positive,USE_ORIGINAL_INWARD_NORMAL_NO_COMPONENTWISE_PROJECTION,17,3616.81369921031,GEOMETRY_BOUND_ONLY_NOT_PRIMARY_FALSIFICATION_PATH,0,20,0,20,0.0529483329567386,FUTURE_AC_ONLY,ALL_OUTER_EDGES_SYMMETRIC_BOUNDARY_HEADROOM,16,True
2011-05-11 17:30:00,E0034,VMIN33,NONE,CONVEX-CONVEX,0.396469264910168,0.918047995467334,componentwise_positive,USE_ORIGINAL_INWARD_NORMAL_NO_COMPONENTWISE_PROJECTION,17,3664.14127070207,GEOMETRY_BOUND_ONLY_NOT_PRIMARY_FALSIFICATION_PATH,0,17,0,17,0.0622370557278479,FUTURE_AC_ONLY,ALL_OUTER_EDGES_SYMMETRIC_BOUNDARY_HEADROOM,13,False
2011-05-11 17:30:00,E0035,VMIN33,NONE,CONVEX-CONVEX,0.388786466756581,0.921327891288945,componentwise_positive,USE_ORIGINAL_INWARD_NORMAL_NO_COMPONENTWISE_PROJECTION,17,3693.70529956379,GEOMETRY_BOUND_ONLY_NOT_PRIMARY_FALSIFICATION_PATH,0,4,0,4,0.283534723768125,FUTURE_AC_ONLY,ALL_OUTER_EDGES_SYMMETRIC_BOUNDARY_HEADROOM,3,False
2011-05-11 17:30:00,E0036,VMIN33,NONE,CONVEX-CONVEX,0.382635779289574,0.923899269621673,componentwise_positive,USE_ORIGINAL_INWARD_NORMAL_NO_COMPONENTWISE_PROJECTION,17,3717.48280483238,GEOMETRY_BOUND_ONLY_NOT_PRIMARY_FALSIFICATION_PATH,0,20,0,20,0.050369436477648,FUTURE_AC_ONLY,ALL_OUTER_EDGES_SYMMETRIC_BOUNDARY_HEADROOM,14,False
2011-05-11 17:30:00,E0037,VMIN33,NONE,CONVEX-CONVEX,0.369937471289445,0.92905665453511,componentwise_positive,USE_ORIGINAL_INWARD_NORMAL_NO_COMPONENTWISE_PROJECTION,17,3770.12206156316,GEOMETRY_BOUND_ONLY_NOT_PRIMARY_FALSIFICATION_PATH,0,19,0,19,0.051779904679863,FUTURE_AC_ONLY,ALL_OUTER_EDGES_SYMMETRIC_BOUNDARY_HEADROOM,14,False
2011-05-11 17:30:00,E0038,VMIN33,NONE,CONVEX-CONVEX,0.358713619819397,0.933447662676416,componentwise_positive,USE_ORIGINAL_INWARD_NORMAL_NO_COMPONENTWISE_PROJECTION,17,3819.70671191129,GEOMETRY_BOUND_ONLY_NOT_PRIMARY_FALSIFICATION_PATH,0,19,0,19,0.053333861432907,FUTURE_AC_ONLY,ALL_OUTER_EDGES_SYMMETRIC_BOUNDARY_HEADROOM,14,False
2011-05-11 17:30:00,E0039,VMIN33,NONE,CONVEX-CONVEX,0.345124911809686,0.938556761868112,componentwise_positive,USE_ORIGINAL_INWARD_NORMAL_NO_COMPONENTWISE_PROJECTION,17,3883.81670067862,GEOMETRY_BOUND_ONLY_NOT_PRIMARY_FALSIFICATION_PATH,0,20,0,20,0.055121685750561,FUTURE_AC_ONLY,ALL_OUTER_EDGES_SYMMETRIC_BOUNDARY_HEADROOM,14,True
2011-05-11 17:30:00,E0040,VMIN33,NONE,CONVEX-CONVEX,0.334967104334529,0.942229822821238,componentwise_positive,USE_ORIGINAL_INWARD_NORMAL_NO_COMPONENTWISE_PROJECTION,17,3935.43143367342,GEOMETRY_BOUND_ONLY_NOT_PRIMARY_FALSIFICATION_PATH,0,9,0,9,0.106035284732575,FUTURE_AC_ONLY,ALL_OUTER_EDGES_SYMMETRIC_BOUNDARY_HEADROOM,8,False
2011-05-11 17:30:00,E0041,VMIN33,NONE,CONVEX-CONVEX,0.327190736519698,0.944958317565223,componentwise_positive,USE_ORIGINAL_INWARD_NORMAL_NO_COMPONENTWISE_PROJECTION,17,3976.49134917778,GEOMETRY_BOUND_ONLY_NOT_PRIMARY_FALSIFICATION_PATH,0,10,0,10,0.107146728549532,FUTURE_AC_ONLY,ALL_OUTER_EDGES_SYMMETRIC_BOUNDARY_HEADROOM,8,False
2011-05-11 17:30:00,E0042,VMIN33,NONE,CONVEX-CONVEX,0.318780243548916,0.947828653461634,componentwise_positive,USE_ORIGINAL_INWARD_NORMAL_NO_COMPONENTWISE_PROJECTION,17,4022.91699075519,GEOMETRY_BOUND_ONLY_NOT_PRIMARY_FALSIFICATION_PATH,0,10,0,10,0.10843292392916,FUTURE_AC_ONLY,ALL_OUTER_EDGES_SYMMETRIC_BOUNDARY_HEADROOM,8,False
2011-05-11 17:30:00,E0043,VMIN33,ADJACENT_TO_GUARD_LIMITED_EDGE,CONVEX-CONVEX,0.308954099476642,0.951076949787228,componentwise_positive,USE_ORIGINAL_INWARD_NORMAL_NO_COMPONENTWISE_PROJECTION,17,4079.92410547712,GEOMETRY_BOUND_ONLY_NOT_PRIMARY_FALSIFICATION_PATH,0,11,0,11,0.109947675976638,FUTURE_AC_ONLY,ALL_OUTER_EDGES_SYMMETRIC_BOUNDARY_HEADROOM,8,True
2011-05-11 17:30:00,E0044,CLASS_TRANSITION,CROSSES_GUARD_LIMITED_RAY,CONVEX-CONVEX,-0.690188629295532,0.723629501880039,mixed_sign,USE_ORIGINAL_INWARD_NORMAL_NO_COMPONENTWISE_PROJECTION,17,7108.48211656518,GEOMETRY_BOUND_ONLY_NOT_PRIMARY_FALSIFICATION_PATH,0,20,0,20,0.0519418139453139,FUTURE_AC_ONLY,ALL_OUTER_EDGES_SYMMETRIC_BOUNDARY_HEADROOM,19,False
2011-05-11 17:30:00,E0045,VMAX13,ADJACENT_TO_GUARD_LIMITED_EDGE,CONVEX-REFLEX,-0.92997958587043,-0.367611166675148,componentwise_nonpositive,USE_ORIGINAL_INWARD_NORMAL_NO_COMPONENTWISE_PROJECTION,17,3018.13854463693,GEOMETRY_BOUND_ONLY_NOT_PRIMARY_FALSIFICATION_PATH,13,9,0,9,0.120451963156302,FUTURE_AC_ONLY,ALL_OUTER_EDGES_SYMMETRIC_BOUNDARY_HEADROOM,11,False
2011-05-11 17:30:00,E0046,VMAX13,NONE,REFLEX-REFLEX,-0.937776263205527,-0.347240090093696,componentwise_nonpositive,USE_ORIGINAL_INWARD_NORMAL_NO_COMPONENTWISE_PROJECTION,18,1183.97638385848,GEOMETRY_BOUND_ONLY_NOT_PRIMARY_FALSIFICATION_PATH,13,9,0,9,0.114956332531931,FUTURE_AC_ONLY,ALL_OUTER_EDGES_SYMMETRIC_BOUNDARY_HEADROOM,11,False
2011-05-11 17:30:00,E0047,VMAX13,NONE,REFLEX-REFLEX,-0.94246380549304,-0.334308204110486,componentwise_nonpositive,USE_ORIGINAL_INWARD_NORMAL_NO_COMPONENTWISE_PROJECTION,19,1212.14932263289,GEOMETRY_BOUND_ONLY_NOT_PRIMARY_FALSIFICATION_PATH,13,9,0,9,0.111715568441305,FUTURE_AC_ONLY,ALL_OUTER_EDGES_SYMMETRIC_BOUNDARY_HEADROOM,11,False
2011-05-11 17:30:00,E0048,VMAX13,NONE,REFLEX-REFLEX,-0.945441480961304,-0.325791967484921,componentwise_nonpositive,USE_ORIGINAL_INWARD_NORMAL_NO_COMPONENTWISE_PROJECTION,20,1226.8358887228,GEOMETRY_BOUND_ONLY_NOT_PRIMARY_FALSIFICATION_PATH,12,8,0,8,0.127871522287187,FUTURE_AC_ONLY,ALL_OUTER_EDGES_SYMMETRIC_BOUNDARY_HEADROOM,11,False
2011-05-11 17:30:00,E0049,VMAX13,NONE,REFLEX-REFLEX,-0.946580670301022,-0.322467106248789,componentwise_nonpositive,USE_ORIGINAL_INWARD_NORMAL_NO_COMPONENTWISE_PROJECTION,21,1231.56339320304,GEOMETRY_BOUND_ONLY_NOT_PRIMARY_FALSIFICATION_PATH,0,1,4,5,0.182107746393322,FUTURE_AC_ONLY,ALL_OUTER_EDGES_SYMMETRIC_BOUNDARY_HEADROOM,2,False
2011-05-11 17:30:00,E0050,VMAX13,NONE,REFLEX-REFLEX,-0.94793146146951,-0.318474401414429,componentwise_nonpositive,USE_ORIGINAL_INWARD_NORMAL_NO_COMPONENTWISE_PROJECTION,22,1237.01890736729,GEOMETRY_BOUND_ONLY_NOT_PRIMARY_FALSIFICATION_PATH,13,9,0,9,0.107762609041167,FUTURE_AC_ONLY,ALL_OUTER_EDGES_SYMMETRIC_BOUNDARY_HEADROOM,13,False
2011-05-11 17:30:00,E0051,VMAX13,NONE,REFLEX-REFLEX,-0.949663767262901,-0.313271015493032,componentwise_nonpositive,USE_ORIGINAL_INWARD_NORMAL_NO_COMPONENTWISE_PROJECTION,23,1242.62777335465,GEOMETRY_BOUND_ONLY_NOT_PRIMARY_FALSIFICATION_PATH,5,9,0,9,0.10638941431997,FUTURE_AC_ONLY,ALL_OUTER_EDGES_SYMMETRIC_BOUNDARY_HEADROOM,13,False
2011-05-11 17:30:00,E0052,VMAX13,NONE,REFLEX-REFLEX,-0.952014895605956,-0.306051692601725,componentwise_nonpositive,USE_ORIGINAL_INWARD_NORMAL_NO_COMPONENTWISE_PROJECTION,24,1248.6043750317,GEOMETRY_BOUND_ONLY_NOT_PRIMARY_FALSIFICATION_PATH,18,19,0,19,0.0552331963254256,FUTURE_AC_ONLY,ALL_OUTER_EDGES_SYMMETRIC_BOUNDARY_HEADROOM,29,False
2011-05-11 18:00:00,E0000,VMAX13,NONE,REFLEX-REFLEX,-0.954319946359833,-0.298786612785387,componentwise_nonpositive,USE_ORIGINAL_INWARD_NORMAL_NO_COMPONENTWISE_PROJECTION,0,1247.13030408499,GEOMETRY_BOUND_ONLY_NOT_PRIMARY_FALSIFICATION_PATH,16,19,0,19,0.0532194568078022,FUTURE_AC_ONLY,ALL_OUTER_EDGES_SYMMETRIC_BOUNDARY_HEADROOM,29,False
2011-05-11 18:00:00,E0001,VMAX13,NONE,REFLEX-REFLEX,-0.956420220632182,-0.291993769738138,componentwise_nonpositive,USE_ORIGINAL_INWARD_NORMAL_NO_COMPONENTWISE_PROJECTION,1,1247.58383217745,GEOMETRY_BOUND_ONLY_NOT_PRIMARY_FALSIFICATION_PATH,14,19,0,19,0.0515167611524115,FUTURE_AC_ONLY,ALL_OUTER_EDGES_SYMMETRIC_BOUNDARY_HEADROOM,26,False
2011-05-11 18:00:00,E0002,VMAX13,NONE,REFLEX-REFLEX,-0.957964230313541,-0.286887666935657,componentwise_nonpositive,USE_ORIGINAL_INWARD_NORMAL_NO_COMPONENTWISE_PROJECTION,2,1246.30929574133,GEOMETRY_BOUND_ONLY_NOT_PRIMARY_FALSIFICATION_PATH,14,19,0,19,0.050460368231207,FUTURE_AC_ONLY,ALL_OUTER_EDGES_SYMMETRIC_BOUNDARY_HEADROOM,25,False
2011-05-11 18:00:00,E0003,VMAX13,NONE,REFLEX-REFLEX,-0.959684579270518,-0.281079185124705,componentwise_nonpositive,USE_ORIGINAL_INWARD_NORMAL_NO_COMPONENTWISE_PROJECTION,3,1243.06893061156,GEOMETRY_BOUND_ONLY_NOT_PRIMARY_FALSIFICATION_PATH,12,19,0,19,0.052041015146071,FUTURE_AC_ONLY,ALL_OUTER_EDGES_SYMMETRIC_BOUNDARY_HEADROOM,21,False
2011-05-11 18:00:00,E0004,VMAX13,NONE,REFLEX-CONVEX,-0.961255332178524,-0.275659547917999,componentwise_nonpositive,USE_ORIGINAL_INWARD_NORMAL_NO_COMPONENTWISE_PROJECTION,4,1238.30412338541,GEOMETRY_BOUND_ONLY_NOT_PRIMARY_FALSIFICATION_PATH,13,20,0,20,0.053800545518172,FUTURE_AC_ONLY,ALL_OUTER_EDGES_SYMMETRIC_BOUNDARY_HEADROOM,19,False
2011-05-11 18:00:00,E0005,CLASS_TRANSITION,NONE,CONVEX-CONVEX,-0.947257251653276,-0.320474178663871,componentwise_nonpositive,USE_ORIGINAL_INWARD_NORMAL_NO_COMPONENTWISE_PROJECTION,4,1292.64010156587,GEOMETRY_BOUND_ONLY_NOT_PRIMARY_FALSIFICATION_PATH,0,9,0,9,0.104085036708072,FUTURE_AC_ONLY,ALL_OUTER_EDGES_SYMMETRIC_BOUNDARY_HEADROOM,8,False
2011-05-11 18:00:00,E0006,VMAX30,NONE,CONVEX-REFLEX,-0.382390685431634,-0.924000737929968,componentwise_nonpositive,USE_ORIGINAL_INWARD_NORMAL_NO_COMPONENTWISE_PROJECTION,4,1837.25881919793,GEOMETRY_BOUND_ONLY_NOT_PRIMARY_FALSIFICATION_PATH,0,10,0,10,0.102441553725874,FUTURE_AC_ONLY,ALL_OUTER_EDGES_SYMMETRIC_BOUNDARY_HEADROOM,8,False
2011-05-11 18:00:00,E0007,VMAX30,NONE,REFLEX-REFLEX,-0.389282585373408,-0.921118379322112,componentwise_nonpositive,USE_ORIGINAL_INWARD_NORMAL_NO_COMPONENTWISE_PROJECTION,5,1837.05330892099,GEOMETRY_BOUND_ONLY_NOT_PRIMARY_FALSIFICATION_PATH,20,19,0,19,0.051502906251729,FUTURE_AC_ONLY,ALL_OUTER_EDGES_SYMMETRIC_BOUNDARY_HEADROOM,16,False
2011-05-11 18:00:00,E0008,VMAX30,NONE,REFLEX-REFLEX,-0.396447995869993,-0.918057180447202,componentwise_nonpositive,USE_ORIGINAL_INWARD_NORMAL_NO_COMPONENTWISE_PROJECTION,6,1834.79906412064,GEOMETRY_BOUND_ONLY_NOT_PRIMARY_FALSIFICATION_PATH,22,19,0,19,0.050463824651544,FUTURE_AC_ONLY,ALL_OUTER_EDGES_SYMMETRIC_BOUNDARY_HEADROOM,14,False
2011-05-11 18:00:00,E0009,VMAX30,NONE,REFLEX-REFLEX,-0.40479996615674,-0.914405264310908,componentwise_nonpositive,USE_ORIGINAL_INWARD_NORMAL_NO_COMPONENTWISE_PROJECTION,7,1829.80720608246,GEOMETRY_BOUND_ONLY_NOT_PRIMARY_FALSIFICATION_PATH,20,19,0,19,0.052034530845892,FUTURE_AC_ONLY,ALL_OUTER_EDGES_SYMMETRIC_BOUNDARY_HEADROOM,14,False
2011-05-11 18:00:00,E0010,VMAX30,NONE,REFLEX-REFLEX,-0.414840109557782,-0.909894325458779,componentwise_nonpositive,USE_ORIGINAL_INWARD_NORMAL_NO_COMPONENTWISE_PROJECTION,8,1820.78041157461,GEOMETRY_BOUND_ONLY_NOT_PRIMARY_FALSIFICATION_PATH,21,19,0,19,0.053802077417869,FUTURE_AC_ONLY,ALL_OUTER_EDGES_SYMMETRIC_BOUNDARY_HEADROOM,14,False
2011-05-11 18:00:00,E0011,VMAX30,NONE,REFLEX-REFLEX,-0.420927605159484,-0.90709423502451,componentwise_nonpositive,USE_ORIGINAL_INWARD_NORMAL_NO_COMPONENTWISE_PROJECTION,9,1813.26703735207,GEOMETRY_BOUND_ONLY_NOT_PRIMARY_FALSIFICATION_PATH,6,9,0,9,0.104793558947187,FUTURE_AC_ONLY,ALL_OUTER_EDGES_SYMMETRIC_BOUNDARY_HEADROOM,7,False
2011-05-11 18:00:00,E0012,VMAX30,NONE,REFLEX-REFLEX,-0.429574241365649,-0.903031544939116,componentwise_nonpositive,USE_ORIGINAL_INWARD_NORMAL_NO_COMPONENTWISE_PROJECTION,10,1800.86039940378,GEOMETRY_BOUND_ONLY_NOT_PRIMARY_FALSIFICATION_PATH,0,9,0,9,0.105904642201019,FUTURE_AC_ONLY,ALL_OUTER_EDGES_SYMMETRIC_BOUNDARY_HEADROOM,7,True
2011-05-11 18:00:00,E0013,VMAX30,NONE,REFLEX-REFLEX,-0.434223547568467,-0.900805145820701,componentwise_nonpositive,USE_ORIGINAL_INWARD_NORMAL_NO_COMPONENTWISE_PROJECTION,11,1793.1516393655,GEOMETRY_BOUND_ONLY_NOT_PRIMARY_FALSIFICATION_PATH,0,4,0,4,0.242298994334912,FUTURE_AC_ONLY,ALL_OUTER_EDGES_SYMMETRIC_BOUNDARY_HEADROOM,3,True
2011-05-11 18:00:00,E0014,VMAX30,NONE,REFLEX-REFLEX,-0.438640988989644,-0.898662385313966,componentwise_nonpositive,USE_ORIGINAL_INWARD_NORMAL_NO_COMPONENTWISE_PROJECTION,12,1785.34650111578,GEOMETRY_BOUND_ONLY_NOT_PRIMARY_FALSIFICATION_PATH,2,5,0,5,0.179434971852992,FUTURE_AC_ONLY,ALL_OUTER_EDGES_SYMMETRIC_BOUNDARY_HEADROOM,5,False
2011-05-11 18:00:00,E0015,VMAX30,NONE,REFLEX-REFLEX,-0.445293984330375,-0.895384424434097,componentwise_nonpositive,USE_ORIGINAL_INWARD_NORMAL_NO_COMPONENTWISE_PROJECTION,13,1772.53178578273,GEOMETRY_BOUND_ONLY_NOT_PRIMARY_FALSIFICATION_PATH,12,9,0,9,0.108710289268095,FUTURE_AC_ONLY,ALL_OUTER_EDGES_SYMMETRIC_BOUNDARY_HEADROOM,8,False
2011-05-11 18:00:00,E0016,VMAX30,NONE,REFLEX-REFLEX,-0.457141183488272,-0.88939414117642,componentwise_nonpositive,USE_ORIGINAL_INWARD_NORMAL_NO_COMPONENTWISE_PROJECTION,14,1745.98367612679,GEOMETRY_BOUND_ONLY_NOT_PRIMARY_FALSIFICATION_PATH,12,9,0,9,0.1106832166638,FUTURE_AC_ONLY,ALL_OUTER_EDGES_SYMMETRIC_BOUNDARY_HEADROOM,8,False
2011-05-11 18:00:00,E0017,VMAX30,NONE,REFLEX-REFLEX,-0.473479172476946,-0.880805014308244,componentwise_nonpositive,USE_ORIGINAL_INWARD_NORMAL_NO_COMPONENTWISE_PROJECTION,15,1702.72859602774,GEOMETRY_BOUND_ONLY_NOT_PRIMARY_FALSIFICATION_PATH,13,9,0,9,0.113402563694725,FUTURE_AC_ONLY,ALL_OUTER_EDGES_SYMMETRIC_BOUNDARY_HEADROOM,8,True
2011-05-11 18:00:00,E0018,VMAX30,ADJACENT_TO_GUARD_LIMITED_EDGE,REFLEX-CONVEX,-0.497306708502994,-0.867574802353041,componentwise_nonpositive,USE_ORIGINAL_INWARD_NORMAL_NO_COMPONENTWISE_PROJECTION,16,1626.44059215133,GEOMETRY_BOUND_ONLY_NOT_PRIMARY_FALSIFICATION_PATH,13,10,0,10,0.117625272938727,FUTURE_AC_ONLY,ALL_OUTER_EDGES_SYMMETRIC_BOUNDARY_HEADROOM,10,False
2011-05-11 18:00:00,E0019,CLASS_TRANSITION,CROSSES_GUARD_LIMITED_RAY,CONVEX-CONVEX,0.908454819648618,-0.417983062643927,mixed_sign,USE_ORIGINAL_INWARD_NORMAL_NO_COMPONENTWISE_PROJECTION,16,3264.58104021144,GEOMETRY_BOUND_ONLY_NOT_PRIMARY_FALSIFICATION_PATH,0,20,0,20,0.0511712430210652,FUTURE_AC_ONLY,ALL_OUTER_EDGES_SYMMETRIC_BOUNDARY_HEADROOM,19,True
2011-05-11 18:00:00,E0020,VMIN18,ADJACENT_TO_GUARD_LIMITED_EDGE,CONVEX-CONVEX,0.975040164835522,0.22202854987032,componentwise_positive,USE_ORIGINAL_INWARD_NORMAL_NO_COMPONENTWISE_PROJECTION,17,3475.39773647729,GEOMETRY_BOUND_ONLY_NOT_PRIMARY_FALSIFICATION_PATH,0,10,0,10,0.110115476275554,FUTURE_AC_ONLY,ALL_OUTER_EDGES_SYMMETRIC_BOUNDARY_HEADROOM,11,False
2011-05-11 18:00:00,E0021,VMIN18,NONE,CONVEX-CONVEX,0.973324323144945,0.229433567671416,componentwise_positive,USE_ORIGINAL_INWARD_NORMAL_NO_COMPONENTWISE_PROJECTION,17,3432.39184029645,GEOMETRY_BOUND_ONLY_NOT_PRIMARY_FALSIFICATION_PATH,0,9,0,9,0.108621182404959,FUTURE_AC_ONLY,ALL_OUTER_EDGES_SYMMETRIC_BOUNDARY_HEADROOM,12,False
2011-05-11 18:00:00,E0022,VMIN18,NONE,CONVEX-CONVEX,0.971772451336529,0.235920119581592,componentwise_positive,USE_ORIGINAL_INWARD_NORMAL_NO_COMPONENTWISE_PROJECTION,17,3397.53119695469,GEOMETRY_BOUND_ONLY_NOT_PRIMARY_FALSIFICATION_PATH,0,11,0,11,0.107344760813738,FUTURE_AC_ONLY,ALL_OUTER_EDGES_SYMMETRIC_BOUNDARY_HEADROOM,13,False
2011-05-11 18:00:00,E0023,VMIN18,NONE,CONVEX-CONVEX,0.970297672177389,0.241914090881742,componentwise_positive,USE_ORIGINAL_INWARD_NORMAL_NO_COMPONENTWISE_PROJECTION,17,3367.52368296928,GEOMETRY_BOUND_ONLY_NOT_PRIMARY_FALSIFICATION_PATH,0,10,0,10,0.106237409890486,FUTURE_AC_ONLY,ALL_OUTER_EDGES_SYMMETRIC_BOUNDARY_HEADROOM,13,False
2011-05-11 18:00:00,E0024,VMIN18,NONE,CONVEX-CONVEX,0.968780557969501,0.247919806591368,componentwise_positive,USE_ORIGINAL_INWARD_NORMAL_NO_COMPONENTWISE_PROJECTION,17,3339.36972851756,GEOMETRY_BOUND_ONLY_NOT_PRIMARY_FALSIFICATION_PATH,0,9,0,9,0.105264515230986,FUTURE_AC_ONLY,ALL_OUTER_EDGES_SYMMETRIC_BOUNDARY_HEADROOM,13,False
2011-05-11 18:00:00,E0025,VMIN18,NONE,CONVEX-CONVEX,0.966974241549969,0.254874118299332,componentwise_positive,USE_ORIGINAL_INWARD_NORMAL_NO_COMPONENTWISE_PROJECTION,17,3308.70413611961,GEOMETRY_BOUND_ONLY_NOT_PRIMARY_FALSIFICATION_PATH,0,19,0,19,0.0544105184507835,FUTURE_AC_ONLY,ALL_OUTER_EDGES_SYMMETRIC_BOUNDARY_HEADROOM,29,False
2011-05-11 18:00:00,E0026,VMIN18,NONE,CONVEX-CONVEX,0.964311746171817,0.264769439692463,componentwise_positive,USE_ORIGINAL_INWARD_NORMAL_NO_COMPONENTWISE_PROJECTION,17,3270.00606761477,GEOMETRY_BOUND_ONLY_NOT_PRIMARY_FALSIFICATION_PATH,0,19,0,19,0.0527624989887126,FUTURE_AC_ONLY,ALL_OUTER_EDGES_SYMMETRIC_BOUNDARY_HEADROOM,29,False
2011-05-11 18:00:00,E0027,VMIN18,NONE,CONVEX-CONVEX,0.961790407519055,0.273786800274102,componentwise_positive,USE_ORIGINAL_INWARD_NORMAL_NO_COMPONENTWISE_PROJECTION,17,3238.60736694403,GEOMETRY_BOUND_ONLY_NOT_PRIMARY_FALSIFICATION_PATH,0,20,0,20,0.0512975934442466,FUTURE_AC_ONLY,ALL_OUTER_EDGES_SYMMETRIC_BOUNDARY_HEADROOM,26,False
2011-05-11 18:00:00,E0028,VMIN18,NONE,CONVEX-CONVEX,0.960605693143854,0.277914919174226,componentwise_positive,USE_ORIGINAL_INWARD_NORMAL_NO_COMPONENTWISE_PROJECTION,17,3225.92476795206,GEOMETRY_BOUND_ONLY_NOT_PRIMARY_FALSIFICATION_PATH,0,2,2,4,0.223610461386884,FUTURE_AC_ONLY,ALL_OUTER_EDGES_SYMMETRIC_BOUNDARY_HEADROOM,3,False
2011-05-11 18:00:00,E0029,VMIN18,NONE,CONVEX-CONVEX,0.958768602606138,0.284187907301972,componentwise_positive,USE_ORIGINAL_INWARD_NORMAL_NO_COMPONENTWISE_PROJECTION,17,3206.81125839771,GEOMETRY_BOUND_ONLY_NOT_PRIMARY_FALSIFICATION_PATH,0,17,0,17,0.0568387814108769,FUTURE_AC_ONLY,ALL_OUTER_EDGES_SYMMETRIC_BOUNDARY_HEADROOM,22,False
2011-05-11 18:00:00,E0030,VMIN18,NONE,CONVEX-CONVEX,0.956026386830321,0.293280663672466,componentwise_positive,USE_ORIGINAL_INWARD_NORMAL_NO_COMPONENTWISE_PROJECTION,17,3182.29442843274,GEOMETRY_BOUND_ONLY_NOT_PRIMARY_FALSIFICATION_PATH,0,19,0,19,0.051889490401155,FUTURE_AC_ONLY,ALL_OUTER_EDGES_SYMMETRIC_BOUNDARY_HEADROOM,21,False
2011-05-11 18:00:00,E0031,VMIN18,NONE,CONVEX-CONVEX,0.95319477041827,0.302356957332325,componentwise_positive,USE_ORIGINAL_INWARD_NORMAL_NO_COMPONENTWISE_PROJECTION,17,3161.55102685266,GEOMETRY_BOUND_ONLY_NOT_PRIMARY_FALSIFICATION_PATH,0,10,0,10,0.10266701713658,FUTURE_AC_ONLY,ALL_OUTER_EDGES_SYMMETRIC_BOUNDARY_HEADROOM,9,True
2011-05-11 18:00:00,E0032,CLASS_TRANSITION,NONE,CONVEX-CONVEX,0.885383899854504,0.464860570363233,componentwise_positive,USE_ORIGINAL_INWARD_NORMAL_NO_COMPONENTWISE_PROJECTION,17,2855.96700542307,GEOMETRY_BOUND_ONLY_NOT_PRIMARY_FALSIFICATION_PATH,0,10,0,10,0.101543615528662,FUTURE_AC_ONLY,ALL_OUTER_EDGES_SYMMETRIC_BOUNDARY_HEADROOM,10,False
2011-05-11 18:00:00,E0033,VMIN33,NONE,CONVEX-CONVEX,0.409685702956373,0.912226739792878,componentwise_positive,USE_ORIGINAL_INWARD_NORMAL_NO_COMPONENTWISE_PROJECTION,17,3624.34238608291,GEOMETRY_BOUND_ONLY_NOT_PRIMARY_FALSIFICATION_PATH,0,21,0,21,0.0529474700669353,FUTURE_AC_ONLY,ALL_OUTER_EDGES_SYMMETRIC_BOUNDARY_HEADROOM,16,True
2011-05-11 18:00:00,E0034,VMIN33,NONE,CONVEX-CONVEX,0.396400303007036,0.918077774361154,componentwise_positive,USE_ORIGINAL_INWARD_NORMAL_NO_COMPONENTWISE_PROJECTION,17,3672.59744674976,GEOMETRY_BOUND_ONLY_NOT_PRIMARY_FALSIFICATION_PATH,0,15,0,15,0.0648657180971625,FUTURE_AC_ONLY,ALL_OUTER_EDGES_SYMMETRIC_BOUNDARY_HEADROOM,13,False
2011-05-11 18:00:00,E0035,VMIN33,NONE,CONVEX-CONVEX,0.389128753356181,0.921183376593099,componentwise_positive,USE_ORIGINAL_INWARD_NORMAL_NO_COMPONENTWISE_PROJECTION,17,3700.56552698082,GEOMETRY_BOUND_ONLY_NOT_PRIMARY_FALSIFICATION_PATH,0,5,0,5,0.237980431334569,FUTURE_AC_ONLY,ALL_OUTER_EDGES_SYMMETRIC_BOUNDARY_HEADROOM,3,True
2011-05-11 18:00:00,E0036,VMIN33,NONE,CONVEX-CONVEX,0.382640948765761,0.923897128649959,componentwise_positive,USE_ORIGINAL_INWARD_NORMAL_NO_COMPONENTWISE_PROJECTION,17,3725.71153596254,GEOMETRY_BOUND_ONLY_NOT_PRIMARY_FALSIFICATION_PATH,0,19,0,19,0.050369161088476,FUTURE_AC_ONLY,ALL_OUTER_EDGES_SYMMETRIC_BOUNDARY_HEADROOM,14,False
2011-05-11 18:00:00,E0037,VMIN33,NONE,CONVEX-CONVEX,0.370188996511095,0.928956461230616,componentwise_positive,USE_ORIGINAL_INWARD_NORMAL_NO_COMPONENTWISE_PROJECTION,17,3777.45790392883,GEOMETRY_BOUND_ONLY_NOT_PRIMARY_FALSIFICATION_PATH,0,20,0,20,0.051781383431201,FUTURE_AC_ONLY,ALL_OUTER_EDGES_SYMMETRIC_BOUNDARY_HEADROOM,14,False
2011-05-11 18:00:00,E0038,VMIN33,NONE,CONVEX-CONVEX,0.35804034596429,0.933706115788995,componentwise_positive,USE_ORIGINAL_INWARD_NORMAL_NO_COMPONENTWISE_PROJECTION,17,3831.23427721093,GEOMETRY_BOUND_ONLY_NOT_PRIMARY_FALSIFICATION_PATH,0,19,0,19,0.053328148429195,FUTURE_AC_ONLY,ALL_OUTER_EDGES_SYMMETRIC_BOUNDARY_HEADROOM,14,False
2011-05-11 18:00:00,E0039,VMIN33,NONE,CONVEX-CONVEX,0.345097573194953,0.938566814337133,componentwise_positive,USE_ORIGINAL_INWARD_NORMAL_NO_COMPONENTWISE_PROJECTION,17,3892.40355479144,GEOMETRY_BOUND_ONLY_NOT_PRIMARY_FALSIFICATION_PATH,0,19,0,19,0.055121024525852,FUTURE_AC_ONLY,ALL_OUTER_EDGES_SYMMETRIC_BOUNDARY_HEADROOM,14,True
2011-05-11 18:00:00,E0040,VMIN33,NONE,CONVEX-CONVEX,0.334658737761914,0.942339391747794,componentwise_positive,USE_ORIGINAL_INWARD_NORMAL_NO_COMPONENTWISE_PROJECTION,17,3945.55078985333,GEOMETRY_BOUND_ONLY_NOT_PRIMARY_FALSIFICATION_PATH,0,11,0,11,0.10603178883451,FUTURE_AC_ONLY,ALL_OUTER_EDGES_SYMMETRIC_BOUNDARY_HEADROOM,8,False
2011-05-11 18:00:00,E0041,VMIN33,NONE,CONVEX-CONVEX,0.327288614398144,0.944924421784802,componentwise_positive,USE_ORIGINAL_INWARD_NORMAL_NO_COMPONENTWISE_PROJECTION,17,3984.54438895199,GEOMETRY_BOUND_ONLY_NOT_PRIMARY_FALSIFICATION_PATH,0,9,0,9,0.107147380697747,FUTURE_AC_ONLY,ALL_OUTER_EDGES_SYMMETRIC_BOUNDARY_HEADROOM,8,False
2011-05-11 18:00:00,E0042,VMIN33,NONE,CONVEX-CONVEX,0.318207639856774,0.948021042982054,componentwise_positive,USE_ORIGINAL_INWARD_NORMAL_NO_COMPONENTWISE_PROJECTION,17,4034.76413592973,GEOMETRY_BOUND_ONLY_NOT_PRIMARY_FALSIFICATION_PATH,0,10,0,10,0.108424734682858,FUTURE_AC_ONLY,ALL_OUTER_EDGES_SYMMETRIC_BOUNDARY_HEADROOM,8,False
2011-05-11 18:00:00,E0043,VMIN33,ADJACENT_TO_GUARD_LIMITED_EDGE,CONVEX-CONVEX,0.308346950958138,0.951273965708523,componentwise_positive,USE_ORIGINAL_INWARD_NORMAL_NO_COMPONENTWISE_PROJECTION,17,4092.05254350196,GEOMETRY_BOUND_ONLY_NOT_PRIMARY_FALSIFICATION_PATH,0,11,0,11,0.109937305516433,FUTURE_AC_ONLY,ALL_OUTER_EDGES_SYMMETRIC_BOUNDARY_HEADROOM,8,True
2011-05-11 18:00:00,E0044,CLASS_TRANSITION,CROSSES_GUARD_LIMITED_RAY,CONVEX-CONVEX,-0.716507690683046,0.697579192057825,mixed_sign,USE_ORIGINAL_INWARD_NORMAL_NO_COMPONENTWISE_PROJECTION,17,7088.2666725404,GEOMETRY_BOUND_ONLY_NOT_PRIMARY_FALSIFICATION_PATH,0,19,0,19,0.051634998323195,FUTURE_AC_ONLY,ALL_OUTER_EDGES_SYMMETRIC_BOUNDARY_HEADROOM,19,False
2011-05-11 18:00:00,E0045,VMAX13,ADJACENT_TO_GUARD_LIMITED_EDGE,CONVEX-REFLEX,-0.930211021343721,-0.367025143240448,componentwise_nonpositive,USE_ORIGINAL_INWARD_NORMAL_NO_COMPONENTWISE_PROJECTION,17,3019.08987054114,GEOMETRY_BOUND_ONLY_NOT_PRIMARY_FALSIFICATION_PATH,13,10,0,10,0.12040658527955,FUTURE_AC_ONLY,ALL_OUTER_EDGES_SYMMETRIC_BOUNDARY_HEADROOM,10,False
2011-05-11 18:00:00,E0046,VMAX13,NONE,REFLEX-REFLEX,-0.937916179614424,-0.346861989871307,componentwise_nonpositive,USE_ORIGINAL_INWARD_NORMAL_NO_COMPONENTWISE_PROJECTION,18,1179.92973994147,GEOMETRY_BOUND_ONLY_NOT_PRIMARY_FALSIFICATION_PATH,13,9,0,9,0.114939453618353,FUTURE_AC_ONLY,ALL_OUTER_EDGES_SYMMETRIC_BOUNDARY_HEADROOM,11,False
2011-05-11 18:00:00,E0047,VMAX13,NONE,REFLEX-REFLEX,-0.94260643310083,-0.333905843430346,componentwise_nonpositive,USE_ORIGINAL_INWARD_NORMAL_NO_COMPONENTWISE_PROJECTION,19,1208.03280767838,GEOMETRY_BOUND_ONLY_NOT_PRIMARY_FALSIFICATION_PATH,13,9,0,9,0.111702833576817,FUTURE_AC_ONLY,ALL_OUTER_EDGES_SYMMETRIC_BOUNDARY_HEADROOM,12,False
2011-05-11 18:00:00,E0048,VMAX13,NONE,REFLEX-REFLEX,-0.945311976031044,-0.326167545859919,componentwise_nonpositive,USE_ORIGINAL_INWARD_NORMAL_NO_COMPONENTWISE_PROJECTION,20,1221.32640887725,GEOMETRY_BOUND_ONLY_NOT_PRIMARY_FALSIFICATION_PATH,6,7,0,7,0.138054359637606,FUTURE_AC_ONLY,ALL_OUTER_EDGES_SYMMETRIC_BOUNDARY_HEADROOM,10,False
2011-05-11 18:00:00,E0049,VMAX13,NONE,REFLEX-REFLEX,-0.947592334074862,-0.319482031423609,componentwise_nonpositive,USE_ORIGINAL_INWARD_NORMAL_NO_COMPONENTWISE_PROJECTION,21,1230.92120668959,GEOMETRY_BOUND_ONLY_NOT_PRIMARY_FALSIFICATION_PATH,0,2,2,4,0.225075331473787,FUTURE_AC_ONLY,ALL_OUTER_EDGES_SYMMETRIC_BOUNDARY_HEADROOM,3,False
2011-05-11 18:00:00,E0050,VMAX13,NONE,REFLEX-REFLEX,-0.94804635485576,-0.318132219438249,componentwise_nonpositive,USE_ORIGINAL_INWARD_NORMAL_NO_COMPONENTWISE_PROJECTION,22,1232.75454364235,GEOMETRY_BOUND_ONLY_NOT_PRIMARY_FALSIFICATION_PATH,13,9,0,9,0.107756030171994,FUTURE_AC_ONLY,ALL_OUTER_EDGES_SYMMETRIC_BOUNDARY_HEADROOM,13,False
2011-05-11 18:00:00,E0051,VMAX13,NONE,REFLEX-REFLEX,-0.949954033232108,-0.312389716133632,componentwise_nonpositive,USE_ORIGINAL_INWARD_NORMAL_NO_COMPONENTWISE_PROJECTION,23,1238.91580505512,GEOMETRY_BOUND_ONLY_NOT_PRIMARY_FALSIFICATION_PATH,13,9,0,9,0.106374000759547,FUTURE_AC_ONLY,ALL_OUTER_EDGES_SYMMETRIC_BOUNDARY_HEADROOM,13,False
2011-05-11 18:00:00,E0052,VMAX13,NONE,REFLEX-REFLEX,-0.951997319968173,-0.306106358596839,componentwise_nonpositive,USE_ORIGINAL_INWARD_NORMAL_NO_COMPONENTWISE_PROJECTION,24,1244.09503507573,GEOMETRY_BOUND_ONLY_NOT_PRIMARY_FALSIFICATION_PATH,22,19,0,19,0.055234759158878,FUTURE_AC_ONLY,ALL_OUTER_EDGES_SYMMETRIC_BOUNDARY_HEADROOM,29,False
2011-05-16 07:30:00,E0000,VMAX13,NONE,REFLEX-REFLEX,-0.953236684748707,-0.302224788608237,componentwise_nonpositive,USE_ORIGINAL_INWARD_NORMAL_NO_COMPONENTWISE_PROJECTION,0,1390.95031311797,GEOMETRY_BOUND_ONLY_NOT_PRIMARY_FALSIFICATION_PATH,21,19,0,19,0.0532571777675358,FUTURE_AC_ONLY,ALL_OUTER_EDGES_SYMMETRIC_BOUNDARY_HEADROOM,28,False
2011-05-16 07:30:00,E0001,VMAX13,NONE,REFLEX-REFLEX,-0.955379761918321,-0.295380281191708,componentwise_nonpositive,USE_ORIGINAL_INWARD_NORMAL_NO_COMPONENTWISE_PROJECTION,1,1391.50221055928,GEOMETRY_BOUND_ONLY_NOT_PRIMARY_FALSIFICATION_PATH,18,19,0,19,0.0515496560969125,FUTURE_AC_ONLY,ALL_OUTER_EDGES_SYMMETRIC_BOUNDARY_HEADROOM,27,False
2011-05-16 07:30:00,E0002,VMAX13,NONE,REFLEX-REFLEX,-0.957382395631146,-0.288823386406932,componentwise_nonpositive,USE_ORIGINAL_INWARD_NORMAL_NO_COMPONENTWISE_PROJECTION,2,1389.71292411117,GEOMETRY_BOUND_ONLY_NOT_PRIMARY_FALSIFICATION_PATH,17,19,0,19,0.0504454968935349,FUTURE_AC_ONLY,ALL_OUTER_EDGES_SYMMETRIC_BOUNDARY_HEADROOM,24,False
2011-05-16 07:30:00,E0003,VMAX13,NONE,REFLEX-REFLEX,-0.959201255386418,-0.282724161799305,componentwise_nonpositive,USE_ORIGINAL_INWARD_NORMAL_NO_COMPONENTWISE_PROJECTION,3,1385.94914573671,GEOMETRY_BOUND_ONLY_NOT_PRIMARY_FALSIFICATION_PATH,18,19,0,19,0.052028474698302,FUTURE_AC_ONLY,ALL_OUTER_EDGES_SYMMETRIC_BOUNDARY_HEADROOM,22,False
2011-05-16 07:30:00,E0004,VMAX13,NONE,REFLEX-CONVEX,-0.9610815977339,-0.276264660239515,componentwise_nonpositive,USE_ORIGINAL_INWARD_NORMAL_NO_COMPONENTWISE_PROJECTION,4,1379.649851641,GEOMETRY_BOUND_ONLY_NOT_PRIMARY_FALSIFICATION_PATH,20,20,0,20,0.053800890716511,FUTURE_AC_ONLY,ALL_OUTER_EDGES_SYMMETRIC_BOUNDARY_HEADROOM,18,True
2011-05-16 07:30:00,E0005,CLASS_TRANSITION,NONE,CONVEX-CONVEX,-0.786056730911008,-0.618154362428592,componentwise_nonpositive,USE_ORIGINAL_INWARD_NORMAL_NO_COMPONENTWISE_PROJECTION,4,1774.56397100959,GEOMETRY_BOUND_ONLY_NOT_PRIMARY_FALSIFICATION_PATH,0,9,0,9,0.10064318221465,FUTURE_AC_ONLY,ALL_OUTER_EDGES_SYMMETRIC_BOUNDARY_HEADROOM,9,False
2011-05-16 07:30:00,E0006,VMAX30,NONE,CONVEX-REFLEX,-0.385551327122151,-0.922686389925823,componentwise_nonpositive,USE_ORIGINAL_INWARD_NORMAL_NO_COMPONENTWISE_PROJECTION,4,1968.48007419255,GEOMETRY_BOUND_ONLY_NOT_PRIMARY_FALSIFICATION_PATH,0,10,0,10,0.102413350189551,FUTURE_AC_ONLY,ALL_OUTER_EDGES_SYMMETRIC_BOUNDARY_HEADROOM,8,False
2011-05-16 07:30:00,E0007,VMAX30,NONE,REFLEX-REFLEX,-0.392209263634807,-0.919876020732708,componentwise_nonpositive,USE_ORIGINAL_INWARD_NORMAL_NO_COMPONENTWISE_PROJECTION,5,1968.23222606365,GEOMETRY_BOUND_ONLY_NOT_PRIMARY_FALSIFICATION_PATH,20,19,0,19,0.051476084885319,FUTURE_AC_ONLY,ALL_OUTER_EDGES_SYMMETRIC_BOUNDARY_HEADROOM,16,False
2011-05-16 07:30:00,E0008,VMAX30,NONE,REFLEX-REFLEX,-0.400497463716507,-0.916297867266232,componentwise_nonpositive,USE_ORIGINAL_INWARD_NORMAL_NO_COMPONENTWISE_PROJECTION,6,1965.37584956514,GEOMETRY_BOUND_ONLY_NOT_PRIMARY_FALSIFICATION_PATH,21,19,0,19,0.05049761970638,FUTURE_AC_ONLY,ALL_OUTER_EDGES_SYMMETRIC_BOUNDARY_HEADROOM,14,False
2011-05-16 07:30:00,E0009,VMAX30,NONE,REFLEX-REFLEX,-0.409350478194484,-0.912377216945901,componentwise_nonpositive,USE_ORIGINAL_INWARD_NORMAL_NO_COMPONENTWISE_PROJECTION,7,1959.60562005141,GEOMETRY_BOUND_ONLY_NOT_PRIMARY_FALSIFICATION_PATH,20,19,0,19,0.052075073603962,FUTURE_AC_ONLY,ALL_OUTER_EDGES_SYMMETRIC_BOUNDARY_HEADROOM,14,False
2011-05-16 07:30:00,E0010,VMAX30,NONE,REFLEX-REFLEX,-0.420044075425689,-0.907503705061185,componentwise_nonpositive,USE_ORIGINAL_INWARD_NORMAL_NO_COMPONENTWISE_PROJECTION,8,1949.13828143171,GEOMETRY_BOUND_ONLY_NOT_PRIMARY_FALSIFICATION_PATH,20,19,0,19,0.053855439248548,FUTURE_AC_ONLY,ALL_OUTER_EDGES_SYMMETRIC_BOUNDARY_HEADROOM,14,False
2011-05-16 07:30:00,E0011,VMAX30,NONE,REFLEX-REFLEX,-0.428385683102774,-0.903595986330489,componentwise_nonpositive,USE_ORIGINAL_INWARD_NORMAL_NO_COMPONENTWISE_PROJECTION,9,1937.90945493203,GEOMETRY_BOUND_ONLY_NOT_PRIMARY_FALSIFICATION_PATH,0,1,4,5,0.167301745703916,FUTURE_AC_ONLY,ALL_OUTER_EDGES_SYMMETRIC_BOUNDARY_HEADROOM,1,False
2011-05-16 07:30:00,E0012,VMAX30,NONE,REFLEX-REFLEX,-0.429309945062353,-0.903157223893249,componentwise_nonpositive,USE_ORIGINAL_INWARD_NORMAL_NO_COMPONENTWISE_PROJECTION,10,1936.62638626232,GEOMETRY_BOUND_ONLY_NOT_PRIMARY_FALSIFICATION_PATH,5,8,0,8,0.122338310868084,FUTURE_AC_ONLY,ALL_OUTER_EDGES_SYMMETRIC_BOUNDARY_HEADROOM,6,False
2011-05-16 07:30:00,E0013,VMAX30,NONE,REFLEX-REFLEX,-0.436134816802091,-0.899881337495676,componentwise_nonpositive,USE_ORIGINAL_INWARD_NORMAL_NO_COMPONENTWISE_PROJECTION,11,1925.92504578416,GEOMETRY_BOUND_ONLY_NOT_PRIMARY_FALSIFICATION_PATH,11,9,0,9,0.105984762849524,FUTURE_AC_ONLY,ALL_OUTER_EDGES_SYMMETRIC_BOUNDARY_HEADROOM,7,True
2011-05-16 07:30:00,E0014,VMAX30,NONE,REFLEX-REFLEX,-0.444828249455259,-0.89561589338654,componentwise_nonpositive,USE_ORIGINAL_INWARD_NORMAL_NO_COMPONENTWISE_PROJECTION,12,1910.14756154367,GEOMETRY_BOUND_ONLY_NOT_PRIMARY_FALSIFICATION_PATH,12,9,0,9,0.107288874081025,FUTURE_AC_ONLY,ALL_OUTER_EDGES_SYMMETRIC_BOUNDARY_HEADROOM,8,False
2011-05-16 07:30:00,E0015,VMAX30,NONE,REFLEX-REFLEX,-0.454660871984517,-0.890664634689331,componentwise_nonpositive,USE_ORIGINAL_INWARD_NORMAL_NO_COMPONENTWISE_PROJECTION,13,1889.44748277145,GEOMETRY_BOUND_ONLY_NOT_PRIMARY_FALSIFICATION_PATH,13,9,0,9,0.108871640663327,FUTURE_AC_ONLY,ALL_OUTER_EDGES_SYMMETRIC_BOUNDARY_HEADROOM,8,False
2011-05-16 07:30:00,E0016,VMAX30,NONE,REFLEX-REFLEX,-0.468347323170216,-0.883544444201475,componentwise_nonpositive,USE_ORIGINAL_INWARD_NORMAL_NO_COMPONENTWISE_PROJECTION,14,1855.77313466735,GEOMETRY_BOUND_ONLY_NOT_PRIMARY_FALSIFICATION_PATH,13,9,0,9,0.110931070193129,FUTURE_AC_ONLY,ALL_OUTER_EDGES_SYMMETRIC_BOUNDARY_HEADROOM,8,False
2011-05-16 07:30:00,E0017,VMAX30,ADJACENT_TO_GUARD_LIMITED_EDGE,REFLEX-CONVEX,-0.486900624809335,-0.8734573724918,componentwise_nonpositive,USE_ORIGINAL_INWARD_NORMAL_NO_COMPONENTWISE_PROJECTION,15,2929.54016394942,GEOMETRY_BOUND_ONLY_NOT_PRIMARY_FALSIFICATION_PATH,13,9,0,9,0.113816004702879,FUTURE_AC_ONLY,ALL_OUTER_EDGES_SYMMETRIC_BOUNDARY_HEADROOM,9,False
2011-05-16 07:30:00,E0018,CLASS_TRANSITION,CROSSES_GUARD_LIMITED_RAY,CONVEX-CONVEX,0.218303411624021,-0.975880945850114,mixed_sign,USE_ORIGINAL_INWARD_NORMAL_NO_COMPONENTWISE_PROJECTION,15,3420.02594291139,GEOMETRY_BOUND_ONLY_NOT_PRIMARY_FALSIFICATION_PATH,0,20,0,20,0.056687249788815,FUTURE_AC_ONLY,ALL_OUTER_EDGES_SYMMETRIC_BOUNDARY_HEADROOM,18,False
2011-05-16 07:30:00,E0019,VMIN18,ADJACENT_TO_GUARD_LIMITED_EDGE,CONVEX-CONVEX,0.975740788406241,0.218929015528704,componentwise_positive,USE_ORIGINAL_INWARD_NORMAL_NO_COMPONENTWISE_PROJECTION,15,1721.17044139115,GEOMETRY_BOUND_ONLY_NOT_PRIMARY_FALSIFICATION_PATH,0,10,0,10,0.112087801268504,FUTURE_AC_ONLY,ALL_OUTER_EDGES_SYMMETRIC_BOUNDARY_HEADROOM,11,False
2011-05-16 07:30:00,E0020,VMIN18,NONE,CONVEX-CONVEX,0.973837613887322,0.227245025860296,componentwise_positive,USE_ORIGINAL_INWARD_NORMAL_NO_COMPONENTWISE_PROJECTION,15,1697.76752273907,GEOMETRY_BOUND_ONLY_NOT_PRIMARY_FALSIFICATION_PATH,0,10,0,10,0.110257029769744,FUTURE_AC_ONLY,ALL_OUTER_EDGES_SYMMETRIC_BOUNDARY_HEADROOM,11,False
2011-05-16 07:30:00,E0021,VMIN18,NONE,CONVEX-CONVEX,0.972073470951328,0.234676728868964,componentwise_positive,USE_ORIGINAL_INWARD_NORMAL_NO_COMPONENTWISE_PROJECTION,15,1680.62178765666,GEOMETRY_BOUND_ONLY_NOT_PRIMARY_FALSIFICATION_PATH,0,10,0,10,0.108738592136041,FUTURE_AC_ONLY,ALL_OUTER_EDGES_SYMMETRIC_BOUNDARY_HEADROOM,11,False
2011-05-16 07:30:00,E0022,VMIN18,NONE,CONVEX-CONVEX,0.970500900976162,0.241097493152579,componentwise_positive,USE_ORIGINAL_INWARD_NORMAL_NO_COMPONENTWISE_PROJECTION,15,1668.50291413788,GEOMETRY_BOUND_ONLY_NOT_PRIMARY_FALSIFICATION_PATH,0,10,0,10,0.10744265182182,FUTURE_AC_ONLY,ALL_OUTER_EDGES_SYMMETRIC_BOUNDARY_HEADROOM,13,False
2011-05-16 07:30:00,E0023,VMIN18,NONE,CONVEX-CONVEX,0.969179982859152,0.246353731096434,componentwise_positive,USE_ORIGINAL_INWARD_NORMAL_NO_COMPONENTWISE_PROJECTION,15,1660.45989254165,GEOMETRY_BOUND_ONLY_NOT_PRIMARY_FALSIFICATION_PATH,0,11,0,11,0.106308513730739,FUTURE_AC_ONLY,ALL_OUTER_EDGES_SYMMETRIC_BOUNDARY_HEADROOM,13,False
2011-05-16 07:30:00,E0024,VMIN18,NONE,CONVEX-CONVEX,0.967710993042442,0.252062361222001,componentwise_positive,USE_ORIGINAL_INWARD_NORMAL_NO_COMPONENTWISE_PROJECTION,15,1653.49509854756,GEOMETRY_BOUND_ONLY_NOT_PRIMARY_FALSIFICATION_PATH,0,9,0,9,0.105322472862234,FUTURE_AC_ONLY,ALL_OUTER_EDGES_SYMMETRIC_BOUNDARY_HEADROOM,14,False
2011-05-16 07:30:00,E0025,VMIN18,NONE,CONVEX-CONVEX,0.965808730711717,0.259255656989433,componentwise_positive,USE_ORIGINAL_INWARD_NORMAL_NO_COMPONENTWISE_PROJECTION,15,1646.68029918206,GEOMETRY_BOUND_ONLY_NOT_PRIMARY_FALSIFICATION_PATH,0,20,0,20,0.0544693223700585,FUTURE_AC_ONLY,ALL_OUTER_EDGES_SYMMETRIC_BOUNDARY_HEADROOM,28,False
2011-05-16 07:30:00,E0026,VMIN18,NONE,CONVEX-REFLEX,0.963332062302783,0.268312015644972,componentwise_positive,USE_ORIGINAL_INWARD_NORMAL_NO_COMPONENTWISE_PROJECTION,15,1642.45764002925,GEOMETRY_BOUND_ONLY_NOT_PRIMARY_FALSIFICATION_PATH,0,19,0,19,0.0528013118417591,FUTURE_AC_ONLY,ALL_OUTER_EDGES_SYMMETRIC_BOUNDARY_HEADROOM,28,False
2011-05-16 07:30:00,E0027,VMIN18,NONE,REFLEX-CONVEX,0.965431237411395,0.260657871222609,componentwise_positive,USE_ORIGINAL_INWARD_NORMAL_NO_COMPONENTWISE_PROJECTION,16,3242.3004257426,GEOMETRY_BOUND_ONLY_NOT_PRIMARY_FALSIFICATION_PATH,0,0,3,3,0.25,FUTURE_AC_ONLY,ALL_OUTER_EDGES_SYMMETRIC_BOUNDARY_HEADROOM,1,False
2011-05-16 07:30:00,E0028,VMIN18,NONE,CONVEX-CONVEX,0.960845168202897,0.27708584002281,componentwise_positive,USE_ORIGINAL_INWARD_NORMAL_NO_COMPONENTWISE_PROJECTION,16,3193.62517029573,GEOMETRY_BOUND_ONLY_NOT_PRIMARY_FALSIFICATION_PATH,0,20,0,20,0.0514531961039993,FUTURE_AC_ONLY,ALL_OUTER_EDGES_SYMMETRIC_BOUNDARY_HEADROOM,26,False
2011-05-16 07:30:00,E0029,VMIN18,NONE,CONVEX-CONVEX,0.958286436448117,0.285809561980646,componentwise_positive,USE_ORIGINAL_INWARD_NORMAL_NO_COMPONENTWISE_PROJECTION,16,3170.80948889522,GEOMETRY_BOUND_ONLY_NOT_PRIMARY_FALSIFICATION_PATH,0,20,0,20,0.050480375981944,FUTURE_AC_ONLY,ALL_OUTER_EDGES_SYMMETRIC_BOUNDARY_HEADROOM,24,False
2011-05-16 07:30:00,E0030,VMIN18,NONE,CONVEX-CONVEX,0.9553697189017,0.295412762428584,componentwise_positive,USE_ORIGINAL_INWARD_NORMAL_NO_COMPONENTWISE_PROJECTION,16,3149.14075543827,GEOMETRY_BOUND_ONLY_NOT_PRIMARY_FALSIFICATION_PATH,0,20,0,20,0.051871395700423,FUTURE_AC_ONLY,ALL_OUTER_EDGES_SYMMETRIC_BOUNDARY_HEADROOM,22,False
2011-05-16 07:30:00,E0031,VMIN18,NONE,CONVEX-CONVEX,0.952917342167767,0.303230174942929,componentwise_positive,USE_ORIGINAL_INWARD_NORMAL_NO_COMPONENTWISE_PROJECTION,16,3134.45009995609,GEOMETRY_BOUND_ONLY_NOT_PRIMARY_FALSIFICATION_PATH,0,9,0,9,0.102664637652969,FUTURE_AC_ONLY,ALL_OUTER_EDGES_SYMMETRIC_BOUNDARY_HEADROOM,9,False
2011-05-16 07:30:00,E0032,CLASS_TRANSITION,NONE,CONVEX-CONVEX,0.947442743799306,0.319925377583652,componentwise_positive,USE_ORIGINAL_INWARD_NORMAL_NO_COMPONENTWISE_PROJECTION,16,3105.92249569253,GEOMETRY_BOUND_ONLY_NOT_PRIMARY_FALSIFICATION_PATH,0,10,0,10,0.103251371384489,FUTURE_AC_ONLY,ALL_OUTER_EDGES_SYMMETRIC_BOUNDARY_HEADROOM,9,True
2011-05-16 07:30:00,E0033,VMIN33,NONE,CONVEX-CONVEX,0.413695805648141,0.910415169243755,componentwise_positive,USE_ORIGINAL_INWARD_NORMAL_NO_COMPONENTWISE_PROJECTION,16,2220.44743245988,GEOMETRY_BOUND_ONLY_NOT_PRIMARY_FALSIFICATION_PATH,0,20,0,20,0.0529082901614757,FUTURE_AC_ONLY,ALL_OUTER_EDGES_SYMMETRIC_BOUNDARY_HEADROOM,17,False
2011-05-16 07:30:00,E0034,VMIN33,NONE,CONVEX-CONVEX,0.398971390330513,0.916963374240071,componentwise_positive,USE_ORIGINAL_INWARD_NORMAL_NO_COMPONENTWISE_PROJECTION,16,2221.75288581012,GEOMETRY_BOUND_ONLY_NOT_PRIMARY_FALSIFICATION_PATH,0,21,0,21,0.0514274681340737,FUTURE_AC_ONLY,ALL_OUTER_EDGES_SYMMETRIC_BOUNDARY_HEADROOM,16,False
2011-05-16 07:30:00,E0035,VMIN33,NONE,CONVEX-CONVEX,0.387785420171451,0.921749677462624,componentwise_positive,USE_ORIGINAL_INWARD_NORMAL_NO_COMPONENTWISE_PROJECTION,16,2226.01605658562,GEOMETRY_BOUND_ONLY_NOT_PRIMARY_FALSIFICATION_PATH,0,18,0,18,0.054318950622578,FUTURE_AC_ONLY,ALL_OUTER_EDGES_SYMMETRIC_BOUNDARY_HEADROOM,13,False
2011-05-16 07:30:00,E0036,VMIN33,NONE,CONVEX-CONVEX,0.379859389695712,0.925044238974548,componentwise_positive,USE_ORIGINAL_INWARD_NORMAL_NO_COMPONENTWISE_PROJECTION,16,2231.15912486898,GEOMETRY_BOUND_ONLY_NOT_PRIMARY_FALSIFICATION_PATH,0,2,4,6,0.167764383677858,FUTURE_AC_ONLY,ALL_OUTER_EDGES_SYMMETRIC_BOUNDARY_HEADROOM,1,False
2011-05-16 07:30:00,E0037,VMIN33,NONE,CONVEX-CONVEX,0.37529385022098,0.926905888419268,componentwise_positive,USE_ORIGINAL_INWARD_NORMAL_NO_COMPONENTWISE_PROJECTION,16,2234.14769981645,GEOMETRY_BOUND_ONLY_NOT_PRIMARY_FALSIFICATION_PATH,0,19,0,19,0.051823720055501,FUTURE_AC_ONLY,ALL_OUTER_EDGES_SYMMETRIC_BOUNDARY_HEADROOM,14,False
2011-05-16 07:30:00,E0038,VMIN33,NONE,CONVEX-CONVEX,0.363929411316423,0.931426531498261,componentwise_positive,USE_ORIGINAL_INWARD_NORMAL_NO_COMPONENTWISE_PROJECTION,16,2245.04393476631,GEOMETRY_BOUND_ONLY_NOT_PRIMARY_FALSIFICATION_PATH,0,19,0,19,0.053381532257574,FUTURE_AC_ONLY,ALL_OUTER_EDGES_SYMMETRIC_BOUNDARY_HEADROOM,14,False
2011-05-16 07:30:00,E0039,VMIN33,NONE,CONVEX-CONVEX,0.351222348609218,0.936292081477476,componentwise_positive,USE_ORIGINAL_INWARD_NORMAL_NO_COMPONENTWISE_PROJECTION,16,2261.30904309267,GEOMETRY_BOUND_ONLY_NOT_PRIMARY_FALSIFICATION_PATH,0,21,0,21,0.055186646283213,FUTURE_AC_ONLY,ALL_OUTER_EDGES_SYMMETRIC_BOUNDARY_HEADROOM,14,True
2011-05-16 07:30:00,E0040,VMIN33,NONE,CONVEX-CONVEX,0.340961414404809,0.940077291443141,componentwise_positive,USE_ORIGINAL_INWARD_NORMAL_NO_COMPONENTWISE_PROJECTION,16,2278.34569257703,GEOMETRY_BOUND_ONLY_NOT_PRIMARY_FALSIFICATION_PATH,0,9,0,9,0.106102662981122,FUTURE_AC_ONLY,ALL_OUTER_EDGES_SYMMETRIC_BOUNDARY_HEADROOM,8,False
2011-05-16 07:30:00,E0041,VMIN33,NONE,CONVEX-CONVEX,0.333356383243721,0.942800891891106,componentwise_positive,USE_ORIGINAL_INWARD_NORMAL_NO_COMPONENTWISE_PROJECTION,16,2292.60490910233,GEOMETRY_BOUND_ONLY_NOT_PRIMARY_FALSIFICATION_PATH,0,10,0,10,0.107225674479577,FUTURE_AC_ONLY,ALL_OUTER_EDGES_SYMMETRIC_BOUNDARY_HEADROOM,8,False
2011-05-16 07:30:00,E0042,VMIN33,NONE,CONVEX-CONVEX,0.324721410606275,0.945809708923455,componentwise_positive,USE_ORIGINAL_INWARD_NORMAL_NO_COMPONENTWISE_PROJECTION,16,2310.96471782392,GEOMETRY_BOUND_ONLY_NOT_PRIMARY_FALSIFICATION_PATH,0,9,0,9,0.108522172700267,FUTURE_AC_ONLY,ALL_OUTER_EDGES_SYMMETRIC_BOUNDARY_HEADROOM,8,False
2011-05-16 07:30:00,E0043,VMIN33,NONE,CONVEX-CONVEX,0.315165192171718,0.949036828391482,componentwise_positive,USE_ORIGINAL_INWARD_NORMAL_NO_COMPONENTWISE_PROJECTION,16,2334.09508991571,GEOMETRY_BOUND_ONLY_NOT_PRIMARY_FALSIFICATION_PATH,0,10,0,10,0.110059092946554,FUTURE_AC_ONLY,ALL_OUTER_EDGES_SYMMETRIC_BOUNDARY_HEADROOM,9,False
2011-05-16 07:30:00,E0044,VMIN33,ADJACENT_TO_GUARD_LIMITED_EDGE,CONVEX-CONVEX,0.304327389540645,0.952567498907755,componentwise_positive,USE_ORIGINAL_INWARD_NORMAL_NO_COMPONENTWISE_PROJECTION,16,2364.17321862356,GEOMETRY_BOUND_ONLY_NOT_PRIMARY_FALSIFICATION_PATH,0,10,0,10,0.111929250210421,FUTURE_AC_ONLY,ALL_OUTER_EDGES_SYMMETRIC_BOUNDARY_HEADROOM,9,False
2011-05-16 07:30:00,E0045,CLASS_TRANSITION,CROSSES_GUARD_LIMITED_RAY,CONVEX-CONVEX,-0.998187832657605,0.0601751670900343,mixed_sign,USE_ORIGINAL_INWARD_NORMAL_NO_COMPONENTWISE_PROJECTION,16,3973.9953609469,GEOMETRY_BOUND_ONLY_NOT_PRIMARY_FALSIFICATION_PATH,0,21,0,21,0.0564139858478716,FUTURE_AC_ONLY,ALL_OUTER_EDGES_SYMMETRIC_BOUNDARY_HEADROOM,20,False
2011-05-16 07:30:00,E0046,VMAX13,ADJACENT_TO_GUARD_LIMITED_EDGE,CONVEX-REFLEX,-0.933161193929576,-0.359458184138195,componentwise_nonpositive,USE_ORIGINAL_INWARD_NORMAL_NO_COMPONENTWISE_PROJECTION,16,3043.05817637653,GEOMETRY_BOUND_ONLY_NOT_PRIMARY_FALSIFICATION_PATH,13,9,0,9,0.115552001159211,FUTURE_AC_ONLY,ALL_OUTER_EDGES_SYMMETRIC_BOUNDARY_HEADROOM,11,False
2011-05-16 07:30:00,E0047,VMAX13,NONE,REFLEX-REFLEX,-0.938973612895115,-0.34398917757205,componentwise_nonpositive,USE_ORIGINAL_INWARD_NORMAL_NO_COMPONENTWISE_PROJECTION,17,1338.17282916891,GEOMETRY_BOUND_ONLY_NOT_PRIMARY_FALSIFICATION_PATH,13,9,0,9,0.112038110702062,FUTURE_AC_ONLY,ALL_OUTER_EDGES_SYMMETRIC_BOUNDARY_HEADROOM,11,False
2011-05-16 07:30:00,E0048,VMAX13,NONE,REFLEX-REFLEX,-0.942722528432029,-0.333577928506553,componentwise_nonpositive,USE_ORIGINAL_INWARD_NORMAL_NO_COMPONENTWISE_PROJECTION,18,1358.43319078734,GEOMETRY_BOUND_ONLY_NOT_PRIMARY_FALSIFICATION_PATH,12,9,0,9,0.109677200434954,FUTURE_AC_ONLY,ALL_OUTER_EDGES_SYMMETRIC_BOUNDARY_HEADROOM,13,False
2011-05-16 07:30:00,E0049,VMAX13,NONE,REFLEX-REFLEX,-0.945757908314715,-0.324872250061737,componentwise_nonpositive,USE_ORIGINAL_INWARD_NORMAL_NO_COMPONENTWISE_PROJECTION,19,1371.85279198118,GEOMETRY_BOUND_ONLY_NOT_PRIMARY_FALSIFICATION_PATH,6,9,0,9,0.107888114677816,FUTURE_AC_ONLY,ALL_OUTER_EDGES_SYMMETRIC_BOUNDARY_HEADROOM,13,False
2011-05-16 07:30:00,E0050,VMAX13,NONE,REFLEX-CONVEX,-0.948187469851592,-0.317711381628729,componentwise_nonpositive,USE_ORIGINAL_INWARD_NORMAL_NO_COMPONENTWISE_PROJECTION,20,1380.52386293786,GEOMETRY_BOUND_ONLY_NOT_PRIMARY_FALSIFICATION_PATH,8,9,0,9,0.107653451355329,FUTURE_AC_ONLY,ALL_OUTER_EDGES_SYMMETRIC_BOUNDARY_HEADROOM,13,False
2011-05-16 07:30:00,E0051,VMAX13,NONE,CONVEX-REFLEX,-0.946275468944406,-0.323361619358335,componentwise_nonpositive,USE_ORIGINAL_INWARD_NORMAL_NO_COMPONENTWISE_PROJECTION,20,1375.18684516513,GEOMETRY_BOUND_ONLY_NOT_PRIMARY_FALSIFICATION_PATH,0,0,3,3,0.25,FUTURE_AC_ONLY,ALL_OUTER_EDGES_SYMMETRIC_BOUNDARY_HEADROOM,1,False
2011-05-16 07:30:00,E0052,VMAX13,NONE,REFLEX-REFLEX,-0.950466051073274,-0.310828386343937,componentwise_nonpositive,USE_ORIGINAL_INWARD_NORMAL_NO_COMPONENTWISE_PROJECTION,21,1386.9074412478,GEOMETRY_BOUND_ONLY_NOT_PRIMARY_FALSIFICATION_PATH,22,19,0,19,0.0553024062329047,FUTURE_AC_ONLY,ALL_OUTER_EDGES_SYMMETRIC_BOUNDARY_HEADROOM,28,False
2011-09-11 00:00:00,E0000,VMAX13,NONE,REFLEX-REFLEX,-0.950691276400459,-0.310138835001465,componentwise_nonpositive,USE_ORIGINAL_INWARD_NORMAL_NO_COMPONENTWISE_PROJECTION,0,1520.97786371125,GEOMETRY_BOUND_ONLY_NOT_PRIMARY_FALSIFICATION_PATH,0,2,2,4,0.223465246695616,FUTURE_AC_ONLY,ALL_OUTER_EDGES_SYMMETRIC_BOUNDARY_HEADROOM,3,False
2011-09-11 00:00:00,E0001,VMAX13,NONE,REFLEX-REFLEX,-0.952101433675913,-0.305782373580085,componentwise_nonpositive,USE_ORIGINAL_INWARD_NORMAL_NO_COMPONENTWISE_PROJECTION,1,1523.01906464577,GEOMETRY_BOUND_ONLY_NOT_PRIMARY_FALSIFICATION_PATH,17,17,0,17,0.0591371301815075,FUTURE_AC_ONLY,ALL_OUTER_EDGES_SYMMETRIC_BOUNDARY_HEADROOM,25,False
2011-09-11 00:00:00,E0002,VMAX13,NONE,REFLEX-REFLEX,-0.954649930584913,-0.297730599761296,componentwise_nonpositive,USE_ORIGINAL_INWARD_NORMAL_NO_COMPONENTWISE_PROJECTION,2,1523.77782039501,GEOMETRY_BOUND_ONLY_NOT_PRIMARY_FALSIFICATION_PATH,19,19,0,19,0.0515704096889485,FUTURE_AC_ONLY,ALL_OUTER_EDGES_SYMMETRIC_BOUNDARY_HEADROOM,27,False
2011-09-11 00:00:00,E0003,VMAX13,NONE,REFLEX-REFLEX,-0.956787203977986,-0.290789006504694,componentwise_nonpositive,USE_ORIGINAL_INWARD_NORMAL_NO_COMPONENTWISE_PROJECTION,3,1521.73887244654,GEOMETRY_BOUND_ONLY_NOT_PRIMARY_FALSIFICATION_PATH,22,19,0,19,0.050429936062482,FUTURE_AC_ONLY,ALL_OUTER_EDGES_SYMMETRIC_BOUNDARY_HEADROOM,24,False
2011-09-11 00:00:00,E0004,VMAX13,NONE,REFLEX-REFLEX,-0.958721276067477,-0.284347524722036,componentwise_nonpositive,USE_ORIGINAL_INWARD_NORMAL_NO_COMPONENTWISE_PROJECTION,4,1517.42048921454,GEOMETRY_BOUND_ONLY_NOT_PRIMARY_FALSIFICATION_PATH,22,19,0,19,0.052015829867291,FUTURE_AC_ONLY,ALL_OUTER_EDGES_SYMMETRIC_BOUNDARY_HEADROOM,22,False
2011-09-11 00:00:00,E0005,VMAX13,NONE,REFLEX-CONVEX,-0.960743164345014,-0.277439312579039,componentwise_nonpositive,USE_ORIGINAL_INWARD_NORMAL_NO_COMPONENTWISE_PROJECTION,5,1510.08376171274,GEOMETRY_BOUND_ONLY_NOT_PRIMARY_FALSIFICATION_PATH,20,19,0,19,0.0537925246431999,FUTURE_AC_ONLY,ALL_OUTER_EDGES_SYMMETRIC_BOUNDARY_HEADROOM,18,False
2011-09-11 00:00:00,E0006,CLASS_TRANSITION,NONE,CONVEX-CONVEX,-0.517894582669452,-0.855444446613358,componentwise_nonpositive,USE_ORIGINAL_INWARD_NORMAL_NO_COMPONENTWISE_PROJECTION,5,2083.48377204007,GEOMETRY_BOUND_ONLY_NOT_PRIMARY_FALSIFICATION_PATH,0,10,0,10,0.10216032550876,FUTURE_AC_ONLY,ALL_OUTER_EDGES_SYMMETRIC_BOUNDARY_HEADROOM,9,False
2011-09-11 00:00:00,E0007,VMAX30,NONE,CONVEX-REFLEX,-0.387922872701613,-0.921691838325005,componentwise_nonpositive,USE_ORIGINAL_INWARD_NORMAL_NO_COMPONENTWISE_PROJECTION,5,2088.70094836866,GEOMETRY_BOUND_ONLY_NOT_PRIMARY_FALSIFICATION_PATH,0,10,0,10,0.102390993837696,FUTURE_AC_ONLY,ALL_OUTER_EDGES_SYMMETRIC_BOUNDARY_HEADROOM,8,False
2011-09-11 00:00:00,E0008,VMAX30,NONE,REFLEX-REFLEX,-0.395200035728519,-0.918595085856754,componentwise_nonpositive,USE_ORIGINAL_INWARD_NORMAL_NO_COMPONENTWISE_PROJECTION,6,2088.378349907,GEOMETRY_BOUND_ONLY_NOT_PRIMARY_FALSIFICATION_PATH,18,19,0,19,0.051449017002533,FUTURE_AC_ONLY,ALL_OUTER_EDGES_SYMMETRIC_BOUNDARY_HEADROOM,16,False
2011-09-11 00:00:00,E0009,VMAX30,NONE,REFLEX-REFLEX,-0.40410296360997,-0.914713504219567,componentwise_nonpositive,USE_ORIGINAL_INWARD_NORMAL_NO_COMPONENTWISE_PROJECTION,7,2085.0547072692,GEOMETRY_BOUND_ONLY_NOT_PRIMARY_FALSIFICATION_PATH,19,19,0,19,0.050528244803363,FUTURE_AC_ONLY,ALL_OUTER_EDGES_SYMMETRIC_BOUNDARY_HEADROOM,14,False
2011-09-11 00:00:00,E0010,VMAX30,NONE,REFLEX-REFLEX,-0.413340538492951,-0.91057652025426,componentwise_nonpositive,USE_ORIGINAL_INWARD_NORMAL_NO_COMPONENTWISE_PROJECTION,8,2078.5666002553,GEOMETRY_BOUND_ONLY_NOT_PRIMARY_FALSIFICATION_PATH,15,18,0,18,0.056043701738115,FUTURE_AC_ONLY,ALL_OUTER_EDGES_SYMMETRIC_BOUNDARY_HEADROOM,13,False
2011-09-11 00:00:00,E0011,VMAX30,NONE,REFLEX-REFLEX,-0.417623199517138,-0.908620307513028,componentwise_nonpositive,USE_ORIGINAL_INWARD_NORMAL_NO_COMPONENTWISE_PROJECTION,9,2074.21104354377,GEOMETRY_BOUND_ONLY_NOT_PRIMARY_FALSIFICATION_PATH,0,1,4,5,0.173988268988032,FUTURE_AC_ONLY,ALL_OUTER_EDGES_SYMMETRIC_BOUNDARY_HEADROOM,1,False
2011-09-11 00:00:00,E0012,VMAX30,NONE,REFLEX-REFLEX,-0.425744139532431,-0.904843592922992,componentwise_nonpositive,USE_ORIGINAL_INWARD_NORMAL_NO_COMPONENTWISE_PROJECTION,10,2065.58950708218,GEOMETRY_BOUND_ONLY_NOT_PRIMARY_FALSIFICATION_PATH,20,19,0,19,0.053913546825161,FUTURE_AC_ONLY,ALL_OUTER_EDGES_SYMMETRIC_BOUNDARY_HEADROOM,14,False
2011-09-11 00:00:00,E0013,VMAX30,NONE,REFLEX-REFLEX,-0.434873836706809,-0.900491391490168,componentwise_nonpositive,USE_ORIGINAL_INWARD_NORMAL_NO_COMPONENTWISE_PROJECTION,11,2052.32361715452,GEOMETRY_BOUND_ONLY_NOT_PRIMARY_FALSIFICATION_PATH,6,9,0,9,0.104941012529495,FUTURE_AC_ONLY,ALL_OUTER_EDGES_SYMMETRIC_BOUNDARY_HEADROOM,7,False
2011-09-11 00:00:00,E0014,VMAX30,NONE,REFLEX-REFLEX,-0.442577742811004,-0.896730138652826,componentwise_nonpositive,USE_ORIGINAL_INWARD_NORMAL_NO_COMPONENTWISE_PROJECTION,12,2039.29416661283,GEOMETRY_BOUND_ONLY_NOT_PRIMARY_FALSIFICATION_PATH,4,9,0,9,0.106064628514472,FUTURE_AC_ONLY,ALL_OUTER_EDGES_SYMMETRIC_BOUNDARY_HEADROOM,7,True
2011-09-11 00:00:00,E0015,VMAX30,NONE,REFLEX-REFLEX,-0.452681981914115,-0.891672037943497,componentwise_nonpositive,USE_ORIGINAL_INWARD_NORMAL_NO_COMPONENTWISE_PROJECTION,13,2019.47526802687,GEOMETRY_BOUND_ONLY_NOT_PRIMARY_FALSIFICATION_PATH,8,9,0,9,0.107402751735478,FUTURE_AC_ONLY,ALL_OUTER_EDGES_SYMMETRIC_BOUNDARY_HEADROOM,8,False
2011-09-11 00:00:00,E0016,VMAX30,NONE,REFLEX-REFLEX,-0.463747579786234,-0.885967370867805,componentwise_nonpositive,USE_ORIGINAL_INWARD_NORMAL_NO_COMPONENTWISE_PROJECTION,14,1994.23777277102,GEOMETRY_BOUND_ONLY_NOT_PRIMARY_FALSIFICATION_PATH,11,9,0,9,0.109033066932949,FUTURE_AC_ONLY,ALL_OUTER_EDGES_SYMMETRIC_BOUNDARY_HEADROOM,8,False
2011-09-11 00:00:00,E0017,VMAX30,NONE,REFLEX-REFLEX,-0.479881686097803,-0.8773332134075,componentwise_nonpositive,USE_ORIGINAL_INWARD_NORMAL_NO_COMPONENTWISE_PROJECTION,15,1951.08402106381,GEOMETRY_BOUND_ONLY_NOT_PRIMARY_FALSIFICATION_PATH,13,9,0,9,0.111196651595609,FUTURE_AC_ONLY,ALL_OUTER_EDGES_SYMMETRIC_BOUNDARY_HEADROOM,8,False
2011-09-11 00:00:00,E0018,VMAX30,ADJACENT_TO_GUARD_LIMITED_EDGE,REFLEX-CONVEX,-0.500620008711811,-0.865667145545785,componentwise_nonpositive,USE_ORIGINAL_INWARD_NORMAL_NO_COMPONENTWISE_PROJECTION,16,1884.95261737269,GEOMETRY_BOUND_ONLY_NOT_PRIMARY_FALSIFICATION_PATH,13,9,0,9,0.11426510856872,FUTURE_AC_ONLY,ALL_OUTER_EDGES_SYMMETRIC_BOUNDARY_HEADROOM,9,False
2011-09-11 00:00:00,E0019,CLASS_TRANSITION,CROSSES_GUARD_LIMITED_RAY,CONVEX-CONVEX,0.876065509947944,-0.482192101013329,mixed_sign,USE_ORIGINAL_INWARD_NORMAL_NO_COMPONENTWISE_PROJECTION,16,3274.54180244411,GEOMETRY_BOUND_ONLY_NOT_PRIMARY_FALSIFICATION_PATH,0,20,0,20,0.0512102605400893,FUTURE_AC_ONLY,ALL_OUTER_EDGES_SYMMETRIC_BOUNDARY_HEADROOM,18,False
2011-09-11 00:00:00,E0020,VMIN18,ADJACENT_TO_GUARD_LIMITED_EDGE,CONVEX-CONVEX,0.974494978637715,0.224409305978786,componentwise_positive,USE_ORIGINAL_INWARD_NORMAL_NO_COMPONENTWISE_PROJECTION,16,1584.2149731106,GEOMETRY_BOUND_ONLY_NOT_PRIMARY_FALSIFICATION_PATH,0,10,0,10,0.112278531825007,FUTURE_AC_ONLY,ALL_OUTER_EDGES_SYMMETRIC_BOUNDARY_HEADROOM,11,False
2011-09-11 00:00:00,E0021,VMIN18,NONE,CONVEX-CONVEX,0.972620003580055,0.232401223395951,componentwise_positive,USE_ORIGINAL_INWARD_NORMAL_NO_COMPONENTWISE_PROJECTION,16,1563.28380085159,GEOMETRY_BOUND_ONLY_NOT_PRIMARY_FALSIFICATION_PATH,0,11,0,11,0.11039936689061,FUTURE_AC_ONLY,ALL_OUTER_EDGES_SYMMETRIC_BOUNDARY_HEADROOM,11,False
2011-09-11 00:00:00,E0022,VMIN18,NONE,CONVEX-CONVEX,0.97088371243032,0.23955128247939,componentwise_positive,USE_ORIGINAL_INWARD_NORMAL_NO_COMPONENTWISE_PROJECTION,17,3397.85688776444,GEOMETRY_BOUND_ONLY_NOT_PRIMARY_FALSIFICATION_PATH,0,9,0,9,0.108848547657792,FUTURE_AC_ONLY,ALL_OUTER_EDGES_SYMMETRIC_BOUNDARY_HEADROOM,11,False
2011-09-11 00:00:00,E0023,VMIN18,NONE,CONVEX-CONVEX,0.969346129766947,0.245699167084144,componentwise_positive,USE_ORIGINAL_INWARD_NORMAL_NO_COMPONENTWISE_PROJECTION,17,3367.54522984935,GEOMETRY_BOUND_ONLY_NOT_PRIMARY_FALSIFICATION_PATH,0,11,0,11,0.107529569855423,FUTURE_AC_ONLY,ALL_OUTER_EDGES_SYMMETRIC_BOUNDARY_HEADROOM,13,False
2011-09-11 00:00:00,E0024,VMIN18,NONE,CONVEX-CONVEX,0.967955064534066,0.251123461753085,componentwise_positive,USE_ORIGINAL_INWARD_NORMAL_NO_COMPONENTWISE_PROJECTION,17,3342.51333474956,GEOMETRY_BOUND_ONLY_NOT_PRIMARY_FALSIFICATION_PATH,0,10,0,10,0.106386598354763,FUTURE_AC_ONLY,ALL_OUTER_EDGES_SYMMETRIC_BOUNDARY_HEADROOM,13,False
2011-09-11 00:00:00,E0025,VMIN18,NONE,CONVEX-CONVEX,0.966569158600078,0.256406048374715,componentwise_positive,USE_ORIGINAL_INWARD_NORMAL_NO_COMPONENTWISE_PROJECTION,17,3319.57617924259,GEOMETRY_BOUND_ONLY_NOT_PRIMARY_FALSIFICATION_PATH,0,10,0,10,0.10538436677469,FUTURE_AC_ONLY,ALL_OUTER_EDGES_SYMMETRIC_BOUNDARY_HEADROOM,14,False
2011-09-11 00:00:00,E0026,VMIN18,NONE,CONVEX-CONVEX,0.964882600767985,0.262681492943848,componentwise_positive,USE_ORIGINAL_INWARD_NORMAL_NO_COMPONENTWISE_PROJECTION,17,3293.81715942582,GEOMETRY_BOUND_ONLY_NOT_PRIMARY_FALSIFICATION_PATH,0,17,0,17,0.0608712348260791,FUTURE_AC_ONLY,ALL_OUTER_EDGES_SYMMETRIC_BOUNDARY_HEADROOM,25,False
2011-09-11 00:00:00,E0027,VMIN18,NONE,CONVEX-CONVEX,0.963552654444325,0.267518750956442,componentwise_positive,USE_ORIGINAL_INWARD_NORMAL_NO_COMPONENTWISE_PROJECTION,17,3275.82406580163,GEOMETRY_BOUND_ONLY_NOT_PRIMARY_FALSIFICATION_PATH,0,2,2,4,0.222951383473932,FUTURE_AC_ONLY,ALL_OUTER_EDGES_SYMMETRIC_BOUNDARY_HEADROOM,3,False
2011-09-11 00:00:00,E0028,VMIN18,NONE,CONVEX-CONVEX,0.962446059574741,0.271472986518095,componentwise_positive,USE_ORIGINAL_INWARD_NORMAL_NO_COMPONENTWISE_PROJECTION,17,3261.2256477377,GEOMETRY_BOUND_ONLY_NOT_PRIMARY_FALSIFICATION_PATH,0,20,0,20,0.0528354587593432,FUTURE_AC_ONLY,ALL_OUTER_EDGES_SYMMETRIC_BOUNDARY_HEADROOM,28,False
2011-09-11 00:00:00,E0029,VMIN18,NONE,CONVEX-CONVEX,0.96000014081203,0.279999517215446,componentwise_positive,USE_ORIGINAL_INWARD_NORMAL_NO_COMPONENTWISE_PROJECTION,17,3232.92277371145,GEOMETRY_BOUND_ONLY_NOT_PRIMARY_FALSIFICATION_PATH,0,19,0,19,0.0513573676976287,FUTURE_AC_ONLY,ALL_OUTER_EDGES_SYMMETRIC_BOUNDARY_HEADROOM,27,False
2011-09-11 00:00:00,E0030,VMIN18,NONE,CONVEX-CONVEX,0.957470088648714,0.288532544686077,componentwise_positive,USE_ORIGINAL_INWARD_NORMAL_NO_COMPONENTWISE_PROJECTION,17,3207.44759494268,GEOMETRY_BOUND_ONLY_NOT_PRIMARY_FALSIFICATION_PATH,0,21,0,21,0.050455980110252,FUTURE_AC_ONLY,ALL_OUTER_EDGES_SYMMETRIC_BOUNDARY_HEADROOM,24,False
2011-09-11 00:00:00,E0031,VMIN18,NONE,CONVEX-CONVEX,0.954883702720856,0.296979989693089,componentwise_positive,USE_ORIGINAL_INWARD_NORMAL_NO_COMPONENTWISE_PROJECTION,17,3185.00044594076,GEOMETRY_BOUND_ONLY_NOT_PRIMARY_FALSIFICATION_PATH,0,20,0,20,0.051859876272526,FUTURE_AC_ONLY,ALL_OUTER_EDGES_SYMMETRIC_BOUNDARY_HEADROOM,22,False
2011-09-11 00:00:00,E0032,VMIN18,NONE,CONVEX-CONVEX,0.951520241515963,0.307586134254136,componentwise_positive,USE_ORIGINAL_INWARD_NORMAL_NO_COMPONENTWISE_PROJECTION,17,3160.40856950675,GEOMETRY_BOUND_ONLY_NOT_PRIMARY_FALSIFICATION_PATH,0,20,0,20,0.053368066544078,FUTURE_AC_ONLY,ALL_OUTER_EDGES_SYMMETRIC_BOUNDARY_HEADROOM,18,False
2011-09-11 00:00:00,E0033,CLASS_TRANSITION,NONE,CONVEX-CONVEX,0.623353596455822,0.781940083245252,componentwise_positive,USE_ORIGINAL_INWARD_NORMAL_NO_COMPONENTWISE_PROJECTION,17,2081.01712183654,GEOMETRY_BOUND_ONLY_NOT_PRIMARY_FALSIFICATION_PATH,0,10,0,10,0.101262651339091,FUTURE_AC_ONLY,ALL_OUTER_EDGES_SYMMETRIC_BOUNDARY_HEADROOM,9,False
2011-09-11 00:00:00,E0034,VMIN33,NONE,CONVEX-CONVEX,0.41324012698263,0.910622093654321,componentwise_positive,USE_ORIGINAL_INWARD_NORMAL_NO_COMPONENTWISE_PROJECTION,17,2764.22855191476,GEOMETRY_BOUND_ONLY_NOT_PRIMARY_FALSIFICATION_PATH,0,10,0,10,0.102209501195669,FUTURE_AC_ONLY,ALL_OUTER_EDGES_SYMMETRIC_BOUNDARY_HEADROOM,8,False
2011-09-11 00:00:00,E0035,VMIN33,NONE,CONVEX-CONVEX,0.403724232463733,0.914880726718827,componentwise_positive,USE_ORIGINAL_INWARD_NORMAL_NO_COMPONENTWISE_PROJECTION,17,2791.18326066708,GEOMETRY_BOUND_ONLY_NOT_PRIMARY_FALSIFICATION_PATH,0,20,0,20,0.0513875005943631,FUTURE_AC_ONLY,ALL_OUTER_EDGES_SYMMETRIC_BOUNDARY_HEADROOM,16,False
2011-09-11 00:00:00,E0036,VMIN33,NONE,CONVEX-CONVEX,0.391573633363466,0.920146776147444,componentwise_positive,USE_ORIGINAL_INWARD_NORMAL_NO_COMPONENTWISE_PROJECTION,17,2828.72869866158,GEOMETRY_BOUND_ONLY_NOT_PRIMARY_FALSIFICATION_PATH,0,20,0,20,0.050441193938945,FUTURE_AC_ONLY,ALL_OUTER_EDGES_SYMMETRIC_BOUNDARY_HEADROOM,14,False
2011-09-11 00:00:00,E0037,VMIN33,NONE,CONVEX-CONVEX,0.380148829439449,0.92492533075693,componentwise_positive,USE_ORIGINAL_INWARD_NORMAL_NO_COMPONENTWISE_PROJECTION,17,2866.8168115945,GEOMETRY_BOUND_ONLY_NOT_PRIMARY_FALSIFICATION_PATH,0,19,0,19,0.051864350042181,FUTURE_AC_ONLY,ALL_OUTER_EDGES_SYMMETRIC_BOUNDARY_HEADROOM,14,False
2011-09-11 00:00:00,E0038,VMIN33,NONE,CONVEX-CONVEX,0.377285850287679,0.926096856258946,componentwise_positive,USE_ORIGINAL_INWARD_NORMAL_NO_COMPONENTWISE_PROJECTION,17,2877.14899387321,GEOMETRY_BOUND_ONLY_NOT_PRIMARY_FALSIFICATION_PATH,0,1,4,5,0.174908698757454,FUTURE_AC_ONLY,ALL_OUTER_EDGES_SYMMETRIC_BOUNDARY_HEADROOM,1,False
2011-09-11 00:00:00,E0039,VMIN33,NONE,CONVEX-CONVEX,0.368307293154456,0.92970411304309,componentwise_positive,USE_ORIGINAL_INWARD_NORMAL_NO_COMPONENTWISE_PROJECTION,17,2909.51179303856,GEOMETRY_BOUND_ONLY_NOT_PRIMARY_FALSIFICATION_PATH,0,18,0,18,0.0576041453220441,FUTURE_AC_ONLY,ALL_OUTER_EDGES_SYMMETRIC_BOUNDARY_HEADROOM,13,False
2011-09-11 00:00:00,E0040,VMIN33,NONE,CONVEX-CONVEX,0.357003126671723,0.934103188917913,componentwise_positive,USE_ORIGINAL_INWARD_NORMAL_NO_COMPONENTWISE_PROJECTION,17,2953.23915223556,GEOMETRY_BOUND_ONLY_NOT_PRIMARY_FALSIFICATION_PATH,0,19,0,19,0.055249540103718,FUTURE_AC_ONLY,ALL_OUTER_EDGES_SYMMETRIC_BOUNDARY_HEADROOM,14,True
2011-09-11 00:00:00,E0041,VMIN33,NONE,CONVEX-CONVEX,0.347286274013854,0.937759160915837,componentwise_positive,USE_ORIGINAL_INWARD_NORMAL_NO_COMPONENTWISE_PROJECTION,17,2994.15452053316,GEOMETRY_BOUND_ONLY_NOT_PRIMARY_FALSIFICATION_PATH,0,9,0,9,0.106174566511683,FUTURE_AC_ONLY,ALL_OUTER_EDGES_SYMMETRIC_BOUNDARY_HEADROOM,8,False
2011-09-11 00:00:00,E0042,VMIN33,NONE,CONVEX-CONVEX,0.339113097743868,0.94074561223455,componentwise_positive,USE_ORIGINAL_INWARD_NORMAL_NO_COMPONENTWISE_PROJECTION,17,3030.09165752594,GEOMETRY_BOUND_ONLY_NOT_PRIMARY_FALSIFICATION_PATH,0,10,0,10,0.107301241045622,FUTURE_AC_ONLY,ALL_OUTER_EDGES_SYMMETRIC_BOUNDARY_HEADROOM,8,False
2011-09-11 00:00:00,E0043,VMIN33,NONE,CONVEX-CONVEX,0.331658354266518,0.943399563305615,componentwise_positive,USE_ORIGINAL_INWARD_NORMAL_NO_COMPONENTWISE_PROJECTION,17,3064.54479812414,GEOMETRY_BOUND_ONLY_NOT_PRIMARY_FALSIFICATION_PATH,0,9,0,9,0.108626977159365,FUTURE_AC_ONLY,ALL_OUTER_EDGES_SYMMETRIC_BOUNDARY_HEADROOM,8,False
2011-09-11 00:00:00,E0044,VMIN33,NONE,CONVEX-CONVEX,0.321316911866249,0.946971721937217,componentwise_positive,USE_ORIGINAL_INWARD_NORMAL_NO_COMPONENTWISE_PROJECTION,17,3115.07118809026,GEOMETRY_BOUND_ONLY_NOT_PRIMARY_FALSIFICATION_PATH,0,10,0,10,0.11017197113629,FUTURE_AC_ONLY,ALL_OUTER_EDGES_SYMMETRIC_BOUNDARY_HEADROOM,9,False
2011-09-11 00:00:00,E0045,VMIN33,ADJACENT_TO_GUARD_LIMITED_EDGE,CONVEX-CONVEX,0.310679298662476,0.950514793878871,componentwise_positive,USE_ORIGINAL_INWARD_NORMAL_NO_COMPONENTWISE_PROJECTION,17,3170.42641517866,GEOMETRY_BOUND_ONLY_NOT_PRIMARY_FALSIFICATION_PATH,0,11,0,11,0.112073373139463,FUTURE_AC_ONLY,ALL_OUTER_EDGES_SYMMETRIC_BOUNDARY_HEADROOM,9,False
2011-09-11 00:00:00,E0046,CLASS_TRANSITION,CROSSES_GUARD_LIMITED_RAY,CONVEX-CONVEX,-0.745857133870861,0.666105949420919,mixed_sign,USE_ORIGINAL_INWARD_NORMAL_NO_COMPONENTWISE_PROJECTION,17,6182.13381174485,GEOMETRY_BOUND_ONLY_NOT_PRIMARY_FALSIFICATION_PATH,0,20,0,20,0.052023725100117,FUTURE_AC_ONLY,ALL_OUTER_EDGES_SYMMETRIC_BOUNDARY_HEADROOM,20,False
2011-09-11 00:00:00,E0047,VMAX13,ADJACENT_TO_GUARD_LIMITED_EDGE,CONVEX-REFLEX,-0.928091007730791,-0.372353436091633,componentwise_nonpositive,USE_ORIGINAL_INWARD_NORMAL_NO_COMPONENTWISE_PROJECTION,17,3026.88960577651,GEOMETRY_BOUND_ONLY_NOT_PRIMARY_FALSIFICATION_PATH,13,9,0,9,0.116220554356566,FUTURE_AC_ONLY,ALL_OUTER_EDGES_SYMMETRIC_BOUNDARY_HEADROOM,11,False
2011-09-11 00:00:00,E0048,VMAX13,NONE,REFLEX-REFLEX,-0.935454773285915,-0.353446413387657,componentwise_nonpositive,USE_ORIGINAL_INWARD_NORMAL_NO_COMPONENTWISE_PROJECTION,18,1455.95393540957,GEOMETRY_BOUND_ONLY_NOT_PRIMARY_FALSIFICATION_PATH,13,9,0,9,0.112362834134284,FUTURE_AC_ONLY,ALL_OUTER_EDGES_SYMMETRIC_BOUNDARY_HEADROOM,11,False
2011-09-11 00:00:00,E0049,VMAX13,NONE,REFLEX-REFLEX,-0.939980937100103,-0.341226959498239,componentwise_nonpositive,USE_ORIGINAL_INWARD_NORMAL_NO_COMPONENTWISE_PROJECTION,19,1482.39341351475,GEOMETRY_BOUND_ONLY_NOT_PRIMARY_FALSIFICATION_PATH,13,9,0,9,0.109870897037074,FUTURE_AC_ONLY,ALL_OUTER_EDGES_SYMMETRIC_BOUNDARY_HEADROOM,13,False
2011-09-11 00:00:00,E0050,VMAX13,NONE,REFLEX-REFLEX,-0.943558810481899,-0.331205028889937,componentwise_nonpositive,USE_ORIGINAL_INWARD_NORMAL_NO_COMPONENTWISE_PROJECTION,20,1499.53056028391,GEOMETRY_BOUND_ONLY_NOT_PRIMARY_FALSIFICATION_PATH,12,9,0,9,0.108013569870519,FUTURE_AC_ONLY,ALL_OUTER_EDGES_SYMMETRIC_BOUNDARY_HEADROOM,13,False
2011-09-11 00:00:00,E0051,VMAX13,NONE,REFLEX-REFLEX,-0.946053386678806,-0.324010786168549,componentwise_nonpositive,USE_ORIGINAL_INWARD_NORMAL_NO_COMPONENTWISE_PROJECTION,21,1509.19024628072,GEOMETRY_BOUND_ONLY_NOT_PRIMARY_FALSIFICATION_PATH,11,9,0,9,0.106563169036169,FUTURE_AC_ONLY,ALL_OUTER_EDGES_SYMMETRIC_BOUNDARY_HEADROOM,14,False
2011-09-11 00:00:00,E0052,VMAX13,NONE,REFLEX-REFLEX,-0.949053431298974,-0.315115192492592,componentwise_nonpositive,USE_ORIGINAL_INWARD_NORMAL_NO_COMPONENTWISE_PROJECTION,22,1518.35753237406,GEOMETRY_BOUND_ONLY_NOT_PRIMARY_FALSIFICATION_PATH,23,19,0,19,0.0553635543870134,FUTURE_AC_ONLY,ALL_OUTER_EDGES_SYMMETRIC_BOUNDARY_HEADROOM,28,False
2011-09-30 05:30:00,E0000,VMAX13,NONE,REFLEX-REFLEX,-0.95093078992268,-0.309403672856397,componentwise_nonpositive,USE_ORIGINAL_INWARD_NORMAL_NO_COMPONENTWISE_PROJECTION,0,1555.00588867007,GEOMETRY_BOUND_ONLY_NOT_PRIMARY_FALSIFICATION_PATH,0,8,0,8,0.128300007006959,FUTURE_AC_ONLY,ALL_OUTER_EDGES_SYMMETRIC_BOUNDARY_HEADROOM,11,False
2011-09-30 05:30:00,E0001,VMAX13,NONE,REFLEX-REFLEX,-0.952282505941795,-0.3052180022168,componentwise_nonpositive,USE_ORIGINAL_INWARD_NORMAL_NO_COMPONENTWISE_PROJECTION,1,1556.48198249568,GEOMETRY_BOUND_ONLY_NOT_PRIMARY_FALSIFICATION_PATH,0,11,0,11,0.0858023974660582,FUTURE_AC_ONLY,ALL_OUTER_EDGES_SYMMETRIC_BOUNDARY_HEADROOM,17,False
2011-09-30 05:30:00,E0002,VMAX13,NONE,REFLEX-REFLEX,-0.954366654126838,-0.298637387965313,componentwise_nonpositive,USE_ORIGINAL_INWARD_NORMAL_NO_COMPONENTWISE_PROJECTION,2,1557.11902422741,GEOMETRY_BOUND_ONLY_NOT_PRIMARY_FALSIFICATION_PATH,17,19,0,19,0.0515796003312122,FUTURE_AC_ONLY,ALL_OUTER_EDGES_SYMMETRIC_BOUNDARY_HEADROOM,27,False
2011-09-30 05:30:00,E0003,VMAX13,NONE,REFLEX-REFLEX,-0.956618799237639,-0.291342535420315,componentwise_nonpositive,USE_ORIGINAL_INWARD_NORMAL_NO_COMPONENTWISE_PROJECTION,3,1554.9410444568,GEOMETRY_BOUND_ONLY_NOT_PRIMARY_FALSIFICATION_PATH,19,19,0,19,0.050425187227593,FUTURE_AC_ONLY,ALL_OUTER_EDGES_SYMMETRIC_BOUNDARY_HEADROOM,24,False
2011-09-30 05:30:00,E0004,VMAX13,NONE,REFLEX-REFLEX,-0.958661438892141,-0.28454919711932,componentwise_nonpositive,USE_ORIGINAL_INWARD_NORMAL_NO_COMPONENTWISE_PROJECTION,4,1550.29571201863,GEOMETRY_BOUND_ONLY_NOT_PRIMARY_FALSIFICATION_PATH,21,19,0,19,0.052015052098685,FUTURE_AC_ONLY,ALL_OUTER_EDGES_SYMMETRIC_BOUNDARY_HEADROOM,22,False
2011-09-30 05:30:00,E0005,VMAX13,NONE,REFLEX-CONVEX,-0.96071772788366,-0.277527381225812,componentwise_nonpositive,USE_ORIGINAL_INWARD_NORMAL_NO_COMPONENTWISE_PROJECTION,5,1542.68349904044,GEOMETRY_BOUND_ONLY_NOT_PRIMARY_FALSIFICATION_PATH,21,19,0,19,0.053793219288064,FUTURE_AC_ONLY,ALL_OUTER_EDGES_SYMMETRIC_BOUNDARY_HEADROOM,18,False
2011-09-30 05:30:00,E0006,CLASS_TRANSITION,NONE,CONVEX-CONVEX,-0.44079522428858,-0.89760769283935,componentwise_nonpositive,USE_ORIGINAL_INWARD_NORMAL_NO_COMPONENTWISE_PROJECTION,5,2122.34064784652,GEOMETRY_BOUND_ONLY_NOT_PRIMARY_FALSIFICATION_PATH,0,11,0,11,0.102767475082292,FUTURE_AC_ONLY,ALL_OUTER_EDGES_SYMMETRIC_BOUNDARY_HEADROOM,9,False
2011-09-30 05:30:00,E0007,VMAX30,NONE,CONVEX-REFLEX,-0.387927131788421,-0.921690045743366,componentwise_nonpositive,USE_ORIGINAL_INWARD_NORMAL_NO_COMPONENTWISE_PROJECTION,5,2119.00427495777,GEOMETRY_BOUND_ONLY_NOT_PRIMARY_FALSIFICATION_PATH,0,9,0,9,0.102389712639544,FUTURE_AC_ONLY,ALL_OUTER_EDGES_SYMMETRIC_BOUNDARY_HEADROOM,8,False
2011-09-30 05:30:00,E0008,VMAX30,NONE,REFLEX-REFLEX,-0.395756917292998,-0.918355302927327,componentwise_nonpositive,USE_ORIGINAL_INWARD_NORMAL_NO_COMPONENTWISE_PROJECTION,6,2118.64991401123,GEOMETRY_BOUND_ONLY_NOT_PRIMARY_FALSIFICATION_PATH,20,19,0,19,0.0514437279670129,FUTURE_AC_ONLY,ALL_OUTER_EDGES_SYMMETRIC_BOUNDARY_HEADROOM,15,False
2011-09-30 05:30:00,E0009,VMAX30,NONE,REFLEX-REFLEX,-0.405262068245184,-0.914200555699698,componentwise_nonpositive,USE_ORIGINAL_INWARD_NORMAL_NO_COMPONENTWISE_PROJECTION,7,2115.03047676857,GEOMETRY_BOUND_ONLY_NOT_PRIMARY_FALSIFICATION_PATH,21,19,0,19,0.050537621933137,FUTURE_AC_ONLY,ALL_OUTER_EDGES_SYMMETRIC_BOUNDARY_HEADROOM,15,False
2011-09-30 05:30:00,E0010,VMAX30,NONE,REFLEX-REFLEX,-0.412690436726274,-0.910871342964898,componentwise_nonpositive,USE_ORIGINAL_INWARD_NORMAL_NO_COMPONENTWISE_PROJECTION,8,2109.7318381091,GEOMETRY_BOUND_ONLY_NOT_PRIMARY_FALSIFICATION_PATH,9,12,0,12,0.081236641307734,FUTURE_AC_ONLY,ALL_OUTER_EDGES_SYMMETRIC_BOUNDARY_HEADROOM,9,True
2011-09-30 05:30:00,E0011,VMAX30,NONE,REFLEX-REFLEX,-0.417302868940801,-0.908767470574171,componentwise_nonpositive,USE_ORIGINAL_INWARD_NORMAL_NO_COMPONENTWISE_PROJECTION,9,2105.43374046705,GEOMETRY_BOUND_ONLY_NOT_PRIMARY_FALSIFICATION_PATH,0,7,0,7,0.136223011299619,FUTURE_AC_ONLY,ALL_OUTER_EDGES_SYMMETRIC_BOUNDARY_HEADROOM,5,False
2011-09-30 05:30:00,E0012,VMAX30,NONE,REFLEX-REFLEX,-0.426954655891716,-0.904273034991305,componentwise_nonpositive,USE_ORIGINAL_INWARD_NORMAL_NO_COMPONENTWISE_PROJECTION,10,2095.02102585421,GEOMETRY_BOUND_ONLY_NOT_PRIMARY_FALSIFICATION_PATH,18,19,0,19,0.053926111720806,FUTURE_AC_ONLY,ALL_OUTER_EDGES_SYMMETRIC_BOUNDARY_HEADROOM,14,False
2011-09-30 05:30:00,E0013,VMAX30,NONE,REFLEX-REFLEX,-0.436272905525915,-0.899814398586717,componentwise_nonpositive,USE_ORIGINAL_INWARD_NORMAL_NO_COMPONENTWISE_PROJECTION,11,2081.2339787621,GEOMETRY_BOUND_ONLY_NOT_PRIMARY_FALSIFICATION_PATH,0,9,0,9,0.104956282924637,FUTURE_AC_ONLY,ALL_OUTER_EDGES_SYMMETRIC_BOUNDARY_HEADROOM,7,False
2011-09-30 05:30:00,E0014,VMAX30,NONE,REFLEX-REFLEX,-0.445600528728678,-0.895231907829877,componentwise_nonpositive,USE_ORIGINAL_INWARD_NORMAL_NO_COMPONENTWISE_PROJECTION,12,2065.14210914921,GEOMETRY_BOUND_ONLY_NOT_PRIMARY_FALSIFICATION_PATH,8,9,0,9,0.106100397493785,FUTURE_AC_ONLY,ALL_OUTER_EDGES_SYMMETRIC_BOUNDARY_HEADROOM,8,False
2011-09-30 05:30:00,E0015,VMAX30,NONE,REFLEX-REFLEX,-0.45475970547435,-0.890614175879141,componentwise_nonpositive,USE_ORIGINAL_INWARD_NORMAL_NO_COMPONENTWISE_PROJECTION,13,2046.8054119438,GEOMETRY_BOUND_ONLY_NOT_PRIMARY_FALSIFICATION_PATH,13,9,0,9,0.107432965869557,FUTURE_AC_ONLY,ALL_OUTER_EDGES_SYMMETRIC_BOUNDARY_HEADROOM,7,False
2011-09-30 05:30:00,E0016,VMAX30,NONE,REFLEX-REFLEX,-0.465934405657317,-0.884819263818755,componentwise_nonpositive,USE_ORIGINAL_INWARD_NORMAL_NO_COMPONENTWISE_PROJECTION,14,2020.81209879978,GEOMETRY_BOUND_ONLY_NOT_PRIMARY_FALSIFICATION_PATH,13,9,0,9,0.109072549231592,FUTURE_AC_ONLY,ALL_OUTER_EDGES_SYMMETRIC_BOUNDARY_HEADROOM,8,False
2011-09-30 05:30:00,E0017,VMAX30,NONE,REFLEX-REFLEX,-0.482465248121604,-0.875915112528011,componentwise_nonpositive,USE_ORIGINAL_INWARD_NORMAL_NO_COMPONENTWISE_PROJECTION,15,1975.69373377097,GEOMETRY_BOUND_ONLY_NOT_PRIMARY_FALSIFICATION_PATH,13,9,0,9,0.111257991225517,FUTURE_AC_ONLY,ALL_OUTER_EDGES_SYMMETRIC_BOUNDARY_HEADROOM,8,False
2011-09-30 05:30:00,E0018,VMAX30,ADJACENT_TO_GUARD_LIMITED_EDGE,REFLEX-CONVEX,-0.503956413722258,-0.863729085459208,componentwise_nonpositive,USE_ORIGINAL_INWARD_NORMAL_NO_COMPONENTWISE_PROJECTION,16,1905.67820379516,GEOMETRY_BOUND_ONLY_NOT_PRIMARY_FALSIFICATION_PATH,13,9,0,9,0.114378626586161,FUTURE_AC_ONLY,ALL_OUTER_EDGES_SYMMETRIC_BOUNDARY_HEADROOM,9,False
2011-09-30 05:30:00,E0019,CLASS_TRANSITION,CROSSES_GUARD_LIMITED_RAY,CONVEX-CONVEX,0.944411361372485,-0.328766148668881,mixed_sign,USE_ORIGINAL_INWARD_NORMAL_NO_COMPONENTWISE_PROJECTION,16,2954.96788745212,GEOMETRY_BOUND_ONLY_NOT_PRIMARY_FALSIFICATION_PATH,0,19,0,19,0.0530833712313342,FUTURE_AC_ONLY,ALL_OUTER_EDGES_SYMMETRIC_BOUNDARY_HEADROOM,18,False
2011-09-30 05:30:00,E0020,VMIN18,ADJACENT_TO_GUARD_LIMITED_EDGE,CONVEX-CONVEX,0.974164221675125,0.225840805011181,componentwise_positive,USE_ORIGINAL_INWARD_NORMAL_NO_COMPONENTWISE_PROJECTION,16,1549.66094517696,GEOMETRY_BOUND_ONLY_NOT_PRIMARY_FALSIFICATION_PATH,0,10,0,10,0.112329517872178,FUTURE_AC_ONLY,ALL_OUTER_EDGES_SYMMETRIC_BOUNDARY_HEADROOM,11,False
2011-09-30 05:30:00,E0021,VMIN18,NONE,CONVEX-CONVEX,0.972271566793407,0.233854656582018,componentwise_positive,USE_ORIGINAL_INWARD_NORMAL_NO_COMPONENTWISE_PROJECTION,16,1529.06776233495,GEOMETRY_BOUND_ONLY_NOT_PRIMARY_FALSIFICATION_PATH,0,10,0,10,0.110440658274249,FUTURE_AC_ONLY,ALL_OUTER_EDGES_SYMMETRIC_BOUNDARY_HEADROOM,11,False
2011-09-30 05:30:00,E0022,VMIN18,NONE,CONVEX-CONVEX,0.970614312729909,0.24064051180931,componentwise_positive,USE_ORIGINAL_INWARD_NORMAL_NO_COMPONENTWISE_PROJECTION,16,1514.7905299976,GEOMETRY_BOUND_ONLY_NOT_PRIMARY_FALSIFICATION_PATH,0,9,0,9,0.108873183936533,FUTURE_AC_ONLY,ALL_OUTER_EDGES_SYMMETRIC_BOUNDARY_HEADROOM,11,False
2011-09-30 05:30:00,E0023,VMIN18,NONE,CONVEX-CONVEX,0.96902543913525,0.246960924659624,componentwise_positive,USE_ORIGINAL_INWARD_NORMAL_NO_COMPONENTWISE_PROJECTION,17,3278.56484102686,GEOMETRY_BOUND_ONLY_NOT_PRIMARY_FALSIFICATION_PATH,0,10,0,10,0.107554026745358,FUTURE_AC_ONLY,ALL_OUTER_EDGES_SYMMETRIC_BOUNDARY_HEADROOM,13,False
2011-09-30 05:30:00,E0024,VMIN18,NONE,CONVEX-CONVEX,0.967562100573702,0.252633294586058,componentwise_positive,USE_ORIGINAL_INWARD_NORMAL_NO_COMPONENTWISE_PROJECTION,17,3256.36228576687,GEOMETRY_BOUND_ONLY_NOT_PRIMARY_FALSIFICATION_PATH,0,11,0,11,0.106412295991132,FUTURE_AC_ONLY,ALL_OUTER_EDGES_SYMMETRIC_BOUNDARY_HEADROOM,13,False
2011-09-30 05:30:00,E0025,VMIN18,NONE,CONVEX-CONVEX,0.966401749587604,0.257036297814178,componentwise_positive,USE_ORIGINAL_INWARD_NORMAL_NO_COMPONENTWISE_PROJECTION,17,3240.3158446823,GEOMETRY_BOUND_ONLY_NOT_PRIMARY_FALSIFICATION_PATH,0,9,0,9,0.105392597457093,FUTURE_AC_ONLY,ALL_OUTER_EDGES_SYMMETRIC_BOUNDARY_HEADROOM,14,False
2011-09-30 05:30:00,E0026,VMIN18,NONE,CONVEX-CONVEX,0.964931578758564,0.262501520594656,componentwise_positive,USE_ORIGINAL_INWARD_NORMAL_NO_COMPONENTWISE_PROJECTION,17,3221.69405859476,GEOMETRY_BOUND_ONLY_NOT_PRIMARY_FALSIFICATION_PATH,0,11,0,11,0.0878909156852211,FUTURE_AC_ONLY,ALL_OUTER_EDGES_SYMMETRIC_BOUNDARY_HEADROOM,17,False
2011-09-30 05:30:00,E0027,VMIN18,NONE,CONVEX-CONVEX,0.96379488220786,0.266644754364187,componentwise_positive,USE_ORIGINAL_INWARD_NORMAL_NO_COMPONENTWISE_PROJECTION,17,3208.64285961022,GEOMETRY_BOUND_ONLY_NOT_PRIMARY_FALSIFICATION_PATH,0,8,0,8,0.12839875391705,FUTURE_AC_ONLY,ALL_OUTER_EDGES_SYMMETRIC_BOUNDARY_HEADROOM,11,False
2011-09-30 05:30:00,E0028,VMIN18,NONE,CONVEX-CONVEX,0.962109155424954,0.272664579744934,componentwise_positive,USE_ORIGINAL_INWARD_NORMAL_NO_COMPONENTWISE_PROJECTION,17,3190.57659829169,GEOMETRY_BOUND_ONLY_NOT_PRIMARY_FALSIFICATION_PATH,0,19,0,19,0.0528494719626948,FUTURE_AC_ONLY,ALL_OUTER_EDGES_SYMMETRIC_BOUNDARY_HEADROOM,28,False
2011-09-30 05:30:00,E0029,VMIN18,NONE,CONVEX-CONVEX,0.959756198745162,0.280834540201588,componentwise_positive,USE_ORIGINAL_INWARD_NORMAL_NO_COMPONENTWISE_PROJECTION,17,3169.01432599309,GEOMETRY_BOUND_ONLY_NOT_PRIMARY_FALSIFICATION_PATH,0,20,0,20,0.0513657208558645,FUTURE_AC_ONLY,ALL_OUTER_EDGES_SYMMETRIC_BOUNDARY_HEADROOM,27,False
2011-09-30 05:30:00,E0030,VMIN18,NONE,CONVEX-CONVEX,0.957422867397343,0.288689197900874,componentwise_positive,USE_ORIGINAL_INWARD_NORMAL_NO_COMPONENTWISE_PROJECTION,17,3150.87844995703,GEOMETRY_BOUND_ONLY_NOT_PRIMARY_FALSIFICATION_PATH,0,19,0,19,0.050455796331242,FUTURE_AC_ONLY,ALL_OUTER_EDGES_SYMMETRIC_BOUNDARY_HEADROOM,24,False
2011-09-30 05:30:00,E0031,VMIN18,NONE,CONVEX-CONVEX,0.954537341120099,0.298091369226571,componentwise_positive,USE_ORIGINAL_INWARD_NORMAL_NO_COMPONENTWISE_PROJECTION,17,3132.196428616,GEOMETRY_BOUND_ONLY_NOT_PRIMARY_FALSIFICATION_PATH,0,19,0,19,0.051848021941414,FUTURE_AC_ONLY,ALL_OUTER_EDGES_SYMMETRIC_BOUNDARY_HEADROOM,22,False
2011-09-30 05:30:00,E0032,VMIN18,NONE,CONVEX-CONVEX,0.95152505479012,0.307571243952777,componentwise_positive,USE_ORIGINAL_INWARD_NORMAL_NO_COMPONENTWISE_PROJECTION,17,3116.51699941169,GEOMETRY_BOUND_ONLY_NOT_PRIMARY_FALSIFICATION_PATH,0,21,0,21,0.053370308404455,FUTURE_AC_ONLY,ALL_OUTER_EDGES_SYMMETRIC_BOUNDARY_HEADROOM,18,False
2011-09-30 05:30:00,E0033,CLASS_TRANSITION,NONE,CONVEX-CONVEX,0.675782888630919,0.737100730859528,componentwise_positive,USE_ORIGINAL_INWARD_NORMAL_NO_COMPONENTWISE_PROJECTION,17,2354.11668532823,GEOMETRY_BOUND_ONLY_NOT_PRIMARY_FALSIFICATION_PATH,0,9,0,9,0.100766438851721,FUTURE_AC_ONLY,ALL_OUTER_EDGES_SYMMETRIC_BOUNDARY_HEADROOM,9,False
2011-09-30 05:30:00,E0034,VMIN33,NONE,CONVEX-CONVEX,0.413522776778837,0.910493774325295,componentwise_positive,USE_ORIGINAL_INWARD_NORMAL_NO_COMPONENTWISE_PROJECTION,17,2411.36168567914,GEOMETRY_BOUND_ONLY_NOT_PRIMARY_FALSIFICATION_PATH,0,11,0,11,0.102206149498118,FUTURE_AC_ONLY,ALL_OUTER_EDGES_SYMMETRIC_BOUNDARY_HEADROOM,8,False
2011-09-30 05:30:00,E0035,VMIN33,NONE,CONVEX-CONVEX,0.404456626485263,0.914557180985509,componentwise_positive,USE_ORIGINAL_INWARD_NORMAL_NO_COMPONENTWISE_PROJECTION,17,2434.18031473454,GEOMETRY_BOUND_ONLY_NOT_PRIMARY_FALSIFICATION_PATH,0,19,0,19,0.051380898916456,FUTURE_AC_ONLY,ALL_OUTER_EDGES_SYMMETRIC_BOUNDARY_HEADROOM,15,False
2011-09-30 05:30:00,E0036,VMIN33,NONE,CONVEX-CONVEX,0.393323613862165,0.919400095050249,componentwise_positive,USE_ORIGINAL_INWARD_NORMAL_NO_COMPONENTWISE_PROJECTION,17,2465.11520464209,GEOMETRY_BOUND_ONLY_NOT_PRIMARY_FALSIFICATION_PATH,0,19,0,19,0.050454503788217,FUTURE_AC_ONLY,ALL_OUTER_EDGES_SYMMETRIC_BOUNDARY_HEADROOM,15,False
2011-09-30 05:30:00,E0037,VMIN33,NONE,CONVEX-CONVEX,0.381375849956193,0.924420067431571,componentwise_positive,USE_ORIGINAL_INWARD_NORMAL_NO_COMPONENTWISE_PROJECTION,17,2501.26439582943,GEOMETRY_BOUND_ONLY_NOT_PRIMARY_FALSIFICATION_PATH,0,19,0,19,0.051874547385199,FUTURE_AC_ONLY,ALL_OUTER_EDGES_SYMMETRIC_BOUNDARY_HEADROOM,14,False
2011-09-30 05:30:00,E0038,VMIN33,NONE,CONVEX-CONVEX,0.375821838279972,0.92669193687647,componentwise_positive,USE_ORIGINAL_INWARD_NORMAL_NO_COMPONENTWISE_PROJECTION,17,2519.55385716048,GEOMETRY_BOUND_ONLY_NOT_PRIMARY_FALSIFICATION_PATH,0,7,0,7,0.136098162536997,FUTURE_AC_ONLY,ALL_OUTER_EDGES_SYMMETRIC_BOUNDARY_HEADROOM,5,False
2011-09-30 05:30:00,E0039,VMIN33,NONE,CONVEX-CONVEX,0.367671899817461,0.929955576403851,componentwise_positive,USE_ORIGINAL_INWARD_NORMAL_NO_COMPONENTWISE_PROJECTION,17,2547.12643792383,GEOMETRY_BOUND_ONLY_NOT_PRIMARY_FALSIFICATION_PATH,0,13,0,13,0.083250552119856,FUTURE_AC_ONLY,ALL_OUTER_EDGES_SYMMETRIC_BOUNDARY_HEADROOM,9,False
2011-09-30 05:30:00,E0040,VMIN33,NONE,CONVEX-CONVEX,0.358482813505712,0.933536326246081,componentwise_positive,USE_ORIGINAL_INWARD_NORMAL_NO_COMPONENTWISE_PROJECTION,17,2579.82746773413,GEOMETRY_BOUND_ONLY_NOT_PRIMARY_FALSIFICATION_PATH,0,20,0,20,0.055265595145775,FUTURE_AC_ONLY,ALL_OUTER_EDGES_SYMMETRIC_BOUNDARY_HEADROOM,15,False
2011-09-30 05:30:00,E0041,VMIN33,NONE,CONVEX-CONVEX,0.348254028459639,0.937400198240662,componentwise_positive,USE_ORIGINAL_INWARD_NORMAL_NO_COMPONENTWISE_PROJECTION,17,2619.77086829999,GEOMETRY_BOUND_ONLY_NOT_PRIMARY_FALSIFICATION_PATH,0,10,0,10,0.106186233358017,FUTURE_AC_ONLY,ALL_OUTER_EDGES_SYMMETRIC_BOUNDARY_HEADROOM,7,False
2011-09-30 05:30:00,E0042,VMIN33,NONE,CONVEX-CONVEX,0.341621989414161,0.939837441448632,componentwise_positive,USE_ORIGINAL_INWARD_NORMAL_NO_COMPONENTWISE_PROJECTION,17,2646.93009345987,GEOMETRY_BOUND_ONLY_NOT_PRIMARY_FALSIFICATION_PATH,0,10,0,10,0.107332855361952,FUTURE_AC_ONLY,ALL_OUTER_EDGES_SYMMETRIC_BOUNDARY_HEADROOM,8,False
2011-09-30 05:30:00,E0043,VMIN33,NONE,CONVEX-CONVEX,0.332509465961421,0.943099917848608,componentwise_positive,USE_ORIGINAL_INWARD_NORMAL_NO_COMPONENTWISE_PROJECTION,17,2686.30121182149,GEOMETRY_BOUND_ONLY_NOT_PRIMARY_FALSIFICATION_PATH,0,10,0,10,0.108641009052802,FUTURE_AC_ONLY,ALL_OUTER_EDGES_SYMMETRIC_BOUNDARY_HEADROOM,8,False
2011-09-30 05:30:00,E0044,VMIN33,NONE,CONVEX-CONVEX,0.323020913868277,0.946391826467084,componentwise_positive,USE_ORIGINAL_INWARD_NORMAL_NO_COMPONENTWISE_PROJECTION,17,2729.79136151738,GEOMETRY_BOUND_ONLY_NOT_PRIMARY_FALSIFICATION_PATH,0,9,0,9,0.110203124762701,FUTURE_AC_ONLY,ALL_OUTER_EDGES_SYMMETRIC_BOUNDARY_HEADROOM,9,False
2011-09-30 05:30:00,E0045,VMIN33,ADJACENT_TO_GUARD_LIMITED_EDGE,CONVEX-CONVEX,0.312585900784135,0.949889496010442,componentwise_positive,USE_ORIGINAL_INWARD_NORMAL_NO_COMPONENTWISE_PROJECTION,17,2780.97421520737,GEOMETRY_BOUND_ONLY_NOT_PRIMARY_FALSIFICATION_PATH,0,11,0,11,0.112116344114529,FUTURE_AC_ONLY,ALL_OUTER_EDGES_SYMMETRIC_BOUNDARY_HEADROOM,9,False
2011-09-30 05:30:00,E0046,CLASS_TRANSITION,CROSSES_GUARD_LIMITED_RAY,CONVEX-CONVEX,-0.974471704154836,0.22451035121252,mixed_sign,USE_ORIGINAL_INWARD_NORMAL_NO_COMPONENTWISE_PROJECTION,17,4795.99875623581,GEOMETRY_BOUND_ONLY_NOT_PRIMARY_FALSIFICATION_PATH,0,29,0,29,0.0368020073718937,FUTURE_AC_ONLY,ALL_OUTER_EDGES_SYMMETRIC_BOUNDARY_HEADROOM,31,False
2011-09-30 05:30:00,E0047,VMAX13,ADJACENT_TO_GUARD_LIMITED_EDGE,CONVEX-REFLEX,-0.934403223866172,-0.356217090028686,componentwise_nonpositive,USE_ORIGINAL_INWARD_NORMAL_NO_COMPONENTWISE_PROJECTION,17,3050.31965725287,GEOMETRY_BOUND_ONLY_NOT_PRIMARY_FALSIFICATION_PATH,13,10,0,10,0.112461756453485,FUTURE_AC_ONLY,ALL_OUTER_EDGES_SYMMETRIC_BOUNDARY_HEADROOM,11,False
2011-09-30 05:30:00,E0048,VMAX13,NONE,REFLEX-REFLEX,-0.939406533464046,-0.342805141275717,componentwise_nonpositive,USE_ORIGINAL_INWARD_NORMAL_NO_COMPONENTWISE_PROJECTION,18,1514.28750060778,GEOMETRY_BOUND_ONLY_NOT_PRIMARY_FALSIFICATION_PATH,13,9,0,9,0.109910883504164,FUTURE_AC_ONLY,ALL_OUTER_EDGES_SYMMETRIC_BOUNDARY_HEADROOM,13,False
2011-09-30 05:30:00,E0049,VMAX13,NONE,REFLEX-REFLEX,-0.942849234628068,-0.333219628415354,componentwise_nonpositive,USE_ORIGINAL_INWARD_NORMAL_NO_COMPONENTWISE_PROJECTION,19,1531.09550106026,GEOMETRY_BOUND_ONLY_NOT_PRIMARY_FALSIFICATION_PATH,13,9,0,9,0.108055165465136,FUTURE_AC_ONLY,ALL_OUTER_EDGES_SYMMETRIC_BOUNDARY_HEADROOM,13,False
2011-09-30 05:30:00,E0050,VMAX13,NONE,REFLEX-REFLEX,-0.945527942109519,-0.325540950865077,componentwise_nonpositive,USE_ORIGINAL_INWARD_NORMAL_NO_COMPONENTWISE_PROJECTION,20,1541.66835527985,GEOMETRY_BOUND_ONLY_NOT_PRIMARY_FALSIFICATION_PATH,13,9,0,9,0.106588817886536,FUTURE_AC_ONLY,ALL_OUTER_EDGES_SYMMETRIC_BOUNDARY_HEADROOM,14,False
2011-09-30 05:30:00,E0051,VMAX13,NONE,REFLEX-REFLEX,-0.948566689052847,-0.316577378249489,componentwise_nonpositive,USE_ORIGINAL_INWARD_NORMAL_NO_COMPONENTWISE_PROJECTION,21,1551.14000188529,GEOMETRY_BOUND_ONLY_NOT_PRIMARY_FALSIFICATION_PATH,22,19,0,19,0.0553857098011091,FUTURE_AC_ONLY,ALL_OUTER_EDGES_SYMMETRIC_BOUNDARY_HEADROOM,28,False
2011-09-30 11:30:00,E0000,VMAX13,NONE,REFLEX-REFLEX,-0.951378786004104,-0.308023384731351,componentwise_nonpositive,USE_ORIGINAL_INWARD_NORMAL_NO_COMPONENTWISE_PROJECTION,0,1527.66812390086,GEOMETRY_BOUND_ONLY_NOT_PRIMARY_FALSIFICATION_PATH,0,3,0,3,0.312355326110631,FUTURE_AC_ONLY,ALL_OUTER_EDGES_SYMMETRIC_BOUNDARY_HEADROOM,5,False
2011-09-30 11:30:00,E0001,VMAX13,NONE,REFLEX-REFLEX,-0.952254334354619,-0.305305883832661,componentwise_nonpositive,USE_ORIGINAL_INWARD_NORMAL_NO_COMPONENTWISE_PROJECTION,1,1528.8817781351,GEOMETRY_BOUND_ONLY_NOT_PRIMARY_FALSIFICATION_PATH,18,16,0,16,0.0623376618187188,FUTURE_AC_ONLY,ALL_OUTER_EDGES_SYMMETRIC_BOUNDARY_HEADROOM,23,False
2011-09-30 11:30:00,E0002,VMAX13,NONE,REFLEX-REFLEX,-0.954522906224124,-0.298137588192855,componentwise_nonpositive,USE_ORIGINAL_INWARD_NORMAL_NO_COMPONENTWISE_PROJECTION,2,1529.55954403629,GEOMETRY_BOUND_ONLY_NOT_PRIMARY_FALSIFICATION_PATH,21,19,0,19,0.0515751748691029,FUTURE_AC_ONLY,ALL_OUTER_EDGES_SYMMETRIC_BOUNDARY_HEADROOM,27,False
2011-09-30 11:30:00,E0003,VMAX13,NONE,REFLEX-REFLEX,-0.956629067430082,-0.291308817834015,componentwise_nonpositive,USE_ORIGINAL_INWARD_NORMAL_NO_COMPONENTWISE_PROJECTION,3,1527.55147590249,GEOMETRY_BOUND_ONLY_NOT_PRIMARY_FALSIFICATION_PATH,19,19,0,19,0.050424074515351,FUTURE_AC_ONLY,ALL_OUTER_EDGES_SYMMETRIC_BOUNDARY_HEADROOM,24,False
2011-09-30 11:30:00,E0004,VMAX13,NONE,REFLEX-REFLEX,-0.958794175902487,-0.284101616073317,componentwise_nonpositive,USE_ORIGINAL_INWARD_NORMAL_NO_COMPONENTWISE_PROJECTION,4,1522.70412422976,GEOMETRY_BOUND_ONLY_NOT_PRIMARY_FALSIFICATION_PATH,20,19,0,19,0.052019027314426,FUTURE_AC_ONLY,ALL_OUTER_EDGES_SYMMETRIC_BOUNDARY_HEADROOM,22,False
2011-09-30 11:30:00,E0005,VMAX13,NONE,REFLEX-CONVEX,-0.960849380626693,-0.277071232265819,componentwise_nonpositive,USE_ORIGINAL_INWARD_NORMAL_NO_COMPONENTWISE_PROJECTION,5,1515.20785169318,GEOMETRY_BOUND_ONLY_NOT_PRIMARY_FALSIFICATION_PATH,22,19,0,19,0.053797995303039,FUTURE_AC_ONLY,ALL_OUTER_EDGES_SYMMETRIC_BOUNDARY_HEADROOM,18,False
2011-09-30 11:30:00,E0006,CLASS_TRANSITION,NONE,CONVEX-CONVEX,-0.503523604767585,-0.863981469385691,componentwise_nonpositive,USE_ORIGINAL_INWARD_NORMAL_NO_COMPONENTWISE_PROJECTION,5,2091.50661443849,GEOMETRY_BOUND_ONLY_NOT_PRIMARY_FALSIFICATION_PATH,0,10,0,10,0.102275826464493,FUTURE_AC_ONLY,ALL_OUTER_EDGES_SYMMETRIC_BOUNDARY_HEADROOM,9,False
2011-09-30 11:30:00,E0007,VMAX30,NONE,CONVEX-REFLEX,-0.388799021007389,-0.921322593483789,componentwise_nonpositive,USE_ORIGINAL_INWARD_NORMAL_NO_COMPONENTWISE_PROJECTION,5,2093.98024536856,GEOMETRY_BOUND_ONLY_NOT_PRIMARY_FALSIFICATION_PATH,9,9,0,9,0.102384640121534,FUTURE_AC_ONLY,ALL_OUTER_EDGES_SYMMETRIC_BOUNDARY_HEADROOM,8,False
2011-09-30 11:30:00,E0008,VMAX30,NONE,REFLEX-REFLEX,-0.394294776592981,-0.918984020074066,componentwise_nonpositive,USE_ORIGINAL_INWARD_NORMAL_NO_COMPONENTWISE_PROJECTION,6,2093.73640359311,GEOMETRY_BOUND_ONLY_NOT_PRIMARY_FALSIFICATION_PATH,20,19,0,19,0.0514554290167152,FUTURE_AC_ONLY,ALL_OUTER_EDGES_SYMMETRIC_BOUNDARY_HEADROOM,16,False
2011-09-30 11:30:00,E0009,VMAX30,NONE,REFLEX-REFLEX,-0.403971149972751,-0.914771725617759,componentwise_nonpositive,USE_ORIGINAL_INWARD_NORMAL_NO_COMPONENTWISE_PROJECTION,7,2090.12890735863,GEOMETRY_BOUND_ONLY_NOT_PRIMARY_FALSIFICATION_PATH,12,19,0,19,0.050527425491191,FUTURE_AC_ONLY,ALL_OUTER_EDGES_SYMMETRIC_BOUNDARY_HEADROOM,14,False
2011-09-30 11:30:00,E0010,VMAX30,NONE,REFLEX-CONVEX,-0.414583253286849,-0.910011387892532,componentwise_nonpositive,USE_ORIGINAL_INWARD_NORMAL_NO_COMPONENTWISE_PROJECTION,8,2082.64085011747,GEOMETRY_BOUND_ONLY_NOT_PRIMARY_FALSIFICATION_PATH,14,17,0,17,0.059149081724534,FUTURE_AC_ONLY,ALL_OUTER_EDGES_SYMMETRIC_BOUNDARY_HEADROOM,12,False
2011-09-30 11:30:00,E0011,VMAX30,NONE,CONVEX-REFLEX,-0.412249537234457,-0.911070973662303,componentwise_nonpositive,USE_ORIGINAL_INWARD_NORMAL_NO_COMPONENTWISE_PROJECTION,8,2084.96634943117,GEOMETRY_BOUND_ONLY_NOT_PRIMARY_FALSIFICATION_PATH,0,2,2,4,0.215343902552179,FUTURE_AC_ONLY,ALL_OUTER_EDGES_SYMMETRIC_BOUNDARY_HEADROOM,2,False
2011-09-30 11:30:00,E0012,VMAX30,NONE,REFLEX-REFLEX,-0.425638008596127,-0.904893521713093,componentwise_nonpositive,USE_ORIGINAL_INWARD_NORMAL_NO_COMPONENTWISE_PROJECTION,9,2070.82938336413,GEOMETRY_BOUND_ONLY_NOT_PRIMARY_FALSIFICATION_PATH,17,19,0,19,0.053912729274862,FUTURE_AC_ONLY,ALL_OUTER_EDGES_SYMMETRIC_BOUNDARY_HEADROOM,14,False
2011-09-30 11:30:00,E0013,VMAX30,NONE,REFLEX-REFLEX,-0.436005545773367,-0.899943978286909,componentwise_nonpositive,USE_ORIGINAL_INWARD_NORMAL_NO_COMPONENTWISE_PROJECTION,10,2055.70995935473,GEOMETRY_BOUND_ONLY_NOT_PRIMARY_FALSIFICATION_PATH,0,9,0,9,0.104952044593465,FUTURE_AC_ONLY,ALL_OUTER_EDGES_SYMMETRIC_BOUNDARY_HEADROOM,7,False
2011-09-30 11:30:00,E0014,VMAX30,NONE,REFLEX-REFLEX,-0.443107052696644,-0.896468705449607,componentwise_nonpositive,USE_ORIGINAL_INWARD_NORMAL_NO_COMPONENTWISE_PROJECTION,11,2043.64775058077,GEOMETRY_BOUND_ONLY_NOT_PRIMARY_FALSIFICATION_PATH,7,9,0,9,0.106070674159303,FUTURE_AC_ONLY,ALL_OUTER_EDGES_SYMMETRIC_BOUNDARY_HEADROOM,7,True
2011-09-30 11:30:00,E0015,VMAX30,NONE,REFLEX-REFLEX,-0.453228895645799,-0.891394171033045,componentwise_nonpositive,USE_ORIGINAL_INWARD_NORMAL_NO_COMPONENTWISE_PROJECTION,12,2023.72161214919,GEOMETRY_BOUND_ONLY_NOT_PRIMARY_FALSIFICATION_PATH,12,9,0,9,0.107410223123524,FUTURE_AC_ONLY,ALL_OUTER_EDGES_SYMMETRIC_BOUNDARY_HEADROOM,8,False
2011-09-30 11:30:00,E0016,VMAX30,NONE,REFLEX-REFLEX,-0.464516913923398,-0.885564247629206,componentwise_nonpositive,USE_ORIGINAL_INWARD_NORMAL_NO_COMPONENTWISE_PROJECTION,13,1997.87743570887,GEOMETRY_BOUND_ONLY_NOT_PRIMARY_FALSIFICATION_PATH,13,9,0,9,0.109046054118434,FUTURE_AC_ONLY,ALL_OUTER_EDGES_SYMMETRIC_BOUNDARY_HEADROOM,8,False
2011-09-30 11:30:00,E0017,VMAX30,NONE,REFLEX-REFLEX,-0.479396464354366,-0.87759844460011,componentwise_nonpositive,USE_ORIGINAL_INWARD_NORMAL_NO_COMPONENTWISE_PROJECTION,14,1957.95605730117,GEOMETRY_BOUND_ONLY_NOT_PRIMARY_FALSIFICATION_PATH,13,9,0,9,0.111186365186344,FUTURE_AC_ONLY,ALL_OUTER_EDGES_SYMMETRIC_BOUNDARY_HEADROOM,8,False
2011-09-30 11:30:00,E0018,VMAX30,ADJACENT_TO_GUARD_LIMITED_EDGE,REFLEX-CONVEX,-0.501258718892196,-0.865297461416913,componentwise_nonpositive,USE_ORIGINAL_INWARD_NORMAL_NO_COMPONENTWISE_PROJECTION,15,1888.03903381351,GEOMETRY_BOUND_ONLY_NOT_PRIMARY_FALSIFICATION_PATH,13,10,0,10,0.114285993279889,FUTURE_AC_ONLY,ALL_OUTER_EDGES_SYMMETRIC_BOUNDARY_HEADROOM,9,False
2011-09-30 11:30:00,E0019,CLASS_TRANSITION,CROSSES_GUARD_LIMITED_RAY,CONVEX-CONVEX,0.89009846409821,-0.455768279073926,mixed_sign,USE_ORIGINAL_INWARD_NORMAL_NO_COMPONENTWISE_PROJECTION,15,3224.19673909191,GEOMETRY_BOUND_ONLY_NOT_PRIMARY_FALSIFICATION_PATH,0,19,0,19,0.05151277034506,FUTURE_AC_ONLY,ALL_OUTER_EDGES_SYMMETRIC_BOUNDARY_HEADROOM,18,False
2011-09-30 11:30:00,E0020,VMIN18,ADJACENT_TO_GUARD_LIMITED_EDGE,CONVEX-CONVEX,0.974425740304211,0.224709760875203,componentwise_positive,USE_ORIGINAL_INWARD_NORMAL_NO_COMPONENTWISE_PROJECTION,15,1578.20209985428,GEOMETRY_BOUND_ONLY_NOT_PRIMARY_FALSIFICATION_PATH,0,9,0,9,0.112289775595187,FUTURE_AC_ONLY,ALL_OUTER_EDGES_SYMMETRIC_BOUNDARY_HEADROOM,11,False
2011-09-30 11:30:00,E0021,VMIN18,NONE,CONVEX-CONVEX,0.972546424594363,0.232708942691768,componentwise_positive,USE_ORIGINAL_INWARD_NORMAL_NO_COMPONENTWISE_PROJECTION,15,1557.31653419543,GEOMETRY_BOUND_ONLY_NOT_PRIMARY_FALSIFICATION_PATH,0,10,0,10,0.110408565716305,FUTURE_AC_ONLY,ALL_OUTER_EDGES_SYMMETRIC_BOUNDARY_HEADROOM,11,False
2011-09-30 11:30:00,E0022,VMIN18,NONE,CONVEX-CONVEX,0.970861054047494,0.239643096570271,componentwise_positive,USE_ORIGINAL_INWARD_NORMAL_NO_COMPONENTWISE_PROJECTION,15,1542.48984034877,GEOMETRY_BOUND_ONLY_NOT_PRIMARY_FALSIFICATION_PATH,0,11,0,11,0.108850630272007,FUTURE_AC_ONLY,ALL_OUTER_EDGES_SYMMETRIC_BOUNDARY_HEADROOM,11,False
2011-09-30 11:30:00,E0023,VMIN18,NONE,CONVEX-CONVEX,0.969218346566403,0.246202755222375,componentwise_positive,USE_ORIGINAL_INWARD_NORMAL_NO_COMPONENTWISE_PROJECTION,16,3368.25412426194,GEOMETRY_BOUND_ONLY_NOT_PRIMARY_FALSIFICATION_PATH,0,9,0,9,0.107540163865318,FUTURE_AC_ONLY,ALL_OUTER_EDGES_SYMMETRIC_BOUNDARY_HEADROOM,13,False
2011-09-30 11:30:00,E0024,VMIN18,NONE,CONVEX-CONVEX,0.967979516194924,0.251029193973613,componentwise_positive,USE_ORIGINAL_INWARD_NORMAL_NO_COMPONENTWISE_PROJECTION,16,3345.93048623336,GEOMETRY_BOUND_ONLY_NOT_PRIMARY_FALSIFICATION_PATH,0,10,0,10,0.106384661240208,FUTURE_AC_ONLY,ALL_OUTER_EDGES_SYMMETRIC_BOUNDARY_HEADROOM,13,False
2011-09-30 11:30:00,E0025,VMIN18,NONE,CONVEX-CONVEX,0.966541955522721,0.256508573373903,componentwise_positive,USE_ORIGINAL_INWARD_NORMAL_NO_COMPONENTWISE_PROJECTION,16,3322.0803986444,GEOMETRY_BOUND_ONLY_NOT_PRIMARY_FALSIFICATION_PATH,0,10,0,10,0.105385874652216,FUTURE_AC_ONLY,ALL_OUTER_EDGES_SYMMETRIC_BOUNDARY_HEADROOM,14,False
2011-09-30 11:30:00,E0026,VMIN18,NONE,CONVEX-CONVEX,0.96484773091781,0.262809543477311,componentwise_positive,USE_ORIGINAL_INWARD_NORMAL_NO_COMPONENTWISE_PROJECTION,16,3296.14003042748,GEOMETRY_BOUND_ONLY_NOT_PRIMARY_FALSIFICATION_PATH,0,17,0,17,0.0641755552958036,FUTURE_AC_ONLY,ALL_OUTER_EDGES_SYMMETRIC_BOUNDARY_HEADROOM,23,False
2011-09-30 11:30:00,E0027,VMIN18,NONE,CONVEX-CONVEX,0.964096346553687,0.265552696393453,componentwise_positive,USE_ORIGINAL_INWARD_NORMAL_NO_COMPONENTWISE_PROJECTION,16,3285.85419743243,GEOMETRY_BOUND_ONLY_NOT_PRIMARY_FALSIFICATION_PATH,0,3,0,3,0.311611476185012,FUTURE_AC_ONLY,ALL_OUTER_EDGES_SYMMETRIC_BOUNDARY_HEADROOM,5,False
2011-09-30 11:30:00,E0028,VMIN18,NONE,CONVEX-CONVEX,0.962245798363984,0.272181967681289,componentwise_positive,USE_ORIGINAL_INWARD_NORMAL_NO_COMPONENTWISE_PROJECTION,16,3261.31084469055,GEOMETRY_BOUND_ONLY_NOT_PRIMARY_FALSIFICATION_PATH,0,20,0,20,0.0528447082436134,FUTURE_AC_ONLY,ALL_OUTER_EDGES_SYMMETRIC_BOUNDARY_HEADROOM,28,False
2011-09-30 11:30:00,E0029,VMIN18,NONE,CONVEX-CONVEX,0.960022898448678,0.279921479086903,componentwise_positive,USE_ORIGINAL_INWARD_NORMAL_NO_COMPONENTWISE_PROJECTION,16,3235.4949536949,GEOMETRY_BOUND_ONLY_NOT_PRIMARY_FALSIFICATION_PATH,0,19,0,19,0.0513562988570959,FUTURE_AC_ONLY,ALL_OUTER_EDGES_SYMMETRIC_BOUNDARY_HEADROOM,27,False
2011-09-30 11:30:00,E0030,VMIN18,NONE,CONVEX-CONVEX,0.957488509166077,0.288471410741037,componentwise_positive,USE_ORIGINAL_INWARD_NORMAL_NO_COMPONENTWISE_PROJECTION,16,3209.83307303136,GEOMETRY_BOUND_ONLY_NOT_PRIMARY_FALSIFICATION_PATH,0,20,0,20,0.05045681894603,FUTURE_AC_ONLY,ALL_OUTER_EDGES_SYMMETRIC_BOUNDARY_HEADROOM,24,False
2011-09-30 11:30:00,E0031,VMIN18,NONE,CONVEX-CONVEX,0.95476966509243,0.297346408451976,componentwise_positive,USE_ORIGINAL_INWARD_NORMAL_NO_COMPONENTWISE_PROJECTION,16,3186.08711022217,GEOMETRY_BOUND_ONLY_NOT_PRIMARY_FALSIFICATION_PATH,0,21,0,21,0.0518555272098941,FUTURE_AC_ONLY,ALL_OUTER_EDGES_SYMMETRIC_BOUNDARY_HEADROOM,22,False
2011-09-30 11:30:00,E0032,VMIN18,NONE,CONVEX-CONVEX,0.951552839540201,0.307485273733525,componentwise_positive,USE_ORIGINAL_INWARD_NORMAL_NO_COMPONENTWISE_PROJECTION,16,3162.37778495539,GEOMETRY_BOUND_ONLY_NOT_PRIMARY_FALSIFICATION_PATH,0,20,0,20,0.053369620227003,FUTURE_AC_ONLY,ALL_OUTER_EDGES_SYMMETRIC_BOUNDARY_HEADROOM,18,False
2011-09-30 11:30:00,E0033,CLASS_TRANSITION,NONE,CONVEX-CONVEX,0.632606717276261,0.774473202413713,componentwise_positive,USE_ORIGINAL_INWARD_NORMAL_NO_COMPONENTWISE_PROJECTION,16,2021.73812391937,GEOMETRY_BOUND_ONLY_NOT_PRIMARY_FALSIFICATION_PATH,0,9,0,9,0.101178200455064,FUTURE_AC_ONLY,ALL_OUTER_EDGES_SYMMETRIC_BOUNDARY_HEADROOM,9,False
2011-09-30 11:30:00,E0034,VMIN33,NONE,CONVEX-CONVEX,0.412435658790427,0.910986732811245,componentwise_positive,USE_ORIGINAL_INWARD_NORMAL_NO_COMPONENTWISE_PROJECTION,16,2449.96555720334,GEOMETRY_BOUND_ONLY_NOT_PRIMARY_FALSIFICATION_PATH,0,10,0,10,0.10221519054051,FUTURE_AC_ONLY,ALL_OUTER_EDGES_SYMMETRIC_BOUNDARY_HEADROOM,8,False
2011-09-30 11:30:00,E0035,VMIN33,NONE,CONVEX-CONVEX,0.403952450469295,0.914779983252723,componentwise_positive,USE_ORIGINAL_INWARD_NORMAL_NO_COMPONENTWISE_PROJECTION,16,2471.65996295022,GEOMETRY_BOUND_ONLY_NOT_PRIMARY_FALSIFICATION_PATH,0,21,0,21,0.0513857432637476,FUTURE_AC_ONLY,ALL_OUTER_EDGES_SYMMETRIC_BOUNDARY_HEADROOM,16,False
2011-09-30 11:30:00,E0036,VMIN33,NONE,CONVEX-CONVEX,0.392350725411213,0.919815692554381,componentwise_positive,USE_ORIGINAL_INWARD_NORMAL_NO_COMPONENTWISE_PROJECTION,16,2504.40905307276,GEOMETRY_BOUND_ONLY_NOT_PRIMARY_FALSIFICATION_PATH,0,19,0,19,0.050446658071822,FUTURE_AC_ONLY,ALL_OUTER_EDGES_SYMMETRIC_BOUNDARY_HEADROOM,14,False
2011-09-30 11:30:00,E0037,VMIN33,NONE,CONVEX-CONVEX,0.380708818704506,0.924694974226972,componentwise_positive,USE_ORIGINAL_INWARD_NORMAL_NO_COMPONENTWISE_PROJECTION,16,2540.178788138,GEOMETRY_BOUND_ONLY_NOT_PRIMARY_FALSIFICATION_PATH,0,19,0,19,0.051868528487982,FUTURE_AC_ONLY,ALL_OUTER_EDGES_SYMMETRIC_BOUNDARY_HEADROOM,14,False
2011-09-30 11:30:00,E0038,VMIN33,NONE,CONVEX-CONVEX,0.373159469446791,0.927767217766499,componentwise_positive,USE_ORIGINAL_INWARD_NORMAL_NO_COMPONENTWISE_PROJECTION,16,2565.39008613535,GEOMETRY_BOUND_ONLY_NOT_PRIMARY_FALSIFICATION_PATH,0,2,2,4,0.217595680846478,FUTURE_AC_ONLY,ALL_OUTER_EDGES_SYMMETRIC_BOUNDARY_HEADROOM,2,True
2011-09-30 11:30:00,E0039,VMIN33,NONE,CONVEX-CONVEX,0.368815547239216,0.92950260468416,componentwise_positive,USE_ORIGINAL_INWARD_NORMAL_NO_COMPONENTWISE_PROJECTION,16,2579.96043723233,GEOMETRY_BOUND_ONLY_NOT_PRIMARY_FALSIFICATION_PATH,0,17,0,17,0.060777064016623,FUTURE_AC_ONLY,ALL_OUTER_EDGES_SYMMETRIC_BOUNDARY_HEADROOM,12,False
2011-09-30 11:30:00,E0040,VMIN33,NONE,CONVEX-CONVEX,0.356881450219943,0.934149683128411,componentwise_positive,USE_ORIGINAL_INWARD_NORMAL_NO_COMPONENTWISE_PROJECTION,16,2623.09903184597,GEOMETRY_BOUND_ONLY_NOT_PRIMARY_FALSIFICATION_PATH,0,20,0,20,0.055248487039378,FUTURE_AC_ONLY,ALL_OUTER_EDGES_SYMMETRIC_BOUNDARY_HEADROOM,14,True
2011-09-30 11:30:00,E0041,VMIN33,NONE,CONVEX-CONVEX,0.347252803613903,0.937771555541265,componentwise_positive,USE_ORIGINAL_INWARD_NORMAL_NO_COMPONENTWISE_PROJECTION,16,2661.22874590697,GEOMETRY_BOUND_ONLY_NOT_PRIMARY_FALSIFICATION_PATH,0,10,0,10,0.106174358377516,FUTURE_AC_ONLY,ALL_OUTER_EDGES_SYMMETRIC_BOUNDARY_HEADROOM,8,False
2011-09-30 11:30:00,E0042,VMIN33,NONE,CONVEX-CONVEX,0.33997740448294,0.940433604483083,componentwise_positive,USE_ORIGINAL_INWARD_NORMAL_NO_COMPONENTWISE_PROJECTION,16,2691.43745264034,GEOMETRY_BOUND_ONLY_NOT_PRIMARY_FALSIFICATION_PATH,0,10,0,10,0.107311610848381,FUTURE_AC_ONLY,ALL_OUTER_EDGES_SYMMETRIC_BOUNDARY_HEADROOM,8,False
2011-09-30 11:30:00,E0043,VMIN33,NONE,CONVEX-CONVEX,0.331214974648303,0.943555319294382,componentwise_positive,USE_ORIGINAL_INWARD_NORMAL_NO_COMPONENTWISE_PROJECTION,16,2729.80934556547,GEOMETRY_BOUND_ONLY_NOT_PRIMARY_FALSIFICATION_PATH,0,11,0,11,0.108620997026113,FUTURE_AC_ONLY,ALL_OUTER_EDGES_SYMMETRIC_BOUNDARY_HEADROOM,8,False
2011-09-30 11:30:00,E0044,VMIN33,NONE,CONVEX-CONVEX,0.322022505391132,0.946732013835815,componentwise_positive,USE_ORIGINAL_INWARD_NORMAL_NO_COMPONENTWISE_PROJECTION,16,2772.5192610821,GEOMETRY_BOUND_ONLY_NOT_PRIMARY_FALSIFICATION_PATH,0,10,0,10,0.110183993943135,FUTURE_AC_ONLY,ALL_OUTER_EDGES_SYMMETRIC_BOUNDARY_HEADROOM,9,False
2011-09-30 11:30:00,E0045,VMIN33,ADJACENT_TO_GUARD_LIMITED_EDGE,CONVEX-CONVEX,0.310946480983904,0.950427422775525,componentwise_positive,USE_ORIGINAL_INWARD_NORMAL_NO_COMPONENTWISE_PROJECTION,16,2827.56787186568,GEOMETRY_BOUND_ONLY_NOT_PRIMARY_FALSIFICATION_PATH,0,10,0,10,0.11207919464944,FUTURE_AC_ONLY,ALL_OUTER_EDGES_SYMMETRIC_BOUNDARY_HEADROOM,9,False
2011-09-30 11:30:00,E0046,CLASS_TRANSITION,CROSSES_GUARD_LIMITED_RAY,CONVEX-CONVEX,-0.719108652241606,0.694897651651854,mixed_sign,USE_ORIGINAL_INWARD_NORMAL_NO_COMPONENTWISE_PROJECTION,16,5857.17831436889,GEOMETRY_BOUND_ONLY_NOT_PRIMARY_FALSIFICATION_PATH,0,19,0,19,0.052369054026291,FUTURE_AC_ONLY,ALL_OUTER_EDGES_SYMMETRIC_BOUNDARY_HEADROOM,20,False
2011-09-30 11:30:00,E0047,VMAX13,ADJACENT_TO_GUARD_LIMITED_EDGE,CONVEX-REFLEX,-0.927777688553635,-0.373133435411616,componentwise_nonpositive,USE_ORIGINAL_INWARD_NORMAL_NO_COMPONENTWISE_PROJECTION,16,3025.55742355155,GEOMETRY_BOUND_ONLY_NOT_PRIMARY_FALSIFICATION_PATH,13,9,0,9,0.116264112908706,FUTURE_AC_ONLY,ALL_OUTER_EDGES_SYMMETRIC_BOUNDARY_HEADROOM,11,False
2011-09-30 11:30:00,E0048,VMAX13,NONE,REFLEX-REFLEX,-0.935247590601532,-0.353994271527137,componentwise_nonpositive,USE_ORIGINAL_INWARD_NORMAL_NO_COMPONENTWISE_PROJECTION,17,1460.57023746757,GEOMETRY_BOUND_ONLY_NOT_PRIMARY_FALSIFICATION_PATH,13,9,0,9,0.112383039565037,FUTURE_AC_ONLY,ALL_OUTER_EDGES_SYMMETRIC_BOUNDARY_HEADROOM,11,False
2011-09-30 11:30:00,E0049,VMAX13,NONE,REFLEX-REFLEX,-0.939988606300097,-0.341205832344643,componentwise_nonpositive,USE_ORIGINAL_INWARD_NORMAL_NO_COMPONENTWISE_PROJECTION,18,1488.35873936977,GEOMETRY_BOUND_ONLY_NOT_PRIMARY_FALSIFICATION_PATH,13,9,0,9,0.109869933415425,FUTURE_AC_ONLY,ALL_OUTER_EDGES_SYMMETRIC_BOUNDARY_HEADROOM,13,False
2011-09-30 11:30:00,E0050,VMAX13,NONE,REFLEX-REFLEX,-0.94337806092601,-0.331719511279458,componentwise_nonpositive,USE_ORIGINAL_INWARD_NORMAL_NO_COMPONENTWISE_PROJECTION,19,1504.64976566318,GEOMETRY_BOUND_ONLY_NOT_PRIMARY_FALSIFICATION_PATH,12,9,0,9,0.108024786364317,FUTURE_AC_ONLY,ALL_OUTER_EDGES_SYMMETRIC_BOUNDARY_HEADROOM,13,False
2011-09-30 11:30:00,E0051,VMAX13,NONE,REFLEX-REFLEX,-0.946106049660206,-0.323856978921807,componentwise_nonpositive,USE_ORIGINAL_INWARD_NORMAL_NO_COMPONENTWISE_PROJECTION,20,1515.25050926113,GEOMETRY_BOUND_ONLY_NOT_PRIMARY_FALSIFICATION_PATH,12,9,0,9,0.106560070703921,FUTURE_AC_ONLY,ALL_OUTER_EDGES_SYMMETRIC_BOUNDARY_HEADROOM,14,False
2011-09-30 11:30:00,E0052,VMAX13,NONE,REFLEX-REFLEX,-0.948811191715979,-0.315843826082613,componentwise_nonpositive,USE_ORIGINAL_INWARD_NORMAL_NO_COMPONENTWISE_PROJECTION,21,1523.54523193944,GEOMETRY_BOUND_ONLY_NOT_PRIMARY_FALSIFICATION_PATH,22,19,0,19,0.0553756559853345,FUTURE_AC_ONLY,ALL_OUTER_EDGES_SYMMETRIC_BOUNDARY_HEADROOM,28,False
2011-11-14 17:30:00,E0000,VMAX13,NONE,REFLEX-REFLEX,-0.954384786685602,-0.298579434896442,componentwise_nonpositive,USE_ORIGINAL_INWARD_NORMAL_NO_COMPONENTWISE_PROJECTION,0,1250.8184984699,GEOMETRY_BOUND_ONLY_NOT_PRIMARY_FALSIFICATION_PATH,21,19,0,19,0.0532163641033046,FUTURE_AC_ONLY,ALL_OUTER_EDGES_SYMMETRIC_BOUNDARY_HEADROOM,29,False
2011-11-14 17:30:00,E0001,VMAX13,NONE,REFLEX-REFLEX,-0.956356035088375,-0.292203925623944,componentwise_nonpositive,USE_ORIGINAL_INWARD_NORMAL_NO_COMPONENTWISE_PROJECTION,1,1251.24557160668,GEOMETRY_BOUND_ONLY_NOT_PRIMARY_FALSIFICATION_PATH,22,19,0,19,0.0515190676323353,FUTURE_AC_ONLY,ALL_OUTER_EDGES_SYMMETRIC_BOUNDARY_HEADROOM,26,False
2011-11-14 17:30:00,E0002,VMAX13,NONE,REFLEX-REFLEX,-0.957939804530738,-0.286969215937201,componentwise_nonpositive,USE_ORIGINAL_INWARD_NORMAL_NO_COMPONENTWISE_PROJECTION,2,1249.93634440788,GEOMETRY_BOUND_ONLY_NOT_PRIMARY_FALSIFICATION_PATH,21,19,0,19,0.050459642215963,FUTURE_AC_ONLY,ALL_OUTER_EDGES_SYMMETRIC_BOUNDARY_HEADROOM,25,False
2011-11-14 17:30:00,E0003,VMAX13,NONE,REFLEX-REFLEX,-0.959552014674479,-0.281531403459984,componentwise_nonpositive,USE_ORIGINAL_INWARD_NORMAL_NO_COMPONENTWISE_PROJECTION,3,1246.89606048296,GEOMETRY_BOUND_ONLY_NOT_PRIMARY_FALSIFICATION_PATH,14,19,0,19,0.052035596873746,FUTURE_AC_ONLY,ALL_OUTER_EDGES_SYMMETRIC_BOUNDARY_HEADROOM,21,False
2011-11-14 17:30:00,E0004,VMAX13,NONE,REFLEX-CONVEX,-0.961397751076125,-0.27516243243904,componentwise_nonpositive,USE_ORIGINAL_INWARD_NORMAL_NO_COMPONENTWISE_PROJECTION,4,1241.28144624744,GEOMETRY_BOUND_ONLY_NOT_PRIMARY_FALSIFICATION_PATH,16,20,0,20,0.053808016186935,FUTURE_AC_ONLY,ALL_OUTER_EDGES_SYMMETRIC_BOUNDARY_HEADROOM,19,False
2011-11-14 17:30:00,E0005,CLASS_TRANSITION,NONE,CONVEX-CONVEX,-0.944646379414057,-0.328090258709266,componentwise_nonpositive,USE_ORIGINAL_INWARD_NORMAL_NO_COMPONENTWISE_PROJECTION,4,1305.44674976434,GEOMETRY_BOUND_ONLY_NOT_PRIMARY_FALSIFICATION_PATH,0,10,0,10,0.103979894329356,FUTURE_AC_ONLY,ALL_OUTER_EDGES_SYMMETRIC_BOUNDARY_HEADROOM,8,False
2011-11-14 17:30:00,E0006,VMAX30,NONE,CONVEX-REFLEX,-0.384483248837166,-0.923131968552502,componentwise_nonpositive,USE_ORIGINAL_INWARD_NORMAL_NO_COMPONENTWISE_PROJECTION,4,1840.69174228865,GEOMETRY_BOUND_ONLY_NOT_PRIMARY_FALSIFICATION_PATH,0,9,0,9,0.102426528956866,FUTURE_AC_ONLY,ALL_OUTER_EDGES_SYMMETRIC_BOUNDARY_HEADROOM,8,False
2011-11-14 17:30:00,E0007,VMAX30,NONE,REFLEX-REFLEX,-0.388037359398054,-0.9216436446433,componentwise_nonpositive,USE_ORIGINAL_INWARD_NORMAL_NO_COMPONENTWISE_PROJECTION,5,1840.58247447833,GEOMETRY_BOUND_ONLY_NOT_PRIMARY_FALSIFICATION_PATH,20,19,0,19,0.0515116412936631,FUTURE_AC_ONLY,ALL_OUTER_EDGES_SYMMETRIC_BOUNDARY_HEADROOM,16,False
2011-11-14 17:30:00,E0008,VMAX30,NONE,REFLEX-REFLEX,-0.396357240248833,-0.918096366457426,componentwise_nonpositive,USE_ORIGINAL_INWARD_NORMAL_NO_COMPONENTWISE_PROJECTION,6,1837.973710579,GEOMETRY_BOUND_ONLY_NOT_PRIMARY_FALSIFICATION_PATH,5,19,0,19,0.050463363627089,FUTURE_AC_ONLY,ALL_OUTER_EDGES_SYMMETRIC_BOUNDARY_HEADROOM,14,False
2011-11-14 17:30:00,E0009,VMAX30,NONE,REFLEX-REFLEX,-0.405063300519092,-0.914288642920046,componentwise_nonpositive,USE_ORIGINAL_INWARD_NORMAL_NO_COMPONENTWISE_PROJECTION,7,1832.75966530788,GEOMETRY_BOUND_ONLY_NOT_PRIMARY_FALSIFICATION_PATH,0,19,0,19,0.0520366859763109,FUTURE_AC_ONLY,ALL_OUTER_EDGES_SYMMETRIC_BOUNDARY_HEADROOM,14,False
2011-11-14 17:30:00,E0010,VMAX30,NONE,REFLEX-REFLEX,-0.414644168057587,-0.909983633861528,componentwise_nonpositive,USE_ORIGINAL_INWARD_NORMAL_NO_COMPONENTWISE_PROJECTION,8,1824.12995408666,GEOMETRY_BOUND_ONLY_NOT_PRIMARY_FALSIFICATION_PATH,12,19,0,19,0.053800577400926,FUTURE_AC_ONLY,ALL_OUTER_EDGES_SYMMETRIC_BOUNDARY_HEADROOM,14,False
2011-11-14 17:30:00,E0011,VMAX30,NONE,REFLEX-REFLEX,-0.42395659529261,-0.905682508005923,componentwise_nonpositive,USE_ORIGINAL_INWARD_NORMAL_NO_COMPONENTWISE_PROJECTION,9,1812.57895033076,GEOMETRY_BOUND_ONLY_NOT_PRIMARY_FALSIFICATION_PATH,0,9,0,9,0.10482197429918,FUTURE_AC_ONLY,ALL_OUTER_EDGES_SYMMETRIC_BOUNDARY_HEADROOM,7,False
2011-11-14 17:30:00,E0012,VMAX30,NONE,REFLEX-REFLEX,-0.428369003174038,-0.903603893926803,componentwise_nonpositive,USE_ORIGINAL_INWARD_NORMAL_NO_COMPONENTWISE_PROJECTION,10,1806.2230541671,GEOMETRY_BOUND_ONLY_NOT_PRIMARY_FALSIFICATION_PATH,9,9,0,9,0.105892048934689,FUTURE_AC_ONLY,ALL_OUTER_EDGES_SYMMETRIC_BOUNDARY_HEADROOM,7,True
2011-11-14 17:30:00,E0013,VMAX30,NONE,REFLEX-REFLEX,-0.434501886356812,-0.900670922564047,componentwise_nonpositive,USE_ORIGINAL_INWARD_NORMAL_NO_COMPONENTWISE_PROJECTION,11,1796.04384103502,GEOMETRY_BOUND_ONLY_NOT_PRIMARY_FALSIFICATION_PATH,0,3,0,3,0.273903776275972,FUTURE_AC_ONLY,ALL_OUTER_EDGES_SYMMETRIC_BOUNDARY_HEADROOM,3,False
2011-11-14 17:30:00,E0014,VMAX30,NONE,REFLEX-REFLEX,-0.438359933311439,-0.898799515391053,componentwise_nonpositive,USE_ORIGINAL_INWARD_NORMAL_NO_COMPONENTWISE_PROJECTION,12,1789.26099842229,GEOMETRY_BOUND_ONLY_NOT_PRIMARY_FALSIFICATION_PATH,0,6,0,6,0.165156280831639,FUTURE_AC_ONLY,ALL_OUTER_EDGES_SYMMETRIC_BOUNDARY_HEADROOM,5,False
2011-11-14 17:30:00,E0015,VMAX30,NONE,REFLEX-REFLEX,-0.445111483587316,-0.895475162792748,componentwise_nonpositive,USE_ORIGINAL_INWARD_NORMAL_NO_COMPONENTWISE_PROJECTION,13,1776.2364402048,GEOMETRY_BOUND_ONLY_NOT_PRIMARY_FALSIFICATION_PATH,9,9,0,9,0.108707860915199,FUTURE_AC_ONLY,ALL_OUTER_EDGES_SYMMETRIC_BOUNDARY_HEADROOM,8,False
2011-11-14 17:30:00,E0016,VMAX30,NONE,REFLEX-REFLEX,-0.45811710156096,-0.888891850146791,componentwise_nonpositive,USE_ORIGINAL_INWARD_NORMAL_NO_COMPONENTWISE_PROJECTION,14,1747.01868816161,GEOMETRY_BOUND_ONLY_NOT_PRIMARY_FALSIFICATION_PATH,12,9,0,9,0.110703320559925,FUTURE_AC_ONLY,ALL_OUTER_EDGES_SYMMETRIC_BOUNDARY_HEADROOM,8,False
2011-11-14 17:30:00,E0017,VMAX30,NONE,REFLEX-REFLEX,-0.473716346809779,-0.880677479424333,componentwise_nonpositive,USE_ORIGINAL_INWARD_NORMAL_NO_COMPONENTWISE_PROJECTION,15,1705.59626917614,GEOMETRY_BOUND_ONLY_NOT_PRIMARY_FALSIFICATION_PATH,13,9,0,9,0.113409935309857,FUTURE_AC_ONLY,ALL_OUTER_EDGES_SYMMETRIC_BOUNDARY_HEADROOM,8,True
2011-11-14 17:30:00,E0018,VMAX30,ADJACENT_TO_GUARD_LIMITED_EDGE,REFLEX-CONVEX,-0.497573169710326,-0.867422008473626,componentwise_nonpositive,USE_ORIGINAL_INWARD_NORMAL_NO_COMPONENTWISE_PROJECTION,16,1629.02154766657,GEOMETRY_BOUND_ONLY_NOT_PRIMARY_FALSIFICATION_PATH,13,9,0,9,0.117638265776659,FUTURE_AC_ONLY,ALL_OUTER_EDGES_SYMMETRIC_BOUNDARY_HEADROOM,10,False
2011-11-14 17:30:00,E0019,CLASS_TRANSITION,CROSSES_GUARD_LIMITED_RAY,CONVEX-CONVEX,0.916214503679614,-0.400688137142988,mixed_sign,USE_ORIGINAL_INWARD_NORMAL_NO_COMPONENTWISE_PROJECTION,16,3235.01271956012,GEOMETRY_BOUND_ONLY_NOT_PRIMARY_FALSIFICATION_PATH,0,20,0,20,0.0513715815417965,FUTURE_AC_ONLY,ALL_OUTER_EDGES_SYMMETRIC_BOUNDARY_HEADROOM,20,True
2011-11-14 17:30:00,E0020,VMIN18,ADJACENT_TO_GUARD_LIMITED_EDGE,CONVEX-CONVEX,0.975026458720219,0.222088731806701,componentwise_positive,USE_ORIGINAL_INWARD_NORMAL_NO_COMPONENTWISE_PROJECTION,16,1839.97257809425,GEOMETRY_BOUND_ONLY_NOT_PRIMARY_FALSIFICATION_PATH,0,11,0,11,0.110116825207138,FUTURE_AC_ONLY,ALL_OUTER_EDGES_SYMMETRIC_BOUNDARY_HEADROOM,10,False
2011-11-14 17:30:00,E0021,VMIN18,NONE,CONVEX-CONVEX,0.973289596088975,0.229580840108578,componentwise_positive,USE_ORIGINAL_INWARD_NORMAL_NO_COMPONENTWISE_PROJECTION,17,3434.20042777928,GEOMETRY_BOUND_ONLY_NOT_PRIMARY_FALSIFICATION_PATH,0,9,0,9,0.10862445140183,FUTURE_AC_ONLY,ALL_OUTER_EDGES_SYMMETRIC_BOUNDARY_HEADROOM,12,False
2011-11-14 17:30:00,E0022,VMIN18,NONE,CONVEX-CONVEX,0.971690521293305,0.236257340264268,componentwise_positive,USE_ORIGINAL_INWARD_NORMAL_NO_COMPONENTWISE_PROJECTION,17,3398.25650294243,GEOMETRY_BOUND_ONLY_NOT_PRIMARY_FALSIFICATION_PATH,0,11,0,11,0.10735153379851,FUTURE_AC_ONLY,ALL_OUTER_EDGES_SYMMETRIC_BOUNDARY_HEADROOM,13,False
2011-11-14 17:30:00,E0023,VMIN18,NONE,CONVEX-CONVEX,0.970324838991956,0.241805100928899,componentwise_positive,USE_ORIGINAL_INWARD_NORMAL_NO_COMPONENTWISE_PROJECTION,17,3370.43084307579,GEOMETRY_BOUND_ONLY_NOT_PRIMARY_FALSIFICATION_PATH,0,10,0,10,0.106235115897549,FUTURE_AC_ONLY,ALL_OUTER_EDGES_SYMMETRIC_BOUNDARY_HEADROOM,13,False
2011-11-14 17:30:00,E0024,VMIN18,NONE,CONVEX-CONVEX,0.968855891357363,0.247625244638202,componentwise_positive,USE_ORIGINAL_INWARD_NORMAL_NO_COMPONENTWISE_PROJECTION,17,3343.09682598437,GEOMETRY_BOUND_ONLY_NOT_PRIMARY_FALSIFICATION_PATH,0,9,0,9,0.105259465611368,FUTURE_AC_ONLY,ALL_OUTER_EDGES_SYMMETRIC_BOUNDARY_HEADROOM,13,False
2011-11-14 17:30:00,E0025,VMIN18,NONE,CONVEX-CONVEX,0.966837359604438,0.25539287396699,componentwise_positive,USE_ORIGINAL_INWARD_NORMAL_NO_COMPONENTWISE_PROJECTION,17,3308.76115577472,GEOMETRY_BOUND_ONLY_NOT_PRIMARY_FALSIFICATION_PATH,0,20,0,20,0.0544182924544485,FUTURE_AC_ONLY,ALL_OUTER_EDGES_SYMMETRIC_BOUNDARY_HEADROOM,29,False
2011-11-14 17:30:00,E0026,VMIN18,NONE,CONVEX-CONVEX,0.964388479355765,0.264489812442512,componentwise_positive,USE_ORIGINAL_INWARD_NORMAL_NO_COMPONENTWISE_PROJECTION,17,3273.0782846566,GEOMETRY_BOUND_ONLY_NOT_PRIMARY_FALSIFICATION_PATH,0,20,0,20,0.0527585644812259,FUTURE_AC_ONLY,ALL_OUTER_EDGES_SYMMETRIC_BOUNDARY_HEADROOM,29,False
2011-11-14 17:30:00,E0027,VMIN18,NONE,CONVEX-CONVEX,0.961738530772043,0.273968973477712,componentwise_positive,USE_ORIGINAL_INWARD_NORMAL_NO_COMPONENTWISE_PROJECTION,17,3239.95773078766,GEOMETRY_BOUND_ONLY_NOT_PRIMARY_FALSIFICATION_PATH,0,19,0,19,0.0512995609320615,FUTURE_AC_ONLY,ALL_OUTER_EDGES_SYMMETRIC_BOUNDARY_HEADROOM,26,False
2011-11-14 17:30:00,E0028,VMIN18,NONE,CONVEX-CONVEX,0.959993802253189,0.280021248542795,componentwise_positive,USE_ORIGINAL_INWARD_NORMAL_NO_COMPONENTWISE_PROJECTION,17,3221.25347906134,GEOMETRY_BOUND_ONLY_NOT_PRIMARY_FALSIFICATION_PATH,0,1,4,5,0.208938569790709,FUTURE_AC_ONLY,ALL_OUTER_EDGES_SYMMETRIC_BOUNDARY_HEADROOM,3,False
2011-11-14 17:30:00,E0029,VMIN18,NONE,CONVEX-CONVEX,0.95888807232141,0.283784539324696,componentwise_positive,USE_ORIGINAL_INWARD_NORMAL_NO_COMPONENTWISE_PROJECTION,17,3209.68067896663,GEOMETRY_BOUND_ONLY_NOT_PRIMARY_FALSIFICATION_PATH,0,18,0,18,0.055235044120412,FUTURE_AC_ONLY,ALL_OUTER_EDGES_SYMMETRIC_BOUNDARY_HEADROOM,22,False
2011-11-14 17:30:00,E0030,VMIN18,NONE,CONVEX-CONVEX,0.955881288868042,0.293753232479185,componentwise_positive,USE_ORIGINAL_INWARD_NORMAL_NO_COMPONENTWISE_PROJECTION,17,3182.66031250222,GEOMETRY_BOUND_ONLY_NOT_PRIMARY_FALSIFICATION_PATH,0,19,0,19,0.051883898437606,FUTURE_AC_ONLY,ALL_OUTER_EDGES_SYMMETRIC_BOUNDARY_HEADROOM,21,False
2011-11-14 17:30:00,E0031,VMIN18,NONE,CONVEX-CONVEX,0.953316727386925,0.301972212768465,componentwise_positive,USE_ORIGINAL_INWARD_NORMAL_NO_COMPONENTWISE_PROJECTION,17,3163.75022062155,GEOMETRY_BOUND_ONLY_NOT_PRIMARY_FALSIFICATION_PATH,0,9,0,9,0.102671966347786,FUTURE_AC_ONLY,ALL_OUTER_EDGES_SYMMETRIC_BOUNDARY_HEADROOM,9,True
2011-11-14 17:30:00,E0032,CLASS_TRANSITION,NONE,CONVEX-CONVEX,0.887334049678919,0.461127188832332,componentwise_positive,USE_ORIGINAL_INWARD_NORMAL_NO_COMPONENTWISE_PROJECTION,17,2861.74802828476,GEOMETRY_BOUND_ONLY_NOT_PRIMARY_FALSIFICATION_PATH,0,9,0,9,0.10158455453767,FUTURE_AC_ONLY,ALL_OUTER_EDGES_SYMMETRIC_BOUNDARY_HEADROOM,10,False
2011-11-14 17:30:00,E0033,VMIN33,NONE,CONVEX-CONVEX,0.409703730845044,0.912218643161633,componentwise_positive,USE_ORIGINAL_INWARD_NORMAL_NO_COMPONENTWISE_PROJECTION,17,3180.07756356567,GEOMETRY_BOUND_ONLY_NOT_PRIMARY_FALSIFICATION_PATH,0,20,0,20,0.0529471272182572,FUTURE_AC_ONLY,ALL_OUTER_EDGES_SYMMETRIC_BOUNDARY_HEADROOM,16,True
2011-11-14 17:30:00,E0034,VMIN33,NONE,CONVEX-CONVEX,0.396289854028903,0.918125455258567,componentwise_positive,USE_ORIGINAL_INWARD_NORMAL_NO_COMPONENTWISE_PROJECTION,17,3223.91323321745,GEOMETRY_BOUND_ONLY_NOT_PRIMARY_FALSIFICATION_PATH,0,17,0,17,0.062816084665824,FUTURE_AC_ONLY,ALL_OUTER_EDGES_SYMMETRIC_BOUNDARY_HEADROOM,13,False
2011-11-14 17:30:00,E0035,VMIN33,NONE,CONVEX-CONVEX,0.390488718781272,0.920607712603235,componentwise_positive,USE_ORIGINAL_INWARD_NORMAL_NO_COMPONENTWISE_PROJECTION,17,3244.22559632706,GEOMETRY_BOUND_ONLY_NOT_PRIMARY_FALSIFICATION_PATH,0,4,0,4,0.271614033385244,FUTURE_AC_ONLY,ALL_OUTER_EDGES_SYMMETRIC_BOUNDARY_HEADROOM,3,False
2011-11-14 17:30:00,E0036,VMIN33,NONE,CONVEX-CONVEX,0.382011026805064,0.92415776542717,componentwise_positive,USE_ORIGINAL_INWARD_NORMAL_NO_COMPONENTWISE_PROJECTION,17,3274.11269693021,GEOMETRY_BOUND_ONLY_NOT_PRIMARY_FALSIFICATION_PATH,0,20,0,20,0.050365034489235,FUTURE_AC_ONLY,ALL_OUTER_EDGES_SYMMETRIC_BOUNDARY_HEADROOM,14,False
2011-11-14 17:30:00,E0037,VMIN33,NONE,CONVEX-CONVEX,0.370482562202338,0.928839421592339,componentwise_positive,USE_ORIGINAL_INWARD_NORMAL_NO_COMPONENTWISE_PROJECTION,17,3318.0154026115,GEOMETRY_BOUND_ONLY_NOT_PRIMARY_FALSIFICATION_PATH,0,19,0,19,0.051783646330987,FUTURE_AC_ONLY,ALL_OUTER_EDGES_SYMMETRIC_BOUNDARY_HEADROOM,14,False
2011-11-14 17:30:00,E0038,VMIN33,NONE,CONVEX-CONVEX,0.35804236896066,0.933705340045262,componentwise_positive,USE_ORIGINAL_INWARD_NORMAL_NO_COMPONENTWISE_PROJECTION,17,3368.87906571669,GEOMETRY_BOUND_ONLY_NOT_PRIMARY_FALSIFICATION_PATH,0,20,0,20,0.053328343185853,FUTURE_AC_ONLY,ALL_OUTER_EDGES_SYMMETRIC_BOUNDARY_HEADROOM,14,False
2011-11-14 17:30:00,E0039,VMIN33,NONE,CONVEX-CONVEX,0.345386133192952,0.93846066459816,componentwise_positive,USE_ORIGINAL_INWARD_NORMAL_NO_COMPONENTWISE_PROJECTION,17,3424.51666449671,GEOMETRY_BOUND_ONLY_NOT_PRIMARY_FALSIFICATION_PATH,0,20,0,20,0.055123965312042,FUTURE_AC_ONLY,ALL_OUTER_EDGES_SYMMETRIC_BOUNDARY_HEADROOM,14,True
2011-11-14 17:30:00,E0040,VMIN33,NONE,CONVEX-CONVEX,0.335430234282727,0.942065049733316,componentwise_positive,USE_ORIGINAL_INWARD_NORMAL_NO_COMPONENTWISE_PROJECTION,17,3472.0121071669,GEOMETRY_BOUND_ONLY_NOT_PRIMARY_FALSIFICATION_PATH,0,9,0,9,0.106039713878509,FUTURE_AC_ONLY,ALL_OUTER_EDGES_SYMMETRIC_BOUNDARY_HEADROOM,8,False
2011-11-14 17:30:00,E0041,VMIN33,NONE,CONVEX-CONVEX,0.326953381668104,0.945040468030756,componentwise_positive,USE_ORIGINAL_INWARD_NORMAL_NO_COMPONENTWISE_PROJECTION,17,3514.17482127993,GEOMETRY_BOUND_ONLY_NOT_PRIMARY_FALSIFICATION_PATH,0,10,0,10,0.107143790266075,FUTURE_AC_ONLY,ALL_OUTER_EDGES_SYMMETRIC_BOUNDARY_HEADROOM,8,False
2011-11-14 17:30:00,E0042,VMIN33,NONE,CONVEX-CONVEX,0.318130280568746,0.948047005472435,componentwise_positive,USE_ORIGINAL_INWARD_NORMAL_NO_COMPONENTWISE_PROJECTION,17,3560.19313791916,GEOMETRY_BOUND_ONLY_NOT_PRIMARY_FALSIFICATION_PATH,0,11,0,11,0.10842397584364,FUTURE_AC_ONLY,ALL_OUTER_EDGES_SYMMETRIC_BOUNDARY_HEADROOM,8,False
2011-11-14 17:30:00,E0043,VMIN33,ADJACENT_TO_GUARD_LIMITED_EDGE,CONVEX-CONVEX,0.309118381513076,0.951023567642115,componentwise_positive,USE_ORIGINAL_INWARD_NORMAL_NO_COMPONENTWISE_PROJECTION,17,3609.79476872469,GEOMETRY_BOUND_ONLY_NOT_PRIMARY_FALSIFICATION_PATH,0,9,0,9,0.109950010755974,FUTURE_AC_ONLY,ALL_OUTER_EDGES_SYMMETRIC_BOUNDARY_HEADROOM,8,True
2011-11-14 17:30:00,E0044,CLASS_TRANSITION,CROSSES_GUARD_LIMITED_RAY,CONVEX-CONVEX,-0.696006693758048,0.718035293174361,mixed_sign,USE_ORIGINAL_INWARD_NORMAL_NO_COMPONENTWISE_PROJECTION,17,6636.1068277518,GEOMETRY_BOUND_ONLY_NOT_PRIMARY_FALSIFICATION_PATH,0,21,0,21,0.051875282125639,FUTURE_AC_ONLY,ALL_OUTER_EDGES_SYMMETRIC_BOUNDARY_HEADROOM,19,False
2011-11-14 17:30:00,E0045,VMAX13,ADJACENT_TO_GUARD_LIMITED_EDGE,CONVEX-REFLEX,-0.929995823319848,-0.367570086660541,componentwise_nonpositive,USE_ORIGINAL_INWARD_NORMAL_NO_COMPONENTWISE_PROJECTION,17,3018.17857336376,GEOMETRY_BOUND_ONLY_NOT_PRIMARY_FALSIFICATION_PATH,13,9,0,9,0.1204503255455,FUTURE_AC_ONLY,ALL_OUTER_EDGES_SYMMETRIC_BOUNDARY_HEADROOM,11,False
2011-11-14 17:30:00,E0046,VMAX13,NONE,REFLEX-REFLEX,-0.937878346136268,-0.346964274599991,componentwise_nonpositive,USE_ORIGINAL_INWARD_NORMAL_NO_COMPONENTWISE_PROJECTION,18,1183.49183807699,GEOMETRY_BOUND_ONLY_NOT_PRIMARY_FALSIFICATION_PATH,13,9,0,9,0.114943494334369,FUTURE_AC_ONLY,ALL_OUTER_EDGES_SYMMETRIC_BOUNDARY_HEADROOM,10,False
2011-11-14 17:30:00,E0047,VMAX13,NONE,REFLEX-REFLEX,-0.942354934989955,-0.334614967537433,componentwise_nonpositive,USE_ORIGINAL_INWARD_NORMAL_NO_COMPONENTWISE_PROJECTION,19,1210.37333287875,GEOMETRY_BOUND_ONLY_NOT_PRIMARY_FALSIFICATION_PATH,12,9,0,9,0.111727119259342,FUTURE_AC_ONLY,ALL_OUTER_EDGES_SYMMETRIC_BOUNDARY_HEADROOM,12,False
2011-11-14 17:30:00,E0048,VMAX13,NONE,REFLEX-REFLEX,-0.945547617649135,-0.325483797996222,componentwise_nonpositive,USE_ORIGINAL_INWARD_NORMAL_NO_COMPONENTWISE_PROJECTION,20,1226.10523503906,GEOMETRY_BOUND_ONLY_NOT_PRIMARY_FALSIFICATION_PATH,7,8,0,8,0.130043162105757,FUTURE_AC_ONLY,ALL_OUTER_EDGES_SYMMETRIC_BOUNDARY_HEADROOM,10,False
2011-11-14 17:30:00,E0049,VMAX13,NONE,REFLEX-REFLEX,-0.946580386437097,-0.322467939511196,componentwise_nonpositive,USE_ORIGINAL_INWARD_NORMAL_NO_COMPONENTWISE_PROJECTION,21,1230.40334187238,GEOMETRY_BOUND_ONLY_NOT_PRIMARY_FALSIFICATION_PATH,0,1,4,5,0.210943154831829,FUTURE_AC_ONLY,ALL_OUTER_EDGES_SYMMETRIC_BOUNDARY_HEADROOM,3,False
2011-11-14 17:30:00,E0050,VMAX13,NONE,REFLEX-REFLEX,-0.948118453819939,-0.317917280949131,componentwise_nonpositive,USE_ORIGINAL_INWARD_NORMAL_NO_COMPONENTWISE_PROJECTION,22,1236.61336982465,GEOMETRY_BOUND_ONLY_NOT_PRIMARY_FALSIFICATION_PATH,12,9,0,9,0.107750907474463,FUTURE_AC_ONLY,ALL_OUTER_EDGES_SYMMETRIC_BOUNDARY_HEADROOM,13,False
2011-11-14 17:30:00,E0051,VMAX13,NONE,REFLEX-REFLEX,-0.949757428635618,-0.312986943420104,componentwise_nonpositive,USE_ORIGINAL_INWARD_NORMAL_NO_COMPONENTWISE_PROJECTION,23,1241.92018917059,GEOMETRY_BOUND_ONLY_NOT_PRIMARY_FALSIFICATION_PATH,10,9,0,9,0.106384561419884,FUTURE_AC_ONLY,ALL_OUTER_EDGES_SYMMETRIC_BOUNDARY_HEADROOM,13,False
2011-11-14 17:30:00,E0052,VMAX13,NONE,REFLEX-REFLEX,-0.952060452380038,-0.305909945921865,componentwise_nonpositive,USE_ORIGINAL_INWARD_NORMAL_NO_COMPONENTWISE_PROJECTION,24,1247.77222155246,GEOMETRY_BOUND_ONLY_NOT_PRIMARY_FALSIFICATION_PATH,21,19,0,19,0.0552311401757027,FUTURE_AC_ONLY,ALL_OUTER_EDGES_SYMMETRIC_BOUNDARY_HEADROOM,29,False
2011-11-14 19:30:00,E0000,VMAX13,NONE,REFLEX-REFLEX,-0.954664478388464,-0.297683949354482,componentwise_nonpositive,USE_ORIGINAL_INWARD_NORMAL_NO_COMPONENTWISE_PROJECTION,0,1231.0384901462,GEOMETRY_BOUND_ONLY_NOT_PRIMARY_FALSIFICATION_PATH,21,19,0,19,0.0532053731788394,FUTURE_AC_ONLY,ALL_OUTER_EDGES_SYMMETRIC_BOUNDARY_HEADROOM,29,False
2011-11-14 19:30:00,E0001,VMAX13,NONE,REFLEX-REFLEX,-0.956308117869535,-0.292360708195935,componentwise_nonpositive,USE_ORIGINAL_INWARD_NORMAL_NO_COMPONENTWISE_PROJECTION,1,1231.38618120291,GEOMETRY_BOUND_ONLY_NOT_PRIMARY_FALSIFICATION_PATH,20,19,0,19,0.0515220247739338,FUTURE_AC_ONLY,ALL_OUTER_EDGES_SYMMETRIC_BOUNDARY_HEADROOM,26,False
2011-11-14 19:30:00,E0002,VMAX13,NONE,REFLEX-REFLEX,-0.958070652113346,-0.286532067243978,componentwise_nonpositive,USE_ORIGINAL_INWARD_NORMAL_NO_COMPONENTWISE_PROJECTION,2,1229.94950703636,GEOMETRY_BOUND_ONLY_NOT_PRIMARY_FALSIFICATION_PATH,12,19,0,19,0.050463706270933,FUTURE_AC_ONLY,ALL_OUTER_EDGES_SYMMETRIC_BOUNDARY_HEADROOM,25,False
2011-11-14 19:30:00,E0003,VMAX13,NONE,REFLEX-REFLEX,-0.959847941380781,-0.280520818170554,componentwise_nonpositive,USE_ORIGINAL_INWARD_NORMAL_NO_COMPONENTWISE_PROJECTION,3,1226.63516511046,GEOMETRY_BOUND_ONLY_NOT_PRIMARY_FALSIFICATION_PATH,19,19,0,19,0.0520471645287141,FUTURE_AC_ONLY,ALL_OUTER_EDGES_SYMMETRIC_BOUNDARY_HEADROOM,21,False
2011-11-14 19:30:00,E0004,VMAX13,NONE,REFLEX-CONVEX,-0.961163402253801,-0.27597991624011,componentwise_nonpositive,USE_ORIGINAL_INWARD_NORMAL_NO_COMPONENTWISE_PROJECTION,4,1222.69249991458,GEOMETRY_BOUND_ONLY_NOT_PRIMARY_FALSIFICATION_PATH,18,19,0,19,0.053794954769419,FUTURE_AC_ONLY,ALL_OUTER_EDGES_SYMMETRIC_BOUNDARY_HEADROOM,19,False
2011-11-14 19:30:00,E0005,CLASS_TRANSITION,NONE,CONVEX-CONVEX,-0.957189660739848,-0.289461488583085,componentwise_nonpositive,USE_ORIGINAL_INWARD_NORMAL_NO_COMPONENTWISE_PROJECTION,4,1239.03302160327,GEOMETRY_BOUND_ONLY_NOT_PRIMARY_FALSIFICATION_PATH,0,10,0,10,0.104528522119091,FUTURE_AC_ONLY,ALL_OUTER_EDGES_SYMMETRIC_BOUNDARY_HEADROOM,8,False
2011-11-14 19:30:00,E0006,VMAX30,NONE,CONVEX-REFLEX,-0.382453929255762,-0.9239745624187,componentwise_nonpositive,USE_ORIGINAL_INWARD_NORMAL_NO_COMPONENTWISE_PROJECTION,4,1822.3889114782,GEOMETRY_BOUND_ONLY_NOT_PRIMARY_FALSIFICATION_PATH,0,10,0,10,0.102441701184299,FUTURE_AC_ONLY,ALL_OUTER_EDGES_SYMMETRIC_BOUNDARY_HEADROOM,8,False
2011-11-14 19:30:00,E0007,VMAX30,NONE,REFLEX-REFLEX,-0.388540260056621,-0.921431748050355,componentwise_nonpositive,USE_ORIGINAL_INWARD_NORMAL_NO_COMPONENTWISE_PROJECTION,5,1822.21228219992,GEOMETRY_BOUND_ONLY_NOT_PRIMARY_FALSIFICATION_PATH,15,19,0,19,0.0515088221391415,FUTURE_AC_ONLY,ALL_OUTER_EDGES_SYMMETRIC_BOUNDARY_HEADROOM,16,False
2011-11-14 19:30:00,E0008,VMAX30,NONE,REFLEX-REFLEX,-0.396037323798225,-0.918234413512552,componentwise_nonpositive,USE_ORIGINAL_INWARD_NORMAL_NO_COMPONENTWISE_PROJECTION,6,1819.8820374366,GEOMETRY_BOUND_ONLY_NOT_PRIMARY_FALSIFICATION_PATH,15,19,0,19,0.050460395477494,FUTURE_AC_ONLY,ALL_OUTER_EDGES_SYMMETRIC_BOUNDARY_HEADROOM,14,False
2011-11-14 19:30:00,E0009,VMAX30,NONE,REFLEX-REFLEX,-0.404093662920784,-0.91471761302998,componentwise_nonpositive,USE_ORIGINAL_INWARD_NORMAL_NO_COMPONENTWISE_PROJECTION,7,1815.11712345579,GEOMETRY_BOUND_ONLY_NOT_PRIMARY_FALSIFICATION_PATH,11,19,0,19,0.052028592174556,FUTURE_AC_ONLY,ALL_OUTER_EDGES_SYMMETRIC_BOUNDARY_HEADROOM,14,False
2011-11-14 19:30:00,E0010,VMAX30,NONE,REFLEX-REFLEX,-0.414382665295613,-0.910102745135133,componentwise_nonpositive,USE_ORIGINAL_INWARD_NORMAL_NO_COMPONENTWISE_PROJECTION,8,1805.95962433354,GEOMETRY_BOUND_ONLY_NOT_PRIMARY_FALSIFICATION_PATH,17,19,0,19,0.053797299086306,FUTURE_AC_ONLY,ALL_OUTER_EDGES_SYMMETRIC_BOUNDARY_HEADROOM,14,False
2011-11-14 19:30:00,E0011,VMAX30,NONE,REFLEX-REFLEX,-0.421643043932775,-0.90676190011662,componentwise_nonpositive,USE_ORIGINAL_INWARD_NORMAL_NO_COMPONENTWISE_PROJECTION,9,1797.07228722276,GEOMETRY_BOUND_ONLY_NOT_PRIMARY_FALSIFICATION_PATH,5,9,0,9,0.104799370999649,FUTURE_AC_ONLY,ALL_OUTER_EDGES_SYMMETRIC_BOUNDARY_HEADROOM,7,False
2011-11-14 19:30:00,E0012,VMAX30,NONE,REFLEX-REFLEX,-0.427972843318151,-0.903791593998405,componentwise_nonpositive,USE_ORIGINAL_INWARD_NORMAL_NO_COMPONENTWISE_PROJECTION,10,1788.07514533885,GEOMETRY_BOUND_ONLY_NOT_PRIMARY_FALSIFICATION_PATH,7,9,0,9,0.105886603960114,FUTURE_AC_ONLY,ALL_OUTER_EDGES_SYMMETRIC_BOUNDARY_HEADROOM,7,True
2011-11-14 19:30:00,E0013,VMAX30,NONE,REFLEX-REFLEX,-0.43369758622749,-0.901058490721024,componentwise_nonpositive,USE_ORIGINAL_INWARD_NORMAL_NO_COMPONENTWISE_PROJECTION,11,1778.68423244249,GEOMETRY_BOUND_ONLY_NOT_PRIMARY_FALSIFICATION_PATH,0,6,0,6,0.157148591276377,FUTURE_AC_ONLY,ALL_OUTER_EDGES_SYMMETRIC_BOUNDARY_HEADROOM,5,False
2011-11-14 19:30:00,E0014,VMAX30,NONE,REFLEX-REFLEX,-0.438920971242904,-0.898525670753589,componentwise_nonpositive,USE_ORIGINAL_INWARD_NORMAL_NO_COMPONENTWISE_PROJECTION,12,1769.24871083625,GEOMETRY_BOUND_ONLY_NOT_PRIMARY_FALSIFICATION_PATH,0,3,0,3,0.297555799996687,FUTURE_AC_ONLY,ALL_OUTER_EDGES_SYMMETRIC_BOUNDARY_HEADROOM,3,False
2011-11-14 19:30:00,E0015,VMAX30,NONE,REFLEX-REFLEX,-0.444701783920544,-0.895678694274842,componentwise_nonpositive,USE_ORIGINAL_INWARD_NORMAL_NO_COMPONENTWISE_PROJECTION,13,1758.2156351154,GEOMETRY_BOUND_ONLY_NOT_PRIMARY_FALSIFICATION_PATH,12,9,0,9,0.108699708109747,FUTURE_AC_ONLY,ALL_OUTER_EDGES_SYMMETRIC_BOUNDARY_HEADROOM,8,False
2011-11-14 19:30:00,E0016,VMAX30,NONE,REFLEX-REFLEX,-0.45601435981105,-0.889972417351301,componentwise_nonpositive,USE_ORIGINAL_INWARD_NORMAL_NO_COMPONENTWISE_PROJECTION,14,1733.1269245552,GEOMETRY_BOUND_ONLY_NOT_PRIMARY_FALSIFICATION_PATH,13,9,0,9,0.110658837541167,FUTURE_AC_ONLY,ALL_OUTER_EDGES_SYMMETRIC_BOUNDARY_HEADROOM,8,False
2011-11-14 19:30:00,E0017,VMAX30,NONE,REFLEX-REFLEX,-0.471562720418696,-0.881832524185471,componentwise_nonpositive,USE_ORIGINAL_INWARD_NORMAL_NO_COMPONENTWISE_PROJECTION,15,1692.43133378531,GEOMETRY_BOUND_ONLY_NOT_PRIMARY_FALSIFICATION_PATH,13,9,0,9,0.113346596179853,FUTURE_AC_ONLY,ALL_OUTER_EDGES_SYMMETRIC_BOUNDARY_HEADROOM,8,True
2011-11-14 19:30:00,E0018,VMAX30,ADJACENT_TO_GUARD_LIMITED_EDGE,REFLEX-CONVEX,-0.495424476779625,-0.868651016120764,componentwise_nonpositive,USE_ORIGINAL_INWARD_NORMAL_NO_COMPONENTWISE_PROJECTION,16,1616.97134253298,GEOMETRY_BOUND_ONLY_NOT_PRIMARY_FALSIFICATION_PATH,13,10,0,10,0.117538185514494,FUTURE_AC_ONLY,ALL_OUTER_EDGES_SYMMETRIC_BOUNDARY_HEADROOM,10,False
2011-11-14 19:30:00,E0019,CLASS_TRANSITION,CROSSES_GUARD_LIMITED_RAY,CONVEX-CONVEX,0.866527718154694,-0.49912895495014,mixed_sign,USE_ORIGINAL_INWARD_NORMAL_NO_COMPONENTWISE_PROJECTION,16,3390.15162972903,GEOMETRY_BOUND_ONLY_NOT_PRIMARY_FALSIFICATION_PATH,0,20,0,20,0.050262090230284,FUTURE_AC_ONLY,ALL_OUTER_EDGES_SYMMETRIC_BOUNDARY_HEADROOM,19,True
2011-11-14 19:30:00,E0020,VMIN18,ADJACENT_TO_GUARD_LIMITED_EDGE,CONVEX-CONVEX,0.975128265596188,0.221641299480423,componentwise_positive,USE_ORIGINAL_INWARD_NORMAL_NO_COMPONENTWISE_PROJECTION,17,3465.87815123306,GEOMETRY_BOUND_ONLY_NOT_PRIMARY_FALSIFICATION_PATH,0,10,0,10,0.110105502828545,FUTURE_AC_ONLY,ALL_OUTER_EDGES_SYMMETRIC_BOUNDARY_HEADROOM,11,False
2011-11-14 19:30:00,E0021,VMIN18,NONE,CONVEX-CONVEX,0.973488334796721,0.228736665217248,componentwise_positive,USE_ORIGINAL_INWARD_NORMAL_NO_COMPONENTWISE_PROJECTION,17,3424.9216886335,GEOMETRY_BOUND_ONLY_NOT_PRIMARY_FALSIFICATION_PATH,0,10,0,10,0.108605280245208,FUTURE_AC_ONLY,ALL_OUTER_EDGES_SYMMETRIC_BOUNDARY_HEADROOM,12,False
2011-11-14 19:30:00,E0022,VMIN18,NONE,CONVEX-CONVEX,0.971884839140672,0.235456703978694,componentwise_positive,USE_ORIGINAL_INWARD_NORMAL_NO_COMPONENTWISE_PROJECTION,17,3389.07020859093,GEOMETRY_BOUND_ONLY_NOT_PRIMARY_FALSIFICATION_PATH,0,10,0,10,0.107336203386778,FUTURE_AC_ONLY,ALL_OUTER_EDGES_SYMMETRIC_BOUNDARY_HEADROOM,13,False
2011-11-14 19:30:00,E0023,VMIN18,NONE,CONVEX-CONVEX,0.9704493557271,0.241304885919983,componentwise_positive,USE_ORIGINAL_INWARD_NORMAL_NO_COMPONENTWISE_PROJECTION,17,3360.04078266721,GEOMETRY_BOUND_ONLY_NOT_PRIMARY_FALSIFICATION_PATH,0,9,0,9,0.10622733570686,FUTURE_AC_ONLY,ALL_OUTER_EDGES_SYMMETRIC_BOUNDARY_HEADROOM,13,False
2011-11-14 19:30:00,E0024,VMIN18,NONE,CONVEX-CONVEX,0.969025068070503,0.24696238063915,componentwise_positive,USE_ORIGINAL_INWARD_NORMAL_NO_COMPONENTWISE_PROJECTION,17,3333.78287619386,GEOMETRY_BOUND_ONLY_NOT_PRIMARY_FALSIFICATION_PATH,0,10,0,10,0.105249958443546,FUTURE_AC_ONLY,ALL_OUTER_EDGES_SYMMETRIC_BOUNDARY_HEADROOM,13,False
2011-11-14 19:30:00,E0025,VMIN18,NONE,CONVEX-CONVEX,0.967034394713785,0.254645792112384,componentwise_positive,USE_ORIGINAL_INWARD_NORMAL_NO_COMPONENTWISE_PROJECTION,17,3300.2738736222,GEOMETRY_BOUND_ONLY_NOT_PRIMARY_FALSIFICATION_PATH,0,20,0,20,0.0544079308280253,FUTURE_AC_ONLY,ALL_OUTER_EDGES_SYMMETRIC_BOUNDARY_HEADROOM,29,False
2011-11-14 19:30:00,E0026,VMIN18,NONE,CONVEX-CONVEX,0.96441843309191,0.264380570225091,componentwise_positive,USE_ORIGINAL_INWARD_NORMAL_NO_COMPONENTWISE_PROJECTION,17,3262.70975305653,GEOMETRY_BOUND_ONLY_NOT_PRIMARY_FALSIFICATION_PATH,0,20,0,20,0.0527581902775505,FUTURE_AC_ONLY,ALL_OUTER_EDGES_SYMMETRIC_BOUNDARY_HEADROOM,29,False
2011-11-14 19:30:00,E0027,VMIN18,NONE,CONVEX-CONVEX,0.961921745307183,0.273325000512545,componentwise_positive,USE_ORIGINAL_INWARD_NORMAL_NO_COMPONENTWISE_PROJECTION,17,3232.07451662881,GEOMETRY_BOUND_ONLY_NOT_PRIMARY_FALSIFICATION_PATH,0,19,0,19,0.0512928335699499,FUTURE_AC_ONLY,ALL_OUTER_EDGES_SYMMETRIC_BOUNDARY_HEADROOM,26,False
2011-11-14 19:30:00,E0028,VMIN18,NONE,CONVEX-CONVEX,0.959962795769767,0.280127525848304,componentwise_positive,USE_ORIGINAL_INWARD_NORMAL_NO_COMPONENTWISE_PROJECTION,17,3211.55238899988,GEOMETRY_BOUND_ONLY_NOT_PRIMARY_FALSIFICATION_PATH,0,4,0,4,0.220726880936208,FUTURE_AC_ONLY,ALL_OUTER_EDGES_SYMMETRIC_BOUNDARY_HEADROOM,6,False
2011-11-14 19:30:00,E0029,VMIN18,NONE,CONVEX-CONVEX,0.958774569338872,0.284167776479072,componentwise_positive,USE_ORIGINAL_INWARD_NORMAL_NO_COMPONENTWISE_PROJECTION,17,3199.6662322238,GEOMETRY_BOUND_ONLY_NOT_PRIMARY_FALSIFICATION_PATH,0,16,0,16,0.0652541798251809,FUTURE_AC_ONLY,ALL_OUTER_EDGES_SYMMETRIC_BOUNDARY_HEADROOM,19,False
2011-11-14 19:30:00,E0030,VMIN18,NONE,CONVEX-CONVEX,0.956015673963207,0.293315582839841,componentwise_positive,USE_ORIGINAL_INWARD_NORMAL_NO_COMPONENTWISE_PROJECTION,17,3175.58257954884,GEOMETRY_BOUND_ONLY_NOT_PRIMARY_FALSIFICATION_PATH,0,19,0,19,0.051888208225602,FUTURE_AC_ONLY,ALL_OUTER_EDGES_SYMMETRIC_BOUNDARY_HEADROOM,21,False
2011-11-14 19:30:00,E0031,VMIN18,NONE,CONVEX-CONVEX,0.953261122531867,0.302147699427424,componentwise_positive,USE_ORIGINAL_INWARD_NORMAL_NO_COMPONENTWISE_PROJECTION,17,3156.00097136013,GEOMETRY_BOUND_ONLY_NOT_PRIMARY_FALSIFICATION_PATH,0,10,0,10,0.102668712762877,FUTURE_AC_ONLY,ALL_OUTER_EDGES_SYMMETRIC_BOUNDARY_HEADROOM,9,True
2011-11-14 19:30:00,E0032,CLASS_TRANSITION,NONE,CONVEX-CONVEX,0.876938649593489,0.480602335459523,componentwise_positive,USE_ORIGINAL_INWARD_NORMAL_NO_COMPONENTWISE_PROJECTION,17,2832.30672324175,GEOMETRY_BOUND_ONLY_NOT_PRIMARY_FALSIFICATION_PATH,0,10,0,10,0.101372470575733,FUTURE_AC_ONLY,ALL_OUTER_EDGES_SYMMETRIC_BOUNDARY_HEADROOM,10,False
2011-11-14 19:30:00,E0033,VMIN33,NONE,CONVEX-CONVEX,0.408837660624439,0.912607126454279,componentwise_positive,USE_ORIGINAL_INWARD_NORMAL_NO_COMPONENTWISE_PROJECTION,17,3655.21419114422,GEOMETRY_BOUND_ONLY_NOT_PRIMARY_FALSIFICATION_PATH,0,19,0,19,0.0529550122838444,FUTURE_AC_ONLY,ALL_OUTER_EDGES_SYMMETRIC_BOUNDARY_HEADROOM,16,True
2011-11-14 19:30:00,E0034,VMIN33,NONE,CONVEX-CONVEX,0.396631495384519,0.917977917419063,componentwise_positive,USE_ORIGINAL_INWARD_NORMAL_NO_COMPONENTWISE_PROJECTION,17,3699.89045049059,GEOMETRY_BOUND_ONLY_NOT_PRIMARY_FALSIFICATION_PATH,0,14,0,14,0.0760432332228883,FUTURE_AC_ONLY,ALL_OUTER_EDGES_SYMMETRIC_BOUNDARY_HEADROOM,11,False
2011-11-14 19:30:00,E0035,VMIN33,NONE,CONVEX-CONVEX,0.389363759274214,0.921084069433324,componentwise_positive,USE_ORIGINAL_INWARD_NORMAL_NO_COMPONENTWISE_PROJECTION,17,3727.78452441212,GEOMETRY_BOUND_ONLY_NOT_PRIMARY_FALSIFICATION_PATH,0,7,0,7,0.152706566812235,FUTURE_AC_ONLY,ALL_OUTER_EDGES_SYMMETRIC_BOUNDARY_HEADROOM,5,False
2011-11-14 19:30:00,E0036,VMIN33,NONE,CONVEX-CONVEX,0.381952384327295,0.92418200377777,componentwise_positive,USE_ORIGINAL_INWARD_NORMAL_NO_COMPONENTWISE_PROJECTION,17,3756.73283952438,GEOMETRY_BOUND_ONLY_NOT_PRIMARY_FALSIFICATION_PATH,0,19,0,19,0.0503639052099319,FUTURE_AC_ONLY,ALL_OUTER_EDGES_SYMMETRIC_BOUNDARY_HEADROOM,14,False
2011-11-14 19:30:00,E0037,VMIN33,NONE,CONVEX-CONVEX,0.369513788640535,0.92922524718419,componentwise_positive,USE_ORIGINAL_INWARD_NORMAL_NO_COMPONENTWISE_PROJECTION,17,3808.78417307487,GEOMETRY_BOUND_ONLY_NOT_PRIMARY_FALSIFICATION_PATH,0,19,0,19,0.051775973129388,FUTURE_AC_ONLY,ALL_OUTER_EDGES_SYMMETRIC_BOUNDARY_HEADROOM,14,False
2011-11-14 19:30:00,E0038,VMIN33,NONE,CONVEX-CONVEX,0.357820149055198,0.933790523045782,componentwise_positive,USE_ORIGINAL_INWARD_NORMAL_NO_COMPONENTWISE_PROJECTION,17,3860.92141149809,GEOMETRY_BOUND_ONLY_NOT_PRIMARY_FALSIFICATION_PATH,0,20,0,20,0.053325755867538,FUTURE_AC_ONLY,ALL_OUTER_EDGES_SYMMETRIC_BOUNDARY_HEADROOM,14,False
2011-11-14 19:30:00,E0039,VMIN33,NONE,CONVEX-CONVEX,0.344096515119924,0.938934283260721,componentwise_positive,USE_ORIGINAL_INWARD_NORMAL_NO_COMPONENTWISE_PROJECTION,17,3926.23228451427,GEOMETRY_BOUND_ONLY_NOT_PRIMARY_FALSIFICATION_PATH,0,20,0,20,0.0551108143954979,FUTURE_AC_ONLY,ALL_OUTER_EDGES_SYMMETRIC_BOUNDARY_HEADROOM,14,True
2011-11-14 19:30:00,E0040,VMIN33,NONE,CONVEX-CONVEX,0.334573850359314,0.94236953402354,componentwise_positive,USE_ORIGINAL_INWARD_NORMAL_NO_COMPONENTWISE_PROJECTION,17,3975.05062260426,GEOMETRY_BOUND_ONLY_NOT_PRIMARY_FALSIFICATION_PATH,0,10,0,10,0.106030177716045,FUTURE_AC_ONLY,ALL_OUTER_EDGES_SYMMETRIC_BOUNDARY_HEADROOM,8,False
2011-11-14 19:30:00,E0041,VMIN33,NONE,CONVEX-CONVEX,0.325942904179801,0.945389455840733,componentwise_positive,USE_ORIGINAL_INWARD_NORMAL_NO_COMPONENTWISE_PROJECTION,17,4021.01968790438,GEOMETRY_BOUND_ONLY_NOT_PRIMARY_FALSIFICATION_PATH,0,9,0,9,0.107131168459262,FUTURE_AC_ONLY,ALL_OUTER_EDGES_SYMMETRIC_BOUNDARY_HEADROOM,8,False
2011-11-14 19:30:00,E0042,VMIN33,NONE,CONVEX-CONVEX,0.318188481445884,0.948027473375726,componentwise_positive,USE_ORIGINAL_INWARD_NORMAL_NO_COMPONENTWISE_PROJECTION,17,4064.1868971092,GEOMETRY_BOUND_ONLY_NOT_PRIMARY_FALSIFICATION_PATH,0,11,0,11,0.108423495946195,FUTURE_AC_ONLY,ALL_OUTER_EDGES_SYMMETRIC_BOUNDARY_HEADROOM,8,False
2011-11-14 19:30:00,E0043,VMIN33,ADJACENT_TO_GUARD_LIMITED_EDGE,CONVEX-CONVEX,0.307573056849375,0.951524468786973,componentwise_positive,USE_ORIGINAL_INWARD_NORMAL_NO_COMPONENTWISE_PROJECTION,17,4126.28539339812,GEOMETRY_BOUND_ONLY_NOT_PRIMARY_FALSIFICATION_PATH,0,9,0,9,0.109923762445732,FUTURE_AC_ONLY,ALL_OUTER_EDGES_SYMMETRIC_BOUNDARY_HEADROOM,8,True
2011-11-14 19:30:00,E0044,CLASS_TRANSITION,CROSSES_GUARD_LIMITED_RAY,CONVEX-CONVEX,-0.799749357482327,0.600334044683962,mixed_sign,USE_ORIGINAL_INWARD_NORMAL_NO_COMPONENTWISE_PROJECTION,17,6943.86080607419,GEOMETRY_BOUND_ONLY_NOT_PRIMARY_FALSIFICATION_PATH,0,19,0,19,0.050546440759679,FUTURE_AC_ONLY,ALL_OUTER_EDGES_SYMMETRIC_BOUNDARY_HEADROOM,19,False
2011-11-14 19:30:00,E0045,VMAX13,ADJACENT_TO_GUARD_LIMITED_EDGE,CONVEX-REFLEX,-0.930997907524919,-0.365024514497619,componentwise_nonpositive,USE_ORIGINAL_INWARD_NORMAL_NO_COMPONENTWISE_PROJECTION,17,3022.27275932808,GEOMETRY_BOUND_ONLY_NOT_PRIMARY_FALSIFICATION_PATH,13,10,0,10,0.1202471296014,FUTURE_AC_ONLY,ALL_OUTER_EDGES_SYMMETRIC_BOUNDARY_HEADROOM,10,False
2011-11-14 19:30:00,E0046,VMAX13,NONE,REFLEX-REFLEX,-0.938485333004851,-0.345319098421697,componentwise_nonpositive,USE_ORIGINAL_INWARD_NORMAL_NO_COMPONENTWISE_PROJECTION,18,1166.47144751322,GEOMETRY_BOUND_ONLY_NOT_PRIMARY_FALSIFICATION_PATH,13,9,0,9,0.114866084850945,FUTURE_AC_ONLY,ALL_OUTER_EDGES_SYMMETRIC_BOUNDARY_HEADROOM,11,False
2011-11-14 19:30:00,E0047,VMAX13,NONE,REFLEX-REFLEX,-0.942919314398071,-0.333021270394357,componentwise_nonpositive,USE_ORIGINAL_INWARD_NORMAL_NO_COMPONENTWISE_PROJECTION,19,1192.74283163072,GEOMETRY_BOUND_ONLY_NOT_PRIMARY_FALSIFICATION_PATH,13,9,0,9,0.111674371856803,FUTURE_AC_ONLY,ALL_OUTER_EDGES_SYMMETRIC_BOUNDARY_HEADROOM,12,False
2011-11-14 19:30:00,E0048,VMAX13,NONE,REFLEX-REFLEX,-0.945367073478578,-0.326007816443944,componentwise_nonpositive,USE_ORIGINAL_INWARD_NORMAL_NO_COMPONENTWISE_PROJECTION,20,1204.61946230693,GEOMETRY_BOUND_ONLY_NOT_PRIMARY_FALSIFICATION_PATH,4,5,0,5,0.191695798925778,FUTURE_AC_ONLY,ALL_OUTER_EDGES_SYMMETRIC_BOUNDARY_HEADROOM,7,False
2011-11-14 19:30:00,E0049,VMAX13,NONE,REFLEX-REFLEX,-0.946900889067998,-0.321525591955345,componentwise_nonpositive,USE_ORIGINAL_INWARD_NORMAL_NO_COMPONENTWISE_PROJECTION,21,1211.30435764445,GEOMETRY_BOUND_ONLY_NOT_PRIMARY_FALSIFICATION_PATH,0,4,0,4,0.225617370971204,FUTURE_AC_ONLY,ALL_OUTER_EDGES_SYMMETRIC_BOUNDARY_HEADROOM,6,False
2011-11-14 19:30:00,E0050,VMAX13,NONE,REFLEX-REFLEX,-0.948068896108404,-0.318065037738812,componentwise_nonpositive,USE_ORIGINAL_INWARD_NORMAL_NO_COMPONENTWISE_PROJECTION,22,1215.94735385074,GEOMETRY_BOUND_ONLY_NOT_PRIMARY_FALSIFICATION_PATH,9,9,0,9,0.107756169346482,FUTURE_AC_ONLY,ALL_OUTER_EDGES_SYMMETRIC_BOUNDARY_HEADROOM,13,False
2011-11-14 19:30:00,E0051,VMAX13,NONE,REFLEX-REFLEX,-0.950129799190096,-0.311854717281922,componentwise_nonpositive,USE_ORIGINAL_INWARD_NORMAL_NO_COMPONENTWISE_PROJECTION,23,1222.51725620145,GEOMETRY_BOUND_ONLY_NOT_PRIMARY_FALSIFICATION_PATH,0,9,0,9,0.10636554299222,FUTURE_AC_ONLY,ALL_OUTER_EDGES_SYMMETRIC_BOUNDARY_HEADROOM,13,False
2011-11-14 19:30:00,E0052,VMAX13,NONE,REFLEX-REFLEX,-0.952331793143623,-0.305064183030147,componentwise_nonpositive,USE_ORIGINAL_INWARD_NORMAL_NO_COMPONENTWISE_PROJECTION,24,1228.03049583322,GEOMETRY_BOUND_ONLY_NOT_PRIMARY_FALSIFICATION_PATH,18,19,0,19,0.0552185262449293,FUTURE_AC_ONLY,ALL_OUTER_EDGES_SYMMETRIC_BOUNDARY_HEADROOM,29,False
2011-12-15 05:30:00,E0000,VMAX13,NONE,REFLEX-REFLEX,-0.950912473367156,-0.30945996186059,componentwise_nonpositive,USE_ORIGINAL_INWARD_NORMAL_NO_COMPONENTWISE_PROJECTION,0,1563.6304647244,GEOMETRY_BOUND_ONLY_NOT_PRIMARY_FALSIFICATION_PATH,0,9,0,9,0.108856239587548,FUTURE_AC_ONLY,ALL_OUTER_EDGES_SYMMETRIC_BOUNDARY_HEADROOM,14,False
2011-12-15 05:30:00,E0001,VMAX13,NONE,REFLEX-REFLEX,-0.952425539957559,-0.30477137470004,componentwise_nonpositive,USE_ORIGINAL_INWARD_NORMAL_NO_COMPONENTWISE_PROJECTION,1,1565.14379781076,GEOMETRY_BOUND_ONLY_NOT_PRIMARY_FALSIFICATION_PATH,0,10,0,10,0.0973429743498805,FUTURE_AC_ONLY,ALL_OUTER_EDGES_SYMMETRIC_BOUNDARY_HEADROOM,14,False
2011-12-15 05:30:00,E0002,VMAX13,NONE,REFLEX-REFLEX,-0.954305967530574,-0.298831257293369,componentwise_nonpositive,USE_ORIGINAL_INWARD_NORMAL_NO_COMPONENTWISE_PROJECTION,2,1565.72097051056,GEOMETRY_BOUND_ONLY_NOT_PRIMARY_FALSIFICATION_PATH,21,19,0,19,0.0515815534179644,FUTURE_AC_ONLY,ALL_OUTER_EDGES_SYMMETRIC_BOUNDARY_HEADROOM,27,False
2011-12-15 05:30:00,E0003,VMAX13,NONE,REFLEX-REFLEX,-0.956577657433664,-0.291477589702404,componentwise_nonpositive,USE_ORIGINAL_INWARD_NORMAL_NO_COMPONENTWISE_PROJECTION,3,1563.51593557357,GEOMETRY_BOUND_ONLY_NOT_PRIMARY_FALSIFICATION_PATH,22,19,0,19,0.050423990547095,FUTURE_AC_ONLY,ALL_OUTER_EDGES_SYMMETRIC_BOUNDARY_HEADROOM,24,False
2011-12-15 05:30:00,E0004,VMAX13,NONE,REFLEX-REFLEX,-0.958639029936304,-0.284624683193118,componentwise_nonpositive,USE_ORIGINAL_INWARD_NORMAL_NO_COMPONENTWISE_PROJECTION,4,1558.80613447517,GEOMETRY_BOUND_ONLY_NOT_PRIMARY_FALSIFICATION_PATH,23,19,0,19,0.052014495080655,FUTURE_AC_ONLY,ALL_OUTER_EDGES_SYMMETRIC_BOUNDARY_HEADROOM,21,False
2011-12-15 05:30:00,E0005,VMAX13,NONE,REFLEX-CONVEX,-0.960580972078188,-0.278000352664026,componentwise_nonpositive,USE_ORIGINAL_INWARD_NORMAL_NO_COMPONENTWISE_PROJECTION,5,1551.58914170029,GEOMETRY_BOUND_ONLY_NOT_PRIMARY_FALSIFICATION_PATH,21,19,0,19,0.053786835787473,FUTURE_AC_ONLY,ALL_OUTER_EDGES_SYMMETRIC_BOUNDARY_HEADROOM,19,False
2011-12-15 05:30:00,E0006,CLASS_TRANSITION,NONE,CONVEX-CONVEX,-0.42121840227731,-0.906959237001835,componentwise_nonpositive,USE_ORIGINAL_INWARD_NORMAL_NO_COMPONENTWISE_PROJECTION,5,2129.5832541688,GEOMETRY_BOUND_ONLY_NOT_PRIMARY_FALSIFICATION_PATH,0,10,0,10,0.10291813889925,FUTURE_AC_ONLY,ALL_OUTER_EDGES_SYMMETRIC_BOUNDARY_HEADROOM,9,False
2011-12-15 05:30:00,E0007,VMAX30,NONE,CONVEX-REFLEX,-0.389200041838551,-0.921153259470361,componentwise_nonpositive,USE_ORIGINAL_INWARD_NORMAL_NO_COMPONENTWISE_PROJECTION,5,2126.80381704451,GEOMETRY_BOUND_ONLY_NOT_PRIMARY_FALSIFICATION_PATH,8,9,0,9,0.102380350343521,FUTURE_AC_ONLY,ALL_OUTER_EDGES_SYMMETRIC_BOUNDARY_HEADROOM,8,False
2011-12-15 05:30:00,E0008,VMAX30,NONE,REFLEX-REFLEX,-0.395754223984355,-0.918356463579661,componentwise_nonpositive,USE_ORIGINAL_INWARD_NORMAL_NO_COMPONENTWISE_PROJECTION,6,2126.49617153671,GEOMETRY_BOUND_ONLY_NOT_PRIMARY_FALSIFICATION_PATH,23,19,0,19,0.051443465649465,FUTURE_AC_ONLY,ALL_OUTER_EDGES_SYMMETRIC_BOUNDARY_HEADROOM,15,False
2011-12-15 05:30:00,E0009,VMAX30,NONE,REFLEX-REFLEX,-0.405035773640807,-0.914300837837959,componentwise_nonpositive,USE_ORIGINAL_INWARD_NORMAL_NO_COMPONENTWISE_PROJECTION,7,2122.95229793464,GEOMETRY_BOUND_ONLY_NOT_PRIMARY_FALSIFICATION_PATH,22,19,0,19,0.050536314041726,FUTURE_AC_ONLY,ALL_OUTER_EDGES_SYMMETRIC_BOUNDARY_HEADROOM,15,False
2011-12-15 05:30:00,E0010,VMAX30,NONE,REFLEX-REFLEX,-0.413302008495493,-0.910594009300298,componentwise_nonpositive,USE_ORIGINAL_INWARD_NORMAL_NO_COMPONENTWISE_PROJECTION,8,2117.03003527877,GEOMETRY_BOUND_ONLY_NOT_PRIMARY_FALSIFICATION_PATH,4,11,0,11,0.09233633944274,FUTURE_AC_ONLY,ALL_OUTER_EDGES_SYMMETRIC_BOUNDARY_HEADROOM,8,False
2011-12-15 05:30:00,E0011,VMAX30,NONE,REFLEX-REFLEX,-0.417552781228835,-0.908652670104515,componentwise_nonpositive,USE_ORIGINAL_INWARD_NORMAL_NO_COMPONENTWISE_PROJECTION,9,2113.15491850555,GEOMETRY_BOUND_ONLY_NOT_PRIMARY_FALSIFICATION_PATH,0,8,0,8,0.113562082646069,FUTURE_AC_ONLY,ALL_OUTER_EDGES_SYMMETRIC_BOUNDARY_HEADROOM,6,False
2011-12-15 05:30:00,E0012,VMAX30,NONE,REFLEX-REFLEX,-0.427196514551031,-0.904158801292921,componentwise_nonpositive,USE_ORIGINAL_INWARD_NORMAL_NO_COMPONENTWISE_PROJECTION,10,2102.70401543249,GEOMETRY_BOUND_ONLY_NOT_PRIMARY_FALSIFICATION_PATH,20,19,0,19,0.053928661050558,FUTURE_AC_ONLY,ALL_OUTER_EDGES_SYMMETRIC_BOUNDARY_HEADROOM,14,False
2011-12-15 05:30:00,E0013,VMAX30,NONE,REFLEX-REFLEX,-0.437367911153562,-0.899282664290361,componentwise_nonpositive,USE_ORIGINAL_INWARD_NORMAL_NO_COMPONENTWISE_PROJECTION,11,2087.57353700168,GEOMETRY_BOUND_ONLY_NOT_PRIMARY_FALSIFICATION_PATH,9,9,0,9,0.104967252719789,FUTURE_AC_ONLY,ALL_OUTER_EDGES_SYMMETRIC_BOUNDARY_HEADROOM,7,False
2011-12-15 05:30:00,E0014,VMAX30,NONE,REFLEX-REFLEX,-0.444563409277068,-0.895747383547365,componentwise_nonpositive,USE_ORIGINAL_INWARD_NORMAL_NO_COMPONENTWISE_PROJECTION,12,2075.10972370666,GEOMETRY_BOUND_ONLY_NOT_PRIMARY_FALSIFICATION_PATH,8,9,0,9,0.106089283664066,FUTURE_AC_ONLY,ALL_OUTER_EDGES_SYMMETRIC_BOUNDARY_HEADROOM,8,False
2011-12-15 05:30:00,E0015,VMAX30,NONE,REFLEX-REFLEX,-0.455530444353885,-0.8902202054923,componentwise_nonpositive,USE_ORIGINAL_INWARD_NORMAL_NO_COMPONENTWISE_PROJECTION,13,2053.07376256382,GEOMETRY_BOUND_ONLY_NOT_PRIMARY_FALSIFICATION_PATH,9,9,0,9,0.107443838138229,FUTURE_AC_ONLY,ALL_OUTER_EDGES_SYMMETRIC_BOUNDARY_HEADROOM,7,False
2011-12-15 05:30:00,E0016,VMAX30,NONE,REFLEX-REFLEX,-0.466643706795975,-0.884445391704718,componentwise_nonpositive,USE_ORIGINAL_INWARD_NORMAL_NO_COMPONENTWISE_PROJECTION,14,2027.0873352192,GEOMETRY_BOUND_ONLY_NOT_PRIMARY_FALSIFICATION_PATH,12,9,0,9,0.109085086124529,FUTURE_AC_ONLY,ALL_OUTER_EDGES_SYMMETRIC_BOUNDARY_HEADROOM,8,False
2011-12-15 05:30:00,E0017,VMAX30,NONE,REFLEX-REFLEX,-0.483324524982777,-0.875441262193057,componentwise_nonpositive,USE_ORIGINAL_INWARD_NORMAL_NO_COMPONENTWISE_PROJECTION,15,1981.31539189127,GEOMETRY_BOUND_ONLY_NOT_PRIMARY_FALSIFICATION_PATH,13,9,0,9,0.111278048546554,FUTURE_AC_ONLY,ALL_OUTER_EDGES_SYMMETRIC_BOUNDARY_HEADROOM,8,False
2011-12-15 05:30:00,E0018,VMAX30,ADJACENT_TO_GUARD_LIMITED_EDGE,REFLEX-CONVEX,-0.505030495358306,-0.863101499684796,componentwise_nonpositive,USE_ORIGINAL_INWARD_NORMAL_NO_COMPONENTWISE_PROJECTION,16,2007.92737121669,GEOMETRY_BOUND_ONLY_NOT_PRIMARY_FALSIFICATION_PATH,13,9,0,9,0.114414918263066,FUTURE_AC_ONLY,ALL_OUTER_EDGES_SYMMETRIC_BOUNDARY_HEADROOM,9,False
2011-12-15 05:30:00,E0019,CLASS_TRANSITION,CROSSES_GUARD_LIMITED_RAY,CONVEX-CONVEX,0.956206348793076,-0.292693386546082,mixed_sign,USE_ORIGINAL_INWARD_NORMAL_NO_COMPONENTWISE_PROJECTION,16,2870.73261259137,GEOMETRY_BOUND_ONLY_NOT_PRIMARY_FALSIFICATION_PATH,0,21,0,21,0.0535776740627991,FUTURE_AC_ONLY,ALL_OUTER_EDGES_SYMMETRIC_BOUNDARY_HEADROOM,19,False
2011-12-15 05:30:00,E0020,VMIN18,ADJACENT_TO_GUARD_LIMITED_EDGE,CONVEX-CONVEX,0.974097865046904,0.226126843411091,componentwise_positive,USE_ORIGINAL_INWARD_NORMAL_NO_COMPONENTWISE_PROJECTION,16,1541.04922144407,GEOMETRY_BOUND_ONLY_NOT_PRIMARY_FALSIFICATION_PATH,0,10,0,10,0.112339643671923,FUTURE_AC_ONLY,ALL_OUTER_EDGES_SYMMETRIC_BOUNDARY_HEADROOM,10,False
2011-12-15 05:30:00,E0021,VMIN18,NONE,CONVEX-CONVEX,0.972201172803106,0.234147132376772,componentwise_positive,USE_ORIGINAL_INWARD_NORMAL_NO_COMPONENTWISE_PROJECTION,16,1520.54181771291,GEOMETRY_BOUND_ONLY_NOT_PRIMARY_FALSIFICATION_PATH,0,9,0,9,0.11044891711368,FUTURE_AC_ONLY,ALL_OUTER_EDGES_SYMMETRIC_BOUNDARY_HEADROOM,11,False
2011-12-15 05:30:00,E0022,VMIN18,NONE,CONVEX-CONVEX,0.970504260497214,0.241083969514265,componentwise_positive,USE_ORIGINAL_INWARD_NORMAL_NO_COMPONENTWISE_PROJECTION,16,1506.01877643688,GEOMETRY_BOUND_ONLY_NOT_PRIMARY_FALSIFICATION_PATH,0,10,0,10,0.108883803310812,FUTURE_AC_ONLY,ALL_OUTER_EDGES_SYMMETRIC_BOUNDARY_HEADROOM,12,False
2011-12-15 05:30:00,E0023,VMIN18,NONE,CONVEX-CONVEX,0.968910226835479,0.247412554923188,componentwise_positive,USE_ORIGINAL_INWARD_NORMAL_NO_COMPONENTWISE_PROJECTION,16,1495.185206612,GEOMETRY_BOUND_ONLY_NOT_PRIMARY_FALSIFICATION_PATH,0,10,0,10,0.107563158554821,FUTURE_AC_ONLY,ALL_OUTER_EDGES_SYMMETRIC_BOUNDARY_HEADROOM,12,False
2011-12-15 05:30:00,E0024,VMIN18,NONE,CONVEX-CONVEX,0.967653069672191,0.252284634399296,componentwise_positive,USE_ORIGINAL_INWARD_NORMAL_NO_COMPONENTWISE_PROJECTION,17,3260.57977736109,GEOMETRY_BOUND_ONLY_NOT_PRIMARY_FALSIFICATION_PATH,0,10,0,10,0.106405304258417,FUTURE_AC_ONLY,ALL_OUTER_EDGES_SYMMETRIC_BOUNDARY_HEADROOM,13,False
2011-12-15 05:30:00,E0025,VMIN18,NONE,CONVEX-CONVEX,0.966218105287624,0.257725770955089,componentwise_positive,USE_ORIGINAL_INWARD_NORMAL_NO_COMPONENTWISE_PROJECTION,17,3240.69479993378,GEOMETRY_BOUND_ONLY_NOT_PRIMARY_FALSIFICATION_PATH,0,10,0,10,0.105403433596501,FUTURE_AC_ONLY,ALL_OUTER_EDGES_SYMMETRIC_BOUNDARY_HEADROOM,14,False
2011-12-15 05:30:00,E0026,VMIN18,NONE,CONVEX-CONVEX,0.964848641217978,0.262806201486613,componentwise_positive,USE_ORIGINAL_INWARD_NORMAL_NO_COMPONENTWISE_PROJECTION,17,3223.31855725134,GEOMETRY_BOUND_ONLY_NOT_PRIMARY_FALSIFICATION_PATH,0,11,0,11,0.0995877541996987,FUTURE_AC_ONLY,ALL_OUTER_EDGES_SYMMETRIC_BOUNDARY_HEADROOM,14,False
2011-12-15 05:30:00,E0027,VMIN18,NONE,CONVEX-CONVEX,0.963927258060284,0.266165815176147,componentwise_positive,USE_ORIGINAL_INWARD_NORMAL_NO_COMPONENTWISE_PROJECTION,17,3212.58658784983,GEOMETRY_BOUND_ONLY_NOT_PRIMARY_FALSIFICATION_PATH,0,9,0,9,0.108631658718005,FUTURE_AC_ONLY,ALL_OUTER_EDGES_SYMMETRIC_BOUNDARY_HEADROOM,14,False
2011-12-15 05:30:00,E0028,VMIN18,NONE,CONVEX-CONVEX,0.962017865522502,0.272986494932496,componentwise_positive,USE_ORIGINAL_INWARD_NORMAL_NO_COMPONENTWISE_PROJECTION,17,3192.02886051255,GEOMETRY_BOUND_ONLY_NOT_PRIMARY_FALSIFICATION_PATH,0,20,0,20,0.0528533467103163,FUTURE_AC_ONLY,ALL_OUTER_EDGES_SYMMETRIC_BOUNDARY_HEADROOM,28,False
2011-12-15 05:30:00,E0029,VMIN18,NONE,CONVEX-CONVEX,0.959724372514888,0.280943283957642,componentwise_positive,USE_ORIGINAL_INWARD_NORMAL_NO_COMPONENTWISE_PROJECTION,17,3170.89866571188,GEOMETRY_BOUND_ONLY_NOT_PRIMARY_FALSIFICATION_PATH,0,20,0,20,0.0513666599567385,FUTURE_AC_ONLY,ALL_OUTER_EDGES_SYMMETRIC_BOUNDARY_HEADROOM,27,False
2011-12-15 05:30:00,E0030,VMIN18,NONE,CONVEX-CONVEX,0.957310782320839,0.289060661544013,componentwise_positive,USE_ORIGINAL_INWARD_NORMAL_NO_COMPONENTWISE_PROJECTION,17,3152.00494714806,GEOMETRY_BOUND_ONLY_NOT_PRIMARY_FALSIFICATION_PATH,0,19,0,19,0.05045186664812,FUTURE_AC_ONLY,ALL_OUTER_EDGES_SYMMETRIC_BOUNDARY_HEADROOM,24,False
2011-12-15 05:30:00,E0031,VMIN18,NONE,CONVEX-CONVEX,0.954621065106897,0.297823138883086,componentwise_positive,USE_ORIGINAL_INWARD_NORMAL_NO_COMPONENTWISE_PROJECTION,17,3134.41867768988,GEOMETRY_BOUND_ONLY_NOT_PRIMARY_FALSIFICATION_PATH,0,19,0,19,0.05185169747874,FUTURE_AC_ONLY,ALL_OUTER_EDGES_SYMMETRIC_BOUNDARY_HEADROOM,21,False
2011-12-15 05:30:00,E0032,VMIN18,NONE,CONVEX-CONVEX,0.951442210254041,0.307827420069925,componentwise_positive,USE_ORIGINAL_INWARD_NORMAL_NO_COMPONENTWISE_PROJECTION,17,3117.65243969723,GEOMETRY_BOUND_ONLY_NOT_PRIMARY_FALSIFICATION_PATH,0,20,0,20,0.053367235202855,FUTURE_AC_ONLY,ALL_OUTER_EDGES_SYMMETRIC_BOUNDARY_HEADROOM,19,False
2011-12-15 05:30:00,E0033,CLASS_TRANSITION,NONE,CONVEX-CONVEX,0.6879807077795,0.725728975391791,componentwise_positive,USE_ORIGINAL_INWARD_NORMAL_NO_COMPONENTWISE_PROJECTION,17,2380.39615455229,GEOMETRY_BOUND_ONLY_NOT_PRIMARY_FALSIFICATION_PATH,0,10,0,10,0.100644409140398,FUTURE_AC_ONLY,ALL_OUTER_EDGES_SYMMETRIC_BOUNDARY_HEADROOM,9,False
2011-12-15 05:30:00,E0034,VMIN33,NONE,CONVEX-CONVEX,0.414846579701285,0.909891375555426,componentwise_positive,USE_ORIGINAL_INWARD_NORMAL_NO_COMPONENTWISE_PROJECTION,17,2144.03256823623,GEOMETRY_BOUND_ONLY_NOT_PRIMARY_FALSIFICATION_PATH,0,10,0,10,0.10219631154957,FUTURE_AC_ONLY,ALL_OUTER_EDGES_SYMMETRIC_BOUNDARY_HEADROOM,8,False
2011-12-15 05:30:00,E0035,VMIN33,NONE,CONVEX-CONVEX,0.40446622552183,0.914552935817345,componentwise_positive,USE_ORIGINAL_INWARD_NORMAL_NO_COMPONENTWISE_PROJECTION,17,2167.74642344221,GEOMETRY_BOUND_ONLY_NOT_PRIMARY_FALSIFICATION_PATH,0,19,0,19,0.0513805425074526,FUTURE_AC_ONLY,ALL_OUTER_EDGES_SYMMETRIC_BOUNDARY_HEADROOM,15,False
2011-12-15 05:30:00,E0036,VMIN33,NONE,CONVEX-CONVEX,0.393419761808716,0.919358956566135,componentwise_positive,USE_ORIGINAL_INWARD_NORMAL_NO_COMPONENTWISE_PROJECTION,17,2195.88215358896,GEOMETRY_BOUND_ONLY_NOT_PRIMARY_FALSIFICATION_PATH,0,20,0,20,0.050455438323902,FUTURE_AC_ONLY,ALL_OUTER_EDGES_SYMMETRIC_BOUNDARY_HEADROOM,15,False
2011-12-15 05:30:00,E0037,VMIN33,NONE,CONVEX-CONVEX,0.382228120150014,0.924067997588157,componentwise_positive,USE_ORIGINAL_INWARD_NORMAL_NO_COMPONENTWISE_PROJECTION,17,2227.2106030864,GEOMETRY_BOUND_ONLY_NOT_PRIMARY_FALSIFICATION_PATH,0,19,0,19,0.051881043552484,FUTURE_AC_ONLY,ALL_OUTER_EDGES_SYMMETRIC_BOUNDARY_HEADROOM,14,False
2011-12-15 05:30:00,E0038,VMIN33,NONE,CONVEX-CONVEX,0.374836562726524,0.927090907755741,componentwise_positive,USE_ORIGINAL_INWARD_NORMAL_NO_COMPONENTWISE_PROJECTION,17,2249.88123916701,GEOMETRY_BOUND_ONLY_NOT_PRIMARY_FALSIFICATION_PATH,0,8,0,8,0.113233146879137,FUTURE_AC_ONLY,ALL_OUTER_EDGES_SYMMETRIC_BOUNDARY_HEADROOM,6,False
2011-12-15 05:30:00,E0039,VMIN33,NONE,CONVEX-CONVEX,0.367876304338135,0.929874736029814,componentwise_positive,USE_ORIGINAL_INWARD_NORMAL_NO_COMPONENTWISE_PROJECTION,17,2272.03743609061,GEOMETRY_BOUND_ONLY_NOT_PRIMARY_FALSIFICATION_PATH,0,11,0,11,0.094260296497676,FUTURE_AC_ONLY,ALL_OUTER_EDGES_SYMMETRIC_BOUNDARY_HEADROOM,8,False
2011-12-15 05:30:00,E0040,VMIN33,NONE,CONVEX-CONVEX,0.35901305004035,0.933332539827432,componentwise_positive,USE_ORIGINAL_INWARD_NORMAL_NO_COMPONENTWISE_PROJECTION,17,2301.63728244052,GEOMETRY_BOUND_ONLY_NOT_PRIMARY_FALSIFICATION_PATH,0,19,0,19,0.055271138223801,FUTURE_AC_ONLY,ALL_OUTER_EDGES_SYMMETRIC_BOUNDARY_HEADROOM,15,False
2011-12-15 05:30:00,E0041,VMIN33,NONE,CONVEX-CONVEX,0.348166903490051,0.937432561475304,componentwise_positive,USE_ORIGINAL_INWARD_NORMAL_NO_COMPONENTWISE_PROJECTION,17,2341.63698542234,GEOMETRY_BOUND_ONLY_NOT_PRIMARY_FALSIFICATION_PATH,0,10,0,10,0.10618570339553,FUTURE_AC_ONLY,ALL_OUTER_EDGES_SYMMETRIC_BOUNDARY_HEADROOM,7,False
2011-12-15 05:30:00,E0042,VMIN33,NONE,CONVEX-CONVEX,0.341426194868119,0.939908587820048,componentwise_positive,USE_ORIGINAL_INWARD_NORMAL_NO_COMPONENTWISE_PROJECTION,17,2367.78453816215,GEOMETRY_BOUND_ONLY_NOT_PRIMARY_FALSIFICATION_PATH,0,9,0,9,0.107330948970614,FUTURE_AC_ONLY,ALL_OUTER_EDGES_SYMMETRIC_BOUNDARY_HEADROOM,8,False
2011-12-15 05:30:00,E0043,VMIN33,NONE,CONVEX-CONVEX,0.333305320613794,0.942818945105865,componentwise_positive,USE_ORIGINAL_INWARD_NORMAL_NO_COMPONENTWISE_PROJECTION,17,2401.14824091188,GEOMETRY_BOUND_ONLY_NOT_PRIMARY_FALSIFICATION_PATH,0,10,0,10,0.108652596335458,FUTURE_AC_ONLY,ALL_OUTER_EDGES_SYMMETRIC_BOUNDARY_HEADROOM,8,False
2011-12-15 05:30:00,E0044,VMIN33,NONE,CONVEX-CONVEX,0.324040627981083,0.946043165726398,componentwise_positive,USE_ORIGINAL_INWARD_NORMAL_NO_COMPONENTWISE_PROJECTION,17,2441.69673500595,GEOMETRY_BOUND_ONLY_NOT_PRIMARY_FALSIFICATION_PATH,0,11,0,11,0.110220870784666,FUTURE_AC_ONLY,ALL_OUTER_EDGES_SYMMETRIC_BOUNDARY_HEADROOM,9,False
2011-12-15 05:30:00,E0045,VMIN33,ADJACENT_TO_GUARD_LIMITED_EDGE,CONVEX-CONVEX,0.312446865402795,0.949935237950445,componentwise_positive,USE_ORIGINAL_INWARD_NORMAL_NO_COMPONENTWISE_PROJECTION,17,2496.17739721466,GEOMETRY_BOUND_ONLY_NOT_PRIMARY_FALSIFICATION_PATH,0,10,0,10,0.112114121754291,FUTURE_AC_ONLY,ALL_OUTER_EDGES_SYMMETRIC_BOUNDARY_HEADROOM,9,False
2011-12-15 05:30:00,E0046,CLASS_TRANSITION,CROSSES_GUARD_LIMITED_RAY,CONVEX-CONVEX,-0.968598643664798,0.248629578873297,mixed_sign,USE_ORIGINAL_INWARD_NORMAL_NO_COMPONENTWISE_PROJECTION,17,4697.16677973545,GEOMETRY_BOUND_ONLY_NOT_PRIMARY_FALSIFICATION_PATH,0,29,0,29,0.036455576863879,FUTURE_AC_ONLY,ALL_OUTER_EDGES_SYMMETRIC_BOUNDARY_HEADROOM,31,False
2011-12-15 05:30:00,E0047,VMAX13,ADJACENT_TO_GUARD_LIMITED_EDGE,CONVEX-REFLEX,-0.934108541254533,-0.356989121900553,componentwise_nonpositive,USE_ORIGINAL_INWARD_NORMAL_NO_COMPONENTWISE_PROJECTION,17,3049.43913382581,GEOMETRY_BOUND_ONLY_NOT_PRIMARY_FALSIFICATION_PATH,13,9,0,9,0.112489867407214,FUTURE_AC_ONLY,ALL_OUTER_EDGES_SYMMETRIC_BOUNDARY_HEADROOM,12,False
2011-12-15 05:30:00,E0048,VMAX13,NONE,REFLEX-REFLEX,-0.939149074905912,-0.343509847170893,componentwise_nonpositive,USE_ORIGINAL_INWARD_NORMAL_NO_COMPONENTWISE_PROJECTION,18,1521.69078159467,GEOMETRY_BOUND_ONLY_NOT_PRIMARY_FALSIFICATION_PATH,13,9,0,9,0.109929821564999,FUTURE_AC_ONLY,ALL_OUTER_EDGES_SYMMETRIC_BOUNDARY_HEADROOM,12,False
2011-12-15 05:30:00,E0049,VMAX13,NONE,REFLEX-REFLEX,-0.942682854601735,-0.333690029278557,componentwise_nonpositive,USE_ORIGINAL_INWARD_NORMAL_NO_COMPONENTWISE_PROJECTION,19,1539.02023224132,GEOMETRY_BOUND_ONLY_NOT_PRIMARY_FALSIFICATION_PATH,11,9,0,9,0.108064949405569,FUTURE_AC_ONLY,ALL_OUTER_EDGES_SYMMETRIC_BOUNDARY_HEADROOM,13,False
2011-12-15 05:30:00,E0050,VMAX13,NONE,REFLEX-REFLEX,-0.945666942406236,-0.325136946593339,componentwise_nonpositive,USE_ORIGINAL_INWARD_NORMAL_NO_COMPONENTWISE_PROJECTION,20,1550.86276741954,GEOMETRY_BOUND_ONLY_NOT_PRIMARY_FALSIFICATION_PATH,10,9,0,9,0.106580643521053,FUTURE_AC_ONLY,ALL_OUTER_EDGES_SYMMETRIC_BOUNDARY_HEADROOM,14,False
2011-12-15 05:30:00,E0051,VMAX13,NONE,REFLEX-REFLEX,-0.948446513045515,-0.316937236518217,componentwise_nonpositive,USE_ORIGINAL_INWARD_NORMAL_NO_COMPONENTWISE_PROJECTION,21,1559.57556925115,GEOMETRY_BOUND_ONLY_NOT_PRIMARY_FALSIFICATION_PATH,23,19,0,19,0.0553912336450662,FUTURE_AC_ONLY,ALL_OUTER_EDGES_SYMMETRIC_BOUNDARY_HEADROOM,28,False
2012-08-04 03:30:00,E0000,VMAX13,NONE,REFLEX-REFLEX,-0.951203130293699,-0.308565398124076,componentwise_nonpositive,USE_ORIGINAL_INWARD_NORMAL_NO_COMPONENTWISE_PROJECTION,0,1567.56043586993,GEOMETRY_BOUND_ONLY_NOT_PRIMARY_FALSIFICATION_PATH,9,10,0,10,0.102524039539113,FUTURE_AC_ONLY,ALL_OUTER_EDGES_SYMMETRIC_BOUNDARY_HEADROOM,14,False
2012-08-04 03:30:00,E0001,VMAX13,NONE,REFLEX-REFLEX,-0.952294513198904,-0.305180536947004,componentwise_nonpositive,USE_ORIGINAL_INWARD_NORMAL_NO_COMPONENTWISE_PROJECTION,1,1568.61064504747,GEOMETRY_BOUND_ONLY_NOT_PRIMARY_FALSIFICATION_PATH,10,9,0,9,0.10284662872515,FUTURE_AC_ONLY,ALL_OUTER_EDGES_SYMMETRIC_BOUNDARY_HEADROOM,14,False
2012-08-04 03:30:00,E0002,VMAX13,NONE,REFLEX-REFLEX,-0.954245561981999,-0.299024091734526,componentwise_nonpositive,USE_ORIGINAL_INWARD_NORMAL_NO_COMPONENTWISE_PROJECTION,2,1569.21381869638,GEOMETRY_BOUND_ONLY_NOT_PRIMARY_FALSIFICATION_PATH,21,19,0,19,0.0515833619481337,FUTURE_AC_ONLY,ALL_OUTER_EDGES_SYMMETRIC_BOUNDARY_HEADROOM,27,False
2012-08-04 03:30:00,E0003,VMAX13,NONE,REFLEX-REFLEX,-0.956552537793897,-0.291560015159926,componentwise_nonpositive,USE_ORIGINAL_INWARD_NORMAL_NO_COMPONENTWISE_PROJECTION,3,1566.97324697035,GEOMETRY_BOUND_ONLY_NOT_PRIMARY_FALSIFICATION_PATH,22,19,0,19,0.050423524174481,FUTURE_AC_ONLY,ALL_OUTER_EDGES_SYMMETRIC_BOUNDARY_HEADROOM,24,False
2012-08-04 03:30:00,E0004,VMAX13,NONE,REFLEX-REFLEX,-0.958530183171908,-0.284991031347355,componentwise_nonpositive,USE_ORIGINAL_INWARD_NORMAL_NO_COMPONENTWISE_PROJECTION,4,1562.45192708293,GEOMETRY_BOUND_ONLY_NOT_PRIMARY_FALSIFICATION_PATH,21,19,0,19,0.0520104574914479,FUTURE_AC_ONLY,ALL_OUTER_EDGES_SYMMETRIC_BOUNDARY_HEADROOM,21,False
2012-08-04 03:30:00,E0005,VMAX13,NONE,REFLEX-CONVEX,-0.96078905576354,-0.277280346084978,componentwise_nonpositive,USE_ORIGINAL_INWARD_NORMAL_NO_COMPONENTWISE_PROJECTION,5,1554.03344063047,GEOMETRY_BOUND_ONLY_NOT_PRIMARY_FALSIFICATION_PATH,21,19,0,19,0.0537977948387121,FUTURE_AC_ONLY,ALL_OUTER_EDGES_SYMMETRIC_BOUNDARY_HEADROOM,19,False
2012-08-04 03:30:00,E0006,CLASS_TRANSITION,NONE,CONVEX-CONVEX,-0.411820056612168,-0.91126518696368,componentwise_nonpositive,USE_ORIGINAL_INWARD_NORMAL_NO_COMPONENTWISE_PROJECTION,5,2132.08651869261,GEOMETRY_BOUND_ONLY_NOT_PRIMARY_FALSIFICATION_PATH,0,11,0,11,0.102989861903662,FUTURE_AC_ONLY,ALL_OUTER_EDGES_SYMMETRIC_BOUNDARY_HEADROOM,9,False
2012-08-04 03:30:00,E0007,VMAX30,NONE,CONVEX-REFLEX,-0.38842623846404,-0.921479819243306,componentwise_nonpositive,USE_ORIGINAL_INWARD_NORMAL_NO_COMPONENTWISE_PROJECTION,5,2129.75039317205,GEOMETRY_BOUND_ONLY_NOT_PRIMARY_FALSIFICATION_PATH,0,9,0,9,0.102385504309871,FUTURE_AC_ONLY,ALL_OUTER_EDGES_SYMMETRIC_BOUNDARY_HEADROOM,8,False
2012-08-04 03:30:00,E0008,VMAX30,NONE,REFLEX-REFLEX,-0.395972383238167,-0.918262419852128,componentwise_nonpositive,USE_ORIGINAL_INWARD_NORMAL_NO_COMPONENTWISE_PROJECTION,6,2129.40196008124,GEOMETRY_BOUND_ONLY_NOT_PRIMARY_FALSIFICATION_PATH,17,19,0,19,0.051441515132913,FUTURE_AC_ONLY,ALL_OUTER_EDGES_SYMMETRIC_BOUNDARY_HEADROOM,15,False
2012-08-04 03:30:00,E0009,VMAX30,NONE,REFLEX-REFLEX,-0.405587156739056,-0.914056375880792,componentwise_nonpositive,USE_ORIGINAL_INWARD_NORMAL_NO_COMPONENTWISE_PROJECTION,7,2125.71649796135,GEOMETRY_BOUND_ONLY_NOT_PRIMARY_FALSIFICATION_PATH,19,19,0,19,0.0505405529752569,FUTURE_AC_ONLY,ALL_OUTER_EDGES_SYMMETRIC_BOUNDARY_HEADROOM,15,False
2012-08-04 03:30:00,E0010,VMAX30,NONE,REFLEX-REFLEX,-0.413374093533156,-0.910561287775645,componentwise_nonpositive,USE_ORIGINAL_INWARD_NORMAL_NO_COMPONENTWISE_PROJECTION,8,2120.12267698546,GEOMETRY_BOUND_ONLY_NOT_PRIMARY_FALSIFICATION_PATH,0,10,0,10,0.0976071386206481,FUTURE_AC_ONLY,ALL_OUTER_EDGES_SYMMETRIC_BOUNDARY_HEADROOM,7,False
2012-08-04 03:30:00,E0011,VMAX30,NONE,REFLEX-REFLEX,-0.417495659770912,-0.908678916929655,componentwise_nonpositive,USE_ORIGINAL_INWARD_NORMAL_NO_COMPONENTWISE_PROJECTION,9,2116.40188023889,GEOMETRY_BOUND_ONLY_NOT_PRIMARY_FALSIFICATION_PATH,0,9,0,9,0.10633698703998,FUTURE_AC_ONLY,ALL_OUTER_EDGES_SYMMETRIC_BOUNDARY_HEADROOM,7,False
2012-08-04 03:30:00,E0012,VMAX30,NONE,REFLEX-REFLEX,-0.427437886080885,-0.904044718773747,componentwise_nonpositive,USE_ORIGINAL_INWARD_NORMAL_NO_COMPONENTWISE_PROJECTION,10,2105.60838045824,GEOMETRY_BOUND_ONLY_NOT_PRIMARY_FALSIFICATION_PATH,20,19,0,19,0.053931334233682,FUTURE_AC_ONLY,ALL_OUTER_EDGES_SYMMETRIC_BOUNDARY_HEADROOM,14,False
2012-08-04 03:30:00,E0013,VMAX30,NONE,REFLEX-REFLEX,-0.436426410635586,-0.899739955820424,componentwise_nonpositive,USE_ORIGINAL_INWARD_NORMAL_NO_COMPONENTWISE_PROJECTION,11,2092.22685074009,GEOMETRY_BOUND_ONLY_NOT_PRIMARY_FALSIFICATION_PATH,0,9,0,9,0.104958698402033,FUTURE_AC_ONLY,ALL_OUTER_EDGES_SYMMETRIC_BOUNDARY_HEADROOM,7,False
2012-08-04 03:30:00,E0014,VMAX30,NONE,REFLEX-REFLEX,-0.44627607842702,-0.894895335681106,componentwise_nonpositive,USE_ORIGINAL_INWARD_NORMAL_NO_COMPONENTWISE_PROJECTION,12,2075.12622041804,GEOMETRY_BOUND_ONLY_NOT_PRIMARY_FALSIFICATION_PATH,8,9,0,9,0.10610905473721,FUTURE_AC_ONLY,ALL_OUTER_EDGES_SYMMETRIC_BOUNDARY_HEADROOM,8,False
2012-08-04 03:30:00,E0015,VMAX30,NONE,REFLEX-REFLEX,-0.455486528024974,-0.890242676346037,componentwise_nonpositive,USE_ORIGINAL_INWARD_NORMAL_NO_COMPONENTWISE_PROJECTION,13,2056.55913529342,GEOMETRY_BOUND_ONLY_NOT_PRIMARY_FALSIFICATION_PATH,13,9,0,9,0.107444010454792,FUTURE_AC_ONLY,ALL_OUTER_EDGES_SYMMETRIC_BOUNDARY_HEADROOM,7,False
2012-08-04 03:30:00,E0016,VMAX30,NONE,REFLEX-REFLEX,-0.467113551566919,-0.884197336538931,componentwise_nonpositive,USE_ORIGINAL_INWARD_NORMAL_NO_COMPONENTWISE_PROJECTION,14,2029.31419127916,GEOMETRY_BOUND_ONLY_NOT_PRIMARY_FALSIFICATION_PATH,13,9,0,9,0.109093894619934,FUTURE_AC_ONLY,ALL_OUTER_EDGES_SYMMETRIC_BOUNDARY_HEADROOM,8,False
2012-08-04 03:30:00,E0017,VMAX30,NONE,REFLEX-REFLEX,-0.482805646039586,-0.875727530772156,componentwise_nonpositive,USE_ORIGINAL_INWARD_NORMAL_NO_COMPONENTWISE_PROJECTION,15,1986.17797708159,GEOMETRY_BOUND_ONLY_NOT_PRIMARY_FALSIFICATION_PATH,13,9,0,9,0.111267804334441,FUTURE_AC_ONLY,ALL_OUTER_EDGES_SYMMETRIC_BOUNDARY_HEADROOM,8,False
2012-08-04 03:30:00,E0018,VMAX30,ADJACENT_TO_GUARD_LIMITED_EDGE,REFLEX-CONVEX,-0.50541395759199,-0.862877008310687,componentwise_nonpositive,USE_ORIGINAL_INWARD_NORMAL_NO_COMPONENTWISE_PROJECTION,16,1911.97781266812,GEOMETRY_BOUND_ONLY_NOT_PRIMARY_FALSIFICATION_PATH,13,9,0,9,0.114429339095737,FUTURE_AC_ONLY,ALL_OUTER_EDGES_SYMMETRIC_BOUNDARY_HEADROOM,9,False
2012-08-04 03:30:00,E0019,CLASS_TRANSITION,CROSSES_GUARD_LIMITED_RAY,CONVEX-CONVEX,0.960517732033357,-0.278218774437483,mixed_sign,USE_ORIGINAL_INWARD_NORMAL_NO_COMPONENTWISE_PROJECTION,16,2835.91839481001,GEOMETRY_BOUND_ONLY_NOT_PRIMARY_FALSIFICATION_PATH,0,21,0,21,0.0537842713035897,FUTURE_AC_ONLY,ALL_OUTER_EDGES_SYMMETRIC_BOUNDARY_HEADROOM,19,False
2012-08-04 03:30:00,E0020,VMIN18,ADJACENT_TO_GUARD_LIMITED_EDGE,CONVEX-CONVEX,0.974067867283116,0.226256027381643,componentwise_positive,USE_ORIGINAL_INWARD_NORMAL_NO_COMPONENTWISE_PROJECTION,16,1537.5009253391,GEOMETRY_BOUND_ONLY_NOT_PRIMARY_FALSIFICATION_PATH,0,10,0,10,0.112343349219899,FUTURE_AC_ONLY,ALL_OUTER_EDGES_SYMMETRIC_BOUNDARY_HEADROOM,10,False
2012-08-04 03:30:00,E0021,VMIN18,NONE,CONVEX-CONVEX,0.972164299397043,0.234300181344053,componentwise_positive,USE_ORIGINAL_INWARD_NORMAL_NO_COMPONENTWISE_PROJECTION,16,1516.97653359396,GEOMETRY_BOUND_ONLY_NOT_PRIMARY_FALSIFICATION_PATH,0,10,0,10,0.110452582077828,FUTURE_AC_ONLY,ALL_OUTER_EDGES_SYMMETRIC_BOUNDARY_HEADROOM,11,False
2012-08-04 03:30:00,E0022,VMIN18,NONE,CONVEX-CONVEX,0.970439573641786,0.241344222864251,componentwise_positive,USE_ORIGINAL_INWARD_NORMAL_NO_COMPONENTWISE_PROJECTION,16,1502.25980323202,GEOMETRY_BOUND_ONLY_NOT_PRIMARY_FALSIFICATION_PATH,0,9,0,9,0.108889527343264,FUTURE_AC_ONLY,ALL_OUTER_EDGES_SYMMETRIC_BOUNDARY_HEADROOM,12,False
2012-08-04 03:30:00,E0023,VMIN18,NONE,CONVEX-CONVEX,0.968971814847152,0.247171240300762,componentwise_positive,USE_ORIGINAL_INWARD_NORMAL_NO_COMPONENTWISE_PROJECTION,17,3281.91185462349,GEOMETRY_BOUND_ONLY_NOT_PRIMARY_FALSIFICATION_PATH,0,11,0,11,0.107557180490912,FUTURE_AC_ONLY,ALL_OUTER_EDGES_SYMMETRIC_BOUNDARY_HEADROOM,12,False
2012-08-04 03:30:00,E0024,VMIN18,NONE,CONVEX-CONVEX,0.967442753872996,0.253089940492768,componentwise_positive,USE_ORIGINAL_INWARD_NORMAL_NO_COMPONENTWISE_PROJECTION,17,3258.67430810878,GEOMETRY_BOUND_ONLY_NOT_PRIMARY_FALSIFICATION_PATH,0,10,0,10,0.106419577986549,FUTURE_AC_ONLY,ALL_OUTER_EDGES_SYMMETRIC_BOUNDARY_HEADROOM,13,False
2012-08-04 03:30:00,E0025,VMIN18,NONE,CONVEX-CONVEX,0.966285407878275,0.257473320018824,componentwise_positive,USE_ORIGINAL_INWARD_NORMAL_NO_COMPONENTWISE_PROJECTION,17,3242.63498186694,GEOMETRY_BOUND_ONLY_NOT_PRIMARY_FALSIFICATION_PATH,0,9,0,9,0.105398676069487,FUTURE_AC_ONLY,ALL_OUTER_EDGES_SYMMETRIC_BOUNDARY_HEADROOM,14,False
2012-08-04 03:30:00,E0026,VMIN18,NONE,CONVEX-CONVEX,0.96496840205443,0.262366124026177,componentwise_positive,USE_ORIGINAL_INWARD_NORMAL_NO_COMPONENTWISE_PROJECTION,17,3225.88831827067,GEOMETRY_BOUND_ONLY_NOT_PRIMARY_FALSIFICATION_PATH,0,10,0,10,0.105371784096338,FUTURE_AC_ONLY,ALL_OUTER_EDGES_SYMMETRIC_BOUNDARY_HEADROOM,14,False
2012-08-04 03:30:00,E0027,VMIN18,NONE,CONVEX-CONVEX,0.96383284853384,0.266507485987061,componentwise_positive,USE_ORIGINAL_INWARD_NORMAL_NO_COMPONENTWISE_PROJECTION,17,3212.58519242344,GEOMETRY_BOUND_ONLY_NOT_PRIMARY_FALSIFICATION_PATH,0,10,0,10,0.102736708369412,FUTURE_AC_ONLY,ALL_OUTER_EDGES_SYMMETRIC_BOUNDARY_HEADROOM,14,False
2012-08-04 03:30:00,E0028,VMIN18,NONE,CONVEX-CONVEX,0.961988828807839,0.273088801031684,componentwise_positive,USE_ORIGINAL_INWARD_NORMAL_NO_COMPONENTWISE_PROJECTION,17,3192.7089143761,GEOMETRY_BOUND_ONLY_NOT_PRIMARY_FALSIFICATION_PATH,0,19,0,19,0.0528541759017949,FUTURE_AC_ONLY,ALL_OUTER_EDGES_SYMMETRIC_BOUNDARY_HEADROOM,28,False
2012-08-04 03:30:00,E0029,VMIN18,NONE,CONVEX-CONVEX,0.959647958997218,0.281204187010922,componentwise_positive,USE_ORIGINAL_INWARD_NORMAL_NO_COMPONENTWISE_PROJECTION,17,3171.10195615859,GEOMETRY_BOUND_ONLY_NOT_PRIMARY_FALSIFICATION_PATH,0,19,0,19,0.0513692960522309,FUTURE_AC_ONLY,ALL_OUTER_EDGES_SYMMETRIC_BOUNDARY_HEADROOM,27,False
2012-08-04 03:30:00,E0030,VMIN18,NONE,CONVEX-CONVEX,0.957312270214672,0.289055733893017,componentwise_positive,USE_ORIGINAL_INWARD_NORMAL_NO_COMPONENTWISE_PROJECTION,17,3152.76784657146,GEOMETRY_BOUND_ONLY_NOT_PRIMARY_FALSIFICATION_PATH,0,20,0,20,0.050452404435994,FUTURE_AC_ONLY,ALL_OUTER_EDGES_SYMMETRIC_BOUNDARY_HEADROOM,24,False
2012-08-04 03:30:00,E0031,VMIN18,NONE,CONVEX-CONVEX,0.954570922688145,0.29798381425558,componentwise_positive,USE_ORIGINAL_INWARD_NORMAL_NO_COMPONENTWISE_PROJECTION,17,3134.77582630936,GEOMETRY_BOUND_ONLY_NOT_PRIMARY_FALSIFICATION_PATH,0,20,0,20,0.051850252324269,FUTURE_AC_ONLY,ALL_OUTER_EDGES_SYMMETRIC_BOUNDARY_HEADROOM,21,False
2012-08-04 03:30:00,E0032,VMIN18,NONE,CONVEX-CONVEX,0.951481724808642,0.307705260525673,componentwise_positive,USE_ORIGINAL_INWARD_NORMAL_NO_COMPONENTWISE_PROJECTION,17,3118.39657130956,GEOMETRY_BOUND_ONLY_NOT_PRIMARY_FALSIFICATION_PATH,0,21,0,21,0.0533695168456091,FUTURE_AC_ONLY,ALL_OUTER_EDGES_SYMMETRIC_BOUNDARY_HEADROOM,19,False
2012-08-04 03:30:00,E0033,CLASS_TRANSITION,NONE,CONVEX-CONVEX,0.693995863512945,0.719978986795394,componentwise_positive,USE_ORIGINAL_INWARD_NORMAL_NO_COMPONENTWISE_PROJECTION,17,2394.28172239083,GEOMETRY_BOUND_ONLY_NOT_PRIMARY_FALSIFICATION_PATH,0,10,0,10,0.100582789785931,FUTURE_AC_ONLY,ALL_OUTER_EDGES_SYMMETRIC_BOUNDARY_HEADROOM,9,False
2012-08-04 03:30:00,E0034,VMIN33,NONE,CONVEX-CONVEX,0.414319572707948,0.910131469443346,componentwise_positive,USE_ORIGINAL_INWARD_NORMAL_NO_COMPONENTWISE_PROJECTION,17,2393.75308583875,GEOMETRY_BOUND_ONLY_NOT_PRIMARY_FALSIFICATION_PATH,0,10,0,10,0.102199723999216,FUTURE_AC_ONLY,ALL_OUTER_EDGES_SYMMETRIC_BOUNDARY_HEADROOM,8,False
2012-08-04 03:30:00,E0035,VMIN33,NONE,CONVEX-CONVEX,0.404846266335027,0.914384766186854,componentwise_positive,USE_ORIGINAL_INWARD_NORMAL_NO_COMPONENTWISE_PROJECTION,17,2417.43765994227,GEOMETRY_BOUND_ONLY_NOT_PRIMARY_FALSIFICATION_PATH,0,19,0,19,0.0513774049900865,FUTURE_AC_ONLY,ALL_OUTER_EDGES_SYMMETRIC_BOUNDARY_HEADROOM,15,False
2012-08-04 03:30:00,E0036,VMIN33,NONE,CONVEX-CONVEX,0.393421064740226,0.919358399003711,componentwise_positive,USE_ORIGINAL_INWARD_NORMAL_NO_COMPONENTWISE_PROJECTION,17,2448.9596083944,GEOMETRY_BOUND_ONLY_NOT_PRIMARY_FALSIFICATION_PATH,0,20,0,20,0.0504558092530261,FUTURE_AC_ONLY,ALL_OUTER_EDGES_SYMMETRIC_BOUNDARY_HEADROOM,15,False
2012-08-04 03:30:00,E0037,VMIN33,NONE,CONVEX-CONVEX,0.382529873337099,0.923943123793182,componentwise_positive,USE_ORIGINAL_INWARD_NORMAL_NO_COMPONENTWISE_PROJECTION,17,2481.70046474507,GEOMETRY_BOUND_ONLY_NOT_PRIMARY_FALSIFICATION_PATH,0,19,0,19,0.051883621873464,FUTURE_AC_ONLY,ALL_OUTER_EDGES_SYMMETRIC_BOUNDARY_HEADROOM,14,False
2012-08-04 03:30:00,E0038,VMIN33,NONE,CONVEX-CONVEX,0.373671761109033,0.927561003357555,componentwise_positive,USE_ORIGINAL_INWARD_NORMAL_NO_COMPONENTWISE_PROJECTION,17,2510.64350618388,GEOMETRY_BOUND_ONLY_NOT_PRIMARY_FALSIFICATION_PATH,0,9,0,9,0.106337834249366,FUTURE_AC_ONLY,ALL_OUTER_EDGES_SYMMETRIC_BOUNDARY_HEADROOM,7,True
2012-08-04 03:30:00,E0039,VMIN33,NONE,CONVEX-CONVEX,0.368416022469143,0.929661031983172,componentwise_positive,USE_ORIGINAL_INWARD_NORMAL_NO_COMPONENTWISE_PROJECTION,17,2528.46714200265,GEOMETRY_BOUND_ONLY_NOT_PRIMARY_FALSIFICATION_PATH,0,10,0,10,0.099709718897375,FUTURE_AC_ONLY,ALL_OUTER_EDGES_SYMMETRIC_BOUNDARY_HEADROOM,7,False
2012-08-04 03:30:00,E0040,VMIN33,NONE,CONVEX-CONVEX,0.358830274043365,0.933402825381391,componentwise_positive,USE_ORIGINAL_INWARD_NORMAL_NO_COMPONENTWISE_PROJECTION,17,2562.3648781427,GEOMETRY_BOUND_ONLY_NOT_PRIMARY_FALSIFICATION_PATH,0,20,0,20,0.055269831267893,FUTURE_AC_ONLY,ALL_OUTER_EDGES_SYMMETRIC_BOUNDARY_HEADROOM,15,False
2012-08-04 03:30:00,E0041,VMIN33,NONE,CONVEX-CONVEX,0.349010232028692,0.937118913446569,componentwise_positive,USE_ORIGINAL_INWARD_NORMAL_NO_COMPONENTWISE_PROJECTION,17,2600.47539664603,GEOMETRY_BOUND_ONLY_NOT_PRIMARY_FALSIFICATION_PATH,0,10,0,10,0.106194925735696,FUTURE_AC_ONLY,ALL_OUTER_EDGES_SYMMETRIC_BOUNDARY_HEADROOM,7,False
2012-08-04 03:30:00,E0042,VMIN33,NONE,CONVEX-CONVEX,0.342240015511644,0.93961256472154,componentwise_positive,USE_ORIGINAL_INWARD_NORMAL_NO_COMPONENTWISE_PROJECTION,17,2628.03586007025,GEOMETRY_BOUND_ONLY_NOT_PRIMARY_FALSIFICATION_PATH,0,9,0,9,0.107341191551325,FUTURE_AC_ONLY,ALL_OUTER_EDGES_SYMMETRIC_BOUNDARY_HEADROOM,8,False
2012-08-04 03:30:00,E0043,VMIN33,NONE,CONVEX-CONVEX,0.332668145176945,0.943043957185735,componentwise_positive,USE_ORIGINAL_INWARD_NORMAL_NO_COMPONENTWISE_PROJECTION,17,2669.13633294758,GEOMETRY_BOUND_ONLY_NOT_PRIMARY_FALSIFICATION_PATH,0,9,0,9,0.108644353251755,FUTURE_AC_ONLY,ALL_OUTER_EDGES_SYMMETRIC_BOUNDARY_HEADROOM,8,False
2012-08-04 03:30:00,E0044,VMIN33,NONE,CONVEX-CONVEX,0.324130609651374,0.946012340240353,componentwise_positive,USE_ORIGINAL_INWARD_NORMAL_NO_COMPONENTWISE_PROJECTION,17,2708.03893682183,GEOMETRY_BOUND_ONLY_NOT_PRIMARY_FALSIFICATION_PATH,0,11,0,11,0.110223158767753,FUTURE_AC_ONLY,ALL_OUTER_EDGES_SYMMETRIC_BOUNDARY_HEADROOM,9,False
2012-08-04 03:30:00,E0045,VMIN33,ADJACENT_TO_GUARD_LIMITED_EDGE,CONVEX-CONVEX,0.312932367981476,0.949775411910366,componentwise_positive,USE_ORIGINAL_INWARD_NORMAL_NO_COMPONENTWISE_PROJECTION,17,2762.65855440323,GEOMETRY_BOUND_ONLY_NOT_PRIMARY_FALSIFICATION_PATH,0,10,0,10,0.112125239424931,FUTURE_AC_ONLY,ALL_OUTER_EDGES_SYMMETRIC_BOUNDARY_HEADROOM,9,False
2012-08-04 03:30:00,E0046,CLASS_TRANSITION,CROSSES_GUARD_LIMITED_RAY,CONVEX-CONVEX,-0.966106815600666,0.258142636637074,mixed_sign,USE_ORIGINAL_INWARD_NORMAL_NO_COMPONENTWISE_PROJECTION,17,4874.9742415915,GEOMETRY_BOUND_ONLY_NOT_PRIMARY_FALSIFICATION_PATH,0,30,0,30,0.0363227417976435,FUTURE_AC_ONLY,ALL_OUTER_EDGES_SYMMETRIC_BOUNDARY_HEADROOM,31,False
2012-08-04 03:30:00,E0047,VMAX13,ADJACENT_TO_GUARD_LIMITED_EDGE,CONVEX-REFLEX,-0.934050101288763,-0.357142000165833,componentwise_nonpositive,USE_ORIGINAL_INWARD_NORMAL_NO_COMPONENTWISE_PROJECTION,17,3049.30672240875,GEOMETRY_BOUND_ONLY_NOT_PRIMARY_FALSIFICATION_PATH,13,9,0,9,0.112493843432386,FUTURE_AC_ONLY,ALL_OUTER_EDGES_SYMMETRIC_BOUNDARY_HEADROOM,12,False
2012-08-04 03:30:00,E0048,VMAX13,NONE,REFLEX-REFLEX,-0.939111438331308,-0.343612727347666,componentwise_nonpositive,USE_ORIGINAL_INWARD_NORMAL_NO_COMPONENTWISE_PROJECTION,18,1525.24284106271,GEOMETRY_BOUND_ONLY_NOT_PRIMARY_FALSIFICATION_PATH,13,9,0,9,0.109931385697557,FUTURE_AC_ONLY,ALL_OUTER_EDGES_SYMMETRIC_BOUNDARY_HEADROOM,12,False
2012-08-04 03:30:00,E0049,VMAX13,NONE,REFLEX-REFLEX,-0.942521120623266,-0.334146580379126,componentwise_nonpositive,USE_ORIGINAL_INWARD_NORMAL_NO_COMPONENTWISE_PROJECTION,19,1541.99335342577,GEOMETRY_BOUND_ONLY_NOT_PRIMARY_FALSIFICATION_PATH,12,9,0,9,0.108074163186783,FUTURE_AC_ONLY,ALL_OUTER_EDGES_SYMMETRIC_BOUNDARY_HEADROOM,13,False
2012-08-04 03:30:00,E0050,VMAX13,NONE,REFLEX-REFLEX,-0.945358412535845,-0.32603293061853,componentwise_nonpositive,USE_ORIGINAL_INWARD_NORMAL_NO_COMPONENTWISE_PROJECTION,20,1553.26495082028,GEOMETRY_BOUND_ONLY_NOT_PRIMARY_FALSIFICATION_PATH,7,9,0,9,0.106596513019314,FUTURE_AC_ONLY,ALL_OUTER_EDGES_SYMMETRIC_BOUNDARY_HEADROOM,14,False
2012-08-04 03:30:00,E0051,VMAX13,NONE,REFLEX-REFLEX,-0.948485494133888,-0.316820560282306,componentwise_nonpositive,USE_ORIGINAL_INWARD_NORMAL_NO_COMPONENTWISE_PROJECTION,21,1563.0818352561,GEOMETRY_BOUND_ONLY_NOT_PRIMARY_FALSIFICATION_PATH,21,19,0,19,0.0553885006729042,FUTURE_AC_ONLY,ALL_OUTER_EDGES_SYMMETRIC_BOUNDARY_HEADROOM,28,False
2012-08-05 23:30:00,E0000,VMAX13,NONE,REFLEX-REFLEX,-0.951273901875256,-0.308347147888585,componentwise_nonpositive,USE_ORIGINAL_INWARD_NORMAL_NO_COMPONENTWISE_PROJECTION,0,1523.60216365489,GEOMETRY_BOUND_ONLY_NOT_PRIMARY_FALSIFICATION_PATH,0,2,2,4,0.214612851110436,FUTURE_AC_ONLY,ALL_OUTER_EDGES_SYMMETRIC_BOUNDARY_HEADROOM,4,False
2012-08-05 23:30:00,E0001,VMAX13,NONE,REFLEX-REFLEX,-0.95227561098074,-0.305239513712195,componentwise_nonpositive,USE_ORIGINAL_INWARD_NORMAL_NO_COMPONENTWISE_PROJECTION,1,1525.03278338248,GEOMETRY_BOUND_ONLY_NOT_PRIMARY_FALSIFICATION_PATH,18,17,0,17,0.0602196877544332,FUTURE_AC_ONLY,ALL_OUTER_EDGES_SYMMETRIC_BOUNDARY_HEADROOM,24,False
2012-08-05 23:30:00,E0002,VMAX13,NONE,REFLEX-REFLEX,-0.95455949940367,-0.298020405506427,componentwise_nonpositive,USE_ORIGINAL_INWARD_NORMAL_NO_COMPONENTWISE_PROJECTION,2,1525.71252862861,GEOMETRY_BOUND_ONLY_NOT_PRIMARY_FALSIFICATION_PATH,21,19,0,19,0.0515737278969972,FUTURE_AC_ONLY,ALL_OUTER_EDGES_SYMMETRIC_BOUNDARY_HEADROOM,27,False
2012-08-05 23:30:00,E0003,VMAX13,NONE,REFLEX-REFLEX,-0.956775746098848,-0.290826703858144,componentwise_nonpositive,USE_ORIGINAL_INWARD_NORMAL_NO_COMPONENTWISE_PROJECTION,3,1523.59908040335,GEOMETRY_BOUND_ONLY_NOT_PRIMARY_FALSIFICATION_PATH,22,19,0,19,0.050429666537312,FUTURE_AC_ONLY,ALL_OUTER_EDGES_SYMMETRIC_BOUNDARY_HEADROOM,24,False
2012-08-05 23:30:00,E0004,VMAX13,NONE,REFLEX-REFLEX,-0.958662909280367,-0.284544243255953,componentwise_nonpositive,USE_ORIGINAL_INWARD_NORMAL_NO_COMPONENTWISE_PROJECTION,4,1519.38360256508,GEOMETRY_BOUND_ONLY_NOT_PRIMARY_FALSIFICATION_PATH,21,19,0,19,0.0520135604459629,FUTURE_AC_ONLY,ALL_OUTER_EDGES_SYMMETRIC_BOUNDARY_HEADROOM,22,False
2012-08-05 23:30:00,E0005,VMAX13,NONE,REFLEX-CONVEX,-0.960844686597983,-0.277087510069336,componentwise_nonpositive,USE_ORIGINAL_INWARD_NORMAL_NO_COMPONENTWISE_PROJECTION,5,1511.45486163312,GEOMETRY_BOUND_ONLY_NOT_PRIMARY_FALSIFICATION_PATH,20,20,0,20,0.0537977986339571,FUTURE_AC_ONLY,ALL_OUTER_EDGES_SYMMETRIC_BOUNDARY_HEADROOM,18,False
2012-08-05 23:30:00,E0006,CLASS_TRANSITION,NONE,CONVEX-CONVEX,-0.513830184425979,-0.857891917185822,componentwise_nonpositive,USE_ORIGINAL_INWARD_NORMAL_NO_COMPONENTWISE_PROJECTION,5,2086.17988106714,GEOMETRY_BOUND_ONLY_NOT_PRIMARY_FALSIFICATION_PATH,0,9,0,9,0.102192987289217,FUTURE_AC_ONLY,ALL_OUTER_EDGES_SYMMETRIC_BOUNDARY_HEADROOM,9,False
2012-08-05 23:30:00,E0007,VMAX30,NONE,CONVEX-REFLEX,-0.386946739133472,-0.922102066516485,componentwise_nonpositive,USE_ORIGINAL_INWARD_NORMAL_NO_COMPONENTWISE_PROJECTION,5,2090.39986831228,GEOMETRY_BOUND_ONLY_NOT_PRIMARY_FALSIFICATION_PATH,5,10,0,10,0.102397829975921,FUTURE_AC_ONLY,ALL_OUTER_EDGES_SYMMETRIC_BOUNDARY_HEADROOM,8,False
2012-08-05 23:30:00,E0008,VMAX30,NONE,REFLEX-REFLEX,-0.394649081551063,-0.918831922840572,componentwise_nonpositive,USE_ORIGINAL_INWARD_NORMAL_NO_COMPONENTWISE_PROJECTION,6,2090.07310046762,GEOMETRY_BOUND_ONLY_NOT_PRIMARY_FALSIFICATION_PATH,15,19,0,19,0.0514528541266028,FUTURE_AC_ONLY,ALL_OUTER_EDGES_SYMMETRIC_BOUNDARY_HEADROOM,16,False
2012-08-05 23:30:00,E0009,VMAX30,NONE,REFLEX-REFLEX,-0.404048662926323,-0.914737491298706,componentwise_nonpositive,USE_ORIGINAL_INWARD_NORMAL_NO_COMPONENTWISE_PROJECTION,7,2086.56937535125,GEOMETRY_BOUND_ONLY_NOT_PRIMARY_FALSIFICATION_PATH,11,19,0,19,0.05052799224326,FUTURE_AC_ONLY,ALL_OUTER_EDGES_SYMMETRIC_BOUNDARY_HEADROOM,14,False
2012-08-05 23:30:00,E0010,VMAX30,NONE,REFLEX-REFLEX,-0.413873143424109,-0.910334565504489,componentwise_nonpositive,USE_ORIGINAL_INWARD_NORMAL_NO_COMPONENTWISE_PROJECTION,8,2079.65761280024,GEOMETRY_BOUND_ONLY_NOT_PRIMARY_FALSIFICATION_PATH,10,18,0,18,0.057081779047793,FUTURE_AC_ONLY,ALL_OUTER_EDGES_SYMMETRIC_BOUNDARY_HEADROOM,13,False
2012-08-05 23:30:00,E0011,VMAX30,NONE,REFLEX-REFLEX,-0.422617411506454,-0.906308183506904,componentwise_nonpositive,USE_ORIGINAL_INWARD_NORMAL_NO_COMPONENTWISE_PROJECTION,9,2070.73115648191,GEOMETRY_BOUND_ONLY_NOT_PRIMARY_FALSIFICATION_PATH,0,1,4,5,0.230232737437434,FUTURE_AC_ONLY,ALL_OUTER_EDGES_SYMMETRIC_BOUNDARY_HEADROOM,1,False
2012-08-05 23:30:00,E0012,VMAX30,NONE,REFLEX-REFLEX,-0.425327291920389,-0.905039609491026,componentwise_nonpositive,USE_ORIGINAL_INWARD_NORMAL_NO_COMPONENTWISE_PROJECTION,10,2067.8327210636,GEOMETRY_BOUND_ONLY_NOT_PRIMARY_FALSIFICATION_PATH,21,19,0,19,0.053909970476531,FUTURE_AC_ONLY,ALL_OUTER_EDGES_SYMMETRIC_BOUNDARY_HEADROOM,14,False
2012-08-05 23:30:00,E0013,VMAX30,NONE,REFLEX-REFLEX,-0.434402019643289,-0.900719093463568,componentwise_nonpositive,USE_ORIGINAL_INWARD_NORMAL_NO_COMPONENTWISE_PROJECTION,11,2054.64931431667,GEOMETRY_BOUND_ONLY_NOT_PRIMARY_FALSIFICATION_PATH,0,9,0,9,0.104936664724383,FUTURE_AC_ONLY,ALL_OUTER_EDGES_SYMMETRIC_BOUNDARY_HEADROOM,7,False
2012-08-05 23:30:00,E0014,VMAX30,NONE,REFLEX-REFLEX,-0.443470739538525,-0.89628885030059,componentwise_nonpositive,USE_ORIGINAL_INWARD_NORMAL_NO_COMPONENTWISE_PROJECTION,12,2039.29316235269,GEOMETRY_BOUND_ONLY_NOT_PRIMARY_FALSIFICATION_PATH,0,9,0,9,0.106074755584774,FUTURE_AC_ONLY,ALL_OUTER_EDGES_SYMMETRIC_BOUNDARY_HEADROOM,7,True
2012-08-05 23:30:00,E0015,VMAX30,NONE,REFLEX-REFLEX,-0.453207039533109,-0.891405283424793,componentwise_nonpositive,USE_ORIGINAL_INWARD_NORMAL_NO_COMPONENTWISE_PROJECTION,13,2020.15407474827,GEOMETRY_BOUND_ONLY_NOT_PRIMARY_FALSIFICATION_PATH,12,9,0,9,0.107409982205476,FUTURE_AC_ONLY,ALL_OUTER_EDGES_SYMMETRIC_BOUNDARY_HEADROOM,8,False
2012-08-05 23:30:00,E0016,VMAX30,NONE,REFLEX-REFLEX,-0.463963983712441,-0.885854063498995,componentwise_nonpositive,USE_ORIGINAL_INWARD_NORMAL_NO_COMPONENTWISE_PROJECTION,14,1995.58167440392,GEOMETRY_BOUND_ONLY_NOT_PRIMARY_FALSIFICATION_PATH,13,9,0,9,0.109036967111602,FUTURE_AC_ONLY,ALL_OUTER_EDGES_SYMMETRIC_BOUNDARY_HEADROOM,8,False
2012-08-05 23:30:00,E0017,VMAX30,NONE,REFLEX-REFLEX,-0.479322799826689,-0.877638680532201,componentwise_nonpositive,USE_ORIGINAL_INWARD_NORMAL_NO_COMPONENTWISE_PROJECTION,15,1954.47164340981,GEOMETRY_BOUND_ONLY_NOT_PRIMARY_FALSIFICATION_PATH,13,9,0,9,0.111184835470556,FUTURE_AC_ONLY,ALL_OUTER_EDGES_SYMMETRIC_BOUNDARY_HEADROOM,8,False
2012-08-05 23:30:00,E0018,VMAX30,ADJACENT_TO_GUARD_LIMITED_EDGE,REFLEX-CONVEX,-0.500836293286552,-0.865542030941876,componentwise_nonpositive,USE_ORIGINAL_INWARD_NORMAL_NO_COMPONENTWISE_PROJECTION,16,1885.82456770999,GEOMETRY_BOUND_ONLY_NOT_PRIMARY_FALSIFICATION_PATH,13,10,0,10,0.11427264118451,FUTURE_AC_ONLY,ALL_OUTER_EDGES_SYMMETRIC_BOUNDARY_HEADROOM,9,False
2012-08-05 23:30:00,E0019,CLASS_TRANSITION,CROSSES_GUARD_LIMITED_RAY,CONVEX-CONVEX,0.88079283988783,-0.473501819639938,mixed_sign,USE_ORIGINAL_INWARD_NORMAL_NO_COMPONENTWISE_PROJECTION,16,3258.16328656008,GEOMETRY_BOUND_ONLY_NOT_PRIMARY_FALSIFICATION_PATH,0,19,0,19,0.051309241464441,FUTURE_AC_ONLY,ALL_OUTER_EDGES_SYMMETRIC_BOUNDARY_HEADROOM,18,False
2012-08-05 23:30:00,E0020,VMIN18,ADJACENT_TO_GUARD_LIMITED_EDGE,CONVEX-CONVEX,0.974446204733956,0.224621000976286,componentwise_positive,USE_ORIGINAL_INWARD_NORMAL_NO_COMPONENTWISE_PROJECTION,16,1581.90049927184,GEOMETRY_BOUND_ONLY_NOT_PRIMARY_FALSIFICATION_PATH,0,10,0,10,0.112286261514294,FUTURE_AC_ONLY,ALL_OUTER_EDGES_SYMMETRIC_BOUNDARY_HEADROOM,11,False
2012-08-05 23:30:00,E0021,VMIN18,NONE,CONVEX-CONVEX,0.972623926679218,0.232384804260302,componentwise_positive,USE_ORIGINAL_INWARD_NORMAL_NO_COMPONENTWISE_PROJECTION,16,1561.58887241235,GEOMETRY_BOUND_ONLY_NOT_PRIMARY_FALSIFICATION_PATH,0,10,0,10,0.110398495690559,FUTURE_AC_ONLY,ALL_OUTER_EDGES_SYMMETRIC_BOUNDARY_HEADROOM,11,False
2012-08-05 23:30:00,E0022,VMIN18,NONE,CONVEX-CONVEX,0.970850867908145,0.239684359694163,componentwise_positive,USE_ORIGINAL_INWARD_NORMAL_NO_COMPONENTWISE_PROJECTION,17,3398.34184154647,GEOMETRY_BOUND_ONLY_NOT_PRIMARY_FALSIFICATION_PATH,0,11,0,11,0.108851619066498,FUTURE_AC_ONLY,ALL_OUTER_EDGES_SYMMETRIC_BOUNDARY_HEADROOM,11,False
2012-08-05 23:30:00,E0023,VMIN18,NONE,CONVEX-CONVEX,0.969329151797754,0.245766139805806,componentwise_positive,USE_ORIGINAL_INWARD_NORMAL_NO_COMPONENTWISE_PROJECTION,17,3368.3366842145,GEOMETRY_BOUND_ONLY_NOT_PRIMARY_FALSIFICATION_PATH,0,9,0,9,0.107530739972318,FUTURE_AC_ONLY,ALL_OUTER_EDGES_SYMMETRIC_BOUNDARY_HEADROOM,13,False
2012-08-05 23:30:00,E0024,VMIN18,NONE,CONVEX-CONVEX,0.967960794288446,0.251101375385484,componentwise_positive,USE_ORIGINAL_INWARD_NORMAL_NO_COMPONENTWISE_PROJECTION,17,3343.69858992095,GEOMETRY_BOUND_ONLY_NOT_PRIMARY_FALSIFICATION_PATH,0,11,0,11,0.106385954084591,FUTURE_AC_ONLY,ALL_OUTER_EDGES_SYMMETRIC_BOUNDARY_HEADROOM,13,False
2012-08-05 23:30:00,E0025,VMIN18,NONE,CONVEX-CONVEX,0.966603616376009,0.256276118295913,componentwise_positive,USE_ORIGINAL_INWARD_NORMAL_NO_COMPONENTWISE_PROJECTION,17,3321.21347721005,GEOMETRY_BOUND_ONLY_NOT_PRIMARY_FALSIFICATION_PATH,0,9,0,9,0.105382029143643,FUTURE_AC_ONLY,ALL_OUTER_EDGES_SYMMETRIC_BOUNDARY_HEADROOM,14,False
2012-08-05 23:30:00,E0026,VMIN18,NONE,CONVEX-CONVEX,0.964920965473044,0.262540530948212,componentwise_positive,USE_ORIGINAL_INWARD_NORMAL_NO_COMPONENTWISE_PROJECTION,17,3295.47961378929,GEOMETRY_BOUND_ONLY_NOT_PRIMARY_FALSIFICATION_PATH,0,17,0,17,0.0618509649732938,FUTURE_AC_ONLY,ALL_OUTER_EDGES_SYMMETRIC_BOUNDARY_HEADROOM,24,False
2012-08-05 23:30:00,E0027,VMIN18,NONE,CONVEX-CONVEX,0.963394964504594,0.268086072684112,componentwise_positive,USE_ORIGINAL_INWARD_NORMAL_NO_COMPONENTWISE_PROJECTION,17,3274.78610696145,GEOMETRY_BOUND_ONLY_NOT_PRIMARY_FALSIFICATION_PATH,0,2,2,4,0.217871046023409,FUTURE_AC_ONLY,ALL_OUTER_EDGES_SYMMETRIC_BOUNDARY_HEADROOM,4,False
2012-08-05 23:30:00,E0028,VMIN18,NONE,CONVEX-CONVEX,0.962378646210679,0.271711871874788,componentwise_positive,USE_ORIGINAL_INWARD_NORMAL_NO_COMPONENTWISE_PROJECTION,17,3261.37749727347,GEOMETRY_BOUND_ONLY_NOT_PRIMARY_FALSIFICATION_PATH,0,19,0,19,0.0528384441041483,FUTURE_AC_ONLY,ALL_OUTER_EDGES_SYMMETRIC_BOUNDARY_HEADROOM,28,False
2012-08-05 23:30:00,E0029,VMIN18,NONE,CONVEX-CONVEX,0.959963615423079,0.280124716981295,componentwise_positive,USE_ORIGINAL_INWARD_NORMAL_NO_COMPONENTWISE_PROJECTION,17,3233.40386335384,GEOMETRY_BOUND_ONLY_NOT_PRIMARY_FALSIFICATION_PATH,0,19,0,19,0.0513587006177839,FUTURE_AC_ONLY,ALL_OUTER_EDGES_SYMMETRIC_BOUNDARY_HEADROOM,27,False
2012-08-05 23:30:00,E0030,VMIN18,NONE,CONVEX-CONVEX,0.957605363853428,0.288083264212177,componentwise_positive,USE_ORIGINAL_INWARD_NORMAL_NO_COMPONENTWISE_PROJECTION,17,3209.60659511093,GEOMETRY_BOUND_ONLY_NOT_PRIMARY_FALSIFICATION_PATH,0,20,0,20,0.050461333752257,FUTURE_AC_ONLY,ALL_OUTER_EDGES_SYMMETRIC_BOUNDARY_HEADROOM,24,False
2012-08-05 23:30:00,E0031,VMIN18,NONE,CONVEX-CONVEX,0.954667547545354,0.297674106471725,componentwise_positive,USE_ORIGINAL_INWARD_NORMAL_NO_COMPONENTWISE_PROJECTION,17,3184.06032090987,GEOMETRY_BOUND_ONLY_NOT_PRIMARY_FALSIFICATION_PATH,0,21,0,21,0.05185154441835,FUTURE_AC_ONLY,ALL_OUTER_EDGES_SYMMETRIC_BOUNDARY_HEADROOM,22,False
2012-08-05 23:30:00,E0032,VMIN18,NONE,CONVEX-CONVEX,0.951606026854048,0.307320630051177,componentwise_positive,USE_ORIGINAL_INWARD_NORMAL_NO_COMPONENTWISE_PROJECTION,17,3161.62250118966,GEOMETRY_BOUND_ONLY_NOT_PRIMARY_FALSIFICATION_PATH,0,20,0,20,0.053371924725567,FUTURE_AC_ONLY,ALL_OUTER_EDGES_SYMMETRIC_BOUNDARY_HEADROOM,18,False
2012-08-05 23:30:00,E0033,CLASS_TRANSITION,NONE,CONVEX-CONVEX,0.626110669235018,0.779734204630063,componentwise_positive,USE_ORIGINAL_INWARD_NORMAL_NO_COMPONENTWISE_PROJECTION,17,2068.15801497107,GEOMETRY_BOUND_ONLY_NOT_PRIMARY_FALSIFICATION_PATH,0,9,0,9,0.101237464470716,FUTURE_AC_ONLY,ALL_OUTER_EDGES_SYMMETRIC_BOUNDARY_HEADROOM,9,False
2012-08-05 23:30:00,E0034,VMIN33,NONE,CONVEX-CONVEX,0.414226112511561,0.910174009579245,componentwise_positive,USE_ORIGINAL_INWARD_NORMAL_NO_COMPONENTWISE_PROJECTION,17,2758.71537322051,GEOMETRY_BOUND_ONLY_NOT_PRIMARY_FALSIFICATION_PATH,0,10,0,10,0.102202260671713,FUTURE_AC_ONLY,ALL_OUTER_EDGES_SYMMETRIC_BOUNDARY_HEADROOM,8,False
2012-08-05 23:30:00,E0035,VMIN33,NONE,CONVEX-CONVEX,0.403574271907639,0.914946887559174,componentwise_positive,USE_ORIGINAL_INWARD_NORMAL_NO_COMPONENTWISE_PROJECTION,17,2788.87438982926,GEOMETRY_BOUND_ONLY_NOT_PRIMARY_FALSIFICATION_PATH,0,19,0,19,0.0513884537882235,FUTURE_AC_ONLY,ALL_OUTER_EDGES_SYMMETRIC_BOUNDARY_HEADROOM,16,False
2012-08-05 23:30:00,E0036,VMIN33,NONE,CONVEX-CONVEX,0.391582203533419,0.920143129016303,componentwise_positive,USE_ORIGINAL_INWARD_NORMAL_NO_COMPONENTWISE_PROJECTION,17,2825.88448301745,GEOMETRY_BOUND_ONLY_NOT_PRIMARY_FALSIFICATION_PATH,0,19,0,19,0.050441376236357,FUTURE_AC_ONLY,ALL_OUTER_EDGES_SYMMETRIC_BOUNDARY_HEADROOM,14,False
2012-08-05 23:30:00,E0037,VMIN33,NONE,CONVEX-CONVEX,0.380977458418695,0.924584326157886,componentwise_positive,USE_ORIGINAL_INWARD_NORMAL_NO_COMPONENTWISE_PROJECTION,17,2861.22141888113,GEOMETRY_BOUND_ONLY_NOT_PRIMARY_FALSIFICATION_PATH,0,20,0,20,0.051870509268593,FUTURE_AC_ONLY,ALL_OUTER_EDGES_SYMMETRIC_BOUNDARY_HEADROOM,14,False
2012-08-05 23:30:00,E0038,VMIN33,NONE,CONVEX-CONVEX,0.369165602924641,0.929363630457576,componentwise_positive,USE_ORIGINAL_INWARD_NORMAL_NO_COMPONENTWISE_PROJECTION,17,2903.59260804389,GEOMETRY_BOUND_ONLY_NOT_PRIMARY_FALSIFICATION_PATH,0,1,4,5,0.231445803316419,FUTURE_AC_ONLY,ALL_OUTER_EDGES_SYMMETRIC_BOUNDARY_HEADROOM,1,False
2012-08-05 23:30:00,E0039,VMIN33,NONE,CONVEX-CONVEX,0.368594223703727,0.929590392728027,componentwise_positive,USE_ORIGINAL_INWARD_NORMAL_NO_COMPONENTWISE_PROJECTION,17,2905.641889033,GEOMETRY_BOUND_ONLY_NOT_PRIMARY_FALSIFICATION_PATH,0,18,0,18,0.058571815637484,FUTURE_AC_ONLY,ALL_OUTER_EDGES_SYMMETRIC_BOUNDARY_HEADROOM,13,False
2012-08-05 23:30:00,E0040,VMIN33,NONE,CONVEX-CONVEX,0.356918889261809,0.934135379100972,componentwise_positive,USE_ORIGINAL_INWARD_NORMAL_NO_COMPONENTWISE_PROJECTION,17,2950.76416351487,GEOMETRY_BOUND_ONLY_NOT_PRIMARY_FALSIFICATION_PATH,0,19,0,19,0.055248883029815,FUTURE_AC_ONLY,ALL_OUTER_EDGES_SYMMETRIC_BOUNDARY_HEADROOM,14,True
2012-08-05 23:30:00,E0041,VMIN33,NONE,CONVEX-CONVEX,0.346991821681093,0.937868154745877,componentwise_positive,USE_ORIGINAL_INWARD_NORMAL_NO_COMPONENTWISE_PROJECTION,17,2992.51258855125,GEOMETRY_BOUND_ONLY_NOT_PRIMARY_FALSIFICATION_PATH,0,10,0,10,0.106171701641298,FUTURE_AC_ONLY,ALL_OUTER_EDGES_SYMMETRIC_BOUNDARY_HEADROOM,8,False
2012-08-05 23:30:00,E0042,VMIN33,NONE,CONVEX-CONVEX,0.33956790709865,0.940581541637216,componentwise_positive,USE_ORIGINAL_INWARD_NORMAL_NO_COMPONENTWISE_PROJECTION,17,3025.12499295649,GEOMETRY_BOUND_ONLY_NOT_PRIMARY_FALSIFICATION_PATH,0,10,0,10,0.107306805066137,FUTURE_AC_ONLY,ALL_OUTER_EDGES_SYMMETRIC_BOUNDARY_HEADROOM,8,False
2012-08-05 23:30:00,E0043,VMIN33,NONE,CONVEX-CONVEX,0.331622641577015,0.943412117578253,componentwise_positive,USE_ORIGINAL_INWARD_NORMAL_NO_COMPONENTWISE_PROJECTION,17,3061.81765994455,GEOMETRY_BOUND_ONLY_NOT_PRIMARY_FALSIFICATION_PATH,0,9,0,9,0.108626701681837,FUTURE_AC_ONLY,ALL_OUTER_EDGES_SYMMETRIC_BOUNDARY_HEADROOM,8,False
2012-08-05 23:30:00,E0044,VMIN33,NONE,CONVEX-CONVEX,0.321386146435652,0.946948227137704,componentwise_positive,USE_ORIGINAL_INWARD_NORMAL_NO_COMPONENTWISE_PROJECTION,17,3111.78357626057,GEOMETRY_BOUND_ONLY_NOT_PRIMARY_FALSIFICATION_PATH,0,10,0,10,0.110173388727222,FUTURE_AC_ONLY,ALL_OUTER_EDGES_SYMMETRIC_BOUNDARY_HEADROOM,9,False
2012-08-05 23:30:00,E0045,VMIN33,ADJACENT_TO_GUARD_LIMITED_EDGE,CONVEX-CONVEX,0.311065933480541,0.950388333802493,componentwise_positive,USE_ORIGINAL_INWARD_NORMAL_NO_COMPONENTWISE_PROJECTION,17,3165.44855872529,GEOMETRY_BOUND_ONLY_NOT_PRIMARY_FALSIFICATION_PATH,0,10,0,10,0.112081745854202,FUTURE_AC_ONLY,ALL_OUTER_EDGES_SYMMETRIC_BOUNDARY_HEADROOM,9,False
2012-08-05 23:30:00,E0046,CLASS_TRANSITION,CROSSES_GUARD_LIMITED_RAY,CONVEX-CONVEX,-0.737470868189427,0.675378944424486,mixed_sign,USE_ORIGINAL_INWARD_NORMAL_NO_COMPONENTWISE_PROJECTION,17,6185.55588790101,GEOMETRY_BOUND_ONLY_NOT_PRIMARY_FALSIFICATION_PATH,0,21,0,21,0.052133555119945,FUTURE_AC_ONLY,ALL_OUTER_EDGES_SYMMETRIC_BOUNDARY_HEADROOM,20,False
2012-08-05 23:30:00,E0047,VMAX13,ADJACENT_TO_GUARD_LIMITED_EDGE,CONVEX-REFLEX,-0.92795253507761,-0.372698393668443,componentwise_nonpositive,USE_ORIGINAL_INWARD_NORMAL_NO_COMPONENTWISE_PROJECTION,17,3026.37470640904,GEOMETRY_BOUND_ONLY_NOT_PRIMARY_FALSIFICATION_PATH,13,9,0,9,0.116239165098441,FUTURE_AC_ONLY,ALL_OUTER_EDGES_SYMMETRIC_BOUNDARY_HEADROOM,11,False
2012-08-05 23:30:00,E0048,VMAX13,NONE,REFLEX-REFLEX,-0.935375480901951,-0.35365620272723,componentwise_nonpositive,USE_ORIGINAL_INWARD_NORMAL_NO_COMPONENTWISE_PROJECTION,18,1457.41274872814,GEOMETRY_BOUND_ONLY_NOT_PRIMARY_FALSIFICATION_PATH,13,9,0,9,0.112370131369213,FUTURE_AC_ONLY,ALL_OUTER_EDGES_SYMMETRIC_BOUNDARY_HEADROOM,11,False
2012-08-05 23:30:00,E0049,VMAX13,NONE,REFLEX-REFLEX,-0.939972988732938,-0.341248854140887,componentwise_nonpositive,USE_ORIGINAL_INWARD_NORMAL_NO_COMPONENTWISE_PROJECTION,19,1484.29634021069,GEOMETRY_BOUND_ONLY_NOT_PRIMARY_FALSIFICATION_PATH,13,9,0,9,0.109871056434903,FUTURE_AC_ONLY,ALL_OUTER_EDGES_SYMMETRIC_BOUNDARY_HEADROOM,13,False
2012-08-05 23:30:00,E0050,VMAX13,NONE,REFLEX-REFLEX,-0.943487645048958,-0.331407700031202,componentwise_nonpositive,USE_ORIGINAL_INWARD_NORMAL_NO_COMPONENTWISE_PROJECTION,20,1501.14821870159,GEOMETRY_BOUND_ONLY_NOT_PRIMARY_FALSIFICATION_PATH,11,9,0,9,0.108017744665197,FUTURE_AC_ONLY,ALL_OUTER_EDGES_SYMMETRIC_BOUNDARY_HEADROOM,13,False
2012-08-05 23:30:00,E0051,VMAX13,NONE,REFLEX-REFLEX,-0.946060219613456,-0.323990834538478,componentwise_nonpositive,USE_ORIGINAL_INWARD_NORMAL_NO_COMPONENTWISE_PROJECTION,21,1511.12049735472,GEOMETRY_BOUND_ONLY_NOT_PRIMARY_FALSIFICATION_PATH,11,9,0,9,0.106562506831566,FUTURE_AC_ONLY,ALL_OUTER_EDGES_SYMMETRIC_BOUNDARY_HEADROOM,14,False
2012-08-05 23:30:00,E0052,VMAX13,NONE,REFLEX-REFLEX,-0.948895990617572,-0.315588971591049,componentwise_nonpositive,USE_ORIGINAL_INWARD_NORMAL_NO_COMPONENTWISE_PROJECTION,22,1519.7935962906,GEOMETRY_BOUND_ONLY_NOT_PRIMARY_FALSIFICATION_PATH,22,19,0,19,0.055371298905618,FUTURE_AC_ONLY,ALL_OUTER_EDGES_SYMMETRIC_BOUNDARY_HEADROOM,28,False
2012-08-24 12:00:00,E0000,VMAX13,NONE,REFLEX-REFLEX,-0.950827900605965,-0.309719717533858,componentwise_nonpositive,USE_ORIGINAL_INWARD_NORMAL_NO_COMPONENTWISE_PROJECTION,0,1543.38896685544,GEOMETRY_BOUND_ONLY_NOT_PRIMARY_FALSIFICATION_PATH,7,6,0,6,0.168945831155492,FUTURE_AC_ONLY,ALL_OUTER_EDGES_SYMMETRIC_BOUNDARY_HEADROOM,9,False
2012-08-24 12:00:00,E0001,VMAX13,NONE,REFLEX-REFLEX,-0.952327289912688,-0.305078240599939,componentwise_nonpositive,USE_ORIGINAL_INWARD_NORMAL_NO_COMPONENTWISE_PROJECTION,1,1545.20880073817,GEOMETRY_BOUND_ONLY_NOT_PRIMARY_FALSIFICATION_PATH,17,13,0,13,0.0739743271121231,FUTURE_AC_ONLY,ALL_OUTER_EDGES_SYMMETRIC_BOUNDARY_HEADROOM,19,False
2012-08-24 12:00:00,E0002,VMAX13,NONE,REFLEX-REFLEX,-0.954364984331301,-0.298642724140929,componentwise_nonpositive,USE_ORIGINAL_INWARD_NORMAL_NO_COMPONENTWISE_PROJECTION,2,1545.82613985197,GEOMETRY_BOUND_ONLY_NOT_PRIMARY_FALSIFICATION_PATH,22,19,0,19,0.0515801765181788,FUTURE_AC_ONLY,ALL_OUTER_EDGES_SYMMETRIC_BOUNDARY_HEADROOM,27,False
2012-08-24 12:00:00,E0003,VMAX13,NONE,REFLEX-REFLEX,-0.95667378988242,-0.291161913292256,componentwise_nonpositive,USE_ORIGINAL_INWARD_NORMAL_NO_COMPONENTWISE_PROJECTION,3,1543.60699554143,GEOMETRY_BOUND_ONLY_NOT_PRIMARY_FALSIFICATION_PATH,22,19,0,19,0.050426790038578,FUTURE_AC_ONLY,ALL_OUTER_EDGES_SYMMETRIC_BOUNDARY_HEADROOM,24,False
2012-08-24 12:00:00,E0004,VMAX13,NONE,REFLEX-REFLEX,-0.958531065134127,-0.284988064965599,componentwise_nonpositive,USE_ORIGINAL_INWARD_NORMAL_NO_COMPONENTWISE_PROJECTION,4,1539.41598766648,GEOMETRY_BOUND_ONLY_NOT_PRIMARY_FALSIFICATION_PATH,20,19,0,19,0.05200909479825,FUTURE_AC_ONLY,ALL_OUTER_EDGES_SYMMETRIC_BOUNDARY_HEADROOM,22,False
2012-08-24 12:00:00,E0005,VMAX13,NONE,REFLEX-CONVEX,-0.960811793386871,-0.277201547053232,componentwise_nonpositive,USE_ORIGINAL_INWARD_NORMAL_NO_COMPONENTWISE_PROJECTION,5,1531.03578398565,GEOMETRY_BOUND_ONLY_NOT_PRIMARY_FALSIFICATION_PATH,18,20,0,20,0.053797342131813,FUTURE_AC_ONLY,ALL_OUTER_EDGES_SYMMETRIC_BOUNDARY_HEADROOM,18,False
2012-08-24 12:00:00,E0006,CLASS_TRANSITION,NONE,CONVEX-CONVEX,-0.467609634088697,-0.883935082518753,componentwise_nonpositive,USE_ORIGINAL_INWARD_NORMAL_NO_COMPONENTWISE_PROJECTION,5,2110.83569442183,GEOMETRY_BOUND_ONLY_NOT_PRIMARY_FALSIFICATION_PATH,0,9,0,9,0.10255914548381,FUTURE_AC_ONLY,ALL_OUTER_EDGES_SYMMETRIC_BOUNDARY_HEADROOM,9,False
2012-08-24 12:00:00,E0007,VMAX30,NONE,CONVEX-REFLEX,-0.387445250172572,-0.921892715080617,componentwise_nonpositive,USE_ORIGINAL_INWARD_NORMAL_NO_COMPONENTWISE_PROJECTION,5,2108.54805942181,GEOMETRY_BOUND_ONLY_NOT_PRIMARY_FALSIFICATION_PATH,0,9,0,9,0.102393517935032,FUTURE_AC_ONLY,ALL_OUTER_EDGES_SYMMETRIC_BOUNDARY_HEADROOM,8,False
2012-08-24 12:00:00,E0008,VMAX30,NONE,REFLEX-REFLEX,-0.395532597936512,-0.918451938845791,componentwise_nonpositive,USE_ORIGINAL_INWARD_NORMAL_NO_COMPONENTWISE_PROJECTION,6,2108.19001401377,GEOMETRY_BOUND_ONLY_NOT_PRIMARY_FALSIFICATION_PATH,12,19,0,19,0.0514457191399395,FUTURE_AC_ONLY,ALL_OUTER_EDGES_SYMMETRIC_BOUNDARY_HEADROOM,16,False
2012-08-24 12:00:00,E0009,VMAX30,NONE,REFLEX-REFLEX,-0.404882680736624,-0.914368642747292,componentwise_nonpositive,USE_ORIGINAL_INWARD_NORMAL_NO_COMPONENTWISE_PROJECTION,7,2104.65411293559,GEOMETRY_BOUND_ONLY_NOT_PRIMARY_FALSIFICATION_PATH,15,19,0,19,0.050534593396887,FUTURE_AC_ONLY,ALL_OUTER_EDGES_SYMMETRIC_BOUNDARY_HEADROOM,14,False
2012-08-24 12:00:00,E0010,VMAX30,NONE,REFLEX-REFLEX,-0.41331977250903,-0.910585946329661,componentwise_nonpositive,USE_ORIGINAL_INWARD_NORMAL_NO_COMPONENTWISE_PROJECTION,8,2098.66277853742,GEOMETRY_BOUND_ONLY_NOT_PRIMARY_FALSIFICATION_PATH,0,14,0,14,0.070248244048861,FUTURE_AC_ONLY,ALL_OUTER_EDGES_SYMMETRIC_BOUNDARY_HEADROOM,10,False
2012-08-24 12:00:00,E0011,VMAX30,NONE,REFLEX-REFLEX,-0.418101901875045,-0.908400131906899,componentwise_nonpositive,USE_ORIGINAL_INWARD_NORMAL_NO_COMPONENTWISE_PROJECTION,9,2094.0590205739,GEOMETRY_BOUND_ONLY_NOT_PRIMARY_FALSIFICATION_PATH,0,5,0,5,0.18623417719283,FUTURE_AC_ONLY,ALL_OUTER_EDGES_SYMMETRIC_BOUNDARY_HEADROOM,4,False
2012-08-24 12:00:00,E0012,VMAX30,NONE,REFLEX-REFLEX,-0.426264741686098,-0.904598457878016,componentwise_nonpositive,USE_ORIGINAL_INWARD_NORMAL_NO_COMPONENTWISE_PROJECTION,10,2085.29533867443,GEOMETRY_BOUND_ONLY_NOT_PRIMARY_FALSIFICATION_PATH,19,19,0,19,0.053919407547883,FUTURE_AC_ONLY,ALL_OUTER_EDGES_SYMMETRIC_BOUNDARY_HEADROOM,14,False
2012-08-24 12:00:00,E0013,VMAX30,NONE,REFLEX-REFLEX,-0.43589515970689,-0.899997449854223,componentwise_nonpositive,USE_ORIGINAL_INWARD_NORMAL_NO_COMPONENTWISE_PROJECTION,11,2071.13710029243,GEOMETRY_BOUND_ONLY_NOT_PRIMARY_FALSIFICATION_PATH,0,9,0,9,0.104952111843126,FUTURE_AC_ONLY,ALL_OUTER_EDGES_SYMMETRIC_BOUNDARY_HEADROOM,7,False
2012-08-24 12:00:00,E0014,VMAX30,NONE,REFLEX-REFLEX,-0.44469071616222,-0.8956841892984,componentwise_nonpositive,USE_ORIGINAL_INWARD_NORMAL_NO_COMPONENTWISE_PROJECTION,12,2056.06214971968,GEOMETRY_BOUND_ONLY_NOT_PRIMARY_FALSIFICATION_PATH,3,9,0,9,0.106089616509853,FUTURE_AC_ONLY,ALL_OUTER_EDGES_SYMMETRIC_BOUNDARY_HEADROOM,7,True
2012-08-24 12:00:00,E0015,VMAX30,NONE,REFLEX-REFLEX,-0.453804682931953,-0.891101178177332,componentwise_nonpositive,USE_ORIGINAL_INWARD_NORMAL_NO_COMPONENTWISE_PROJECTION,13,2037.94473433362,GEOMETRY_BOUND_ONLY_NOT_PRIMARY_FALSIFICATION_PATH,11,9,0,9,0.107419477242996,FUTURE_AC_ONLY,ALL_OUTER_EDGES_SYMMETRIC_BOUNDARY_HEADROOM,8,False
2012-08-24 12:00:00,E0016,VMAX30,NONE,REFLEX-REFLEX,-0.465313582064228,-0.885145903423022,componentwise_nonpositive,USE_ORIGINAL_INWARD_NORMAL_NO_COMPONENTWISE_PROJECTION,14,2011.35644904256,GEOMETRY_BOUND_ONLY_NOT_PRIMARY_FALSIFICATION_PATH,11,9,0,9,0.109061277749067,FUTURE_AC_ONLY,ALL_OUTER_EDGES_SYMMETRIC_BOUNDARY_HEADROOM,8,False
2012-08-24 12:00:00,E0017,VMAX30,NONE,REFLEX-REFLEX,-0.48134592166041,-0.876530720340645,componentwise_nonpositive,USE_ORIGINAL_INWARD_NORMAL_NO_COMPONENTWISE_PROJECTION,15,1967.90312195614,GEOMETRY_BOUND_ONLY_NOT_PRIMARY_FALSIFICATION_PATH,13,9,0,9,0.111231941187452,FUTURE_AC_ONLY,ALL_OUTER_EDGES_SYMMETRIC_BOUNDARY_HEADROOM,8,False
2012-08-24 12:00:00,E0018,VMAX30,ADJACENT_TO_GUARD_LIMITED_EDGE,REFLEX-CONVEX,-0.502960594503327,-0.864309342988296,componentwise_nonpositive,USE_ORIGINAL_INWARD_NORMAL_NO_COMPONENTWISE_PROJECTION,16,1898.00550911752,GEOMETRY_BOUND_ONLY_NOT_PRIMARY_FALSIFICATION_PATH,13,9,0,9,0.114344577162749,FUTURE_AC_ONLY,ALL_OUTER_EDGES_SYMMETRIC_BOUNDARY_HEADROOM,9,False
2012-08-24 12:00:00,E0019,CLASS_TRANSITION,CROSSES_GUARD_LIMITED_RAY,CONVEX-CONVEX,0.925398279912605,-0.378996073244554,mixed_sign,USE_ORIGINAL_INWARD_NORMAL_NO_COMPONENTWISE_PROJECTION,16,3066.7633646731,GEOMETRY_BOUND_ONLY_NOT_PRIMARY_FALSIFICATION_PATH,0,20,0,20,0.0524349965805657,FUTURE_AC_ONLY,ALL_OUTER_EDGES_SYMMETRIC_BOUNDARY_HEADROOM,18,False
2012-08-24 12:00:00,E0020,VMIN18,ADJACENT_TO_GUARD_LIMITED_EDGE,CONVEX-CONVEX,0.97428644198992,0.225312957804521,componentwise_positive,USE_ORIGINAL_INWARD_NORMAL_NO_COMPONENTWISE_PROJECTION,16,1561.60163172483,GEOMETRY_BOUND_ONLY_NOT_PRIMARY_FALSIFICATION_PATH,0,11,0,11,0.112310358062465,FUTURE_AC_ONLY,ALL_OUTER_EDGES_SYMMETRIC_BOUNDARY_HEADROOM,11,False
2012-08-24 12:00:00,E0021,VMIN18,NONE,CONVEX-CONVEX,0.972385181612935,0.233381787163394,componentwise_positive,USE_ORIGINAL_INWARD_NORMAL_NO_COMPONENTWISE_PROJECTION,16,1540.73112790156,GEOMETRY_BOUND_ONLY_NOT_PRIMARY_FALSIFICATION_PATH,0,9,0,9,0.110427090998328,FUTURE_AC_ONLY,ALL_OUTER_EDGES_SYMMETRIC_BOUNDARY_HEADROOM,11,False
2012-08-24 12:00:00,E0022,VMIN18,NONE,CONVEX-CONVEX,0.9707421495457,0.240124299260599,componentwise_positive,USE_ORIGINAL_INWARD_NORMAL_NO_COMPONENTWISE_PROJECTION,16,1526.45105710565,GEOMETRY_BOUND_ONLY_NOT_PRIMARY_FALSIFICATION_PATH,0,10,0,10,0.108860949646142,FUTURE_AC_ONLY,ALL_OUTER_EDGES_SYMMETRIC_BOUNDARY_HEADROOM,11,False
2012-08-24 12:00:00,E0023,VMIN18,NONE,CONVEX-CONVEX,0.969120761670192,0.246586595945089,componentwise_positive,USE_ORIGINAL_INWARD_NORMAL_NO_COMPONENTWISE_PROJECTION,17,3374.7141532328,GEOMETRY_BOUND_ONLY_NOT_PRIMARY_FALSIFICATION_PATH,0,10,0,10,0.107546757419894,FUTURE_AC_ONLY,ALL_OUTER_EDGES_SYMMETRIC_BOUNDARY_HEADROOM,13,False
2012-08-24 12:00:00,E0024,VMIN18,NONE,CONVEX-CONVEX,0.967749671930656,0.251913819545708,componentwise_positive,USE_ORIGINAL_INWARD_NORMAL_NO_COMPONENTWISE_PROJECTION,17,3349.92341366966,GEOMETRY_BOUND_ONLY_NOT_PRIMARY_FALSIFICATION_PATH,0,11,0,11,0.106399617328068,FUTURE_AC_ONLY,ALL_OUTER_EDGES_SYMMETRIC_BOUNDARY_HEADROOM,13,False
2012-08-24 12:00:00,E0025,VMIN18,NONE,CONVEX-CONVEX,0.966337707258087,0.257276962690372,componentwise_positive,USE_ORIGINAL_INWARD_NORMAL_NO_COMPONENTWISE_PROJECTION,17,3326.40680308619,GEOMETRY_BOUND_ONLY_NOT_PRIMARY_FALSIFICATION_PATH,0,9,0,9,0.10539715401442,FUTURE_AC_ONLY,ALL_OUTER_EDGES_SYMMETRIC_BOUNDARY_HEADROOM,14,False
2012-08-24 12:00:00,E0026,VMIN18,NONE,CONVEX-CONVEX,0.964947922228647,0.262441436108357,componentwise_positive,USE_ORIGINAL_INWARD_NORMAL_NO_COMPONENTWISE_PROJECTION,17,3304.98045394978,GEOMETRY_BOUND_ONLY_NOT_PRIMARY_FALSIFICATION_PATH,0,13,0,13,0.076154188430717,FUTURE_AC_ONLY,ALL_OUTER_EDGES_SYMMETRIC_BOUNDARY_HEADROOM,19,False
2012-08-24 12:00:00,E0027,VMIN18,NONE,CONVEX-CONVEX,0.963805650863826,0.266605827698789,componentwise_positive,USE_ORIGINAL_INWARD_NORMAL_NO_COMPONENTWISE_PROJECTION,17,3288.96032986645,GEOMETRY_BOUND_ONLY_NOT_PRIMARY_FALSIFICATION_PATH,0,6,0,6,0.168840967819254,FUTURE_AC_ONLY,ALL_OUTER_EDGES_SYMMETRIC_BOUNDARY_HEADROOM,9,False
2012-08-24 12:00:00,E0028,VMIN18,NONE,CONVEX-CONVEX,0.962195763284151,0.272358794824089,componentwise_positive,USE_ORIGINAL_INWARD_NORMAL_NO_COMPONENTWISE_PROJECTION,17,3267.43828317123,GEOMETRY_BOUND_ONLY_NOT_PRIMARY_FALSIFICATION_PATH,0,20,0,20,0.0528459412440947,FUTURE_AC_ONLY,ALL_OUTER_EDGES_SYMMETRIC_BOUNDARY_HEADROOM,28,False
2012-08-24 12:00:00,E0029,VMIN18,NONE,CONVEX-CONVEX,0.959841967767179,0.280541257060043,componentwise_positive,USE_ORIGINAL_INWARD_NORMAL_NO_COMPONENTWISE_PROJECTION,17,3239.80020935783,GEOMETRY_BOUND_ONLY_NOT_PRIMARY_FALSIFICATION_PATH,0,19,0,19,0.0513626923907562,FUTURE_AC_ONLY,ALL_OUTER_EDGES_SYMMETRIC_BOUNDARY_HEADROOM,27,False
2012-08-24 12:00:00,E0030,VMIN18,NONE,CONVEX-CONVEX,0.957391086823338,0.288794575557138,componentwise_positive,USE_ORIGINAL_INWARD_NORMAL_NO_COMPONENTWISE_PROJECTION,17,3214.64414514882,GEOMETRY_BOUND_ONLY_NOT_PRIMARY_FALSIFICATION_PATH,0,20,0,20,0.050454102933687,FUTURE_AC_ONLY,ALL_OUTER_EDGES_SYMMETRIC_BOUNDARY_HEADROOM,24,False
2012-08-24 12:00:00,E0031,VMIN18,NONE,CONVEX-CONVEX,0.954776292325131,0.29732512778754,componentwise_positive,USE_ORIGINAL_INWARD_NORMAL_NO_COMPONENTWISE_PROJECTION,17,3191.39923174947,GEOMETRY_BOUND_ONLY_NOT_PRIMARY_FALSIFICATION_PATH,0,21,0,21,0.051856892708315,FUTURE_AC_ONLY,ALL_OUTER_EDGES_SYMMETRIC_BOUNDARY_HEADROOM,22,False
2012-08-24 12:00:00,E0032,VMIN18,NONE,CONVEX-CONVEX,0.95146490689715,0.307757259773344,componentwise_positive,USE_ORIGINAL_INWARD_NORMAL_NO_COMPONENTWISE_PROJECTION,17,3166.44625389921,GEOMETRY_BOUND_ONLY_NOT_PRIMARY_FALSIFICATION_PATH,0,20,0,20,0.053367153193902,FUTURE_AC_ONLY,ALL_OUTER_EDGES_SYMMETRIC_BOUNDARY_HEADROOM,18,False
2012-08-24 12:00:00,E0033,CLASS_TRANSITION,NONE,CONVEX-CONVEX,0.658008739206755,0.753010291515021,componentwise_positive,USE_ORIGINAL_INWARD_NORMAL_NO_COMPONENTWISE_PROJECTION,17,2068.64617548374,GEOMETRY_BOUND_ONLY_NOT_PRIMARY_FALSIFICATION_PATH,0,10,0,10,0.100939387395544,FUTURE_AC_ONLY,ALL_OUTER_EDGES_SYMMETRIC_BOUNDARY_HEADROOM,9,False
2012-08-24 12:00:00,E0034,VMIN33,NONE,CONVEX-CONVEX,0.413885129457538,0.910329116096985,componentwise_positive,USE_ORIGINAL_INWARD_NORMAL_NO_COMPONENTWISE_PROJECTION,17,2425.25847956939,GEOMETRY_BOUND_ONLY_NOT_PRIMARY_FALSIFICATION_PATH,0,10,0,10,0.102203922663749,FUTURE_AC_ONLY,ALL_OUTER_EDGES_SYMMETRIC_BOUNDARY_HEADROOM,8,False
2012-08-24 12:00:00,E0035,VMIN33,NONE,CONVEX-CONVEX,0.403998831046087,0.914759500914527,componentwise_positive,USE_ORIGINAL_INWARD_NORMAL_NO_COMPONENTWISE_PROJECTION,17,2450.31810832355,GEOMETRY_BOUND_ONLY_NOT_PRIMARY_FALSIFICATION_PATH,0,20,0,20,0.0513845945727991,FUTURE_AC_ONLY,ALL_OUTER_EDGES_SYMMETRIC_BOUNDARY_HEADROOM,16,False
2012-08-24 12:00:00,E0036,VMIN33,NONE,CONVEX-CONVEX,0.392485940479627,0.919758004328216,componentwise_positive,USE_ORIGINAL_INWARD_NORMAL_NO_COMPONENTWISE_PROJECTION,17,2482.5016855729,GEOMETRY_BOUND_ONLY_NOT_PRIMARY_FALSIFICATION_PATH,0,19,0,19,0.050448354436579,FUTURE_AC_ONLY,ALL_OUTER_EDGES_SYMMETRIC_BOUNDARY_HEADROOM,14,False
2012-08-24 12:00:00,E0037,VMIN33,NONE,CONVEX-CONVEX,0.381600369204721,0.924327408564098,componentwise_positive,USE_ORIGINAL_INWARD_NORMAL_NO_COMPONENTWISE_PROJECTION,17,2515.64926262678,GEOMETRY_BOUND_ONLY_NOT_PRIMARY_FALSIFICATION_PATH,0,19,0,19,0.051875813462879,FUTURE_AC_ONLY,ALL_OUTER_EDGES_SYMMETRIC_BOUNDARY_HEADROOM,14,False
2012-08-24 12:00:00,E0038,VMIN33,NONE,CONVEX-CONVEX,0.374748513713513,0.927126502409198,componentwise_positive,USE_ORIGINAL_INWARD_NORMAL_NO_COMPONENTWISE_PROJECTION,17,2538.35259155214,GEOMETRY_BOUND_ONLY_NOT_PRIMARY_FALSIFICATION_PATH,0,5,0,5,0.185865741482603,FUTURE_AC_ONLY,ALL_OUTER_EDGES_SYMMETRIC_BOUNDARY_HEADROOM,4,True
2012-08-24 12:00:00,E0039,VMIN33,NONE,CONVEX-CONVEX,0.368024748234856,0.929815995069278,componentwise_positive,USE_ORIGINAL_INWARD_NORMAL_NO_COMPONENTWISE_PROJECTION,17,2561.01811206785,GEOMETRY_BOUND_ONLY_NOT_PRIMARY_FALSIFICATION_PATH,0,15,0,15,0.072127617971747,FUTURE_AC_ONLY,ALL_OUTER_EDGES_SYMMETRIC_BOUNDARY_HEADROOM,10,False
2012-08-24 12:00:00,E0040,VMIN33,NONE,CONVEX-CONVEX,0.358197659127946,0.933645777045695,componentwise_positive,USE_ORIGINAL_INWARD_NORMAL_NO_COMPONENTWISE_PROJECTION,17,2596.22277489129,GEOMETRY_BOUND_ONLY_NOT_PRIMARY_FALSIFICATION_PATH,0,19,0,19,0.055262333140457,FUTURE_AC_ONLY,ALL_OUTER_EDGES_SYMMETRIC_BOUNDARY_HEADROOM,14,True
2012-08-24 12:00:00,E0041,VMIN33,NONE,CONVEX-CONVEX,0.347566702364534,0.937655260427543,componentwise_positive,USE_ORIGINAL_INWARD_NORMAL_NO_COMPONENTWISE_PROJECTION,17,2637.98233199227,GEOMETRY_BOUND_ONLY_NOT_PRIMARY_FALSIFICATION_PATH,0,10,0,10,0.106178642736462,FUTURE_AC_ONLY,ALL_OUTER_EDGES_SYMMETRIC_BOUNDARY_HEADROOM,8,False
2012-08-24 12:00:00,E0042,VMIN33,NONE,CONVEX-CONVEX,0.340482447030658,0.94025087251436,componentwise_positive,USE_ORIGINAL_INWARD_NORMAL_NO_COMPONENTWISE_PROJECTION,17,2667.14908643226,GEOMETRY_BOUND_ONLY_NOT_PRIMARY_FALSIFICATION_PATH,0,10,0,10,0.107318774893832,FUTURE_AC_ONLY,ALL_OUTER_EDGES_SYMMETRIC_BOUNDARY_HEADROOM,8,False
2012-08-24 12:00:00,E0043,VMIN33,NONE,CONVEX-CONVEX,0.331989585989377,0.94328305126012,componentwise_positive,USE_ORIGINAL_INWARD_NORMAL_NO_COMPONENTWISE_PROJECTION,17,2704.0397440491,GEOMETRY_BOUND_ONLY_NOT_PRIMARY_FALSIFICATION_PATH,0,10,0,10,0.108633126770285,FUTURE_AC_ONLY,ALL_OUTER_EDGES_SYMMETRIC_BOUNDARY_HEADROOM,8,False
2012-08-24 12:00:00,E0044,VMIN33,NONE,CONVEX-CONVEX,0.323084261017476,0.946370202554366,componentwise_positive,USE_ORIGINAL_INWARD_NORMAL_NO_COMPONENTWISE_PROJECTION,17,2745.09810972239,GEOMETRY_BOUND_ONLY_NOT_PRIMARY_FALSIFICATION_PATH,0,10,0,10,0.110203430681746,FUTURE_AC_ONLY,ALL_OUTER_EDGES_SYMMETRIC_BOUNDARY_HEADROOM,9,False
2012-08-24 12:00:00,E0045,VMIN33,ADJACENT_TO_GUARD_LIMITED_EDGE,CONVEX-CONVEX,0.31149487131502,0.950247833538408,componentwise_positive,USE_ORIGINAL_INWARD_NORMAL_NO_COMPONENTWISE_PROJECTION,17,2802.25969962034,GEOMETRY_BOUND_ONLY_NOT_PRIMARY_FALSIFICATION_PATH,0,9,0,9,0.112092588737336,FUTURE_AC_ONLY,ALL_OUTER_EDGES_SYMMETRIC_BOUNDARY_HEADROOM,9,False
2012-08-24 12:00:00,E0046,CLASS_TRANSITION,CROSSES_GUARD_LIMITED_RAY,CONVEX-CONVEX,-0.638202418495009,0.769868607638421,mixed_sign,USE_ORIGINAL_INWARD_NORMAL_NO_COMPONENTWISE_PROJECTION,17,5806.93496743659,GEOMETRY_BOUND_ONLY_NOT_PRIMARY_FALSIFICATION_PATH,0,20,0,20,0.05333713717928,FUTURE_AC_ONLY,ALL_OUTER_EDGES_SYMMETRIC_BOUNDARY_HEADROOM,20,False
2012-08-24 12:00:00,E0047,VMAX13,ADJACENT_TO_GUARD_LIMITED_EDGE,CONVEX-REFLEX,-0.927178344983327,-0.374620229824791,componentwise_nonpositive,USE_ORIGINAL_INWARD_NORMAL_NO_COMPONENTWISE_PROJECTION,17,3022.92814762948,GEOMETRY_BOUND_ONLY_NOT_PRIMARY_FALSIFICATION_PATH,13,10,0,10,0.11634302242776,FUTURE_AC_ONLY,ALL_OUTER_EDGES_SYMMETRIC_BOUNDARY_HEADROOM,11,False
2012-08-24 12:00:00,E0048,VMAX13,NONE,REFLEX-REFLEX,-0.934780212119581,-0.355226624888496,componentwise_nonpositive,USE_ORIGINAL_INWARD_NORMAL_NO_COMPONENTWISE_PROJECTION,18,1474.7216691853,GEOMETRY_BOUND_ONLY_NOT_PRIMARY_FALSIFICATION_PATH,13,9,0,9,0.112425877958262,FUTURE_AC_ONLY,ALL_OUTER_EDGES_SYMMETRIC_BOUNDARY_HEADROOM,11,False
2012-08-24 12:00:00,E0049,VMAX13,NONE,REFLEX-REFLEX,-0.939729698320516,-0.341918256450911,componentwise_nonpositive,USE_ORIGINAL_INWARD_NORMAL_NO_COMPONENTWISE_PROJECTION,19,1503.99788304617,GEOMETRY_BOUND_ONLY_NOT_PRIMARY_FALSIFICATION_PATH,13,9,0,9,0.109887177121357,FUTURE_AC_ONLY,ALL_OUTER_EDGES_SYMMETRIC_BOUNDARY_HEADROOM,13,False
2012-08-24 12:00:00,E0050,VMAX13,NONE,REFLEX-REFLEX,-0.942966186078752,-0.332888527756804,componentwise_nonpositive,USE_ORIGINAL_INWARD_NORMAL_NO_COMPONENTWISE_PROJECTION,20,1519.69649881723,GEOMETRY_BOUND_ONLY_NOT_PRIMARY_FALSIFICATION_PATH,12,9,0,9,0.108048773270003,FUTURE_AC_ONLY,ALL_OUTER_EDGES_SYMMETRIC_BOUNDARY_HEADROOM,13,False
2012-08-24 12:00:00,E0051,VMAX13,NONE,REFLEX-REFLEX,-0.945708174498546,-0.32501699753494,componentwise_nonpositive,USE_ORIGINAL_INWARD_NORMAL_NO_COMPONENTWISE_PROJECTION,21,1530.44467400014,GEOMETRY_BOUND_ONLY_NOT_PRIMARY_FALSIFICATION_PATH,8,9,0,9,0.106579887802511,FUTURE_AC_ONLY,ALL_OUTER_EDGES_SYMMETRIC_BOUNDARY_HEADROOM,14,False
2012-08-24 12:00:00,E0052,VMAX13,NONE,REFLEX-REFLEX,-0.948853289507832,-0.315717334003324,componentwise_nonpositive,USE_ORIGINAL_INWARD_NORMAL_NO_COMPONENTWISE_PROJECTION,22,1540.18376749103,GEOMETRY_BOUND_ONLY_NOT_PRIMARY_FALSIFICATION_PATH,22,19,0,19,0.0553719213043019,FUTURE_AC_ONLY,ALL_OUTER_EDGES_SYMMETRIC_BOUNDARY_HEADROOM,28,False
2012-08-31 11:30:00,E0000,VMAX13,NONE,REFLEX-REFLEX,-0.951213744229972,-0.308532677018169,componentwise_nonpositive,USE_ORIGINAL_INWARD_NORMAL_NO_COMPONENTWISE_PROJECTION,0,1550.47878046988,GEOMETRY_BOUND_ONLY_NOT_PRIMARY_FALSIFICATION_PATH,0,7,0,7,0.14287183306644,FUTURE_AC_ONLY,ALL_OUTER_EDGES_SYMMETRIC_BOUNDARY_HEADROOM,10,False
2012-08-31 11:30:00,E0001,VMAX13,NONE,REFLEX-REFLEX,-0.952374723407239,-0.304930133333826,componentwise_nonpositive,USE_ORIGINAL_INWARD_NORMAL_NO_COMPONENTWISE_PROJECTION,1,1551.80570741348,GEOMETRY_BOUND_ONLY_NOT_PRIMARY_FALSIFICATION_PATH,14,12,0,12,0.0802352112899404,FUTURE_AC_ONLY,ALL_OUTER_EDGES_SYMMETRIC_BOUNDARY_HEADROOM,18,False
2012-08-31 11:30:00,E0002,VMAX13,NONE,REFLEX-REFLEX,-0.954252894176169,-0.29900069223399,componentwise_nonpositive,USE_ORIGINAL_INWARD_NORMAL_NO_COMPONENTWISE_PROJECTION,2,1552.3782616403,GEOMETRY_BOUND_ONLY_NOT_PRIMARY_FALSIFICATION_PATH,19,19,0,19,0.0515841240861364,FUTURE_AC_ONLY,ALL_OUTER_EDGES_SYMMETRIC_BOUNDARY_HEADROOM,27,False
2012-08-31 11:30:00,E0003,VMAX13,NONE,REFLEX-REFLEX,-0.956640569515207,-0.291271043458872,componentwise_nonpositive,USE_ORIGINAL_INWARD_NORMAL_NO_COMPONENTWISE_PROJECTION,3,1550.07922985163,GEOMETRY_BOUND_ONLY_NOT_PRIMARY_FALSIFICATION_PATH,18,19,0,19,0.050425877316008,FUTURE_AC_ONLY,ALL_OUTER_EDGES_SYMMETRIC_BOUNDARY_HEADROOM,24,False
2012-08-31 11:30:00,E0004,VMAX13,NONE,REFLEX-REFLEX,-0.958689282586493,-0.284455373395891,componentwise_nonpositive,USE_ORIGINAL_INWARD_NORMAL_NO_COMPONENTWISE_PROJECTION,4,1545.43194625551,GEOMETRY_BOUND_ONLY_NOT_PRIMARY_FALSIFICATION_PATH,20,19,0,19,0.052016075816648,FUTURE_AC_ONLY,ALL_OUTER_EDGES_SYMMETRIC_BOUNDARY_HEADROOM,22,False
2012-08-31 11:30:00,E0005,VMAX13,NONE,REFLEX-CONVEX,-0.960766639794996,-0.277358006657519,componentwise_nonpositive,USE_ORIGINAL_INWARD_NORMAL_NO_COMPONENTWISE_PROJECTION,5,1537.75985842431,GEOMETRY_BOUND_ONLY_NOT_PRIMARY_FALSIFICATION_PATH,21,19,0,19,0.053795500471845,FUTURE_AC_ONLY,ALL_OUTER_EDGES_SYMMETRIC_BOUNDARY_HEADROOM,18,False
2012-08-31 11:30:00,E0006,CLASS_TRANSITION,NONE,CONVEX-CONVEX,-0.451006995302729,-0.892520414437678,componentwise_nonpositive,USE_ORIGINAL_INWARD_NORMAL_NO_COMPONENTWISE_PROJECTION,5,2117.59543752979,GEOMETRY_BOUND_ONLY_NOT_PRIMARY_FALSIFICATION_PATH,0,11,0,11,0.102688387994287,FUTURE_AC_ONLY,ALL_OUTER_EDGES_SYMMETRIC_BOUNDARY_HEADROOM,9,False
2012-08-31 11:30:00,E0007,VMAX30,NONE,CONVEX-REFLEX,-0.388415922897906,-0.921484167438252,componentwise_nonpositive,USE_ORIGINAL_INWARD_NORMAL_NO_COMPONENTWISE_PROJECTION,5,2114.51731337478,GEOMETRY_BOUND_ONLY_NOT_PRIMARY_FALSIFICATION_PATH,0,9,0,9,0.102386326833091,FUTURE_AC_ONLY,ALL_OUTER_EDGES_SYMMETRIC_BOUNDARY_HEADROOM,8,False
2012-08-31 11:30:00,E0008,VMAX30,NONE,REFLEX-REFLEX,-0.396041905459482,-0.918232437414418,componentwise_nonpositive,USE_ORIGINAL_INWARD_NORMAL_NO_COMPONENTWISE_PROJECTION,6,2114.16520877375,GEOMETRY_BOUND_ONLY_NOT_PRIMARY_FALSIFICATION_PATH,21,19,0,19,0.0514417795280579,FUTURE_AC_ONLY,ALL_OUTER_EDGES_SYMMETRIC_BOUNDARY_HEADROOM,15,False
2012-08-31 11:30:00,E0009,VMAX30,NONE,REFLEX-REFLEX,-0.404699341444599,-0.914449803452495,componentwise_nonpositive,USE_ORIGINAL_INWARD_NORMAL_NO_COMPONENTWISE_PROJECTION,7,2110.87843638847,GEOMETRY_BOUND_ONLY_NOT_PRIMARY_FALSIFICATION_PATH,22,19,0,19,0.05053357576674,FUTURE_AC_ONLY,ALL_OUTER_EDGES_SYMMETRIC_BOUNDARY_HEADROOM,15,False
2012-08-31 11:30:00,E0010,VMAX30,NONE,REFLEX-REFLEX,-0.413306826097911,-0.91059182266308,componentwise_nonpositive,USE_ORIGINAL_INWARD_NORMAL_NO_COMPONENTWISE_PROJECTION,8,2104.75112453206,GEOMETRY_BOUND_ONLY_NOT_PRIMARY_FALSIFICATION_PATH,14,13,0,13,0.0762401120626021,FUTURE_AC_ONLY,ALL_OUTER_EDGES_SYMMETRIC_BOUNDARY_HEADROOM,9,False
2012-08-31 11:30:00,E0011,VMAX30,NONE,REFLEX-REFLEX,-0.418486272601108,-0.908223122170115,componentwise_nonpositive,USE_ORIGINAL_INWARD_NORMAL_NO_COMPONENTWISE_PROJECTION,9,2099.84779324969,GEOMETRY_BOUND_ONLY_NOT_PRIMARY_FALSIFICATION_PATH,0,6,0,6,0.153595844709093,FUTURE_AC_ONLY,ALL_OUTER_EDGES_SYMMETRIC_BOUNDARY_HEADROOM,5,False
2012-08-31 11:30:00,E0012,VMAX30,NONE,REFLEX-REFLEX,-0.425898186505246,-0.904771095212232,componentwise_nonpositive,USE_ORIGINAL_INWARD_NORMAL_NO_COMPONENTWISE_PROJECTION,10,2091.86657034002,GEOMETRY_BOUND_ONLY_NOT_PRIMARY_FALSIFICATION_PATH,21,19,0,19,0.053916462349373,FUTURE_AC_ONLY,ALL_OUTER_EDGES_SYMMETRIC_BOUNDARY_HEADROOM,14,False
2012-08-31 11:30:00,E0013,VMAX30,NONE,REFLEX-REFLEX,-0.437536643637399,-0.899200581335732,componentwise_nonpositive,USE_ORIGINAL_INWARD_NORMAL_NO_COMPONENTWISE_PROJECTION,11,2074.68124055263,GEOMETRY_BOUND_ONLY_NOT_PRIMARY_FALSIFICATION_PATH,6,9,0,9,0.104968333926417,FUTURE_AC_ONLY,ALL_OUTER_EDGES_SYMMETRIC_BOUNDARY_HEADROOM,7,False
2012-08-31 11:30:00,E0014,VMAX30,NONE,REFLEX-REFLEX,-0.444192165033137,-0.895931537854971,componentwise_nonpositive,USE_ORIGINAL_INWARD_NORMAL_NO_COMPONENTWISE_PROJECTION,12,2063.2254316747,GEOMETRY_BOUND_ONLY_NOT_PRIMARY_FALSIFICATION_PATH,12,9,0,9,0.106084506392867,FUTURE_AC_ONLY,ALL_OUTER_EDGES_SYMMETRIC_BOUNDARY_HEADROOM,8,False
2012-08-31 11:30:00,E0015,VMAX30,NONE,REFLEX-REFLEX,-0.454055965496676,-0.890973164689533,componentwise_nonpositive,USE_ORIGINAL_INWARD_NORMAL_NO_COMPONENTWISE_PROJECTION,13,2043.56193156599,GEOMETRY_BOUND_ONLY_NOT_PRIMARY_FALSIFICATION_PATH,11,9,0,9,0.107423365383877,FUTURE_AC_ONLY,ALL_OUTER_EDGES_SYMMETRIC_BOUNDARY_HEADROOM,7,False
2012-08-31 11:30:00,E0016,VMAX30,NONE,REFLEX-REFLEX,-0.465805273362738,-0.884887251183711,componentwise_nonpositive,USE_ORIGINAL_INWARD_NORMAL_NO_COMPONENTWISE_PROJECTION,14,2016.31680125942,GEOMETRY_BOUND_ONLY_NOT_PRIMARY_FALSIFICATION_PATH,11,9,0,9,0.109070134812942,FUTURE_AC_ONLY,ALL_OUTER_EDGES_SYMMETRIC_BOUNDARY_HEADROOM,8,False
2012-08-31 11:30:00,E0017,VMAX30,NONE,REFLEX-REFLEX,-0.481697021921074,-0.876337822459106,componentwise_nonpositive,USE_ORIGINAL_INWARD_NORMAL_NO_COMPONENTWISE_PROJECTION,15,1973.07830712713,GEOMETRY_BOUND_ONLY_NOT_PRIMARY_FALSIFICATION_PATH,13,9,0,9,0.111240618753541,FUTURE_AC_ONLY,ALL_OUTER_EDGES_SYMMETRIC_BOUNDARY_HEADROOM,8,False
2012-08-31 11:30:00,E0018,VMAX30,ADJACENT_TO_GUARD_LIMITED_EDGE,REFLEX-CONVEX,-0.503930921110404,-0.863743959023054,componentwise_nonpositive,USE_ORIGINAL_INWARD_NORMAL_NO_COMPONENTWISE_PROJECTION,16,1900.87259734516,GEOMETRY_BOUND_ONLY_NOT_PRIMARY_FALSIFICATION_PATH,13,9,0,9,0.11437727044793,FUTURE_AC_ONLY,ALL_OUTER_EDGES_SYMMETRIC_BOUNDARY_HEADROOM,9,False
2012-08-31 11:30:00,E0019,CLASS_TRANSITION,CROSSES_GUARD_LIMITED_RAY,CONVEX-CONVEX,0.936968724652997,-0.349413235327652,mixed_sign,USE_ORIGINAL_INWARD_NORMAL_NO_COMPONENTWISE_PROJECTION,16,3001.66249901218,GEOMETRY_BOUND_ONLY_NOT_PRIMARY_FALSIFICATION_PATH,0,20,0,20,0.052811803994257,FUTURE_AC_ONLY,ALL_OUTER_EDGES_SYMMETRIC_BOUNDARY_HEADROOM,18,False
2012-08-31 11:30:00,E0020,VMIN18,ADJACENT_TO_GUARD_LIMITED_EDGE,CONVEX-CONVEX,0.97423216294048,0.225547539761163,componentwise_positive,USE_ORIGINAL_INWARD_NORMAL_NO_COMPONENTWISE_PROJECTION,16,1554.86684762612,GEOMETRY_BOUND_ONLY_NOT_PRIMARY_FALSIFICATION_PATH,0,9,0,9,0.112318511344545,FUTURE_AC_ONLY,ALL_OUTER_EDGES_SYMMETRIC_BOUNDARY_HEADROOM,11,False
2012-08-31 11:30:00,E0021,VMIN18,NONE,CONVEX-CONVEX,0.972304079441342,0.233719441000795,componentwise_positive,USE_ORIGINAL_INWARD_NORMAL_NO_COMPONENTWISE_PROJECTION,16,1533.81010904563,GEOMETRY_BOUND_ONLY_NOT_PRIMARY_FALSIFICATION_PATH,0,10,0,10,0.11043677019441,FUTURE_AC_ONLY,ALL_OUTER_EDGES_SYMMETRIC_BOUNDARY_HEADROOM,11,False
2012-08-31 11:30:00,E0022,VMIN18,NONE,CONVEX-CONVEX,0.970658075484305,0.240463927642185,componentwise_positive,USE_ORIGINAL_INWARD_NORMAL_NO_COMPONENTWISE_PROJECTION,16,1519.58016806134,GEOMETRY_BOUND_ONLY_NOT_PRIMARY_FALSIFICATION_PATH,0,10,0,10,0.108868941047757,FUTURE_AC_ONLY,ALL_OUTER_EDGES_SYMMETRIC_BOUNDARY_HEADROOM,11,False
2012-08-31 11:30:00,E0023,VMIN18,NONE,CONVEX-CONVEX,0.969106525988374,0.24664253746413,componentwise_positive,USE_ORIGINAL_INWARD_NORMAL_NO_COMPONENTWISE_PROJECTION,17,3378.1410984934,GEOMETRY_BOUND_ONLY_NOT_PRIMARY_FALSIFICATION_PATH,0,10,0,10,0.107547399944037,FUTURE_AC_ONLY,ALL_OUTER_EDGES_SYMMETRIC_BOUNDARY_HEADROOM,13,False
2012-08-31 11:30:00,E0024,VMIN18,NONE,CONVEX-CONVEX,0.967716385517217,0.252041657670897,componentwise_positive,USE_ORIGINAL_INWARD_NORMAL_NO_COMPONENTWISE_PROJECTION,17,3352.95383082869,GEOMETRY_BOUND_ONLY_NOT_PRIMARY_FALSIFICATION_PATH,0,10,0,10,0.106401497864174,FUTURE_AC_ONLY,ALL_OUTER_EDGES_SYMMETRIC_BOUNDARY_HEADROOM,13,False
2012-08-31 11:30:00,E0025,VMIN18,NONE,CONVEX-CONVEX,0.96624985105448,0.257606726110162,componentwise_positive,USE_ORIGINAL_INWARD_NORMAL_NO_COMPONENTWISE_PROJECTION,17,3328.4772936028,GEOMETRY_BOUND_ONLY_NOT_PRIMARY_FALSIFICATION_PATH,0,9,0,9,0.105402116039252,FUTURE_AC_ONLY,ALL_OUTER_EDGES_SYMMETRIC_BOUNDARY_HEADROOM,14,False
2012-08-31 11:30:00,E0026,VMIN18,NONE,CONVEX-CONVEX,0.965057473700726,0.262038303410726,componentwise_positive,USE_ORIGINAL_INWARD_NORMAL_NO_COMPONENTWISE_PROJECTION,17,3310.03294630788,GEOMETRY_BOUND_ONLY_NOT_PRIMARY_FALSIFICATION_PATH,0,13,0,13,0.0824473766237028,FUTURE_AC_ONLY,ALL_OUTER_EDGES_SYMMETRIC_BOUNDARY_HEADROOM,18,False
2012-08-31 11:30:00,E0027,VMIN18,NONE,CONVEX-CONVEX,0.963573577582063,0.267443378279787,componentwise_positive,USE_ORIGINAL_INWARD_NORMAL_NO_COMPONENTWISE_PROJECTION,17,3289.02086867069,GEOMETRY_BOUND_ONLY_NOT_PRIMARY_FALSIFICATION_PATH,0,7,0,7,0.142734821923474,FUTURE_AC_ONLY,ALL_OUTER_EDGES_SYMMETRIC_BOUNDARY_HEADROOM,10,False
2012-08-31 11:30:00,E0028,VMIN18,NONE,CONVEX-CONVEX,0.962171132460777,0.272445796185491,componentwise_positive,USE_ORIGINAL_INWARD_NORMAL_NO_COMPONENTWISE_PROJECTION,17,3270.21887199121,GEOMETRY_BOUND_ONLY_NOT_PRIMARY_FALSIFICATION_PATH,0,19,0,19,0.0528467184281597,FUTURE_AC_ONLY,ALL_OUTER_EDGES_SYMMETRIC_BOUNDARY_HEADROOM,28,False
2012-08-31 11:30:00,E0029,VMIN18,NONE,CONVEX-CONVEX,0.959844367483507,0.280533046556349,componentwise_positive,USE_ORIGINAL_INWARD_NORMAL_NO_COMPONENTWISE_PROJECTION,17,3242.76185953725,GEOMETRY_BOUND_ONLY_NOT_PRIMARY_FALSIFICATION_PATH,0,20,0,20,0.0513622461589299,FUTURE_AC_ONLY,ALL_OUTER_EDGES_SYMMETRIC_BOUNDARY_HEADROOM,27,False
2012-08-31 11:30:00,E0030,VMIN18,NONE,CONVEX-CONVEX,0.957407506538449,0.288740136496177,componentwise_positive,USE_ORIGINAL_INWARD_NORMAL_NO_COMPONENTWISE_PROJECTION,17,3217.59287856436,GEOMETRY_BOUND_ONLY_NOT_PRIMARY_FALSIFICATION_PATH,0,20,0,20,0.050455074957103,FUTURE_AC_ONLY,ALL_OUTER_EDGES_SYMMETRIC_BOUNDARY_HEADROOM,24,False
2012-08-31 11:30:00,E0031,VMIN18,NONE,CONVEX-CONVEX,0.954546426109052,0.298062276047197,componentwise_positive,USE_ORIGINAL_INWARD_NORMAL_NO_COMPONENTWISE_PROJECTION,17,3191.98560107977,GEOMETRY_BOUND_ONLY_NOT_PRIMARY_FALSIFICATION_PATH,0,20,0,20,0.051848233159588,FUTURE_AC_ONLY,ALL_OUTER_EDGES_SYMMETRIC_BOUNDARY_HEADROOM,22,False
2012-08-31 11:30:00,E0032,VMIN18,NONE,CONVEX-CONVEX,0.951537883243592,0.307531554075845,componentwise_positive,USE_ORIGINAL_INWARD_NORMAL_NO_COMPONENTWISE_PROJECTION,17,3169.11285100236,GEOMETRY_BOUND_ONLY_NOT_PRIMARY_FALSIFICATION_PATH,0,20,0,20,0.053370687100305,FUTURE_AC_ONLY,ALL_OUTER_EDGES_SYMMETRIC_BOUNDARY_HEADROOM,18,False
2012-08-31 11:30:00,E0033,CLASS_TRANSITION,NONE,CONVEX-CONVEX,0.668720624775025,0.74351376987955,componentwise_positive,USE_ORIGINAL_INWARD_NORMAL_NO_COMPONENTWISE_PROJECTION,17,2097.68797027194,GEOMETRY_BOUND_ONLY_NOT_PRIMARY_FALSIFICATION_PATH,0,10,0,10,0.100835744462756,FUTURE_AC_ONLY,ALL_OUTER_EDGES_SYMMETRIC_BOUNDARY_HEADROOM,9,False
2012-08-31 11:30:00,E0034,VMIN33,NONE,CONVEX-CONVEX,0.414215800141968,0.91017870273521,componentwise_positive,USE_ORIGINAL_INWARD_NORMAL_NO_COMPONENTWISE_PROJECTION,17,2415.96602799461,GEOMETRY_BOUND_ONLY_NOT_PRIMARY_FALSIFICATION_PATH,0,10,0,10,0.102201259913901,FUTURE_AC_ONLY,ALL_OUTER_EDGES_SYMMETRIC_BOUNDARY_HEADROOM,8,False
2012-08-31 11:30:00,E0035,VMIN33,NONE,CONVEX-CONVEX,0.40415736730551,0.914689467771811,componentwise_positive,USE_ORIGINAL_INWARD_NORMAL_NO_COMPONENTWISE_PROJECTION,17,2441.365846512,GEOMETRY_BOUND_ONLY_NOT_PRIMARY_FALSIFICATION_PATH,0,20,0,20,0.0513831720442925,FUTURE_AC_ONLY,ALL_OUTER_EDGES_SYMMETRIC_BOUNDARY_HEADROOM,15,False
2012-08-31 11:30:00,E0036,VMIN33,NONE,CONVEX-CONVEX,0.392548518180247,0.919731298192299,componentwise_positive,USE_ORIGINAL_INWARD_NORMAL_NO_COMPONENTWISE_PROJECTION,17,2473.690941801,GEOMETRY_BOUND_ONLY_NOT_PRIMARY_FALSIFICATION_PATH,0,20,0,20,0.0504490448169741,FUTURE_AC_ONLY,ALL_OUTER_EDGES_SYMMETRIC_BOUNDARY_HEADROOM,15,False
2012-08-31 11:30:00,E0037,VMIN33,NONE,CONVEX-CONVEX,0.382239665371433,0.924063221980366,componentwise_positive,USE_ORIGINAL_INWARD_NORMAL_NO_COMPONENTWISE_PROJECTION,17,2504.97263657284,GEOMETRY_BOUND_ONLY_NOT_PRIMARY_FALSIFICATION_PATH,0,19,0,19,0.051880744781823,FUTURE_AC_ONLY,ALL_OUTER_EDGES_SYMMETRIC_BOUNDARY_HEADROOM,14,False
2012-08-31 11:30:00,E0038,VMIN33,NONE,CONVEX-CONVEX,0.373446285129816,0.927651805432804,componentwise_positive,USE_ORIGINAL_INWARD_NORMAL_NO_COMPONENTWISE_PROJECTION,17,2533.9829581758,GEOMETRY_BOUND_ONLY_NOT_PRIMARY_FALSIFICATION_PATH,0,6,0,6,0.153217032321899,FUTURE_AC_ONLY,ALL_OUTER_EDGES_SYMMETRIC_BOUNDARY_HEADROOM,5,False
2012-08-31 11:30:00,E0039,VMIN33,NONE,CONVEX-CONVEX,0.367985107562653,0.929831684022492,componentwise_positive,USE_ORIGINAL_INWARD_NORMAL_NO_COMPONENTWISE_PROJECTION,17,2552.40911124263,GEOMETRY_BOUND_ONLY_NOT_PRIMARY_FALSIFICATION_PATH,0,13,0,13,0.078146529983051,FUTURE_AC_ONLY,ALL_OUTER_EDGES_SYMMETRIC_BOUNDARY_HEADROOM,9,False
2012-08-31 11:30:00,E0040,VMIN33,NONE,CONVEX-CONVEX,0.358295634837092,0.933608182299558,componentwise_positive,USE_ORIGINAL_INWARD_NORMAL_NO_COMPONENTWISE_PROJECTION,17,2586.98928322146,GEOMETRY_BOUND_ONLY_NOT_PRIMARY_FALSIFICATION_PATH,0,19,0,19,0.055263633041077,FUTURE_AC_ONLY,ALL_OUTER_EDGES_SYMMETRIC_BOUNDARY_HEADROOM,15,False
2012-08-31 11:30:00,E0041,VMIN33,NONE,CONVEX-CONVEX,0.348481806676767,0.937315544742162,componentwise_positive,USE_ORIGINAL_INWARD_NORMAL_NO_COMPONENTWISE_PROJECTION,17,2625.41736958801,GEOMETRY_BOUND_ONLY_NOT_PRIMARY_FALSIFICATION_PATH,0,9,0,9,0.106188449870315,FUTURE_AC_ONLY,ALL_OUTER_EDGES_SYMMETRIC_BOUNDARY_HEADROOM,7,False
2012-08-31 11:30:00,E0042,VMIN33,NONE,CONVEX-CONVEX,0.340937332915978,0.940086025331799,componentwise_positive,USE_ORIGINAL_INWARD_NORMAL_NO_COMPONENTWISE_PROJECTION,17,2656.38889822851,GEOMETRY_BOUND_ONLY_NOT_PRIMARY_FALSIFICATION_PATH,0,9,0,9,0.107324569891538,FUTURE_AC_ONLY,ALL_OUTER_EDGES_SYMMETRIC_BOUNDARY_HEADROOM,8,False
2012-08-31 11:30:00,E0043,VMIN33,NONE,CONVEX-CONVEX,0.332206949886847,0.943206521630803,componentwise_positive,USE_ORIGINAL_INWARD_NORMAL_NO_COMPONENTWISE_PROJECTION,17,2694.18865505281,GEOMETRY_BOUND_ONLY_NOT_PRIMARY_FALSIFICATION_PATH,0,10,0,10,0.108636614980464,FUTURE_AC_ONLY,ALL_OUTER_EDGES_SYMMETRIC_BOUNDARY_HEADROOM,8,False
2012-08-31 11:30:00,E0044,VMIN33,NONE,CONVEX-CONVEX,0.323240038552325,0.946317006862231,componentwise_positive,USE_ORIGINAL_INWARD_NORMAL_NO_COMPONENTWISE_PROJECTION,17,2735.39286933799,GEOMETRY_BOUND_ONLY_NOT_PRIMARY_FALSIFICATION_PATH,0,11,0,11,0.110206598408124,FUTURE_AC_ONLY,ALL_OUTER_EDGES_SYMMETRIC_BOUNDARY_HEADROOM,9,False
2012-08-31 11:30:00,E0045,VMIN33,ADJACENT_TO_GUARD_LIMITED_EDGE,CONVEX-CONVEX,0.311948914901912,0.950098876165802,componentwise_positive,USE_ORIGINAL_INWARD_NORMAL_NO_COMPONENTWISE_PROJECTION,17,2790.90687784375,GEOMETRY_BOUND_ONLY_NOT_PRIMARY_FALSIFICATION_PATH,0,10,0,10,0.112102743796021,FUTURE_AC_ONLY,ALL_OUTER_EDGES_SYMMETRIC_BOUNDARY_HEADROOM,9,False
2012-08-31 11:30:00,E0046,CLASS_TRANSITION,CROSSES_GUARD_LIMITED_RAY,CONVEX-CONVEX,-0.602260352005174,0.798299735940457,mixed_sign,USE_ORIGINAL_INWARD_NORMAL_NO_COMPONENTWISE_PROJECTION,17,5765.92688990562,GEOMETRY_BOUND_ONLY_NOT_PRIMARY_FALSIFICATION_PATH,0,19,0,19,0.0537431491364579,FUTURE_AC_ONLY,ALL_OUTER_EDGES_SYMMETRIC_BOUNDARY_HEADROOM,20,False
2012-08-31 11:30:00,E0047,VMAX13,ADJACENT_TO_GUARD_LIMITED_EDGE,CONVEX-REFLEX,-0.926886578894429,-0.375341537623243,componentwise_nonpositive,USE_ORIGINAL_INWARD_NORMAL_NO_COMPONENTWISE_PROJECTION,17,3021.81721514638,GEOMETRY_BOUND_ONLY_NOT_PRIMARY_FALSIFICATION_PATH,13,9,0,9,0.116382413022919,FUTURE_AC_ONLY,ALL_OUTER_EDGES_SYMMETRIC_BOUNDARY_HEADROOM,11,False
2012-08-31 11:30:00,E0048,VMAX13,NONE,REFLEX-REFLEX,-0.934551662104204,-0.355827473445023,componentwise_nonpositive,USE_ORIGINAL_INWARD_NORMAL_NO_COMPONENTWISE_PROJECTION,18,1480.38308072941,GEOMETRY_BOUND_ONLY_NOT_PRIMARY_FALSIFICATION_PATH,13,9,0,9,0.112447417098955,FUTURE_AC_ONLY,ALL_OUTER_EDGES_SYMMETRIC_BOUNDARY_HEADROOM,11,False
2012-08-31 11:30:00,E0049,VMAX13,NONE,REFLEX-REFLEX,-0.939470462580696,-0.342629902282934,componentwise_nonpositive,USE_ORIGINAL_INWARD_NORMAL_NO_COMPONENTWISE_PROJECTION,19,1509.57249794015,GEOMETRY_BOUND_ONLY_NOT_PRIMARY_FALSIFICATION_PATH,13,9,0,9,0.109906304035013,FUTURE_AC_ONLY,ALL_OUTER_EDGES_SYMMETRIC_BOUNDARY_HEADROOM,13,False
2012-08-31 11:30:00,E0050,VMAX13,NONE,REFLEX-REFLEX,-0.942862144841211,-0.333183096548175,componentwise_nonpositive,USE_ORIGINAL_INWARD_NORMAL_NO_COMPONENTWISE_PROJECTION,20,1526.08054134051,GEOMETRY_BOUND_ONLY_NOT_PRIMARY_FALSIFICATION_PATH,12,9,0,9,0.108054635629852,FUTURE_AC_ONLY,ALL_OUTER_EDGES_SYMMETRIC_BOUNDARY_HEADROOM,13,False
2012-08-31 11:30:00,E0051,VMAX13,NONE,REFLEX-REFLEX,-0.9456854825107,-0.325083017348653,componentwise_nonpositive,USE_ORIGINAL_INWARD_NORMAL_NO_COMPONENTWISE_PROJECTION,21,1537.19261086182,GEOMETRY_BOUND_ONLY_NOT_PRIMARY_FALSIFICATION_PATH,11,9,0,9,0.106580509557202,FUTURE_AC_ONLY,ALL_OUTER_EDGES_SYMMETRIC_BOUNDARY_HEADROOM,14,False
2012-08-31 11:30:00,E0052,VMAX13,NONE,REFLEX-REFLEX,-0.948577719699332,-0.316544325000489,componentwise_nonpositive,USE_ORIGINAL_INWARD_NORMAL_NO_COMPONENTWISE_PROJECTION,22,1546.18205943915,GEOMETRY_BOUND_ONLY_NOT_PRIMARY_FALSIFICATION_PATH,22,19,0,19,0.0553853609263477,FUTURE_AC_ONLY,ALL_OUTER_EDGES_SYMMETRIC_BOUNDARY_HEADROOM,28,False
2012-09-03 07:00:00,E0000,VMAX13,NONE,REFLEX-REFLEX,-0.952795855087827,-0.303611690366915,componentwise_nonpositive,USE_ORIGINAL_INWARD_NORMAL_NO_COMPONENTWISE_PROJECTION,0,1425.79744108623,GEOMETRY_BOUND_ONLY_NOT_PRIMARY_FALSIFICATION_PATH,19,19,0,19,0.0532737595900241,FUTURE_AC_ONLY,ALL_OUTER_EDGES_SYMMETRIC_BOUNDARY_HEADROOM,28,False
2012-09-03 07:00:00,E0001,VMAX13,NONE,REFLEX-REFLEX,-0.95537166711623,-0.295406461797225,componentwise_nonpositive,USE_ORIGINAL_INWARD_NORMAL_NO_COMPONENTWISE_PROJECTION,1,1426.4867844801,GEOMETRY_BOUND_ONLY_NOT_PRIMARY_FALSIFICATION_PATH,20,19,0,19,0.0515479270244968,FUTURE_AC_ONLY,ALL_OUTER_EDGES_SYMMETRIC_BOUNDARY_HEADROOM,27,False
2012-09-03 07:00:00,E0002,VMAX13,NONE,REFLEX-REFLEX,-0.957037555745483,-0.289963992407181,componentwise_nonpositive,USE_ORIGINAL_INWARD_NORMAL_NO_COMPONENTWISE_PROJECTION,2,1424.9711060148,GEOMETRY_BOUND_ONLY_NOT_PRIMARY_FALSIFICATION_PATH,20,19,0,19,0.050434240447866,FUTURE_AC_ONLY,ALL_OUTER_EDGES_SYMMETRIC_BOUNDARY_HEADROOM,24,False
2012-09-03 07:00:00,E0003,VMAX13,NONE,REFLEX-REFLEX,-0.959081978015835,-0.28312852107344,componentwise_nonpositive,USE_ORIGINAL_INWARD_NORMAL_NO_COMPONENTWISE_PROJECTION,3,1420.65899302232,GEOMETRY_BOUND_ONLY_NOT_PRIMARY_FALSIFICATION_PATH,13,19,0,19,0.052025475491058,FUTURE_AC_ONLY,ALL_OUTER_EDGES_SYMMETRIC_BOUNDARY_HEADROOM,22,False
2012-09-03 07:00:00,E0004,VMAX13,NONE,REFLEX-CONVEX,-0.960976902385886,-0.27662861941749,componentwise_nonpositive,USE_ORIGINAL_INWARD_NORMAL_NO_COMPONENTWISE_PROJECTION,4,1414.17078682006,GEOMETRY_BOUND_ONLY_NOT_PRIMARY_FALSIFICATION_PATH,14,20,0,20,0.053797949368616,FUTURE_AC_ONLY,ALL_OUTER_EDGES_SYMMETRIC_BOUNDARY_HEADROOM,18,True
2012-09-03 07:00:00,E0005,CLASS_TRANSITION,NONE,CONVEX-CONVEX,-0.725823491901348,-0.687880991599661,componentwise_nonpositive,USE_ORIGINAL_INWARD_NORMAL_NO_COMPONENTWISE_PROJECTION,4,1876.3088860932,GEOMETRY_BOUND_ONLY_NOT_PRIMARY_FALSIFICATION_PATH,0,10,0,10,0.100255878424363,FUTURE_AC_ONLY,ALL_OUTER_EDGES_SYMMETRIC_BOUNDARY_HEADROOM,9,False
2012-09-03 07:00:00,E0006,VMAX30,NONE,CONVEX-REFLEX,-0.385826660507913,-0.922571291576598,componentwise_nonpositive,USE_ORIGINAL_INWARD_NORMAL_NO_COMPONENTWISE_PROJECTION,4,2000.4686584362,GEOMETRY_BOUND_ONLY_NOT_PRIMARY_FALSIFICATION_PATH,9,9,0,9,0.102409920978022,FUTURE_AC_ONLY,ALL_OUTER_EDGES_SYMMETRIC_BOUNDARY_HEADROOM,8,False
2012-09-03 07:00:00,E0007,VMAX30,NONE,REFLEX-REFLEX,-0.392254803835745,-0.919856602339615,componentwise_nonpositive,USE_ORIGINAL_INWARD_NORMAL_NO_COMPONENTWISE_PROJECTION,5,2000.22606522669,GEOMETRY_BOUND_ONLY_NOT_PRIMARY_FALSIFICATION_PATH,19,19,0,19,0.0514742604416085,FUTURE_AC_ONLY,ALL_OUTER_EDGES_SYMMETRIC_BOUNDARY_HEADROOM,16,False
2012-09-03 07:00:00,E0008,VMAX30,NONE,REFLEX-REFLEX,-0.401771642908696,-0.915739890446216,componentwise_nonpositive,USE_ORIGINAL_INWARD_NORMAL_NO_COMPONENTWISE_PROJECTION,6,1996.8801361588,GEOMETRY_BOUND_ONLY_NOT_PRIMARY_FALSIFICATION_PATH,18,19,0,19,0.050507961161636,FUTURE_AC_ONLY,ALL_OUTER_EDGES_SYMMETRIC_BOUNDARY_HEADROOM,14,False
2012-09-03 07:00:00,E0009,VMAX30,NONE,REFLEX-REFLEX,-0.410765259454685,-0.911741137398727,componentwise_nonpositive,USE_ORIGINAL_INWARD_NORMAL_NO_COMPONENTWISE_PROJECTION,7,1990.89068273289,GEOMETRY_BOUND_ONLY_NOT_PRIMARY_FALSIFICATION_PATH,21,19,0,19,0.052087404111485,FUTURE_AC_ONLY,ALL_OUTER_EDGES_SYMMETRIC_BOUNDARY_HEADROOM,14,False
2012-09-03 07:00:00,E0010,VMAX30,NONE,REFLEX-REFLEX,-0.419879464131214,-0.90757987835831,componentwise_nonpositive,USE_ORIGINAL_INWARD_NORMAL_NO_COMPONENTWISE_PROJECTION,8,1981.80409936819,GEOMETRY_BOUND_ONLY_NOT_PRIMARY_FALSIFICATION_PATH,14,15,0,15,0.0675686125253501,FUTURE_AC_ONLY,ALL_OUTER_EDGES_SYMMETRIC_BOUNDARY_HEADROOM,11,True
2012-09-03 07:00:00,E0011,VMAX30,NONE,REFLEX-REFLEX,-0.425266095803254,-0.905068366346023,componentwise_nonpositive,USE_ORIGINAL_INWARD_NORMAL_NO_COMPONENTWISE_PROJECTION,9,1974.89919860003,GEOMETRY_BOUND_ONLY_NOT_PRIMARY_FALSIFICATION_PATH,0,4,0,4,0.227589488905336,FUTURE_AC_ONLY,ALL_OUTER_EDGES_SYMMETRIC_BOUNDARY_HEADROOM,3,False
2012-09-03 07:00:00,E0012,VMAX30,NONE,REFLEX-REFLEX,-0.431351511255885,-0.902183946729969,componentwise_nonpositive,USE_ORIGINAL_INWARD_NORMAL_NO_COMPONENTWISE_PROJECTION,10,1966.4899792207,GEOMETRY_BOUND_ONLY_NOT_PRIMARY_FALSIFICATION_PATH,8,9,0,9,0.104901619244846,FUTURE_AC_ONLY,ALL_OUTER_EDGES_SYMMETRIC_BOUNDARY_HEADROOM,7,False
2012-09-03 07:00:00,E0013,VMAX30,NONE,REFLEX-REFLEX,-0.43769701127553,-0.89912253131621,componentwise_nonpositive,USE_ORIGINAL_INWARD_NORMAL_NO_COMPONENTWISE_PROJECTION,11,1956.33042207689,GEOMETRY_BOUND_ONLY_NOT_PRIMARY_FALSIFICATION_PATH,12,9,0,9,0.106004233292809,FUTURE_AC_ONLY,ALL_OUTER_EDGES_SYMMETRIC_BOUNDARY_HEADROOM,7,True
2012-09-03 07:00:00,E0014,VMAX30,NONE,REFLEX-REFLEX,-0.446976445906839,-0.894545726502838,componentwise_nonpositive,USE_ORIGINAL_INWARD_NORMAL_NO_COMPONENTWISE_PROJECTION,12,1939.1341398247,GEOMETRY_BOUND_ONLY_NOT_PRIMARY_FALSIFICATION_PATH,13,9,0,9,0.107319694457755,FUTURE_AC_ONLY,ALL_OUTER_EDGES_SYMMETRIC_BOUNDARY_HEADROOM,8,False
2012-09-03 07:00:00,E0015,VMAX30,NONE,REFLEX-REFLEX,-0.45700314316599,-0.889465079211323,componentwise_nonpositive,USE_ORIGINAL_INWARD_NORMAL_NO_COMPONENTWISE_PROJECTION,13,1917.56480666673,GEOMETRY_BOUND_ONLY_NOT_PRIMARY_FALSIFICATION_PATH,13,9,0,9,0.108912908762728,FUTURE_AC_ONLY,ALL_OUTER_EDGES_SYMMETRIC_BOUNDARY_HEADROOM,8,False
2012-09-03 07:00:00,E0016,VMAX30,NONE,REFLEX-REFLEX,-0.471269680421638,-0.88198916564507,componentwise_nonpositive,USE_ORIGINAL_INWARD_NORMAL_NO_COMPONENTWISE_PROJECTION,14,1881.67062746738,GEOMETRY_BOUND_ONLY_NOT_PRIMARY_FALSIFICATION_PATH,13,9,0,9,0.110997468915013,FUTURE_AC_ONLY,ALL_OUTER_EDGES_SYMMETRIC_BOUNDARY_HEADROOM,8,False
2012-09-03 07:00:00,E0017,VMAX30,ADJACENT_TO_GUARD_LIMITED_EDGE,REFLEX-CONVEX,-0.490131560244544,-0.871648469081572,componentwise_nonpositive,USE_ORIGINAL_INWARD_NORMAL_NO_COMPONENTWISE_PROJECTION,15,1825.30920884725,GEOMETRY_BOUND_ONLY_NOT_PRIMARY_FALSIFICATION_PATH,13,10,0,10,0.113919964933018,FUTURE_AC_ONLY,ALL_OUTER_EDGES_SYMMETRIC_BOUNDARY_HEADROOM,9,False
2012-09-03 07:00:00,E0018,CLASS_TRANSITION,CROSSES_GUARD_LIMITED_RAY,CONVEX-CONVEX,0.423741413460746,-0.905783205032136,mixed_sign,USE_ORIGINAL_INWARD_NORMAL_NO_COMPONENTWISE_PROJECTION,15,3596.80243781197,GEOMETRY_BOUND_ONLY_NOT_PRIMARY_FALSIFICATION_PATH,0,19,0,19,0.05463942179031,FUTURE_AC_ONLY,ALL_OUTER_EDGES_SYMMETRIC_BOUNDARY_HEADROOM,18,False
2012-09-03 07:00:00,E0019,VMIN18,ADJACENT_TO_GUARD_LIMITED_EDGE,CONVEX-CONVEX,0.975405439509932,0.220418303628433,componentwise_positive,USE_ORIGINAL_INWARD_NORMAL_NO_COMPONENTWISE_PROJECTION,15,1684.67659278163,GEOMETRY_BOUND_ONLY_NOT_PRIMARY_FALSIFICATION_PATH,0,11,0,11,0.112139352276201,FUTURE_AC_ONLY,ALL_OUTER_EDGES_SYMMETRIC_BOUNDARY_HEADROOM,11,False
2012-09-03 07:00:00,E0020,VMIN18,NONE,CONVEX-CONVEX,0.973524198034365,0.228583979844492,componentwise_positive,USE_ORIGINAL_INWARD_NORMAL_NO_COMPONENTWISE_PROJECTION,15,1662.11707862049,GEOMETRY_BOUND_ONLY_NOT_PRIMARY_FALSIFICATION_PATH,0,10,0,10,0.110293667500031,FUTURE_AC_ONLY,ALL_OUTER_EDGES_SYMMETRIC_BOUNDARY_HEADROOM,11,False
2012-09-03 07:00:00,E0021,VMIN18,NONE,CONVEX-CONVEX,0.971846283244025,0.235615792647211,componentwise_positive,USE_ORIGINAL_INWARD_NORMAL_NO_COMPONENTWISE_PROJECTION,16,3367.28699272213,GEOMETRY_BOUND_ONLY_NOT_PRIMARY_FALSIFICATION_PATH,0,9,0,9,0.108758691906939,FUTURE_AC_ONLY,ALL_OUTER_EDGES_SYMMETRIC_BOUNDARY_HEADROOM,11,False
2012-09-03 07:00:00,E0022,VMIN18,NONE,CONVEX-CONVEX,0.970160661946506,0.242462966268083,componentwise_positive,USE_ORIGINAL_INWARD_NORMAL_NO_COMPONENTWISE_PROJECTION,16,3334.53013239941,GEOMETRY_BOUND_ONLY_NOT_PRIMARY_FALSIFICATION_PATH,0,10,0,10,0.107468692790766,FUTURE_AC_ONLY,ALL_OUTER_EDGES_SYMMETRIC_BOUNDARY_HEADROOM,13,False
2012-09-03 07:00:00,E0023,VMIN18,NONE,CONVEX-CONVEX,0.968771262504405,0.247956127058035,componentwise_positive,USE_ORIGINAL_INWARD_NORMAL_NO_COMPONENTWISE_PROJECTION,16,3310.08578153513,GEOMETRY_BOUND_ONLY_NOT_PRIMARY_FALSIFICATION_PATH,0,11,0,11,0.106335365708656,FUTURE_AC_ONLY,ALL_OUTER_EDGES_SYMMETRIC_BOUNDARY_HEADROOM,13,False
2012-09-03 07:00:00,E0024,VMIN18,NONE,CONVEX-CONVEX,0.967504779095884,0.252852728730826,componentwise_positive,USE_ORIGINAL_INWARD_NORMAL_NO_COMPONENTWISE_PROJECTION,16,3289.72326032937,GEOMETRY_BOUND_ONLY_NOT_PRIMARY_FALSIFICATION_PATH,0,10,0,10,0.105332933031441,FUTURE_AC_ONLY,ALL_OUTER_EDGES_SYMMETRIC_BOUNDARY_HEADROOM,14,False
2012-09-03 07:00:00,E0025,VMIN18,NONE,CONVEX-CONVEX,0.965534158400321,0.260276370349258,componentwise_positive,USE_ORIGINAL_INWARD_NORMAL_NO_COMPONENTWISE_PROJECTION,16,3260.72154918903,GEOMETRY_BOUND_ONLY_NOT_PRIMARY_FALSIFICATION_PATH,0,19,0,19,0.0544828266773399,FUTURE_AC_ONLY,ALL_OUTER_EDGES_SYMMETRIC_BOUNDARY_HEADROOM,28,False
2012-09-03 07:00:00,E0026,VMIN18,NONE,CONVEX-CONVEX,0.963495154531327,0.267725768641447,componentwise_positive,USE_ORIGINAL_INWARD_NORMAL_NO_COMPONENTWISE_PROJECTION,16,3234.99578567834,GEOMETRY_BOUND_ONLY_NOT_PRIMARY_FALSIFICATION_PATH,0,14,0,14,0.0726152770727371,FUTURE_AC_ONLY,ALL_OUTER_EDGES_SYMMETRIC_BOUNDARY_HEADROOM,20,False
2012-09-03 07:00:00,E0027,VMIN18,NONE,CONVEX-CONVEX,0.961979808658507,0.273120573617848,componentwise_positive,USE_ORIGINAL_INWARD_NORMAL_NO_COMPONENTWISE_PROJECTION,16,3217.88074208956,GEOMETRY_BOUND_ONLY_NOT_PRIMARY_FALSIFICATION_PATH,0,6,0,6,0.177843000841193,FUTURE_AC_ONLY,ALL_OUTER_EDGES_SYMMETRIC_BOUNDARY_HEADROOM,8,False
2012-09-03 07:00:00,E0028,VMIN18,NONE,CONVEX-CONVEX,0.960633487528008,0.277818830606882,componentwise_positive,USE_ORIGINAL_INWARD_NORMAL_NO_COMPONENTWISE_PROJECTION,16,3203.4180496474,GEOMETRY_BOUND_ONLY_NOT_PRIMARY_FALSIFICATION_PATH,0,20,0,20,0.0513364836997255,FUTURE_AC_ONLY,ALL_OUTER_EDGES_SYMMETRIC_BOUNDARY_HEADROOM,27,False
2012-09-03 07:00:00,E0029,VMIN18,NONE,CONVEX-CONVEX,0.958127023784116,0.286343511004861,componentwise_positive,USE_ORIGINAL_INWARD_NORMAL_NO_COMPONENTWISE_PROJECTION,16,3180.30539179046,GEOMETRY_BOUND_ONLY_NOT_PRIMARY_FALSIFICATION_PATH,0,20,0,20,0.0504761052717739,FUTURE_AC_ONLY,ALL_OUTER_EDGES_SYMMETRIC_BOUNDARY_HEADROOM,24,False
2012-09-03 07:00:00,E0030,VMIN18,NONE,CONVEX-CONVEX,0.955203818657615,0.295948753709,componentwise_positive,USE_ORIGINAL_INWARD_NORMAL_NO_COMPONENTWISE_PROJECTION,16,3157.62934270234,GEOMETRY_BOUND_ONLY_NOT_PRIMARY_FALSIFICATION_PATH,0,20,0,20,0.0518668916750851,FUTURE_AC_ONLY,ALL_OUTER_EDGES_SYMMETRIC_BOUNDARY_HEADROOM,22,False
2012-09-03 07:00:00,E0031,VMIN18,NONE,CONVEX-CONVEX,0.951790702356455,0.306748201148443,componentwise_positive,USE_ORIGINAL_INWARD_NORMAL_NO_COMPONENTWISE_PROJECTION,16,3136.0403007644,GEOMETRY_BOUND_ONLY_NOT_PRIMARY_FALSIFICATION_PATH,0,20,0,20,0.053373089267844,FUTURE_AC_ONLY,ALL_OUTER_EDGES_SYMMETRIC_BOUNDARY_HEADROOM,18,True
2012-09-03 07:00:00,E0032,CLASS_TRANSITION,NONE,CONVEX-CONVEX,0.460182683250855,0.887824249520165,componentwise_positive,USE_ORIGINAL_INWARD_NORMAL_NO_COMPONENTWISE_PROJECTION,16,2769.62933489204,GEOMETRY_BOUND_ONLY_NOT_PRIMARY_FALSIFICATION_PATH,0,9,0,9,0.102623104957913,FUTURE_AC_ONLY,ALL_OUTER_EDGES_SYMMETRIC_BOUNDARY_HEADROOM,9,False
2012-09-03 07:00:00,E0033,VMIN33,NONE,CONVEX-CONVEX,0.410843572402225,0.911705851147056,componentwise_positive,USE_ORIGINAL_INWARD_NORMAL_NO_COMPONENTWISE_PROJECTION,16,2915.88005332109,GEOMETRY_BOUND_ONLY_NOT_PRIMARY_FALSIFICATION_PATH,0,11,0,11,0.102230941371973,FUTURE_AC_ONLY,ALL_OUTER_EDGES_SYMMETRIC_BOUNDARY_HEADROOM,8,False
2012-09-03 07:00:00,E0034,VMIN33,NONE,CONVEX-CONVEX,0.40012310577033,0.91646140138508,componentwise_positive,USE_ORIGINAL_INWARD_NORMAL_NO_COMPONENTWISE_PROJECTION,16,2947.87387852205,GEOMETRY_BOUND_ONLY_NOT_PRIMARY_FALSIFICATION_PATH,0,20,0,20,0.0514176470977917,FUTURE_AC_ONLY,ALL_OUTER_EDGES_SYMMETRIC_BOUNDARY_HEADROOM,16,False
2012-09-03 07:00:00,E0035,VMIN33,NONE,CONVEX-CONVEX,0.388073502879795,0.921628426407631,componentwise_positive,USE_ORIGINAL_INWARD_NORMAL_NO_COMPONENTWISE_PROJECTION,16,2987.04110106738,GEOMETRY_BOUND_ONLY_NOT_PRIMARY_FALSIFICATION_PATH,0,19,0,19,0.050413236465916,FUTURE_AC_ONLY,ALL_OUTER_EDGES_SYMMETRIC_BOUNDARY_HEADROOM,14,False
2012-09-03 07:00:00,E0036,VMIN33,NONE,CONVEX-CONVEX,0.383022009299013,0.923739216658331,componentwise_positive,USE_ORIGINAL_INWARD_NORMAL_NO_COMPONENTWISE_PROJECTION,16,3004.82893091655,GEOMETRY_BOUND_ONLY_NOT_PRIMARY_FALSIFICATION_PATH,0,4,0,4,0.224724751953884,FUTURE_AC_ONLY,ALL_OUTER_EDGES_SYMMETRIC_BOUNDARY_HEADROOM,3,False
2012-09-03 07:00:00,E0037,VMIN33,NONE,CONVEX-CONVEX,0.375433205465722,0.926849452842118,componentwise_positive,USE_ORIGINAL_INWARD_NORMAL_NO_COMPONENTWISE_PROJECTION,16,3031.84327049079,GEOMETRY_BOUND_ONLY_NOT_PRIMARY_FALSIFICATION_PATH,0,15,0,15,0.066264777370974,FUTURE_AC_ONLY,ALL_OUTER_EDGES_SYMMETRIC_BOUNDARY_HEADROOM,11,False
2012-09-03 07:00:00,E0038,VMIN33,NONE,CONVEX-CONVEX,0.36497298062688,0.931018111216066,componentwise_positive,USE_ORIGINAL_INWARD_NORMAL_NO_COMPONENTWISE_PROJECTION,16,3071.23626405087,GEOMETRY_BOUND_ONLY_NOT_PRIMARY_FALSIFICATION_PATH,0,20,0,20,0.0533915547195619,FUTURE_AC_ONLY,ALL_OUTER_EDGES_SYMMETRIC_BOUNDARY_HEADROOM,14,False
2012-09-03 07:00:00,E0039,VMIN33,NONE,CONVEX-CONVEX,0.352742964517428,0.935720257867412,componentwise_positive,USE_ORIGINAL_INWARD_NORMAL_NO_COMPONENTWISE_PROJECTION,16,3120.88987664531,GEOMETRY_BOUND_ONLY_NOT_PRIMARY_FALSIFICATION_PATH,0,20,0,20,0.055203146741822,FUTURE_AC_ONLY,ALL_OUTER_EDGES_SYMMETRIC_BOUNDARY_HEADROOM,14,True
2012-09-03 07:00:00,E0040,VMIN33,NONE,CONVEX-CONVEX,0.342694389822238,0.939446941122469,componentwise_positive,USE_ORIGINAL_INWARD_NORMAL_NO_COMPONENTWISE_PROJECTION,16,3165.22815010602,GEOMETRY_BOUND_ONLY_NOT_PRIMARY_FALSIFICATION_PATH,0,9,0,9,0.106122212065289,FUTURE_AC_ONLY,ALL_OUTER_EDGES_SYMMETRIC_BOUNDARY_HEADROOM,8,False
2012-09-03 07:00:00,E0041,VMIN33,NONE,CONVEX-CONVEX,0.334700621312109,0.942324516338872,componentwise_positive,USE_ORIGINAL_INWARD_NORMAL_NO_COMPONENTWISE_PROJECTION,16,3202.03858134984,GEOMETRY_BOUND_ONLY_NOT_PRIMARY_FALSIFICATION_PATH,0,10,0,10,0.107243496726123,FUTURE_AC_ONLY,ALL_OUTER_EDGES_SYMMETRIC_BOUNDARY_HEADROOM,8,False
2012-09-03 07:00:00,E0042,VMIN33,NONE,CONVEX-CONVEX,0.326562701797282,0.945175540201321,componentwise_positive,USE_ORIGINAL_INWARD_NORMAL_NO_COMPONENTWISE_PROJECTION,16,3241.39511475112,GEOMETRY_BOUND_ONLY_NOT_PRIMARY_FALSIFICATION_PATH,0,11,0,11,0.108549810623967,FUTURE_AC_ONLY,ALL_OUTER_EDGES_SYMMETRIC_BOUNDARY_HEADROOM,8,False
2012-09-03 07:00:00,E0043,VMIN33,NONE,CONVEX-CONVEX,0.316849269662564,0.94847590391865,componentwise_positive,USE_ORIGINAL_INWARD_NORMAL_NO_COMPONENTWISE_PROJECTION,16,3291.02101673851,GEOMETRY_BOUND_ONLY_NOT_PRIMARY_FALSIFICATION_PATH,0,10,0,10,0.110089708937198,FUTURE_AC_ONLY,ALL_OUTER_EDGES_SYMMETRIC_BOUNDARY_HEADROOM,9,False
2012-09-03 07:00:00,E0044,VMIN33,ADJACENT_TO_GUARD_LIMITED_EDGE,CONVEX-CONVEX,0.305708140259215,0.952125271683959,componentwise_positive,USE_ORIGINAL_INWARD_NORMAL_NO_COMPONENTWISE_PROJECTION,16,3351.60161267049,GEOMETRY_BOUND_ONLY_NOT_PRIMARY_FALSIFICATION_PATH,0,10,0,10,0.111960972014014,FUTURE_AC_ONLY,ALL_OUTER_EDGES_SYMMETRIC_BOUNDARY_HEADROOM,9,False
2012-09-03 07:00:00,E0045,CLASS_TRANSITION,CROSSES_GUARD_LIMITED_RAY,CONVEX-CONVEX,-0.982154379103962,0.188076515298726,mixed_sign,USE_ORIGINAL_INWARD_NORMAL_NO_COMPONENTWISE_PROJECTION,16,5156.05609313989,GEOMETRY_BOUND_ONLY_NOT_PRIMARY_FALSIFICATION_PATH,0,19,0,19,0.0541856279515904,FUTURE_AC_ONLY,ALL_OUTER_EDGES_SYMMETRIC_BOUNDARY_HEADROOM,20,False
2012-09-03 07:00:00,E0046,VMAX13,ADJACENT_TO_GUARD_LIMITED_EDGE,CONVEX-REFLEX,-0.931916310112266,-0.362673394318827,componentwise_nonpositive,USE_ORIGINAL_INWARD_NORMAL_NO_COMPONENTWISE_PROJECTION,16,3041.46612833077,GEOMETRY_BOUND_ONLY_NOT_PRIMARY_FALSIFICATION_PATH,13,9,0,9,0.115714083668862,FUTURE_AC_ONLY,ALL_OUTER_EDGES_SYMMETRIC_BOUNDARY_HEADROOM,11,False
2012-09-03 07:00:00,E0047,VMAX13,NONE,REFLEX-REFLEX,-0.938044477260392,-0.346514875122668,componentwise_nonpositive,USE_ORIGINAL_INWARD_NORMAL_NO_COMPONENTWISE_PROJECTION,17,1369.41694956478,GEOMETRY_BOUND_ONLY_NOT_PRIMARY_FALSIFICATION_PATH,13,9,0,9,0.112123744914361,FUTURE_AC_ONLY,ALL_OUTER_EDGES_SYMMETRIC_BOUNDARY_HEADROOM,11,False
2012-09-03 07:00:00,E0048,VMAX13,NONE,REFLEX-REFLEX,-0.942103556226399,-0.33532206808615,componentwise_nonpositive,USE_ORIGINAL_INWARD_NORMAL_NO_COMPONENTWISE_PROJECTION,18,1391.83155627853,GEOMETRY_BOUND_ONLY_NOT_PRIMARY_FALSIFICATION_PATH,12,9,0,9,0.10972024124125,FUTURE_AC_ONLY,ALL_OUTER_EDGES_SYMMETRIC_BOUNDARY_HEADROOM,13,False
2012-09-03 07:00:00,E0049,VMAX13,NONE,REFLEX-REFLEX,-0.945277892085529,-0.326266312595001,componentwise_nonpositive,USE_ORIGINAL_INWARD_NORMAL_NO_COMPONENTWISE_PROJECTION,19,1406.18576439938,GEOMETRY_BOUND_ONLY_NOT_PRIMARY_FALSIFICATION_PATH,12,9,0,9,0.107914864551512,FUTURE_AC_ONLY,ALL_OUTER_EDGES_SYMMETRIC_BOUNDARY_HEADROOM,13,False
2012-09-03 07:00:00,E0050,VMAX13,NONE,REFLEX-REFLEX,-0.947490372069346,-0.319784294229551,componentwise_nonpositive,USE_ORIGINAL_INWARD_NORMAL_NO_COMPONENTWISE_PROJECTION,20,1414.26048285359,GEOMETRY_BOUND_ONLY_NOT_PRIMARY_FALSIFICATION_PATH,13,9,0,9,0.106493830143046,FUTURE_AC_ONLY,ALL_OUTER_EDGES_SYMMETRIC_BOUNDARY_HEADROOM,14,False
2012-09-03 07:00:00,E0051,VMAX13,NONE,REFLEX-REFLEX,-0.948944443925798,-0.31544324741918,componentwise_nonpositive,USE_ORIGINAL_INWARD_NORMAL_NO_COMPONENTWISE_PROJECTION,21,1418.42807307416,GEOMETRY_BOUND_ONLY_NOT_PRIMARY_FALSIFICATION_PATH,0,5,0,5,0.181554927093942,FUTURE_AC_ONLY,ALL_OUTER_EDGES_SYMMETRIC_BOUNDARY_HEADROOM,8,False
2012-09-03 07:00:00,E0052,VMAX13,NONE,REFLEX-REFLEX,-0.950607448098231,-0.310395682347821,componentwise_nonpositive,USE_ORIGINAL_INWARD_NORMAL_NO_COMPONENTWISE_PROJECTION,22,1422.52263140989,GEOMETRY_BOUND_ONLY_NOT_PRIMARY_FALSIFICATION_PATH,16,14,0,14,0.0742169745612433,FUTURE_AC_ONLY,ALL_OUTER_EDGES_SYMMETRIC_BOUNDARY_HEADROOM,20,False
2012-10-15 13:00:00,E0000,VMAX13,NONE,REFLEX-REFLEX,-0.951216796638693,-0.308523266209251,componentwise_nonpositive,USE_ORIGINAL_INWARD_NORMAL_NO_COMPONENTWISE_PROJECTION,0,1563.91393092579,GEOMETRY_BOUND_ONLY_NOT_PRIMARY_FALSIFICATION_PATH,0,9,0,9,0.109018361394934,FUTURE_AC_ONLY,ALL_OUTER_EDGES_SYMMETRIC_BOUNDARY_HEADROOM,14,False
2012-10-15 13:00:00,E0001,VMAX13,NONE,REFLEX-REFLEX,-0.952330196964434,-0.305069165845522,componentwise_nonpositive,USE_ORIGINAL_INWARD_NORMAL_NO_COMPONENTWISE_PROJECTION,1,1565.02794657632,GEOMETRY_BOUND_ONLY_NOT_PRIMARY_FALSIFICATION_PATH,7,10,0,10,0.0971967378039348,FUTURE_AC_ONLY,ALL_OUTER_EDGES_SYMMETRIC_BOUNDARY_HEADROOM,14,False
2012-10-15 13:00:00,E0002,VMAX13,NONE,REFLEX-REFLEX,-0.954298117511719,-0.298856324867969,componentwise_nonpositive,USE_ORIGINAL_INWARD_NORMAL_NO_COMPONENTWISE_PROJECTION,2,1565.63346690881,GEOMETRY_BOUND_ONLY_NOT_PRIMARY_FALSIFICATION_PATH,21,19,0,19,0.0515816937202204,FUTURE_AC_ONLY,ALL_OUTER_EDGES_SYMMETRIC_BOUNDARY_HEADROOM,27,False
2012-10-15 13:00:00,E0003,VMAX13,NONE,REFLEX-REFLEX,-0.956444240925933,-0.291915080116831,componentwise_nonpositive,USE_ORIGINAL_INWARD_NORMAL_NO_COMPONENTWISE_PROJECTION,3,1563.55505605997,GEOMETRY_BOUND_ONLY_NOT_PRIMARY_FALSIFICATION_PATH,19,19,0,19,0.050419100351438,FUTURE_AC_ONLY,ALL_OUTER_EDGES_SYMMETRIC_BOUNDARY_HEADROOM,24,False
2012-10-15 13:00:00,E0004,VMAX13,NONE,REFLEX-REFLEX,-0.958643994112449,-0.284607962910615,componentwise_nonpositive,USE_ORIGINAL_INWARD_NORMAL_NO_COMPONENTWISE_PROJECTION,4,1558.53654893594,GEOMETRY_BOUND_ONLY_NOT_PRIMARY_FALSIFICATION_PATH,18,19,0,19,0.052014863024633,FUTURE_AC_ONLY,ALL_OUTER_EDGES_SYMMETRIC_BOUNDARY_HEADROOM,21,False
2012-10-15 13:00:00,E0005,VMAX13,NONE,REFLEX-CONVEX,-0.960779078444203,-0.277314915617439,componentwise_nonpositive,USE_ORIGINAL_INWARD_NORMAL_NO_COMPONENTWISE_PROJECTION,5,1550.58924047423,GEOMETRY_BOUND_ONLY_NOT_PRIMARY_FALSIFICATION_PATH,20,19,0,19,0.053796897723132,FUTURE_AC_ONLY,ALL_OUTER_EDGES_SYMMETRIC_BOUNDARY_HEADROOM,19,False
2012-10-15 13:00:00,E0006,CLASS_TRANSITION,NONE,CONVEX-CONVEX,-0.421201304410419,-0.906967177555484,componentwise_nonpositive,USE_ORIGINAL_INWARD_NORMAL_NO_COMPONENTWISE_PROJECTION,5,2129.60189896674,GEOMETRY_BOUND_ONLY_NOT_PRIMARY_FALSIFICATION_PATH,0,10,0,10,0.102918138898389,FUTURE_AC_ONLY,ALL_OUTER_EDGES_SYMMETRIC_BOUNDARY_HEADROOM,9,False
2012-10-15 13:00:00,E0007,VMAX30,NONE,CONVEX-REFLEX,-0.387931875617107,-0.921688049114337,componentwise_nonpositive,USE_ORIGINAL_INWARD_NORMAL_NO_COMPONENTWISE_PROJECTION,5,2126.65919815264,GEOMETRY_BOUND_ONLY_NOT_PRIMARY_FALSIFICATION_PATH,6,9,0,9,0.102389287203899,FUTURE_AC_ONLY,ALL_OUTER_EDGES_SYMMETRIC_BOUNDARY_HEADROOM,8,False
2012-10-15 13:00:00,E0008,VMAX30,NONE,REFLEX-REFLEX,-0.395720806141438,-0.918370863859895,componentwise_nonpositive,USE_ORIGINAL_INWARD_NORMAL_NO_COMPONENTWISE_PROJECTION,6,2126.30676224943,GEOMETRY_BOUND_ONLY_NOT_PRIMARY_FALSIFICATION_PATH,19,19,0,19,0.0514435877700121,FUTURE_AC_ONLY,ALL_OUTER_EDGES_SYMMETRIC_BOUNDARY_HEADROOM,15,False
2012-10-15 13:00:00,E0009,VMAX30,NONE,REFLEX-REFLEX,-0.405023599252028,-0.914306231001918,componentwise_nonpositive,USE_ORIGINAL_INWARD_NORMAL_NO_COMPONENTWISE_PROJECTION,7,2122.75594970436,GEOMETRY_BOUND_ONLY_NOT_PRIMARY_FALSIFICATION_PATH,16,19,0,19,0.050536345814135,FUTURE_AC_ONLY,ALL_OUTER_EDGES_SYMMETRIC_BOUNDARY_HEADROOM,15,False
2012-10-15 13:00:00,E0010,VMAX30,NONE,REFLEX-REFLEX,-0.413908110076874,-0.910318667507478,componentwise_nonpositive,USE_ORIGINAL_INWARD_NORMAL_NO_COMPONENTWISE_PROJECTION,8,2116.38381380151,GEOMETRY_BOUND_ONLY_NOT_PRIMARY_FALSIFICATION_PATH,0,11,0,11,0.092193085610533,FUTURE_AC_ONLY,ALL_OUTER_EDGES_SYMMETRIC_BOUNDARY_HEADROOM,8,False
2012-10-15 13:00:00,E0011,VMAX30,NONE,REFLEX-REFLEX,-0.41820334525894,-0.908353434525478,componentwise_nonpositive,USE_ORIGINAL_INWARD_NORMAL_NO_COMPONENTWISE_PROJECTION,9,2112.45901878892,GEOMETRY_BOUND_ONLY_NOT_PRIMARY_FALSIFICATION_PATH,0,8,0,8,0.113781485044554,FUTURE_AC_ONLY,ALL_OUTER_EDGES_SYMMETRIC_BOUNDARY_HEADROOM,6,False
2012-10-15 13:00:00,E0012,VMAX30,NONE,REFLEX-REFLEX,-0.427179280934974,-0.904166943622625,componentwise_nonpositive,USE_ORIGINAL_INWARD_NORMAL_NO_COMPONENTWISE_PROJECTION,10,2102.72295116517,GEOMETRY_BOUND_ONLY_NOT_PRIMARY_FALSIFICATION_PATH,22,19,0,19,0.053928661053481,FUTURE_AC_ONLY,ALL_OUTER_EDGES_SYMMETRIC_BOUNDARY_HEADROOM,14,False
2012-10-15 13:00:00,E0013,VMAX30,NONE,REFLEX-REFLEX,-0.437350456996518,-0.899291152944883,componentwise_nonpositive,USE_ORIGINAL_INWARD_NORMAL_NO_COMPONENTWISE_PROJECTION,11,2087.59324236309,GEOMETRY_BOUND_ONLY_NOT_PRIMARY_FALSIFICATION_PATH,12,9,0,9,0.104967252723002,FUTURE_AC_ONLY,ALL_OUTER_EDGES_SYMMETRIC_BOUNDARY_HEADROOM,7,False
2012-10-15 13:00:00,E0014,VMAX30,NONE,REFLEX-REFLEX,-0.444545807176424,-0.895756119332635,componentwise_nonpositive,USE_ORIGINAL_INWARD_NORMAL_NO_COMPONENTWISE_PROJECTION,12,2075.12996123332,GEOMETRY_BOUND_ONLY_NOT_PRIMARY_FALSIFICATION_PATH,10,9,0,9,0.106089283660267,FUTURE_AC_ONLY,ALL_OUTER_EDGES_SYMMETRIC_BOUNDARY_HEADROOM,8,False
2012-10-15 13:00:00,E0015,VMAX30,NONE,REFLEX-REFLEX,-0.455512629918033,-0.890229321009568,componentwise_nonpositive,USE_ORIGINAL_INWARD_NORMAL_NO_COMPONENTWISE_PROJECTION,13,2053.09478525069,GEOMETRY_BOUND_ONLY_NOT_PRIMARY_FALSIFICATION_PATH,12,9,0,9,0.107443838098871,FUTURE_AC_ONLY,ALL_OUTER_EDGES_SYMMETRIC_BOUNDARY_HEADROOM,7,False
2012-10-15 13:00:00,E0016,VMAX30,NONE,REFLEX-REFLEX,-0.466625693719345,-0.884454895379601,componentwise_nonpositive,USE_ORIGINAL_INWARD_NORMAL_NO_COMPONENTWISE_PROJECTION,14,2027.10911698716,GEOMETRY_BOUND_ONLY_NOT_PRIMARY_FALSIFICATION_PATH,13,9,0,9,0.109085086091762,FUTURE_AC_ONLY,ALL_OUTER_EDGES_SYMMETRIC_BOUNDARY_HEADROOM,8,False
2012-10-15 13:00:00,E0017,VMAX30,NONE,REFLEX-REFLEX,-0.482785482656519,-0.875738646935324,componentwise_nonpositive,USE_ORIGINAL_INWARD_NORMAL_NO_COMPONENTWISE_PROJECTION,15,1982.78524828518,GEOMETRY_BOUND_ONLY_NOT_PRIMARY_FALSIFICATION_PATH,13,9,0,9,0.111266468147127,FUTURE_AC_ONLY,ALL_OUTER_EDGES_SYMMETRIC_BOUNDARY_HEADROOM,8,False
2012-10-15 13:00:00,E0018,VMAX30,ADJACENT_TO_GUARD_LIMITED_EDGE,REFLEX-CONVEX,-0.50537622796213,-0.862899106622998,componentwise_nonpositive,USE_ORIGINAL_INWARD_NORMAL_NO_COMPONENTWISE_PROJECTION,16,1908.78154240145,GEOMETRY_BOUND_ONLY_NOT_PRIMARY_FALSIFICATION_PATH,13,9,0,9,0.114426784139027,FUTURE_AC_ONLY,ALL_OUTER_EDGES_SYMMETRIC_BOUNDARY_HEADROOM,9,False
2012-10-15 13:00:00,E0019,CLASS_TRANSITION,CROSSES_GUARD_LIMITED_RAY,CONVEX-CONVEX,0.956202306195866,-0.292706593068396,mixed_sign,USE_ORIGINAL_INWARD_NORMAL_NO_COMPONENTWISE_PROJECTION,16,2870.8621419212,GEOMETRY_BOUND_ONLY_NOT_PRIMARY_FALSIFICATION_PATH,0,21,0,21,0.0535776740622463,FUTURE_AC_ONLY,ALL_OUTER_EDGES_SYMMETRIC_BOUNDARY_HEADROOM,19,False
2012-10-15 13:00:00,E0020,VMIN18,ADJACENT_TO_GUARD_LIMITED_EDGE,CONVEX-CONVEX,0.974058790749782,0.226295099732787,componentwise_positive,USE_ORIGINAL_INWARD_NORMAL_NO_COMPONENTWISE_PROJECTION,16,1540.62500223136,GEOMETRY_BOUND_ONLY_NOT_PRIMARY_FALSIFICATION_PATH,0,9,0,9,0.112345767389686,FUTURE_AC_ONLY,ALL_OUTER_EDGES_SYMMETRIC_BOUNDARY_HEADROOM,10,False
2012-10-15 13:00:00,E0021,VMIN18,NONE,CONVEX-CONVEX,0.97224542135065,0.233963331876381,componentwise_positive,USE_ORIGINAL_INWARD_NORMAL_NO_COMPONENTWISE_PROJECTION,16,1521.018942636,GEOMETRY_BOUND_ONLY_NOT_PRIMARY_FALSIFICATION_PATH,0,10,0,10,0.110442883915909,FUTURE_AC_ONLY,ALL_OUTER_EDGES_SYMMETRIC_BOUNDARY_HEADROOM,11,False
2012-10-15 13:00:00,E0022,VMIN18,NONE,CONVEX-CONVEX,0.970501476822063,0.241095175161583,componentwise_positive,USE_ORIGINAL_INWARD_NORMAL_NO_COMPONENTWISE_PROJECTION,16,1506.0887764309,GEOMETRY_BOUND_ONLY_NOT_PRIMARY_FALSIFICATION_PATH,0,9,0,9,0.108883803306655,FUTURE_AC_ONLY,ALL_OUTER_EDGES_SYMMETRIC_BOUNDARY_HEADROOM,12,False
2012-10-15 13:00:00,E0023,VMIN18,NONE,CONVEX-CONVEX,0.968907299921754,0.247424016939213,componentwise_positive,USE_ORIGINAL_INWARD_NORMAL_NO_COMPONENTWISE_PROJECTION,17,3279.43088709763,GEOMETRY_BOUND_ONLY_NOT_PRIMARY_FALSIFICATION_PATH,0,10,0,10,0.107563158552967,FUTURE_AC_ONLY,ALL_OUTER_EDGES_SYMMETRIC_BOUNDARY_HEADROOM,12,False
2012-10-15 13:00:00,E0024,VMIN18,NONE,CONVEX-CONVEX,0.967650030294376,0.252296291830245,componentwise_positive,USE_ORIGINAL_INWARD_NORMAL_NO_COMPONENTWISE_PROJECTION,17,3260.32396390053,GEOMETRY_BOUND_ONLY_NOT_PRIMARY_FALSIFICATION_PATH,0,11,0,11,0.106405304258438,FUTURE_AC_ONLY,ALL_OUTER_EDGES_SYMMETRIC_BOUNDARY_HEADROOM,13,False
2012-10-15 13:00:00,E0025,VMIN18,NONE,CONVEX-CONVEX,0.966214938097534,0.257737644509253,componentwise_positive,USE_ORIGINAL_INWARD_NORMAL_NO_COMPONENTWISE_PROJECTION,17,3240.44080324804,GEOMETRY_BOUND_ONLY_NOT_PRIMARY_FALSIFICATION_PATH,0,9,0,9,0.105403433592869,FUTURE_AC_ONLY,ALL_OUTER_EDGES_SYMMETRIC_BOUNDARY_HEADROOM,14,False
2012-10-15 13:00:00,E0026,VMIN18,NONE,CONVEX-CONVEX,0.964936715137281,0.262482639006992,componentwise_positive,USE_ORIGINAL_INWARD_NORMAL_NO_COMPONENTWISE_PROJECTION,17,3224.21763687613,GEOMETRY_BOUND_ONLY_NOT_PRIMARY_FALSIFICATION_PATH,0,10,0,10,0.0994416262219921,FUTURE_AC_ONLY,ALL_OUTER_EDGES_SYMMETRIC_BOUNDARY_HEADROOM,14,False
2012-10-15 13:00:00,E0027,VMIN18,NONE,CONVEX-CONVEX,0.963810178484722,0.266589459373864,componentwise_positive,USE_ORIGINAL_INWARD_NORMAL_NO_COMPONENTWISE_PROJECTION,17,3211.10137327265,GEOMETRY_BOUND_ONLY_NOT_PRIMARY_FALSIFICATION_PATH,0,9,0,9,0.108823381753248,FUTURE_AC_ONLY,ALL_OUTER_EDGES_SYMMETRIC_BOUNDARY_HEADROOM,14,False
2012-10-15 13:00:00,E0028,VMIN18,NONE,CONVEX-CONVEX,0.962014327599394,0.272998962440311,componentwise_positive,USE_ORIGINAL_INWARD_NORMAL_NO_COMPONENTWISE_PROJECTION,17,3191.78035726827,GEOMETRY_BOUND_ONLY_NOT_PRIMARY_FALSIFICATION_PATH,0,20,0,20,0.0528533467102022,FUTURE_AC_ONLY,ALL_OUTER_EDGES_SYMMETRIC_BOUNDARY_HEADROOM,28,False
2012-10-15 13:00:00,E0029,VMIN18,NONE,CONVEX-CONVEX,0.959720634282269,0.280956053739441,componentwise_positive,USE_ORIGINAL_INWARD_NORMAL_NO_COMPONENTWISE_PROJECTION,17,3170.65326161919,GEOMETRY_BOUND_ONLY_NOT_PRIMARY_FALSIFICATION_PATH,0,19,0,19,0.0513666599562664,FUTURE_AC_ONLY,ALL_OUTER_EDGES_SYMMETRIC_BOUNDARY_HEADROOM,27,False
2012-10-15 13:00:00,E0030,VMIN18,NONE,CONVEX-CONVEX,0.957306834898409,0.289073734290736,componentwise_positive,USE_ORIGINAL_INWARD_NORMAL_NO_COMPONENTWISE_PROJECTION,17,3151.76285386479,GEOMETRY_BOUND_ONLY_NOT_PRIMARY_FALSIFICATION_PATH,0,20,0,20,0.050451866634743,FUTURE_AC_ONLY,ALL_OUTER_EDGES_SYMMETRIC_BOUNDARY_HEADROOM,24,False
2012-10-15 13:00:00,E0031,VMIN18,NONE,CONVEX-CONVEX,0.954616886501865,0.297836532355394,componentwise_positive,USE_ORIGINAL_INWARD_NORMAL_NO_COMPONENTWISE_PROJECTION,17,3134.18031660262,GEOMETRY_BOUND_ONLY_NOT_PRIMARY_FALSIFICATION_PATH,0,20,0,20,0.051851697483031,FUTURE_AC_ONLY,ALL_OUTER_EDGES_SYMMETRIC_BOUNDARY_HEADROOM,21,False
2012-10-15 13:00:00,E0032,VMIN18,NONE,CONVEX-CONVEX,0.951437761076479,0.307841171381895,componentwise_positive,USE_ORIGINAL_INWARD_NORMAL_NO_COMPONENTWISE_PROJECTION,17,3117.41852766456,GEOMETRY_BOUND_ONLY_NOT_PRIMARY_FALSIFICATION_PATH,0,21,0,21,0.0533672352037701,FUTURE_AC_ONLY,ALL_OUTER_EDGES_SYMMETRIC_BOUNDARY_HEADROOM,19,False
2012-10-15 13:00:00,E0033,CLASS_TRANSITION,NONE,CONVEX-CONVEX,0.687962826710602,0.725745925971588,componentwise_positive,USE_ORIGINAL_INWARD_NORMAL_NO_COMPONENTWISE_PROJECTION,17,2380.39484319067,GEOMETRY_BOUND_ONLY_NOT_PRIMARY_FALSIFICATION_PATH,0,9,0,9,0.100644409116318,FUTURE_AC_ONLY,ALL_OUTER_EDGES_SYMMETRIC_BOUNDARY_HEADROOM,9,False
2012-10-15 13:00:00,E0034,VMIN33,NONE,CONVEX-CONVEX,0.414829631429247,0.909899102586806,componentwise_positive,USE_ORIGINAL_INWARD_NORMAL_NO_COMPONENTWISE_PROJECTION,17,2397.10168438139,GEOMETRY_BOUND_ONLY_NOT_PRIMARY_FALSIFICATION_PATH,0,10,0,10,0.102196311550586,FUTURE_AC_ONLY,ALL_OUTER_EDGES_SYMMETRIC_BOUNDARY_HEADROOM,8,False
2012-10-15 13:00:00,E0035,VMIN33,NONE,CONVEX-CONVEX,0.405148580664924,0.914250855939002,componentwise_positive,USE_ORIGINAL_INWARD_NORMAL_NO_COMPONENTWISE_PROJECTION,17,2421.37826770396,GEOMETRY_BOUND_ONLY_NOT_PRIMARY_FALSIFICATION_PATH,0,20,0,20,0.051375480100976,FUTURE_AC_ONLY,ALL_OUTER_EDGES_SYMMETRIC_BOUNDARY_HEADROOM,15,False
2012-10-15 13:00:00,E0036,VMIN33,NONE,CONVEX-CONVEX,0.393399784248145,0.919367505273878,componentwise_positive,USE_ORIGINAL_INWARD_NORMAL_NO_COMPONENTWISE_PROJECTION,17,2453.87369912128,GEOMETRY_BOUND_ONLY_NOT_PRIMARY_FALSIFICATION_PATH,0,20,0,20,0.050455413635885,FUTURE_AC_ONLY,ALL_OUTER_EDGES_SYMMETRIC_BOUNDARY_HEADROOM,15,False
2012-10-15 13:00:00,E0037,VMIN33,NONE,CONVEX-CONVEX,0.382188506016358,0.924084382439712,componentwise_positive,USE_ORIGINAL_INWARD_NORMAL_NO_COMPONENTWISE_PROJECTION,17,2487.6431662593,GEOMETRY_BOUND_ONLY_NOT_PRIMARY_FALSIFICATION_PATH,0,19,0,19,0.051880871948136,FUTURE_AC_ONLY,ALL_OUTER_EDGES_SYMMETRIC_BOUNDARY_HEADROOM,14,False
2012-10-15 13:00:00,E0038,VMIN33,NONE,CONVEX-CONVEX,0.37402244677734,0.92741965113248,componentwise_positive,USE_ORIGINAL_INWARD_NORMAL_NO_COMPONENTWISE_PROJECTION,17,2514.38307100147,GEOMETRY_BOUND_ONLY_NOT_PRIMARY_FALSIFICATION_PATH,0,8,0,8,0.113453268429193,FUTURE_AC_ONLY,ALL_OUTER_EDGES_SYMMETRIC_BOUNDARY_HEADROOM,6,False
2012-10-15 13:00:00,E0039,VMIN33,NONE,CONVEX-CONVEX,0.368414936149784,0.929661462480698,componentwise_positive,USE_ORIGINAL_INWARD_NORMAL_NO_COMPONENTWISE_PROJECTION,17,2533.38554521985,GEOMETRY_BOUND_ONLY_NOT_PRIMARY_FALSIFICATION_PATH,0,12,0,12,0.094122405724416,FUTURE_AC_ONLY,ALL_OUTER_EDGES_SYMMETRIC_BOUNDARY_HEADROOM,8,False
2012-10-15 13:00:00,E0040,VMIN33,NONE,CONVEX-CONVEX,0.358498352356332,0.933530359098083,componentwise_positive,USE_ORIGINAL_INWARD_NORMAL_NO_COMPONENTWISE_PROJECTION,17,2568.52055538217,GEOMETRY_BOUND_ONLY_NOT_PRIMARY_FALSIFICATION_PATH,0,19,0,19,0.055266255438297,FUTURE_AC_ONLY,ALL_OUTER_EDGES_SYMMETRIC_BOUNDARY_HEADROOM,15,False
2012-10-15 13:00:00,E0041,VMIN33,NONE,CONVEX-CONVEX,0.348877902847044,0.937168186029086,componentwise_positive,USE_ORIGINAL_INWARD_NORMAL_NO_COMPONENTWISE_PROJECTION,17,2605.92326843848,GEOMETRY_BOUND_ONLY_NOT_PRIMARY_FALSIFICATION_PATH,0,9,0,9,0.106193213246116,FUTURE_AC_ONLY,ALL_OUTER_EDGES_SYMMETRIC_BOUNDARY_HEADROOM,7,False
2012-10-15 13:00:00,E0042,VMIN33,NONE,CONVEX-CONVEX,0.341363481084326,0.93993136652736,componentwise_positive,USE_ORIGINAL_INWARD_NORMAL_NO_COMPONENTWISE_PROJECTION,17,2636.55803482828,GEOMETRY_BOUND_ONLY_NOT_PRIMARY_FALSIFICATION_PATH,0,11,0,11,0.107330380788592,FUTURE_AC_ONLY,ALL_OUTER_EDGES_SYMMETRIC_BOUNDARY_HEADROOM,8,False
2012-10-15 13:00:00,E0043,VMIN33,NONE,CONVEX-CONVEX,0.333246262707926,0.942839821173883,componentwise_positive,USE_ORIGINAL_INWARD_NORMAL_NO_COMPONENTWISE_PROJECTION,17,2671.4748157618,GEOMETRY_BOUND_ONLY_NOT_PRIMARY_FALSIFICATION_PATH,0,10,0,10,0.108651975719757,FUTURE_AC_ONLY,ALL_OUTER_EDGES_SYMMETRIC_BOUNDARY_HEADROOM,8,False
2012-10-15 13:00:00,E0044,VMIN33,NONE,CONVEX-CONVEX,0.323637832794296,0.946181036157569,componentwise_positive,USE_ORIGINAL_INWARD_NORMAL_NO_COMPONENTWISE_PROJECTION,17,2715.34502814521,GEOMETRY_BOUND_ONLY_NOT_PRIMARY_FALSIFICATION_PATH,0,9,0,9,0.110214321236694,FUTURE_AC_ONLY,ALL_OUTER_EDGES_SYMMETRIC_BOUNDARY_HEADROOM,9,False
2012-10-15 13:00:00,E0045,VMIN33,ADJACENT_TO_GUARD_LIMITED_EDGE,CONVEX-CONVEX,0.312934186035306,0.949774812895362,componentwise_positive,USE_ORIGINAL_INWARD_NORMAL_NO_COMPONENTWISE_PROJECTION,17,2767.63815989551,GEOMETRY_BOUND_ONLY_NOT_PRIMARY_FALSIFICATION_PATH,0,10,0,10,0.112124637637492,FUTURE_AC_ONLY,ALL_OUTER_EDGES_SYMMETRIC_BOUNDARY_HEADROOM,9,False
2012-10-15 13:00:00,E0046,CLASS_TRANSITION,CROSSES_GUARD_LIMITED_RAY,CONVEX-CONVEX,-0.968809207058487,0.247807829413652,mixed_sign,USE_ORIGINAL_INWARD_NORMAL_NO_COMPONENTWISE_PROJECTION,17,4851.1188850161,GEOMETRY_BOUND_ONLY_NOT_PRIMARY_FALSIFICATION_PATH,0,31,0,31,0.0364673467916599,FUTURE_AC_ONLY,ALL_OUTER_EDGES_SYMMETRIC_BOUNDARY_HEADROOM,31,False
2012-10-15 13:00:00,E0047,VMAX13,ADJACENT_TO_GUARD_LIMITED_EDGE,CONVEX-REFLEX,-0.934201066961256,-0.356746922184971,componentwise_nonpositive,USE_ORIGINAL_INWARD_NORMAL_NO_COMPONENTWISE_PROJECTION,17,3049.61092427204,GEOMETRY_BOUND_ONLY_NOT_PRIMARY_FALSIFICATION_PATH,13,9,0,9,0.112480014898493,FUTURE_AC_ONLY,ALL_OUTER_EDGES_SYMMETRIC_BOUNDARY_HEADROOM,12,False
2012-10-15 13:00:00,E0048,VMAX13,NONE,REFLEX-REFLEX,-0.939125368694764,-0.343574652548648,componentwise_nonpositive,USE_ORIGINAL_INWARD_NORMAL_NO_COMPONENTWISE_PROJECTION,18,1521.44761805889,GEOMETRY_BOUND_ONLY_NOT_PRIMARY_FALSIFICATION_PATH,12,9,0,9,0.109931233897746,FUTURE_AC_ONLY,ALL_OUTER_EDGES_SYMMETRIC_BOUNDARY_HEADROOM,12,False
2012-10-15 13:00:00,E0049,VMAX13,NONE,REFLEX-REFLEX,-0.942898006863036,-0.333081594588644,componentwise_nonpositive,USE_ORIGINAL_INWARD_NORMAL_NO_COMPONENTWISE_PROJECTION,19,1539.95601285747,GEOMETRY_BOUND_ONLY_NOT_PRIMARY_FALSIFICATION_PATH,12,9,0,9,0.108050961834278,FUTURE_AC_ONLY,ALL_OUTER_EDGES_SYMMETRIC_BOUNDARY_HEADROOM,13,False
2012-10-15 13:00:00,E0050,VMAX13,NONE,REFLEX-REFLEX,-0.945364136783652,-0.326016332233986,componentwise_nonpositive,USE_ORIGINAL_INWARD_NORMAL_NO_COMPONENTWISE_PROJECTION,20,1549.74088458177,GEOMETRY_BOUND_ONLY_NOT_PRIMARY_FALSIFICATION_PATH,12,9,0,9,0.106596790625494,FUTURE_AC_ONLY,ALL_OUTER_EDGES_SYMMETRIC_BOUNDARY_HEADROOM,14,False
2012-10-15 13:00:00,E0051,VMAX13,NONE,REFLEX-REFLEX,-0.948422700811962,-0.317008486612809,componentwise_nonpositive,USE_ORIGINAL_INWARD_NORMAL_NO_COMPONENTWISE_PROJECTION,21,1559.32010394207,GEOMETRY_BOUND_ONLY_NOT_PRIMARY_FALSIFICATION_PATH,22,19,0,19,0.055392201363266,FUTURE_AC_ONLY,ALL_OUTER_EDGES_SYMMETRIC_BOUNDARY_HEADROOM,28,False
2013-04-07 02:00:00,E0000,VMAX13,NONE,REFLEX-REFLEX,-0.952350728497889,-0.305005065416199,componentwise_nonpositive,USE_ORIGINAL_INWARD_NORMAL_NO_COMPONENTWISE_PROJECTION,0,1488.68017211094,GEOMETRY_BOUND_ONLY_NOT_PRIMARY_FALSIFICATION_PATH,20,19,0,19,0.0532887754479633,FUTURE_AC_ONLY,ALL_OUTER_EDGES_SYMMETRIC_BOUNDARY_HEADROOM,28,False
2013-04-07 02:00:00,E0001,VMAX13,NONE,REFLEX-REFLEX,-0.954929267141163,-0.296833446156663,componentwise_nonpositive,USE_ORIGINAL_INWARD_NORMAL_NO_COMPONENTWISE_PROJECTION,1,1489.41948176579,GEOMETRY_BOUND_ONLY_NOT_PRIMARY_FALSIFICATION_PATH,21,19,0,19,0.0515616615932115,FUTURE_AC_ONLY,ALL_OUTER_EDGES_SYMMETRIC_BOUNDARY_HEADROOM,27,False
2013-04-07 02:00:00,E0002,VMAX13,NONE,REFLEX-REFLEX,-0.956836808043795,-0.290625743478727,componentwise_nonpositive,USE_ORIGINAL_INWARD_NORMAL_NO_COMPONENTWISE_PROJECTION,2,1487.62925062813,GEOMETRY_BOUND_ONLY_NOT_PRIMARY_FALSIFICATION_PATH,22,19,0,19,0.0504298746465049,FUTURE_AC_ONLY,ALL_OUTER_EDGES_SYMMETRIC_BOUNDARY_HEADROOM,24,False
2013-04-07 02:00:00,E0003,VMAX13,NONE,REFLEX-REFLEX,-0.958944281196214,-0.283594544307674,componentwise_nonpositive,USE_ORIGINAL_INWARD_NORMAL_NO_COMPONENTWISE_PROJECTION,3,1483.01230295894,GEOMETRY_BOUND_ONLY_NOT_PRIMARY_FALSIFICATION_PATH,22,19,0,19,0.052023135999958,FUTURE_AC_ONLY,ALL_OUTER_EDGES_SYMMETRIC_BOUNDARY_HEADROOM,22,False
2013-04-07 02:00:00,E0004,VMAX13,NONE,REFLEX-CONVEX,-0.960721316843651,-0.277514957006287,componentwise_nonpositive,USE_ORIGINAL_INWARD_NORMAL_NO_COMPONENTWISE_PROJECTION,4,1476.69179862656,GEOMETRY_BOUND_ONLY_NOT_PRIMARY_FALSIFICATION_PATH,21,20,0,20,0.0537890937439931,FUTURE_AC_ONLY,ALL_OUTER_EDGES_SYMMETRIC_BOUNDARY_HEADROOM,18,False
2013-04-07 02:00:00,E0005,CLASS_TRANSITION,NONE,CONVEX-CONVEX,-0.596145017620888,-0.802876776327346,componentwise_nonpositive,USE_ORIGINAL_INWARD_NORMAL_NO_COMPONENTWISE_PROJECTION,4,2025.81853527132,GEOMETRY_BOUND_ONLY_NOT_PRIMARY_FALSIFICATION_PATH,0,10,0,10,0.101506571217597,FUTURE_AC_ONLY,ALL_OUTER_EDGES_SYMMETRIC_BOUNDARY_HEADROOM,9,False
2013-04-07 02:00:00,E0006,VMAX30,NONE,CONVEX-REFLEX,-0.386515753262362,-0.922282805044108,componentwise_nonpositive,USE_ORIGINAL_INWARD_NORMAL_NO_COMPONENTWISE_PROJECTION,4,2057.48483551643,GEOMETRY_BOUND_ONLY_NOT_PRIMARY_FALSIFICATION_PATH,0,9,0,9,0.102402514286366,FUTURE_AC_ONLY,ALL_OUTER_EDGES_SYMMETRIC_BOUNDARY_HEADROOM,8,False
2013-04-07 02:00:00,E0007,VMAX30,NONE,REFLEX-REFLEX,-0.394563300148596,-0.91886876221572,componentwise_nonpositive,USE_ORIGINAL_INWARD_NORMAL_NO_COMPONENTWISE_PROJECTION,5,2057.14959964388,GEOMETRY_BOUND_ONLY_NOT_PRIMARY_FALSIFICATION_PATH,21,19,0,19,0.0514551191613237,FUTURE_AC_ONLY,ALL_OUTER_EDGES_SYMMETRIC_BOUNDARY_HEADROOM,16,False
2013-04-07 02:00:00,E0008,VMAX30,NONE,REFLEX-REFLEX,-0.402246763931278,-0.915531288873742,componentwise_nonpositive,USE_ORIGINAL_INWARD_NORMAL_NO_COMPONENTWISE_PROJECTION,6,2054.34684608759,GEOMETRY_BOUND_ONLY_NOT_PRIMARY_FALSIFICATION_PATH,18,19,0,19,0.050513781331177,FUTURE_AC_ONLY,ALL_OUTER_EDGES_SYMMETRIC_BOUNDARY_HEADROOM,14,False
2013-04-07 02:00:00,E0009,VMAX30,NONE,REFLEX-REFLEX,-0.413062515518664,-0.910702672815553,componentwise_nonpositive,USE_ORIGINAL_INWARD_NORMAL_NO_COMPONENTWISE_PROJECTION,7,2046.89694493747,GEOMETRY_BOUND_ONLY_NOT_PRIMARY_FALSIFICATION_PATH,12,19,0,19,0.052107624768684,FUTURE_AC_ONLY,ALL_OUTER_EDGES_SYMMETRIC_BOUNDARY_HEADROOM,14,False
2013-04-07 02:00:00,E0010,VMAX30,NONE,REFLEX-REFLEX,-0.420766539705991,-0.907168958388594,componentwise_nonpositive,USE_ORIGINAL_INWARD_NORMAL_NO_COMPONENTWISE_PROJECTION,8,2038.95456211513,GEOMETRY_BOUND_ONLY_NOT_PRIMARY_FALSIFICATION_PATH,0,4,0,4,0.220573838287227,FUTURE_AC_ONLY,ALL_OUTER_EDGES_SYMMETRIC_BOUNDARY_HEADROOM,3,False
2013-04-07 02:00:00,E0011,VMAX30,NONE,REFLEX-REFLEX,-0.425190389891325,-0.90510393455341,componentwise_nonpositive,USE_ORIGINAL_INWARD_NORMAL_NO_COMPONENTWISE_PROJECTION,9,2033.97265287087,GEOMETRY_BOUND_ONLY_NOT_PRIMARY_FALSIFICATION_PATH,15,15,0,15,0.068749591841651,FUTURE_AC_ONLY,ALL_OUTER_EDGES_SYMMETRIC_BOUNDARY_HEADROOM,11,False
2013-04-07 02:00:00,E0012,VMAX30,NONE,REFLEX-REFLEX,-0.432917461430347,-0.901433564711623,componentwise_nonpositive,USE_ORIGINAL_INWARD_NORMAL_NO_COMPONENTWISE_PROJECTION,10,2022.95427902611,GEOMETRY_BOUND_ONLY_NOT_PRIMARY_FALSIFICATION_PATH,0,9,0,9,0.104920128649414,FUTURE_AC_ONLY,ALL_OUTER_EDGES_SYMMETRIC_BOUNDARY_HEADROOM,7,False
2013-04-07 02:00:00,E0013,VMAX30,NONE,REFLEX-REFLEX,-0.441230163039012,-0.897393973249524,componentwise_nonpositive,USE_ORIGINAL_INWARD_NORMAL_NO_COMPONENTWISE_PROJECTION,11,2009.16832424433,GEOMETRY_BOUND_ONLY_NOT_PRIMARY_FALSIFICATION_PATH,0,9,0,9,0.106047221578019,FUTURE_AC_ONLY,ALL_OUTER_EDGES_SYMMETRIC_BOUNDARY_HEADROOM,7,True
2013-04-07 02:00:00,E0014,VMAX30,NONE,REFLEX-REFLEX,-0.450812827708884,-0.89261850438646,componentwise_nonpositive,USE_ORIGINAL_INWARD_NORMAL_NO_COMPONENTWISE_PROJECTION,12,1990.73454579813,GEOMETRY_BOUND_ONLY_NOT_PRIMARY_FALSIFICATION_PATH,9,9,0,9,0.107375008922921,FUTURE_AC_ONLY,ALL_OUTER_EDGES_SYMMETRIC_BOUNDARY_HEADROOM,8,False
2013-04-07 02:00:00,E0015,VMAX30,NONE,REFLEX-REFLEX,-0.461735297512407,-0.887017764777644,componentwise_nonpositive,USE_ORIGINAL_INWARD_NORMAL_NO_COMPONENTWISE_PROJECTION,13,1966.31865101838,GEOMETRY_BOUND_ONLY_NOT_PRIMARY_FALSIFICATION_PATH,13,9,0,9,0.108996155734209,FUTURE_AC_ONLY,ALL_OUTER_EDGES_SYMMETRIC_BOUNDARY_HEADROOM,8,False
2013-04-07 02:00:00,E0016,VMAX30,NONE,REFLEX-REFLEX,-0.476293730829746,-0.879286234381206,componentwise_nonpositive,USE_ORIGINAL_INWARD_NORMAL_NO_COMPONENTWISE_PROJECTION,14,1928.2098070029,GEOMETRY_BOUND_ONLY_NOT_PRIMARY_FALSIFICATION_PATH,13,9,0,9,0.111113400854759,FUTURE_AC_ONLY,ALL_OUTER_EDGES_SYMMETRIC_BOUNDARY_HEADROOM,8,False
2013-04-07 02:00:00,E0017,VMAX30,ADJACENT_TO_GUARD_LIMITED_EDGE,REFLEX-CONVEX,-0.497051510122848,-0.867721035981378,componentwise_nonpositive,USE_ORIGINAL_INWARD_NORMAL_NO_COMPONENTWISE_PROJECTION,15,1863.53447692059,GEOMETRY_BOUND_ONLY_NOT_PRIMARY_FALSIFICATION_PATH,13,9,0,9,0.11414502228505,FUTURE_AC_ONLY,ALL_OUTER_EDGES_SYMMETRIC_BOUNDARY_HEADROOM,9,False
2013-04-07 02:00:00,E0018,CLASS_TRANSITION,CROSSES_GUARD_LIMITED_RAY,CONVEX-CONVEX,0.757514795018538,-0.652817995560801,mixed_sign,USE_ORIGINAL_INWARD_NORMAL_NO_COMPONENTWISE_PROJECTION,15,3539.14147722953,GEOMETRY_BOUND_ONLY_NOT_PRIMARY_FALSIFICATION_PATH,0,20,0,20,0.051107377334545,FUTURE_AC_ONLY,ALL_OUTER_EDGES_SYMMETRIC_BOUNDARY_HEADROOM,18,False
2013-04-07 02:00:00,E0019,VMIN18,ADJACENT_TO_GUARD_LIMITED_EDGE,CONVEX-CONVEX,0.974825835048138,0.222967691208165,componentwise_positive,USE_ORIGINAL_INWARD_NORMAL_NO_COMPONENTWISE_PROJECTION,15,1619.80410422919,GEOMETRY_BOUND_ONLY_NOT_PRIMARY_FALSIFICATION_PATH,0,10,0,10,0.112228218140479,FUTURE_AC_ONLY,ALL_OUTER_EDGES_SYMMETRIC_BOUNDARY_HEADROOM,11,False
2013-04-07 02:00:00,E0020,VMIN18,NONE,CONVEX-CONVEX,0.972957284974611,0.230985111240603,componentwise_positive,USE_ORIGINAL_INWARD_NORMAL_NO_COMPONENTWISE_PROJECTION,15,1598.39697961858,GEOMETRY_BOUND_ONLY_NOT_PRIMARY_FALSIFICATION_PATH,0,9,0,9,0.110360059755808,FUTURE_AC_ONLY,ALL_OUTER_EDGES_SYMMETRIC_BOUNDARY_HEADROOM,11,False
2013-04-07 02:00:00,E0021,VMIN18,NONE,CONVEX-CONVEX,0.971197186143345,0.238277203331012,componentwise_positive,USE_ORIGINAL_INWARD_NORMAL_NO_COMPONENTWISE_PROJECTION,15,1582.4453454747,GEOMETRY_BOUND_ONLY_NOT_PRIMARY_FALSIFICATION_PATH,0,11,0,11,0.108819855290293,FUTURE_AC_ONLY,ALL_OUTER_EDGES_SYMMETRIC_BOUNDARY_HEADROOM,11,False
2013-04-07 02:00:00,E0022,VMIN18,NONE,CONVEX-CONVEX,0.969626380339326,0.244590847232797,componentwise_positive,USE_ORIGINAL_INWARD_NORMAL_NO_COMPONENTWISE_PROJECTION,16,3355.18854724451,GEOMETRY_BOUND_ONLY_NOT_PRIMARY_FALSIFICATION_PATH,0,9,0,9,0.107508944277593,FUTURE_AC_ONLY,ALL_OUTER_EDGES_SYMMETRIC_BOUNDARY_HEADROOM,13,False
2013-04-07 02:00:00,E0023,VMIN18,NONE,CONVEX-CONVEX,0.96827857562234,0.249873167808735,componentwise_positive,USE_ORIGINAL_INWARD_NORMAL_NO_COMPONENTWISE_PROJECTION,16,3331.12598816035,GEOMETRY_BOUND_ONLY_NOT_PRIMARY_FALSIFICATION_PATH,0,11,0,11,0.106366193393111,FUTURE_AC_ONLY,ALL_OUTER_EDGES_SYMMETRIC_BOUNDARY_HEADROOM,13,False
2013-04-07 02:00:00,E0024,VMIN18,NONE,CONVEX-CONVEX,0.966917065085271,0.255090943090668,componentwise_positive,USE_ORIGINAL_INWARD_NORMAL_NO_COMPONENTWISE_PROJECTION,16,3308.81624798929,GEOMETRY_BOUND_ONLY_NOT_PRIMARY_FALSIFICATION_PATH,0,9,0,9,0.10536533174875,FUTURE_AC_ONLY,ALL_OUTER_EDGES_SYMMETRIC_BOUNDARY_HEADROOM,14,False
2013-04-07 02:00:00,E0025,VMIN18,NONE,CONVEX-CONVEX,0.965035775736375,0.2621182014834,componentwise_positive,USE_ORIGINAL_INWARD_NORMAL_NO_COMPONENTWISE_PROJECTION,16,3280.46654992189,GEOMETRY_BOUND_ONLY_NOT_PRIMARY_FALSIFICATION_PATH,0,20,0,20,0.0545074550290423,FUTURE_AC_ONLY,ALL_OUTER_EDGES_SYMMETRIC_BOUNDARY_HEADROOM,28,False
2013-04-07 02:00:00,E0026,VMIN18,NONE,CONVEX-CONVEX,0.963770770339328,0.26673189205556,componentwise_positive,USE_ORIGINAL_INWARD_NORMAL_NO_COMPONENTWISE_PROJECTION,16,3263.8931395334,GEOMETRY_BOUND_ONLY_NOT_PRIMARY_FALSIFICATION_PATH,0,3,0,3,0.273385342430717,FUTURE_AC_ONLY,ALL_OUTER_EDGES_SYMMETRIC_BOUNDARY_HEADROOM,5,False
2013-04-07 02:00:00,E0027,VMIN18,NONE,CONVEX-CONVEX,0.962317149075476,0.271929594923481,componentwise_positive,USE_ORIGINAL_INWARD_NORMAL_NO_COMPONENTWISE_PROJECTION,16,3245.51664042971,GEOMETRY_BOUND_ONLY_NOT_PRIMARY_FALSIFICATION_PATH,0,16,0,16,0.0637862073139279,FUTURE_AC_ONLY,ALL_OUTER_EDGES_SYMMETRIC_BOUNDARY_HEADROOM,23,False
2013-04-07 02:00:00,E0028,VMIN18,NONE,CONVEX-CONVEX,0.960256892010883,0.279117719512036,componentwise_positive,USE_ORIGINAL_INWARD_NORMAL_NO_COMPONENTWISE_PROJECTION,16,3222.28005063832,GEOMETRY_BOUND_ONLY_NOT_PRIMARY_FALSIFICATION_PATH,0,21,0,21,0.0513487618209471,FUTURE_AC_ONLY,ALL_OUTER_EDGES_SYMMETRIC_BOUNDARY_HEADROOM,27,False
2013-04-07 02:00:00,E0029,VMIN18,NONE,CONVEX-CONVEX,0.957780206105506,0.287501437896394,componentwise_positive,USE_ORIGINAL_INWARD_NORMAL_NO_COMPONENTWISE_PROJECTION,16,3198.07897978604,GEOMETRY_BOUND_ONLY_NOT_PRIMARY_FALSIFICATION_PATH,0,20,0,20,0.050465960813487,FUTURE_AC_ONLY,ALL_OUTER_EDGES_SYMMETRIC_BOUNDARY_HEADROOM,24,False
2013-04-07 02:00:00,E0030,VMIN18,NONE,CONVEX-CONVEX,0.954945438906257,0.296781415712196,componentwise_positive,USE_ORIGINAL_INWARD_NORMAL_NO_COMPONENTWISE_PROJECTION,16,3174.40407201534,GEOMETRY_BOUND_ONLY_NOT_PRIMARY_FALSIFICATION_PATH,0,19,0,19,0.051860208620456,FUTURE_AC_ONLY,ALL_OUTER_EDGES_SYMMETRIC_BOUNDARY_HEADROOM,22,False
2013-04-07 02:00:00,E0031,VMIN18,NONE,CONVEX-CONVEX,0.951601247810202,0.307335427775691,componentwise_positive,USE_ORIGINAL_INWARD_NORMAL_NO_COMPONENTWISE_PROJECTION,16,3151.13170342678,GEOMETRY_BOUND_ONLY_NOT_PRIMARY_FALSIFICATION_PATH,0,21,0,21,0.05336908941984,FUTURE_AC_ONLY,ALL_OUTER_EDGES_SYMMETRIC_BOUNDARY_HEADROOM,18,False
2013-04-07 02:00:00,E0032,CLASS_TRANSITION,NONE,CONVEX-CONVEX,0.566635018745316,0.823968904468788,componentwise_positive,USE_ORIGINAL_INWARD_NORMAL_NO_COMPONENTWISE_PROJECTION,16,2095.53838195036,GEOMETRY_BOUND_ONLY_NOT_PRIMARY_FALSIFICATION_PATH,0,9,0,9,0.101759873839582,FUTURE_AC_ONLY,ALL_OUTER_EDGES_SYMMETRIC_BOUNDARY_HEADROOM,9,False
2013-04-07 02:00:00,E0033,VMIN33,NONE,CONVEX-CONVEX,0.413121065853256,0.910676114185647,componentwise_positive,USE_ORIGINAL_INWARD_NORMAL_NO_COMPONENTWISE_PROJECTION,16,2500.32888430678,GEOMETRY_BOUND_ONLY_NOT_PRIMARY_FALSIFICATION_PATH,0,10,0,10,0.10221192289415,FUTURE_AC_ONLY,ALL_OUTER_EDGES_SYMMETRIC_BOUNDARY_HEADROOM,8,False
2013-04-07 02:00:00,E0034,VMIN33,NONE,CONVEX-CONVEX,0.402440833917371,0.915445997968144,componentwise_positive,USE_ORIGINAL_INWARD_NORMAL_NO_COMPONENTWISE_PROJECTION,16,2528.29732644378,GEOMETRY_BOUND_ONLY_NOT_PRIMARY_FALSIFICATION_PATH,0,21,0,21,0.0513983250903418,FUTURE_AC_ONLY,ALL_OUTER_EDGES_SYMMETRIC_BOUNDARY_HEADROOM,16,False
2013-04-07 02:00:00,E0035,VMIN33,NONE,CONVEX-CONVEX,0.390595366244056,0.92056246929183,componentwise_positive,USE_ORIGINAL_INWARD_NORMAL_NO_COMPONENTWISE_PROJECTION,16,2562.45769312708,GEOMETRY_BOUND_ONLY_NOT_PRIMARY_FALSIFICATION_PATH,0,19,0,19,0.050433002173117,FUTURE_AC_ONLY,ALL_OUTER_EDGES_SYMMETRIC_BOUNDARY_HEADROOM,14,False
2013-04-07 02:00:00,E0036,VMIN33,NONE,CONVEX-CONVEX,0.380201378021424,0.924903731288079,componentwise_positive,USE_ORIGINAL_INWARD_NORMAL_NO_COMPONENTWISE_PROJECTION,16,2595.09742142425,GEOMETRY_BOUND_ONLY_NOT_PRIMARY_FALSIFICATION_PATH,0,15,0,15,0.0662726038334039,FUTURE_AC_ONLY,ALL_OUTER_EDGES_SYMMETRIC_BOUNDARY_HEADROOM,11,False
2013-04-07 02:00:00,E0037,VMIN33,NONE,CONVEX-CONVEX,0.374656550341359,0.927163669093172,componentwise_positive,USE_ORIGINAL_INWARD_NORMAL_NO_COMPONENTWISE_PROJECTION,16,2613.64838725632,GEOMETRY_BOUND_ONLY_NOT_PRIMARY_FALSIFICATION_PATH,0,4,0,4,0.220776489555176,FUTURE_AC_ONLY,ALL_OUTER_EDGES_SYMMETRIC_BOUNDARY_HEADROOM,3,False
2013-04-07 02:00:00,E0038,VMIN33,NONE,CONVEX-CONVEX,0.367813341847637,0.929899642735103,componentwise_positive,USE_ORIGINAL_INWARD_NORMAL_NO_COMPONENTWISE_PROJECTION,16,2636.85592357699,GEOMETRY_BOUND_ONLY_NOT_PRIMARY_FALSIFICATION_PATH,0,19,0,19,0.053417303961104,FUTURE_AC_ONLY,ALL_OUTER_EDGES_SYMMETRIC_BOUNDARY_HEADROOM,14,False
2013-04-07 02:00:00,E0039,VMIN33,NONE,CONVEX-CONVEX,0.355363119053816,0.934728331450558,componentwise_positive,USE_ORIGINAL_INWARD_NORMAL_NO_COMPONENTWISE_PROJECTION,16,2682.81246398017,GEOMETRY_BOUND_ONLY_NOT_PRIMARY_FALSIFICATION_PATH,0,20,0,20,0.055231683480077,FUTURE_AC_ONLY,ALL_OUTER_EDGES_SYMMETRIC_BOUNDARY_HEADROOM,14,True
2013-04-07 02:00:00,E0040,VMIN33,NONE,CONVEX-CONVEX,0.345429319136786,0.938444769541978,componentwise_positive,USE_ORIGINAL_INWARD_NORMAL_NO_COMPONENTWISE_PROJECTION,16,2722.94767121717,GEOMETRY_BOUND_ONLY_NOT_PRIMARY_FALSIFICATION_PATH,0,10,0,10,0.106153484579036,FUTURE_AC_ONLY,ALL_OUTER_EDGES_SYMMETRIC_BOUNDARY_HEADROOM,8,False
2013-04-07 02:00:00,E0041,VMIN33,NONE,CONVEX-CONVEX,0.337661550120598,0.941267590842346,componentwise_positive,USE_ORIGINAL_INWARD_NORMAL_NO_COMPONENTWISE_PROJECTION,16,2755.83229075397,GEOMETRY_BOUND_ONLY_NOT_PRIMARY_FALSIFICATION_PATH,0,10,0,10,0.107281900728879,FUTURE_AC_ONLY,ALL_OUTER_EDGES_SYMMETRIC_BOUNDARY_HEADROOM,8,False
2013-04-07 02:00:00,E0042,VMIN33,NONE,CONVEX-CONVEX,0.329695482478897,0.944087331147393,componentwise_positive,USE_ORIGINAL_INWARD_NORMAL_NO_COMPONENTWISE_PROJECTION,16,2791.39613206755,GEOMETRY_BOUND_ONLY_NOT_PRIMARY_FALSIFICATION_PATH,0,10,0,10,0.108597193145015,FUTURE_AC_ONLY,ALL_OUTER_EDGES_SYMMETRIC_BOUNDARY_HEADROOM,8,False
2013-04-07 02:00:00,E0043,VMIN33,NONE,CONVEX-CONVEX,0.319526228955971,0.9475774316694,componentwise_positive,USE_ORIGINAL_INWARD_NORMAL_NO_COMPONENTWISE_PROJECTION,16,2839.54718621184,GEOMETRY_BOUND_ONLY_NOT_PRIMARY_FALSIFICATION_PATH,0,10,0,10,0.110139072550114,FUTURE_AC_ONLY,ALL_OUTER_EDGES_SYMMETRIC_BOUNDARY_HEADROOM,9,False
2013-04-07 02:00:00,E0044,VMIN33,ADJACENT_TO_GUARD_LIMITED_EDGE,CONVEX-CONVEX,0.309200970559185,0.950996719134855,componentwise_positive,USE_ORIGINAL_INWARD_NORMAL_NO_COMPONENTWISE_PROJECTION,16,2891.81817242001,GEOMETRY_BOUND_ONLY_NOT_PRIMARY_FALSIFICATION_PATH,0,9,0,9,0.112038983207969,FUTURE_AC_ONLY,ALL_OUTER_EDGES_SYMMETRIC_BOUNDARY_HEADROOM,9,False
2013-04-07 02:00:00,E0045,CLASS_TRANSITION,CROSSES_GUARD_LIMITED_RAY,CONVEX-CONVEX,-0.873693767068737,0.486476311227216,mixed_sign,USE_ORIGINAL_INWARD_NORMAL_NO_COMPONENTWISE_PROJECTION,16,5695.16350893453,GEOMETRY_BOUND_ONLY_NOT_PRIMARY_FALSIFICATION_PATH,0,20,0,20,0.0504191210894124,FUTURE_AC_ONLY,ALL_OUTER_EDGES_SYMMETRIC_BOUNDARY_HEADROOM,20,False
2013-04-07 02:00:00,E0046,VMAX13,ADJACENT_TO_GUARD_LIMITED_EDGE,CONVEX-REFLEX,-0.929484853088748,-0.368860282327317,componentwise_nonpositive,USE_ORIGINAL_INWARD_NORMAL_NO_COMPONENTWISE_PROJECTION,16,3032.43360095203,GEOMETRY_BOUND_ONLY_NOT_PRIMARY_FALSIFICATION_PATH,13,9,0,9,0.116035427428012,FUTURE_AC_ONLY,ALL_OUTER_EDGES_SYMMETRIC_BOUNDARY_HEADROOM,11,False
2013-04-07 02:00:00,E0047,VMAX13,NONE,REFLEX-REFLEX,-0.93636456493996,-0.351029060798105,componentwise_nonpositive,USE_ORIGINAL_INWARD_NORMAL_NO_COMPONENTWISE_PROJECTION,17,1425.24149769707,GEOMETRY_BOUND_ONLY_NOT_PRIMARY_FALSIFICATION_PATH,13,9,0,9,0.112279276142548,FUTURE_AC_ONLY,ALL_OUTER_EDGES_SYMMETRIC_BOUNDARY_HEADROOM,11,False
2013-04-07 02:00:00,E0048,VMAX13,NONE,REFLEX-REFLEX,-0.940882203774571,-0.338733934851981,componentwise_nonpositive,USE_ORIGINAL_INWARD_NORMAL_NO_COMPONENTWISE_PROJECTION,18,1451.13159604815,GEOMETRY_BOUND_ONLY_NOT_PRIMARY_FALSIFICATION_PATH,13,9,0,9,0.109806308318269,FUTURE_AC_ONLY,ALL_OUTER_EDGES_SYMMETRIC_BOUNDARY_HEADROOM,13,False
2013-04-07 02:00:00,E0049,VMAX13,NONE,REFLEX-REFLEX,-0.944247345987194,-0.329236920159541,componentwise_nonpositive,USE_ORIGINAL_INWARD_NORMAL_NO_COMPONENTWISE_PROJECTION,19,1466.94303506084,GEOMETRY_BOUND_ONLY_NOT_PRIMARY_FALSIFICATION_PATH,12,9,0,9,0.107973840164053,FUTURE_AC_ONLY,ALL_OUTER_EDGES_SYMMETRIC_BOUNDARY_HEADROOM,13,False
2013-04-07 02:00:00,E0050,VMAX13,NONE,REFLEX-REFLEX,-0.946546883616454,-0.322566267790014,componentwise_nonpositive,USE_ORIGINAL_INWARD_NORMAL_NO_COMPONENTWISE_PROJECTION,20,1475.66915138257,GEOMETRY_BOUND_ONLY_NOT_PRIMARY_FALSIFICATION_PATH,13,9,0,9,0.106539710224911,FUTURE_AC_ONLY,ALL_OUTER_EDGES_SYMMETRIC_BOUNDARY_HEADROOM,14,False
2013-04-07 02:00:00,E0051,VMAX13,NONE,REFLEX-REFLEX,-0.948969362372535,-0.315368275637015,componentwise_nonpositive,USE_ORIGINAL_INWARD_NORMAL_NO_COMPONENTWISE_PROJECTION,21,1482.90881378223,GEOMETRY_BOUND_ONLY_NOT_PRIMARY_FALSIFICATION_PATH,18,16,0,16,0.0667093177936333,FUTURE_AC_ONLY,ALL_OUTER_EDGES_SYMMETRIC_BOUNDARY_HEADROOM,23,False
2013-04-07 02:00:00,E0052,VMAX13,NONE,REFLEX-REFLEX,-0.950936225964865,-0.309386965057836,componentwise_nonpositive,USE_ORIGINAL_INWARD_NORMAL_NO_COMPONENTWISE_PROJECTION,22,1486.46907297351,GEOMETRY_BOUND_ONLY_NOT_PRIMARY_FALSIFICATION_PATH,0,3,0,3,0.272438561782576,FUTURE_AC_ONLY,ALL_OUTER_EDGES_SYMMETRIC_BOUNDARY_HEADROOM,5,False
2013-04-17 05:30:00,E0000,VMAX13,NONE,REFLEX-REFLEX,-0.951185553225846,-0.308619577043391,componentwise_nonpositive,USE_ORIGINAL_INWARD_NORMAL_NO_COMPONENTWISE_PROJECTION,0,1583.43488650047,GEOMETRY_BOUND_ONLY_NOT_PRIMARY_FALSIFICATION_PATH,10,12,0,12,0.0814947224545926,FUTURE_AC_ONLY,ALL_OUTER_EDGES_SYMMETRIC_BOUNDARY_HEADROOM,18,False
2013-04-17 05:30:00,E0001,VMAX13,NONE,REFLEX-REFLEX,-0.952333136761112,-0.305059988570675,componentwise_nonpositive,USE_ORIGINAL_INWARD_NORMAL_NO_COMPONENTWISE_PROJECTION,1,1584.34538660028,GEOMETRY_BOUND_ONLY_NOT_PRIMARY_FALSIFICATION_PATH,0,7,0,7,0.141125648732253,FUTURE_AC_ONLY,ALL_OUTER_EDGES_SYMMETRIC_BOUNDARY_HEADROOM,10,False
2013-04-17 05:30:00,E0002,VMAX13,NONE,REFLEX-REFLEX,-0.954088917798278,-0.299523516496638,componentwise_nonpositive,USE_ORIGINAL_INWARD_NORMAL_NO_COMPONENTWISE_PROJECTION,2,1584.89566371246,GEOMETRY_BOUND_ONLY_NOT_PRIMARY_FALSIFICATION_PATH,18,19,0,19,0.0515885629719423,FUTURE_AC_ONLY,ALL_OUTER_EDGES_SYMMETRIC_BOUNDARY_HEADROOM,27,False
2013-04-17 05:30:00,E0003,VMAX13,NONE,REFLEX-REFLEX,-0.956475726408012,-0.291811899675572,componentwise_nonpositive,USE_ORIGINAL_INWARD_NORMAL_NO_COMPONENTWISE_PROJECTION,3,1582.56396536439,GEOMETRY_BOUND_ONLY_NOT_PRIMARY_FALSIFICATION_PATH,18,19,0,19,0.050421389218425,FUTURE_AC_ONLY,ALL_OUTER_EDGES_SYMMETRIC_BOUNDARY_HEADROOM,24,False
2013-04-17 05:30:00,E0004,VMAX13,NONE,REFLEX-REFLEX,-0.958529058777619,-0.284994813073661,componentwise_nonpositive,USE_ORIGINAL_INWARD_NORMAL_NO_COMPONENTWISE_PROJECTION,4,1577.82865045759,GEOMETRY_BOUND_ONLY_NOT_PRIMARY_FALSIFICATION_PATH,18,19,0,19,0.052011221780524,FUTURE_AC_ONLY,ALL_OUTER_EDGES_SYMMETRIC_BOUNDARY_HEADROOM,21,False
2013-04-17 05:30:00,E0005,VMAX13,NONE,REFLEX-CONVEX,-0.960253274848588,-0.279130163440933,componentwise_nonpositive,USE_ORIGINAL_INWARD_NORMAL_NO_COMPONENTWISE_PROJECTION,5,1571.37182120776,GEOMETRY_BOUND_ONLY_NOT_PRIMARY_FALSIFICATION_PATH,0,10,0,10,0.102974432557957,FUTURE_AC_ONLY,ALL_OUTER_EDGES_SYMMETRIC_BOUNDARY_HEADROOM,10,False
2013-04-17 05:30:00,E0006,CLASS_TRANSITION,NONE,CONVEX-CONVEX,-0.95981486307156,-0.280633976251848,componentwise_nonpositive,USE_ORIGINAL_INWARD_NORMAL_NO_COMPONENTWISE_PROJECTION,5,1573.3538732538,GEOMETRY_BOUND_ONLY_NOT_PRIMARY_FALSIFICATION_PATH,0,9,0,9,0.103781385463066,FUTURE_AC_ONLY,ALL_OUTER_EDGES_SYMMETRIC_BOUNDARY_HEADROOM,9,False
2013-04-17 05:30:00,E0007,VMAX30,NONE,CONVEX-REFLEX,-0.387119267286971,-0.922029648598785,componentwise_nonpositive,USE_ORIGINAL_INWARD_NORMAL_NO_COMPONENTWISE_PROJECTION,5,2144.30191908664,GEOMETRY_BOUND_ONLY_NOT_PRIMARY_FALSIFICATION_PATH,21,20,0,20,0.0531134174550547,FUTURE_AC_ONLY,ALL_OUTER_EDGES_SYMMETRIC_BOUNDARY_HEADROOM,17,False
2013-04-17 05:30:00,E0008,VMAX30,NONE,REFLEX-REFLEX,-0.395858134000431,-0.918311677888121,componentwise_nonpositive,USE_ORIGINAL_INWARD_NORMAL_NO_COMPONENTWISE_PROJECTION,6,2143.91326427313,GEOMETRY_BOUND_ONLY_NOT_PRIMARY_FALSIFICATION_PATH,21,19,0,19,0.0514417380009869,FUTURE_AC_ONLY,ALL_OUTER_EDGES_SYMMETRIC_BOUNDARY_HEADROOM,15,False
2013-04-17 05:30:00,E0009,VMAX30,NONE,REFLEX-REFLEX,-0.405828507025475,-0.913949245245859,componentwise_nonpositive,USE_ORIGINAL_INWARD_NORMAL_NO_COMPONENTWISE_PROJECTION,7,2140.06520858793,GEOMETRY_BOUND_ONLY_NOT_PRIMARY_FALSIFICATION_PATH,19,19,0,19,0.050542839390515,FUTURE_AC_ONLY,ALL_OUTER_EDGES_SYMMETRIC_BOUNDARY_HEADROOM,15,False
2013-04-17 05:30:00,E0010,VMAX30,NONE,REFLEX-REFLEX,-0.412813097049477,-0.910815759033856,componentwise_nonpositive,USE_ORIGINAL_INWARD_NORMAL_NO_COMPONENTWISE_PROJECTION,8,2135.01730748468,GEOMETRY_BOUND_ONLY_NOT_PRIMARY_FALSIFICATION_PATH,0,7,0,7,0.132633197359722,FUTURE_AC_ONLY,ALL_OUTER_EDGES_SYMMETRIC_BOUNDARY_HEADROOM,5,False
2013-04-17 05:30:00,E0011,VMAX30,NONE,REFLEX-REFLEX,-0.41862501937946,-0.908159178310469,componentwise_nonpositive,USE_ORIGINAL_INWARD_NORMAL_NO_COMPONENTWISE_PROJECTION,9,2129.99596311614,GEOMETRY_BOUND_ONLY_NOT_PRIMARY_FALSIFICATION_PATH,11,12,0,12,0.08291050343053,FUTURE_AC_ONLY,ALL_OUTER_EDGES_SYMMETRIC_BOUNDARY_HEADROOM,9,False
2013-04-17 05:30:00,E0012,VMAX30,NONE,REFLEX-REFLEX,-0.427147973359208,-0.904181734417988,componentwise_nonpositive,USE_ORIGINAL_INWARD_NORMAL_NO_COMPONENTWISE_PROJECTION,10,2120.66726872331,GEOMETRY_BOUND_ONLY_NOT_PRIMARY_FALSIFICATION_PATH,21,19,0,19,0.053929504955287,FUTURE_AC_ONLY,ALL_OUTER_EDGES_SYMMETRIC_BOUNDARY_HEADROOM,14,False
2013-04-17 05:30:00,E0013,VMAX30,NONE,REFLEX-REFLEX,-0.438932512698725,-0.898520032773885,componentwise_nonpositive,USE_ORIGINAL_INWARD_NORMAL_NO_COMPONENTWISE_PROJECTION,11,2102.95563220929,GEOMETRY_BOUND_ONLY_NOT_PRIMARY_FALSIFICATION_PATH,0,9,0,9,0.104983799185439,FUTURE_AC_ONLY,ALL_OUTER_EDGES_SYMMETRIC_BOUNDARY_HEADROOM,7,False
2013-04-17 05:30:00,E0014,VMAX30,NONE,REFLEX-REFLEX,-0.445886079617045,-0.895089718410251,componentwise_nonpositive,USE_ORIGINAL_INWARD_NORMAL_NO_COMPONENTWISE_PROJECTION,12,2090.76878987781,GEOMETRY_BOUND_ONLY_NOT_PRIMARY_FALSIFICATION_PATH,9,9,0,9,0.106105686046741,FUTURE_AC_ONLY,ALL_OUTER_EDGES_SYMMETRIC_BOUNDARY_HEADROOM,8,False
2013-04-17 05:30:00,E0015,VMAX30,NONE,REFLEX-REFLEX,-0.456221445424537,-0.889866278007401,componentwise_nonpositive,USE_ORIGINAL_INWARD_NORMAL_NO_COMPONENTWISE_PROJECTION,13,2069.77556551204,GEOMETRY_BOUND_ONLY_NOT_PRIMARY_FALSIFICATION_PATH,10,9,0,9,0.107455070891255,FUTURE_AC_ONLY,ALL_OUTER_EDGES_SYMMETRIC_BOUNDARY_HEADROOM,7,False
2013-04-17 05:30:00,E0016,VMAX30,NONE,REFLEX-REFLEX,-0.468797098257641,-0.883305881710982,componentwise_nonpositive,USE_ORIGINAL_INWARD_NORMAL_NO_COMPONENTWISE_PROJECTION,14,2040.02847445569,GEOMETRY_BOUND_ONLY_NOT_PRIMARY_FALSIFICATION_PATH,12,9,0,9,0.109123656002718,FUTURE_AC_ONLY,ALL_OUTER_EDGES_SYMMETRIC_BOUNDARY_HEADROOM,8,False
2013-04-17 05:30:00,E0017,VMAX30,NONE,REFLEX-REFLEX,-0.48423478273973,-0.874938097916079,componentwise_nonpositive,USE_ORIGINAL_INWARD_NORMAL_NO_COMPONENTWISE_PROJECTION,15,1997.15993542397,GEOMETRY_BOUND_ONLY_NOT_PRIMARY_FALSIFICATION_PATH,13,9,0,9,0.111301716034743,FUTURE_AC_ONLY,ALL_OUTER_EDGES_SYMMETRIC_BOUNDARY_HEADROOM,8,False
2013-04-17 05:30:00,E0018,VMAX30,ADJACENT_TO_GUARD_LIMITED_EDGE,REFLEX-CONVEX,-0.507437373100586,-0.861688640043941,componentwise_nonpositive,USE_ORIGINAL_INWARD_NORMAL_NO_COMPONENTWISE_PROJECTION,16,1920.20248821581,GEOMETRY_BOUND_ONLY_NOT_PRIMARY_FALSIFICATION_PATH,13,9,0,9,0.114498744035142,FUTURE_AC_ONLY,ALL_OUTER_EDGES_SYMMETRIC_BOUNDARY_HEADROOM,9,False
2013-04-17 05:30:00,E0019,CLASS_TRANSITION,CROSSES_GUARD_LIMITED_RAY,CONVEX-CONVEX,0.97621695670797,-0.216795879656023,mixed_sign,USE_ORIGINAL_INWARD_NORMAL_NO_COMPONENTWISE_PROJECTION,16,2683.26806146154,GEOMETRY_BOUND_ONLY_NOT_PRIMARY_FALSIFICATION_PATH,0,21,0,21,0.0547186468524555,FUTURE_AC_ONLY,ALL_OUTER_EDGES_SYMMETRIC_BOUNDARY_HEADROOM,19,False
2013-04-17 05:30:00,E0020,VMIN18,ADJACENT_TO_GUARD_LIMITED_EDGE,CONVEX-CONVEX,0.973883761292044,0.227047174595195,componentwise_positive,USE_ORIGINAL_INWARD_NORMAL_NO_COMPONENTWISE_PROJECTION,16,1520.88916645277,GEOMETRY_BOUND_ONLY_NOT_PRIMARY_FALSIFICATION_PATH,0,9,0,9,0.112372033818725,FUTURE_AC_ONLY,ALL_OUTER_EDGES_SYMMETRIC_BOUNDARY_HEADROOM,10,False
2013-04-17 05:30:00,E0021,VMIN18,NONE,CONVEX-CONVEX,0.971974848688863,0.235084864498468,componentwise_positive,USE_ORIGINAL_INWARD_NORMAL_NO_COMPONENTWISE_PROJECTION,16,1500.5678956955,GEOMETRY_BOUND_ONLY_NOT_PRIMARY_FALSIFICATION_PATH,0,11,0,11,0.110475221766487,FUTURE_AC_ONLY,ALL_OUTER_EDGES_SYMMETRIC_BOUNDARY_HEADROOM,11,False
2013-04-17 05:30:00,E0022,VMIN18,NONE,CONVEX-CONVEX,0.970344595979873,0.241725805516617,componentwise_positive,USE_ORIGINAL_INWARD_NORMAL_NO_COMPONENTWISE_PROJECTION,16,1486.82396505053,GEOMETRY_BOUND_ONLY_NOT_PRIMARY_FALSIFICATION_PATH,0,10,0,10,0.108897813939343,FUTURE_AC_ONLY,ALL_OUTER_EDGES_SYMMETRIC_BOUNDARY_HEADROOM,12,False
2013-04-17 05:30:00,E0023,VMIN18,NONE,CONVEX-CONVEX,0.968809853350615,0.247805302709124,componentwise_positive,USE_ORIGINAL_INWARD_NORMAL_NO_COMPONENTWISE_PROJECTION,17,3284.94640569009,GEOMETRY_BOUND_ONLY_NOT_PRIMARY_FALSIFICATION_PATH,0,10,0,10,0.107569578137317,FUTURE_AC_ONLY,ALL_OUTER_EDGES_SYMMETRIC_BOUNDARY_HEADROOM,12,False
2013-04-17 05:30:00,E0024,VMIN18,NONE,CONVEX-CONVEX,0.967348573441967,0.253449674412477,componentwise_positive,USE_ORIGINAL_INWARD_NORMAL_NO_COMPONENTWISE_PROJECTION,17,3262.69284015391,GEOMETRY_BOUND_ONLY_NOT_PRIMARY_FALSIFICATION_PATH,0,9,0,9,0.106425169039295,FUTURE_AC_ONLY,ALL_OUTER_EDGES_SYMMETRIC_BOUNDARY_HEADROOM,13,False
2013-04-17 05:30:00,E0025,VMIN18,NONE,CONVEX-CONVEX,0.966111387073611,0.258125527150461,componentwise_positive,USE_ORIGINAL_INWARD_NORMAL_NO_COMPONENTWISE_PROJECTION,17,3245.49230558797,GEOMETRY_BOUND_ONLY_NOT_PRIMARY_FALSIFICATION_PATH,0,11,0,11,0.10540838168699,FUTURE_AC_ONLY,ALL_OUTER_EDGES_SYMMETRIC_BOUNDARY_HEADROOM,14,False
2013-04-17 05:30:00,E0026,VMIN18,NONE,CONVEX-CONVEX,0.964906223860965,0.262594705114886,componentwise_positive,USE_ORIGINAL_INWARD_NORMAL_NO_COMPONENTWISE_PROJECTION,17,3230.09834689145,GEOMETRY_BOUND_ONLY_NOT_PRIMARY_FALSIFICATION_PATH,0,7,0,7,0.143355499317855,FUTURE_AC_ONLY,ALL_OUTER_EDGES_SYMMETRIC_BOUNDARY_HEADROOM,10,False
2013-04-17 05:30:00,E0027,VMIN18,NONE,CONVEX-CONVEX,0.96384535013887,0.266462269403528,componentwise_positive,USE_ORIGINAL_INWARD_NORMAL_NO_COMPONENTWISE_PROJECTION,17,3217.35343852094,GEOMETRY_BOUND_ONLY_NOT_PRIMARY_FALSIFICATION_PATH,0,12,0,12,0.0814307139796632,FUTURE_AC_ONLY,ALL_OUTER_EDGES_SYMMETRIC_BOUNDARY_HEADROOM,18,False
2013-04-17 05:30:00,E0028,VMIN18,NONE,CONVEX-CONVEX,0.961844196682039,0.273597772851103,componentwise_positive,USE_ORIGINAL_INWARD_NORMAL_NO_COMPONENTWISE_PROJECTION,17,3195.6214879929,GEOMETRY_BOUND_ONLY_NOT_PRIMARY_FALSIFICATION_PATH,0,20,0,20,0.052860086009455,FUTURE_AC_ONLY,ALL_OUTER_EDGES_SYMMETRIC_BOUNDARY_HEADROOM,28,False
2013-04-17 05:30:00,E0029,VMIN18,NONE,CONVEX-CONVEX,0.959735046485129,0.280906818265751,componentwise_positive,USE_ORIGINAL_INWARD_NORMAL_NO_COMPONENTWISE_PROJECTION,17,3175.94835449522,GEOMETRY_BOUND_ONLY_NOT_PRIMARY_FALSIFICATION_PATH,0,19,0,19,0.0513649630968864,FUTURE_AC_ONLY,ALL_OUTER_EDGES_SYMMETRIC_BOUNDARY_HEADROOM,27,False
2013-04-17 05:30:00,E0030,VMIN18,NONE,CONVEX-CONVEX,0.957077328720702,0.289832687681782,componentwise_positive,USE_ORIGINAL_INWARD_NORMAL_NO_COMPONENTWISE_PROJECTION,17,3154.80526042358,GEOMETRY_BOUND_ONLY_NOT_PRIMARY_FALSIFICATION_PATH,0,21,0,21,0.050444204497789,FUTURE_AC_ONLY,ALL_OUTER_EDGES_SYMMETRIC_BOUNDARY_HEADROOM,24,False
2013-04-17 05:30:00,E0031,VMIN18,NONE,CONVEX-CONVEX,0.954570340876796,0.297985678042346,componentwise_positive,USE_ORIGINAL_INWARD_NORMAL_NO_COMPONENTWISE_PROJECTION,17,3138.06348850613,GEOMETRY_BOUND_ONLY_NOT_PRIMARY_FALSIFICATION_PATH,0,20,0,20,0.051851059552018,FUTURE_AC_ONLY,ALL_OUTER_EDGES_SYMMETRIC_BOUNDARY_HEADROOM,21,False
2013-04-17 05:30:00,E0032,VMIN18,NONE,CONVEX-CONVEX,0.951376044966215,0.308031850730477,componentwise_positive,USE_ORIGINAL_INWARD_NORMAL_NO_COMPONENTWISE_PROJECTION,17,3120.72118011782,GEOMETRY_BOUND_ONLY_NOT_PRIMARY_FALSIFICATION_PATH,0,20,0,20,0.05336598449519,FUTURE_AC_ONLY,ALL_OUTER_EDGES_SYMMETRIC_BOUNDARY_HEADROOM,19,False
2013-04-17 05:30:00,E0033,CLASS_TRANSITION,NONE,CONVEX-CONVEX,0.716780712450962,0.697298652127115,componentwise_positive,USE_ORIGINAL_INWARD_NORMAL_NO_COMPONENTWISE_PROJECTION,17,2445.19508304459,GEOMETRY_BOUND_ONLY_NOT_PRIMARY_FALSIFICATION_PATH,0,9,0,9,0.100343525133091,FUTURE_AC_ONLY,ALL_OUTER_EDGES_SYMMETRIC_BOUNDARY_HEADROOM,9,False
2013-04-17 05:30:00,E0034,VMIN33,NONE,CONVEX-CONVEX,0.414599210348807,0.910004118000653,componentwise_positive,USE_ORIGINAL_INWARD_NORMAL_NO_COMPONENTWISE_PROJECTION,17,2372.61454440014,GEOMETRY_BOUND_ONLY_NOT_PRIMARY_FALSIFICATION_PATH,0,10,0,10,0.102197088251245,FUTURE_AC_ONLY,ALL_OUTER_EDGES_SYMMETRIC_BOUNDARY_HEADROOM,8,False
2013-04-17 05:30:00,E0035,VMIN33,NONE,CONVEX-CONVEX,0.405653629501023,0.914026877543898,componentwise_positive,USE_ORIGINAL_INWARD_NORMAL_NO_COMPONENTWISE_PROJECTION,17,2394.77664361251,GEOMETRY_BOUND_ONLY_NOT_PRIMARY_FALSIFICATION_PATH,0,21,0,21,0.0513709432759243,FUTURE_AC_ONLY,ALL_OUTER_EDGES_SYMMETRIC_BOUNDARY_HEADROOM,15,False
2013-04-17 05:30:00,E0036,VMIN33,NONE,CONVEX-CONVEX,0.394311892007249,0.918976676429638,componentwise_positive,USE_ORIGINAL_INWARD_NORMAL_NO_COMPONENTWISE_PROJECTION,17,2425.80336892408,GEOMETRY_BOUND_ONLY_NOT_PRIMARY_FALSIFICATION_PATH,0,19,0,19,0.050462551640263,FUTURE_AC_ONLY,ALL_OUTER_EDGES_SYMMETRIC_BOUNDARY_HEADROOM,15,False
2013-04-17 05:30:00,E0037,VMIN33,NONE,CONVEX-CONVEX,0.38272937177433,0.923860502446785,componentwise_positive,USE_ORIGINAL_INWARD_NORMAL_NO_COMPONENTWISE_PROJECTION,17,2460.31677668791,GEOMETRY_BOUND_ONLY_NOT_PRIMARY_FALSIFICATION_PATH,0,19,0,19,0.051885674883374,FUTURE_AC_ONLY,ALL_OUTER_EDGES_SYMMETRIC_BOUNDARY_HEADROOM,14,False
2013-04-17 05:30:00,E0038,VMIN33,NONE,CONVEX-CONVEX,0.373802595725984,0.927508285369202,componentwise_positive,USE_ORIGINAL_INWARD_NORMAL_NO_COMPONENTWISE_PROJECTION,17,2489.21698517802,GEOMETRY_BOUND_ONLY_NOT_PRIMARY_FALSIFICATION_PATH,0,12,0,12,0.083322317212093,FUTURE_AC_ONLY,ALL_OUTER_EDGES_SYMMETRIC_BOUNDARY_HEADROOM,9,True
2013-04-17 05:30:00,E0039,VMIN33,NONE,CONVEX-CONVEX,0.367361474620259,0.930078247764579,componentwise_positive,USE_ORIGINAL_INWARD_NORMAL_NO_COMPONENTWISE_PROJECTION,17,2511.1423783616,GEOMETRY_BOUND_ONLY_NOT_PRIMARY_FALSIFICATION_PATH,0,8,0,8,0.134969669406648,FUTURE_AC_ONLY,ALL_OUTER_EDGES_SYMMETRIC_BOUNDARY_HEADROOM,5,False
2013-04-17 05:30:00,E0040,VMIN33,NONE,CONVEX-CONVEX,0.360109217379636,0.932910151921516,componentwise_positive,USE_ORIGINAL_INWARD_NORMAL_NO_COMPONENTWISE_PROJECTION,17,2536.55569971537,GEOMETRY_BOUND_ONLY_NOT_PRIMARY_FALSIFICATION_PATH,0,20,0,20,0.055283125387427,FUTURE_AC_ONLY,ALL_OUTER_EDGES_SYMMETRIC_BOUNDARY_HEADROOM,15,False
2013-04-17 05:30:00,E0041,VMIN33,NONE,CONVEX-CONVEX,0.349268455836707,0.93702270290396,componentwise_positive,USE_ORIGINAL_INWARD_NORMAL_NO_COMPONENTWISE_PROJECTION,17,2578.28842186349,GEOMETRY_BOUND_ONLY_NOT_PRIMARY_FALSIFICATION_PATH,0,10,0,10,0.10619839339669,FUTURE_AC_ONLY,ALL_OUTER_EDGES_SYMMETRIC_BOUNDARY_HEADROOM,7,False
2013-04-17 05:30:00,E0042,VMIN33,NONE,CONVEX-CONVEX,0.34210342958586,0.939662302886304,componentwise_positive,USE_ORIGINAL_INWARD_NORMAL_NO_COMPONENTWISE_PROJECTION,17,2607.19997385572,GEOMETRY_BOUND_ONLY_NOT_PRIMARY_FALSIFICATION_PATH,0,9,0,9,0.107340463214928,FUTURE_AC_ONLY,ALL_OUTER_EDGES_SYMMETRIC_BOUNDARY_HEADROOM,8,False
2013-04-17 05:30:00,E0043,VMIN33,NONE,CONVEX-CONVEX,0.334375766274945,0.942439837298935,componentwise_positive,USE_ORIGINAL_INWARD_NORMAL_NO_COMPONENTWISE_PROJECTION,17,2640.1186731912,GEOMETRY_BOUND_ONLY_NOT_PRIMARY_FALSIFICATION_PATH,0,11,0,11,0.108669259857388,FUTURE_AC_ONLY,ALL_OUTER_EDGES_SYMMETRIC_BOUNDARY_HEADROOM,8,False
2013-04-17 05:30:00,E0044,VMIN33,NONE,CONVEX-CONVEX,0.324421553502166,0.945912604643389,componentwise_positive,USE_ORIGINAL_INWARD_NORMAL_NO_COMPONENTWISE_PROJECTION,17,2685.1354977268,GEOMETRY_BOUND_ONLY_NOT_PRIMARY_FALSIFICATION_PATH,0,9,0,9,0.110229294573936,FUTURE_AC_ONLY,ALL_OUTER_EDGES_SYMMETRIC_BOUNDARY_HEADROOM,9,False
2013-04-17 05:30:00,E0045,VMIN33,ADJACENT_TO_GUARD_LIMITED_EDGE,CONVEX-CONVEX,0.31374096530557,0.94950861327801,componentwise_positive,USE_ORIGINAL_INWARD_NORMAL_NO_COMPONENTWISE_PROJECTION,17,2736.82042394688,GEOMETRY_BOUND_ONLY_NOT_PRIMARY_FALSIFICATION_PATH,0,11,0,11,0.112143727787439,FUTURE_AC_ONLY,ALL_OUTER_EDGES_SYMMETRIC_BOUNDARY_HEADROOM,9,False
2013-04-17 05:30:00,E0046,CLASS_TRANSITION,CROSSES_GUARD_LIMITED_RAY,CONVEX-CONVEX,-0.952427490398692,0.30476527940835,mixed_sign,USE_ORIGINAL_INWARD_NORMAL_NO_COMPONENTWISE_PROJECTION,17,4976.16450745708,GEOMETRY_BOUND_ONLY_NOT_PRIMARY_FALSIFICATION_PATH,0,29,0,29,0.0356949286090451,FUTURE_AC_ONLY,ALL_OUTER_EDGES_SYMMETRIC_BOUNDARY_HEADROOM,31,False
2013-04-17 05:30:00,E0047,VMAX13,ADJACENT_TO_GUARD_LIMITED_EDGE,CONVEX-REFLEX,-0.933473174878166,-0.358647224697023,componentwise_nonpositive,USE_ORIGINAL_INWARD_NORMAL_NO_COMPONENTWISE_PROJECTION,17,3047.48195652745,GEOMETRY_BOUND_ONLY_NOT_PRIMARY_FALSIFICATION_PATH,13,10,0,10,0.112548646631091,FUTURE_AC_ONLY,ALL_OUTER_EDGES_SYMMETRIC_BOUNDARY_HEADROOM,12,False
2013-04-17 05:30:00,E0048,VMAX13,NONE,REFLEX-REFLEX,-0.938840048202663,-0.344353544908168,componentwise_nonpositive,USE_ORIGINAL_INWARD_NORMAL_NO_COMPONENTWISE_PROJECTION,18,1540.16361297602,GEOMETRY_BOUND_ONLY_NOT_PRIMARY_FALSIFICATION_PATH,13,9,0,9,0.109950247180332,FUTURE_AC_ONLY,ALL_OUTER_EDGES_SYMMETRIC_BOUNDARY_HEADROOM,12,False
2013-04-17 05:30:00,E0049,VMAX13,NONE,REFLEX-REFLEX,-0.942333600011628,-0.334675045811793,componentwise_nonpositive,USE_ORIGINAL_INWARD_NORMAL_NO_COMPONENTWISE_PROJECTION,19,1557.48379941344,GEOMETRY_BOUND_ONLY_NOT_PRIMARY_FALSIFICATION_PATH,13,9,0,9,0.108084386410611,FUTURE_AC_ONLY,ALL_OUTER_EDGES_SYMMETRIC_BOUNDARY_HEADROOM,13,False
2013-04-17 05:30:00,E0050,VMAX13,NONE,REFLEX-REFLEX,-0.945258819412055,-0.326321565826912,componentwise_nonpositive,USE_ORIGINAL_INWARD_NORMAL_NO_COMPONENTWISE_PROJECTION,20,1569.21654987395,GEOMETRY_BOUND_ONLY_NOT_PRIMARY_FALSIFICATION_PATH,12,9,0,9,0.10660054665052,FUTURE_AC_ONLY,ALL_OUTER_EDGES_SYMMETRIC_BOUNDARY_HEADROOM,14,False
2013-04-17 05:30:00,E0051,VMAX13,NONE,REFLEX-REFLEX,-0.948152385027565,-0.31781607065493,componentwise_nonpositive,USE_ORIGINAL_INWARD_NORMAL_NO_COMPONENTWISE_PROJECTION,21,1578.38558321207,GEOMETRY_BOUND_ONLY_NOT_PRIMARY_FALSIFICATION_PATH,22,19,0,19,0.0554041476886533,FUTURE_AC_ONLY,ALL_OUTER_EDGES_SYMMETRIC_BOUNDARY_HEADROOM,28,False
