timestamp,geometry_stage,vertex_index,p13_abs_kw,p30_abs_kw,constraint_1,constraint_2,maximum_internal_enumeration_violation_kw,center_p13_abs_kw,center_p30_abs_kw,normalized_x,normalized_y,normalized_radius,normalized_ray_angle_deg,physical_displacement_angle_deg,stored_guard_direction_count,nearest_stored_guard_angle_deg,nearest_guard_angular_deviation_deg,guard_alignment_threshold_deg,guard_alignment_classification
2010-07-01 07:30:00,PHYSICAL_FACETS_BEFORE_GUARD_CAPS,1,1417.13147402011,2412.7810118659,VMAX_BUS_13,VMAX_BUS_30,0,452.1875,614.6875,0.60498054797499,0.783589709651489,0.98995671445767,52.3296011817733,61.7798408191611,4,135,82.6703988182267,,RAW_DIAGNOSTIC_THRESHOLD_NOT_PREREGISTERED
2010-07-01 07:30:00,PHYSICAL_FACETS_BEFORE_GUARD_CAPS,2,-2357.80682267282,4034.00291509905,VMAX_BUS_30,VMIN_BUS_18,0,452.1875,614.6875,-1.76175192644064,1.49010068477693,2.30741628257451,139.775251781262,129.413374678559,4,140,0.224748218737801,,RAW_DIAGNOSTIC_THRESHOLD_NOT_PREREGISTERED
2010-07-01 07:30:00,PHYSICAL_FACETS_BEFORE_GUARD_CAPS,3,-736.455222365292,-1364.39776255761,VMIN_BUS_18,VMIN_BUS_33,-2.27373675443232e-13,452.1875,614.6875,-0.745230546937487,-0.86246395753566,1.13983009529351,229.170638104567,239.010885086843,4,315,85.8293618954326,,RAW_DIAGNOSTIC_THRESHOLD_NOT_PREREGISTERED
2010-07-01 07:30:00,PHYSICAL_FACETS_BEFORE_GUARD_CAPS,4,3038.48307432764,-2985.61966579076,VMAX_BUS_13,VMIN_BUS_33,0,452.1875,614.6875,1.62150192747814,-1.5689749326611,2.25631355093529,315.943214250323,305.691733549838,4,315,0.943214250322512,,RAW_DIAGNOSTIC_THRESHOLD_NOT_PREREGISTERED
2010-07-01 07:30:00,COUPLED_CANDIDATE_AFTER_GUARD_CAPS,1,1417.13147402011,2412.7810118659,VMAX_BUS_13,VMAX_BUS_30,0,452.1875,614.6875,0.60498054797499,0.783589709651489,0.98995671445767,52.3296011817733,61.7798408191611,4,135,82.6703988182267,,RAW_DIAGNOSTIC_THRESHOLD_NOT_PREREGISTERED
2010-07-01 07:30:00,COUPLED_CANDIDATE_AFTER_GUARD_CAPS,2,-1837.70318919226,3810.63412433272,VMAX_BUS_30,GUARD_CAP_ADAPTIVE_135DEG,0,452.1875,614.6875,-1.43566814369421,1.39275898105198,2.00023013628915,135.869149258881,125.621537817512,4,135,0.869149258881322,,RAW_DIAGNOSTIC_THRESHOLD_NOT_PREREGISTERED
2010-07-01 07:30:00,COUPLED_CANDIDATE_AFTER_GUARD_CAPS,3,-1901.96783866859,3718.17814449246,GUARD_CAP_ADAPTIVE_135DEG,GUARD_CAP_BASE_140DEG,0,452.1875,614.6875,-1.47595945998031,1.35246766476588,2.00190537032664,137.5,127.182165040494,4,135,2.49999999999991,,RAW_DIAGNOSTIC_THRESHOLD_NOT_PREREGISTERED
2010-07-01 07:30:00,COUPLED_CANDIDATE_AFTER_GUARD_CAPS,4,-2140.24991966098,3309.63237608381,VMIN_BUS_18,GUARD_CAP_BASE_140DEG,9.09494701772928e-13,452.1875,614.6875,-1.62535261420751,1.17442783650663,2.00525605937816,144.149327848739,133.889335286516,4,140,4.14932784873875,,RAW_DIAGNOSTIC_THRESHOLD_NOT_PREREGISTERED
2010-07-01 07:30:00,COUPLED_CANDIDATE_AFTER_GUARD_CAPS,5,-736.455222365292,-1364.39776255761,VMIN_BUS_18,VMIN_BUS_33,-2.27373675443232e-13,452.1875,614.6875,-0.745230546937487,-0.86246395753566,1.13983009529351,229.170638104567,239.010885086843,4,315,85.8293618954326,,RAW_DIAGNOSTIC_THRESHOLD_NOT_PREREGISTERED
2010-07-01 07:30:00,COUPLED_CANDIDATE_AFTER_GUARD_CAPS,6,2593.76874112151,-2794.6283008969,VMIN_BUS_33,GUARD_CAP_ADAPTIVE_315DEG,6.82121026329696e-13,452.1875,614.6875,1.34268416371254,-1.48574296103365,2.00255659339392,312.104508614888,302.135219343673,4,315,2.89549138511154,,RAW_DIAGNOSTIC_THRESHOLD_NOT_PREREGISTERED
2010-07-01 07:30:00,COUPLED_CANDIDATE_AFTER_GUARD_CAPS,7,2806.3428386686,-2488.80314449246,GUARD_CAP_ADAPTIVE_315DEG,GUARD_CAP_BASE_320DEG,2.72848410531878e-12,452.1875,614.6875,1.47595945998031,-1.35246766476588,2.00190537032664,317.5,307.182165040494,4,315,2.5,,RAW_DIAGNOSTIC_THRESHOLD_NOT_PREREGISTERED
2010-07-01 07:30:00,COUPLED_CANDIDATE_AFTER_GUARD_CAPS,8,2861.08192018638,-2394.9504299806,VMAX_BUS_13,GUARD_CAP_BASE_320DEG,0,452.1875,614.6875,1.51027863334569,-1.31156766661282,2.00028780290356,319.02804942785,308.673550598762,4,320,0.971950572149979,,RAW_DIAGNOSTIC_THRESHOLD_NOT_PREREGISTERED
2010-07-02 17:30:00,PHYSICAL_FACETS_BEFORE_GUARD_CAPS,1,1705.75838021624,2921.43726739657,VMAX_BUS_13,VMAX_BUS_30,0,889.53125,1223.90625,0.508899525901991,0.733423243862691,0.892686049012386,55.2444248504055,64.3202660322324,2,140,84.7555751495945,,RAW_DIAGNOSTIC_THRESHOLD_NOT_PREREGISTERED
2010-07-02 17:30:00,PHYSICAL_FACETS_BEFORE_GUARD_CAPS,2,-2080.30190046678,4547.43572659831,VMAX_BUS_30,VMIN_BUS_18,0,889.53125,1223.90625,-1.85162514982829,1.43594063661846,2.34316905223862,142.20631903999,131.78327604032,2,140,2.20631903998952,,RAW_DIAGNOSTIC_THRESHOLD_NOT_PREREGISTERED
2010-07-02 17:30:00,PHYSICAL_FACETS_BEFORE_GUARD_CAPS,3,-444.276740591318,-899.821567908228,VMIN_BUS_18,VMIN_BUS_33,0,889.53125,1223.90625,-0.831599721362341,-0.917562818781655,1.23833744309879,227.81355390876,237.869110352986,2,315,87.1864460912402,,RAW_DIAGNOSTIC_THRESHOLD_NOT_PREREGISTERED
2010-07-02 17:30:00,PHYSICAL_FACETS_BEFORE_GUARD_CAPS,4,3341.7835400917,-2525.82002710997,VMAX_BUS_13,VMIN_BUS_33,1.13686837721616e-13,889.53125,1223.90625,1.52892495436794,-1.62008021153742,2.22761563289185,313.341903820224,303.183950897095,2,315,1.65809617977561,,RAW_DIAGNOSTIC_THRESHOLD_NOT_PREREGISTERED
2010-07-02 17:30:00,COUPLED_CANDIDATE_AFTER_GUARD_CAPS,1,1705.75838021624,2921.43726739657,VMAX_BUS_13,VMAX_BUS_30,0,889.53125,1223.90625,0.508899525901991,0.733423243862691,0.892686049012386,55.2444248504055,64.3202660322324,2,140,84.7555751495945,,RAW_DIAGNOSTIC_THRESHOLD_NOT_PREREGISTERED
2010-07-02 17:30:00,COUPLED_CANDIDATE_AFTER_GUARD_CAPS,2,-1508.27720772644,4301.7684101621,VMAX_BUS_30,GUARD_CAP_BASE_140DEG,4.54747350886464e-13,889.53125,1223.90625,-1.49498043150991,1.32979935361085,2.00083302938086,138.346601897552,127.920372907026,2,140,1.65339810244831,,RAW_DIAGNOSTIC_THRESHOLD_NOT_PREREGISTERED
2010-07-02 17:30:00,COUPLED_CANDIDATE_AFTER_GUARD_CAPS,3,-1836.82079408514,3736.74878526003,VMIN_BUS_18,GUARD_CAP_BASE_140DEG,0,889.53125,1223.90625,-1.69982007619531,1.0856809711513,2.01695103127385,147.43348803322,137.333646553262,2,140,7.43348803322039,,RAW_DIAGNOSTIC_THRESHOLD_NOT_PREREGISTERED
2010-07-02 17:30:00,COUPLED_CANDIDATE_AFTER_GUARD_CAPS,4,-444.276740591318,-899.821567908228,VMIN_BUS_18,VMIN_BUS_33,0,889.53125,1223.90625,-0.831599721362341,-0.917562818781655,1.23833744309879,227.81355390876,237.869110352986,2,315,87.1864460912402,,RAW_DIAGNOSTIC_THRESHOLD_NOT_PREREGISTERED
2010-07-02 17:30:00,COUPLED_CANDIDATE_AFTER_GUARD_CAPS,5,2945.53439908927,-2355.64299743687,VMIN_BUS_33,GUARD_CAP_ADAPTIVE_315DEG,4.54747350886464e-13,889.53125,1223.90625,1.2818723968993,-1.54655472784689,2.00873800386161,309.653868270469,299.871977093482,2,315,5.34613172953129,,RAW_DIAGNOSTIC_THRESHOLD_NOT_PREREGISTERED
2010-07-02 17:30:00,COUPLED_CANDIDATE_AFTER_GUARD_CAPS,6,3186.31614701607,-2008.18074395029,VMAX_BUS_13,GUARD_CAP_ADAPTIVE_315DEG,4.54747350886464e-13,889.53125,1223.90625,1.43199448036073,-1.39643264438546,2.00015807427537,315.72034232036,305.398353649967,2,315,0.720342320359805,,RAW_DIAGNOSTIC_THRESHOLD_NOT_PREREGISTERED
2010-07-02 18:00:00,PHYSICAL_FACETS_BEFORE_GUARD_CAPS,1,1672.91286268162,2854.74291227323,VMAX_BUS_13,VMAX_BUS_30,4.54747350886464e-13,825.234375,1134.53125,0.528946748029285,0.744126707573417,0.91296726073546,54.5936862402923,63.7670427833999,2,140,85.4063137597077,,RAW_DIAGNOSTIC_THRESHOLD_NOT_PREREGISTERED
2010-07-02 18:00:00,PHYSICAL_FACETS_BEFORE_GUARD_CAPS,2,-2125.07000571961,4485.86176254705,VMAX_BUS_30,VMIN_BUS_18,4.54747350886464e-13,825.234375,1134.53125,-1.84097382504807,1.4497137735925,2.34325727350966,141.780588250621,131.358696999698,2,140,1.78058825062146,,RAW_DIAGNOSTIC_THRESHOLD_NOT_PREREGISTERED
2010-07-02 18:00:00,PHYSICAL_FACETS_BEFORE_GUARD_CAPS,3,-487.058020898441,-968.010801054297,VMIN_BUS_18,VMIN_BUS_33,0,825.234375,1134.53125,-0.81886328998684,-0.909514641888983,1.22382759059376,228.002343984647,238.0298323291,2,315,86.9976560153528,,RAW_DIAGNOSTIC_THRESHOLD_NOT_PREREGISTERED
2010-07-02 18:00:00,PHYSICAL_FACETS_BEFORE_GUARD_CAPS,4,3310.92484750279,-2599.12965132811,VMAX_BUS_13,VMIN_BUS_33,4.54747350886464e-13,825.234375,1134.53125,1.55105728309052,-1.61510170790807,2.23927046653943,313.841190570504,303.653752257448,2,315,1.15880942949627,,RAW_DIAGNOSTIC_THRESHOLD_NOT_PREREGISTERED
2010-07-02 18:00:00,COUPLED_CANDIDATE_AFTER_GUARD_CAPS,1,1672.91286268162,2854.74291227323,VMAX_BUS_13,VMAX_BUS_30,4.54747350886464e-13,825.234375,1134.53125,0.528946748029285,0.744126707573417,0.91296726073546,54.5936862402923,63.7670427833999,2,140,85.4063137597077,,RAW_DIAGNOSTIC_THRESHOLD_NOT_PREREGISTERED
2010-07-02 18:00:00,COUPLED_CANDIDATE_AFTER_GUARD_CAPS,2,-1552.40190019015,4239.91811976466,VMAX_BUS_30,GUARD_CAP_BASE_140DEG,9.09494701772928e-13,825.234375,1134.53125,-1.48363205393818,1.34332382335207,2.00142023719609,137.841387869319,127.439437599134,2,140,2.15861213068089,,RAW_DIAGNOSTIC_THRESHOLD_NOT_PREREGISTERED
2010-07-02 18:00:00,COUPLED_CANDIDATE_AFTER_GUARD_CAPS,3,-1881.35843795276,3674.40748431657,VMIN_BUS_18,GUARD_CAP_BASE_140DEG,4.54747350886464e-13,825.234375,1134.53125,-1.68889913741507,1.09869603917716,2.0148233875119,146.954397237713,136.820070417719,2,140,6.95439723771301,,RAW_DIAGNOSTIC_THRESHOLD_NOT_PREREGISTERED
2010-07-02 18:00:00,COUPLED_CANDIDATE_AFTER_GUARD_CAPS,4,-487.058020898441,-968.010801054297,VMIN_BUS_18,VMIN_BUS_33,0,825.234375,1134.53125,-0.81886328998684,-0.909514641888983,1.22382759059376,228.002343984647,238.0298323291,2,315,86.9976560153528,,RAW_DIAGNOSTIC_THRESHOLD_NOT_PREREGISTERED
2010-07-02 18:00:00,COUPLED_CANDIDATE_AFTER_GUARD_CAPS,5,2893.85553971313,-2420.01098929667,VMIN_BUS_33,GUARD_CAP_ADAPTIVE_315DEG,2.27373675443232e-13,825.234375,1134.53125,1.29080831220826,-1.53761881253793,2.00759998792999,310.01296300131,300.197931161693,2,315,4.98703699868969,,RAW_DIAGNOSTIC_THRESHOLD_NOT_PREREGISTERED
2010-07-02 18:00:00,COUPLED_CANDIDATE_AFTER_GUARD_CAPS,6,3147.31840263909,-2054.39084041648,VMAX_BUS_13,GUARD_CAP_ADAPTIVE_315DEG,0,825.234375,1134.53125,1.44896775477894,-1.37945936996725,2.00060383579048,316.407756143173,306.061061750487,2,315,1.40775614317283,,RAW_DIAGNOSTIC_THRESHOLD_NOT_PREREGISTERED
2010-07-03 00:00:00,PHYSICAL_FACETS_BEFORE_GUARD_CAPS,1,1203.54238678831,1997.20851770491,VMAX_BUS_13,VMAX_BUS_30,0,59.6875,68.28125,0.720822299669671,0.847240032483112,1.11238503241596,49.6092368748274,59.3320367933334,2,135,85.3907631251726,,RAW_DIAGNOSTIC_THRESHOLD_NOT_PREREGISTERED
2010-07-03 00:00:00,PHYSICAL_FACETS_BEFORE_GUARD_CAPS,2,-2630.65451151756,3643.88019927591,VMAX_BUS_30,VMIN_BUS_18,0,59.6875,68.28125,-1.69537109823871,1.57050533768209,2.31101063961876,137.18954949562,126.958430467978,2,135,2.18954949561964,,RAW_DIAGNOSTIC_THRESHOLD_NOT_PREREGISTERED
2010-07-03 00:00:00,PHYSICAL_FACETS_BEFORE_GUARD_CAPS,3,-1000.42957082737,-1784.06487006345,VMIN_BUS_18,VMIN_BUS_33,-2.27373675443232e-13,59.6875,68.28125,-0.668053293943991,-0.813603401853412,1.05273249168859,230.610433185902,240.217042212202,2,320,89.3895668140976,,RAW_DIAGNOSTIC_THRESHOLD_NOT_PREREGISTERED
2010-07-03 00:00:00,PHYSICAL_FACETS_BEFORE_GUARD_CAPS,4,2833.7673274785,-3430.73655163444,VMAX_BUS_13,VMIN_BUS_33,4.54747350886464e-13,59.6875,68.28125,1.74814010396439,-1.53686870705239,2.32765101460798,318.679841241233,308.407969215099,2,320,1.32015875876658,,RAW_DIAGNOSTIC_THRESHOLD_NOT_PREREGISTERED
2010-07-03 00:00:00,COUPLED_CANDIDATE_AFTER_GUARD_CAPS,1,1203.54238678831,1997.20851770491,VMAX_BUS_13,VMAX_BUS_30,0,59.6875,68.28125,0.720822299669671,0.847240032483112,1.11238503241596,49.6092368748274,59.3320367933334,2,135,85.3907631251726,,RAW_DIAGNOSTIC_THRESHOLD_NOT_PREREGISTERED
2010-07-03 00:00:00,COUPLED_CANDIDATE_AFTER_GUARD_CAPS,2,-2096.40101411954,3414.43446962798,VMAX_BUS_30,GUARD_CAP_ADAPTIVE_135DEG,0,59.6875,68.28125,-1.35870091476615,1.46972620998004,2.00154023394202,132.75210165912,122.795643441041,2,135,2.24789834088037,,RAW_DIAGNOSTIC_THRESHOLD_NOT_PREREGISTERED
2010-07-03 00:00:00,COUPLED_CANDIDATE_AFTER_GUARD_CAPS,3,-2421.60977079044,2947.85148484543,VMIN_BUS_18,GUARD_CAP_ADAPTIVE_135DEG,0,59.6875,68.28125,-1.5636375081783,1.26478961656789,2.0111327731306,141.031418736055,130.751151213095,2,135,6.03141873605526,,RAW_DIAGNOSTIC_THRESHOLD_NOT_PREREGISTERED
2010-07-03 00:00:00,COUPLED_CANDIDATE_AFTER_GUARD_CAPS,4,-1000.42957082737,-1784.06487006345,VMIN_BUS_18,VMIN_BUS_33,-2.27373675443232e-13,59.6875,68.28125,-0.668053293943991,-0.813603401853412,1.05273249168859,230.610433185902,240.217042212202,2,320,89.3895668140976,,RAW_DIAGNOSTIC_THRESHOLD_NOT_PREREGISTERED
2010-07-03 00:00:00,COUPLED_CANDIDATE_AFTER_GUARD_CAPS,5,2292.31292360103,-3198.19825029658,VMIN_BUS_33,GUARD_CAP_BASE_320DEG,2.27373675443232e-13,59.6875,68.28125,1.40693212987855,-1.43473123340183,2.00945558054498,314.439511196255,304.352447362075,2,320,5.56048880374487,,RAW_DIAGNOSTIC_THRESHOLD_NOT_PREREGISTERED
2010-07-03 00:00:00,COUPLED_CANDIDATE_AFTER_GUARD_CAPS,6,2603.91179807886,-2665.4168976872,VMAX_BUS_13,GUARD_CAP_BASE_320DEG,4.54747350886464e-13,59.6875,68.28125,1.60329219256643,-1.20071842325153,2.0030652976576,323.170164529912,312.944003155695,2,320,3.17016452991214,,RAW_DIAGNOSTIC_THRESHOLD_NOT_PREREGISTERED
2010-11-26 18:00:00,PHYSICAL_FACETS_BEFORE_GUARD_CAPS,1,1247.01217778605,2082.95449560979,VMAX_BUS_13,VMAX_BUS_30,0,140.78125,181.25,0.696358605078263,0.833852341182698,1.08638162436706,50.134398200678,59.8132240212806,2,135,84.865601799322,,RAW_DIAGNOSTIC_THRESHOLD_NOT_PREREGISTERED
2010-11-26 18:00:00,PHYSICAL_FACETS_BEFORE_GUARD_CAPS,2,-2573.83422592459,3723.89254326265,VMAX_BUS_30,VMIN_BUS_18,2.27373675443232e-13,140.78125,181.25,-1.70881666626511,1.55336477643744,2.309328155023,137.728237154548,127.461809648771,2,135,2.7282371545476,,RAW_DIAGNOSTIC_THRESHOLD_NOT_PREREGISTERED
2010-11-26 18:00:00,PHYSICAL_FACETS_BEFORE_GUARD_CAPS,3,-945.64874395397,-1697.26200924389,VMIN_BUS_18,VMIN_BUS_33,0,140.78125,181.25,-0.683894163598447,-0.823682985692032,1.07059090595921,230.297555191088,239.957228070215,2,320,89.7024448089124,,RAW_DIAGNOSTIC_THRESHOLD_NOT_PREREGISTERED
2010-11-26 18:00:00,PHYSICAL_FACETS_BEFORE_GUARD_CAPS,4,2875.19765975666,-3338.20005689675,VMAX_BUS_13,VMIN_BUS_33,0,140.78125,181.25,1.72128110774492,-1.54319542094678,2.31176572323207,318.122538730975,307.845214193212,2,320,1.87746126902454,,RAW_DIAGNOSTIC_THRESHOLD_NOT_PREREGISTERED
2010-11-26 18:00:00,COUPLED_CANDIDATE_AFTER_GUARD_CAPS,1,1247.01217778605,2082.95449560979,VMAX_BUS_13,VMAX_BUS_30,0,140.78125,181.25,0.696358605078263,0.833852341182698,1.08638162436706,50.134398200678,59.8132240212806,2,135,84.865601799322,,RAW_DIAGNOSTIC_THRESHOLD_NOT_PREREGISTERED
2010-11-26 18:00:00,COUPLED_CANDIDATE_AFTER_GUARD_CAPS,2,-2043.44246153868,3496.10531122492,VMAX_BUS_30,GUARD_CAP_ADAPTIVE_135DEG,0,140.78125,181.25,-1.37494164983255,1.45348547491364,2.00077099294976,133.409337328104,123.381677198033,2,135,1.59066267189553,,RAW_DIAGNOSTIC_THRESHOLD_NOT_PREREGISTERED
2010-11-26 18:00:00,COUPLED_CANDIDATE_AFTER_GUARD_CAPS,3,-2366.23908891038,3032.69038321102,VMIN_BUS_18,GUARD_CAP_ADAPTIVE_135DEG,0,140.78125,181.25,-1.57813811045799,1.2502890142882,2.01339080034892,141.611771784504,131.322319590518,2,135,6.61177178450384,,RAW_DIAGNOSTIC_THRESHOLD_NOT_PREREGISTERED
2010-11-26 18:00:00,COUPLED_CANDIDATE_AFTER_GUARD_CAPS,4,-945.64874395397,-1697.26200924389,VMIN_BUS_18,VMIN_BUS_33,0,140.78125,181.25,-0.683894163598447,-0.823682985692032,1.07059090595921,230.297555191088,239.957228070215,2,320,89.7024448089124,,RAW_DIAGNOSTIC_THRESHOLD_NOT_PREREGISTERED
2010-11-26 18:00:00,COUPLED_CANDIDATE_AFTER_GUARD_CAPS,5,2360.45346153435,-3117.13298158818,VMIN_BUS_33,GUARD_CAP_BASE_320DEG,0,140.78125,181.25,1.39725603952197,-1.44626274884656,2.01097000939393,314.012631931218,303.938885411037,2,320,5.98736806878156,,RAW_DIAGNOSTIC_THRESHOLD_NOT_PREREGISTERED
2010-11-26 18:00:00,COUPLED_CANDIDATE_AFTER_GUARD_CAPS,6,2656.61751179119,-2610.42255405572,VMAX_BUS_13,GUARD_CAP_BASE_320DEG,2.27373675443232e-13,140.78125,181.25,1.58368762422185,-1.22408223800744,2.00161030585845,322.29842942418,312.024960305549,2,320,2.29842942417974,,RAW_DIAGNOSTIC_THRESHOLD_NOT_PREREGISTERED
2010-12-21 11:30:00,PHYSICAL_FACETS_BEFORE_GUARD_CAPS,1,1134.03735660834,1859.80181127295,VMAX_BUS_13,VMAX_BUS_30,-4.54747350886464e-13,-71.015625,-113.671875,0.760623214388617,0.869042666401547,1.15489515987088,48.8062013152561,58.5907046738325,2,135,86.1937986847439,,RAW_DIAGNOSTIC_THRESHOLD_NOT_PREREGISTERED
2010-12-21 11:30:00,PHYSICAL_FACETS_BEFORE_GUARD_CAPS,2,-2723.18248131162,3516.36114955396,VMAX_BUS_30,VMIN_BUS_18,0,-71.015625,-113.671875,-1.67403401355041,1.59852832126778,2.31466685992151,136.321713583175,126.152530265981,2,135,1.32171358317541,,RAW_DIAGNOSTIC_THRESHOLD_NOT_PREREGISTERED
2010-12-21 11:30:00,PHYSICAL_FACETS_BEFORE_GUARD_CAPS,3,-1089.31556320936,-1923.71013184553,VMIN_BUS_18,VMIN_BUS_33,0,-71.015625,-113.671875,-0.642745658517667,-0.797071926501628,1.02393634448648,231.117867946371,240.638557466112,2,320,88.8821320536286,,RAW_DIAGNOSTIC_THRESHOLD_NOT_PREREGISTERED
2010-12-21 11:30:00,PHYSICAL_FACETS_BEFORE_GUARD_CAPS,4,2767.90427471061,-3580.26947012654,VMAX_BUS_13,VMIN_BUS_33,4.54747350886464e-13,-71.015625,-113.671875,1.79191156942136,-1.52655758136786,2.35400193752211,319.571801741472,309.315264868252,2,320,0.4281982585278,,RAW_DIAGNOSTIC_THRESHOLD_NOT_PREREGISTERED
2010-12-21 11:30:00,COUPLED_CANDIDATE_AFTER_GUARD_CAPS,1,1134.03735660834,1859.80181127295,VMAX_BUS_13,VMAX_BUS_30,-4.54747350886464e-13,-71.015625,-113.671875,0.760623214388617,0.869042666401547,1.15489515987088,48.8062013152561,58.5907046738325,2,135,86.1937986847439,,RAW_DIAGNOSTIC_THRESHOLD_NOT_PREREGISTERED
2010-12-21 11:30:00,COUPLED_CANDIDATE_AFTER_GUARD_CAPS,2,-2181.76345996526,3283.8380439438,VMAX_BUS_30,GUARD_CAP_ADAPTIVE_135DEG,4.54747350886464e-13,-71.015625,-113.671875,-1.33229312528011,1.49613399946608,2.00335266890955,131.684760983129,121.851162359494,2,135,3.31523901687066,,RAW_DIAGNOSTIC_THRESHOLD_NOT_PREREGISTERED
2010-12-21 11:30:00,COUPLED_CANDIDATE_AFTER_GUARD_CAPS,3,-2511.42834774928,2811.31132698447,VMIN_BUS_18,GUARD_CAP_ADAPTIVE_135DEG,2.27373675443232e-13,-71.015625,-113.671875,-1.54037589877167,1.28805122597452,2.007942695958,140.097875271031,129.839388440337,2,135,5.09787527103094,,RAW_DIAGNOSTIC_THRESHOLD_NOT_PREREGISTERED
2010-12-21 11:30:00,COUPLED_CANDIDATE_AFTER_GUARD_CAPS,4,-1089.31556320936,-1923.71013184553,VMIN_BUS_18,VMIN_BUS_33,0,-71.015625,-113.671875,-0.642745658517667,-0.797071926501628,1.02393634448648,231.117867946371,240.638557466112,2,320,88.8821320536286,,RAW_DIAGNOSTIC_THRESHOLD_NOT_PREREGISTERED
2010-12-21 11:30:00,COUPLED_CANDIDATE_AFTER_GUARD_CAPS,5,2182.97148248035,-3329.0585150988,VMIN_BUS_33,GUARD_CAP_BASE_320DEG,0,-71.015625,-113.671875,1.4227050138443,-1.41593384227009,2.00722649496848,315.136670720513,305.030468496611,2,320,4.86332927948678,,RAW_DIAGNOSTIC_THRESHOLD_NOT_PREREGISTERED
2010-12-21 11:30:00,COUPLED_CANDIDATE_AFTER_GUARD_CAPS,6,2519.70010971478,-2753.85678317045,VMAX_BUS_13,GUARD_CAP_BASE_320DEG,4.54747350886464e-13,-71.015625,-113.671875,1.6352463831722,-1.16263690179866,2.00642849339361,324.587714790634,314.458163984774,2,320,4.58771479063421,,RAW_DIAGNOSTIC_THRESHOLD_NOT_PREREGISTERED
2010-12-21 12:00:00,PHYSICAL_FACETS_BEFORE_GUARD_CAPS,1,1138.74359428435,1868.92077592936,VMAX_BUS_13,VMAX_BUS_30,0,-62.109375,-101.25,0.757897441291832,0.8674389767438,1.15189361917281,48.8556883448254,58.6369740207856,2,135,86.1443116551746,,RAW_DIAGNOSTIC_THRESHOLD_NOT_PREREGISTERED
2010-12-21 12:00:00,PHYSICAL_FACETS_BEFORE_GUARD_CAPS,2,-2716.76494350153,3524.74516252577,VMAX_BUS_30,VMIN_BUS_18,0,-62.109375,-101.25,-1.67543963694195,1.59647558063876,2.31426711003981,136.382501922868,126.208521809797,2,135,1.38250192286753,,RAW_DIAGNOSTIC_THRESHOLD_NOT_PREREGISTERED
2010-12-21 12:00:00,PHYSICAL_FACETS_BEFORE_GUARD_CAPS,3,-1083.25589798247,-1914.13455771245,VMIN_BUS_18,VMIN_BUS_33,-2.27373675443232e-13,-62.109375,-101.25,-0.6444788469097,-0.798188027611425,1.02589332366298,231.081644869289,240.608670810353,2,320,88.9183551307109,,RAW_DIAGNOSTIC_THRESHOLD_NOT_PREREGISTERED
2010-12-21 12:00:00,PHYSICAL_FACETS_BEFORE_GUARD_CAPS,4,2772.25263980341,-3569.95894430887,VMAX_BUS_13,VMIN_BUS_33,2.27373675443232e-13,-62.109375,-101.25,1.78885823132408,-1.52722463150638,2.35211157194035,319.511199586973,309.253050123581,2,320,0.488800413027377,,RAW_DIAGNOSTIC_THRESHOLD_NOT_PREREGISTERED
2010-12-21 12:00:00,COUPLED_CANDIDATE_AFTER_GUARD_CAPS,1,1138.74359428435,1868.92077592936,VMAX_BUS_13,VMAX_BUS_30,0,-62.109375,-101.25,0.757897441291832,0.8674389767438,1.15189361917281,48.8556883448254,58.6369740207856,2,135,86.1443116551746,,RAW_DIAGNOSTIC_THRESHOLD_NOT_PREREGISTERED
2010-12-21 12:00:00,COUPLED_CANDIDATE_AFTER_GUARD_CAPS,2,-2176.07231821417,3292.53402206808,VMAX_BUS_30,GUARD_CAP_ADAPTIVE_135DEG,0,-62.109375,-101.25,-1.33419090149112,1.49423622325507,2.00319925432026,131.761396694829,121.918472879208,2,135,3.23860330517095,,RAW_DIAGNOSTIC_THRESHOLD_NOT_PREREGISTERED
2010-12-21 12:00:00,COUPLED_CANDIDATE_AFTER_GUARD_CAPS,3,-2505.28763980519,2820.61706386611,VMIN_BUS_18,GUARD_CAP_ADAPTIVE_135DEG,0,-62.109375,-101.25,-1.54196941913646,1.28645770560974,2.00814419748052,140.161919370772,129.901364016189,2,135,5.16191937077201,,RAW_DIAGNOSTIC_THRESHOLD_NOT_PREREGISTERED
2010-12-21 12:00:00,COUPLED_CANDIDATE_AFTER_GUARD_CAPS,4,-1083.25589798247,-1914.13455771245,VMIN_BUS_18,VMIN_BUS_33,-2.27373675443232e-13,-62.109375,-101.25,-0.6444788469097,-0.798188027611425,1.02589332366298,231.081644869289,240.608670810353,2,320,88.9183551307109,,RAW_DIAGNOSTIC_THRESHOLD_NOT_PREREGISTERED
2010-12-21 12:00:00,COUPLED_CANDIDATE_AFTER_GUARD_CAPS,5,2190.41082034548,-3320.07546866408,VMIN_BUS_33,GUARD_CAP_BASE_320DEG,0,-62.109375,-101.25,1.42163889849722,-1.41720438906509,2.00736778844977,315.08950070232,304.98416306687,2,320,4.91049929768013,,RAW_DIAGNOSTIC_THRESHOLD_NOT_PREREGISTERED
2010-12-21 12:00:00,COUPLED_CANDIDATE_AFTER_GUARD_CAPS,6,2525.35173090164,-2747.88553735844,VMAX_BUS_13,GUARD_CAP_BASE_320DEG,0,-62.109375,-101.25,1.63303102191909,-1.16527706653096,2.0061557667173,324.489598400362,314.352266309006,2,320,4.48959840036196,,RAW_DIAGNOSTIC_THRESHOLD_NOT_PREREGISTERED
2011-01-21 18:00:00,PHYSICAL_FACETS_BEFORE_GUARD_CAPS,1,1319.05069520522,2224.1391319892,VMAX_BUS_13,VMAX_BUS_30,0,274.21875,366.875,0.656546337684185,0.812251636239641,1.04441649455593,51.0512484458568,60.6394139636952,2,135,83.9487515541432,,RAW_DIAGNOSTIC_THRESHOLD_NOT_PREREGISTERED
2011-01-21 18:00:00,PHYSICAL_FACETS_BEFORE_GUARD_CAPS,2,-2480.83727354168,3856.07616528099,VMAX_BUS_30,VMIN_BUS_18,0,274.21875,366.875,-1.73120849785634,1.52595923587525,2.30773361820704,138.605705569173,128.294447288783,2,135,3.60570556917293,,RAW_DIAGNOSTIC_THRESHOLD_NOT_PREREGISTERED
2011-01-21 18:00:00,PHYSICAL_FACETS_BEFORE_GUARD_CAPS,3,-855.775058920656,-1554.67925567794,VMIN_BUS_18,VMIN_BUS_33,0,274.21875,366.875,-0.710059929022307,-0.840368131497802,1.10018348435171,229.804224448311,239.541815148382,2,320,90.1957755516895,,RAW_DIAGNOSTIC_THRESHOLD_NOT_PREREGISTERED
2011-01-21 18:00:00,PHYSICAL_FACETS_BEFORE_GUARD_CAPS,4,2944.11290982625,-3186.61628896973,VMAX_BUS_13,VMIN_BUS_33,2.27373675443232e-13,274.21875,366.875,1.67769490651821,-1.55407573113341,2.28687812912166,317.190565605715,306.919147345249,2,320,2.80943439428472,,RAW_DIAGNOSTIC_THRESHOLD_NOT_PREREGISTERED
2011-01-21 18:00:00,COUPLED_CANDIDATE_AFTER_GUARD_CAPS,1,1319.05069520522,2224.1391319892,VMAX_BUS_13,VMAX_BUS_30,0,274.21875,366.875,0.656546337684185,0.812251636239641,1.04441649455593,51.0512484458568,60.6394139636952,2,135,83.9487515541432,,RAW_DIAGNOSTIC_THRESHOLD_NOT_PREREGISTERED
2011-01-21 18:00:00,COUPLED_CANDIDATE_AFTER_GUARD_CAPS,2,-1955.54757042642,3630.48011435233,VMAX_BUS_30,GUARD_CAP_ADAPTIVE_135DEG,4.54747350886464e-13,274.21875,366.875,-1.40112954842701,1.42729757631918,2.00008559387889,134.469926318024,124.341742826739,2,135,0.530073681976035,,RAW_DIAGNOSTIC_THRESHOLD_NOT_PREREGISTERED
2011-01-21 18:00:00,COUPLED_CANDIDATE_AFTER_GUARD_CAPS,3,-2275.15901142069,3171.256370856,VMIN_BUS_18,GUARD_CAP_ADAPTIVE_135DEG,6.82121026329696e-13,274.21875,366.875,-1.60196540727466,1.22646171747153,2.01754839112421,142.562399093799,132.273019528318,2,135,7.56239909379855,,RAW_DIAGNOSTIC_THRESHOLD_NOT_PREREGISTERED
2011-01-21 18:00:00,COUPLED_CANDIDATE_AFTER_GUARD_CAPS,4,-855.775058920656,-1554.67925567794,VMIN_BUS_18,VMIN_BUS_33,0,274.21875,366.875,-0.710059929022307,-0.840368131497802,1.10018348435171,229.804224448311,239.541815148382,2,320,90.1957755516895,,RAW_DIAGNOSTIC_THRESHOLD_NOT_PREREGISTERED
2011-01-21 18:00:00,COUPLED_CANDIDATE_AFTER_GUARD_CAPS,5,2472.21049638707,-2983.94846535883,VMIN_BUS_33,GUARD_CAP_BASE_320DEG,4.54747350886464e-13,274.21875,366.875,1.3811631985152,-1.46544144993143,2.0137354404464,313.304162833575,303.263100090486,2,320,6.69583716642501,,RAW_DIAGNOSTIC_THRESHOLD_NOT_PREREGISTERED
2011-01-21 18:00:00,COUPLED_CANDIDATE_AFTER_GUARD_CAPS,6,2743.64841355097,-2519.15608334047,VMAX_BUS_13,GUARD_CAP_BASE_320DEG,2.27373675443232e-13,274.21875,366.875,1.55172801636978,-1.26217021548305,2.00023335879577,320.875212692259,310.551917715366,2,320,0.875212692259481,,RAW_DIAGNOSTIC_THRESHOLD_NOT_PREREGISTERED
2011-02-05 11:30:00,PHYSICAL_FACETS_BEFORE_GUARD_CAPS,1,1733.25282800796,2977.11101068871,VMAX_BUS_13,VMAX_BUS_30,0,942.890625,1298.4375,0.49246148072345,0.724542114135941,0.876059121950632,55.7965830622332,64.7877503587897,2,140,84.2034169377668,,RAW_DIAGNOSTIC_THRESHOLD_NOT_PREREGISTERED
2011-02-05 11:30:00,PHYSICAL_FACETS_BEFORE_GUARD_CAPS,2,-2043.34971038786,4599.04765543257,VMAX_BUS_30,VMIN_BUS_18,0,942.890625,1298.4375,-1.86067644905635,1.42459569697656,2.34341412215534,142.561131586874,132.137346634254,2,140,2.56113158687404,,RAW_DIAGNOSTIC_THRESHOLD_NOT_PREREGISTERED
2011-02-05 11:30:00,PHYSICAL_FACETS_BEFORE_GUARD_CAPS,3,-408.915604190024,-842.912117395253,VMIN_BUS_18,VMIN_BUS_33,0,942.890625,1298.4375,-0.842287870984389,-0.924240460704722,1.25046762725434,227.656155114989,237.7363138148,2,315,87.3438448850111,,RAW_DIAGNOSTIC_THRESHOLD_NOT_PREREGISTERED
2011-02-05 11:30:00,PHYSICAL_FACETS_BEFORE_GUARD_CAPS,4,3367.68693420579,-2464.84876213911,VMAX_BUS_13,VMIN_BUS_33,-2.27373675443232e-13,942.890625,1298.4375,1.51085005879541,-1.62429404354534,2.21833249087214,312.927678365567,302.794877246569,2,315,2.07232163443348,,RAW_DIAGNOSTIC_THRESHOLD_NOT_PREREGISTERED
2011-02-05 11:30:00,COUPLED_CANDIDATE_AFTER_GUARD_CAPS,1,1733.25282800796,2977.11101068871,VMAX_BUS_13,VMAX_BUS_30,0,942.890625,1298.4375,0.49246148072345,0.724542114135941,0.876059121950632,55.7965830622332,64.7877503587897,2,140,84.2034169377668,,RAW_DIAGNOSTIC_THRESHOLD_NOT_PREREGISTERED
2011-02-05 11:30:00,COUPLED_CANDIDATE_AFTER_GUARD_CAPS,2,-1471.52080884252,4353.46442539693,VMAX_BUS_30,GUARD_CAP_BASE_140DEG,4.54747350886464e-13,942.890625,1298.4375,-1.5043794165012,1.31859807948074,2.00046452705435,138.76522987433,128.319590643386,2,140,1.23477012566974,,RAW_DIAGNOSTIC_THRESHOLD_NOT_PREREGISTERED
2011-02-05 11:30:00,COUPLED_CANDIDATE_AFTER_GUARD_CAPS,3,-1799.90953373744,3788.49699242447,VMIN_BUS_18,GUARD_CAP_BASE_140DEG,2.27373675443232e-13,942.890625,1298.4375,-1.7089929431845,1.07474917396254,2.01884686561106,147.835089279011,137.765166644199,2,140,7.83508927901073,,RAW_DIAGNOSTIC_THRESHOLD_NOT_PREREGISTERED
2011-02-05 11:30:00,COUPLED_CANDIDATE_AFTER_GUARD_CAPS,4,-408.915604190024,-842.912117395253,VMIN_BUS_18,VMIN_BUS_33,0,942.890625,1298.4375,-0.842287870984389,-0.924240460704722,1.25046762725434,227.656155114989,237.7363138148,2,315,87.3438448850111,,RAW_DIAGNOSTIC_THRESHOLD_NOT_PREREGISTERED
2011-02-05 11:30:00,COUPLED_CANDIDATE_AFTER_GUARD_CAPS,5,2988.29765863475,-2301.91253508968,VMIN_BUS_33,GUARD_CAP_ADAPTIVE_315DEG,0,942.890625,1298.4375,1.27445894127074,-1.55396818347545,2.00974195065907,309.356272553111,299.601486467322,2,315,5.6437274468887,,RAW_DIAGNOSTIC_THRESHOLD_NOT_PREREGISTERED
2011-02-05 11:30:00,COUPLED_CANDIDATE_AFTER_GUARD_CAPS,6,3218.80804180293,-1969.14634109487,VMAX_BUS_13,GUARD_CAP_ADAPTIVE_315DEG,0,942.890625,1298.4375,1.41808610889731,-1.41034101584888,2.00000749829424,315.156892864794,304.85774589313,2,315,0.156892864794486,,RAW_DIAGNOSTIC_THRESHOLD_NOT_PREREGISTERED
2011-02-05 17:30:00,PHYSICAL_FACETS_BEFORE_GUARD_CAPS,1,1989.43341784603,3431.48310150697,VMAX_BUS_13,VMAX_BUS_30,-4.54747350886464e-13,1316.25,1818.125,0.417478088586683,0.691315737121358,0.807592349419951,58.8726766339706,67.3513676643292,2,145,86.1273233660294,,RAW_DIAGNOSTIC_THRESHOLD_NOT_PREREGISTERED
2011-02-05 17:30:00,PHYSICAL_FACETS_BEFORE_GUARD_CAPS,2,-1818.57639059333,5066.90821946904,VMAX_BUS_30,VMIN_BUS_18,3.97903932025656e-13,1316.25,1818.125,-1.94407838176331,1.39208707850843,2.39109748621623,144.394862971402,133.977294618024,2,145,0.605137028597966,,RAW_DIAGNOSTIC_THRESHOLD_NOT_PREREGISTERED
2011-02-05 17:30:00,PHYSICAL_FACETS_BEFORE_GUARD_CAPS,3,-161.891037330858,-449.138597285377,VMIN_BUS_18,VMIN_BUS_33,-5.6843418860808e-14,1316.25,1818.125,-0.916676612298207,-0.971510914744671,1.33571309382013,226.66344247381,236.897685848545,2,145,81.6634424738101,,RAW_DIAGNOSTIC_THRESHOLD_NOT_PREREGISTERED
2011-02-05 17:30:00,PHYSICAL_FACETS_BEFORE_GUARD_CAPS,4,3646.1187711085,-2084.56371524745,VMAX_BUS_13,VMIN_BUS_33,4.54747350886464e-13,1316.25,1818.125,1.44487985805178,-1.67228225613174,2.21002392484263,310.827564591023,300.836807599779,2,310,0.827564591023418,,RAW_DIAGNOSTIC_THRESHOLD_NOT_PREREGISTERED
2011-02-05 17:30:00,COUPLED_CANDIDATE_AFTER_GUARD_CAPS,1,1989.43341784603,3431.48310150697,VMAX_BUS_13,VMAX_BUS_30,-4.54747350886464e-13,1316.25,1818.125,0.417478088586683,0.691315737121358,0.807592349419951,58.8726766339706,67.3513676643292,2,145,86.1273233660294,,RAW_DIAGNOSTIC_THRESHOLD_NOT_PREREGISTERED
2011-02-05 17:30:00,COUPLED_CANDIDATE_AFTER_GUARD_CAPS,2,-1181.36416256525,4793.24482688004,VMAX_BUS_30,GUARD_CAP_ADAPTIVE_145DEG,9.09494701772928e-13,1316.25,1818.125,-1.5489080077924,1.27482370728657,2.00606368325218,140.544022585651,130.013470828478,2,145,4.45597741434869,,RAW_DIAGNOSTIC_THRESHOLD_NOT_PREREGISTERED
2011-02-05 17:30:00,COUPLED_CANDIDATE_AFTER_GUARD_CAPS,3,-1523.80378697738,4085.442741646,VMIN_BUS_18,GUARD_CAP_ADAPTIVE_145DEG,4.54747350886464e-13,1316.25,1818.125,-1.76127366634256,0.97153411532769,2.01145804455309,151.118483161025,141.398366287354,2,145,6.11848316102524,,RAW_DIAGNOSTIC_THRESHOLD_NOT_PREREGISTERED
2011-02-05 17:30:00,COUPLED_CANDIDATE_AFTER_GUARD_CAPS,4,-161.891037330858,-449.138597285377,VMIN_BUS_18,VMIN_BUS_33,-5.6843418860808e-14,1316.25,1818.125,-0.916676612298207,-0.971510914744671,1.33571309382013,226.66344247381,236.897685848545,2,145,81.6634424738101,,RAW_DIAGNOSTIC_THRESHOLD_NOT_PREREGISTERED
2011-02-05 17:30:00,COUPLED_CANDIDATE_AFTER_GUARD_CAPS,5,3257.32431617525,-1917.58824792773,VMIN_BUS_33,GUARD_CAP_BASE_310DEG,4.54747350886464e-13,1316.25,1818.125,1.2037670177831,-1.60073411801938,2.0028491579981,306.943507931332,297.456360814865,2,310,3.05649206866781,,RAW_DIAGNOSTIC_THRESHOLD_NOT_PREREGISTERED
2011-02-05 17:30:00,COUPLED_CANDIDATE_AFTER_GUARD_CAPS,6,3505.46376294497,-1616.2432773845,VMAX_BUS_13,GUARD_CAP_BASE_310DEG,4.54747350886464e-13,1316.25,1818.125,1.35765194601239,-1.47160933149845,2.00221198454722,312.693479269779,302.515185400353,2,310,2.69347926977855,,RAW_DIAGNOSTIC_THRESHOLD_NOT_PREREGISTERED
2011-02-05 18:00:00,PHYSICAL_FACETS_BEFORE_GUARD_CAPS,1,2011.45874441764,3481.16618347068,VMAX_BUS_13,VMAX_BUS_30,0,1366.015625,1887.34375,0.400022850362937,0.682259619705194,0.790883347588483,59.6160268585335,67.9537500795959,2,145,85.3839731414665,,RAW_DIAGNOSTIC_THRESHOLD_NOT_PREREGISTERED
2011-02-05 18:00:00,PHYSICAL_FACETS_BEFORE_GUARD_CAPS,2,-1783.42999276577,5110.95619790466,VMAX_BUS_30,VMIN_BUS_18,0,1366.015625,1887.34375,-1.95191516522548,1.3799157024005,2.39042677318689,144.741417804093,134.333247166343,2,145,0.258582195907167,,RAW_DIAGNOSTIC_THRESHOLD_NOT_PREREGISTERED
2011-02-05 18:00:00,PHYSICAL_FACETS_BEFORE_GUARD_CAPS,3,-129.217996668873,-396.85540756296,VMIN_BUS_18,VMIN_BUS_33,-2.8421709430404e-14,1366.015625,1887.34375,-0.926692991689419,-0.977785740646308,1.34715435472611,226.536744320369,236.791297122591,2,145,81.5367443203688,,RAW_DIAGNOSTIC_THRESHOLD_NOT_PREREGISTERED
2011-02-05 18:00:00,PHYSICAL_FACETS_BEFORE_GUARD_CAPS,4,3665.67074051454,-2026.64542199694,VMAX_BUS_13,VMIN_BUS_33,0,1366.015625,1887.34375,1.425245023899,-1.67544182334161,2.1996428531812,310.386754569404,300.436265054292,2,310,0.386754569404218,,RAW_DIAGNOSTIC_THRESHOLD_NOT_PREREGISTERED
2011-02-05 18:00:00,COUPLED_CANDIDATE_AFTER_GUARD_CAPS,1,2011.45874441764,3481.16618347068,VMAX_BUS_13,VMAX_BUS_30,0,1366.015625,1887.34375,0.400022850362937,0.682259619705194,0.790883347588483,59.6160268585335,67.9537500795959,2,145,85.3839731414665,,RAW_DIAGNOSTIC_THRESHOLD_NOT_PREREGISTERED
2011-02-05 18:00:00,COUPLED_CANDIDATE_AFTER_GUARD_CAPS,2,-1146.69150241878,4837.49626133126,VMAX_BUS_30,GUARD_CAP_ADAPTIVE_145DEG,4.54747350886464e-13,1366.015625,1887.34375,-1.55728713653999,1.26285707126748,2.00498159794128,140.960229128428,130.421737018713,2,145,4.03977087157156,,RAW_DIAGNOSTIC_THRESHOLD_NOT_PREREGISTERED
2011-02-05 18:00:00,COUPLED_CANDIDATE_AFTER_GUARD_CAPS,3,-1488.82750203481,4130.05712252847,VMIN_BUS_18,GUARD_CAP_ADAPTIVE_145DEG,0,1366.015625,1887.34375,-1.76933094591806,0.960027127562184,2.01300374610644,151.516038585281,141.847460049729,2,145,6.51603858528071,,RAW_DIAGNOSTIC_THRESHOLD_NOT_PREREGISTERED
2011-02-05 18:00:00,COUPLED_CANDIDATE_AFTER_GUARD_CAPS,4,-129.217996668873,-396.85540756296,VMIN_BUS_18,VMIN_BUS_33,-2.8421709430404e-14,1366.015625,1887.34375,-0.926692991689419,-0.977785740646308,1.34715435472611,226.536744320369,236.791297122591,2,145,81.5367443203688,,RAW_DIAGNOSTIC_THRESHOLD_NOT_PREREGISTERED
2011-02-05 18:00:00,COUPLED_CANDIDATE_AFTER_GUARD_CAPS,5,3295.51125871253,-1867.67311240645,VMIN_BUS_33,GUARD_CAP_BASE_310DEG,0,1366.015625,1887.34375,1.19583324996467,-1.60739133966967,2.00342808220463,306.647735236768,297.196126461899,2,310,3.35226476323157,,RAW_DIAGNOSTIC_THRESHOLD_NOT_PREREGISTERED
2011-02-05 18:00:00,COUPLED_CANDIDATE_AFTER_GUARD_CAPS,6,3531.73372233789,-1580.69298974782,VMAX_BUS_13,GUARD_CAP_BASE_310DEG,0,1366.015625,1887.34375,1.34223559027381,-1.48454518991279,2.00136723284131,312.11797195761,301.983935780625,2,310,2.11797195760954,,RAW_DIAGNOSTIC_THRESHOLD_NOT_PREREGISTERED
2011-02-06 00:00:00,PHYSICAL_FACETS_BEFORE_GUARD_CAPS,1,1422.75929498427,2423.29619375862,VMAX_BUS_13,VMAX_BUS_30,0,461.953125,628.59375,0.602297809677194,0.781952184631706,0.987021717386322,52.3947771449855,61.8373269265599,4,135,82.6052228550145,,RAW_DIAGNOSTIC_THRESHOLD_NOT_PREREGISTERED
2011-02-06 00:00:00,PHYSICAL_FACETS_BEFORE_GUARD_CAPS,2,-2351.03469716541,4044.02665277634,VMAX_BUS_30,VMIN_BUS_18,0,461.953125,628.59375,-1.76336961279775,1.48810474353384,2.30736388960788,139.83903493616,129.47524239489,4,140,0.160965063839569,,RAW_DIAGNOSTIC_THRESHOLD_NOT_PREREGISTERED
2011-02-06 00:00:00,PHYSICAL_FACETS_BEFORE_GUARD_CAPS,3,-729.764824769406,-1354.10190622766,VMIN_BUS_18,VMIN_BUS_33,-2.27373675443232e-13,461.953125,628.59375,-0.747048815174514,-0.863860861859691,1.14207596984903,229.147435198832,238.991630726685,4,315,85.8525648011681,,RAW_DIAGNOSTIC_THRESHOLD_NOT_PREREGISTERED
2011-02-06 00:00:00,PHYSICAL_FACETS_BEFORE_GUARD_CAPS,4,3044.02916738027,-2974.83236524538,VMAX_BUS_13,VMIN_BUS_33,0,461.953125,628.59375,1.61861860730043,-1.57001342076183,2.25496526298554,315.873307537998,305.623922154629,4,315,0.873307537997789,,RAW_DIAGNOSTIC_THRESHOLD_NOT_PREREGISTERED
2011-02-06 00:00:00,COUPLED_CANDIDATE_AFTER_GUARD_CAPS,1,1422.75929498427,2423.29619375862,VMAX_BUS_13,VMAX_BUS_30,0,461.953125,628.59375,0.602297809677194,0.781952184631706,0.987021717386322,52.3947771449855,61.8373269265599,4,135,82.6052228550145,,RAW_DIAGNOSTIC_THRESHOLD_NOT_PREREGISTERED
2011-02-06 00:00:00,COUPLED_CANDIDATE_AFTER_GUARD_CAPS,2,-1831.31247690794,3820.82166746135,VMAX_BUS_30,GUARD_CAP_ADAPTIVE_135DEG,0,461.953125,628.59375,-1.43757283434163,1.39085429040456,2.00027280918724,135.946296963463,125.693100318939,4,135,0.946296963463027,,RAW_DIAGNOSTIC_THRESHOLD_NOT_PREREGISTERED
2011-02-06 00:00:00,COUPLED_CANDIDATE_AFTER_GUARD_CAPS,3,-1892.54814166703,3732.71836371032,GUARD_CAP_ADAPTIVE_135DEG,GUARD_CAP_BASE_140DEG,1.81898940354586e-12,461.953125,628.59375,-1.47595945998031,1.35246766476588,2.00190537032664,137.5,127.180583651423,4,135,2.49999999999994,,RAW_DIAGNOSTIC_THRESHOLD_NOT_PREREGISTERED
2011-02-06 00:00:00,COUPLED_CANDIDATE_AFTER_GUARD_CAPS,4,-2133.46855914758,3319.62536517914,VMIN_BUS_18,GUARD_CAP_BASE_140DEG,0,461.953125,628.59375,-1.62698455150052,1.1724829693748,2.00544135897695,144.22167291339,133.963870850697,4,140,4.22167291339005,,RAW_DIAGNOSTIC_THRESHOLD_NOT_PREREGISTERED
2011-02-06 00:00:00,COUPLED_CANDIDATE_AFTER_GUARD_CAPS,5,-729.764824769406,-1354.10190622766,VMIN_BUS_18,VMIN_BUS_33,-2.27373675443232e-13,461.953125,628.59375,-0.747048815174514,-0.863860861859691,1.14207596984903,229.147435198832,238.991630726685,4,315,85.8525648011681,,RAW_DIAGNOSTIC_THRESHOLD_NOT_PREREGISTERED
2011-02-06 00:00:00,COUPLED_CANDIDATE_AFTER_GUARD_CAPS,6,2601.51003920283,-2784.78377456262,VMIN_BUS_33,GUARD_CAP_ADAPTIVE_315DEG,4.54747350886464e-13,461.953125,628.59375,1.34121790987787,-1.48720921486832,2.00266241053414,312.045259165385,302.080111071853,4,315,2.954740834615,,RAW_DIAGNOSTIC_THRESHOLD_NOT_PREREGISTERED
2011-02-06 00:00:00,COUPLED_CANDIDATE_AFTER_GUARD_CAPS,7,2816.45439166703,-2475.53086371032,GUARD_CAP_ADAPTIVE_315DEG,GUARD_CAP_BASE_320DEG,0,461.953125,628.59375,1.47595945998031,-1.35246766476588,2.00190537032664,317.5,307.180583651423,4,315,2.49999999999994,,RAW_DIAGNOSTIC_THRESHOLD_NOT_PREREGISTERED
2011-02-06 00:00:00,COUPLED_CANDIDATE_AFTER_GUARD_CAPS,8,2867.68621255756,-2387.68647620176,VMAX_BUS_13,GUARD_CAP_BASE_320DEG,0,461.953125,628.59375,1.50807500468862,-1.31419384898164,2.00034889268541,318.929868864781,308.575258598629,4,320,1.07013113521862,,RAW_DIAGNOSTIC_THRESHOLD_NOT_PREREGISTERED
2011-03-04 18:00:00,PHYSICAL_FACETS_BEFORE_GUARD_CAPS,1,1246.7196999501,2082.88925747053,VMAX_BUS_13,VMAX_BUS_30,0,140.703125,181.09375,0.69618943493294,0.833949383200507,1.0863476897627,50.1445272060143,59.8192412475654,2,135,84.8554727939857,,RAW_DIAGNOSTIC_THRESHOLD_NOT_PREREGISTERED
2011-03-04 18:00:00,PHYSICAL_FACETS_BEFORE_GUARD_CAPS,2,-2573.96073219924,3723.7560253542,VMAX_BUS_30,VMIN_BUS_18,2.27373675443232e-13,140.703125,181.09375,-1.70876308690191,1.55347986038143,2.30936592244911,137.725230213785,127.462148575638,2,135,2.72523021378527,,RAW_DIAGNOSTIC_THRESHOLD_NOT_PREREGISTERED
2011-03-04 18:00:00,PHYSICAL_FACETS_BEFORE_GUARD_CAPS,3,-945.821666992181,-1697.24397937393,VMIN_BUS_18,VMIN_BUS_33,0,140.703125,181.09375,-0.683920203466925,-0.823662998834746,1.07059216341223,230.295799700479,239.952757455253,2,320,89.7042002995207,,RAW_DIAGNOSTIC_THRESHOLD_NOT_PREREGISTERED
2011-03-04 18:00:00,PHYSICAL_FACETS_BEFORE_GUARD_CAPS,4,2874.85876515716,-3338.1107472576,VMAX_BUS_13,VMIN_BUS_33,-2.27373675443232e-13,140.703125,181.09375,1.72103231836792,-1.54319347601566,2.31157918862499,318.11845817579,307.844503683236,2,320,1.88154182420999,,RAW_DIAGNOSTIC_THRESHOLD_NOT_PREREGISTERED
2011-03-04 18:00:00,COUPLED_CANDIDATE_AFTER_GUARD_CAPS,1,1246.7196999501,2082.88925747053,VMAX_BUS_13,VMAX_BUS_30,0,140.703125,181.09375,0.69618943493294,0.833949383200507,1.0863476897627,50.1445272060143,59.8192412475654,2,135,84.8554727939857,,RAW_DIAGNOSTIC_THRESHOLD_NOT_PREREGISTERED
2011-03-04 18:00:00,COUPLED_CANDIDATE_AFTER_GUARD_CAPS,2,-2043.48204985514,3495.93146468047,VMAX_BUS_30,GUARD_CAP_ADAPTIVE_135DEG,-4.54747350886464e-13,140.703125,181.09375,-1.37484977812372,1.45357734662247,2.00077460375247,133.405618090947,123.381352492909,2,135,1.59438190905311,,RAW_DIAGNOSTIC_THRESHOLD_NOT_PREREGISTERED
2011-03-04 18:00:00,COUPLED_CANDIDATE_AFTER_GUARD_CAPS,3,-2366.34302265904,3032.47870853855,VMIN_BUS_18,GUARD_CAP_ADAPTIVE_135DEG,0,140.703125,181.09375,-1.57807674895676,1.25035037578943,2.01338081043669,141.609318716446,131.323164346684,2,135,6.60931871644621,,RAW_DIAGNOSTIC_THRESHOLD_NOT_PREREGISTERED
2011-03-04 18:00:00,COUPLED_CANDIDATE_AFTER_GUARD_CAPS,4,-945.821666992181,-1697.24397937393,VMIN_BUS_18,VMIN_BUS_33,0,140.703125,181.09375,-0.683920203466925,-0.823662998834746,1.07059216341223,230.295799700479,239.952757455253,2,320,89.7042002995207,,RAW_DIAGNOSTIC_THRESHOLD_NOT_PREREGISTERED
2011-03-04 18:00:00,COUPLED_CANDIDATE_AFTER_GUARD_CAPS,5,2360.41941255118,-3117.17459392747,VMIN_BUS_33,GUARD_CAP_BASE_320DEG,4.54747350886464e-13,140.703125,181.09375,1.39721507158373,-1.44631157253414,2.01097665851867,314.010825935917,303.940334798319,2,320,5.98917406408265,,RAW_DIAGNOSTIC_THRESHOLD_NOT_PREREGISTERED
2011-03-04 18:00:00,COUPLED_CANDIDATE_AFTER_GUARD_CAPS,6,2656.41989045781,-2610.80362338646,VMAX_BUS_13,GUARD_CAP_BASE_320DEG,0,140.703125,181.09375,1.5835345265729,-1.2242646926806,2.00160076803362,322.291617078671,312.021312366641,2,320,2.29161707867104,,RAW_DIAGNOSTIC_THRESHOLD_NOT_PREREGISTERED
2011-03-08 11:30:00,PHYSICAL_FACETS_BEFORE_GUARD_CAPS,1,1132.10675387826,1855.77525332921,VMAX_BUS_13,VMAX_BUS_30,0,-74.53125,-118.75,0.761661231366099,0.869595487290596,1.1559948714775,48.7855330505719,58.5707791340205,2,135,86.2144669494281,,RAW_DIAGNOSTIC_THRESHOLD_NOT_PREREGISTERED
2011-03-08 11:30:00,PHYSICAL_FACETS_BEFORE_GUARD_CAPS,2,-2725.64943865342,3512.56493970496,VMAX_BUS_30,VMIN_BUS_18,4.54747350886464e-13,-74.53125,-118.75,-1.67345462149935,1.59925788701567,2.31475185698151,136.29874885227,126.132102574571,2,135,1.29874885227039,,RAW_DIAGNOSTIC_THRESHOLD_NOT_PREREGISTERED
2011-03-08 11:30:00,PHYSICAL_FACETS_BEFORE_GUARD_CAPS,3,-1091.7391809322,-1927.65064391019,VMIN_BUS_18,VMIN_BUS_33,-2.27373675443232e-13,-74.53125,-118.75,-0.64208805187554,-0.79665318751894,1.02319761900887,231.131814262683,240.649433605557,2,320,88.8681857373169,,RAW_DIAGNOSTIC_THRESHOLD_NOT_PREREGISTERED
2011-03-08 11:30:00,PHYSICAL_FACETS_BEFORE_GUARD_CAPS,4,2766.01701159948,-3584.44033028594,VMAX_BUS_13,VMIN_BUS_33,0,-74.53125,-118.75,1.79302780098991,-1.52631558724402,2.35469487768304,319.593897680926,309.338723171722,2,320,0.406102319073568,,RAW_DIAGNOSTIC_THRESHOLD_NOT_PREREGISTERED
2011-03-08 11:30:00,COUPLED_CANDIDATE_AFTER_GUARD_CAPS,1,1132.10675387826,1855.77525332921,VMAX_BUS_13,VMAX_BUS_30,0,-74.53125,-118.75,0.761661231366099,0.869595487290596,1.1559948714775,48.7855330505719,58.5707791340205,2,135,86.2144669494281,,RAW_DIAGNOSTIC_THRESHOLD_NOT_PREREGISTERED
2011-03-08 11:30:00,COUPLED_CANDIDATE_AFTER_GUARD_CAPS,2,-2184.08078717442,3279.97757247531,VMAX_BUS_30,GUARD_CAP_ADAPTIVE_135DEG,4.54747350886464e-13,-74.53125,-118.75,-1.33160243001443,1.49682469473176,2.0034093936036,131.656872364239,121.82737954877,2,135,3.34312763576114,,RAW_DIAGNOSTIC_THRESHOLD_NOT_PREREGISTERED
2011-03-08 11:30:00,COUPLED_CANDIDATE_AFTER_GUARD_CAPS,3,-2513.84213231137,2807.33807474079,VMIN_BUS_18,GUARD_CAP_ADAPTIVE_135DEG,2.27373675443232e-13,-74.53125,-118.75,-1.53975635139489,1.2886707733513,2.00786503125851,140.072972003656,129.816017909747,2,135,5.07297200365565,,RAW_DIAGNOSTIC_THRESHOLD_NOT_PREREGISTERED
2011-03-08 11:30:00,COUPLED_CANDIDATE_AFTER_GUARD_CAPS,4,-1091.7391809322,-1927.65064391019,VMIN_BUS_18,VMIN_BUS_33,-2.27373675443232e-13,-74.53125,-118.75,-0.64208805187554,-0.79665318751894,1.02319761900887,231.131814262683,240.649433605557,2,320,88.8681857373169,,RAW_DIAGNOSTIC_THRESHOLD_NOT_PREREGISTERED
2011-03-08 11:30:00,COUPLED_CANDIDATE_AFTER_GUARD_CAPS,5,2179.96338517845,-3332.74801084979,VMIN_BUS_33,GUARD_CAP_BASE_320DEG,0,-74.53125,-118.75,1.42309553852866,-1.4154684330745,2.00717507876382,315.153951048883,305.048166771063,2,320,4.84604895111704,,RAW_DIAGNOSTIC_THRESHOLD_NOT_PREREGISTERED
2011-03-08 11:30:00,COUPLED_CANDIDATE_AFTER_GUARD_CAPS,6,2517.34340986502,-2756.46462170798,VMAX_BUS_13,GUARD_CAP_BASE_320DEG,4.54747350886464e-13,-74.53125,-118.75,1.63605856821542,-1.16166897735556,2.00652995282438,324.623679024538,314.497786739682,2,320,4.62367902453803,,RAW_DIAGNOSTIC_THRESHOLD_NOT_PREREGISTERED
2011-03-08 12:30:00,PHYSICAL_FACETS_BEFORE_GUARD_CAPS,1,1146.69003782148,1884.75859435975,VMAX_BUS_13,VMAX_BUS_30,0,-47.03125,-80.390625,0.753210711037902,0.864960283614895,1.14694492782059,48.9505276450566,58.7235951548098,2,135,86.0494723549434,,RAW_DIAGNOSTIC_THRESHOLD_NOT_PREREGISTERED
2011-03-08 12:30:00,PHYSICAL_FACETS_BEFORE_GUARD_CAPS,2,-2706.11756714956,3539.42301194623,VMAX_BUS_30,VMIN_BUS_18,4.54747350886464e-13,-47.03125,-80.390625,-1.67782238290025,1.59326070468387,2.3137777813893,136.480839306457,126.300707854639,2,135,1.48083930645691,,RAW_DIAGNOSTIC_THRESHOLD_NOT_PREREGISTERED
2011-03-08 12:30:00,PHYSICAL_FACETS_BEFORE_GUARD_CAPS,3,-1073.00792932408,-1898.12685314935,VMIN_BUS_18,VMIN_BUS_33,-2.27373675443232e-13,-47.03125,-80.390625,-0.647367716422571,-0.80007646643209,1.02917797897382,231.022559629226,240.558509202152,2,320,88.9774403707739,,RAW_DIAGNOSTIC_THRESHOLD_NOT_PREREGISTERED
2011-03-08 12:30:00,PHYSICAL_FACETS_BEFORE_GUARD_CAPS,4,2779.79967564695,-3552.79127073583,VMAX_BUS_13,VMIN_BUS_33,0,-47.03125,-80.390625,1.78366537751558,-1.52837688750107,2.34891423623666,319.407579282544,309.14853476903,2,320,0.592420717456434,,RAW_DIAGNOSTIC_THRESHOLD_NOT_PREREGISTERED
2011-03-08 12:30:00,COUPLED_CANDIDATE_AFTER_GUARD_CAPS,1,1146.69003782148,1884.75859435975,VMAX_BUS_13,VMAX_BUS_30,0,-47.03125,-80.390625,0.753210711037902,0.864960283614895,1.14694492782059,48.9505276450566,58.7235951548098,2,135,86.0494723549434,,RAW_DIAGNOSTIC_THRESHOLD_NOT_PREREGISTERED
2011-03-08 12:30:00,COUPLED_CANDIDATE_AFTER_GUARD_CAPS,2,-2166.29856674754,3307.58706697201,VMAX_BUS_30,GUARD_CAP_ADAPTIVE_135DEG,4.54747350886464e-13,-47.03125,-80.390625,-1.33720899410276,1.49121813064343,2.00296265743249,131.883296640857,122.027040121653,2,135,3.11670335914337,,RAW_DIAGNOSTIC_THRESHOLD_NOT_PREREGISTERED
2011-03-08 12:30:00,COUPLED_CANDIDATE_AFTER_GUARD_CAPS,3,-2494.97572399953,2836.41185204323,VMIN_BUS_18,GUARD_CAP_ADAPTIVE_135DEG,4.54747350886464e-13,-47.03125,-80.390625,-1.544596730119,1.28383039462719,2.00848189956069,140.267483540417,130.005262810081,2,135,5.26748354041658,,RAW_DIAGNOSTIC_THRESHOLD_NOT_PREREGISTERED
2011-03-08 12:30:00,COUPLED_CANDIDATE_AFTER_GUARD_CAPS,4,-1073.00792932408,-1898.12685314935,VMIN_BUS_18,VMIN_BUS_33,-2.27373675443232e-13,-47.03125,-80.390625,-0.647367716422571,-0.80007646643209,1.02917797897382,231.022559629226,240.558509202152,2,320,88.9774403707739,,RAW_DIAGNOSTIC_THRESHOLD_NOT_PREREGISTERED
2011-03-08 12:30:00,COUPLED_CANDIDATE_AFTER_GUARD_CAPS,5,2203.15916291108,-3305.14159912186,VMIN_BUS_33,GUARD_CAP_BASE_320DEG,0,-47.03125,-80.390625,1.41981846028107,-1.41937390284928,2.00761219767277,315.008971306318,304.906847208053,2,320,4.99102869368215,,RAW_DIAGNOSTIC_THRESHOLD_NOT_PREREGISTERED
2011-03-08 12:30:00,COUPLED_CANDIDATE_AFTER_GUARD_CAPS,6,2535.09881446964,-2738.04307265701,VMAX_BUS_13,GUARD_CAP_BASE_320DEG,9.09494701772928e-13,-47.03125,-80.390625,1.62926475526035,-1.16976552835218,2.00570561998879,324.322733509414,314.174237823561,2,320,4.32273350941375,,RAW_DIAGNOSTIC_THRESHOLD_NOT_PREREGISTERED
2011-05-11 17:30:00,PHYSICAL_FACETS_BEFORE_GUARD_CAPS,1,1579.46518820176,2661.71920751,VMAX_BUS_13,VMAX_BUS_30,0,638.359375,874.0625,0.588622253065356,0.776187444237722,0.974137108109542,52.825115239366,62.2355901732849,2,140,87.174884760634,,RAW_DIAGNOSTIC_THRESHOLD_NOT_PREREGISTERED
2011-05-11 17:30:00,PHYSICAL_FACETS_BEFORE_GUARD_CAPS,2,-2256.2793109009,4309.05553684793,VMAX_BUS_30,VMIN_BUS_18,0,638.359375,874.0625,-1.81047521033626,1.49144880840073,2.34568540843014,140.518692854819,130.120547065758,2,140,0.518692854818823,,RAW_DIAGNOSTIC_THRESHOLD_NOT_PREREGISTERED
2011-05-11 17:30:00,PHYSICAL_FACETS_BEFORE_GUARD_CAPS,3,-611.812943878436,-1166.30733227548,VMIN_BUS_18,VMIN_BUS_33,0,638.359375,874.0625,-0.781930402230344,-0.885913631381482,1.18163366412761,228.567539086181,238.503428230096,2,315,86.4324609138189,,RAW_DIAGNOSTIC_THRESHOLD_NOT_PREREGISTERED
2011-05-11 17:30:00,PHYSICAL_FACETS_BEFORE_GUARD_CAPS,4,3223.93155522422,-2813.64366161341,VMAX_BUS_13,VMIN_BUS_33,-2.27373675443232e-13,638.359375,874.0625,1.61716706117127,-1.60117499554449,2.27573958749551,315.2847025918,305.035561710241,2,315,0.284702591799714,,RAW_DIAGNOSTIC_THRESHOLD_NOT_PREREGISTERED
2011-05-11 17:30:00,COUPLED_CANDIDATE_AFTER_GUARD_CAPS,1,1579.46518820176,2661.71920751,VMAX_BUS_13,VMAX_BUS_30,0,638.359375,874.0625,0.588622253065356,0.776187444237722,0.974137108109542,52.825115239366,62.2355901732849,2,140,87.174884760634,,RAW_DIAGNOSTIC_THRESHOLD_NOT_PREREGISTERED
2011-05-11 17:30:00,COUPLED_CANDIDATE_AFTER_GUARD_CAPS,2,-1679.3269186923,4061.2719224268,VMAX_BUS_30,GUARD_CAP_BASE_140DEG,0,638.359375,874.0625,-1.44961566378018,1.38386297852995,2.00411135319938,136.329346647234,126.024031734379,2,140,3.67065335276604,,RAW_DIAGNOSTIC_THRESHOLD_NOT_PREREGISTERED
2011-05-11 17:30:00,COUPLED_CANDIDATE_AFTER_GUARD_CAPS,3,-2010.90035782831,3492.04958557954,VMIN_BUS_18,GUARD_CAP_BASE_140DEG,-1.13686837721616e-13,638.359375,874.0625,-1.65700095676532,1.13671081056371,2.00941873126872,145.549685785728,135.340171955121,2,140,5.54968578572817,,RAW_DIAGNOSTIC_THRESHOLD_NOT_PREREGISTERED
2011-05-11 17:30:00,COUPLED_CANDIDATE_AFTER_GUARD_CAPS,4,-611.812943878436,-1166.30733227548,VMIN_BUS_18,VMIN_BUS_33,0,638.359375,874.0625,-0.781930402230344,-0.885913631381482,1.18163366412761,228.567539086181,238.503428230096,2,315,86.4324609138189,,RAW_DIAGNOSTIC_THRESHOLD_NOT_PREREGISTERED
2011-05-11 17:30:00,COUPLED_CANDIDATE_AFTER_GUARD_CAPS,5,2743.69978418266,-2607.39863066202,VMIN_BUS_33,GUARD_CAP_ADAPTIVE_315DEG,0,638.359375,874.0625,1.31680221048317,-1.51162491426302,2.00473887151271,311.059677409936,301.162568972643,2,315,3.940322590064,,RAW_DIAGNOSTIC_THRESHOLD_NOT_PREREGISTERED
2011-05-11 17:30:00,COUPLED_CANDIDATE_AFTER_GUARD_CAPS,6,3035.66982495503,-2186.8133972406,VMAX_BUS_13,GUARD_CAP_ADAPTIVE_315DEG,0,638.359375,874.0625,1.49941723720617,-1.32900988754002,2.00362654514511,318.447794030528,308.068423646402,2,315,3.4477940305282,,RAW_DIAGNOSTIC_THRESHOLD_NOT_PREREGISTERED
2011-05-11 18:00:00,PHYSICAL_FACETS_BEFORE_GUARD_CAPS,1,1584.78215887392,2673.4078155431,VMAX_BUS_13,VMAX_BUS_30,0,649.453125,889.765625,0.584951953563597,0.774260522906762,0.970385565283058,52.9290412404848,62.3278091432828,2,140,87.0709587595152,,RAW_DIAGNOSTIC_THRESHOLD_NOT_PREREGISTERED
2011-05-11 18:00:00,PHYSICAL_FACETS_BEFORE_GUARD_CAPS,2,-2248.25968834887,4319.58343758462,VMAX_BUS_30,VMIN_BUS_18,0,649.453125,889.765625,-1.81222084383962,1.4888482382434,2.34538130447211,140.594841694968,130.193099855481,2,140,0.594841694967783,,RAW_DIAGNOSTIC_THRESHOLD_NOT_PREREGISTERED
2011-05-11 18:00:00,PHYSICAL_FACETS_BEFORE_GUARD_CAPS,3,-604.201639805694,-1154.41990732772,VMIN_BUS_18,VMIN_BUS_33,0,649.453125,889.765625,-0.784031904505442,-0.887359677613687,1.18410862032885,228.53760330588,238.4801112836,2,315,86.4623966941197,,RAW_DIAGNOSTIC_THRESHOLD_NOT_PREREGISTERED
2011-05-11 18:00:00,PHYSICAL_FACETS_BEFORE_GUARD_CAPS,4,3228.84020741709,-2800.59552936924,VMAX_BUS_13,VMIN_BUS_33,0,649.453125,889.765625,1.61314089289778,-1.60194739295033,2.27342450723999,315.199477481392,304.951719532,2,315,0.199477481392023,,RAW_DIAGNOSTIC_THRESHOLD_NOT_PREREGISTERED
2011-05-11 18:00:00,COUPLED_CANDIDATE_AFTER_GUARD_CAPS,1,1584.78215887392,2673.4078155431,VMAX_BUS_13,VMAX_BUS_30,0,649.453125,889.765625,0.584951953563597,0.774260522906762,0.970385565283058,52.9290412404848,62.3278091432828,2,140,87.0709587595152,,RAW_DIAGNOSTIC_THRESHOLD_NOT_PREREGISTERED
2011-05-11 18:00:00,COUPLED_CANDIDATE_AFTER_GUARD_CAPS,2,-1671.79309382973,4072.00845858817,VMAX_BUS_30,GUARD_CAP_BASE_140DEG,4.54747350886464e-13,649.453125,889.765625,-1.45170037626524,1.38137851493636,2.00390633113836,136.421887228229,126.10840153713,2,140,3.5781127717708,,RAW_DIAGNOSTIC_THRESHOLD_NOT_PREREGISTERED
2011-05-11 18:00:00,COUPLED_CANDIDATE_AFTER_GUARD_CAPS,3,-2003.07160096166,3503.21298662665,VMIN_BUS_18,GUARD_CAP_BASE_140DEG,0,649.453125,889.765625,-1.65888095433181,1.13447031670978,2.00970368963696,145.632678524029,135.425168784997,2,140,5.63267852402873,,RAW_DIAGNOSTIC_THRESHOLD_NOT_PREREGISTERED
2011-05-11 18:00:00,COUPLED_CANDIDATE_AFTER_GUARD_CAPS,4,-604.201639805694,-1154.41990732772,VMIN_BUS_18,VMIN_BUS_33,0,649.453125,889.765625,-0.784031904505442,-0.887359677613687,1.18410862032885,228.53760330588,238.4801112836,2,315,86.4623966941197,,RAW_DIAGNOSTIC_THRESHOLD_NOT_PREREGISTERED
2011-05-11 18:00:00,COUPLED_CANDIDATE_AFTER_GUARD_CAPS,5,2752.55406485196,-2596.04502659427,VMIN_BUS_33,GUARD_CAP_ADAPTIVE_315DEG,0,649.453125,889.765625,1.31527297748107,-1.51315414726512,2.00488864495701,310.998018860399,301.103922789363,2,315,4.00198113960107,,RAW_DIAGNOSTIC_THRESHOLD_NOT_PREREGISTERED
2011-05-11 18:00:00,COUPLED_CANDIDATE_AFTER_GUARD_CAPS,6,3042.11303634734,-2178.87468445892,VMAX_BUS_13,GUARD_CAP_ADAPTIVE_315DEG,0,649.453125,889.765625,1.49636228393247,-1.33206484081372,2.00337136470193,318.324456770961,307.944019279236,2,315,3.32445677096092,,RAW_DIAGNOSTIC_THRESHOLD_NOT_PREREGISTERED
2011-05-16 07:30:00,PHYSICAL_FACETS_BEFORE_GUARD_CAPS,1,1334.56432292019,2253.54713916223,VMAX_BUS_13,VMAX_BUS_30,4.54747350886464e-13,302.109375,405.859375,0.648546073189306,0.8075944470301,1.03577063094255,51.2334768705644,60.8043205029106,2,135,83.7665231294356,,RAW_DIAGNOSTIC_THRESHOLD_NOT_PREREGISTERED
2011-05-16 07:30:00,PHYSICAL_FACETS_BEFORE_GUARD_CAPS,2,-2461.51524072852,3883.84857757105,VMAX_BUS_30,VMIN_BUS_18,-2.27373675443232e-13,302.109375,405.859375,-1.73599622522084,1.52017284592486,2.30751129476505,138.792096647325,128.470799208702,2,135,3.79209664732488,,RAW_DIAGNOSTIC_THRESHOLD_NOT_PREREGISTERED
2011-05-16 07:30:00,PHYSICAL_FACETS_BEFORE_GUARD_CAPS,3,-837.111804639195,-1524.7133953589,VMIN_BUS_18,VMIN_BUS_33,-2.27373675443232e-13,302.109375,405.859375,-0.71561226379652,-0.843822143096943,1.10640712275215,229.700037696707,239.455361216755,2,320,90.2999623032928,,RAW_DIAGNOSTIC_THRESHOLD_NOT_PREREGISTERED
2011-05-16 07:30:00,PHYSICAL_FACETS_BEFORE_GUARD_CAPS,4,2958.96775900952,-3155.01483376773,VMAX_BUS_13,VMIN_BUS_33,2.27373675443232e-13,302.109375,405.859375,1.66893003461362,-1.5564005419917,2.28204077692479,316.998198531306,306.72755114389,2,320,3.00180146869366,,RAW_DIAGNOSTIC_THRESHOLD_NOT_PREREGISTERED
2011-05-16 07:30:00,COUPLED_CANDIDATE_AFTER_GUARD_CAPS,1,1334.56432292019,2253.54713916223,VMAX_BUS_13,VMAX_BUS_30,4.54747350886464e-13,302.109375,405.859375,0.648546073189306,0.8075944470301,1.03577063094255,51.2334768705644,60.8043205029106,2,135,83.7665231294356,,RAW_DIAGNOSTIC_THRESHOLD_NOT_PREREGISTERED
2011-05-16 07:30:00,COUPLED_CANDIDATE_AFTER_GUARD_CAPS,2,-1937.24039969457,3658.68837923272,VMAX_BUS_30,GUARD_CAP_ADAPTIVE_135DEG,0,302.109375,405.859375,-1.40666816097023,1.42175896377596,2.00002846633858,134.694306740882,124.544746455441,2,135,0.305693259118186,,RAW_DIAGNOSTIC_THRESHOLD_NOT_PREREGISTERED
2011-05-16 07:30:00,COUPLED_CANDIDATE_AFTER_GUARD_CAPS,3,-2256.21155054947,3200.27594596062,VMIN_BUS_18,GUARD_CAP_ADAPTIVE_135DEG,0,302.109375,405.859375,-1.6070328236263,1.22139430111989,2.01850403393713,142.764050627362,132.474465732909,2,135,7.76405062736239,,RAW_DIAGNOSTIC_THRESHOLD_NOT_PREREGISTERED
2011-05-16 07:30:00,COUPLED_CANDIDATE_AFTER_GUARD_CAPS,4,-837.111804639195,-1524.7133953589,VMIN_BUS_18,VMIN_BUS_33,-2.27373675443232e-13,302.109375,405.859375,-0.71561226379652,-0.843822143096943,1.10640712275215,229.700037696707,239.455361216755,2,320,90.2999623032928,,RAW_DIAGNOSTIC_THRESHOLD_NOT_PREREGISTERED
2011-05-16 07:30:00,COUPLED_CANDIDATE_AFTER_GUARD_CAPS,5,2495.55374747474,-2955.99252221803,VMIN_BUS_33,GUARD_CAP_BASE_320DEG,2.27373675443232e-13,302.109375,405.859375,1.3778322602776,-1.46941110754279,2.01434623151826,313.157771404611,303.122487803606,2,320,6.84222859538932,,RAW_DIAGNOSTIC_THRESHOLD_NOT_PREREGISTERED
2011-05-16 07:30:00,COUPLED_CANDIDATE_AFTER_GUARD_CAPS,6,2762.08767842334,-2499.48918451808,VMAX_BUS_13,GUARD_CAP_BASE_320DEG,2.27373675443232e-13,302.109375,405.859375,1.54525800087445,-1.26988087969375,2.0001049317169,320.5869032684,310.254815289544,2,320,0.586903268400135,,RAW_DIAGNOSTIC_THRESHOLD_NOT_PREREGISTERED
2011-09-11 00:00:00,PHYSICAL_FACETS_BEFORE_GUARD_CAPS,1,1160.13663997425,1912.16237158724,VMAX_BUS_13,VMAX_BUS_30,0,-21.25,-44.609375,0.745207421233512,0.86085851027038,1.13860066545143,49.1186987091484,58.8788270248442,2,135,85.8813012908516,,RAW_DIAGNOSTIC_THRESHOLD_NOT_PREREGISTERED
2011-09-11 00:00:00,PHYSICAL_FACETS_BEFORE_GUARD_CAPS,2,-2687.98547565701,3564.81451311834,VMAX_BUS_30,VMIN_BUS_18,0,-21.25,-44.609375,-1.6821512955061,1.58792320907079,2.31325162895837,136.650536749924,126.457944906983,2,135,1.65053674992419,,RAW_DIAGNOSTIC_THRESHOLD_NOT_PREREGISTERED
2011-09-11 00:00:00,PHYSICAL_FACETS_BEFORE_GUARD_CAPS,3,-1055.48143644077,-1870.7189701253,VMIN_BUS_18,VMIN_BUS_33,0,-21.25,-44.609375,-0.65238332280908,-0.803375247210991,1.03489892632601,230.921569622768,240.47461431287,2,320,89.0784303772316,,RAW_DIAGNOSTIC_THRESHOLD_NOT_PREREGISTERED
2011-09-11 00:00:00,PHYSICAL_FACETS_BEFORE_GUARD_CAPS,4,2792.6406791905,-3523.37111165639,VMAX_BUS_13,VMIN_BUS_33,2.27373675443232e-13,-21.25,-44.609375,1.77497539393053,-1.5304399460114,2.34366893511141,319.231048283034,308.968602192222,2,320,0.768951716966171,,RAW_DIAGNOSTIC_THRESHOLD_NOT_PREREGISTERED
2011-09-11 00:00:00,COUPLED_CANDIDATE_AFTER_GUARD_CAPS,1,1160.13663997425,1912.16237158724,VMAX_BUS_13,VMAX_BUS_30,0,-21.25,-44.609375,0.745207421233512,0.86085851027038,1.13860066545143,49.1186987091484,58.8788270248442,2,135,85.8813012908516,,RAW_DIAGNOSTIC_THRESHOLD_NOT_PREREGISTERED
2011-09-11 00:00:00,COUPLED_CANDIDATE_AFTER_GUARD_CAPS,2,-2149.21409789441,3333.42849040399,VMAX_BUS_30,GUARD_CAP_ADAPTIVE_135DEG,-4.54747350886464e-13,-21.25,-44.609375,-1.3422994506726,1.48612767407359,2.00258415027268,132.088962246112,122.208502191358,2,135,2.91103775388757,,RAW_DIAGNOSTIC_THRESHOLD_NOT_PREREGISTERED
2011-09-11 00:00:00,COUPLED_CANDIDATE_AFTER_GUARD_CAPS,3,-2477.23507181347,2863.10667706992,VMIN_BUS_18,GUARD_CAP_ADAPTIVE_135DEG,4.54747350886464e-13,-21.25,-44.609375,-1.54921195146917,1.27921517327702,2.00909161814913,140.452833823809,130.185909367243,2,135,5.45283382380879,,RAW_DIAGNOSTIC_THRESHOLD_NOT_PREREGISTERED
2011-09-11 00:00:00,COUPLED_CANDIDATE_AFTER_GUARD_CAPS,4,-1055.48143644077,-1870.7189701253,VMIN_BUS_18,VMIN_BUS_33,0,-21.25,-44.609375,-0.65238332280908,-0.803375247210991,1.03489892632601,230.921569622768,240.47461431287,2,320,89.0784303772316,,RAW_DIAGNOSTIC_THRESHOLD_NOT_PREREGISTERED
2011-09-11 00:00:00,COUPLED_CANDIDATE_AFTER_GUARD_CAPS,5,2224.62428702501,-3279.42523916864,VMIN_BUS_33,GUARD_CAP_BASE_320DEG,0,-21.25,-44.609375,1.41667607302977,-1.42311885414534,2.00804341808612,314.870010496405,304.771549994134,2,320,5.12998950359497,,RAW_DIAGNOSTIC_THRESHOLD_NOT_PREREGISTERED
2011-09-11 00:00:00,COUPLED_CANDIDATE_AFTER_GUARD_CAPS,6,2551.57893844091,-2720.73961311354,VMAX_BUS_13,GUARD_CAP_BASE_320DEG,4.54747350886464e-13,-21.25,-44.609375,1.62291594776481,-1.17733174249367,2.00498533794952,324.041283903873,313.872545141052,2,320,4.04128390387297,,RAW_DIAGNOSTIC_THRESHOLD_NOT_PREREGISTERED
2011-09-30 05:30:00,PHYSICAL_FACETS_BEFORE_GUARD_CAPS,1,1034.05069476513,1861.3198348398,VMAX_BUS_13,VMAX_BUS_30,-2.27373675443232e-13,-103.28125,-158.75,0.718196788011527,0.890143689271188,1.14374927928257,51.102285485558,60.6197862198581,3,135,83.897714514442,,RAW_DIAGNOSTIC_THRESHOLD_NOT_PREREGISTERED
2011-09-30 05:30:00,PHYSICAL_FACETS_BEFORE_GUARD_CAPS,2,-2745.97335952962,3484.72591724903,VMAX_BUS_30,VMIN_BUS_18,0,-103.28125,-158.75,-1.66879422802068,1.60549751242039,2.31570646625672,136.107470954691,125.954191286692,3,135,1.10747095469134,,RAW_DIAGNOSTIC_THRESHOLD_NOT_PREREGISTERED
2011-09-30 05:30:00,PHYSICAL_FACETS_BEFORE_GUARD_CAPS,3,-1111.25744196944,-1958.17216572026,VMIN_BUS_18,VMIN_BUS_33,0,-103.28125,-158.75,-0.636511852847006,-0.792915302988822,1.01679005528604,231.244285143958,240.743907636104,3,320,88.7557148560423,,RAW_DIAGNOSTIC_THRESHOLD_NOT_PREREGISTERED
2011-09-30 05:30:00,PHYSICAL_FACETS_BEFORE_GUARD_CAPS,4,2668.76661232531,-3581.57824812949,VMAX_BUS_13,VMIN_BUS_33,2.27373675443232e-13,-103.28125,-158.75,1.7504791631852,-1.50826912613803,2.3106391015489,319.250755506489,309.00299438312,3,320,0.749244493511128,,RAW_DIAGNOSTIC_THRESHOLD_NOT_PREREGISTERED
2011-09-30 05:30:00,COUPLED_CANDIDATE_AFTER_GUARD_CAPS,1,1034.05069476513,1861.3198348398,VMAX_BUS_13,VMAX_BUS_30,-2.27373675443232e-13,-103.28125,-158.75,0.718196788011527,0.890143689271188,1.14374927928257,51.102285485558,60.6197862198581,3,135,83.897714514442,,RAW_DIAGNOSTIC_THRESHOLD_NOT_PREREGISTERED
2011-09-30 05:30:00,COUPLED_CANDIDATE_AFTER_GUARD_CAPS,2,-2202.71364481324,3251.41228947027,VMAX_BUS_30,GUARD_CAP_ADAPTIVE_135DEG,0,-103.28125,-158.75,-1.3257392527681,1.50268787197809,2.00391002964708,131.420196506583,121.61811529073,3,135,3.57980349341733,,RAW_DIAGNOSTIC_THRESHOLD_NOT_PREREGISTERED
2011-09-30 05:30:00,COUPLED_CANDIDATE_AFTER_GUARD_CAPS,3,-2533.52021406978,2777.34868691654,VMIN_BUS_18,GUARD_CAP_ADAPTIVE_135DEG,2.27373675443232e-13,-103.28125,-158.75,-1.53463535964939,1.2937917650968,2.00723760888404,139.867056363272,129.614905963717,3,135,4.86705636327187,,RAW_DIAGNOSTIC_THRESHOLD_NOT_PREREGISTERED
2011-09-30 05:30:00,COUPLED_CANDIDATE_AFTER_GUARD_CAPS,4,-1111.25744196944,-1958.17216572026,VMIN_BUS_18,VMIN_BUS_33,0,-103.28125,-158.75,-0.636511852847006,-0.792915302988822,1.01679005528604,231.244285143958,240.743907636104,3,320,88.7557148560423,,RAW_DIAGNOSTIC_THRESHOLD_NOT_PREREGISTERED
2011-09-30 05:30:00,COUPLED_CANDIDATE_AFTER_GUARD_CAPS,5,2155.96461219071,-3361.34528819785,VMIN_BUS_33,GUARD_CAP_BASE_320DEG,0,-103.28125,-158.75,1.42665747587771,-1.41122348144218,2.00671454573179,315.311603635604,305.200757416187,3,320,4.68839636439577,,RAW_DIAGNOSTIC_THRESHOLD_NOT_PREREGISTERED
2011-09-30 05:30:00,COUPLED_CANDIDATE_AFTER_GUARD_CAPS,6,2411.81134330358,-2924.3982202015,GUARD_CAP_BASE_320DEG,GUARD_CAP_ADAPTIVE_325DEG,0,-103.28125,-158.75,1.5882183124956,-1.21868277398028,2.00190537032664,322.5,312.283520949239,3,320,2.49999999999983,,RAW_DIAGNOSTIC_THRESHOLD_NOT_PREREGISTERED
2011-09-30 05:30:00,COUPLED_CANDIDATE_AFTER_GUARD_CAPS,7,2448.7092926564,-2848.88240140588,VMAX_BUS_13,GUARD_CAP_ADAPTIVE_325DEG,2.27373675443232e-13,-103.28125,-158.75,1.61151844824874,-1.18540673154762,2.00054513276867,323.66240554365,313.49047529595,3,325,1.33759445635019,,RAW_DIAGNOSTIC_THRESHOLD_NOT_PREREGISTERED
2011-09-30 11:30:00,PHYSICAL_FACETS_BEFORE_GUARD_CAPS,1,1152.96879944378,1897.01036786084,VMAX_BUS_13,VMAX_BUS_30,0,-35.3125,-64.0625,0.749704289869895,0.86295835769454,1.14313325967018,49.0171723108096,58.7868906069599,2,135,85.9828276891904,,RAW_DIAGNOSTIC_THRESHOLD_NOT_PREREGISTERED
2011-09-30 11:30:00,PHYSICAL_FACETS_BEFORE_GUARD_CAPS,2,-2697.80884595009,3550.80297916321,VMAX_BUS_30,VMIN_BUS_18,2.27373675443232e-13,-35.3125,-64.0625,-1.67980842015778,1.5906998808199,2.31345681595171,136.560699423551,126.373165921249,2,135,1.56069942355097,,RAW_DIAGNOSTIC_THRESHOLD_NOT_PREREGISTERED
2011-09-30 11:30:00,PHYSICAL_FACETS_BEFORE_GUARD_CAPS,3,-1065.05913206684,-1885.54849463138,VMIN_BUS_18,VMIN_BUS_33,-2.27373675443232e-13,-35.3125,-64.0625,-0.649682417707784,-0.801533991036911,1.03176740725136,230.973545679128,240.519079447151,2,320,89.0264543208716,,RAW_DIAGNOSTIC_THRESHOLD_NOT_PREREGISTERED
2011-09-30 11:30:00,PHYSICAL_FACETS_BEFORE_GUARD_CAPS,4,2785.71851332703,-3539.34110593375,VMAX_BUS_13,VMIN_BUS_33,2.27373675443232e-13,-35.3125,-64.0625,1.77983029231989,-1.52927551416227,2.34658890044161,319.32998888797,309.067702855296,2,320,0.670011112029556,,RAW_DIAGNOSTIC_THRESHOLD_NOT_PREREGISTERED
2011-09-30 11:30:00,COUPLED_CANDIDATE_AFTER_GUARD_CAPS,1,1152.96879944378,1897.01036786084,VMAX_BUS_13,VMAX_BUS_30,0,-35.3125,-64.0625,0.749704289869895,0.86295835769454,1.14313325967018,49.0171723108096,58.7868906069599,2,135,85.9828276891904,,RAW_DIAGNOSTIC_THRESHOLD_NOT_PREREGISTERED
2011-09-30 11:30:00,COUPLED_CANDIDATE_AFTER_GUARD_CAPS,2,-2158.61998589381,3319.23766042188,VMAX_BUS_30,GUARD_CAP_ADAPTIVE_135DEG,0,-35.3125,-64.0625,-1.33962617406549,1.4888009506807,2.00277970755375,131.980946312374,122.111753779043,2,135,3.01905368762638,,RAW_DIAGNOSTIC_THRESHOLD_NOT_PREREGISTERED
2011-09-30 11:30:00,COUPLED_CANDIDATE_AFTER_GUARD_CAPS,3,-2486.89943241235,2848.56570949861,VMIN_BUS_18,GUARD_CAP_ADAPTIVE_135DEG,4.54747350886464e-13,-35.3125,-64.0625,-1.54674254410874,1.28168458063745,2.00876276896994,140.353674812297,130.087638870022,2,135,5.35367481229673,,RAW_DIAGNOSTIC_THRESHOLD_NOT_PREREGISTERED
2011-09-30 11:30:00,COUPLED_CANDIDATE_AFTER_GUARD_CAPS,4,-1065.05913206684,-1885.54849463138,VMIN_BUS_18,VMIN_BUS_33,-2.27373675443232e-13,-35.3125,-64.0625,-0.649682417707784,-0.801533991036911,1.03176740725136,230.973545679128,240.519079447151,2,320,89.0264543208716,,RAW_DIAGNOSTIC_THRESHOLD_NOT_PREREGISTERED
2011-09-30 11:30:00,COUPLED_CANDIDATE_AFTER_GUARD_CAPS,5,2212.90725623363,-3293.33598388132,VMIN_BUS_33,GUARD_CAP_BASE_320DEG,4.54747350886464e-13,-35.3125,-64.0625,1.41843517743447,-1.4210224351513,2.00780056623831,314.947793231353,304.845630424361,2,320,5.05220676864656,,RAW_DIAGNOSTIC_THRESHOLD_NOT_PREREGISTERED
2011-09-30 11:30:00,COUPLED_CANDIDATE_AFTER_GUARD_CAPS,6,2542.62673107136,-2729.95044581238,VMAX_BUS_13,GUARD_CAP_BASE_320DEG,0,-35.3125,-64.0625,1.62646008269487,-1.17310800695814,2.0053814591217,324.198424257848,314.039133520714,2,320,4.19842425784771,,RAW_DIAGNOSTIC_THRESHOLD_NOT_PREREGISTERED
2011-11-14 17:30:00,PHYSICAL_FACETS_BEFORE_GUARD_CAPS,1,1580.69311571623,2664.28499476429,VMAX_BUS_13,VMAX_BUS_30,0,640.859375,877.65625,0.587826625026521,0.775688485617762,0.973258839060837,52.844686972782,62.2539463363371,2,140,87.155313027218,,RAW_DIAGNOSTIC_THRESHOLD_NOT_PREREGISTERED
2011-11-14 17:30:00,PHYSICAL_FACETS_BEFORE_GUARD_CAPS,2,-2254.42960227171,4311.3542879064,VMAX_BUS_30,VMIN_BUS_18,-1.13686837721616e-13,640.859375,877.65625,-1.81088194034097,1.49078539058415,2.34557764370148,140.537517806101,130.137535978029,2,140,0.537517806100965,,RAW_DIAGNOSTIC_THRESHOLD_NOT_PREREGISTERED
2011-11-14 17:30:00,PHYSICAL_FACETS_BEFORE_GUARD_CAPS,3,-610.081974321168,-1163.61323138283,VMIN_BUS_18,VMIN_BUS_33,0,640.859375,877.65625,-0.782411398549277,-0.886244127321763,1.1821997503773,228.560660921305,238.498983754232,2,315,86.4393390786949,,RAW_DIAGNOSTIC_THRESHOLD_NOT_PREREGISTERED
2011-11-14 17:30:00,PHYSICAL_FACETS_BEFORE_GUARD_CAPS,4,3225.04074366677,-2810.68252452494,VMAX_BUS_13,VMIN_BUS_33,0,640.859375,877.65625,1.61629716681821,-1.60134103228815,2.27523836842522,315.266318697764,305.016453122675,2,315,0.266318697764461,,RAW_DIAGNOSTIC_THRESHOLD_NOT_PREREGISTERED
2011-11-14 17:30:00,COUPLED_CANDIDATE_AFTER_GUARD_CAPS,1,1580.69311571623,2664.28499476429,VMAX_BUS_13,VMAX_BUS_30,0,640.859375,877.65625,0.587826625026521,0.775688485617762,0.973258839060837,52.844686972782,62.2539463363371,2,140,87.155313027218,,RAW_DIAGNOSTIC_THRESHOLD_NOT_PREREGISTERED
2011-11-14 17:30:00,COUPLED_CANDIDATE_AFTER_GUARD_CAPS,2,-1677.66114214648,4063.64966675583,VMAX_BUS_30,GUARD_CAP_BASE_140DEG,4.54747350886464e-13,640.859375,877.65625,-1.45013743559614,1.38324115509377,2.00405954883145,136.352506366425,126.044241533608,2,140,3.6474936335749,,RAW_DIAGNOSTIC_THRESHOLD_NOT_PREREGISTERED
2011-11-14 17:30:00,COUPLED_CANDIDATE_AFTER_GUARD_CAPS,3,-2009.12122583794,3494.58332636805,VMIN_BUS_18,GUARD_CAP_BASE_140DEG,-1.13686837721616e-13,640.859375,877.65625,-1.6574518295004,1.13617348136188,2.00948668740656,145.569591764383,135.359566315644,2,140,5.56959176438261,,RAW_DIAGNOSTIC_THRESHOLD_NOT_PREREGISTERED
2011-11-14 17:30:00,COUPLED_CANDIDATE_AFTER_GUARD_CAPS,4,-610.081974321168,-1163.61323138283,VMIN_BUS_18,VMIN_BUS_33,0,640.859375,877.65625,-0.782411398549277,-0.886244127321763,1.1821997503773,228.560660921305,238.498983754232,2,315,86.4393390786949,,RAW_DIAGNOSTIC_THRESHOLD_NOT_PREREGISTERED
2011-11-14 17:30:00,COUPLED_CANDIDATE_AFTER_GUARD_CAPS,5,2745.66839764442,-2604.8065906437,VMIN_BUS_33,GUARD_CAP_ADAPTIVE_315DEG,-2.27373675443232e-13,640.859375,877.65625,1.31646985046902,-1.51195727427717,2.00477122546029,311.04627589894,301.148867661367,2,315,3.95372410106029,,RAW_DIAGNOSTIC_THRESHOLD_NOT_PREREGISTERED
2011-11-14 17:30:00,COUPLED_CANDIDATE_AFTER_GUARD_CAPS,6,3037.10995650565,-2184.95415779021,VMAX_BUS_13,GUARD_CAP_ADAPTIVE_315DEG,0,640.859375,877.65625,1.49875433390043,-1.32967279084576,2.00357038411454,318.421033393584,308.040371224238,2,315,3.42103339358368,,RAW_DIAGNOSTIC_THRESHOLD_NOT_PREREGISTERED
2011-11-14 19:30:00,PHYSICAL_FACETS_BEFORE_GUARD_CAPS,1,1603.9048168107,2713.47416727315,VMAX_BUS_13,VMAX_BUS_30,4.54747350886464e-13,688.515625,943.984375,0.572202063543338,0.767544455626972,0.957360795566101,53.2955826442116,62.6466539558065,2,140,86.7044173557884,,RAW_DIAGNOSTIC_THRESHOLD_NOT_PREREGISTERED
2011-11-14 19:30:00,PHYSICAL_FACETS_BEFORE_GUARD_CAPS,2,-2220.77223142036,4356.05736096864,VMAX_BUS_30,VMIN_BUS_18,2.27373675443232e-13,688.515625,943.984375,-1.81857130254337,1.48004114746005,2.34472245278821,140.859639195292,130.452411464173,2,140,0.859639195291521,,RAW_DIAGNOSTIC_THRESHOLD_NOT_PREREGISTERED
2011-11-14 19:30:00,PHYSICAL_FACETS_BEFORE_GUARD_CAPS,3,-578.169666135153,-1113.09985321877,VMIN_BUS_18,VMIN_BUS_33,2.27373675443232e-13,688.515625,943.984375,-0.791794292451529,-0.892293135016443,1.19294812978448,228.415107039594,238.376595089101,2,315,86.5848929604057,,RAW_DIAGNOSTIC_THRESHOLD_NOT_PREREGISTERED
2011-11-14 19:30:00,PHYSICAL_FACETS_BEFORE_GUARD_CAPS,4,3246.5073820959,-2755.68304691426,VMAX_BUS_13,VMIN_BUS_33,4.54747350886464e-13,688.515625,943.984375,1.59897907363518,-1.60478982684952,2.26541044102011,314.896081371583,304.660418848454,2,315,0.103918628417375,,RAW_DIAGNOSTIC_THRESHOLD_NOT_PREREGISTERED
2011-11-14 19:30:00,COUPLED_CANDIDATE_AFTER_GUARD_CAPS,1,1603.9048168107,2713.47416727315,VMAX_BUS_13,VMAX_BUS_30,4.54747350886464e-13,688.515625,943.984375,0.572202063543338,0.767544455626972,0.957360795566101,53.2955826442116,62.6466539558065,2,140,86.7044173557884,,RAW_DIAGNOSTIC_THRESHOLD_NOT_PREREGISTERED
2011-11-14 19:30:00,COUPLED_CANDIDATE_AFTER_GUARD_CAPS,2,-1645.32466553401,4108.92002397046,VMAX_BUS_30,GUARD_CAP_BASE_140DEG,4.54747350886464e-13,688.515625,943.984375,-1.45886388234777,1.37284138082693,2.00324169388759,136.740015472556,126.405259639188,2,140,3.25998452744372,,RAW_DIAGNOSTIC_THRESHOLD_NOT_PREREGISTERED
2011-11-14 19:30:00,COUPLED_CANDIDATE_AFTER_GUARD_CAPS,3,-1975.98861183401,3541.03361312545,VMIN_BUS_18,GUARD_CAP_BASE_140DEG,0,688.515625,943.984375,-1.66555912640891,1.12651158114493,2.01074999590145,145.927293313372,135.734512159962,2,140,5.92729331337247,,RAW_DIAGNOSTIC_THRESHOLD_NOT_PREREGISTERED
2011-11-14 19:30:00,COUPLED_CANDIDATE_AFTER_GUARD_CAPS,4,-578.169666135153,-1113.09985321877,VMIN_BUS_18,VMIN_BUS_33,2.27373675443232e-13,688.515625,943.984375,-0.791794292451529,-0.892293135016443,1.19294812978448,228.415107039594,238.376595089101,2,315,86.5848929604057,,RAW_DIAGNOSTIC_THRESHOLD_NOT_PREREGISTERED
2011-11-14 19:30:00,COUPLED_CANDIDATE_AFTER_GUARD_CAPS,5,2783.91113745206,-2557.01194152771,VMIN_BUS_33,GUARD_CAP_ADAPTIVE_315DEG,0,688.515625,943.984375,1.30981406257686,-1.51861306216933,2.00544222333016,310.777992554607,300.901113869404,2,315,4.22200744539293,,RAW_DIAGNOSTIC_THRESHOLD_NOT_PREREGISTERED
2011-11-14 19:30:00,COUPLED_CANDIDATE_AFTER_GUARD_CAPS,6,3065.12545293261,-2151.75954930642,VMAX_BUS_13,GUARD_CAP_ADAPTIVE_315DEG,4.54747350886464e-13,688.515625,943.984375,1.48559875946366,-1.34282836528253,2.00254630226802,317.889664046553,307.513533370009,2,315,2.88966404655326,,RAW_DIAGNOSTIC_THRESHOLD_NOT_PREREGISTERED
2011-12-15 05:30:00,PHYSICAL_FACETS_BEFORE_GUARD_CAPS,1,1021.39192916258,1839.88933171105,VMAX_BUS_13,VMAX_BUS_30,0,-124.375,-188.125,0.723737499668426,0.894013756919045,1.15024195975752,51.0085383679801,60.534861704186,3,135,83.9914616320199,,RAW_DIAGNOSTIC_THRESHOLD_NOT_PREREGISTERED
2011-12-15 05:30:00,PHYSICAL_FACETS_BEFORE_GUARD_CAPS,2,-2761.04823200951,3464.33305899874,VMAX_BUS_30,VMIN_BUS_18,0,-124.375,-188.125,-1.66548644738066,1.61012064868384,2.31653482808412,135.968347075575,125.825144136038,3,135,0.968347075575394,,RAW_DIAGNOSTIC_THRESHOLD_NOT_PREREGISTERED
2011-12-15 05:30:00,PHYSICAL_FACETS_BEFORE_GUARD_CAPS,3,-1125.67810171121,-1980.74326987852,VMIN_BUS_18,VMIN_BUS_33,0,-124.375,-188.125,-0.632485180709807,-0.790243623586065,1.01218698294137,231.327360765767,240.813576860796,3,320,88.6726392342331,,RAW_DIAGNOSTIC_THRESHOLD_NOT_PREREGISTERED
2011-12-15 05:30:00,PHYSICAL_FACETS_BEFORE_GUARD_CAPS,4,2656.76205946087,-3605.18699716621,VMAX_BUS_13,VMIN_BUS_33,0,-124.375,-188.125,1.75673876633928,-1.50635051535086,2.31413546886457,319.387906953179,309.142045149339,3,320,0.612093046820632,,RAW_DIAGNOSTIC_THRESHOLD_NOT_PREREGISTERED
2011-12-15 05:30:00,COUPLED_CANDIDATE_AFTER_GUARD_CAPS,1,1021.39192916258,1839.88933171105,VMAX_BUS_13,VMAX_BUS_30,0,-124.375,-188.125,0.723737499668426,0.894013756919045,1.15024195975752,51.0085383679801,60.534861704186,3,135,83.9914616320199,,RAW_DIAGNOSTIC_THRESHOLD_NOT_PREREGISTERED
2011-12-15 05:30:00,COUPLED_CANDIDATE_AFTER_GUARD_CAPS,2,-2216.36182963178,3230.40671199019,VMAX_BUS_30,GUARD_CAP_ADAPTIVE_135DEG,0,-124.375,-188.125,-1.32142871196638,1.50699841277981,2.00429989196477,131.246272660299,121.464747394397,3,135,3.7537273397005,,RAW_DIAGNOSTIC_THRESHOLD_NOT_PREREGISTERED
2011-12-15 05:30:00,COUPLED_CANDIDATE_AFTER_GUARD_CAPS,3,-2548.04884127547,2755.13706778933,VMIN_BUS_18,GUARD_CAP_ADAPTIVE_135DEG,0,-124.375,-188.125,-1.53094281328099,1.2974843114652,2.00680129460668,139.718500118755,129.47026697883,3,135,4.71850011875497,,RAW_DIAGNOSTIC_THRESHOLD_NOT_PREREGISTERED
2011-12-15 05:30:00,COUPLED_CANDIDATE_AFTER_GUARD_CAPS,4,-1125.67810171121,-1980.74326987852,VMIN_BUS_18,VMIN_BUS_33,0,-124.375,-188.125,-0.632485180709807,-0.790243623586065,1.01218698294137,231.327360765767,240.813576860796,3,320,88.6726392342331,,RAW_DIAGNOSTIC_THRESHOLD_NOT_PREREGISTERED
2011-12-15 05:30:00,COUPLED_CANDIDATE_AFTER_GUARD_CAPS,5,2138.2421253848,-3382.49835742776,VMIN_BUS_33,GUARD_CAP_BASE_320DEG,0,-124.375,-188.125,1.42920939621622,-1.40818222121075,2.00639394595547,315.424596422044,305.31044899442,3,320,4.57540357795597,,RAW_DIAGNOSTIC_THRESHOLD_NOT_PREREGISTERED
2011-12-15 05:30:00,COUPLED_CANDIDATE_AFTER_GUARD_CAPS,6,2389.9731159696,-2952.63070510089,GUARD_CAP_BASE_320DEG,GUARD_CAP_ADAPTIVE_325DEG,4.54747350886464e-13,-124.375,-188.125,1.5882183124956,-1.21868277398028,2.00190537032664,322.5,312.286861903623,3,320,2.49999999999994,,RAW_DIAGNOSTIC_THRESHOLD_NOT_PREREGISTERED
2011-12-15 05:30:00,COUPLED_CANDIDATE_AFTER_GUARD_CAPS,7,2433.8232378005,-2862.89699313558,VMAX_BUS_13,GUARD_CAP_ADAPTIVE_325DEG,0,-124.375,-188.125,1.61591677081753,-1.17912527593799,2.00038082038526,323.881983344541,313.723845281563,3,325,1.11801665545914,,RAW_DIAGNOSTIC_THRESHOLD_NOT_PREREGISTERED
2012-08-04 03:30:00,PHYSICAL_FACETS_BEFORE_GUARD_CAPS,1,1016.28245004885,1830.75370382334,VMAX_BUS_13,VMAX_BUS_30,0,-133.046875,-200.15625,0.726023558240403,0.895475281051972,1.15281663160069,50.9659340450962,60.4936797356963,3,135,84.0340659549038,,RAW_DIAGNOSTIC_THRESHOLD_NOT_PREREGISTERED
2012-08-04 03:30:00,PHYSICAL_FACETS_BEFORE_GUARD_CAPS,2,-2767.07023285176,3455.58933161303,VMAX_BUS_30,VMIN_BUS_18,0,-133.046875,-200.15625,-1.66389473328246,1.61190297776944,2.31663050424255,135.909292431369,125.773355194745,3,135,0.909292431368954,,RAW_DIAGNOSTIC_THRESHOLD_NOT_PREREGISTERED
2012-08-04 03:30:00,PHYSICAL_FACETS_BEFORE_GUARD_CAPS,3,-1131.51453032625,-1990.10487264486,VMIN_BUS_18,VMIN_BUS_33,0,-133.046875,-200.15625,-0.630725262210728,-0.789229843949508,1.01029604719179,231.369358113056,240.846384159375,3,320,88.6306418869441,,RAW_DIAGNOSTIC_THRESHOLD_NOT_PREREGISTERED
2012-08-04 03:30:00,PHYSICAL_FACETS_BEFORE_GUARD_CAPS,4,2651.83815257436,-3614.94050043455,VMAX_BUS_13,VMIN_BUS_33,0,-133.046875,-200.15625,1.75919302931214,-1.50565754066697,2.31554847587947,319.440453796566,309.198538416294,3,320,0.559546203434195,,RAW_DIAGNOSTIC_THRESHOLD_NOT_PREREGISTERED
2012-08-04 03:30:00,COUPLED_CANDIDATE_AFTER_GUARD_CAPS,1,1016.28245004885,1830.75370382334,VMAX_BUS_13,VMAX_BUS_30,0,-133.046875,-200.15625,0.726023558240403,0.895475281051972,1.15281663160069,50.9659340450962,60.4936797356963,3,135,84.0340659549038,,RAW_DIAGNOSTIC_THRESHOLD_NOT_PREREGISTERED
2012-08-04 03:30:00,COUPLED_CANDIDATE_AFTER_GUARD_CAPS,2,-2222.19831119267,3221.58330968034,VMAX_BUS_30,GUARD_CAP_ADAPTIVE_135DEG,4.54747350886464e-13,-133.046875,-200.15625,-1.31970282698841,1.50872429775778,2.0044611640553,131.176655030685,121.406254018088,3,135,3.82334496931537,,RAW_DIAGNOSTIC_THRESHOLD_NOT_PREREGISTERED
2012-08-04 03:30:00,COUPLED_CANDIDATE_AFTER_GUARD_CAPS,3,-2554.01399866106,2746.20407623972,VMIN_BUS_18,GUARD_CAP_ADAPTIVE_135DEG,0,-133.046875,-200.15625,-1.52930855168837,1.29911857305782,2.00661249700359,139.652731092734,129.409281944552,3,135,4.65273109273414,,RAW_DIAGNOSTIC_THRESHOLD_NOT_PREREGISTERED
2012-08-04 03:30:00,COUPLED_CANDIDATE_AFTER_GUARD_CAPS,4,-1131.51453032625,-1990.10487264486,VMIN_BUS_18,VMIN_BUS_33,0,-133.046875,-200.15625,-0.630725262210728,-0.789229843949508,1.01029604719179,231.369358113056,240.846384159375,3,320,88.6306418869441,,RAW_DIAGNOSTIC_THRESHOLD_NOT_PREREGISTERED
2012-08-04 03:30:00,COUPLED_CANDIDATE_AFTER_GUARD_CAPS,5,2130.99134327412,-3391.25253811569,VMIN_BUS_33,GUARD_CAP_BASE_320DEG,0,-133.046875,-200.15625,1.43017762394062,-1.40702833234174,2.00627434914391,315.467476558299,305.35516817932,3,320,4.53252344170107,,RAW_DIAGNOSTIC_THRESHOLD_NOT_PREREGISTERED
2012-08-04 03:30:00,COUPLED_CANDIDATE_AFTER_GUARD_CAPS,6,2381.17716141393,-2964.09069755059,GUARD_CAP_BASE_320DEG,GUARD_CAP_ADAPTIVE_325DEG,0,-133.046875,-200.15625,1.5882183124956,-1.21868277398028,2.00190537032664,322.5,312.291348385866,3,320,2.49999999999994,,RAW_DIAGNOSTIC_THRESHOLD_NOT_PREREGISTERED
2012-08-04 03:30:00,COUPLED_CANDIDATE_AFTER_GUARD_CAPS,7,2427.74563990835,-2868.80920355573,VMAX_BUS_13,GUARD_CAP_ADAPTIVE_325DEG,4.54747350886464e-13,-133.046875,-200.15625,1.61763530527695,-1.17667095437525,2.00032460259549,323.967787155135,313.818407836221,3,325,1.03221284486472,,RAW_DIAGNOSTIC_THRESHOLD_NOT_PREREGISTERED
2012-08-05 23:30:00,PHYSICAL_FACETS_BEFORE_GUARD_CAPS,1,1158.10991889676,1907.35188867072,VMAX_BUS_13,VMAX_BUS_30,0,-25.703125,-50.625,0.746774775115988,0.861477525607907,1.1400947731996,49.079505478029,58.8424089099171,2,135,85.920494521971,,RAW_DIAGNOSTIC_THRESHOLD_NOT_PREREGISTERED
2012-08-05 23:30:00,PHYSICAL_FACETS_BEFORE_GUARD_CAPS,2,-2690.98557845795,3560.42206823217,VMAX_BUS_30,VMIN_BUS_18,2.27373675443232e-13,-25.703125,-50.625,-1.68131759914552,1.58880112997978,2.31324834374122,136.620549609714,126.430712349435,2,135,1.62054960971426,,RAW_DIAGNOSTIC_THRESHOLD_NOT_PREREGISTERED
2012-08-05 23:30:00,PHYSICAL_FACETS_BEFORE_GUARD_CAPS,3,-1058.42131116139,-1875.31194851052,VMIN_BUS_18,VMIN_BUS_33,0,-25.703125,-50.625,-0.6514608832914,-0.802832151138961,1.03389590644379,230.942279974861,240.491438066372,2,320,89.0577200251393,,RAW_DIAGNOSTIC_THRESHOLD_NOT_PREREGISTERED
2012-08-05 23:30:00,PHYSICAL_FACETS_BEFORE_GUARD_CAPS,4,2790.67418619332,-3528.38212807197,VMAX_BUS_13,VMIN_BUS_33,0,-25.703125,-50.625,1.77663149097011,-1.53015575551083,2.34473795781738,319.262733821506,309.001443908417,2,320,0.737266178493769,,RAW_DIAGNOSTIC_THRESHOLD_NOT_PREREGISTERED
2012-08-05 23:30:00,COUPLED_CANDIDATE_AFTER_GUARD_CAPS,1,1158.10991889676,1907.35188867072,VMAX_BUS_13,VMAX_BUS_30,0,-25.703125,-50.625,0.746774775115988,0.861477525607907,1.1400947731996,49.079505478029,58.8424089099171,2,135,85.920494521971,,RAW_DIAGNOSTIC_THRESHOLD_NOT_PREREGISTERED
2012-08-05 23:30:00,COUPLED_CANDIDATE_AFTER_GUARD_CAPS,2,-2152.19348982457,3329.0271508248,VMAX_BUS_30,GUARD_CAP_ADAPTIVE_135DEG,0,-25.703125,-50.625,-1.34143594055269,1.4869911841935,2.00264654007533,132.054069109949,122.178263478038,2,135,2.94593089005147,,RAW_DIAGNOSTIC_THRESHOLD_NOT_PREREGISTERED
2012-08-05 23:30:00,COUPLED_CANDIDATE_AFTER_GUARD_CAPS,3,-2480.23238873295,2858.70495640154,VMIN_BUS_18,GUARD_CAP_ADAPTIVE_135DEG,4.54747350886464e-13,-25.703125,-50.625,-1.54836994607371,1.28005717867248,2.00897881287366,140.41902676204,130.153492967371,2,135,5.41902676204037,,RAW_DIAGNOSTIC_THRESHOLD_NOT_PREREGISTERED
2012-08-05 23:30:00,COUPLED_CANDIDATE_AFTER_GUARD_CAPS,4,-1058.42131116139,-1875.31194851052,VMIN_BUS_18,VMIN_BUS_33,0,-25.703125,-50.625,-0.6514608832914,-0.802832151138961,1.03389590644379,230.942279974861,240.491438066372,2,320,89.0577200251393,,RAW_DIAGNOSTIC_THRESHOLD_NOT_PREREGISTERED
2012-08-05 23:30:00,COUPLED_CANDIDATE_AFTER_GUARD_CAPS,5,2220.89604062729,-3283.6796357466,VMIN_BUS_33,GUARD_CAP_BASE_320DEG,4.54747350886464e-13,-25.703125,-50.625,1.41720316002313,-1.42249069632739,2.00797026320549,314.893314850311,304.794833353408,2,320,5.10668514968916,,RAW_DIAGNOSTIC_THRESHOLD_NOT_PREREGISTERED
2012-08-05 23:30:00,COUPLED_CANDIDATE_AFTER_GUARD_CAPS,6,2548.87075897286,-2723.281133865,VMAX_BUS_13,GUARD_CAP_BASE_320DEG,-4.54747350886464e-13,-25.703125,-50.625,1.62409667906227,-1.17592460172803,2.0051156305536,324.093642216679,313.929140788978,2,320,4.09364221667869,,RAW_DIAGNOSTIC_THRESHOLD_NOT_PREREGISTERED
2012-08-24 12:00:00,PHYSICAL_FACETS_BEFORE_GUARD_CAPS,1,1131.71294125357,1855.24708395474,VMAX_BUS_13,VMAX_BUS_30,0,-75.15625,-119.6875,0.761807162838827,0.86977575951764,1.1562266322815,48.7859790830888,58.5711795400434,2,135,86.2140209169112,,RAW_DIAGNOSTIC_THRESHOLD_NOT_PREREGISTERED
2012-08-24 12:00:00,PHYSICAL_FACETS_BEFORE_GUARD_CAPS,2,-2726.06370164637,3512.04555314556,VMAX_BUS_30,VMIN_BUS_18,0,-75.15625,-119.6875,-1.67332159882994,1.59944202725926,2.31478292106927,136.293178890847,126.126792070254,2,135,1.29317889084749,,RAW_DIAGNOSTIC_THRESHOLD_NOT_PREREGISTERED
2012-08-24 12:00:00,PHYSICAL_FACETS_BEFORE_GUARD_CAPS,3,-1092.13743314527,-1928.22333945262,VMIN_BUS_18,VMIN_BUS_33,-2.27373675443232e-13,-75.15625,-119.6875,-0.641944922786247,-0.796492524944728,1.0229827105987,231.13240898412,240.649953641904,2,320,88.86759101588,,RAW_DIAGNOSTIC_THRESHOLD_NOT_PREREGISTERED
2012-08-24 12:00:00,PHYSICAL_FACETS_BEFORE_GUARD_CAPS,4,2765.63920975467,-3585.02180864344,VMAX_BUS_13,VMIN_BUS_33,4.54747350886464e-13,-75.15625,-119.6875,1.79318383888252,-1.52615879268635,2.35471207168165,319.59926390204,309.344053516959,2,320,0.400736097959509,,RAW_DIAGNOSTIC_THRESHOLD_NOT_PREREGISTERED
2012-08-24 12:00:00,COUPLED_CANDIDATE_AFTER_GUARD_CAPS,1,1131.71294125357,1855.24708395474,VMAX_BUS_13,VMAX_BUS_30,0,-75.15625,-119.6875,0.761807162838827,0.86977575951764,1.1562266322815,48.7859790830888,58.5711795400434,2,135,86.2140209169112,,RAW_DIAGNOSTIC_THRESHOLD_NOT_PREREGISTERED
2012-08-24 12:00:00,COUPLED_CANDIDATE_AFTER_GUARD_CAPS,2,-2184.43273959689,3279.43142540919,VMAX_BUS_30,GUARD_CAP_ADAPTIVE_135DEG,4.54747350886464e-13,-75.15625,-119.6875,-1.33143007529541,1.49699704945078,2.0034236225685,131.649913340633,121.821100860916,2,135,3.35008665936721,,RAW_DIAGNOSTIC_THRESHOLD_NOT_PREREGISTERED
2012-08-24 12:00:00,COUPLED_CANDIDATE_AFTER_GUARD_CAPS,3,-2514.23202566245,2806.73754779753,VMIN_BUS_18,GUARD_CAP_ADAPTIVE_135DEG,-2.27373675443232e-13,-75.15625,-119.6875,-1.53960794597491,1.28881917877128,2.00784648389207,140.067006427855,129.810056740076,2,135,5.06700642785472,,RAW_DIAGNOSTIC_THRESHOLD_NOT_PREREGISTERED
2012-08-24 12:00:00,COUPLED_CANDIDATE_AFTER_GUARD_CAPS,4,-1092.13743314527,-1928.22333945262,VMIN_BUS_18,VMIN_BUS_33,-2.27373675443232e-13,-75.15625,-119.6875,-0.641944922786247,-0.796492524944728,1.0229827105987,231.13240898412,240.649953641904,2,320,88.86759101588,,RAW_DIAGNOSTIC_THRESHOLD_NOT_PREREGISTERED
2012-08-24 12:00:00,COUPLED_CANDIDATE_AFTER_GUARD_CAPS,5,2179.55460401531,-3333.3161845264,VMIN_BUS_33,GUARD_CAP_BASE_320DEG,4.54747350886464e-13,-75.15625,-119.6875,1.42323202147135,-1.41530577903723,2.00715715257117,315.159990491738,305.053845744924,2,320,4.84000950826231,,RAW_DIAGNOSTIC_THRESHOLD_NOT_PREREGISTERED
2012-08-24 12:00:00,COUPLED_CANDIDATE_AFTER_GUARD_CAPS,6,2516.95246291143,-2757.00233252973,VMAX_BUS_13,GUARD_CAP_BASE_320DEG,4.54747350886464e-13,-75.15625,-119.6875,1.63620630857413,-1.16149290725229,2.00654849376116,324.630220699692,314.504714941522,2,320,4.63022069969247,,RAW_DIAGNOSTIC_THRESHOLD_NOT_PREREGISTERED
2012-08-31 11:30:00,PHYSICAL_FACETS_BEFORE_GUARD_CAPS,1,1123.50532397096,1838.16545207066,VMAX_BUS_13,VMAX_BUS_30,-4.54747350886464e-13,-91.40625,-142.109375,0.767035027465144,0.872397789933038,1.161645659071,48.6772172995107,58.4706116760841,2,135,86.3227827004893,,RAW_DIAGNOSTIC_THRESHOLD_NOT_PREREGISTERED
2012-08-31 11:30:00,PHYSICAL_FACETS_BEFORE_GUARD_CAPS,2,-2737.63082257632,3496.40672653907,VMAX_BUS_30,VMIN_BUS_18,2.27373675443232e-13,-91.40625,-142.109375,-1.67069520217899,1.60292569608329,2.31529549858069,136.185950437068,126.027693120313,2,135,1.18595043706799,,RAW_DIAGNOSTIC_THRESHOLD_NOT_PREREGISTERED
2012-08-31 11:30:00,PHYSICAL_FACETS_BEFORE_GUARD_CAPS,3,-1103.21352025745,-1945.49709662824,VMIN_BUS_18,VMIN_BUS_33,-2.27373675443232e-13,-91.40625,-142.109375,-0.638805024134129,-0.794471272994027,1.01943928827162,231.198522989318,240.704995056592,2,320,88.8014770106823,,RAW_DIAGNOSTIC_THRESHOLD_NOT_PREREGISTERED
2012-08-31 11:30:00,PHYSICAL_FACETS_BEFORE_GUARD_CAPS,4,2757.92262628983,-3603.73837109665,VMAX_BUS_13,VMIN_BUS_33,4.54747350886464e-13,-91.40625,-142.109375,1.79892520551001,-1.52499917914428,2.35833720901188,319.711123711168,309.458408359843,2,320,0.288876288831602,,RAW_DIAGNOSTIC_THRESHOLD_NOT_PREREGISTERED
2012-08-31 11:30:00,COUPLED_CANDIDATE_AFTER_GUARD_CAPS,1,1123.50532397096,1838.16545207066,VMAX_BUS_13,VMAX_BUS_30,-4.54747350886464e-13,-91.40625,-142.109375,0.767035027465144,0.872397789933038,1.161645659071,48.6772172995107,58.4706116760841,2,135,86.3227827004893,,RAW_DIAGNOSTIC_THRESHOLD_NOT_PREREGISTERED
2012-08-31 11:30:00,COUPLED_CANDIDATE_AFTER_GUARD_CAPS,2,-2195.07598724887,3263.39582315331,VMAX_BUS_30,GUARD_CAP_ADAPTIVE_135DEG,0,-91.40625,-142.109375,-1.32815293660775,1.50027418813844,2.00369979353551,131.517614088523,121.704711268556,2,135,3.48238591147677,,RAW_DIAGNOSTIC_THRESHOLD_NOT_PREREGISTERED
2012-08-31 11:30:00,COUPLED_CANDIDATE_AFTER_GUARD_CAPS,3,-2525.44899728649,2789.93287520801,VMIN_BUS_18,GUARD_CAP_ADAPTIVE_135DEG,-2.27373675443232e-13,-91.40625,-142.109375,-1.53673410107858,1.29169302366761,2.00749161014669,139.951462533235,129.697852595398,2,135,4.95146253323458,,RAW_DIAGNOSTIC_THRESHOLD_NOT_PREREGISTERED
2012-08-31 11:30:00,COUPLED_CANDIDATE_AFTER_GUARD_CAPS,4,-1103.21352025745,-1945.49709662824,VMIN_BUS_18,VMIN_BUS_33,-2.27373675443232e-13,-91.40625,-142.109375,-0.638805024134129,-0.794471272994027,1.01943928827162,231.198522989318,240.704995056592,2,320,88.8014770106823,,RAW_DIAGNOSTIC_THRESHOLD_NOT_PREREGISTERED
2012-08-31 11:30:00,COUPLED_CANDIDATE_AFTER_GUARD_CAPS,5,2165.93182768758,-3349.49621565606,VMIN_BUS_33,GUARD_CAP_BASE_320DEG,4.54747350886464e-13,-91.40625,-142.109375,1.42517151989745,-1.41299437482008,2.00690482195843,315.245825918643,305.137634694382,2,320,4.75417408135661,,RAW_DIAGNOSTIC_THRESHOLD_NOT_PREREGISTERED
2012-08-31 11:30:00,COUPLED_CANDIDATE_AFTER_GUARD_CAPS,6,2506.7427621253,-2767.41789091066,VMAX_BUS_13,GUARD_CAP_BASE_320DEG,4.54747350886464e-13,-91.40625,-142.109375,1.6403426731382,-1.15656337992278,2.00707820901344,324.813321702783,314.702091783243,2,320,4.81332170278256,,RAW_DIAGNOSTIC_THRESHOLD_NOT_PREREGISTERED
2012-09-03 07:00:00,PHYSICAL_FACETS_BEFORE_GUARD_CAPS,1,1288.0723571928,2163.36008973655,VMAX_BUS_13,VMAX_BUS_30,0,216.953125,287.265625,0.673560607814682,0.821413003202594,1.06226325090817,50.6481662436184,60.2766434591859,2,135,84.3518337563816,,RAW_DIAGNOSTIC_THRESHOLD_NOT_PREREGISTERED
2012-09-03 07:00:00,PHYSICAL_FACETS_BEFORE_GUARD_CAPS,2,-2520.66338976832,3799.09697635267,VMAX_BUS_30,VMIN_BUS_18,0,216.953125,287.265625,-1.72151763149273,1.53758991952503,2.30820400228518,138.230060676596,127.937876262302,2,135,3.23006067659583,,RAW_DIAGNOSTIC_THRESHOLD_NOT_PREREGISTERED
2012-09-03 07:00:00,PHYSICAL_FACETS_BEFORE_GUARD_CAPS,3,-894.373349736691,-1615.74657300937,VMIN_BUS_18,VMIN_BUS_33,2.27373675443232e-13,216.953125,287.265625,-0.698844454759501,-0.833198431144859,1.08747560782316,230.01178695608,239.715804653941,2,320,89.9882130439201,,RAW_DIAGNOSTIC_THRESHOLD_NOT_PREREGISTERED
2012-09-03 07:00:00,PHYSICAL_FACETS_BEFORE_GUARD_CAPS,4,2914.36239722443,-3251.48345962549,VMAX_BUS_13,VMIN_BUS_33,-2.27373675443232e-13,216.953125,287.265625,1.69623378454791,-1.54937534746729,2.29734042300681,317.590771954133,307.31643895567,2,320,2.40922804586677,,RAW_DIAGNOSTIC_THRESHOLD_NOT_PREREGISTERED
2012-09-03 07:00:00,COUPLED_CANDIDATE_AFTER_GUARD_CAPS,1,1288.0723571928,2163.36008973655,VMAX_BUS_13,VMAX_BUS_30,0,216.953125,287.265625,0.673560607814682,0.821413003202594,1.06226325090817,50.6481662436184,60.2766434591859,2,135,84.3518337563816,,RAW_DIAGNOSTIC_THRESHOLD_NOT_PREREGISTERED
2012-09-03 07:00:00,COUPLED_CANDIDATE_AFTER_GUARD_CAPS,2,-1993.43310713183,3572.66750517246,VMAX_BUS_30,GUARD_CAP_ADAPTIVE_135DEG,4.54747350886464e-13,216.953125,287.265625,-1.38997513000675,1.43845199473944,2.00029372923257,134.018094611448,123.932280022442,2,135,0.981905388552264,,RAW_DIAGNOSTIC_THRESHOLD_NOT_PREREGISTERED
2012-09-03 07:00:00,COUPLED_CANDIDATE_AFTER_GUARD_CAPS,3,-2314.26314564414,3111.87329363194,VMIN_BUS_18,GUARD_CAP_ADAPTIVE_135DEG,0,216.953125,287.265625,-1.5917252893267,1.23670183541949,2.01569363406548,142.154335573317,131.864477906456,2,135,7.1543355733175,,RAW_DIAGNOSTIC_THRESHOLD_NOT_PREREGISTERED
2012-09-03 07:00:00,COUPLED_CANDIDATE_AFTER_GUARD_CAPS,4,-894.373349736691,-1615.74657300937,VMIN_BUS_18,VMIN_BUS_33,2.27373675443232e-13,216.953125,287.265625,-0.698844454759501,-0.833198431144859,1.08747560782316,230.01178695608,239.715804653941,2,320,89.9882130439201,,RAW_DIAGNOSTIC_THRESHOLD_NOT_PREREGISTERED
2012-09-03 07:00:00,COUPLED_CANDIDATE_AFTER_GUARD_CAPS,5,2424.29067221445,-3041.01246585124,VMIN_BUS_33,GUARD_CAP_BASE_320DEG,-4.54747350886464e-13,216.953125,287.265625,1.38805800070474,-1.45722454465182,2.01251295321449,313.607459664643,303.552618727712,2,320,6.39254033535678,,RAW_DIAGNOSTIC_THRESHOLD_NOT_PREREGISTERED
2012-09-03 07:00:00,COUPLED_CANDIDATE_AFTER_GUARD_CAPS,6,2706.21704180286,-2558.4493098792,VMAX_BUS_13,GUARD_CAP_BASE_320DEG,0,216.953125,287.265625,1.56534404986866,-1.24594325864388,2.00066903765199,321.48179248484,311.177523790236,2,320,1.4817924848395,,RAW_DIAGNOSTIC_THRESHOLD_NOT_PREREGISTERED
2012-10-15 13:00:00,PHYSICAL_FACETS_BEFORE_GUARD_CAPS,1,1021.31088232363,1840.29550975816,VMAX_BUS_13,VMAX_BUS_30,0,-124.140625,-187.8125,0.723502555822475,0.894055053206517,1.1501262480466,51.01892976023,60.5427505768388,3,135,83.98107023977,,RAW_DIAGNOSTIC_THRESHOLD_NOT_PREREGISTERED
2012-10-15 13:00:00,PHYSICAL_FACETS_BEFORE_GUARD_CAPS,2,-2760.87486889079,3464.62997565842,VMAX_BUS_30,VMIN_BUS_18,0,-124.140625,-187.8125,-1.66544279900331,1.61011377904766,2.31649867218419,135.967718860046,125.825889341786,3,135,0.967718860045636,,RAW_DIAGNOSTIC_THRESHOLD_NOT_PREREGISTERED
2012-10-15 13:00:00,PHYSICAL_FACETS_BEFORE_GUARD_CAPS,3,-1125.43581676274,-1980.6758331493,VMIN_BUS_18,VMIN_BUS_33,-4.54747350886464e-13,-124.140625,-187.8125,-0.632448973824971,-0.790351655335136,1.01224870638754,231.332781785477,240.817103896413,3,320,88.6672182145232,,RAW_DIAGNOSTIC_THRESHOLD_NOT_PREREGISTERED
2012-10-15 13:00:00,PHYSICAL_FACETS_BEFORE_GUARD_CAPS,4,2656.74993445169,-3605.01029904956,VMAX_BUS_13,VMIN_BUS_33,2.27373675443232e-13,-124.140625,-187.8125,1.75649638100082,-1.50641038117628,2.31399044358109,319.382875027162,309.138444051242,3,320,0.617124972838212,,RAW_DIAGNOSTIC_THRESHOLD_NOT_PREREGISTERED
2012-10-15 13:00:00,COUPLED_CANDIDATE_AFTER_GUARD_CAPS,1,1021.31088232363,1840.29550975816,VMAX_BUS_13,VMAX_BUS_30,0,-124.140625,-187.8125,0.723502555822475,0.894055053206517,1.1501262480466,51.01892976023,60.5427505768388,3,135,83.98107023977,,RAW_DIAGNOSTIC_THRESHOLD_NOT_PREREGISTERED
2012-10-15 13:00:00,COUPLED_CANDIDATE_AFTER_GUARD_CAPS,2,-2216.22932147676,3230.72117462197,VMAX_BUS_30,GUARD_CAP_ADAPTIVE_135DEG,0,-124.140625,-187.8125,-1.32142784677535,1.50699927797083,2.00429997206954,131.246237757986,121.465974884161,3,135,3.75376224201355,,RAW_DIAGNOSTIC_THRESHOLD_NOT_PREREGISTERED
2012-10-15 13:00:00,COUPLED_CANDIDATE_AFTER_GUARD_CAPS,3,-2547.896378683,2755.50357417587,VMIN_BUS_18,GUARD_CAP_ADAPTIVE_135DEG,0,-124.140625,-187.8125,-1.5309190055338,1.29750811921239,2.00679852524529,139.717542091681,129.470701291671,3,135,4.71754209168083,,RAW_DIAGNOSTIC_THRESHOLD_NOT_PREREGISTERED
2012-10-15 13:00:00,COUPLED_CANDIDATE_AFTER_GUARD_CAPS,4,-1125.43581676274,-1980.6758331493,VMIN_BUS_18,VMIN_BUS_33,-4.54747350886464e-13,-124.140625,-187.8125,-0.632448973824971,-0.790351655335136,1.01224870638754,231.332781785477,240.817103896413,3,320,88.6672182145232,,RAW_DIAGNOSTIC_THRESHOLD_NOT_PREREGISTERED
2012-10-15 13:00:00,COUPLED_CANDIDATE_AFTER_GUARD_CAPS,5,2138.45263322708,-3382.41727339187,VMIN_BUS_33,GUARD_CAP_BASE_320DEG,0,-124.140625,-187.8125,1.42912379498182,-1.40828423678936,2.00640457360241,315.420805625804,305.308206215543,3,320,4.57919437419565,,RAW_DIAGNOSTIC_THRESHOLD_NOT_PREREGISTERED
2012-10-15 13:00:00,COUPLED_CANDIDATE_AFTER_GUARD_CAPS,6,2390.33157052526,-2952.3182051009,GUARD_CAP_BASE_320DEG,GUARD_CAP_ADAPTIVE_325DEG,4.54747350886464e-13,-124.140625,-187.8125,1.5882183124956,-1.21868277398028,2.00190537032664,322.5,312.288269270029,3,320,2.49999999999983,,RAW_DIAGNOSTIC_THRESHOLD_NOT_PREREGISTERED
2012-10-15 13:00:00,COUPLED_CANDIDATE_AFTER_GUARD_CAPS,7,2433.92773321564,-2863.10859067154,VMAX_BUS_13,GUARD_CAP_ADAPTIVE_325DEG,4.54747350886464e-13,-124.140625,-187.8125,1.61575499556675,-1.17935631493992,2.00038634350657,323.873906404722,313.716785095823,3,325,1.12609359527846,,RAW_DIAGNOSTIC_THRESHOLD_NOT_PREREGISTERED
2013-04-07 02:00:00,PHYSICAL_FACETS_BEFORE_GUARD_CAPS,1,1205.09387463593,2001.37567725074,VMAX_BUS_13,VMAX_BUS_30,0,63.28125,73.359375,0.719464487316132,0.846752742110466,1.11113426496561,49.6462815339045,59.3650724738322,2,135,85.3537184660955,,RAW_DIAGNOSTIC_THRESHOLD_NOT_PREREGISTERED
2013-04-07 02:00:00,PHYSICAL_FACETS_BEFORE_GUARD_CAPS,2,-2628.16805920119,3647.64581984114,VMAX_BUS_30,VMIN_BUS_18,0,63.28125,73.359375,-1.69590189808877,1.5697672497501,2.31089862744541,137.21191799733,126.979866054445,2,135,2.21191799732978,,RAW_DIAGNOSTIC_THRESHOLD_NOT_PREREGISTERED
2013-04-07 02:00:00,PHYSICAL_FACETS_BEFORE_GUARD_CAPS,3,-997.998713111505,-1780.11414348606,VMIN_BUS_18,VMIN_BUS_33,0,63.28125,73.359375,-0.668720268180923,-0.814014789384855,1.05347371795087,230.596596568572,240.204989358612,2,320,89.4034034314275,,RAW_DIAGNOSTIC_THRESHOLD_NOT_PREREGISTERED
2013-04-07 02:00:00,PHYSICAL_FACETS_BEFORE_GUARD_CAPS,4,2835.26322072562,-3426.38428607646,VMAX_BUS_13,VMIN_BUS_33,4.54747350886464e-13,63.28125,73.359375,1.74664611722398,-1.53702929702449,2.32663527840639,318.652579324779,308.381085011075,2,320,1.34742067522131,,RAW_DIAGNOSTIC_THRESHOLD_NOT_PREREGISTERED
2013-04-07 02:00:00,COUPLED_CANDIDATE_AFTER_GUARD_CAPS,1,1205.09387463593,2001.37567725074,VMAX_BUS_13,VMAX_BUS_30,0,63.28125,73.359375,0.719464487316132,0.846752742110466,1.11113426496561,49.6462815339045,59.3650724738322,2,135,85.3537184660955,,RAW_DIAGNOSTIC_THRESHOLD_NOT_PREREGISTERED
2013-04-07 02:00:00,COUPLED_CANDIDATE_AFTER_GUARD_CAPS,2,-2094.11459019439,3418.28599634151,VMAX_BUS_30,GUARD_CAP_ADAPTIVE_135DEG,0,63.28125,73.359375,-1.35939090058522,1.46903622416097,2.00150219797307,132.780013431334,122.821026189425,2,135,2.21998656866597,,RAW_DIAGNOSTIC_THRESHOLD_NOT_PREREGISTERED
2013-04-07 02:00:00,COUPLED_CANDIDATE_AFTER_GUARD_CAPS,3,-2419.20114778641,2951.87624341155,VMIN_BUS_18,GUARD_CAP_ADAPTIVE_135DEG,0,63.28125,73.359375,-1.56423031858157,1.26419680616462,2.01122103566133,141.055169791247,130.775048615678,2,135,6.05516979124732,,RAW_DIAGNOSTIC_THRESHOLD_NOT_PREREGISTERED
2013-04-07 02:00:00,COUPLED_CANDIDATE_AFTER_GUARD_CAPS,4,-997.998713111505,-1780.11414348606,VMIN_BUS_18,VMIN_BUS_33,0,63.28125,73.359375,-0.668720268180923,-0.814014789384855,1.05347371795087,230.596596568572,240.204989358612,2,320,89.4034034314275,,RAW_DIAGNOSTIC_THRESHOLD_NOT_PREREGISTERED
2013-04-07 02:00:00,COUPLED_CANDIDATE_AFTER_GUARD_CAPS,5,2295.47911426342,-3194.56332699474,VMIN_BUS_33,GUARD_CAP_BASE_320DEG,2.27373675443232e-13,63.28125,73.359375,1.4065242031393,-1.43521738155885,2.0095171724435,314.421501881848,304.335546737133,2,320,5.57849811815186,,RAW_DIAGNOSTIC_THRESHOLD_NOT_PREREGISTERED
2013-04-07 02:00:00,COUPLED_CANDIDATE_AFTER_GUARD_CAPS,6,2606.11628551664,-2663.42394479054,VMAX_BUS_13,GUARD_CAP_BASE_320DEG,0,63.28125,73.359375,1.60225895710411,-1.20194978532575,2.00297704731357,323.124253884133,312.896169237552,2,320,3.12425388413311,,RAW_DIAGNOSTIC_THRESHOLD_NOT_PREREGISTERED
2013-04-17 05:30:00,PHYSICAL_FACETS_BEFORE_GUARD_CAPS,1,993.080128734872,1791.54326385201,VMAX_BUS_13,VMAX_BUS_30,0,-171.875,-254.296875,0.736293978264189,0.902773598693615,1.16495879451864,50.7996265818196,60.3416769063763,3,135,84.2003734181804,,RAW_DIAGNOSTIC_THRESHOLD_NOT_PREREGISTERED
2013-04-17 05:30:00,PHYSICAL_FACETS_BEFORE_GUARD_CAPS,2,-2794.99222479246,3418.40584752672,VMAX_BUS_30,VMIN_BUS_18,2.27373675443232e-13,-171.875,-254.296875,-1.65790541563024,1.62066380006005,2.31844808438774,135.650800848621,125.535179267043,3,135,0.650800848620577,,RAW_DIAGNOSTIC_THRESHOLD_NOT_PREREGISTERED
2013-04-17 05:30:00,PHYSICAL_FACETS_BEFORE_GUARD_CAPS,3,-1158.12908683013,-2031.64155214344,VMIN_BUS_18,VMIN_BUS_33,-4.54747350886464e-13,-171.875,-254.296875,-0.623348425411102,-0.784293855532664,1.0018383658499,231.522695661214,240.973969642101,3,320,88.4773043387862,,RAW_DIAGNOSTIC_THRESHOLD_NOT_PREREGISTERED
2013-04-17 05:30:00,PHYSICAL_FACETS_BEFORE_GUARD_CAPS,4,2629.94326669721,-3658.50413581815,VMAX_BUS_13,VMIN_BUS_33,2.27373675443232e-13,-171.875,-254.296875,1.77085096848332,-1.5021840568991,2.32216926458434,319.692600497801,309.45594262122,3,320,0.307399502199189,,RAW_DIAGNOSTIC_THRESHOLD_NOT_PREREGISTERED
2013-04-17 05:30:00,COUPLED_CANDIDATE_AFTER_GUARD_CAPS,1,993.080128734872,1791.54326385201,VMAX_BUS_13,VMAX_BUS_30,0,-171.875,-254.296875,0.736293978264189,0.902773598693615,1.16495879451864,50.7996265818196,60.3416769063763,3,135,84.2003734181804,,RAW_DIAGNOSTIC_THRESHOLD_NOT_PREREGISTERED
2013-04-17 05:30:00,COUPLED_CANDIDATE_AFTER_GUARD_CAPS,2,-2247.07393463109,3183.09150239692,VMAX_BUS_30,GUARD_CAP_ADAPTIVE_135DEG,0,-171.875,-254.296875,-1.31160114375261,1.51682598099357,2.00525774326152,130.850008997078,121.119961473921,3,135,4.14999100292192,,RAW_DIAGNOSTIC_THRESHOLD_NOT_PREREGISTERED
2013-04-17 05:30:00,COUPLED_CANDIDATE_AFTER_GUARD_CAPS,3,-2580.76985001384,2705.13784757235,VMIN_BUS_18,GUARD_CAP_ADAPTIVE_135DEG,4.54747350886464e-13,-171.875,-254.296875,-1.52250908948139,1.3059180352648,2.00585538920016,139.378964336411,129.14459934225,3,135,4.37896433641063,,RAW_DIAGNOSTIC_THRESHOLD_NOT_PREREGISTERED
2013-04-17 05:30:00,COUPLED_CANDIDATE_AFTER_GUARD_CAPS,4,-1158.12908683013,-2031.64155214344,VMIN_BUS_18,VMIN_BUS_33,-4.54747350886464e-13,-171.875,-254.296875,-0.623348425411102,-0.784293855532664,1.0018383658499,231.522695661214,240.973969642101,3,320,88.4773043387862,,RAW_DIAGNOSTIC_THRESHOLD_NOT_PREREGISTERED
2013-04-17 05:30:00,COUPLED_CANDIDATE_AFTER_GUARD_CAPS,5,2098.35258777512,-3430.20200622359,VMIN_BUS_33,GUARD_CAP_BASE_320DEG,0,-171.875,-254.296875,1.43486634028844,-1.40144053778956,2.00571109471246,315.675198008231,305.558266340742,3,320,4.32480199176911,,RAW_DIAGNOSTIC_THRESHOLD_NOT_PREREGISTERED
2013-04-17 05:30:00,COUPLED_CANDIDATE_AFTER_GUARD_CAPS,6,2340.98416130164,-3016.04150194108,GUARD_CAP_BASE_320DEG,GUARD_CAP_ADAPTIVE_325DEG,4.54747350886464e-13,-171.875,-254.296875,1.5882183124956,-1.21868277398028,2.00190537032664,322.5,312.298466734055,3,325,2.49999999999994,,RAW_DIAGNOSTIC_THRESHOLD_NOT_PREREGISTERED
2013-04-17 05:30:00,COUPLED_CANDIDATE_AFTER_GUARD_CAPS,7,2400.45205603274,-2894.3975059346,VMAX_BUS_13,GUARD_CAP_ADAPTIVE_325DEG,2.27373675443232e-13,-171.875,-254.296875,1.62580418315323,-1.16500458771893,2.00011872931701,324.375703536077,314.255064773656,3,325,0.624296463922974,,RAW_DIAGNOSTIC_THRESHOLD_NOT_PREREGISTERED
